Step,DF_001,DF_002,DF_003,DF_004,DF_005,DF_006,DF_007,DF_008,DF_009,DF_010,DF_011,DF_012,DF_013,DF_014,DF_015,DF_016,DF_017,DF_018,DF_019,DF_020,DF_021,DF_022,DF_023,DF_024,DF_025,DF_026,DF_027,DF_028,DF_029,DF_030,DF_031,DF_032,DF_033,DF_034,DF_035,DF_036,DF_037,DF_038,DF_039,DF_040,DF_041,DF_042,DF_043,DF_044,DF_045,DF_046,DF_047,DF_048,DF_049,DF_050,DF_051,DF_052,DF_053,DF_054,DF_055,DF_056,DF_057,DF_058,DF_059,DF_060,DF_061,DF_062,DF_063,DF_064,DF_065,DF_066,DF_067,DF_068,DF_069,DF_070,DF_071,DF_072,DF_073,DF_074,DF_075,DF_076,DF_077,DF_078,DF_079,DF_080,DF_081,DF_082,DF_083,DF_084,DF_085,DF_086,DF_087,DF_088,DF_089,DF_090,DF_091,DF_092,DF_093,DF_094,DF_095,DF_096,DF_097,DF_098,DF_099,DF_100,DF_101,DF_102,DF_103,DF_104,DF_105,DF_106,DF_107,DF_108,DF_109,DF_110,DF_111,DF_112,DF_113,DF_114,DF_115,DF_116,DF_117,DF_118,DF_119,DF_120,DF_121,DF_122,DF_123,DF_124,DF_125,DF_126,DF_127,DF_128,DF_129,DF_130,DF_131,DF_132,DF_133,DF_134,DF_135,DF_136,DF_137,DF_138,DF_139,DF_140,DF_141,DF_142,DF_143,DF_144,DF_145,DF_146,DF_147,DF_148,DF_149,DF_150,DF_151,DF_152,DF_153,DF_154,DF_155,DF_156,DF_157,DF_158,DF_159,DF_160,DF_161,DF_162,DF_163,DF_164,DF_165,DF_166,DF_167,DF_168,DF_169,DF_170,DF_171,DF_172,DF_173,DF_174,DF_175,DF_176,DF_177,DF_178,DF_179,DF_180
0,0.02259734128,0.01088991049,0.004709064866,0.001972812066,0.01410341391,0.004222286895,0.01184532332,0.0275176662,0.05037253361,0.07986038318,0.0320279577,0.0154346415,0.006674323372,0.002796137967,0.01525603216,0.004222289785,0.01184531903,0.02751762948,0.05037241948,0.07986018802,0.0004272423178,0.0001448711801,4.407914183e-05,1.334959104e-05,0.0005173220943,2.905088975e-05,0.0001313016931,0.000474955608,0.001198668939,0.00250442363,0.0003014410271,0.0001022138534,3.110001217e-05,9.418789268e-06,0.0004782375617,2.905086986e-05,0.0001313017407,0.0004749562418,0.001198671655,0.002504429751,0.01055267399,0.00401359761,0.00136977279,0.0004612233423,0.004440185358,0.0004716052546,0.001364311932,0.003261081532,0.005847409138,0.009082648314,0.01542409143,0.00586639448,0.002002102618,0.00067413894,0.004836473337,0.0004716056058,0.001364311394,0.003261076796,0.005847394721,0.009082624159,0.0002206420068,5.985105749e-05,1.456796385e-05,3.590585562e-06,0.0001763147202,3.561886214e-06,1.629899774e-05,5.963895066e-05,0.0001453077053,0.000293645539,0.0001509562608,4.094816025e-05,9.96692193e-06,2.456558693e-06,0.0001618679531,3.561883561e-06,1.629900417e-05,5.963903727e-05,0.0001453080636,0.00029364632,2.265879358e-07,2.7814937e-08,2.584250871e-09,2.251068176e-10,1.101642566e-05,3.803900006e-09,1.126606733e-07,1.941423921e-06,1.357063276e-05,6.320301401e-05,3.4113967e-10,2.634478842e-11,1.398492635e-12,6.671305571e-14,9.575190982e-07,6.664647522e-12,6.581846582e-10,3.121905811e-08,4.082231317e-07,3.130827175e-06,5.609855844e-10,7.074032908e-11,6.389894392e-12,5.164660946e-13,1.819639431e-06,7.025297447e-11,4.358600463e-09,1.405000988e-07,1.459361972e-06,9.278396033e-06,1.81902377e-10,2.642837417e-11,2.750513304e-12,2.533649469e-13,1.503116014e-06,5.333830544e-11,3.317942258e-09,1.072170147e-07,1.104347648e-06,6.934902419e-06,3.399503118e-11,5.906807527e-12,7.351931058e-13,7.988443684e-14,1.055889222e-06,2.890967235e-11,1.804354874e-09,5.84874261e-08,5.898636321e-07,3.60637511e-06,4.82928215e-13,8.315886593e-14,9.843227318e-15,9.843785775e-16,3.01798219e-07,9.857589065e-13,9.842855467e-11,4.716627312e-09,5.751113588e-08,4.01621419e-07,4.232968214e-18,3.511219571e-19,1.712180581e-20,6.573170058e-22,7.212372975e-09,4.830139872e-18,3.411909096e-15,8.454873031e-13,2.392280974e-11,3.162226327e-10,8.256381832e-18,6.414452066e-19,2.929597498e-20,1.05871242e-21,7.271104933e-09,3.596722346e-18,2.500390193e-15,6.104864728e-13,1.675245307e-11,2.150081022e-10,2.101717967e-17,1.54510812e-18,6.677623211e-20,2.293251217e-21,8.278269946e-09,3.592641178e-18,2.372493602e-15,5.522772951e-13,1.44078973e-11,1.764819664e-10,4.399412641e-22,1.707873129e-23,3.464700618e-25,5.332452521e-27,3.098269041e-10,2.417974536e-23,8.009998361e-20,7.305425092e-17,3.318616253e-15,6.000077581e-14
1,0.02259734126,0.01088991046,0.004709064848,0.001972812056,0.01410341386,0.004222286887,0.01184532331,0.02751766621,0.05037253368,0.07986038339,0.03202795767,0.01543464146,0.006674323346,0.002796137953,0.01525603211,0.004222289777,0.01184531902,0.02751762949,0.05037241955,0.07986018823,0.0004272423173,0.0001448711796,4.407914158e-05,1.334959094e-05,0.0005173220916,2.90508896e-05,0.0001313016926,0.0004749556068,0.001198668938,0.002504423629,0.0003014410267,0.000102213853,3.1100012e-05,9.418789197e-06,0.0004782375592,2.905086972e-05,0.0001313017402,0.0004749562405,0.001198671653,0.00250442975,0.01055267399,0.004013597605,0.001369772787,0.0004612233411,0.004440185354,0.0004716052557,0.001364311938,0.003261081549,0.005847409178,0.009082648395,0.01542409142,0.005866394473,0.002002102614,0.0006741389383,0.004836473332,0.000471605607,0.0013643114,0.003261076814,0.005847394761,0.00908262424,0.0002206420067,5.985105736e-05,1.45679638e-05,3.590585544e-06,0.0001763147197,3.561886213e-06,1.629899776e-05,5.963895082e-05,0.0001453077059,0.0002936455408,0.0001509562606,4.094816016e-05,9.966921895e-06,2.456558681e-06,0.0001618679526,3.56188356e-06,1.629900419e-05,5.963903742e-05,0.0001453080642,0.0002936463217,2.26587935e-07,2.781493674e-08,2.584250832e-09,2.25106813e-10,1.101642553e-05,3.803899946e-09,1.126606718e-07,1.9414239e-06,1.357063264e-05,6.320301359e-05,3.411396681e-10,2.634478805e-11,1.398492603e-12,6.671305365e-14,9.57519083e-07,6.664647341e-12,6.581846423e-10,3.121905744e-08,4.082231237e-07,3.13082712e-06,5.6098445e-10,7.073998049e-11,6.389844339e-12,5.164606638e-13,1.819621143e-06,7.025108961e-11,4.358493657e-09,1.404969592e-07,1.459331042e-06,9.278208524e-06,1.819169103e-10,2.643029577e-11,2.750693525e-12,2.533798672e-13,1.503117244e-06,5.333671573e-11,3.317849577e-09,1.072142061e-07,1.104319384e-06,6.934728775e-06,3.400126525e-11,5.907816328e-12,7.353094061e-13,7.989614497e-14,1.055904583e-06,2.890870209e-11,1.804296659e-09,5.848560956e-08,5.898452571e-07,3.606262808e-06,4.831669061e-13,8.319637632e-14,9.847242193e-15,9.84740847e-16,3.018156621e-07,9.857637978e-13,9.842934735e-11,4.716678837e-09,5.751194675e-08,4.016286648e-07,4.239659747e-18,3.516160025e-19,1.714292235e-20,6.580222859e-22,7.213753847e-09,4.831219908e-18,3.412723321e-15,8.457008791e-13,2.392947737e-11,3.163203147e-10,8.275615065e-18,6.427614633e-19,2.934796399e-20,1.060320196e-21,7.273233835e-09,3.598254378e-18,2.501521292e-15,6.107776136e-13,1.676123878e-11,2.15132517e-10,2.10841688e-17,1.54943799e-18,6.693765793e-20,2.297980494e-21,8.281800964e-09,3.595172516e-18,2.374244018e-15,5.527017924e-13,1.441995622e-11,1.766434778e-10,4.415718366e-22,1.713368679e-23,3.474157325e-25,5.34460459e-27,3.099488967e-10,2.419500693e-23,8.01555252e-20,7.310912877e-17,3.321433552e-15,6.005829481e-14
2,0.0225973412,0.01088991039,0.004709064796,0.001972812027,0.01410341372,0.004222286863,0.01184532328,0.02751766623,0.05037253387,0.07986038401,0.03202795759,0.01543464136,0.006674323273,0.002796137911,0.01525603196,0.004222289753,0.01184531899,0.02751762951,0.05037241975,0.07986018884,0.0004272423156,0.0001448711781,4.407914086e-05,1.334959064e-05,0.0005173220836,2.905088919e-05,0.0001313016912,0.0004749556031,0.001198668932,0.002504423626,0.0003014410256,0.000102213852,3.110001149e-05,9.41878899e-06,0.0004782375518,2.90508693e-05,0.0001313017388,0.0004749562369,0.001198671648,0.002504429747,0.01055267397,0.004013597592,0.00136977278,0.0004612233377,0.004440185339,0.0004716052591,0.001364311954,0.003261081601,0.005847409296,0.009082648632,0.0154240914,0.005866394454,0.002002102603,0.0006741389333,0.004836473316,0.0004716056104,0.001364311416,0.003261076866,0.005847394878,0.009082624477,0.0002206420061,5.985105697e-05,1.456796365e-05,3.590585493e-06,0.0001763147182,3.561886209e-06,1.629899782e-05,5.963895128e-05,0.0001453077076,0.0002936455459,0.0001509562603,4.09481599e-05,9.96692179e-06,2.456558646e-06,0.0001618679512,3.561883556e-06,1.629900424e-05,5.963903788e-05,0.0001453080659,0.0002936463269,2.265879326e-07,2.781493599e-08,2.584250718e-09,2.251067996e-10,1.101642517e-05,3.803899771e-09,1.126606675e-07,1.941423839e-06,1.357063229e-05,6.320301235e-05,3.411396628e-10,2.634478697e-11,1.39849251e-12,6.671304763e-14,9.575190385e-07,6.664646809e-12,6.581845958e-10,3.12190555e-08,4.082231005e-07,3.130826957e-06,5.609811369e-10,7.073896003e-11,6.389697722e-12,5.16444752e-13,1.819567558e-06,7.024556743e-11,4.358180741e-09,1.40487761e-07,1.459240429e-06,9.277659188e-06,1.819594919e-10,2.643592461e-11,2.751221294e-12,2.534235472e-13,1.503120739e-06,5.333205071e-11,3.317577631e-09,1.072059658e-07,1.104236467e-06,6.934219426e-06,3.401953357e-11,5.910771884e-12,7.356500574e-13,7.993043007e-14,1.055949418e-06,2.89058502e-11,1.804125591e-09,5.848027301e-08,5.8979129e-07,3.605933056e-06,4.83866665e-13,8.330632125e-14,9.859007309e-15,9.858021792e-16,3.018666781e-07,9.857775408e-13,9.843161732e-11,4.716827558e-09,5.751429723e-08,4.016497309e-07,4.25931568e-18,3.530666343e-19,1.720489884e-20,6.600913949e-22,7.217796586e-09,4.834380198e-18,3.415106457e-15,8.463261274e-13,2.394900112e-11,3.166063965e-10,8.332188275e-18,6.466308301e-19,2.950070107e-20,1.06504086e-21,7.279468639e-09,3.602741884e-18,2.504834977e-15,6.116306677e-13,1.678698572e-11,2.154971839e-10,2.128151087e-17,1.562182721e-18,6.741240172e-20,2.311877654e-21,8.292141168e-09,3.602588209e-18,2.37937308e-15,5.539458917e-13,1.445530665e-11,1.771170615e-10,4.463819343e-22,1.729565105e-23,3.502002244e-25,5.380355769e-27,3.103066626e-10,2.423982336e-23,8.031860638e-20,7.327024883e-17,3.329705436e-15,6.022719249e-14
3,0.02259734111,0.01088991027,0.004709064711,0.001972811979,0.0141034135,0.004222286823,0.01184532324,0.02751766627,0.0503725342,0.079860385,0.03202795745,0.01543464119,0.006674323153,0.002796137843,0.01525603171,0.004222289713,0.01184531895,0.02751762956,0.05037242007,0.07986018984,0.000427242313,0.0001448711758,4.40791397e-05,1.334959016e-05,0.0005173220707,2.905088851e-05,0.0001313016889,0.0004749555973,0.001198668923,0.002504423621,0.0003014410237,0.0001022138503,3.110001067e-05,9.418788653e-06,0.0004782375399,2.905086863e-05,0.0001313017365,0.000474956231,0.001198671638,0.002504429742,0.01055267395,0.00401359757,0.001369772768,0.0004612233321,0.004440185316,0.0004716052646,0.00136431198,0.003261081685,0.005847409486,0.009082649016,0.01542409137,0.005866394421,0.002002102585,0.0006741389252,0.004836473291,0.0004716056159,0.001364311442,0.00326107695,0.005847395069,0.009082624861,0.0002206420052,5.985105634e-05,1.45679634e-05,3.59058541e-06,0.0001763147157,3.561886203e-06,1.629899791e-05,5.963895202e-05,0.0001453077104,0.0002936455542,0.0001509562597,4.094815947e-05,9.96692162e-06,2.45655859e-06,0.0001618679489,3.56188355e-06,1.629900433e-05,5.963903862e-05,0.0001453080686,0.0002936463352,2.265879288e-07,2.781493476e-08,2.584250534e-09,2.251067778e-10,1.101642458e-05,3.803899486e-09,1.126606605e-07,1.941423741e-06,1.357063173e-05,6.320301035e-05,3.411396541e-10,2.634478521e-11,1.398492359e-12,6.671303787e-14,9.575189663e-07,6.664645946e-12,6.581845203e-10,3.121905235e-08,4.082230628e-07,3.130826694e-06,5.609757914e-10,7.073730608e-11,6.389459815e-12,5.164189198e-13,1.819480567e-06,7.023660353e-11,4.357672807e-09,1.404728304e-07,1.459093347e-06,9.276767547e-06,1.820286194e-10,2.644505851e-11,2.752077245e-12,2.534943461e-13,1.503126065e-06,5.332445426e-11,3.31713488e-09,1.071925525e-07,1.104101528e-06,6.933390681e-06,3.404919996e-11,5.915569502e-12,7.362027594e-13,7.998602928e-14,1.056021658e-06,2.890119151e-11,1.803846288e-09,5.847156451e-08,5.897032681e-07,3.60539547e-06,4.850039723e-13,8.34849419e-14,9.878112805e-15,9.875248746e-16,3.019492101e-07,9.857979893e-13,9.843513604e-11,4.717061893e-09,5.751803288e-08,4.01683411e-07,4.291385416e-18,3.55431527e-19,1.730585144e-20,6.634589668e-22,7.224349758e-09,4.839497552e-18,3.4189674e-15,8.473395386e-13,2.398065847e-11,3.170704487e-10,8.424736043e-18,6.529533224e-19,2.974997236e-20,1.072736263e-21,7.289581685e-09,3.610023059e-18,2.510213352e-15,6.13015636e-13,1.682880109e-11,2.160896367e-10,2.16052958e-17,1.583059562e-18,6.818877545e-20,2.334568133e-21,8.308910389e-09,3.614623928e-18,2.38770116e-15,5.559666993e-13,1.45127543e-11,1.778870501e-10,4.542953478e-22,1.756162342e-23,3.547645626e-25,5.43886272e-27,3.108885378e-10,2.431290143e-23,8.058446562e-20,7.353287208e-17,3.343189633e-15,6.050256727e-14
4,0.02259734098,0.0108899101,0.004709064596,0.001972811914,0.01410341319,0.004222286769,0.01184532318,0.02751766633,0.05037253464,0.07986038636,0.03202795727,0.01543464095,0.00667432299,0.002796137751,0.01525603138,0.004222289659,0.01184531889,0.02751762961,0.05037242051,0.07986019119,0.0004272423093,0.0001448711725,4.407913812e-05,1.334958951e-05,0.0005173220531,2.905088759e-05,0.0001313016858,0.0004749555893,0.00119866891,0.002504423615,0.0003014410212,0.0001022138481,3.110000955e-05,9.418788195e-06,0.0004782375236,2.905086771e-05,0.0001313017333,0.0004749562231,0.001198671626,0.002504429735,0.01055267392,0.00401359754,0.001369772751,0.0004612233246,0.004440185285,0.0004716052721,0.001364312015,0.0032610818,0.005847409746,0.009082649538,0.01542409132,0.005866394378,0.002002102561,0.0006741389141,0.004836473257,0.0004716056234,0.001364311477,0.003261077064,0.005847395329,0.009082625383,0.000220642004,5.985105548e-05,1.456796306e-05,3.590585298e-06,0.0001763147124,3.561886194e-06,1.629899803e-05,5.963895303e-05,0.0001453077141,0.0002936455656,0.0001509562588,4.094815888e-05,9.966921389e-06,2.456558513e-06,0.0001618679459,3.561883542e-06,1.629900446e-05,5.963903963e-05,0.0001453080724,0.0002936463465,2.265879236e-07,2.781493309e-08,2.584250282e-09,2.251067482e-10,1.101642377e-05,3.803899098e-09,1.126606509e-07,1.941423606e-06,1.357063095e-05,6.320300763e-05,3.411396423e-10,2.634478281e-11,1.398492153e-12,6.671302458e-14,9.575188681e-07,6.664644772e-12,6.581844176e-10,3.121904806e-08,4.082230116e-07,3.130826335e-06,5.609685728e-10,7.073505761e-11,6.389135843e-12,5.163837173e-13,1.819362025e-06,7.022439026e-11,4.356980762e-09,1.404524884e-07,1.458892965e-06,9.275552831e-06,1.821228188e-10,2.645749716e-11,2.753241982e-12,2.535906008e-13,1.503132633e-06,5.331405663e-11,3.316529032e-09,1.071742035e-07,1.103916991e-06,6.932257663e-06,3.408964481e-11,5.922106245e-12,7.369552942e-13,8.006167518e-14,1.056119015e-06,2.889478584e-11,1.80346253e-09,5.845960806e-08,5.89582506e-07,3.604658413e-06,4.865563828e-13,8.372861499e-14,9.904159342e-15,9.89871806e-16,3.020611036e-07,9.858221583e-13,9.843960075e-11,4.717367126e-09,5.752296434e-08,4.017282771e-07,4.335406954e-18,3.586739783e-19,1.744409597e-20,6.680649832e-22,7.233260107e-09,4.846444891e-18,3.424213034e-15,8.487172756e-13,2.402372263e-11,3.177020595e-10,8.552267769e-18,6.616509408e-19,3.009228568e-20,1.083286281e-21,7.303345519e-09,3.619937315e-18,2.517540237e-15,6.149031411e-13,1.688581737e-11,2.168978605e-10,2.205339702e-17,1.611883771e-18,6.925809579e-20,2.365747458e-21,8.331727295e-09,3.63101871e-18,2.399052623e-15,5.587226459e-13,1.459115532e-11,1.789386263e-10,4.652905879e-22,1.793019386e-23,3.610729078e-25,5.519530862e-27,3.116836023e-10,2.44131308e-23,8.094897721e-20,7.38928691e-17,3.361675726e-15,6.088019233e-14
5,0.02259734082,0.0108899099,0.004709064453,0.001972811832,0.01410341281,0.004222286702,0.0118453231,0.0275176664,0.05037253518,0.07986038805,0.03202795704,0.01543464066,0.006674322786,0.002796137635,0.01525603097,0.004222289592,0.01184531881,0.02751762968,0.05037242106,0.07986019288,0.0004272423048,0.0001448711685,4.407913614e-05,1.33495887e-05,0.0005173220312,2.905088644e-05,0.0001313016818,0.0004749555793,0.001198668894,0.002504423606,0.000301441018,0.0001022138452,3.110000816e-05,9.418787623e-06,0.0004782375033,2.905086656e-05,0.0001313017294,0.0004749562131,0.00119867161,0.002504429727,0.01055267388,0.004013597502,0.00136977273,0.0004612233152,0.004440185245,0.0004716052814,0.001364312059,0.003261081942,0.00584741007,0.00908265019,0.01542409127,0.005866394323,0.002002102531,0.0006741389004,0.004836473214,0.0004716056327,0.001364311521,0.003261077207,0.005847395653,0.009082626035,0.0002206420025,5.985105441e-05,1.456796264e-05,3.590585157e-06,0.0001763147082,3.561886184e-06,1.629899819e-05,5.963895429e-05,0.0001453077188,0.0002936455797,0.0001509562578,4.094815815e-05,9.966921101e-06,2.456558416e-06,0.000161867942,3.561883531e-06,1.629900461e-05,5.963904089e-05,0.0001453080771,0.0002936463607,2.265879172e-07,2.7814931e-08,2.584249969e-09,2.251067113e-10,1.101642277e-05,3.803898614e-09,1.126606389e-07,1.941423438e-06,1.357062999e-05,6.320300422e-05,3.411396275e-10,2.634477982e-11,1.398491896e-12,6.671300799e-14,9.575187454e-07,6.664643307e-12,6.581842893e-10,3.12190427e-08,4.082229476e-07,3.130825887e-06,5.609596502e-10,7.073225398e-11,6.388730995e-12,5.163396859e-13,1.819213758e-06,7.020911747e-11,4.356115375e-09,1.40427052e-07,1.458642409e-06,9.274034043e-06,1.822406382e-10,2.647304173e-11,2.754696081e-12,2.537106311e-13,1.503139732e-06,5.330097759e-11,3.315767208e-09,1.071511391e-07,1.103685121e-06,6.930834585e-06,3.414026138e-11,5.930280538e-12,7.378955065e-13,8.015609663e-14,1.056239033e-06,2.888668144e-11,1.802977456e-09,5.844450919e-08,5.894301471e-07,3.603729291e-06,4.885022945e-13,8.403382302e-14,9.936755727e-15,9.928062815e-16,3.022001283e-07,9.858464185e-13,9.844465157e-11,4.717726128e-09,5.752887535e-08,4.017827294e-07,4.390990159e-18,3.627618095e-19,1.761810738e-20,6.738536458e-22,7.244372938e-09,4.855092108e-18,3.430748669e-15,8.504352443e-13,2.407746338e-11,3.184908299e-10,8.714103286e-18,6.726636994e-19,3.052473322e-20,1.096585211e-21,7.320532806e-09,3.632325e-18,2.526700777e-15,6.1726429e-13,1.695718679e-11,2.179101935e-10,2.262519601e-17,1.648552261e-18,7.061414191e-20,2.405167602e-21,8.360209359e-09,3.651513908e-18,2.413254784e-15,5.621731637e-13,1.468940463e-11,1.802576327e-10,4.793937917e-22,1.840131796e-23,3.691090169e-25,5.621973777e-27,3.126815324e-10,2.453955052e-23,8.14085347e-20,7.434660798e-17,3.384979317e-15,6.135639269e-14
6,0.02259734063,0.01088990965,0.004709064282,0.001972811736,0.01410341236,0.004222286622,0.01184532301,0.02751766648,0.05037253583,0.07986039006,0.03202795677,0.01543464032,0.006674322545,0.002796137498,0.01525603048,0.004222289512,0.01184531872,0.02751762977,0.05037242171,0.07986019489,0.0004272422995,0.0001448711638,4.407913379e-05,1.334958774e-05,0.0005173220052,2.905088507e-05,0.0001313016772,0.0004749555675,0.001198668875,0.002504423596,0.0003014410142,0.0001022138419,3.11000065e-05,9.418786945e-06,0.0004782374793,2.905086519e-05,0.0001313017247,0.0004749562013,0.001198671591,0.002504429717,0.01055267384,0.004013597458,0.001369772706,0.000461223304,0.004440185199,0.0004716052925,0.001364312111,0.003261082111,0.005847410455,0.009082650964,0.0154240912,0.005866394258,0.002002102495,0.000674138884,0.004836473163,0.0004716056438,0.001364311573,0.003261077376,0.005847396037,0.009082626809,0.0002206420007,5.985105315e-05,1.456796214e-05,3.59058499e-06,0.0001763147032,3.561886171e-06,1.629899837e-05,5.963895578e-05,0.0001453077244,0.0002936455965,0.0001509562566,4.094815728e-05,9.966920758e-06,2.456558302e-06,0.0001618679375,3.561883519e-06,1.62990048e-05,5.963904238e-05,0.0001453080827,0.0002936463775,2.265879095e-07,2.781492853e-08,2.584249597e-09,2.251066675e-10,1.101642157e-05,3.80389804e-09,1.126606248e-07,1.941423239e-06,1.357062885e-05,6.320300019e-05,3.4113961e-10,2.634477627e-11,1.398491591e-12,6.671298831e-14,9.575185999e-07,6.664641568e-12,6.581841372e-10,3.121903635e-08,4.082228717e-07,3.130825356e-06,5.609491998e-10,7.072893484e-11,6.388250431e-12,5.162873609e-13,1.819037572e-06,7.01909732e-11,4.355087313e-09,1.403968352e-07,1.458344779e-06,9.272230026e-06,1.823806415e-10,2.649149444e-11,2.7564201e-12,2.538527439e-13,1.503146566e-06,5.328532938e-11,3.314856114e-09,1.071235677e-07,1.103408071e-06,6.929135006e-06,3.420045239e-11,5.939991799e-12,7.390112849e-13,8.026801947e-14,1.056379129e-06,2.887691829e-11,1.802393744e-09,5.842636018e-08,5.892472123e-07,3.602614824e-06,4.908207333e-13,8.439712648e-14,9.975516671e-15,9.962919143e-16,3.02363999e-07,9.858666779e-13,9.844988766e-11,4.718120038e-09,5.75355303e-08,4.018450454e-07,4.457801532e-18,3.676663582e-19,1.782648241e-20,6.807723279e-22,7.257532482e-09,4.865306872e-18,3.438478454e-15,8.524691597e-13,2.414114789e-11,3.194263684e-10,8.909815489e-18,6.859460412e-19,3.104486638e-20,1.112538453e-21,7.340916251e-09,3.647027142e-18,2.537581095e-15,6.200705461e-13,1.704207619e-11,2.191152363e-10,2.332134409e-17,1.693029116e-18,7.225266571e-20,2.452624459e-21,8.3939728e-09,3.675852173e-18,2.430136892e-15,5.662783782e-13,1.480642481e-11,1.818303927e-10,4.966730126e-22,1.897612903e-23,3.788732011e-25,5.745977609e-27,3.13872465e-10,2.469131875e-23,8.195994545e-20,7.48908529e-17,3.412936758e-15,6.192793433e-14
7,0.0225973404,0.01088990937,0.004709064087,0.001972811625,0.01410341184,0.004222286531,0.01184532291,0.02751766658,0.05037253658,0.07986039236,0.03202795646,0.01543463992,0.006674322268,0.002796137342,0.01525602992,0.004222289421,0.01184531862,0.02751762986,0.05037242245,0.07986019719,0.0004272422934,0.0001448711583,4.40791311e-05,1.334958664e-05,0.0005173219754,2.905088351e-05,0.0001313016718,0.000474955554,0.001198668854,0.002504423585,0.0003014410099,0.000102213838,3.11000046e-05,9.418786168e-06,0.0004782374517,2.905086363e-05,0.0001313017194,0.0004749561877,0.00119867157,0.002504429705,0.01055267379,0.004013597407,0.001369772678,0.0004612232912,0.004440185145,0.0004716053052,0.001364312171,0.003261082305,0.005847410895,0.00908265185,0.01542409113,0.005866394183,0.002002102454,0.0006741388653,0.004836473105,0.0004716056564,0.001364311633,0.00326107757,0.005847396478,0.009082627695,0.0002206419987,5.985105169e-05,1.456796157e-05,3.590584799e-06,0.0001763146976,3.561886157e-06,1.629899858e-05,5.963895749e-05,0.0001453077308,0.0002936456157,0.0001509562552,4.094815629e-05,9.966920367e-06,2.456558172e-06,0.0001618679323,3.561883504e-06,1.629900501e-05,5.963904409e-05,0.0001453080891,0.0002936463967,2.265879007e-07,2.78149257e-08,2.584249171e-09,2.251066173e-10,1.101642021e-05,3.803897382e-09,1.126606085e-07,1.941423012e-06,1.357062754e-05,6.320299557e-05,3.4113959e-10,2.634477221e-11,1.398491241e-12,6.671296577e-14,9.575184332e-07,6.664639577e-12,6.58183963e-10,3.121902907e-08,4.082227847e-07,3.130824747e-06,5.60937402e-10,7.072514e-11,6.387699294e-12,5.162272736e-13,1.818835263e-06,7.017014435e-11,4.353907182e-09,1.403621502e-07,1.458003159e-06,9.27015952e-06,1.82541403e-10,2.651265815e-11,2.758394577e-12,2.540152374e-13,1.503152282e-06,5.32672195e-11,3.313802193e-09,1.070916902e-07,1.103087922e-06,6.927172075e-06,3.426962681e-11,5.951140088e-12,7.402905445e-13,8.039616716e-14,1.056536646e-06,2.886553121e-11,1.801713781e-09,5.840524501e-08,5.890346452e-07,3.601321299e-06,4.934911523e-13,8.481513786e-14,1.00200607e-14,1.000292501e-15,3.025503944e-07,9.858785533e-13,9.84548823e-11,4.7185289e-09,5.754268136e-08,4.019134241e-07,4.535550106e-18,3.733615421e-19,1.806790471e-20,6.887705957e-22,7.272582232e-09,4.876955385e-18,3.447305762e-15,8.547946073e-13,2.421404145e-11,3.204982861e-10,9.139177879e-18,7.014635356e-19,3.165057956e-20,1.131059414e-21,7.364268526e-09,3.663885208e-18,2.550067951e-15,6.232936095e-13,1.713966217e-11,2.205017663e-10,2.414354878e-17,1.74533237e-18,7.417093919e-20,2.507946156e-21,8.432632523e-09,3.703776496e-18,2.449529192e-15,5.70998821e-13,1.494115581e-11,1.836435437e-10,5.172334384e-22,1.965677501e-23,3.903796234e-25,5.89146895e-27,3.152468706e-10,2.486768492e-23,8.260033359e-20,7.552267074e-17,3.44540029e-15,6.259192208e-14
8,0.02259734016,0.01088990906,0.004709063869,0.001972811502,0.01410341126,0.004222286429,0.0118453228,0.02751766669,0.05037253741,0.07986039493,0.03202795611,0.01543463948,0.006674321959,0.002796137167,0.0152560293,0.004222289318,0.01184531851,0.02751762997,0.05037242329,0.07986019976,0.0004272422865,0.0001448711522,4.40791281e-05,1.334958541e-05,0.0005173219421,2.905088177e-05,0.0001313016659,0.0004749555388,0.00119866883,0.002504423572,0.000301441005,0.0001022138337,3.110000249e-05,9.4187853e-06,0.0004782374209,2.905086188e-05,0.0001313017134,0.0004749561726,0.001198671546,0.002504429692,0.01055267373,0.00401359735,0.001369772646,0.0004612232769,0.004440185086,0.0004716053193,0.001364312237,0.003261082522,0.005847411387,0.00908265284,0.01542409105,0.0058663941,0.002002102408,0.0006741388444,0.00483647304,0.0004716056706,0.001364311699,0.003261077786,0.00584739697,0.009082628685,0.0002206419964,5.985105007e-05,1.456796093e-05,3.590584586e-06,0.0001763146913,3.561886141e-06,1.629899882e-05,5.96389594e-05,0.0001453077379,0.0002936456372,0.0001509562536,4.094815518e-05,9.966919929e-06,2.456558026e-06,0.0001618679265,3.561883488e-06,1.629900525e-05,5.963904601e-05,0.0001453080962,0.0002936464182,2.265878909e-07,2.781492254e-08,2.584248695e-09,2.251065612e-10,1.101641868e-05,3.803896647e-09,1.126605904e-07,1.941422757e-06,1.357062607e-05,6.320299041e-05,3.411395676e-10,2.634476767e-11,1.398490851e-12,6.671294059e-14,9.575182471e-07,6.664637353e-12,6.581837683e-10,3.121902094e-08,4.082226876e-07,3.130824067e-06,5.609244392e-10,7.072090935e-11,6.387082716e-12,5.161599531e-13,1.818608617e-06,7.014681732e-11,4.352585558e-09,1.403233084e-07,1.457620622e-06,9.267841219e-06,1.827215019e-10,2.653633603e-11,2.76060004e-12,2.541964051e-13,1.503155999e-06,5.324675332e-11,3.312611767e-09,1.070557039e-07,1.102726723e-06,6.924958751e-06,3.434719689e-11,5.963625785e-12,7.417212105e-13,8.053926147e-14,1.056708886e-06,2.885255263e-11,1.800939827e-09,5.838124389e-08,5.887933551e-07,3.599854808e-06,4.964932435e-13,8.528449734e-14,1.007000819e-14,1.004771907e-15,3.027569757e-07,9.858775293e-13,9.845919694e-11,4.718932255e-09,5.755007503e-08,4.019860283e-07,4.623974181e-18,3.798229777e-19,1.834111211e-20,6.977992893e-22,7.289365258e-09,4.889903087e-18,3.457133556e-15,8.573871017e-13,2.429540821e-11,3.216961925e-10,9.402115271e-18,7.191897678e-19,3.234000076e-20,1.1520666e-21,7.390362204e-09,3.682740889e-18,2.564048442e-15,6.269053054e-13,1.724912661e-11,2.220586585e-10,2.509437429e-17,1.805521569e-18,7.636732663e-20,2.57098201e-21,8.475802088e-09,3.735029341e-18,2.471262051e-15,5.762951625e-13,1.509254525e-11,1.856838802e-10,5.412131569e-22,2.044627019e-23,4.036538007e-25,6.058484911e-27,3.167954353e-10,2.506796356e-23,8.332704877e-20,7.623934329e-17,3.482233493e-15,6.334570401e-14
9,0.02259733989,0.01088990872,0.00470906363,0.001972811366,0.01410341063,0.004222286317,0.01184532267,0.02751766681,0.05037253832,0.07986039774,0.03202795572,0.015434639,0.006674321621,0.002796136975,0.01525602861,0.004222289206,0.01184531838,0.02751763009,0.0503724242,0.07986020258,0.000427242279,0.0001448711455,4.407912481e-05,1.334958406e-05,0.0005173219055,2.905087985e-05,0.0001313016593,0.0004749555223,0.001198668804,0.002504423558,0.0003014409998,0.000102213829,3.110000016e-05,9.418784348e-06,0.0004782373872,2.905085997e-05,0.0001313017069,0.000474956156,0.00119867152,0.002504429678,0.01055267367,0.004013597288,0.001369772612,0.0004612232612,0.00444018502,0.0004716053349,0.001364312311,0.003261082759,0.005847411926,0.009082653925,0.01542409095,0.005866394009,0.002002102358,0.0006741388214,0.004836472968,0.0004716056861,0.001364311772,0.003261078024,0.005847397509,0.00908262977,0.0002206419939,5.985104829e-05,1.456796022e-05,3.590584352e-06,0.0001763146843,3.561886124e-06,1.629899908e-05,5.96389615e-05,0.0001453077458,0.0002936456608,0.0001509562519,4.094815396e-05,9.966919449e-06,2.456557866e-06,0.0001618679201,3.561883471e-06,1.62990055e-05,5.96390481e-05,0.000145308104,0.0002936464417,2.265878801e-07,2.781491907e-08,2.584248174e-09,2.251064997e-10,1.101641701e-05,3.803895842e-09,1.126605705e-07,1.941422478e-06,1.357062447e-05,6.320298475e-05,3.41139543e-10,2.634476269e-11,1.398490424e-12,6.671291299e-14,9.575180429e-07,6.664634914e-12,6.581835549e-10,3.121901203e-08,4.082225811e-07,3.130823321e-06,5.609104935e-10,7.071628274e-11,6.386405826e-12,5.160859286e-13,1.818359422e-06,7.012117858e-11,4.351133019e-09,1.402806213e-07,1.457200245e-06,9.265293823e-06,1.829195174e-10,2.656233119e-11,2.763017007e-12,2.543945396e-13,1.503156839e-06,5.322403648e-11,3.311291173e-09,1.070158067e-07,1.102326525e-06,6.922508018e-06,3.443257538e-11,5.977349291e-12,7.432912036e-13,8.069602307e-14,1.05689315e-06,2.883801534e-11,1.800074157e-09,5.835443752e-08,5.885242557e-07,3.598221472e-06,4.99806762e-13,8.580185011e-14,1.012497958e-14,1.009693966e-15,3.029814026e-07,9.858591052e-13,9.846239427e-11,4.719309691e-09,5.755745829e-08,4.020610234e-07,4.722828649e-18,3.87027143e-19,1.864486558e-20,7.07809658e-22,7.307724514e-09,4.904015328e-18,3.46786473e-15,8.602221412e-13,2.438451185e-11,3.230096919e-10,9.698656219e-18,7.391033494e-19,3.311138696e-20,1.175480847e-21,7.418969706e-09,3.703435896e-18,2.579409707e-15,6.308774809e-13,1.736965248e-11,2.237748111e-10,2.61770472e-17,1.873685679e-18,7.88408715e-20,2.641591953e-21,8.523093726e-09,3.769351879e-18,2.495165175e-15,5.821279673e-13,1.525953957e-11,1.879382088e-10,5.687791345e-22,2.134835267e-23,4.187301976e-25,6.247144335e-27,3.18508947e-10,2.529150926e-23,8.413757908e-20,7.703828347e-17,3.523306929e-15,6.418677993e-14
10,0.0225973396,0.01088990835,0.004709063372,0.00197281122,0.01410340994,0.004222286196,0.01184532254,0.02751766693,0.05037253931,0.07986040078,0.03202795531,0.01543463848,0.006674321255,0.002796136767,0.01525602787,0.004222289086,0.01184531825,0.02751763021,0.05037242518,0.07986020562,0.0004272422709,0.0001448711383,4.407912126e-05,1.334958261e-05,0.0005173218661,2.905087779e-05,0.0001313016523,0.0004749555044,0.001198668776,0.002504423543,0.000301440994,0.0001022138239,3.109999766e-05,9.418783321e-06,0.0004782373508,2.905085791e-05,0.0001313016998,0.0004749561381,0.001198671491,0.002504429663,0.0105526736,0.00401359722,0.001369772575,0.0004612232442,0.004440184949,0.0004716053516,0.001364312389,0.003261083016,0.005847412509,0.009082655097,0.01542409086,0.005866393911,0.002002102303,0.0006741387967,0.004836472891,0.0004716057029,0.001364311851,0.00326107828,0.005847398091,0.009082630942,0.0002206419912,5.985104637e-05,1.456795947e-05,3.590584099e-06,0.0001763146768,3.561886105e-06,1.629899936e-05,5.963896376e-05,0.0001453077542,0.0002936456862,0.0001509562501,4.094815264e-05,9.966918931e-06,2.456557693e-06,0.0001618679132,3.561883452e-06,1.629900578e-05,5.963905037e-05,0.0001453081125,0.0002936464671,2.265878685e-07,2.781491533e-08,2.58424761e-09,2.251064333e-10,1.101641521e-05,3.803894972e-09,1.12660549e-07,1.941422176e-06,1.357062274e-05,6.320297864e-05,3.411395165e-10,2.634475732e-11,1.398489962e-12,6.671288318e-14,9.575178226e-07,6.664632281e-12,6.581833245e-10,3.12190024e-08,4.082224661e-07,3.130822517e-06,5.608957446e-10,7.071129986e-11,6.385673758e-12,5.160057307e-13,1.818089474e-06,7.009341516e-11,4.349560178e-09,1.402344014e-07,1.456745112e-06,9.262536082e-06,1.831340245e-10,2.659044641e-11,2.765625991e-12,2.546079354e-13,1.503153947e-06,5.319917704e-11,3.309846884e-09,1.069722003e-07,1.101889417e-06,6.919833069e-06,3.452517293e-11,5.992210746e-12,7.449884264e-13,8.086517217e-14,1.057086773e-06,2.882195483e-11,1.799119198e-09,5.832491095e-08,5.882283007e-07,3.596427635e-06,5.034113606e-13,8.636382532e-14,1.018459367e-14,1.015022384e-15,3.032213494e-07,9.858189301e-13,9.846405009e-11,4.719641344e-09,5.756458416e-08,4.021366127e-07,4.831872717e-18,3.949505716e-19,1.897791973e-20,7.187525458e-22,7.327503111e-09,4.919157975e-18,3.479402426e-15,8.632752595e-13,2.448061629e-11,3.244283804e-10,1.002888596e-17,7.61184991e-19,3.396302285e-20,1.20122268e-21,7.449863256e-09,3.725811778e-18,2.596038675e-15,6.351819095e-13,1.750041991e-11,2.256390766e-10,2.739525955e-17,1.94993101e-18,8.159088991e-20,2.719636294e-21,8.574118427e-09,3.806483351e-18,2.521066911e-15,5.884574741e-13,1.544107579e-11,1.903932129e-10,6.001231064e-22,2.236734003e-23,4.356498133e-25,6.45761921e-27,3.203781877e-10,2.553769235e-23,8.502946627e-20,7.791695392e-17,3.568493913e-15,6.511271244e-14
11,0.02259733929,0.01088990796,0.004709063097,0.001972811064,0.01410340921,0.004222286067,0.01184532239,0.02751766707,0.05037254036,0.07986040403,0.03202795487,0.01543463792,0.006674320865,0.002796136546,0.01525602708,0.004222288957,0.0118453181,0.02751763035,0.05037242623,0.07986020886,0.0004272422623,0.0001448711306,4.407911746e-05,1.334958105e-05,0.0005173218241,2.905087558e-05,0.0001313016447,0.0004749554853,0.001198668746,0.002504423527,0.0003014409879,0.0001022138185,3.109999498e-05,9.418782225e-06,0.0004782373119,2.90508557e-05,0.0001313016923,0.000474956119,0.001198671461,0.002504429647,0.01055267353,0.004013597149,0.001369772535,0.0004612232262,0.004440184874,0.0004716053695,0.001364312474,0.003261083289,0.00584741313,0.009082656347,0.01542409075,0.005866393806,0.002002102245,0.0006741387703,0.004836472809,0.0004716057208,0.001364311936,0.003261078554,0.005847398713,0.009082632191,0.0002206419883,5.985104432e-05,1.456795866e-05,3.59058383e-06,0.0001763146688,3.561886085e-06,1.629899965e-05,5.963896618e-05,0.0001453077632,0.0002936457133,0.0001509562481,4.094815124e-05,9.966918378e-06,2.456557509e-06,0.0001618679059,3.561883432e-06,1.629900608e-05,5.963905278e-05,0.0001453081215,0.0002936464943,2.265878561e-07,2.781491133e-08,2.58424701e-09,2.251063625e-10,1.101641328e-05,3.803894045e-09,1.126605261e-07,1.941421855e-06,1.357062089e-05,6.320297212e-05,3.411394883e-10,2.634475159e-11,1.398489469e-12,6.671285139e-14,9.575175875e-07,6.664629472e-12,6.581830788e-10,3.121899214e-08,4.082223434e-07,3.130821658e-06,5.608803678e-10,7.070600024e-11,6.384891656e-12,5.159198933e-13,1.817800578e-06,7.006371518e-11,4.347877705e-09,1.401849626e-07,1.456258322e-06,9.259586843e-06,1.833635897e-10,2.662048387e-11,2.768407506e-12,2.548348931e-13,1.503146516e-06,5.31722875e-11,3.308285617e-09,1.069250933e-07,1.101417556e-06,6.91694748e-06,3.462439574e-11,6.008109779e-12,7.468007513e-13,8.104542921e-14,1.057287158e-06,2.880441151e-11,1.798077648e-09,5.829275705e-08,5.87906517e-07,3.594480051e-06,5.072864365e-13,8.696701646e-14,1.024846613e-14,1.020720653e-15,3.034745185e-07,9.857529259e-13,9.84637642e-11,4.719908359e-09,5.757121686e-08,4.022110703e-07,4.950857886e-18,4.035690733e-19,1.933899462e-20,7.305776222e-22,7.348544591e-09,4.935197996e-18,3.49165033e-15,8.665220739e-13,2.458298625e-11,3.259418433e-10,1.039289888e-17,7.854145908e-19,3.489312175e-20,1.229209768e-21,7.482814862e-09,3.749709761e-18,2.613821817e-15,6.397902022e-13,1.764060265e-11,2.276401967e-10,2.875296306e-17,2.03436886e-18,8.461656478e-20,2.804965757e-21,8.628486092e-09,3.84616056e-18,2.548793659e-15,5.952433997e-13,1.563607418e-11,1.930353293e-10,6.354570926e-22,2.350797582e-23,4.544576724e-25,6.690105503e-27,3.223938292e-10,2.580587489e-23,8.600022219e-20,7.887278669e-17,3.617666337e-15,6.612103909e-14
12,0.02259733896,0.01088990755,0.004709062807,0.001972810899,0.01410340844,0.004222285931,0.01184532224,0.02751766721,0.05037254147,0.07986040745,0.03202795441,0.01543463733,0.006674320453,0.002796136313,0.01525602625,0.004222288821,0.01184531795,0.02751763049,0.05037242734,0.07986021228,0.0004272422531,0.0001448711225,4.407911346e-05,1.334957941e-05,0.0005173217797,2.905087326e-05,0.0001313016368,0.0004749554651,0.001198668714,0.00250442351,0.0003014409815,0.0001022138128,3.109999216e-05,9.418781068e-06,0.0004782372709,2.905085338e-05,0.0001313016844,0.0004749560989,0.001198671429,0.00250442963,0.01055267345,0.004013597073,0.001369772493,0.0004612232071,0.004440184794,0.0004716053884,0.001364312563,0.003261083578,0.005847413785,0.009082657666,0.01542409064,0.005866393695,0.002002102184,0.0006741387424,0.004836472723,0.0004716057396,0.001364312025,0.003261078842,0.005847399368,0.00908263351,0.0002206419853,5.985104215e-05,1.456795781e-05,3.590583546e-06,0.0001763146604,3.561886064e-06,1.629899997e-05,5.963896872e-05,0.0001453077727,0.0002936457419,0.000150956246,4.094814976e-05,9.966917794e-06,2.456557314e-06,0.0001618678982,3.561883411e-06,1.629900639e-05,5.963905533e-05,0.000145308131,0.0002936465229,2.265878431e-07,2.781490712e-08,2.584246376e-09,2.251062878e-10,1.101641125e-05,3.803893066e-09,1.12660502e-07,1.941421516e-06,1.357061894e-05,6.320296524e-05,3.411394584e-10,2.634474554e-11,1.398488949e-12,6.671281784e-14,9.575173394e-07,6.664626508e-12,6.581828194e-10,3.121898131e-08,4.08222214e-07,3.130820752e-06,5.608645326e-10,7.070042312e-11,6.384064683e-12,5.158289548e-13,1.817494553e-06,7.003226822e-11,4.346096355e-09,1.401326216e-07,1.455743001e-06,9.256465085e-06,1.836067673e-10,2.665224485e-11,2.771342071e-12,2.550737214e-13,1.503133809e-06,5.314348658e-11,3.306614435e-09,1.068747044e-07,1.100913189e-06,6.913865368e-06,3.472964333e-11,6.024945273e-12,7.487160102e-13,8.123551544e-14,1.057491801e-06,2.878543269e-11,1.796952593e-09,5.825807974e-08,5.875600332e-07,3.592386045e-06,5.114109868e-13,8.760796335e-14,1.031620807e-14,1.02675198e-15,3.037386542e-07,9.856573976e-13,9.846117015e-11,4.720093299e-09,5.757713634e-08,4.022827698e-07,5.07951608e-18,4.128569749e-19,1.972674861e-20,7.432326594e-22,7.370693172e-09,4.952003982e-18,3.504512955e-15,8.699383308e-13,2.469088794e-11,3.275396535e-10,1.079074978e-17,8.117683065e-19,3.589972799e-20,1.259354465e-21,7.517596295e-09,3.774970599e-18,2.632644928e-15,6.44673727e-13,1.778936467e-11,2.297667431e-10,3.025414867e-17,2.127102678e-18,8.791653625e-20,2.897411715e-21,8.685805769e-09,3.888117505e-18,2.578169376e-15,6.024447694e-13,1.584343157e-11,1.95850634e-10,6.750082703e-22,2.477526047e-23,4.752001456e-25,6.944792753e-27,3.245463323e-10,2.609538668e-23,8.704724547e-20,7.990310337e-17,3.670690512e-15,6.720918456e-14
13,0.02259733862,0.01088990711,0.004709062503,0.001972810727,0.01410340764,0.004222285789,0.01184532208,0.02751766736,0.05037254263,0.07986041103,0.03202795392,0.01543463672,0.006674320023,0.002796136069,0.01525602537,0.004222288678,0.01184531779,0.02751763064,0.0503724285,0.07986021586,0.0004272422436,0.000144871114,4.407910928e-05,1.33495777e-05,0.0005173217333,2.905087083e-05,0.0001313016285,0.000474955444,0.00119866868,0.002504423492,0.0003014409748,0.0001022138068,3.109998921e-05,9.418779859e-06,0.000478237228,2.905085094e-05,0.000131301676,0.0004749560778,0.001198671396,0.002504429612,0.01055267337,0.004013596994,0.001369772449,0.0004612231872,0.004440184711,0.0004716054081,0.001364312656,0.00326108388,0.005847414471,0.009082659045,0.01542409052,0.005866393579,0.00200210212,0.0006741387133,0.004836472632,0.0004716057594,0.001364312118,0.003261079144,0.005847400054,0.00908263489,0.0002206419821,5.985103989e-05,1.456795691e-05,3.590583248e-06,0.0001763146516,3.561886041e-06,1.62990003e-05,5.963897139e-05,0.0001453077826,0.0002936457719,0.0001509562438,4.094814821e-05,9.966917184e-06,2.456557111e-06,0.0001618678901,3.561883389e-06,1.629900672e-05,5.963905799e-05,0.0001453081409,0.0002936465528,2.265878294e-07,2.781490271e-08,2.584245713e-09,2.251062097e-10,1.101640912e-05,3.803892042e-09,1.126604767e-07,1.941421161e-06,1.35706169e-05,6.320295805e-05,3.411394272e-10,2.634473921e-11,1.398488406e-12,6.671278275e-14,9.5751708e-07,6.664623408e-12,6.581825481e-10,3.121896998e-08,4.082220786e-07,3.130819804e-06,5.608484012e-10,7.069460738e-11,6.383198027e-12,5.157334595e-13,1.817173243e-06,6.999926574e-11,4.344226984e-09,1.400776978e-07,1.4552023e-06,9.253189952e-06,1.83862096e-10,2.668552956e-11,2.774410214e-12,2.553227405e-13,1.503115173e-06,5.31129008e-11,3.304840833e-09,1.068212646e-07,1.100378683e-06,6.910601526e-06,3.484030658e-11,6.042615162e-12,7.507219852e-13,8.143415367e-14,1.05769832e-06,2.876507433e-11,1.795747594e-09,5.822099667e-08,5.871901055e-07,3.590153659e-06,5.157634762e-13,8.828313558e-14,1.038742482e-14,1.033079226e-15,3.040115537e-07,9.855291304e-13,9.845594394e-11,4.720180513e-09,5.75821424e-08,4.02350211e-07,5.217547858e-18,4.227863788e-19,2.013975254e-20,7.56662853e-22,7.393793986e-09,4.969446632e-18,3.517895882e-15,8.734999474e-13,2.480358964e-11,3.292113703e-10,1.122240336e-17,8.402155868e-19,3.698062025e-20,1.291561445e-21,7.553979094e-09,3.801434443e-18,2.652392933e-15,6.498035345e-13,1.794585715e-11,2.32007062e-10,3.190260716e-17,2.228214571e-18,9.148848612e-20,2.996776646e-21,8.745685968e-09,3.932085146e-18,2.609015183e-15,6.100197717e-13,1.606201551e-11,1.988247405e-10,7.19012938e-22,2.617426065e-23,4.979220297e-25,7.221831865e-27,3.268258492e-10,2.640550121e-23,8.816773769e-20,8.100503477e-17,3.727422975e-15,6.837437204e-14
14,0.02259733826,0.01088990666,0.004709062188,0.001972810549,0.0141034068,0.004222285641,0.01184532192,0.02751766751,0.05037254383,0.07986041474,0.03202795342,0.01543463608,0.006674319576,0.002796135816,0.01525602447,0.004222288531,0.01184531763,0.02751763079,0.0503724297,0.07986021958,0.0004272422337,0.0001448711052,4.407910494e-05,1.334957592e-05,0.0005173216852,2.90508683e-05,0.0001313016198,0.0004749554222,0.001198668646,0.002504423473,0.0003014409678,0.0001022138005,3.109998614e-05,9.418778603e-06,0.0004782371835,2.905084842e-05,0.0001313016674,0.0004749560559,0.001198671362,0.002504429594,0.01055267329,0.004013596911,0.001369772404,0.0004612231665,0.004440184625,0.0004716054286,0.001364312752,0.003261084193,0.005847415182,0.009082660477,0.0154240904,0.005866393459,0.002002102054,0.000674138683,0.004836472538,0.0004716057799,0.001364312214,0.003261079457,0.005847400765,0.009082636322,0.0002206419788,5.985103754e-05,1.456795599e-05,3.59058294e-06,0.0001763146424,3.561886018e-06,1.629900064e-05,5.963897415e-05,0.000145307793,0.0002936458029,0.0001509562416,4.09481466e-05,9.966916551e-06,2.456556899e-06,0.0001618678817,3.561883365e-06,1.629900706e-05,5.963906075e-05,0.0001453081512,0.0002936465839,2.265878152e-07,2.781489813e-08,2.584245024e-09,2.251061286e-10,1.101640692e-05,3.803890979e-09,1.126604505e-07,1.941420793e-06,1.357061479e-05,6.320295058e-05,3.411393948e-10,2.634473265e-11,1.398487841e-12,6.671274634e-14,9.575168107e-07,6.664620191e-12,6.581822666e-10,3.121895822e-08,4.082219381e-07,3.130818821e-06,5.608321268e-10,7.068859156e-11,6.382296904e-12,5.156339589e-13,1.816838511e-06,6.99649014e-11,4.342280573e-09,1.400205142e-07,1.454639405e-06,9.249780789e-06,1.841280958e-10,2.672013693e-11,2.777592477e-12,2.555802841e-13,1.503090061e-06,5.308066585e-11,3.302972814e-09,1.067650194e-07,1.099816543e-06,6.90717154e-06,3.495576589e-11,6.061016238e-12,7.528064009e-13,8.164006888e-14,1.057904476e-06,2.874340251e-11,1.794466778e-09,5.818164174e-08,5.867981405e-07,3.587791774e-06,5.203217134e-13,8.898891755e-14,1.046171481e-14,1.039664843e-15,3.042910777e-07,9.853654755e-13,9.84478115e-11,4.720156455e-09,5.758605826e-08,4.024120419e-07,5.364610685e-18,4.333264396e-19,2.057646492e-20,7.708101897e-22,7.417693289e-09,4.987399185e-18,3.531705999e-15,8.771830501e-13,2.492036223e-11,3.309465389e-10,1.168768149e-17,8.707161537e-19,3.813321596e-20,1.325725417e-21,7.591734581e-09,3.828940725e-18,2.672949701e-15,6.55150291e-13,1.810921567e-11,2.343492238e-10,3.37016674e-17,2.33775108e-18,9.532871563e-20,3.10282481e-21,8.807735044e-09,3.977791313e-18,2.641149075e-15,6.179256404e-13,1.629065922e-11,2.019427081e-10,7.677093196e-22,2.770989133e-23,5.226633326e-25,7.52130067e-27,3.292221295e-10,2.673541122e-23,8.935861873e-20,8.217543996e-17,3.787706255e-15,6.961353341e-14
15,0.02259733789,0.0108899062,0.004709061863,0.001972810365,0.01410340594,0.004222285489,0.01184532175,0.02751766767,0.05037254507,0.07986041857,0.0320279529,0.01543463542,0.006674319116,0.002796135555,0.01525602354,0.004222288379,0.01184531746,0.02751763095,0.05037243094,0.0798602234,0.0004272422235,0.0001448710961,4.407910046e-05,1.334957409e-05,0.0005173216355,2.90508657e-05,0.0001313016109,0.0004749553996,0.00119866861,0.002504423454,0.0003014409606,0.0001022137941,3.109998299e-05,9.41877731e-06,0.0004782371376,2.905084582e-05,0.0001313016585,0.0004749560334,0.001198671326,0.002504429575,0.01055267321,0.004013596827,0.001369772357,0.0004612231451,0.004440184536,0.0004716054497,0.001364312851,0.003261084515,0.005847415915,0.009082661952,0.01542409028,0.005866393336,0.002002101985,0.0006741386518,0.004836472441,0.000471605801,0.001364312313,0.00326107978,0.005847401498,0.009082637797,0.0002206419754,5.985103512e-05,1.456795503e-05,3.590582622e-06,0.000176314633,3.561885995e-06,1.629900099e-05,5.9638977e-05,0.0001453078036,0.0002936458349,0.0001509562393,4.094814495e-05,9.966915899e-06,2.456556682e-06,0.000161867873,3.561883342e-06,1.629900742e-05,5.96390636e-05,0.0001453081618,0.0002936466159,2.265878005e-07,2.781489342e-08,2.584244316e-09,2.25106045e-10,1.101640464e-05,3.803889884e-09,1.126604234e-07,1.941420413e-06,1.357061261e-05,6.320294289e-05,3.411393615e-10,2.634472589e-11,1.39848726e-12,6.671270882e-14,9.575165333e-07,6.664616877e-12,6.581819766e-10,3.121894611e-08,4.082217934e-07,3.130817808e-06,5.608158533e-10,7.068241376e-11,6.381366562e-12,5.155310125e-13,1.81649225e-06,6.992937131e-11,4.340268238e-09,1.399613977e-07,1.454057539e-06,9.246257158e-06,1.84403266e-10,2.675586448e-11,2.780869423e-12,2.558447023e-13,1.503058041e-06,5.304692775e-11,3.301018956e-09,1.067062308e-07,1.099229429e-06,6.903591894e-06,3.507538964e-11,6.080043993e-12,7.549569187e-13,8.185198896e-14,1.058108194e-06,2.872049474e-11,1.793114909e-09,5.814016707e-08,5.863857137e-07,3.585310221e-06,5.2506274e-13,8.972159495e-14,1.053866861e-14,1.046470841e-15,3.045751597e-07,9.851644219e-13,9.843655514e-11,4.720009955e-09,5.758873358e-08,4.024670787e-07,5.520307291e-18,4.444426598e-19,2.103520844e-20,7.856128627e-22,7.442238663e-09,5.005737801e-18,3.545851699e-15,8.809640088e-13,2.504047974e-11,3.327346904e-10,1.218620833e-17,9.032169347e-19,3.935447676e-20,1.36172894e-21,7.630633879e-09,3.857328049e-18,2.694197891e-15,6.606842185e-13,1.827855772e-11,2.367809768e-10,3.565391011e-17,2.45570817e-18,9.943171778e-20,3.215273211e-21,8.871561651e-09,4.024960735e-18,2.674385732e-15,6.26118561e-13,1.652815728e-11,2.051889619e-10,8.213289728e-22,2.938666616e-23,5.494557168e-25,7.843166945e-27,3.317244288e-10,2.708420412e-23,9.061644123e-20,8.341082444e-17,3.851364585e-15,7.09232179e-14
16,0.02259733752,0.01088990572,0.004709061531,0.001972810176,0.01410340506,0.004222285333,0.01184532158,0.02751766784,0.05037254634,0.07986042249,0.03202795236,0.01543463475,0.006674318645,0.002796135288,0.01525602258,0.004222288223,0.01184531728,0.02751763112,0.05037243221,0.07986022732,0.000427242213,0.0001448710868,4.407909589e-05,1.334957221e-05,0.0005173215848,2.905086304e-05,0.0001313016019,0.0004749553766,0.001198668574,0.002504423435,0.0003014409532,0.0001022137876,3.109997976e-05,9.418775987e-06,0.0004782370907,2.905084316e-05,0.0001313016494,0.0004749560103,0.00119867129,0.002504429555,0.01055267312,0.00401359674,0.001369772309,0.0004612231233,0.004440184445,0.0004716054713,0.001364312953,0.003261084846,0.005847416665,0.009082663461,0.01542409015,0.005866393209,0.002002101915,0.0006741386199,0.004836472342,0.0004716058226,0.001364312415,0.00326108011,0.005847402248,0.009082639306,0.000220641972,5.985103265e-05,1.456795406e-05,3.590582296e-06,0.0001763146233,3.56188597e-06,1.629900135e-05,5.963897992e-05,0.0001453078145,0.0002936458677,0.0001509562369,4.094814326e-05,9.966915231e-06,2.456556459e-06,0.0001618678641,3.561883317e-06,1.629900778e-05,5.963906652e-05,0.0001453081727,0.0002936466486,2.265877856e-07,2.78148886e-08,2.58424359e-09,2.251059595e-10,1.101640232e-05,3.803888764e-09,1.126603958e-07,1.941420025e-06,1.357061038e-05,6.320293502e-05,3.411393273e-10,2.634471897e-11,1.398486665e-12,6.671267043e-14,9.575162494e-07,6.664613485e-12,6.581816798e-10,3.121893371e-08,4.082216452e-07,3.130816771e-06,5.607997138e-10,7.067611163e-11,6.380412292e-12,5.154251887e-13,1.816136381e-06,6.98928743e-11,4.338201248e-09,1.399006797e-07,1.453459967e-06,9.242638865e-06,1.846860823e-10,2.679250813e-11,2.784221636e-12,2.56114363e-13,1.50301881e-06,5.301184384e-11,3.298988462e-09,1.066451788e-07,1.09862017e-06,6.899880055e-06,3.519853268e-11,6.099592479e-12,7.571611311e-13,8.206864535e-14,1.05830758e-06,2.869644103e-11,1.791697442e-09,5.809674473e-08,5.859545851e-07,3.582719866e-06,5.299627292e-13,9.0477343e-14,1.061786813e-14,1.053458749e-15,3.048618136e-07,9.849246561e-13,9.842201888e-11,4.719732447e-09,5.759004703e-08,4.02514322e-07,5.684174156e-18,4.560962097e-19,2.151414781e-20,8.010047392e-22,7.467279192e-09,5.024341892e-18,3.560243057e-15,8.848194675e-13,2.516321982e-11,3.34565342e-10,1.271735321e-17,9.376489602e-19,4.064081577e-20,1.399440345e-21,7.670447951e-09,3.886434104e-18,2.716018805e-15,6.66375041e-13,1.845298044e-11,2.392897065e-10,3.776085657e-17,2.582015512e-18,1.037897472e-19,3.333782942e-21,8.936775241e-09,4.07331519e-18,2.70853642e-15,6.345536021e-13,1.67732622e-11,2.08547224e-10,8.800865881e-22,3.120841197e-23,5.783185711e-25,8.187248756e-27,3.343214225e-10,2.745083704e-23,9.193730418e-20,8.470725777e-17,3.918199569e-15,7.229949955e-14
17,0.02259733714,0.01088990524,0.004709061193,0.001972809985,0.01410340416,0.004222285175,0.0118453214,0.027517668,0.05037254763,0.07986042647,0.03202795182,0.01543463406,0.006674318166,0.002796135016,0.01525602161,0.004222288064,0.01184531711,0.02751763128,0.0503724335,0.07986023131,0.0004272422024,0.0001448710774,4.407909123e-05,1.33495703e-05,0.0005173215331,2.905086034e-05,0.0001313015926,0.0004749553531,0.001198668537,0.002504423415,0.0003014409457,0.0001022137809,3.109997647e-05,9.41877464e-06,0.0004782370429,2.905084045e-05,0.0001313016402,0.0004749559869,0.001198671252,0.002504429535,0.01055267303,0.004013596652,0.001369772261,0.0004612231011,0.004440184352,0.0004716054933,0.001364313057,0.003261085182,0.005847417428,0.009082664997,0.01542409002,0.00586639308,0.002002101844,0.0006741385875,0.004836472241,0.0004716058445,0.001364312519,0.003261080446,0.005847403011,0.009082640841,0.0002206419684,5.985103013e-05,1.456795307e-05,3.590581965e-06,0.0001763146135,3.561885946e-06,1.629900171e-05,5.963898288e-05,0.0001453078255,0.000293645901,0.0001509562345,4.094814153e-05,9.966914552e-06,2.456556233e-06,0.0001618678551,3.561883293e-06,1.629900814e-05,5.963906948e-05,0.0001453081838,0.000293646682,2.265877704e-07,2.781488369e-08,2.584242852e-09,2.251058725e-10,1.101639995e-05,3.803887624e-09,1.126603676e-07,1.94141963e-06,1.357060811e-05,6.320292701e-05,3.411392926e-10,2.634471192e-11,1.39848606e-12,6.671263137e-14,9.575159607e-07,6.664610034e-12,6.581813779e-10,3.12189211e-08,4.082214946e-07,3.130815717e-06,5.607838302e-10,7.066972236e-11,6.379439424e-12,5.15317066e-13,1.815772857e-06,6.985561208e-11,4.336091032e-09,1.398386962e-07,1.452849999e-06,9.238945976e-06,1.849749954e-10,2.682986216e-11,2.787629733e-12,2.563876539e-13,1.502972204e-06,5.297558349e-11,3.296891207e-09,1.065821627e-07,1.097991779e-06,6.896054534e-06,3.532453523e-11,6.119554191e-12,7.594065589e-13,8.228877374e-14,1.058500935e-06,2.867134466e-11,1.790220573e-09,5.805156809e-08,5.855067121e-07,3.580032678e-06,5.349968973e-13,9.125221618e-14,1.069888591e-14,1.060589591e-15,3.051491403e-07,9.846456091e-13,9.840411262e-11,4.719318141e-09,5.758990823e-08,4.025529693e-07,5.855670229e-18,4.682432756e-19,2.201126919e-20,8.169148828e-22,7.492665616e-09,5.043094396e-18,3.574791984e-15,8.887263701e-13,2.528786415e-11,3.364279979e-10,1.328017173e-17,9.739242505e-19,4.19880075e-20,1.438711798e-21,7.710947639e-09,3.916095575e-18,2.738292269e-15,6.721919388e-13,1.863155868e-11,2.418623991e-10,4.002263305e-17,2.716520151e-18,1.083923925e-19,3.457951001e-21,9.002986608e-09,4.122573756e-18,2.743408973e-15,6.431846713e-13,1.702468168e-11,2.120004567e-10,9.441680107e-22,3.317794508e-23,6.092546978e-25,8.553172119e-27,3.370011236e-10,2.783411194e-23,9.33167664e-20,8.606029099e-17,3.987985825e-15,7.373788377e-14
18,0.02259733675,0.01088990475,0.004709060851,0.001972809791,0.01410340325,0.004222285014,0.01184532122,0.02751766817,0.05037254893,0.0798604305,0.03202795128,0.01543463337,0.006674317681,0.002796134742,0.01525602063,0.004222287904,0.01184531693,0.02751763145,0.05037243481,0.07986023533,0.0004272421917,0.0001448710678,4.407908652e-05,1.334956837e-05,0.0005173214809,2.90508576e-05,0.0001313015832,0.0004749553294,0.001198668499,0.002504423395,0.0003014409381,0.0001022137742,3.109997315e-05,9.418773279e-06,0.0004782369946,2.905083772e-05,0.0001313016308,0.0004749559632,0.001198671215,0.002504429515,0.01055267294,0.004013596563,0.001369772211,0.0004612230787,0.004440184259,0.0004716055155,0.001364313161,0.003261085521,0.0058474182,0.009082666549,0.01542408989,0.00586639295,0.002002101772,0.0006741385547,0.004836472139,0.0004716058668,0.001364312623,0.003261080786,0.005847403783,0.009082642394,0.0002206419648,5.985102758e-05,1.456795206e-05,3.590581631e-06,0.0001763146036,3.561885921e-06,1.629900208e-05,5.963898588e-05,0.0001453078367,0.0002936459347,0.000150956232,4.094813979e-05,9.966913865e-06,2.456556004e-06,0.000161867846,3.561883268e-06,1.629900851e-05,5.963907248e-05,0.000145308195,0.0002936467157,2.26587755e-07,2.781487873e-08,2.584242106e-09,2.251057846e-10,1.101639756e-05,3.803886472e-09,1.126603392e-07,1.941419231e-06,1.357060581e-05,6.320291891e-05,3.411392575e-10,2.63447048e-11,1.398485448e-12,6.671259187e-14,9.575156686e-07,6.664606545e-12,6.581810726e-10,3.121890835e-08,4.082213422e-07,3.13081465e-06,5.607683126e-10,7.066328264e-11,6.378453336e-12,5.152072326e-13,1.815403666e-06,6.981778937e-11,4.333949187e-09,1.397757879e-07,1.452230992e-06,9.235198827e-06,1.852684295e-10,2.686771907e-11,2.791074363e-12,2.56662984e-13,1.502918204e-06,5.293832873e-11,3.294737766e-09,1.065175018e-07,1.097347459e-06,6.89213494e-06,3.545272183e-11,6.139819975e-12,7.616806487e-13,8.251111467e-14,1.058686763e-06,2.864532286e-11,1.788691274e-09,5.800485275e-08,5.850442578e-07,3.577261781e-06,5.401394271e-13,9.204213976e-14,1.078128463e-14,1.067823874e-15,3.054353326e-07,9.843274905e-13,9.838281521e-11,4.718764167e-09,5.758825933e-08,4.025824254e-07,6.034166015e-18,4.808344468e-19,2.252436148e-20,8.332671375e-22,7.518250467e-09,5.061881996e-18,3.589412341e-15,8.926619816e-13,2.541369884e-11,3.383121501e-10,1.387334572e-17,1.011932731e-18,4.339110155e-20,1.479377504e-21,7.751903711e-09,3.946148072e-18,2.760896527e-15,6.781035084e-13,1.881334334e-11,2.444856104e-10,4.243761413e-17,2.858969781e-18,1.132261571e-19,3.587302741e-21,9.069808452e-09,4.172453147e-18,2.77880787e-15,6.51964493e-13,1.728107669e-11,2.155308174e-10,1.013716371e-21,3.529670838e-23,6.422456245e-25,8.940326235e-27,3.397508064e-10,2.823265071e-23,9.474976059e-20,8.746487487e-17,4.060466661e-15,7.523321402e-14
19,0.02259733636,0.01088990426,0.004709060507,0.001972809596,0.01410340234,0.004222284853,0.01184532104,0.02751766834,0.05037255025,0.07986043455,0.03202795073,0.01543463267,0.006674317194,0.002796134466,0.01525601964,0.004222287743,0.01184531675,0.02751763162,0.05037243612,0.07986023939,0.0004272421809,0.0001448710582,4.407908178e-05,1.334956643e-05,0.0005173214284,2.905085485e-05,0.0001313015738,0.0004749553055,0.001198668461,0.002504423375,0.0003014409305,0.0001022137674,3.109996981e-05,9.41877191e-06,0.0004782369461,2.905083496e-05,0.0001313016214,0.0004749559393,0.001198671177,0.002504429495,0.01055267285,0.004013596473,0.001369772162,0.0004612230561,0.004440184164,0.0004716055378,0.001364313267,0.003261085863,0.005847418976,0.009082668111,0.01542408976,0.005866392818,0.0020021017,0.0006741385217,0.004836472037,0.0004716058891,0.001364312729,0.003261081128,0.005847404559,0.009082643956,0.0002206419612,5.985102502e-05,1.456795105e-05,3.590581294e-06,0.0001763145936,3.561885896e-06,1.629900246e-05,5.963898889e-05,0.0001453078479,0.0002936459686,0.0001509562296,4.094813804e-05,9.966913175e-06,2.456555774e-06,0.0001618678368,3.561883243e-06,1.629900888e-05,5.96390755e-05,0.0001453082062,0.0002936467495,2.265877395e-07,2.781487374e-08,2.584241355e-09,2.251056961e-10,1.101639515e-05,3.803885313e-09,1.126603106e-07,1.941418829e-06,1.357060351e-05,6.320291077e-05,3.411392221e-10,2.634469764e-11,1.398484833e-12,6.671255216e-14,9.575153749e-07,6.664603036e-12,6.581807655e-10,3.121889552e-08,4.08221189e-07,3.130813577e-06,5.60753259e-10,7.06568287e-11,6.377459453e-12,5.15096288e-13,1.815030827e-06,6.977961402e-11,4.331787484e-09,1.397123005e-07,1.451606348e-06,9.231418033e-06,1.855647813e-10,2.690586959e-11,2.794536213e-12,2.569387848e-13,1.502856941e-06,5.290027455e-11,3.292539434e-09,1.06451536e-07,1.096690608e-06,6.88814201e-06,3.558240058e-11,6.160278959e-12,7.639707719e-13,8.273441412e-14,1.058863785e-06,2.861850713e-11,1.787117311e-09,5.795683716e-08,5.845695972e-07,3.574421485e-06,5.453634049e-13,9.284290312e-14,1.086461672e-14,1.07512158e-15,3.057186793e-07,9.839713102e-13,9.835817647e-11,4.718070647e-09,5.758507595e-08,4.026023081e-07,6.218933209e-18,4.93814149e-19,2.305099962e-20,8.49979777e-22,7.543888171e-09,5.080595273e-18,3.604020032e-15,8.966039049e-13,2.554001471e-11,3.402072796e-10,1.449512299e-17,1.05153923e-18,4.484434158e-20,1.521252109e-21,7.793086905e-09,3.976426064e-18,2.783708152e-15,6.840777312e-13,1.899736002e-11,2.471454406e-10,4.500204954e-17,3.008995906e-18,1.18274058e-19,3.721285087e-21,9.136855943e-09,4.222668123e-18,2.814534363e-15,6.608446078e-13,1.754106035e-11,2.19119626e-10,1.088816296e-21,3.756437044e-23,6.77246576e-25,9.347816742e-27,3.425569378e-10,2.864487095e-23,9.623050912e-20,8.891527984e-17,4.135349816e-15,7.677957983e-14
20,0.02259733597,0.01088990377,0.004709060163,0.001972809401,0.01410340143,0.004222284692,0.01184532086,0.02751766851,0.05037255156,0.07986043861,0.03202795018,0.01543463198,0.006674316707,0.002796134189,0.01525601866,0.004222287582,0.01184531657,0.02751763179,0.05037243743,0.07986024344,0.0004272421701,0.0001448710486,4.407907705e-05,1.334956449e-05,0.0005173213758,2.905085209e-05,0.0001313015644,0.0004749552817,0.001198668424,0.002504423355,0.0003014409229,0.0001022137606,3.109996646e-05,9.41877054e-06,0.0004782368975,2.905083221e-05,0.000131301612,0.0004749559154,0.00119867114,0.002504429475,0.01055267276,0.004013596383,0.001369772112,0.0004612230335,0.00444018407,0.0004716055602,0.001364313372,0.003261086205,0.005847419752,0.009082669672,0.01542408963,0.005866392687,0.002002101627,0.0006741384887,0.004836471934,0.0004716059114,0.001364312834,0.003261081469,0.005847405335,0.009082645517,0.0002206419576,5.985102246e-05,1.456795004e-05,3.590580958e-06,0.0001763145836,3.56188587e-06,1.629900283e-05,5.963899191e-05,0.0001453078592,0.0002936460025,0.0001509562271,4.094813629e-05,9.966912484e-06,2.456555543e-06,0.0001618678277,3.561883218e-06,1.629900925e-05,5.963907851e-05,0.0001453082175,0.0002936467834,2.26587724e-07,2.781486875e-08,2.584240604e-09,2.251056077e-10,1.101639275e-05,3.803884154e-09,1.12660282e-07,1.941418427e-06,1.35706012e-05,6.320290263e-05,3.411391868e-10,2.634469048e-11,1.398484217e-12,6.671251244e-14,9.575150813e-07,6.664599527e-12,6.581804585e-10,3.12188827e-08,4.082210357e-07,3.130812505e-06,5.607387552e-10,7.065039626e-11,6.376463251e-12,5.149848424e-13,1.814656398e-06,6.974129699e-11,4.329617869e-09,1.39648585e-07,1.45097952e-06,9.227624491e-06,1.858624191e-10,2.694410259e-11,2.797996015e-12,2.572135112e-13,1.502788704e-06,5.286162909e-11,3.290308239e-09,1.063846265e-07,1.096024822e-06,6.884097626e-06,3.571286258e-11,6.180818506e-12,7.662642249e-13,8.295742406e-14,1.059030936e-06,2.859104343e-11,1.785507253e-09,5.790778297e-08,5.840853195e-07,3.5715273e-06,5.506407711e-13,9.365015481e-14,1.094842412e-14,1.082442172e-15,3.059975673e-07,9.835788884e-13,9.833031807e-11,4.717240749e-09,5.758036765e-08,4.026124521e-07,6.409135087e-18,5.071201376e-19,2.358853043e-20,8.669652265e-22,7.569435131e-09,5.099128812e-18,3.618533066e-15,9.005300913e-13,2.56661075e-11,3.421028577e-10,1.514325798e-17,1.092580615e-18,4.634109143e-20,1.564129318e-21,7.834267984e-09,4.006762824e-18,2.806601981e-15,6.900819485e-13,1.918260796e-11,2.498275138e-10,4.770968203e-17,3.166097275e-18,1.235152504e-19,3.859260687e-21,9.203747272e-09,4.272931943e-18,2.850386677e-15,6.697753923e-13,1.780319747e-11,2.227473439e-10,1.169476278e-21,3.997839058e-23,7.14181173e-25,9.774417736e-27,3.454051163e-10,2.906896253e-23,9.775244333e-20,9.040501939e-17,4.212303378e-15,7.837022773e-14
21,0.02259733559,0.01088990328,0.004709059821,0.001972809207,0.01410340052,0.004222284532,0.01184532068,0.02751766868,0.05037255286,0.07986044263,0.03202794963,0.01543463129,0.006674316222,0.002796133915,0.01525601767,0.004222287422,0.01184531639,0.02751763196,0.05037243874,0.07986024747,0.0004272421593,0.000144871039,4.407907234e-05,1.334956256e-05,0.0005173213236,2.905084936e-05,0.0001313015551,0.0004749552579,0.001198668386,0.002504423335,0.0003014409153,0.0001022137539,3.109996314e-05,9.418769179e-06,0.0004782368492,2.905082947e-05,0.0001313016026,0.0004749558917,0.001198671102,0.002504429455,0.01055267267,0.004013596294,0.001369772063,0.0004612230111,0.004440183977,0.0004716055824,0.001364313476,0.003261086544,0.005847420524,0.009082671225,0.0154240895,0.005866392557,0.002002101555,0.0006741384559,0.004836471832,0.0004716059337,0.001364312938,0.003261081809,0.005847406107,0.00908264707,0.0002206419541,5.985101991e-05,1.456794904e-05,3.590580623e-06,0.0001763145737,3.561885845e-06,1.62990032e-05,5.963899491e-05,0.0001453078704,0.0002936460362,0.0001509562246,4.094813454e-05,9.966911798e-06,2.456555314e-06,0.0001618678186,3.561883193e-06,1.629900962e-05,5.963908151e-05,0.0001453082287,0.0002936468171,2.265877086e-07,2.781486379e-08,2.584239858e-09,2.251055197e-10,1.101639035e-05,3.803883001e-09,1.126602535e-07,1.941418028e-06,1.35705989e-05,6.320289453e-05,3.411391517e-10,2.634468336e-11,1.398483605e-12,6.671247294e-14,9.575147892e-07,6.664596038e-12,6.581801532e-10,3.121886995e-08,4.082208833e-07,3.130811438e-06,5.607248751e-10,7.064402057e-11,6.375470257e-12,5.148735172e-13,1.81428247e-06,6.970305241e-11,4.327452464e-09,1.395849973e-07,1.450354009e-06,9.223839384e-06,1.86159683e-10,2.698220515e-11,2.801434543e-12,2.574856416e-13,1.502713932e-06,5.282261365e-11,3.288056937e-09,1.063171552e-07,1.095353898e-06,6.880024809e-06,3.584338161e-11,6.201324198e-12,7.685482305e-13,8.317890289e-14,1.059187373e-06,2.856309215e-11,1.783870476e-09,5.785797487e-08,5.835942278e-07,3.568595937e-06,5.55942287e-13,9.445939969e-14,1.103223823e-14,1.089744601e-15,3.062704827e-07,9.831528525e-13,9.829943339e-11,4.716280673e-09,5.757417793e-08,4.026129086e-07,6.603817912e-18,5.206830623e-19,2.413406113e-20,8.841298625e-22,7.594749781e-09,5.117381232e-18,3.632871576e-15,9.04418847e-13,2.579127805e-11,3.43988347e-10,1.58149551e-17,1.13486316e-18,4.787377016e-20,1.60778076e-21,7.875217782e-09,4.036990385e-18,2.829451067e-15,6.960828451e-13,1.936805934e-11,2.525169649e-10,5.055136582e-17,3.329624033e-18,1.289246908e-19,4.000503183e-21,9.270104164e-09,4.322956846e-18,2.886160257e-15,6.787060956e-13,1.80660049e-11,2.263935662e-10,1.255609428e-21,4.253355708e-23,7.529359629e-25,1.021852358e-26,3.482800212e-10,2.950286581e-23,9.930812804e-20,9.192677857e-17,4.290951948e-15,7.999747747e-14
22,0.02259733521,0.0108899028,0.004709059483,0.001972809016,0.01410339962,0.004222284374,0.0118453205,0.02751766884,0.05037255415,0.07986044662,0.03202794909,0.0154346306,0.006674315743,0.002796133643,0.0152560167,0.004222287264,0.01184531621,0.02751763212,0.05037244003,0.07986025145,0.0004272421487,0.0001448710296,4.407906768e-05,1.334956065e-05,0.000517321272,2.905084665e-05,0.0001313015458,0.0004749552345,0.001198668349,0.002504423315,0.0003014409078,0.0001022137472,3.109995986e-05,9.418767832e-06,0.0004782368015,2.905082677e-05,0.0001313015934,0.0004749558683,0.001198671065,0.002504429435,0.01055267259,0.004013596206,0.001369772014,0.0004612229889,0.004440183884,0.0004716056044,0.00136431358,0.00326108688,0.005847421287,0.00908267276,0.01542408937,0.005866392428,0.002002101484,0.0006741384234,0.004836471731,0.0004716059556,0.001364313042,0.003261082145,0.00584740687,0.009082648605,0.0002206419505,5.985101739e-05,1.456794805e-05,3.590580292e-06,0.0001763145639,3.561885821e-06,1.629900356e-05,5.963899787e-05,0.0001453078814,0.0002936460695,0.0001509562222,4.094813282e-05,9.966911118e-06,2.456555088e-06,0.0001618678095,3.561883168e-06,1.629900999e-05,5.963908448e-05,0.0001453082397,0.0002936468504,2.265876934e-07,2.781485888e-08,2.58423912e-09,2.251054327e-10,1.101638799e-05,3.803881862e-09,1.126602254e-07,1.941417633e-06,1.357059663e-05,6.320288652e-05,3.41139117e-10,2.634467632e-11,1.398483e-12,6.671243389e-14,9.575145004e-07,6.664592587e-12,6.581798512e-10,3.121885734e-08,4.082207327e-07,3.130810384e-06,5.607116803e-10,7.063773644e-11,6.374486053e-12,5.147629448e-13,1.81391117e-06,6.96650975e-11,4.325303564e-09,1.395218982e-07,1.449733363e-06,9.22008417e-06,1.864548845e-10,2.701996252e-11,2.804832623e-12,2.57753679e-13,1.50263322e-06,5.278346243e-11,3.285799003e-09,1.062495246e-07,1.094681826e-06,6.875947709e-06,3.597321403e-11,6.221679837e-12,7.708099398e-13,8.33976158e-14,1.059332468e-06,2.853482782e-11,1.78221714e-09,5.780772027e-08,5.830993352e-07,3.565645279e-06,5.61237516e-13,9.526599788e-14,1.111557994e-14,1.096987327e-15,3.065360101e-07,9.826966238e-13,9.826578635e-11,4.715199609e-09,5.756658375e-08,4.026039425e-07,6.801903641e-18,5.344261196e-19,2.468445106e-20,9.013738971e-22,7.619692603e-09,5.135255167e-18,3.646957818e-15,9.08248833e-13,2.591483231e-11,3.458532032e-10,1.650681634e-17,1.178160213e-18,4.943379848e-20,1.65195516e-21,7.915707247e-09,4.066939506e-18,2.852126653e-15,7.020464412e-13,1.955265896e-11,2.551984319e-10,5.351469771e-17,3.498763158e-18,1.344728504e-19,4.14419377e-21,9.335552333e-09,4.372454545e-18,2.921648048e-15,6.875848933e-13,1.832795248e-11,2.300370257e-10,1.347012998e-21,4.522150934e-23,7.933549238e-25,1.067810189e-26,3.511653734e-10,2.994425197e-23,1.008891939e-19,9.347235e-17,4.370873189e-15,8.165264588e-14
23,0.02259733483,0.01088990232,0.004709059151,0.001972808827,0.01410339874,0.004222284218,0.01184532033,0.02751766901,0.05037255542,0.07986045054,0.03202794856,0.01543462993,0.006674315272,0.002796133376,0.01525601575,0.004222287108,0.01184531604,0.02751763229,0.0503724413,0.07986025537,0.0004272421383,0.0001448710203,4.40790631e-05,1.334955878e-05,0.0005173212212,2.905084399e-05,0.0001313015367,0.0004749552114,0.001198668313,0.002504423295,0.0003014409005,0.0001022137406,3.109995663e-05,9.418766509e-06,0.0004782367545,2.905082411e-05,0.0001313015843,0.0004749558452,0.001198671029,0.002504429416,0.0105526725,0.004013596119,0.001369771966,0.0004612229671,0.004440183793,0.000471605626,0.001364313682,0.003261087211,0.005847422037,0.00908267427,0.01542408924,0.005866392301,0.002002101414,0.0006741383916,0.004836471632,0.0004716059772,0.001364313144,0.003261082475,0.00584740762,0.009082650115,0.0002206419471,5.985101492e-05,1.456794707e-05,3.590579966e-06,0.0001763145542,3.561885796e-06,1.629900392e-05,5.963900079e-05,0.0001453078923,0.0002936461022,0.0001509562198,4.094813113e-05,9.966910451e-06,2.456554865e-06,0.0001618678007,3.561883144e-06,1.629901035e-05,5.963908739e-05,0.0001453082506,0.0002936468832,2.265876784e-07,2.781485406e-08,2.584238394e-09,2.251053472e-10,1.101638566e-05,3.803880741e-09,1.126601977e-07,1.941417245e-06,1.35705944e-05,6.320287865e-05,3.411390828e-10,2.63446694e-11,1.398482405e-12,6.671239549e-14,9.575142165e-07,6.664589195e-12,6.581795544e-10,3.121884494e-08,4.082205845e-07,3.130809347e-06,5.606992208e-10,7.063157824e-11,6.373516269e-12,5.146537686e-13,1.813544658e-06,6.962765248e-11,4.323183632e-09,1.394596535e-07,1.449121177e-06,9.216380581e-06,1.867463075e-10,2.705715824e-11,2.80817113e-12,2.5801615e-13,1.502547313e-06,5.274442217e-11,3.28354861e-09,1.061821575e-07,1.094012786e-06,6.871891566e-06,3.610159897e-11,6.241767474e-12,7.730364359e-13,8.361233506e-14,1.059465808e-06,2.850643869e-11,1.780558173e-09,5.775734858e-08,5.826038584e-07,3.562694355e-06,5.664948238e-13,9.606516596e-14,1.119795988e-14,1.104128343e-15,3.067928313e-07,9.822143912e-13,9.822970918e-11,4.714009647e-09,5.75576945e-08,4.025860264e-07,7.002184244e-18,5.482648068e-19,2.523630701e-20,9.185913536e-22,7.644126121e-09,5.152657176e-18,3.660716132e-15,9.119990598e-13,2.603608138e-11,3.476868757e-10,1.721479544e-17,1.222210278e-18,5.101155873e-20,1.69637783e-21,7.955507485e-09,4.096439648e-18,2.874498166e-15,7.079380928e-13,1.973532423e-11,2.578560556e-10,5.658367563e-17,3.67252577e-18,1.401254905e-19,4.289419202e-21,9.399721867e-09,4.421136703e-18,2.956640809e-15,6.963589545e-13,1.858746475e-11,2.3365561e-10,1.443347253e-21,4.803025939e-23,8.352341343e-25,1.115064937e-26,3.540439093e-10,3.039050629e-23,1.024862798e-19,9.503257979e-17,4.451594889e-15,8.332598147e-14
24,0.02259733446,0.01088990186,0.004709058826,0.001972808643,0.01410339788,0.004222284066,0.01184532016,0.02751766916,0.05037255666,0.07986045436,0.03202794804,0.01543462927,0.006674314812,0.002796133115,0.01525601482,0.004222286956,0.01184531587,0.02751763245,0.05037244254,0.0798602592,0.0004272421281,0.0001448710112,4.407905863e-05,1.334955695e-05,0.0005173211716,2.905084139e-05,0.0001313015278,0.0004749551889,0.001198668277,0.002504423276,0.0003014408933,0.0001022137342,3.109995347e-05,9.418765216e-06,0.0004782367087,2.905082151e-05,0.0001313015754,0.0004749558227,0.001198670993,0.002504429397,0.01055267241,0.004013596034,0.001369771919,0.0004612229457,0.004440183704,0.0004716056471,0.001364313781,0.003261087533,0.00584742277,0.009082675745,0.01542408912,0.005866392178,0.002002101345,0.0006741383604,0.004836471535,0.0004716059983,0.001364313243,0.003261082798,0.005847408353,0.00908265159,0.0002206419437,5.98510125e-05,1.456794612e-05,3.590579649e-06,0.0001763145448,3.561885773e-06,1.629900427e-05,5.963900364e-05,0.0001453079029,0.0002936461342,0.0001509562175,4.094812947e-05,9.966909799e-06,2.456554648e-06,0.000161867792,3.56188312e-06,1.62990107e-05,5.963909024e-05,0.0001453082612,0.0002936469152,2.265876638e-07,2.781484935e-08,2.584237686e-09,2.251052637e-10,1.101638339e-05,3.803879647e-09,1.126601707e-07,1.941416865e-06,1.357059222e-05,6.320287096e-05,3.411390495e-10,2.634466264e-11,1.398481824e-12,6.671235798e-14,9.575139392e-07,6.664585881e-12,6.581792644e-10,3.121883283e-08,4.082204398e-07,3.130808334e-06,5.606875359e-10,7.062557991e-11,6.372566588e-12,5.145466427e-13,1.813185127e-06,6.959094046e-11,4.32110529e-09,1.393986336e-07,1.44852109e-06,9.212750605e-06,1.870322089e-10,2.709357414e-11,2.811430989e-12,2.582716047e-13,1.5024571e-06,5.270575161e-11,3.281320596e-09,1.061154956e-07,1.093351141e-06,6.867882663e-06,3.62277587e-11,6.261467465e-12,7.752147376e-13,8.382184009e-14,1.059587186e-06,2.847812607e-11,1.77890523e-09,5.770721017e-08,5.821112086e-07,3.559763277e-06,5.71681395e-13,9.685198021e-14,1.127887878e-14,1.111125206e-15,3.070397212e-07,9.817110755e-13,9.819159931e-11,4.712725642e-09,5.75476506e-08,4.025598316e-07,7.203317975e-18,5.621067952e-19,2.578598241e-20,9.356701379e-22,7.667914859e-09,5.169497602e-18,3.67407287e-15,9.156488768e-13,2.615434134e-11,3.494788089e-10,1.793416097e-17,1.266715612e-18,5.259637107e-20,1.740750542e-21,7.994389785e-09,4.125318974e-18,2.896433243e-15,7.137225019e-13,1.991494561e-11,2.604734865e-10,5.973840122e-17,3.849737001e-18,1.458435155e-19,4.435171432e-21,9.462247511e-09,4.468715386e-18,2.990927439e-15,7.049745219e-13,1.884292322e-11,2.372263904e-10,1.54411453e-21,5.094373226e-23,8.783168402e-25,1.16331526e-26,3.568973704e-10,3.083871538e-23,1.040889892e-19,9.659732641e-17,4.532592694e-15,8.500661323e-14
25,0.02259733411,0.01088990141,0.004709058511,0.001972808465,0.01410339704,0.004222283918,0.01184532,0.02751766932,0.05037255787,0.07986045808,0.03202794753,0.01543462863,0.006674314365,0.002796132862,0.01525601391,0.004222286808,0.0118453157,0.0275176326,0.05037244374,0.07986026291,0.0004272421182,0.0001448710024,4.407905429e-05,1.334955517e-05,0.0005173211234,2.905083886e-05,0.0001313015192,0.000474955167,0.001198668243,0.002504423258,0.0003014408863,0.000102213728,3.109995041e-05,9.41876396e-06,0.0004782366642,2.905081898e-05,0.0001313015668,0.0004749558008,0.001198670958,0.002504429378,0.01055267233,0.004013595952,0.001369771874,0.000461222925,0.004440183618,0.0004716056676,0.001364313877,0.003261087847,0.005847423481,0.009082677176,0.015424089,0.005866392057,0.002002101279,0.0006741383301,0.004836471441,0.0004716060188,0.001364313339,0.003261083111,0.005847409064,0.009082653021,0.0002206419404,5.985101015e-05,1.456794519e-05,3.59057934e-06,0.0001763145356,3.56188575e-06,1.629900462e-05,5.96390064e-05,0.0001453079133,0.0002936461653,0.0001509562153,4.094812786e-05,9.966909165e-06,2.456554437e-06,0.0001618677836,3.561883097e-06,1.629901104e-05,5.9639093e-05,0.0001453082715,0.0002936469463,2.265876496e-07,2.781484477e-08,2.584236997e-09,2.251051826e-10,1.101638118e-05,3.803878584e-09,1.126601444e-07,1.941416497e-06,1.357059011e-05,6.320286349e-05,3.411390171e-10,2.634465607e-11,1.39848126e-12,6.671232156e-14,9.575136699e-07,6.664582664e-12,6.581789829e-10,3.121882107e-08,4.082202993e-07,3.13080735e-06,5.606766542e-10,7.061977504e-11,6.371642741e-12,5.144422309e-13,1.812834803e-06,6.955518722e-11,4.319081314e-09,1.393392132e-07,1.447936784e-06,9.209216475e-06,1.873108202e-10,2.712899048e-11,2.814593181e-12,2.585186157e-13,1.502363606e-06,5.266772069e-11,3.279130426e-09,1.060499986e-07,1.092701421e-06,6.863948264e-06,3.635089935e-11,6.280658551e-12,7.773318046e-13,8.402491751e-14,1.059696587e-06,2.845010352e-11,1.777270647e-09,5.76576751e-08,5.816249787e-07,3.556873182e-06,5.767632701e-13,9.76213821e-14,1.135782798e-14,1.117935076e-15,3.072755438e-07,9.811922824e-13,9.815191521e-11,4.711365048e-09,5.753662159e-08,4.02526216e-07,7.403827942e-18,5.758519391e-19,2.632958094e-20,9.524922135e-22,7.690925264e-09,5.185690361e-18,3.686956288e-15,9.191779553e-13,2.626893306e-11,3.512184435e-10,1.865947082e-17,1.311341448e-18,5.417648832e-20,1.784751804e-21,8.032125655e-09,4.153404355e-18,2.917797774e-15,7.193637364e-13,2.009038744e-11,2.630338998e-10,6.295484529e-17,4.029029145e-18,1.51582915e-19,4.580349007e-21,9.52276885e-09,4.51490346e-18,3.02429531e-15,7.133770024e-13,1.90926693e-11,2.407256642e-10,1.648639489e-21,5.394134983e-23,9.222891995e-25,1.212205606e-26,3.597065097e-10,3.128565913e-23,1.056858628e-19,9.815543552e-17,4.613288685e-15,8.66825174e-14
26,0.02259733377,0.01088990098,0.004709058207,0.001972808292,0.01410339624,0.004222283776,0.01184531984,0.02751766947,0.05037255903,0.07986046166,0.03202794705,0.01543462802,0.006674313934,0.002796132618,0.01525601304,0.004222286666,0.01184531554,0.02751763275,0.0503724449,0.07986026649,0.0004272421086,0.0001448709939,4.40790501e-05,1.334955345e-05,0.000517321077,2.905083643e-05,0.0001313015109,0.0004749551459,0.001198668209,0.00250442324,0.0003014408795,0.000102213722,3.109994745e-05,9.418762751e-06,0.0004782366213,2.905081655e-05,0.0001313015585,0.0004749557797,0.001198670925,0.00250442936,0.01055267225,0.004013595873,0.00136977183,0.0004612229051,0.004440183535,0.0004716056873,0.00136431397,0.003261088148,0.005847424167,0.009082678556,0.01542408888,0.005866391942,0.002002101215,0.000674138301,0.00483647135,0.0004716060386,0.001364313432,0.003261083413,0.00584740975,0.009082654401,0.0002206419372,5.985100788e-05,1.45679443e-05,3.590579043e-06,0.0001763145268,3.561885727e-06,1.629900494e-05,5.963900907e-05,0.0001453079232,0.0002936461952,0.0001509562131,4.094812632e-05,9.966908555e-06,2.456554233e-06,0.0001618677755,3.561883075e-06,1.629901137e-05,5.963909567e-05,0.0001453082815,0.0002936469762,2.265876359e-07,2.781484036e-08,2.584236334e-09,2.251051044e-10,1.101637906e-05,3.80387756e-09,1.126601192e-07,1.941416142e-06,1.357058807e-05,6.32028563e-05,3.411389859e-10,2.634464975e-11,1.398480716e-12,6.671228647e-14,9.575134104e-07,6.664579564e-12,6.581787116e-10,3.121880974e-08,4.082201639e-07,3.130806403e-06,5.606665947e-10,7.061419688e-11,6.370750507e-12,5.143412065e-13,1.812495937e-06,6.952062103e-11,4.317124616e-09,1.392817711e-07,1.447371977e-06,9.205800647e-06,1.87580349e-10,2.716318609e-11,2.817638733e-12,2.587557771e-13,1.502267983e-06,5.263060971e-11,3.276994137e-09,1.059861428e-07,1.092068315e-06,6.860116536e-06,3.647021182e-11,6.299217963e-12,7.793745432e-13,8.422036096e-14,1.059794177e-06,2.84225958e-11,1.775667388e-09,5.760913144e-08,5.811489288e-07,3.554046138e-06,5.817054021e-13,9.836818605e-14,1.143429012e-14,1.124514754e-15,3.074992457e-07,9.806642449e-13,9.811117142e-11,4.709947701e-09,5.75248038e-08,4.024862093e-07,7.602103347e-18,5.893924355e-19,2.686296482e-20,9.689338833e-22,7.713025597e-09,5.201152677e-18,3.699296417e-15,9.225662668e-13,2.637918193e-11,3.528952167e-10,1.938456101e-17,1.355715961e-18,5.573911199e-20,1.828037594e-21,8.068486831e-09,4.18052141e-18,2.938455979e-15,7.248252611e-13,2.026048926e-11,2.655200181e-10,6.620469607e-17,4.208838806e-18,1.572948079e-19,4.723760353e-21,9.580930357e-09,4.559414929e-18,3.056530603e-15,7.21511066e-13,1.933500774e-11,2.441290085e-10,1.756051884e-21,5.699768702e-23,9.667770267e-25,1.261324018e-26,3.624511169e-10,3.172780857e-23,1.072643718e-19,9.969473429e-17,4.693050976e-15,8.834050611e-14
27,0.02259733344,0.01088990056,0.004709057917,0.001972808128,0.01410339547,0.00422228364,0.01184531968,0.02751766961,0.05037256013,0.07986046508,0.03202794658,0.01543462743,0.006674313523,0.002796132385,0.01525601221,0.00422228653,0.01184531539,0.02751763289,0.05037244601,0.07986026991,0.0004272420995,0.0001448709858,4.40790461e-05,1.334955181e-05,0.0005173210326,2.905083411e-05,0.0001313015029,0.0004749551258,0.001198668177,0.002504423223,0.0003014408731,0.0001022137163,3.109994463e-05,9.418761594e-06,0.0004782365802,2.905081422e-05,0.0001313015505,0.0004749557596,0.001198670893,0.002504429343,0.01055267218,0.004013595797,0.001369771788,0.000461222886,0.004440183455,0.0004716057062,0.001364314059,0.003261088437,0.005847424823,0.009082679875,0.01542408877,0.005866391831,0.002002101154,0.0006741382731,0.004836471264,0.0004716060574,0.001364313521,0.003261083701,0.005847410406,0.00908265572,0.0002206419341,5.985100572e-05,1.456794345e-05,3.590578758e-06,0.0001763145184,3.561885706e-06,1.629900526e-05,5.963901161e-05,0.0001453079327,0.0002936462239,0.000150956211,4.094812483e-05,9.966907972e-06,2.456554039e-06,0.0001618677678,3.561883053e-06,1.629901169e-05,5.963909822e-05,0.000145308291,0.0002936470048,2.265876228e-07,2.781483615e-08,2.5842357e-09,2.251050297e-10,1.101637702e-05,3.803876581e-09,1.12660095e-07,1.941415803e-06,1.357058612e-05,6.320284942e-05,3.41138956e-10,2.63446437e-11,1.398480196e-12,6.671225292e-14,9.575131624e-07,6.6645766e-12,6.581784523e-10,3.121879891e-08,4.082200345e-07,3.130805497e-06,5.60657368e-10,7.060887835e-11,6.369895705e-12,5.142442514e-13,1.812170808e-06,6.948747241e-11,4.315248234e-09,1.392266896e-07,1.446830423e-06,9.202525781e-06,1.878389812e-10,2.719593847e-11,2.820548722e-12,2.589817023e-13,1.502171498e-06,5.259470823e-11,3.274928287e-09,1.059244194e-07,1.091456652e-06,6.856416454e-06,3.658487303e-11,6.317021553e-12,7.813298124e-13,8.440697078e-14,1.059880286e-06,2.839583773e-11,1.774108977e-09,5.756198346e-08,5.806869688e-07,3.551305056e-06,5.864717336e-13,9.908708957e-14,1.150773991e-14,1.130820732e-15,3.077098483e-07,9.801337572e-13,9.806993263e-11,4.708495578e-09,5.751241759e-08,4.02440996e-07,7.796403721e-18,6.026131525e-19,2.738176821e-20,9.848661848e-22,7.734085789e-09,5.215804763e-18,3.71102489e-15,9.257940555e-13,2.648441744e-11,3.544985635e-10,2.010255132e-17,1.399431097e-18,5.727043189e-20,1.870242566e-21,8.103245288e-09,4.20649456e-18,2.958270521e-15,7.300699794e-13,2.042406753e-11,2.679141432e-10,6.945531125e-17,4.387408782e-18,1.629256026e-19,4.864129062e-21,9.636381315e-09,4.601965205e-18,3.087418627e-15,7.29320753e-13,1.956821068e-11,2.474113472e-10,1.865273312e-21,6.008223301e-23,1.011343889e-24,1.310201217e-26,3.651100641e-10,3.216133065e-23,1.088109348e-19,1.012020485e-16,4.771194527e-15,8.996624237e-14
28,0.02259733313,0.01088990017,0.004709057642,0.001972807972,0.01410339474,0.004222283511,0.01184531954,0.02751766975,0.05037256118,0.07986046832,0.03202794614,0.01543462687,0.006674313133,0.002796132164,0.01525601142,0.004222286401,0.01184531525,0.02751763303,0.05037244706,0.07986027316,0.0004272420909,0.0001448709781,4.407904231e-05,1.334955026e-05,0.0005173209906,2.90508319e-05,0.0001313014954,0.0004749551067,0.001198668147,0.002504423207,0.000301440867,0.0001022137109,3.109994196e-05,9.418760498e-06,0.0004782365414,2.905081202e-05,0.000131301543,0.0004749557405,0.001198670863,0.002504429327,0.0105526721,0.004013595725,0.001369771749,0.000461222868,0.00444018338,0.0004716057241,0.001364314144,0.00326108871,0.005847425444,0.009082681125,0.01542408867,0.005866391726,0.002002101096,0.0006741382467,0.004836471182,0.0004716060753,0.001364313606,0.003261083975,0.005847411027,0.00908265697,0.0002206419313,5.985100367e-05,1.456794264e-05,3.590578489e-06,0.0001763145104,3.561885686e-06,1.629900556e-05,5.963901403e-05,0.0001453079417,0.000293646251,0.000150956209,4.094812343e-05,9.966907419e-06,2.456553854e-06,0.0001618677604,3.561883033e-06,1.629901198e-05,5.963910063e-05,0.0001453083,0.0002936470319,2.265876104e-07,2.781483216e-08,2.5842351e-09,2.251049589e-10,1.10163751e-05,3.803875654e-09,1.126600721e-07,1.941415482e-06,1.357058427e-05,6.32028429e-05,3.411389278e-10,2.634463797e-11,1.398479704e-12,6.671222113e-14,9.575129273e-07,6.664573792e-12,6.581782066e-10,3.121878864e-08,4.082199118e-07,3.130804638e-06,5.606489773e-10,7.060385217e-11,6.369084193e-12,5.141520549e-13,1.811861719e-06,6.94559738e-11,4.313465315e-09,1.391743542e-07,1.446315907e-06,9.199414709e-06,1.880848836e-10,2.722702397e-11,2.82330427e-12,2.591950225e-13,1.502075517e-06,5.256031385e-11,3.272949879e-09,1.058653325e-07,1.090871384e-06,6.852877698e-06,3.669404738e-11,6.333943958e-12,7.831844316e-13,8.458355357e-14,1.05995539e-06,2.837007279e-11,1.772609425e-09,5.751664942e-08,5.802431382e-07,3.548673572e-06,5.910252966e-13,9.977268574e-14,1.157764515e-14,1.136809241e-15,3.079064395e-07,9.796080984e-13,9.802880697e-11,4.70703251e-09,5.74997042e-08,4.023918945e-07,7.984866514e-18,6.153921394e-19,2.7881416e-20,1.0001554e-21,7.75397726e-09,5.22956944e-18,3.722074745e-15,9.28841805e-13,2.658397273e-11,3.560179172e-10,2.080587065e-17,1.442044357e-18,5.875569154e-20,1.910981776e-21,8.136173237e-09,4.231147116e-18,2.977102641e-15,7.350602876e-13,2.057991791e-11,2.701981966e-10,7.266979412e-17,4.56279537e-18,1.684172812e-19,5.000101234e-21,9.688775585e-09,4.642271284e-18,3.116744129e-15,7.367495861e-13,1.979052216e-11,2.505470294e-10,1.97500963e-21,6.315929327e-23,1.055490933e-24,1.358311262e-26,3.676613748e-10,3.258210098e-23,1.103109629e-19,1.026632459e-16,4.846983356e-15,9.154428526e-14
29,0.02259733284,0.0108898998,0.004709057384,0.001972807826,0.01410339405,0.00422228339,0.01184531941,0.02751766987,0.05037256217,0.07986047136,0.03202794573,0.01543462635,0.006674312767,0.002796131956,0.01525601068,0.00422228628,0.01184531511,0.02751763315,0.05037244804,0.0798602762,0.0004272420827,0.0001448709709,4.407903876e-05,1.33495488e-05,0.0005173209512,2.905082984e-05,0.0001313014883,0.0004749550888,0.001198668119,0.002504423192,0.0003014408613,0.0001022137058,3.109993945e-05,9.418759471e-06,0.0004782365049,2.905080996e-05,0.0001313015359,0.0004749557226,0.001198670835,0.002504429312,0.01055267204,0.004013595658,0.001369771712,0.000461222851,0.004440183309,0.0004716057408,0.001364314223,0.003261088967,0.005847426026,0.009082682296,0.01542408857,0.005866391628,0.002002101042,0.000674138222,0.004836471105,0.0004716060921,0.001364313685,0.003261084231,0.005847411609,0.009082658141,0.0002206419286,5.985100175e-05,1.456794188e-05,3.590578236e-06,0.0001763145029,3.561885667e-06,1.629900583e-05,5.963901629e-05,0.0001453079501,0.0002936462764,0.0001509562072,4.094812212e-05,9.966906901e-06,2.456553681e-06,0.0001618677536,3.561883014e-06,1.629901226e-05,5.963910289e-05,0.0001453083084,0.0002936470574,2.265875988e-07,2.781482841e-08,2.584234536e-09,2.251048925e-10,1.101637329e-05,3.803874784e-09,1.126600506e-07,1.94141518e-06,1.357058254e-05,6.320283679e-05,3.411389013e-10,2.634463259e-11,1.398479242e-12,6.671219133e-14,9.575127069e-07,6.664571158e-12,6.581779761e-10,3.121877902e-08,4.082197969e-07,3.130803833e-06,5.606414194e-10,7.059915081e-11,6.368321862e-12,5.140653127e-13,1.811570988e-06,6.942635925e-11,4.311789095e-09,1.391251531e-07,1.445832237e-06,9.196490412e-06,1.883162068e-10,2.7256218e-11,2.825886539e-12,2.593943836e-13,1.501981491e-06,5.252773086e-11,3.271076289e-09,1.058093968e-07,1.090317563e-06,6.849530533e-06,3.679688862e-11,6.349858778e-12,7.849251874e-13,8.474892143e-14,1.06002008e-06,2.834555166e-11,1.77118314e-09,5.747355916e-08,5.798215837e-07,3.546175922e-06,5.953283338e-13,1.004194782e-13,1.164346779e-14,1.142436307e-15,3.080881626e-07,9.790949469e-13,9.798843843e-11,4.705583859e-09,5.748692216e-08,4.023403351e-07,8.165518301e-18,6.276013311e-19,2.83571482e-20,1.014663685e-21,7.772572709e-09,5.24237171e-18,3.732380199e-15,9.316902005e-13,2.667718401e-11,3.574427101e-10,2.148630454e-17,1.483081656e-18,6.01792813e-20,1.949852934e-21,8.167043116e-09,4.25430139e-18,2.99481234e-15,7.397581408e-13,2.072681798e-11,2.723537697e-10,7.58072134e-17,4.732881716e-18,1.737078184e-19,5.130254941e-21,9.737771225e-09,4.680051834e-18,3.14429158e-15,7.437406891e-13,2.000016322e-11,2.535099205e-10,2.083750794e-21,6.618806885e-23,1.09865881e-24,1.405074091e-26,3.700823148e-10,3.298572557e-23,1.117489353e-19,1.040633091e-16,4.919634322e-15,9.305816954e-14
30,0.02259733257,0.01088989946,0.004709057145,0.00197280769,0.01410339342,0.004222283278,0.01184531928,0.02751766999,0.05037256308,0.07986047418,0.03202794534,0.01543462587,0.006674312428,0.002796131764,0.01525600999,0.004222286168,0.01184531499,0.02751763327,0.05037244896,0.07986027901,0.0004272420752,0.0001448709642,4.407903546e-05,1.334954745e-05,0.0005173209147,2.905082792e-05,0.0001313014818,0.0004749550722,0.001198668093,0.002504423178,0.000301440856,0.000102213701,3.109993713e-05,9.418758519e-06,0.0004782364712,2.905080804e-05,0.0001313015294,0.000474955706,0.001198670809,0.002504429298,0.01055267198,0.004013595596,0.001369771677,0.0004612228353,0.004440183243,0.0004716057564,0.001364314296,0.003261089204,0.005847426565,0.009082683382,0.01542408848,0.005866391537,0.002002100991,0.000674138199,0.004836471033,0.0004716061076,0.001364313758,0.003261084469,0.005847412148,0.009082659227,0.0002206419261,5.985099997e-05,1.456794118e-05,3.590578002e-06,0.000176314496,3.56188565e-06,1.629900609e-05,5.963901839e-05,0.000145307958,0.0002936463,0.0001509562055,4.09481209e-05,9.966906421e-06,2.456553521e-06,0.0001618677472,3.561882997e-06,1.629901252e-05,5.963910499e-05,0.0001453083162,0.0002936470809,2.26587588e-07,2.781482494e-08,2.584234015e-09,2.251048311e-10,1.101637162e-05,3.803873978e-09,1.126600307e-07,1.941414901e-06,1.357058094e-05,6.320283113e-05,3.411388767e-10,2.634462762e-11,1.398478814e-12,6.671216373e-14,9.575125028e-07,6.66456872e-12,6.581777627e-10,3.121877011e-08,4.082196904e-07,3.130803088e-06,5.606346864e-10,7.059480661e-11,6.36761463e-12,5.139847254e-13,1.811300952e-06,6.939886406e-11,4.31023288e-09,1.390794762e-07,1.445383241e-06,9.19377598e-06,1.885310888e-10,2.728329523e-11,2.828276724e-12,2.595784438e-13,1.501890937e-06,5.249726868e-11,3.269325179e-09,1.057571354e-07,1.08980032e-06,6.846405673e-06,3.689254185e-11,6.364638794e-12,7.865388428e-13,8.49018912e-14,1.060075048e-06,2.832253048e-11,1.769844842e-09,5.743315141e-08,5.794265346e-07,3.543836804e-06,5.993424434e-13,1.010218983e-13,1.170466518e-14,1.147657806e-15,3.082542049e-07,9.786022871e-13,9.794949853e-11,4.704176169e-09,5.747434332e-08,4.022878339e-07,8.336289883e-18,6.391074579e-19,2.880405027e-20,1.02824982e-21,7.78974586e-09,5.254138269e-18,3.741876392e-15,9.343200857e-13,2.676338995e-11,3.587623737e-10,2.213506692e-17,1.522041312e-18,6.15248607e-20,1.986439222e-21,8.195627565e-09,4.275778848e-18,3.011258591e-15,7.441251325e-13,2.086353056e-11,2.743621832e-10,7.882298365e-17,4.895397706e-18,1.787317417e-19,5.253111824e-21,9.783029956e-09,4.715027198e-18,3.169845437e-15,7.502369089e-13,2.019533736e-11,2.562735054e-10,2.189779873e-21,6.912294872e-23,1.140232076e-24,1.4498602e-26,3.7234951e-10,3.336757249e-23,1.131085095e-19,1.05386441e-16,4.988322647e-15,9.449052309e-14
31,0.02259733232,0.01088989915,0.004709056927,0.001972807567,0.01410339284,0.004222283176,0.01184531917,0.0275176701,0.05037256391,0.07986047675,0.032027945,0.01543462543,0.006674312119,0.002796131589,0.01525600936,0.004222286066,0.01184531487,0.02751763338,0.05037244979,0.07986028158,0.0004272420684,0.0001448709581,4.407903246e-05,1.334954622e-05,0.0005173208814,2.905082618e-05,0.0001313014758,0.0004749550571,0.001198668069,0.002504423165,0.0003014408512,0.0001022136967,3.109993501e-05,9.418757651e-06,0.0004782364404,2.90508063e-05,0.0001313015234,0.0004749556908,0.001198670785,0.002504429285,0.01055267192,0.004013595539,0.001369771646,0.000461222821,0.004440183184,0.0004716057705,0.001364314362,0.003261089421,0.005847427057,0.009082684372,0.01542408839,0.005866391453,0.002002100945,0.0006741381781,0.004836470968,0.0004716061218,0.001364313824,0.003261084685,0.00584741264,0.009082660217,0.0002206419238,5.985099834e-05,1.456794054e-05,3.590577789e-06,0.0001763144896,3.561885634e-06,1.629900633e-05,5.96390203e-05,0.0001453079651,0.0002936463214,0.0001509562039,4.094811979e-05,9.966905983e-06,2.456553375e-06,0.0001618677414,3.561882981e-06,1.629901276e-05,5.96391069e-05,0.0001453083234,0.0002936471024,2.265875782e-07,2.781482178e-08,2.584233539e-09,2.25104775e-10,1.10163701e-05,3.803873244e-09,1.126600126e-07,1.941414646e-06,1.357057947e-05,6.320282597e-05,3.411388543e-10,2.634462308e-11,1.398478424e-12,6.671213854e-14,9.575123166e-07,6.664566495e-12,6.581775681e-10,3.121876198e-08,4.082195932e-07,3.130802408e-06,5.606287673e-10,7.059085181e-11,6.366968432e-12,5.139109973e-13,1.811053956e-06,6.937372436e-11,4.308810025e-09,1.390377152e-07,1.44497276e-06,9.191294583e-06,1.887276584e-10,2.730802981e-11,2.830456047e-12,2.597458702e-13,1.501805418e-06,5.246924018e-11,3.267714408e-09,1.057090769e-07,1.089324839e-06,6.843534139e-06,3.698014597e-11,6.378156203e-12,7.880121455e-13,8.504128337e-14,1.060121046e-06,2.830126908e-11,1.768609455e-09,5.739587088e-08,5.790622752e-07,3.541681228e-06,6.030287464e-13,1.015743256e-13,1.17606915e-14,1.152429528e-15,3.084037843e-07,9.781383064e-13,9.791267716e-11,4.702836777e-09,5.746224854e-08,4.022359656e-07,8.495035423e-18,6.497731663e-19,2.921708929e-20,1.040770083e-21,7.805371178e-09,5.264796975e-18,3.7504991e-15,9.367124148e-13,2.684193097e-11,3.599663397e-10,2.274289789e-17,1.558399249e-18,6.2775511e-20,2.020312664e-21,8.221699399e-09,4.295400291e-18,3.026299592e-15,7.481225867e-13,2.09888075e-11,2.762045571e-10,8.16694196e-17,5.04794679e-18,1.834208345e-19,5.367150805e-21,9.824216464e-09,4.746919293e-18,3.193190387e-15,7.561809429e-13,2.037423659e-11,2.588110031e-10,2.291192848e-21,7.191404693e-23,1.179546358e-24,1.4919977e-26,3.744390877e-10,3.372281407e-23,1.143726677e-19,1.066162041e-16,5.052189288e-15,9.582322506e-14
32,0.0225973321,0.01088989887,0.004709056732,0.001972807456,0.01410339232,0.004222283085,0.01184531906,0.02751767019,0.05037256466,0.07986047905,0.03202794468,0.01543462503,0.006674311843,0.002796131433,0.0152560088,0.004222285974,0.01184531477,0.02751763348,0.05037245053,0.07986028388,0.0004272420623,0.0001448709526,4.407902977e-05,1.334954512e-05,0.0005173208516,2.905082462e-05,0.0001313014705,0.0004749550435,0.001198668047,0.002504423153,0.0003014408468,0.0001022136929,3.109993311e-05,9.418756874e-06,0.0004782364128,2.905080473e-05,0.0001313015181,0.0004749556773,0.001198670763,0.002504429274,0.01055267187,0.004013595488,0.001369771618,0.0004612228082,0.00444018313,0.0004716057832,0.001364314422,0.003261089615,0.005847427498,0.009082685258,0.01542408832,0.005866391379,0.002002100904,0.0006741381594,0.00483647091,0.0004716061344,0.001364313884,0.003261084879,0.005847413081,0.009082661103,0.0002206419217,5.985099689e-05,1.456793997e-05,3.590577598e-06,0.000176314484,3.56188562e-06,1.629900654e-05,5.963902201e-05,0.0001453079715,0.0002936463407,0.0001509562025,4.094811879e-05,9.966905591e-06,2.456553245e-06,0.0001618677362,3.561882967e-06,1.629901297e-05,5.963910861e-05,0.0001453083297,0.0002936471216,2.265875694e-07,2.781481895e-08,2.584233113e-09,2.251047248e-10,1.101636873e-05,3.803872586e-09,1.126599964e-07,1.941414418e-06,1.357057816e-05,6.320282135e-05,3.411388343e-10,2.634461901e-11,1.398478075e-12,6.671211601e-14,9.5751215e-07,6.664564504e-12,6.581773939e-10,3.12187547e-08,4.082195063e-07,3.130801799e-06,5.606236493e-10,7.058731864e-11,6.366389214e-12,5.138448344e-13,1.81083235e-06,6.935117671e-11,4.307533904e-09,1.390002621e-07,1.444604643e-06,9.189069426e-06,1.889040396e-10,2.733019566e-11,2.832405747e-12,2.598953346e-13,1.501726519e-06,5.24439599e-11,3.266261923e-09,1.056657527e-07,1.088896329e-06,6.840947098e-06,3.705883631e-11,6.390282886e-12,7.893318378e-13,8.516592087e-14,1.060158865e-06,2.828202897e-11,1.767491996e-09,5.736216502e-08,5.787331155e-07,3.539734346e-06,6.063480778e-13,1.020711093e-13,1.181099927e-14,1.156707235e-15,3.085361348e-07,9.777112848e-13,9.78786727e-11,4.701593389e-09,5.745092291e-08,4.021863325e-07,8.639555738e-18,6.59458354e-19,2.959115624e-20,1.052079239e-21,7.819323553e-09,5.274276263e-18,3.758184426e-15,9.388481995e-13,2.691214843e-11,3.610440405e-10,2.330018846e-17,1.591615427e-18,6.391391837e-20,2.051038071e-21,8.245031566e-09,4.312986076e-18,3.03979306e-15,7.517116644e-13,2.110139403e-11,2.778618892e-10,8.429647298e-17,5.188039917e-18,1.87704987e-19,5.470823886e-21,9.860997558e-09,4.775451423e-18,3.214111562e-15,7.615154693e-13,2.053504788e-11,2.610954936e-10,2.385930489e-21,7.450800928e-23,1.215898531e-24,1.530781922e-26,3.763268453e-10,3.40464802e-23,1.155239014e-19,1.07735697e-16,5.110350256e-15,9.70376066e-14
33,0.02259733191,0.01088989863,0.004709056561,0.001972807359,0.01410339187,0.004222283005,0.01184531898,0.02751767028,0.05037256531,0.07986048106,0.03202794441,0.01543462469,0.006674311602,0.002796131296,0.01525600832,0.004222285895,0.01184531468,0.02751763356,0.05037245118,0.07986028589,0.0004272420569,0.0001448709479,4.407902743e-05,1.334954416e-05,0.0005173208255,2.905082325e-05,0.0001313014658,0.0004749550317,0.001198668029,0.002504423143,0.0003014408431,0.0001022136895,3.109993146e-05,9.418756196e-06,0.0004782363888,2.905080337e-05,0.0001313015134,0.0004749556655,0.001198670745,0.002504429264,0.01055267182,0.004013595444,0.001369771593,0.000461222797,0.004440183084,0.0004716057943,0.001364314474,0.003261089784,0.005847427882,0.009082686031,0.01542408825,0.005866391314,0.002002100868,0.000674138143,0.004836470859,0.0004716061455,0.001364313936,0.003261085048,0.005847413465,0.009082661876,0.00022064192,5.985099562e-05,1.456793947e-05,3.590577431e-06,0.000176314479,3.561885607e-06,1.629900672e-05,5.96390235e-05,0.0001453079771,0.0002936463575,0.0001509562013,4.094811793e-05,9.966905249e-06,2.456553131e-06,0.0001618677316,3.561882954e-06,1.629901315e-05,5.96391101e-05,0.0001453083353,0.0002936471384,2.265875618e-07,2.781481648e-08,2.584232741e-09,2.25104681e-10,1.101636754e-05,3.803872012e-09,1.126599822e-07,1.941414219e-06,1.357057702e-05,6.320281731e-05,3.411388168e-10,2.634461547e-11,1.39847777e-12,6.671209633e-14,9.575120045e-07,6.664562766e-12,6.581772418e-10,3.121874835e-08,4.082194304e-07,3.130801268e-06,5.606193201e-10,7.058423931e-11,6.365882925e-12,5.137869429e-13,1.810638484e-06,6.933145756e-11,4.306417892e-09,1.38967509e-07,1.444282735e-06,9.187123708e-06,1.890583562e-10,2.734956672e-11,2.834107071e-12,2.6002551e-13,1.501655826e-06,5.242174202e-11,3.264985655e-09,1.056276935e-07,1.088519996e-06,6.838675686e-06,3.712774762e-11,6.400890702e-12,7.904846662e-13,8.527462766e-14,1.060189293e-06,2.826507119e-11,1.766507461e-09,5.73324806e-08,5.784433594e-07,3.538021273e-06,6.092612003e-13,1.025065937e-13,1.185504102e-14,1.160446732e-15,3.086504909e-07,9.773294745e-13,9.784818134e-11,4.700473627e-09,5.744065065e-08,4.021405323e-07,8.767625707e-18,6.680217185e-19,2.992111413e-20,1.062031655e-21,7.831477949e-09,5.28250452e-18,3.764868459e-15,9.407084519e-13,2.697338376e-11,3.619849096e-10,2.379713234e-17,1.621141503e-18,6.49225875e-20,2.078177532e-21,8.265397105e-09,4.328356371e-18,3.051596562e-15,7.548534822e-13,2.120003368e-11,2.793151453e-10,8.665265367e-17,5.313136552e-18,1.91513188e-19,5.562573963e-21,9.893041175e-09,4.800348014e-18,3.232394739e-15,7.661832841e-13,2.067596014e-11,2.631000569e-10,2.471823118e-21,7.684910373e-23,1.248560021e-24,1.565487631e-26,3.779884437e-10,3.433352285e-23,1.165444345e-19,1.087277664e-16,5.161907883e-15,9.81146947e-14
34,0.02259733175,0.01088989842,0.004709056418,0.001972807278,0.01410339149,0.004222282938,0.0118453189,0.02751767035,0.05037256586,0.07986048275,0.03202794418,0.0154346244,0.006674311398,0.00279613118,0.0152560079,0.004222285827,0.01184531461,0.02751763363,0.05037245173,0.07986028758,0.0004272420524,0.0001448709438,4.407902545e-05,1.334954335e-05,0.0005173208036,2.90508221e-05,0.0001313014619,0.0004749550218,0.001198668013,0.002504423135,0.0003014408399,0.0001022136867,3.109993006e-05,9.418755624e-06,0.0004782363685,2.905080222e-05,0.0001313015095,0.0004749556555,0.001198670729,0.002504429255,0.01055267179,0.004013595406,0.001369771572,0.0004612227876,0.004440183044,0.0004716058036,0.001364314518,0.003261089927,0.005847428206,0.009082686684,0.0154240882,0.005866391259,0.002002100838,0.0006741381293,0.004836470816,0.0004716061548,0.00136431398,0.003261085191,0.005847413789,0.009082662528,0.0002206419185,5.985099455e-05,1.456793905e-05,3.590577291e-06,0.0001763144748,3.561885597e-06,1.629900688e-05,5.963902476e-05,0.0001453079818,0.0002936463716,0.0001509562003,4.094811719e-05,9.966904961e-06,2.456553034e-06,0.0001618677278,3.561882944e-06,1.629901331e-05,5.963911136e-05,0.00014530834,0.0002936471526,2.265875553e-07,2.781481439e-08,2.584232428e-09,2.25104644e-10,1.101636653e-05,3.803871528e-09,1.126599702e-07,1.941414052e-06,1.357057606e-05,6.320281391e-05,3.41138802e-10,2.634461248e-11,1.398477513e-12,6.671207974e-14,9.575118818e-07,6.6645613e-12,6.581771135e-10,3.121874299e-08,4.082193663e-07,3.13080082e-06,5.606157696e-10,7.058164619e-11,6.365455507e-12,5.137380271e-13,1.810474702e-06,6.93148028e-11,4.305475326e-09,1.389398469e-07,1.444010875e-06,9.185480577e-06,1.891887369e-10,2.736591726e-11,2.835541262e-12,2.601350657e-13,1.501594896e-06,5.240289826e-11,3.263903398e-09,1.055954262e-07,1.088201006e-06,6.836750831e-06,3.718601734e-11,6.409851802e-12,7.914573928e-13,8.536622717e-14,1.060213077e-06,2.825065402e-11,1.765670691e-09,5.730726004e-08,5.781972699e-07,3.5365669e-06,6.117290407e-13,1.028751453e-13,1.189227116e-14,1.163603938e-15,3.087460697e-07,9.770009729e-13,9.782188556e-11,4.699504538e-09,5.743170962e-08,4.021001219e-07,8.877025682e-18,6.753225102e-19,3.020185188e-20,1.070482529e-21,7.841709013e-09,5.289409395e-18,3.770486909e-15,9.422741222e-13,2.702497756e-11,3.627783828e-10,2.422390417e-17,1.646429688e-18,6.578408445e-20,2.101295456e-21,8.282569086e-09,4.34133145e-18,3.06156789e-15,7.575092455e-13,2.12834737e-11,2.805453577e-10,8.868613007e-17,5.420692538e-18,1.947746545e-19,5.64085457e-21,9.920015246e-09,4.821334262e-18,3.247826529e-15,7.701274423e-13,2.079517164e-11,2.647979228e-10,2.546648381e-21,7.888059442e-23,1.27679321e-24,1.595383828e-26,3.793996261e-10,3.457889144e-23,1.174164845e-19,1.095752551e-16,5.205964019e-15,9.903549814e-14
35,0.02259733162,0.01088989826,0.004709056303,0.001972807213,0.01410339118,0.004222282884,0.01184531884,0.0275176704,0.0503725663,0.0798604841,0.032027944,0.01543462416,0.006674311235,0.002796131088,0.01525600757,0.004222285773,0.01184531455,0.02751763369,0.05037245217,0.07986028894,0.0004272420488,0.0001448709406,4.407902387e-05,1.33495427e-05,0.000517320786,2.905082118e-05,0.0001313014588,0.0004749550138,0.001198668,0.002504423128,0.0003014408373,0.0001022136844,3.109992894e-05,9.418755166e-06,0.0004782363523,2.90508013e-05,0.0001313015063,0.0004749556475,0.001198670716,0.002504429249,0.01055267176,0.004013595376,0.001369771556,0.00046122278,0.004440183013,0.0004716058111,0.001364314553,0.003261090041,0.005847428466,0.009082687206,0.01542408816,0.005866391216,0.002002100814,0.0006741381182,0.004836470782,0.0004716061623,0.001364314015,0.003261085305,0.005847414049,0.009082663051,0.0002206419173,5.98509937e-05,1.456793871e-05,3.590577178e-06,0.0001763144715,3.561885588e-06,1.6299007e-05,5.963902577e-05,0.0001453079855,0.0002936463829,0.0001509561995,4.094811661e-05,9.96690473e-06,2.456552957e-06,0.0001618677247,3.561882935e-06,1.629901343e-05,5.963911237e-05,0.0001453083438,0.0002936471639,2.265875501e-07,2.781481272e-08,2.584232177e-09,2.251046144e-10,1.101636573e-05,3.80387114e-09,1.126599607e-07,1.941413917e-06,1.357057529e-05,6.320281119e-05,3.411387902e-10,2.634461008e-11,1.398477307e-12,6.671206645e-14,9.575117836e-07,6.664560126e-12,6.581770108e-10,3.12187387e-08,4.082193151e-07,3.130800461e-06,5.606129921e-10,7.057957176e-11,6.365112881e-12,5.136987872e-13,1.810343335e-06,6.930144718e-11,4.304719485e-09,1.389176652e-07,1.443792882e-06,9.184163076e-06,1.892933206e-10,2.73790222e-11,2.836689547e-12,2.602226622e-13,1.50154523e-06,5.238773557e-11,3.263032681e-09,1.055694701e-07,1.087944455e-06,6.835203043e-06,3.72327891e-11,6.417038984e-12,7.922368063e-13,8.543954052e-14,1.06023089e-06,2.823903054e-11,1.764996236e-09,5.728693735e-08,5.779990329e-07,3.535395684e-06,6.13712948e-13,1.03171182e-13,1.192214789e-14,1.166134954e-15,3.088220527e-07,9.767335845e-13,9.780044189e-11,4.69871207e-09,5.74243654e-08,4.020665802e-07,8.965576624e-18,6.812224797e-19,3.042834366e-20,1.07728923e-21,7.849890662e-09,5.294917077e-18,3.774974716e-15,9.43526032e-13,2.706626858e-11,3.634138987e-10,2.457086202e-17,1.666942702e-18,6.648130692e-20,2.119964112e-21,8.296320556e-09,4.35173202e-18,3.069565466e-15,7.596403935e-13,2.135047099e-11,2.815337331e-10,9.034599458e-17,5.508214232e-18,1.974200876e-19,5.704151427e-21,9.941586446e-09,4.838135741e-18,3.260194548e-15,7.732914073e-13,2.0890898e-11,2.66162634e-10,2.608201291e-21,8.054638181e-23,1.29987074e-24,1.619750948e-26,3.805364598e-10,3.477761855e-23,1.181225578e-19,1.10261283e-16,5.241635001e-15,9.978133287e-14
36,0.02259733152,0.01088989813,0.004709056218,0.001972807165,0.01410339096,0.004222282844,0.0118453188,0.02751767045,0.05037256662,0.0798604851,0.03202794386,0.01543462399,0.006674311115,0.00279613102,0.01525600733,0.004222285734,0.0118453145,0.02751763373,0.05037245249,0.07986028993,0.0004272420461,0.0001448709383,4.40790227e-05,1.334954222e-05,0.0005173207731,2.905082051e-05,0.0001313014564,0.0004749550079,0.001198667991,0.002504423123,0.0003014408355,0.0001022136828,3.109992812e-05,9.418754829e-06,0.0004782363403,2.905080062e-05,0.000131301504,0.0004749556417,0.001198670707,0.002504429244,0.01055267173,0.004013595354,0.001369771544,0.0004612227745,0.00444018299,0.0004716058166,0.001364314579,0.003261090125,0.005847428657,0.00908268759,0.01542408812,0.005866391183,0.002002100796,0.0006741381101,0.004836470757,0.0004716061678,0.001364314041,0.003261085389,0.00584741424,0.009082663435,0.0002206419164,5.985099307e-05,1.456793846e-05,3.590577095e-06,0.000176314469,3.561885582e-06,1.62990071e-05,5.963902651e-05,0.0001453079883,0.0002936463913,0.0001509561989,4.094811618e-05,9.96690456e-06,2.456552901e-06,0.0001618677225,3.561882929e-06,1.629901352e-05,5.963911311e-05,0.0001453083465,0.0002936471722,2.265875463e-07,2.78148115e-08,2.584231992e-09,2.251045927e-10,1.101636514e-05,3.803870855e-09,1.126599536e-07,1.941413819e-06,1.357057472e-05,6.320280918e-05,3.411387815e-10,2.634460832e-11,1.398477156e-12,6.671205669e-14,9.575117114e-07,6.664559263e-12,6.581769353e-10,3.121873555e-08,4.082192774e-07,3.130800197e-06,5.606109886e-10,7.05780488e-11,6.364860939e-12,5.136699172e-13,1.810246694e-06,6.929162371e-11,4.304163546e-09,1.389013503e-07,1.44363255e-06,9.183194094e-06,1.893702622e-10,2.738865749e-11,2.837533121e-12,2.602869465e-13,1.501508243e-06,5.237655374e-11,3.262390635e-09,1.05550333e-07,1.087755331e-06,6.834062208e-06,3.726721659e-11,6.422326055e-12,7.928097342e-13,8.549338466e-14,1.060243279e-06,2.823044597e-11,1.76449821e-09,5.727193397e-08,5.778527176e-07,3.534531428e-06,6.151749724e-13,1.033892054e-13,1.194413533e-14,1.167996148e-15,3.088775653e-07,9.765346749e-13,9.778446777e-11,4.698120512e-09,5.741886495e-08,4.020412669e-07,9.031178555e-18,6.855879981e-19,3.059571319e-20,1.082312741e-21,7.855895633e-09,5.298951512e-18,3.778265631e-15,9.444448034e-13,2.709659267e-11,3.638808998e-10,2.48287711e-17,1.682164705e-18,6.699777895e-20,2.133769641e-21,8.306424471e-09,4.359379578e-18,3.075448792e-15,7.612087566e-13,2.139979852e-11,2.822617705e-10,9.15836707e-17,5.573318103e-18,1.993830405e-19,5.751005677e-21,9.957418827e-09,4.850477949e-18,3.26928761e-15,7.756192088e-13,2.096138071e-11,2.671682194e-10,2.654374816e-21,8.179287122e-23,1.317097301e-24,1.637900136e-26,3.813755999e-10,3.492491449e-23,1.186457773e-19,1.107695576e-16,5.268068203e-15,1.003341817e-13
37,0.02259733146,0.01088989806,0.004709056166,0.001972807135,0.01410339082,0.00422228282,0.01184531877,0.02751767047,0.05037256682,0.07986048571,0.03202794378,0.01543462389,0.006674311041,0.002796130978,0.01525600718,0.004222285709,0.01184531448,0.02751763375,0.05037245269,0.07986029055,0.0004272420445,0.0001448709368,4.407902198e-05,1.334954193e-05,0.0005173207652,2.905082009e-05,0.000131301455,0.0004749550043,0.001198667985,0.00250442312,0.0003014408343,0.0001022136817,3.109992761e-05,9.418754622e-06,0.000478236333,2.905080021e-05,0.0001313015026,0.0004749556381,0.001198670701,0.002504429241,0.01055267172,0.004013595341,0.001369771536,0.0004612227711,0.004440182975,0.0004716058199,0.001364314595,0.003261090177,0.005847428774,0.009082687826,0.0154240881,0.005866391163,0.002002100785,0.0006741381051,0.004836470741,0.0004716061712,0.001364314057,0.003261085441,0.005847414357,0.009082663671,0.0002206419158,5.985099268e-05,1.456793831e-05,3.590577044e-06,0.0001763144675,3.561885578e-06,1.629900715e-05,5.963902697e-05,0.00014530799,0.0002936463964,0.0001509561985,4.094811591e-05,9.966904455e-06,2.456552866e-06,0.0001618677211,3.561882925e-06,1.629901358e-05,5.963911357e-05,0.0001453083483,0.0002936471774,2.26587544e-07,2.781481074e-08,2.584231878e-09,2.251045793e-10,1.101636477e-05,3.803870679e-09,1.126599493e-07,1.941413758e-06,1.357057437e-05,6.320280795e-05,3.411387762e-10,2.634460723e-11,1.398477063e-12,6.671205067e-14,9.575116669e-07,6.664558732e-12,6.581768888e-10,3.12187336e-08,4.082192542e-07,3.130800035e-06,5.606097691e-10,7.05771104e-11,6.364705532e-12,5.136521024e-13,1.810187064e-06,6.928556305e-11,4.303820559e-09,1.38891285e-07,1.443533635e-06,9.182596309e-06,1.894177391e-10,2.739460044e-11,2.838053137e-12,2.603265456e-13,1.501485232e-06,5.236964274e-11,3.261993844e-09,1.05538507e-07,1.087638471e-06,6.833357356e-06,3.728846763e-11,6.425588238e-12,7.931630563e-13,8.552657035e-14,1.060250621e-06,2.822513486e-11,1.76419013e-09,5.72626542e-08,5.777622343e-07,3.533997043e-06,6.160781629e-13,1.035238345e-13,1.195770576e-14,1.169144234e-15,3.089116559e-07,9.764110142e-13,9.777452751e-11,4.697751892e-09,5.741542989e-08,4.020253789e-07,9.07185175e-18,6.882923263e-19,3.069930251e-20,1.08541921e-21,7.859595005e-09,5.301433573e-18,3.780291765e-15,9.450107828e-13,2.711528163e-11,3.641688335e-10,2.498904427e-17,1.691613015e-18,6.731796625e-20,2.142318474e-21,8.312653628e-09,4.3640968e-18,3.079078924e-15,7.621767251e-13,2.143025223e-11,2.827113857e-10,9.235442843e-17,5.613794645e-18,2.0060138e-19,5.780038614e-21,9.967172373e-09,4.858085843e-18,3.274895921e-15,7.770556126e-13,2.100489621e-11,2.677893806e-10,2.683248176e-21,8.257101027e-23,1.327833296e-24,1.64919411e-26,3.818945704e-10,3.501626907e-23,1.18970233e-19,1.110847075e-16,5.284459833e-15,1.006770815e-13
38,0.02259733144,0.01088989804,0.004709056148,0.001972807125,0.01410339077,0.004222282811,0.01184531876,0.02751767048,0.05037256689,0.07986048592,0.03202794375,0.01543462385,0.006674311016,0.002796130964,0.01525600713,0.004222285701,0.01184531447,0.02751763376,0.05037245276,0.07986029076,0.0004272420439,0.0001448709363,4.407902174e-05,1.334954183e-05,0.0005173207624,2.905081995e-05,0.0001313014545,0.0004749550031,0.001198667984,0.002504423119,0.0003014408339,0.0001022136814,3.109992744e-05,9.418754551e-06,0.0004782363305,2.905080006e-05,0.0001313015021,0.0004749556368,0.001198670699,0.00250442924,0.01055267171,0.004013595336,0.001369771534,0.0004612227699,0.004440182971,0.0004716058211,0.001364314601,0.003261090194,0.005847428815,0.009082687907,0.0154240881,0.005866391157,0.002002100781,0.0006741381034,0.004836470736,0.0004716061724,0.001364314063,0.003261085459,0.005847414397,0.009082663752,0.0002206419156,5.985099255e-05,1.456793826e-05,3.590577027e-06,0.000176314467,3.561885577e-06,1.629900717e-05,5.963902712e-05,0.0001453079906,0.0002936463982,0.0001509561984,4.094811582e-05,9.966904419e-06,2.456552854e-06,0.0001618677206,3.561882924e-06,1.62990136e-05,5.963911373e-05,0.0001453083488,0.0002936471791,2.265875432e-07,2.781481048e-08,2.584231839e-09,2.251045747e-10,1.101636465e-05,3.803870619e-09,1.126599478e-07,1.941413737e-06,1.357057425e-05,6.320280753e-05,3.411387743e-10,2.634460686e-11,1.398477031e-12,6.671204861e-14,9.575116517e-07,6.66455855e-12,6.581768729e-10,3.121873294e-08,4.082192462e-07,3.130799979e-06,5.606093554e-10,7.057679007e-11,6.364652453e-12,5.136460166e-13,1.810166694e-06,6.928349285e-11,4.303703401e-09,1.388878468e-07,1.443499848e-06,9.182392123e-06,1.894339576e-10,2.739663016e-11,2.83823069e-12,2.603400612e-13,1.501477338e-06,5.236727992e-11,3.261858189e-09,1.055344642e-07,1.087598522e-06,6.833116417e-06,3.729572846e-11,6.426702589e-12,7.932837183e-13,8.553790004e-14,1.060253077e-06,2.82233181e-11,1.764084754e-09,5.725948034e-08,5.777312897e-07,3.533814302e-06,6.163868829e-13,1.035698419e-13,1.196234206e-14,1.169536365e-15,3.08923273e-07,9.763686097e-13,9.77711173e-11,4.697625342e-09,5.74142493e-08,4.020199047e-07,9.085779948e-18,6.892179995e-19,3.073474434e-20,1.086481577e-21,7.860857692e-09,5.302280175e-18,3.780983118e-15,9.4520396e-13,2.712166198e-11,3.642671538e-10,2.504399328e-17,1.694850378e-18,6.742760718e-20,2.145244094e-21,8.314780601e-09,4.365707941e-18,3.080318974e-15,7.625074273e-13,2.144065827e-11,2.828650441e-10,9.261896441e-17,5.627675136e-18,2.010188182e-19,5.78997774e-21,9.970501489e-09,4.860683378e-18,3.27681131e-15,7.775463041e-13,2.101976562e-11,2.6800169e-10,2.693178964e-21,8.283841397e-23,1.33151952e-24,1.653068933e-26,3.820720613e-10,3.504755824e-23,1.19081351e-19,1.111926317e-16,5.290073562e-15,1.007945285e-13
