Step,DF_001,DF_002,DF_003,DF_004,DF_005,DF_006,DF_007,DF_008,DF_009,DF_010,DF_011,DF_012,DF_013,DF_014,DF_015,DF_016,DF_017,DF_018,DF_019,DF_020,DF_021,DF_022,DF_023,DF_024,DF_025,DF_026,DF_027,DF_028,DF_029,DF_030,DF_031,DF_032,DF_033,DF_034,DF_035,DF_036,DF_037,DF_038,DF_039,DF_040,DF_041,DF_042,DF_043,DF_044,DF_045,DF_046,DF_047,DF_048,DF_049,DF_050,DF_051,DF_052,DF_053,DF_054,DF_055,DF_056,DF_057,DF_058,DF_059,DF_060,DF_061,DF_062,DF_063,DF_064,DF_065,DF_066,DF_067,DF_068,DF_069,DF_070,DF_071,DF_072,DF_073,DF_074,DF_075,DF_076,DF_077,DF_078,DF_079,DF_080,DF_081,DF_082,DF_083,DF_084,DF_085,DF_086,DF_087,DF_088,DF_089,DF_090,DF_091,DF_092,DF_093,DF_094,DF_095,DF_096,DF_097,DF_098,DF_099,DF_100,DF_101,DF_102,DF_103,DF_104,DF_105,DF_106,DF_107,DF_108,DF_109,DF_110,DF_111,DF_112,DF_113,DF_114,DF_115,DF_116,DF_117,DF_118,DF_119,DF_120,DF_121,DF_122,DF_123,DF_124,DF_125,DF_126,DF_127,DF_128,DF_129,DF_130,DF_131,DF_132,DF_133,DF_134,DF_135,DF_136,DF_137,DF_138,DF_139,DF_140,DF_141,DF_142,DF_143,DF_144,DF_145,DF_146,DF_147,DF_148,DF_149,DF_150,DF_151,DF_152,DF_153,DF_154,DF_155,DF_156,DF_157,DF_158,DF_159,DF_160,DF_161,DF_162,DF_163,DF_164,DF_165,DF_166,DF_167,DF_168,DF_169,DF_170,DF_171,DF_172,DF_173,DF_174,DF_175,DF_176,DF_177,DF_178,DF_179,DF_180
0,0.02813731389,0.0169692255,0.009183004643,0.004732111879,0.02511330743,0.006806674866,0.01587991969,0.03108475985,0.04867510358,0.0509053096,0.03932057596,0.02395363567,0.0130938212,0.00681039761,0.02752949089,0.006749428743,0.01543557932,0.02966082008,0.04560729431,0.05032914065,0.0005810767414,0.0002786694633,0.0001199191848,5.001393492e-05,0.001296507111,7.752749934e-05,0.0002847317859,0.0008494265701,0.001815955975,0.002527792997,0.0004158112709,0.0001974149155,8.410214361e-05,3.475150044e-05,0.001182716447,7.81850585e-05,0.0002929282924,0.0008902053576,0.001938107632,0.002556731219,0.01254623511,0.005508534589,0.002170211884,0.0008342956409,0.0061823648,0.0004738880798,0.001104340132,0.002159486902,0.003184903859,0.002776033516,0.018058203,0.008015952854,0.003192854848,0.001239906622,0.006832332239,0.0004695524911,0.001070754614,0.0020520567,0.002967079013,0.00274185788,0.0002850502416,0.0001005315421,3.181461507e-05,9.991285673e-06,0.0003415853402,5.804995962e-06,2.087466501e-05,6.106625558e-05,0.0001209542895,0.0001394230034,0.0001980433684,6.90849219e-05,2.162467729e-05,6.722833748e-06,0.0003090899432,5.858596093e-06,2.152942421e-05,6.426322384e-05,0.0001298340157,0.0001411608286,4.875902914e-07,1.429797468e-07,3.173286547e-08,6.17519697e-09,6.744058221e-05,5.544156608e-08,1.029806526e-06,1.150677581e-05,5.706171841e-05,0.0001115841983,1.024259166e-09,2.852394808e-10,5.460248316e-11,8.510426186e-12,1.103919398e-05,4.799318422e-10,2.627101693e-08,7.204119488e-07,6.402553087e-06,1.891175857e-05,4.012832766e-09,1.86889692e-09,6.23491972e-10,1.683256521e-10,3.712955073e-05,1.687287464e-08,5.760698022e-07,1.066440606e-05,7.790936743e-05,0.000249712633,6.664276057e-10,3.627499947e-10,1.414402714e-10,4.409642961e-11,2.414623095e-05,8.627904501e-09,3.266037127e-07,6.654421599e-06,5.223162517e-05,0.0001912394082,5.349037233e-11,3.545449447e-11,1.683364654e-11,6.294622577e-12,1.253895989e-05,2.838427555e-09,1.224110616e-07,2.815089015e-06,2.394079688e-05,0.0001025554608,5.98080686e-13,4.633286396e-13,2.467297351e-13,9.888053307e-14,4.109417229e-06,1.793613696e-10,1.27677206e-08,4.468435067e-07,4.902329569e-06,2.680765457e-05,6.390646039e-16,4.917733452e-16,2.224660813e-16,6.675447812e-17,1.303097104e-06,1.10826352e-12,3.07619801e-10,3.202090543e-08,6.755973479e-07,5.654303313e-06,5.763625218e-14,4.336475543e-14,1.918035616e-14,5.636979414e-15,6.092004774e-06,3.89432261e-11,7.284235132e-09,5.255672423e-07,9.007526279e-06,6.046473398e-05,2.400622434e-12,1.673678772e-12,6.859602544e-13,1.879063353e-13,1.974261759e-05,5.348098866e-10,7.258297745e-08,3.887886926e-06,5.550341055e-05,0.0002997763601,1.223801569e-13,9.631748495e-14,3.96139786e-14,9.806400873e-15,1.761049897e-05,1.066631461e-10,2.938514509e-08,2.662081277e-06,5.197769644e-05,0.0003378873811
1,0.02813550514,0.01696809932,0.009182376083,0.004731778878,0.02511222024,0.006805742516,0.01587730878,0.03107885701,0.0486645056,0.05090610322,0.03931851296,0.02395214022,0.01309287327,0.006809841927,0.02752802765,0.00674856158,0.01543341782,0.02965634832,0.04559981251,0.05033017167,0.0005810303104,0.000278643591,0.0001199064998,5.00080472e-05,0.001296412005,7.751425782e-05,0.0002846796444,0.0008492612958,0.001815575549,0.002527921488,0.0004157731321,0.0001973958103,8.409357927e-05,3.474779943e-05,0.00118264135,7.817104041e-05,0.0002928675081,0.0008899973149,0.001937597582,0.002556848664,0.01254540488,0.005508165883,0.002170064976,0.00083423858,0.006182084595,0.000473806041,0.001104096072,0.002158913645,0.003183908352,0.002776056003,0.01805724023,0.008015450641,0.003192624998,0.001239806677,0.006831949263,0.0004694755442,0.001070546385,0.002051599343,0.002966324905,0.002741894696,0.0002850275236,0.0001005223039,3.181130352e-05,9.990133216e-06,0.0003415595574,5.80380848e-06,2.086974067e-05,6.105007312e-05,0.0001209182633,0.0001394289436,0.0001980250381,6.907827764e-05,2.162251929e-05,6.722140398e-06,0.0003090699296,5.857343481e-06,2.152377423e-05,6.424345786e-05,0.0001297877613,0.0001411660909,4.874974459e-07,1.429494649e-07,3.172546647e-08,6.173635299e-09,6.743265075e-05,5.542145768e-08,1.029407316e-06,1.150204847e-05,5.703618755e-05,0.0001115961535,1.023995788e-09,2.851575027e-10,5.458513813e-11,8.507485058e-12,1.103762075e-05,4.797161313e-10,2.625897878e-08,7.200759696e-07,6.399392136e-06,1.891477354e-05,4.011932762e-09,1.868423484e-09,6.233159192e-10,1.682736103e-10,3.712471218e-05,1.686689435e-08,5.758756655e-07,1.066098474e-05,7.788457309e-05,0.0002497497914,6.662748645e-10,3.626558607e-10,1.41399281e-10,4.408241661e-11,2.414303726e-05,8.62497236e-09,3.265026277e-07,6.652549515e-06,5.221773773e-05,0.0001912701118,5.347778072e-11,3.544501736e-11,1.682860981e-11,6.292553821e-12,1.253727055e-05,2.837515238e-09,1.223774271e-07,2.814437468e-06,2.393601509e-05,0.0001025734478,5.979211872e-13,4.631886898e-13,2.466464834e-13,9.884394069e-14,4.108826567e-06,1.793003667e-10,1.276419228e-08,4.467464822e-07,4.901494897e-06,2.681313417e-05,6.388394907e-16,4.915770605e-16,2.223668578e-16,6.672181596e-17,1.302878584e-06,1.107754668e-12,3.075042694e-10,3.201136474e-08,6.754358718e-07,5.655785475e-06,5.761717409e-14,4.334850125e-14,1.917232652e-14,5.634391586e-15,6.091038248e-06,3.892573926e-11,7.281477159e-09,5.254026162e-07,9.005123692e-06,6.047864638e-05,2.399868609e-12,1.673084347e-12,6.856884029e-13,1.878247298e-13,1.973962469e-05,5.34570539e-10,7.255455995e-08,3.886567005e-06,5.548636723e-05,0.0002998371066,1.223360364e-13,9.627815989e-14,3.959591267e-14,9.801496329e-15,1.760766087e-05,1.066084505e-10,2.937211765e-08,2.661072783e-06,5.196011099e-05,0.0003379628772
2,0.02813017149,0.01696477862,0.009180522753,0.00473079705,0.02510901458,0.006802993525,0.01586961064,0.03106145301,0.04863325936,0.05090843741,0.03931242913,0.02394773045,0.01309007817,0.006808203502,0.02752371306,0.006746004627,0.01542704403,0.0296431617,0.04557774932,0.05033320238,0.0005808933935,0.0002785673037,0.0001198690991,4.999068864e-05,0.001296131584,7.74752163e-05,0.0002845259015,0.0008487739533,0.001814453769,0.002528299057,0.0004156606737,0.0001973394785,8.40683285e-05,3.473688797e-05,0.001182419929,7.812971144e-05,0.0002926882989,0.0008893839508,0.001936093863,0.002557193825,0.01254295669,0.005507078697,0.002169631813,0.0008340703408,0.006181258404,0.0004735641776,0.001103376586,0.002157223794,0.003180974013,0.002776122309,0.01805440102,0.008013969715,0.003191947259,0.001239511989,0.00683082001,0.0004692486797,0.001069932472,0.00205025096,0.002964101733,0.002742003044,0.0002849605321,0.000100495064,3.180153967e-05,9.986735463e-06,0.0003414835366,5.800307632e-06,2.085522324e-05,6.100236647e-05,0.0001208120606,0.000139446404,0.0001979709883,6.905868699e-05,2.161615671e-05,6.720096237e-06,0.0003090109207,5.853650809e-06,2.150711902e-05,6.418519438e-05,0.0001296514289,0.0001411815621,4.87223725e-07,1.428601979e-07,3.170365694e-08,6.169032376e-09,6.740926693e-05,5.536219228e-08,1.028230688e-06,1.148811482e-05,5.69609376e-05,0.0001116312878,1.023219415e-09,2.84915878e-10,5.453401979e-11,8.498817857e-12,1.103298271e-05,4.79080464e-10,2.622350118e-08,7.190857322e-07,6.39007557e-06,1.892363389e-05,4.009279608e-09,1.867027967e-09,6.22797029e-10,1.681202373e-10,3.711044722e-05,1.684926758e-08,5.753033554e-07,1.065089707e-05,7.781145726e-05,0.0002498589781,6.658245971e-10,3.623783917e-10,1.412784695e-10,4.404111931e-11,2.413362168e-05,8.616329553e-09,3.262046039e-07,6.647028863e-06,5.217677541e-05,0.0001913603291,5.344066225e-11,3.541708308e-11,1.681376525e-11,6.286457185e-12,1.25322901e-05,2.834825926e-09,1.222782512e-07,2.812515645e-06,2.392190509e-05,0.0001026262981,5.974510351e-13,4.627762092e-13,2.464011378e-13,9.873611162e-14,4.10708522e-06,1.791205471e-10,1.275378805e-08,4.464602488e-07,4.899031022e-06,2.682923501e-05,6.381760397e-16,4.909986529e-16,2.220745057e-16,6.662559095e-17,1.302234388e-06,1.106255069e-12,3.071636623e-10,3.198322373e-08,6.749592988e-07,5.660141072e-06,5.7560945e-14,4.330060147e-14,1.914866671e-14,5.626767211e-15,6.088188896e-06,3.887420465e-11,7.27334648e-09,5.249170932e-07,8.998034608e-06,6.05195289e-05,2.397646778e-12,1.671332554e-12,6.848873408e-13,1.875842882e-13,1.973080141e-05,5.338651762e-10,7.247078854e-08,3.882674775e-06,5.543609258e-05,0.0003000156113,1.222060073e-13,9.616227968e-14,3.954268423e-14,9.787047509e-15,1.759929406e-05,1.064472813e-10,2.933371783e-08,2.658099059e-06,5.190823769e-05,0.0003381847328
3,0.02812145244,0.01695935068,0.009177493609,0.00472919244,0.02510377505,0.006798500727,0.01585702925,0.03103300975,0.04858219681,0.05091223365,0.03930248237,0.02394052173,0.01308550951,0.006805525689,0.0275166605,0.00674182516,0.01541662484,0.02962160426,0.04554167938,0.05033812591,0.0005806695689,0.0002784426118,0.0001198079753,4.996232246e-05,0.001295673255,7.741141067e-05,0.0002842746131,0.0008479773436,0.001812620032,0.002528912005,0.0004154768523,0.0001972474097,8.402706265e-05,3.47190575e-05,0.001182058046,7.806217444e-05,0.0002923954434,0.0008883816332,0.001933636711,0.002557754317,0.01253895461,0.005505301616,0.002168923839,0.0008337953879,0.006179908071,0.0004731689675,0.001102201055,0.00215446318,0.003176181078,0.002776230687,0.01804975903,0.008011548816,0.003190839473,0.001239030355,0.00682897421,0.0004688779368,0.001068929244,0.002048047614,0.002960469212,0.002742179461,0.0002848510173,0.0001004505401,3.178558251e-05,9.981183041e-06,0.0003413592887,5.794587293e-06,2.083150232e-05,6.092441858e-05,0.0001206385483,0.0001394747657,0.0001978826405,6.902666802e-05,2.160575868e-05,6.716755849e-06,0.0003089144809,5.847617623e-06,2.147990988e-05,6.409002197e-05,0.0001294287652,0.0001412067044,4.867764671e-07,1.427143616e-07,3.166803213e-08,6.161514732e-09,6.737105525e-05,5.5265407e-08,1.026309031e-06,1.146535755e-05,5.683803899e-05,0.0001116883375,1.021951157e-09,2.845212496e-10,5.445054781e-11,8.48466737e-12,1.102540434e-05,4.780426784e-10,2.616557112e-08,7.174685724e-07,6.374859886e-06,1.893802064e-05,4.004944932e-09,1.864748462e-09,6.219496054e-10,1.678697964e-10,3.708713746e-05,1.682047809e-08,5.74368303e-07,1.063441015e-05,7.769192607e-05,0.0002500362235,6.650889727e-10,3.619251711e-10,1.410811723e-10,4.397368768e-11,2.411823614e-05,8.602212182e-09,3.25717597e-07,6.638003341e-06,5.210977807e-05,0.0001915067727,5.338002141e-11,3.537145636e-11,1.678952347e-11,6.2765028e-12,1.252415184e-05,2.830432638e-09,1.221161447e-07,2.809372271e-06,2.389880879e-05,0.0001027120819,5.966830386e-13,4.621025726e-13,2.460005388e-13,9.856008057e-14,4.104239886e-06,1.78826804e-10,1.273678035e-08,4.459919281e-07,4.894994929e-06,2.685537019e-05,6.370926489e-16,4.900543913e-16,2.215973558e-16,6.646857627e-17,1.301181879e-06,1.103806554e-12,3.06607098e-10,3.193719721e-08,6.741789119e-07,5.667212849e-06,5.74691174e-14,4.322239676e-14,1.911004727e-14,5.614324716e-15,6.083533368e-06,3.879005826e-11,7.260061632e-09,5.241231634e-07,8.986432025e-06,6.058590125e-05,2.39401807e-12,1.668472229e-12,6.835796698e-13,1.871918652e-13,1.971638477e-05,5.327134718e-10,7.233392975e-08,3.876311928e-06,5.535385215e-05,0.0003003054026,1.219936813e-13,9.597310972e-14,3.945581313e-14,9.763471713e-15,1.758562374e-05,1.061841917e-10,2.927099473e-08,2.653238252e-06,5.182338383e-05,0.00033854493
4,0.02810948815,0.01695190347,0.00917333812,0.004726991428,0.02509658707,0.006792337836,0.01583977107,0.03099399516,0.04851216228,0.05091740303,0.03928883067,0.02393063002,0.01307924151,0.006801852335,0.02750698427,0.006736091018,0.01540232808,0.02959202137,0.04549217894,0.05034481934,0.0005803624308,0.0002782715442,0.0001197241335,4.992341924e-05,0.001295044504,7.732389017e-05,0.0002839298753,0.0008468843637,0.001810103918,0.00252974443,0.0004152246476,0.0001971211101,8.397046244e-05,3.469460423e-05,0.00118156163,7.79695499e-05,0.0002919937947,0.0008870069924,0.001930267071,0.002558515819,0.01253346302,0.005502863456,0.002167952622,0.0008334182436,0.006178055676,0.0004726270051,0.001100589272,0.002150678768,0.00316961211,0.002776379347,0.01804338799,0.00800822688,0.003189319636,0.001238369662,0.006826441848,0.0004683694436,0.001067553332,0.002045025985,0.002955488224,0.002742420098,0.0002847007372,0.0001003894561,3.176369433e-05,9.973568003e-06,0.0003411888465,5.786743085e-06,2.079897499e-05,6.081753834e-05,0.0001204006579,0.0001395133155,0.0001977614272,6.898274454e-05,2.15914967e-05,6.712174712e-06,0.0003087821938,5.839345607e-06,2.144260905e-05,6.395957282e-05,0.0001291236352,0.0001412409018,4.861631462e-07,1.425144287e-07,3.161920393e-08,6.151212904e-09,6.731865049e-05,5.513279514e-08,1.023675789e-06,1.143417134e-05,5.666962918e-05,0.0001117658394,1.020212671e-09,2.839804715e-10,5.433619429e-11,8.465286428e-12,1.101501249e-05,4.766213682e-10,2.608621311e-08,7.152527582e-07,6.354009998e-06,1.895756426e-05,3.999001957e-09,1.861624127e-09,6.207884259e-10,1.675267107e-10,3.705517115e-05,1.678102464e-08,5.730862745e-07,1.061179428e-05,7.752789262e-05,0.0002502769145,6.640804375e-10,3.613039999e-10,1.408108378e-10,4.388131572e-11,2.409713699e-05,8.582863091e-09,3.250496931e-07,6.625617036e-06,5.201777398e-05,0.0001917056192,5.32968863e-11,3.530892449e-11,1.675630941e-11,6.262867504e-12,1.251299142e-05,2.824410241e-09,1.218937414e-07,2.805055486e-06,2.386705506e-05,0.0001028285531,5.956303532e-13,4.611795339e-13,2.454517931e-13,9.831901495e-14,4.100338133e-06,1.784241602e-10,1.271344322e-08,4.453484802e-07,4.889439825e-06,2.689085699e-05,6.356083825e-16,4.887612519e-16,2.209441557e-16,6.625369913e-17,1.29973879e-06,1.100452598e-12,3.058438591e-10,3.187399234e-08,6.731054102e-07,5.676818375e-06,5.73432965e-14,4.311528272e-14,1.905717045e-14,5.597294021e-15,6.077149875e-06,3.867479184e-11,7.241845551e-09,5.230332717e-07,8.970483109e-06,6.067604478e-05,2.389045581e-12,1.664554109e-12,6.817890091e-13,1.866546594e-13,1.969661644e-05,5.311358725e-10,7.21463036e-08,3.867580657e-06,5.524089153e-05,0.0003006989652,1.217028043e-13,9.571406034e-14,3.933689671e-14,9.731209855e-15,1.756687975e-05,1.058239435e-10,2.91850276e-08,2.646569149e-06,5.170683716e-05,0.0003390341661
5,0.0280944194,0.01694252556,0.009168106191,0.004724220673,0.02508753676,0.006784579319,0.01581804469,0.03094488235,0.04842401063,0.05092384736,0.03927163213,0.0239181718,0.01307134895,0.006797227707,0.0274947994,0.006728870521,0.01538432243,0.02955475951,0.04542982575,0.0503531457,0.0005799755878,0.0002780561452,0.0001196185901,4.987445582e-05,0.001294252885,7.721371546e-05,0.0002834958184,0.0008455079937,0.00180693517,0.002530778519,0.0004149070594,0.0001969621,8.389921657e-05,3.466382846e-05,0.00118093667,7.785297331e-05,0.0002914882697,0.0008852768836,0.001926026491,0.002559462318,0.0125265466,0.005499793225,0.00216672983,0.0008329434793,0.006175723503,0.0004719449833,0.001098561375,0.002145918481,0.003161351639,0.002776566432,0.01803536167,0.008004043011,0.003187405878,0.001237537869,0.006823253132,0.0004677294037,0.001065821581,0.002041223282,0.002949220647,0.002742720749,0.0002845114564,0.0001003125415,3.173614023e-05,9.963983611e-06,0.0003409742625,5.776872112e-06,2.075804462e-05,6.06830567e-05,0.0001201013749,0.0001395612578,0.0001976087911,6.892744522e-05,2.157354425e-05,6.706409058e-06,0.0003086156598,5.828938253e-06,2.139568801e-05,6.379551613e-05,0.0001287400042,0.0001412834697,4.853913514e-07,1.422629199e-07,3.155779827e-08,6.138260808e-09,6.725269609e-05,5.496609739e-08,1.0203653e-06,1.139496112e-05,5.645790281e-05,0.0001118621567,1.018026076e-09,2.833005757e-10,5.419247552e-11,8.440936296e-12,1.100193601e-05,4.748357643e-10,2.598648345e-08,7.124673524e-07,6.32779803e-06,1.898185113e-05,3.991525253e-09,1.857695021e-09,6.193286676e-10,1.670955377e-10,3.701494212e-05,1.673141866e-08,5.714733229e-07,1.058332262e-05,7.73212771e-05,0.0002505758793,6.628116725e-10,3.605228628e-10,1.404710098e-10,4.376523451e-11,2.40705843e-05,8.558530836e-09,3.242090907e-07,6.61001444e-06,5.190178233e-05,0.0001919525802,5.319230497e-11,3.523029382e-11,1.671456008e-11,6.245733774e-12,1.249894648e-05,2.816835176e-09,1.216136955e-07,2.799612965e-06,2.382696204e-05,0.0001029731911,5.943064271e-13,4.600191665e-13,2.44762232e-13,9.801619359e-14,4.095428265e-06,1.779177488e-10,1.268405219e-08,4.445367328e-07,4.88241577e-06,2.693492931e-05,6.337428669e-16,4.871368048e-16,2.201240018e-16,6.598401557e-17,1.297923165e-06,1.096238071e-12,3.048833713e-10,3.179431044e-08,6.717490127e-07,5.688753188e-06,5.718513203e-14,4.298070114e-14,1.899076505e-14,5.575914666e-15,6.069117943e-06,3.852994429e-11,7.218924984e-09,5.216598343e-07,8.950350296e-06,6.078803286e-05,2.382794065e-12,1.65963053e-12,6.795398318e-13,1.859801575e-13,1.967174201e-05,5.291534788e-10,7.191027617e-08,3.856583643e-06,5.509844074e-05,0.0003011878741,1.213372351e-13,9.538866364e-14,3.918759719e-14,9.690722592e-15,1.754329584e-05,1.053714744e-10,2.907692159e-08,2.638171134e-06,5.155987038e-05,0.0003396420169
6,0.02807638747,0.01693130597,0.009161848087,0.004720907068,0.02507671086,0.00677530027,0.01579206048,0.03088614872,0.04831860559,0.05093146014,0.03925104494,0.02390326396,0.01306190706,0.006791696421,0.02748022154,0.006720232389,0.01536277724,0.02951016618,0.04535519887,0.05036295587,0.0005795126602,0.0002777984724,0.0001194923703,4.981591422e-05,0.001293306005,7.708195673e-05,0.0002829766016,0.000843861286,0.001803143673,0.002531994832,0.000414527104,0.0001967719112,8.381402031e-05,3.46270338e-05,0.001180189203,7.771359263e-05,0.0002908838383,0.00088320835,0.001920957026,0.002560576353,0.01251827028,0.005496120092,0.002165267218,0.0008323757071,0.006172934005,0.000471129677,0.001096137788,0.002140231035,0.003151485819,0.002776789978,0.01802575389,0.007999036458,0.003185116434,0.001236543001,0.006819438447,0.000466964083,0.001063751022,0.002036677155,0.002941729182,0.00274307687,0.0002842849452,0.0001002205305,3.170318762e-05,9.952524124e-06,0.0003407176045,5.765072711e-06,2.070911988e-05,6.052232299e-05,0.0001197437304,0.000139617726,0.0001974261827,6.886130279e-05,2.155207645e-05,6.699515743e-06,0.0003084164926,5.816500548e-06,2.133962591e-05,6.359955166e-05,0.0001282819203,0.0001413336632,4.84468767e-07,1.419623954e-07,3.14844526e-08,6.122795124e-09,6.717384268e-05,5.476709351e-08,1.016412641e-06,1.134814032e-05,5.620510222e-05,0.0001119755029,1.015413876e-09,2.824887402e-10,5.402094386e-11,8.411885114e-12,1.098630542e-05,4.727056199e-10,2.586746475e-08,7.091420807e-07,6.296502167e-06,1.901042954e-05,3.982590503e-09,1.853001943e-09,6.175858345e-10,1.665809444e-10,3.696684884e-05,1.66721821e-08,5.695457428e-07,1.054927081e-05,7.707400708e-05,0.0002509274664,6.612955526e-10,3.595898952e-10,1.400653099e-10,4.362670536e-11,2.40388412e-05,8.529468716e-09,3.232040844e-07,6.591340469e-06,5.176281575e-05,0.0001922429682,5.306734195e-11,3.513638635e-11,1.666472237e-11,6.225288687e-12,1.248215631e-05,2.807785192e-09,1.212786793e-07,2.793092035e-06,2.377883934e-05,0.0001031432399,5.927249493e-13,4.586338058e-13,2.439393693e-13,9.765498597e-14,4.089559194e-06,1.773127948e-10,1.264888416e-08,4.435634116e-07,4.8739703e-06,2.698674927e-05,6.315161885e-16,4.851991046e-16,2.191462739e-16,6.566268579e-17,1.295753307e-06,1.091208992e-12,3.03735184e-10,3.169884878e-08,6.701195625e-07,5.70279369e-06,5.699631021e-14,4.28201315e-14,1.891158152e-14,5.550433985e-15,6.059518184e-06,3.835709341e-11,7.191529938e-09,5.200152563e-07,8.926192376e-06,6.091975891e-05,2.37532964e-12,1.653755136e-12,6.768573061e-13,1.851760802e-13,1.96420103e-05,5.2678793e-10,7.162825252e-08,3.843424065e-06,5.492771862e-05,0.0003017629197,1.209009249e-13,9.500055093e-14,3.900962947e-14,9.64248654e-15,1.751510897e-05,1.048318664e-10,2.894780364e-08,2.628124162e-06,5.138374583e-05,0.0003403570875
7,0.02805553401,0.01691833414,0.009154614362,0.004717077695,0.02506419655,0.006764576285,0.01576203024,0.03081827519,0.04819681805,0.05094012737,0.03922722737,0.02388602376,0.01305099144,0.006785303369,0.02746336684,0.006710245673,0.01533786244,0.02945858975,0.04526887858,0.05037409029,0.0005789772777,0.0002775005937,0.0001193465065,4.974828056e-05,0.001292211516,7.692969188e-05,0.0002823764083,0.0008419573533,0.001798759436,0.002533372558,0.0004140878108,0.0001965520848,8.371557418e-05,3.458452657e-05,0.001179325304,7.755256583e-05,0.0002901855134,0.0008808185876,0.001915101146,0.002561839232,0.01250869916,0.005491873357,0.002163576609,0.0008317195715,0.006169709768,0.0004701879262,0.001093339167,0.002133665777,0.003140102097,0.002777047879,0.01801463848,0.007993246581,0.003182469629,0.001235393131,0.006815028327,0.000466079798,0.001061358828,0.002031425608,0.0029330772,0.002743483598,0.0002840229784,0.0001001141608,3.166510576e-05,9.939284596e-06,0.0003404209533,5.751444201e-06,2.065261367e-05,6.033670141e-05,0.0001193307923,0.0001396817922,0.0001972150591,6.878485317e-05,2.152726974e-05,6.691552119e-06,0.0003081863171,5.802138674e-06,2.1274908e-05,6.337340359e-05,0.0001277534976,0.0001413906849,4.834031531e-07,1.416154469e-07,3.139981351e-08,6.104954709e-09,6.708274662e-05,5.453759421e-08,1.01185348e-06,1.129412922e-05,5.591350848e-05,0.0001121039645,1.012398875e-09,2.815522578e-10,5.382317998e-11,8.378406392e-12,1.096825255e-05,4.702511007e-10,2.57302606e-08,7.053072058e-07,6.260405568e-06,1.904281537e-05,3.972274277e-09,1.847586279e-09,6.155756878e-10,1.659876837e-10,3.691129346e-05,1.660384525e-08,5.67320027e-07,1.050991663e-05,7.678801789e-05,0.000251325619,6.595451067e-10,3.585133517e-10,1.395974214e-10,4.346701327e-11,2.400217329e-05,8.495933825e-09,3.220430488e-07,6.569740496e-06,5.160188295e-05,0.0001925717583,5.292307488e-11,3.502803645e-11,1.66072509e-11,6.201722917e-12,1.246276148e-05,2.797339092e-09,1.208913809e-07,2.785539794e-06,2.372299027e-05,0.0001033357447,5.908998005e-13,4.570359936e-13,2.429908627e-13,9.723883228e-14,4.082780314e-06,1.766145972e-10,1.260821734e-08,4.424351685e-07,4.864149033e-06,2.70454182e-05,6.28948797e-16,4.829665844e-16,2.180205717e-16,6.529295044e-17,1.293247724e-06,1.085412296e-12,3.024089515e-10,3.158830244e-08,6.682266264e-07,5.718699872e-06,5.677854608e-14,4.263508281e-14,1.88203871e-14,5.52110534e-15,6.048432077e-06,3.815784798e-11,7.159893153e-09,5.181119496e-07,8.898165575e-06,6.106896278e-05,2.3667195e-12,1.646982595e-12,6.73767142e-13,1.842503293e-13,1.960767272e-05,5.240612933e-10,7.130266998e-08,3.828205606e-06,5.472993726e-05,0.0003024142252,1.203978978e-13,9.455343103e-14,3.880474929e-14,9.586990617e-15,1.748255872e-05,1.042103159e-10,2.879881863e-08,2.616508738e-06,5.117972011e-05,0.0003411671545
8,0.02803200101,0.01690369979,0.009146455791,0.004712759777,0.02505008142,0.00675248335,0.01572816689,0.03074174546,0.04805952456,0.05094972837,0.03920033776,0.02386656871,0.01303867796,0.006778093657,0.02744435185,0.006698979681,0.01530974847,0.02940037935,0.04517144627,0.05038638058,0.0005783730778,0.000277164585,0.0001191820366,4.967204412e-05,0.001290977104,7.67580048e-05,0.0002816994407,0.0008398093591,0.001793812574,0.002534889768,0.0004135922197,0.0001963041691,8.360458269e-05,3.453661507e-05,0.001178351078,7.737105859e-05,0.0002893983414,0.0008781249127,0.001908501644,0.002563231247,0.01249789851,0.005487082417,0.002161669877,0.0008309797416,0.006166073484,0.0004691266205,0.001090186339,0.002126272537,0.003127288897,0.002777337849,0.01800208931,0.007986712829,0.003179483855,0.00123409637,0.006810053417,0.0004650829038,0.001058662288,0.002025506918,0.002923328588,0.00274393576,0.0002837273343,9.999417291e-05,3.162216532e-05,9.924360684e-06,0.0003400863992,5.736086658e-06,2.058894212e-05,6.012756763e-05,0.0001188656566,0.0001397524771,0.0001969768824,6.86986348e-05,2.149930157e-05,6.682575915e-06,0.0003079267665,5.785959722e-06,2.12020242e-05,6.311881465e-05,0.0001271589001,0.0001414536921,4.822023279e-07,1.412246896e-07,3.130453434e-08,6.084880036e-09,6.698006862e-05,5.427943347e-08,1.006723936e-06,1.123335337e-05,5.558543271e-05,0.0001122455224,1.009004106e-09,2.804985074e-10,5.360078546e-11,8.340777572e-12,1.094791022e-05,4.674926788e-10,2.55759905e-08,7.009934068e-07,6.219795314e-06,1.907849736e-05,3.960653816e-09,1.841489852e-09,6.133141797e-10,1.653205719e-10,3.684868093e-05,1.652694478e-08,5.648128252e-07,1.046553975e-05,7.646525308e-05,0.0002517639462,6.575734805e-10,3.573015763e-10,1.390710727e-10,4.328746066e-11,2.396084801e-05,8.458186162e-09,3.207344238e-07,6.545360383e-06,5.141999109e-05,0.0001929336486,5.276059128e-11,3.490608772e-11,1.654260607e-11,6.175229781e-12,1.24409036e-05,2.785576496e-09,1.204545026e-07,2.777003222e-06,2.36597139e-05,0.000103547587,5.888450048e-13,4.552384249e-13,2.41924475e-13,9.677122432e-14,4.075141388e-06,1.758285124e-10,1.256233112e-08,4.411586101e-07,4.852996249e-06,2.710998712e-05,6.260614112e-16,4.804579551e-16,2.167566542e-16,6.487810781e-17,1.290425078e-06,1.078895608e-12,3.009144159e-10,3.14633661e-08,6.660795931e-07,5.736217909e-06,5.653357616e-14,4.242708581e-14,1.871796124e-14,5.488186438e-15,6.03594175e-06,3.793384013e-11,7.124249614e-09,5.159623511e-07,8.86642458e-06,6.123325599e-05,2.357031645e-12,1.639368334e-12,6.702954447e-13,1.832109376e-13,1.956898261e-05,5.209959582e-10,7.093599181e-08,3.811032467e-06,5.450630622e-05,0.0003031313588,1.198322319e-13,9.405106949e-14,3.857474195e-14,9.524732553e-15,1.744588657e-05,1.035121042e-10,2.863112564e-08,2.603405899e-06,5.09490486e-05,0.0003420593012
9,0.02800593068,0.01688749286,0.009137423304,0.004707980635,0.02503445327,0.006739097732,0.01569068415,0.0306570452,0.0479076058,0.05096013652,0.03917053448,0.0238450165,0.01302504267,0.006770112538,0.02742329337,0.006686503911,0.01527860612,0.02933588474,0.04506348432,0.05039965112,0.0005777037034,0.0002767925282,0.0001190000026,4.958769631e-05,0.001289610479,7.656798373e-05,0.0002809499158,0.0008374305069,0.001788333292,0.002536523647,0.0004130433777,0.0001960297172,8.348175316e-05,3.448360904e-05,0.00117727265,7.717024209e-05,0.0002885273929,0.0008751447293,0.001901201553,0.002564731867,0.01248593369,0.005481776739,0.002159558936,0.0008301609042,0.00616204792,0.0004679526847,0.001086700256,0.002118101476,0.003113135319,0.002777657386,0.01798818029,0.007979474716,0.00317617755,0.001232660855,0.006804544443,0.0004639797831,0.00105567877,0.002018959562,0.002912547602,0.002744427893,0.000283399794,9.986130937e-05,3.157463798e-05,9.907848464e-06,0.0003397160395,5.71910069e-06,2.051852373e-05,5.989630559e-05,0.0001183514401,0.0001398287595,0.0001967131182,6.860318784e-05,2.146835009e-05,6.67264512e-06,0.0003076394801,5.768071411e-06,2.112146766e-05,6.28375405e-05,0.0001265023266,0.0001415218041,4.808741498e-07,1.407927549e-07,3.119927306e-08,6.062712659e-09,6.686647241e-05,5.399446114e-08,1.001060443e-06,1.116624215e-05,5.522320787e-05,0.0001123980725,1.005252761e-09,2.793349255e-10,5.335537568e-11,8.299278659e-12,1.092541195e-05,4.644510325e-10,2.54057851e-08,6.962316643e-07,6.174961413e-06,1.911694236e-05,3.947806827e-09,1.834754781e-09,6.108173899e-10,1.645844669e-10,3.677941815e-05,1.644202181e-08,5.620409044e-07,1.041642141e-05,7.61076648e-05,0.0002522357914,6.553939005e-10,3.559629732e-10,1.384900226e-10,4.30893614e-11,2.391513412e-05,8.416487772e-09,3.192867003e-07,6.518346509e-06,5.121814813e-05,0.0001933231165,5.258098556e-11,3.477139003e-11,1.647125206e-11,6.146004327e-12,1.241672492e-05,2.772577604e-09,1.199707584e-07,2.767529291e-06,2.358930711e-05,0.0001037755185,5.865746852e-13,4.532538979e-13,2.407480385e-13,9.625568727e-14,4.066692433e-06,1.749599375e-10,1.251150601e-08,4.397403235e-07,4.840555443e-06,2.717946684e-05,6.22874931e-16,4.776921087e-16,2.15364382e-16,6.442149226e-17,1.287304138e-06,1.071707032e-12,2.992613898e-10,3.132473567e-08,6.636877652e-07,5.755082694e-06,5.626315146e-14,4.219768552e-14,1.860509129e-14,5.451937728e-15,6.022129783e-06,3.768671811e-11,7.08483607e-09,5.135789383e-07,8.831123526e-06,6.141014616e-05,2.346334619e-12,1.630968277e-12,6.664685754e-13,1.820660214e-13,1.952619468e-05,5.176145357e-10,7.053070101e-08,3.792009381e-06,5.425803653e-05,0.0003039034418,1.192080414e-13,9.349726882e-14,3.832141153e-14,9.45621557e-15,1.740533535e-05,1.027425701e-10,2.844589447e-08,2.588897196e-06,5.069298969e-05,0.0003430200489
10,0.02797746535,0.0168698034,0.009127567926,0.00470276765,0.02501740011,0.006724495872,0.01564979629,0.03056466145,0.04774194518,0.05097122001,0.039137976,0.02382148498,0.01301016178,0.006761405357,0.02740030841,0.006672887985,0.01524460644,0.02926545618,0.04494557601,0.05041372057,0.0005769728011,0.0002763865084,0.0001188014485,4.949572984e-05,0.001288119364,7.63607197e-05,0.0002801320605,0.0008348340312,0.001782351868,0.002538250732,0.0004124443367,0.0001957302856,8.334779453e-05,3.442581902e-05,0.001176096161,7.695129088e-05,0.0002875777541,0.0008718954995,0.001893244068,0.002566319943,0.01247287015,0.005475985836,0.002157255718,0.000829267756,0.006157655885,0.0004666730642,0.001082901942,0.002109202954,0.003097730855,0.002778003739,0.01797298535,0.007971571796,0.003172569182,0.001231094741,0.006798532179,0.0004627768352,0.001052425695,0.002011822139,0.00290079873,0.002744954252,0.0002830421402,9.9716314e-05,3.152279598e-05,9.889844261e-06,0.0003393119756,5.700587227e-06,2.044177844e-05,5.964430443e-05,0.0001177912724,0.0001399095851,0.0001964252344,6.849905351e-05,2.143459385e-05,6.661817877e-06,0.0003073261005,5.748581836e-06,2.103373348e-05,6.253134443e-05,0.0001257879959,0.0001415941087,4.794265012e-07,1.403222835e-07,3.108469016e-08,6.038594704e-09,6.674262351e-05,5.368453607e-08,9.948996222e-07,1.109322726e-05,5.48291809e-05,0.0001125594457,1.00116812e-09,2.780689798e-10,5.308857318e-11,8.254190934e-12,1.090089166e-05,4.611469513e-10,2.522078154e-08,6.910531505e-07,6.126195839e-06,1.915760033e-05,3.933811286e-09,1.827423354e-09,6.081014655e-10,1.63784248e-10,3.670391316e-05,1.634962005e-08,5.590211112e-07,1.036284409e-05,7.571721398e-05,0.000252734299,6.530196399e-10,3.545059802e-10,1.37858046e-10,4.287403518e-11,2.38653011e-05,8.371101938e-09,3.177084059e-07,6.488845791e-06,5.0997365e-05,0.0001937344751,5.238535606e-11,3.462479665e-11,1.639365508e-11,6.114242481e-12,1.239036812e-05,2.75842298e-09,1.194428724e-07,2.75716506e-06,2.351206646e-05,0.0001040161945,5.841030206e-13,4.510952656e-13,2.39469421e-13,9.569576268e-14,4.057483612e-06,1.740142956e-10,1.245602356e-08,4.381869014e-07,4.826869846e-06,2.725283798e-05,6.194103531e-16,4.746880279e-16,2.138536634e-16,6.392645394e-17,1.283903734e-06,1.063894945e-12,2.974597403e-10,3.117310986e-08,6.610604453e-07,5.775020342e-06,5.596903085e-14,4.194843424e-14,1.848256834e-14,5.412620897e-15,6.007079014e-06,3.741813946e-11,7.041890572e-09,5.109742448e-07,8.792416909e-06,6.159706113e-05,2.334697265e-12,1.621838609e-12,6.623130201e-13,1.808237353e-13,1.947956439e-05,5.139397624e-10,7.008929448e-08,3.771241609e-06,5.398634445e-05,0.0003047192557,1.185294601e-13,9.289584992e-14,3.804657085e-14,9.381945268e-15,1.736114866e-05,1.019070838e-10,2.824430216e-08,2.573064666e-06,5.041280867e-05,0.000344035486
11,0.02794674745,0.01685072153,0.009116940714,0.004697148227,0.02499900997,0.006708754287,0.01560571782,0.03046508186,0.04756342746,0.05098284263,0.03910282078,0.02379609202,0.01299411151,0.006752017491,0.02737551402,0.006658201593,0.01520792069,0.02918944435,0.04481830539,0.05042840332,0.0005761840193,0.0002759486122,0.0001185874191,4.939663783e-05,0.001286511491,7.613730502e-05,0.0002792501078,0.0008320331879,0.001775898636,0.002540047127,0.0004117981504,0.0001954074315,8.320341632e-05,3.43635558e-05,0.001174827752,7.671538093e-05,0.0002865545181,0.0008683947143,0.001884672462,0.002567973889,0.01245877335,0.005469739236,0.002154772167,0.0008283049977,0.006152920211,0.0004652947117,0.001078812445,0.002099627399,0.003081165118,0.002778373885,0.01795657841,0.007963043643,0.003168677232,0.001229406189,0.006792047422,0.0004614804665,0.001048920502,0.002004133303,0.002888146561,0.00274550883,0.0002826561565,9.955993107e-05,3.14669118e-05,9.870444476e-06,0.0003388763106,5.680647324e-06,2.035912677e-05,5.937295561e-05,0.0001171882889,0.0001399938754,0.0001961147001,6.838677342e-05,2.139821154e-05,6.650152377e-06,0.0003069882719,5.727599217e-06,2.093931741e-05,6.220199233e-05,0.0001250201333,0.0001416696691,4.778672732e-07,1.398159186e-07,3.096144667e-08,6.012668401e-09,6.660918804e-05,5.335151945e-08,9.882781622e-07,1.101474142e-05,5.440570517e-05,0.0001127274274,9.967734879e-10,2.767081445e-10,5.280200141e-11,8.205795744e-12,1.08744834e-05,4.576012464e-10,2.502211916e-08,6.854891243e-07,6.073791609e-06,1.919990934e-05,3.918745257e-09,1.819537896e-09,6.051825656e-10,1.629247968e-10,3.662257436e-05,1.625028412e-08,5.557703356e-07,1.030509131e-05,7.529587048e-05,0.0002532524795,6.504639871e-10,3.529390428e-10,1.371789204e-10,4.264280226e-11,2.381161871e-05,8.322292405e-09,3.160080918e-07,6.457005688e-06,5.075865747e-05,0.000194161928,5.217480235e-11,3.446716167e-11,1.631028163e-11,6.080140238e-12,1.236197601e-05,2.743193346e-09,1.188735767e-07,2.745957771e-06,2.342828988e-05,0.0001042662061,5.814442051e-13,4.487753913e-13,2.38096494e-13,9.509499241e-14,4.047565137e-06,1.729970208e-10,1.239616623e-08,4.365049649e-07,4.811982913e-06,2.732906072e-05,6.156886921e-16,4.714647013e-16,2.122344036e-16,6.339633992e-17,1.280242712e-06,1.05550781e-12,2.955193726e-10,3.100919154e-08,6.58207017e-07,5.795750704e-06,5.565297485e-14,4.168088499e-14,1.835118344e-14,5.370497465e-15,5.990872361e-06,3.712976446e-11,6.995652026e-09,5.081608724e-07,8.750460425e-06,6.179137289e-05,2.322188495e-12,1.612035546e-12,6.578552671e-13,1.794922305e-13,1.942934747e-05,5.099944106e-10,6.96142773e-08,3.748834935e-06,5.36924547e-05,0.0003055673468,1.178006247e-13,9.225063464e-14,3.775203198e-14,9.302426722e-15,1.731357033e-05,1.01011022e-10,2.802752978e-08,2.555990804e-06,5.010978118e-05,0.0003450913967
12,0.02791391938,0.01683033736,0.009105592709,0.004691149753,0.0249793709,0.006691949478,0.01555866323,0.03035879415,0.04737293746,0.05099486454,0.03906522734,0.0237689555,0.01297696809,0.006741994295,0.02734902723,0.006642514429,0.01516872017,0.02910820021,0.04468225716,0.05044351098,0.0005753410068,0.0002754809259,0.000118358959,4.9290913e-05,0.001284794586,7.589883193e-05,0.0002783082924,0.0008290412449,0.001769003974,0.002541888728,0.000411107872,0.000195062712,8.304932761e-05,3.429712993e-05,0.001173473565,7.646368769e-05,0.0002854627779,0.000864659866,0.001875530019,0.002569671873,0.01244370876,0.005463066463,0.002152120219,0.0008272773274,0.006147863719,0.000463824575,0.001074452796,0.00208942518,0.003063527588,0.002778764507,0.01793903343,0.007953929829,0.003164520175,0.001227603354,0.00678512096,0.0004600970806,0.001045180628,0.001995931697,0.002874655662,0.002746085384,0.0002822436269,9.939290473e-05,3.140725779e-05,9.849745442e-06,0.0003384111467,5.65938197e-06,2.027098909e-05,5.908365015e-05,0.0001165456241,0.0001400805366,0.0001957829838,6.826688897e-05,2.135938176e-05,6.637706765e-06,0.0003066276376,5.705231673e-06,2.083871469e-05,6.185124799e-05,0.0001242029574,0.0001417475311,4.762043503e-07,1.392762999e-07,3.083020239e-08,5.985075635e-09,6.646683161e-05,5.299726875e-08,9.812327027e-07,1.093121705e-05,5.395513339e-05,0.0001128997773,9.920921368e-10,2.752598767e-10,5.249727889e-11,8.154373387e-12,1.084632107e-05,4.538346673e-10,2.48109354e-08,6.795708318e-07,6.0180419e-06,1.924330056e-05,3.902686719e-09,1.811140655e-09,6.020768082e-10,1.620109794e-10,3.653580983e-05,1.61445579e-08,5.523054759e-07,1.024344723e-05,7.484561285e-05,0.0002537832749,6.477402147e-10,3.512705907e-10,1.364564132e-10,4.239697857e-11,2.375435647e-05,8.270322661e-09,3.141943198e-07,6.422974204e-06,5.050304788e-05,0.0001945996237,5.195042267e-11,3.429933743e-11,1.622159695e-11,6.043892917e-12,1.233169127e-05,2.726969378e-09,1.182656094e-07,2.733954922e-06,2.333827833e-05,0.000104522113,5.786124108e-13,4.463071072e-13,2.366371026e-13,9.445690379e-14,4.03698717e-06,1.719135441e-10,1.233221731e-08,4.347011833e-07,4.79593877e-06,2.740708469e-05,6.117309074e-16,4.680410446e-16,2.105164577e-16,6.283447672e-17,1.276339898e-06,1.046593992e-12,2.934502139e-10,3.083368887e-08,6.551370166e-07,5.816989899e-06,5.531673984e-14,4.139658537e-14,1.8211724e-14,5.325827488e-15,5.973592651e-06,3.68232501e-11,6.946359753e-09,5.051515011e-07,8.705411721e-06,6.199042169e-05,2.308877075e-12,1.601615125e-12,6.531216928e-13,1.780796164e-13,1.937579937e-05,5.058012034e-10,6.910815725e-08,3.724895649e-06,5.337760339e-05,0.0003064361319,1.17025661e-13,9.156542955e-14,3.743959759e-14,9.21816181e-15,1.726284393e-05,1.000597451e-10,2.779675925e-08,2.53775852e-06,4.978519619e-05,0.0003461733892
13,0.02787912347,0.01680874089,0.009093574879,0.004684799569,0.02495857082,0.00667415784,0.01550884676,0.03024628542,0.04717135886,0.05100714312,0.03902535419,0.02374019323,0.01295880764,0.006731381059,0.027320965,0.006625896137,0.0151271762,0.0290220749,0.04453801655,0.05045885385,0.0005744474107,0.0002749855332,0.0001181171106,4.917904697e-05,0.001282976367,7.564639118e-05,0.0002773108467,0.0008258714731,0.001761698281,0.002543751429,0.0004103765519,0.0001946976813,8.288623608e-05,3.422685122e-05,0.001172039733,7.619738438e-05,0.0002843076177,0.0008607084223,0.00186585996,0.002571392002,0.01242774181,0.005455997008,0.002149311797,0.0008261894349,0.006142509202,0.0004622695849,0.001069843966,0.002078646497,0.003044907381,0.002779171986,0.01792042438,0.007944269902,0.003160116465,0.00122569438,0.006777783549,0.0004586330696,0.001041223476,0.001987255888,0.00286039046,0.002746677453,0.0002818063343,9.921597825e-05,3.134410578e-05,9.827843273e-06,0.0003379185831,5.636891916e-06,2.017778481e-05,5.8777776e-05,0.0001158664051,0.0001401684681,0.0001954315529,6.813994076e-05,2.131828275e-05,6.624539045e-06,0.0003062458385,5.681587e-06,2.073241895e-05,6.148086862e-05,0.0001233406687,0.0001418267294,4.744455971e-07,1.387060578e-07,3.069161414e-08,5.955957538e-09,6.631621829e-05,5.262363192e-08,9.737997289e-07,1.084308507e-05,5.34798108e-05,0.0001130742481,9.871472486e-10,2.737315955e-10,5.217601381e-11,8.100202073e-12,1.081653821e-05,4.498678239e-10,2.458836196e-08,6.733294117e-07,5.959239195e-06,1.928720318e-05,3.885713401e-09,1.802273694e-09,5.988002221e-10,1.6104763e-10,3.644402663e-05,1.6032983e-08,5.486434057e-07,1.017819643e-05,7.436842792e-05,0.0002543196221,6.448615521e-10,3.495090151e-10,1.356942705e-10,4.213787115e-11,2.369378323e-05,8.215455249e-09,3.122756495e-07,6.38689986e-06,5.023156646e-05,0.0001950417089,5.171331151e-11,3.41221723e-11,1.612806349e-11,6.005694476e-12,1.229965622e-05,2.709831525e-09,1.176217126e-07,2.721204339e-06,2.324233719e-05,0.0001047804749,5.756217519e-13,4.437031747e-13,2.350990388e-13,9.378499598e-14,4.02579974e-06,1.707692811e-10,1.226446074e-08,4.327822929e-07,4.778782623e-06,2.74858587e-05,6.075578342e-16,4.644358274e-16,2.087095883e-16,6.224415442e-17,1.272214057e-06,1.037201589e-12,2.912621978e-10,3.06473163e-08,6.518601991e-07,5.838452905e-06,5.496207265e-14,4.109707196e-14,1.806497052e-14,5.278868374e-15,5.95532246e-06,3.650024432e-11,6.894253055e-09,5.019588963e-07,8.657431062e-06,6.219154026e-05,2.294831421e-12,1.590633008e-12,6.48138457e-13,1.765939245e-13,1.93191748e-05,5.013827355e-10,6.857343951e-08,3.699530508e-06,5.304304043e-05,0.0003073140032,1.162086692e-13,9.084401109e-14,3.711105289e-14,9.129646775e-15,1.720921226e-05,9.905857568e-11,2.75531703e-08,2.518451088e-06,4.944035839e-05,0.0003472670262
14,0.02784250191,0.01678602197,0.009080938073,0.004678124934,0.02493669747,0.006655455576,0.01545648216,0.03012804166,0.04695957299,0.05101953393,0.03898335986,0.02370992291,0.01293970616,0.006720222952,0.02729144405,0.00660841626,0.01508345998,0.02893141959,0.04438616913,0.05047424237,0.0005735068751,0.0002744645138,0.0001178629133,4.90615295e-05,0.001281064533,7.538107084e-05,0.0002762619975,0.0008225371375,0.001754011962,0.002545611335,0.0004096072355,0.0001943138903,8.271484713e-05,3.415302827e-05,0.001170532371,7.591764026e-05,0.0002830941072,0.0008565578012,0.001855705377,0.002573112498,0.01241093787,0.005448560314,0.002146358792,0.000825045996,0.006136879398,0.0004606366444,0.001065006827,0.002067341273,0.00302539302,0.002779592397,0.01790082522,0.007934103373,0.003155484524,0.001223687392,0.006770065888,0.0004570948058,0.001037066395,0.001978144315,0.002845415128,0.002747278398,0.0002813460606,9.90298935e-05,3.127772688e-05,9.804833731e-06,0.0003374007138,5.613277508e-06,2.007993173e-05,5.845671561e-05,0.0001151537454,0.0001402565716,0.000195061872,6.800646806e-05,2.127509217e-05,6.610707003e-06,0.0003058445108,5.656772474e-06,2.062092117e-05,6.109260076e-05,0.0001224374377,0.0001419062954,4.725988456e-07,1.381078077e-07,3.054633421e-08,5.925454117e-09,6.615800963e-05,5.223244213e-08,9.660154707e-07,1.075077375e-05,5.29820687e-05,0.0001132486053,9.819618641e-10,2.721306611e-10,5.183979915e-11,8.04355699e-12,1.078526777e-05,4.457211157e-10,2.435552125e-08,6.667958055e-07,5.89767447e-06,1.933104946e-05,3.867902638e-09,1.792978789e-09,5.953687021e-10,1.600395362e-10,3.634763018e-05,1.591609736e-08,5.448009417e-07,1.010962358e-05,7.386631017e-05,0.0002548545172,6.418411593e-10,3.476626487e-10,1.348962062e-10,4.186677405e-11,2.363016674e-05,8.157951128e-09,3.102606258e-07,6.34893166e-06,4.994525254e-05,0.0001954823829,5.146455743e-11,3.39365085e-11,1.603013963e-11,5.965736876e-12,1.226601263e-05,2.691859832e-09,1.169446298e-07,2.70775423e-06,2.314077751e-05,0.0001050378841,5.724862526e-13,4.409762495e-13,2.33490016e-13,9.308272755e-14,4.014052659e-06,1.695696187e-10,1.2193181e-08,4.307551122e-07,4.760561125e-06,2.756434058e-05,6.031901213e-16,4.606676075e-16,2.068234259e-16,6.162861236e-17,1.267883861e-06,1.02737828e-12,2.88965248e-10,3.045079528e-08,6.483865944e-07,5.859856184e-06,5.459070559e-14,4.078386514e-14,1.791169369e-14,5.22987381e-15,5.936143974e-06,3.616238075e-11,6.839570795e-09,4.985959133e-07,8.60668189e-06,6.239207839e-05,2.280119417e-12,1.579144306e-12,6.42931408e-13,1.750430767e-13,1.925972732e-05,4.967614001e-10,6.801262148e-08,3.672846687e-06,5.269003141e-05,0.000308189435,1.153537123e-13,9.009011194e-14,3.676815844e-14,9.037370026e-15,1.715291697e-05,9.80127785e-11,2.729793759e-08,2.498152079e-06,4.90765901e-05,0.0003483579558
15,0.02780419669,0.01676227026,0.009067732974,0.004671153002,0.02491383834,0.006635918626,0.01540178245,0.03000454716,0.04673845778,0.05103189163,0.03893940289,0.02367826204,0.01291973943,0.006708564986,0.02726058086,0.006590144188,0.01503774254,0.02883658538,0.0442273007,0.0504894886,0.00057252304,0.0002739199415,0.0001175974026,4.89388479e-05,0.00127906676,7.510395508e-05,0.0002751659621,0.0008190514879,0.001745975411,0.002547444968,0.0004088029612,0.0001939128843,8.253586308e-05,3.407596808e-05,0.001168957575,7.562561914e-05,0.0002818272937,0.0008522253476,0.001845109169,0.002574811889,0.01239336218,0.00544078575,0.002143273058,0.0008238516679,0.006130996971,0.0004589326184,0.001059962117,0.002055559054,0.003005072244,0.002780021521,0.01788030992,0.007923469692,0.003150642721,0.001221590483,0.006761998597,0.0004554886335,0.001032726655,0.001968635226,0.002829793489,0.002747881434,0.0002808645854,9.883539035e-05,3.120839107e-05,9.780812105e-06,0.0003368596259,5.588638532e-06,1.997784533e-05,5.812184365e-05,0.0001144107394,0.0001403437595,0.0001946754025,6.786700831e-05,2.122998692e-05,6.596268125e-06,0.0003054252846,5.630894663e-06,2.050470871e-05,6.068817645e-05,0.000121497395,0.0001419852644,4.706718833e-07,1.374841456e-07,3.039500895e-08,5.893703903e-09,6.59928638e-05,5.182551287e-08,9.579158101e-07,1.065470764e-05,5.246421849e-05,0.0001134206461,9.765588347e-10,2.704643579e-10,5.14902082e-11,7.984709448e-12,1.075264189e-05,4.414146656e-10,2.411352303e-08,6.600006737e-07,5.833636417e-06,1.937427972e-05,3.849331225e-09,1.783297338e-09,5.917979689e-10,1.58991425e-10,3.624702371e-05,1.579443394e-08,5.407948132e-07,1.00380131e-05,7.334126069e-05,0.0002553810788,6.386921024e-10,3.457397467e-10,1.340658923e-10,4.15849646e-11,2.356377331e-05,8.098069082e-09,3.081577665e-07,6.309219034e-06,4.96451553e-05,0.0001959159503,5.120524096e-11,3.374318018e-11,1.592827841e-11,5.924209518e-12,1.223090143e-05,2.673133773e-09,1.162371043e-07,2.693653232e-06,2.303391713e-05,0.0001052909968,5.69219817e-13,4.381388488e-13,2.318176466e-13,9.235350525e-14,4.001795444e-06,1.683199045e-10,1.211866291e-08,4.28626555e-07,4.741322701e-06,2.764150698e-05,5.986481739e-16,4.567546705e-16,2.048674346e-16,6.099102628e-17,1.263367851e-06,1.017171177e-12,2.865692628e-10,3.024485475e-08,6.447265561e-07,5.880920361e-06,5.420435192e-14,4.04584644e-14,1.775265165e-14,5.179092805e-15,5.916138843e-06,3.58112738e-11,6.782550976e-09,4.950754979e-07,8.553331295e-06,6.258942765e-05,2.264808241e-12,1.567203414e-12,6.375259964e-13,1.734348565e-13,1.919770891e-05,4.919593209e-10,6.74281878e-08,3.644951717e-06,5.231985903e-05,0.0003090510893,1.144648035e-13,8.930740874e-14,3.641264363e-14,8.941810178e-15,1.70941981e-05,9.692754266e-11,2.703222788e-08,2.476945289e-06,4.86952325e-05,0.0003494320441
16,0.02776434953,0.01673757512,0.009054010061,0.00466391079,0.02489008058,0.00661562259,0.01534495973,0.02987628403,0.04650888665,0.05104407105,0.03889364179,0.02364532792,0.01289898299,0.006696451973,0.02722849156,0.006571149112,0.01499019464,0.02873792318,0.04406199707,0.05050440773,0.0005714995392,0.000273353883,0.0001173216083,4.881148644e-05,0.00127699069,7.481612304e-05,0.0002740269447,0.0008154277507,0.001737618996,0.002549229466,0.0004079667584,0.0001934962022,8.234998239e-05,3.399597566e-05,0.001167321411,7.532247789e-05,0.000280512197,0.0008477283113,0.001834113982,0.00257646918,0.0123750799,0.005432702599,0.002140066401,0.0008226110842,0.006124884492,0.0004571643246,0.001054730408,0.002043348919,0.00298403181,0.00278045486,0.01785895244,0.007912408239,0.00314560937,0.001219411713,0.006753612197,0.0004538208624,0.001028221426,0.001958766632,0.002813588915,0.002748479681,0.0002803636855,9.863320614e-05,3.113636703e-05,9.755873091e-06,0.0003362973972,5.563074078e-06,1.987193819e-05,5.777452481e-05,0.000113640457,0.0001404289645,0.0001942736014,6.772209664e-05,2.118314294e-05,6.581279527e-06,0.0003049897822,5.604059254e-06,2.038426447e-05,6.026930972e-05,0.0001205246214,0.0001420626827,4.686724418e-07,1.368376433e-07,3.023827743e-08,5.860843647e-09,6.582143473e-05,5.140463353e-08,9.495361956e-07,1.055530654e-05,5.192854588e-05,0.0001135882185,9.709607796e-10,2.68739877e-10,5.112879047e-11,7.923926122e-12,1.07187917e-05,4.369682619e-10,2.386346141e-08,6.529743164e-07,5.767410702e-06,1.941634739e-05,3.830075299e-09,1.773270277e-09,5.881035317e-10,1.579079509e-10,3.614260769e-05,1.566851949e-08,5.366416335e-07,9.963648847e-06,7.279528599e-05,0.000255892611,6.354273318e-10,3.437484698e-10,1.332069505e-10,4.129369998e-11,2.349486741e-05,8.036065171e-09,3.059755513e-07,6.267911768e-06,4.933233432e-05,0.0001963368737,5.093643277e-11,3.354301165e-11,1.582292646e-11,5.881298728e-12,1.219446263e-05,2.653732103e-09,1.15501876e-07,2.678950439e-06,2.292208157e-05,0.0001055365646,5.658362015e-13,4.352033218e-13,2.300894213e-13,9.160067405e-14,3.989077253e-06,1.670254351e-10,1.204119143e-08,4.264036409e-07,4.721117823e-06,2.771636315e-05,5.939521013e-16,4.527149761e-16,2.028508806e-16,6.033449712e-17,1.258684417e-06,1.006626692e-12,2.84084099e-10,3.003023143e-08,6.408908017e-07,5.90137293e-06,5.380470172e-14,4.012234419e-14,1.758858766e-14,5.126768842e-15,5.895388068e-06,3.544851419e-11,6.723430334e-09,4.91410685e-07,8.497550375e-06,6.278104633e-05,2.248964218e-12,1.554863865e-12,6.319471984e-13,1.717768833e-13,1.913336961e-05,4.869982905e-10,6.682260561e-08,3.6159534e-06,5.193382397e-05,0.0003098879226,1.135458967e-13,8.849951113e-14,3.604620097e-14,8.843434341e-15,1.703329377e-05,9.580796504e-11,2.675719743e-08,2.454914651e-06,4.829764639e-05,0.0003504755087
17,0.02772310185,0.01671202561,0.009039819567,0.004656425155,0.02486551096,0.006594642658,0.01528622499,0.0297437317,0.0462717276,0.05105592834,0.03884623503,0.02361123755,0.01287751207,0.00668392849,0.02719529189,0.006551499978,0.01494098666,0.02863578356,0.04389084387,0.05051881953,0.0005704399995,0.0002727683965,0.0001170365545,4.867992576e-05,0.001274843932,7.451864786e-05,0.0002728491334,0.0008116791193,0.001728973031,0.002550942782,0.0004071016455,0.0001930653748,8.215789899e-05,3.391335368e-05,0.001165629915,7.500936513e-05,0.0002791538028,0.0008430838257,0.001822762154,0.002578064037,0.01235615599,0.005424340035,0.002136750566,0.0008213288507,0.00611856442,0.0004553385245,0.001049332074,0.002030759398,0.002962357335,0.002780887666,0.01783682674,0.007900958299,0.003140402708,0.001217159098,0.006744937086,0.0004520977603,0.00102356776,0.001948576259,0.002796864236,0.002749066207,0.0002798451346,9.842407521e-05,3.106192184e-05,9.730110697e-06,0.0003357160952,5.536682402e-06,1.976261943e-05,5.741611186e-05,0.0001128459388,0.0001405111479,0.0001938579203,6.757226546e-05,2.113473502e-05,6.565797889e-06,0.0003045396168,5.576370903e-06,2.026006605e-05,5.983769339e-05,0.0001195231396,0.0001421376164,4.666081877e-07,1.361708444e-07,3.007677031e-08,5.827008041e-09,6.564437138e-05,5.097156534e-08,9.40911564e-07,1.045298463e-05,5.137730566e-05,0.0001137492406,9.651900466e-10,2.669643023e-10,5.075706821e-11,7.861468381e-12,1.068384722e-05,4.324013045e-10,2.360641207e-08,6.457466e-07,5.699279265e-06,1.945672405e-05,3.810210212e-09,1.762938005e-09,5.843006564e-10,1.56793685e-10,3.60347794e-05,1.553887344e-08,5.323578714e-07,9.886813789e-06,7.223039643e-05,0.0002563826652,6.32059662e-10,3.416968692e-10,1.32322944e-10,4.099421434e-11,2.342371137e-05,7.972192221e-09,3.037224092e-07,6.225159911e-06,4.900785983e-05,0.0001967398262,5.065919191e-11,3.333681578e-11,1.571452299e-11,5.837187311e-12,1.215683507e-05,2.633732712e-09,1.147416797e-07,2.663695423e-06,2.280560478e-05,0.0001057714657,5.6234899e-13,4.321818235e-13,2.283126916e-13,9.082750835e-14,3.975946816e-06,1.656914472e-10,1.196105145e-08,4.240935031e-07,4.699999257e-06,2.778795261e-05,5.891216713e-16,4.485661113e-16,2.007828056e-16,5.966204135e-17,1.253851763e-06,9.957904184e-13,2.815195563e-10,2.980766982e-08,6.368904434e-07,5.920950979e-06,5.339341823e-14,3.977695017e-14,1.7420228e-14,5.073139147e-15,5.87397188e-06,3.50756649e-11,6.662443935e-09,4.876145931e-07,8.439514508e-06,6.296448429e-05,2.232652676e-12,1.542178203e-12,6.262194491e-13,1.700765906e-13,1.906695718e-05,4.818997144e-10,6.619831991e-08,3.585959713e-06,5.153324525e-05,0.0003106892921,1.126008769e-13,8.766995207e-14,3.567048104e-14,8.742696635e-15,1.697043979e-05,9.465903554e-11,2.647398938e-08,2.432144131e-06,4.788521224e-05,0.0003514750521
18,0.02768059469,0.01668571042,0.00902521145,0.004648722772,0.02484021582,0.006573053557,0.01522578794,0.02960736649,0.04602784225,0.0510673221,0.03879734108,0.02357610766,0.01285540155,0.006671038842,0.0271610971,0.006531265449,0.01489028857,0.02853051661,0.04371442638,0.05053254996,0.0005693480395,0.00027216553,0.000116743258,4.854464244e-05,0.00127263405,7.421259566e-05,0.0002716366968,0.0008078187462,0.001720067768,0.002552563878,0.0004062106289,0.0001926219241,8.196030164e-05,3.382840216e-05,0.001163889085,7.468742002e-05,0.0002777570577,0.000838308889,0.001811095659,0.002579576962,0.01233665527,0.00541572711,0.002133337237,0.0008200095418,0.006112059087,0.0004534619161,0.001043787264,0.002017838394,0.002940133137,0.002781314979,0.01781400674,0.007889159059,0.003135040891,0.001214840607,0.006736003529,0.0004503255475,0.001018782574,0.001938101504,0.002779681663,0.002749634092,0.0002793107022,9.820872843e-05,3.09853208e-05,9.703618141e-06,0.0003351177751,5.509560815e-06,1.965029419e-05,5.704794381e-05,0.0001120301912,0.0001405893087,0.0001934298049,6.741804406e-05,2.108493667e-05,6.549879399e-06,0.000304076391,5.547933085e-06,2.013258504e-05,5.939499613e-05,0.0001184969063,0.0001422091584,4.644867128e-07,1.354862609e-07,2.991110881e-08,5.792329475e-09,6.546231707e-05,5.052803784e-08,9.320762692e-07,1.034814956e-05,5.081271676e-05,0.0001139017197,9.592686764e-10,2.651445967e-10,5.037653325e-11,7.797591712e-12,1.06479371e-05,4.277327587e-10,2.33434297e-08,6.383468893e-07,5.629519658e-06,1.949490446e-05,3.78981044e-09,1.752340316e-09,5.804043361e-10,1.556531057e-10,3.592393246e-05,1.540600696e-08,5.279598261e-07,9.807789664e-06,7.164860452e-05,0.0002568451017,6.286017536e-10,3.395928722e-10,1.314173709e-10,4.068771615e-11,2.335056511e-05,7.906699372e-09,3.014067083e-07,6.181113674e-06,4.867281263e-05,0.0001971197419,5.037456434e-11,3.31253926e-11,1.560349893e-11,5.792054157e-12,1.21181563e-05,2.613212496e-09,1.139592418e-07,2.647938245e-06,2.268482968e-05,0.000105992735,5.587715722e-13,4.290862916e-13,2.264946537e-13,9.003720442e-14,3.962452382e-06,1.643231072e-10,1.187852757e-08,4.217033938e-07,4.678022244e-06,2.785536667e-05,5.841762689e-16,4.443252486e-16,1.986720038e-16,5.897658272e-17,1.248887888e-06,9.847070221e-13,2.788853621e-10,2.957792207e-08,6.327370118e-07,5.939403896e-06,5.297213453e-14,3.942369602e-14,1.724828021e-14,5.018434067e-15,5.851969647e-06,3.469425749e-11,6.599824792e-09,4.837004172e-07,8.379403511e-06,6.313740762e-05,2.215937825e-12,1.529197872e-12,6.20366584e-13,1.683412066e-13,1.899871683e-05,4.766845609e-10,6.555774917e-08,3.5550787e-06,5.111946015e-05,0.0003114450599,1.11633552e-13,8.682217944e-14,3.528708828e-14,8.64003694e-15,1.690586941e-05,9.348562403e-11,2.618373145e-08,2.408717627e-06,4.74593298e-05,0.0003524179938
19,0.0276369687,0.01665871784,0.009010235357,0.004640830116,0.02481428096,0.006550929485,0.0151638568,0.02946766122,0.04577808501,0.05107811472,0.03874711831,0.02354005458,0.01283272595,0.00665782704,0.02712602194,0.006510513859,0.01483826984,0.02842247184,0.04353332927,0.05054543259,0.0005682272682,0.0002715473208,0.0001164427279,4.840610855e-05,0.001270368562,7.389902467e-05,0.0002703937811,0.0008038597337,0.00171093337,0.00255407291,0.000405296701,0.0001921673622,8.175787341e-05,3.374141818e-05,0.001162104879,7.435777115e-05,0.0002763268643,0.0008334203455,0.001799156062,0.002580989467,0.01231664235,0.00540689274,0.00212983802,0.0008186576965,0.006105390681,0.0004515411265,0.001038115879,0.00200463312,0.002917442104,0.002781731677,0.01779056636,0.007877049585,0.003129541984,0.001212464155,0.006726841633,0.0004485103909,0.001013882628,0.001927379393,0.002762102709,0.002750176485,0.0002787621535,9.798789286e-05,3.09068272e-05,9.676487773e-06,0.0003345044787,5.481805569e-06,1.953536314e-05,5.66713442e-05,0.0001111961828,0.0001406624928,0.0001929906938,6.725995828e-05,2.103391998e-05,6.533579701e-06,0.0003036016957,5.518847974e-06,2.000228636e-05,5.894285992e-05,0.0001174498053,0.0001422764372,4.623155268e-07,1.347863693e-07,2.974190376e-08,5.756937827e-09,6.527590888e-05,5.007574568e-08,9.23064019e-07,1.024120174e-05,5.023695776e-05,0.0001140437703,9.532183717e-10,2.632875918e-10,4.99886443e-11,7.732545219e-12,1.061118856e-05,4.229811145e-10,2.307554583e-08,6.308039855e-07,5.558404438e-06,1.953041143e-05,3.768949479e-09,1.741516343e-09,5.764292666e-10,1.544905903e-10,3.581045644e-05,1.5270422e-08,5.234636025e-07,9.726856635e-06,7.105192287e-05,0.0002572741484,6.250660972e-10,3.374442714e-10,1.304936581e-10,4.037538599e-11,2.327568584e-05,7.83983166e-09,2.990367445e-07,6.135923308e-06,4.832828382e-05,0.0001974718658,5.00835815e-11,3.290952811e-11,1.549027622e-11,5.746073907e-12,1.207856243e-05,2.592247241e-09,1.131572784e-07,2.631729443e-06,2.25601086e-05,0.0001061975934,5.551171238e-13,4.259284262e-13,2.246423353e-13,8.923287399e-14,3.94864167e-06,1.629255039e-10,1.179390382e-08,4.19240687e-07,4.65524466e-06,2.79177536e-05,5.791348612e-16,4.400091116e-16,1.965270019e-16,5.82809455e-17,1.243810563e-06,9.734201462e-13,2.761911554e-10,2.934174758e-08,6.2844247e-07,5.956496043e-06,5.254245078e-14,3.906396061e-14,1.707343157e-14,4.962876552e-15,5.829459777e-06,3.430578889e-11,6.535803482e-09,4.796814178e-07,8.317401717e-06,6.329762282e-05,2.198882649e-12,1.51597311e-12,6.1441179e-13,1.665777389e-13,1.892889088e-05,4.71373317e-10,6.49032812e-08,3.523418351e-06,5.069382361e-05,0.0003121456958,1.106476458e-13,8.595954897e-14,3.489757738e-14,8.535879874e-15,1.683981302e-05,9.229246897e-11,2.588753364e-08,2.384718846e-06,4.70214171e-05,0.0003532924011
20,0.02759236407,0.01663113569,0.008994940596,0.004632773442,0.02478779168,0.006528344067,0.0151006382,0.02932508477,0.04552330233,0.0510881736,0.03869572506,0.02350319429,0.01280955935,0.006644336767,0.02709018056,0.006489313187,0.01478509933,0.02831199801,0.04334813641,0.05055731016,0.000567081284,0.0002709157939,0.0001161359648,4.826479125e-05,0.001268054936,7.357898445e-05,0.0002691245073,0.0007998151266,0.001701599895,0.002555451413,0.000404362839,0.0001917031903,8.155129117e-05,3.365269566e-05,0.001160283207,7.402153552e-05,0.0002748680766,0.0008284348698,0.001786984468,0.002582284243,0.01229618162,0.005397865692,0.002126264445,0.000817277816,0.006098581234,0.0004495827062,0.001032337549,0.001991190039,0.002894365574,0.002782132526,0.0177665795,0.007864668818,0.003123923948,0.001210037598,0.006717481343,0.0004466583994,0.001008884518,0.001916446548,0.002744188124,0.00275068668,0.0002782012487,9.776229129e-05,3.082670213e-05,9.648810998e-06,0.000333878233,5.453511769e-06,1.941822206e-05,5.628761961e-05,0.0001103468399,0.000140729802,0.0001925420186,6.709853018e-05,2.098185545e-05,6.516953846e-06,0.0003031171093,5.489216328e-06,1.986962771e-05,5.848289775e-05,0.0001163856413,0.0001423386249,4.601020492e-07,1.340736088e-07,2.956975486e-08,5.720960282e-09,6.50857771e-05,4.96163459e-08,9.139078186e-07,1.013253359e-05,4.965216281e-05,0.0001141736329,9.470604701e-10,2.613999772e-10,4.959482469e-11,7.66657122e-12,1.057372726e-05,4.181643516e-10,2.280376679e-08,6.231460697e-07,5.486200593e-06,1.956280072e-05,3.74769977e-09,1.730504502e-09,5.723898253e-10,1.533104085e-10,3.569473654e-05,1.513261052e-08,5.188850883e-07,9.644292957e-06,7.044236204e-05,0.0002576644584,6.214649992e-10,3.352587135e-10,1.295551568e-10,4.005837472e-11,2.319932788e-05,7.771829653e-09,2.966207315e-07,6.089738974e-06,4.797537418e-05,0.0001977918009,4.978725919e-11,3.268999314e-11,1.537526714e-11,5.69941667e-12,1.203818804e-05,2.570911511e-09,1.123384923e-07,2.615120027e-06,2.243180347e-05,0.0001063834762,5.513985892e-13,4.227196728e-13,2.227625841e-13,8.841753894e-14,3.934561818e-06,1.615036405e-10,1.170746343e-08,4.167128794e-07,4.631727116e-06,2.797432757e-05,5.74015967e-16,4.356339454e-16,1.943560442e-16,5.757784915e-17,1.238637313e-06,9.619723267e-13,2.73446473e-10,2.909991239e-08,6.24019221e-07,5.972009334e-06,5.210593169e-14,3.869908576e-14,1.689634786e-14,4.906681738e-15,5.806519648e-06,3.39117186e-11,6.470607788e-09,4.755709083e-07,8.253697956e-06,6.344310011e-05,2.181548817e-12,1.502552877e-12,6.08377565e-13,1.647929614e-13,1.885771861e-05,4.659859497e-10,6.423726919e-08,3.491086464e-06,5.02577072e-05,0.0003127823759,1.096467917e-13,8.508531824e-14,3.45034504e-14,8.430633977e-15,1.677249794e-05,9.108416768e-11,2.558648614e-08,2.360231178e-06,4.657290907e-05,0.0003540872144
21,0.0275469205,0.01660305133,0.008979376117,0.004624578769,0.02476083266,0.006505370305,0.01503633701,0.02918010181,0.04526433195,0.05109737256,0.0386433196,0.02346564233,0.01278597539,0.006630611356,0.02705368652,0.006467731016,0.01473094525,0.02819944303,0.0431594306,0.05056803609,0.0005659136741,0.0002702729615,0.0001158239603,4.81211525e-05,0.001265700583,7.325351514e-05,0.0002678329683,0.0007956979033,0.001692097277,0.002556682468,0.0004034120038,0.0001912308979,8.134122514e-05,3.356252512e-05,0.001158429936,7.367981769e-05,0.000273385496,0.0008233689511,0.001774621485,0.002583445328,0.01227533723,0.005388674572,0.002122627955,0.0008158743606,0.006091652612,0.0004475931231,0.001026471617,0.001977554809,0.002870983235,0.002782512251,0.01774211999,0.007852055559,0.003118204638,0.001207568731,0.006707952417,0.0004447756192,0.001003804657,0.001905339152,0.002725997831,0.002751158177,0.0002776297425,9.753264201e-05,3.074520441e-05,9.620678217e-06,0.0003332410491,5.424773283e-06,1.92992615e-05,5.589805828e-05,0.0001094850438,0.0001407904022,0.0001920852026,6.693427779e-05,2.092891196e-05,6.500056257e-06,0.0003026241961,5.459137397e-06,1.973505902e-05,5.801669161e-05,0.0001153081348,0.0001423949456,4.578536039e-07,1.33350378e-07,2.939525003e-08,5.684521185e-09,6.489254478e-05,4.915145563e-08,9.046399223e-07,1.002252894e-05,4.906041797e-05,0.0001142896914,9.40815921e-10,2.594882931e-10,4.919646056e-11,7.599904913e-12,1.053567715e-05,4.132999112e-10,2.252907208e-08,6.154006531e-07,5.413169031e-06,1.959166559e-05,3.726132627e-09,1.719342458e-09,5.683000534e-10,1.52116717e-10,3.557715329e-05,1.499305387e-08,5.142399337e-07,9.560374631e-06,6.98219282e-05,0.0002580111644,6.178105698e-10,3.330436911e-10,1.286051376e-10,3.973780195e-11,2.312174243e-05,7.702929126e-09,2.941667912e-07,6.042710598e-06,4.761519342e-05,0.0001980755536,4.948659649e-11,3.246754255e-11,1.525887381e-11,5.652247802e-12,1.199716602e-05,2.54927856e-09,1.115055703e-07,2.598161449e-06,2.230028592e-05,0.0001065480594,5.476286678e-13,4.194712078e-13,2.208620589e-13,8.759412711e-14,3.920259352e-06,1.600624278e-10,1.161948853e-08,4.141275887e-07,4.607533032e-06,2.802437696e-05,5.688376319e-16,4.312154935e-16,1.921670799e-16,5.686990426e-17,1.233385402e-06,9.504049218e-13,2.706607343e-10,2.885318844e-08,6.194801064e-07,5.985745711e-06,5.166410455e-14,3.833037429e-14,1.671767242e-14,4.85005663e-15,5.783225533e-06,3.351346624e-11,6.404462358e-09,4.713822402e-07,8.188485451e-06,6.357199574e-05,2.1639966e-12,1.488984782e-12,6.022856858e-13,1.629934044e-13,1.878543601e-05,4.605418736e-10,6.356202811e-08,3.458190507e-06,4.981249773e-05,0.0003133470772,1.086345282e-13,8.420264203e-14,3.410615453e-14,8.324691102e-15,1.67041482e-05,8.986516819e-11,2.528165749e-08,2.335337572e-06,4.611525559e-05,0.0003547923684
22,0.02750077718,0.01657455161,0.008963590486,0.004616271871,0.02473348797,0.006482080541,0.01497115623,0.02903317245,0.04500200226,0.05110559322,0.03859006008,0.0234275138,0.01276204723,0.006616693774,0.0270166527,0.006445834507,0.0146759751,0.02808515379,0.04296779339,0.05057747594,0.0005647280132,0.0002696208219,0.0001155076964,4.797564875e-05,0.001263312858,7.292364683e-05,0.0002665232272,0.0007915209686,0.001682455306,0.002557750873,0.0004024471386,0.0001907519623,8.112833856e-05,3.347119353e-05,0.001156550877,7.333370902e-05,0.0002718838677,0.0008182388799,0.001762107186,0.002584458264,0.01225417308,0.005379347819,0.002118939901,0.0008144517473,0.006084626502,0.0004455787586,0.001020537116,0.001963772247,0.002847373038,0.002782865606,0.01771726167,0.007839248459,0.003112401793,0.001205065282,0.006698284426,0.0004428680301,0.0009986592664,0.001894092924,0.002707590878,0.002751584772,0.0002770493839,9.72996585e-05,3.066259034e-05,9.592178767e-06,0.0003325949216,5.395682673e-06,1.91788664e-05,5.550392896e-05,0.0001086136275,0.0001408435323,0.0001916216606,6.676771484e-05,2.087525663e-05,6.482940693e-06,0.0003021245062,5.428708834e-06,1.959902208e-05,5.754579085e-05,0.0001142209175,0.0001424446835,4.555774136e-07,1.326190336e-07,2.921896485e-08,5.647741919e-09,6.469682733e-05,4.868265013e-08,8.952917915e-07,9.911562508e-06,4.846375802e-05,0.0001143904896,9.34505266e-10,2.575589232e-10,4.879489938e-11,7.532774128e-12,1.049716046e-05,4.084046726e-10,2.22524129e-08,6.075945331e-07,5.339564117e-06,1.961664127e-05,3.704318178e-09,1.708067079e-09,5.64173642e-10,1.509135548e-10,3.545808228e-05,1.485222211e-08,5.09543532e-07,9.475375084e-06,6.919262064e-05,0.0002583099293,6.141147126e-10,3.308065356e-10,1.276467878e-10,3.941475488e-11,2.304317744e-05,7.633360791e-09,2.916829443e-07,5.994987724e-06,4.724885916e-05,0.0001983195755,4.91825749e-11,3.224291444e-11,1.514148776e-11,5.604727731e-12,1.195562754e-05,2.527420243e-09,1.106611807e-07,2.580905571e-06,2.216593722e-05,0.0001066892844,5.438198012e-13,4.161939272e-13,2.189472222e-13,8.676546911e-14,3.905780151e-06,1.586066786e-10,1.15302599e-08,4.114925495e-07,4.58272866e-06,2.80672721e-05,5.636174077e-16,4.267689798e-16,1.899677543e-16,5.615960971e-17,1.228071817e-06,9.387580517e-13,2.678432285e-10,2.860235271e-08,6.148383994e-07,5.997529448e-06,5.121845755e-14,3.795908858e-14,1.65380254e-14,4.79319988e-15,5.75965255e-06,3.311240958e-11,6.33758838e-09,4.671287859e-07,8.121961639e-06,6.368267277e-05,2.146284813e-12,1.475315035e-12,5.961571835e-13,1.611853477e-13,1.871227561e-05,4.550599239e-10,6.287983133e-08,3.424837472e-06,4.935959548e-05,0.0003138326651,1.076142946e-13,8.331456866e-14,3.370708047e-14,8.218425998e-15,1.663498439e-05,8.863976277e-11,2.497409278e-08,2.310120398e-06,4.564991929e-05,0.0003553989049
23,0.02745407274,0.01654572284,0.008947631868,0.004607878259,0.02470584103,0.006458546421,0.0149052969,0.02888475197,0.0447371318,0.05111272638,0.03853610457,0.02338892331,0.01273784752,0.006602626602,0.02697919132,0.006423690373,0.01462035559,0.02796947605,0.04277380477,0.05058550882,0.000563527863,0.0002689613589,0.000115188145,4.782873073e-05,0.001260899052,7.259039899e-05,0.000265199314,0.0007872971459,0.00167270361,0.00255864329,0.0004014711687,0.0001902678477,8.091328738e-05,3.337898412e-05,0.00115465179,7.298428697e-05,0.0002703678777,0.0008130607361,0.001749481073,0.002585310248,0.01223275282,0.005369913688,0.002115211543,0.0008130143484,0.006077524403,0.0004435459032,0.001014552766,0.001949886284,0.00282361113,0.002783187448,0.0176920783,0.007826286016,0.00310653303,0.00120253491,0.006688506736,0.0004409415424,0.0009934643651,0.001882743092,0.002689025388,0.002751960627,0.0002764619156,9.706404915e-05,3.05791137e-05,9.56340088e-06,0.0003319418273,5.366331133e-06,1.905741584e-05,5.510647982e-05,0.0001077353729,0.0001408885126,0.0001911527985,6.659935059e-05,2.082105474e-05,6.465660223e-06,0.0003016195745,5.398026632e-06,1.946195015e-05,5.707171077e-05,0.0001131275292,0.0001424871911,4.532805954e-07,1.318818882e-07,2.904146219e-08,5.610740819e-09,6.44992322e-05,4.821146131e-08,8.858940611e-07,9.79999945e-06,4.786416368e-05,0.0001144747475,9.281486237e-10,2.556180903e-10,4.839144886e-11,7.465399149e-12,1.045829753e-05,4.034949354e-10,2.197471098e-08,5.997537557e-07,5.265633265e-06,1.963740904e-05,3.682325315e-09,1.696714421e-09,5.600239218e-10,1.497048404e-10,3.5337894e-05,1.471057365e-08,5.048110032e-07,9.389564846e-06,6.855642926e-05,0.0002585569935,6.103891165e-10,3.285544115e-10,1.266832086e-10,3.909028745e-11,2.296387741e-05,7.56335006e-09,2.891771022e-07,5.946719358e-06,4.687749578e-05,0.0001985208017,4.887615767e-11,3.201682962e-11,1.502348967e-11,5.557011829e-12,1.191370193e-05,2.505406951e-09,1.098079711e-07,2.563404627e-06,2.202914807e-05,0.0001068053802,5.39984164e-13,4.12898438e-13,2.170243353e-13,8.593429615e-14,3.891169419e-06,1.571411027e-10,1.144005667e-08,4.088156089e-07,4.55738308e-06,2.810247235e-05,5.583723381e-16,4.223090961e-16,1.87765403e-16,5.54493511e-17,1.222713262e-06,9.270705516e-13,2.65003101e-10,2.834818612e-08,6.101077898e-07,6.007209261e-06,5.077043849e-14,3.758644957e-14,1.635800329e-14,4.736301646e-15,5.735874611e-06,3.270988295e-11,6.270203286e-09,4.628239214e-07,8.05432792e-06,6.377372006e-05,2.128470762e-12,1.461588404e-12,5.900123275e-13,1.593748159e-13,1.863846638e-05,4.495583347e-10,6.219290763e-08,3.391133722e-06,4.890041217e-05,0.0003142329752,1.065894281e-13,8.242403745e-14,3.330756139e-14,8.112196075e-15,1.656522351e-05,8.741208291e-11,2.466481217e-08,2.284661314e-06,4.517837293e-05,0.0003558990767
24,0.02740694523,0.01651665076,0.008931548016,0.004599423181,0.02467797457,0.006434838864,0.01483895797,0.02873529058,0.04447052869,0.05111867342,0.03848161104,0.02334998502,0.01271344839,0.006588452023,0.02694141385,0.006401364855,0.01456425259,0.0278527543,0.04257804298,0.05059202884,0.0005623167714,0.0002682965416,0.0001148662677,4.768084325e-05,0.001258466396,7.225478001e-05,0.0002638652246,0.000783039171,0.001662871636,0.00255934839,0.000400487,0.0001897800052,8.069672e-05,3.328617632e-05,0.001152738379,7.263261462e-05,0.0002688421499,0.0008078503787,0.001736782051,0.002585990274,0.01221113981,0.005360400255,0.002111454039,0.0008115664894,0.006070367621,0.0004415007535,0.001008536953,0.001935939947,0.002799771799,0.002783472824,0.0176666436,0.00781320656,0.003100615843,0.001199985202,0.006678648507,0.0004390019939,0.0009882357614,0.001871324371,0.002670358523,0.002752280353,0.0002758690737,9.682651712e-05,3.049502557e-05,9.534431648e-06,0.000331283725,5.336808441e-06,1.893528281e-05,5.470693765e-05,0.0001068530094,0.0001409247522,0.0001906800128,6.642968966e-05,2.076646968e-05,6.448267202e-06,0.0003011109202,5.367185071e-06,1.932426773e-05,5.659593154e-05,0.0001120314144,0.0001425218974,4.509701571e-07,1.311412097e-07,2.886329185e-08,5.573633108e-09,6.430035865e-05,4.773937659e-08,8.764765123e-07,9.688194969e-06,4.726355935e-05,0.0001145413757,9.217656777e-10,2.536718523e-10,4.798737632e-11,7.397992607e-12,1.041920686e-05,3.98586408e-10,2.169685774e-08,5.91903585e-07,5.191616589e-06,1.965369999e-05,3.660221661e-09,1.685319694e-09,5.558638553e-10,1.484943697e-10,3.521695361e-05,1.45685548e-08,5.000571791e-07,9.303211251e-06,6.7915332e-05,0.0002587492166,6.066452489e-10,3.262943126e-10,1.257174136e-10,3.876541984e-11,2.288408337e-05,7.493116867e-09,2.866570592e-07,5.898053808e-06,4.650223308e-05,0.0001986766854,4.856828925e-11,3.178999119e-11,1.490524912e-11,5.509250337e-12,1.187151666e-05,2.483307547e-09,1.089485652e-07,2.545711171e-06,2.189031826e-05,0.0001068948834,5.361336566e-13,4.095950518e-13,2.150994548e-13,8.510323882e-14,3.876471666e-06,1.556703026e-10,1.134915606e-08,4.061047187e-07,4.531568159e-06,2.812953223e-05,5.531189471e-16,4.178499938e-16,1.855670493e-16,5.474140018e-17,1.217326145e-06,9.153799357e-13,2.621493421e-10,2.809147245e-08,6.053023648e-07,6.014660173e-06,5.032145394e-14,3.7213636e-14,1.617817867e-14,4.679543532e-15,5.71196439e-06,3.230717599e-11,6.202520482e-09,4.584810067e-07,7.985789348e-06,6.384396919e-05,2.110610211e-12,1.447848192e-12,5.838706155e-13,1.575675762e-13,1.856423356e-05,4.440547232e-10,6.150343848e-08,3.357184843e-06,4.84363686e-05,0.0003145428844,1.055631615e-13,8.153387726e-14,3.290887247e-14,8.00634133e-15,1.64950789e-05,8.618609588e-11,2.435480951e-08,2.259041135e-06,4.47020966e-05,0.0003562864409
25,0.02735953214,0.01648742057,0.008915386256,0.004590931607,0.02464997061,0.006411028046,0.01477233627,0.02858523324,0.04420299031,0.05112334773,0.03842673731,0.02331081252,0.01268892146,0.006574211808,0.02690343104,0.006378923703,0.01450783107,0.02773533168,0.04238108429,0.05059694635,0.000561098272,0.0002676283232,0.0001145430156,4.753242508e-05,0.001256022054,7.191778678e-05,0.0002625249184,0.0007787596852,0.001652988636,0.002559856979,0.0003994975187,0.0001892898721,8.047927713e-05,3.319304565e-05,0.001150816291,7.22797402e-05,0.0002673112441,0.0008026234371,0.001724048402,0.002586489262,0.01218939711,0.005350835399,0.002107678448,0.0008101124483,0.006063177262,0.0004394494104,0.001002507728,0.001921975332,0.002775927439,0.002783717053,0.01764103124,0.007800048255,0.003094667596,0.001197423672,0.00666873868,0.0004370551483,0.0009829890467,0.001859870952,0.002651646453,0.002752539094,0.0002752725876,9.658776016e-05,3.041057434e-05,9.505356997e-06,0.0003306225547,5.307202919e-06,1.881283401e-05,5.430650713e-05,0.0001059692112,0.0001409517567,0.0001902046903,6.625923191e-05,2.071166293e-05,6.430813258e-06,0.0003006000463,5.336276675e-06,1.918639027e-05,5.611989743e-05,0.0001109359209,0.0001425483146,4.486529949e-07,1.303992201e-07,2.868499044e-08,5.536530859e-09,6.410079749e-05,4.726783816e-08,8.670680532e-07,9.576494041e-06,4.666381125e-05,0.0001145894885,9.153756685e-10,2.517261002e-10,4.758390825e-11,7.330759445e-12,1.0380005e-05,3.936941999e-10,2.141971358e-08,5.840684784e-07,5.117746624e-06,1.966529836e-05,3.638073535e-09,1.673917263e-09,5.517060335e-10,1.472858148e-10,3.50956209e-05,1.442659954e-08,4.952965907e-07,9.21657815e-06,6.727129228e-05,0.0002588841143,6.028943514e-10,3.240330593e-10,1.247523277e-10,3.844113816e-11,2.280403271e-05,7.422875526e-09,2.841304859e-07,5.849138529e-06,4.61242049e-05,0.0001987852266,4.825989488e-11,3.156308429e-11,1.478712448e-11,5.46158833e-12,1.182919726e-05,2.461189326e-09,1.080855613e-07,2.527878029e-06,2.174985627e-05,0.0001069566547,5.322799e-13,4.062937815e-13,2.131784314e-13,8.427482665e-14,3.861730693e-06,1.541987706e-10,1.12578331e-08,4.033679272e-07,4.505358473e-06,2.81481067e-05,5.478732332e-16,4.134052817e-16,1.833794037e-16,5.40379153e-17,1.211926577e-06,9.037223722e-13,2.592907759e-10,2.78329971e-08,6.004365836e-07,6.0197851e-06,4.987286861e-14,3.68417842e-14,1.599910016e-14,4.623098615e-15,5.6879933e-06,3.190553287e-11,6.134749102e-09,4.541133659e-07,7.916554269e-06,6.389250882e-05,2.092757356e-12,1.434136228e-12,5.77750771e-13,1.557691385e-13,1.848979865e-05,4.385660794e-10,6.081355577e-08,3.323095489e-06,4.796889223e-05,0.0003147583739,1.045386225e-13,8.064680588e-14,3.251223087e-14,7.901184435e-15,1.642476012e-05,8.496560268e-11,2.404505128e-08,2.233339701e-06,4.422257471e-05,0.0003565559388
26,0.0273119703,0.01645811685,0.008899193482,0.00458242823,0.02462191048,0.006387183371,0.01470562639,0.02843501949,0.04393530289,0.05112667595,0.03837164107,0.02327151893,0.01266433778,0.006559947314,0.02686535286,0.006356432158,0.01445125506,0.02761754979,0.04218350272,0.05060018923,0.0005598758836,0.0002669586415,0.0001142193288,4.738390888e-05,0.001253573122,7.158040437e-05,0.0002611823171,0.0007744712298,0.001643083648,0.002560162108,0.000398505591,0.0001887988717,8.026159163e-05,3.309986366e-05,0.001148891115,7.192669678e-05,0.0002657796544,0.0007973953041,0.001711317769,0.002586800177,0.01216758752,0.00534124681,0.002103895729,0.0008086564542,0.006055974227,0.0004373978768,0.0009964827992,0.001908033589,0.002752148525,0.002783915817,0.01761531483,0.007786849089,0.00308870552,0.00119485776,0.006658805978,0.000435106693,0.0009777395903,0.001848416483,0.002632944332,0.002752732608,0.0002746741796,9.634847047e-05,3.03260056e-05,9.47626167e-06,0.0003299602374,5.277601407e-06,1.869042971e-05,5.390637031e-05,0.0001050865969,0.0001409691346,0.0001897282082,6.608847233e-05,2.0656794e-05,6.413349284e-06,0.0003000884393,5.305392189e-06,1.904872412e-05,5.564501625e-05,0.0001098442983,0.000142566046,4.463358916e-07,1.296580949e-07,2.850708124e-08,5.49954299e-09,6.390113105e-05,4.679824262e-08,8.576967058e-07,9.465231204e-06,4.606672609e-05,0.0001146184156,9.089973888e-10,2.497865571e-10,4.718223038e-11,7.263896933e-12,1.034080653e-05,3.888328204e-10,2.114410759e-08,5.762720691e-07,5.044248094e-06,1.967204436e-05,3.615945944e-09,1.662540629e-09,5.475626739e-10,1.460827246e-10,3.497425014e-05,1.428512933e-08,4.905434579e-07,9.129925657e-06,6.662625654e-05,0.0002589598888,5.991474364e-10,3.217772973e-10,1.23790787e-10,3.811839454e-11,2.272395922e-05,7.352834639e-09,2.816049231e-07,5.800119966e-06,4.574454756e-05,0.000198844997,4.795188037e-11,3.133677596e-11,1.466946291e-11,5.414165727e-12,1.178686734e-05,2.439117979e-09,1.072215294e-07,2.509958237e-06,2.160817873e-05,0.0001069898926,5.284342333e-13,4.030043399e-13,2.112669097e-13,8.345148864e-14,3.846989583e-06,1.527308859e-10,1.116636039e-08,4.006133698e-07,4.47883121e-06,2.815795529e-05,5.426506676e-16,4.089880269e-16,1.812088667e-16,5.334094289e-17,1.206530363e-06,8.921326708e-13,2.564360511e-10,2.757354588e-08,5.955252477e-07,6.022516135e-06,4.94260052e-14,3.647198805e-14,1.582129253e-14,4.567131525e-15,5.664031472e-06,3.150615185e-11,6.067093808e-09,4.497342681e-07,7.846833916e-06,6.391869647e-05,2.074964819e-12,1.420492859e-12,5.716707474e-13,1.53984758e-13,1.841537933e-05,4.331087598e-10,6.012533982e-08,3.288969242e-06,4.74994145e-05,0.0003148765795,1.035188327e-13,7.976543046e-14,3.211879631e-14,7.79703096e-15,1.635447293e-05,8.375423744e-11,2.373647567e-08,2.207635759e-06,4.37412928e-05,0.0003567039616
27,0.02726439596,0.01642882363,0.00888301615,0.004573937461,0.02459387474,0.006363373469,0.01463902071,0.02828508334,0.04366824132,0.05112859934,0.0383164799,0.0232322168,0.01263976784,0.006545699478,0.02682728854,0.006333954943,0.0143946876,0.02749974869,0.04198586991,0.05060170395,0.0005586531096,0.0002662894179,0.0001138961369,4.723572113e-05,0.001251126633,7.124360586e-05,0.0002598413033,0.000770186241,0.001633185485,0.00256025917,0.0003975140625,0.0001883084133,8.004428846e-05,3.30068979e-05,0.001146968381,7.157450209e-05,0.0002642518078,0.0007921811308,0.001698627134,0.002586918129,0.01214577349,0.005331661977,0.002100116733,0.0008072026877,0.006048779211,0.0004353520574,0.0009904795295,0.001894154924,0.002728503606,0.002784065247,0.01758956791,0.007773646874,0.003082746714,0.00119229483,0.006648878897,0.0004331622386,0.000972502536,0.001836994066,0.002614306288,0.002752857343,0.0002740755649,9.610933468e-05,3.024156216e-05,9.447229218e-06,0.0003292986747,5.248089247e-06,1.856842369e-05,5.350768629e-05,0.0001042077279,0.0001409766037,0.0001892519333,6.591790103e-05,2.060202041e-05,6.395925426e-06,0.0002995775692,5.274620564e-06,1.891166642e-05,5.517265916e-05,0.0001087596976,0.000142574792,4.440255156e-07,1.289199634e-07,2.833007426e-08,5.462775272e-09,6.370193303e-05,4.633194089e-08,8.483896007e-07,9.354730438e-06,4.547405018e-05,0.0001146277118,9.026491822e-10,2.47858779e-10,4.67834879e-11,7.197594757e-12,1.030172408e-05,3.840161803e-10,2.087083731e-08,5.685371551e-07,4.971337756e-06,1.967383655e-05,3.593902568e-09,1.651222439e-09,5.434456228e-10,1.448885253e-10,3.48531901e-05,1.414455308e-08,4.858116822e-07,9.043509913e-06,6.598215181e-05,0.0002589754531,5.954152867e-10,3.19533498e-10,1.228355394e-10,3.779810739e-11,2.264409297e-05,7.283197043e-09,2.79087777e-07,5.751143407e-06,4.536439833e-05,0.0001988551585,4.764513203e-11,3.111171521e-11,1.455260043e-11,5.367117339e-12,1.174464854e-05,2.417157569e-09,1.063590099e-07,2.492004988e-06,2.14657098e-05,0.0001069941437,5.24607713e-13,3.99736141e-13,2.093703302e-13,8.263555443e-14,3.832290697e-06,1.512709137e-10,1.107500785e-08,3.978492582e-07,4.452066044e-06,2.815894519e-05,5.374661962e-16,4.046107608e-16,1.790615339e-16,5.265241959e-17,1.201153008e-06,8.806442794e-13,2.535936325e-10,2.731390367e-08,5.905834683e-07,6.022815478e-06,4.898214445e-14,3.610529941e-14,1.56452571e-14,4.511798604e-15,5.640147754e-06,3.111018516e-11,5.999754605e-09,4.453569067e-07,7.776841972e-06,6.392216722e-05,2.057283648e-12,1.40695697e-12,5.656477365e-13,1.522194392e-13,1.834118941e-05,4.276984881e-10,5.944081791e-08,3.254908476e-06,4.702936817e-05,0.000314895831,1.025067087e-13,7.889224869e-14,3.172967192e-14,7.694169732e-15,1.628441927e-05,8.255546807e-11,2.34299919e-08,2.182006842e-06,4.325973443e-05,0.0003567284014
28,0.02721694472,0.0163996243,0.008866900277,0.004565483428,0.02456594325,0.006339666185,0.01457270932,0.02813585317,0.04340256897,0.05112907493,0.03826141117,0.02319301815,0.0126152816,0.006531508813,0.02678934651,0.006311556252,0.01433829074,0.0273822667,0.04178875485,0.05060145662,0.0005574334383,0.0002656225582,0.000113574358,4.708828215e-05,0.001248689548,7.090835217e-05,0.0002585057197,0.0007659170455,0.001623322719,0.002560145977,0.0003965257582,0.0001878198918,7.982798471e-05,3.291441196e-05,0.00114505356,7.122415844e-05,0.0002627320634,0.0007869958236,0.001686012816,0.002586840463,0.01212401723,0.005322108191,0.00209635221,0.0008057552801,0.0060416127,0.0004333177581,0.0009845149363,0.001880378593,0.00270505931,0.002784162011,0.01756386395,0.007760479241,0.003076808143,0.001189742169,0.00663898571,0.0004312273185,0.0009672928006,0.001825636249,0.002595785406,0.002752910512,0.0002734784512,9.587103374e-05,3.015748402e-05,9.418342005e-06,0.000328639749,5.218750281e-06,1.844716316e-05,5.311159099e-05,0.0001033351085,0.0001409739959,0.0001887772226,6.574800319e-05,2.05474977e-05,6.378591093e-06,0.0002990688891,5.244048963e-06,1.877560513e-05,5.470416069e-05,0.0001076851717,0.0001425743562,4.417284206e-07,1.281869087e-07,2.815446632e-08,5.426330371e-09,6.350376858e-05,4.58702386e-08,8.391729779e-07,9.245305122e-06,4.488746906e-05,0.0001146171649,8.963489456e-10,2.45948156e-10,4.638878608e-11,7.132035152e-12,1.026286833e-05,3.792575999e-10,2.060066894e-08,5.608856948e-07,4.899224311e-06,1.967063355e-05,3.572005766e-09,1.639994488e-09,5.393663595e-10,1.437065224e-10,3.473278403e-05,1.400526711e-08,4.811148409e-07,8.957582885e-06,6.534088355e-05,0.0002589304481,5.917084554e-10,3.173079596e-10,1.218892452e-10,3.748116197e-11,2.256466042e-05,7.214159809e-09,2.76586315e-07,5.702352845e-06,4.498489389e-05,0.0001988154756,4.734051669e-11,3.088853313e-11,1.443686202e-11,5.320572953e-12,1.170266054e-05,2.395370528e-09,1.055005113e-07,2.474071565e-06,2.132288051e-05,0.0001069693088,5.208111146e-13,3.964983034e-13,2.074939322e-13,8.182925628e-14,3.817675673e-06,1.498230041e-10,1.09840425e-08,3.950838698e-07,4.425144983e-06,2.815105312e-05,5.323342454e-16,4.002854881e-16,1.769432024e-16,5.197417539e-17,1.19580971e-06,8.692892924e-13,2.507717946e-10,2.705485319e-08,5.856266304e-07,6.020676019e-06,4.854252559e-14,3.57427288e-14,1.547147219e-14,4.457248112e-15,5.616409713e-06,3.071873929e-11,5.932926717e-09,4.409943812e-07,7.706794113e-06,6.390283929e-05,2.039763332e-12,1.393565996e-12,5.596981848e-13,1.504779416e-13,1.826743892e-05,4.223503585e-10,5.876196317e-08,3.221014225e-06,4.656018463e-05,0.000314815678,1.01505063e-13,7.802965082e-14,3.134590567e-14,7.592873303e-15,1.621479728e-05,8.13725983e-11,2.312647981e-08,2.156529172e-06,4.277937799e-05,0.000356628684
29,0.02716975155,0.01637060168,0.008850891441,0.004557089983,0.02453819514,0.006316128577,0.01450688003,0.02798775172,0.04313903759,0.05112807659,0.03820659214,0.02315403446,0.01259094845,0.006517415415,0.02675163444,0.006289299743,0.01428222547,0.0272654404,0.04159272377,0.0505994338,0.0005562203422,0.0002649599515,0.0001132549,4.694200617e-05,0.001246268764,7.0575592e-05,0.0002571793684,0.0007616758573,0.001613523673,0.002559822811,0.0003955434823,0.0001873346884,7.96132896e-05,3.28226655e-05,0.001143152064,7.087665269e-05,0.0002612247126,0.0007818540418,0.001673510462,0.002586566823,0.01210238058,0.005312612545,0.002092612806,0.0008043183139,0.006034494973,0.000431300687,0.0009786056938,0.00186674291,0.002681880368,0.002784203396,0.01753827635,0.007747383641,0.003070906638,0.00118720699,0.006629154466,0.0004293073887,0.000962125074,0.001814375027,0.002577433737,0.002752890168,0.0002728845388,9.563424298e-05,3.007400838e-05,9.389681212e-06,0.0003279853233,5.189666853e-06,1.832698882e-05,5.271919718e-05,0.0001024711855,0.0001409612618,0.0001883054228,6.557925908e-05,2.049337947e-05,6.361394957e-06,0.0002985638357,5.213762768e-06,1.864091904e-05,5.424081908e-05,0.0001066236764,0.0001425646502,4.39451047e-07,1.274609682e-07,2.798074129e-08,5.390307901e-09,6.330719431e-05,4.541439668e-08,8.30072195e-07,9.137258074e-06,4.430860759e-05,0.0001145868013,8.901141339e-10,2.440599157e-10,4.599919114e-11,7.067393092e-12,1.022434801e-05,3.745698199e-10,2.033433765e-08,5.533388092e-07,4.828108369e-06,1.966245515e-05,3.550316591e-09,1.628887731e-09,5.353360035e-10,1.425399036e-10,3.461336971e-05,1.386765533e-08,4.764661845e-07,8.872392203e-06,6.470433359e-05,0.0002588252522,5.880372683e-10,3.151068098e-10,1.209544794e-10,3.716841112e-11,2.248588435e-05,7.145914273e-09,2.741076637e-07,5.653890845e-06,4.460716875e-05,0.0001987263222,4.703888193e-11,3.066784319e-11,1.43225619e-11,5.274657453e-12,1.166102108e-05,2.373817657e-09,1.046485092e-07,2.45621128e-06,2.118012802e-05,0.0001069156461,5.17054936e-13,3.932996554e-13,2.056427588e-13,8.103473164e-14,3.803185435e-06,1.483911927e-10,1.089372826e-08,3.923255354e-07,4.398152207e-06,2.813436599e-05,5.272687323e-16,3.960237006e-16,1.748593803e-16,5.130793722e-17,1.190515371e-06,8.58098469e-13,2.479786165e-10,2.679717376e-08,5.806703549e-07,6.016121536e-06,4.810834708e-14,3.538524632e-14,1.530039378e-14,4.403620495e-15,5.592883649e-06,3.033287563e-11,5.866800479e-09,4.366596787e-07,7.636907536e-06,6.386091636e-05,2.022451823e-12,1.380355962e-12,5.538378125e-13,1.487647877e-13,1.819433408e-05,4.170788457e-10,5.809069392e-08,3.18738607e-06,4.60932912e-05,0.0003146369027,1.005166063e-13,7.717992238e-14,3.096849202e-14,7.49339853e-15,1.614580133e-05,8.020877081e-11,2.282678969e-08,2.13127756e-06,4.230169361e-05,0.0003564057856
30,0.02712295079,0.01634183801,0.008835034791,0.004548780695,0.02451070878,0.006292826926,0.01444171835,0.02784119605,0.04287838739,0.05112559599,0.03815217987,0.02311537666,0.01256683723,0.006503458962,0.02671425921,0.006267248542,0.01422665171,0.02714960454,0.04139833994,0.05059564324,0.0005550172783,0.0002643034716,0.0001129386597,4.679730137e-05,0.001243871108,7.024626193e-05,0.0002558660103,0.000757474775,0.00160381641,0.002559292466,0.0003945700186,0.0001868541699,7.940080464e-05,3.273191425e-05,0.001141269246,7.053295646e-05,0.000259733979,0.0007767701988,0.001661155047,0.002586099203,0.01208092512,0.005303201936,0.002088909064,0.0008028958235,0.006027446102,0.0004293064554,0.0009727681381,0.001853285267,0.002659029646,0.002784187389,0.01751287843,0.007734397347,0.003065058896,0.001184696432,0.006619412987,0.0004274078288,0.0009570138205,0.001803241845,0.002559302301,0.002752795261,0.0002722955206,9.539963215e-05,2.999136973e-05,9.361326859e-06,0.0003273372416,5.160919828e-06,1.820823487e-05,5.233159462e-05,0.0001016183488,0.0001409384739,0.0001878378707,6.541214412e-05,2.043981736e-05,6.344384968e-06,0.0002980638291,5.183845612e-06,1.850797799e-05,5.378389681e-05,0.0001055780718,0.0001425456979,4.371997227e-07,1.267441346e-07,2.780937035e-08,5.35480451e-09,6.311275842e-05,4.496563235e-08,8.211117409e-07,9.030881673e-06,4.373903049e-05,0.0001145368893,8.839617688e-10,2.421991268e-10,4.561573135e-11,7.00383652e-12,1.018626993e-05,3.69965017e-10,2.007254818e-08,5.459167909e-07,4.758182496e-06,1.964938283e-05,3.528894806e-09,1.617932302e-09,5.313653238e-10,1.413917421e-10,3.449527951e-05,1.373208941e-08,4.718786363e-07,8.788181032e-06,6.407435834e-05,0.0002586609833,5.844118279e-10,3.129360099e-10,1.200337336e-10,3.686067627e-11,2.240798399e-05,7.078646121e-09,2.716588063e-07,5.605898432e-06,4.423235379e-05,0.0001985886813,4.674105638e-11,3.045024165e-11,1.421000379e-11,5.229490972e-12,1.161984602e-05,2.352558141e-09,1.038054446e-07,2.438477418e-06,2.103789489e-05,0.0001068337697,5.133494031e-13,3.901487427e-13,2.038216628e-13,8.025402638e-14,3.788860205e-06,1.469794013e-10,1.080432581e-08,3.895826281e-07,4.371173885e-06,2.810908027e-05,5.222830774e-16,3.918363932e-16,1.728152975e-16,5.065533338e-17,1.185284597e-06,8.471012606e-13,2.452219783e-10,2.654164008e-08,5.757304593e-07,6.009206525e-06,4.768076752e-14,3.50337829e-14,1.51324563e-14,4.351048696e-15,5.569634619e-06,2.995361138e-11,5.801561289e-09,4.32365657e-07,7.567400491e-06,6.379688651e-05,2.005395575e-12,1.367361521e-12,5.480816391e-13,1.470842719e-13,1.812207737e-05,4.118978177e-10,5.742887348e-08,3.154122041e-06,4.563010859e-05,0.0003143615179,9.954394988e-14,7.634524768e-14,3.059837396e-14,7.395987244e-15,1.60776221e-05,7.906697156e-11,2.25317423e-08,2.106325337e-06,4.182814029e-05,0.0003560622308
31,0.02707667615,0.01631341492,0.008819375049,0.004540578867,0.02448356185,0.006269826742,0.01437740756,0.02769659766,0.04262134705,0.05112164342,0.03809833126,0.02307715517,0.01254301623,0.006489678729,0.02667732696,0.006245465244,0.01417172833,0.02703509195,0.04120616357,0.05059011436,0.0005538276878,0.0002636549761,0.0001126265234,4.66545701e-05,0.001241503343,6.992128647e-05,0.0002545693656,0.00075332578,0.00159422873,0.002558560255,0.0003936081306,0.0001863796898,7.919112374e-05,3.264241019e-05,0.001139410404,7.019402632e-05,0.0002582640194,0.0007717584639,0.001648980883,0.002585441971,0.01205971211,0.005293903068,0.002085251427,0.0008014917963,0.006020485956,0.0004273405799,0.0009670182741,0.00184004215,0.002636568193,0.002784112746,0.01748774344,0.007721557451,0.003059281486,0.001182217561,0.006609788877,0.0004255339432,0.0009519732825,0.001792267608,0.002541441103,0.002752625698,0.000271713082,9.516786548e-05,2.99097998e-05,9.333357828e-06,0.000326697329,5.132588621e-06,1.809122912e-05,5.194985043e-05,0.0001007789322,0.0001409058286,0.0001873758932,6.524712899e-05,2.038696112e-05,6.327608367e-06,0.000297570273,5.154379417e-06,1.837714302e-05,5.333462148e-05,0.0001045511253,0.0001425176382,4.349806662e-07,1.260383568e-07,2.764081243e-08,5.319913971e-09,6.292100091e-05,4.452512039e-08,8.123152569e-07,8.92645806e-06,4.318024339e-05,0.0001144679397,8.779084502e-10,2.403707044e-10,4.523939843e-11,6.941526634e-12,1.014873904e-05,3.654548233e-10,1.981597559e-08,5.386391196e-07,4.689631321e-06,1.963155954e-05,3.507798917e-09,1.607157542e-09,5.274647509e-10,1.40265001e-10,3.437884057e-05,1.359892908e-08,4.673647951e-07,8.705187983e-06,6.345278732e-05,0.0002584394932,5.808420186e-10,3.108013595e-10,1.19129419e-10,3.655874861e-11,2.233117505e-05,7.012535505e-09,2.692465828e-07,5.558514998e-06,4.38615748e-05,0.0001984041383,4.644785022e-11,3.023630809e-11,1.40994813e-11,5.185189071e-12,1.157924932e-05,2.33164958e-09,1.029737236e-07,2.420923174e-06,2.089662824e-05,0.0001067246447,5.097044771e-13,3.870538376e-13,2.020353134e-13,7.948909856e-14,3.774739517e-06,1.455914404e-10,1.071609243e-08,3.868635508e-07,4.34429798e-06,2.807550016e-05,5.173902212e-16,3.877340837e-16,1.708159182e-16,5.001789834e-17,1.180131708e-06,8.363258483e-13,2.425095601e-10,2.628902119e-08,5.708229191e-07,6.000015637e-06,4.726090699e-14,3.46892318e-14,1.496807361e-14,4.299658512e-15,5.546726461e-06,2.958192082e-11,5.737389597e-09,4.281250301e-07,7.498491812e-06,6.371151782e-05,1.988639588e-12,1.354616001e-12,5.424440121e-13,1.45440471e-13,1.805086766e-05,4.068205541e-10,5.677831038e-08,3.121318533e-06,4.51720485e-05,0.0003139927524,9.858960903e-14,7.552771382e-14,3.023644542e-14,7.300867007e-15,1.601044665e-05,7.795003519e-11,2.224212918e-08,2.081744284e-06,4.136016313e-05,0.0003556020724
32,0.02703106075,0.0162854135,0.008803956524,0.004532507536,0.02445683131,0.006247192779,0.01431412871,0.0275543625,0.04236863398,0.05111624839,0.03804520303,0.02303947985,0.01251955324,0.006476113591,0.02664094306,0.006224011919,0.01411761313,0.02692223358,0.04101675173,0.05058289861,0.0005526549968,0.0002630163074,0.0001123193675,4.651420896e-05,0.00123917217,6.960157838e-05,0.0002532931137,0.0007492407362,0.001584788161,0.002557634002,0.0003926605617,0.0001859125879,7.898483348e-05,3.25544016e-05,0.001137580778,6.986080418e-05,0.0002568189252,0.0007668327663,0.001637021624,0.002584601881,0.01203880253,0.005284742453,0.002081650241,0.0008001101734,0.006013634204,0.0004254084852,0.0009613717853,0.001827049167,0.002614555297,0.002783979059,0.01746294454,0.007708900873,0.003053590847,0.00117977737,0.006600309525,0.0004236909628,0.0009470174854,0.001781482689,0.002523899155,0.002752382388,0.0002711389012,9.493960183e-05,2.982952775e-05,9.3058519e-06,0.0003260673923,5.104751234e-06,1.797629318e-05,5.157500954e-05,9.995521466e-05,0.0001408636477,0.0001869208073,6.508467971e-05,2.033495865e-05,6.311111712e-06,0.0002970845558,5.125444441e-06,1.824876662e-05,5.289418684e-05,0.0001035455143,0.0001424807276,4.327999892e-07,1.253455418e-07,2.747551462e-08,5.285727305e-09,6.27324538e-05,4.409399466e-08,8.037055629e-07,8.824259417e-06,4.26336943e-05,0.0001143807049,8.7197037e-10,2.385794157e-10,4.487114914e-11,6.880618199e-12,1.011185849e-05,3.610503487e-10,1.956526638e-08,5.315244834e-07,4.622631703e-06,1.960918883e-05,3.487086212e-09,1.596592023e-09,5.236443904e-10,1.391625381e-10,3.42643749e-05,1.346852253e-08,4.629369401e-07,8.623647072e-06,6.284142192e-05,0.0002581633545,5.773375134e-10,3.087085023e-10,1.182438698e-10,3.626339043e-11,2.225566986e-05,6.947757206e-09,2.668776909e-07,5.511878216e-06,4.349595124e-05,0.0001981748687,4.616005574e-11,3.002660599e-11,1.399127833e-11,5.141862954e-12,1.153934313e-05,2.311148026e-09,1.021557165e-07,2.403601601e-06,2.075677904e-05,0.0001065895785,5.061298634e-13,3.840229499e-13,2.002882049e-13,7.874182273e-14,3.76086224e-06,1.442310117e-10,1.06292819e-08,3.841767255e-07,4.317614054e-06,2.80340346e-05,5.126026441e-16,3.837268355e-16,1.688659547e-16,4.939707816e-17,1.175070747e-06,8.257991893e-13,2.398488417e-10,2.604007946e-08,5.659638278e-07,5.988662757e-06,4.684984854e-14,3.43524503e-14,1.480763996e-14,4.249568983e-15,5.524221843e-06,2.921873689e-11,5.67446093e-09,4.239503551e-07,7.430400467e-06,6.360585068e-05,1.972227463e-12,1.34215147e-12,5.369386398e-13,1.438372557e-13,1.798090029e-05,4.018597681e-10,5.614075915e-08,3.08907024e-06,4.472051143e-05,0.0003135350216,9.765600721e-14,7.472931533e-14,2.988355383e-14,7.208251937e-15,1.594445854e-05,7.686065144e-11,2.19587132e-08,2.057604594e-06,4.089919095e-05,0.0003550308538
33,0.02698623708,0.01625791427,0.008788823125,0.004524589484,0.02443059347,0.006224989066,0.01425206071,0.02741489118,0.04212095457,0.05110946006,0.03799295171,0.02300246007,0.01249651552,0.006462802043,0.0266052122,0.006202950123,0.01406446285,0.02681135843,0.04083065826,0.05057406954,0.0005515026164,0.0002623892933,0.0001120180582,4.637660909e-05,0.001236884223,6.928803891e-05,0.0002520408938,0.0007452313904,0.00157552196,0.002556524008,0.0003917300364,0.0001854541916,7.878251334e-05,3.246813324e-05,0.001135785553,6.953421776e-05,0.0002554027237,0.0007620068014,0.001625310288,0.002583588049,0.01201825706,0.005275746424,0.002078115756,0.0007987548519,0.006006910326,0.0004235155073,0.0009558440455,0.001814341086,0.002593048565,0.002783786808,0.01743855481,0.007696464361,0.003048003296,0.001177382785,0.00659100211,0.0004218840475,0.000942160244,0.001770916949,0.002506724512,0.002752067277,0.0002705746491,9.471549483e-05,2.975078016e-05,9.278885795e-06,0.0003254492207,5.077484304e-06,1.786374262e-05,5.12080954e-05,9.914942185e-05,0.0001408123775,0.0001864739207,6.492525784e-05,2.028395608e-05,6.294940902e-06,0.0002966080502,5.097119348e-06,1.812319308e-05,5.246375415e-05,0.0001025638298,0.0001424353402,4.306637008e-07,1.246675562e-07,2.731391273e-08,5.252332915e-09,6.254764146e-05,4.367334996e-08,7.953046906e-07,8.724548317e-06,4.210077563e-05,0.0001142761741,8.661633297e-10,2.368298873e-10,4.451190707e-11,6.821259907e-12,1.00757297e-05,3.567622075e-10,1.932103959e-08,5.245908071e-07,4.557352974e-06,1.958253333e-05,3.466812812e-09,1.586263582e-09,5.199140392e-10,1.380871113e-10,3.415219959e-05,1.334120685e-08,4.586070385e-07,8.543787721e-06,6.224203459e-05,0.0002578358387,5.739077827e-10,3.066629338e-10,1.173793468e-10,3.597533673e-11,2.218167749e-05,6.884480837e-09,2.645586877e-07,5.466123986e-06,4.313659503e-05,0.0001979036181,4.587844808e-11,2.982168355e-11,1.388566957e-11,5.0996197e-12,1.150023788e-05,2.291108035e-09,1.013537575e-07,2.386565559e-06,2.061880126e-05,0.000106430208,5.02635023e-13,3.810638397e-13,1.985846658e-13,7.801399469e-14,3.747266604e-06,1.429017115e-10,1.054414447e-08,3.815305818e-07,4.29121306e-06,2.798519294e-05,5.079323884e-16,3.798242822e-16,1.669698828e-16,4.879423627e-17,1.17011549e-06,8.155470713e-13,2.37247105e-10,2.579556967e-08,5.611693596e-07,5.975289729e-06,4.644863991e-14,3.402426166e-14,1.465153122e-14,4.200892828e-15,5.5021823e-06,2.886495298e-11,5.612945977e-09,4.198540211e-07,7.363345141e-06,6.348118693e-05,1.956201467e-12,1.329998795e-12,5.315786287e-13,1.422783034e-13,1.791236722e-05,3.970276318e-10,5.551792149e-08,3.057470113e-06,4.427688466e-05,0.0003129938849,9.674548041e-14,7.395195942e-14,2.954050301e-14,7.118343605e-15,1.587983801e-05,7.580137246e-11,2.168222937e-08,2.033974843e-06,4.044663415e-05,0.000354355554
34,0.02694233708,0.01623099724,0.00877401838,0.004516847252,0.02440492396,0.006203278924,0.01419138035,0.02727857909,0.04187900454,0.05110134747,0.03794173367,0.02296620469,0.01247396982,0.006449782214,0.02657023832,0.006182340917,0.01401243317,0.02670279358,0.04064843376,0.05056372273,0.0005503739429,0.0002617757469,0.0001117234525,4.624215638e-05,0.001234646082,6.898155827e-05,0.0002508163063,0.0007413093739,0.001566457118,0.002555242991,0.0003908192605,0.0001850058153,7.858473606e-05,3.238384647e-05,0.001134029864,6.921518115e-05,0.0002540193811,0.0007572940385,0.001613879274,0.002582411913,0.0119981361,0.005266941135,0.002074658132,0.0007974296865,0.006000333613,0.0004216668975,0.0009504501328,0.00180195187,0.002572104,0.002783537408,0.01741464724,0.0076842845,0.003042535031,0.001175040665,0.006581893611,0.0004201182891,0.0009374151707,0.001760599753,0.002489964301,0.00275168337,0.0002700219896,9.449619313e-05,2.967378122e-05,9.252535217e-06,0.0003248445864,5.050863165e-06,1.775388722e-05,5.085011084e-05,9.836372849e-05,0.0001407525879,0.0001860365322,6.476932064e-05,2.023409784e-05,6.279141204e-06,0.0002961421144,5.069481275e-06,1.800075889e-05,5.20444537e-05,0.0001016085811,0.0001423819681,4.285777121e-07,1.240062282e-07,2.715643191e-08,5.219816732e-09,6.236708088e-05,4.326424411e-08,7.871339217e-07,8.627578161e-06,4.158282653e-05,0.000114155567,8.605027599e-10,2.35126613e-10,4.416256468e-11,6.763594771e-12,1.004045242e-05,3.526005477e-10,1.908388832e-08,5.178552861e-07,4.493957245e-06,1.955191252e-05,3.447033721e-09,1.576199367e-09,5.162832034e-10,1.370413853e-10,3.404262706e-05,1.321730857e-08,4.543867563e-07,8.465834814e-06,6.165636831e-05,0.0002574608881,5.705621038e-10,3.046700086e-10,1.16538042e-10,3.569529684e-11,2.210940387e-05,6.822871078e-09,2.622959931e-07,5.4213864e-06,4.278460958e-05,0.0001975936773,4.560378606e-11,2.962207443e-11,1.378292105e-11,5.058562524e-12,1.146204234e-05,2.271582734e-09,1.005701455e-07,2.369867667e-06,2.048315115e-05,0.0001062484841,4.992291848e-13,3.781840316e-13,1.969288691e-13,7.730733668e-14,3.73399023e-06,1.416070359e-10,1.04609268e-08,3.789335465e-07,4.265187133e-06,2.792957974e-05,5.033910838e-16,3.760356561e-16,1.651319589e-16,4.821065967e-17,1.165279461e-06,8.055941755e-13,2.347114385e-10,2.555623838e-08,5.564557328e-07,5.96006475e-06,4.605829556e-14,3.370545719e-14,1.450010609e-14,4.153736898e-15,5.480668296e-06,2.852142513e-11,5.553010711e-09,4.158482419e-07,7.29754384e-06,6.333907602e-05,1.940602606e-12,1.318187721e-12,5.263765227e-13,1.407671117e-13,1.784545719e-05,3.923358064e-10,5.491144793e-08,3.026609339e-06,4.384254062e-05,0.0003123759904,9.586028233e-14,7.319747157e-14,2.920805625e-14,7.031331981e-15,1.581676208e-05,7.477462108e-11,2.141338581e-08,2.010921985e-06,4.000388292e-05,0.0003535845156
35,0.02689949214,0.0162047419,0.008759585453,0.004509303148,0.02437989779,0.006182125005,0.01413226248,0.02714581665,0.04164346945,0.05109199949,0.03789170508,0.02293082213,0.01245198247,0.006437091884,0.02653612473,0.006162244885,0.01396167878,0.0265968642,0.0404706256,0.05055197541,0.0005492723588,0.0002611774681,0.0001114363986,4.611123181e-05,0.001232464265,6.868301609e-05,0.0002496229139,0.0007374862051,0.001557620357,0.002553806004,0.000389930922,0.0001845687624,7.839206795e-05,3.230177952e-05,0.001132318796,6.89045955e-05,0.0002526728051,0.000752707731,0.001602760392,0.002581087168,0.0119784998,0.005258352575,0.002071287443,0.0007961384917,0.005993923184,0.0004198678267,0.0009452048465,0.001789914726,0.0025517761,0.00278323323,0.01739129475,0.007672397717,0.003037202137,0.001172757809,0.006573010817,0.0004183987146,0.0009327956859,0.001750559997,0.002473664773,0.002751234745,0.0002694825801,9.428234059e-05,2.959875282e-05,9.226874921e-06,0.0003242552454,5.02496191e-06,1.764703126e-05,5.050203906e-05,9.760026076e-05,0.0001406849693,0.0001856099318,6.46173213e-05,2.018552677e-05,6.263757297e-06,0.0002956880929,5.042605923e-06,1.788179312e-05,5.163738663e-05,0.0001006822005,0.0001423212186,4.265478415e-07,1.233633502e-07,2.700348735e-08,5.18826239e-09,6.219128219e-05,4.28677003e-08,7.79213832e-07,8.533593672e-06,4.108113576e-05,0.0001140203246,8.550037427e-10,2.334739626e-10,4.38239855e-11,6.707760541e-12,1.000612487e-05,3.485750828e-10,1.885438129e-08,5.113344267e-07,4.432599763e-06,1.951769985e-05,3.427802893e-09,1.566425874e-09,5.12761118e-10,1.360279375e-10,3.393596529e-05,1.309714432e-08,4.502874709e-07,8.390008794e-06,6.108613656e-05,0.0002570430798,5.673095722e-10,3.027349499e-10,1.157220831e-10,3.542395631e-11,2.203905203e-05,6.763087954e-09,2.600958952e-07,5.377797729e-06,4.244108892e-05,0.0001972488507,4.533681311e-11,2.942829879e-11,1.368329075e-11,5.018791057e-12,1.142486369e-05,2.252623891e-09,9.980714396e-08,2.35356027e-06,2.035028646e-05,0.0001060466517,4.959213594e-13,3.753908308e-13,1.953248437e-13,7.6623503e-14,3.721070162e-06,1.403503853e-10,1.037987204e-08,3.763940342e-07,4.23962939e-06,2.786788836e-05,4.989899755e-16,3.723698172e-16,1.633562366e-16,4.764756546e-17,1.160575948e-06,7.959641474e-13,2.322487431e-10,2.532282326e-08,5.518391759e-07,5.943180475e-06,4.567979885e-14,3.339679864e-14,1.435370746e-14,4.108202667e-15,5.459739285e-06,2.818897436e-11,5.494816557e-09,4.119450501e-07,7.23321354e-06,6.318129847e-05,1.925470708e-12,1.306746946e-12,5.213443469e-13,1.393070135e-13,1.77803559e-05,3.877954746e-10,5.432294001e-08,2.996577341e-06,4.341883552e-05,0.0003116890077,9.500258999e-14,7.246760176e-14,2.888693961e-14,6.947396437e-15,1.57554048e-05,7.378269987e-11,2.115286509e-08,1.988511364e-06,3.957230594e-05,0.0003527273586
36,0.02685783309,0.0161792273,0.008745567168,0.004501979267,0.02435558938,0.006161589334,0.01407488004,0.02701698958,0.04141502522,0.05108152459,0.03784302195,0.02289642034,0.01243061932,0.006424768511,0.02650297412,0.006142722157,0.01391235338,0.02649389363,0.04029777798,0.05053896588,0.0005482012332,0.0002605962438,0.000111157736,4.598421173e-05,0.001230345242,6.839328203e-05,0.0002484642433,0.0007337732941,0.001549038145,0.002552230322,0.0003890676924,0.0001841443247,7.820506937e-05,3.222216761e-05,0.001130657389,6.860334983e-05,0.000251366848,0.0007482609281,0.001591984894,0.002579629672,0.01195940805,0.005250006574,0.002068013684,0.0007948850447,0.005987697991,0.0004181233914,0.0009401227251,0.001778262154,0.002532117965,0.002782877625,0.01736857018,0.007660840291,0.003032020595,0.001170540955,0.006564380335,0.00041673029,0.0009283150288,0.001740826135,0.002457871357,0.002750726544,0.0002689580714,9.407457661e-05,2.952591469e-05,9.201978766e-06,0.0003236829386,4.999853479e-06,1.75434739e-05,5.016484479e-05,9.686109922e-05,0.0001406103279,0.0001851954013,6.446970919e-05,2.013838419e-05,6.248833304e-06,0.0002952473169,5.016567653e-06,1.776661799e-05,5.124362689e-05,9.978704894e-05,0.0001422538116,4.245798209e-07,1.227406809e-07,2.685548499e-08,5.157751398e-09,6.202074904e-05,4.248470972e-08,7.715643406e-07,8.442831475e-06,4.059694496e-05,0.0001138720971,8.496810366e-10,2.318761913e-10,4.349700647e-11,6.653890162e-12,9.972843798e-06,3.446951277e-10,1.863306461e-08,5.050440911e-07,4.373429347e-06,1.948031936e-05,3.409173306e-09,1.556968998e-09,5.093567684e-10,1.350492658e-10,3.383251815e-05,1.298102149e-08,4.463202877e-07,8.316525817e-06,6.053302359e-05,0.0002565875829,5.641591141e-10,3.008628591e-10,1.149335386e-10,3.516197891e-11,2.197082223e-05,6.705287151e-09,2.579645556e-07,5.335488438e-06,4.210711713e-05,0.0001968734202,4.50782584e-11,2.924086421e-11,1.358702922e-11,4.980401654e-12,1.138880768e-05,2.234282001e-09,9.906698262e-08,2.337695404e-06,2.022066583e-05,0.0001058272279,4.927203556e-13,3.726913398e-13,1.937764861e-13,7.596408599e-14,3.708542913e-06,1.39135071e-10,1.030121982e-08,3.73920439e-07,4.214633728e-06,2.780089377e-05,4.947399545e-16,3.688352859e-16,1.616465864e-16,4.710610767e-17,1.156018015e-06,7.86679675e-13,2.298657403e-10,2.509605278e-08,5.473358962e-07,5.924851853e-06,4.531410443e-14,3.309902064e-14,1.421266382e-14,4.064386741e-15,5.439453779e-06,2.786838933e-11,5.43852061e-09,4.081562951e-07,7.170569884e-06,6.300984674e-05,1.910844509e-12,1.29570421e-12,5.164936525e-13,1.379011916e-13,1.771724626e-05,3.834173777e-10,5.375395288e-08,2.967461805e-06,4.300710836e-05,0.0003109415495,9.417450985e-14,7.176403096e-14,2.857784537e-14,6.866706791e-15,1.569593741e-05,7.282780098e-11,2.09013257e-08,1.966806756e-06,3.915324939e-05,0.0003517948787
37,0.02681749033,0.01615453201,0.008732006035,0.004494897504,0.02433207263,0.006141733347,0.01401940421,0.02689247919,0.04119433877,0.05107005027,0.03779584012,0.02286310684,0.01240994584,0.006412849253,0.02647088859,0.00612383244,0.01386460976,0.0263942034,0.04013043201,0.05052485264,0.0005471639227,0.0002600338493,0.0001108882968,4.586146825e-05,0.001228295431,6.811321647e-05,0.0002473437874,0.0007301819472,0.001540736699,0.002550535313,0.0003882322277,0.0001837337843,7.802429518e-05,3.214524325e-05,0.001129050638,6.831232191e-05,0.000250105311,0.0007439664886,0.00158158351,0.002578057329,0.0119409205,0.005241928819,0.002064846773,0.0007936730878,0.005981676832,0.0004164386189,0.0009352180672,0.001767026006,0.002513181411,0.00278247492,0.01734654627,0.007649648362,0.003027006285,0.001168396788,0.006556028607,0.0004151179255,0.000923986271,0.001731426209,0.002442628714,0.002750164956,0.0002684501084,9.387353644e-05,2.945548459e-05,9.177919794e-06,0.000323129393,4.97560974e-06,1.744350948e-05,4.983947571e-05,9.614828219e-05,0.0001405295809,0.0001847942151,6.432693017e-05,2.009281005e-05,6.234412843e-06,0.0002948211059,4.99143959e-06,1.765554936e-05,5.086422353e-05,9.892542167e-05,0.0001421805748,4.226793025e-07,1.221399486e-07,2.671282239e-08,5.128363343e-09,6.185597912e-05,4.211623433e-08,7.642047648e-07,8.355520735e-06,4.013145229e-05,0.0001137127302,8.44549104e-10,2.303374505e-10,4.318244055e-11,6.602112255e-12,9.940704628e-06,3.409696358e-10,1.842046381e-08,4.989995493e-07,4.31658887e-06,1.944024158e-05,3.39119704e-09,1.547854087e-09,5.060789136e-10,1.341077964e-10,3.373258571e-05,1.286923901e-08,4.424960574e-07,8.245597953e-06,5.999868521e-05,0.0002561001098,5.611195003e-10,2.990587267e-10,1.141744237e-10,3.491000874e-11,2.190491223e-05,6.649620363e-09,2.559080173e-07,5.29458723e-06,4.17837679e-05,0.000196472103,4.482883796e-11,2.906026688e-11,1.349438031e-11,4.94348771e-12,1.135397869e-05,2.216606388e-09,9.835185848e-08,2.32232477e-06,2.009474808e-05,0.0001055929767,4.896347972e-13,3.700924775e-13,1.922875736e-13,7.533062232e-14,3.6964445e-06,1.379643218e-10,1.022520646e-08,3.715211264e-07,4.190294628e-06,2.772944446e-05,4.906515903e-16,3.654402767e-16,1.600067149e-16,4.658738432e-17,1.151618525e-06,7.777625738e-13,2.275689825e-10,2.487664598e-08,5.429620525e-07,5.905313742e-06,4.496214089e-14,3.281283337e-14,1.407729079e-14,4.022381394e-15,5.419869429e-06,2.75604292e-11,5.384275899e-09,4.044936438e-07,7.109826924e-06,6.28269041e-05,1.896761754e-12,1.285086389e-12,5.118355664e-13,1.365526955e-13,1.765630855e-05,3.792118548e-10,5.320599837e-08,2.939348728e-06,4.260868026e-05,0.0003101430834,9.337808438e-14,7.108837813e-14,2.828143569e-14,6.789424391e-15,1.56385286e-05,7.191201671e-11,2.065940377e-08,1.945870419e-06,3.87480365e-05,0.0003507989351
38,0.02677859377,0.01613073423,0.00871894428,0.004488079574,0.02430942092,0.006122617947,0.01396600459,0.0267726628,0.04098206879,0.05105772225,0.03775031526,0.0228309888,0.01239002711,0.006401370992,0.0264399697,0.006105635051,0.01381859983,0.02629811338,0.03996912585,0.05050981329,0.0005461637725,0.0002594920489,0.0001106289062,4.574336969e-05,0.001226321205,6.78436713e-05,0.0002462650078,0.0007267233742,0.001532742006,0.002548742279,0.0003874271697,0.000183338414,7.785029524e-05,3.207123652e-05,0.0011275035,6.803237926e-05,0.000248891948,0.0007398370965,0.001571586493,0.002576389951,0.01192309659,0.005234144861,0.002061796564,0.0007925063322,0.005975878367,0.0004148184739,0.0009305049542,0.001756237551,0.002495017104,0.002782030399,0.01732529571,0.007638857942,0.003022175001,0.001166331945,0.006547981922,0.0004135664798,0.0009198223311,0.001722387888,0.002427980809,0.002749557183,0.0002679603307,9.367985152e-05,2.93876785e-05,9.154770303e-06,0.0003225963229,4.952301594e-06,1.734742802e-05,4.952686386e-05,9.546380951e-05,0.0001404437484,0.0001844076407,6.41894269e-05,2.004894307e-05,6.22053907e-06,0.0002944107681,4.967293748e-06,1.75488974e-05,5.050020307e-05,9.809955527e-05,0.0001421024374,4.208518665e-07,1.21562854e-07,2.65758896e-08,5.100176099e-09,6.169746478e-05,4.176320996e-08,7.5715388e-07,8.271883868e-06,3.968581657e-05,0.0001135442486,8.396221408e-10,2.288617984e-10,4.288107937e-11,6.552551623e-12,9.909801585e-06,3.374072398e-10,1.821708589e-08,4.932155357e-07,4.262215802e-06,1.939797899e-05,3.373925364e-09,1.539105996e-09,5.029361111e-10,1.332058913e-10,3.363646461e-05,1.27620882e-08,4.388253983e-07,8.177433447e-06,5.948474993e-05,0.000255586861,5.581993617e-10,2.973274437e-10,1.134467056e-10,3.466867248e-11,2.184151752e-05,6.596235676e-09,2.539322133e-07,5.25522111e-06,4.147210436e-05,0.0001960500063,4.458925601e-11,2.888699277e-11,1.340558189e-11,4.908140007e-12,1.132047991e-05,2.199645308e-09,9.766393793e-08,2.307499724e-06,1.997299168e-05,0.0001053468811,4.866731418e-13,3.676009991e-13,1.90861778e-13,7.472459968e-14,3.684810501e-06,1.368412917e-10,1.015206506e-08,3.69204428e-07,4.166706969e-06,2.765445375e-05,4.867351664e-16,3.621927343e-16,1.584401849e-16,4.609244479e-17,1.147390158e-06,7.69233879e-13,2.253648654e-10,2.466531241e-08,5.387337306e-07,5.884818345e-06,4.46248135e-14,3.25389254e-14,1.394789264e-14,3.982275124e-15,5.401043109e-06,2.726582676e-11,5.332231696e-09,4.009685847e-07,7.051196921e-06,6.263482151e-05,1.883259303e-12,1.274919589e-12,5.073808412e-13,1.352644577e-13,1.759772075e-05,3.751888857e-10,5.268054858e-08,2.912322501e-06,4.222485421e-05,0.0003093038353,9.261529915e-14,7.044220755e-14,2.799834638e-14,6.715703235e-15,1.558334476e-05,7.103735077e-11,2.042771508e-08,1.925763176e-06,3.835796756e-05,0.0003497523259
39,0.02674127294,0.01610791181,0.008706423872,0.004481547032,0.0242877072,0.006104303557,0.01391484932,0.02665791405,0.04077886655,0.05104470339,0.0377066029,0.02280017302,0.0123709279,0.006390370373,0.02641031855,0.006088188953,0.01377447472,0.02620594185,0.03981439491,0.05049404306,0.0005452041173,0.0002589725975,0.0001103803829,4.563028093e-05,0.0012244289,6.758549075e-05,0.0002452313378,0.0007234086956,0.001525079837,0.002546874269,0.0003866551476,0.0001829594782,7.7683615e-05,3.200037527e-05,0.001126020898,6.77643803e-05,0.0002477304712,0.0007358852791,0.001562023667,0.002574649083,0.01190599559,0.005226680136,0.002058872847,0.000791388461,0.00597032113,0.0004132678659,0.0009259972753,0.001745927538,0.002477674694,0.002781550274,0.01730489112,0.007628504932,0.003017542456,0.001164353019,0.006540266435,0.0004120807659,0.0009158359909,0.001713738506,0.002413970986,0.002748911382,0.0002674903726,9.349414994e-05,2.932271077e-05,9.132601937e-06,0.0003220854311,4.929999076e-06,1.725551568e-05,4.922792741e-05,9.480964668e-05,0.0001403539456,0.0001840369393,6.405763917e-05,2.000692082e-05,6.207254737e-06,0.0002940176023,4.944201151e-06,1.744696721e-05,5.015257219e-05,9.73116345e-05,0.0001420204225,4.191030289e-07,1.210110737e-07,2.644507006e-08,5.073266046e-09,6.154569357e-05,4.142654955e-08,7.50429984e-07,8.192137315e-06,3.926116172e-05,0.0001133688367,8.349141088e-10,2.274532124e-10,4.259369611e-11,6.505329783e-12,9.880227831e-06,3.340162939e-10,1.802342166e-08,4.877063105e-07,4.210442817e-06,1.935408102e-05,3.357408833e-09,1.530749152e-09,4.999367428e-10,1.323458576e-10,3.354444846e-05,1.265985365e-08,4.353187192e-07,8.112237024e-06,5.899282063e-05,0.0002550544657,5.554072053e-10,2.956738145e-10,1.127523102e-10,3.443858177e-11,2.178083155e-05,6.545277988e-09,2.520429768e-07,5.217515482e-06,4.117317912e-05,0.0001956125766,4.436020635e-11,2.872151894e-11,1.332086664e-11,4.874447071e-12,1.128841344e-05,2.183446071e-09,9.700535894e-08,2.293271267e-06,1.98558542e-05,0.0001050921141,4.838437012e-13,3.652235171e-13,1.895026796e-13,7.414746369e-14,3.673676096e-06,1.357690682e-10,1.008202575e-08,3.669786359e-07,4.143965857e-06,2.757689039e-05,4.830007171e-16,3.591003711e-16,1.569504372e-16,4.56222974e-17,1.143345434e-06,7.61113944e-13,2.232596417e-10,2.446275239e-08,5.346669229e-07,5.863632493e-06,4.430300728e-14,3.227796661e-14,1.382476401e-14,3.944153223e-15,5.383031005e-06,2.698529173e-11,5.282533873e-09,3.975924354e-07,6.994890206e-06,6.243609309e-05,1.870373238e-12,1.265229253e-12,5.031399089e-13,1.340393114e-13,1.754165874e-05,3.713581366e-10,5.217903988e-08,2.886466001e-06,4.18569153e-05,0.0003084346852,9.188809025e-14,6.982703649e-14,2.772919083e-14,6.645691121e-15,1.553055022e-05,7.020573021e-11,2.020685718e-08,1.906544516e-06,3.798432037e-05,0.0003486686556
40,0.02670565702,0.01608614226,0.008694486563,0.004475321295,0.02426700402,0.006086850184,0.01386610529,0.02654860344,0.04058537681,0.05103117232,0.03766485843,0.02277076604,0.01235271269,0.006379883828,0.02638203583,0.0060715528,0.01373238487,0.02611800569,0.03966677207,0.05047775324,0.0005442882827,0.0002584772414,0.0001101435405,4.552256398e-05,0.001222624813,6.733951242e-05,0.0002442461851,0.0007202489522,0.001517775765,0.002544955879,0.0003859187797,0.0001825982344,7.752479611e-05,3.193288553e-05,0.001124607723,6.750917551e-05,0.0002466245559,0.0007321234262,0.001552924478,0.002572857817,0.01188967657,0.005219559975,0.002056085362,0.0007903231335,0.005965023546,0.0004117916566,0.0009217087542,0.001736126275,0.002461202965,0.002781041626,0.01728540504,0.00761862513,0.003013124292,0.001162466564,0.006532908179,0.0004106655572,0.0009120399134,0.001705505105,0.002400642049,0.002748236603,0.0002670418641,9.331705682e-05,2.926079439e-05,9.111485775e-06,0.0003215984108,4.908771478e-06,1.716805523e-05,4.894357243e-05,9.418772939e-05,0.0001402613725,0.0001836833668,6.393200433e-05,1.996687996e-05,6.194602245e-06,0.0002936428984,4.92223198e-06,1.735005953e-05,4.982232057e-05,9.656380005e-05,0.000141935638,4.174382509e-07,1.204862634e-07,2.632074168e-08,5.047708307e-09,6.140114897e-05,4.110714669e-08,7.440509667e-07,8.116492383e-06,3.885858158e-05,0.0001131888189,8.3043877e-10,2.261156014e-10,4.232104853e-11,6.460565523e-12,9.85207562e-06,3.30804919e-10,1.783994816e-08,4.824857271e-07,4.161398438e-06,1.930912855e-05,3.341697388e-09,1.522807615e-09,4.970890434e-10,1.315299565e-10,3.345682826e-05,1.256281423e-08,4.319862458e-07,8.050210248e-06,5.852447662e-05,0.0002545099163,5.527514324e-10,2.941025694e-10,1.120931287e-10,3.422033572e-11,2.172304605e-05,6.496889459e-09,2.502460529e-07,5.181594276e-06,4.08880346e-05,0.0001951655466,4.414237386e-11,2.856431487e-11,1.324046291e-11,4.842495548e-12,1.125788046e-05,2.168055167e-09,9.637823389e-08,2.279690045e-06,1.974379192e-05,0.0001048320068,4.811546629e-13,3.629665236e-13,1.882137827e-13,7.360062518e-14,3.663076134e-06,1.347506814e-10,1.001531595e-08,3.648519997e-07,4.122166459e-06,2.749776885e-05,4.794580675e-16,3.561707066e-16,1.555408122e-16,4.517791714e-17,1.139496736e-06,7.53422545e-13,2.212594376e-10,2.426965733e-08,5.307775133e-07,5.842034835e-06,4.399759007e-14,3.203061133e-14,1.370819153e-14,3.908098371e-15,5.365888719e-06,2.671951431e-11,5.235325299e-09,3.943763528e-07,6.941115091e-06,6.223333033e-05,1.858138987e-12,1.256040268e-12,4.991229366e-13,1.328800084e-13,1.748829666e-05,3.677290084e-10,5.170287731e-08,2.861860725e-06,4.150613119e-05,0.0003075470567,9.119835219e-14,6.924434324e-14,2.747456407e-14,6.579530836e-15,1.54803076e-05,6.941901793e-11,1.999741183e-08,1.888272715e-06,3.762835122e-05,0.0003475621952
41,0.02667187489,0.01606550286,0.008683173921,0.004469423665,0.02424738362,0.006070317487,0.01381993831,0.02644509877,0.04040223885,0.05101732169,0.03762523712,0.02274287409,0.01233544571,0.006369947616,0.02635522188,0.00605578498,0.01369248006,0.02603462052,0.03952678796,0.05046116913,0.0005434195865,0.00025800772,0.0001099191881,4.542057843e-05,0.001220915216,6.710656828e-05,0.0002433129362,0.0007172551153,0.001510855194,0.002543013018,0.0003852206746,0.0001822559342,7.737437707e-05,3.186899176e-05,0.001123268844,6.726760878e-05,0.0002455778466,0.0007285638118,0.001544318058,0.002571040573,0.01187419847,0.005212809623,0.002053443806,0.0007893139887,0.00596000395,0.0004103946682,0.0009176529783,0.001726863703,0.002445649994,0.002780512341,0.01726690997,0.007609254249,0.003008936095,0.001160679105,0.006525933091,0.0004093255943,0.0009084466623,0.001697714485,0.002388036351,0.002747542694,0.0002666164315,9.314919483e-05,2.920214121e-05,9.091492431e-06,0.0003211369467,4.888687475e-06,1.708532665e-05,4.867469488e-05,9.359996849e-05,0.0001401673027,0.0001833481746,6.381295765e-05,1.992895632e-05,6.18262371e-06,0.0002932879397,4.901455717e-06,1.725847157e-05,4.951042391e-05,9.585815656e-05,0.0001418492662,4.158629481e-07,1.199900622e-07,2.620327786e-08,5.023577e-09,6.126431107e-05,4.080587923e-08,7.380343844e-07,8.045156145e-06,3.847914522e-05,0.000113006636,8.262097231e-10,2.248528193e-10,4.206388209e-11,6.418375484e-12,9.82543646e-06,3.277810502e-10,1.766713128e-08,4.775673036e-07,4.115207753e-06,1.926372812e-05,3.326840468e-09,1.515305151e-09,4.944011291e-10,1.307604123e-10,3.337389285e-05,1.247124414e-08,4.288380498e-07,7.991551942e-06,5.808127611e-05,0.0002539605005,5.502403573e-10,2.926183795e-10,1.114710242e-10,3.401452346e-11,2.166835133e-05,6.45121e-09,2.485471109e-07,5.147580096e-06,4.061770354e-05,0.0001947148786,4.393643611e-11,2.841584394e-11,1.316459558e-11,4.8123706e-12,1.12289814e-05,2.153518409e-09,9.578465272e-08,2.266806363e-06,1.963725939e-05,0.0001045700157,4.786141132e-13,3.608364145e-13,1.869985311e-13,7.308546773e-14,3.653045184e-06,1.337891139e-10,9.952160671e-09,3.628327243e-07,4.10140385e-06,2.741813908e-05,4.761168745e-16,3.534111085e-16,1.54214573e-16,4.476025369e-17,1.135856332e-06,7.461789923e-13,2.193702708e-10,2.408671033e-08,5.270812643e-07,5.820312945e-06,4.370941594e-14,3.179750157e-14,1.359845564e-14,3.874191247e-15,5.34967137e-06,2.646916894e-11,5.190746286e-09,3.913313476e-07,6.890077852e-06,6.202923546e-05,1.846591448e-12,1.247377081e-12,4.953398837e-13,1.317892376e-13,1.743780719e-05,3.643106884e-10,5.125343952e-08,2.838586941e-06,4.117375315e-05,0.0003066528018,9.054794624e-14,6.869557551e-14,2.723504699e-14,6.517361363e-15,1.543277809e-05,6.867902584e-11,1.979994759e-08,1.87100498e-06,3.729129636e-05,0.0003464477357
42,0.02664005519,0.01604607068,0.00867252737,0.004463875355,0.02422891797,0.006054764847,0.01377651336,0.02634776567,0.04023008759,0.05100335625,0.03758789413,0.02271660325,0.012319191,0.006360597862,0.02632997674,0.006040943673,0.01365490962,0.02595610089,0.03939497127,0.05044452786,0.0005426013402,0.0002575657674,0.0001097081314,4.532468202e-05,0.001219306357,6.688748585e-05,0.0002424349598,0.0007144380984,0.001504343382,0.002541072656,0.0003845634341,0.0001819338245,7.723289394e-05,3.180891725e-05,0.001122009108,6.704051882e-05,0.0002445939634,0.0007252186175,0.001536233282,0.002569222856,0.01185962012,0.005206454257,0.002050957842,0.0007883646502,0.005955280606,0.0004090816921,0.0009138434295,0.001718169485,0.00243106332,0.002779971016,0.01724947834,0.007600427938,0.003004993406,0.001158997141,0.006519367029,0.0004080655915,0.0009050687228,0.001690393253,0.00237619589,0.002746840203,0.0002662156981,9.299118471e-05,2.91469622e-05,9.07269216e-06,0.0003207027174,4.86981526e-06,1.700760775e-05,4.842218282e-05,9.304825532e-05,0.0001400730703,0.0001830326105,6.370093282e-05,1.989328515e-05,6.171361025e-06,0.0002929540038,4.881941307e-06,1.717249774e-05,4.921784724e-05,9.51967813e-05,0.0001417625515,4.143825011e-07,1.195240964e-07,2.609304863e-08,5.000945494e-09,6.113565736e-05,4.052361328e-08,7.323975388e-07,7.978332401e-06,3.812390244e-05,0.000112824821,8.222404432e-10,2.236686789e-10,4.182293329e-11,6.378874764e-12,9.800401285e-06,3.249524859e-10,1.750542845e-08,4.729642998e-07,4.071993164e-06,1.921850575e-05,3.312887124e-09,1.508265305e-09,4.918810291e-10,1.30039423e-10,3.329592945e-05,1.238541398e-08,4.258840801e-07,7.936458642e-06,5.766475924e-05,0.0002534137281,5.478822279e-10,2.912258708e-10,1.108878395e-10,3.382172694e-11,2.161693661e-05,6.408377786e-09,2.469517589e-07,5.115594405e-06,4.036320978e-05,0.0001942667051,4.374306507e-11,2.827656495e-11,1.309348695e-11,4.784156314e-12,1.12018161e-05,2.139881079e-09,9.522668659e-08,2.254670208e-06,1.953670921e-05,0.0001043096884,4.762300615e-13,3.588395141e-13,1.858603249e-13,7.26033555e-14,3.643617603e-06,1.328873112e-10,9.892782878e-09,3.609289694e-07,4.081772881e-06,2.733907617e-05,4.729866711e-16,3.508288356e-16,1.529749285e-16,4.43702396e-17,1.132436406e-06,7.394022469e-13,2.175980705e-10,2.391458697e-08,5.235938108e-07,5.798760408e-06,4.343932869e-14,3.157927042e-14,1.349583242e-14,3.842511158e-15,5.334433709e-06,2.623491823e-11,5.14893508e-09,3.884683008e-07,6.841982763e-06,6.182657414e-05,1.835765122e-12,1.239263815e-12,4.918005623e-13,1.307696447e-13,1.739036191e-05,3.611122042e-10,5.083208408e-08,2.816723866e-06,4.086101744e-05,0.0003057640819,8.993870911e-14,6.818215906e-14,2.701121066e-14,6.459319133e-15,1.538812178e-05,6.79875286e-11,1.961502262e-08,1.854797614e-06,3.697437389e-05,0.0003453404391
43,0.02661032638,0.01602792264,0.008662588235,0.004458697518,0.02421167887,0.006040251447,0.0137359948,0.02625696825,0.04006955473,0.05098949057,0.03755298455,0.02269205942,0.01230401249,0.006351870594,0.02630640029,0.006027086897,0.01361982245,0.02588276053,0.03927184914,0.05042807589,0.0005418368504,0.0002571531135,0.0001095111736,4.523523125e-05,0.001217804468,6.668308942e-05,0.0002416156116,0.0007118087707,0.001498265475,0.002539162553,0.0003839496543,0.0001816331489,7.710088111e-05,3.175288449e-05,0.001120833348,6.68287407e-05,0.0002436765087,0.0007220999579,0.001528698846,0.002567430995,0.01184600027,0.005200519006,0.002048637108,0.000787478731,0.005950871724,0.000407857499,0.000910293517,0.001710073093,0.002417490119,0.002779426851,0.01723318257,0.007592181793,0.003001311733,0.001157427154,0.006513235793,0.0004068902451,0.0009019185248,0.00168356788,0.002365162413,0.002746140251,0.0002658412848,9.284364581e-05,2.90954677e-05,9.055154973e-06,0.0003202973968,4.852222689e-06,1.693517477e-05,4.818691865e-05,9.253446737e-05,0.0001399800566,0.0001827379197,6.359636239e-05,1.986000127e-05,6.160855934e-06,0.0002926423643,4.863757326e-06,1.709243061e-05,4.894554833e-05,9.458173328e-05,0.0001416767872,4.13002266e-07,1.190899834e-07,2.59904218e-08,4.979886688e-09,6.10156635e-05,4.026120724e-08,7.271575602e-07,7.916222708e-06,3.779388974e-05,0.000112645973,8.185443224e-10,2.225669668e-10,4.159893308e-11,6.342177546e-12,9.777060638e-06,3.223269396e-10,1.735529158e-08,4.686897981e-07,4.031875203e-06,1.917410049e-05,3.299886146e-09,1.501711472e-09,4.89536717e-10,1.293691701e-10,3.32232241e-05,1.230559194e-08,4.231341965e-07,7.88512512e-06,5.727645136e-05,0.0002528772556,5.456852469e-10,2.899296401e-10,1.103454044e-10,3.364252371e-11,2.156899034e-05,6.368529805e-09,2.454655591e-07,5.085757727e-06,4.012556931e-05,0.000193827268,4.356292895e-11,2.814693372e-11,1.302735774e-11,4.75793613e-12,1.1176484e-05,2.127188093e-09,9.470639187e-08,2.24333127e-06,1.944259175e-05,0.0001040546286,4.740104662e-13,3.569821013e-13,1.848025376e-13,7.215564137e-14,3.634827604e-06,1.320481932e-10,9.837403895e-09,3.591488499e-07,4.063368048e-06,2.726166962e-05,4.700769118e-16,3.484310821e-16,1.51825058e-16,4.400879876e-17,1.129249085e-06,7.331110439e-13,2.159486991e-10,2.375395631e-08,5.203306558e-07,5.777673876e-06,4.318816555e-14,3.137654561e-14,1.340059545e-14,3.813136681e-15,5.320230238e-06,2.601741713e-11,5.110028388e-09,3.857979849e-07,6.797032198e-06,6.162814775e-05,1.825694256e-12,1.231724398e-12,4.885146994e-13,1.298238512e-13,1.734613162e-05,3.581424803e-10,5.04401532e-08,2.796349865e-06,4.056914703e-05,0.0003048932451,8.937246211e-14,6.770550682e-14,2.680362079e-14,6.405539299e-15,1.534649803e-05,6.734627794e-11,1.944318767e-08,1.8397062e-06,3.667878617e-05,0.0003442556844
44,0.02658281684,0.01601113557,0.008653397788,0.00445391127,0.02419573801,0.00602683636,0.01369854661,0.02617306963,0.03992127009,0.05097594643,0.0375206634,0.02266934844,0.01228997402,0.006343801791,0.02628459228,0.006014272577,0.01358736721,0.02581491255,0.03915794755,0.05041206619,0.0005411294213,0.0002567714861,0.0001093291168,4.515258193e-05,0.001216415771,6.649420141e-05,0.0002408582388,0.0007093779707,0.001492646537,0.002537310963,0.0003833819285,0.0001813551495,7.697887207e-05,3.170111554e-05,0.001119746389,6.663310743e-05,0.000242829075,0.0007192199079,0.001521743331,0.002565691857,0.01183339762,0.005195028974,0.002046491232,0.0007866598382,0.005946795488,0.000406726848,0.0009070166125,0.001702603904,0.002404977397,0.002778889524,0.01721809502,0.007584551384,0.002997906565,0.001155975617,0.006507565155,0.0004058042411,0.0008990084665,0.001677264759,0.002354977526,0.002745454398,0.0002654948112,9.270719671e-05,2.90478677e-05,9.038950752e-06,0.0003199226564,4.83597744e-06,1.686830308e-05,4.796978163e-05,9.206047442e-05,0.0001398896739,0.000182465346,6.349967831e-05,1.982923926e-05,6.151150102e-06,0.0002923542929,4.846972166e-06,1.701856177e-05,4.869448132e-05,9.401506284e-05,0.0001415933004,4.117275864e-07,1.186893368e-07,2.589576429e-08,4.960473292e-09,6.090480426e-05,4.001951616e-08,7.223314961e-07,7.859027458e-06,3.749013666e-05,0.0001124727294,8.151347135e-10,2.215514586e-10,4.139261053e-11,6.308397755e-12,9.755504869e-06,3.199120941e-10,1.72171701e-08,4.647567899e-07,3.99497338e-06,1.913115778e-05,3.287886193e-09,1.495666986e-09,4.873761455e-10,1.2875183e-10,3.31560623e-05,1.223204508e-08,4.205982058e-07,7.837744941e-06,5.691786689e-05,0.0002523588081,5.436575947e-10,2.887342716e-10,1.098455437e-10,3.347748991e-11,2.152470058e-05,6.331802447e-09,2.440940443e-07,5.058189887e-06,3.990579148e-05,0.0001934028551,4.339669411e-11,2.802740481e-11,1.296642809e-11,4.733793288e-12,1.115308434e-05,2.115484163e-09,9.422581465e-08,2.232838989e-06,1.935535505e-05,0.0001038084598,4.719632622e-13,3.552704367e-13,1.838285339e-13,7.174367539e-14,3.626709326e-06,1.312746658e-10,9.786243864e-09,3.575004386e-07,4.046283383e-06,2.718701265e-05,4.673970206e-16,3.46225024e-16,1.507681361e-16,4.367685499e-17,1.126306466e-06,7.27324021e-13,2.144279762e-10,2.3605482e-08,5.173071724e-07,5.75735014e-06,4.295676104e-14,3.118995312e-14,1.331301783e-14,3.786146339e-15,5.307115339e-06,2.581731728e-11,5.074161951e-09,3.833310867e-07,6.755426779e-06,6.14367655e-05,1.816412985e-12,1.224782689e-12,4.854920007e-13,1.289544757e-13,1.730528677e-05,3.55410398e-10,5.007897992e-08,2.777542681e-06,4.029935385e-05,0.0003040527019,8.88510207e-14,6.72670282e-14,2.661284241e-14,6.356157051e-15,1.530806583e-05,6.675701761e-11,1.928498932e-08,1.825785809e-06,3.640572266e-05,0.0003432089128
45,0.02655765491,0.01599578631,0.008644997291,0.004449537729,0.02418116707,0.006014578633,0.01366433271,0.02609643271,0.03978586294,0.05096295001,0.03749108566,0.02264857609,0.0122771394,0.006336427425,0.02626465244,0.006002558607,0.01355769243,0.02575286973,0.03905379182,0.05039675525,0.0005404823555,0.0002564226127,0.0001091627628,4.50770899e-05,0.001215146488,6.632164374e-05,0.0002401661852,0.0007071565224,0.001487511589,0.002535546318,0.0003828628493,0.000181101068,7.686740029e-05,3.165383249e-05,0.001118753058,6.645445175e-05,0.0002420552522,0.0007165905313,0.001515395291,0.002564032539,0.01182187084,0.005190009258,0.002044529836,0.0007859115783,0.005943070076,0.0004056944982,0.0009040260872,0.001695791297,0.002393572185,0.002778369047,0.01720428807,0.00757757227,0.00299479339,0.001154649004,0.006502380877,0.0004048122642,0.0008963509403,0.001671510268,0.002345682812,0.002744794482,0.0002651778965,9.258245584e-05,2.900437221e-05,9.024149381e-06,0.0003195801673,4.821147174e-06,1.680726794e-05,4.777165045e-05,9.162814501e-05,0.0001398033497,0.0001822161328,6.341131246e-05,1.980113371e-05,6.142285197e-06,0.0002920910609,4.831654217e-06,1.695118284e-05,4.846560062e-05,9.349882179e-05,0.0001415134364,4.105638057e-07,1.18323771e-07,2.580944332e-08,4.942778135e-09,6.080355438e-05,3.979939628e-08,7.179364035e-07,7.806947023e-06,3.721367236e-05,0.0001123077368,8.120249764e-10,2.206259356e-10,4.12046965e-11,6.277649735e-12,9.735824341e-06,3.177156575e-10,1.709151409e-08,4.611782661e-07,3.961407094e-06,1.909032248e-05,3.276935931e-09,1.490155202e-09,4.854072809e-10,1.281895846e-10,3.309472953e-05,1.216504057e-08,4.18285901e-07,7.794511078e-06,5.659051347e-05,0.0002518660977,5.418074533e-10,2.876443539e-10,1.093900858e-10,3.332720335e-11,2.148425543e-05,6.298332111e-09,2.428427362e-07,5.033010264e-06,3.970488049e-05,0.0001929997353,4.324502707e-11,2.791843326e-11,1.291091858e-11,4.711811289e-12,1.113171634e-05,2.104813988e-09,9.378699559e-08,2.223242593e-06,1.927544469e-05,0.000103574789,4.700963892e-13,3.537107918e-13,1.829416888e-13,7.136881353e-14,3.619296913e-06,1.305696338e-10,9.739522236e-09,3.559917694e-07,4.030612351e-06,2.711619126e-05,4.649564411e-16,3.442178669e-16,1.498073587e-16,4.337534107e-17,1.123620651e-06,7.220598536e-13,2.130417034e-10,2.346982367e-08,5.145386074e-07,5.738083215e-06,4.274595106e-14,3.102012112e-14,1.323337415e-14,3.76161928e-15,5.295143402e-06,2.563527157e-11,5.041471159e-09,3.810782342e-07,6.717365585e-06,6.125521625e-05,1.807955492e-12,1.218462618e-12,4.827422187e-13,1.281641547e-13,1.726799783e-05,3.529248574e-10,4.974989463e-08,2.760379678e-06,4.005284121e-05,0.0003032547988,8.837620443e-14,6.686813892e-14,2.643944456e-14,6.31130897e-15,1.527298422e-05,6.62214989e-11,1.914097335e-08,1.813091219e-06,3.615636316e-05,0.000342215471
46,0.02653496897,0.01598195173,0.008637428055,0.004445598041,0.02416803776,0.006003537384,0.01363351717,0.0260274208,0.03966396351,0.05095072879,0.03746440633,0.02262984823,0.01226557254,0.006329783513,0.02624668056,0.005992002915,0.01353094668,0.02569694483,0.03895990706,0.05038239976,0.0005398989572,0.0002561082222,0.0001090129148,4.500911171e-05,0.001214002848,6.616623941e-05,0.0002395427971,0.000705155252,0.001482885652,0.002533896896,0.0003823950112,0.0001808721475,7.676700012e-05,3.161125786e-05,0.001117858184,6.62936079e-05,0.0002413586362,0.0007142239123,0.001509683334,0.002562480035,0.01181147864,0.005185484974,0.002042762558,0.0007852375632,0.005939713685,0.000404765219,0.0009013353509,0.001689664762,0.002383321747,0.002777875604,0.01719183407,0.007571280028,0.002991987708,0.001153453793,0.006497708745,0.0004039190063,0.0008939583603,0.001666330837,0.002337319953,0.00274417245,0.0002648921601,9.247004217e-05,2.896519149e-05,9.010820878e-06,0.0003192716024,4.807799709e-06,1.675234527e-05,4.759340606e-05,9.123935327e-05,0.0001397225082,0.0001819915245,6.333169721e-05,1.977581943e-05,6.13430297e-06,0.0002918539412,4.817872078e-06,1.689058649e-05,4.825986494e-05,9.303507403e-05,0.0001414385407,4.095162796e-07,1.179949058e-07,2.573182789e-08,4.926874472e-09,6.071238957e-05,3.960170973e-08,7.139894469e-07,7.760182966e-06,3.696553265e-05,0.0001121536202,8.092285255e-10,2.197942012e-10,4.103592765e-11,6.250048957e-12,9.718109642e-06,3.157454223e-10,1.697877768e-08,4.579673127e-07,3.931296581e-06,1.90522318e-05,3.267084181e-09,1.485199584e-09,4.836381409e-10,1.276846337e-10,3.30395119e-05,1.210484711e-08,4.162071017e-07,7.755616565e-06,5.62958965e-05,0.0002514067408,5.401430318e-10,2.866644983e-10,1.089808712e-10,3.319224672e-11,2.144784337e-05,6.268255859e-09,2.417171643e-07,5.010338081e-06,3.952383704e-05,0.000192624092,4.310859667e-11,2.782047648e-11,1.286105136e-11,4.692074386e-12,1.111247948e-05,2.095222435e-09,9.339197517e-08,2.214591158e-06,1.920330378e-05,0.0001033571691,4.684178219e-13,3.523094787e-13,1.821454067e-13,7.103242685e-14,3.612624591e-06,1.299360139e-10,9.697458316e-09,3.546308415e-07,4.016447761e-06,2.705027324e-05,4.62764689e-16,3.424168964e-16,1.489459702e-16,4.31052079e-17,1.121203778e-06,7.173373963e-13,2.11795692e-10,2.334763842e-08,5.1204009e-07,5.720161442e-06,4.255657715e-14,3.086768387e-14,1.316194267e-14,3.739636e-15,5.28436897e-06,2.547193894e-11,5.012091702e-09,3.790500253e-07,6.68304641e-06,6.108624033e-05,1.800356166e-12,1.212788323e-12,4.802752215e-13,1.274555645e-13,1.723443571e-05,3.506948427e-10,4.945423203e-08,2.744938116e-06,3.983080672e-05,0.0003025116895,8.794984746e-14,6.651027111e-14,2.628400532e-14,6.271134428e-15,1.52414127e-05,6.574149689e-11,1.901168832e-08,1.801677158e-06,3.593188147e-05,0.0003412904528
47,0.02651488755,0.01596970886,0.008630731488,0.004442113414,0.02415642201,0.005993771906,0.01360626458,0.02596639842,0.03955620448,0.05093950811,0.03744078039,0.02261327082,0.01225533743,0.006323906169,0.0262307766,0.005982663543,0.01350727872,0.02564745087,0.03887681874,0.0503692531,0.0005393825334,0.0002558300472,0.0001088803782,4.494900531e-05,0.001212991093,6.602881402e-05,0.0002389914285,0.0007033850055,0.001478793783,0.002532390462,0.000381981013,0.0001806696344,7.66782077e-05,3.157361512e-05,0.001117066611,6.61514136e-05,0.0002407428378,0.0007121321878,0.001504636211,0.002561060896,0.0118022798,0.005181481283,0.002041199055,0.000784641416,0.005936744559,0.0004039438028,0.0008989578928,0.001684254011,0.002374273802,0.002777419373,0.01718080538,0.00756571027,0.002989505049,0.001152396483,0.006493574592,0.0004031291772,0.0008918431909,0.001661753019,0.002329930863,0.002743600171,0.0002646392233,9.237057592e-05,2.893053648e-05,8.999035533e-06,0.0003189986393,4.796003206e-06,1.670381244e-05,4.743593454e-05,9.089598616e-05,0.000139648552,0.0001817927676,6.326126605e-05,1.975343168e-05,6.127245345e-06,0.0002916442107,4.805694758e-06,1.683706754e-05,4.807824153e-05,9.262590669e-05,0.0001413699408,4.085903903e-07,1.177043721e-07,2.566329016e-08,4.912836318e-09,6.06317875e-05,3.942732957e-08,7.105080006e-07,7.7189393e-06,3.674676735e-05,0.0001120129513,8.067588813e-10,2.19060099e-10,4.08870505e-11,6.225712764e-12,9.70245182e-06,3.140093266e-10,1.687942248e-08,4.551372104e-07,3.904763916e-06,1.901750798e-05,3.258380073e-09,1.4808238e-09,4.820768325e-10,1.272392069e-10,3.29906968e-05,1.205173634e-08,4.143716978e-07,7.721255201e-06,5.60355241e-05,0.0002509881718,5.386725929e-10,2.857993574e-10,1.086197619e-10,3.307321095e-11,2.141565374e-05,6.241712089e-09,2.407228861e-07,4.990292706e-06,3.93636602e-05,0.0001922819552,4.298807632e-11,2.773399618e-11,1.281705128e-11,4.67466808e-12,1.109547366e-05,2.086754742e-09,9.304279931e-08,2.206933666e-06,1.913937298e-05,0.0001031590605,4.669356016e-13,3.510728813e-13,1.814431419e-13,7.073591096e-14,3.606726753e-06,1.293767494e-10,9.660271839e-09,3.534256258e-07,4.003881677e-06,2.699029709e-05,4.608314071e-16,3.408295301e-16,1.481872911e-16,4.286743413e-17,1.119068056e-06,7.131758307e-13,2.106957915e-10,2.323958246e-08,5.098266424e-07,5.703864594e-06,4.238949089e-14,3.073328593e-14,1.309900747e-14,3.720279078e-15,5.274846887e-06,2.532798937e-11,4.986160262e-09,3.772570599e-07,6.652666053e-06,6.093250111e-05,1.79364977e-12,1.207784301e-12,4.781010657e-13,1.268314445e-13,1.720477222e-05,3.487294905e-10,4.919333854e-08,2.731295438e-06,3.963444537e-05,0.0003018352055,8.757380941e-14,6.619488393e-14,2.614711693e-14,6.235777037e-15,1.521351163e-05,6.531882734e-11,1.889768936e-08,1.791598564e-06,3.573344933e-05,0.0003404485397
48,0.0264975394,0.01595913492,0.008624949154,0.004439105161,0.02414639196,0.005985341771,0.01358274033,0.02591373211,0.03946322263,0.05092950763,0.03742036291,0.02259895001,0.01224649827,0.006318831654,0.02621704082,0.00597459872,0.01348683766,0.02560470146,0.0388050533,0.05035756154,0.0005389363969,0.000255589826,0.0001087659626,4.489713084e-05,0.001212117492,6.591019754e-05,0.000238515448,0.0007018566683,0.001475261129,0.002531053905,0.0003816234612,0.0001804947802,7.660156199e-05,3.154112914e-05,0.001116383205,6.602871205e-05,0.000240211492,0.0007103275823,0.001500282912,0.002559800856,0.01179433321,0.005178023417,0.002039849023,0.0007841267771,0.005934181016,0.0004032350768,0.0008969073251,0.00167958909,0.002366476751,0.002777010339,0.01717127439,0.007560898674,0.00298736099,0.001151483597,0.006490004334,0.0004024475136,0.0008900179774,0.001657803564,0.002323557826,0.002743089237,0.0002644207096,9.228467932e-05,2.890061909e-05,8.988864064e-06,0.0003187629622,4.78582636e-06,1.666194917e-05,4.730013026e-05,9.05999511e-05,0.000139582842,0.0001816211124,6.320045423e-05,1.97341064e-05,6.121154508e-06,0.0002914631519,4.795191906e-06,1.679092404e-05,4.792171069e-05,9.227344186e-05,0.0001413089265,4.077915609e-07,1.17453817e-07,2.560420696e-08,4.90073879e-09,6.056222891e-05,3.927714495e-08,7.075097559e-07,7.683423822e-06,3.655844799e-05,0.0001118882152,8.046297228e-10,2.184275317e-10,4.075882572e-11,6.204761136e-12,9.688942617e-06,3.125155183e-10,1.679392131e-08,4.5270154e-07,3.881934062e-06,1.898675074e-05,3.250873206e-09,1.477051822e-09,4.807315933e-10,1.268555765e-10,3.294857359e-05,1.200598441e-08,4.127896952e-07,7.691622292e-06,5.581091234e-05,0.0002506175549,5.37404481e-10,2.850536456e-10,1.083086509e-10,3.297069875e-11,2.138787719e-05,6.218841257e-09,2.39865509e-07,4.972993985e-06,3.922534939e-05,0.0001919791312,4.288414633e-11,2.765946045e-11,1.27791471e-11,4.659679655e-12,1.10807995e-05,2.079456733e-09,9.274152536e-08,2.20031907e-06,1.908409055e-05,0.0001029837927,4.656578699e-13,3.500074886e-13,1.808384201e-13,7.048069598e-14,3.60163805e-06,1.288948243e-10,9.628183594e-09,3.523840703e-07,3.993005342e-06,2.693726065e-05,4.591664222e-16,3.394633721e-16,1.475347476e-16,4.266303614e-17,1.117225801e-06,7.0959482e-13,2.0974792e-10,2.314631292e-08,5.079131932e-07,5.689460979e-06,4.224555863e-14,3.061758656e-14,1.304486079e-14,3.703633952e-15,5.26663245e-06,2.52041091e-11,4.963815244e-09,3.757099733e-07,6.626420657e-06,6.079655624e-05,1.787871625e-12,1.20347556e-12,4.762300721e-13,1.262946202e-13,1.717918054e-05,3.470381611e-10,4.896857999e-08,2.719529575e-06,3.946495299e-05,0.0003012367226,8.72499868e-14,6.592347462e-14,2.602939117e-14,6.205386162e-15,1.518944275e-05,6.495536432e-11,1.879954214e-08,1.782910854e-06,3.556224076e-05,0.0003397038388
49,0.02648305359,0.01595030743,0.008620122833,0.004436594729,0.02413802014,0.005978306942,0.01356311096,0.02586979124,0.0393856606,0.05092093746,0.03740330904,0.02258699224,0.01223911956,0.006314596438,0.02620557384,0.005967866944,0.01346977316,0.0255690112,0.03874513869,0.05034756032,0.0005385638682,0.0002553893048,0.0001086704826,4.485385145e-05,0.001211388344,6.581122602e-05,0.000238118245,0.000700581185,0.001472312967,0.002529912838,0.0003813249723,0.0001803488433,7.653760581e-05,3.151402673e-05,0.001115812858,6.592635409e-05,0.0002397682676,0.000708822444,0.001496652762,0.002558724447,0.01178769789,0.005175136706,0.002038722209,0.000783697311,0.005932041478,0.0004026439165,0.0008951974284,0.001675700509,0.002359979918,0.002776658085,0.01716331354,0.007556881009,0.002985571174,0.001150721696,0.006487023997,0.0004018787911,0.0008884953781,0.001654509497,0.002318243641,0.002742650746,0.0002642382466,9.22129774e-05,2.887565262e-05,8.980377764e-06,0.0003185662649,4.777338604e-06,1.662703839e-05,4.718689908e-05,9.035318396e-05,0.0001395266759,0.000181477814,6.31496994e-05,1.971798054e-05,6.116073006e-06,0.0002913120558,4.786434042e-06,1.675245856e-05,4.779127043e-05,9.197984885e-05,0.0001412567289,4.071252699e-07,1.1724491e-07,2.555496137e-08,4.890658468e-09,6.050419871e-05,3.91520666e-08,7.05012834e-07,7.653849505e-06,3.640167593e-05,0.0001117817758,8.028549439e-10,2.179004799e-10,4.065203266e-11,6.187317503e-12,9.677674725e-06,3.112724224e-10,1.672276197e-08,4.506742924e-07,3.862935967e-06,1.896052954e-05,3.244613816e-09,1.473908025e-09,4.796108331e-10,1.265360713e-10,3.291343429e-05,1.196787347e-08,4.114712638e-07,7.666915433e-06,5.562359071e-05,0.0002503016928,5.363471512e-10,2.844321595e-10,1.080494721e-10,3.288532825e-11,2.136470614e-05,6.199786624e-09,2.391507127e-07,4.958562581e-06,3.910990656e-05,0.0001917211308,4.279749642e-11,2.759734587e-11,1.274757275e-11,4.647198729e-12,1.106855855e-05,2.073375033e-09,9.24902284e-08,2.194796366e-06,1.903789245e-05,0.0001028345236,4.645929027e-13,3.491199289e-13,1.803348605e-13,7.026825693e-14,3.597393481e-06,1.284932792e-10,9.601416076e-09,3.515141081e-07,3.983909098e-06,2.68921096e-05,4.577798058e-16,3.383262702e-16,1.469919018e-16,4.249307848e-17,1.115689475e-06,7.066146708e-13,2.089580962e-10,2.306848977e-08,5.063145919e-07,5.6772045e-06,4.212566636e-14,3.052126423e-14,1.299980539e-14,3.689789724e-15,5.259781575e-06,2.510100612e-11,4.945197542e-09,3.744194728e-07,6.604506061e-06,6.068082842e-05,1.78305779e-12,1.199887785e-12,4.746729052e-13,1.258480292e-13,1.715783569e-05,3.456305133e-10,4.878134976e-08,2.709719279e-06,3.932352985e-05,0.0003007270262,8.698032503e-14,6.569759004e-14,2.593146495e-14,6.180118499e-15,1.516936963e-05,6.465305871e-11,1.871782701e-08,1.775670218e-06,3.541943659e-05,0.0003390697177
50,0.0264715596,0.01594330429,0.008616294586,0.004434603745,0.02413137955,0.005972727889,0.01354754449,0.02583494892,0.03932416864,0.05091399418,0.03738977404,0.02257750428,0.01223326612,0.006311237258,0.02619647679,0.005962527072,0.01345623563,0.02554069598,0.03869760509,0.05033946942,0.0005382682783,0.0002552302402,0.0001085947599,4.481953412e-05,0.001210809995,6.573274349e-05,0.0002378032363,0.0006995695808,0.001469974764,0.0025289912,0.0003810881765,0.0001802330911,7.64868869e-05,3.149253716e-05,0.001115360504,6.584520046e-05,0.0002394168779,0.0007076292831,0.001493775529,0.002557854596,0.01178243308,0.005172846606,0.002037828427,0.0007833567132,0.005930344498,0.0004021752593,0.0008938421993,0.001672619361,0.002354833804,0.002776371582,0.01715699532,0.00755369316,0.002984151333,0.001150117391,0.006484659753,0.0004014278342,0.0008872881975,0.0016518982,0.002314031775,0.002742295083,0.0002640934668,9.215609883e-05,2.885585211e-05,8.973648669e-06,0.0003184102536,4.770610321e-06,1.659936725e-05,4.709716175e-05,9.015765745e-05,0.0001394812669,0.0001813641341,6.310944236e-05,1.970519224e-05,6.112043848e-06,0.000291192224,4.779492799e-06,1.672197936e-05,4.768794143e-05,9.174735705e-05,0.0001412144988,4.065970678e-07,1.170793488e-07,2.551594442e-08,4.882673777e-09,6.045818718e-05,3.905303256e-08,7.030359038e-07,7.63043596e-06,3.627759078e-05,0.0001116958399,8.01448712e-10,2.174830234e-10,4.056747403e-11,6.173509592e-12,9.668742052e-06,3.102888111e-10,1.666645128e-08,4.490699832e-07,3.84790372e-06,1.893937551e-05,3.239652961e-09,1.4714173e-09,4.787231794e-10,1.262830903e-10,3.288557437e-05,1.193769343e-08,4.104267879e-07,7.64733533e-06,5.547510801e-05,0.0002500469324,5.355092005e-10,2.839397999e-10,1.07844211e-10,3.281773689e-11,2.134633531e-05,6.184695042e-09,2.38584273e-07,4.947120348e-06,3.901833841e-05,0.0001915130943,4.27288283e-11,2.754813976e-11,1.272256861e-11,4.637317833e-12,1.105885358e-05,2.068557305e-09,9.229100786e-08,2.19041467e-06,1.90012124e-05,0.0001027141984,4.637491472e-13,3.48417006e-13,1.799361994e-13,7.010012466e-14,3.594028494e-06,1.281752275e-10,9.58019417e-09,3.508236639e-07,3.976682301e-06,2.685572555e-05,4.566819372e-16,3.374263758e-16,1.465624841e-16,4.235868483e-17,1.114471727e-06,7.042565034e-13,2.083324728e-10,2.300677775e-08,5.050456242e-07,5.667331645e-06,4.203072479e-14,3.044502143e-14,1.296415713e-14,3.678840014e-15,5.254350969e-06,2.501941595e-11,4.930451338e-09,3.733963748e-07,6.587118182e-06,6.058757522e-05,1.77924526e-12,1.197047502e-12,4.734406561e-13,1.254947465e-13,1.714091504e-05,3.445165826e-10,4.863307732e-08,2.701944457e-06,3.921138443e-05,0.0003003161704,8.676683096e-14,6.55188389e-14,2.585400627e-14,6.160139737e-15,1.515345818e-05,6.441395754e-11,1.865314335e-08,1.769933918e-06,3.530622924e-05,0.0003385586342
51,0.02646318743,0.0159382039,0.008613506817,0.004433154054,0.02412654378,0.005968665718,0.01353621083,0.02580958289,0.03927940654,0.05090885659,0.03737991336,0.02257059335,0.01222900323,0.006308791181,0.02618985144,0.005958638404,0.01344637639,0.02552007343,0.03866298556,0.05033348924,0.0005380529713,0.0002551144017,0.0001085396248,4.479455055e-05,0.001210388842,6.567560393e-05,0.0002375738738,0.0006988329835,0.001468272223,0.002528310822,0.0003809157204,0.0001801488019,7.644995914e-05,3.147689275e-05,0.00111503112,6.578612412e-05,0.0002391610908,0.0007067608118,0.001491681532,0.002557212206,0.01177859827,0.005171178735,0.002037177569,0.0007831087172,0.005929108799,0.0004018341188,0.0008928559003,0.001670377466,0.002351090353,0.002776158965,0.01715239228,0.007551371163,0.002983117304,0.00114967735,0.006482937956,0.0004010995293,0.0008864094219,0.001649997499,0.002310966522,0.002742031686,0.0002639880089,9.211467678e-05,2.884143483e-05,8.968749727e-06,0.0003182966498,4.765713069e-06,1.657922808e-05,4.703185753e-05,9.001538993e-05,0.0001394477204,0.0001812813428,6.308012776e-05,1.969588122e-05,6.109110607e-06,0.0002911049712,4.774441185e-06,1.669980174e-05,4.761277219e-05,9.157826945e-05,0.0001411832843,4.062125934e-07,1.169588658e-07,2.548755676e-08,4.876865384e-09,6.042469122e-05,3.898101422e-08,7.015983059e-07,7.613410967e-06,3.618737932e-05,0.00011163242,8.004255288e-10,2.171793622e-10,4.050598087e-11,6.163470324e-12,9.662239992e-06,3.095738784e-10,1.662551932e-08,4.479037742e-07,3.836977745e-06,1.892377318e-05,3.236042701e-09,1.469605166e-09,4.780775237e-10,1.260991177e-10,3.286529354e-05,1.191574365e-08,4.096669186e-07,7.633086652e-06,5.536703829e-05,0.0002498590658,5.348994001e-10,2.835815949e-10,1.076949157e-10,3.27685855e-11,2.13329622e-05,6.173717779e-09,2.381720864e-07,4.938790696e-06,3.89516587e-05,0.0001913597143,4.267885841e-11,2.751234259e-11,1.270438299e-11,4.630133026e-12,1.105178888e-05,2.06505249e-09,9.214599441e-08,2.187223291e-06,1.897448197e-05,0.0001026255064,4.631352606e-13,3.479057372e-13,1.796463148e-13,6.997789731e-14,3.591579084e-06,1.279438723e-10,9.564745865e-09,3.503206622e-07,3.971413238e-06,2.682891355e-05,4.558835695e-16,3.367722069e-16,1.462504271e-16,4.226104965e-17,1.113585435e-06,7.025424298e-13,2.078773715e-10,2.296184849e-08,5.041210281e-07,5.660058346e-06,4.196167484e-14,3.038958974e-14,1.293824759e-14,3.670883853e-15,5.250398304e-06,2.496010761e-11,4.919724947e-09,3.726516442e-07,6.574453393e-06,6.051885776e-05,1.776472171e-12,1.194982265e-12,4.725449308e-13,1.252380125e-13,1.712859889e-05,3.437068639e-10,4.852523713e-08,2.696286529e-06,3.912973733e-05,0.0003000133332,8.661158608e-14,6.538890447e-14,2.57977204e-14,6.145626317e-15,1.514187719e-05,6.424022439e-11,1.860611417e-08,1.765760601e-06,3.522382759e-05,0.0003381819593
52,0.02645806771,0.01593508519,0.008611802344,0.004432267766,0.02412358713,0.00596618229,0.01352928215,0.02579407653,0.03925204556,0.05090568147,0.03737388261,0.02256636724,0.01222639671,0.006307295669,0.0261858003,0.005956260781,0.01344034789,0.02550746329,0.0386418167,0.05032979612,0.0005379213073,0.0002550435743,0.0001085059173,4.477927808e-05,0.001210131347,6.564067325e-05,0.0002374336516,0.0006983826464,0.001467231338,0.002527890993,0.0003808102711,0.0001800972678,7.642738371e-05,3.146732946e-05,0.001114829742,6.575001275e-05,0.0002390047408,0.0007062299855,0.001490401752,0.002556815715,0.01177625324,0.005170158898,0.00203677963,0.0007829571026,0.005928353305,0.0004016256001,0.0008922531125,0.001669007506,0.002348803227,0.002776027305,0.01714957708,0.00754995123,0.002982485051,0.001149408312,0.006481885176,0.0004008988359,0.0008858722559,0.001648835751,0.002309093171,0.002741868808,0.0002639235193,9.208934984e-05,2.883262062e-05,8.965754981e-06,0.0003182271933,4.762719813e-06,1.656691944e-05,4.699194785e-05,8.992845459e-05,0.0001394270102,0.0001812307198,6.30622049e-05,1.969018901e-05,6.107317537e-06,0.0002910516281,4.771353847e-06,1.668624944e-05,4.756684445e-05,9.147497684e-05,0.0001411640069,4.059775913e-07,1.168852345e-07,2.547021056e-08,4.873316617e-09,6.040421561e-05,3.893702261e-08,7.007201828e-07,7.603012081e-06,3.613228479e-05,0.0001115932951,7.998002961e-10,2.169938393e-10,4.046841785e-11,6.157338755e-12,9.658265727e-06,3.09137318e-10,1.660052382e-08,4.47191599e-07,3.830306068e-06,1.891415166e-05,3.233836298e-09,1.468497886e-09,4.776830708e-10,1.259867388e-10,3.285289653e-05,1.190233479e-08,4.092026292e-07,7.62437892e-06,5.530098709e-05,0.0002497432279,5.345267292e-10,2.833627239e-10,1.076037088e-10,3.273856255e-11,2.13247877e-05,6.167011386e-09,2.379201961e-07,4.933698989e-06,3.89108906e-05,0.0001912651536,4.264832079e-11,2.749047042e-11,1.269327349e-11,4.625744537e-12,1.104747051e-05,2.062911064e-09,9.205735705e-08,2.18527181e-06,1.895813059e-05,0.0001025708353,4.627601497e-13,3.475933938e-13,1.794692521e-13,6.990325255e-14,3.590081907e-06,1.278025245e-10,9.555302987e-09,3.500130339e-07,3.968189016e-06,2.68123891e-05,4.553958999e-16,3.363727151e-16,1.460599013e-16,4.220145044e-17,1.113043746e-06,7.014957413e-13,2.07599319e-10,2.293438251e-08,5.035555066e-07,5.655576674e-06,4.191949324e-14,3.035573516e-14,1.29224269e-14,3.666026635e-15,5.247982416e-06,2.492389004e-11,4.913171684e-09,3.721964337e-07,6.566708895e-06,6.047650769e-05,1.774778016e-12,1.193720836e-12,4.719979426e-13,1.250812622e-13,1.712107101e-05,3.432123977e-10,4.845935788e-08,2.692828786e-06,3.907982523e-05,0.0002998266626,8.651676047e-14,6.530955816e-14,2.576335647e-14,6.136767289e-15,1.51347989e-05,6.413416083e-11,1.857739081e-08,1.763210622e-06,3.517346196e-05,0.0003379497914
53,0.0264563318,0.0159340278,0.008611224472,0.004431967297,0.02412258472,0.005965340367,0.01352693324,0.02578881984,0.03924277051,0.05090459914,0.03737183768,0.02256493433,0.01222551299,0.00630678865,0.02618442677,0.005955454681,0.01343830396,0.02550318782,0.03863463941,0.05032853769,0.0005378766649,0.0002550195611,0.0001084944899,4.47741007e-05,0.001210044049,6.562883149e-05,0.0002373861139,0.0006982299721,0.001466878456,0.002527747996,0.000380774519,0.0001800797963,7.641973035e-05,3.146408752e-05,0.00111476147,6.573777129e-05,0.0002389517401,0.0007060500468,0.001489967953,0.00255668065,0.01177545813,0.005169813125,0.002036644716,0.0007829057025,0.005928097172,0.0004015549155,0.0008920487902,0.001668543176,0.002348028102,0.00277598238,0.01714862249,0.007549469786,0.00298227069,0.001149317101,0.00648152824,0.0004008308005,0.000885690161,0.001648441944,0.002308458177,0.00274181327,0.0002639016532,9.208076301e-05,2.882963244e-05,8.964739754e-06,0.0003182036457,4.76170517e-06,1.656274721e-05,4.697842028e-05,8.989898905e-05,0.0001394199544,0.0001812135563,6.305612854e-05,1.968825927e-05,6.106709688e-06,0.0002910335437,4.770307359e-06,1.668165603e-05,4.755127888e-05,9.143997267e-05,0.0001411574381,4.058979299e-07,1.168602768e-07,2.546433141e-08,4.872113907e-09,6.039727443e-05,3.892211512e-08,7.004226152e-07,7.599488307e-06,3.611361658e-05,0.0001115799703,7.995883826e-10,2.169309649e-10,4.04556887e-11,6.155261081e-12,9.656918522e-06,3.089894057e-10,1.659205482e-08,4.469502961e-07,3.828045631e-06,1.891087551e-05,3.233088419e-09,1.468122599e-09,4.775493915e-10,1.259486567e-10,3.284869405e-05,1.189779072e-08,4.090452723e-07,7.621427417e-06,5.527859769e-05,0.0002497037873,5.344004105e-10,2.832885436e-10,1.075727994e-10,3.272838874e-11,2.132201661e-05,6.1647386e-09,2.378348187e-07,4.93197293e-06,3.8897069e-05,0.0001912329598,4.263797003e-11,2.748305756e-11,1.268950862e-11,4.624257451e-12,1.104600662e-05,2.062185301e-09,9.20273105e-08,2.184610154e-06,1.895258555e-05,0.0001025522236,4.626330139e-13,3.474875425e-13,1.794092524e-13,6.987796041e-14,3.589574388e-06,1.277546211e-10,9.552101957e-09,3.499087228e-07,3.967095443e-06,2.680676418e-05,4.552306435e-16,3.36237356e-16,1.459953531e-16,4.218126088e-17,1.112860131e-06,7.011411062e-13,2.07505085e-10,2.29250714e-08,5.0336374e-07,5.654051273e-06,4.190519856e-14,3.034426372e-14,1.291706672e-14,3.66438113e-15,5.247163491e-06,2.491161871e-11,4.910950772e-09,3.720421243e-07,6.564083071e-06,6.046209191e-05,1.774203873e-12,1.193293391e-12,4.718126107e-13,1.250281566e-13,1.711851921e-05,3.430448617e-10,4.843703223e-08,2.691656772e-06,3.906290478e-05,0.0002997631149,8.648462747e-14,6.528267388e-14,2.575171457e-14,6.133766308e-15,1.513239954e-05,6.409822917e-11,1.856765797e-08,1.762346378e-06,3.515638909e-05,0.000337870758
