Step,DF_001,DF_002,DF_003,DF_004,DF_005,DF_006,DF_007,DF_008,DF_009,DF_010,DF_011,DF_012,DF_013,DF_014,DF_015,DF_016,DF_017,DF_018,DF_019,DF_020,DF_021,DF_022,DF_023,DF_024,DF_025,DF_026,DF_027,DF_028,DF_029,DF_030,DF_031,DF_032,DF_033,DF_034,DF_035,DF_036,DF_037,DF_038,DF_039,DF_040,DF_041,DF_042,DF_043,DF_044,DF_045,DF_046,DF_047,DF_048,DF_049,DF_050,DF_051,DF_052,DF_053,DF_054,DF_055,DF_056,DF_057,DF_058,DF_059,DF_060,DF_061,DF_062,DF_063,DF_064,DF_065,DF_066,DF_067,DF_068,DF_069,DF_070,DF_071,DF_072,DF_073,DF_074,DF_075,DF_076,DF_077,DF_078,DF_079,DF_080,DF_081,DF_082,DF_083,DF_084,DF_085,DF_086,DF_087,DF_088,DF_089,DF_090,DF_091,DF_092,DF_093,DF_094,DF_095,DF_096,DF_097,DF_098,DF_099,DF_100,DF_101,DF_102,DF_103,DF_104,DF_105,DF_106,DF_107,DF_108,DF_109,DF_110,DF_111,DF_112,DF_113,DF_114,DF_115,DF_116,DF_117,DF_118,DF_119,DF_120,DF_121,DF_122,DF_123,DF_124,DF_125,DF_126,DF_127,DF_128,DF_129,DF_130,DF_131,DF_132,DF_133,DF_134,DF_135,DF_136,DF_137,DF_138,DF_139,DF_140,DF_141,DF_142,DF_143,DF_144,DF_145,DF_146,DF_147,DF_148,DF_149,DF_150,DF_151,DF_152,DF_153,DF_154,DF_155,DF_156,DF_157,DF_158,DF_159,DF_160,DF_161,DF_162,DF_163,DF_164,DF_165,DF_166,DF_167,DF_168,DF_169,DF_170,DF_171,DF_172,DF_173,DF_174,DF_175,DF_176,DF_177,DF_178,DF_179,DF_180
0,0.0180233369,0.02024044521,0.02039615572,0.01865753831,0.1060923348,0.03921694544,0.04978416228,0.05538253591,0.0519982448,0.04336100643,0.02902478857,0.03380228596,0.03532372344,0.03341564625,0.1444745629,0.07678147199,0.1136628151,0.1458401527,0.1596926353,0.1533960645,0.0003687505715,0.0004734948676,0.0005455584003,0.0005647656008,0.01671329603,0.004383158499,0.009803331074,0.01845249687,0.02754362331,0.03476791742,0.0002289806786,0.0002835236332,0.0003150090931,0.0003153353897,0.01227311273,0.002238744365,0.004293846008,0.007007302525,0.008968604375,0.009827969808,0.007666339503,0.006126491479,0.004393180197,0.002935554869,0.02454041879,0.002754086936,0.003717101319,0.004377182781,0.004096162849,0.003286777587,0.0128759945,0.01070508548,0.007986249865,0.005535000734,0.03434174478,0.005721446544,0.009127805073,0.01255458244,0.01388897326,0.01299873823,0.0001757529729,0.0001605042811,0.0001315267106,9.940925639e-05,0.004074133812,0.0003305089437,0.0007841063979,0.001558952225,0.002318143719,0.002814895625,0.0001046429431,9.185616617e-05,7.235192364e-05,5.272290658e-05,0.002911353241,0.0001590944453,0.0003193103821,0.0005435321218,0.000683671428,0.0007117564556,1.559264358e-07,4.042975991e-07,7.93410358e-07,1.15448653e-06,0.004563451668,0.0001485881166,0.0005856724009,0.001551288417,0.002370962682,0.002599148635,2.29090221e-10,1.271327783e-09,4.849662357e-09,1.196585794e-08,0.002088014854,2.327143456e-05,0.0001421806998,0.0005089613809,0.0008689183775,0.0009868289688,1.748123087e-09,1.15714581e-08,5.486752826e-08,1.716519719e-07,0.005687635238,0.0002924795745,0.001247924271,0.003349425046,0.004967033552,0.005364418269,1.302558017e-09,1.043564646e-08,5.988980095e-08,2.234678616e-07,0.00731467529,0.0005076176311,0.001899831398,0.004514899378,0.006040040851,0.006043816307,6.963083321e-10,7.099822617e-09,5.18566712e-08,2.417323643e-07,0.008988159792,0.00078180517,0.002479619941,0.005053141759,0.005873489655,0.005277925822,3.400618397e-11,5.555751297e-10,6.239225337e-09,4.17085489e-08,0.007373387551,0.0003965086427,0.001129988012,0.001992409415,0.001843834427,0.00131840347,3.59834413e-14,1.535718435e-12,3.853000786e-11,4.708162057e-10,0.004766189064,5.160844292e-05,0.000146010475,0.0002149612608,0.0001220792668,4.790018574e-05,8.656545452e-13,2.760906108e-11,5.176512404e-10,4.834133052e-09,0.008829886775,0.0001319683723,0.0002566214966,0.0002667230631,0.0001098718928,3.120052565e-05,1.228064264e-11,2.933595271e-10,4.119627015e-09,2.946234503e-08,0.0136315331,0.0002262374517,0.0003261332217,0.0002567172977,8.097082421e-05,1.747469634e-05,2.312528741e-13,1.010799468e-11,2.308830609e-10,2.330441684e-09,0.01106996387,4.660587618e-05,4.838200162e-05,2.460597624e-05,3.784310172e-06,3.596174314e-07
1,0.01802950442,0.0202480149,0.02040443209,0.01866565674,0.1061191949,0.03923997986,0.0498200947,0.05542942194,0.05204926134,0.04340891379,0.02903391265,0.03381353094,0.0353361215,0.03342793954,0.1444994483,0.07680744956,0.1137100693,0.1459112679,0.1597828774,0.1534936775,0.0003689232118,0.0004737307779,0.0005458466125,0.0005650796295,0.01671784051,0.004385592041,0.009810019367,0.01846726313,0.02756916717,0.03480422716,0.0002290942581,0.0002836766105,0.0003151927734,0.0003155319335,0.01227744324,0.002240544952,0.004298089843,0.00701542612,0.008980654312,0.009842839918,0.007669063021,0.006128871905,0.004395033403,0.002936883406,0.02454690762,0.002755780788,0.003719910601,0.004381063053,0.004100371063,0.003290580119,0.01288017866,0.01070876354,0.007989142518,0.005537100686,0.03434780072,0.005723414877,0.00913166375,0.01256080743,0.01389695405,0.0130071492,0.0001758360803,0.000160584979,0.0001315967737,9.946495578e-05,0.004075242672,0.0003306915689,0.0007846388033,0.001560193802,0.002320283313,0.002817821342,0.000104695596,9.190648035e-05,7.239478012e-05,5.275630599e-05,0.002912402055,0.0001592254785,0.000319633561,0.0005441773916,0.0006846120758,0.0007128592699,1.560924835e-07,4.047610105e-07,7.943842877e-07,1.155990346e-06,0.004565892197,0.0001488142024,0.0005867675715,0.001554691228,0.002377072898,0.002606798413,2.294185548e-10,1.273288998e-09,4.85767451e-09,1.19868359e-08,0.00208937569,2.331936223e-05,0.0001425405887,0.0005104726988,0.0008719677203,0.0009908084373,1.750416877e-09,1.158776879e-08,5.495021307e-08,1.719260883e-07,0.005691160652,0.0002930255433,0.001250776473,0.003358383624,0.004982670154,0.005383752423,1.304413083e-09,1.045152535e-08,5.998676482e-08,2.238497658e-07,0.00731956799,0.0005086241417,0.001904394272,0.004527499894,0.006059785423,0.006066359479,6.973985407e-10,7.111630613e-09,5.194796957e-08,2.421797031e-07,0.008994728784,0.0007834700338,0.002485939216,0.005067986313,0.005893586656,0.005298451128,3.407715324e-11,5.567954302e-10,6.253612911e-09,4.180894542e-08,0.007380220132,0.0003975945884,0.001133616155,0.001999680264,0.001851612124,0.001324695312,3.610717755e-14,1.541237983e-12,3.867447819e-11,4.7264912e-10,0.004772533852,5.183637802e-05,0.0001467539595,0.000216190738,0.0001228860804,4.82592214e-05,8.689844695e-13,2.771955777e-11,5.198034736e-10,4.854925867e-09,0.00884297078,0.0001326076308,0.0002580379646,0.0002683627363,0.0001106474717,3.14491718e-05,1.233195924e-11,2.946310014e-10,4.13812305e-09,2.959885414e-08,0.01365340166,0.0002274120209,0.0003280468517,0.0002583848413,8.157203761e-05,1.76206936e-05,2.325316354e-13,1.0165812e-11,2.322476364e-10,2.344624579e-09,0.01109156899,4.692391057e-05,4.875237699e-05,2.481335009e-05,3.820814577e-06,3.635313229e-07
2,0.01804788189,0.02027057093,0.0204290946,0.01868984937,0.1061991896,0.03930861639,0.04992719247,0.05556920196,0.05220139622,0.04355181199,0.02906109456,0.03384703085,0.03537305623,0.03346456201,0.1445735249,0.07688477376,0.1138507464,0.1461230103,0.1600516109,0.1537844021,0.0003694377009,0.0004744338276,0.000546705545,0.0005660155194,0.01673137176,0.004392839801,0.00982994398,0.01851126255,0.02764530012,0.03491247275,0.0002294327895,0.0002841325904,0.0003157402974,0.0003161178322,0.01229034239,0.002245912242,0.004310744731,0.007039658468,0.009016611936,0.009887228016,0.007677178573,0.006135965288,0.004400555911,0.00294084255,0.02456623316,0.002760828342,0.003728284393,0.004392632215,0.004112921508,0.003301923586,0.01289264406,0.01071972105,0.007997760099,0.005543356689,0.03436582739,0.005729273684,0.009143151028,0.0125793419,0.01392072002,0.01303219983,0.0001760837517,0.0001608254725,0.0001318055771,9.963095554e-05,0.004078544285,0.0003312354634,0.0007862248112,0.001563893261,0.002326660143,0.002826543141,0.0001048525344,9.205645488e-05,7.252253182e-05,5.285587232e-05,0.002915526191,0.0001596160884,0.0003205973176,0.0005461023297,0.0006874192234,0.0007161515006,1.565879374e-07,4.061439017e-07,7.97291002e-07,1.160479047e-06,0.004573163639,0.0001494889899,0.0005900385383,0.001564861001,0.002395348027,0.002629694866,2.303989558e-10,1.279146176e-09,4.881607138e-09,1.204950854e-08,0.00209343118,2.346256259e-05,0.0001436168875,0.0005149964402,0.0008811049246,0.001002745094,1.757263923e-09,1.163646439e-08,5.519710842e-08,1.727447194e-07,0.005701665579,0.0002946561153,0.001259301919,0.003385182316,0.005029489609,0.005441695699,1.309951521e-09,1.049894058e-08,6.027635223e-08,2.249905188e-07,0.007334148375,0.0005116308537,0.001918036218,0.00456520182,0.006118919292,0.006133936909,7.006542076e-10,7.146898467e-09,5.222070377e-08,2.435162436e-07,0.009014306744,0.0007884448839,0.002504837936,0.005112415622,0.005953794337,0.005359999079,3.428930087e-11,5.604439763e-10,6.296638484e-09,4.210923329e-08,0.007400592052,0.0004008436023,0.001144481274,0.002021473057,0.001874950392,0.001343595772,3.647803264e-14,1.557785687e-12,3.910773002e-11,4.781473397e-10,0.004791466209,5.252060438e-05,0.0001489887746,0.0002198909786,0.0001253185494,4.934358138e-05,8.789724174e-13,2.80510852e-11,5.262628158e-10,4.917346967e-09,0.0088820236,0.0001345282132,0.0002622992878,0.0002733016885,0.0001129878547,3.220083726e-05,1.248597826e-11,2.984482743e-10,4.19366917e-09,3.000892279e-08,0.01371868972,0.0002309433185,0.0003338078132,0.0002634112068,8.338757057e-05,1.806238462e-05,2.363798456e-13,1.033986714e-11,2.363571108e-10,2.387351475e-09,0.01115611457,4.788316366e-05,4.987133913e-05,2.544081669e-05,3.931534924e-06,3.754314537e-07
3,0.01807829833,0.02030790493,0.02046991749,0.01872989696,0.1063314537,0.03942221747,0.05010454515,0.05580079004,0.05245358762,0.04378880748,0.02910606581,0.03390245344,0.03543416042,0.03352514913,0.1446958822,0.07701248395,0.1140831623,0.1464729341,0.1604958532,0.1542651326,0.0003702894575,0.0004755977809,0.0005481276234,0.0005675650726,0.01675373434,0.004404823936,0.009862905723,0.01858408563,0.0277713703,0.03509180151,0.0002299934083,0.0002848877748,0.0003166471871,0.0003170883831,0.01231167674,0.002254802315,0.004331720782,0.007079851762,0.009076296842,0.009960955625,0.007690611351,0.006147706774,0.004409697747,0.002947396869,0.02459818802,0.00276918365,0.003742153383,0.004411803372,0.004133730297,0.003320740801,0.01291326823,0.01073784989,0.008012017374,0.005553706797,0.03439560299,0.005738949936,0.009162128998,0.01260997125,0.01396000694,0.0130736222,0.0001764937858,0.0001612236322,0.0001321512821,9.990580338e-05,0.004084000616,0.000332134744,0.0007888484395,0.001570015861,0.002337219055,0.002840991534,0.0001051124385,9.230484929e-05,7.27341422e-05,5.302081347e-05,0.002920693528,0.000160263134,0.0003221949677,0.0005492955642,0.0006920793995,0.0007216207079,1.57410194e-07,4.084394864e-07,8.02117297e-07,1.167933809e-06,0.004585196401,0.0001506094946,0.0005954775345,0.001581792965,0.002425820832,0.002667928536,2.320283981e-10,1.288884247e-09,4.921411369e-09,1.21537794e-08,0.00210014529,2.370085541e-05,0.0001454112342,0.0005225511953,0.0008963967267,0.00102276315,1.768636615e-09,1.171737102e-08,5.560745025e-08,1.741057002e-07,0.00571905278,0.0002973671702,0.001273500303,0.003429882084,0.005107729884,0.005538699455,1.319153949e-09,1.05777489e-08,6.075783004e-08,2.268877582e-07,0.007358285197,0.0005166322486,0.001940766161,0.004628116947,0.006217785486,0.006247125563,7.060662174e-10,7.205544862e-09,5.267438219e-08,2.457402067e-07,0.009046723861,0.0007967249315,0.002536344945,0.005186600165,0.006054516595,0.005463153361,3.464266722e-11,5.665235861e-10,6.368360612e-09,4.260998585e-08,0.007434351328,0.0004062646144,0.00116264354,0.002057965057,0.001914117832,0.001375384636,3.709897676e-14,1.585508534e-12,3.983399219e-11,4.873690077e-10,0.004822888735,5.366980405e-05,0.0001527522597,0.0002261376601,0.0001294393692,5.118698716e-05,8.957213938e-13,2.860735565e-11,5.371073316e-10,5.022202095e-09,0.008946877347,0.0001377593733,0.0002694875357,0.0002816535701,0.0001169596832,3.348104188e-05,1.274457976e-11,3.048613454e-10,4.287042626e-09,3.06986286e-08,0.01382716189,0.0002368924484,0.0003435390327,0.0002719225364,8.647311476e-05,1.881579227e-05,2.42875204e-13,1.063386739e-11,2.433035819e-10,2.459623865e-09,0.01126349831,4.950959783e-05,5.177476263e-05,2.651141501e-05,4.121352975e-06,3.959320338e-07
4,0.01812060398,0.0203598355,0.02052670582,0.01878561185,0.106515139,0.03958022452,0.05035141832,0.05612339422,0.05280516948,0.04411944423,0.02916857952,0.03397949222,0.03551909459,0.03360936359,0.1448655573,0.07718955666,0.1144055575,0.1469585339,0.161112621,0.1549328372,0.000371474622,0.0004772174032,0.0005501065227,0.0005697214867,0.01678476987,0.004421468253,0.009908719086,0.01868537194,0.02794684603,0.03534157805,0.0002307738197,0.0002859391708,0.000317909983,0.0003184400288,0.01234131929,0.002267181128,0.004360959996,0.007135934661,0.009159666894,0.01006404329,0.00770929636,0.006164040415,0.004422416193,0.002956516379,0.02464256985,0.002780807165,0.003761463195,0.004438515853,0.004162748547,0.003347001692,0.01294193896,0.01076305073,0.008031835868,0.005568093923,0.03443689276,0.005752365686,0.009188453328,0.01265247536,0.0140145502,0.01313115452,0.0001770643312,0.000161777673,0.0001326323555,0.0001002882956,0.004091572852,0.0003333836253,0.0007924947144,0.001578530796,0.002351914608,0.002861114031,0.0001054742576,9.265069351e-05,7.302881762e-05,5.32505365e-05,0.002927873618,0.0001611642279,0.0003244223586,0.0005537520337,0.0006985903206,0.0007292697295,1.585584928e-07,4.116464275e-07,8.088620979e-07,1.178355544e-06,0.004601927988,0.0001521755751,0.000603094893,0.00160555125,0.002468675127,0.002721812242,2.343088737e-10,1.302520059e-09,4.97717696e-09,1.229993549e-08,0.002109487677,2.403495674e-05,0.0001479339697,0.0005331999409,0.0009180192956,0.001051155293,1.784538164e-09,1.183054841e-08,5.618173463e-08,1.76011282e-07,0.005743237296,0.0003011634424,0.001293431463,0.003492773875,0.005218118854,0.005675928048,1.332027813e-09,1.06880513e-08,6.14320484e-08,2.295456985e-07,0.007391866557,0.0005236404848,0.001972695465,0.004716697959,0.006357374535,0.006407368681,7.136426898e-10,7.287686452e-09,5.331013314e-08,2.488581608e-07,0.009091840302,0.0008083374652,0.002580641887,0.005291138072,0.006196853723,0.005609326785,3.51388304e-11,5.750649224e-10,6.469182924e-09,4.331429373e-08,0.00748139272,0.0004138954755,0.0011882802,0.00210960692,0.00196973039,0.001420666882,3.797762031e-14,1.624770492e-12,4.086343729e-11,5.004508028e-10,0.004866775266,5.530340852e-05,0.0001581232462,0.0002350852006,0.0001353725966,5.385490737e-05,9.194752528e-13,2.939696062e-11,5.525141611e-10,5.171290487e-09,0.00903753217,0.0001423639949,0.0002797717507,0.0002936464388,0.0001226934165,3.533897643e-05,1.311201922e-11,3.139814809e-10,4.41994726e-09,3.168113069e-08,0.01397889275,0.00024538759,0.0003574897726,0.0002841692112,9.093692466e-05,1.991165556e-05,2.521768002e-13,1.105534274e-11,2.532727659e-10,2.563449148e-09,0.01141400886,5.185430689e-05,5.453211448e-05,2.806930869e-05,4.399535213e-06,4.261930519e-07
5,0.01817466913,0.0204262067,0.02059929366,0.01885683615,0.1067494118,0.03978215217,0.05066724206,0.05653649898,0.05325584975,0.04454368146,0.02924840904,0.03407786474,0.03562754517,0.03371689341,0.1450815359,0.07741490582,0.114816094,0.1475772368,0.161898914,0.1557845347,0.0003729900172,0.0004792884047,0.0005526370961,0.0005724792736,0.01682431689,0.004442697749,0.009967210381,0.01881480487,0.02817130489,0.03566136652,0.0002317722698,0.0002872845496,0.0003195261919,0.0003201702996,0.01237914887,0.00228302387,0.004398434429,0.007207908344,0.009266811883,0.01019670247,0.007733177879,0.006184918675,0.004438675384,0.002968176241,0.02469918079,0.002795665285,0.003786173452,0.004472733688,0.004199960525,0.003380711491,0.01297855372,0.01079523243,0.008057143407,0.005586465499,0.03448944936,0.005769438083,0.009221973027,0.01270662781,0.01408408333,0.01320453909,0.0001777938674,0.0001624861352,0.0001332475519,0.0001007774628,0.00410122137,0.0003349763859,0.0007971495244,0.001589410745,0.002370710161,0.002886873717,0.000105937197,9.309327413e-05,7.340599498e-05,5.35446376e-05,0.002937037556,0.0001623176884,0.0003272777266,0.0005594726696,0.0007069603936,0.0007391160784,1.600338486e-07,4.157686418e-07,8.17536036e-07,1.191764223e-06,0.004623302455,0.0001541897994,0.0006129183811,0.00163626697,0.002524243145,0.002791879326,2.37247256e-10,1.320101555e-09,5.049128986e-09,1.248863877e-08,0.002121433304,2.446645075e-05,0.0001512039756,0.0005470497205,0.0009462589506,0.001088386006,1.805001602e-09,1.197628265e-08,5.692168047e-08,1.784680078e-07,0.005774145511,0.0003060581783,0.001319213783,0.003574374947,0.005361872559,0.005855264654,1.348606553e-09,1.083018585e-08,6.230139678e-08,2.329749593e-07,0.007434798484,0.0005326847742,0.002014035538,0.00483173405,0.006539324205,0.006616985617,7.23408487e-10,7.393632536e-09,5.413066412e-08,2.528848268e-07,0.009149544107,0.0008233408569,0.002638060241,0.005427051279,0.006382604864,0.005800774041,3.57808816e-11,5.861261041e-10,6.599850062e-09,4.422774053e-08,0.007541654937,0.0004238025747,0.001221685457,0.002177125463,0.002042759809,0.001480385036,3.912628836e-14,1.676156728e-12,4.221231743e-11,5.176099819e-10,0.004923167519,5.745191319e-05,0.0001652239601,0.0002469715732,0.0001433087169,5.744785105e-05,9.506222175e-13,3.043350963e-11,5.727626825e-10,5.367439798e-09,0.009154149018,0.00014843993,0.0002934128436,0.0003096309381,0.0001303892881,3.7850224e-05,1.359500459e-11,3.259834134e-10,4.595050035e-09,3.297697184e-08,0.01417425453,0.0002566272382,0.0003760438082,0.0003005357737,9.694518242e-05,2.139725547e-05,2.64530373e-13,1.161590934e-11,2.665508572e-10,2.701918373e-09,0.01160831387,5.499572107e-05,5.825006654e-05,3.018244346e-05,4.780409609e-06,4.68020181e-07
6,0.01824038301,0.0205068866,0.02068754252,0.0189434401,0.1070334509,0.04002758219,0.05105159927,0.0570398477,0.05380568952,0.04506187293,0.02934534657,0.03419731087,0.03575922249,0.03384744995,0.1453427545,0.07768738188,0.1153128505,0.1483263897,0.1628516934,0.1568172657,0.000374833109,0.0004818073854,0.0005557153052,0.0005758341803,0.01687221071,0.004468438041,0.01003821556,0.01897210572,0.02844442169,0.03605091149,0.0002329875184,0.0002889224083,0.0003214942385,0.0003222777586,0.01242504963,0.002302314309,0.004444144391,0.007295842788,0.009397947848,0.01035932865,0.007762208944,0.006210301962,0.004458445921,0.002982356471,0.02476782688,0.002813729881,0.003816256819,0.004514444122,0.004245381885,0.003421909071,0.01302301898,0.01083431147,0.008087873645,0.00560877312,0.03455301319,0.005790079307,0.009262530014,0.01277219479,0.01416833599,0.0132935197,0.0001786811857,0.0001633478654,0.0001339958966,0.0001013725552,0.004112905686,0.0003369073255,0.0008027994471,0.001602631385,0.002393576858,0.002918247697,0.0001065007047,9.363212159e-05,7.386533035e-05,5.390289276e-05,0.002948157819,0.0001637224913,0.0003307615586,0.0005664641009,0.0007172082767,0.0007511914446,1.618389986e-07,4.208151497e-07,8.281611309e-07,1.208198393e-06,0.004649269831,0.0001566573224,0.0006249926712,0.001674137047,0.002593005033,0.002878885807,2.408552202e-10,1.341707341e-09,5.137626249e-09,1.272092264e-08,0.002135962034,2.499776985e-05,0.0001552486309,0.0005642521164,0.0009815154123,0.001135099681,1.830089067e-09,1.215508122e-08,5.783020528e-08,1.814866363e-07,0.005811714165,0.0003120728537,0.001351023247,0.003675428551,0.005540702884,0.006079333998,1.368949045e-09,1.100472307e-08,6.336977764e-08,2.371924699e-07,0.007487003441,0.0005438109002,0.002065096661,0.004974351895,0.006765932435,0.006879203333,7.354049046e-10,7.523881955e-09,5.514024032e-08,2.578429862e-07,0.009219748983,0.0008418238681,0.002709080413,0.005595789015,0.006614285726,0.006040626534,3.657342357e-11,5.997927602e-10,6.761449382e-09,4.535842232e-08,0.00761511786,0.000436080912,0.001263272723,0.002261533135,0.002134552629,0.001555843335,4.056222236e-14,1.740484076e-12,4.39032797e-11,5.391489024e-10,0.004992172057,6.015754082e-05,0.0001742235766,0.0002621268135,0.0001535132426,6.210684475e-05,9.897027879e-13,3.173592817e-11,5.982410537e-10,5.61457629e-09,0.00929704334,0.0001561225835,0.0003107723694,0.0003300944196,0.0001403272949,4.112125803e-05,1.420285471e-11,3.411097362e-10,4.816052185e-09,3.461465556e-08,0.01441390674,0.0002708861874,0.0003997337514,0.0003215578272,0.0001047309305,2.333942241e-05,2.802775669e-13,1.233172887e-11,2.835363847e-10,2.879339674e-09,0.01184745187,5.904332558e-05,6.307848926e-05,3.294692196e-05,5.284475253e-06,5.240289046e-07
7,0.01831765264,0.02060176587,0.02079133964,0.01904532032,0.1073664454,0.04031615714,0.05150421372,0.05763342532,0.05445508261,0.04567474726,0.02945920176,0.03433759107,0.03591385884,0.03400076587,0.1456481003,0.07800576994,0.1158938151,0.1492032439,0.1639678554,0.158028058,0.0003770019694,0.0004847717817,0.000559338151,0.0005797831108,0.01692828304,0.00449861469,0.01012157771,0.01915702704,0.02876595519,0.03651011721,0.0002344188134,0.0002908519332,0.0003238134204,0.0003247619511,0.01247891028,0.00232504412,0.004498116667,0.007399873213,0.00955341193,0.01055249553,0.00779635085,0.006240158167,0.0044817045,0.00299904166,0.02484831744,0.002834977819,0.003851698043,0.004563656144,0.004299057984,0.003470665398,0.01307524952,0.01088021135,0.008123965589,0.005634972193,0.03462731261,0.005814196416,0.009309958512,0.01284893364,0.01426703163,0.01339783861,0.0001797253713,0.0001643619981,0.0001348766691,0.0001020730295,0.004126584389,0.0003391707151,0.0008094315512,0.001618170825,0.002420492518,0.002955225417,0.0001071644598,9.426699831e-05,7.440668826e-05,5.432524908e-05,0.002961208108,0.00016537822,0.000334876457,0.0005747383738,0.0007293624877,0.0007655412859,1.639783632e-07,4.267999668e-07,8.407705671e-07,1.227714844e-06,0.004679785516,0.0001595857728,0.0006393789236,0.001719423646,0.002675590279,0.002983816179,2.451492171e-10,1.367446597e-09,5.243161287e-09,1.299819302e-08,0.002153058217,2.563218201e-05,0.0001601038757,0.0005850044593,0.001024307491,0.001192133477,1.859891361e-09,1.236767011e-08,5.891141288e-08,1.850821103e-07,0.005855889316,0.0003192369404,0.001389093059,0.003796906656,0.005756834028,0.006351541406,1.393139284e-09,1.121246366e-08,6.464259587e-08,2.422214429e-07,0.007548418767,0.0005570808516,0.002126287907,0.00514602151,0.007040182746,0.007198208958,7.496895323e-10,7.679122046e-09,5.634468085e-08,2.637634852e-07,0.009302392018,0.0008639052121,0.002794332652,0.005799238062,0.006895160844,0.006332948882,3.7522591e-11,6.161785006e-10,6.955418096e-09,4.671700875e-08,0.007701799765,0.000450854583,0.001313579093,0.002364144001,0.002246859755,0.001648744041,4.230790999e-14,1.818817831e-12,4.596586444e-11,5.654620808e-10,0.005073957492,6.347525829e-05,0.0001853435016,0.0002809855071,0.0001663392595,6.802143628e-05,1.037422126e-12,3.332891899e-11,6.294562447e-10,5.917831669e-09,0.009466679566,0.000165588787,0.0003323254466,0.0003556815867,0.0001528817741,4.529603184e-05,1.494774207e-11,3.596775823e-10,5.087796624e-09,3.663151273e-08,0.01469878767,0.0002885244014,0.0004292620373,0.0003479467027,0.0001146071212,2.582895362e-05,2.998695696e-13,1.322418402e-11,3.047576193e-10,3.101434014e-09,0.01213282751,6.414308594e-05,6.921921692e-05,3.649343316e-05,5.940051023e-06,5.978916741e-07
8,0.01840640181,0.02071075642,0.02091059648,0.01916239826,0.1077475915,0.04064757378,0.05202493787,0.05831744076,0.05520473559,0.04638338912,0.02958980035,0.0344984846,0.03609120642,0.03417659303,0.1459964126,0.07836878704,0.1165568766,0.1502049361,0.1652442012,0.1594138882,0.0003794952403,0.0004881798145,0.0005635036072,0.0005843240496,0.01699236166,0.004533152439,0.01021714434,0.01936934547,0.02913573383,0.03703902538,0.0002360658671,0.0002930729668,0.0003264838644,0.0003276233573,0.0125406235,0.0023512122,0.00456040274,0.007520196648,0.009733657642,0.01077695015,0.007835572671,0.006274462226,0.00450843355,0.003018220702,0.02494046435,0.002859390446,0.003892492972,0.004620399019,0.004361062232,0.003527082076,0.01313516785,0.01093286198,0.008165363104,0.005665021556,0.03471206401,0.005841691134,0.009364084302,0.01293659124,0.01437988471,0.01351723307,0.0001809257859,0.0001655279376,0.0001358893865,0.0001028785345,0.004142215047,0.0003417607396,0.0008170331768,0.001636008997,0.002451440414,0.00299780684,0.0001079283615,9.499788741e-05,7.503013169e-05,5.481181664e-05,0.002976163177,0.0001672850158,0.0003396270042,0.0005843126851,0.0007434610513,0.0007822244923,1.664580194e-07,4.337420325e-07,8.554085578e-07,1.25038842e-06,0.004714809645,0.0001629851453,0.0006561544596,0.001772454169,0.002772780864,0.00310789259,2.501504957e-10,1.397459316e-09,5.366361893e-09,1.332223382e-08,0.002172710269,2.637378391e-05,0.0001658143709,0.0006095517277,0.001075281167,0.001260535029,1.894527739e-09,1.261499294e-08,6.017059216e-08,1.892735647e-07,0.005906625247,0.0003275877093,0.001433713749,0.00394001539,0.006013027313,0.006676127898,1.421286285e-09,1.145443837e-08,6.612676315e-08,2.480914131e-07,0.007618995038,0.0005725725485,0.002198117983,0.005348566577,0.007365781564,0.007579223226,7.663362698e-10,7.86022948e-09,5.775137125e-08,2.70685328e-07,0.009397431305,0.0008897333259,0.002894599577,0.006039739284,0.00722928995,0.006682817166,3.86360917e-11,6.354257869e-10,7.183555659e-09,4.831684454e-08,0.007801754523,0.0004682776443,0.001373271977,0.002486596197,0.002381876929,0.00176123672,4.43915473e-14,1.91249513e-12,4.843719556e-11,5.970459324e-10,0.005168751882,6.747416225e-05,0.000198864529,0.0003041037346,0.0001822445804,7.544075397e-05,1.094667169e-12,3.524359716e-11,6.670478084e-10,6.283689443e-09,0.009663666197,0.0001770620532,0.0003586782711,0.000387222593,0.0001685414342,5.056514271e-05,1.584502592e-11,3.820877691e-10,5.416414787e-09,3.907488504e-08,0.01503010711,0.0003099990314,0.0004655294273,0.0003806231407,0.0001269846319,2.898679047e-05,3.238857576e-13,1.432080276e-11,3.308964258e-10,3.37560372e-09,0.01246620965,7.048488285e-05,7.693818522e-05,4.099625305e-05,6.785626845e-06,6.946974108e-07
9,0.01850657003,0.02083379008,0.02104524717,0.01929461855,0.1081760903,0.0410215762,0.0526137403,0.05909230927,0.05605564788,0.04718922093,0.02973698276,0.03467978772,0.03629103526,0.03437470033,0.1463864823,0.07877507878,0.1172998141,0.1513284682,0.1666774031,0.1609716379,0.0003823120984,0.000492030438,0.0005682105536,0.0005894559848,0.01706426998,0.004571974372,0.01032476435,0.01960885382,0.0295536402,0.03763779122,0.0002379288335,0.0002955859748,0.0003295064872,0.0003308633463,0.01261008518,0.002380823961,0.00463107699,0.007657068549,0.00993925042,0.01103360858,0.007879850797,0.006313195695,0.00453862088,0.003039886531,0.02504408134,0.002886953075,0.00393864756,0.004684720817,0.004431494485,0.003591289951,0.01320270347,0.01099219914,0.008212014421,0.005698883107,0.03480697191,0.005872459583,0.009424723844,0.01303490203,0.01450659757,0.01365143145,0.0001822820502,0.0001668453408,0.000137033787,0.0001037888978,0.004159754103,0.0003446714348,0.0008255916947,0.001656126988,0.002486407968,0.003046000494,0.0001087925183,9.582498228e-05,7.573591265e-05,5.536286086e-05,0.002992998654,0.0001694435261,0.0003450196279,0.0005952091208,0.0007595511727,0.000801313108,1.692856847e-07,4.416651731e-07,8.721302865e-07,1.276311974e-06,0.004754306421,0.0001668676956,0.0006754124997,0.00183362167,0.002885515955,0.003252587211,2.55885172e-10,1.431916858e-09,5.507994048e-09,1.369521658e-08,0.002194910232,2.722749878e-05,0.0001724337426,0.0006381890974,0.001135220051,0.001341585187,1.934145935e-09,1.289821176e-08,6.16142259e-08,1.940843726e-07,0.005963883327,0.0003371700575,0.001485233668,0.004106202915,0.006312613913,0.007058241289,1.453524196e-09,1.173190986e-08,6.783071571e-08,2.548383357e-07,0.007698694368,0.0005903796345,0.002281196871,0.00558417881,0.007747207053,0.008028595034,7.854354853e-10,8.06827285e-09,5.936929135e-08,2.786558533e-07,0.009504843471,0.000919486305,0.003010820114,0.00632010996,0.007621588165,0.007096419452,3.992326796e-11,6.577071911e-10,7.448041284e-09,5.017409059e-08,0.007915068752,0.0004885353231,0.001443157783,0.002630880879,0.002542296693,0.001895981703,4.684764184e-14,2.02315541e-12,5.13628782e-11,6.345114288e-10,0.005276840245,7.223925914e-05,0.0002151360887,0.0003321811527,0.0002018144282,8.468836968e-05,1.162528869e-12,3.751831511e-11,7.118057704e-10,6.720175101e-09,0.009888751324,0.0001908193454,0.000390590873,0.0004257699082,0.0001879360601,5.717825808e-05,1.691368502e-11,4.088366835e-10,5.809517605e-09,4.200366556e-08,0.01540934027,0.0003358799619,0.0005096722406,0.0004207617467,0.0001423964446,3.297245649e-05,3.530582459e-13,1.565647851e-11,3.628198286e-10,3.711288762e-09,0.01284973182,7.831238215e-05,8.658179226e-05,4.668555627e-05,7.873156203e-06,8.214670859e-07
10,0.01861811154,0.02097081726,0.02119524697,0.01944194754,0.1086511444,0.04143794875,0.05327069284,0.05995863428,0.05700909176,0.04809398477,0.02990060268,0.03488131189,0.0365131311,0.03459487154,0.1468170523,0.07922321535,0.1181202852,0.1525706831,0.1682639675,0.1626980471,0.0003854522205,0.0004963232891,0.000573458711,0.0005951788329,0.01714382656,0.004615001,0.01044428478,0.01987535265,0.03001959451,0.03830665774,0.0002400082872,0.0002983920166,0.0003328829558,0.0003344841339,0.01268719366,0.002413890602,0.004710234871,0.007810799406,0.01017086334,0.01132355211,0.007929168481,0.00635634633,0.004572259339,0.003064035861,0.02515898318,0.002917654441,0.003990176842,0.004756686918,0.004510479427,0.003663447754,0.01327779228,0.01105816377,0.008263871625,0.005736521411,0.03491172888,0.005906391972,0.009491683298,0.01314358594,0.01464685711,0.01380014911,0.0001837940278,0.0001683140996,0.0001383098144,0.0001048041119,0.004179156762,0.000347896618,0.0008350942466,0.001678506324,0.00252538534,0.003099821363,0.0001097572383,9.674867651e-05,7.652446325e-05,5.59787952e-05,0.003011690857,0.000171854851,0.0003510624637,0.0006074543971,0.0007776889294,0.0008228920948,1.72470712e-07,4.505980955e-07,8.910019209e-07,1.30559643e-06,0.004798243436,0.000171247834,0.0006972619404,0.001903385631,0.003014897945,0.003419637581,2.623843429e-10,1.4710228e-09,5.66896624e-09,1.411971411e-08,0.002219653318,2.819907764e-05,0.0001800248988,0.0006712651014,0.001205058245,0.001436826079,1.978922384e-09,1.321870958e-08,6.325000902e-08,1.99542226e-07,0.00602763082,0.0003480363472,0.001544059784,0.004297169427,0.006659535145,0.007504023447,1.490012603e-09,1.204637635e-08,6.976444491e-08,2.625047402e-07,0.007787488635,0.0006106113086,0.002376238093,0.005855435945,0.008189769094,0.008553917543,8.070943088e-10,8.304516889e-09,6.120905728e-08,2.877309889e-07,0.009624621103,0.0009533719507,0.003144094625,0.006643671491,0.008077899861,0.007581179415,4.139517765e-11,6.832270378e-10,7.751456549e-09,5.230790474e-08,0.008041858908,0.000511845541,0.001524192628,0.002799377842,0.002731372668,0.002056229328,4.971776888e-14,2.152778603e-12,5.479812549e-11,6.785999998e-10,0.005398562123,7.787367423e-05,0.0002345878669,0.0003660891107,0.000225790888,9.618198206e-05,1.242330126e-12,4.019970008e-11,7.646931612e-10,7.237096045e-09,0.01014281841,0.0002071995453,0.0004290059694,0.0004726456987,0.000211871535,6.54607474e-05,1.817686279e-11,4.405312823e-10,6.276437019e-09,4.549025085e-08,0.01583822232,0.0003668693883,0.0005631099098,0.0004698485659,0.0001615296169,3.799544884e-05,3.883035519e-13,1.727504915e-11,4.016210071e-10,4.120431013e-09,0.01328589471,8.793591129e-05,9.859864411e-05,5.386406461e-05,9.272630089e-06,9.878894905e-07
11,0.01874099434,0.02112180572,0.02136057087,0.01960437168,0.1091719546,0.04189650862,0.05399595734,0.06091718894,0.05806659192,0.04909972412,0.03008052564,0.03510288195,0.0367572933,0.03483690301,0.1472868169,0.07971168712,0.1190158139,0.1539282404,0.1700001954,0.1645896636,0.0003889157497,0.0005010586381,0.000579248575,0.0006014933626,0.01723084459,0.004662149286,0.01057554739,0.02016864127,0.03053353671,0.03904592825,0.0002423052028,0.0003014927157,0.0003366156517,0.000338488741,0.01277184899,0.002450428348,0.004797991013,0.007981751289,0.01042927281,0.01164802372,0.0079835154,0.006403907678,0.004609346479,0.003090668931,0.02528498492,0.002951486147,0.004047103881,0.004836378484,0.00459816494,0.003743740739,0.01336037585,0.01113070142,0.00832089014,0.005777903309,0.0350260155,0.005943372247,0.009564757466,0.01326234615,0.01480033109,0.01396308382,0.000185461808,0.0001699343233,0.0001397176014,0.0001059243211,0.004200376859,0.0003514298154,0.0008455274685,0.001703128204,0.002568363912,0.003159288621,0.00011082302,9.776955437e-05,7.739638709e-05,5.666017426e-05,0.003032216597,0.0001745204892,0.0003577652137,0.000621079597,0.0007979389662,0.0008470591216,1.760240935e-07,4.605744096e-07,9.121006909e-07,1.338370965e-06,0.004846590948,0.0001761420151,0.0007218271436,0.001982272957,0.00316219963,0.003611064726,2.69684243e-10,1.515014078e-09,5.850335103e-09,1.459871806e-08,0.002246937449,2.929510246e-05,0.000188660408,0.0007091853606,0.001285895629,0.00154809485,2.029062633e-09,1.357809437e-08,6.508687538e-08,2.056792486e-07,0.006097839653,0.0003602462405,0.001610658683,0.004514878939,0.007058389925,0.008020713924,1.530937003e-09,1.239957705e-08,7.193953945e-08,2.711399367e-07,0.007885357636,0.0006333921661,0.002484061448,0.006165322912,0.008699680076,0.009164166468,8.31437047e-10,8.570428202e-09,6.328297688e-08,2.979755802e-07,0.009756770079,0.0009916278763,0.003295690978,0.007014281971,0.008605086074,0.008145904126,4.306469484e-11,7.122234281e-10,8.09681311e-09,5.474066249e-08,0.008182268264,0.0005384607146,0.001617495001,0.00299489797,0.002952997204,0.002245917001,5.305149665e-14,2.303731939e-12,5.88091421e-11,7.30203101e-10,0.005534309123,8.450133275e-05,0.000257744157,0.0004069059373,0.0002551107298,0.0001104592724,1.335660144e-12,4.3343933e-11,8.268738611e-10,7.846338828e-09,0.01042688214,0.000226613841,0.0004750849883,0.0005295019555,0.0002413753388,7.583579096e-05,1.966254128e-11,4.779076865e-10,6.828526217e-09,4.96229745e-08,0.01631874329,0.0004038260521,0.000627604899,0.0005297548085,0.0001852672057,4.433052681e-05,4.307629533e-13,1.923131792e-11,4.486719813e-10,4.618073201e-09,0.01377756995,9.974908795e-05,0.0001135682352,6.292943126e-05,1.107841179e-05,1.20737049e-06
12,0.01887519919,0.02128673927,0.02154121204,0.01978189607,0.1097377174,0.04239709825,0.05478977185,0.06196889685,0.05922990443,0.05020876512,0.03027662765,0.03534433422,0.0370233326,0.03510060142,0.1477944219,0.08023889994,0.1199837771,0.1553975899,0.1718821406,0.16664279,0.000392703262,0.0005062373387,0.0005855813514,0.0006084011186,0.01732513131,0.004713331615,0.01071838499,0.02048850818,0.03109540763,0.03985593666,0.0002448209351,0.0003048902313,0.0003407076341,0.0003428809538,0.0128639521,0.002490457667,0.004894477256,0.008170334242,0.01071535422,0.0120084245,0.008042887226,0.006455878683,0.004649884223,0.003119789262,0.025421901,0.002988442087,0.004109458679,0.004923890878,0.004694720418,0.0038323793,0.0134504008,0.01120976164,0.008383028212,0.005822997513,0.03514950024,0.005983277723,0.009643728661,0.01339086663,0.01496666437,0.01413991108,0.0001872856904,0.0001717063225,0.0001412574543,0.0001071498075,0.00422336673,0.000355264184,0.0008568771971,0.001729972683,0.002615334677,0.003224423207,0.0001119905428,9.888838166e-05,7.83524511e-05,5.740768705e-05,0.003054552986,0.0001774422797,0.0003651389995,0.0006361198976,0.0008203741864,0.0008739243604,1.799584728e-07,4.716326761e-07,9.355150264e-07,1.374783285e-06,0.00489932115,0.0001815686178,0.000749247709,0.002070879097,0.0033288723,0.003829193807,2.778264424e-10,1.564162399e-09,6.053312352e-09,1.513566028e-08,0.002276762765,3.052298981e-05,0.0001984229244,0.0007524168383,0.0013790156,0.001677563487,2.084801938e-09,1.397820446e-08,6.713503278e-08,2.125321391e-07,0.006174485122,0.0003738665163,0.001685557655,0.004761572483,0.007514488941,0.008616770177,1.576509443e-09,1.279349903e-08,7.436923861e-08,2.808002711e-07,0.007992287161,0.0006588620181,0.00260559603,0.006517255668,0.009284136054,0.009869861201,8.586057138e-10,8.867682425e-09,6.56051177e-08,3.094637889e-07,0.009901306769,0.001034521615,0.003467051319,0.007436373087,0.009211125269,0.008800957178,4.494662998e-11,7.449706478e-10,8.487585596e-09,5.749821859e-08,0.008336463769,0.000568669795,0.001724360319,0.003220732735,0.003211793557,0.002469786434,5.690750076e-14,2.478826481e-12,6.347479963e-11,7.903859725e-10,0.005684522371,9.227016342e-05,0.0002852413644,0.0004559608026,0.0002909536491,0.0001282117072,1.444416091e-12,4.701830462e-11,8.997465914e-10,8.562233142e-09,0.01074208413,0.0002495583053,0.0005302525841,0.0005983961757,0.0002777553174,8.885365937e-05,2.140436435e-11,5.218539681e-10,7.479528865e-09,5.45091097e-08,0.01685314284,0.0004477948988,0.0007053375077,0.0006028305801,0.0002147429695,5.23381695e-05,4.818535663e-13,2.159362285e-11,5.056909097e-10,5.223127283e-09,0.01432800496,0.0001142501583,0.0001322386091,7.440425209e-05,1.341800427e-05,1.498531139e-06
13,0.01902071868,0.02146561658,0.02173718045,0.01997454294,0.1103476208,0.04293957743,0.0556524364,0.06311481216,0.06050099474,0.051423697,0.0304887937,0.03560551468,0.03731106897,0.03538578146,0.1483384638,0.08080317026,0.1210213908,0.1569749443,0.1739055661,0.168853428,0.0003968157329,0.0005118607784,0.0005924588898,0.0006159043448,0.01742648748,0.004768454726,0.01087261762,0.02083472094,0.03170512869,0.04073701578,0.0002475572008,0.0003085872317,0.0003451626059,0.0003476652846,0.01296340398,0.002534002444,0.00499984058,0.008377002486,0.01103007723,0.01240630991,0.008107285196,0.006512263285,0.00469387854,0.003151403398,0.02556954447,0.003028517846,0.004177277052,0.005019332022,0.004800335018,0.003929597528,0.01354781811,0.01129529727,0.008450246372,0.005871774196,0.03528183935,0.006025978697,0.009728365547,0.01352880975,0.01514547487,0.01433027915,0.0001892661679,0.0001736305909,0.0001429298359,0.0001084809774,0.004248077064,0.0003593924311,0.0008691281633,0.001759017818,0.002666286524,0.003295245219,0.0001132606586,0.0001001060968,7.939357743e-05,5.822215046e-05,0.003078677229,0.0001806223431,0.000373196208,0.0006526142818,0.0008450754222,0.0009036102734,1.842881652e-07,4.838164777e-07,9.61344747e-07,1.414999992e-06,0.004956407404,0.0001875478137,0.0007796781969,0.002169869161,0.003516554466,0.004076676993,2.868580857e-10,1.618775942e-09,6.279273001e-09,1.573443799e-08,0.002309131134,3.189099331e-05,0.0002094056449,0.0008014925628,0.001485905292,0.001827785168,2.14640601e-09,1.442111523e-08,6.940600523e-08,2.201423413e-07,0.006257544562,0.0003889708515,0.001769345755,0.005039782295,0.008033914948,0.009302004458,1.626969313e-09,1.323038574e-08,7.706849565e-08,2.915494255e-07,0.008108267,0.0006871756558,0.002741883325,0.006915107089,0.009951407687,0.01068324932,8.887606672e-10,9.198172695e-09,6.819138674e-08,3.222795568e-07,0.01005825513,0.001082350662,0.003659799221,0.007914990651,0.009905227126,0.00955845829,4.705786969e-11,7.817819652e-10,8.927749798e-09,6.061021073e-08,0.00850463276,0.0006028004982,0.001846277292,0.003480710931,0.003513223942,0.002733523836,6.135489169e-14,2.681384664e-12,6.888864553e-11,8.604162212e-10,0.005849689786,0.0001013558807,0.0003178491702,0.000514887858,0.000334803496,0.0001503285963,1.570853191e-12,5.130309252e-11,9.8498607e-10,9.401994067e-09,0.01108968833,0.0002766289728,0.0005962512278,0.000681886059,0.0003226752989,0.0001052304037,2.344263475e-11,5.734378606e-10,8.246029861e-09,6.027854819e-08,0.01744390471,0.0005000430514,0.0007989986443,0.0006920234378,0.0002514125226,6.249190697e-05,5.433327192e-13,2.444709114e-11,5.748277492e-10,5.959356981e-09,0.01494082798,0.00013206926,0.0001555756764,8.897624339e-05,1.646418822e-05,1.887350815e-06
14,0.0191775563,0.02165844989,0.02194850139,0.02018235013,0.1110008415,0.04352381515,0.05658429813,0.0643560986,0.06188201454,0.05274735124,0.03071691639,0.03588627705,0.03762032935,0.03569226344,0.1489174893,0.08140272009,0.1221256959,0.1586562509,0.1760658993,0.1712172209,0.000401254504,0.0005179308288,0.0005998836178,0.0006240059063,0.01753470675,0.004827418604,0.01103804855,0.0212070156,0.03236258058,0.04168946341,0.0002505160591,0.0003125868668,0.0003499848791,0.0003528469329,0.01307010488,0.002581089118,0.005114240908,0.008602250333,0.01137450063,0.01284338548,0.008176715702,0.006573070032,0.004741339116,0.003185520668,0.02572772605,0.003071710087,0.004250599447,0.005122820675,0.004915215808,0.004035651669,0.01365258243,0.0113872639,0.008522506902,0.005924204578,0.0354226767,0.006071338059,0.009818421953,0.01367581367,0.0153363495,0.01453380388,0.0001914039113,0.0001757077888,0.0001447353502,0.000109918347,0.004274456763,0.0003638067313,0.0008822636722,0.001790238764,0.002721204421,0.00337177113,0.0001146343833,0.0001014238022,8.052083564e-05,5.91045028e-05,0.00310456642,0.0001840630179,0.0003819503272,0.0006706052288,0.0008721310758,0.0009362513692,1.890291853e-07,4.971745105e-07,9.89701299e-07,1.459207027e-06,0.005017823456,0.0001941014177,0.0008132877685,0.002279978874,0.003727080926,0.004356518206,2.968321717e-10,1.679201317e-09,6.529764841e-09,1.639944269e-08,0.002344045625,3.340820311e-05,0.0002217127802,0.000857016744,0.001608278237,0.002001747556,2.214171916e-09,1.490914702e-08,7.191268213e-08,2.285562413e-07,0.006346995961,0.0004056395501,0.00186267469,0.005352346465,0.008623588387,0.01008773723,1.682584266e-09,1.371274664e-08,8.005405055e-08,3.034587617e-07,0.008233288858,0.0007185025207,0.002894080144,0.007363234189,0.01071094009,0.01161851475,9.220813436e-10,9.564019353e-09,7.105962114e-08,3.365171328e-07,0.01022764366,0.001135442385,0.003875746874,0.00845583794,0.01069795874,0.01043251035,4.941753653e-11,8.230128249e-10,9.42182627e-09,6.411040645e-08,0.008686979474,0.0006412216716,0.001984945956,0.00377926275,0.003863714781,0.003043926109,6.6474784e-14,2.915320439e-12,7.516129556e-11,9.417979847e-10,0.006030343107,0.0001119664058,0.0003564959273,0.0005856926795,0.0003885256969,0.0001779543851,1.717644505e-12,5.629381102e-11,1.084592544e-09,1.038625643e-08,0.01147107582,0.0003085397653,0.0006752077365,0.0007831474383,0.0003782520952,0.0001258988999,2.582551497e-11,6.339402702e-10,9.148002791e-09,6.708828646e-08,0.01809375009,0.0005621031415,0.0009119042721,0.0008010277495,0.0002971456613,7.54147966e-05,6.173788605e-13,2.789775081e-11,6.587730549e-10,6.856631821e-09,0.01562005294,0.0001540031351,0.0001848276636,0.0001075519799,2.045183699e-05,2.410239437e-06
15,0.0193457255,0.02186526384,0.02217521405,0.02040536961,0.1116965412,0.04414968122,0.05758573585,0.06569400755,0.06337527708,0.05418277927,0.03096089445,0.03618648087,0.03795094539,0.03601987092,0.1495299948,0.08203567215,0.1232935446,0.160437164,0.1783581866,0.1737293952,0.0004060212499,0.0005244497956,0.000607858473,0.0006327092094,0.01764957504,0.004890115349,0.01121446018,0.02160508565,0.03306758065,0.04271350606,0.0002536998942,0.0003168927421,0.0003551793404,0.0003584317474,0.01318395342,0.002631745777,0.005237848774,0.00884660776,0.01174976672,0.01332150192,0.008251189866,0.006638311687,0.004792279028,0.003222152932,0.02589625329,0.003118015908,0.004329469718,0.005234484617,0.005039585793,0.004150818469,0.01376465143,0.01148561915,0.008599773293,0.005980260499,0.03557164363,0.006119210906,0.009913635685,0.01383148983,0.01553883999,0.01475006351,0.0001936997524,0.0001779387255,0.0001466747252,0.0001114625285,0.004302452793,0.0003684986409,0.0008962652737,0.001823606839,0.002780067496,0.003454010821,0.0001161128883,0.0001028427554,8.173543483e-05,6.00557974e-05,0.003132197333,0.0001877667958,0.0003914157717,0.0006901383773,0.0009016367159,0.0009719939103,1.941992795e-07,5.117606946e-07,1.020708034e-06,1.507610184e-06,0.00508354263,0.0002012527182,0.0008502597071,0.002402015222,0.003962491798,0.004672099246,3.078078715e-10,1.745825802e-09,6.806519173e-09,1.713559281e-08,0.002381509979,3.508454042e-05,0.000235460018,0.0009196701918,0.001748099408,0.002202933423,2.288429113e-09,1.544487405e-08,7.466937363e-08,2.378253869e-07,0.006442816522,0.0004239592,0.001966259385,0.005702423447,0.009291337289,0.01098696653,1.743651273e-09,1.424336826e-08,8.334451141e-08,3.166077026e-07,0.008367344198,0.0007530262417,0.003063461123,0.007866505786,0.01157346038,0.01269200946,9.587670814e-10,9.967580755e-09,7.422968911e-08,3.522816566e-07,0.01040950225,0.001194153716,0.004116901907,0.009065320775,0.01160138222,0.01143945443,5.20471687e-11,8.690644464e-10,9.974929509e-09,6.803709504e-08,0.008883721373,0.0006843457284,0.002142297187,0.004121491184,0.004270800484,0.003409096378,7.236214013e-14,3.185233815e-12,8.2423268e-11,1.03631256e-09,0.006227054586,0.0001243469891,0.0004022989325,0.0006708333983,0.0004544648144,0.0002125630018,1.887951953e-12,6.210389522e-11,1.200951145e-09,1.15397177e-08,0.01188773891,0.0003461436451,0.0007697139064,0.000906120523,0.0004471795987,0.0001520760953,2.861046711e-11,7.048956364e-10,1.020947226e-08,7.512787597e-08,0.0188056298,0.0006358251651,0.001048135915,0.0009344721789,0.0003543459061,9.192805737e-05,7.066930639e-13,3.207771749e-11,7.608959776e-10,7.952525764e-09,0.01637008334,0.0001810591961,0.0002216091814,0.0001313287067,2.570122279e-05,3.118449564e-06
16,0.01952524873,0.02208609416,0.02241737006,0.02064366596,0.1124338635,0.04481703755,0.05865714391,0.06712985484,0.06498323088,0.05573322813,0.0312206313,0.03650598963,0.03830275119,0.03636842827,0.1501744261,0.08270004514,0.1245215864,0.1623130161,0.1807770478,0.1763847003,0.0004111179445,0.000531420367,0.0006163868349,0.0006420181209,0.01777086999,0.004956428032,0.01140160981,0.02202857047,0.03381985915,0.04380926046,0.0002571113969,0.0003215088916,0.0003607514174,0.0003644261868,0.01330484572,0.002686001209,0.005370842812,0.009110635568,0.01215709484,0.01384264907,0.008330723134,0.00670800484,0.004846714422,0.003261314334,0.02607492969,0.003167432189,0.004413933842,0.005354458725,0.005173681788,0.004275393351,0.01388398511,0.01159032206,0.008682009692,0.006039913998,0.03572835882,0.00616944417,0.01001372737,0.01399542038,0.01575245869,0.01497859333,0.0001961546682,0.0001803243416,0.0001487487962,0.0001131142154,0.004332010039,0.0003734590128,0.0009111124244,0.001859088543,0.002842847024,0.003541964432,0.0001176974924,0.000104364361,8.303871585e-05,6.107719614e-05,0.003161546204,0.0001917362514,0.0004016076947,0.0007112621555,0.0009336946163,0.001010995549,1.998179659e-07,5.276342996e-07,1.054500522e-06,1.560435683e-06,0.005153536996,0.0002090262805,0.0008907907796,0.002536856603,0.004225041074,0.005027206681,3.198508875e-10,1.819079843e-09,7.111462779e-09,1.794837013e-08,0.002421528045,3.693074474e-05,0.0002507749541,0.0009902159145,0.001907612488,0.00243538889,2.369540604e-09,1.603113436e-08,7.76918715e-08,2.480067289e-07,0.006544981188,0.0004440222391,0.002080878052,0.006093505693,0.01004597003,0.01201455213,1.810497784e-09,1.482532616e-08,8.696044347e-08,3.310841499e-07,0.008510422,0.0007909439948,0.003251420491,0.008430329511,0.01255109121,0.01392250768,9.990380245e-10,1.041146511e-08,7.772359997e-08,3.696897959e-07,0.01060385882,0.00125887055,0.004385473357,0.009750593011,0.01262920209,0.01259815274,5.49709203e-11,9.203878336e-10,1.059282284e-08,7.243352565e-08,0.009095085217,0.0007326310661,0.00232051343,0.004513250545,0.004743286918,0.003838672346,7.912792678e-14,3.496521894e-12,9.08283269e-11,1.146066535e-09,0.006440433261,0.0001387860927,0.0004566002808,0.0007733192671,0.00053556706,0.0002560541211,2.085510329e-12,6.886789069e-11,1.336902745e-09,1.289190892e-08,0.01234127419,0.0003904574005,0.0008829237089,0.00105569049,0.0005328870982,0.000185351452,3.186597287e-11,7.881403743e-10,1.14593126e-08,8.462602483e-08,0.01958271445,0.000723438161,0.001212712343,0.001098154173,0.0004261049193,0.0001131158365,8.146261923e-13,3.715172895e-11,8.854191081e-10,9.294353287e-09,0.01719571433,0.0002145112852,0.0002680106599,0.0001618901966,3.26503256e-05,4.084421668e-06
17,0.01971615658,0.02232098652,0.02267503204,0.02089731484,0.1132119298,0.04552572927,0.05979891542,0.06866499624,0.06670843137,0.05740211392,0.03149603359,0.03684466877,0.03867558094,0.03673775822,0.1508491775,0.08339374923,0.1258062548,0.1642787914,0.1833166308,0.1791773499,0.0004165468266,0.0005388455623,0.0006254724546,0.0006519368847,0.01789836034,0.005026229555,0.01159922534,0.02247704357,0.03461903443,0.04497669271,0.0002607535464,0.0003264397519,0.0003667070436,0.0003708372801,0.0134326746,0.002743883901,0.005513407072,0.009394920056,0.01259777398,0.01440894868,0.008415334855,0.006782169514,0.004904664178,0.003303021047,0.02626355379,0.003219954907,0.004504038572,0.005482882935,0.005317752127,0.004409688408,0.01401054509,0.01170133244,0.008769180343,0.006103136872,0.03589242818,0.006221876275,0.01011839934,0.01416715576,0.01597667451,0.0152188804,0.000198769764,0.0001828656911,0.0001509584886,0.0001148741674,0.00436307116,0.00037867791,0.000926782145,0.001896644563,0.002909504336,0.003635619029,0.0001193896535,0.0001059901615,8.443214329e-05,6.216996286e-05,0.003192588519,0.00019597397,0.0004125417855,0.0007340273718,0.0009684132238,0.001053424869,2.059065772e-07,5.448600849e-07,1.091226894e-06,1.617930789e-06,0.005227776523,0.000217447721,0.0009350903974,0.002685452284,0.004517204211,0.00542605875,3.330338507e-10,1.899439815e-09,7.446731138e-09,1.884385978e-08,0.00246410321,3.895835164e-05,0.0002677974612,0.001069504744,0.002089369098,0.002703799392,2.457904204e-09,1.667104056e-08,8.099751486e-08,2.591628797e-07,0.006653461115,0.0004659264068,0.00220737156,0.006529431543,0.01089734908,0.01318741255,1.883482987e-09,1.5461998e-08,9.092446491e-08,3.469849316e-07,0.008662506441,0.0008324656382,0.003459472732,0.00906067688,0.01365746792,0.01533148095,1.043136095e-09,1.089854317e-08,8.156562237e-08,3.888704309e-07,0.01081073594,0.001330006742,0.004683876231,0.01051960079,0.01379692029,0.01393029835,5.821578195e-11,9.77488203e-10,1.128197914e-08,7.73483931e-08,0.009321302887,0.0007865843689,0.002522050262,0.004961231611,0.005291435437,0.004344090937,8.69016267e-14,3.855508789e-12,1.005574117e-10,1.273548592e-09,0.006671120736,0.0001556220864,0.000521009045,0.0008968297849,0.0006355335638,0.0003108774827,2.314726343e-12,7.674523135e-11,1.495828289e-09,1.447811616e-08,0.0128333743,0.0004426904713,0.001018669791,0.001237909498,0.0006397406158,0.0002278030341,3.567358209e-11,8.858708455e-10,1.293220842e-08,9.585857246e-08,0.02042838243,0.0008276231011,0.001411798328,0.001299332092,0.0005164014425,0.0001404113201,9.45338006e-13,4.332536873e-11,1.037639791e-09,1.094176042e-08,0.01810213232,0.0002559699919,0.0003267404659,0.000201334506,4.189960821e-05,5.410917283e-06
18,0.01991848677,0.02256999523,0.02294827209,0.0211664014,0.1140298367,0.04627557554,0.06101142465,0.07030080154,0.06855351044,0.05919299254,0.03178700974,0.03720238376,0.03906926666,0.0371276794,0.151552592,0.08411458215,0.1271437551,0.1663290987,0.1859705677,0.1821009629,0.0004223103656,0.0005467286786,0.0006351193829,0.0006624700358,0.01803180534,0.005099381508,0.01180700097,0.02295000042,0.03546458717,0.0462155754,0.0002646295924,0.0003316901343,0.0003730526231,0.000377672586,0.01356732862,0.002805420989,0.005665728132,0.009700067137,0.01307315441,0.0150226455,0.008505047872,0.006860828771,0.00496614958,0.003347291022,0.02646191831,0.003275578435,0.004599830031,0.005619900062,0.005472054163,0.004554030165,0.01414429392,0.01181861018,0.008861249031,0.006169900243,0.03606344474,0.006276336825,0.01022733458,0.01434621227,0.01621090882,0.01547035833,0.0002015462567,0.0001855639233,0.0001533048001,0.0001167431951,0.004395576452,0.0003841445215,0.0009432486751,0.001936228748,0.002979988631,0.003734945111,0.0001211909602,0.0001077218289,8.591729743e-05,6.333545658e-05,0.003225298798,0.0002004824702,0.0004242340513,0.0007584867602,0.00100590654,0.00109946081,2.124883095e-07,5.635084496e-07,1.13104821e-06,1.680364461e-06,0.005306228214,0.0002265434456,0.0009833795314,0.002848820939,0.004841684116,0.005873331287,3.474367573e-10,1.987431053e-09,7.814682858e-09,1.982879402e-08,0.0025092378,4.117965822e-05,0.0002866799627,0.001158480795,0.002296259584,0.003013573253,2.553953891e-09,1.736799131e-08,8.460525995e-08,2.713623885e-07,0.006768222098,0.0004897740615,0.002346641899,0.007014394351,0.01185646344,0.01452473199,1.962999152e-09,1.61570773e-08,9.526134827e-08,3.644162769e-07,0.008823574494,0.0008778125736,0.003689251767,0.009764104822,0.01490785621,0.01694339053,1.091326026e-09,1.143196171e-08,8.578240939e-08,4.09965379e-07,0.01103014719,0.001408002614,0.005014734022,0.01138112347,0.01512199542,0.01546074941,6.181182209e-11,1.040929832e-09,1.204964752e-08,8.283637244e-08,0.009562606933,0.0008467626716,0.002749658294,0.005473052529,0.005927167847,0.00493889251,9.583415391e-14,4.269597099e-12,1.118232406e-10,1.421696363e-09,0.006919786366,0.0001752507963,0.0005974505436,0.001045857842,0.0007590113104,0.0003801929409,2.580794991e-12,8.592470004e-11,1.681748852e-09,1.634047896e-08,0.01336581829,0.0005042782087,0.001181602256,0.001460268263,0.0007732980255,0.0002821494834,4.013034487e-11,1.000712532e-09,1.466980639e-08,1.091580978e-07,0.02134620485,0.0009515984349,0.001652957071,0.001547087538,0.0006303567711,0.0001757109725,1.103995981e-12,5.085540291e-11,1.224209956e-09,1.297001882e-08,0.01909491105,0.0003074709764,0.0004013089213,0.0002524438899,5.427401011e-05,7.244167418e-06
19,0.02013228323,0.02283318198,0.02323717036,0.02145101877,0.114886652,0.04706636022,0.06229500887,0.07203862705,0.07052114342,0.06110952751,0.03209346843,0.03757899812,0.03948363579,0.03753800383,0.1522829607,0.08486022566,0.1285300525,0.1684581474,0.1887319322,0.1851485061,0.000428411226,0.0005550732368,0.0006453318964,0.0006736223121,0.01817095423,0.005175733069,0.01202459281,0.02344684617,0.03635583374,0.04752544261,0.000268743036,0.0003372651977,0.0003797949939,0.0003849401509,0.01370869128,0.002870637158,0.005827991987,0.01002669585,0.01358463793,0.01568609655,0.008599888094,0.006944008313,0.005031193977,0.00339414372,0.02666980924,0.003334294825,0.004701352237,0.005765653492,0.005636851557,0.004708757097,0.0142851944,0.01194211461,0.008958178512,0.006240174112,0.03624098863,0.006332646333,0.01034019578,0.01453206989,0.01645453163,0.0157324022,0.0002044854576,0.0001884202636,0.0001557887827,0.0001187221443,0.004429463712,0.0003898470791,0.00096048313,0.001977787074,0.003054234749,0.003839892955,0.0001231031236,0.0001095611556,8.749586584e-05,6.457512456e-05,0.003259650377,0.0002052641234,0.0004367005816,0.000784694475,0.001046293403,0.00114929195,2.195882721e-07,5.836555915e-07,1.174138835e-06,1.748028036e-06,0.005388855219,0.0002363403499,0.001035889335,0.003028048025,0.00520141486,0.006374181479,3.631474441e-10,2.083631131e-09,8.217915315e-09,2.091059958e-08,0.002556932462,4.360767358e-05,0.0003075875709,0.001258186513,0.002531544783,0.003370932394,2.658161242e-09,1.812568334e-08,8.853575307e-08,2.846800273e-07,0.006889222969,0.0005156713393,0.002499649488,0.00755294766,0.01293549656,0.01604817278,2.049473035e-09,1.691458787e-08,9.999812628e-08,3.8349431e-07,0.008993593462,0.0009272162799,0.003942508184,0.01054777181,0.01631926632,0.01878599259,1.143896437e-09,1.201515756e-08,9.04031292e-08,4.33130153e-07,0.01126209346,0.001493322839,0.005380878436,0.01234480886,0.01662400208,0.01721788373,6.579244871e-11,1.111341331e-09,1.29039259e-08,8.895870284e-08,0.009819225821,0.0009137750408,0.003006404751,0.006057354137,0.006664291952,0.005639067347,1.061012258e-13,4.747443931e-12,1.248756853e-10,1.593974826e-09,0.007187121776,0.0001981339229,0.0006882234262,0.001225880628,0.0009118298342,0.0004680757434,2.889835859e-12,9.662967882e-11,1.899443998e-09,1.852929578e-08,0.01394046011,0.000576919913,0.001377352859,0.001732026423,0.0009406309379,0.0003519483384,4.5351691e-11,1.135802339e-09,1.672209283e-08,1.249254638e-07,0.02233992713,0.001099219715,0.001945453604,0.001852772503,0.0007745615776,0.0002215256654,1.297023388e-12,6.006275566e-11,1.453489506e-09,1.547420874e-08,0.02018000317,0.0003715854048,0.0004962657296,0.0003189101633,7.090864391e-05,9.792791308e-06
20,0.02035759519,0.02311061461,0.02354181346,0.02175126638,0.1157814116,0.04789782224,0.06364994927,0.07387978659,0.07261401361,0.06315545447,0.03241531715,0.03797437143,0.03991850889,0.03796853439,0.1530385233,0.0856282428,0.1299608626,0.1706597241,0.1915932004,0.1883122402,0.000434852231,0.0005638829257,0.0006561144218,0.0006853985635,0.01831554571,0.005255119928,0.01225161469,0.02396688331,0.03729189903,0.04890554323,0.0002730976113,0.0003431704196,0.0003869413902,0.0003926484645,0.01385664008,0.002939553492,0.006000380715,0.01037543119,0.01413366684,0.01640175809,0.008699884079,0.007031736074,0.005099822436,0.00344359985,0.02688700505,0.003396093067,0.004808645565,0.005920284712,0.005812411322,0.004874216841,0.01443320886,0.01207180382,0.009059929942,0.006313926918,0.03642462701,0.006390616015,0.01045662452,0.01472417023,0.01670685804,0.0160043237,0.0002075887544,0.0001914359945,0.0001584115239,0.0001208118792,0.004464668115,0.0003957727786,0.000978453163,0.002021256603,0.00313216088,0.00395038884,0.0001251279682,0.0001115100451,8.916963476e-05,6.589049487e-05,0.003295615192,0.0002103210686,0.0004499572932,0.0008127055296,0.001089696657,0.001203115619,2.272335423e-07,6.053836705e-07,1.22068683e-06,1.821235908e-06,0.005475615944,0.0002468654752,0.001092859427,0.00322428173,0.005599562297,0.006934268013,3.802621019e-10,2.188673407e-09,8.65928146e-09,2.20974485e-08,0.002607185533,4.625605124e-05,0.0003306980453,0.001369767026,0.002798887966,0.003783009242,2.77103692e-09,1.894812391e-08,9.281140564e-08,2.991970856e-07,0.007016413952,0.0005437271323,0.002667409076,0.008150005047,0.0141478863,0.01778208767,2.143367338e-09,1.773889861e-08,1.051642006e-07,4.043455588e-07,0.009172518441,0.000980916467,0.004221104049,0.01141944642,0.01791055853,0.02089064886,1.201160943e-09,1.2651872e-08,9.545959929e-08,4.58534742e-07,0.01150655912,0.001586453613,0.005785345504,0.01342119959,0.01832478447,0.01923396723,7.019469111e-11,1.189421329e-09,1.38538396e-08,9.578382079e-08,0.01009137887,0.0009882837025,0.003295693906,0.006723897738,0.007518746346,0.006463446253,1.179072501e-13,5.299164773e-12,1.400080266e-10,1.794467971e-09,0.00747383463,0.000224808314,0.0007960652178,0.001443562193,0.001101292979,0.0005797786373,3.249052257e-12,1.091243093e-10,2.154591373e-09,2.110457071e-08,0.01455921519,0.0006626218999,0.001612727752,0.002064611795,0.001150728778,0.0004418538035,5.147482783e-11,1.294886229e-09,1.914903615e-08,1.436436496e-07,0.02341344654,0.001275094608,0.002300616884,0.002230557938,0.0009574920965,0.0002811798945,1.53240832e-12,7.134877081e-11,1.735991885e-09,1.857452302e-08,0.02136372629,0.0004515572906,0.0006175049899,0.00040563256,9.33669756e-05,1.335498164e-05
21,0.02059447615,0.02340236574,0.02386229294,0.02206724836,0.1167131163,0.04876964589,0.06507645135,0.07582552078,0.07483477392,0.06533454202,0.0327524607,0.03838835738,0.04037369723,0.03841906236,0.1538174678,0.08641607587,0.1314316427,0.1729271735,0.194546214,0.1915836678,0.0004416363255,0.0005731615448,0.0006674714572,0.0006978036577,0.01846530748,0.00533736328,0.01248763393,0.02450929931,0.03827168887,0.05035479296,0.0002776972654,0.0003494115669,0.0003944994027,0.0004008064142,0.01401104576,0.003012186269,0.006183068896,0.0107468962,0.01472171123,0.01717217012,0.0088050666,0.007124041809,0.005172061394,0.003495681095,0.02711327577,0.003460958332,0.004921745136,0.006083930688,0.005999000607,0.005050763109,0.01458829848,0.012207634,0.00916646231,0.006391125088,0.03661391421,0.006450047633,0.01057624051,0.01492191478,0.01696714487,0.01628536665,0.0002108575937,0.0001946124356,0.0001611741274,0.0001230132659,0.004501122103,0.0004019077052,0.000997122637,0.002066564461,0.003213666262,0.004066331174,0.0001272674232,0.0001135705026,9.094047995e-05,6.728316878e-05,0.003333163566,0.0002156551238,0.0004640196565,0.000842575174,0.001136242191,0.001261136818,2.354532193e-07,6.287809752e-07,1.270894342e-06,1.900326207e-06,0.005566463147,0.0002581456183,0.001154535786,0.003438727201,0.006039520686,0.007559765864,3.988858263e-10,2.3032508e-09,9.141907762e-09,2.339831232e-08,0.002659992388,4.913900037e-05,0.0003562015208,0.00149447344,0.003102385895,0.004257948324,2.8931322e-09,1.983964347e-08,9.745647032e-08,3.150016679e-07,0.007149734996,0.000574051863,0.002850983948,0.008810833091,0.0155083721,0.01975372394,2.24518218e-09,1.863473858e-08,1.107914517e-07,4.271074697e-07,0.009360289723,0.001039158793,0.00452700473,0.01238750577,0.01970253375,0.02329263334,1.263459274e-09,1.334616539e-08,1.009864226e-07,4.863644042e-07,0.01176350801,0.00168789897,0.006231367149,0.01462174736,0.02024859718,0.02154552724,7.505950097e-11,1.275944558e-09,1.490942565e-08,1.033880417e-07,0.01037927091,0.001071004418,0.003621285313,0.007483662648,0.00850886171,0.007434135575,1.314897902e-13,5.936568795e-12,1.575642095e-10,2.027985605e-09,0.007780641563,0.0002558960313,0.0009242267932,0.001706991517,0.001336536163,0.000722064746,3.66691636e-12,1.237206962e-10,2.453930754e-09,2.413784018e-08,0.01522404472,0.0007637456963,0.001895931722,0.002472099351,0.001415003053,0.0005579501779,5.866273715e-11,1.482434645e-09,2.202253894e-08,1.658942685e-07,0.02457078516,0.001484714337,0.002732268488,0.00269810223,0.001190037229,0.0003590732317,1.820087866e-12,8.521555223e-11,2.08494485e-09,2.24229802e-08,0.02265274214,0.000551473234,0.0007726550238,0.0005191097099,0.0001238032803,1.835748265e-05
22,0.02084298295,0.02370851153,0.02419870373,0.02239907184,0.1176807286,0.04968145098,0.06657462451,0.07787696472,0.07718600562,0.06765054881,0.03310479969,0.03882080175,0.04084900046,0.03888936484,0.1546179311,0.08722104534,0.1329375854,0.1752533806,0.1975821484,0.1949534878,0.0004487665382,0.0005829129453,0.0006794074916,0.0007108423831,0.0186199558,0.005422268882,0.01273216741,0.02507315462,0.03929386235,0.05187172529,0.000282546138,0.0003559946643,0.0004024769373,0.0004094232361,0.01417177133,0.003088545713,0.0063762198,0.01114170335,0.01535025459,0.01799993795,0.00891546821,0.007220956672,0.005247938295,0.003550409829,0.02734838223,0.003528871206,0.005040679153,0.006256721088,0.006196883212,0.005238752243,0.01475042253,0.01234955873,0.009277731855,0.006471732592,0.03680839175,0.006510733424,0.01069864115,0.01512466338,0.01723458782,0.01657470291,0.000214293462,0.0001979509235,0.0001640776929,0.0001253271547,0.004538755279,0.0004082367642,0.001016451313,0.002113626829,0.003298628882,0.004187586555,0.0001295235133,0.0001157446248,9.281035727e-05,6.875481263e-05,0.003372263994,0.0002212676927,0.0004789024016,0.0008743582073,0.001186057836,0.001323566919,2.442784802e-07,6.539420863e-07,1.32497798e-06,1.985661454e-06,0.005661343032,0.0002702068906,0.001221168211,0.003672638769,0.006524904296,0.0082573737,4.191332049e-10,2.428119818e-09,9.669213226e-09,2.482301945e-08,0.002715344766,5.227117263e-05,0.0003842999492,0.001633664671,0.003446597624,0.004805010254,3.025040511e-09,2.080490835e-08,1.024971168e-07,3.321889901e-07,0.00728911409,0.0006067560342,0.003051478158,0.009541035734,0.01703302417,0.02199340958,2.355456585e-09,1.960721196e-08,1.169143484e-07,4.519289185e-07,0.009556830159,0.001102192097,0.004862267194,0.01346092098,0.02171800136,0.02603142229,1.331158393e-09,1.410243168e-08,1.070211231e-07,5.168204581e-07,0.01203287941,0.001798176123,0.006722357209,0.01595881082,0.02242222398,0.0241937179,8.043207155e-11,1.371768328e-09,1.608182259e-08,1.118562881e-07,0.01068308654,0.001162705886,0.003987308577,0.00834893994,0.009655634167,0.008576994872,1.471246754e-13,6.673429413e-12,1.779472259e-10,2.30018732e-09,0.008108260226,0.0002921150896,0.001076555966,0.002025959588,0.00162896052,0.0009036276602,4.153383825e-12,1.407872996e-10,2.80545617e-09,2.771432232e-08,0.01593693744,0.0008830612428,0.002236826375,0.002971780877,0.0017479123,0.0007081806873,6.710885905e-11,1.703778497e-09,2.542874975e-08,1.923772266e-07,0.0258160577,0.001734602151,0.003257225442,0.003277359368,0.001486161866,0.0004610216326,2.172424609e-12,1.022913478e-10,2.516994628e-09,2.721190258e-08,0.02405402786,0.0006764706774,0.0009715735603,0.0006679527761,0.0001651850437,2.541130284e-05
23,0.02110317476,0.02402913028,0.02455114246,0.0227468452,0.1186831698,0.05063278287,0.06814446114,0.0800351141,0.07967017419,0.0701071765,0.03347222902,0.03927154044,0.04134420422,0.03937920231,0.1554380003,0.0880403498,0.1344736141,0.1776307582,0.2006914854,0.1984115539,0.0004562459416,0.0005931409693,0.0006919269214,0.0007245193485,0.01877919513,0.005509626204,0.01298467775,0.02565737096,0.04035680457,0.05345444227,0.0002876485409,0.0003629259629,0.0004108821719,0.0004185084639,0.01433867137,0.003168634699,0.006579981314,0.01156044501,0.01602077758,0.01888771065,0.009031122795,0.007322512786,0.005327481222,0.003607808834,0.02759207525,0.00359980691,0.005165467159,0.006438775341,0.006406315812,0.005438539407,0.0149195377,0.01249752836,0.009393691502,0.006555710496,0.03700758861,0.006572456101,0.01082340112,0.01533173308,0.01750831907,0.01687142877,0.0002178978665,0.0002014527901,0.0001671232963,0.000127754362,0.004577494324,0.00041474362,0.001036394555,0.00216234798,0.003386903211,0.004313985837,0.0001318983489,0.0001180345896,9.47812926e-05,7.030714918e-05,0.003412882941,0.0002271596685,0.000494619203,0.0009081082211,0.001239272114,0.001390622116,2.537426349e-07,6.809680366e-07,1.383169177e-06,2.07762917e-06,0.005760194337,0.0002830742249,0.001293007299,0.003927309849,0.007059532895,0.009034311563,4.411289401e-10,2.564104795e-09,1.024492939e-08,2.638231545e-08,0.002773230098,5.566752144e-05,0.0004152061947,0.001788807331,0.003836569337,0.005434674937,3.167398964e-09,2.18489332e-08,1.079615059e-07,3.508616677e-07,0.007434465566,0.0006419485353,0.003270026481,0.01034652815,0.01873924829,0.02453470887,2.474769931e-09,2.066181264e-08,1.235700544e-07,4.789707092e-07,0.00976204249,0.001170265083,0.005229024147,0.0146492266,0.02398181533,0.02915095138,1.404653585e-09,1.49254125e-08,1.136042775e-07,5.501210567e-07,0.01231458386,0.001917809713,0.007261890817,0.01744563262,0.02487506392,0.02722466138,8.63621733e-11,1.477839331e-09,1.738336531e-08,1.212828604e-07,0.0110029842,0.001264207911,0.004398273131,0.009333417802,0.01098300402,0.009922152515,1.651318266e-13,7.525794175e-12,2.01628763e-10,2.617725837e-09,0.008457400358,0.0003342906685,0.001257589955,0.002412278236,0.00199275576,0.001135617685,4.720141573e-12,1.607586736e-10,3.218639979e-09,3.193543592e-08,0.01669988871,0.001023804666,0.002647223791,0.003584835739,0.002167730372,0.0009028952805,7.704255909e-11,1.965268707e-09,2.947078983e-08,2.239340236e-07,0.02715343361,0.002032478712,0.003895883639,0.003995547105,0.001863735384,0.0005947001741,2.60479599e-12,1.233621414e-10,3.053087739e-09,3.318459468e-08,0.02557483791,0.0008329912558,0.001226972254,0.0008635530101,0.0002215958813,3.539102017e-05
24,0.02137511207,0.02436430108,0.0249197059,0.02311067635,0.1197193173,0.05162310252,0.06978581507,0.08230078966,0.08228958207,0.07270801848,0.03385463645,0.03974039748,0.04185907782,0.03988831608,0.1562757129,0.08887106697,0.1360343811,0.1800512372,0.2038639918,0.2019468405,0.0004640776122,0.0006038493873,0.0007050339652,0.0007388388799,0.01894271783,0.005599207696,0.0132445699,0.02626072027,0.04145859999,0.05510056553,0.0002930089351,0.0003702119056,0.0004197235098,0.0004280718743,0.01451159112,0.003252447425,0.006794481647,0.01200368323,0.01673473984,0.01983815605,0.009152065118,0.007428742804,0.005410718518,0.003667900997,0.02784409492,0.003673734513,0.005296118261,0.006630199534,0.00662754389,0.005650474391,0.01509559739,0.01265148929,0.009514290286,0.00664301652,0.03721102142,0.006634988953,0.01095007229,0.01554239742,0.01778740539,0.01717456211,0.0002216723155,0.0002051193414,0.0001703119677,0.0001302956521,0.004617262927,0.0004214106433,0.001056903068,0.002212619371,0.003478318019,0.004445320241,0.000134394116,0.0001204426448,9.685537123e-05,7.194194848e-05,0.003454984634,0.0002333313341,0.0005111823458,0.0009438767728,0.001296012815,0.001462521608,2.638811792e-07,7.099664603e-07,1.445714517e-06,2.176642427e-06,0.005862947436,0.000296770828,0.001370300902,0.004204060215,0.007647409926,0.009898306163,4.650085037e-10,2.712102339e-09,1.087312122e-08,2.808792579e-08,0.002833630807,5.934313049e-05,0.0004491427174,0.001961473125,0.004277853118,0.006158739708,3.320889842e-09,2.297709301e-08,1.138798601e-07,3.711299895e-07,0.007585688405,0.000679734689,0.003507781794,0.01123349811,0.02064575903,0.02741453213,2.603743346e-09,2.180443821e-08,1.307985292e-07,5.084060466e-07,0.009975806658,0.001243622436,0.005629463433,0.0159624703,0.02652086774,0.03269981986,1.484369486e-09,1.582021063e-08,1.207796412e-07,5.86501925e-07,0.012608499,0.002047324847,0.00785367602,0.01909629044,0.02763917158,0.03068974346,9.290450349e-11,1.59520076e-09,1.882768429e-08,1.317722461e-07,0.01133908981,0.001376378075,0.004859071234,0.01045225277,0.01251813049,0.01150455061,1.858818677e-13,8.512338108e-12,2.29160257e-10,2.988411983e-09,0.008828753857,0.0003833664971,0.001472655905,0.002880142125,0.002445523378,0.001432295392,5.380892581e-12,1.841467155e-10,3.70469304e-09,3.692173937e-08,0.0175148767,0.001189739767,0.003141215744,0.004337111498,0.002697482087,0.001155544853,8.873548122e-11,2.27446258e-09,3.427195514e-08,2.615752499e-07,0.02858709301,0.002387443293,0.004672886174,0.00488629445,0.002345557433,0.0007702130898,3.136320999e-12,1.494108479e-10,3.719571878e-09,4.064875131e-08,0.02722265538,0.001029085977,0.001555197736,0.001120943806,0.0002986455868,4.954708668e-05
25,0.02165885568,0.02471410242,0.02530448916,0.02349067086,0.1207880016,0.05265177662,0.07149837973,0.0846746003,0.0850463185,0.07545650428,0.03425190103,0.04022718308,0.04239337193,0.0404164259,0.1571290588,0.08971015604,0.1376142688,0.1825062629,0.2070887057,0.2055474175,0.0004722645885,0.0006150418339,0.0007187325744,0.0007538049138,0.01911020396,0.005690768175,0.01351118808,0.02688181446,0.04259700706,0.05680718856,0.0002986319082,0.000377859092,0.0004290095317,0.0004381234295,0.01469036577,0.003339968048,0.007019824792,0.01247193854,0.01749355967,0.020853932,0.009278330359,0.007539679457,0.005497678399,0.003730709011,0.02810416988,0.003750616147,0.005432629284,0.006831083162,0.006860797376,0.00587489701,0.01527855096,0.01281138332,0.009639472786,0.006733604594,0.03741819484,0.006698096034,0.01107818381,0.01575588609,0.01807084699,0.01748304014,0.0002256182983,0.0002089518351,0.0001736446703,0.0001329517174,0.004657981731,0.0004282188683,0.001077922662,0.002264318809,0.003572674303,0.004581337583,0.0001370130657,0.0001229710969,9.903472669e-05,7.366101815e-05,0.003498530873,0.0002397822596,0.0005286023702,0.0009817124852,0.001356405403,0.001539485482,2.747318452e-07,7.410517291e-07,1.512876023e-06,2.283140305e-06,0.005969523447,0.0003113175793,0.001453290034,0.004504220361,0.008292692128,0.01085756087,4.909188231e-10,2.873085963e-09,1.155820877e-08,2.995262071e-08,0.002896523617,6.331300878e-05,0.0004863397787,0.002153333159,0.004776517153,0.006990406866,3.486242019e-09,2.419513431e-08,1.202845289e-07,3.931121695e-07,0.00774266456,0.000720214027,0.00376589961,0.01220835272,0.02277251327,0.0306731817,2.743041012e-09,2.304140274e-08,1.386426208e-07,5.404209704e-07,0.01019797713,0.001322500298,0.006065802078,0.01741113949,0.02936402782,0.03673141742,1.570761045e-09,1.679230228e-08,1.285942634e-07,6.262170408e-07,0.01291446525,0.002187238817,0.008501516481,0.02092561648,0.03074923638,0.03464583763,1.001190468e-10,1.724999644e-09,2.042980831e-08,1.434399595e-07,0.01169149029,0.001500126596,0.005374972143,0.01172211986,0.01429165001,0.01336450565,2.098035958e-13,9.654764695e-12,2.611854967e-10,3.421403647e-09,0.009222983799,0.0004404159927,0.001727977809,0.003446533215,0.00300901051,0.00181183514,6.151681627e-12,2.115535967e-10,4.276865307e-09,4.281634236e-08,0.01838383542,0.001385221813,0.003735536434,0.005260019923,0.003366070291,0.001483552911,1.025088932e-10,2.640340406e-09,3.997945752e-08,3.065128722e-07,0.03012117591,0.002810168288,0.005617877475,0.005990984845,0.002960615117,0.001000821316,3.790752888e-12,1.816657618e-10,4.549565217e-09,4.999323172e-08,0.02900513136,0.001274778622,0.001977198923,0.001459904336,0.0004040211328,6.966385877e-05
26,0.02195446558,0.02507861072,0.02570558406,0.02388693014,0.1218880042,0.05371806777,0.07328166587,0.08715690487,0.08794220646,0.07835583968,0.03466389167,0.04073169166,0.04294681622,0.04096322751,0.157995982,0.09055446128,0.1392073932,0.184986796,0.2103539289,0.2092004328,0.0004808098281,0.0006267217411,0.0007330263435,0.0007694208881,0.01928132109,0.00578404437,0.01378381314,0.02751909621,0.04376943457,0.05857083102,0.0003045221502,0.0003858742402,0.0004387489446,0.0004486732155,0.0148748197,0.003431169299,0.007256085795,0.0129656781,0.01829859168,0.02193765368,0.00940995364,0.007655355096,0.005588388555,0.003796255055,0.02837201665,0.003830406221,0.005574982903,0.007041495745,0.007106285994,0.00611213209,0.01546834307,0.01297714697,0.009769178569,0.006827424435,0.037628602,0.00676153247,0.01120724251,0.01597138511,0.01835757698,0.01779571813,0.0002297372635,0.0002129514575,0.0001771222774,0.0001357231594,0.004699568305,0.0004351479627,0.001099394058,0.002317309716,0.003669743375,0.004721738709,0.0001397575027,0.0001256222981,0.0001013215288,7.5466193e-05,0.00354348084,0.000246511197,0.0005468876998,0.001021660075,0.001420571243,0.001621732288,2.863346469e-07,7.743450698e-07,1.58493139e-06,2.397588254e-06,0.006079833366,0.0003267323762,0.001542204191,0.004829112664,0.008999649346,0.01192070725,5.190189939e-10,3.04811086e-09,1.230498939e-08,3.199028156e-08,0.00296187885,6.759184954e-05,0.0005270331017,0.002366148509,0.005339144452,0.007944353686,3.664232274e-09,2.550918532e-08,1.272100468e-07,4.169345676e-07,0.00790525731,0.000763477789,0.004045519512,0.01327764842,0.02514059524,0.03435431278,2.893371341e-09,2.437944825e-08,1.471481478e-07,5.752147344e-07,0.01042838025,0.001407121118,0.00654025442,0.0190060608,0.03254201292,0.04130394495,1.664314355e-09,1.784754788e-08,1.370985882e-07,6.695392334e-07,0.01323228169,0.002338051428,0.009209264143,0.02294907962,0.03424248396,0.03915542591,1.080714431e-10,1.868494351e-09,2.22062695e-08,1.564134021e-07,0.01206022668,0.001636399084,0.005951605164,0.01316123332,0.0163379018,0.01554826521,2.373923742e-13,1.097825847e-11,2.984549159e-10,3.92742101e-09,0.009640712398,0.0005066525936,0.002030787191,0.004131664016,0.003709961781,0.002297301456,7.051265817e-12,2.436865443e-10,4.950791186e-09,4.978884442e-08,0.01930862464,0.001615261576,0.00444995373,0.006391548692,0.004209616176,0.001909398253,1.187421323e-10,3.073555811e-09,4.676877141e-08,3.601979298e-07,0.03175972451,0.003313102733,0.006766338879,0.007360305338,0.003745605531,0.001303861656,4.597571296e-12,2.216601956e-10,5.584652468e-09,6.170895672e-08,0.03093001118,0.001582492653,0.002519711442,0.001906358308,0.0005482207036,9.828028872e-05
27,0.02226199999,0.02545789894,0.02612307729,0.02429954952,0.1230180553,0.0548211249,0.07513497928,0.08974777289,0.09097874692,0.08140894246,0.03509046566,0.04125369994,0.0435191172,0.04152839026,0.1588743825,0.09140071701,0.1408076112,0.1874833189,0.2136472295,0.2128921066,0.0004897161638,0.0006388922708,0.0007479184163,0.0007856896297,0.01945572427,0.00587875463,0.01406166049,0.02817083111,0.04497292031,0.06038739619,0.0003106844276,0.0003942641481,0.0004489505269,0.0004597313776,0.01506476581,0.00352601109,0.007503305825,0.01348530295,0.01915110224,0.02309185691,0.009546969535,0.007775801216,0.00568287574,0.00386456048,0.02864733906,0.003913050649,0.005723145738,0.007261483303,0.007364194325,0.006362484046,0.01566491294,0.01314871084,0.009903341634,0.006924421114,0.03784172503,0.00682504487,0.01133673351,0.01618803756,0.01864646178,0.01811136905,0.0002340305983,0.0002171192996,0.0001807455499,0.000138610468,0.004741937133,0.0004421762093,0.001121252738,0.002371440507,0.003769265167,0.004866174203,0.000142629774,0.0001283986343,0.000103717971,7.735932401e-05,0.003589790919,0.0002535159747,0.000566044251,0.001063759309,0.001488625643,0.001709476277,2.987319209e-07,8.09974657e-07,1.662174146e-06,2.5204783e-06,0.006193777222,0.0003430294289,0.001637256084,0.005180029129,0.009772613289,0.01309673479,5.494810161e-10,3.238318798e-09,1.311866033e-08,3.421596799e-08,0.003029659734,7.219375139e-05,0.0005714609199,0.002601756348,0.005972816757,0.009036776448,3.855686454e-09,2.692576459e-08,1.34693181e-07,4.427318697e-07,0.008073309658,0.0008096061478,0.004347743279,0.01444800228,0.02777204377,0.03850478561,3.055487976e-09,2.58257541e-08,1.563639649e-07,6.130001143e-07,0.01066681163,0.00149768783,0.007054993852,0.02075826885,0.03608717685,0.04648029608,1.765547355e-09,1.899220086e-08,1.463465367e-07,7.167606737e-07,0.01356170177,0.00250023386,0.009980760809,0.02518262411,0.03815848058,0.04428657932,1.168333566e-10,2.02706212e-09,2.417520917e-08,1.708327326e-07,0.01244528718,0.001786166858,0.006594929064,0.0147893283,0.0186951005,0.01810853358,2.692195099e-13,1.251199284e-11,3.418417024e-10,4.518990197e-09,0.01008250792,0.0005834385609,0.002389433544,0.004959451772,0.004581091457,0.002917819291,8.101533503e-12,2.813746343e-10,5.744883844e-09,5.803985301e-08,0.02029099653,0.00188558668,0.005307679963,0.007777381206,0.005273029354,0.002461942954,1.378822558e-10,3.58672328e-09,5.484865228e-08,4.243642693e-07,0.03350661813,0.003910678213,0.008160493939,0.009056002177,0.00474675422,0.001701894361,5.593312011e-12,2.713055418e-10,6.876975616e-09,7.641481725e-08,0.03300504612,0.001967544775,0.003216688739,0.002494126092,0.0007455217409,0.0001389953731
28,0.02258151418,0.02585203503,0.02655704866,0.02472861631,0.1241768318,0.05595997403,0.07705739843,0.09244694438,0.0941570607,0.08461837417,0.03553146719,0.04179296505,0.04410995596,0.04211155487,0.1597621188,0.09224555417,0.1424085309,0.1899858491,0.2169554529,0.2166077367,0.0004989862577,0.0006515562449,0.0007634113909,0.0008026132404,0.01963305609,0.005974598823,0.01434387872,0.02883510133,0.04620411266,0.06225213277,0.0003171235569,0.0004030356508,0.0004596230719,0.0004713080513,0.01526000482,0.003624439118,0.007761487111,0.01403113454,0.0200522429,0.02431895714,0.009689411582,0.007901047976,0.005781165354,0.003935645467,0.0289298277,0.003998486095,0.005877066442,0.007491064742,0.007634676612,0.006626231049,0.01586819367,0.01332599895,0.01004188988,0.007024534651,0.03805703566,0.006888371855,0.01146612122,0.01640494487,0.01893630227,0.01842868427,0.000238499606,0.0002214563336,0.0001845151127,0.000141614001,0.00478499963,0.0004492805041,0.001143428853,0.002426544114,0.003870946798,0.005014241484,0.0001456322561,0.0001313025105,0.0001062262572,7.934226659e-05,0.003637414539,0.0002607933901,0.0005860750302,0.001108043897,0.00156067571,0.001802924296,3.119683584e-07,8.480756773e-07,1.744913735e-06,2.652329107e-06,0.006311243268,0.0003602185101,0.001738635783,0.005558205557,0.0106159141,0.01439489547,5.824905473e-10,3.444943087e-09,1.400484154e-08,3.664598499e-08,0.003099821713,7.713190039e-05,0.0006198603574,0.002862050947,0.006685079976,0.01028539849,4.061480452e-09,2.845178786e-08,1.427729677e-07,4.706472167e-07,0.008246642798,0.0008586651702,0.004673609585,0.01572598267,0.030689612,0.04317438253,3.23019057e-09,2.738794399e-08,1.663420109e-07,6.540036242e-07,0.01091303364,0.00159437739,0.00761210778,0.02267884075,0.04003320053,0.05232776262,1.875010321e-09,2.023291387e-08,1.563955648e-07,7.681932235e-07,0.01390242927,0.002674216057,0.01081976775,0.027642459,0.04253882037,0.05011275579,1.264828418e-10,2.202206519e-09,2.635648261e-08,1.868517294e-07,0.01284660001,0.00195041454,0.007311185192,0.0166275928,0.02140543146,0.0211049306,3.059426635e-13,1.428969611e-11,3.923598323e-10,5.210717213e-09,0.01054887055,0.0006722913509,0.002813489017,0.005958010305,0.005662170271,0.003709954134,9.327974672e-12,3.255877373e-10,6.680782273e-09,6.780613e-08,0.02133255902,0.00220269642,0.006335788302,0.009472105894,0.006611814318,0.003178037381,1.60454991e-10,4.19474606e-09,6.446688956e-08,5.010789255e-07,0.03536550081,0.004619507742,0.009850261898,0.01115282819,0.00602195167,0.002224116207,6.823177418e-12,3.32980298e-10,8.491797161e-09,9.48896207e-08,0.03523788996,0.002448704708,0.004111004435,0.003267089724,0.00101524272,0.0001968865042
29,0.0229130594,0.02626108048,0.02700756923,0.0251742078,0.1253629557,0.05713350937,0.07904775245,0.09525378929,0.09747782816,0.08798626794,0.03598672595,0.04234922271,0.04471898608,0.04271233122,0.1606570112,0.09308550827,0.1440035259,0.1924839589,0.2202647435,0.2203317169,0.0005086225554,0.0006647160737,0.0007795072226,0.0008201929801,0.01981294676,0.006071258445,0.0146295488,0.02950980115,0.04745925583,0.06415960206,0.0003238443764,0.0004121955775,0.0004707753267,0.000483413289,0.01546032475,0.003726383491,0.008030587758,0.0146034007,0.02100302169,0.02562120433,0.009837311772,0.008031123706,0.005883281016,0.004009528699,0.02921915943,0.00408663924,0.006036673787,0.007730228148,0.007917851325,0.006903618808,0.01607811154,0.01350892812,0.01018474457,0.007127699618,0.03827399601,0.006951244714,0.01159485053,0.01662116875,0.01922583602,0.01874627547,0.0002431454829,0.0002259633874,0.0001884314305,0.0001447339634,0.00482866418,0.0004564363692,0.00116584718,0.002482437667,0.003974461461,0.005165482376,0.0001487673421,0.0001343363368,0.0001088485872,8.141686812e-05,0.003686302012,0.0002683391038,0.0006069797184,0.001154540322,0.001636818025,0.001902272339,3.260910293e-07,8.887903567e-07,1.833475493e-06,2.793685827e-06,0.006432107225,0.0003783041665,0.00184650429,0.005964792016,0.01153380374,0.01582457995,6.182476689e-10,3.669313563e-09,1.496959818e-08,3.929794893e-08,0.003172311781,8.241821319e-05,0.0006724630886,0.00314895886,0.007483887176,0.01170943075,4.28254095e-09,3.009457257e-08,1.514907322e-07,5.008322717e-07,0.008425054663,0.0009107035358,0.005024065194,0.0171179777,0.03391645036,0.04841536233,3.4183253e-09,2.907408994e-08,1.771373324e-07,6.984656208e-07,0.01116677305,0.0016973337,0.008213545574,0.02477869317,0.0444146695,0.05891752355,1.993286149e-09,2.157674182e-08,1.673066917e-07,8.24168611e-07,0.01425411438,0.002860372659,0.01172988267,0.03034479291,0.04742667448,0.05671236824,1.371046977e-10,2.395564658e-09,2.877176056e-08,2.046386278e-07,0.01326402615,0.002130124623,0.008106831561,0.01869853778,0.02451503958,0.02460433886,3.483173198e-13,1.635027766e-11,4.511841059e-10,6.019593549e-09,0.01104021733,0.0007748864689,0.003313839986,0.007160139387,0.007001209936,0.004719308563,1.076020507e-11,3.774577273e-10,7.783854162e-09,7.936640735e-08,0.02243473607,0.002573905099,0.007565614538,0.01154048159,0.008294104215,0.004104426664,1.870770616e-10,4.91518714e-09,7.591684881e-08,5.927996919e-07,0.03733970153,0.005458564871,0.01189422504,0.01374064609,0.007643214742,0.002908072592,8.342975146e-12,4.09637882e-10,1.051062339e-08,1.181112388e-07,0.03763597917,0.003048815344,0.005256440151,0.004281825655,0.001383365551,0.0002790755294
30,0.02325668174,0.02668508873,0.02747469944,0.02563638926,0.1265749927,0.05834048496,0.08110459953,0.09816726667,0.1009412274,0.09151425308,0.03645605574,0.04292218541,0.04534583156,0.04333029619,0.1615568447,0.09391702906,0.145585753,0.1949668019,0.2235605764,0.2240475689,0.0005186272378,0.0006783736837,0.0007962071251,0.0008384291489,0.01999501442,0.006168396952,0.01491768423,0.03019263457,0.04873417929,0.06610365201,0.0003308517163,0.0004217507046,0.0004824159289,0.0004960569836,0.01566550033,0.003831757384,0.008310516518,0.015202221,0.02200427264,0.0270006337,0.009990700031,0.008166054398,0.005989244122,0.004086227003,0.02951499704,0.004177426085,0.006201874779,0.007978927042,0.008213795525,0.007194853991,0.01629458536,0.01369740733,0.01033181987,0.007233844754,0.03849205939,0.007013388183,0.01172234845,0.01683573373,0.01951374046,0.01906267781,0.0002479692956,0.0002306411199,0.0001924947838,0.0001479703859,0.004872836206,0.000463617984,0.001188427155,0.002538922364,0.004079447691,0.005319381259,0.000152037428,0.0001375025131,0.0001115871422,8.358495474e-05,0.003736400402,0.0002761475351,0.0006287542492,0.001203266613,0.001717136152,0.002007701744,3.411493945e-07,9.322679472e-07,1.928200512e-06,2.945119735e-06,0.006556231573,0.0003972849003,0.001960986589,0.006400819672,0.01253036551,0.01739516231,6.569676558e-10,3.912861525e-09,1.601946275e-08,4.219085135e-08,0.003247067833,8.806294215e-05,0.0007294902427,0.003464407652,0.008377515064,0.01332947202,4.519845876e-09,3.186183966e-08,1.608900919e-07,5.334472101e-07,0.00860831858,0.0009657490472,0.00539993275,0.01863004062,0.03747570417,0.05428182308,3.62078505e-09,3.08927126e-08,1.888080797e-07,7.466402731e-07,0.01142771869,0.001806659969,0.008861059501,0.02706833962,0.04926652391,0.06632387586,2.12099034e-09,2.303114127e-08,1.791444914e-07,8.850383947e-07,0.01461634987,0.003059007552,0.01271444364,0.03330550928,0.05286618138,0.0641680729,1.487908015e-10,2.60891398e-09,3.144462465e-08,2.243769086e-07,0.01369735219,0.002326258802,0.008988455224,0.02102579303,0.02807387884,0.02868108386,3.972093255e-13,1.873851491e-11,5.196722163e-10,6.965334128e-09,0.0115568662,0.0008930555293,0.003902756124,0.008603783187,0.008655712813,0.006002326507,1.243254516e-11,4.383020137e-10,9.083756502e-09,9.304789987e-08,0.02359872489,0.003007367779,0.009033116843,0.01405870665,0.01040288978,0.0052999688,2.184699402e-10,5.768685178e-09,8.954484401e-08,7.024403076e-07,0.03943214735,0.00644932654,0.01436055999,0.01692662338,0.009699455648,0.003801692581,1.022143602e-11,5.049363115e-10,1.30349837e-08,1.473042464e-07,0.04020639664,0.00379545986,0.006719955363,0.005610746443,0.001884588911,0.0003954839625
31,0.02361242101,0.02712410362,0.02795848724,0.02611521186,0.1278114514,0.05957950695,0.08322620612,0.1011858842,0.1045468711,0.09520337664,0.03693925307,0.04351154072,0.04599008492,0.04396499176,0.1624593731,0.09473649164,0.1471481739,0.1974231465,0.2268278016,0.2277379893,0.0005290021728,0.0006925304435,0.0008135114709,0.0008573209681,0.02017886547,0.006265660328,0.01520723187,0.03088111533,0.05002429219,0.06807739935,0.000338150368,0.0004317077079,0.0004945533394,0.0005092487867,0.01587529259,0.003940455749,0.008601127563,0.01582759173,0.02305662354,0.02845901253,0.0101496037,0.008305863198,0.006099073401,0.004165755002,0.02981698887,0.004270751295,0.006372552812,0.008237076616,0.008522539073,0.007500097324,0.01651752579,0.01389133717,0.01048302228,0.007342892612,0.03871067126,0.007074521347,0.01184802596,0.01704763038,0.01979863712,0.01937635442,0.0002529719571,0.000235489995,0.0001967052439,0.0001513231036,0.004917418262,0.0004707982342,0.001211082969,0.002595783545,0.004185509065,0.00547536392,0.000155444898,0.0001408034129,0.0001144440685,8.584831744e-05,0.0037876534,0.0002842117607,0.0006513903839,0.001254231084,0.001801697982,0.002119375058,3.571953055e-07,9.786646628e-07,2.02944537e-06,3.107227599e-06,0.006683464904,0.0004171523337,0.002082164236,0.00686716408,0.01360940922,0.01911581096,6.988817427e-10,4.177124566e-09,1.71614562e-08,4.534511912e-08,0.003324018055,9.407424522e-05,0.0007911465385,0.003810287655,0.009374449888,0.01516733498,4.774424516e-09,3.376171209e-08,1.710169367e-07,5.686606226e-07,0.008796182055,0.001023804977,0.005801875326,0.02026771155,0.04139001844,0.06082884607,3.838509212e-09,3.285277735e-08,2.014154699e-07,7.987953713e-07,0.01169551951,0.001922410601,0.009556138848,0.02955760655,0.0546233679,0.07462316535,2.258770673e-09,2.460396519e-08,1.919770428e-07,9.511736764e-07,0.01498866768,0.003270337181,0.01377642016,0.03653977901,0.05890165916,0.07256572598,1.616404135e-10,2.844178403e-09,3.440065361e-08,2.462660104e-07,0.01414628309,0.002539735877,0.009962660476,0.02363381592,0.03213538596,0.03341688214,4.53608466e-13,2.150579964e-11,5.993888182e-10,8.070747301e-09,0.01209901935,0.001028778082,0.004593925446,0.01033241976,0.0106939341,0.007628273824,1.438465323e-11,5.096493883e-10,1.061505418e-08,1.092335236e-07,0.02482545057,0.003512081158,0.01077915781,0.01711561639,0.01303837942,0.00683815112,2.554750344e-10,6.779416049e-09,1.057583595e-07,8.334435043e-07,0.0416452699,0.007615859165,0.01732786452,0.02083741811,0.01229950553,0.004965652925,1.254296447e-11,6.233929783e-10,1.619096826e-08,1.839974368e-07,0.04295571848,0.004721652213,0.008584208879,0.007345766043,0.002564879337,0.0005598242609
32,0.02398030953,0.02757815783,0.02845896612,0.02661071061,0.1290707822,0.06084902662,0.08541052707,0.1043076586,0.1082937436,0.09905402294,0.03743609587,0.04411694962,0.04665130528,0.04461592309,0.163362323,0.09554020929,0.1486835808,0.199841418,0.2300506993,0.2313849111,0.0005397488661,0.0007071870893,0.0008314196907,0.0008768664605,0.02036409504,0.006362677917,0.01549707394,0.0315725695,0.05132458337,0.07007322115,0.0003457450511,0.000442073111,0.0005071957723,0.0005229980242,0.01608944846,0.004052354091,0.008902215334,0.01647937065,0.02416046241,0.02999778344,0.01031404699,0.008450569882,0.00621278446,0.004248124752,0.03012476863,0.004366507597,0.006548565885,0.008504549993,0.008844058728,0.007819456423,0.0167468347,0.01409060921,0.0106382503,0.007454759219,0.03892927027,0.007134358675,0.01197128032,0.01725581926,0.02007909702,0.01968570233,0.0002581542025,0.0002405102559,0.0002010626485,0.0001547917347,0.004962310162,0.0004779487813,0.00123372375,0.002652790997,0.004292214389,0.005632797192,0.0001589921094,0.0001442413663,0.0001174214615,8.820869733e-05,0.003840001224,0.0002925234179,0.0006748752887,0.001307431036,0.001890552951,0.002237431586,3.742829892e-07,1.02814356e-06,2.137581702e-06,3.280630754e-06,0.006813641366,0.0004378903703,0.002210067586,0.007364505261,0.01477435215,0.02099526388,7.442378753e-10,4.463751192e-09,1.840310774e-08,4.878266935e-08,0.003403080344,0.000100457725,0.0008576136564,0.00418840636,0.010483239,0.01724578377,5.047357234e-09,3.580270966e-08,1.819193853e-07,6.066493142e-07,0.008988365708,0.001084846316,0.006230358123,0.02203581608,0.04568094512,0.0681113957,4.072483042e-09,3.496368541e-08,2.150237114e-07,8.552119514e-07,0.01196978263,0.002044582744,0.01029993778,0.03225530822,0.06051862866,0.0838923783,2.407306494e-09,2.630345268e-08,2.058758291e-07,1.02296452e-06,0.0153705357,0.003494472831,0.01491829174,0.04006160877,0.06557662351,0.08199295874,1.757604392e-10,3.103433573e-09,3.766749658e-08,2.705219354e-07,0.01461043534,0.002771406173,0.01103593081,0.0265475008,0.03675593948,0.03890048286,5.186430115e-13,2.471094015e-11,6.921314836e-10,9.36213529e-09,0.01266674592,0.001184165628,0.005402441663,0.01239533288,0.01319607898,0.009681332377,1.666221003e-11,5.932680877e-10,1.241789459e-08,1.283698023e-07,0.0261155184,0.004097851217,0.01284966428,0.0208137064,0.01632038469,0.008809856759,2.990702622e-10,7.975598957e-09,1.250351104e-07,9.898618841e-07,0.043980906,0.008984823338,0.02088579057,0.02562121049,0.0155752909,0.006476048032,1.541087407e-11,7.705677761e-10,2.013462828e-08,2.300926492e-07,0.04588984463,0.005866514553,0.01095026314,0.009602459492,0.003484572231,0.0007908765517
33,0.02436037101,0.02804727129,0.02897615324,0.02712290225,0.1303513777,0.06214733424,0.08765518719,0.1075300768,0.1121801371,0.1030658317,0.03794634221,0.04473804498,0.04732901675,0.04528255688,0.1642633985,0.09632444774,0.150184626,0.2022097466,0.2332130469,0.2349695819,0.0005508684107,0.0007223436495,0.0008499301726,0.0008970623318,0.02055028763,0.006459063513,0.01578603079,0.03226414091,0.05262962758,0.07208275707,0.0003536403796,0.0004528532329,0.0005203511211,0.0005373136063,0.01630770049,0.004167307349,0.009213509541,0.01715726175,0.02531590286,0.03161800455,0.01048405045,0.008600190324,0.006330389324,0.004333345378,0.03043795522,0.004464575239,0.006729744925,0.008781174578,0.009178272216,0.008152978427,0.01698240459,0.01429510552,0.0107973939,0.007569353769,0.03914728946,0.00719261117,0.01209149759,0.01745923547,0.02035364713,0.01998905975,0.0002635165644,0.0002457018989,0.0002055665767,0.0001583756586,0.005007409126,0.0004850401514,0.001256253818,0.002709699501,0.004399098429,0.005790989496,0.0001626813765,0.0001478186426,0.0001205213476,9.066777021e-05,0.003893380534,0.0003010726144,0.0006991911211,0.00136285145,0.001983729139,0.002361982655,3.924690151e-07,1.080874357e-06,2.252995605e-06,3.465973851e-06,0.006946580173,0.0004594743698,0.002344667783,0.007893284999,0.01602808642,0.02304156778,7.933014369e-10,4.774505156e-09,1.975247272e-08,5.252695747e-08,0.003484161792,0.0001072159429,0.0009290428896,0.004600435309,0.01171230488,0.01958816909,5.339774728e-09,3.799373937e-08,1.936477134e-07,6.47597986e-07,0.009184562383,0.001148815991,0.006685607841,0.02393824228,0.05036825061,0.07618295553,4.323736492e-09,3.723525926e-08,2.296998842e-07,9.161837056e-07,0.01225007185,0.002173107641,0.01109319783,0.0351688819,0.06698355937,0.09420736087,2.567307563e-09,2.813821273e-08,2.20915581e-07,1.100819032e-06,0.01576135499,0.00373140218,0.01614191537,0.04388332586,0.07293260017,0.0925373257,1.912656378e-10,3.388910946e-09,4.127492935e-08,2.973777124e-07,0.0150893302,0.003022022518,0.01221446318,0.029791678,0.04199406499,0.04522692144,5.93595109e-13,2.842101212e-11,7.999583263e-10,1.086972179e-08,0.01325996447,0.001361436176,0.006344728264,0.01484770655,0.01625532799,0.0122627036,1.931764911e-11,6.91195851e-10,1.453873329e-08,1.509754075e-07,0.02746916441,0.004775218336,0.0152956116,0.02526984918,0.02039057392,0.01132628388,3.503878944e-10,9.390043805e-09,1.479328897e-07,1.17644623e-06,0.04644019338,0.01058536876,0.025135372,0.03144938358,0.01968499768,0.008427299884,1.895115737e-11,9.532776577e-10,2.505833966e-08,2.879463092e-07,0.0490138139,0.007275889519,0.01394035129,0.01252462221,0.004722043812,0.001114096941
34,0.02475261934,0.02853144953,0.02951004742,0.02765178314,0.131651572,0.06347255401,0.08995746442,0.11085006,0.1162035905,0.1072376159,0.03846972912,0.04537443007,0.04802270679,0.04596431981,0.1651602861,0.09708544107,0.1516438546,0.2045160237,0.2362981989,0.2384726576,0.0005623614364,0.0007379993696,0.0008690401624,0.0009179038527,0.02073701776,0.006554416721,0.0160728649,0.0329527997,0.05393359854,0.07409692362,0.0003618408262,0.0004640541322,0.0005340268825,0.0005522039352,0.01652976663,0.004285148882,0.009534670405,0.01786080015,0.02652274891,0.03332028718,0.01065963039,0.00875473596,0.006451895968,0.004421422699,0.03075615274,0.004564821522,0.006915892211,0.009066728516,0.009525032324,0.008500642504,0.01722411796,0.01450469812,0.01096033417,0.007686578346,0.03936415751,0.007248987647,0.01220805554,0.01765679398,0.02062077795,0.02028471494,0.0002690593487,0.0002510646474,0.0002102163244,0.0001620739953,0.005052609974,0.0004920418457,0.001278573028,0.002766249648,0.004505663225,0.005949192373,0.0001665149541,0.0001515374315,0.0001237456664,9.322713042e-05,0.003947724375,0.0003098478458,0.0007243146312,0.001420463681,0.002081230299,0.002493106642,4.118122436e-07,1.137033175e-06,2.376086851e-06,3.663923233e-06,0.00708208523,0.0004818703563,0.002485868664,0.00845366204,0.01737283399,0.02526178169,8.463559353e-10,5.111269385e-09,2.121814806e-08,5.660301626e-08,0.003567158212,0.0001143479171,0.00100554715,0.005047849587,0.01306971941,0.02221794806,5.652856761e-09,4.034408097e-08,2.062542484e-07,6.916987833e-07,0.009384436454,0.001215621158,0.007167570463,0.02597769872,0.05546912584,0.08509388811,4.593342477e-09,3.967772173e-08,2.455137713e-07,9.820161536e-07,0.01253590634,0.002307841981,0.01193616623,0.0383039872,0.07404608627,0.1056406426,2.739512424e-09,3.011720124e-08,2.371740544e-07,1.185162059e-06,0.01616045748,0.003980970482,0.01744838363,0.0480150033,0.08100772708,0.1042839905,2.082787616e-10,3.703000369e-09,4.525488881e-08,3.270836765e-07,0.01558238756,0.003292207977,0.01350397404,0.03339049389,0.04790934903,0.05249629965,6.799168357e-13,3.271224787e-11,9.25216947e-10,1.26281014e-08,0.0138784252,0.001562877713,0.007438382294,0.01775047192,0.01997855112,0.01549256647,2.241092393e-11,8.057716013e-10,1.7031102e-08,1.776502355e-07,0.02888620496,0.005555330082,0.01817277097,0.03061554088,0.02541437537,0.0145218562,4.107334547e-10,1.106073359e-08,1.751000957e-07,1.398740357e-06,0.04902346288,0.012448888,0.03018891372,0.03851760033,0.02481597983,0.01093518283,2.331682997e-11,1.179845238e-09,3.119821759e-08,3.604649426e-07,0.05233160519,0.009002817603,0.01770052212,0.01628904297,0.006377921301,0.001563590924
35,0.0251570574,0.02903068212,0.0300606272,0.02819732715,0.1329696419,0.06482264011,0.09231427491,0.1142639293,0.120360829,0.1115672804,0.03900597144,0.04602567725,0.04873182485,0.04666059726,0.1660506604,0.09781940897,0.153053742,0.2067479654,0.2392891781,0.2418743122,0.0005742280594,0.0007541526367,0.0008887456641,0.0009393847432,0.02092385088,0.006648324604,0.01635628584,0.03363535396,0.05523028924,0.07610594129,0.0003703506853,0.0004756815495,0.0005482300769,0.0005676768082,0.01675535015,0.004405689603,0.009865284231,0.0185893375,0.02778045982,0.03510473193,0.01084079837,0.008914213255,0.006577307851,0.004512358862,0.03107895054,0.004667100416,0.007106779961,0.009360937352,0.009884121122,0.008862352337,0.01747184677,0.01471924854,0.01112694298,0.00780632768,0.03957930011,0.007303196119,0.01232032689,0.01784739552,0.02087895226,0.02057091641,0.0002747826092,0.0002565979255,0.0002150108798,0.0001658855846,0.005097805333,0.0004989224715,0.001300577207,0.002822168919,0.00461138003,0.006106603097,0.0001704950199,0.0001553998237,0.0001270962519,9.588827405e-05,0.004002962139,0.0003188359228,0.0007502167855,0.001480224182,0.002183032855,0.002630843816,4.323737518e-07,1.196802212e-06,2.507267885e-06,3.875164916e-06,0.007219944855,0.0005050342814,0.002633498762,0.009045466028,0.01880999137,0.02766164758,9.037036364e-10,5.47604939e-09,2.280928446e-08,6.10374838e-08,0.003651953749,0.0001218486143,0.001087192447,0.005531860392,0.01456293743,0.02515807865,5.987830314e-09,4.286336697e-08,2.197932295e-07,7.391506963e-07,0.009587623361,0.001285129653,0.007675868407,0.02815545764,0.06099730586,0.09488951726,4.882414483e-09,4.230166786e-08,2.62537634e-07,1.053025545e-06,0.01282675973,0.002448559495,0.01282851189,0.04166407544,0.08172950736,0.1182588549,2.924686216e-09,3.224969065e-08,2.547317377e-07,1.276433455e-06,0.01656710417,0.00424286187,0.01883787614,0.05246383251,0.08983515106,0.1173129282,2.269306098e-10,4.048250828e-09,4.964148045e-08,3.59907521e-07,0.01608892015,0.003582420721,0.01490947764,0.03736666708,0.05456102953,0.06081200802,7.792466493e-13,3.767094885e-11,1.070574199e-09,1.467670299e-08,0.01452169253,0.001790799093,0.008701920151,0.02116982775,0.0244865378,0.01951167525,2.601029829e-11,9.396682002e-10,1.995640571e-08,2.090848638e-07,0.03036598598,0.00644975185,0.02154115258,0.03699648493,0.03158224447,0.01855688417,4.816053499e-10,1.303143197e-08,2.072867665e-07,1.663181001e-06,0.05173012871,0.01460859591,0.03616928975,0.04704596666,0.03118707897,0.01413976172,2.869287446e-11,1.460383214e-09,3.884264604e-08,4.512156165e-07,0.05584592704,0.01110779066,0.0224029008,0.02111018564,0.008579716237,0.002184458889
36,0.02557367588,0.02954494104,0.03062784893,0.02875948356,0.1343038074,0.06619537396,0.09472216059,0.1177673749,0.1246477079,0.1160517425,0.03955476073,0.04669132677,0.04945578112,0.04737073218,0.1669321897,0.09852257535,0.1544067341,0.2088931831,0.2421687784,0.2451543633,0.0005864678308,0.0007708009058,0.000909041343,0.0009614970602,0.0211103443,0.006740363598,0.01663495644,0.03430846472,0.0565131399,0.07809937571,0.0003791740347,0.0004877408481,0.0005629671658,0.0005837393181,0.01698413961,0.004528717275,0.01020485942,0.01934202816,0.02908811534,0.03697086406,0.01102756059,0.009078623149,0.006706623446,0.004606151966,0.03140592336,0.004771252268,0.007302149092,0.009663470927,0.01025524439,0.009237928688,0.01772545195,0.01493860739,0.01129708268,0.00792848894,0.03979214142,0.007354945287,0.01242768277,0.01802993321,0.02112661482,0.02084588456,0.0002806861229,0.0002623008324,0.0002199488996,0.0001698089657,0.00514288589,0.0005056498944,0.00132215867,0.002877173054,0.0047156919,0.006262368423,0.0001746236563,0.0001594077913,0.000130574812,9.865258147e-05,0.004059019553,0.0003280219106,0.0007768624219,0.001542073276,0.002289082909,0.002775191082,4.542167366e-07,1.260369317e-06,2.646962596e-06,4.10040213e-06,0.007359931622,0.0005289113654,0.002787303632,0.009668151255,0.02033996697,0.03024523239,9.656661276e-10,5.870976015e-09,2.45355949e-08,6.585861798e-08,0.00373842056,0.0001297084481,0.001173989002,0.006053341569,0.01619849046,0.02843028236,6.34596707e-09,4.556155661e-08,2.343206281e-07,7.901587967e-07,0.009793729382,0.00135716675,0.008209758196,0.03047108885,0.06696211201,0.105607945,5.192103454e-09,4.511802893e-08,2.808459269e-07,1.129537465e-06,0.01312205958,0.002594943035,0.01376924106,0.04524993779,0.09005105942,0.1321197537,3.123617893e-09,3.454523127e-08,2.736714778e-07,1.375085877e-06,0.01698048392,0.004516581285,0.02030950782,0.05723345476,0.09944123465,0.1316956442,2.473599812e-10,4.427368989e-09,5.447095339e-08,3.961340749e-07,0.01660812863,0.003892916599,0.01643503875,0.04174062076,0.06200623917,0.07027831401,8.934258861e-13,4.339440097e-11,1.239046089e-09,1.706025617e-08,0.01518912805,0.002047467134,0.01015440821,0.02517635002,0.02991353808,0.02448231701,3.019314187e-11,1.095925505e-09,2.338472992e-08,2.460701664e-07,0.03190733289,0.007470206298,0.02546407441,0.04457129605,0.03910994025,0.02361964409,5.647147705e-10,1.535230177e-08,2.453558667e-07,1.977200469e-06,0.0545585788,0.0170989021,0.04320848417,0.05727791829,0.03904992367,0.01820794933,3.53017865e-11,1.807115061e-09,4.834194583e-08,5.64551756e-07,0.05955799865,0.013658674,0.02824721707,0.02724432957,0.01148664956,0.003035475195
37,0.02600245204,0.03007417907,0.03121164482,0.02933817499,0.1356522336,0.06758836298,0.09717727923,0.1213554295,0.1290591605,0.1206868562,0.04011576436,0.04737088567,0.05019394554,0.04809402419,0.1678025423,0.09919118824,0.1556952909,0.2109392596,0.2449196787,0.2482924122,0.0005990796869,0.0007879406261,0.0009299204317,0.0009842310898,0.02129604831,0.006830101701,0.01690749997,0.03496866435,0.05777527394,0.08006619336,0.0003883146957,0.0005002369526,0.0005782439677,0.0006003977507,0.01721580901,0.004653995997,0.010552823,0.02011781633,0.03044438237,0.03891756934,0.01121991735,0.009247960524,0.006839835771,0.00470279569,0.03173663165,0.004877103618,0.007501708185,0.009973940587,0.01063802636,0.009627102167,0.01798478287,0.01516261395,0.01147060578,0.008052941573,0.04000210568,0.007403946135,0.01252949654,0.01820329966,0.02136220317,0.02110782467,0.0002867693656,0.0002681721174,0.0002250286859,0.000173842358,0.005187740662,0.0005121914106,0.001343206833,0.002930967708,0.004818016958,0.006415589528,0.0001789028316,0.0001635631668,0.0001341829093,0.0001015212993,0.004115818698,0.000337389081,0.0008042099427,0.001605933997,0.002399293323,0.002926096688,4.774063894e-07,1.327927482e-06,2.795604839e-06,4.3403524e-06,0.007501802341,0.0005534355426,0.002946938735,0.01032075151,0.02196201475,0.03301454811,1.032584793e-09,6.2983074e-09,2.640735842e-08,7.109629489e-08,0.003826418585,0.0001379127987,0.001265882215,0.006612751447,0.01798164366,0.03205417459,6.728580187e-09,4.844890314e-08,2.498939239e-07,8.449332965e-07,0.01000233169,0.001431512319,0.00876809001,0.0329221915,0.07336743631,0.1172776324,5.5235939e-09,4.813802789e-08,3.005149467e-07,1.211885124e-06,0.01342118727,0.002746577457,0.01475661536,0.04905924362,0.09902037992,0.1472688794,3.337116773e-09,3.701360369e-08,2.940780214e-07,1.481582063e-06,0.0173997129,0.004801437703,0.02186117839,0.06232326698,0.1098436025,0.1474914349,2.697135056e-10,4.843215116e-09,5.978163694e-08,4.360647524e-07,0.0171390973,0.004223710216,0.01808350329,0.04652949744,0.07029789139,0.08099725569,1.024514858e-12,4.99917667e-11,1.434026926e-09,1.982924669e-08,0.01587987448,0.002335029178,0.0118149632,0.02984360657,0.03640588579,0.03058828421,3.504670677e-11,1.277982712e-09,2.739563304e-08,2.895067864e-07,0.03350850237,0.008628234216,0.03000678906,0.05350909438,0.04823739378,0.02992744395,6.620052411e-10,1.808051513e-08,2.902944742e-07,2.349328869e-06,0.05750606743,0.01995454678,0.05144520563,0.06947743048,0.04868868106,0.0233352841,4.34096931e-11,2.23473053e-09,6.011914695e-08,7.0575402e-07,0.06346732611,0.0167301735,0.03546116431,0.03499255253,0.01529428516,0.004191993094
38,0.02644334863,0.03061832823,0.03181192102,0.02993329535,0.1370130322,0.06899904074,0.09967539767,0.1250224455,0.1335891503,0.1254673416,0.0406886246,0.0480638269,0.05094564696,0.04882972902,0.1686593931,0.09982154066,0.1569119327,0.2128738325,0.2475245668,0.2512679983,0.0006120618984,0.0008055671699,0.0009513746386,0.001007575244,0.02148050737,0.006917100926,0.0171725085,0.03561237825,0.05900954186,0.08199483221,0.0003977761922,0.0005131742853,0.0005940655712,0.0006176574796,0.01745001801,0.004781265901,0.01090851782,0.02091542472,0.03184748351,0.04094303172,0.0114178625,0.009422213662,0.006976931923,0.00480227893,0.032070622,0.004984467128,0.007705132696,0.01029189677,0.0110320049,0.01002950635,0.01824967697,0.01539109592,0.01164735481,0.008179557181,0.04020861884,0.00744991359,0.01262514776,0.01836639469,0.02158415927,0.0213549411,0.000293031487,0.0002742101544,0.0002302481637,0.0001779836428,0.005232257312,0.0005185139392,0.001363608904,0.002983250378,0.004917752324,0.006565328166,0.0001833343808,0.0001678676214,0.0001379219393,0.000104495522,0.004173278051,0.0003469188809,0.0008322110561,0.001671711048,0.002513540929,0.003083455028,5.020097443e-07,1.399674223e-06,2.953636697e-06,4.595744116e-06,0.007645298164,0.0005785290362,0.003111963152,0.01100183751,0.02367406903,0.03596915914,1.10482118e-09,6.760429978e-09,2.843541853e-08,7.678198854e-08,0.003915795418,0.0001464415705,0.001362743725,0.007210051833,0.01991602163,0.03604626897,7.137020282e-09,5.153591391e-08,2.665718361e-07,9.036884164e-07,0.01021297866,0.001507898556,0.009349270672,0.03550413239,0.08021069508,0.129914793,5.878099152e-09,5.137312551e-08,3.216224087e-07,1.300407291e-06,0.01372347834,0.00290294361,0.01578807499,0.05308608323,0.1086379023,0.1637359149,3.566008391e-09,3.966476161e-08,3.160374628e-07,1.596391556e-06,0.01782383482,0.005096529309,0.023489428,0.06772772208,0.1210490713,0.1647432486,2.941453363e-10,5.298795971e-09,6.561383258e-08,4.800166237e-07,0.01768079096,0.004574535549,0.01985621257,0.05174607037,0.07948221671,0.0930648069,1.174807989e-12,5.758492114e-11,1.659316605e-09,2.304034263e-08,0.0165928409,0.002655421039,0.01370211106,0.03524619999,0.0441194624,0.0380334613,4.066885496e-11,1.489708687e-09,3.207889155e-08,3.404140743e-07,0.03516713694,0.009934772285,0.03523460983,0.06398576299,0.05922570521,0.03772614893,7.756710249e-10,2.128083017e-08,3.432244049e-07,2.789291723e-06,0.06056861285,0.0232094771,0.06102141591,0.08392413468,0.06041765157,0.0297464214,5.33329693e-11,2.760771887e-09,7.468174977e-08,8.811848412e-07,0.06757147862,0.02040271425,0.04429907309,0.04470176721,0.02023840412,0.005748871568
39,0.02689631259,0.0311772982,0.0324285558,0.03054470782,0.1383842639,0.07042466883,0.1022118883,0.1287620786,0.1382306322,0.1303867205,0.04127295787,0.04876958857,0.05171017256,0.04957705809,0.1695004304,0.1004099925,0.1580492895,0.2146846817,0.2499662717,0.2540607658,0.0006254120222,0.0008236747642,0.0009733940624,0.001031515964,0.02166326146,0.007000919996,0.01742855222,0.03623594984,0.06020857316,0.08387328748,0.0004075617089,0.0005265567026,0.0006104362469,0.0006355228599,0.01768641226,0.004910243095,0.01127120051,0.02173334485,0.03329516849,0.04304467422,0.01162138284,0.009601363708,0.007117892622,0.004904585431,0.03240742758,0.005093141632,0.007912064431,0.01061682702,0.01143662718,0.01044467135,0.01851995932,0.01562386906,0.01182716214,0.008308199453,0.0404111103,0.007492568269,0.01271402645,0.01851813344,0.02179094198,0.02158545257,0.0002994712872,0.000280412919,0.0002356048601,0.0001822303463,0.005276322476,0.0005245842323,0.001383250667,0.003033712613,0.005014278718,0.006710614021,0.0001879199851,0.0001723226438,0.0001417931094,0.000107576173,0.004231312559,0.0003565909174,0.0008608105738,0.001739289877,0.002631663942,0.00324710162,5.280954935e-07,1.475810863e-06,3.121506454e-06,4.867312598e-06,0.007790144848,0.0006041020883,0.0032818344,0.01170947848,0.02547258581,0.03910578841,1.182757237e-09,7.259858367e-09,3.06311753e-08,8.294872901e-08,0.004006386283,0.000155268805,0.001464362901,0.007844626533,0.02200321169,0.04041887123,7.572670567e-09,5.48333027e-08,2.844140037e-07,9.666410499e-07,0.01042519054,0.001586008407,0.00995123175,0.03820980111,0.08748178578,0.14352067,6.256855704e-09,5.483495667e-08,3.442469492e-07,1.395445875e-06,0.01402822335,0.003063413772,0.01686017065,0.05732053215,0.1188932343,0.181530834,3.811129598e-09,4.250876443e-08,3.396365937e-07,1.719986848e-06,0.01825182188,0.005400731388,0.02518930522,0.07343564852,0.1330515248,0.1834732424,3.208166836e-10,5.797254265e-09,7.200965508e-08,5.283210517e-07,0.01823205273,0.004944807331,0.02175270862,0.05739757435,0.0895959793,0.1065663168,1.346847315e-12,6.630919225e-11,1.919144642e-09,2.675676954e-08,0.01732668972,0.003010261096,0.01583299952,0.04145717908,0.05321576788,0.0470385882,4.716869928e-11,1.735428694e-09,3.753515769e-08,3.999380061e-07,0.03688022385,0.0113996473,0.04121049464,0.07617866756,0.07235179053,0.0472875628,9.081733941e-10,2.502610279e-08,4.054116931e-07,3.30809758e-06,0.0637409026,0.02689545192,0.07207764201,0.1009059468,0.07457604814,0.0376937339,6.544522332e-11,3.406043416e-09,9.263425342e-08,1.098453808e-06,0.07186586999,0.02476059706,0.05503832597,0.05676286326,0.02659734662,0.007823097506
40,0.02736127399,0.03175097483,0.0330613977,0.03117224297,0.1397639416,0.07186234043,0.1047817293,0.1325672766,0.1429755191,0.1354372607,0.0418683541,0.04948757342,0.05248676755,0.05033517852,0.1703233633,0.100952993,0.1591001516,0.2163598213,0.2522279044,0.2566506404,0.0006391268533,0.0008422564248,0.0009959671114,0.001056037636,0.02184384752,0.007081117271,0.01767418977,0.03683566866,0.06136483592,0.08568921214,0.0004176740482,0.0005403874285,0.0006273593575,0.0006539971197,0.01792462391,0.005040619848,0.01164004025,0.02256982948,0.03478468925,0.04521910464,0.01183045762,0.009785384147,0.007262691762,0.005009693442,0.03274656887,0.005202912327,0.008122111324,0.01094815457,0.01185124607,0.0108720181,0.01879544232,0.01586073707,0.01200984987,0.008438724144,0.04060901472,0.007531638263,0.01279553742,0.01865745492,0.02198104017,0.02179760836,0.0003060871933,0.0002867779652,0.0002410958841,0.0001865796236,0.005319822131,0.0005303691019,0.001402017331,0.003082042481,0.005106965685,0.006850453244,0.0001926611519,0.0001769295173,0.0001457974172,0.0001107639853,0.004289833747,0.0003663829624,0.0008899462735,0.001808535923,0.002753459642,0.003416808416,5.557337705e-07,1.55654169e-06,3.299666282e-06,5.155795607e-06,0.007936053166,0.0006300528726,0.003455904662,0.01244120983,0.02735239716,0.04241793647,1.266795395e-09,7.799233959e-09,3.300657027e-08,8.963103615e-08,0.004098014132,0.0001643623693,0.001570439077,0.008515202296,0.0242423563,0.04517888794,8.036941078e-09,5.835193397e-08,3.034806146e-07,1.034009216e-06,0.01063846041,0.001665474821,0.01057140459,0.04102939323,0.0951620889,0.158078789,6.661116591e-09,5.85352563e-08,3.684675474e-07,1.497343118e-06,0.01433466923,0.003227248863,0.01796850761,0.06174825629,0.129763582,0.2006399648,4.073322865e-09,4.555569916e-08,3.649621512e-07,1.852838907e-06,0.0186825766,0.005712687678,0.0269542536,0.07942961769,0.1458298088,0.2036781695,3.498951696e-10,6.341854239e-09,7.901281656e-08,5.813218425e-07,0.01879160318,0.005333584695,0.02377044036,0.06348448867,0.1006634309,0.1215712753,1.54343355e-12,7.631395824e-11,2.218189377e-09,3.104860796e-08,0.0180798258,0.003400732397,0.01822246787,0.04854478794,0.06385639935,0.05783576235,5.466711416e-11,2.0199456e-09,4.387648173e-08,4.693574904e-07,0.03864405952,0.01303099177,0.04799207294,0.09025969242,0.08790022868,0.05890402129,1.062253573e-09,2.939769543e-08,4.782742167e-07,3.918109059e-06,0.06701620971,0.03104037816,0.08474699196,0.1207088804,0.0915193056,0.04745334875,8.018445097e-11,4.195032511e-09,1.146910959e-07,1.366589247e-06,0.07634355184,0.02988931271,0.06797292614,0.07160489254,0.03469184461,0.01055563362
41,0.02783814488,0.03233921863,0.03371026384,0.03181569689,0.1411500333,0.07330898562,0.1073795087,0.1364302752,0.1478146596,0.1406099304,0.04247437619,0.0502171484,0.05327463505,0.05110321332,0.1711259287,0.1014471036,0.160057522,0.2178875955,0.2542930033,0.2590180158,0.0006532023794,0.0008613038943,0.001019080429,0.001081122505,0.022021801,0.007157253871,0.0179079795,0.03740780135,0.06247070362,0.08743003148,0.0004281155864,0.0005546689892,0.0006448372683,0.0006730822524,0.01816427217,0.005172065069,0.01201411853,0.02342288749,0.03631277965,0.04746206785,0.01204505795,0.009974240292,0.007411295973,0.005117575368,0.03308755436,0.005313551097,0.008334847543,0.01128523741,0.01227511725,0.01131085336,0.01907592546,0.01610149139,0.01219522982,0.008570979112,0.04080177391,0.007566860961,0.0128691048,0.01878333072,0.02215298632,0.02198970523,0.000312877237,0.0002933024042,0.000246717909,0.0001910282451,0.005362641986,0.0005358356618,0.001419794456,0.003127927263,0.00519517742,0.006983838087,0.0001975591936,0.0001816892974,0.0001499356283,0.0001140594825,0.004348749851,0.0003762709772,0.0009195488359,0.001879294055,0.002878682407,0.003592279553,5.849958981e-07,1.642073003e-06,3.488569617e-06,5.461928301e-06,0.008082719487,0.0006562676113,0.003633418697,0.01319400855,0.02930658557,0.04589552973,1.357358481e-09,8.381322039e-09,3.557406331e-08,9.686482594e-08,0.004190489859,0.0001736837388,0.001680574928,0.009219775526,0.02662974955,0.05032658692,8.531261954e-09,6.210275843e-08,3.238319794e-07,1.10601029e-06,0.01085225546,0.001745880982,0.0112067041,0.043950234,0.1032235623,0.1735523032,7.092143762e-09,6.248577451e-08,3.943628662e-07,1.606438393e-06,0.01464202119,0.003393597773,0.0191077057,0.06635017927,0.1412122911,0.2210221295,4.353429779e-09,4.881559147e-08,3.920999602e-07,1.99541209e-06,0.01911493453,0.006030805958,0.02877602372,0.08568539174,0.1593457419,0.225324776,3.815539858e-10,6.935962983e-09,8.666834771e-08,6.393728584e-07,0.0193580408,0.005739538718,0.02590448221,0.06999931466,0.1126930889,0.1381275135,1.767633808e-12,8.776304808e-11,2.561590444e-09,3.599298312e-08,0.01885038829,0.003827455824,0.02088198874,0.05656856235,0.07619580617,0.07066028882,6.329706464e-11,2.348553361e-09,5.122664238e-08,5.500883744e-07,0.04045422101,0.01483459259,0.05562813812,0.1063865352,0.1061519505,0.07287957563,1.240940967e-09,3.448573838e-08,5.633866263e-07,4.633089493e-06,0.07038632283,0.03566640203,0.0991478707,0.1436038444,0.1116063457,0.05931793689,9.806007778e-11,5.156325611e-09,1.416894896e-07,1.696209168e-06,0.08099502503,0.03587192593,0.08340367985,0.08968420482,0.0448812015,0.01411187395
42,0.02832681816,0.03294186337,0.03437493821,0.0324748294,0.1425404661,0.07476137864,0.109999433,0.1403426013,0.152737825,0.1458943646,0.04309055964,0.05095764459,0.05407293636,0.05188024196,0.1719058995,0.1018890217,0.16091467,0.2192567752,0.2561456849,0.2611439453,0.0006676337366,0.0008808075851,0.001042718828,0.001106750615,0.02219665753,0.007228896967,0.0181284914,0.03794862525,0.06351852858,0.08908307062,0.0004388882301,0.0005694031457,0.0006628712565,0.0006927789087,0.01840496411,0.00530422507,0.01239242995,0.02429028146,0.0378756406,0.04976840636,0.01226514628,0.01016788878,0.007563664205,0.00522819745,0.03342988148,0.005424816985,0.008549813941,0.0116273681,0.01270739726,0.0117603657,0.01936119507,0.01634591116,0.01238310357,0.008704804411,0.04098883874,0.007597984888,0.01293417655,0.01889477399,0.02230537049,0.0221601048,0.0003198390335,0.0002999828848,0.0002524671559,0.0001955725842,0.005404667893,0.0005409515802,0.001436468931,0.003171056359,0.005278279113,0.007109757537,0.0002026152061,0.0001866027888,0.0001542082547,0.0001174629593,0.004407965989,0.0003862291599,0.0009495418629,0.001951388229,0.003007042164,0.003773147709,6.159540992e-07,1.732612033e-06,3.688668236e-06,5.786437632e-06,0.00822982651,0.0006826209189,0.003813513724,0.0139642784,0.03132638555,0.04952461604,1.454889415e-09,9.009007251e-09,3.834660033e-08,1.046872866e-07,0.004283612651,0.0001831878941,0.001794271386,0.009955548517,0.02915845559,0.05585435749,9.057075712e-09,6.609673986e-08,3.455280506e-07,1.182859013e-06,0.01106601865,0.001826761626,0.01185352305,0.04695665528,0.1116279808,0.1898815656,7.551199416e-09,6.669818074e-08,4.220105103e-07,1.723064614e-06,0.01494944521,0.00356149909,0.02027137892,0.07110223439,0.153187588,0.2426050481,4.652283697e-09,5.229830549e-08,4.211339708e-07,2.148158418e-06,0.01954766784,0.006353258596,0.03064461791,0.09217148609,0.1735423444,0.248345424,4.15970836e-10,7.583027117e-09,9.502225079e-08,7.028350505e-07,0.01992984402,0.006160925652,0.02814727861,0.07692540035,0.1256744572,0.1562550176,2.022784938e-12,1.008348841e-10,2.954952424e-09,4.167411232e-08,0.01963624548,0.004290358707,0.02381850948,0.06557483713,0.09037229693,0.08573960156,7.320369638e-11,2.727040249e-09,5.972122153e-08,6.436843611e-07,0.04230554586,0.01681319184,0.0641546742,0.1246923282,0.1273695754,0.08951725114,1.447555095e-09,4.038919242e-08,6.624816211e-07,5.468216192e-06,0.07384149373,0.04078780233,0.1153754941,0.1698304203,0.1351824028,0.07358563836,1.196595136e-10,6.322996466e-09,1.746014499e-07,2.099682164e-06,0.08580807698,0.04278449411,0.1016245849,0.1114675379,0.05755459242,0.01867995946
43,0.02882716657,0.03355871475,0.03505517014,0.03314936249,0.1439331305,0.07621614701,0.1126353399,0.1442950839,0.1577337083,0.1512788446,0.04371641231,0.05170835724,0.0548807914,0.05266530131,0.1726610919,0.1022756032,0.161665184,0.2204566571,0.2577707958,0.2630103367,0.0006824151689,0.0009007565274,0.001066865231,0.001132899745,0.02236795462,0.007295623216,0.01833431981,0.03845446404,0.06450072098,0.09063569352,0.0004499933711,0.0005845908278,0.0006814614225,0.0007130862899,0.01864629546,0.005436724637,0.01277388422,0.02516952849,0.0394689316,0.05213203089,0.01249067589,0.0103662771,0.007719747327,0.00534151945,0.03377303759,0.005536456824,0.00876651889,0.01197377422,0.01314714252,0.0122196227,0.01965102422,0.01659376324,0.01257326258,0.008840032443,0.04116967113,0.007624771534,0.01299022904,0.01899084839,0.02243685438,0.0223072512,0.000326969761,0.0003068155753,0.0002583393799,0.0002002086077,0.005445786284,0.000545685343,0.001451930004,0.003211124366,0.005355643741,0.007227208817,0.0002078300481,0.0001916705225,0.0001586155323,0.0001209744624,0.00446738436,0.0003962300153,0.0009798419848,0.002024621405,0.003138203348,0.003958971196,6.4868117e-07,1.828365739e-06,3.900409008e-06,6.130036176e-06,0.008377044177,0.0007089763892,0.003995221532,0.01474784657,0.03340112029,0.05328712679,1.559850692e-09,9.685287209e-09,4.133757122e-08,1.131367219e-07,0.004377170473,0.0001928233499,0.001910924489,0.0107188792,0.03181796942,0.06174552963,9.615828492e-09,7.034477289e-08,3.686278857e-07,1.26476528e-06,0.01127917067,0.001907605546,0.01250773864,0.05002993825,0.1203263773,0.2069820789,8.039536269e-09,7.11839568e-08,4.514862008e-07,1.84754425e-06,0.01525607106,0.003729885507,0.02145213826,0.07597522389,0.1656216074,0.2652822244,4.970701575e-09,5.601343267e-08,4.521451916e-07,2.311511254e-06,0.01997948992,0.006677988703,0.03254827411,0.09884888263,0.1883424054,0.2726341931,4.533266496e-10,8.286544521e-09,1.041210799e-07,7.720728714e-07,0.02050537469,0.006595567695,0.03048842919,0.08423587303,0.1395748407,0.1759396015,2.312491366e-12,1.157223003e-10,3.404337378e-09,4.818317262e-08,0.02043499322,0.00478854466,0.02703323558,0.07559179229,0.1064974203,0.1032791681,8.45441235e-11,3.16167912e-09,6.950735359e-08,7.518339751e-07,0.04419212178,0.01896576735,0.07359054099,0.145273813,0.1517794509,0.1091020803,1.685699494e-09,4.721565708e-08,7.774465073e-07,6.440050371e-06,0.07737040526,0.04640876015,0.1334924241,0.1995778723,0.1625573082,0.0905446858,1.456537432e-10,7.732937909e-09,2.145441104e-07,2.591266037e-06,0.09076765213,0.0506905618,0.1229052492,0.1374083342,0.07311631754,0.02446613217
44,0.02933904166,0.03418954908,0.03575067284,0.03383897876,0.1453258852,0.07766978265,0.1152807154,0.1482778738,0.1627899356,0.1567502932,0.04435141433,0.05246854606,0.05569727957,0.05345738685,0.1733893736,0.1026038858,0.1623030254,0.2214771608,0.2591540642,0.2646001483,0.00069753999,0.0009211383226,0.001091500625,0.001159545372,0.02253523356,0.007357022272,0.01852409645,0.03892172522,0.06540983259,0.09207545134,0.0004614318423,0.0006002320677,0.0007006066012,0.0007340020436,0.01888785164,0.005569168426,0.01315730922,0.02605790429,0.04108776943,0.0545459029,0.01272159038,0.01056934313,0.007879487749,0.005457494368,0.03411650114,0.005648206015,0.0089844395,0.0123236196,0.01359330948,0.01268756933,0.01994517266,0.01684480229,0.01276548834,0.008976488174,0.04134374603,0.007646997155,0.01303677152,0.01907067702,0.02254618529,0.02242968853,0.0003342661428,0.0003137961477,0.0002643298583,0.0002049318682,0.005485884628,0.0005500065218,0.001466070338,0.003247834272,0.005426659202,0.007335209574,0.0002132043186,0.0001968927329,0.0001631573995,0.0001245937715,0.004526904481,0.0004062444489,0.001010359063,0.00209877573,0.003271784428,0.004149231938,6.832501129e-07,1.929539466e-06,4.124230341e-06,6.493415419e-06,0.008524030753,0.0007351874396,0.004177473011,0.01553997347,0.03551818042,0.05716072534,1.672723602e-09,1.041326409e-08,4.456075693e-08,1.222523588e-07,0.004470940691,0.0002025323319,0.002029824561,0.01150524848,0.03459394243,0.06797332074,1.020896025e-08,7.485759169e-08,3.931890543e-07,1.351931701e-06,0.01149111233,0.001987859353,0.01316473264,0.05314833393,0.1292587398,0.2247429854,8.558386776e-09,7.595427898e-08,4.828628702e-07,1.98018496e-06,0.01556099592,0.003897591095,0.02264162067,0.08093480701,0.1784297956,0.2889105459,5.309474967e-09,5.997016989e-08,4.852105229e-07,2.485878391e-06,0.02040906084,0.007002722428,0.03447349548,0.1056709282,0.2036475049,0.2980437378,4.938040507e-10,9.05003087e-09,1.140114454e-07,8.47450044e-07,0.02108288333,0.007040843156,0.0329145302,0.09189274729,0.1543364306,0.1971267598,2.64061622e-12,1.326319658e-10,3.916243831e-09,5.561794883e-08,0.02124395724,0.005320171615,0.03052041332,0.08662423837,0.1246440245,0.1234455609,9.748684752e-11,3.659201765e-09,8.074307485e-08,8.76352656e-07,0.04610728738,0.02128682851,0.08393300156,0.1681784858,0.1795507763,0.1318799457,1.959245766e-09,5.50808647e-08,9.103139114e-07,7.566453086e-06,0.08096016292,0.05252110784,0.1535184915,0.232963969,0.1939795453,0.1104535956,1.768013705e-10,9.429101769e-09,2.627872075e-07,3.187208973e-06,0.09585576351,0.05963487039,0.1474695057,0.1679160291,0.09196410048,0.03168633089
45,0.02986227283,0.03483411213,0.03646112206,0.03454332007,0.1467165621,0.07911865489,0.1179287169,0.152280472,0.1678930911,0.1622942865,0.04499501821,0.05323743578,0.0565214408,0.05425545427,0.1740886719,0.1028711113,0.1628225795,0.2223089251,0.2602822496,0.2658975814,0.0007130005486,0.0009419391048,0.001116604022,0.001186660637,0.0226980412,0.007412700361,0.01869650386,0.03934693862,0.06623864372,0.09339023802,0.0004732038736,0.0006163259352,0.0007203042767,0.0007555221633,0.0191292089,0.005701142664,0.01354145547,0.02695245089,0.04272673477,0.05700203048,0.01295782321,0.01077701472,0.008042819079,0.005576068177,0.03445974287,0.005759789465,0.009203023247,0.01267600632,0.014044756,0.01316302779,0.02024338682,0.01709877091,0.01295955267,0.009113989412,0.04151055342,0.007664454524,0.01307335051,0.01913345105,0.02263220977,0.02252607813,0.0003417244302,0.0003209197646,0.0002704333821,0.0002097374993,0.005524851895,0.0005538860448,0.001478787098,0.003280900744,0.005490735692,0.007432810563,0.0002187383362,0.0002022693354,0.0001678334755,0.0001283203812,0.004586423451,0.0004162418859,0.001040996493,0.002173613033,0.003407358089,0.004343334489,7.197337303e-07,2.036335495e-06,4.360558323e-06,6.877238512e-06,0.008670434066,0.000761098417,0.004359105292,0.01633537704,0.03766305167,0.06111876059,1.794007167e-09,1.119613404e-08,4.803026507e-08,1.320741178e-07,0.004564690845,0.000212251116,0.00215015807,0.01230924919,0.03746799562,0.07449998537,1.083789391e-08,7.964566984e-08,4.192669925e-07,1.444550968e-06,0.01170122717,0.002066932539,0.01381942633,0.05628717163,0.1383540193,0.2430262567,9.108951298e-09,8.101988957e-08,5.162096797e-07,2.121274881e-06,0.01586328856,0.004063361582,0.02383054693,0.08594163619,0.1915107762,0.3133088365,5.669360248e-09,6.417718749e-08,5.204014971e-07,2.671634598e-06,0.02083499381,0.007324987777,0.03640513064,0.1125834506,0.2193376124,0.3243831906,5.375855771e-10,9.876980819e-09,1.247394402e-07,9.293246711e-07,0.02166051608,0.007493687732,0.03540908781,0.09984627972,0.1698738615,0.2197160794,3.011264533e-12,1.517833407e-10,4.497569707e-09,6.408222147e-08,0.02206019977,0.00588234613,0.03426618335,0.09864841566,0.1448335123,0.146347223,1.122107392e-10,4.226754421e-09,9.359619753e-08,1.019169045e-06,0.0480436452,0.02376577065,0.09515333645,0.1933913333,0.2107725957,0.1580327249,2.272305868e-09,6.410779976e-08,1.063245494e-06,8.866436308e-06,0.0845963129,0.05910218715,0.1754206211,0.2700125574,0.2296069127,0.13351724,2.139504365e-10,1.145960535e-08,3.207564119e-07,3.905795232e-06,0.1010514525,0.06963653741,0.175470835,0.2033187496,0.1144600329,0.04055340243
46,0.03039666645,0.03549211805,0.03718615494,0.0352619864,0.1481029724,0.08055902539,0.120572199,0.1562917672,0.1730287562,0.1678950831,0.04564664904,0.05401421694,0.05735227705,0.05505842142,0.1747569814,0.1030747474,0.1632187064,0.2229434001,0.2611432871,0.2668882667,0.0007287881985,0.0009631435084,0.001142152435,0.001214216336,0.022855932,0.007462283843,0.01885028887,0.03972679555,0.06698025206,0.09456845009,0.0004853090479,0.0006328704745,0.0007405504993,0.0007776408915,0.01936993554,0.005832217187,0.0139250018,0.02784998828,0.0443798875,0.05949147927,0.01319929722,0.01098920929,0.008209665799,0.005697179585,0.03480222722,0.005870922679,0.009421690014,0.01302997762,0.01450024401,0.01364469902,0.02054539993,0.01735539995,0.01315521803,0.009252347151,0.04166960039,0.007676954607,0.01309955401,0.01917843806,0.02269388676,0.02259521503,0.0003493403879,0.000328181068,0.0002766442497,0.0002146202138,0.005562579047,0.0005572964667,0.001489983024,0.003310053423,0.005547313174,0.007519108574,0.0002244321175,0.0002077999038,0.0001726430402,0.0001321534829,0.004645836248,0.0004261904144,0.001071651613,0.002248875633,0.003544452101,0.004540606197,7.58204177e-07,2.148951445e-06,4.609802574e-06,7.282132542e-06,0.008815892923,0.0007865459676,0.004538871565,0.01712827263,0.03981939712,0.06513034312,1.924216779e-09,1.203717418e-08,5.176045326e-08,1.426423437e-07,0.004658179549,0.0002219105373,0.002271012466,0.01312460016,0.04041764338,0.08127624644,1.150402343e-08,8.471911146e-08,4.469143062e-07,1.542803015e-06,0.0119088845,0.002144203829,0.01446633084,0.05941906342,0.147530493,0.2616667377,9.692385276e-09,8.639095843e-08,5.515909669e-07,2.271077589e-06,0.0161619941,0.004225867657,0.02500880997,0.09095165696,0.2047467539,0.3382575912,6.051068097e-09,6.864248808e-08,5.577829359e-07,2.869113714e-06,0.02125586256,0.007642140148,0.03832650871,0.1195251179,0.2352713706,0.3514173927,5.848516435e-10,1.07708238e-08,1.363499886e-07,1.018043692e-06,0.02223632336,0.007950608428,0.03795251793,0.1080346411,0.1860724527,0.2435566411,3.428757262e-12,1.734070934e-10,5.155556784e-09,7.368485497e-08,0.02288053067,0.006471042685,0.03824758833,0.1116071516,0.1670230253,0.1720138572,1.289035165e-10,4.871831531e-09,1.08242635e-07,1.182304557e-06,0.04999308801,0.02638633659,0.1071928432,0.2208219846,0.245429881,0.1876507899,2.629190863e-09,7.442538464e-08,1.238507551e-06,1.035993865e-05,0.0882628889,0.06611296979,0.199103219,0.3106312085,0.269475234,0.1598596827,2.580372423e-10,1.387765751e-08,3.900310117e-07,4.767314884e-06,0.1063308042,0.08068208427,0.2069657332,0.2438207543,0.140894549,0.05125965756
47,0.03094200507,0.03616324844,0.03792536897,0.03599453483,0.149482912,0.08198706496,0.1232037463,0.1603000821,0.1781815635,0.1735356737,0.04630570495,0.05479804696,0.05818875402,0.05586517065,0.1753923722,0.1032125077,0.1634867879,0.2233729355,0.2617264241,0.2675594412,0.0007448932722,0.0009847346449,0.001168120864,0.001242180922,0.02300846993,0.00750542273,0.018984276,0.04005818774,0.06762816176,0.09559914791,0.0004977462589,0.0006498626427,0.0007613398071,0.0008003506291,0.0196095933,0.005961947779,0.01430656236,0.02874712985,0.04604079104,0.0620043997,0.01344592425,0.01120583345,0.008379942991,0.005820759832,0.0351434138,0.005981313009,0.009639834545,0.01338452157,0.01495844354,0.01413116575,0.02085093222,0.0176144088,0.01335223797,0.009391365977,0.04182041304,0.00768432814,0.01311501539,0.0192049899,0.02273029992,0.02263604353,0.0003571092814,0.0003355741716,0.0002829562645,0.0002195743049,0.005598959526,0.0005602122324,0.001499567498,0.003335040206,0.005595868821,0.007593259377,0.0002302853559,0.0002134836496,0.0001775850138,0.0001360919484,0.004705036061,0.0004360569529,0.001102216211,0.00232428748,0.003682550962,0.004740298659,7.987324736e-07,2.267578573e-06,4.872351825e-06,7.708680353e-06,0.008960038678,0.000811360661,0.004715453601,0.01791242903,0.04196919813,0.069160558,2.063882499e-09,1.293972712e-08,5.576583968e-08,1.539974957e-07,0.004751157552,0.0002314366737,0.002391384201,0.01394418854,0.04341634833,0.08824108448,1.220870095e-08,9.008753437e-08,4.761800278e-07,1.646852019e-06,0.01211344275,0.002219028792,0.01509961307,0.06251420946,0.1566965201,0.2804731737,1.030978546e-08,9.207693551e-08,5.890651308e-07,2.429826794e-06,0.01645613918,0.004383721252,0.02616559434,0.09591658169,0.2180045197,0.3635000927,6.455252328e-09,7.337325737e-08,5.974115392e-07,3.078600345e-06,0.02167020952,0.00795139453,0.04021963096,0.1264280625,0.2512871547,0.37886771,6.357782506e-10,1.17348745e-08,1.488861193e-07,1.113936706e-06,0.02280827035,0.008407711283,0.04052224543,0.1163839725,0.2027873452,0.2684438624,3.89759499e-12,1.977429117e-10,5.897714408e-09,8.453855006e-08,0.02370152336,0.00708105685,0.04243182552,0.1254057759,0.1910935029,0.2003757864,1.47759658e-10,5.602185136e-09,1.248641123e-07,1.367845437e-06,0.05194683906,0.02912623765,0.1199595609,0.250293279,0.2833803661,0.2207045285,3.03435446e-09,8.616667927e-08,1.438437505e-06,1.206751635e-05,0.09194248978,0.07349660889,0.2243998992,0.3545906021,0.3134671805,0.1894953112,3.100813532e-10,1.674125389e-08,4.723343337e-07,5.793935453e-06,0.1116670233,0.0927188113,0.2418867227,0.2894569839,0.1714448495,0.06395505924
48,0.03149804662,0.03684715146,0.03867832116,0.03674047877,0.1508541688,0.08339887212,0.1258157093,0.1642932302,0.1833352658,0.1791978491,0.0469715577,0.0555880514,0.05902980326,0.05667455146,0.1759929976,0.1032823707,0.1636227715,0.2235908616,0.2620223474,0.2679001125,0.0007613050601,0.001006694088,0.001194482297,0.001270520528,0.02315523053,0.007541794098,0.0190973805,0.04033824551,0.06817637109,0.09647221488,0.0005105136694,0.0006672982521,0.0007826651513,0.0008236418516,0.01984773885,0.006089878818,0.01468469487,0.02964030196,0.04770254614,0.06453007143,0.01369760472,0.01142678273,0.008553556091,0.005946732518,0.03548275894,0.006090661044,0.009856829317,0.01373857567,0.01541793815,0.01462089743,0.02115969113,0.01787550589,0.0135503576,0.009530844547,0.04196253856,0.007686427093,0.01311941713,0.01921254985,0.02274066896,0.02264767139,0.0003650258671,0.0003430926563,0.0002893627352,0.0002245936503,0.005633889751,0.0005626099324,0.001507457579,0.003355630419,0.005635924277,0.007654490376,0.0002362974018,0.0002193194007,0.0001826579386,0.0001401343141,0.004763914644,0.0004458074416,0.00113257715,0.002399555645,0.003821098318,0.004941590539,8.4138798e-07,2.392399949e-06,5.148569249e-06,8.157411992e-06,0.00910249695,0.000835368854,0.004887476915,0.01868124065,0.04409295625,0.0731708242,2.213547004e-09,1.390718291e-08,6.006100055e-08,1.661797966e-07,0.004843368916,0.0002407517037,0.00251019005,0.01476014242,0.04643372444,0.09532195395,1.295322286e-08,9.575994578e-08,5.071088335e-07,1.756843254e-06,0.01231425299,0.002290748596,0.0157131768,0.0655408054,0.1657517107,0.2992303224,1.096217528e-08,9.808639556e-08,6.286834668e-07,2.597720822e-06,0.0167447378,0.004535494604,0.02728952636,0.1007845413,0.2311370961,0.3887450693,6.882498163e-09,7.83757086e-08,6.393344208e-07,3.300321311e-06,0.02207655491,0.008249864075,0.04206541924,0.1332187764,0.2672049713,0.406414641,6.905344496e-10,1.277227838e-08,1.623881671e-07,1.217309214e-06,0.02337424911,0.008860743667,0.04309291262,0.1248088807,0.2198437294,0.2941182274,4.422410264e-12,2.250366511e-10,6.731720575e-09,9.675823026e-08,0.0245195356,0.007706000731,0.04677583671,0.139909225,0.2168397211,0.2312450199,1.689776994e-10,6.425707747e-09,1.436452081e-07,1.577906629e-06,0.05389550682,0.03195698541,0.1333260807,0.2815323763,0.324334174,0.2570171609,3.49232004e-09,9.946655248e-08,1.665400507e-06,1.400994227e-05,0.0956163892,0.08117759466,0.2510673975,0.4015075878,0.3612838468,0.2223004714,3.711759401e-10,2.011258945e-08,5.695152538e-07,7.009452854e-06,0.117030577,0.1056491183,0.2800172359,0.3400481587,0.2061304091,0.0787220742
49,0.03206452386,0.03754344119,0.03944452737,0.03749928739,0.1522145289,0.08479049329,0.128400245,0.1682585801,0.1884728204,0.1848622893,0.04764355346,0.05638332557,0.05987432456,0.05748538353,0.176557102,0.1032825976,0.1636232108,0.2235915633,0.2620232981,0.2679012064,0.000778011795,0.001029001869,0.001221207727,0.001299199005,0.02329580291,0.007571105345,0.01918862084,0.04056437444,0.0686194568,0.09717851122,0.0005236086721,0.0006851719152,0.0008045178293,0.0008475030329,0.0200839254,0.006215546201,0.01505791021,0.03052576737,0.04935783442,0.06705696587,0.0139542273,0.01165194124,0.008730400694,0.006075013471,0.03581971739,0.00619866214,0.0100720278,0.01409103229,0.01587723178,0.015112257,0.02147137177,0.01813838914,0.01374931418,0.009670576119,0.04209554706,0.007683125988,0.01311249401,0.01920065912,0.02272435976,0.0226293825,0.0003730843848,0.0003507295683,0.0002958564805,0.0002296717202,0.005667269619,0.0005644685438,0.001513578976,0.00337161785,0.005667052575,0.007702112731,0.0002424672425,0.000225305582,0.0001878599608,0.0001442787665,0.004822362703,0.0004554070566,0.001162617083,0.00247437214,0.00395950021,0.005143591836,8.862378322e-07,2.523588533e-06,5.438787592e-06,8.628795848e-06,0.009242889485,0.0008583947685,0.005053528379,0.01942781539,0.04616995605,0.07711940512,2.373763165e-09,1.494295813e-08,6.466045426e-08,1.79228841e-07,0.004934552337,0.0002497749282,0.002626281716,0.01556393468,0.04943590014,0.1024354819,1.373881509e-08,1.017446115e-07,5.397402275e-07,1.87289984e-06,0.01251066291,0.002358699789,0.01630075781,0.06846554835,0.1745885133,0.3177022008,1.16504895e-08,1.044268765e-07,6.70488963e-07,2.774916956e-06,0.0170267974,0.004679741815,0.02836885322,0.1055009112,0.2439860381,0.413670985,7.333310076e-09,8.365492251e-08,6.835876123e-07,3.534436941e-06,0.02247340653,0.008534604489,0.0438440185,0.1398192788,0.2828292273,0.4337023525,7.49279577e-10,1.388595242e-08,1.76892911e-07,1.328435342e-06,0.02393209241,0.009305151321,0.04563670274,0.1332134145,0.2370383275,0.3202663061,5.007907753e-12,2.555367758e-10,7.665298976e-09,1.104590413e-07,0.02533073514,0.008338347927,0.0512263217,0.1549407654,0.2439635084,0.2643000529,1.927568781e-10,7.350287222e-09,1.647696934e-07,1.814587081e-06,0.05582915433,0.03484398135,0.1471287927,0.3141655758,0.3678385275,0.2962416292,4.007590284e-09,1.144587987e-07,1.921735662e-06,1.620770845e-05,0.09926467776,0.08906167792,0.2787825362,0.4508339929,0.4124221435,0.2579883985,4.424726516e-10,2.405713949e-08,6.835192349e-07,8.438900213e-06,0.1223894058,0.1193264298,0.3209710124,0.3951608185,0.244769449,0.09554908064
50,0.03264114373,0.0382516971,0.04022346188,0.03827038534,0.1535617839,0.08615794459,0.1309493627,0.1721831302,0.1935764883,0.1905086729,0.04832101383,0.05718293633,0.06072118872,0.05829646013,0.1770830281,0.1032117472,0.1634853008,0.2233705453,0.2617231719,0.2675556953,0.0007950006423,0.001051636481,0.001248266182,0.001328177985,0.02342979173,0.007593097232,0.01925713037,0.04073428975,0.06895265352,0.09771001895,0.0005370278513,0.0007034769937,0.0008268874222,0.000871920579,0.02031770437,0.006338480535,0.01542468307,0.03139965258,0.05099897128,0.06957282679,0.01421566862,0.01188118151,0.008910362402,0.006205510656,0.03615374406,0.006305008084,0.01028476813,0.01444074497,0.01633475707,0.01560350952,0.02178565728,0.01840274663,0.01394883779,0.009810349162,0.04221903354,0.007674323059,0.01309403602,0.01916896247,0.02268089308,0.02258064773,0.0003812785532,0.0003584774219,0.0003024298372,0.0002348015888,0.005699002999,0.0005657696549,0.001517866964,0.003382823556,0.00568888459,0.007735532627,0.0002487934835,0.0002314401977,0.0001931888155,0.0001485231297,0.004880270309,0.0004648204435,0.001192215277,0.002548416083,0.004097129134,0.00534534963,9.333463433e-07,2.661305157e-06,5.74330412e-06,9.123229581e-06,0.009380836139,0.0008802627537,0.005212176053,0.02014507702,0.04817858639,0.08096206832,2.54509123e-09,1.605047242e-08,6.957853225e-08,1.931831639e-07,0.005024442584,0.000258423944,0.002738463569,0.01634651786,0.05238604656,0.1094886838,1.45666176e-08,1.080489202e-07,5.741077021e-07,1.995119425e-06,0.01270202084,0.0024222249,0.01685603144,0.07125423377,0.1830942034,0.3356364674,1.237555827e-08,1.111047132e-07,7.14515076e-07,2.961525727e-06,0.0173013255,0.00481502248,0.0293916477,0.1100092987,0.2563843683,0.4379319783,7.808099349e-09,8.921468508e-08,7.301945603e-07,3.781032392e-06,0.02285927019,0.008802663386,0.0455351484,0.1461485386,0.2979523538,0.4603451842,8.121602844e-10,1.507852205e-08,1.924326589e-07,1.44755015e-06,0.02447958909,0.009736149735,0.04812377961,0.1414925419,0.2541422399,0.3465243768,5.658791715e-12,2.894900666e-10,8.706071326e-09,1.257539553e-07,0.02613113018,0.008969533199,0.0557202472,0.1702827242,0.272071317,0.2990765566,2.192931087e-10,8.383633116e-09,1.884161573e-07,2.079916371e-06,0.05773738278,0.03774690152,0.1611688818,0.3477179449,0.4132698984,0.3378446279,4.584539187e-09,1.312726952e-07,2.20969184e-06,1.868043215e-05,0.1028664374,0.09703669983,0.3071430252,0.5018532012,0.4661612502,0.2960906355,5.251603172e-10,2.864236664e-08,8.163475585e-07,1.010799645e-05,0.1277092062,0.1335533875,0.3641788611,0.45407735,0.2869413352,0.1143050864
51,0.03322758699,0.03897146362,0.0410145572,0.03905315262,0.1548937385,0.0874972348,0.1334549723,0.1760535902,0.1986279474,0.1961158065,0.04900323695,0.05798592425,0.06156924054,0.05910655181,0.1775692245,0.1030686895,0.1632069078,0.2229244865,0.2611176028,0.2668587054,0.000812257697,0.001074574897,0.001275624771,0.001357416957,0.02355681923,0.00760754667,0.01930216811,0.04084604773,0.0691719263,0.09805997439,0.0005507669485,0.0007222055535,0.0008497617423,0.0008968787718,0.0205486272,0.006458210546,0.01578346373,0.03225797876,0.05261796827,0.07206476903,0.01448179301,0.01211436426,0.009093316727,0.006338124121,0.0364842959,0.006409388867,0.01049437706,0.01478653548,0.01678888506,0.01609283263,0.02210221942,0.01866825729,0.01414865208,0.00994994801,0.04233261959,0.007659941238,0.01306389073,0.01911721276,0.02260995163,0.0225011336,0.0003896015686,0.0003663282051,0.0003090746719,0.0002399759489,0.005728998218,0.0005664976681,0.0015202672,0.003389098408,0.005701114837,0.007754261439,0.0002552743309,0.0002377208138,0.0001986418118,0.000152864854,0.00493752733,0.0004740119714,0.001221248521,0.002621356182,0.004233328903,0.005545855321,9.827743733e-07,2.805696433e-06,6.062375459e-06,9.641030944e-06,0.009515956977,0.0009007996893,0.005361990838,0.02082588007,0.05009671465,0.0846528852,2.728095607e-09,1.723312199e-08,7.482923699e-08,2.080797712e-07,0.005112772044,0.0002666159464,0.002845513212,0.01709848817,0.05524506756,0.116380707,1.543766814e-08,1.146792432e-07,6.10237885e-07,2.123570858e-06,0.01288768008,0.002480683628,0.01737272994,0.07387243009,0.1911532353,0.3527698735,1.313809072e-08,1.181248696e-07,7.607845037e-07,3.157605242e-06,0.01756733655,0.004939926875,0.03034603404,0.1142526722,0.2681600957,0.4611653697,8.307171529e-09,9.505732566e-08,7.791646408e-07,4.04010916e-06,0.02323266071,0.009051133519,0.0471184963,0.152124124,0.3123592254,0.4859360553,8.793073958e-10,1.63522547e-08,2.090342922e-07,1.574841642e-06,0.02501450079,0.01014880874,0.0505228385,0.1495341234,0.2709052001,0.3724848425,6.379680598e-12,3.271365967e-10,9.861385213e-09,1.427509854e-07,0.02691660429,0.009590109443,0.06018589951,0.1856795284,0.3006771836,0.3349660205,2.487742985e-10,9.533075154e-09,2.147529413e-07,2.375793003e-06,0.05960942894,0.04062039959,0.1752153021,0.3816186727,0.4598357545,0.3811008348,5.22728698e-09,1.500290201e-07,2.531353508e-06,2.144617002e-05,0.1063999468,0.1049744235,0.3356727285,0.5536862527,0.5215612119,0.3359482187,6.2043697e-10,3.393602388e-08,9.700038234e-07,1.204242225e-05,0.1329537821,0.1480829055,0.4088855529,0.5157812225,0.3319605358,0.1347192054
52,0.03382350786,0.03970225004,0.041817204,0.0398469249,0.1562082179,0.08880438967,0.1359089371,0.1798564712,0.2036084204,0.2016617731,0.04968949892,0.05879130588,0.06241730226,0.05991441044,0.1780142521,0.1028526164,0.1627865943,0.2222512841,0.2602040294,0.2658075987,0.0008297679862,0.001097792594,0.001303248745,0.001386873373,0.02367652712,0.007614269201,0.01932312814,0.04089807358,0.06927403476,0.09822298511,0.0005648208297,0.0007413483235,0.0008731267878,0.0009223597248,0.02077624719,0.006574266685,0.01613269089,0.03309669604,0.05420660402,0.07451939461,0.0147524523,0.01235133832,0.009279129042,0.006472746003,0.03681083372,0.006511494561,0.01070017435,0.01512720168,0.01723793618,0.01657832891,0.02242071922,0.0189345917,0.01434847504,0.01008915359,0.0424359552,0.007639928943,0.0130219652,0.01904527456,0.02251138542,0.02239070869,0.0003980461067,0.0003742733893,0.0003157823973,0.0002451871311,0.005757168541,0.0005666399778,0.001520736447,0.0033903253,0.005703506523,0.007757924522,0.000261907575,0.000244144544,0.0002042158212,0.0001573010073,0.004994023886,0.0004829460013,0.001249592122,0.002692853516,0.004367420291,0.00574405331,1.03457867e-06,2.956892602e-06,6.39621236e-06,1.018242861e-05,0.009647874461,0.0009198374846,0.005501569524,0.02146313507,0.05190210604,0.08814515407,2.923341245e-09,1.849425065e-08,8.042608769e-08,2.23953636e-07,0.005199272373,0.0002742691336,0.002946204448,0.01781027515,0.0579724395,0.1230050798,1.635288564e-08,1.216407929e-07,6.481496861e-07,2.258290889e-06,0.01306700331,0.002533464357,0.0178447669,0.0762862138,0.1986498975,0.3688346506,1.393865843e-08,1.254907696e-07,8.093079754e-07,3.363155674e-06,0.01782385902,0.005053102059,0.03122042928,0.1181746021,0.2791402272,0.4830005635,8.83071396e-09,1.011835584e-07,8.304917251e-07,4.311576967e-06,0.02359211334,0.009277208535,0.04857414152,0.1576640361,0.3258322641,0.5100565837,9.508326342e-10,1.770899133e-08,2.267182862e-07,1.710442635e-06,0.02553457995,0.01053814854,0.0528017575,0.1572213495,0.2870611996,0.397705468,7.175009135e-12,3.687040024e-10,1.113811874e-08,1.615500377e-07,0.0276829555,0.01018996116,0.06454449767,0.2008432204,0.3292118264,0.3712240504,2.813750442e-10,1.080533585e-08,2.43932441e-07,2.703915151e-06,0.06143427511,0.04341513283,0.1890098507,0.4152127391,0.5065875873,0.4251000022,5.939559451e-09,1.708355859e-07,2.888557698e-06,2.452065141e-05,0.1098429148,0.1127334055,0.36383177,0.6053087014,0.5774761994,0.3767155896,7.294749509e-10,4.000404111e-08,1.146427373e-06,1.426691937e-05,0.1380854633,0.1626225349,0.4541591688,0.5789621716,0.3788677884,0.1563686761
53,0.03442853385,0.04044353044,0.04263075145,0.04065099391,0.157503076,0.09007547689,0.138303129,0.1835781821,0.2084988135,0.2071240988,0.05037905531,0.05959807642,0.06326417712,0.06071877355,0.178416791,0.1025630501,0.1622236367,0.2213500848,0.2589817403,0.2644020287,0.0008475154802,0.001121263592,0.001331101581,0.001416502763,0.02378857847,0.007613121115,0.01931954775,0.04088918505,0.06925658715,0.0981951281,0.0005791834567,0.000760894662,0.0008969667077,0.0009483433515,0.02100012148,0.006686184885,0.01647080512,0.03391172072,0.05575650325,0.07692292496,0.01502748564,0.01259194056,0.009467654601,0.00660926057,0.03713282426,0.006611017277,0.01090147734,0.01546152604,0.01768019256,0.01705803994,0.02274080768,0.01920141295,0.01454801995,0.01022774419,0.04252872028,0.00761426066,0.01296822726,0.01895312658,0.02238521518,0.02224944759,0.0004066043281,0.000382303944,0.0003225439923,0.0002504271255,0.005783432627,0.0005661871208,0.001519243171,0.003386420984,0.005695895683,0.007746268395,0.0002686905755,0.0002507080364,0.0002099072674,0.0001618282678,0.005049650823,0.0004915871684,0.001277120972,0.002762564583,0.004498707368,0.005938851072,1.088811187e-06,3.115005341e-06,6.744974468e-06,1.074755315e-05,0.009776215709,0.0009372156193,0.005629558687,0.02204994071,0.05357287704,0.09139242254,3.131389598e-09,1.9837118e-08,8.638195466e-08,2.408371651e-07,0.005283676223,0.0002813041786,0.00303933204,0.01847235217,0.0605271791,0.1292524135,1.73130532e-08,1.289374801e-07,6.87853456e-07,2.399280984e-06,0.01323936716,0.002579995681,0.01826636498,0.07846294295,0.2054711884,0.3835656372,1.477767879e-08,1.332041326e-07,8.600830829e-07,3.578114002e-06,0.01806994276,0.005153278213,0.03200379281,0.121720576,0.2891551466,0.503069065,9.378783626e-09,1.0759233e-07,8.841528256e-07,4.595246225e-06,0.02393619544,0.009478239716,0.04988299822,0.1626886711,0.3381570713,0.5322886066,1.026825269e-09,1.915007689e-08,2.454977268e-07,1.854422662e-06,0.02603758878,0.01089924462,0.05492833239,0.1644355808,0.3023353577,0.4217212737,8.04891875e-12,4.144011128e-10,1.254246448e-08,1.822394456e-07,0.0284259391,0.01075856994,0.06871234592,0.2154614503,0.3570382045,0.4069893806,3.172507823e-10,1.220628094e-08,2.760848772e-07,3.06570521e-06,0.06320077033,0.04607909404,0.2022743121,0.4477790609,0.5524461409,0.4687687409,6.724534172e-09,1.937823731e-07,3.282803841e-06,2.79164479e-05,0.1131727404,0.1201628738,0.39103152,0.6555787302,0.6325839816,0.4173794113,8.533792269e-10,4.690800642e-08,1.347414093e-06,1.680422047e-05,0.1430655848,0.1768423584,0.4989144131,0.6420448607,0.4264433153,0.1786790112
54,0.03504226563,0.04119474388,0.04345450772,0.04146460832,0.1587762033,0.09130663195,0.1406294863,0.1872051319,0.2132798678,0.2124799359,0.05107114289,0.06040521254,0.06410865337,0.06151836896,0.1787756461,0.1021998489,0.161518037,0.2202213039,0.2574518998,0.2626439688,0.0008654831092,0.001144960509,0.001359145076,0.001446258883,0.02389265955,0.007604001187,0.01929111393,0.04081861118,0.06911808311,0.09797402677,0.000593847862,0.0007808325295,0.0009212637777,0.0009748073484,0.02121981296,0.006793510415,0.01679626309,0.03469897487,0.05725922255,0.07926134772,0.01530671949,0.01283599589,0.009658738608,0.00674754432,0.0374497421,0.006707653189,0.0110976058,0.01578828475,0.0181139114,0.01752996197,0.02306212661,0.01946837766,0.01474699626,0.0103654963,0.04261062621,0.007582937306,0.01290270629,0.01884086281,0.02223163383,0.02207763224,0.0004152678872,0.0003904103538,0.0003293500265,0.0002556876083,0.005807714969,0.0005651328953,0.00151576801,0.003377337478,0.005678194335,0.007719166115,0.0002756202483,0.0002574074627,0.0002157121192,0.0001664429199,0.005104300198,0.0004999006736,0.00130371067,0.002830144582,0.00462648449,0.00612913047,1.145518383e-06,3.280125563e-06,7.108765163e-06,1.133642827e-05,0.00990061481,0.0009527836686,0.005744678838,0.0225797196,0.05508797014,0.09434957816,3.352794199e-09,2.126486526e-08,9.270888378e-08,2.587596406e-07,0.005365719033,0.0002876457309,0.003123737578,0.01907546127,0.06286890882,0.1350134713,1.831880092e-08,1.365717743e-07,7.293501732e-07,2.546504284e-06,0.01340416675,0.002619757621,0.01863218321,0.08037204386,0.2115098132,0.3967078821,1.565539872e-08,1.412648134e-07,9.130931767e-07,3.802349167e-06,0.01830466633,0.005239294432,0.0326858766,0.1248393446,0.2980432099,0.5210152472,9.951295536e-09,1.142806778e-07,9.401068578e-07,4.8908213e-06,0.02426351833,0.009651792021,0.05102726292,0.1671228445,0.3491283837,0.5522266751,1.107348742e-09,2.067629123e-08,2.65377344e-07,2.006780101e-06,0.02652131905,0.01122733857,0.05687107226,0.1710594999,0.3164518137,0.4440587229,9.005137783e-12,4.644110368e-10,1.407969671e-08,2.048922561e-07,0.02914131342,0.01128532355,0.0726034621,0.2292077434,0.3834733323,0.4413137709,3.565315082e-10,1.374065284e-08,3.113116805e-07,3.462230036e-06,0.06489776086,0.04855920874,0.2147194851,0.478554746,0.5962387462,0.510907613,7.584677256e-09,2.189363909e-07,3.715158965e-06,3.164210371e-05,0.1163667929,0.1271075011,0.4166541092,0.7032760956,0.6854318035,0.4567932323,9.931394993e-10,5.470228166e-08,1.574525971e-06,1.967382972e-05,0.1478550198,0.1903863463,0.5419502376,0.7032426074,0.4732451863,0.2009390177
55,0.03566427717,0.04195529482,0.04428774071,0.04228697481,0.1600255348,0.09249408419,0.1428800731,0.1907238367,0.2179323186,0.2177062603,0.05176498157,0.06121167548,0.06494950838,0.06231191965,0.1790897529,0.10176321,0.1606705277,0.2188666308,0.2556175515,0.2605377109,0.000883652789,0.001168854617,0.001387339457,0.00147609387,0.02398848146,0.007586851981,0.01923766819,0.04068600602,0.06885794388,0.09755890426,0.0006088061279,0.0008011484682,0.0009459983867,0.001001727192,0.02143489235,0.006895801791,0.01710755218,0.03545442783,0.05870634188,0.08152057577,0.01558996751,0.01308331737,0.009852216356,0.006887466137,0.03776107174,0.006801104598,0.01128788696,0.01610625729,0.01853733938,0.01799206304,0.02338430952,0.01973513697,0.01494511071,0.01050218545,0.04268141716,0.007545986374,0.01282549338,0.01870869254,0.0220510059,0.02187575062,0.0004240279446,0.0003985826415,0.0003361906887,0.0002609599716,0.005829946309,0.0005634744472,0.001510304103,0.003363063025,0.005650392529,0.007676620688,0.0002826930543,0.0002642385105,0.000221625886,0.0001711408522,0.005157865775,0.0005078525807,0.001329238688,0.002895250871,0.004750043804,0.006313760188,1.204740514e-06,3.452321227e-06,7.487626536e-06,1.194896255e-05,0.01002071517,0.0009664037519,0.005845748177,0.02304635364,0.05642763464,0.09697397089,3.588095837e-09,2.278047882e-08,9.941791256e-08,2.777466436e-07,0.005445140872,0.0002932239053,0.003198335619,0.01961084485,0.06495898095,0.1401824854,1.937058897e-08,1.445445664e-07,7.726306732e-07,2.699882817e-06,0.0135608203,0.002652292206,0.01893743956,0.08198578332,0.2166671864,0.4080244165,1.657187886e-08,1.496706519e-07,9.683063528e-07,4.035657723e-06,0.01852714437,0.005310123211,0.03325746764,0.1274842507,0.3056553742,0.5365074206,1.054801188e-08,1.212436001e-07,9.982935542e-07,5.197894783e-06,0.02457274907,0.009795697668,0.05199085107,0.1708978017,0.3585561197,0.5694909979,1.192437344e-09,2.228778203e-08,2.863525888e-07,2.167434762e-06,0.02698361232,0.01151795106,0.05860002798,0.1769804588,0.3291423388,0.4642516357,1.004685361e-11,5.188838493e-10,1.575392702e-08,2.295623605e-07,0.02982488795,0.01175985655,0.07613257684,0.2417536376,0.4078155481,0.4732018859,3.993152128e-10,1.541179441e-08,3.496786812e-07,3.894119365e-06,0.06651422773,0.0508031341,0.2260557311,0.5067645179,0.636747495,0.5502426196,8.521575413e-09,2.463364249e-07,4.186161452e-06,3.570125775e-05,0.1194027089,0.1334128817,0.4400757033,0.7471504528,0.7344972587,0.4937273492,1.149577197e-09,6.343082452e-08,1.828991863e-06,2.289068983e-05,0.1524147553,0.2028867691,0.5820007095,0.7606352399,0.5176733649,0.2223319281
56,0.03629411587,0.04272455372,0.04512967917,0.04311725944,0.1612490584,0.09363418301,0.1450471397,0.1941210293,0.2224370628,0.2227800801,0.05245977648,0.0620164143,0.06578551311,0.06309814884,0.1793581825,0.1012536696,0.1596825695,0.2172890211,0.2534836,0.2580898363,0.0009020054531,0.00119291592,0.001415643515,0.001505958428,0.02407578175,0.007561660704,0.01915920954,0.04049145658,0.0684765292,0.09695061171,0.0006240493695,0.0008218275904,0.0009711490362,0.001029076152,0.02164494022,0.006992634688,0.01740320532,0.0361741389,0.06008956015,0.08368661608,0.01587703067,0.01333370632,0.01004791343,0.007028887492,0.03806630964,0.006891082017,0.01147166066,0.01641423647,0.01894872782,0.01844230131,0.02370698264,0.0200013377,0.0151420683,0.01063758717,0.04274087136,0.007503461835,0.01273674085,0.01855693909,0.02184386492,0.02164449282,0.0004328751838,0.0004068103945,0.0003430558194,0.0002662353561,0.005850064023,0.0005612123204,0.001502857266,0.003343622562,0.005612559257,0.007618766395,0.0002899049902,0.0002711963774,0.0002276436155,0.0001759175586,0.005210243532,0.0005154101152,0.001353585566,0.002957546561,0.00486868318,0.006491609051,1.266510914e-06,3.631635185e-06,7.881534599e-06,1.258494167e-05,0.01013617183,0.0009779528442,0.005931705287,0.02344431472,0.05757389744,0.09922652618,3.837817377e-09,2.438675184e-08,1.0651888e-07,2.978194688e-07,0.005521688299,0.0002979757127,0.003262139252,0.02007047559,0.06676161547,0.1446605804,2.046869091e-08,1.528550398e-07,8.176749389e-07,2.859294996e-06,0.01370877359,0.002677213094,0.01917802466,0.08327999724,0.2208563179,0.4173038511,1.752697859e-08,1.584173354e-07,1.025674556e-06,4.277760161e-06,0.01873653481,0.005364892817,0.03371061396,0.129614489,0.311859669,0.5492487077,1.116853226e-08,1.284739451e-07,1.058632562e-06,5.515942978e-06,0.02486262212,0.009908105463,0.05275980692,0.1739531384,0.3662712537,0.5837402388,1.282093009e-09,2.398400144e-08,3.084087773e-07,2.336221149e-06,0.02742238044,0.01176699318,0.0600876218,0.1820938851,0.3401552865,0.4818580889,1.117657948e-11,5.779290534e-10,1.756785514e-08,2.562805848e-07,0.03047257295,0.01217240703,0.07921836011,0.2527820854,0.4293758392,0.5016591193,4.456612283e-10,1.722137147e-08,3.91209339e-07,4.361485399e-06,0.06803942887,0.05276117521,0.2360045245,0.5316538216,0.6727657786,0.5854885002,9.535769092e-09,2.75987869e-07,4.695727192e-06,4.009179487e-05,0.1222586993,0.1389314482,0.4606923723,0.7859765873,0.7782610413,0.5269314286,1.323289e-09,7.3123824e-08,2.111603084e-06,2.646378676e-05,0.1567064981,0.2139809285,0.6177965386,0.8122673002,0.5580568211,0.2419818468
57,0.03693130299,0.04350185783,0.04597951401,0.04395458943,0.1624448229,0.0947234239,0.1471231836,0.1973837716,0.2267753307,0.2276786539,0.05315472021,0.06281836942,0.06661543674,0.06387578529,0.1795801458,0.1006720999,0.1585563419,0.2154926753,0.2510567714,0.2553091558,0.0009205210934,0.001217113243,0.001444014748,0.001535802026,0.02415432591,0.007528459593,0.01905589559,0.04023548518,0.06797514033,0.09615163039,0.0006395677237,0.0008428535754,0.0009966923522,0.001056825324,0.02184954899,0.007083605787,0.01768181576,0.03685430052,0.06140079329,0.08574574504,0.01616769732,0.01358695255,0.01024564597,0.007171662709,0.03836496628,0.006977306249,0.01164828456,0.01671103859,0.01934634843,0.01887864438,0.02402976598,0.02026662354,0.01533757351,0.0107714779,0.04278880212,0.007455443824,0.01263666124,0.01838603725,0.02161090875,0.02138474437,0.0004417998311,0.0004150827948,0.0003499349471,0.0002715046881,0.005868012472,0.0005583504721,0.001493446012,0.003319077694,0.005564842179,0.007545867984,0.0002972515817,0.0002782757683,0.0002337598955,0.0001807681421,0.005261332158,0.0005225419613,0.001376636106,0.00301670418,0.004981714419,0.006661560022,1.330855287e-06,3.818083105e-06,8.290394803e-06,1.324402152e-05,0.01024665383,0.0009873248893,0.006001630099,0.02376878669,0.05851100699,0.1010728058,4.102458248e-09,2.608624427e-08,1.140202324e-07,3.189945372e-07,0.005595116234,0.0003018463905,0.003314284162,0.02044727577,0.06824500237,0.1483591423,2.161317764e-08,1.615005494e-07,8.644514667e-07,3.024573493e-06,0.01384750436,0.002694213907,0.01935060261,0.08423474728,0.2240044559,0.424367438,1.852034223e-08,1.674982754e-07,1.085132829e-06,4.528297996e-06,0.01893204597,0.005402906838,0.03403882599,0.1311962462,0.3165453104,0.5589872001,1.181228518e-08,1.359623188e-07,1.121022765e-06,5.844322812e-06,0.02513195063,0.009987524208,0.05332267078,0.1762385468,0.3721312532,0.5946835366,1.376282318e-09,2.576364818e-08,3.315203315e-07,2.512882652e-06,0.02783562589,0.01197087187,0.0613094443,0.1863065966,0.3492644506,0.4964774258,1.239601942e-11,6.416080373e-10,1.95225229e-08,2.850508763e-07,0.03108042964,0.01251417189,0.08178670152,0.262001353,0.4475112972,0.5257442677,4.955837068e-10,1.916910454e-08,4.358782811e-07,4.863847028e-06,0.06946304292,0.05438821848,0.2443103565,0.5525236415,0.7031596155,0.6154196664,1.062659347e-08,3.078578649e-07,5.243062525e-06,4.480506819e-05,0.1249138606,0.1435285076,0.4779470517,0.8186131873,0.8152868881,0.5552057016,1.514589084e-09,8.379429028e-08,2.422608475e-06,3.039475857e-05,0.1606932975,0.2233291634,0.6481332563,0.8562600164,0.5927577848,0.2590124316
58,0.03757533409,0.04428651225,0.04683639986,0.04479805516,0.1636109459,0.09575847391,0.1491010096,0.2004995663,0.2309288604,0.2323797139,0.05384899524,0.06361647629,0.06743805142,0.06464356871,0.1797549973,0.1000197036,0.1572947272,0.2134830042,0.2483455516,0.2522066231,0.0009391788085,0.001241414324,0.001472409523,0.001565573116,0.02422390864,0.007487325815,0.01892804169,0.03991904571,0.06735600898,0.09516604728,0.0006553503429,0.0008642086749,0.001022603111,0.001084943672,0.02204832503,0.007168336515,0.01794205169,0.03749128124,0.06263227302,0.08768468712,0.01646174338,0.01384283467,0.01044522103,0.00731563928,0.03865656814,0.007059510439,0.01181713934,0.01699551382,0.01972850946,0.0192990893,0.02435227446,0.02053063631,0.01553133143,0.01090363598,0.04282505876,0.007402038089,0.01252552559,0.01819652956,0.02135299295,0.02109757721,0.00045079168,0.0004233886546,0.0003568173291,0.0002767587193,0.00588374332,0.0005548962501,0.001482101422,0.003289526169,0.00550746615,0.007458317707,0.0003047278794,0.0002854708962,0.0002399688582,0.0001856873214,0.005311033568,0.0005292185508,0.001398280566,0.003072409345,0.005088471591,0.006822524595,1.397791005e-06,4.011651497e-06,8.714037952e-06,1.392572211e-05,0.01035184644,0.0009944326595,0.006054762491,0.02401577431,0.05922583372,0.1024839729,4.382488637e-09,2.788124169e-08,1.219288287e-07,3.412828196e-07,0.005665189805,0.0003047905872,0.003354050318,0.02073531697,0.06938231816,0.151202963,2.280390233e-08,1.704765129e-07,9.129167269e-07,3.195503561e-06,0.01397652654,0.002703075038,0.01945269505,0.08483487851,0.2260553688,0.4290752516,1.95513866e-08,1.769045054e-07,1.146598724e-06,4.786831762e-06,0.01911294322,0.005423660217,0.03423724553,0.1322036753,0.3196262682,0.565524883,1.247852115e-08,1.436970174e-07,1.185341852e-06,6.182270368e-06,0.02537963715,0.01003285862,0.05367078943,0.1777153168,0.3760248176,0.6020911228,1.474933778e-09,2.7624617e-08,3.556501431e-07,2.697066894e-06,0.02822146173,0.01212658545,0.06224498425,0.1895398676,0.3562773727,0.5077664232,1.370593528e-11,7.099267756e-10,2.161708018e-08,3.158467371e-07,0.03164471995,0.0127776416,0.08377385274,0.2691585417,0.4616583961,0.5446231373,5.490454856e-10,2.125252117e-08,4.836054508e-07,5.400062442e-06,0.07077531167,0.05564557293,0.2507522592,0.5687647391,0.7269293654,0.638943303,1.179203471e-08,3.418709957e-07,5.826588701e-06,4.982523784e-05,0.1273484828,0.1470880373,0.4913558714,0.8440611456,0.844302796,0.5774751009,1.723452797e-09,9.543477056e-08,2.761614632e-06,3.467658803e-05,0.1643401693,0.230632864,0.6719409114,0.8909281482,0.6202842717,0.2726125605
59,0.03822567972,0.04507779118,0.04769945705,0.04564671252,0.164745622,0.0967361963,0.1509737886,0.2034564683,0.2348800726,0.2368616917,0.0545417765,0.06440966921,0.06825213729,0.06540025533,0.1798822382,0.09929800548,0.1559012872,0.2112665813,0.2453601048,0.248795221,0.0009579568594,0.001265785929,0.001500783248,0.001595219367,0.02428435505,0.007438380893,0.01877611818,0.03954351415,0.06662227218,0.09399950446,0.0006713853939,0.0008858737284,0.001048854277,0.001113398097,0.02224089058,0.00724647661,0.01818267024,0.03808166766,0.06377664428,0.08949079309,0.01675893262,0.01410112043,0.01064643695,0.007460658243,0.03894065981,0.00713744207,0.01197763382,0.01726655647,0.02009357201,0.01970168297,0.02467411919,0.02079301725,0.01572304897,0.01103384263,0.04284952734,0.007343375217,0.01240366128,0.01798906141,0.02107112234,0.02078423819,0.0004598401188,0.0004317164544,0.000363691995,0.0002819880691,0.005897215808,0.0005508603337,0.001468866853,0.003255100848,0.00544073058,0.007356630279,0.0003123284566,0.0002927754853,0.0002462641884,0.0001906694415,0.005359253388,0.0005354123417,0.001418415812,0.003124364375,0.005188319347,0.0069734573,1.467326433e-06,4.212295875e-06,9.152216597e-06,1.462942264e-05,0.01045145338,0.0009992093107,0.006090517947,0.02418219561,0.05970821165,0.1034376212,4.678343448e-09,2.977371351e-08,1.302497467e-07,3.646892791e-07,0.005731686155,0.0003067733635,0.003380880459,0.02092999161,0.07015260801,0.1531329968,2.404048646e-08,1.79776316e-07,9.630147345e-07,3.37182186e-06,0.01409539415,0.002703668665,0.01948274532,0.08507045469,0.226971157,0.4313311662,2.061929041e-08,1.866245993e-07,1.209971918e-06,5.052840019e-06,0.01927855538,0.005426851229,0.0343027757,0.1326196591,0.3210441129,0.5687248582,1.316630753e-08,1.516639874e-07,1.251446174e-06,6.528901181e-06,0.02560468379,0.01004343646,0.05379855672,0.1783575212,0.3778756839,0.6058029628,1.577935485e-09,2.956395745e-08,3.807490887e-07,2.888322467e-06,0.02857813083,0.01223180534,0.06287825864,0.1917320977,0.3610426487,0.5154536557,1.510602043e-11,7.828290509e-10,2.3848573e-08,3.486080719e-07,0.03216195499,0.01295689591,0.08512923693,0.2740518191,0.4713636066,0.5576187046,6.059526124e-10,2.34667408e-08,5.342511775e-07,5.968274068e-06,0.07196717826,0.05650260885,0.2551541925,0.5798888761,0.7432669973,0.6551684098,1.302860924e-08,3.779057889e-07,6.443882728e-06,5.512877195e-05,0.1295443474,0.1495178786,0.5005320432,0.8615170855,0.8642769282,0.5928598158,1.949464862e-09,1.080143859e-07,3.127497643e-06,3.929246766e-05,0.1676147039,0.2356511185,0.6883495101,0.914891363,0.6393999827,0.2821021095
60,0.03888178624,0.0458749394,0.0485677737,0.04649958557,0.1658471303,0.09765367403,0.1527351149,0.2062431924,0.2386122421,0.2411039421,0.05523223399,0.06519688528,0.06905648748,0.06614462352,0.179961519,0.09850884071,0.1543802343,0.208851083,0.2421121727,0.2450898223,0.0009768327332,0.001290193971,0.001529090569,0.001624687914,0.02433552162,0.007381789639,0.01860074567,0.03911067332,0.06577793371,0.09265912344,0.0006876600634,0.0009078281881,0.00107541706,0.001142153522,0.02242688575,0.007317707467,0.01840253087,0.03862230451,0.06482705957,0.09115221398,0.01705901692,0.01436156718,0.01084908385,0.007606554607,0.03921680582,0.007210864885,0.01212920997,0.01752311512,0.02043996613,0.02008454261,0.02499490868,0.0210534084,0.01591243612,0.011161883,0.04286213123,0.007279609654,0.01227144924,0.01776437502,0.02076644073,0.02044613539,0.0004689341621,0.0004400543857,0.0003705477943,0.00028718327,0.005908396992,0.0005462566389,0.001453797496,0.003215968202,0.005365005679,0.007241435832,0.0003200474108,0.0003001827782,0.0002526391345,0.0001957084862,0.005405901455,0.0005410980811,0.001436946422,0.00317229179,0.005280661035,0.007113370022,1.539460283e-06,4.419939092e-06,9.604602007e-06,1.535435779e-05,0.01054519888,0.001001609588,0.006108499764,0.02426595418,0.0599512075,0.1039184313,4.990416081e-09,3.176527116e-08,1.389860958e-07,3.892123465e-07,0.005794396178,0.0003077709753,0.003394394649,0.02102814888,0.07054149002,0.1541085759,2.53223074e-08,1.893912354e-07,1.014676747e-06,3.553215846e-06,0.01420370504,0.002695961828,0.01944016026,0.08493705232,0.2267335086,0.4310863697,2.172298562e-08,1.966446165e-07,1.275134036e-06,5.325719466e-06,0.01942828051,0.005412388951,0.0342341665,0.1324363315,0.3207700029,0.5685164729,1.387452553e-08,1.59846815e-07,1.319170906e-06,6.883212452e-06,0.02580620144,0.01001902584,0.05370357442,0.1781528322,0.3776453046,0.605734936,1.685133235e-09,3.157784346e-08,4.067557204e-07,3.086097279e-06,0.02890402395,0.01228494064,0.06319831367,0.1928409476,0.3634558207,0.5193511699,1.659478487e-11,8.601904886e-10,2.621176362e-08,3.832386151e-07,0.03262894098,0.01304784287,0.08581774249,0.2765404925,0.4763089236,0.5642534657,6.661498132e-10,2.580430485e-08,5.876124853e-07,6.565869696e-06,0.07303041773,0.05693809143,0.2573935753,0.5855546863,0.7516041509,0.6634644878,1.433127389e-08,4.157922769e-07,7.0916393e-06,6.068415377e-05,0.1314850084,0.1507539834,0.5052055787,0.8704179336,0.8744816485,0.6007355977,2.191775476e-09,1.214763978e-07,3.518333048e-06,4.421492984e-05,0.1704876427,0.2382146415,0.6967444115,0.9271695472,0.6492199908,0.2869902524
61,0.03954307676,0.04667717394,0.04944040818,0.04735566945,0.1669138419,0.09850823192,0.1543790597,0.208849217,0.2421096638,0.2450869619,0.05591953569,0.06597706854,0.06984991332,0.06687547939,0.1799926407,0.09765434151,0.1527363954,0.2062452182,0.238614956,0.2411070291,0.0009957832142,0.00131460364,0.001557285562,0.001653925619,0.02437729705,0.007317758648,0.01840268861,0.03862269215,0.06482781271,0.09115340583,0.0007041605691,0.0009300501538,0.001102260979,0.001171172986,0.02260597039,0.007381745194,0.01860060765,0.03911033227,0.06577726813,0.09265806719,0.01736173676,0.01462392236,0.01105294416,0.007753157836,0.03948459266,0.007279560693,0.01227134765,0.01776420234,0.02076620664,0.02044587587,0.02531425024,0.02131145399,0.01609920721,0.01128754711,0.04286283148,0.007210918518,0.01212932065,0.01752330247,0.02044021922,0.02008482261,0.0004780624862,0.0004483903972,0.0003773734464,0.000292334815,0.00591726193,0.0005411021885,0.001436959794,0.003172326362,0.005280727657,0.007113471047,0.0003278783674,0.000307685546,0.0002590865237,0.0002007980954,0.005450892275,0.0005462530484,0.001453785724,0.003215937606,0.00536494646,0.007241345806,1.614181012e-06,4.634469876e-06,1.007078179e-05,1.609961535e-05,0.01063282973,0.001001610652,0.006108507426,0.02426598895,0.05995130656,0.1039186257,5.319052098e-09,3.385712671e-08,1.481388374e-07,4.148434395e-07,0.005853126181,0.0003077714114,0.003394400321,0.02102818897,0.07054164591,0.1541089632,2.664848773e-08,1.993103805e-07,1.0678211e-06,3.739323788e-06,0.01430110419,0.002680017436,0.01932532785,0.08443590031,0.2253443362,0.4283412196,2.286115122e-08,2.06948075e-07,1.341948707e-06,5.604786253e-06,0.01956159121,0.005380395965,0.03403205261,0.1316553309,0.3188057096,0.5648980672,1.46018693e-08,1.682267483e-07,1.38833053e-06,7.244087265e-06,0.0259834181,0.009959842084,0.05338672633,0.1771029304,0.3753342582,0.6018822006,1.796329169e-09,3.36615557e-08,4.335961559e-07,3.289738675e-06,0.02919769655,0.01228518279,0.06319957305,0.1928448291,0.3634635133,0.5193627228,1.816945686e-11,9.418137024e-10,2.869899322e-08,4.19604104e-07,0.03304282196,0.01304838713,0.08582134748,0.276552185,0.4763302063,0.5642801203,7.294171794e-10,2.825506356e-08,6.43420934e-07,7.189463368e-06,0.07395775717,0.05694112312,0.2574073535,0.5855861858,0.7516468192,0.66350426,1.569337424e-08,4.553108492e-07,7.76565806e-06,6.645183336e-05,0.1331560491,0.1507634258,0.505237362,0.870472917,0.8745398999,0.6007778268,2.449067698e-09,1.357365116e-07,3.931350618e-06,4.94053316e-05,0.1729334071,0.238235809,0.6968065513,0.9272525192,0.6492815509,0.2870191189
62,0.04020895227,0.04748368602,0.05031639178,0.04821393367,0.1679442266,0.09929745699,0.1559002223,0.2112648816,0.2453578108,0.2487925998,0.05660285034,0.06674917408,0.07063124945,0.06759166246,0.1799755561,0.09673692069,0.1509751712,0.2034586469,0.234882981,0.2368649921,0.001014784461,0.001338979543,0.001585321951,0.00168287934,0.02440960288,0.007246534332,0.01818284699,0.03808209991,0.06377748063,0.0894921129,0.0007208721775,0.0009525164185,0.001129353948,0.001200417772,0.02277782586,0.007438343354,0.01877600049,0.03954322144,0.06662169803,0.09399859064,0.01766682162,0.01488792414,0.01125779324,0.007900292386,0.03974363054,0.007343331065,0.01240356912,0.01798890406,0.02107090823,0.02078400036,0.02563175135,0.02156680189,0.01628308215,0.01141063094,0.04285162699,0.007137500224,0.01197775323,0.01726675782,0.02009384303,0.01970198217,0.0004872134677,0.0004567122438,0.0003841575935,0.0002974332071,0.005923793824,0.0005354169497,0.001418430721,0.00312440274,0.005188392975,0.006973568659,0.0003358144868,0.0003152761025,0.0002655987803,0.0002059315838,0.005494145489,0.0005508572744,0.001468856734,0.003255074389,0.00544067912,0.007356551859,1.691466262e-06,4.855741612e-06,1.055025825e-05,1.686413542e-05,0.01071411699,0.0009992124939,0.006090540861,0.02418229953,0.05970850755,0.1034382015,5.664542863e-09,3.605005283e-08,1.577066193e-07,4.415665376e-07,0.005907699419,0.0003067746671,0.0033808974,0.0209301113,0.070153073,0.153134151,2.801788667e-08,2.095206569e-07,1.122353202e-06,3.92973545e-06,0.01438728662,0.002655993171,0.01913961002,0.08357385884,0.2228257611,0.4231453382,2.403220958e-08,2.175159556e-07,1.410261879e-06,5.889278535e-06,0.01967803921,0.005331206167,0.03369894164,0.1302877749,0.3151836277,0.5579371834,1.534684757e-08,1.767827535e-07,1.458719668e-06,7.610300865e-06,0.02613568606,0.009866543746,0.05285216227,0.1752234855,0.3709823141,0.5943195438,1.911281036e-09,3.5809478e-08,4.611841872e-07,3.498495493e-06,0.02945788391,0.0122325285,0.06288201683,0.1917436728,0.3610655683,0.5154880467,1.982590604e-11,1.027424837e-09,3.130009635e-08,4.575313471e-07,0.03340111812,0.01295851699,0.08513996299,0.2740865739,0.4714267795,0.5576977127,7.954683328e-10,3.080613054e-08,7.013422544e-07,7.834899067e-06,0.0747429825,0.05651163265,0.25519516,0.5799824426,0.7433935591,0.6552862134,1.710663742e-08,4.961925869e-07,8.460859637e-06,7.23844544e-05,0.1345453081,0.1495459685,0.5006264944,0.8616803203,0.8644496132,0.592984821,2.719539367e-09,1.506821105e-07,4.362919902e-06,5.481377297e-05,0.1749305638,0.2357139281,0.6885336555,0.9151369456,0.639581843,0.2821872222
63,0.04087879295,0.04829364315,0.05119473171,0.04907332551,0.1689368604,0.1000192169,0.1572937751,0.2134814768,0.2483434816,0.2522042526,0.05728135051,0.06751217227,0.07139935904,0.06829205121,0.1799103702,0.09575925331,0.14910249,0.2005018901,0.2309319519,0.2323832136,0.001033812094,0.001363285859,0.00161315333,0.001711496218,0.02443239392,0.007168400556,0.01794224666,0.03749175593,0.06263318782,0.08768612658,0.0007377792275,0.0009752025237,0.001156662371,0.001229847538,0.02294215678,0.007487295329,0.01892794487,0.03991880286,0.06735552962,0.09516528184,0.01797399057,0.01515330204,0.01146340003,0.008047778287,0.03999355514,0.007401998871,0.01252544316,0.01819638813,0.02135279973,0.02109736221,0.0259470211,0.02181910502,0.01646378773,0.01153093735,0.04282855458,0.007059572951,0.01181726709,0.01699572841,0.01972879731,0.01929940632,0.0004963752252,0.0004650075393,0.0003908888558,0.0003024690096,0.005927984117,0.0005292236414,0.001398296944,0.003072451303,0.005088551795,0.006822645565,0.0003438484743,0.000322946321,0.0002721679479,0.0002111019647,0.005535586292,0.0005548937342,0.001482093005,0.003289503991,0.005507422765,0.007458251427,1.771282378e-06,5.083571388e-06,1.104244753e-05,1.764671116e-05,0.01078885773,0.0009944379367,0.006054800437,0.02401594624,0.05922632266,0.1024849307,6.027119236e-09,3.834434461e-08,1.676856248e-07,4.693578263e-07,0.005957957513,0.0003047927446,0.003354078315,0.02073551449,0.06938308424,0.1512048615,2.942909379e-08,2.200067546e-07,1.178165688e-06,4.123993465e-06,0.01446199998,0.002624138326,0.0188853108,0.08236323791,0.2192194463,0.4155959361,2.523432565e-08,2.283267381e-07,1.47990239e-06,6.178360319e-06,0.01977725932,0.005265357763,0.03323915311,0.1283539563,0.3099657663,0.5477682182,1.610778778e-08,1.854916075e-07,1.530114254e-06,7.980529009e-06,0.02626248788,0.009740218051,0.0521071924,0.17254371,0.3646671474,0.5831986891,2.029702124e-09,3.801510896e-08,4.894216212e-07,3.711522148e-06,0.02968351427,0.0121277798,0.06225118196,0.18955893,0.3563150506,0.5078228608,2.155859272e-11,1.116671773e-09,3.400237605e-08,4.968083182e-07,0.03370175908,0.01278030486,0.08379143718,0.2692154072,0.4617614716,0.5447516928,8.639502891e-10,3.34419138e-08,7.609779788e-07,8.497279468e-06,0.07538102945,0.05566037815,0.2508193318,0.5689176267,0.7271355779,0.6391346996,1.856121454e-08,5.38121227e-07,9.171332829e-06,7.842737518e-05,0.1356430692,0.1471340739,0.4915103398,0.8443275801,0.8445838368,0.5776779533,3.000902323e-09,1.661725786e-07,4.808571293e-06,6.037950969e-05,0.1764622142,0.2307352774,0.6722403875,0.8913265764,0.6205781976,0.2727495912
64,0.04155195953,0.04910619142,0.05207441421,0.04993277386,0.169890431,0.1006716762,0.1585555056,0.2154913255,0.2510549336,0.2553070463,0.05795421557,0.068265053,0.07215313892,0.0689755685,0.1797973393,0.09472425625,0.1471247573,0.1973862326,0.2267785936,0.2276823381,0.001052841281,0.001387486486,0.00164073339,0.001739723957,0.0244456585,0.007083675908,0.01768202809,0.03685481526,0.0614017814,0.08574729523,0.0007548651613,0.0009980828254,0.001184151257,0.00125942047,0.02309869254,0.007528436276,0.01905582008,0.04023529344,0.06797475858,0.09615101834,0.01828295287,0.01541977768,0.01166952778,0.008195431779,0.04023402925,0.007455409652,0.01263658881,0.01838591228,0.02161073724,0.02138455322,0.02625967161,0.02206802285,0.01664105886,0.01164827711,0.04279368873,0.006977372947,0.01164842025,0.01671126566,0.01934665194,0.01887897783,0.0005055356645,0.0004732638108,0.0003975558887,0.0003074328985,0.005929832539,0.000522547515,0.001376653879,0.003016749519,0.004981800738,0.006661689836,0.0003519725937,0.0003306876559,0.0002787857147,0.0002163019751,0.005575145842,0.0005583485098,0.001493439337,0.003319059916,0.005564807136,0.0075458143,1.853583982e-06,5.317739345e-06,1.154667966e-05,1.844599131e-05,0.01085687646,0.0009873322188,0.006001682717,0.02376902473,0.05851168273,0.1010741272,6.406945418e-09,4.073978415e-08,1.780694435e-07,4.981854207e-07,0.006003761712,0.0003018493793,0.003314322863,0.02044754825,0.0682460565,0.1483617482,3.088042534e-08,2.307511607e-07,1.235138744e-06,4.32159543e-06,0.01452504655,0.002584788668,0.01856562095,0.08082146289,0.2145853061,0.405834452,2.646540921e-08,2.393564731e-07,1.550682804e-06,6.471126597e-06,0.01985897248,0.005183581658,0.03265871069,0.1258827722,0.3032417699,0.5345876426,1.688284286e-08,1.943280256e-07,1.602273051e-06,8.353358337e-06,0.02636344114,0.009582356135,0.05116209607,0.1691055031,0.3565017648,0.5687427095,2.151261912e-09,4.027108983e-08,5.181988631e-07,3.927884789e-06,0.02987371997,0.01197252133,0.06131798467,0.1863328103,0.349316125,0.4965546276,2.336054761e-11,1.209124212e-09,3.6790646e-08,5.371853705e-07,0.03394311125,0.01251782108,0.08181071948,0.2620787951,0.4476510862,0.5259178896,9.344451918e-10,3.614422945e-08,8.21869199e-07,9.171021002e-06,0.07586805645,0.05440846395,0.2444017848,0.5527314336,0.7034386878,0.6156775861,2.004577579e-08,5.8073683e-07,9.890413937e-06,8.451948939e-05,0.1364422112,0.1435913578,0.4781572679,0.8189747123,0.8156665753,0.555478566,3.290400994e-09,1.820408246e-07,5.26305564e-06,6.603189505e-05,0.1775162955,0.2234679142,0.6485374131,0.8567957731,0.5931507744,0.2591945911
65,0.0422277949,0.04992045804,0.05295440798,0.05079119312,0.1708037443,0.10125331,0.1596818515,0.2172878535,0.2534820015,0.2580879971,0.05862063481,0.06900682991,0.07289152462,0.0696411869,0.1796368697,0.09363506614,0.1450488019,0.1941236194,0.2224404849,0.2227839337,0.001071846839,0.001411545212,0.001668016154,0.001767511115,0.02444941854,0.006992710627,0.01740343409,0.03617469118,0.06009061613,0.0836882676,0.000772112561,0.001021130569,0.001211784339,0.001289093457,0.02324718884,0.007561644645,0.01915915569,0.04049131693,0.06847624727,0.09695015705,0.01859340867,0.01568706557,0.01187593484,0.008343065981,0.04046474428,0.007503432803,0.01273667867,0.01855683104,0.02184371587,0.02164432644,0.02656931959,0.02231322281,0.01681463982,0.01176246985,0.04274714126,0.006891152719,0.01147180385,0.01641447521,0.01894904579,0.01844264973,0.0005146825259,0.0004814685562,0.0004041474406,0.000312315714,0.005929347102,0.000515416111,0.001353604655,0.002957595052,0.004868775129,0.006491746904,0.0003601786831,0.0003384911662,0.0002854434423,0.0002215241053,0.005612761629,0.0005612109196,0.001502852364,0.003343609282,0.005612532773,0.007618725682,1.938313638e-06,5.557988351e-06,1.206219947e-05,1.926048442e-05,0.01091802637,0.0009779621687,0.005931772081,0.02344461629,0.05757475147,0.09922819249,6.804113038e-09,4.323560847e-08,1.88848965e-07,5.280091797e-07,0.006044993993,0.0002979795022,0.003262188178,0.02007081911,0.06676293997,0.1446638441,3.236992334e-08,2.417341994e-07,1.293140617e-06,4.521996724e-06,0.01457628482,0.002538359493,0.01818454121,0.07897060125,0.2089996565,0.3940416831,2.77231203e-08,2.505788883e-07,1.622400521e-06,6.766609751e-06,0.01992298812,0.005086785656,0.03196519161,0.122910913,0.2951260652,0.5186470463,1.767000073e-08,2.032648259e-07,1.674939511e-06,8.727298666e-06,0.02643830165,0.009394819038,0.05002985283,0.1649622263,0.3466307735,0.5512378553,2.275587493e-09,4.256924894e-08,5.473957435e-07,4.146569527e-06,0.03002784606,0.01176907583,0.06009837331,0.1821267953,0.3402199313,0.4819543348,2.522338536e-11,1.304275817e-09,3.964734467e-08,5.783776289e-07,0.03412399883,0.01217696654,0.07924824315,0.252878062,0.4295481265,0.5018719263,1.006474021e-09,3.889250135e-08,8.835024925e-07,9.849935353e-06,0.07620149794,0.05278640354,0.236117976,0.5319106588,0.6731087664,0.5858036992,2.154765909e-08,6.236411551e-07,1.061079774e-05,9.059433702e-05,0.1369383114,0.1390095974,0.4609526595,0.786422474,0.7787266247,0.5272640921,3.584851505e-09,1.980960553e-07,5.720443299e-06,7.169185453e-05,0.1780857862,0.2141517065,0.6182914163,0.8129201718,0.558532103,0.2422004645
66,0.0429056258,0.05073555396,0.05383366778,0.05164748737,0.1716757293,0.1017629154,0.1606699302,0.2188656493,0.2556161984,0.26053615,0.05927981052,0.06973654456,0.07361349531,0.07028793375,0.1794295163,0.09249501584,0.1428818189,0.1907265472,0.2179358872,0.2177102678,0.001090803333,0.001435425879,0.001694956218,0.001794807396,0.02444372933,0.006895883269,0.01710779641,0.035455015,0.05870746005,0.08152231886,0.0007895031922,0.001044317977,0.001239524215,0.00131882227,0.02338742892,0.00758684324,0.01923763623,0.04068591916,0.06885776341,0.09755860993,0.01890504978,0.01595487398,0.0120823755,0.008490491608,0.04068542167,0.007545962563,0.01282544165,0.01870860182,0.02205087993,0.02187560982,0.02687558775,0.02255438175,0.01698428546,0.01187334492,0.04268906076,0.006801179114,0.01128803721,0.01610650688,0.01853767059,0.01799242496,0.0005238034346,0.000489609303,0.0004106524121,0.0003171085135,0.005926544045,0.000507858996,0.001329259011,0.002895302278,0.004750140879,0.00631390525,0.0003684581747,0.0003463475441,0.000292132198,0.0002267606299,0.00564837781,0.0005634736135,0.001510300999,0.003363054315,0.005650374769,0.007676593233,2.025401604e-06,5.804024028e-06,1.258816848e-05,2.008856492e-05,0.01097219035,0.0009664149992,0.005845828528,0.0230467155,0.05642865637,0.09697595875,7.218635595e-09,4.583048174e-08,2.000123001e-07,5.587806208e-07,0.006081557979,0.000293228457,0.003198394171,0.01961125457,0.06496055406,0.1401863459,3.389535763e-08,2.529341004e-07,1.35202829e-06,4.724614035e-06,0.01461563054,0.002485337103,0.01774678694,0.07683677006,0.2025528908,0.3804316607,2.900487795e-08,2.619655298e-07,1.694839147e-06,7.063787179e-06,0.0199692056,0.004976034989,0.03116753923,0.1194818446,0.2857542714,0.5002443779,1.846709638e-08,2.122731278e-07,1.74784394e-06,9.100797069e-06,0.02648696547,0.009179795626,0.0487258066,0.1601771622,0.3352256776,0.5310232486,2.402265769e-09,4.490066277e-08,5.768825851e-07,4.366492643e-06,0.03014545667,0.0115204397,0.05861282823,0.1770195065,0.3292187006,0.4643648374,2.713735425e-11,1.401548503e-09,4.25527231e-08,6.200685681e-07,0.03424371789,0.01176523417,0.07616763719,0.2418656946,0.4080153166,0.473446946,1.079502305e-09,4.166404612e-08,9.453179616e-07,1.052733618e-05,0.07638009664,0.05083279042,0.2261883966,0.5070633917,0.6371438056,0.5506042588,2.305307103e-08,6.664046582e-07,1.132467787e-05,9.658147972e-05,0.1371297035,0.1335044992,0.4403792503,0.7476679164,0.7350336981,0.4941078871,3.880701327e-09,2.141277739e-07,6.174261023e-06,7.727386171e-05,0.1781688087,0.2030844565,0.5825698827,0.7613816434,0.5182116337,0.2225771602
67,0.04358476464,0.05155057675,0.05471113817,0.05250055474,0.1725054426,0.10219962,0.1615175616,0.2202205119,0.2574507974,0.2626426927,0.05993096108,0.07045327057,0.07431807853,0.070914896,0.1791759792,0.09130760975,0.1406313107,0.187207954,0.21328357,0.2124840815,0.001109685184,0.001459092558,0.001721508989,0.00182156394,0.02442867925,0.006793597139,0.01679652176,0.03469959417,0.05726039705,0.07926317236,0.0008070180537,0.00106761634,0.001267332498,0.001348561765,0.02351922478,0.007603999795,0.01929110399,0.04081857754,0.0691180051,0.09797389465,0.01921756046,0.01622290586,0.01228860084,0.008637517715,0.04089581412,0.00758291878,0.01290266517,0.01884078976,0.02223153149,0.02207751768,0.02717810634,0.02279118736,0.01714976236,0.01198074231,0.04261963189,0.006707731321,0.01109776265,0.01578854434,0.0181142546,0.0175303359,0.0005328859526,0.000497673668,0.0004170599158,0.0003218026226,0.005921447739,0.0004999074851,0.00130373214,0.00283019866,0.004626586174,0.006129281895,0.0003768021173,0.0003542471455,0.0002988427898,0.0002320036423,0.00568194551,0.0005651326322,0.001515766719,0.003377333387,0.005678185412,0.007719152116,2.114765679e-06,6.055515147e-06,1.312366782e-05,2.092848098e-05,0.01101928181,0.0009527967528,0.005744772011,0.02258013795,0.05508914719,0.09435186042,7.650443355e-09,4.852247228e-08,2.115447324e-07,5.904429429e-07,0.006113379665,0.0002876509996,0.003123805056,0.01907593153,0.06287070538,0.1350178588,3.545423109e-08,2.643270948e-07,1.411648349e-06,4.928829575e-06,0.01464305725,0.002426268976,0.01725767776,0.07444944867,0.1953467887,0.3652445823,3.030787226e-08,2.734859393e-07,1.767770117e-06,7.361590042e-06,0.01999761478,0.004852529828,0.03027584582,0.1156446265,0.2752790443,0.4797138392,1.927182667e-08,2.213225842e-07,1.820705963e-06,9.472253524e-06,0.02650946927,0.008939753924,0.04726727614,0.154821727,0.3224794343,0.5084789994,2.530846434e-09,4.725573343e-08,6.065214999e-07,4.586512646e-06,0.03022633856,0.0112302014,0.0568857326,0.1711040398,0.3165384565,0.4441865057,2.909142351e-11,1.500298901e-09,4.548510553e-08,6.619147357e-07,0.03430204331,0.01129141394,0.07264292111,0.2293331263,0.3836950203,0.441583494,1.152947789e-09,4.443443914e-08,1.006719225e-06,1.119616861e-05,0.07640391436,0.04859266267,0.2148682028,0.4788878362,0.5966767103,0.5113039045,2.454733565e-08,7.085749455e-07,1.202391287e-05,0.0001024080993,0.1370174865,0.1272105173,0.416993287,0.7038509407,0.6860226154,0.457208747,4.174108258e-09,2.29910901e-07,6.617662571e-06,8.268834812e-05,0.1777686287,0.1906052868,0.5425757633,0.7040570626,0.4738259461,0.2012006005
68,0.04426451146,0.05236461356,0.05558575745,0.05334929186,0.1732920733,0.1025628874,0.1622232847,0.2213494846,0.2589808925,0.2644010428,0.06057332401,0.07115611762,0.07500435481,0.07152122481,0.1788771008,0.0900764984,0.1383050267,0.1835811069,0.2085026364,0.2071283666,0.001128466774,0.001482509721,0.001747630924,0.001847733598,0.02440438922,0.006686276549,0.01647107718,0.0339123693,0.05575772808,0.07692482098,0.0008246374333,0.001090996126,0.001295169979,0.001378266092,0.0236424181,0.007613127074,0.01931955986,0.04088920476,0.06925661198,0.09819515894,0.01953061833,0.01649085981,0.01249435968,0.008783952476,0.04109570669,0.007614247467,0.01296819688,0.01895307146,0.02238513689,0.02224935983,0.02747651461,0.02302333954,0.01731084997,0.01208451344,0.04253907444,0.006611098822,0.01090164033,0.01546179477,0.01768054649,0.01705842438,0.0005419176327,0.0005056494187,0.0004233593347,0.0003263896867,0.005914090531,0.0004915943517,0.0012771435,0.00276262108,0.004498813136,0.005939008006,0.0003852012018,0.0003621800244,0.0003055658047,0.0002372450916,0.005713423082,0.0005661874294,0.001519243698,0.003386421534,0.005695895655,0.007746267957,2.206311165e-06,6.312094404e-06,1.366770201e-05,2.177836417e-05,0.01105924521,0.0009372304426,0.00562966385,0.02205041126,0.05357419548,0.09139496887,8.099378802e-09,5.130903524e-08,2.234287031e-07,6.229311641e-07,0.006140407944,0.0002813101128,0.003039407659,0.01847287668,0.06052917129,0.1292572514,3.7043788e-08,2.758875395e-07,1.471838003e-06,5.133995943e-06,0.01465859628,0.002361752936,0.016723016,0.07184072401,0.1874915802,0.3487391506,3.162907977e-08,2.851078639e-07,1.840954549e-06,7.658913048e-06,0.02000829577,0.004717580509,0.0293011137,0.1114526167,0.2638655471,0.4574149466,2.008176746e-08,2.30381643e-07,1.893237241e-06,9.84003789e-06,0.02650598939,0.008677387522,0.04567312698,0.1489735107,0.3086005291,0.4840133652,2.660845709e-09,4.962428142e-08,6.361678948e-07,4.805443988e-06,0.03027050228,0.01090244603,0.05494464313,0.1644849008,0.3024307116,0.4218610657,3.107340792e-11,1.599826926e-09,4.84212186e-08,7.03551526e-07,0.0342992285,0.01076525833,0.06875536487,0.2155972237,0.3572759754,0.4072759247,1.226189897e-09,4.717795334e-08,1.067085103e-06,1.18491577e-05,0.0762743211,0.04611566376,0.2024357011,0.4481380952,0.5529136082,0.4691876069,2.601518492e-08,7.496864344e-07,1.270021241e-05,0.000108000764,0.1366054849,0.120275063,0.3913982194,0.6561960302,0.6332121135,0.4178167791,4.461036292e-09,2.452118393e-07,7.043626427e-06,8.784444635e-05,0.1768935497,0.1770766382,0.4995778046,0.6429014752,0.4270461966,0.1789469778
69,0.04494415597,0.0531767442,0.05645646169,0.05419259845,0.1740349457,0.1028525202,0.1627863667,0.2222508776,0.2602034391,0.2658069067,0.06120615904,0.0718442353,0.07567146193,0.0721061397,0.1785338618,0.08880545238,0.1359109029,0.1798594896,0.2036123509,0.2016661474,0.001147122562,0.001505642418,0.001773279768,0.001873271217,0.0243710119,0.006574362972,0.01613297526,0.03309737102,0.05420787313,0.07452135181,0.0008423409695,0.001114427085,0.001322996791,0.001407888916,0.02375688113,0.007614282482,0.01932316223,0.04089814649,0.06927416217,0.09822317857,0.01984389529,0.0167584311,0.01269939955,0.008929603981,0.04128491777,0.007639921115,0.01302194566,0.01904523757,0.02251133151,0.02239064815,0.02777046227,0.02325055173,0.01746734164,0.0121845219,0.04244764232,0.006511579312,0.010700343,0.01512747868,0.01723829959,0.01657872239,0.0005508860733,0.0005135245337,0.0004295403811,0.0003308617196,0.005904512553,0.0004829535313,0.001249615618,0.002692912178,0.004367529615,0.005744214901,0.0003936457898,0.0003701359699,0.0003122916489,0.0002424768203,0.005742776321,0.0005666408569,0.00152073879,0.003390330489,0.005703515392,0.007757937659,2.299930928e-06,6.573359593e-06,1.421920388e-05,2.263624076e-05,0.01109205634,0.0009198539384,0.005501685759,0.02146365311,0.05190355073,0.08814793178,8.56519275e-09,5.418700139e-08,2.356438311e-07,6.561723776e-07,0.006162614927,0.0002742756771,0.002946287351,0.01781084711,0.05797459762,0.1230102872,3.866102561e-08,2.875880698e-07,1.53242628e-06,5.339441566e-06,0.01466233623,0.002292425654,0.01614895842,0.06904449782,0.1791028905,0.3311846821,3.296528201e-08,2.967974978e-07,1.914145318e-06,7.954625104e-06,0.02000141772,0.004572581267,0.02825500319,0.1069621125,0.2516867464,0.4337212903,2.089439313e-08,2.394178356e-07,1.965144404e-06,1.020250792e-05,0.02647683947,0.008395558846,0.04396332098,0.1427142284,0.293806841,0.4580495971,2.791750806e-09,5.199565268e-08,6.656721635e-07,5.022072156e-06,0.03027818054,0.01054164992,0.0528194935,0.1572746914,0.2871636125,0.3978545925,3.30701282e-11,1.699386311e-09,5.133658204e-08,7.445998581e-07,0.03423599785,0.01019712724,0.06459020923,0.2009863878,0.3294598322,0.3715197072,1.298580784e-09,4.986805859e-08,1.12578264e-06,1.24789711e-05,0.07599396295,0.04345410968,0.1891804453,0.4155893478,0.507072501,0.4255296942,2.74410816e-08,7.892708985e-07,1.334533722e-05,0.0001132872951,0.1359001634,0.1128524709,0.364217738,0.605953465,0.5781248639,0.377162154,4.737364781e-09,2.597952332e-07,7.445171912e-06,9.265293754e-05,0.1755567099,0.162866256,0.4548423183,0.5798360156,0.3794737204,0.1566339686
70,0.04562297969,0.05398604435,0.05732218887,0.05502938199,0.1747335225,0.1030686599,0.1632068049,0.2229242746,0.2611172717,0.2668583098,0.06182875098,0.07251681687,0.07631859899,0.07266893248,0.1781473765,0.08749833617,0.1334570008,0.1760566932,0.1986319726,0.1961202717,0.001165627197,0.001528456452,0.001798414787,0.001898133899,0.02432873089,0.006458311132,0.0157837593,0.03225867722,0.05261927561,0.0720667773,0.0008601077184,0.001137878376,0.001350772596,0.001437383649,0.02386251726,0.007607567217,0.01930222401,0.04084617341,0.06917215545,0.09806032908,0.0201570585,0.01702531271,0.01290346762,0.00907428105,0.0414632998,0.00765993879,0.01306388208,0.01911719401,0.0226099223,0.02250110055,0.02805961092,0.02347255219,0.0176190456,0.01228064419,0.04234562229,0.006409476614,0.0104945509,0.01478681988,0.0167892567,0.01609323369,0.0005597789745,0.0005212872643,0.0004355931532,0.0003352111511,0.005892761483,0.0004740198224,0.001221272892,0.002621416754,0.004233441259,0.005546020726,0.0004021259444,0.0003781045459,0.0003190105909,0.0002476906056,0.005769978638,0.0005664991143,0.001520271349,0.003389108209,0.005701132554,0.007754288073,2.395505584e-06,6.838875165e-06,1.477704031e-05,2.350004471e-05,0.0111177224,0.0009008176559,0.005362117158,0.02082644058,0.0500982696,0.08465585994,9.04754121e-09,5.715257272e-08,2.4816697e-07,6.900861279e-07,0.006179996048,0.0002666230389,0.002845602494,0.01709910046,0.05524736084,0.1163862011,4.030270899e-08,2.993997776e-07,1.593235367e-06,5.544476665e-06,0.01465442192,0.002218950819,0.01554188523,0.06609568522,0.1702986915,0.3128533401,3.431308722e-08,3.085197528e-07,1.987089304e-06,8.247580682e-06,0.0199772369,0.00441898327,0.02714957633,0.1022309807,0.2389187355,0.4090095071,2.170709807e-08,2.483980881e-07,2.036132142e-06,1.055802798e-05,0.02642246663,0.008097241101,0.04215845946,0.136127661,0.2783195648,0.4310130911,2.92302504e-09,5.435883786e-08,6.948815316e-07,5.235169854e-06,0.03024982408,0.01015256939,0.05054176491,0.1495907043,0.271012988,0.3726406072,3.506760425e-11,1.798196847e-09,5.420595052e-08,7.846735668e-07,0.03411353238,0.009597631174,0.0602334381,0.185827145,0.3009298062,0.3352635559,1.369457652e-09,5.247796667e-08,1.182181038e-06,1.307839004e-05,0.0755667098,0.04066107207,0.1753916798,0.3820047195,0.4603266671,0.3815304689,2.880956398e-08,8.268685201e-07,1.395130484e-05,0.0001181986597,0.1349104963,0.1050980786,0.3360698852,0.5543440354,0.5222146248,0.3363923797,4.999006276e-09,2.73431119e-07,7.815583335e-06,9.702925521e-05,0.1737757857,0.1483304335,0.4095715405,0.5166494948,0.3325526853,0.1349741322
71,0.04630025821,0.05479158885,0.05818188308,0.05585856236,0.175387407,0.1032117842,0.1634853225,0.2233705281,0.2617231005,0.267555597,0.06244041265,0.0731731027,0.07694503012,0.07320897066,0.1777188872,0.08615908203,0.1309514485,0.1721863087,0.1935805952,0.1905132136,0.001183955631,0.001550918551,0.001822996989,0.001922281254,0.02427775956,0.00633858509,0.01542498872,0.03140037163,0.05100031086,0.06957487618,0.0008779162264,0.001161318687,0.00137845677,0.001466703688,0.02395926152,0.007593124961,0.01925720781,0.0407344675,0.06895298297,0.09771053243,0.02046977145,0.01729119646,0.01310631176,0.009217794062,0.04163073995,0.007674325989,0.01309403826,0.01916896202,0.02268088842,0.02258064232,0.0283436354,0.02368908519,0.01776578592,0.01237277026,0.04223333267,0.006305098614,0.01028494668,0.01444103592,0.01633513571,0.01560391673,0.0005685841943,0.0005289261936,0.0004415081902,0.0003394308718,0.005878892268,0.0004648285896,0.001192240432,0.00254847831,0.004097244002,0.005345518028,0.0004106314644,0.0003860751334,0.0003257128061,0.0002528782002,0.005795011185,0.0005657716625,0.001517872899,0.003382837919,0.005688911051,0.007735572593,2.4929038e-06,7.108174179e-06,1.534001895e-05,2.43676321e-05,0.0111362818,0.0008802821082,0.005212311421,0.02014567474,0.04818023503,0.08096520493,9.545983099e-09,6.020132511e-08,2.609723034e-07,7.245849072e-07,0.006192569972,0.0002584315223,0.002738558291,0.01634716319,0.05238844396,0.1094943821,4.1965389e-08,3.112924149e-07,1.654082071e-06,5.748399641e-06,0.01463505291,0.002142007312,0.01490827085,0.06302943252,0.1611963786,0.2940128148,3.566895484e-08,3.202385544e-07,2.059529796e-06,8.536631713e-06,0.01993609389,0.004258267757,0.0259970445,0.09731732581,0.2257362649,0.3836489369,2.251721989e-08,2.572890499e-07,2.105906417e-06,1.090498813e-05,0.02634344643,0.007785460668,0.04027933565,0.1292976633,0.2623574365,0.4033194061,3.054113534e-09,5.670260188e-08,7.236420179e-07,5.443513905e-06,0.03018609513,0.009740127736,0.04814365748,0.1415515746,0.254253736,0.3466841573,3.705127684e-11,1.895458027e-09,5.7003794e-08,8.233872744e-07,0.03393344872,0.008977290417,0.05576877675,0.1704319979,0.2723233728,0.2993694861,1.438155961e-09,5.498120352e-08,1.235665997e-06,1.364048235e-05,0.07499758446,0.03778857749,0.1613477777,0.3481058139,0.4137563996,0.3382646048,3.010560015e-08,8.620390327e-07,1.45105933e-05,0.0001226708105,0.1336477979,0.0971627424,0.3075437433,0.5025106284,0.4668052297,0.2965223012,5.242027774e-09,2.859021247e-07,8.148630945e-06,0.0001008963875,0.1715726137,0.1337995593,0.3648526024,0.4549202656,0.2875057571,0.1145436035
72,0.04697526346,0.05559245503,0.05903449873,0.0566790766,0.1759963441,0.1032827008,0.1636233568,0.2235917404,0.2620234859,0.267901405,0.06304048756,0.07381238359,0.07755008789,0.07372570051,0.1772497594,0.08479166422,0.1284023828,0.1682618251,0.1884769965,0.1848668905,0.001202083236,0.001572996535,0.001846989339,0.001945675637,0.02421833988,0.006215654392,0.01505822486,0.03052650412,0.04935920035,0.06705904672,0.0008957446065,0.00118471637,0.001406008591,0.001495802653,0.02404708077,0.007571140146,0.01918871944,0.0405646033,0.06861988454,0.09717918005,0.02078169497,0.01755577408,0.01330768151,0.00935995578,0.04178716049,0.007683134279,0.01311250713,0.01920067694,0.02272437977,0.02262940473,0.02862222514,0.02389991217,0.01790740327,0.01246080411,0.0421111218,0.00619875524,0.01007221059,0.01409132895,0.01587761622,0.01511266899,0.0005772898044,0.0005364302958,0.0004472765248,0.0003435142749,0.005862966801,0.0004554154715,0.001162642929,0.002474435771,0.003959617086,0.00514376243,0.00041915192,0.0003940369745,0.0003323884232,0.0002580313755,0.005817862935,0.0005644711051,0.001513586671,0.003371636701,0.005667087628,0.007702165776,2.591982714e-06,7.380760638e-06,1.590689574e-05,2.523679688e-05,0.01114780365,0.0008584153803,0.00505367172,0.01942844497,0.04617168161,0.07712266836,1.005997887e-08,6.332821854e-08,2.740314774e-07,7.595747667e-07,0.006200378286,0.0002497829273,0.002626380927,0.01556460574,0.04943837107,0.1024413046,4.364542316e-08,3.232346196e-07,1.71477941e-06,5.950503795e-06,0.01460448144,0.002062277705,0.01425456004,0.05988037997,0.1519100747,0.2749197279,3.702922255e-08,3.31917158e-07,2.131209007e-06,8.8206398e-06,0.01987841003,0.004091920008,0.02480952798,0.0922782406,0.2123086457,0.3579923577,2.332206409e-08,2.660574337e-07,2.174177721e-06,1.12418232e-05,0.02624047668,0.007463241598,0.03834651059,0.1223063072,0.2461314748,0.3753636155,3.184449384e-09,5.901562115e-08,7.518004704e-07,5.645902503e-06,0.03008785841,0.009309304396,0.04565729447,0.1332741266,0.2371519252,0.3204276192,3.9006252e-11,1.990363701e-09,5.970480177e-08,8.603644855e-07,0.03369777223,0.008346225582,0.05127505962,0.1550891397,0.2442104077,0.2645828401,1.504023113e-09,5.73521894e-08,1.285653955e-06,1.41587709e-05,0.07429267491,0.03488600746,0.1473071964,0.3145484032,0.3683115641,0.2966439227,3.131493864e-08,8.943725215e-07,1.501633427e-05,0.0001266463943,0.1321255167,0.08918805367,0.2791798698,0.4514791698,0.4130445444,0.2583992801,5.462769669e-09,2.970103665e-07,8.438777311e-06,0.0001041875229,0.168972742,0.1195667128,0.3216197172,0.3959621843,0.245295433,0.09576689536
73,0.04764726604,0.05638772606,0.05987900481,0.05748988351,0.1765602218,0.1032825397,0.1636230408,0.2235912317,0.2620227928,0.2679006063,0.06362835253,0.0744340038,0.07813317627,0.07421864966,0.1767414746,0.08340007392,0.1258178936,0.1642965327,0.1833394987,0.1792024964,0.001219985914,0.001594659484,0.001870356966,0.001968282365,0.02415074104,0.006089990311,0.0146850174,0.02964105357,0.04770393271,0.06453217441,0.0009135706194,0.001208039573,0.001433387443,0.001524634636,0.02412597384,0.007541835836,0.01909749982,0.04033852428,0.06817689457,0.0964730347,0.02109248833,0.01781873837,0.01350732913,0.009500582183,0.04193251908,0.007686440713,0.01311944107,0.01921258583,0.02274071352,0.02264772113,0.02889508542,0.02410481274,0.01804375571,0.01254466421,0.04197936647,0.006090756501,0.009857015871,0.0137388772,0.01541832723,0.01462131285,0.0005858841462,0.0005437889923,0.0004528897331,0.0003474552947,0.005845053576,0.0004458160994,0.001132603597,0.002399620436,0.003821216711,0.004941762567,0.0004276766909,0.0004019792183,0.0003390275717,0.0002631419644,0.005838530715,0.0005626130377,0.001507466999,0.003355653662,0.005635967719,0.00765455617,2.69258848e-06,7.656112177e-06,1.647638327e-05,2.610528776e-05,0.01115238718,0.000835390589,0.004887627135,0.01868189666,0.04409474205,0.07317417945,1.058889015e-08,6.652761496e-08,2.873137719e-07,7.949560391e-07,0.006203484997,0.000240760058,0.002510292802,0.01476083204,0.04643623945,0.09532782569,4.533899947e-08,3.351941612e-07,1.775138275e-06,6.150084275e-06,0.01456301005,0.001980437356,0.013587053,0.0566819909,0.1425482467,0.2558139752,3.839013561e-08,3.435184835e-07,2.201870656e-06,9.098488537e-06,0.01980468325,0.003921404817,0.02359883388,0.0871686767,0.1987961521,0.3323681047,2.411892967e-08,2.746703626e-07,2.240664332e-06,1.156703145e-05,0.02611436999,0.007133553686,0.03637992464,0.1152322165,0.2298404081,0.3475113463,3.313460208e-09,6.128662573e-08,7.792066329e-07,5.841172396e-06,0.02995617016,0.00886502999,0.04311398688,0.1248705317,0.2199579206,0.2942787914,4.091756151e-11,2.08211731e-09,6.228439395e-08,8.95245627e-07,0.03340890477,0.007713891633,0.0468240732,0.1400544428,0.2170775773,0.2315131936,1.566432138e-09,5.956680607e-08,1.331605686e-06,1.462739076e-05,0.07345903225,0.03199876307,0.1335013104,0.2819042189,0.3247862562,0.2573954703,3.242444256e-08,9.234994594e-07,1.54624878e-05,0.0001300762585,0.1303590007,0.08130244811,0.2514552542,0.4021303854,0.3618748215,0.222684223,5.657956742e-09,3.065836956e-07,8.681358439e-06,0.0001068482984,0.1660049257,0.1058797162,0.2806306711,0.3407956391,0.2066105423,0.07891659393
74,0.04831553763,0.05717649434,0.06071438902,0.05828996821,0.1770790704,0.1032127418,0.1634871794,0.2233734966,0.2617271244,0.2675602269,0.06420342012,0.07503736378,0.07869377333,0.07468742915,0.1761956245,0.08198829506,0.1232059721,0.1603034337,0.1781858413,0.1735403532,0.001237640212,0.001615877893,0.001893067348,0.001990069916,0.02407525791,0.005962062243,0.01430689168,0.02874789355,0.04604219271,0.0620065159,0.0009313717577,0.001231256384,0.001460553008,0.001553154439,0.02419597139,0.007505471245,0.0189844155,0.04005851498,0.06762877795,0.09560011351,0.0214018104,0.01807978432,0.01370501061,0.009639493276,0.04206680881,0.00768434704,0.01311505004,0.01920504389,0.02273036881,0.02263612053,0.02916193851,0.02430358564,0.0181747193,0.01262428389,0.04183847022,0.005981410613,0.009640024406,0.01338482716,0.01495883614,0.01413158334,0.0005943558849,0.000550992206,0.0004583399803,0.0003512484416,0.005825227299,0.0004360658276,0.001102243169,0.002324353192,0.003682670402,0.004740471395,0.0004361950065,0.0004098909682,0.0003456204297,0.0002682019053,0.005857019192,0.0005602158701,0.001499578602,0.003335067724,0.005595920409,0.007593337512,2.794556919e-06,7.933683094e-06,1.704715975e-05,2.697082595e-05,0.01115016073,0.0008113833831,0.004715609607,0.01791310612,0.04197102789,0.0691639719,1.113198036e-08,6.979330385e-08,3.007863069e-07,8.306241612e-07,0.006201975842,0.0002314453178,0.002391489566,0.01394488983,0.04341887967,0.08824693564,4.704216262e-08,3.471382025e-07,1.83496917e-06,6.346445124e-06,0.01451098872,0.001897144367,0.01291180202,0.05346596482,0.1332116977,0.2369141562,3.974787798e-08,3.550054595e-07,2.271262583e-06,9.369095704e-06,0.01971548315,0.003748144047,0.0223762583,0.08204046442,0.1853470212,0.3070737782,2.490513542e-08,2.830957178e-07,2.305095501e-06,1.187919254e-05,0.02596604558,0.00679926536,0.0343985546,0.1081491377,0.2136669092,0.3200917353,3.440574926e-09,6.350454344e-08,8.057151957e-07,6.028215618e-06,0.02979226517,0.008412090219,0.04054358157,0.1164458686,0.2029007509,0.2686016435,4.277043195e-11,2.169947211e-09,6.471922362e-08,9.276957571e-07,0.0330695879,0.007088863848,0.04247893778,0.1255459213,0.1913191917,0.2006259811,1.624794933e-09,6.160293101e-08,1.373038747e-06,1.504122923e-05,0.07250455677,0.02916723514,0.1201293157,0.2506492168,0.2838056604,0.2210543062,3.342239434e-08,9.490995855e-07,1.584399169e-05,0.0001329206919,0.1283652388,0.07361832024,0.2247731517,0.3551828169,0.3140192737,0.1898475274,5.824795891e-09,3.14480991e-07,8.872730443e-06,0.0001088385322,0.1627005804,0.0929367167,0.2424572894,0.2901420833,0.1718748373,0.06412521872
75,0.04897935338,0.05795786487,0.06153966195,0.05907834663,0.1775530623,0.1030750459,0.1632192184,0.2229441495,0.2611442386,0.2668893397,0.06476514091,0.07562192266,0.07923143336,0.07513173511,0.1756139035,0.08056028123,0.120574461,0.1562951595,0.1730330675,0.1678997815,0.001255023427,0.001636623818,0.001915090489,0.002011010103,0.02399220946,0.005832334293,0.01392533686,0.0278507614,0.04438129901,0.05949360029,0.0009491253327,0.00125433497,0.00148746547,0.001581317825,0.02425713555,0.007462338954,0.01885044794,0.03972716964,0.06698095748,0.09456955547,0.02170932073,0.01833861028,0.01390048666,0.009776513893,0.04219005814,0.007676978723,0.01309959923,0.01917850983,0.02269397965,0.0225953189,0.0294225248,0.0244960496,0.0183001886,0.0126996116,0.04168886152,0.005871022221,0.009421882731,0.01303028649,0.01450063904,0.01364511757,0.0006026940621,0.0005580304126,0.0004636200635,0.0003548888324,0.005803568483,0.0004261994805,0.001071678996,0.002248942035,0.00354457214,0.00454077896,0.0004446959866,0.0004177613301,0.0003521572729,0.0002732032844,0.005873340811,0.0005573006233,0.001489995764,0.003310085082,0.005547372621,0.007519198579,2.897714293e-06,8.212907686e-06,1.761787859e-05,2.783112367e-05,0.01114128072,0.0007865695402,0.004539032273,0.01712896557,0.03982125516,0.0651337841,1.168841649e-08,7.311853545e-08,3.144142841e-07,8.664705871e-07,0.006195957417,0.000221919407,0.002271119553,0.01312530658,0.04042016547,0.08128201456,4.875084253e-08,3.590335745e-07,1.894083978e-06,6.538906326e-06,0.01444881176,0.001813030591,0.01223452214,0.05026174671,0.123991974,0.2184141677,4.109860485e-08,3.663413752e-07,2.339139344e-06,9.63142513e-06,0.01961144567,0.003573496707,0.02115241669,0.07694150263,0.1720951071,0.2823716406,2.567804628e-08,2.913024792e-07,2.367214512e-06,1.21769843e-05,0.02579652003,0.00646310237,0.03242012361,0.1011247763,0.1977747069,0.2933924062,3.565230647e-09,6.565864293e-08,8.311877841e-07,6.205995349e-06,0.02959754211,0.007955041183,0.03797390961,0.1080961468,0.1861838457,0.243709885,4.455055434e-11,2.253121637e-09,6.698765292e-08,9.574116751e-07,0.03268286253,0.006478680259,0.03829304955,0.111740672,0.1672341969,0.1722437853,1.678574594e-09,6.344091939e-08,1.409538324e-06,1.539604316e-05,0.07143787505,0.02642609725,0.1073552312,0.2211581617,0.2458242011,0.1879691613,3.42987601e-08,9.709092886e-07,1.61568796e-05,0.0001351503511,0.1261625854,0.06623017763,0.1994577583,0.3111866045,0.2699833301,0.1601777783,5.961056038e-09,3.205962419e-07,9.010374676e-06,0.0001101333595,0.1590932106,0.08088508366,0.2074883821,0.2444385676,0.1412728563,0.0514056659
76,0.04963799426,0.05873095853,0.06235386106,0.05985406974,0.1779825108,0.1028714731,0.16282321,0.2223098594,0.2602834475,0.2658989362,0.06531300555,0.07618720033,0.0797457887,0.07555134988,0.1749981016,0.07911993394,0.11793101,0.1522838969,0.1678974248,0.1622989912,0.001272113711,0.001656871019,0.001936399077,0.002031078228,0.02390193703,0.005701262089,0.01354179524,0.02695323087,0.0427281511,0.05700414843,0.000966808564,0.001277243719,0.001514085709,0.001609081745,0.02430955951,0.007412761868,0.01869668181,0.03934735772,0.0662394345,0.09339147651,0.02201468069,0.01859491904,0.01409352371,0.00991147447,0.04230233057,0.007664483779,0.01307340616,0.01913354029,0.02263232623,0.02252620836,0.02967660378,0.02468204404,0.01842007716,0.01277061114,0.04153099191,0.00575989074,0.009203218384,0.01267631771,0.01404515244,0.01316344617,0.0006108881473,0.0005648946884,0.0004687234495,0.0003583722172,0.005780163011,0.0004162511183,0.001041024218,0.002173679907,0.003407478305,0.004343506645,0.0004531686846,0.0004255794609,0.0003586285223,0.000278138379,0.005887515689,0.0005538907053,0.00147880142,0.00328093639,0.005490802676,0.007432911902,3.001878182e-06,8.493203864e-06,1.818717836e-05,2.868390295e-05,0.01112593028,0.0007611227051,0.004359269646,0.01633608079,0.0376649232,0.06112219935,1.225727189e-08,7.649606135e-08,3.281612581e-07,9.023837777e-07,0.006185556153,0.0002122601493,0.002150266032,0.01230995471,0.0374704854,0.07450561587,5.046088476e-08,3.708470607e-07,1.952297741e-06,6.726810722e-06,0.01437691427,0.001728693846,0.01156051707,0.0470961399,0.1149702051,0.2004809742,4.243847607e-08,3.774902317e-07,2.405264745e-06,9.884498e-06,0.01949326723,0.003398741912,0.01993710522,0.07191513011,0.1591582103,0.2584857083,2.643509958e-08,2.992610552e-07,2.426781555e-06,1.245919814e-05,0.02560689758,0.006127612966,0.03046086843,0.09421991373,0.182306595,0.2676564528,3.686879524e-09,6.773867246e-08,8.554948396e-07,6.37356055e-06,0.02937354759,0.007498137909,0.03543034603,0.09990682653,0.1699821817,0.2198633284,4.624434635e-11,2.330962791e-09,6.90701874e-08,9.841281895e-07,0.03225202575,0.005889741376,0.03430956673,0.09877412452,0.1450285637,0.1465555926,1.727296414e-09,6.506401722e-08,1.440766077e-06,1.568854962e-05,0.07026821087,0.02380391706,0.09530688271,0.193704943,0.2111333098,0.1583183253,3.504540402e-08,9.887272302e-07,1.639836378e-05,0.0001367468412,0.1237704751,0.0592137978,0.175753356,0.270526806,0.2300680651,0.1338002421,6.065126692e-09,3.248612439e-07,9.092956832e-06,0.000110723722,0.1552178265,0.06982317455,0.1759428541,0.2038675402,0.1147874104,0.04067645074
77,0.05029074949,0.05949491533,0.06315605455,0.0606162277,0.1783678675,0.1026043096,0.162303772,0.2214782762,0.259155503,0.2646017779,0.06584654666,0.07673277931,0.08023655103,0.07594614257,0.1743500967,0.07767108245,0.115283035,0.1482813234,0.1627942814,0.1567549926,0.001288890175,0.001676595086,0.001956968623,0.002050253207,0.02380480252,0.005569289854,0.01315765271,0.02605868868,0.04108918588,0.05454801049,0.0009843986692,0.001299951384,0.001540375496,0.001636404576,0.02435336682,0.007357089955,0.01852429255,0.03892218735,0.06541070451,0.09207681569,0.02231755462,0.01884841896,0.01428389486,0.01004421179,0.04240372422,0.007647031458,0.01303683738,0.01907078338,0.02254632481,0.02242984452,0.02992395495,0.0248614297,0.01853431779,0.01283726171,0.04136533409,0.005648308823,0.008984636634,0.01232393279,0.01359370637,0.01268798646,0.0006189280855,0.0005715767542,0.0004736443085,0.000361695001,0.005755101687,0.0004062538233,0.001010387047,0.002098842867,0.003271904427,0.004149402902,0.0004616021304,0.0004333346176,0.0003650247922,0.0002829996985,0.005899571469,0.0005500116697,0.001466086182,0.003247873739,0.00542673337,0.007335321662,3.106858454e-06,8.773976985e-06,1.875369321e-05,2.952691469e-05,0.01110431779,0.0007352123109,0.004177639992,0.01554068326,0.03552005168,0.05716413518,1.283753021e-08,7.991818202e-08,3.419894365e-07,9.382502517e-07,0.006170917132,0.0002025414694,0.00202993261,0.01150594761,0.03459637965,0.0679787674,5.216808231e-08,3.825456851e-07,2.009430424e-06,6.90953068e-06,0.01429576844,0.00164469144,0.01089462124,0.04399302497,0.106216371,0.1832535067,4.376369004e-08,3.884170887e-07,2.469414275e-06,1.012740339e-05,0.01936169851,0.00322506492,0.01873919451,0.06699968128,0.1466370727,0.2356004548,2.717383048e-08,3.069435948e-07,2.483576367e-06,1.272475272e-05,0.02539835972,0.005795139981,0.02853536593,0.08748780717,0.1673833155,0.2430813113,3.80499544e-09,6.973499164e-08,8.785173524e-07,6.530059026e-06,0.02912195903,0.007045277194,0.03293548544,0.09195183986,0.1544407929,0.1972668565,4.783919912e-11,2.40285966e-09,7.09498546e-08,1.007623339e-06,0.0317805858,0.005327264675,0.03056139158,0.08674130155,0.1248220397,0.1236319548,1.77055721e-09,6.645869178e-08,1.466466713e-06,1.591648673e-05,0.06900525295,0.02132306325,0.08407663645,0.1684677099,0.1798766494,0.132132703,3.565624567e-08,1.002418025e-06,1.656687971e-05,0.0001377029343,0.1212091334,0.05262629265,0.1538273043,0.2334345065,0.1943927191,0.1107018806,6.136052891e-09,3.272468104e-07,9.120338361e-06,0.0001106162106,0.1511103662,0.05980437808,0.1478902175,0.1683967012,0.0922430609,0.03178829597
78,0.05093691883,0.06024889753,0.06394534507,0.06136395367,0.1787097199,0.1022760878,0.1616660442,0.2204579491,0.257772469,0.2630122333,0.06636534038,0.07725830616,0.08070351227,0.07631606925,0.1736718472,0.07621746513,0.112637681,0.1442985508,0.1577380563,0.1512835275,0.001305332973,0.001695773557,0.001976777579,0.002068517672,0.02370118656,0.005436847764,0.01277423048,0.02517031499,0.03947034381,0.05213412142,0.001001872956,0.001322427223,0.001566297685,0.001663246336,0.02438871055,0.007295696839,0.01833453326,0.03845496707,0.06450166952,0.09063717599,0.02261761091,0.01909882506,0.01447138076,0.01017456968,0.0424943712,0.007624810783,0.01299030489,0.01899097147,0.02243701637,0.02230743223,0.03016437858,0.02503408914,0.0186428628,0.01289955794,0.04119237993,0.005536560971,0.008766717614,0.01197408854,0.01314753895,0.01222003762,0.0006268043431,0.0005780690149,0.0004783775423,0.0003648542607,0.005728479767,0.0003962395081,0.000979870152,0.002024688609,0.003138322764,0.003959140436,0.000469985374,0.000441016205,0.0003713369365,0.0002877800244,0.005909543124,0.0005456909605,0.001451947306,0.003211167472,0.00535572471,0.007227331022,3.212458331e-06,9.054623883e-06,1.93160633e-05,3.035795749e-05,0.01107667524,0.0007090017155,0.003995390171,0.01474855793,0.03340297869,0.05329048388,1.342809038e-08,8.337680086e-08,3.558600024e-07,9.739556804e-07,0.006152202789,0.0001928325358,0.001911031904,0.01071956703,0.03182033672,0.06175075471,5.386820862e-08,3.940970017e-07,2.065308624e-06,7.086474405e-06,0.01420587963,0.001561535064,0.01024115814,0.04097318278,0.0977889758,0.1668425936,4.507051749e-08,3.990884002e-07,2.531377383e-06,1.035930789e-05,0.01921753799,0.003053546362,0.01756655573,0.06222822145,0.1346149953,0.2138609751,2.789189629e-08,3.143242757e-07,2.537400585e-06,1.29727056e-05,0.02517215452,0.005467799956,0.02665641815,0.08097386093,0.1531032527,0.2198193241,3.919080386e-09,7.163869323e-08,9.001484069e-07,6.674748632e-06,0.02884456675,0.006599955206,0.03050893282,0.08429309188,0.1396745356,0.1760716813,4.932370152e-11,2.468279136e-09,7.261251525e-08,1.027722406e-06,0.03127221626,0.004795288632,0.02707157671,0.07569970159,0.1066580879,0.1034438983,1.808032669e-09,6.761486953e-08,1.486472067e-06,1.607864332e-05,0.06765902225,0.01899987056,0.07372357401,0.1455377263,0.1520704455,0.109322967,3.612735588e-08,1.011913891e-06,1.666209229e-05,0.0001380224292,0.1184992909,0.04650694276,0.1337760894,0.2000036987,0.1629230705,0.09075969164,6.173545599e-09,3.277624929e-07,9.093541405e-06,0.0001098322911,0.146807135,0.05084277162,0.123275656,0.1378238577,0.07335061416,0.02454930359
79,0.05157581487,0.06099209267,0.06472087322,0.06209642746,0.1790087883,0.1018895657,0.1609156406,0.2192582388,0.2561475854,0.2611461001,0.06686900785,0.07776349256,0.08114654498,0.07666117251,0.1729653836,0.07476271274,0.1100017914,0.1403460785,0.152742166,0.1458990209,0.001321423399,0.001714386019,0.00199580744,0.002085858046,0.02359148659,0.005304349599,0.01239277808,0.02429106788,0.03787704452,0.04977047377,0.00101920891,0.001344641135,0.00159181639,0.001689568899,0.02441577234,0.007228976283,0.01812872135,0.03794916694,0.06351954899,0.08908466309,0.02291452313,0.01934586005,0.01465577056,0.0103023997,0.04257443682,0.007598028968,0.01293426213,0.01889491332,0.02230555427,0.02216031008,0.03039769645,0.02519992711,0.01874568405,0.01295750983,0.0410126385,0.005424922282,0.008550013866,0.01162768289,0.01270779239,0.01176077749,0.0006345079496,0.0005843645945,0.0004829188079,0.0003678477572,0.005700396483,0.0003862387485,0.0009495701403,0.001951455318,0.003007160663,0.003773314747,0.0004783075294,0.0004486138239,0.0003775560939,0.0002924724481,0.00591747273,0.0005409576483,0.001436487624,0.003171102913,0.005278366481,0.007109889194,3.318475525e-06,9.334537021e-06,1.987294539e-05,3.117489615e-05,0.01104325646,0.0006826465771,0.003813683111,0.01396498722,0.03132821978,0.04952789954,1.402777259e-08,8.686348394e-08,3.697334557e-07,1.009386008e-06,0.0061295915,0.0001831970766,0.001794377515,0.009956220789,0.02916073857,0.05585933155,5.555705102e-08,4.054693796e-07,2.119767212e-06,7.257091786e-06,0.01410778231,0.001479687038,0.009603914472,0.03805421567,0.08973508897,0.1513317914,4.635533467e-08,4.094723342e-07,2.590959579e-06,1.057946406e-05,0.01906162519,0.002885154622,0.01642601786,0.05762844988,0.1231580174,0.1933744074,2.858709935e-08,3.213795657e-07,2.588079773e-06,1.320226279e-05,0.02492958573,0.005147469187,0.02483499333,0.07471554987,0.1395428473,0.197979739,4.028670403e-09,7.344171251e-08,9.202945089e-07,6.807006384e-06,0.0285432556,0.006165239644,0.02816720364,0.0769804023,0.1257689457,0.1563784908,5.068783533e-11,2.526775142e-09,7.404709826e-08,1.044300613e-06,0.03073071014,0.004296719132,0.02385406944,0.06567337447,0.09051581433,0.085883555,1.839482529e-09,6.852607549e-08,1.500702655e-06,1.61748572e-05,0.06623974156,0.01684501636,0.06427675634,0.1249307795,0.1276266294,0.08970803015,3.645698956e-08,1.017214276e-06,1.668486461e-05,0.0001377196731,0.1156619055,0.04087863801,0.115633574,0.1702118605,0.1355025903,0.073769577,6.177968009e-09,3.26454883e-07,9.014671051e-06,0.000108406985,0.1423442754,0.04291973389,0.1019469956,0.111822378,0.05774874138,0.01874680768
80,0.05220676524,0.06172371641,0.06548182082,0.06281287878,0.1792659214,0.1014477055,0.1600586,0.2178892252,0.2542951231,0.2590204192,0.06735721633,0.07824811612,0.08156560232,0.07698158057,0.1722328011,0.07331033345,0.1073818799,0.1364337561,0.147818985,0.1406145508,0.001337143959,0.001732414197,0.002014042818,0.002102264589,0.02347611492,0.005172190719,0.01201446766,0.02342367183,0.0363141716,0.0474641067,0.001036384289,0.001366563796,0.001616897162,0.001715336185,0.02443476124,0.007157338618,0.01790822507,0.03740837936,0.06247179099,0.08743172554,0.02320797106,0.01958925531,0.01483686265,0.01042756171,0.04264411867,0.007566909746,0.01286919984,0.0187834858,0.02215319115,0.02198993385,0.03062375232,0.02535887077,0.01884277296,0.01301114255,0.04082663399,0.005313657363,0.0083350483,0.01128555206,0.01227551029,0.01131126121,0.0006420305362,0.0005904573665,0.0004872645357,0.0003706739428,0.005670954561,0.0003762806399,0.0009195771548,0.001879360858,0.002878799686,0.003592443963,0.000486557818,0.0004561173171,0.0003836737304,0.0002970704071,0.005923409197,0.0005358421605,0.001419814468,0.003127977063,0.005195270764,0.006983978502,3.424703442e-06,9.613108736e-06,2.042302328e-05,3.197567948e-05,0.01100433523,0.0006562934848,0.003633587984,0.01319471108,0.02930838567,0.0458987219,1.463532528e-08,9.03695247e-08,3.835699669e-07,1.044428582e-06,0.006103276085,0.0001736928703,0.001680679196,0.009220428605,0.02663193673,0.05033128847,5.72304444e-08,4.166322799e-07,2.172650863e-06,7.420879693e-06,0.01400203587,0.001399557894,0.008986129154,0.0352505579,0.08209070589,0.1367789559,4.761465541e-08,4.195390705e-07,2.647984313e-06,1.07872177e-05,0.01889483399,0.002720741277,0.01532335392,0.0532227538,0.1123155758,0.1742123775,2.925740794e-08,3.280884507e-07,2.635465094e-06,1.341278591e-05,0.02467200176,0.004835776356,0.02308021814,0.06874256591,0.126757617,0.1776318522,4.133340976e-09,7.513692209e-08,9.388766672e-07,6.926335327e-06,0.02821998633,0.005743755715,0.02592372331,0.07005183095,0.1127819928,0.1382420412,5.192313622e-11,2.577995521e-09,7.524575389e-08,1.057284456e-06,0.03015993486,0.003833409822,0.02091470202,0.05665775803,0.07632277753,0.07078477521,1.864753467e-09,6.918947258e-08,1.509166702e-06,1.620598347e-05,0.06475770979,0.01486405714,0.05573921673,0.1066000158,0.1063767518,0.07304255878,3.664555643e-08,1.018383555e-06,1.663719214e-05,0.0001368187793,0.1127178987,0.03574975149,0.09938059458,0.1439422936,0.1118837354,0.0594735278,6.150299483e-09,3.234046488e-07,8.886800971e-06,0.0001063871003,0.1377572782,0.0359909133,0.08368134641,0.08998379502,0.04504007391,0.01416486826
81,0.0528291147,0.06244301523,0.06622741389,0.06351259027,0.1794820923,0.1009536509,0.1591013334,0.2163616114,0.2522302351,0.2566532819,0.06782968005,0.07871202065,0.08196071758,0.07727750599,0.1714762509,0.07186369981,0.1047841092,0.1325707549,0.1429798211,0.1354418367,0.001352478446,0.001749842033,0.002031471502,0.002117731413,0.02335549675,0.005040746348,0.0116403896,0.02257060989,0.03478606591,0.04522111013,0.001053377207,0.001388166786,0.00164150715,0.001740514343,0.02444591249,0.00708120718,0.01767445007,0.03683628058,0.06136598518,0.08569099922,0.02349764173,0.01982875186,0.01501446548,0.01054992449,0.04270364552,0.007531691619,0.01279564161,0.0186576252,0.02198126526,0.02179785936,0.03084241241,0.02551086986,0.01893414035,0.01306049619,0.0406349038,0.005203019389,0.008122312564,0.01094846852,0.01185163631,0.01087242127,0.00064936437,0.0005963419787,0.0004914119416,0.0003733319635,0.005640259737,0.0003663926786,0.0008899745697,0.001808602287,0.002753575428,0.003416969827,0.0004947256108,0.000463516814,0.0003896816807,0.0003015677173,0.005927407965,0.0005303760106,0.001402038588,0.003082095322,0.005107064572,0.006850601707,3.530932434e-06,9.889735503e-06,2.096501799e-05,3.275835714e-05,0.01096020332,0.0006300788517,0.003456073074,0.01244190274,0.02735415454,0.04242102259,1.524943302e-08,9.388601272e-08,3.973297391e-07,1.078973264e-06,0.006073462238,0.0001643714068,0.001570540985,0.008515833187,0.02424443897,0.0451833028,5.888430449e-08,4.275565204e-07,2.223815477e-06,7.577386618e-06,0.01388922045,0.00132150521,0.008390495797,0.03257356403,0.07488137232,0.1232183881,4.88451616e-08,4.292610736e-07,2.702294607e-06,1.098201374e-05,0.01871806578,0.002561039368,0.01426329336,0.04902839265,0.1021215545,0.1564142178,2.990097505e-08,3.344326276e-07,2.679434603e-06,1.3603797e-05,0.02440078485,0.004534101243,0.02139941538,0.06307715395,0.1147836613,0.1588089931,4.232711779e-09,7.67182104e-08,9.558312135e-07,7.032369027e-06,0.02787677708,0.005337684766,0.02378891336,0.06353432116,0.1007465192,0.1216767396,5.302281649e-11,2.621686527e-09,7.620392287e-08,1.066651673e-06,0.02956378885,0.003406267553,0.01825233667,0.04862487627,0.06396773582,0.05794237325,1.883779701e-09,6.960580339e-08,1.511956811e-06,1.617383528e-05,0.06322318311,0.01305807292,0.0480923428,0.09044920148,0.0880950005,0.05904185253,3.669553366e-08,1.015546976e-06,1.652210674e-05,0.0001353525886,0.1096879106,0.03111627797,0.08495513007,0.121006551,0.09175730965,0.04758358626,6.092079925e-09,3.18722513e-07,8.713830146e-06,0.0001038291293,0.1330805413,0.02999305193,0.06820971148,0.0718551773,0.03482034162,0.01059711109
82,0.05344222712,0.06314926889,0.06695692539,0.06419490009,0.1796583931,0.1004107048,0.1580505714,0.2146866258,0.2499688045,0.2540636345,0.06828616088,0.07915511621,0.08233200321,0.07754924375,0.1706979331,0.07042603768,0.1022142731,0.1287655486,0.1382349035,0.1303912446,0.001367412,0.00176665574,0.002048084488,0.002132256483,0.02323006828,0.004910370189,0.01127154932,0.02173411962,0.0332965269,0.04304664217,0.00107016622,0.00140942271,0.001665615252,0.001765071912,0.02444948607,0.007001014791,0.0174288263,0.03623659323,0.06020977921,0.08387515891,0.02378323036,0.02006410121,0.01518839821,0.01066936616,0.04275327613,0.007492626052,0.01271413948,0.01851831834,0.02179118648,0.02158572494,0.03105356568,0.02565589662,0.01901981626,0.01310562543,0.04043799642,0.005093249323,0.007912265827,0.01061713975,0.01143701397,0.01044506918,0.000656502384,0.0006020138728,0.0004953590349,0.0003758216561,0.00560842027,0.0003566006677,0.0008608387881,0.00173935566,0.002631777995,0.003247259711,0.0005028004704,0.0004708027729,0.0003955721851,0.0003059586039,0.005929530681,0.0005245915295,0.001383273093,0.003033768282,0.005014382706,0.006710769809,3.636951087e-06,1.016382217e-05,2.149769755e-05,3.352109544e-05,0.01091116848,0.0006041280712,0.003282001236,0.01171015883,0.02547429322,0.03910875674,1.58687251e-08,9.740390547e-08,4.10973371e-07,1.112913522e-06,0.00604036692,0.0001552777104,0.001464462027,0.007845232856,0.02200518374,0.04042299185,6.051466029e-08,4.382145243e-07,2.273129438e-06,7.726216625e-06,0.01376993276,0.00124583359,0.007819177028,0.03003166256,0.06812301359,0.1106633825,5.004373167e-08,4.386133348e-07,2.75375441e-06,1.116340069e-05,0.01853224276,0.002406664262,0.0132495568,0.0450577896,0.0925956323,0.1399907136,3.051615458e-08,3.403966588e-07,2.71989414e-06,1.377498091e-05,0.02411734037,0.004243578845,0.01979818029,0.05773460069,0.1036395225,0.141513057,4.326450683e-09,7.818054264e-08,9.711103475e-07,7.12487369e-06,0.02751568519,0.00494877403,0.02177034951,0.05744459028,0.0896731519,0.1066627886,5.398184712e-11,2.657694882e-09,7.692032254e-08,1.072429912e-06,0.02894616041,0.003015374173,0.01586008235,0.04152855409,0.05331259422,0.04712907388,1.896581364e-09,6.97792409e-08,1.509244493e-06,1.608110084e-05,0.06164626484,0.01142437071,0.04130034826,0.07634558276,0.07251909687,0.04740303495,3.661132622e-08,1.008885095e-06,1.634355572e-05,0.0001333614308,0.1065920763,0.0269640836,0.07226238141,0.1011656305,0.07477844463,0.03780169597,6.005338252e-09,3.125444269e-07,8.500319408e-06,0.0001007969379,0.1283469857,0.02485028434,0.05523841639,0.05696992403,0.02670015944,0.007855178778
83,0.0540454874,0.06384179274,0.06766967763,0.06485920422,0.1797960295,0.09982230541,0.156913311,0.2128759242,0.2475272921,0.2512710828,0.06872646869,0.07957737871,0.08267964948,0.07779716907,0.1699000882,0.06900041706,0.09967778378,0.1250259018,0.1335933845,0.1254718071,0.001381931166,0.001782843848,0.002063875996,0.002145841575,0.02310027476,0.00478139335,0.01090886541,0.02091619232,0.03184882106,0.04094495858,0.001086730409,0.001430305311,0.001689192252,0.001788979966,0.02444576532,0.006917200324,0.01717279544,0.03561305065,0.05901079955,0.08199677932,0.02406444133,0.02029506617,0.01535849134,0.01078577469,0.0427932979,0.00744997565,0.01262526929,0.01836659359,0.02158442228,0.02135523376,0.03125712402,0.02579394575,0.01909984952,0.01314659912,0.04023646958,0.004984575292,0.007705333942,0.0102922078,0.01103238766,0.01002989827,0.0006634382023,0.0006074692986,0.0004991046193,0.0003781435414,0.005575546473,0.0003469286469,0.0008322391341,0.001671776125,0.002513653038,0.00308360953,0.0005107721903,0.000477966021,0.0004013379248,0.0003102377278,0.005929844831,0.0005185216033,0.001363632421,0.002983308659,0.004917860967,0.006565490556,3.742547523e-06,1.043478612e-05,2.201988634e-05,3.426219161e-05,0.01085755234,0.0005785549293,0.003112127786,0.01100250277,0.02367572056,0.03597200073,1.649178486e-08,1.00914102e-07,4.244622163e-07,1.146147458e-06,0.006004216724,0.0001464503104,0.001362839722,0.007210631787,0.01991787932,0.03605009359,6.211768525e-08,4.485805486e-07,2.320474723e-06,7.867032531e-06,0.01364478193,0.001172795669,0.007273828783,0.02763056127,0.06182291006,0.09910901961,5.120746658e-08,4.475735814e-07,2.802249677e-06,1.133103363e-05,0.01833830139,0.002258116765,0.01228490963,0.04131890628,0.08374483454,0.1249281468,3.110151489e-08,3.459680866e-07,2.756777823e-06,1.392618526e-05,0.02382308652,0.003965108157,0.01828048814,0.05272383843,0.09332828166,0.1257193135,4.414276973e-09,7.952000327e-08,9.846824045e-07,7.203747919e-06,0.0271387896,0.004578355788,0.01987297615,0.05179019604,0.07955348673,0.09315251261,5.479699834e-11,2.685967418e-09,7.739685405e-08,1.074694206e-06,0.02831088955,0.00266011661,0.01372651133,0.03530937342,0.04420303413,0.03810962845,1.903260812e-09,6.97171578e-08,1.501272879e-06,1.59312409e-05,0.06003680551,0.009957203783,0.03531458958,0.06413172109,0.05936828444,0.03782205725,3.63990828e-08,9.986269982e-07,1.610626215e-05,0.0001308917466,0.1034498281,0.02327113649,0.0611842438,0.08414898937,0.06058836013,0.02983512178,5.892509164e-09,3.050262156e-07,8.251316906e-06,9.73593745e-05,0.1235877287,0.02047965496,0.04446674246,0.04487153521,0.02031985284,0.005773416174
84,0.05463830313,0.06451993969,0.06836504434,0.06550495826,0.1798963154,0.09919200352,0.1556967615,0.2109414922,0.244922587,0.2482957006,0.06915046139,0.07997884922,0.08300392272,0.0780217347,0.1690849895,0.06758974491,0.09717966328,0.1213588672,0.1290633516,0.1206912571,0.001396023931,0.001798397232,0.00207884345,0.002158492218,0.02296656857,0.004654123574,0.01055316874,0.02011857539,0.03044569678,0.03891945212,0.001103049454,0.001450789578,0.001712210941,0.00181221224,0.02443505526,0.006830205418,0.01690779882,0.03496936328,0.05777657816,0.0800682076,0.02434098901,0.02052142161,0.01552458728,0.01089904823,0.04282402541,0.007404012314,0.01252962622,0.01820351193,0.02136248377,0.02110813651,0.03145302228,0.02592503403,0.01917430739,0.01318349979,0.04003088821,0.004877212106,0.007501908999,0.009974249485,0.01063840458,0.009627487676,0.0006701661612,0.0006127053226,0.0005026482891,0.0003802988113,0.005541750238,0.0003373988459,0.0008042378346,0.001605998254,0.002399403309,0.00292624738,0.0005186308336,0.0004849977914,0.0004069720527,0.0003144002089,0.005928423364,0.0005121994195,0.001343231364,0.002931028387,0.004818129812,0.006415757801,3.847510711e-06,1.070206127e-05,2.253047363e-05,3.498008666e-05,0.01079968837,0.0005534612609,0.002947100619,0.01032139956,0.02196360576,0.03301725663,1.711715956e-08,1.044075175e-07,4.377587327e-07,1.178578786e-06,0.00596524623,0.0001379213445,0.001265974806,0.006613303773,0.01798338536,0.03205770639,6.368972676e-08,4.586308898e-07,2.365747821e-06,7.999558295e-06,0.01351438552,0.001102593991,0.006755632625,0.02537349078,0.05598076348,0.08853505728,5.233371295e-08,4.561224495e-07,2.847689135e-06,1.148467573e-05,0.01813718607,0.00211578815,0.01137123022,0.03781567728,0.07556520419,0.1111924322,3.165584951e-08,3.511375061e-07,2.79004815e-06,1.405741813e-05,0.02351944446,0.003699364816,0.01684882565,0.04804812772,0.08383977436,0.111381253,4.495963721e-09,8.073381995e-08,9.965318501e-07,7.269020219e-06,0.02674817409,0.004227374078,0.01809936148,0.04657071122,0.07036336695,0.08107654457,5.546683908e-11,2.706548437e-09,7.76384377e-08,1.073563391e-06,0.02766173306,0.002339318236,0.01183681833,0.02989916973,0.03647751902,0.03065191554,1.903997101e-09,6.942982676e-08,1.488347965e-06,1.572837172e-05,0.05840431428,0.008648471088,0.030077543,0.05363588658,0.04835802242,0.03000647623,3.606647654e-08,9.850426228e-07,1.581557283e-05,0.0001279946327,0.1002797241,0.02000961505,0.05158780469,0.06967079805,0.04883158527,0.02340756609,5.756342663e-09,2.963379712e-07,7.972181336e-06,9.358791392e-05,0.1188318209,0.01679571325,0.03560059158,0.03513060427,0.01535822532,0.00421058535
85,0.05522010621,0.06518310204,0.06904245238,0.06613167898,0.1799606657,0.09852343916,0.154408293,0.2088955496,0.2421718596,0.2451578435,0.06955804479,0.08035963279,0.08330516306,0.07822346785,0.1682549359,0.06619675974,0.09472453946,0.1177707896,0.1246518508,0.1160560737,0.001409679761,0.001813309121,0.002092987455,0.002170217609,0.02282940741,0.004528844772,0.01020520274,0.01934277748,0.0290894047,0.03697270035,0.001119103712,0.001470851837,0.001734646226,0.001834745227,0.02441768102,0.006740471349,0.01663526625,0.03430918773,0.05651448561,0.07810144868,0.02461259851,0.02074295505,0.01568654078,0.0110090954,0.04284579888,0.007355015425,0.01242782024,0.0180301582,0.02112691205,0.02084621444,0.03164121817,0.02604920006,0.01924327493,0.01321642308,0.03982182266,0.004771360941,0.007302349212,0.009663777297,0.0102556176,0.009238307362,0.0006766813241,0.0006177198308,0.0005059904206,0.0003822893132,0.005507144589,0.0003280316586,0.000776890083,0.001542136615,0.002289190622,0.002775337788,0.0005263667681,0.000491889757,0.0004124682205,0.000318441646,0.005925344288,0.0005056582259,0.001322184138,0.002877235917,0.004715808526,0.006262541871,3.951631759e-06,1.096510191e-05,2.302842152e-05,3.567337636e-05,0.01073791979,0.0005289368323,0.002787462292,0.009668780349,0.02034149397,0.03024780389,1.774337059e-08,1.078751575e-07,4.508268154e-07,1.21011771e-06,0.005923696382,0.0001297167757,0.001174077981,0.006053865498,0.01620011638,0.02843352863,6.522733339e-08,4.683440638e-07,2.408860477e-06,8.123580596e-06,0.01337936565,0.001035383621,0.006265334146,0.02326147365,0.05058980378,0.07890879715,5.34200832e-08,4.642436193e-07,2.890004753e-06,1.162419825e-05,0.01792984308,0.001979966742,0.01050958896,0.03454848199,0.06804351485,0.0987331745,3.217818475e-08,3.558985978e-07,2.819695708e-06,1.416884354e-05,0.02320782905,0.003446816771,0.01550433912,0.04370578478,0.07515283009,0.09843527851,4.571339301e-09,8.182036881e-08,1.006659013e-06,7.320844405e-06,0.02634591146,0.003896417104,0.01644997879,0.04177894578,0.06206610533,0.07034962756,5.599169728e-11,2.719574979e-09,7.765278541e-08,1.069195671e-06,0.02700233345,0.002051365748,0.01017387969,0.02522494048,0.02997455266,0.02453511185,1.899038904e-09,6.893006597e-08,1.470828796e-06,1.547713861e-05,0.0567578824,0.007488369165,0.02552631717,0.04468077975,0.03921132754,0.02368430452,3.56224603e-08,9.684345241e-07,1.547730044e-05,0.0001247243698,0.09709930441,0.01714781944,0.04333264233,0.05744317576,0.03916873883,0.01826641669,5.599810741e-09,2.866584608e-07,7.668410989e-06,8.955444231e-05,0.1141060427,0.01371414399,0.0283623541,0.02735575558,0.01153643283,0.003049431976
86,0.05579035418,0.06583071296,0.06970138314,0.06673894528,0.1799905904,0.09782031927,0.1530553849,0.2067504589,0.2392924222,0.2418779719,0.06994917214,0.08071989713,0.08358378199,0.07840296681,0.1674122441,0.06482402807,0.09231664575,0.114267317,0.1203649191,0.1115715377,0.001422889627,0.001827575099,0.002106311739,0.002181030507,0.02268925249,0.004405816827,0.009865624618,0.01859007602,0.02778172252,0.03510651984,0.001134874278,0.001490469835,0.001756475216,0.001856558261,0.02439398608,0.006648436105,0.01635660569,0.03363609865,0.05523167152,0.07610806482,0.02487900643,0.02095946728,0.01584421932,0.01111583552,0.04285898254,0.007303270048,0.01232047179,0.01784763256,0.02087926515,0.02057126318,0.03182169206,0.02616650366,0.01930685443,0.01324547714,0.03960984681,0.004667209145,0.007106979149,0.009361240843,0.009884488942,0.008862723827,0.0006829794926,0.0006225115262,0.0005091321571,0.000384117529,0.005471843242,0.0003188456395,0.0007502441758,0.00148028652,0.00218313817,0.002630986404,0.0005339707001,0.0004986340602,0.0004178206029,0.0003223581324,0.005920690254,0.0004989311035,0.001300603534,0.002822233754,0.004611499996,0.006106781032,4.054705175e-06,1.122338626e-05,2.351277193e-05,3.634082054e-05,0.01067259752,0.0005050594293,0.0026336538,0.009046074789,0.018811452,0.02766408023,1.836892403e-08,1.113081906e-07,4.636321101e-07,1.240681727e-06,0.005879812891,0.0001218567044,0.001087277666,0.005532355594,0.01456444933,0.02516104991,6.672727981e-08,4.777009578e-07,2.449740226e-06,8.238949595e-06,0.0132403453,0.0009712753346,0.005803285588,0.02129360701,0.04563789318,0.07018782677,5.44644722e-08,4.719239108e-07,2.929151909e-06,1.174957926e-05,0.01771721489,0.001850845687,0.009700334301,0.03151463368,0.06115896049,0.08748750787,3.266778446e-08,3.602481191e-07,2.845738523e-06,1.4260775e-05,0.02288964018,0.003207742189,0.01424699255,0.03969092371,0.06723745063,0.08680508751,4.640288047e-09,8.277916198e-08,1.015079574e-06,7.359493117e-06,0.02593404893,0.003585753566,0.01492350014,0.0374021639,0.05461553121,0.06087585215,5.637358434e-11,2.725270258e-09,7.74501212e-08,1.061783492e-06,0.02633619176,0.001794327155,0.00871918468,0.02121210146,0.02453821372,0.01955520927,1.888696211e-09,6.823284516e-08,1.449116995e-06,1.518258519e-05,0.05510611929,0.00646597732,0.02159563191,0.03709051268,0.03166695574,0.01860944625,3.507700669e-08,9.491294089e-07,1.509756585e-05,0.00012113699,0.09392497687,0.01465183835,0.03627682548,0.04718641038,0.03128526124,0.01418674053,5.426015336e-09,2.761697835e-07,7.34548545e-06,8.532926481e-05,0.1094347619,0.01115446674,0.02249738522,0.02119952002,0.008618191395,0.002194851419
87,0.05634853151,0.06646224768,0.07034137351,0.06732639888,0.1799876875,0.09708639577,0.1516455772,0.2045186369,0.2363015957,0.2384764845,0.0703238434,0.08105987073,0.08384025935,0.07856089717,0.1665592418,0.06347394261,0.08995982462,0.1108534172,0.1162076239,0.1072417957,0.001435646011,0.001841193077,0.002118823082,0.002190947099,0.02254656682,0.004285275657,0.009535007403,0.01786152696,0.02652398367,0.03332202533,0.00115034305,0.001509622816,0.001777677299,0.001877633576,0.02436433055,0.006554531691,0.01607319387,0.03295356372,0.05393501263,0.07409908987,0.02513996145,0.02117077274,0.01599750338,0.01121919876,0.04286396291,0.0072490652,0.01220820749,0.01765704239,0.02062110553,0.02028507744,0.03199444661,0.02627702534,0.01936516467,0.01327078193,0.03939553637,0.004564930186,0.006916090252,0.00906702882,0.009525394421,0.008501006527,0.0006890572116,0.0006270799206,0.0005120753902,0.0003857865507,0.005435960185,0.0003098575179,0.0007243417154,0.001420524944,0.00208133312,0.002493245019,0.0005414337042,0.0005052233394,0.0004230239156,0.0003261462673,0.005914548125,0.0004920507562,0.001278600139,0.00276631625,0.004505786113,0.005949374129,4.156530087e-06,1.147641981e-05,2.398265267e-05,3.698135028e-05,0.01060407823,0.0004818951261,0.002486019752,0.008454249436,0.01737422685,0.02526407553,1.899232118e-08,1.146980189e-07,4.761423006e-07,1.270196303e-06,0.005833844694,0.0001143557543,0.00100562852,0.005048316113,0.01307112034,0.02222065735,6.818658877e-08,4.866849526e-07,2.488330736e-06,8.345578899e-06,0.01309794486,0.0009103392314,0.00536949094,0.01946734833,0.04110859171,0.06232256076,5.546507051e-08,4.791533402e-07,2.965109258e-06,1.186090086e-05,0.01750023486,0.001728531576,0.00894318261,0.02870886834,0.05488476891,0.07738361805,3.312415164e-08,3.641858584e-07,2.86822107e-06,1.433366719e-05,0.02256625484,0.002982248825,0.01307572966,0.03599418782,0.06005686338,0.07640563988,4.702750069e-09,8.361081827e-08,1.021823831e-06,7.385349687e-06,0.02551459479,0.003295371248,0.01351709105,0.03342325338,0.04795877516,0.05255322017,5.661608771e-11,2.723935579e-09,7.704286182e-08,1.051547968e-06,0.02566664458,0.001566057793,0.007453624268,0.01778708071,0.02002209704,0.01552826747,1.87333113e-09,6.735486766e-08,1.423646031e-06,1.485002307e-05,0.05345710111,0.005569764335,0.01822024035,0.03069590581,0.02548478096,0.01456433963,3.44408427e-08,9.274697481e-07,1.46826462e-05,0.0001172889293,0.09077192967,0.01248694785,0.03028161688,0.03863636105,0.02489667065,0.01097270784,5.238101168e-09,2.65052473e-07,7.008725322e-06,8.097939791e-05,0.1048398477,0.009041891765,0.01777762775,0.01636024063,0.006407462729,0.001571274206
88,0.05689415055,0.06707722448,0.07096201649,0.06789374445,0.1799536357,0.09632544474,0.1501864242,0.2022124725,0.2332165862,0.2349735637,0.07068210428,0.0813798409,0.08407514019,0.07869798783,0.1656982611,0.06214872205,0.0876575344,0.1075334002,0.1121841106,0.1030699311,0.001447942914,0.001854163265,0.00213053122,0.002199986848,0.02240181359,0.004167433514,0.009213842752,0.0171579761,0.02531710866,0.031619692,0.001165492779,0.001528291579,0.00179823419,0.001897956339,0.02432908936,0.006459181676,0.015786368,0.03226492198,0.05263106888,0.07208495855,0.02539522489,0.02137669999,0.01614628667,0.01131912621,0.04286114701,0.007192692175,0.01209165621,0.01745949458,0.02035398841,0.01998943682,0.03215950633,0.02638086551,0.01941834013,0.01329246851,0.03917946718,0.004464683727,0.006729941625,0.008781471426,0.009178628315,0.008153334766,0.0006949117698,0.0006314253213,0.0005148227356,0.0003873000525,0.005399609282,0.0003010822301,0.0006992178687,0.00136291158,0.001983829393,0.002362116767,0.0005487472503,0.0005116507514,0.0004280734306,0.0003298031643,0.00590700854,0.0004850493188,0.001256281637,0.002709767668,0.004399223835,0.005791174436,4.256911394e-06,1.172373824e-05,2.443728249e-05,3.759407324e-05,0.01053272235,0.0004594987109,0.00234481466,0.007893850311,0.01602941101,0.02304372446,1.961206917e-08,1.180363443e-07,4.883273662e-07,1.29859545e-06,0.005786042462,0.0001072235159,0.0009291203733,0.004600873539,0.0117135989,0.0195906312,6.960255006e-08,4.952820146e-07,2.524591955e-06,8.443444759e-06,0.01295277892,0.0008526086383,0.004963651976,0.01777879572,0.03698215631,0.05525852873,5.642037384e-08,4.859251369e-07,2.997878326e-06,1.195834531e-05,0.01727982238,0.001613053581,0.00823730858,0.02612381861,0.04918969909,0.06834387865,3.35470273e-08,3.677145518e-07,2.887212982e-06,1.438810619e-05,0.02223901999,0.002770294168,0.0119886348,0.03260344928,0.05356940191,0.06714664201,4.758720274e-09,8.431701836e-08,1.026935772e-06,7.398898626e-06,0.02508950645,0.003025016399,0.01222669623,0.0298218147,0.04203873442,0.04527748328,5.672423676e-11,2.715941057e-09,7.644526969e-08,1.038733043e-06,0.02499684518,0.001364292524,0.006358133543,0.0148792809,0.01629186045,0.01229184048,1.853348153e-09,6.631414368e-08,1.394870597e-06,1.448490629e-05,0.05181833182,0.004788011704,0.01533680863,0.02533824559,0.02044881958,0.01136044969,3.37251879e-08,9.038057381e-07,1.423883338e-05,0.0001132358051,0.08765407149,0.01061873861,0.02521495925,0.03154936894,0.01975099697,0.008457119026,5.03917639e-09,2.53481196e-07,6.663173707e-06,7.656718444e-05,0.1003406376,0.007308452094,0.01400296863,0.01258107107,0.004744596791,0.001119742013
89,0.05742675235,0.06767520524,0.07156296143,0.06844074941,0.179890187,0.09554124648,0.1486854503,0.1998442494,0.230054371,0.2313890356,0.07102404499,0.08168015131,0.08428903118,0.0788150267,0.1648316317,0.06085041233,0.08541285917,0.1043109456,0.1082976544,0.09905803983,0.001459775844,0.001866488116,0.002141448739,0.002208172331,0.02225545461,0.004052479502,0.008902544413,0.01648007192,0.02416163853,0.02999941968,0.001180307119,0.001546458525,0.001818129968,0.00191751466,0.0242886505,0.006362799004,0.01549741851,0.03157336543,0.0513260475,0.07007545074,0.02564457108,0.02157709186,0.01629047618,0.01141556987,0.04285096056,0.00713444296,0.01197144523,0.01725608839,0.02007945103,0.01968609281,0.03231691697,0.02647814371,0.01946653007,0.01331067824,0.0389622137,0.004366615808,0.006548761073,0.008504843157,0.00884440861,0.007819804924,0.0007005411944,0.0006355488125,0.0005173775052,0.0003886622593,0.005362903897,0.0002925329666,0.0006749016735,0.001307489986,0.001890650588,0.002237561409,0.0005559032277,0.0005179099889,0.0004329649862,0.0003333264539,0.005898165467,0.0004779581845,0.001233752206,0.002652860535,0.004292341926,0.00563298471,4.355660847e-06,1.196491006e-05,2.487597512e-05,3.817827683e-05,0.01045889229,0.0004379142401,0.002210210054,0.007365048058,0.01477560873,0.02099728638,2.022669128e-08,1.213152306e-07,5.001598065e-07,1.32582217e-06,0.005736657206,0.0001004650261,0.0008576872594,0.004188816946,0.01048443097,0.01724801465,7.097273623e-08,5.034807555e-07,2.558500062e-06,8.532584533e-06,0.01280545328,0.000798084174,0.004585213896,0.01622295531,0.0332364535,0.04893837827,5.732918898e-08,4.922357231e-07,3.027482835e-06,1.204219005e-05,0.01705687846,0.001504372839,0.007581433884,0.02375046137,0.04403939419,0.06028756518,3.393638634e-08,3.708397673e-07,2.902807489e-06,1.442479839e-05,0.02190924616,0.002571705753,0.01098308821,0.02950446119,0.04773018228,0.05893551651,4.80824664e-09,8.490044638e-08,1.030471984e-06,7.400715032e-06,0.02466067998,0.002774232654,0.01104730911,0.02657514678,0.03679618868,0.03894525291,5.670434726e-11,2.701715506e-09,7.567309079e-08,1.023599601e-06,0.02432974886,0.001186723319,0.005414192643,0.01242246938,0.01322661053,0.009705014072,1.829184227e-09,6.512956859e-08,1.363256423e-06,1.409271417e-05,0.05019671619,0.004109153757,0.0128852945,0.02087170361,0.01636837924,0.008837215801,3.29415044e-08,8.784878443e-07,1.377230657e-05,0.0001090313474,0.08458399698,0.009013983538,0.02095387397,0.02570507062,0.0156290525,0.006499639202,4.832243286e-09,2.416211471e-07,6.313501572e-06,7.214924672e-05,0.09595395132,0.00589354511,0.01100090237,0.009647016307,0.003501706503,0.0007950022626
90,0.05794590729,0.06825579579,0.07214391383,0.06896724328,0.1797991597,0.09473756693,0.1471501104,0.1974260764,0.2268315958,0.2277422446,0.0713497988,0.08196119939,0.08448259687,0.07891285622,0.1639616751,0.05958088938,0.08322852125,0.1011891325,0.1045507171,0.09520730949,0.0014711418,0.001878172264,0.002151590945,0.002215529047,0.02210794889,0.003940580278,0.008601452217,0.01582827943,0.02305776949,0.02846059744,0.001194770662,0.001564107694,0.001837351094,0.001936299585,0.02424341317,0.006265784074,0.01520758298,0.03088192403,0.050025775,0.06807965039,0.02588778777,0.0217718057,0.01642999222,0.01150849259,0.04283384609,0.00707460874,0.01184819679,0.01704790886,0.01979900289,0.01937675719,0.0324667448,0.02656899768,0.01950989769,0.01332556201,0.03874434747,0.004270859138,0.006372746337,0.008237365902,0.008522882569,0.007500437886,0.0007059442418,0.0006394522317,0.0005197436743,0.0003898779129,0.00532595655,0.000284221233,0.000651416384,0.001254288818,0.001801792972,0.002119500601,0.0005628939649,0.0005239952938,0.0004376949926,0.0003367142838,0.005888115766,0.0004708078525,0.001211111991,0.002595854269,0.004185638366,0.005475553446,4.452598036e-06,1.219953881e-05,2.529814216e-05,3.873342953e-05,0.01038295065,0.0004171756974,0.002082302155,0.00686768419,0.01361059871,0.01911770337,2.083473689e-08,1.2452716e-07,5.116148302e-07,1.35182878e-06,0.00568593895,9.40812699e-05,0.0007912163052,0.003810671472,0.009375545217,0.01516935123,7.22950148e-08,5.112724623e-07,2.590047226e-06,8.613094495e-06,0.01265656231,0.0007467378581,0.004233409456,0.01479399057,0.02984777256,0.04330358007,5.819063594e-08,4.980846561e-07,3.053967796e-06,1.211280165e-05,0.01683228182,0.001402391803,0.006973911923,0.02157853051,0.03939757351,0.05313313545,3.429243102e-08,3.735697596e-07,2.915119634e-06,1.444455843e-05,0.02157820196,0.002386201109,0.0100559126,0.02668145076,0.04249255831,0.05167985478,4.851427824e-09,8.536471964e-08,1.032500428e-06,7.391453209e-06,0.02422994104,0.002542398464,0.009973219227,0.02365911532,0.03217155866,0.03345641568,5.656385037e-11,2.681735838e-09,7.474318912e-08,1.006419691e-06,0.02366810225,0.001031062311,0.004604197316,0.01035567274,0.01071936856,0.007647455434,1.801298921e-09,6.382051888e-08,1.329270817e-06,1.367884546e-05,0.04859854397,0.003522039178,0.01080988334,0.01716464365,0.01307779544,0.006859981374,3.210126521e-08,8.518601049e-07,1.328902158e-05,0.0001047265022,0.08157297561,0.007641268474,0.01738593131,0.02090753,0.01234314868,0.004984248462,4.620140429e-09,2.296251932e-07,5.963937645e-06,6.777577414e-05,0.09169414655,0.00474401733,0.008625018688,0.007380806517,0.002577844723,0.0005628265006
91,0.05845121543,0.0688186459,0.07270463482,0.06947311655,0.1796824304,0.09391814033,0.1455877523,0.1949698232,0.2235644833,0.2240519434,0.07165954033,0.08222343337,0.08465655563,0.07899236867,0.1630906991,0.058341863,0.08110689607,0.09817047434,0.1009450069,0.09151810095,0.001482039242,0.001889222445,0.002160975722,0.002222085219,0.02195975126,0.003831880919,0.008310836505,0.01520289477,0.02200538818,0.0270021675,0.001208868974,0.001581224782,0.001855886405,0.001954305055,0.02419378602,0.006168523105,0.01491804106,0.03019345405,0.04873567688,0.06610591829,0.02612467632,0.02196071336,0.01656476832,0.01159786786,0.04281026107,0.007013478512,0.01172252481,0.01683602089,0.01951411706,0.01906309175,0.03260907581,0.02665358235,0.01954861905,0.01333727938,0.03852643574,0.004177533477,0.006202066513,0.007979212297,0.008214132516,0.007195186569,0.0007111203818,0.0006431381417,0.0005219258463,0.0003909522353,0.005288878589,0.0002761569229,0.0006287798468,0.001203323104,0.001717228485,0.002007823042,0.0005697122453,0.0005299014667,0.0004422604327,0.0003399653134,0.005876958737,0.0004636277974,0.001188456677,0.002538994097,0.00407957841,0.00531957226,4.547551281e-06,1.242726489e-05,2.570329491e-05,3.925918005e-05,0.01030525859,0.0003973077303,0.001961119873,0.006401317147,0.01253148939,0.01739692957,2.143479098e-08,1.276650835e-07,5.22670505e-07,1.376577105e-06,0.005634135512,8.80696889e-05,0.0007295562501,0.003464765751,0.008378519536,0.01333129039,7.3567557e-08,5.186510951e-07,2.619241206e-06,8.685127027e-06,0.01250668651,0.0006985171683,0.00390730072,0.01348544955,0.02679153254,0.03829583692,5.900414663e-08,5.034745377e-07,3.077398376e-06,1.217062912e-05,0.01660688548,0.001306963367,0.006412807101,0.01959688901,0.03522705614,0.04680008571,3.461558189e-08,3.759152981e-07,2.924284307e-06,1.444829638e-05,0.02124710936,0.002213406927,0.009203508244,0.0241176467,0.03780935126,0.04528937302,4.888410173e-09,8.57143087e-08,1.033099123e-06,7.371834799e-06,0.02379903744,0.002328762251,0.008998234053,0.02104889732,0.02810631754,0.02871591425,5.631111176e-11,2.656516301e-09,7.367318849e-08,9.874710431e-07,0.02301443638,0.0008950910446,0.00391171419,0.008623659813,0.008676845982,0.00601782021,1.770164988e-09,6.240647585e-08,1.293374122e-06,1.324852587e-05,0.04702948462,0.003016121229,0.009059549194,0.01410004693,0.01043517373,0.00531733789,3.121574624e-08,8.24254326e-07,1.279461866e-05,0.0001003687163,0.0786309618,0.006471415585,0.01440996172,0.01698508967,0.009734787286,0.003816307547,4.405497035e-09,2.176317778e-07,5.618222142e-06,6.349012481e-05,0.08757321008,0.003813915933,0.006752751888,0.00563822223,0.001894368776,0.0003976612782
92,0.05894230666,0.06936344895,0.0732449402,0.06995831923,0.1795419263,0.09308665347,0.1440055838,0.192487065,0.2202687536,0.2203361992,0.07195348362,0.08246734922,0.08481167544,0.07905450139,0.1622209921,0.05713488206,0.07905002899,0.09525695478,0.09748154002,0.08799003044,0.00149246805,0.001899647403,0.002169623377,0.002227871586,0.02181131118,0.003726505934,0.008030902884,0.01460406029,0.02100410678,0.02562268754,0.00122258861,0.001597797152,0.001873727098,0.001971527856,0.02414018541,0.006071386761,0.01462991062,0.02951062953,0.04746076457,0.06416187785,0.02635505184,0.02214370118,0.01669475104,0.01168367966,0.04278067598,0.00695133781,0.01159503208,0.01662146395,0.01922622252,0.01874669952,0.0327440148,0.02673206878,0.0195828821,0.01334599771,0.03830904023,0.004086746108,0.006036863618,0.007730509249,0.007918181735,0.006903943402,0.000716069779,0.0006466097976,0.0005239292128,0.0003918908903,0.005251779896,0.0002683484,0.0006070048995,0.001154595555,0.001636907709,0.001902389451,0.0005763513198,0.0005356238702,0.0004466588587,0.0003430787059,0.005864795691,0.0004564463585,0.001165877138,0.002482510243,0.003974593274,0.005165674358,4.640358406e-06,1.264776691e-05,2.609104504e-05,3.975535478e-05,0.01022617432,0.0003783264421,0.0018466329,0.005965267106,0.01153486395,0.01582622765,2.202548293e-08,1.307224643e-07,5.33307869e-07,1.400038545e-06,0.005581491389,8.24246831e-05,0.0006725254405,0.003149292419,0.00748480678,0.01171106783,7.478884294e-08,5.256132563e-07,2.64610477e-06,8.748887285e-06,0.01235639052,0.0006533489637,0.003605817768,0.01229046766,0.02404288179,0.03385821039,5.976946002e-08,5.084108914e-07,3.09785859e-06,1.221619642e-05,0.0163815138,0.001217899589,0.005895967505,0.01779385716,0.03149061693,0.04121040781,3.490646666e-08,3.778894738e-07,2.930454141e-06,1.443700452e-05,0.02091713988,0.002052877103,0.008421975125,0.02179573728,0.03363385904,0.03967740901,4.919384235e-09,8.595444988e-08,1.032354758e-06,7.342636707e-06,0.02336963307,0.002132474682,0.008115873159,0.01871960172,0.02454407879,0.02463497014,5.595524663e-11,2.62659788e-09,7.24811311e-08,9.670319925e-07,0.02237106344,0.0007766971398,0.003321637915,0.007177097554,0.007018734175,0.004731797294,1.736259542e-09,6.090668556e-08,1.256012278e-06,1.280673045e-05,0.04549459132,0.002581585732,0.007588310754,0.01157527223,0.008320492602,0.00411821676,3.02958457e-08,7.959852448e-07,1.229434941e-05,9.600140331e-05,0.07576662364,0.005477732001,0.01193617411,0.01378930443,0.00767175828,0.002919534104,4.190699555e-09,2.057635564e-07,5.279582612e-06,5.932870873e-05,0.08360087813,0.003064014902,0.005282741469,0.004303322875,0.001390725555,0.0002806507459
93,0.05941884069,0.06988994134,0.07376469915,0.07042285896,0.1793796181,0.09224673124,0.1424106434,0.1899890333,0.2169595571,0.2166123159,0.07223188002,0.08269348722,0.08494876949,0.07910023182,0.1613548184,0.05596134051,0.0770596538,0.09245006651,0.09416070425,0.08462205139,0.001502429482,0.001909457792,0.002177556469,0.002232921176,0.02166307162,0.003624560386,0.007761797227,0.01403177981,0.02005329769,0.02432039056,0.001235917133,0.001613813827,0.001890866681,0.001987967538,0.02408303361,0.005974729068,0.01434424479,0.02883593687,0.0462056292,0.06225441284,0.02657874321,0.02232066981,0.01681989973,0.01176592209,0.04274557244,0.006888467551,0.01146630758,0.01640524747,0.01893669778,0.0184291174,0.0328716843,0.02680464298,0.01961288557,0.01335189128,0.03809271593,0.003998592374,0.00587725428,0.0074913416,0.007635000408,0.006626547704,0.0007207932677,0.0006498711107,0.000525759512,0.0003926999427,0.005214768626,0.0002608025888,0.0005860997844,0.001108097865,0.001560762768,0.0018030373,0.0005828049148,0.000541158429,0.0004508883838,0.0003460541157,0.005851729515,0.0004492906508,0.001143459187,0.002426617375,0.003871079406,0.005014433997,4.730867399e-06,1.286076265e-05,2.646110428e-05,4.022195326e-05,0.01014605171,0.0003602402168,0.001738759722,0.005558658679,0.01061691294,0.01439642968,2.260549463e-08,1.336933136e-07,5.435110015e-07,1.422194028e-06,0.005528246747,7.713809677e-05,0.0006199191795,0.00286236124,0.006685920765,0.01028687037,7.595766323e-08,5.321581311e-07,2.670674989e-06,8.804629415e-06,0.01220622124,0.0006111432098,0.00332779392,0.01120194492,0.02157719281,0.02993598699,6.04866141e-08,5.129020128e-07,3.115449836e-06,1.225009455e-05,0.01615696012,0.001134979859,0.005421090268,0.01615749582,0.02815168158,0.03628968327,3.516590715e-08,3.795074894e-07,2.933797316e-06,1.441174389e-05,0.02058941151,0.001904109413,0.00770722108,0.01969825912,0.02992065781,0.03476200792,4.94458087e-09,8.609105252e-08,1.030361277e-06,7.304679094e-06,0.02294330335,0.00195261772,0.007319534117,0.01664677106,0.02143139261,0.02113183259,5.55059356e-11,2.592538113e-09,7.118516064e-08,9.453769147e-07,0.02174007669,0.0006738998499,0.002820267836,0.005972458686,0.005676681679,0.003720006516,1.70005604e-09,5.933986079e-08,1.217610561e-06,1.235812119e-05,0.04399831347,0.002209426605,0.006355249841,0.009501344172,0.006633353586,0.003188970422,2.935193315e-08,7.673466928e-07,1.179302283e-05,9.166358564e-05,0.07298738766,0.004636116857,0.009885833672,0.01119326772,0.006044978832,0.002233091858,3.977869975e-09,1.941267061e-07,4.950729394e-06,5.532111165e-05,0.07978477969,0.002461204913,0.004132067134,0.00328388527,0.001020773567,0.000198024436
94,0.05988050668,0.07039790151,0.07426383251,0.07086679872,0.179197512,0.09140192396,0.1408097744,0.1874865747,0.2136514188,0.2128967724,0.07249501585,0.08290242842,0.08506869158,0.07913057252,0.1604944139,0.05482248441,0.07513721251,0.08975085079,0.0909823219,0.08141253497,0.001511926111,0.001918666056,0.002184799636,0.002237269079,0.02151546799,0.003526131115,0.007503610824,0.01348593386,0.01915212706,0.02309324156,0.001248843118,0.00162926547,0.001907300926,0.002003626316,0.02402275717,0.005878886584,0.01406203015,0.02817167218,0.04497444156,0.0603896758,0.026795593,0.02249153397,0.01694018612,0.01184459904,0.04270544128,0.006825143003,0.01133692434,0.01618834694,0.01864686544,0.01811181027,0.03299222354,0.02687150472,0.01963883784,0.01335514043,0.03787801002,0.003913156283,0.005723331512,0.007261755859,0.007364511513,0.006362792845,0.0007252923236,0.000652926608,0.0005274229836,0.0003933858172,0.005177950962,0.0002535250711,0.0005660685714,0.001063812012,0.001488710112,0.001709585271,0.0005890672354,0.0005465016246,0.0004549476696,0.0003488916717,0.005837864255,0.000442186496,0.001121283391,0.002371514309,0.003769398294,0.004866366835,4.818936941e-06,1.306600954e-05,2.681328296e-05,4.065914214e-05,0.01006523899,0.000343050558,0.001637375394,0.005180460844,0.009773553337,0.01309816189,2.317356762e-08,1.365722189e-07,5.532670542e-07,1.443033835e-06,0.00547463653,7.219967947e-05,0.0005715163543,0.002602044707,0.005973584735,0.00903809856,7.707311716e-08,5.382874018e-07,2.693002382e-06,8.852652397e-06,0.01205670641,0.0005717964552,0.003071997213,0.01021269757,0.0193704585,0.02647731143,6.115593487e-08,5.169587946e-07,3.130289301e-06,1.227297336e-05,0.01593398482,0.001057958454,0.004985779229,0.01467584519,0.02517487239,0.03196785675,3.539490472e-08,3.807864348e-07,2.934495311e-06,1.437363097e-05,0.02026498648,0.001766560668,0.007055055703,0.01780791877,0.02662621376,0.03046665128,4.964267039e-09,8.613060293e-08,1.027218466e-06,7.258813669e-06,0.02252153205,0.001788230228,0.006602630718,0.01480677281,0.0187182882,0.01813213908,5.497324622e-11,2.554901559e-09,6.980323607e-08,9.227722505e-07,0.0211233533,0.0005848661475,0.002395321264,0.004971751467,0.004593098564,0.002925904692,1.662017198e-09,5.772392883e-08,1.178568553e-06,1.190700002e-05,0.04254451635,0.001891478764,0.005324353613,0.00780193324,0.005290597242,0.002470604777,2.839372902e-08,7.386087482e-07,1.12949694e-05,8.738969749e-05,0.07029949708,0.003925058154,0.008190632869,0.009089584494,0.004765317442,0.001708918531,3.768854902e-09,1.828108308e-07,4.633867673e-06,5.149041426e-05,0.07613059692,0.001977817084,0.003233544069,0.002507239424,0.0007496755316,0.0001398169802
95,0.06032702279,0.0708871487,0.0747423108,0.07129025423,0.178997642,0.09055569615,0.1392096032,0.1849901174,0.2103581948,0.2092051753,0.07274320992,0.08309479098,0.08517233153,0.07914656613,0.1596419818,0.05371941967,0.07328387619,0.08715993799,0.087945713,0.07835934845,0.001520961762,0.001927286309,0.002191379399,0.002240952208,0.02136892734,0.003431288026,0.00725638561,0.0129662947,0.018299587,0.0219389908,0.001261356146,0.001644144351,0.001923027786,0.002018508957,0.02395978529,0.005784177823,0.01378418575,0.02751994131,0.04377095774,0.05857310591,0.02700545728,0.02265622204,0.0170555939,0.01191972373,0.04266078064,0.00676163288,0.01120743746,0.01597170069,0.01835798798,0.0177961665,0.03310578716,0.02693286625,0.01966095585,0.01335593062,0.03766546097,0.003830511163,0.005575166557,0.007041763968,0.007106596615,0.006112433154,0.000729569031,0.0006557813884,0.0005289263226,0.0003939552553,0.005141430908,0.0002465201874,0.0005469115826,0.001021711522,0.00142065317,0.001621837385,0.0005951329658,0.0005516504855,0.0004588359096,0.0003515919584,0.005823304706,0.0004351583727,0.001099424976,0.002317383924,0.00366987677,0.004721931091,4.904436808e-06,1.32633047e-05,2.714748761e-05,4.106724748e-05,0.009984077676,0.0003267529243,0.001542318944,0.004829523645,0.009000533388,0.01192203378,2.372850941e-08,1.393543641e-07,5.62566243e-07,1.462557323e-06,0.005420889672,6.75975162e-05,0.0005270853033,0.002366416295,0.005339845483,0.007945540605,7.81346075e-08,5.440051385e-07,2.713149965e-06,8.893295601e-06,0.01190835344,0.0005351950265,0.002837158011,0.009315584813,0.01739959823,0.0234336172,6.177802257e-08,5.205945312e-07,3.142508279e-06,1.228553302e-05,0.01571331384,0.0009865713707,0.00458759485,0.01333712129,0.02252641905,0.02817973458,3.559462436e-08,3.817450557e-07,2.932740644e-06,1.432382454e-05,0.01994486979,0.001639660237,0.006461270141,0.01610785119,0.02370932637,0.02672068517,4.978741388e-09,8.608006727e-08,1.023030556e-06,7.205912498e-06,0.0221057094,0.001638330083,0.005958704947,0.01317709113,0.01635860141,0.01556896889,5.436746406e-11,2.514251104e-09,6.835288039e-08,8.994731559e-07,0.0205225599,0.0005079189838,0.002035898897,0.004142131306,0.003719894941,0.002303804396,1.622588946e-09,5.607582669e-08,1.13925634e-06,1.145727647e-05,0.04113650686,0.001620417674,0.004464234006,0.006412160436,0.004223943221,0.00191626076,2.743021432e-08,7.100158308e-07,1.080402202e-05,8.320953301e-05,0.06770808071,0.003325547874,0.006791867327,0.007388187643,0.003760569187,0.001309359007,3.565224128e-09,1.718893689e-07,4.330722916e-06,4.785366054e-05,0.07264223732,0.001590932864,0.002533199412,0.001916597512,0.0005513410847,9.887375925e-05
96,0.06075813541,0.07135754146,0.07520015178,0.07169339098,0.1787820633,0.08971141694,0.137616522,0.1825096439,0.2070930402,0.2055522273,0.07297681086,0.08327122623,0.08526061034,0.07914928031,0.1587996891,0.05265312036,0.07150056657,0.08467758838,0.0850497571,0.07545993065,0.001529541438,0.001935334203,0.002197323973,0.002244009064,0.02122386753,0.003340085433,0.007020119393,0.01247254095,0.0174945261,0.02085522297,0.001273446794,0.001658444301,0.001938047307,0.002032622642,0.02389454821,0.00569090293,0.01351156307,0.02688266222,0.04259852963,0.05680945498,0.0272082053,0.0228146756,0.01716611817,0.01199131823,0.04261209416,0.006698198564,0.01107838256,0.0157562073,0.01807126454,0.01748349477,0.033212544,0.02698895097,0.01967946391,0.01335445156,0.03745559765,0.003750720358,0.005432810779,0.006831347047,0.006861101503,0.005875190489,0.0007336260463,0.0006584410761,0.0005302766301,0.0003944152726,0.00510531011,0.000239791141,0.0005286258146,0.0009817626915,0.001356484849,0.001539586807,0.0006009972642,0.000556602573,0.000462552808,0.0003541559925,0.005808156024,0.0004282293861,0.001077953797,0.002264393301,0.003572807739,0.004581529388,4.987248133e-06,1.345248461e-05,2.746371757e-05,4.14467457e-05,0.009902901537,0.0003113375476,0.001453400333,0.004504611376,0.008293523085,0.01085879339,2.426919862e-08,1.420355416e-07,5.714018024e-07,1.480772544e-06,0.005367228444,6.33184222e-05,0.0004863889112,0.002153581738,0.004777156889,0.006991472238,7.914183217e-08,5.493176671e-07,2.731192204e-06,8.926934142e-06,0.01176164846,0.0005012179192,0.002621992792,0.00850361207,0.01564268338,0.02075988564,6.235373546e-08,5.238247073e-07,3.152250426e-06,1.228851567e-05,0.01549563774,0.000920542447,0.004224096561,0.01212987281,0.02017445055,0.02486525387,3.576637784e-08,3.824035162e-07,2.928734641e-06,1.426351313e-05,0.01963000842,0.001522821925,0.005921703413,0.01458182064,0.0211314257,0.02345950254,4.988329714e-09,8.594679513e-08,1.01790489e-06,7.146857508e-06,0.02169713142,0.001501932881,0.005381514765,0.01173653162,0.01431012618,0.0133826642,5.369893661e-11,2.471140231e-09,6.685096708e-08,8.757207977e-07,0.01993916022,0.0004415392972,0.001732416103,0.003455443006,0.003017231374,0.001817068566,1.582195441e-09,5.441134362e-08,1.100011865e-06,1.101244894e-05,0.03977706431,0.001389733932,0.003747768967,0.005277329151,0.003377760417,0.001488993818,2.64695691e-08,6.817856664e-07,1.032351181e-05,7.914831909e-05,0.06521723034,0.002820939986,0.005639506116,0.006014143685,0.002972684462,0.001005127225,3.368277235e-09,1.614204053e-07,4.042576411e-06,4.44224306e-05,0.06932201244,0.001281716735,0.001987999339,0.001467905992,0.000406367797,7.009313402e-05
97,0.06117361819,0.07180897576,0.07563741781,0.07207642091,0.178552844,0.08887235205,0.1360366739,0.180054672,0.2038683874,0.2019517089,0.07319619428,0.08343241475,0.08533447543,0.07913980269,0.1579696636,0.05162443764,0.06978797805,0.08230373272,0.08229295355,0.07271136413,0.001537671238,0.00194282678,0.002202663063,0.00224647949,0.02108069657,0.003252563438,0.006794771036,0.01200427164,0.0167356781,0.01983940243,0.001285106612,0.001672160654,0.001952361522,0.002045976813,0.02382747572,0.005599343569,0.01324494673,0.02626156946,0.04146011972,0.0551028202,0.02740371913,0.02296684889,0.01727176483,0.0120594129,0.04255988909,0.006635093453,0.01095027453,0.01554272373,0.01778782876,0.01717502217,0.03331267571,0.02703999208,0.01969459256,0.01335089631,0.0372489386,0.003673837961,0.005296297575,0.006630459101,0.006627841624,0.005650760465,0.0007374665573,0.0006609117714,0.0005314813642,0.0003947731146,0.005069687703,0.0002333401047,0.0005112053535,0.0009439257593,0.001296089848,0.001462619296,0.0006066557541,0.0005613559627,0.0004660985549,0.0003565851971,0.005792523344,0.000421421254,0.001056934374,0.002212694034,0.003478451294,0.004445511181,5.067263537e-06,1.363342426e-05,2.776206082e-05,4.179825337e-05,0.009822035754,0.0002967902218,0.00137040687,0.0042044321,0.0076481908,0.009899451199,2.479458913e-08,1.446121565e-07,5.797699041e-07,1.49769578e-06,0.005313867889,5.934829994e-05,0.0004491889494,0.001961703846,0.004278436949,0.006159696185,8.00947729e-08,5.542334187e-07,2.747213892e-06,8.953974107e-06,0.01161705573,0.0004697393758,0.00242522424,0.007770012747,0.01407909283,0.01841476388,6.288417152e-08,5.266667717e-07,3.159669983e-06,1.228269697e-05,0.01528161112,0.0008595887322,0.003892877907,0.01104310233,0.01808918519,0.02196956611,3.591160617e-08,3.827831612e-07,2.922685265e-06,1.419390307e-05,0.01932129124,0.001415454221,0.005432296124,0.01321437006,0.01885674677,0.02062453078,4.993380386e-09,8.573842547e-08,1.011950652e-06,7.08253082e-06,0.02129700042,0.001378067381,0.004865100166,0.01046535157,0.01253462651,0.01152048399,5.29779324e-11,2.426106343e-09,6.531354541e-08,8.517402846e-07,0.01937442467,0.0003843632152,0.001476511596,0.002887731769,0.00245233402,0.001436512575,1.541235165e-09,5.274500905e-08,1.061139376e-06,1.057559825e-05,0.0384684751,0.001193690181,0.003151701265,0.004351660028,0.002707031638,0.001159864853,2.551913755e-08,6.541090264e-07,9.856276745e-06,7.522689122e-05,0.0628300839,0.002396771932,0.004691225144,0.004905548869,0.002355304644,0.000773591031,3.179056675e-09,1.514477895e-07,3.770307813e-06,4.120347751e-05,0.06617081905,0.001034795495,0.001563857705,0.001127206761,0.0003004138374,4.98583215e-05
98,0.06157327089,0.07224138297,0.07605421283,0.07243959887,0.1783120586,0.08804165729,0.134475943,0.1776342416,0.2006959347,0.1984164725,0.07340175984,0.0835790622,0.08539489578,0.07911923591,0.1571539907,0.05063410902,0.06814660004,0.08003801241,0.07967347969,0.0701104434,0.00154535827,0.001949782335,0.002207427657,0.002248404428,0.02093981205,0.00316874932,0.006580265528,0.01156101971,0.0160216885,0.01888891409,0.001296328093,0.001685290175,0.001965974328,0.002058583011,0.02375899573,0.005509763025,0.01298505592,0.02565822047,0.0403583195,0.05345668237,0.02759189312,0.0231127081,0.01737254989,0.01212404578,0.04250467453,0.006572562427,0.01082360655,0.01533206397,0.01750874755,0.01687189348,0.03340637538,0.02708623117,0.01970657734,0.01334546039,0.03704599138,0.003599909571,0.005165644283,0.006439030633,0.006406607282,0.00543881828,0.0007410942404,0.0006631999991,0.0005325482886,0.000395036214,0.005034660182,0.0002271683271,0.0004946417783,0.0009081560141,0.001239346811,0.001390716311,0.0006121045112,0.0005659092214,0.0004694737982,0.0003588813727,0.005776511424,0.0004147543102,0.00103642599,0.002162422714,0.003387036147,0.004314175664,5.144387124e-06,1.3806036e-05,2.804268888e-05,4.212251589e-05,0.009741796196,0.0002830930533,0.00129310908,0.003927663493,0.00706026672,0.0090353755,2.530371311e-08,1.470812222e-07,5.87669543e-07,1.51335099e-06,0.005261015391,5.5672457e-05,0.0004152496977,0.001789021517,0.003837102356,0.005435534162,8.099368118e-08,5.587627634e-07,2.761308979e-06,8.974847726e-06,0.01147501727,0.0004406311508,0.002245597849,0.007108310535,0.01268960891,0.01636057007,6.337064836e-08,5.291399037e-07,3.164929991e-06,1.226887801e-05,0.01507185248,0.0008034251384,0.003591595005,0.01006635563,0.0162430352,0.01944297525,3.603186167e-08,3.829062811e-07,2.914805025e-06,1.41162073e-05,0.0190195495,0.001316968985,0.004989132699,0.01199092551,0.01685240286,0.01816307086,4.994259822e-09,8.546279652e-08,1.005277692e-06,7.013806033e-06,0.02090642648,0.001265787944,0.004403830196,0.00934532851,0.01099774193,0.009936145765,5.221451722e-11,2.379665194e-09,6.37557043e-08,8.27739209e-07,0.01882944149,0.0003351757243,0.001260942909,0.002418751477,0.001998407173,0.001139022619,1.50007805e-09,5.109002303e-08,1.022908855e-06,1.014939182e-05,0.03721257029,0.001027266462,0.002656222412,0.003597081345,0.002175545251,0.0009063326561,2.458541691e-08,6.271501369e-07,9.404680863e-06,7.146195088e-05,0.06054891267,0.002040566109,0.003911453783,0.004011580422,0.001871622444,0.0005973562238,2.998365785e-09,1.420024674e-07,3.514441904e-06,3.819939243e-05,0.06318831881,0.0008376977038,0.001233930022,0.0008684664816,0.0002229320278,3.561741614e-05
99,0.06195691798,0.07265472741,0.07645067903,0.07278321871,0.1780617811,0.08722237354,0.1329399474,0.1752569076,0.1975866449,0.1949584492,0.07359392819,0.08371189522,0.08544285701,0.07908869261,0.1563547111,0.04968276789,0.06657673929,0.07787981878,0.07718924653,0.06765373919,0.001552610557,0.001956220252,0.00221164982,0.00224982568,0.02080160074,0.003088658933,0.0063764989,0.01114226464,0.01535113906,0.0180011002,0.001307104639,0.001697830981,0.001978891348,0.002070454689,0.02368953292,0.005422406493,0.01273254649,0.02507400346,0.03929537078,0.05187394845,0.0277726333,0.02325223065,0.01746849871,0.01218526192,0.04244695968,0.006510841434,0.01069884947,0.01512499836,0.01723502077,0.01657517155,0.033493846,0.02712791682,0.01971565767,0.01333834093,0.03684725207,0.003528973063,0.005040854091,0.006256972168,0.00619716857,0.005239024139,0.0007445132133,0.0006653126548,0.0005334854216,0.000395212147,0.005000321305,0.0002212762391,0.0004789245509,0.0008744048377,0.001186130279,0.00132365777,0.0006173400468,0.0005702613808,0.0004726796112,0.0003610466661,0.005760224302,0.0004082475213,0.001016482839,0.002113701545,0.003298761324,0.004187775057,5.21853434e-06,1.397026794e-05,2.830585115e-05,4.242039533e-05,0.00966248883,0.000270225166,0.001221265965,0.003672975099,0.006525594096,0.008258362727,2.579568283e-08,1.494403489e-07,5.95102392e-07,1.527769198e-06,0.005208870332,5.227588503e-05,0.0003843408946,0.001633863599,0.003447084604,0.004805782863,8.183906171e-08,5.62917829e-07,2.773579361e-06,8.990008573e-06,0.01133595275,0.0004137644705,0.00208189532,0.006512364658,0.011456464,0.0145632117,6.381468167e-08,5.312647724e-07,3.168200525e-06,1.224787744e-05,0.0148669444,0.0007517683947,0.003317988933,0.00918978341,0.01461064173,0.01724076641,3.612878986e-08,3.827958829e-07,2.905309014e-06,1.403163517e-05,0.01872555791,0.001226788653,0.004588473323,0.01089786232,0.01508837844,0.01602802858,4.991348078e-09,8.512786079e-08,9.979954501e-07,6.94154052e-06,0.02052642986,0.001164184228,0.003992433649,0.00835977882,0.009668815263,0.00858930048,5.141844836e-11,2.332306418e-09,6.219147332e-08,8.039067553e-07,0.01830512903,0.000292901898,0.001079476034,0.002031490445,0.001633660336,0.0009063840025,1.459063589e-09,4.945822521e-08,9.855562885e-07,9.736096782e-06,0.03601076516,0.0008860989733,0.002244561921,0.002982108506,0.001754323061,0.0007109235668,2.367406718e-08,6.010476443e-07,8.970641903e-06,6.786638352e-05,0.05837521026,0.001741624144,0.003270469211,0.003290739111,0.001492560303,0.0004631164037,2.82679029e-09,1.331039416e-07,3.275197114e-06,3.54092688e-05,0.0603731134,0.0006803592199,0.000977178815,0.0006718193749,0.0001661983663,2.557668474e-05
100,0.06232440711,0.0730490038,0.07682699334,0.0731076092,0.1778040776,0.08641742313,0.1314340346,0.1729307393,0.1945507513,0.191588665,0.07377313774,0.08383165714,0.08547935659,0.07904929064,0.155573819,0.04877095337,0.06507854209,0.07582833131,0.07483795188,0.06533765833,0.001559436934,0.001962160855,0.002215362481,0.002250785663,0.02066643818,0.00301229809,0.006183342973,0.01074744447,0.01472257025,0.017173293,0.001317430508,0.001709782445,0.00199111979,0.002081607025,0.02361950745,0.005337501539,0.01248801353,0.02451014661,0.03827318935,0.05035699722,0.0279458567,0.02338540432,0.01755964517,0.01224311267,0.0423872521,0.006450157195,0.01057645146,0.01492225341,0.01696758168,0.01628583856,0.03357529902,0.02716530315,0.01972207564,0.01332973579,0.03665320477,0.003461059375,0.004921917908,0.006084177637,0.005999280026,0.005051028271,0.0007477279864,0.0006672569503,0.000534300984,0.0003953085906,0.004966762017,0.0002156635585,0.0004640413885,0.000842620677,0.001136312468,0.00126122448,0.000622359287,0.0005744119063,0.0004757174581,0.0003630835368,0.005743764975,0.0004019185177,0.0009971542216,0.00206663908,0.003213798078,0.004066518178,5.289631707e-06,1.412610202e-05,2.855186849e-05,4.269285755e-05,0.009584409256,0.0002581633557,0.001154629683,0.003439047163,0.006040169442,0.007560685925,2.626969138e-08,1.516877252e-07,6.020726301e-07,1.540987822e-06,0.005157623863,4.914350077e-05,0.0003562400783,0.001494658334,0.003102831279,0.004258643982,8.263165363e-08,5.6671231e-07,2.784133648e-06,8.999926834e-06,0.01120025958,0.0003890117021,0.001932945052,0.005976400364,0.01036334724,0.01299203953,6.421796251e-08,5.33063294e-07,3.169656979e-06,1.222052405e-05,0.01466743419,0.0007043403508,0.003069902684,0.008404179564,0.0131688547,0.01532295603,3.620411148e-08,3.824754695e-07,2.894413064e-06,1.394138312e-05,0.01844003619,0.001144352097,0.0042267769,0.009922539273,0.01353746008,0.01417757207,4.985034623e-09,8.474160612e-08,9.902119913e-07,6.866568777e-06,0.02015794421,0.001072388461,0.003626016119,0.007493537234,0.008520667455,0.007444976068,5.059908723e-11,2.284490137e-09,6.063375849e-08,7.804133212e-07,0.01780224897,0.0002565965864,0.0009267747852,0.001711727994,0.001340455507,0.0007243033746,1.418499841e-09,4.786009766e-08,9.492846689e-07,9.33760037e-06,0.03486409991,0.0007664160957,0.001902595949,0.002480831428,0.001420277966,0.000560146652,2.278993807e-08,5.759160255e-07,8.555665157e-06,6.444961768e-05,0.05630978206,0.00149082342,0.002743560183,0.00270929799,0.001195244858,0.0003607315591,2.664721959e-09,1.247617884e-07,3.052533811e-06,3.282934231e-05,0.05772291266,0.0005546953559,0.0007771859228,0.0005221640758,0.0001245752289,1.847892052e-05
101,0.06267560725,0.07342423441,0.07718336361,0.07341312966,0.1775410005,0.08562960757,0.1299632815,0.1706633243,0.1915977728,0.1883172667,0.07393984146,0.08393910369,0.08550539891,0.07900214823,0.1548132602,0.04789912019,0.06365201623,0.07388255451,0.07261713049,0.06315849938,0.001565846947,0.001967625237,0.002218599221,0.002251327183,0.02053468847,0.002939663924,0.006000649881,0.01037596685,0.01413450144,0.01640284347,0.001327300767,0.001721145095,0.002002668282,0.002092056711,0.02354933376,0.005255258702,0.01225199445,0.02396772833,0.03729339037,0.04890772705,0.02811149055,0.02351222635,0.01764603075,0.01229765496,0.0423260561,0.006390727,0.01045683783,0.01472451209,0.01670729816,0.01600479827,0.03365095274,0.02719864836,0.01972607488,0.01331984275,0.0364643213,0.003396193292,0.004808816199,0.005920527629,0.005812684994,0.004874475527,0.0007507434109,0.0006690403569,0.0005350033474,0.0003953332812,0.004934070401,0.0002103293928,0.000449978618,0.0008127499437,0.001089764861,0.00120320025,0.0006271595478,0.0005783606634,0.0004785891557,0.0003649947209,0.005727235094,0.000395783636,0.0009784847752,0.002021331057,0.003132291958,0.003950574206,5.357616427e-06,1.427355179e-05,2.878112632e-05,4.294095885e-05,0.00950784236,0.000246882692,0.001092949649,0.00322458628,0.005600172922,0.006935124779,2.672501228e-08,1.538220918e-07,6.085867469e-07,1.553049957e-06,0.005107458759,4.626035106e-05,0.0003307343812,0.001369939052,0.002799295867,0.003783636685,8.337240982e-08,5.70161268e-07,2.793085941e-06,9.005084714e-06,0.01106831322,0.0003662477511,0.001797630058,0.005495026977,0.009395380002,0.01161965669,6.458233381e-08,5.3455839e-07,3.169478395e-06,1.218764986e-05,0.01447383465,0.000660870679,0.002845293388,0.00770099994,0.01189667047,0.01365398968,3.625960485e-08,3.819688297e-07,2.882332054e-06,1.384662648e-05,0.0181636511,0.001069119249,0.003900716264,0.009053306763,0.01217512142,0.01257474406,4.975714335e-09,8.431198364e-08,9.820331631e-07,6.789696849e-06,0.01980182044,0.0009895805877,0.003300065908,0.006732906939,0.007529339552,0.006473016919,4.976533027e-11,2.236644592e-09,5.909430986e-08,7.574105897e-07,0.01732142012,0.0002254332901,0.0007982938566,0.001447629721,0.00110457247,0.0005816039567,1.378663229e-09,4.630479669e-08,9.142655769e-07,8.955435764e-06,0.03377328081,0.0006649746215,0.001618484336,0.002072017496,0.001155084971,0.0004436201892,2.19371102e-08,5.518473341e-07,8.160881622e-06,6.121800823e-05,0.05435283341,0.001280422511,0.002310272062,0.002239957083,0.0009617470474,0.0002824986116,2.512383271e-09,1.169771703e-07,2.846200764e-06,3.045358932e-05,0.05523469373,0.0004542365697,0.0006211822658,0.000408056273,9.395817868e-05,1.344469811e-05
102,0.06301040682,0.07378046598,0.07752002456,0.07370016546,0.1772745815,0.08486160646,0.1285324957,0.1684617777,0.1887365344,0.1851535562,0.07409450344,0.08403499866,0.08552199056,0.07894837936,0.1540749308,0.04706764862,0.06229705241,0.07204135346,0.07052420127,0.06111250384,0.001571850742,0.001972635102,0.002221394063,0.002251493191,0.02040670406,0.00287074622,0.005828256377,0.01002721937,0.01358544919,0.01568714634,0.001336711229,0.001731920502,0.002013546706,0.002101821748,0.02347941942,0.005175872241,0.01202497243,0.0234476883,0.03635731496,0.04752760481,0.02826947139,0.02363270242,0.01772770363,0.01234895047,0.0422638711,0.006332758621,0.01034041123,0.01453241457,0.01645497455,0.01573287889,0.03372103072,0.02722821325,0.01972789935,0.01330885867,0.03628106091,0.003334394234,0.004701520775,0.005765892494,0.005637119689,0.004709009579,0.0007535646254,0.0006706705485,0.0005356009826,0.000395293973,0.004902331646,0.0002052723388,0.0004367215113,0.0007847378419,0.00104635963,0.00114937371,0.0006317385076,0.00058210788,0.0004812968334,0.0003667831943,0.005710734681,0.0003898579717,0.0009605147434,0.001977861304,0.003054364999,0.003840076574,5.422435877e-06,1.441265986e-05,2.899406731e-05,4.316583218e-05,0.00943306208,0.0002363570655,0.001035976068,0.003028338118,0.005201990176,0.006374980324,2.716099796e-08,1.558427095e-07,6.146533259e-07,1.564003631e-06,0.005058549371,4.361178439e-05,0.0003076218467,0.001258346775,0.002531918987,0.003371499484,8.406247462e-08,5.732809264e-07,2.800554605e-06,9.005972024e-06,0.0109404677,0.0003453512095,0.001674893632,0.005063245655,0.008539067823,0.01042169878,6.490976635e-08,5.357737483e-07,3.167845886e-06,1.215008362e-05,0.01428662531,0.0006210990336,0.002642240462,0.007072365256,0.01077513863,0.01220240905,3.629708866e-08,3.812998409e-07,2.869278382e-06,1.374851226e-05,0.0178970188,0.001000574644,0.003607186893,0.008279494458,0.01097937622,0.01118705141,4.963783772e-09,8.384684315e-08,9.735618681e-07,6.7116978e-06,0.01945883122,0.0009149916242,0.003010451097,0.00606558849,0.006673818092,0.005647538952,4.892555731e-11,2.18916472e-09,5.758371728e-08,7.350319873e-07,0.01686313264,0.0001986927824,0.0006901782725,0.001229385198,0.000914584753,0.000469570891,1.339799035e-09,4.480020865e-08,8.806412211e-07,8.590811977e-06,0.03273872114,0.0005789982596,0.001382341085,0.001738329881,0.000944243788,0.0003533758596,2.111894698e-08,5.289131828e-07,7.787088685e-06,5.81752287e-05,0.05250405567,0.00110387986,0.001953737552,0.00186069381,0.0007780539091,0.0002225797896,2.369852149e-09,1.097442973e-07,2.655778636e-06,2.82742723e-05,0.05290484996,0.0003738224324,0.0004992642503,0.0003208435701,7.136420821e-05,9.859540061e-06
103,0.06332871156,0.07411776647,0.07783723356,0.07396912327,0.1770068258,0.08411597758,0.1271462201,0.1663327556,0.1859751949,0.1821060313,0.07423759554,0.0841201096,0.08553013551,0.07888908922,0.153360676,0.04627685444,0.06101344528,0.0703034877,0.06855651149,0.05919590325,0.001577458951,0.001977212594,0.002223781263,0.002251326568,0.02028282571,0.002805528706,0.005665987899,0.009700578999,0.01307394344,0.01502366163,0.001345658385,0.001742111155,0.002023766016,0.00211092122,0.02341016413,0.005099520972,0.01180738017,0.02295083912,0.03546605752,0.04621771517,0.02841974411,0.0237468456,0.01780471767,0.01239706485,0.0422011901,0.0062764503,0.01022755193,0.01434655942,0.01621135406,0.01547083665,0.03378576014,0.0272542598,0.01972779226,0.01329697872,0.03610387006,0.003275677035,0.004599996523,0.005620135276,0.005472316977,0.004554276726,0.0007561970002,0.0006721553432,0.0005361024081,0.0003951983987,0.004871628035,0.0002004905792,0.0004242545994,0.0007585291241,0.001005970887,0.001099539859,0.0006360941756,0.000585654106,0.00048384289,0.0003684521334,0.005694361863,0.000384155441,0.0009432802667,0.001936302707,0.002980117982,0.003735126907,5.484046983e-06,1.454349511e-05,2.919118363e-05,4.336867319e-05,0.009360331276,0.0002265596811,0.000983462968,0.00284909752,0.004842226843,0.005874077278,2.757707718e-08,1.577493221e-07,6.202828115e-07,1.573901036e-06,0.00501106165,4.11835916e-05,0.0002867123346,0.001158630331,0.002296603564,0.003014087041,8.470316009e-08,5.76088462e-07,2.806661074e-06,9.003081982e-06,0.01081705623,0.0003262052787,0.001563743099,0.004676448865,0.007782235263,0.009376598402,6.520233444e-08,5.367335904e-07,3.164941131e-06,1.210864499e-05,0.01410625376,0.000584776727,0.002458950328,0.006511051535,0.009787247378,0.010940505,3.63184055e-08,3.804922859e-07,2.855460584e-06,1.364815299e-05,0.01764070757,0.0009382300051,0.003343310274,0.0075913832,0.009930610862,0.009986049806,4.949637743e-09,8.335387596e-08,9.648974581e-07,6.633308203e-06,0.01912967591,0.0008479054943,0.002753409822,0.005480594579,0.00593575646,0.004946413938,4.808759637e-11,2.142411576e-09,5.611143046e-08,7.133934596e-07,0.01642776236,0.0001757519005,0.0005991708619,0.001048888817,0.0007613360069,0.0003814240451,1.30212247e-09,4.335302463e-08,8.485268105e-07,8.244646288e-06,0.0317605813,0.0005061198359,0.001185940367,0.001465655734,0.0007763089895,0.0002833096247,2.033815441e-08,5.071668722e-07,7.434791832e-06,5.532266066e-05,0.05076270893,0.0009556882245,0.001660092331,0.001553792879,0.0006332379971,0.0001765585867,2.237085971e-09,1.030518002e-07,2.480719681e-06,2.628242529e-05,0.05072932853,0.0003093475056,0.000403767078,0.0002539954094,5.462750282e-05,7.294224301e-06
104,0.06363044221,0.07443622159,0.07813526624,0.07422042619,0.1767397059,0.08339515796,0.1258087393,0.1642824712,0.1833212787,0.1791824321,0.07436959386,0.08419520339,0.08553083043,0.07882536974,0.1526722898,0.04552699878,0.05980091374,0.06866764356,0.066711378,0.0574049621,0.001582682577,0.001981380127,0.002225795099,0.002250869899,0.02016338245,0.002743990309,0.005513662385,0.009395420784,0.01259854195,0.01440993309,0.001354139333,0.001751720339,0.002033338058,0.002119375066,0.0233419587,0.005026369218,0.01159960392,0.02247787843,0.03462049338,0.04497880955,0.02856226093,0.02385467521,0.01787713135,0.01244206683,0.04213849813,0.00622199083,0.01011861839,0.01416750505,0.01597712167,0.01521935991,0.03384537018,0.02727704963,0.01972599492,0.01328439559,0.03593318238,0.003220052711,0.004504203079,0.005483114502,0.005318009857,0.004409929338,0.0007586460805,0.0006735026456,0.0005365161399,0.00039505423,0.004842038962,0.0001959819755,0.0004125619665,0.0007340687792,0.0009684757921,0.001053501367,0.0006402248577,0.0005890001699,0.0004862299491,0.0003700048749,0.005678212623,0.0003786888489,0.0009268136955,0.001896718212,0.002909632735,0.003635798952,5.542415502e-06,1.466614967e-05,2.937300898e-05,4.355072615e-05,0.009289901696,0.0002174634988,0.0009351707311,0.002685716284,0.004517716954,0.005426756645,2.79727515e-08,1.595421129e-07,6.254872623e-07,1.582797747e-06,0.004965153253,3.896211912e-05,0.0002678280791,0.001069644529,0.002089686027,0.002704266182,8.529592127e-08,5.78601795e-07,2.811528688e-06,8.996907253e-06,0.01069839208,0.0003086984924,0.001463251958,0.004330413362,0.007113949388,0.008465344172,6.546219161e-08,5.374624455e-07,3.160944984e-06,1.206413926e-05,0.01393313724,0.000551667983,0.002293758323,0.006010471023,0.008917795683,0.009843970006,3.632540613e-08,3.795696846e-07,2.841082138e-06,1.354662165e-05,0.0173952408,0.0008816260149,0.003106432971,0.006980165394,0.009011405699,0.00894693654,4.933666195e-09,8.284056563e-08,9.561352442e-07,6.55522558e-06,0.01881498592,0.0007876596423,0.002525535552,0.004968156365,0.005299201556,0.004350791694,4.725870356e-11,2.096712511e-09,5.468579966e-08,6.925945012e-07,0.01601558501,0.0001560728045,0.0005225286027,0.0008994623811,0.0006375051735,0.0003118971168,1.265820215e-09,4.196882959e-08,8.180131516e-07,7.917598014e-06,0.03083880789,0.0004443280493,0.001022457987,0.001242535548,0.0006422637005,0.000228751803,1.959684597e-08,4.866455886e-07,7.104246141e-06,5.265977026e-05,0.04912770097,0.0008312260099,0.001417971292,0.001305036341,0.0005187922845,0.0001410973991,2.113944318e-09,9.688399301e-08,2.320383221e-06,2.446827655e-05,0.0487037566,0.0002575524041,0.0003287677402,0.0002025879038,4.217603326e-05,5.448789934e-06
105,0.06391553213,0.07473593125,0.07841441186,0.07445450876,0.1764751559,0.08270146592,0.1245240881,0.1623167157,0.1807817125,0.1763897922,0.07449097524,0.08426104195,0.08552506007,0.07875829533,0.152011514,0.04481829785,0.05865912065,0.06713246487,0.06498612559,0.05573601698,0.001587532871,0.001985160219,0.002227469666,0.002250165261,0.02004869165,0.002686106348,0.005371093857,0.009111125706,0.01215784291,0.0138436037,0.001362151696,0.001760751994,0.002042275371,0.002127203851,0.02327518417,0.004956567814,0.01140198757,0.02202940118,0.03382130635,0.04381135418,0.02869698029,0.02395621562,0.0179450067,0.01248402738,0.04207627088,0.006169559701,0.01001394792,0.0139957715,0.01575290739,0.01497907364,0.0339000903,0.02729684259,0.01972274562,0.01327129879,0.03576941851,0.003167529216,0.004414096432,0.0053546868,0.005173934679,0.00427562895,0.000760917528,0.0006747203879,0.000536850641,0.0003948690408,0.004813640948,0.0001917441569,0.0004016275246,0.0007113026546,0.0009337555073,0.001011069657,0.0006441291191,0.0005921471337,0.0004884608126,0.000371444875,0.005662380573,0.0003734699643,0.0009111439176,0.001859161851,0.002842974438,0.003542142459,5.597515204e-06,1.478073569e-05,2.954011034e-05,4.371326992e-05,0.009222014027,0.0002090416241,0.000890868205,0.002537108932,0.004225526319,0.00502786093,2.834759082e-08,1.612216582e-07,6.302800931e-07,1.590751935e-06,0.004920973705,3.69343577e-05,0.0002508039614,0.0009903468574,0.001907905258,0.002435814308,8.584233059e-08,5.808393804e-07,2.815281569e-06,8.987936261e-06,0.01058476941,0.0002927252658,0.001372560702,0.004021288272,0.006524436423,0.007671242325,6.569154656e-08,5.379849348e-07,3.156036174e-06,1.201735258e-05,0.01376766441,0.0005215508278,0.002145128339,0.005564646156,0.008153258443,0.00889155974,3.631993456e-08,3.785551402e-07,2.826340411e-06,1.344494749e-05,0.01716110014,0.0008303334038,0.00289412234,0.006437897466,0.008206352745,0.008048161117,4.916251428e-09,8.231414612e-08,9.473661164e-07,6.478106733e-06,0.01851533029,0.0007336446649,0.002323758886,0.004519625986,0.004750332477,0.003844664886,4.644555643e-11,2.052361983e-09,5.331413286e-08,6.727193767e-07,0.01562679034,0.0001391929067,0.0004579480751,0.0007756167274,0.0005372486154,0.0002569040871,1.231052335e-09,4.065220151e-08,7.891693699e-07,7.610102591e-06,0.02997317118,0.0003919192275,0.0008862467994,0.001059683289,0.0005350141721,0.0001861327494,1.889661031e-08,4.673726059e-07,6.795496566e-06,5.018446482e-05,0.04759766178,0.0007266256268,0.001218078975,0.001103033547,0.0004281015721,0.000113675231,2.00021003e-09,9.122200865e-08,2.174066689e-06,2.282160892e-05,0.04682355553,0.0002158534624,0.0002696936837,0.0001629102417,3.286833919e-05,4.113356072e-06
106,0.06418392475,0.07501700572,0.07867496863,0.07467181183,0.1762150662,0.08203710382,0.1232960615,0.1604408804,0.1783628647,0.1737344933,0.07460221368,0.08431837784,0.08551379269,0.07868891866,0.1513800382,0.04415093255,0.05758769181,0.06569658196,0.06337812252,0.05418551206,0.001592021217,0.001988575318,0.002228838678,0.002249254015,0.01993905912,0.002631849694,0.00523809575,0.008847087873,0.01175049609,0.0133224287,0.001369693538,0.001769210578,0.002050590993,0.002134428525,0.02321021096,0.004890255179,0.01121483698,0.02160591198,0.03306901594,0.04271557676,0.02882386565,0.02405149501,0.01800840819,0.01252301883,0.0420149732,0.006119327318,0.009913857562,0.01383184251,0.01553928989,0.01475054431,0.03395014857,0.02731389526,0.01971827857,0.01325787385,0.03561298619,0.003118112181,0.004329630468,0.005234709362,0.005039834099,0.004151049041,0.000763017062,0.0006758164714,0.0005371142729,0.0003946502705,0.004786507687,0.0001877746051,0.0003914352674,0.0006901780178,0.0009016960319,0.000972065786,0.0006478057448,0.0005950962444,0.0004905384128,0.000372775667,0.005646956735,0.0003685095995,0.0008962966965,0.001823679785,0.002780193904,0.003454186954,5.649326978e-06,1.488738197e-05,2.969307969e-05,4.385760406e-05,0.00915689802,0.0002012676519,0.0008503344187,0.002402256766,0.003962951906,0.004672714,2.870122806e-08,1.627888758e-07,6.346758108e-07,1.597823598e-06,0.004878664621,3.508801004e-05,0.0002354875514,0.0009197931402,0.001748370649,0.002203322478,8.634405168e-08,5.828200009e-07,2.818043552e-06,8.976649768e-06,0.01047646439,0.0002781862946,0.001290876582,0.003745579643,0.006004995311,0.006979686606,6.589263934e-08,5.383255651e-07,3.150390118e-06,1.196904788e-05,0.0136101972,0.0004942176753,0.0020116507,0.005168178782,0.007481649979,0.008064770851,3.630381417e-08,3.774712019e-07,2.811425778e-06,1.334411286e-05,0.01693872891,0.0007839534717,0.002704159742,0.005957447384,0.007501875329,0.007271059936,4.89776564e-09,8.178156735e-08,9.386762665e-07,6.402566876e-06,0.0182312215,0.0006853031919,0.002145327145,0.004127378806,0.004277215676,0.003414478246,4.565425905e-11,2.009622906e-09,5.20027659e-08,6.538384792e-07,0.0152614958,0.0001247155928,0.0004034998419,0.0006728488724,0.0004559078294,0.0002132765618,1.197954452e-09,3.940681689e-08,7.620456762e-07,7.322405111e-06,0.02916330094,0.0003474542064,0.0007726436285,0.0009095863303,0.0004489847225,0.0001527243698,1.823857966e-08,4.493594392e-07,6.508416249e-06,4.789342428e-05,0.04617101336,0.0006386582741,0.001052826668,0.000938671196,0.0003560250737,9.238780934e-05,1.895608335e-09,8.604480216e-08,2.041032273e-06,2.133206057e-05,0.04508404387,0.0001822048861,0.0002230165643,0.0001321655505,2.587477741e-05,3.140790921e-06
107,0.06443557087,0.07527956181,0.07891723889,0.07487277737,0.1759612773,0.08140416154,0.1221282262,0.1586599817,0.1760705877,0.1712223223,0.07470377677,0.08436794995,0.08549797554,0.07861826659,0.1507794996,0.04352505781,0.05658623423,0.06435863917,0.06188481343,0.05275003132,0.001596159003,0.001991647633,0.002229935261,0.002248176608,0.01983477931,0.002581191865,0.005114484026,0.008602721005,0.01137521248,0.01284428633,0.001376763277,0.001777100916,0.002058298253,0.002141070186,0.0231473981,0.004827558425,0.01103842428,0.02120783743,0.03236400395,0.04169151144,0.02894288431,0.02414054408,0.01806740155,0.01255911388,0.04195505782,0.006071455263,0.009818644992,0.01367616767,0.01533680033,0.01453428488,0.03399576998,0.02732845951,0.01971282282,0.01324430169,0.03546428026,0.003071805632,0.00425075844,0.005123042263,0.004915459792,0.004035877523,0.0007649503991,0.0006767987082,0.0005373152468,0.0003944051886,0.004760710092,0.0001840707354,0.0003819695063,0.0006706440617,0.0008721889197,0.0009363211694,0.0006512536976,0.000597848885,0.0004924657627,0.0003740008189,0.005632029347,0.000363817692,0.0008822950146,0.001790311335,0.00272132982,0.003371945392,5.697837859e-06,1.498623048e-05,2.983252559e-05,4.398503517e-05,0.009094772677,0.0001941159665,0.0008133599591,0.002280210492,0.003727518141,0.004357097331,2.903335312e-08,1.642449709e-07,6.38689745e-07,1.604073785e-06,0.004838359971,3.341154032e-05,0.0002217389695,0.0008571324859,0.001608530337,0.002002104707,8.680281289e-08,5.845625642e-07,2.819937157e-06,8.963517727e-06,0.01037373622,0.0002649888291,0.001217472562,0.003500132651,0.005547911121,0.006377940614,6.606771826e-08,5.38508534e-07,3.14417784e-06,1.191996129e-05,0.01346107285,0.0004694756598,0.001892038721,0.004816216475,0.006892389686,0.007347539591,3.62788347e-08,3.763397416e-07,2.79652088e-06,1.324505081e-05,0.01672853555,0.0007421181594,0.002534531975,0.005532439694,0.006886054025,0.006599519034,4.87856879e-09,8.124946748e-08,9.301470043e-07,6.329179471e-06,0.01796312146,0.0006421282109,0.001987782808,0.003784718108,0.003869579346,0.003048781874,4.489035712e-11,1.968728427e-09,5.075714214e-08,6.360097729e-07,0.01491975982,0.0001123017973,0.0003575712908,0.000587470841,0.0003897723025,0.000178558042,1.166640111e-09,3.823555916e-08,7.366761077e-07,7.054592653e-06,0.02840872026,0.0003097202381,0.0006778047719,0.0007861743858,0.0003797950359,0.000126441229,1.762349742e-08,4.326079104e-07,6.242742348e-06,4.578240443e-05,0.04484603476,0.0005646341182,0.0009160282874,0.0008046650104,0.0002985685854,7.579593083e-05,1.799823918e-09,8.133002118e-08,1.920529368e-06,1.998937069e-05,0.04348052911,0.0001549878891,0.000186013822,0.0001082445343,2.059139856e-05,2.427688924e-06
108,0.06467042591,0.07552371882,0.07914152413,0.07505784317,0.1757155755,0.08080462047,0.1210239327,0.156978687,0.1739102622,0.16885853,0.07479612202,0.08441047915,0.08547853047,0.07854733622,0.1502114832,0.04294081176,0.05565435363,0.06311732077,0.06050374991,0.05142632777,0.001599957498,0.001994398967,0.002230791765,0.002246972376,0.01973613545,0.002534104079,0.00500008006,0.008377464313,0.01103077277,0.01240718673,0.001383359592,0.001784428051,0.002065410569,0.002147149837,0.02308709246,0.00476859449,0.0108729922,0.02083553821,0.03170654029,0.04073904172,0.0290540061,0.02422339475,0.01812205263,0.01259238477,0.04189696393,0.006026096609,0.009728589598,0.01352916484,0.01514592637,0.01433076011,0.03403717469,0.02734078106,0.01970660121,0.01323075792,0.03532368275,0.003028612695,0.00417743438,0.005019550634,0.004800574948,0.003929818976,0.0007667231927,0.0006776747629,0.0005374615769,0.0003941408618,0.004736316359,0.0001806299733,0.0003732150891,0.0006526523591,0.0008451318968,0.0009036781528,0.0006544720742,0.0006004065231,0.0004942459068,0.0003751238905,0.005617683668,0.00035940339,0.0008691594179,0.001759090005,0.002666410923,0.003295417654,5.743040001e-06,1.507743274e-05,2.995906474e-05,4.409686348e-05,0.009035846501,0.000187562003,0.0007797480573,0.002170091682,0.003516970906,0.004077224082,2.934370616e-08,1.6559138e-07,6.423377767e-07,1.609563851e-06,0.004800186389,3.189420876e-05,0.0002094306134,0.0008016018298,0.001486140421,0.001828114382,8.722038059e-08,5.860859047e-07,2.821082627e-06,8.948996413e-06,0.01027682839,0.0002530468448,0.001151685662,0.003282112439,0.00514637055,0.005854935274,6.621901724e-08,5.385575461e-07,3.137564988e-06,1.187079901e-05,0.01332060596,0.0004471467682,0.001785124326,0.004504417474,0.00637617285,0.006725964161,3.624674023e-08,3.751818457e-07,2.781800021e-06,1.314864353e-05,0.01653089714,0.0007044897689,0.002383421531,0.005157200049,0.006348461856,0.006019666927,4.859006766e-09,8.072415168e-08,9.218546571e-07,6.258476683e-06,0.01771144743,0.0006036610084,0.001848941625,0.00348578419,0.003518608364,0.002737926834,4.415886122e-11,1.92988402e-09,4.958189852e-08,6.192802794e-07,0.01460159454,0.0001016624473,0.0003188172985,0.0005164662857,0.0003358881965,0.0001508435088,1.137203241e-09,3.714062745e-08,7.130811913e-07,6.806624939e-06,0.02770887745,0.0002776976779,0.0005985669404,0.0006845473208,0.0003240043696,0.0001056881202,1.705178357e-08,4.171120969e-07,5.998109034e-06,4.384651036e-05,0.04362092218,0.0005023165644,0.0008026473136,0.0006951963986,0.0002526281945,6.281081275e-05,1.712515929e-09,7.705474901e-08,1.811813125e-06,1.878357571e-05,0.04200838926,0.0001329220116,0.00015658386,8.955478063e-05,1.657763601e-05,1.90114823e-06
109,0.06488844709,0.07574959451,0.07934812002,0.07522743754,0.175479687,0.08024035796,0.1199863293,0.1554013426,0.1718868422,0.1666478906,0.07487969328,0.08444666406,0.08545634952,0.07847709099,0.1496775216,0.04239832466,0.05479167127,0.06197137548,0.05923261877,0.05021135005,0.00160342773,0.001996850544,0.002231439566,0.002245679357,0.01964339986,0.002490558253,0.00489471333,0.008170787833,0.01071603467,0.01200927918,0.001389481325,0.001791197091,0.002071941237,0.002152688146,0.02302962812,0.004713471282,0.01071875838,0.02048932091,0.03109680777,0.0398579413,0.02915720206,0.02430007876,0.01817242618,0.01262290228,0.04184111597,0.005983396264,0.009643953589,0.01339122262,0.01496711632,0.01414039182,0.03407457632,0.027351098,0.01969982936,0.01321741215,0.03519156302,0.002988536274,0.004109614438,0.004924106702,0.004694956569,0.003832596657,0.0007683409724,0.0006784520949,0.0005375610336,0.0003938641203,0.004713392035,0.0001774498278,0.000365157602,0.0006361572722,0.0008204293944,0.0008739904713,0.0006574600597,0.000602770658,0.0004958818691,0.0003761483904,0.005604001808,0.0003552751378,0.0008569083594,0.001730044488,0.002615458099,0.003224593877,5.784929589e-06,1.516114614e-05,3.007331364e-05,4.419436985e-05,0.008980317778,0.0001815824735,0.0007493154271,0.002071093323,0.003329269972,0.003829712202,2.963207037e-08,1.668297123e-07,6.456360675e-07,1.614354728e-06,0.004764263507,3.052609388e-05,0.0001984467889,0.0007525203097,0.001379235724,0.001677868294,8.759853255e-08,5.87408591e-07,2.821597015e-06,8.933525812e-06,0.01018596981,0.000242281132,0.001092914889,0.003088984404,0.004794381214,0.005401083018,6.634873405e-08,5.384956409e-07,3.130710959e-06,1.182223478e-05,0.01318909058,0.0004270678145,0.001689853066,0.004228915447,0.005924848694,0.006188052191,3.62092181e-08,3.740177194e-07,2.767428691e-06,1.305572137e-05,0.01634616304,0.0006707604248,0.00224919623,0.004826700765,0.00588001082,0.005519598116,4.839409834e-09,8.021157635e-08,9.138705422e-07,6.190950347e-06,0.01747657804,0.000569488871,0.001726871052,0.003225469199,0.003216760179,0.002473800318,4.346427664e-11,1.893269829e-09,4.848095537e-08,6.036875699e-07,0.01430697802,9.255175916e-05,0.0002861179869,0.0004573711542,0.0002919047605,0.0001286548126,1.109720664e-09,3.612364336e-08,6.91270488e-07,6.57836297e-06,0.02706317586,0.0002505311076,0.0005323305098,0.0006007526137,0.0002789096638,8.924362121e-05,1.652359698e-08,4.028601427e-07,5.774077495e-06,4.208044009e-05,0.04249384445,0.0004498491987,0.0007085874801,0.0006056194806,0.0002157906825,5.260766478e-05,1.633330971e-09,7.319612906e-08,1.714159508e-06,1.770516218e-05,0.04066314484,0.0001149945076,0.0001331032881,7.489240212e-05,1.351129583e-05,1.509584896e-06
110,0.06508959043,0.07595730084,0.07953731132,0.0753819739,0.1752552731,0.07971315205,0.1190183748,0.1539320012,0.1700049006,0.1645947613,0.07495491709,0.08447717667,0.08543229066,0.07840845692,0.1491790958,0.04189772756,0.05399784008,0.06091963964,0.05806926842,0.04910226668,0.001606580354,0.001999022846,0.002231908882,0.002244334108,0.01955683415,0.00245052795,0.00479822392,0.007982197263,0.01042993936,0.0116488581,0.001395127382,0.001797413049,0.002077903217,0.0021577052,0.02297532567,0.004662288828,0.01057591956,0.02016944956,0.03053492581,0.0390479126,0.02925244312,0.0243706263,0.01821858464,0.01265073483,0.04178792232,0.005943491346,0.009564983149,0.01326270287,0.01480078333,0.01396356419,0.03410818026,0.02735963941,0.01969271459,0.01320442737,0.03506827784,0.002951579711,0.004047258173,0.004836591715,0.004598397593,0.003743954322,0.000769809082,0.0006791379013,0.0005376210981,0.0003935815264,0.004692000089,0.0001745279603,0.0003577835573,0.0006211163223,0.00079799301,0.0008471236138,0.0006602168808,0.0006049427681,0.0004973766027,0.0003770777321,0.005591062561,0.0003514407617,0.0008455585362,0.001703199633,0.002568486391,0.003159457606,5.823505722e-06,1.523753025e-05,3.017588027e-05,4.427880304e-05,0.008928374898,0.0001761555632,0.0007218929042,0.001982479661,0.003162580431,0.003611557535,2.989826421e-08,1.679616898e-07,6.486007906e-07,1.61850622e-06,0.004730704312,2.929810523e-05,0.0001886832791,0.0007092836673,0.001286102537,0.001548378396,8.793903152e-08,5.885487394e-07,2.821593327e-06,8.917527249e-06,0.0101013761,0.000232619321,0.001040618902,0.002918494583,0.004486695913,0.005008109413,6.645900924e-08,5.383450315e-07,3.123768104e-06,1.177490769e-05,0.01306680236,0.0004090903,0.001605278818,0.003986285079,0.00553130713,0.005723493721,3.616788865e-08,3.72866604e-07,2.753563194e-06,1.29670625e-05,0.01617465838,0.0006406513556,0.00213039863,0.004536508608,0.005472810989,0.00508912682,4.820091347e-09,7.971733848e-08,9.062609991e-07,6.127053351e-06,0.01725885916,0.0005392426699,0.001619869537,0.002999338599,0.002957601244,0.002249597115,4.281063803e-11,1.859043155e-09,4.745760748e-08,5.892612331e-07,0.01403586575,8.476134808e-05,0.0002585428118,0.0004081749431,0.0002559515554,0.0001108441751,1.08425458e-09,3.518575404e-08,6.712449901e-07,6.369595454e-06,0.02647100173,0.0002275045029,0.0004769621079,0.0005316043191,0.0002423867778,7.617136939e-05,1.603889394e-08,3.898359244e-07,5.570162918e-06,4.047869918e-05,0.04146299387,0.0004056939587,0.0006305206115,0.000532225895,0.0001861785811,4.456067681e-05,1.561914217e-09,6.973188181e-08,1.626877278e-06,1.674518279e-05,0.03944052227,0.0001004043411,0.0001143169791,6.334571439e-05,1.115607435e-05,1.216350253e-06
111,0.06527380782,0.07614693987,0.07970936678,0.07552184546,0.1750439251,0.07922468638,0.1181228536,0.1525744505,0.1682686747,0.1627031407,0.07502219898,0.08450265818,0.08540717348,0.07834231886,0.1487176351,0.0414391607,0.05327256011,0.05996105919,0.05701173344,0.0480964885,0.001609425533,0.002000935443,0.002232228582,0.00224297153,0.0194766895,0.002413989292,0.004710464857,0.00781123839,0.01017151719,0.01132436803,0.001400296637,0.001803080686,0.002083308925,0.002162220263,0.0229244916,0.004615140397,0.01044465574,0.01987615665,0.03002097311,0.03830862296,0.02933969867,0.02443506463,0.01826058693,0.01267594749,0.04173777404,0.005906511563,0.009491909627,0.01314394326,0.01464730948,0.013800629,0.0341381819,0.02736662391,0.01968545499,0.01319195932,0.03495417158,0.002917747423,0.003990329776,0.004756897757,0.004510708868,0.003663657883,0.0007711326192,0.0006797390597,0.0005376489179,0.0003932993441,0.00467220099,0.0001718622509,0.0003510805688,0.0006074905272,0.0007777419108,0.0008229551161,0.0006627417579,0.0006069242559,0.0004987329379,0.0003779151916,0.005578941237,0.0003479075549,0.0008351252199,0.001678577389,0.002525506921,0.003099988756,5.858769262e-06,1.530674308e-05,3.026735594e-05,4.435136754e-05,0.008880196689,0.0001712611008,0.0006973259249,0.00190358556,0.00301526367,0.003420107695,3.01421334e-08,1.689890876e-07,6.512478658e-07,1.622076327e-06,0.004699615512,2.820198889e-05,0.0001800468813,0.0006713588301,0.001205253565,0.001437091176,8.824359905e-08,5.895238334e-07,2.821179717e-06,8.901401241e-06,0.01002325081,0.0002239958641,0.0009943135628,0.002768650684,0.004218742716,0.004668902353,6.655190583e-08,5.381269539e-07,3.116881024e-06,1.172942039e-05,0.0129540007,0.0003930801952,0.001530558404,0.003773509235,0.005189375091,0.005323459274,3.612429591e-08,3.717467045e-07,2.740350371e-06,1.288339301e-05,0.01601668762,0.0006139120681,0.002025735605,0.0042827357,0.005120042825,0.004719569767,4.801346678e-09,7.924666904e-08,8.990874729e-07,6.067201339e-06,0.0170586097,0.000512594429,0.001526446999,0.002803559738,0.002735663149,0.002059623921,4.220154742e-11,1.827341018e-09,4.651461466e-08,5.760242959e-07,0.01378820162,7.81150993e-05,0.0002353202389,0.0003672394127,0.0002265406768,9.651965618e-05,1.060854995e-09,3.432773033e-08,6.529993534e-07,6.180062938e-06,0.02593175004,0.0002080200377,0.0004307137926,0.0004745364505,0.0002127660301,6.575259713e-05,1.559748255e-08,3.780205644e-07,5.385858526e-06,3.903578821e-05,0.04052663288,0.0003685791424,0.0005657457102,0.0004720567311,0.0001623302096,3.819419577e-05,1.497918799e-09,6.664072703e-08,1.549317344e-06,1.589534156e-05,0.03833650965,8.851792288e-05,9.925360017e-05,5.422306802e-05,9.33812414e-06,9.952923201e-07
112,0.06544104396,0.07631859939,0.07986453397,0.07564741973,0.1748471596,0.07877655514,0.1173023889,0.1513322409,0.1666821112,0.1609767265,0.07508191988,0.08452371467,0.08538177498,0.07827951685,0.1482945176,0.04102278168,0.05261559334,0.05909471058,0.05605825784,0.04719168938,0.001611972805,0.002002606831,0.002232426008,0.00224162469,0.01940320695,0.002380921813,0.004631304309,0.007657501177,0.00993989278,0.01103440784,0.001404987824,0.001808204349,0.00208817002,0.002166251538,0.0228774177,0.004572113611,0.01032513414,0.01960965375,0.02955500897,0.03763973862,0.02941893521,0.02449341661,0.01829848721,0.01269860107,0.04169104363,0.005872579603,0.00942495072,0.01303525981,0.01450704997,0.0136519108,0.03416476492,0.02737225822,0.01967823838,0.01318015586,0.03484957632,0.002887045521,0.003938799247,0.004684929471,0.004431721001,0.003591496945,0.000772316374,0.0006802620717,0.0005376512624,0.0003930235081,0.004654052782,0.0001694508605,0.0003450375154,0.0005952447102,0.0007596031933,0.0008013748036,0.0006650338562,0.0006087163943,0.0004999535303,0.0003786638637,0.005567709513,0.0003446823611,0.0008256225757,0.001656197707,0.002486528705,0.003046166405,5.890721661e-06,1.536893737e-05,3.034830724e-05,4.441321159e-05,0.008835952767,0.0001668807074,0.0006754748865,0.001833815543,0.002885868305,0.00325303733,3.036354258e-08,1.699136727e-07,6.535926995e-07,1.625120592e-06,0.004671097911,2.723032802e-05,0.0001724549362,0.0006382787948,0.001135405267,0.001341834352,8.851388979e-08,5.903505505e-07,2.820458727e-06,8.885525541e-06,0.009951786646,0.000216351987,0.0009535694805,0.00263770417,0.003986561373,0.004377378475,6.66293899e-08,5.378615254e-07,3.110185929e-06,1.168633758e-05,0.0128509308,0.0003789176761,0.001464946319,0.00358794828,0.004893722956,0.004980422126,3.607989884e-08,3.706751263e-07,2.727927397e-06,1.280538736e-05,0.01587253803,0.0005903194746,0.001934068353,0.004061994182,0.004815842921,0.004403556454,4.78345234e-09,7.880442983e-08,8.924066327e-07,6.011774633e-06,0.01687612723,0.0004892549599,0.001445306792,0.002634837746,0.002546317281,0.001899132992,4.164021419e-11,1.798282736e-09,4.565428995e-08,5.639945791e-07,0.01356392816,7.246474022e-05,0.0002158123026,0.0003332320115,0.0002024891567,8.498771463e-05,1.039562059e-09,3.355005894e-08,6.365239537e-07,6.009479669e-06,0.02544484854,0.0001915801201,0.000392156359,0.0004274847377,0.0001887349053,5.743491702e-05,1.519907269e-08,3.673937977e-07,5.220656825e-06,3.774636516e-05,0.03968313682,0.0003374559613,0.0005120741672,0.0004227526905,0.000143107016,3.314610432e-05,1.441013679e-09,6.390272474e-08,1.480879939e-06,1.514805439e-05,0.03734740599,7.883423617e-05,8.716084841e-05,4.699883763e-05,7.929144934e-06,8.276648165e-07
113,0.06559123338,0.07647234873,0.08000303418,0.07575903322,0.1746664132,0.07837026802,0.1165594568,0.150208713,0.1652489092,0.1594189714,0.0751344324,0.08454091289,0.08535682532,0.07822084242,0.14791107,0.04064877335,0.05202677802,0.05831982074,0.05520731696,0.04638582587,0.001614230962,0.002004054266,0.002232526789,0.002240324651,0.01933661762,0.002351309291,0.00456062765,0.007520623562,0.009734289708,0.01077773455,0.001409199436,0.001812787814,0.002092497188,0.002169815926,0.02283438044,0.004533291516,0.01021751302,0.01937014161,0.02913709351,0.03704095644,0.02949011488,0.02454569933,0.01833233367,0.01271875115,0.04164808381,0.005841811525,0.009364311638,0.01293694938,0.01438033704,0.01351771183,0.03418809958,0.02737673578,0.01967124132,0.01316915632,0.03475481199,0.002859482403,0.003892643529,0.004620605699,0.004361286115,0.003527286257,0.0007733647676,0.0006807130074,0.0005376344801,0.0003927595951,0.004637611155,0.0001672922909,0.0003396446954,0.0005843477887,0.0007435122119,0.0007822850056,0.0006670922375,0.0006103202714,0.0005010408096,0.0003793266199,0.005557435273,0.0003417716549,0.0008170639696,0.001636079391,0.00245156037,0.002997971388,5.919363791e-06,1.54242569e-05,3.041926817e-05,4.446541579e-05,0.008795803877,0.0001629979286,0.0006562154238,0.001772642681,0.002773121454,0.003108325241,3.056236693e-08,1.707371444e-07,6.556499311e-07,1.627691477e-06,0.004645246776,2.63765404e-05,0.0001658348705,0.0006096379048,0.001075457641,0.001260770528,8.875146633e-08,5.910445941e-07,2.819526574e-06,8.870253347e-06,0.009887166673,0.0002096356259,0.0009180096537,0.002524133725,0.003786746386,0.004128366194,6.66933118e-08,5.375676121e-07,3.103810061e-06,1.164618475e-05,0.01275782571,0.0003664968452,0.001407789757,0.003427312005,0.004639781274,0.004688003539,3.603606332e-08,3.696678197e-07,2.716421636e-06,1.273366909e-05,0.01574248297,0.000569677027,0.00185440309,0.00387135512,0.004555203067,0.004134865046,4.766665264e-09,7.839511285e-08,8.86270518e-07,5.961120296e-06,0.01671169341,0.0004689716324,0.001375329344,0.002490358779,0.002385666699,0.001764181831,4.112949577e-11,1.771972463e-09,4.487858436e-08,5.531859736e-07,0.01336299627,6.768605233e-05,0.0001994934037,0.0003050716263,0.0001828575896,7.570903477e-05,1.020408269e-09,3.28530283e-08,6.218067668e-07,5.857553234e-06,0.02500978003,0.0001777722815,0.0003601246119,0.0003887916721,0.0001692622053,5.079349999e-05,1.484332157e-08,3.579351949e-07,5.074068297e-06,3.660538574e-05,0.03893103315,0.0003114624642,0.0004677367005,0.0003824351391,0.0001276221606,2.914037879e-05,1.390890205e-09,6.1499548e-08,1.421020031e-06,1.449649031e-05,0.03646986484,7.095744423e-05,7.745588667e-05,4.127303593e-05,6.834176373e-06,6.99970702e-07
114,0.06572429732,0.07660823442,0.08012505723,0.07585698602,0.1745030378,0.07800725488,0.1158963998,0.1492070239,0.1639725627,0.1580331356,0.07518005721,0.08455477605,0.0853330037,0.07816703499,0.1475685684,0.04031735141,0.05150604233,0.05763578628,0.05445763858,0.04567715591,0.001616207923,0.002005293601,0.002232554669,0.002239100307,0.019277143,0.002325140531,0.004498339435,0.007400295059,0.009554034901,0.01055326683,0.001412929625,0.001816834122,0.002096299941,0.002172928789,0.02279564036,0.004498753606,0.01012194535,0.0191578197,0.02876730662,0.03651203351,0.02955319413,0.02459192264,0.01836216726,0.01273644715,0.04160922623,0.005814317126,0.009310186231,0.01284929205,0.01426748385,0.01339831678,0.03420834096,0.02738023532,0.01966462813,0.01315909092,0.03467018646,0.002835069337,0.00385184759,0.004563861068,0.004299279531,0.003470867088,0.0007742817923,0.0006810974495,0.0005376044549,0.0003925127943,0.004622929518,0.0001653854421,0.0003348939736,0.0005747730469,0.000729412889,0.0007656007581,0.0006689158105,0.0006117367361,0.0005019969284,0.0003799060656,0.005548182453,0.0003391816191,0.0008094622617,0.001618240922,0.002420611764,0.002955388733,5.944694765e-06,1.547283282e-05,3.048073244e-05,4.45089819e-05,0.00875990222,0.0001595983539,0.0006394386373,0.001719607472,0.00267592065,0.002984233737,3.073848363e-08,1.714610748e-07,6.574331859e-07,1.629837763e-06,0.004622152186,2.563487476e-05,0.0001601237717,0.0005850875962,0.001024476477,0.001192357362,8.895777451e-08,5.916205324e-07,2.818472467e-06,8.85591163e-06,0.009829565478,0.0002038013632,0.0008873072958,0.002426630374,0.003616396867,0.003917504605,6.674538813e-08,5.372627025e-07,3.097871164e-06,1.160944713e-05,0.0126749083,0.0003557254633,0.001358524054,0.003289634504,0.004423667794,0.004440839619,3.599405459e-08,3.687395289e-07,2.705950528e-06,1.266881169e-05,0.01562678516,0.0005518139074,0.00178588261,0.003708311967,0.004333882352,0.003908282012,4.751222189e-09,7.802284134e-08,8.807266979e-07,5.915554233e-06,0.01656557912,0.000451526336,0.001315557592,0.002367740488,0.002250453879,0.001651515832,4.067193791e-11,1.74850163e-09,4.418916697e-08,5.436096296e-07,0.01318537424,6.367566246e-05,0.0001859327697,0.0002818846267,0.0001669017764,6.826463297e-05,1.003420544e-09,3.223680762e-08,6.088350746e-07,5.724002141e-06,0.02462610305,0.0001662565692,0.000333672734,0.0003571306132,0.0001535390946,4.550169407e-05,1.452987507e-08,3.496252538e-07,4.945637792e-06,3.560822413e-05,0.03826903754,0.0002898937937,0.0004313083124,0.0003496120611,0.0001151856067,2.596654691e-05,1.347267546e-09,5.941470073e-08,1.369251358e-06,1.393459839e-05,0.0357009334,6.457544819e-05,6.968749036e-05,3.674114395e-05,5.982779809e-06,6.024546079e-07
115,0.06584014071,0.076726276,0.08023075641,0.07594153646,0.1743582951,0.07768887017,0.1153154389,0.1483301722,0.1628563996,0.1568223377,0.0752190794,0.08456577952,0.08531093402,0.07811877816,0.1472682378,0.04002877179,0.05105341775,0.05704219203,0.05380822333,0.04506425712,0.00161791061,0.002006339128,0.002232531321,0.00223797821,0.0192249951,0.002302410123,0.004444365285,0.00729626022,0.009398562919,0.0103600886,0.001416176096,0.001820345423,0.002099586397,0.002175603713,0.02276144144,0.004468576805,0.01003858226,0.01897289526,0.02844576578,0.03605281473,0.02960812222,0.02463208779,0.01838802054,0.01275173138,0.04157478022,0.005790200285,0.009262758046,0.0127725534,0.01416878805,0.0132939973,0.03422562726,0.02738291946,0.0196585499,0.01315008015,0.03459599561,0.002813821013,0.003816405481,0.00451464751,0.004245601395,0.003422108594,0.0007750709505,0.000681420438,0.0005375665641,0.0003922878781,0.004610059054,0.0001637296668,0.0003307789228,0.0005664983991,0.0007172580188,0.0007512500157,0.0006705032828,0.0006129663448,0.0005028237113,0.0003804044984,0.005540010877,0.0003369182188,0.0008028300828,0.001602701215,0.002393695474,0.002918409923,5.966710787e-06,1.55147801e-05,3.053314601e-05,4.454482216e-05,0.008728391753,0.0001566697278,0.0006250513042,0.00167431684,0.002593326661,0.002879290515,3.089176356e-08,1.720868507e-07,6.58954836e-07,1.631603979e-06,0.004601899373,2.500040766e-05,0.0001552680102,0.0005643326661,0.0009816780721,0.001135313823,8.913411945e-08,5.920916418e-07,2.817377959e-06,8.842799566e-06,0.009779150257,0.000198810373,0.0008611839188,0.00234408446,0.00347307325,0.003741157416,6.678718435e-08,5.369627876e-07,3.092476974e-06,1.15765687e-05,0.0126023931,0.0003465247144,0.00131666868,0.003173252245,0.004242124696,0.0042344684,3.595503011e-08,3.679037461e-07,2.696621504e-06,1.261133949e-05,0.0155256997,0.0005365843134,0.001727778881,0.003570748814,0.004148331892,0.003719483684,4.737339128e-09,7.769137173e-08,8.758184342e-07,5.875363261e-06,0.0164380494,0.0004367336802,0.001265184314,0.002264989548,0.002137983007,0.001558471127,4.026981346e-11,1.727951262e-09,4.358749967e-08,5.352750522e-07,0.0130310563,6.034835701e-05,0.0001747800766,0.0002629695024,0.000154034808,6.232993134e-05,9.886221384e-10,3.170151904e-08,5.975970039e-07,5.608571493e-06,0.02429347117,0.0001567551329,0.0003120381651,0.0003314454883,0.0001409334558,4.130883739e-05,1.425840492e-08,3.424463694e-07,4.834958892e-06,3.475077743e-05,0.0376960873,0.0002721778775,0.000401648176,0.0003231040772,0.0001052620369,2.346433503e-05,1.309897237e-09,5.763369268e-08,1.32514947e-06,1.345712499e-05,0.0350380881,5.944317577e-05,6.350721785e-05,3.317160647e-05,5.322666209e-06,5.280468625e-07
116,0.06593864922,0.07682646176,0.08032024339,0.07601289582,0.1742333517,0.07741639688,0.1148186854,0.1475810211,0.1619036188,0.1557896017,0.07525174475,0.08457434664,0.08529118074,0.07807669605,0.1470112518,0.03978333775,0.05066905187,0.05653882911,0.05325836468,0.04454604484,0.001619344824,0.002007203411,0.002232476176,0.002236982407,0.01918037666,0.002283119173,0.004398653726,0.00720832202,0.009267420251,0.01019745282,0.001418936008,0.001823322819,0.002102363085,0.002177852282,0.02273201044,0.004442836374,0.009967576256,0.0188155917,0.02817264264,0.03566325851,0.02965483991,0.02466618595,0.01840991638,0.01276463812,0.04154503149,0.005769559284,0.009222201311,0.01270698657,0.01408453522,0.01320501616,0.03424007806,0.02738493325,0.01965314348,0.01314223409,0.03453252334,0.002795756084,0.003786321357,0.004472935766,0.0042001783,0.003380909173,0.0007757351956,0.0006816864159,0.0005375256353,0.0003920891733,0.004599048773,0.0001623248242,0.0003272949607,0.0005595066492,0.0007070095768,0.000739173887,0.0006718531129,0.0006140093072,0.0005035226049,0.0003808238669,0.005532976094,0.0003349872693,0.0007971800941,0.001589480343,0.00237082823,0.002887035003,5.985404016e-06,1.555019407e-05,3.057689976e-05,4.457374873e-05,0.008701408452,0.0001542020557,0.0006129761009,0.001636443371,0.00252455745,0.002792273318,3.10220631e-08,1.72615617e-07,6.602257691e-07,1.633029846e-06,0.004584569013,2.446904225e-05,0.0001512229219,0.0005471281134,0.0009464163701,0.001088592127,8.928164223e-08,5.924697559e-07,2.816316318e-06,8.831187016e-06,0.009736081832,0.0001946303874,0.0008394077383,0.002275574654,0.003354760875,0.003596341135,6.682009787e-08,5.366822446e-07,3.087724742e-06,1.15479512e-05,0.01254048806,0.0003388290272,0.001281823876,0.003076785566,0.004092465873,0.004065235896,3.592003257e-08,3.671726654e-07,2.688531894e-06,1.256172846e-05,0.01543947689,0.000523866878,0.001679486804,0.003456913601,0.003995631788,0.003564938038,4.725210863e-09,7.740409558e-08,8.71584836e-07,5.840807058e-06,0.01632936803,0.000424439471,0.001223541424,0.00218046602,0.002046055641,0.001482895258,3.992515885e-11,1.710394124e-09,4.307490583e-08,5.281911006e-07,0.0129000705,5.763486905e-05,0.0001657538037,0.0002477686846,0.0001437975401,5.765501961e-05,9.760343929e-10,3.124730316e-08,5.880829089e-07,5.511046937e-06,0.02401165088,0.0001490437365,0.0002946126702,0.0003109032733,0.0001309547529,3.802356648e-05,1.402864203e-08,3.363836967e-07,4.741686554e-06,3.402955645e-05,0.0372113725,0.0002578557908,0.0003778519195,0.0003019866683,9.743875604e-05,2.151222782e-05,1.278567009e-09,5.614418291e-08,1.288354083e-06,1.305962493e-05,0.03447926761,5.536963961e-05,5.864754992e-05,3.038909273e-05,4.815094881e-06,4.716229485e-07
117,0.06601968623,0.07690874458,0.08039358321,0.07607122309,0.1741292736,0.07719104994,0.1144081512,0.1469623194,0.1611173244,0.1549378997,0.07527825618,0.08458084438,0.0852742445,0.07804134946,0.1467987329,0.03958140677,0.05035322096,0.05612571263,0.05280766885,0.0441217905,0.001620515125,0.002007897135,0.002232406244,0.002236134266,0.0191434812,0.002267276008,0.004361177975,0.007136345246,0.009160269758,0.01006478577,0.001421205877,0.001825766212,0.002104634737,0.002179683844,0.02270755619,0.004421606757,0.009909084262,0.0186861565,0.02794817849,0.03534346068,0.02969327803,0.0246941969,0.01842786687,0.0127751927,0.04152024075,0.005752487065,0.009188681809,0.01265283422,0.01401500194,0.01313163113,0.03425179263,0.0273864028,0.01964853047,0.01313565183,0.03448004154,0.00278089769,0.003761610474,0.004438716849,0.004162964895,0.00334719786,0.0007762768725,0.000681899174,0.0005374859038,0.0003919205316,0.004589945547,0.0001611713307,0.0003244394855,0.0005537857511,0.0006986390449,0.0007293269135,0.0006729634636,0.0006148654347,0.0005040946291,0.0003811657297,0.005527129191,0.0003333945002,0.0007925252281,0.001578600199,0.002352032221,0.002861274535,6.000761469e-06,1.557914698e-05,3.061232238e-05,4.459646357e-05,0.008679080518,0.0001521877089,0.0006031518656,0.001605724884,0.002468983485,0.002722197565,3.112921621e-08,1.730482224e-07,6.612551651e-07,1.634149743e-06,0.004570237498,2.403751043e-05,0.0001479525642,0.0005332765891,0.0009181724987,0.001051354992,8.940129722e-08,5.927651178e-07,2.815351908e-06,8.821313019e-06,0.00970051557,0.0001912356944,0.0008217924631,0.002220359151,0.00325984042,0.003480666832,6.684534169e-08,5.364337227e-07,3.08370075e-06,1.152395317e-05,0.01248939609,0.0003325859704,0.00125366804,0.002999123766,0.003972534112,0.003930219981,3.588998313e-08,3.665571375e-07,2.681768819e-06,1.25204069e-05,0.01536836494,0.0005135642584,0.001640519267,0.003365396455,0.003873439931,0.003441825274,4.715010439e-09,7.716404074e-08,8.680609965e-07,5.812119921e-06,0.0162398018,0.0004145195017,0.001190091275,0.002112854379,0.001972918704,0.001423083655,3.963980733e-11,1.695896677e-09,4.265263254e-08,5.223668888e-07,0.01279248616,5.548009513e-05,0.0001586319676,0.0002358464147,0.0001358358508,5.404975033e-05,9.656783138e-10,3.087437781e-08,5.802866074e-07,5.431267091e-06,0.02378053849,0.0001429449713,0.0002809195193,0.0002948570171,0.0001232272377,3.55013448e-05,1.384040636e-08,3.314259172e-07,4.665548302e-06,3.344176582e-05,0.03681436521,0.0002465661612,0.0003592142694,0.0002855455603,9.140141626e-05,2.001899384e-05,1.253104095e-09,5.493610216e-08,1.258571043e-06,1.273847041e-05,0.03402290419,5.22080165e-05,5.490544084e-05,2.826211658e-05,4.431561052e-06,4.294845369e-07
118,0.06608309004,0.0769730379,0.08045078936,0.07611661978,0.1740470205,0.07701397895,0.1140857578,0.1464767205,0.1605005554,0.1542701914,0.07529877,0.08458557912,0.08526055781,0.07801323202,0.1466317506,0.03942339709,0.05010634216,0.05580309924,0.0524560748,0.04379114037,0.001621424711,0.002008428936,0.002232335932,0.002235452305,0.01911449314,0.002254896863,0.004331937727,0.007080259928,0.009076895406,0.009961691957,0.00142298148,0.001827674152,0.002106404092,0.002181105291,0.02268826884,0.004404962341,0.009863270339,0.01858486838,0.02777269858,0.03509367676,0.02972335622,0.02471608764,0.01844187205,0.01278341059,0.04150064235,0.005739071452,0.009162357627,0.01261033018,0.01396045853,0.01307409842,0.03426084816,0.02738743382,0.01964481619,0.01313042074,0.03443880997,0.002769273958,0.00374230017,0.00441200352,0.004133945527,0.003320935785,0.0007766976592,0.0006820617967,0.0005374509697,0.0003917852997,0.004582794127,0.000160270211,0.0003222120106,0.0005493290765,0.0006921277656,0.0007216774048,0.0006738321565,0.0006155340897,0.0005045403284,0.0003814312158,0.005522516609,0.0003321456117,0.0007888789084,0.00157008511,0.002337336307,0.00284115142,6.012763977e-06,1.560168476e-05,3.063967352e-05,4.461354838e-05,0.008661528521,0.0001506215327,0.0005955339251,0.001581964452,0.002426124585,0.002668307165,3.121302698e-08,1.733851674e-07,6.620502821e-07,1.634992196e-06,0.004558977145,2.37033797e-05,0.0001454295562,0.0005226264971,0.0008965466898,0.001022957935,8.949383021e-08,5.929862366e-07,2.814539586e-06,8.813384266e-06,0.009672602191,0.000188607176,0.0008081965231,0.00217786921,0.003187065238,0.003392294917,6.686392828e-08,5.362280307e-07,3.080479814e-06,1.150488881e-05,0.01244931656,0.0003277562431,0.001231955939,0.002939413984,0.003880668117,0.003827171219,3.586567454e-08,3.660666214e-07,2.676409046e-06,1.248775578e-05,0.0153126123,0.0005056029238,0.0016105036,0.003295113282,0.00377995239,0.003347976027,4.706888604e-09,7.69738709e-08,8.652781009e-07,5.789512259e-06,0.01616962436,0.0004068786883,0.001164420033,0.002061141047,0.001917223978,0.001377730305,3.941541825e-11,1.684520805e-09,4.232190582e-08,5.178125861e-07,0.01270842077,5.384170704e-05,0.0001532449495,0.0002268717611,0.0001298834442,5.137264799e-05,9.575759795e-10,3.05830904e-08,5.742064822e-07,5.36913463e-06,0.02360017592,0.000138322988,0.0002705959237,0.0002828176583,0.0001174698513,3.363526479e-05,1.369363344e-08,3.275659239e-07,4.606354228e-06,3.298537581e-05,0.03650484723,0.000238033113,0.0003452004481,0.0002732429197,8.691592939e-05,1.891748106e-05,1.233378179e-09,5.400176331e-08,1.235574174e-06,1.249086049e-05,0.03366795419,4.984817393e-05,5.213011494e-05,2.66939855e-05,4.151430232e-06,3.989976018e-07
119,0.06612867098,0.07701921171,0.08049181896,0.07614912483,0.1739874401,0.07688626997,0.1138533431,0.1461267973,0.1600563122,0.1537894581,0.07531339237,0.08458879224,0.08525048054,0.07799276614,0.1465113214,0.03930979411,0.04992898541,0.05557150454,0.05220387463,0.04355413525,0.001622075296,0.002008805254,0.002232276867,0.002234952016,0.01909358768,0.00224600655,0.004310960932,0.007040064895,0.009017207412,0.009887959944,0.00142425776,0.001829043695,0.002107671702,0.002182120836,0.02267431902,0.004392978133,0.009830308188,0.01851204398,0.02764662536,0.03491434266,0.02974498158,0.02473181111,0.01845191882,0.01278929651,0.04148644278,0.005729395296,0.00914337976,0.01257970087,0.0139211715,0.01303267577,0.03426729808,0.02738811015,0.01964208866,0.01312661585,0.03440907602,0.002760918493,0.003728430826,0.004392831752,0.004113135933,0.003302117719,0.0007769985093,0.0006821766079,0.0005374237543,0.000391686288,0.004577637148,0.0001596231469,0.0003206143,0.0005461356946,0.0006874673324,0.0007162078484,0.0006744566288,0.0006160141361,0.0005048597254,0.0003816209855,0.005519179926,0.0003312463259,0.0007862552474,0.001563962396,0.002326777133,0.00282670258,6.021385195e-06,1.561782392e-05,3.065913708e-05,4.462545485e-05,0.008648865471,0.0001495009592,0.000590094512,0.001565030951,0.002395648496,0.002630068732,3.127326267e-08,1.736265551e-07,6.626162509e-07,1.635579371e-06,0.004550856356,2.346506585e-05,0.0001436350151,0.0005150707841,0.00088125259,0.001002936405,8.955975728e-08,5.931397464e-07,2.813924085e-06,8.807573508e-06,0.00965248845,0.0001867323962,0.0007985227921,0.002147705189,0.003135545683,0.003329902642,6.687665386e-08,5.360740221e-07,3.078124765e-06,1.149102669e-05,0.01242044643,0.0003243137761,0.001216517845,0.002897054065,0.00381567938,0.003754470077,3.584776416e-08,3.657091317e-07,2.672518782e-06,1.246410878e-05,0.01527246982,0.0004999331763,0.001589179559,0.003245294842,0.003713875281,0.003281826412,4.700973162e-09,7.683588267e-08,8.632634945e-07,5.773171748e-06,0.01611911976,0.0004014505848,0.001146233198,0.002024598406,0.001877998514,0.001345891393,3.925350159e-11,1.676325294e-09,4.20839785e-08,5.14540118e-07,0.01264804642,5.268913328e-05,0.0001494702017,0.0002206061026,0.0001257492707,4.952288222e-05,9.517517648e-10,3.037396395e-08,5.698464579e-07,5.324626197e-06,0.02347076566,0.0001350796129,0.0002633800798,0.0002744333193,0.0001134815974,3.234943386e-05,1.358839805e-08,3.24801434e-07,4.56400607e-06,3.265918841e-05,0.03628293668,0.0002320573685,0.0003354251151,0.0002646925971,8.381536444e-05,1.816017992e-05,1.219304137e-09,5.333596836e-08,1.219207211e-06,1.231483386e-05,0.03341392859,4.821121609e-05,5.021425334e-05,2.561633484e-05,3.960279371e-06,3.783436085e-07
120,0.06615620884,0.07704708876,0.08051656802,0.07616870962,0.1739512616,0.07680894649,0.1137126667,0.1459150552,0.159787578,0.1534987318,0.0753221756,0.08459065578,0.08524429544,0.07798029889,0.1464384066,0.03924115643,0.04982188517,0.0554317205,0.05205173445,0.04341123123,0.001622466997,0.002009030165,0.002232237713,0.002234645682,0.01908093074,0.002240639115,0.004298305595,0.007015831496,0.008981247925,0.009843569189,0.001425028747,0.001829870261,0.002108435747,0.002182731798,0.02266585694,0.004385730328,0.009810383325,0.01846804377,0.02757049057,0.03480609383,0.02975804749,0.02474130487,0.01845797983,0.01279284358,0.04147781916,0.005723536547,0.009131892543,0.01256116642,0.01389740546,0.01300762497,0.03427117034,0.02738849234,0.01964041745,0.01312429909,0.03439107445,0.002755870845,0.003720056818,0.004381262221,0.004100585002,0.003290773738,0.0007771795948,0.0006822451166,0.0005374064562,0.0003916257395,0.0045745151,0.0001592325257,0.0003196505069,0.0005442106675,0.0006846600295,0.0007129154071,0.0006748338926,0.0006163038922,0.0005050522756,0.0003817351916,0.005517155632,0.0003307024282,0.0007846692195,0.001560262869,0.002320400144,0.002817980509,6.026590682e-06,1.562754859e-05,3.067081477e-05,4.4632495e-05,0.008641196786,0.0001488261302,0.0005868232939,0.001554860254,0.002377371393,0.002607169421,3.130964738e-08,1.737720451e-07,6.629558789e-07,1.635926586e-06,0.004545939706,2.332185282e-05,0.0001425585995,0.0005105464679,0.0008721140103,0.0009909976728,8.959934447e-08,5.932302673e-07,2.813539394e-06,8.804017866e-06,0.009640317658,0.000185605748,0.0007927188628,0.002129635262,0.003104740645,0.003292664221,6.688408273e-08,5.359784794e-07,3.076685887e-06,1.148258818e-05,0.01240298134,0.0003222459634,0.001207259688,0.002871689658,0.003776839126,0.003711100269,3.583676658e-08,3.654911789e-07,2.670153396e-06,1.244975177e-05,0.01524819252,0.0004965294356,0.001576398964,0.003215481544,0.003674408189,0.003242389491,4.6973682e-09,7.675199956e-08,8.620407025e-07,5.763264068e-06,0.01608858542,0.0003981973124,0.001135353353,0.002002775314,0.001854625609,0.001326961126,3.915543708e-11,1.671367043e-09,4.194017029e-08,5.125637635e-07,0.01261159577,5.200289444e-05,0.0001472286871,0.0002168946017,0.0001233089059,4.843477491e-05,9.482333795e-10,3.02477369e-08,5.672168607e-07,5.297801276e-06,0.02339268496,0.0001331517573,0.0002591023693,0.0002694751408,0.0001111315198,3.159445955e-05,1.352493491e-08,3.231355412e-07,4.53850554e-06,3.246289943e-05,0.03614911371,0.0002285102457,0.0003296379937,0.0002596431657,8.19909787e-05,1.771620261e-05,1.210844696e-09,5.293611909e-08,1.209386048e-06,1.220928728e-05,0.0332609242,4.724574591e-05,4.908796722e-05,2.498472822e-05,3.848780349e-06,3.663542829e-07
121,0.06616545026,0.07705644079,0.08052486693,0.07617527306,0.1739390896,0.07678296915,0.1136654128,0.1458439402,0.1596973357,0.1534011182,0.07532511453,0.08459126802,0.08524220337,0.07797609762,0.1464139105,0.03921812162,0.04978595192,0.05538483313,0.05200071613,0.04336332192,0.001622598219,0.002009105229,0.002232223987,0.002234542188,0.01907667865,0.002238838479,0.004294061608,0.007007707549,0.008969197362,0.009828698189,0.001425287468,0.001830147505,0.002108691849,0.002182936394,0.02266301135,0.004383296771,0.009803694948,0.01845327724,0.02754494609,0.03476978299,0.02976243242,0.02474448993,0.01846001235,0.01279403243,0.04147491755,0.005721568234,0.009128033887,0.01255494144,0.01388942464,0.01299921394,0.03427246569,0.02738861612,0.01963985266,0.01312351856,0.03438502691,0.00275417696,0.003717247464,0.004377381825,0.004096376624,0.003286971034,0.0007772402511,0.0006822679626,0.0005374005063,0.0003916052965,0.004573466282,0.0001591014886,0.0003193273157,0.0005435653678,0.0006837193296,0.0007118125222,0.0006749604963,0.0006164010864,0.0005051168232,0.0003817734428,0.005516474873,0.0003305198018,0.0007841368074,0.001559021268,0.002318260497,0.002815054701,6.028337071e-06,1.56308077e-05,3.06747199e-05,4.463483166e-05,0.008638620164,0.0001486000306,0.000585728039,0.001551457133,0.002371260516,0.002599518687,3.132185652e-08,1.738208113e-07,6.630694639e-07,1.636041833e-06,0.004544287962,2.327392091e-05,0.0001421986715,0.0005090349579,0.0008690642081,0.0009870175119,8.961258835e-08,5.932602688e-07,2.813408123e-06,8.802817008e-06,0.009636230052,0.0001852286682,0.0007907779362,0.002123597023,0.003094456611,0.003280243832,6.688653187e-08,5.359459935e-07,3.076200297e-06,1.147974554e-05,0.01239711633,0.0003215540417,0.001204164322,0.002863215844,0.00376387569,0.003696638432,3.583304597e-08,3.654177023e-07,2.669357051e-06,1.244492178e-05,0.01524004107,0.0004953908206,0.001572127144,0.003205524317,0.003661239511,0.003229243221,4.696153151e-09,7.672376193e-08,8.61629391e-07,5.759933168e-06,0.01607833473,0.0003971099419,0.001131720287,0.001995494347,0.001846836359,0.001320659352,3.912248702e-11,1.669701952e-09,4.18918994e-08,5.119006462e-07,0.0125993675,5.177428832e-05,0.0001464829719,0.0002156613799,0.0001224994712,4.807449747e-05,9.470527122e-10,3.020539658e-08,5.663351661e-07,5.288810146e-06,0.0233664993,0.0001325100759,0.0002576804494,0.0002678290793,0.0001103527254,3.134471796e-05,1.350365694e-08,3.225772117e-07,4.529962098e-06,3.239715854e-05,0.03610424553,0.0002273304082,0.0003277156666,0.0002579679633,8.138683127e-05,1.756944901e-05,1.208013136e-09,5.280233772e-08,1.206101464e-06,1.217400181e-05,0.0332096562,4.692564855e-05,4.87151656e-05,2.4775985e-05,3.812019007e-06,3.624110322e-07
