round,Step,A1,A2,A3,A4,A5,A6,B1,B2,B3,B4,B5,B6
1,0,-30.29106333,-21.77316453,21.21720257,-0.0001373749966,0.5560457946,0.0001099141608,-30.00139617,-23.19392394,-6.099128073,-0.0002681067767,29.2925377,0.0003295849811
1,1,-30.2788442,-21.77316451,21.21720254,-0.0001373787599,0.5560457812,0.0001099233096,-29.98916938,-23.19392379,-6.099127987,-0.0002681060085,29.29253757,0.0003295662885
1,2,-30.2424576,-21.77316445,21.21720247,-0.0001373899664,0.5560457413,0.0001099505532,-29.95275996,-23.19392334,-6.099127731,-0.0002681037211,29.29253717,0.0003295106251
1,3,-30.18230971,-21.77316435,21.21720235,-0.0001374084911,0.5560456754,0.0001099955876,-29.89257435,-23.1939226,-6.099127307,-0.0002680999398,29.29253652,0.0003294186123
1,4,-30.0988067,-21.7731642,21.21720218,-0.0001374342088,0.556045584,0.0001100581085,-29.80901897,-23.19392157,-6.099126718,-0.0002680946904,29.29253561,0.0003292908713
1,5,-29.99235475,-21.77316402,21.21720196,-0.0001374669945,0.5560454674,0.000110137812,-29.70250027,-23.19392025,-6.099125968,-0.0002680879982,29.29253445,0.0003291280235
1,6,-29.86336003,-21.7731638,21.2172017,-0.000137506723,0.5560453261,0.0001102343939,-29.57342465,-23.19391866,-6.099125058,-0.0002680798889,29.29253304,0.0003289306904
1,7,-29.71222872,-21.77316353,21.21720139,-0.0001375532693,0.5560451605,0.00011034755,-29.42219857,-23.1939168,-6.099123993,-0.0002680703879,29.2925314,0.0003286994932
1,8,-29.53936699,-21.77316324,21.21720104,-0.0001376065082,0.5560449712,0.0001104769762,-29.24922844,-23.19391467,-6.099122774,-0.0002680595209,29.29252951,0.0003284350533
1,9,-29.34518103,-21.7731629,21.21720065,-0.0001376663147,0.5560447584,0.0001106223686,-29.0549207,-23.19391227,-6.099121405,-0.0002680473133,29.2925274,0.000328137992
1,10,-29.130077,-21.77316253,21.21720021,-0.0001377325636,0.5560445228,0.0001107834228,-28.83968179,-23.19390962,-6.099119889,-0.0002680337907,29.29252506,0.0003278089308
1,11,-28.89446109,-21.77316212,21.21719973,-0.0001378051299,0.5560442647,0.0001109598348,-28.60391812,-23.19390671,-6.099118228,-0.0002680189786,29.29252249,0.000327448491
1,12,-28.63873947,-21.77316168,21.21719922,-0.0001378838885,0.5560439846,0.0001111513006,-28.34803613,-23.19390356,-6.099116425,-0.0002680029025,29.29251971,0.0003270572939
1,13,-28.36331831,-21.7731612,21.21719866,-0.0001379687143,0.5560436829,0.0001113575159,-28.07244226,-23.19390016,-6.099114484,-0.000267985588,29.29251671,0.000326635961
1,14,-28.06860379,-21.77316069,21.21719806,-0.0001380594821,0.5560433601,0.0001115781766,-27.77754293,-23.19389653,-6.099112406,-0.0002679670606,29.2925135,0.0003261851134
1,15,-27.75500209,-21.77316015,21.21719742,-0.0001381560669,0.5560430166,0.0001118129787,-27.46374457,-23.19389266,-6.099110195,-0.0002679473459,29.29251008,0.0003257053728
1,16,-27.42291939,-21.77315958,21.21719675,-0.0001382583436,0.5560426528,0.0001120616181,-27.13145361,-23.19388856,-6.099107854,-0.0002679264693,29.29250646,0.0003251973603
1,17,-27.07276185,-21.77315897,21.21719604,-0.0001383661871,0.5560422692,0.0001123237906,-26.78107649,-23.19388425,-6.099105386,-0.0002679044565,29.29250265,0.0003246616973
1,18,-26.70493566,-21.77315834,21.21719529,-0.0001384794722,0.5560418663,0.000112599192,-26.41301963,-23.19387971,-6.099102793,-0.0002678813329,29.29249864,0.0003240990052
1,19,-26.31984699,-21.77315767,21.21719451,-0.000138598074,0.5560414445,0.0001128875184,-26.02768947,-23.19387496,-6.099100078,-0.0002678571241,29.29249445,0.0003235099054
1,20,-25.91790201,-21.77315698,21.21719369,-0.0001387218673,0.5560410042,0.0001131884655,-25.62549244,-23.19387,-6.099097245,-0.0002678318556,29.29249007,0.0003228950192
1,21,-25.49950691,-21.77315626,21.21719284,-0.0001388507269,0.5560405459,0.0001135017293,-25.20683496,-23.19386484,-6.099094295,-0.000267805553,29.29248551,0.000322254968
1,22,-25.06506786,-21.77315551,21.21719196,-0.0001389845279,0.55604007,0.0001138270056,-24.77212347,-23.19385948,-6.099091232,-0.0002677782418,29.29248078,0.0003215903731
1,23,-24.61499103,-21.77315473,21.21719105,-0.0001391231451,0.556039577,0.0001141639904,-24.3217644,-23.19385393,-6.09908806,-0.0002677499475,29.29247588,0.0003209018559
1,24,-24.14968261,-21.77315392,21.2171901,-0.0001392664534,0.5560390673,0.0001145123794,-23.85616418,-23.19384819,-6.099084779,-0.0002677206956,29.29247081,0.0003201900377
1,25,-23.66954876,-21.7731531,21.21718913,-0.0001394143277,0.5560385414,0.0001148718687,-23.37572924,-23.19384227,-6.099081395,-0.0002676905117,29.29246558,0.00031945554
1,26,-23.17499566,-21.77315224,21.21718812,-0.0001395666429,0.5560379996,0.000115242154,-22.88086601,-23.19383617,-6.099077908,-0.0002676594214,29.2924602,0.000318698984
1,27,-22.6664295,-21.77315136,21.21718709,-0.000139723274,0.5560374426,0.0001156229313,-22.37198092,-23.1938299,-6.099074323,-0.0002676274501,29.29245466,0.0003179209911
1,28,-22.14425643,-21.77315046,21.21718603,-0.0001398840958,0.5560368706,0.0001160138965,-21.8494804,-23.19382346,-6.099070642,-0.0002675946235,29.29244897,0.0003171221827
1,29,-21.60888265,-21.77314954,21.21718494,-0.0001400489832,0.5560362841,0.0001164147454,-21.31377089,-23.19381685,-6.099066868,-0.0002675609669,29.29244314,0.0003163031802
1,30,-21.06071433,-21.77314859,21.21718383,-0.0001402178111,0.5560356837,0.0001168251739,-20.76525881,-23.19381009,-6.099063003,-0.000267526506,29.29243717,0.0003154646049
1,31,-20.50015764,-21.77314762,21.21718269,-0.0001403904545,0.5560350696,0.000117244878,-20.20435059,-23.19380318,-6.099059052,-0.0002674912663,29.29243106,0.0003146070781
1,32,-19.92761876,-21.77314663,21.21718153,-0.0001405667882,0.5560344425,0.0001176735534,-19.63145267,-23.19379612,-6.099055016,-0.0002674552734,29.29242483,0.0003137312213
1,33,-19.34350386,-21.77314562,21.21718034,-0.0001407466872,0.5560338026,0.0001181108961,-19.04697147,-23.19378891,-6.099050898,-0.0002674185527,29.29241846,0.0003128376557
1,34,-18.74821912,-21.77314459,21.21717914,-0.0001409300263,0.5560331506,0.0001185566019,-18.45131343,-23.19378157,-6.099046701,-0.0002673811298,29.29241198,0.0003119270028
1,35,-18.14217072,-21.77314355,21.2171779,-0.0001411166805,0.5560324867,0.0001190103668,-17.84488498,-23.1937741,-6.099042429,-0.0002673430303,29.29240538,0.0003109998838
1,36,-17.52576483,-21.77314248,21.21717665,-0.0001413065247,0.5560318115,0.0001194718867,-17.22809254,-23.19376649,-6.099038084,-0.0002673042796,29.29239867,0.0003100569202
1,37,-16.89940763,-21.7731414,21.21717538,-0.0001414994337,0.5560311254,0.0001199408573,-16.60134255,-23.19375877,-6.099033668,-0.0002672649033,29.29239184,0.0003090987333
1,38,-16.2635053,-21.7731403,21.21717409,-0.0001416952824,0.5560304288,0.0001204169747,-15.96504144,-23.19375093,-6.099029185,-0.000267224927,29.29238492,0.0003081259445
1,39,-15.618464,-21.77313919,21.21717278,-0.0001418939458,0.5560297222,0.0001208999347,-15.31959564,-23.19374297,-6.099024638,-0.0002671843761,29.29237789,0.0003071391752
1,40,-14.96468993,-21.77313806,21.21717145,-0.0001420952988,0.5560290061,0.0001213894331,-14.66541158,-23.19373491,-6.099020029,-0.0002671432763,29.29237077,0.0003061390466
1,41,-14.30258924,-21.77313691,21.21717011,-0.0001422992163,0.5560282808,0.0001218851659,-14.00289569,-23.19372674,-6.099015362,-0.000267101653,29.29236356,0.0003051261801
1,42,-13.99035498,-21.76931719,21.20784011,-0.0002619680229,0.5551941361,-1.211856886e-05,-13.66201775,-23.17246351,-6.092462533,-0.0006627383534,29.29165478,0.0001703194153
1,43,-13.71018222,-21.75826319,21.18087052,-0.0006002172252,0.552787553,-0.0003926195413,-13.29889875,-23.11098685,-6.073509411,-0.001804568581,29.28961922,-0.0002110865597
1,44,-13.46062237,-21.74058095,21.13778996,-0.001126214746,0.5489512276,-0.0009866139764,-12.91594882,-23.01275412,-6.04320709,-0.003624910527,29.28638228,-0.0008060789984
1,45,-13.24022684,-21.71687652,21.08012707,-0.001809128508,0.5438278559,-0.001761098099,-12.51557808,-22.88122268,-6.002606664,-0.006056082379,29.28206938,-0.001581645154
1,46,-13.04754703,-21.68775592,21.00941047,-0.002618126434,0.5375601342,-0.002683068135,-12.10019666,-22.7198499,-5.952759226,-0.009030402327,29.27680593,-0.002504772281
1,47,-12.88113437,-21.65382521,20.92716877,-0.003522376447,0.5302907586,-0.003719520308,-11.67221467,-22.53209315,-5.894715871,-0.01248018856,29.27071735,-0.003542447633
1,48,-12.73954024,-21.61569042,20.83493061,-0.004491046468,0.5221624251,-0.004837450844,-11.23404226,-22.32140978,-5.829527693,-0.01633775927,29.26392904,-0.004661658462
1,49,-12.62131606,-21.57395759,20.73422461,-0.005493304423,0.5133178299,-0.006003855968,-10.78808953,-22.09125717,-5.758245785,-0.02053543265,29.25656643,-0.005829392023
1,50,-12.52501325,-21.52923277,20.62657939,-0.006498318231,0.503899669,-0.007185731905,-10.33676662,-21.84509268,-5.681921241,-0.02500552688,29.24875492,-0.007012635569
1,51,-12.44918319,-21.48212199,20.51352359,-0.007475255818,0.4940506387,-0.008350074879,-9.882483648,-21.58637367,-5.601605156,-0.02968036015,29.24061992,-0.008178376354
1,52,-12.39237732,-21.43323129,20.39658581,-0.008393285105,0.4839134351,-0.009463881117,-9.42765074,-21.31855751,-5.518348623,-0.03449225066,29.23228685,-0.009293601631
1,53,-12.35314702,-21.38316672,20.27729469,-0.009221574014,0.4736307542,-0.01049414684,-8.97467802,-21.04510156,-5.433202736,-0.03937351659,29.22388113,-0.01032529865
1,54,-12.33004371,-21.33253431,20.15717886,-0.00992929047,0.4633452922,-0.01140786828,-8.525975613,-20.76946319,-5.34721859,-0.04425647614,29.21552816,-0.01124045468
1,55,-12.32138927,-21.28508906,20.0451679,-0.01046159396,0.453822678,-0.01213471846,-8.111710859,-20.51213254,-5.26678372,-0.04877372868,29.20785118,-0.01196864311
1,56,-12.32226444,-21.23771909,19.93388771,-0.01087473428,0.4444234959,-0.0127422541,-7.703581139,-20.25623704,-5.186643562,-0.05320915653,29.20032788,-0.01257750732
1,57,-12.32933894,-21.19046621,19.82345237,-0.0111821952,0.4351485968,-0.01324218112,-7.301868691,-20.00209484,-5.106906363,-0.05753874787,29.19295582,-0.01307874855
1,58,-12.33928252,-21.14337222,19.71397594,-0.01139746049,0.425998832,-0.01364620544,-6.906855755,-19.7500241,-5.027680368,-0.0617384909,29.1857326,-0.01348406804
1,59,-12.34876488,-21.09647894,19.60557251,-0.01153401393,0.4169750525,-0.013966033,-6.518824568,-19.50034298,-4.949073825,-0.06578437379,29.17865579,-0.01380516701
1,60,-12.35445578,-21.04982818,19.49835614,-0.01160533928,0.4080781094,-0.01421336972,-6.13805737,-19.25336963,-4.87119498,-0.06965238475,29.17172297,-0.0140537467
1,61,-12.35302492,-21.00346175,19.3924409,-0.01162492032,0.399308854,-0.01439992153,-5.7648364,-19.0094222,-4.794152078,-0.07331851195,29.16493172,-0.01424150834
1,62,-12.34114205,-20.95742144,19.28794087,-0.01160624082,0.3906681372,-0.01453739435,-5.399443897,-18.76881887,-4.718053367,-0.07675874359,29.15827961,-0.01438015318
1,63,-12.31547688,-20.91174908,19.18497012,-0.01156278455,0.3821568102,-0.0146374941,-5.042162099,-18.53187778,-4.643007092,-0.07994906786,29.15176423,-0.01448138244
1,64,-12.27269916,-20.86648647,19.08364273,-0.01150803528,0.3737757242,-0.01471192672,-4.693273245,-18.29891709,-4.5691215,-0.08286547294,29.14538316,-0.01455689737
1,65,-12.20947859,-20.82167542,18.98407276,-0.01145547679,0.3655257302,-0.01477239813,-4.353059575,-18.07025495,-4.496504838,-0.08548394703,29.13913396,-0.01461839918
1,66,-12.12248493,-20.77735773,18.8863743,-0.01141859283,0.3574076794,-0.01483061426,-4.021803327,-17.84620953,-4.425265351,-0.08778047831,29.13301424,-0.01467758913
1,67,-12.00838788,-20.73357523,18.7906614,-0.01141086719,0.3494224229,-0.01489828103,-3.69978674,-17.62709898,-4.355511285,-0.08973105497,29.12702155,-0.01474616843
1,68,-11.85353995,-20.68740381,18.690642,-0.01144691354,0.3410339056,-0.01499165784,-3.365888802,-17.39860919,-4.282683727,-0.09141431125,29.12075349,-0.01484044932
1,69,-11.66524756,-20.64196552,18.59313905,-0.01152892872,0.3328103931,-0.01510745358,-3.042489028,-17.17636482,-4.211758298,-0.09269021249,29.11463593,-0.01495707666
1,70,-11.44486099,-20.59733382,18.49826846,-0.01165412889,0.3247640935,-0.01524389893,-2.729199198,-16.96060552,-4.142815088,-0.09357438597,29.10867689,-0.01509428403
1,71,-11.19373055,-20.55358219,18.40614616,-0.01181973023,0.3169072149,-0.01539922451,-2.425631095,-16.75157094,-4.075934188,-0.09408245898,29.10288438,-0.01525030503
1,72,-10.91320653,-20.51078409,18.31688808,-0.0120229489,0.3092519656,-0.01557166099,-2.131396502,-16.54950072,-4.011195687,-0.0942300588,29.09726643,-0.01542337325
1,73,-10.60463923,-20.46901297,18.23061012,-0.01226100107,0.3018105536,-0.01575943901,-1.846107201,-16.3546345,-3.948679675,-0.0940328127,29.09183105,-0.01561172226
1,74,-10.26937895,-20.42834231,18.14742822,-0.0125311029,0.294595187,-0.01596078923,-1.569374974,-16.16721194,-3.888466243,-0.09350634797,29.08658625,-0.01581358566
1,75,-9.908775974,-20.38884557,18.0674583,-0.01283047058,0.287618074,-0.01617394231,-1.300811603,-15.98747267,-3.83063548,-0.09266629189,29.08154007,-0.01602719704
1,76,-9.524180613,-20.35059622,17.99081628,-0.01315632025,0.2808914227,-0.01639712888,-1.040028871,-15.81565634,-3.775267476,-0.09152827173,29.07670051,-0.01625078998
1,77,-9.116943159,-20.31366772,17.91761808,-0.01350586809,0.2744274412,-0.01662857961,-0.7866385595,-15.65200259,-3.722442321,-0.09010791479,29.0720756,-0.01648259807
1,78,-8.68841391,-20.27813353,17.84797963,-0.01387633027,0.2682383376,-0.01686652515,-0.5402524517,-15.49675107,-3.672240104,-0.08842084833,29.06767335,-0.0167208549
1,79,-8.239943162,-20.24406712,17.78201684,-0.01426492295,0.26233632,-0.01710919614,-0.3004823294,-15.35014143,-3.624740917,-0.08648269965,29.06350179,-0.01696379406
1,80,-7.772881213,-20.21154196,17.71984564,-0.01466886231,0.2567335966,-0.01735482324,-0.06693997494,-15.21241331,-3.580024849,-0.08430909603,29.05956893,-0.01720964912
1,81,-7.28857836,-20.1806315,17.66158195,-0.0150853645,0.2514423756,-0.0176016371,0.1607628294,-15.08380635,-3.538171989,-0.08191566473,29.05588279,-0.01745665369
1,82,-6.788384899,-20.15140922,17.60734169,-0.0155116457,0.2464748649,-0.01784786838,0.3830143012,-14.9645602,-3.499262428,-0.07931803305,29.05245138,-0.01770304135
1,83,-6.273651128,-20.12394858,17.55724079,-0.01594492208,0.2418432728,-0.01809174772,0.6002026583,-14.8549145,-3.463376256,-0.07653182826,29.04928274,-0.01794704568
1,84,-5.745727344,-20.09832305,17.51139517,-0.01638240979,0.2375598073,-0.01833150578,0.8127161184,-14.7551089,-3.430593563,-0.07357267766,29.04638486,-0.01818690027
1,85,-5.205963844,-20.07460608,17.46992074,-0.01682132501,0.2336366767,-0.01856537321,1.020942899,-14.66538305,-3.400994438,-0.0704562085,29.04376579,-0.01842083872
1,86,-4.655710925,-20.05287114,17.43293344,-0.01725888391,0.2300860889,-0.01879158065,1.225271218,-14.58597658,-3.374658971,-0.06719804809,29.04143352,-0.0186470946
1,87,-4.096318884,-20.03319171,17.40054918,-0.01769230265,0.2269202522,-0.01900835877,1.426089294,-14.51712915,-3.351667253,-0.0638138237,29.03939609,-0.01886390151
1,88,-3.529138019,-20.01564123,17.37288389,-0.0181187974,0.2241513746,-0.01921393821,1.623785343,-14.4590804,-3.332099374,-0.0603191626,29.0376615,-0.01906949303
1,89,-2.955518625,-20.00029319,17.35005348,-0.01853558433,0.2217916643,-0.01940654963,1.818747584,-14.41206996,-3.316035423,-0.05672969209,29.03623779,-0.01926210276
1,90,-2.376811001,-19.98722103,17.33217389,-0.0189398796,0.2198533295,-0.01958442368,2.011364233,-14.3763375,-3.30355549,-0.05306103943,29.03513296,-0.01943996427
1,91,-1.794365444,-19.97649824,17.31936103,-0.01932889939,0.2183485781,-0.01974579101,2.20202351,-14.35212265,-3.294739665,-0.04932883192,29.03435504,-0.01960131116
1,92,-1.20953225,-19.96819827,17.31173082,-0.01969985985,0.2172896184,-0.01988888226,2.391113632,-14.33966505,-3.289668039,-0.04554869684,29.03391204,-0.01974437701
1,93,-0.6236617161,-19.96239458,17.30939919,-0.02004997717,0.2166886584,-0.0200119281,2.579022815,-14.33920436,-3.2884207,-0.04173626146,29.03381198,-0.01986739541
1,94,-0.03810414023,-19.95916064,17.31248206,-0.02037646749,0.2165579063,-0.02011315918,2.766139279,-14.35098022,-3.29107774,-0.03790715306,29.03406288,-0.01996859995
1,95,0.545790181,-19.95856993,17.32109535,-0.020676547,0.2169095703,-0.02019080614,2.952851241,-14.37523227,-3.297719247,-0.03407699893,29.03467276,-0.02004622421
1,96,1.12667095,-19.96069589,17.33535499,-0.02094743186,0.2177558584,-0.02024309964,3.139546918,-14.41220015,-3.308425313,-0.03026142634,29.03564964,-0.02009850179
1,97,1.703187871,-19.965612,17.35537689,-0.02118633824,0.2191089787,-0.02026827034,3.326614528,-14.46212352,-3.323276027,-0.02647606259,29.03700154,-0.02012366627
1,98,2.273990645,-19.97339172,17.38127698,-0.0213904823,0.2209811395,-0.02026454887,3.51444229,-14.52524201,-3.342351478,-0.02273653494,29.03873647,-0.02011995124
1,99,2.837728977,-19.98410852,17.41317118,-0.02155708021,0.2233845487,-0.0202301659,3.70341842,-14.60179528,-3.365731757,-0.01905847068,29.04086246,-0.02008559029
1,100,3.393052569,-19.99783586,17.45117541,-0.02168334814,0.2263314146,-0.02016335207,3.893931136,-14.69202296,-3.393496954,-0.0154574971,29.04338751,-0.02001881699
1,101,3.938611123,-20.0146472,17.49540559,-0.02176650225,0.2298339452,-0.02006233805,4.086368656,-14.7961647,-3.425727158,-0.01194924146,29.04631966,-0.01991786495
1,102,4.473054343,-20.03461602,17.54597766,-0.02180375872,0.2339043486,-0.01992535447,4.281119198,-14.91446015,-3.46250246,-0.008549331058,29.04966692,-0.01978096775
1,103,4.995031932,-20.05781577,17.60300752,-0.02179233371,0.2385548331,-0.01975063199,4.478570979,-15.04714895,-3.50390295,-0.005273393168,29.0534373,-0.01960635897
1,104,5.503193592,-20.08431991,17.6666111,-0.02172944339,0.2437976067,-0.01953640127,4.679112218,-15.19447075,-3.550008717,-0.002137055073,29.05763883,-0.01939227221
1,105,5.996189027,-20.11420193,17.73690433,-0.02161230392,0.2496448775,-0.01928089295,4.883131131,-15.35666519,-3.600899851,0.000844055948,29.06227952,-0.01913694105
1,106,6.472667939,-20.14753527,17.81400312,-0.02143813148,0.2561088537,-0.01898233769,5.091015937,-15.53397191,-3.656656443,0.003654312613,29.0673674,-0.01883859907
1,107,6.931280032,-20.18439341,17.8980234,-0.02120414223,0.2632017434,-0.01863896614,5.303154853,-15.72663057,-3.717358582,0.006278087641,29.07291048,-0.01849547988
1,108,7.370675008,-20.22484981,17.98908109,-0.02090755233,0.2709357547,-0.01824900895,5.519936097,-15.93488079,-3.783086359,0.008699753751,29.07891678,-0.01810581704
1,109,7.789502571,-20.26897793,18.08729211,-0.02054557796,0.2793230957,-0.01781069677,5.741747887,-16.15896224,-3.853919862,0.01090368366,29.08539432,-0.01766784416
1,110,8.186412422,-20.31685124,18.19277239,-0.02011543528,0.2883759746,-0.01732226026,5.96897844,-16.39911456,-3.929939183,0.01287425009,29.09235111,-0.01717979482
1,111,8.560054266,-20.3685432,18.30563784,-0.01961434047,0.2981065995,-0.01678193006,6.202015975,-16.65557738,-4.011224411,0.01459582577,29.09979518,-0.0166399026
1,112,8.909077804,-20.42412728,18.42600439,-0.01903950968,0.3085271784,-0.01618793683,6.441248708,-16.92859036,-4.097855635,0.0160527834,29.10773455,-0.01604640109
1,113,9.232132741,-20.48367695,18.55398796,-0.01838815908,0.3196499196,-0.01553851122,6.687064858,-17.21839314,-4.189912947,0.0172294957,29.11617723,-0.01539752389
1,114,9.527868779,-20.54726566,18.68970448,-0.01765750485,0.3314870311,-0.01483188389,6.939852642,-17.52522536,-4.287476436,0.01811033541,29.12513123,-0.01469150458
1,115,9.79493562,-20.61496689,18.83326986,-0.01684476314,0.3440507211,-0.01406628547,7.200000278,-17.84932668,-4.390626191,0.01867967523,29.13460459,-0.01392657674
1,116,10.03198297,-20.68685409,18.98480003,-0.01594715014,0.3573531977,-0.01323994663,7.467895983,-18.19093672,-4.499442304,0.01892188789,29.14460532,-0.01310097396
1,117,10.23766053,-20.76300074,19.1444109,-0.01496188199,0.371406669,-0.01235109802,7.743927976,-18.55029515,-4.614004863,0.0188213461,29.15514144,-0.01221292984
1,118,10.410618,-20.84348029,19.31221841,-0.01388617488,0.3862233431,-0.01139797029,8.028484474,-18.9276416,-4.734393959,0.01836242258,29.16622096,-0.01126067796
1,119,10.54398311,-20.92343011,19.47814007,-0.01278695659,0.4009104749,-0.01043878779,8.305622839,-19.30033271,-4.853379308,0.01759510407,29.17717822,-0.01030238997
1,120,10.65245705,-21.00610046,19.64905957,-0.01162491039,0.4160708492,-0.009436694689,8.590072805,-19.68390415,-4.975906275,0.0165432893,29.18846744,-0.009301247757
1,121,10.74162044,-21.09027092,19.82254022,-0.01042058469,0.4314841985,-0.008407852641,8.881174633,-20.07293384,-5.100233724,0.01525698715,29.19992737,-0.008273402876
1,122,10.81705387,-21.17472107,19.9961453,-0.009194527934,0.4469302553,-0.00736842329,9.178268589,-20.46199972,-5.22462052,0.01378620648,29.21139679,-0.007235006894
1,123,10.88433797,-21.25823048,20.16743812,-0.00796728854,0.4621887524,-0.006334568281,9.480694937,-20.8456797,-5.347325528,0.01218095616,29.22271445,-0.006202211376
1,124,10.94905333,-21.33957874,20.33398196,-0.006759414939,0.4770394222,-0.005322449261,9.787793939,-21.2185517,-5.466607613,0.01049124506,29.23371912,-0.005191167888
1,125,11.01678056,-21.41754541,20.49334012,-0.005591455558,0.4912619974,-0.004348227877,10.09890586,-21.57519366,-5.58072564,0.008767082048,29.24424958,-0.004218027993
1,126,11.09310028,-21.49091007,20.64307589,-0.004483958824,0.5046362105,-0.003428065776,10.41337097,-21.91018348,-5.687938474,0.007058475984,29.25414459,-0.003298943257
1,127,11.18359309,-21.5584523,20.78075257,-0.003457473166,0.516941794,-0.002578124603,10.73052952,-22.2180991,-5.78650498,0.005415435739,29.26324291,-0.002450065245
1,128,11.2938396,-21.61895167,20.90393344,-0.00253254701,0.5279584807,-0.001814566006,11.04972178,-22.49351844,-5.874684023,0.00388797018,29.27138331,-0.00168754552
1,129,11.42942042,-21.67118777,21.0101818,-0.001729728784,0.537466003,-0.00115355163,11.37028802,-22.73101941,-5.950734467,0.002526088175,29.27840457,-0.001027535649
1,130,11.59591615,-21.71394017,21.09706095,-0.001069566916,0.5452440935,-0.0006112431227,11.69156849,-22.92517995,-6.012915179,0.001379798591,29.28414544,-0.000486187196
1,131,11.7989074,-21.74598843,21.16213417,-0.0005726098329,0.5510724848,-0.0002038021301,12.01290347,-23.07057798,-6.059485023,0.0004991102961,29.28844469,-7.965172551e-05
1,132,12.04397479,-21.76611215,21.20296477,-0.000259405963,0.5547309096,5.260970128e-05,12.33363321,-23.16179141,-6.088702864,-6.596784365e-05,29.29114109,0.0001759191975
1,133,12.33669892,-21.7730909,21.21711603,-0.0001505037334,0.5559991003,0.0001418307249,12.65309799,-23.19339818,-6.098827566,-0.0002654269604,29.29207341,0.0002643740081
1,134,13.01423429,-21.77308973,21.21711465,-0.0001507124045,0.5559983581,0.000142338014,13.33105824,-23.19338982,-6.09882279,-0.0002653843668,29.29206603,0.0002633375301
1,135,13.68425541,-21.77308857,21.21711329,-0.0001509187614,0.5559976242,0.0001428396771,14.00149953,-23.19338156,-6.098818067,-0.0002653422456,29.29205873,0.0002623125471
1,136,14.34635609,-21.77308743,21.21711195,-0.0001511226789,0.5559968989,0.0001433354098,14.66401542,-23.19337339,-6.098813399,-0.0002653006223,29.29205152,0.0002612996807
1,137,15.00013017,-21.7730863,21.21711062,-0.0001513240319,0.5559961827,0.0001438249083,15.31819948,-23.19336533,-6.09880879,-0.0002652595224,29.2920444,0.0002602995521
1,138,15.64517146,-21.77308518,21.21710931,-0.0001515226953,0.5559954762,0.0001443078682,15.96364528,-23.19335737,-6.098804243,-0.0002652189716,29.29203737,0.0002593127827
1,139,16.2810738,-21.77308408,21.21710802,-0.0001517185441,0.5559947796,0.0001447839856,16.59994639,-23.19334953,-6.09879976,-0.0002651789952,29.29203045,0.0002583399939
1,140,16.907431,-21.773083,21.21710675,-0.0001519114531,0.5559940935,0.0001452529562,17.22669637,-23.1933418,-6.098795345,-0.000265139619,29.29202363,0.000257381807
1,141,17.52383688,-21.77308194,21.21710549,-0.0001521012972,0.5559934183,0.0001457144761,17.84348881,-23.1933342,-6.098790999,-0.0002651008683,29.29201691,0.0002564388434
1,142,18.12988528,-21.77308089,21.21710426,-0.0001522879514,0.5559927544,0.000146168241,18.44991726,-23.19332673,-6.098786727,-0.0002650627687,29.29201031,0.0002555117245
1,143,18.72517002,-21.77307986,21.21710306,-0.0001524712905,0.5559921024,0.0001466139468,19.04557531,-23.19331938,-6.098782531,-0.0002650253459,29.29200383,0.0002546010716
1,144,19.30928492,-21.77307885,21.21710187,-0.0001526511895,0.5559914625,0.0001470512895,19.6300565,-23.19331218,-6.098778413,-0.0002649886252,29.29199747,0.000253707506
1,145,19.8818238,-21.77307786,21.21710071,-0.0001528275232,0.5559908354,0.000147479965,20.20295442,-23.19330512,-6.098774377,-0.0002649526322,29.29199123,0.0002528316491
1,146,20.44238049,-21.77307689,21.21709957,-0.0001530001666,0.5559902213,0.000147899669,20.76386264,-23.1932982,-6.098770425,-0.0002649173925,29.29198512,0.0002519741224
1,147,20.99054882,-21.77307595,21.21709846,-0.0001531689945,0.5559896209,0.0001483100975,21.31237472,-23.19329144,-6.098766561,-0.0002648829317,29.29197915,0.000251135547
1,148,21.5259226,-21.77307502,21.21709737,-0.000153333882,0.5559890344,0.0001487109464,21.84808424,-23.19328484,-6.098762786,-0.0002648492751,29.29197332,0.0002503165445
1,149,22.04809566,-21.77307412,21.21709631,-0.0001534947037,0.5559884624,0.0001491019116,22.37058475,-23.1932784,-6.098759105,-0.0002648164484,29.29196764,0.0002495177361
1,150,22.55666183,-21.77307324,21.21709528,-0.0001536513348,0.5559879054,0.0001494826889,22.87946984,-23.19327213,-6.09875552,-0.0002647844771,29.2919621,0.0002487397433
1,151,23.05121492,-21.77307239,21.21709427,-0.00015380365,0.5559873636,0.0001498529742,23.37433307,-23.19326603,-6.098752034,-0.0002647533868,29.29195671,0.0002479831873
1,152,23.53134877,-21.77307156,21.2170933,-0.0001539515243,0.5559868377,0.0001502124635,23.85476802,-23.1932601,-6.098748649,-0.000264723203,29.29195148,0.0002472486895
1,153,23.9966572,-21.77307075,21.21709235,-0.0001540948326,0.555986328,0.0001505608526,24.32036824,-23.19325437,-6.098745369,-0.0002646939511,29.29194641,0.0002465368714
1,154,24.44673402,-21.77306998,21.21709144,-0.0001542334498,0.555985835,0.0001508978373,24.77072731,-23.19324881,-6.098742196,-0.0002646656568,29.29194151,0.0002458483542
1,155,24.88117308,-21.77306923,21.21709056,-0.0001543672508,0.5559853591,0.0001512231136,25.2054388,-23.19324346,-6.098739133,-0.0002646383455,29.29193678,0.0002451837593
1,156,25.29956818,-21.7730685,21.21708971,-0.0001544961105,0.5559849008,0.0001515363774,25.62409627,-23.1932383,-6.098736184,-0.0002646120429,29.29193222,0.0002445437081
1,157,25.70151315,-21.77306781,21.21708889,-0.0001546199037,0.5559844605,0.0001518373245,26.02629331,-23.19323334,-6.09873335,-0.0002645867744,29.29192784,0.0002439288219
1,158,26.08660182,-21.77306714,21.21708811,-0.0001547385055,0.5559840387,0.0001521256509,26.41162347,-23.19322859,-6.098730636,-0.0002645625656,29.29192365,0.000243339722
1,159,26.45442801,-21.77306651,21.21708736,-0.0001548517906,0.5559836358,0.0001524010524,26.77968032,-23.19322405,-6.098728043,-0.0002645394421,29.29191964,0.00024277703
1,160,26.80458555,-21.7730659,21.21708665,-0.0001549596341,0.5559832522,0.0001526632248,27.13005744,-23.19321973,-6.098725574,-0.0002645174292,29.29191583,0.000242241367
1,161,27.13666826,-21.77306533,21.21708598,-0.0001550619108,0.5559828884,0.0001529118642,27.4623484,-23.19321564,-6.098723233,-0.0002644965527,29.29191221,0.0002417333545
1,162,27.45026996,-21.77306479,21.21708534,-0.0001551584956,0.5559825449,0.0001531466663,27.77614676,-23.19321177,-6.098721022,-0.0002644768379,29.2919088,0.0002412536138
1,163,27.74498447,-21.77306428,21.21708474,-0.0001552492635,0.5559822221,0.0001533673271,28.07104609,-23.19320813,-6.098718945,-0.0002644583106,29.29190559,0.0002408027663
1,164,28.02040563,-21.7730638,21.21708418,-0.0001553340892,0.5559819204,0.0001535735424,28.34663997,-23.19320474,-6.098717003,-0.0002644409961,29.29190259,0.0002403814333
1,165,28.27612726,-21.77306336,21.21708366,-0.0001554128478,0.5559816403,0.0001537650081,28.60252195,-23.19320158,-6.098715201,-0.00026442492,29.2918998,0.0002399902363
1,166,28.51174317,-21.77306296,21.21708319,-0.0001554854141,0.5559813822,0.0001539414201,28.83828562,-23.19319868,-6.09871354,-0.0002644101079,29.29189723,0.0002396297964
1,167,28.72684719,-21.77306258,21.21708275,-0.000155551663,0.5559811466,0.0001541024744,29.05352454,-23.19319602,-6.098712023,-0.0002643965853,29.29189489,0.0002393007352
1,168,28.92103316,-21.77306225,21.21708236,-0.0001556114695,0.5559809338,0.0001542478667,29.24783228,-23.19319363,-6.098710654,-0.0002643843777,29.29189278,0.000239003674
1,169,29.09389488,-21.77306195,21.217082,-0.0001556647084,0.5559807445,0.0001543772929,29.4208024,-23.1931915,-6.098709436,-0.0002643735106,29.29189089,0.0002387392341
1,170,29.24502619,-21.77306169,21.2170817,-0.0001557112547,0.5559805789,0.0001544904491,29.57202849,-23.19318963,-6.09870837,-0.0002643640097,29.29188925,0.0002385080369
1,171,29.37402091,-21.77306147,21.21708144,-0.0001557509832,0.5559804376,0.0001545870309,29.7011041,-23.19318804,-6.098707461,-0.0002643559003,29.29188784,0.0002383107037
1,172,29.48047286,-21.77306128,21.21708122,-0.0001557837689,0.555980321,0.0001546667344,29.80762281,-23.19318673,-6.09870671,-0.0002643492082,29.29188668,0.000238147856
1,173,29.56397588,-21.77306114,21.21708105,-0.0001558094866,0.5559802296,0.0001547292554,29.89117818,-23.1931857,-6.098706122,-0.0002643439587,29.29188577,0.000238020115
1,174,29.62412377,-21.77306103,21.21708093,-0.0001558280113,0.5559801637,0.0001547742897,29.95136379,-23.19318496,-6.098705698,-0.0002643401775,29.29188512,0.0002379281021
1,175,29.66051036,-21.77306097,21.21708085,-0.0001558392178,0.5559801238,0.0001548015333,29.98777321,-23.19318451,-6.098705441,-0.00026433789,29.29188472,0.0002378724387
1,176,29.67272949,-21.77306095,21.21708083,-0.0001558429812,0.5559801104,0.0001548106821,30,-23.19318436,-6.098705355,-0.0002643371219,29.29188459,0.0002378537462
2,0,-30.29106333,-21.77316453,21.21720257,-0.0001373749966,0.5560457946,0.0001099141608,-30.00139617,-23.19392394,-6.099128073,-0.0002681067767,29.2925377,0.0003295849811
2,1,-30.2788442,-21.77316451,21.21720254,-0.0001373787599,0.5560457812,0.0001099233096,-29.98916938,-23.19392379,-6.099127987,-0.0002681060085,29.29253757,0.0003295662885
2,2,-30.2424576,-21.77316445,21.21720247,-0.0001373899664,0.5560457413,0.0001099505532,-29.95275996,-23.19392334,-6.099127731,-0.0002681037211,29.29253717,0.0003295106251
2,3,-30.18230971,-21.77316435,21.21720235,-0.0001374084911,0.5560456754,0.0001099955876,-29.89257435,-23.1939226,-6.099127307,-0.0002680999398,29.29253652,0.0003294186123
2,4,-30.0988067,-21.7731642,21.21720218,-0.0001374342088,0.556045584,0.0001100581085,-29.80901897,-23.19392157,-6.099126718,-0.0002680946904,29.29253561,0.0003292908713
2,5,-29.99235475,-21.77316402,21.21720196,-0.0001374669945,0.5560454674,0.000110137812,-29.70250027,-23.19392025,-6.099125968,-0.0002680879982,29.29253445,0.0003291280235
2,6,-29.86336003,-21.7731638,21.2172017,-0.000137506723,0.5560453261,0.0001102343939,-29.57342465,-23.19391866,-6.099125058,-0.0002680798889,29.29253304,0.0003289306904
2,7,-29.71222872,-21.77316353,21.21720139,-0.0001375532693,0.5560451605,0.00011034755,-29.42219857,-23.1939168,-6.099123993,-0.0002680703879,29.2925314,0.0003286994932
2,8,-29.53936699,-21.77316324,21.21720104,-0.0001376065082,0.5560449712,0.0001104769762,-29.24922844,-23.19391467,-6.099122774,-0.0002680595209,29.29252951,0.0003284350533
2,9,-29.34518103,-21.7731629,21.21720065,-0.0001376663147,0.5560447584,0.0001106223686,-29.0549207,-23.19391227,-6.099121405,-0.0002680473133,29.2925274,0.000328137992
2,10,-29.130077,-21.77316253,21.21720021,-0.0001377325636,0.5560445228,0.0001107834228,-28.83968179,-23.19390962,-6.099119889,-0.0002680337907,29.29252506,0.0003278089308
2,11,-28.89446109,-21.77316212,21.21719973,-0.0001378051299,0.5560442647,0.0001109598348,-28.60391812,-23.19390671,-6.099118228,-0.0002680189786,29.29252249,0.000327448491
2,12,-28.63873947,-21.77316168,21.21719922,-0.0001378838885,0.5560439846,0.0001111513006,-28.34803613,-23.19390356,-6.099116425,-0.0002680029025,29.29251971,0.0003270572939
2,13,-28.36331831,-21.7731612,21.21719866,-0.0001379687143,0.5560436829,0.0001113575159,-28.07244226,-23.19390016,-6.099114484,-0.000267985588,29.29251671,0.000326635961
2,14,-28.06860379,-21.77316069,21.21719806,-0.0001380594821,0.5560433601,0.0001115781766,-27.77754293,-23.19389653,-6.099112406,-0.0002679670606,29.2925135,0.0003261851134
2,15,-27.75500209,-21.77316015,21.21719742,-0.0001381560669,0.5560430166,0.0001118129787,-27.46374457,-23.19389266,-6.099110195,-0.0002679473459,29.29251008,0.0003257053728
2,16,-27.42291939,-21.77315958,21.21719675,-0.0001382583436,0.5560426528,0.0001120616181,-27.13145361,-23.19388856,-6.099107854,-0.0002679264693,29.29250646,0.0003251973603
2,17,-27.07276185,-21.77315897,21.21719604,-0.0001383661871,0.5560422692,0.0001123237906,-26.78107649,-23.19388425,-6.099105386,-0.0002679044565,29.29250265,0.0003246616973
2,18,-26.70493566,-21.77315834,21.21719529,-0.0001384794722,0.5560418663,0.000112599192,-26.41301963,-23.19387971,-6.099102793,-0.0002678813329,29.29249864,0.0003240990052
2,19,-26.31984699,-21.77315767,21.21719451,-0.000138598074,0.5560414445,0.0001128875184,-26.02768947,-23.19387496,-6.099100078,-0.0002678571241,29.29249445,0.0003235099054
2,20,-25.91790201,-21.77315698,21.21719369,-0.0001387218673,0.5560410042,0.0001131884655,-25.62549244,-23.19387,-6.099097245,-0.0002678318556,29.29249007,0.0003228950192
2,21,-25.49950691,-21.77315626,21.21719284,-0.0001388507269,0.5560405459,0.0001135017293,-25.20683496,-23.19386484,-6.099094295,-0.000267805553,29.29248551,0.000322254968
2,22,-25.06506786,-21.77315551,21.21719196,-0.0001389845279,0.55604007,0.0001138270056,-24.77212347,-23.19385948,-6.099091232,-0.0002677782418,29.29248078,0.0003215903731
2,23,-24.61499103,-21.77315473,21.21719105,-0.0001391231451,0.556039577,0.0001141639904,-24.3217644,-23.19385393,-6.09908806,-0.0002677499475,29.29247588,0.0003209018559
2,24,-24.14968261,-21.77315392,21.2171901,-0.0001392664534,0.5560390673,0.0001145123794,-23.85616418,-23.19384819,-6.099084779,-0.0002677206956,29.29247081,0.0003201900377
2,25,-23.66954876,-21.7731531,21.21718913,-0.0001394143277,0.5560385414,0.0001148718687,-23.37572924,-23.19384227,-6.099081395,-0.0002676905117,29.29246558,0.00031945554
2,26,-23.17499566,-21.77315224,21.21718812,-0.0001395666429,0.5560379996,0.000115242154,-22.88086601,-23.19383617,-6.099077908,-0.0002676594214,29.2924602,0.000318698984
2,27,-22.6664295,-21.77315136,21.21718709,-0.000139723274,0.5560374426,0.0001156229313,-22.37198092,-23.1938299,-6.099074323,-0.0002676274501,29.29245466,0.0003179209911
2,28,-22.14425643,-21.77315046,21.21718603,-0.0001398840958,0.5560368706,0.0001160138965,-21.8494804,-23.19382346,-6.099070642,-0.0002675946235,29.29244897,0.0003171221827
2,29,-21.60888265,-21.77314954,21.21718494,-0.0001400489832,0.5560362841,0.0001164147454,-21.31377089,-23.19381685,-6.099066868,-0.0002675609669,29.29244314,0.0003163031802
2,30,-21.06071433,-21.77314859,21.21718383,-0.0001402178111,0.5560356837,0.0001168251739,-20.76525881,-23.19381009,-6.099063003,-0.000267526506,29.29243717,0.0003154646049
2,31,-20.50015764,-21.77314762,21.21718269,-0.0001403904545,0.5560350696,0.000117244878,-20.20435059,-23.19380318,-6.099059052,-0.0002674912663,29.29243106,0.0003146070781
2,32,-19.92761876,-21.77314663,21.21718153,-0.0001405667882,0.5560344425,0.0001176735534,-19.63145267,-23.19379612,-6.099055016,-0.0002674552734,29.29242483,0.0003137312213
2,33,-19.34350386,-21.77314562,21.21718034,-0.0001407466872,0.5560338026,0.0001181108961,-19.04697147,-23.19378891,-6.099050898,-0.0002674185527,29.29241846,0.0003128376557
2,34,-18.74821912,-21.77314459,21.21717914,-0.0001409300263,0.5560331506,0.0001185566019,-18.45131343,-23.19378157,-6.099046701,-0.0002673811298,29.29241198,0.0003119270028
2,35,-18.14217072,-21.77314355,21.2171779,-0.0001411166805,0.5560324867,0.0001190103668,-17.84488498,-23.1937741,-6.099042429,-0.0002673430303,29.29240538,0.0003109998838
2,36,-17.52576483,-21.77314248,21.21717665,-0.0001413065247,0.5560318115,0.0001194718867,-17.22809254,-23.19376649,-6.099038084,-0.0002673042796,29.29239867,0.0003100569202
2,37,-16.89940763,-21.7731414,21.21717538,-0.0001414994337,0.5560311254,0.0001199408573,-16.60134255,-23.19375877,-6.099033668,-0.0002672649033,29.29239184,0.0003090987333
2,38,-16.2635053,-21.7731403,21.21717409,-0.0001416952824,0.5560304288,0.0001204169747,-15.96504144,-23.19375093,-6.099029185,-0.000267224927,29.29238492,0.0003081259445
2,39,-15.618464,-21.77313919,21.21717278,-0.0001418939458,0.5560297222,0.0001208999347,-15.31959564,-23.19374297,-6.099024638,-0.0002671843761,29.29237789,0.0003071391752
2,40,-14.96468993,-21.77313806,21.21717145,-0.0001420952988,0.5560290061,0.0001213894331,-14.66541158,-23.19373491,-6.099020029,-0.0002671432763,29.29237077,0.0003061390466
2,41,-14.30258924,-21.77313691,21.21717011,-0.0001422992163,0.5560282808,0.0001218851659,-14.00289569,-23.19372674,-6.099015362,-0.000267101653,29.29236356,0.0003051261801
2,42,-13.99035498,-21.76931719,21.20784011,-0.0002619680229,0.5551941361,-1.211856886e-05,-13.66201775,-23.17246351,-6.092462533,-0.0006627383534,29.29165478,0.0001703194153
2,43,-13.71018222,-21.75826319,21.18087052,-0.0006002172252,0.552787553,-0.0003926195413,-13.29889875,-23.11098685,-6.073509411,-0.001804568581,29.28961922,-0.0002110865597
2,44,-13.46062237,-21.74058095,21.13778996,-0.001126214746,0.5489512276,-0.0009866139764,-12.91594882,-23.01275412,-6.04320709,-0.003624910527,29.28638228,-0.0008060789984
2,45,-13.24022684,-21.71687652,21.08012707,-0.001809128508,0.5438278559,-0.001761098099,-12.51557808,-22.88122268,-6.002606664,-0.006056082379,29.28206938,-0.001581645154
2,46,-13.04754703,-21.68775592,21.00941047,-0.002618126434,0.5375601342,-0.002683068135,-12.10019666,-22.7198499,-5.952759226,-0.009030402327,29.27680593,-0.002504772281
2,47,-12.88113437,-21.65382521,20.92716877,-0.003522376447,0.5302907586,-0.003719520308,-11.67221467,-22.53209315,-5.894715871,-0.01248018856,29.27071735,-0.003542447633
2,48,-12.73954024,-21.61569042,20.83493061,-0.004491046468,0.5221624251,-0.004837450844,-11.23404226,-22.32140978,-5.829527693,-0.01633775927,29.26392904,-0.004661658462
2,49,-12.62131606,-21.57395759,20.73422461,-0.005493304423,0.5133178299,-0.006003855968,-10.78808953,-22.09125717,-5.758245785,-0.02053543265,29.25656643,-0.005829392023
2,50,-12.52501325,-21.52923277,20.62657939,-0.006498318231,0.503899669,-0.007185731905,-10.33676662,-21.84509268,-5.681921241,-0.02500552688,29.24875492,-0.007012635569
2,51,-12.44918319,-21.48212199,20.51352359,-0.007475255818,0.4940506387,-0.008350074879,-9.882483648,-21.58637367,-5.601605156,-0.02968036015,29.24061992,-0.008178376354
2,52,-12.39237732,-21.43323129,20.39658581,-0.008393285105,0.4839134351,-0.009463881117,-9.42765074,-21.31855751,-5.518348623,-0.03449225066,29.23228685,-0.009293601631
2,53,-12.35314702,-21.38316672,20.27729469,-0.009221574014,0.4736307542,-0.01049414684,-8.97467802,-21.04510156,-5.433202736,-0.03937351659,29.22388113,-0.01032529865
2,54,-12.33004371,-21.33253431,20.15717886,-0.00992929047,0.4633452922,-0.01140786828,-8.525975613,-20.76946319,-5.34721859,-0.04425647614,29.21552816,-0.01124045468
2,55,-12.32138927,-21.28508906,20.0451679,-0.01046159396,0.453822678,-0.01213471846,-8.111710859,-20.51213254,-5.26678372,-0.04877372868,29.20785118,-0.01196864311
2,56,-12.32226444,-21.23771909,19.93388771,-0.01087473428,0.4444234959,-0.0127422541,-7.703581139,-20.25623704,-5.186643562,-0.05320915653,29.20032788,-0.01257750732
2,57,-12.32933894,-21.19046621,19.82345237,-0.0111821952,0.4351485968,-0.01324218112,-7.301868691,-20.00209484,-5.106906363,-0.05753874787,29.19295582,-0.01307874855
2,58,-12.33928252,-21.14337222,19.71397594,-0.01139746049,0.425998832,-0.01364620544,-6.906855755,-19.7500241,-5.027680368,-0.0617384909,29.1857326,-0.01348406804
2,59,-12.34876488,-21.09647894,19.60557251,-0.01153401393,0.4169750525,-0.013966033,-6.518824568,-19.50034298,-4.949073825,-0.06578437379,29.17865579,-0.01380516701
2,60,-12.35445578,-21.04982818,19.49835614,-0.01160533928,0.4080781094,-0.01421336972,-6.13805737,-19.25336963,-4.87119498,-0.06965238475,29.17172297,-0.0140537467
2,61,-12.35302492,-21.00346175,19.3924409,-0.01162492032,0.399308854,-0.01439992153,-5.7648364,-19.0094222,-4.794152078,-0.07331851195,29.16493172,-0.01424150834
2,62,-12.34114205,-20.95742144,19.28794087,-0.01160624082,0.3906681372,-0.01453739435,-5.399443897,-18.76881887,-4.718053367,-0.07675874359,29.15827961,-0.01438015318
2,63,-12.32628377,-20.92394233,19.22545105,-0.01173571721,0.3857639929,-0.01473028488,-5.216052661,-18.62005781,-4.669143123,-0.07851986475,29.15392439,-0.01457361345
2,64,-12.29465102,-20.86977218,19.14154986,-0.01211990493,0.3795856677,-0.01515374076,-5.023451679,-18.41278254,-4.59824006,-0.08042413396,29.14750377,-0.01499763365
2,65,-12.24824634,-20.79685408,19.03847755,-0.0127250728,0.3722740476,-0.01577636198,-4.82263128,-18.15297576,-4.507586753,-0.08244349642,29.13923877,-0.01562081366
2,66,-12.18907221,-20.7071311,18.91847432,-0.01351748967,0.3639700187,-0.01656674852,-4.614581793,-17.84662018,-4.399425776,-0.08454989734,29.1293504,-0.01641175335
2,67,-12.11913116,-20.60254632,18.78378041,-0.01446342438,0.3548144668,-0.01749350036,-4.400293545,-17.49969852,-4.275999704,-0.08671528192,29.11805965,-0.01733905261
2,68,-12.04042571,-20.48504281,18.63663605,-0.01552914576,0.344948278,-0.01852521748,-4.180756867,-17.11819349,-4.139551112,-0.08891159536,29.10558754,-0.01837131129
2,69,-11.95495835,-20.35656365,18.47928147,-0.01668092265,0.3345123383,-0.01963049986,-3.956962086,-16.70808778,-3.992322575,-0.09111078286,29.09215506,-0.01947712928
2,70,-11.8647316,-20.21905193,18.31395688,-0.01788502388,0.3236475335,-0.02077794749,-3.729899531,-16.27536412,-3.836556668,-0.09328478962,29.07798323,-0.02062510646
2,71,-11.77174799,-20.07445072,18.14290251,-0.01910771829,0.3124947497,-0.02193616035,-3.50055953,-15.82600521,-3.674495964,-0.09540556084,29.06329305,-0.02178384269
2,72,-11.67801,-19.92470309,17.9683586,-0.02031527472,0.3011948729,-0.02307373841,-3.269932413,-15.36599376,-3.50838304,-0.09744504172,29.04830552,-0.02292193785
2,73,-11.58552017,-19.77175213,17.79256537,-0.02147396201,0.289888789,-0.02415928166,-3.039008508,-14.90131249,-3.340460469,-0.09937517747,29.03324166,-0.02400799182
2,74,-11.496281,-19.6175409,17.61776304,-0.02255004899,0.2787173841,-0.02516139009,-2.808778144,-14.43794409,-3.172970827,-0.1011679133,29.01832246,-0.02501060446
2,75,-11.412295,-19.4640125,17.44619185,-0.0235098045,0.267821544,-0.02604866367,-2.580231649,-13.98187128,-3.008156688,-0.1027951944,29.00376893,-0.02589837566
2,76,-11.33368488,-19.3106353,17.2773642,-0.0243380468,0.2571685569,-0.0268067854,-2.35090931,-13.53178903,-2.845620138,-0.1042529091,28.98956532,-0.02665699521
2,77,-11.25963392,-19.16006364,17.11424678,-0.02502527014,0.2469365853,-0.02742718342,-2.124127488,-13.09555696,-2.688236705,-0.1055107669,28.97595533,-0.02727788315
2,78,-11.18723418,-19.01240064,16.95691904,-0.02558489055,0.2371180598,-0.02792262969,-1.899674587,-12.67336009,-2.53609813,-0.1065680584,28.96292883,-0.02777381042
2,79,-11.11357774,-18.86774942,16.80546041,-0.02603032404,0.2277054109,-0.02830589615,-1.67733901,-12.26538341,-2.389296157,-0.1074240745,28.95047568,-0.02815754797
2,80,-11.03575665,-18.72621312,16.65995036,-0.0263749866,0.2186910693,-0.02858975475,-1.45690916,-11.87181194,-2.247922528,-0.1080781058,28.93858572,-0.02844186673
2,81,-10.95086299,-18.58789486,16.52046833,-0.02663229425,0.2100674656,-0.02878697744,-1.238173439,-11.49283067,-2.112068984,-0.1085294432,28.92724883,-0.02863953767
2,82,-10.85598882,-18.45289776,16.38709377,-0.026815663,0.2018270303,-0.02891033617,-1.020920251,-11.12862461,-1.981827269,-0.1087773774,28.91645485,-0.02876333172
2,83,-10.7482262,-18.32132496,16.25990613,-0.02693850886,0.1939621941,-0.02897260288,-0.8049379975,-10.77937876,-1.857289124,-0.1088211991,28.90619364,-0.02882601983
2,84,-10.62466721,-18.19327958,16.13898485,-0.02701424784,0.1864653876,-0.02898654954,-0.5900150825,-10.44527813,-1.738546292,-0.1086601992,28.89645506,-0.02884037295
2,85,-10.48240391,-18.06886475,16.02440939,-0.02705629594,0.1793290413,-0.02896494809,-0.3759399087,-10.12650773,-1.625690516,-0.1082936683,28.88722898,-0.02881916202
2,86,-10.31852837,-17.94818359,15.9162592,-0.02707806918,0.172545586,-0.02892057047,-0.1625008787,-9.823252551,-1.518813537,-0.1077208972,28.87850524,-0.02877515798
2,87,-10.13013265,-17.83133923,15.81461372,-0.02709298355,0.1661074521,-0.02886618864,0.0505136044,-9.535697605,-1.418007099,-0.1069411767,28.8702737,-0.02872113178
2,88,-9.914308817,-17.7184348,15.7195524,-0.02711445509,0.1600070703,-0.02881457454,0.2633151378,-9.264027895,-1.323362943,-0.1059537976,28.86252422,-0.02866985437
2,89,-9.669358931,-17.60977813,15.63129503,-0.02715327958,0.1542492033,-0.02877617933,0.4756576707,-9.008868407,-1.235113605,-0.1047621646,28.85526179,-0.02863177561
2,90,-9.395597475,-17.50527557,15.54963806,-0.02721025165,0.1488234983,-0.02875176921,0.6878641136,-8.769751165,-1.153069473,-0.1033722641,28.84847073,-0.02860766282
2,91,-9.094434985,-17.40505335,15.47454332,-0.02728362074,0.1437331746,-0.02873984791,0.899799724,-8.546708529,-1.077205216,-0.1017934139,28.84215226,-0.02859602053
2,92,-8.767281999,-17.3092377,15.40597264,-0.02737163626,0.1389814517,-0.02873891922,1.111329759,-8.33977286,-1.007495504,-0.100034932,28.83630759,-0.02859535327
2,93,-8.415549053,-17.21795486,15.34388783,-0.02747254765,0.1345715489,-0.02874748687,1.322319477,-8.14897652,-0.943915006,-0.09810613596,28.83093797,-0.02860416555
2,94,-8.040646686,-17.13133105,15.28825072,-0.02758460435,0.1305066857,-0.02876405464,1.532634135,-7.974351871,-0.8864383927,-0.09601634379,28.82604459,-0.02862096191
2,95,-7.643985434,-17.04949252,15.23902312,-0.02770605578,0.1267900814,-0.02878712627,1.74213899,-7.815931273,-0.8350403331,-0.09377487328,28.8216287,-0.02864424687
2,96,-7.226975834,-16.9725655,15.19616687,-0.02783515138,0.1234249553,-0.02881520553,1.950699301,-7.673747087,-0.7896954971,-0.09139104224,28.81769151,-0.02867252497
2,97,-6.791028424,-16.90067623,15.15964378,-0.02797014058,0.1204145269,-0.02884679618,2.158180323,-7.547831676,-0.7503785541,-0.08887416851,28.81423423,-0.02870430072
2,98,-6.33755374,-16.83395093,15.12941568,-0.0281092728,0.1177620156,-0.02888040196,2.364447316,-7.4382174,-0.717064174,-0.08623356992,28.8112581,-0.02873807866
2,99,-5.86796232,-16.77251584,15.10544439,-0.02825079749,0.1154706407,-0.02891452665,2.569365536,-7.344936621,-0.6897270262,-0.08347856429,28.80876434,-0.0287723633
2,100,-5.383664701,-16.71649719,15.08769174,-0.02839296406,0.1135436217,-0.02894767399,2.772800242,-7.2680217,-0.6683417805,-0.08061846945,28.80675417,-0.02880565919
2,101,-4.886071421,-16.66602123,15.07611953,-0.02853402196,0.1119841779,-0.02897834774,2.974616689,-7.207504998,-0.6528831065,-0.07766260322,28.8052288,-0.02883647084
2,102,-4.376593015,-16.62121418,15.0706896,-0.02867222062,0.1107955286,-0.02900505167,3.174680137,-7.163418877,-0.6433256738,-0.07462028344,28.80418947,-0.02886330279
2,103,-3.856640023,-16.58220228,15.07136378,-0.02880580946,0.1099808933,-0.02902628952,3.372855842,-7.135795698,-0.6396441521,-0.07150082794,28.80363739,-0.02888465955
2,104,-3.32762298,-16.54911176,15.07810387,-0.02893303792,0.1095434914,-0.02904056506,3.569009062,-7.124667822,-0.641813211,-0.06831355453,28.80357378,-0.02889904565
2,105,-2.790952423,-16.52206885,15.0908717,-0.02905215543,0.1094865423,-0.02904638205,3.763005055,-7.13006761,-0.6498075201,-0.06506778105,28.80399987,-0.02890496563
2,106,-2.248038891,-16.5011998,15.10962911,-0.02916141141,0.1098132653,-0.02904224424,3.954709077,-7.152027424,-0.6636017492,-0.06177282533,28.80491689,-0.02890092401
2,107,-1.700292921,-16.48663083,15.1343379,-0.02925905531,0.1105268797,-0.02902665539,4.143986387,-7.190579626,-0.6831705678,-0.05843800519,28.80632604,-0.02888542531
2,108,-1.149125048,-16.47848818,15.1649599,-0.02934333656,0.1116306051,-0.02899811926,4.330702242,-7.245756576,-0.7084886456,-0.05507263846,28.80822856,-0.02885697406
2,109,-0.5959458113,-16.47689809,15.20145694,-0.02941250457,0.1131276608,-0.0289551396,4.5147219,-7.317590635,-0.7395306522,-0.05168604297,28.81062566,-0.0288140748
2,110,-0.04216574726,-16.48198678,15.24379083,-0.0294648088,0.1150212661,-0.02889622018,4.695910617,-7.406114166,-0.7762712573,-0.04828753655,28.81351857,-0.02875523204
2,111,0.5108046069,-16.49388049,15.2919234,-0.02949849866,0.1173146405,-0.02881986474,4.874133652,-7.511359529,-0.8186851306,-0.04488643702,28.81690851,-0.02867895031
2,112,1.061554714,-16.51270546,15.34581647,-0.02951182359,0.1200110033,-0.02872457706,5.049256262,-7.633359086,-0.8667469416,-0.04149206221,28.8207967,-0.02858373414
2,113,1.608674037,-16.53858792,15.40543187,-0.02950303302,0.123113574,-0.02860886088,5.221143705,-7.772145197,-0.9204313599,-0.03811372995,28.82518437,-0.02846808806
2,114,2.150752038,-16.5716541,15.4707314,-0.02947037638,0.1266255718,-0.02847121996,5.389661237,-7.927750225,-0.9797130554,-0.03476075807,28.83007273,-0.02833051659
2,115,2.686378181,-16.61203024,15.54167691,-0.0294121031,0.1305502162,-0.02831015807,5.554674117,-8.100206531,-1.044566698,-0.03144246439,28.83546301,-0.02816952426
2,116,3.214141928,-16.65984257,15.61823021,-0.02932646262,0.1348907266,-0.02812417896,5.716047602,-8.289546475,-1.114966956,-0.02816816674,28.84135643,-0.02798361559
2,117,3.732632742,-16.71521733,15.70035312,-0.02921170436,0.1396503224,-0.02791178638,5.873646949,-8.49580242,-1.1908885,-0.02494718295,28.84775421,-0.02777129512
2,118,4.240440085,-16.77828075,15.78800747,-0.02906607776,0.1448322229,-0.02767148409,6.027337416,-8.719006726,-1.272306,-0.02178883085,28.85465757,-0.02753106737
2,119,4.736153422,-16.84915907,15.88115507,-0.02888783225,0.1504396475,-0.02740177586,6.176984261,-8.959191755,-1.359194126,-0.01870242826,28.86206774,-0.02726143687
2,120,5.218362214,-16.92797851,15.97975775,-0.02867521726,0.1564758156,-0.02710116544,6.322452741,-9.216389868,-1.451527546,-0.01569729301,28.86998594,-0.02696090814
2,121,5.685655924,-17.01486532,16.08377734,-0.02842648223,0.1629439466,-0.02676815659,6.463608113,-9.490633426,-1.549280931,-0.01278274294,28.87841338,-0.02662798571
2,122,6.136624016,-17.10994573,16.19317565,-0.02813987657,0.1698472599,-0.02640125306,6.600315635,-9.781954791,-1.65242895,-0.009968095859,28.8873513,-0.0262611741
2,123,6.569855951,-17.21334597,16.30791451,-0.02781364973,0.1771889748,-0.02599895861,6.732440565,-10.09038632,-1.760946272,-0.007262669605,28.89680091,-0.02585897786
2,124,6.983941194,-17.32519227,16.42795574,-0.02744605113,0.1849723108,-0.02555977701,6.859848159,-10.41596039,-1.874807569,-0.004675782003,28.90676343,-0.02541990149
2,125,7.377469205,-17.44561087,16.55326116,-0.02703533021,0.1932004872,-0.025082212,6.982403677,-10.75870934,-1.993987508,-0.002216750882,28.9172401,-0.02494244953
2,126,7.74902945,-17.57472801,16.68379259,-0.0265797364,0.2018767234,-0.02456476735,7.099972374,-11.11866555,-2.11846076,0.0001051059325,28.92823212,-0.0244251265
2,127,8.09721139,-17.71266992,16.81951186,-0.02607751913,0.2110042388,-0.02400594681,7.212419508,-11.49586136,-2.248201995,0.002280470611,28.93974072,-0.02386643693
2,128,8.420604487,-17.85956283,16.96038079,-0.02552692784,0.2205862528,-0.02340425414,7.319610337,-11.89032916,-2.383185881,0.004300025327,28.95176713,-0.02326488536
2,129,8.717798206,-18.01553297,17.1063612,-0.02492621194,0.2306259848,-0.0227581931,7.421410119,-12.30210129,-2.52338709,0.006154452253,28.96431256,-0.02261897629
2,130,8.990301623,-18.18205729,17.25874754,-0.02426833094,0.2412183494,-0.02206059898,7.518724209,-12.73490211,-2.670042177,0.007851953096,28.97749057,-0.02192154738
2,131,9.23619598,-18.35651661,17.41550869,-0.02356275255,0.2522223168,-0.0213214866,7.611185147,-13.18260719,-2.821100706,0.009376687011,28.99111455,-0.02118261266
2,132,9.457008999,-18.5374668,17.57584936,-0.02281464447,0.2635797565,-0.02054607753,7.699571015,-13.64245329,-2.975675053,0.01073366155,29.0051003,-0.0204073943
2,133,9.654268403,-18.72346378,17.73897425,-0.02202917439,0.2752325381,-0.01973959334,7.784659898,-14.11167713,-3.132877593,0.01192788426,29.01936361,-0.01960111445
2,134,9.829501913,-18.91306342,17.90408806,-0.02121150999,0.2871225312,-0.0189072556,7.867229879,-14.58751546,-3.291820699,0.01296436269,29.03382029,-0.01876899524
2,135,9.984237252,-19.10482164,18.07039549,-0.02036681897,0.2991916053,-0.01805428588,7.948059041,-15.06720502,-3.451616748,0.0138481044,29.04838612,-0.01791625884
2,136,10.12000214,-19.29729431,18.23710124,-0.01950026903,0.31138163,-0.01718590574,8.027925467,-15.54798255,-3.611378115,0.01458411692,29.06297691,-0.01704812739
2,137,10.23832431,-19.48903733,18.40341002,-0.01861702784,0.323634475,-0.01630733675,8.107607242,-16.02708479,-3.770217173,0.01517740782,29.07750845,-0.01616982305
2,138,10.34073147,-19.6786066,18.56852652,-0.0177222631,0.3358920097,-0.01542380048,8.187882447,-16.50174848,-3.927246299,0.01563298463,29.09189654,-0.01528656796
2,139,10.42875134,-19.86455801,18.73165544,-0.0168211425,0.3480961037,-0.0145405185,8.269529168,-16.96921036,-4.081577866,0.01595585492,29.10605698,-0.01440358428
2,140,10.50391166,-20.04544746,18.89200149,-0.01591883373,0.3601886267,-0.01366271238,8.353325487,-17.42670718,-4.232324251,0.01615102622,29.11990556,-0.01352609415
2,141,10.56774014,-20.21983084,19.04876936,-0.01502050448,0.3721114481,-0.01279560368,8.440049488,-17.87147567,-4.378597828,0.01622350609,29.13335808,-0.01265931972
2,142,10.62176451,-20.38626403,19.20116377,-0.01413132244,0.3838064376,-0.01194441398,8.530479254,-18.30075258,-4.519510972,0.01617830208,29.14633033,-0.01180848315
2,143,10.66751248,-20.54330295,19.3483894,-0.0132564553,0.3952154647,-0.01111436483,8.625392868,-18.71177464,-4.654176057,0.01602042173,29.15873811,-0.01097880658
2,144,10.70651178,-20.68950347,19.48965096,-0.01240107075,0.4062803991,-0.01031067782,8.725568415,-19.1017786,-4.78170546,0.01575487261,29.17049723,-0.01017551217
2,145,10.74029014,-20.8234215,19.62415315,-0.01157033648,0.4169431102,-0.009538574506,8.831783977,-19.4680012,-4.901211554,0.01538666225,29.18152347,-0.009403822065
2,146,10.77037527,-20.94361292,19.75110068,-0.01076942019,0.4271454676,-0.008803276456,8.944817637,-19.80767918,-5.011806716,0.0149207982,29.19173263,-0.008668958415
2,147,10.79829489,-21.04863364,19.86969824,-0.01000348956,0.436829341,-0.008110005241,9.06544748,-20.11804928,-5.112603319,0.01436228802,29.20104052,-0.007976143371
2,148,10.82557673,-21.13703954,19.97915053,-0.009277712279,0.4459365999,-0.007463982428,9.194451589,-20.39634824,-5.202713739,0.01371613925,29.20936291,-0.007330599083
2,149,10.85374852,-21.20738653,20.07866226,-0.008597256043,0.4544091138,-0.006870429585,9.332608047,-20.6398128,-5.28125035,0.01298735945,29.21661563,-0.006737547701
2,150,10.88433797,-21.25823048,20.16743812,-0.00796728854,0.4621887524,-0.006334568281,9.480694937,-20.8456797,-5.347325528,0.01218095616,29.22271445,-0.006202211376
2,151,10.94905333,-21.33957874,20.33398196,-0.006759414939,0.4770394222,-0.005322449261,9.787793939,-21.2185517,-5.466607613,0.01049124506,29.23371912,-0.005191167888
2,152,11.01678056,-21.41754541,20.49334012,-0.005591455558,0.4912619974,-0.004348227877,10.09890586,-21.57519366,-5.58072564,0.008767082048,29.24424958,-0.004218027993
2,153,11.09310028,-21.49091007,20.64307589,-0.004483958824,0.5046362105,-0.003428065776,10.41337097,-21.91018348,-5.687938474,0.007058475984,29.25414459,-0.003298943257
2,154,11.18359309,-21.5584523,20.78075257,-0.003457473166,0.516941794,-0.002578124603,10.73052952,-22.2180991,-5.78650498,0.005415435739,29.26324291,-0.002450065245
2,155,11.2938396,-21.61895167,20.90393344,-0.00253254701,0.5279584807,-0.001814566006,11.04972178,-22.49351844,-5.874684023,0.00388797018,29.27138331,-0.00168754552
2,156,11.42942042,-21.67118777,21.0101818,-0.001729728784,0.537466003,-0.00115355163,11.37028802,-22.73101941,-5.950734467,0.002526088175,29.27840457,-0.001027535649
2,157,11.59591615,-21.71394017,21.09706095,-0.001069566916,0.5452440935,-0.0006112431227,11.69156849,-22.92517995,-6.012915179,0.001379798591,29.28414544,-0.000486187196
2,158,11.7989074,-21.74598843,21.16213417,-0.0005726098329,0.5510724848,-0.0002038021301,12.01290347,-23.07057798,-6.059485023,0.0004991102961,29.28844469,-7.965172551e-05
2,159,12.04397479,-21.76611215,21.20296477,-0.000259405963,0.5547309096,5.260970128e-05,12.33363321,-23.16179141,-6.088702864,-6.596784365e-05,29.29114109,0.0001759191975
2,160,12.33669892,-21.7730909,21.21711603,-0.0001505037334,0.5559991003,0.0001418307249,12.65309799,-23.19339818,-6.098827566,-0.0002654269604,29.29207341,0.0002643740081
2,161,13.01423429,-21.77308973,21.21711465,-0.0001507124045,0.5559983581,0.000142338014,13.33105824,-23.19338982,-6.09882279,-0.0002653843668,29.29206603,0.0002633375301
2,162,13.68425541,-21.77308857,21.21711329,-0.0001509187614,0.5559976242,0.0001428396771,14.00149953,-23.19338156,-6.098818067,-0.0002653422456,29.29205873,0.0002623125471
2,163,14.34635609,-21.77308743,21.21711195,-0.0001511226789,0.5559968989,0.0001433354098,14.66401542,-23.19337339,-6.098813399,-0.0002653006223,29.29205152,0.0002612996807
2,164,15.00013017,-21.7730863,21.21711062,-0.0001513240319,0.5559961827,0.0001438249083,15.31819948,-23.19336533,-6.09880879,-0.0002652595224,29.2920444,0.0002602995521
2,165,15.64517146,-21.77308518,21.21710931,-0.0001515226953,0.5559954762,0.0001443078682,15.96364528,-23.19335737,-6.098804243,-0.0002652189716,29.29203737,0.0002593127827
2,166,16.2810738,-21.77308408,21.21710802,-0.0001517185441,0.5559947796,0.0001447839856,16.59994639,-23.19334953,-6.09879976,-0.0002651789952,29.29203045,0.0002583399939
2,167,16.907431,-21.773083,21.21710675,-0.0001519114531,0.5559940935,0.0001452529562,17.22669637,-23.1933418,-6.098795345,-0.000265139619,29.29202363,0.000257381807
2,168,17.52383688,-21.77308194,21.21710549,-0.0001521012972,0.5559934183,0.0001457144761,17.84348881,-23.1933342,-6.098790999,-0.0002651008683,29.29201691,0.0002564388434
2,169,18.12988528,-21.77308089,21.21710426,-0.0001522879514,0.5559927544,0.000146168241,18.44991726,-23.19332673,-6.098786727,-0.0002650627687,29.29201031,0.0002555117245
2,170,18.72517002,-21.77307986,21.21710306,-0.0001524712905,0.5559921024,0.0001466139468,19.04557531,-23.19331938,-6.098782531,-0.0002650253459,29.29200383,0.0002546010716
2,171,19.30928492,-21.77307885,21.21710187,-0.0001526511895,0.5559914625,0.0001470512895,19.6300565,-23.19331218,-6.098778413,-0.0002649886252,29.29199747,0.000253707506
2,172,19.8818238,-21.77307786,21.21710071,-0.0001528275232,0.5559908354,0.000147479965,20.20295442,-23.19330512,-6.098774377,-0.0002649526322,29.29199123,0.0002528316491
2,173,20.44238049,-21.77307689,21.21709957,-0.0001530001666,0.5559902213,0.000147899669,20.76386264,-23.1932982,-6.098770425,-0.0002649173925,29.29198512,0.0002519741224
2,174,20.99054882,-21.77307595,21.21709846,-0.0001531689945,0.5559896209,0.0001483100975,21.31237472,-23.19329144,-6.098766561,-0.0002648829317,29.29197915,0.000251135547
2,175,21.5259226,-21.77307502,21.21709737,-0.000153333882,0.5559890344,0.0001487109464,21.84808424,-23.19328484,-6.098762786,-0.0002648492751,29.29197332,0.0002503165445
2,176,22.04809566,-21.77307412,21.21709631,-0.0001534947037,0.5559884624,0.0001491019116,22.37058475,-23.1932784,-6.098759105,-0.0002648164484,29.29196764,0.0002495177361
2,177,22.55666183,-21.77307324,21.21709528,-0.0001536513348,0.5559879054,0.0001494826889,22.87946984,-23.19327213,-6.09875552,-0.0002647844771,29.2919621,0.0002487397433
2,178,23.05121492,-21.77307239,21.21709427,-0.00015380365,0.5559873636,0.0001498529742,23.37433307,-23.19326603,-6.098752034,-0.0002647533868,29.29195671,0.0002479831873
2,179,23.53134877,-21.77307156,21.2170933,-0.0001539515243,0.5559868377,0.0001502124635,23.85476802,-23.1932601,-6.098748649,-0.000264723203,29.29195148,0.0002472486895
2,180,23.9966572,-21.77307075,21.21709235,-0.0001540948326,0.555986328,0.0001505608526,24.32036824,-23.19325437,-6.098745369,-0.0002646939511,29.29194641,0.0002465368714
2,181,24.44673402,-21.77306998,21.21709144,-0.0001542334498,0.555985835,0.0001508978373,24.77072731,-23.19324881,-6.098742196,-0.0002646656568,29.29194151,0.0002458483542
2,182,24.88117308,-21.77306923,21.21709056,-0.0001543672508,0.5559853591,0.0001512231136,25.2054388,-23.19324346,-6.098739133,-0.0002646383455,29.29193678,0.0002451837593
2,183,25.29956818,-21.7730685,21.21708971,-0.0001544961105,0.5559849008,0.0001515363774,25.62409627,-23.1932383,-6.098736184,-0.0002646120429,29.29193222,0.0002445437081
2,184,25.70151315,-21.77306781,21.21708889,-0.0001546199037,0.5559844605,0.0001518373245,26.02629331,-23.19323334,-6.09873335,-0.0002645867744,29.29192784,0.0002439288219
2,185,26.08660182,-21.77306714,21.21708811,-0.0001547385055,0.5559840387,0.0001521256509,26.41162347,-23.19322859,-6.098730636,-0.0002645625656,29.29192365,0.000243339722
2,186,26.45442801,-21.77306651,21.21708736,-0.0001548517906,0.5559836358,0.0001524010524,26.77968032,-23.19322405,-6.098728043,-0.0002645394421,29.29191964,0.00024277703
2,187,26.80458555,-21.7730659,21.21708665,-0.0001549596341,0.5559832522,0.0001526632248,27.13005744,-23.19321973,-6.098725574,-0.0002645174292,29.29191583,0.000242241367
2,188,27.13666826,-21.77306533,21.21708598,-0.0001550619108,0.5559828884,0.0001529118642,27.4623484,-23.19321564,-6.098723233,-0.0002644965527,29.29191221,0.0002417333545
2,189,27.45026996,-21.77306479,21.21708534,-0.0001551584956,0.5559825449,0.0001531466663,27.77614676,-23.19321177,-6.098721022,-0.0002644768379,29.2919088,0.0002412536138
2,190,27.74498447,-21.77306428,21.21708474,-0.0001552492635,0.5559822221,0.0001533673271,28.07104609,-23.19320813,-6.098718945,-0.0002644583106,29.29190559,0.0002408027663
2,191,28.02040563,-21.7730638,21.21708418,-0.0001553340892,0.5559819204,0.0001535735424,28.34663997,-23.19320474,-6.098717003,-0.0002644409961,29.29190259,0.0002403814333
2,192,28.27612726,-21.77306336,21.21708366,-0.0001554128478,0.5559816403,0.0001537650081,28.60252195,-23.19320158,-6.098715201,-0.00026442492,29.2918998,0.0002399902363
2,193,28.51174317,-21.77306296,21.21708319,-0.0001554854141,0.5559813822,0.0001539414201,28.83828562,-23.19319868,-6.09871354,-0.0002644101079,29.29189723,0.0002396297964
2,194,28.72684719,-21.77306258,21.21708275,-0.000155551663,0.5559811466,0.0001541024744,29.05352454,-23.19319602,-6.098712023,-0.0002643965853,29.29189489,0.0002393007352
2,195,28.92103316,-21.77306225,21.21708236,-0.0001556114695,0.5559809338,0.0001542478667,29.24783228,-23.19319363,-6.098710654,-0.0002643843777,29.29189278,0.000239003674
2,196,29.09389488,-21.77306195,21.217082,-0.0001556647084,0.5559807445,0.0001543772929,29.4208024,-23.1931915,-6.098709436,-0.0002643735106,29.29189089,0.0002387392341
2,197,29.24502619,-21.77306169,21.2170817,-0.0001557112547,0.5559805789,0.0001544904491,29.57202849,-23.19318963,-6.09870837,-0.0002643640097,29.29188925,0.0002385080369
2,198,29.37402091,-21.77306147,21.21708144,-0.0001557509832,0.5559804376,0.0001545870309,29.7011041,-23.19318804,-6.098707461,-0.0002643559003,29.29188784,0.0002383107037
2,199,29.48047286,-21.77306128,21.21708122,-0.0001557837689,0.555980321,0.0001546667344,29.80762281,-23.19318673,-6.09870671,-0.0002643492082,29.29188668,0.000238147856
2,200,29.56397588,-21.77306114,21.21708105,-0.0001558094866,0.5559802296,0.0001547292554,29.89117818,-23.1931857,-6.098706122,-0.0002643439587,29.29188577,0.000238020115
2,201,29.62412377,-21.77306103,21.21708093,-0.0001558280113,0.5559801637,0.0001547742897,29.95136379,-23.19318496,-6.098705698,-0.0002643401775,29.29188512,0.0002379281021
2,202,29.66051036,-21.77306097,21.21708085,-0.0001558392178,0.5559801238,0.0001548015333,29.98777321,-23.19318451,-6.098705441,-0.00026433789,29.29188472,0.0002378724387
2,203,29.67272949,-21.77306095,21.21708083,-0.0001558429812,0.5559801104,0.0001548106821,30,-23.19318436,-6.098705355,-0.0002643371219,29.29188459,0.0002378537462
3,0,-30.29106333,-21.77316453,21.21720257,-0.0001373749966,0.5560457946,0.0001099141608,-30.00139617,-23.19392394,-6.099128073,-0.0002681067767,29.2925377,0.0003295849811
3,1,-30.2788442,-21.77316451,21.21720254,-0.0001373787599,0.5560457812,0.0001099233096,-29.98916938,-23.19392379,-6.099127987,-0.0002681060085,29.29253757,0.0003295662885
3,2,-30.2424576,-21.77316445,21.21720247,-0.0001373899664,0.5560457413,0.0001099505532,-29.95275996,-23.19392334,-6.099127731,-0.0002681037211,29.29253717,0.0003295106251
3,3,-30.18230971,-21.77316435,21.21720235,-0.0001374084911,0.5560456754,0.0001099955876,-29.89257435,-23.1939226,-6.099127307,-0.0002680999398,29.29253652,0.0003294186123
3,4,-30.0988067,-21.7731642,21.21720218,-0.0001374342088,0.556045584,0.0001100581085,-29.80901897,-23.19392157,-6.099126718,-0.0002680946904,29.29253561,0.0003292908713
3,5,-29.99235475,-21.77316402,21.21720196,-0.0001374669945,0.5560454674,0.000110137812,-29.70250027,-23.19392025,-6.099125968,-0.0002680879982,29.29253445,0.0003291280235
3,6,-29.86336003,-21.7731638,21.2172017,-0.000137506723,0.5560453261,0.0001102343939,-29.57342465,-23.19391866,-6.099125058,-0.0002680798889,29.29253304,0.0003289306904
3,7,-29.71222872,-21.77316353,21.21720139,-0.0001375532693,0.5560451605,0.00011034755,-29.42219857,-23.1939168,-6.099123993,-0.0002680703879,29.2925314,0.0003286994932
3,8,-29.53936699,-21.77316324,21.21720104,-0.0001376065082,0.5560449712,0.0001104769762,-29.24922844,-23.19391467,-6.099122774,-0.0002680595209,29.29252951,0.0003284350533
3,9,-29.34518103,-21.7731629,21.21720065,-0.0001376663147,0.5560447584,0.0001106223686,-29.0549207,-23.19391227,-6.099121405,-0.0002680473133,29.2925274,0.000328137992
3,10,-29.130077,-21.77316253,21.21720021,-0.0001377325636,0.5560445228,0.0001107834228,-28.83968179,-23.19390962,-6.099119889,-0.0002680337907,29.29252506,0.0003278089308
3,11,-28.89446109,-21.77316212,21.21719973,-0.0001378051299,0.5560442647,0.0001109598348,-28.60391812,-23.19390671,-6.099118228,-0.0002680189786,29.29252249,0.000327448491
3,12,-28.63873947,-21.77316168,21.21719922,-0.0001378838885,0.5560439846,0.0001111513006,-28.34803613,-23.19390356,-6.099116425,-0.0002680029025,29.29251971,0.0003270572939
3,13,-28.36331831,-21.7731612,21.21719866,-0.0001379687143,0.5560436829,0.0001113575159,-28.07244226,-23.19390016,-6.099114484,-0.000267985588,29.29251671,0.000326635961
3,14,-28.06860379,-21.77316069,21.21719806,-0.0001380594821,0.5560433601,0.0001115781766,-27.77754293,-23.19389653,-6.099112406,-0.0002679670606,29.2925135,0.0003261851134
3,15,-27.75500209,-21.77316015,21.21719742,-0.0001381560669,0.5560430166,0.0001118129787,-27.46374457,-23.19389266,-6.099110195,-0.0002679473459,29.29251008,0.0003257053728
3,16,-27.42291939,-21.77315958,21.21719675,-0.0001382583436,0.5560426528,0.0001120616181,-27.13145361,-23.19388856,-6.099107854,-0.0002679264693,29.29250646,0.0003251973603
3,17,-27.07276185,-21.77315897,21.21719604,-0.0001383661871,0.5560422692,0.0001123237906,-26.78107649,-23.19388425,-6.099105386,-0.0002679044565,29.29250265,0.0003246616973
3,18,-26.70493566,-21.77315834,21.21719529,-0.0001384794722,0.5560418663,0.000112599192,-26.41301963,-23.19387971,-6.099102793,-0.0002678813329,29.29249864,0.0003240990052
3,19,-26.31984699,-21.77315767,21.21719451,-0.000138598074,0.5560414445,0.0001128875184,-26.02768947,-23.19387496,-6.099100078,-0.0002678571241,29.29249445,0.0003235099054
3,20,-25.91790201,-21.77315698,21.21719369,-0.0001387218673,0.5560410042,0.0001131884655,-25.62549244,-23.19387,-6.099097245,-0.0002678318556,29.29249007,0.0003228950192
3,21,-25.49950691,-21.77315626,21.21719284,-0.0001388507269,0.5560405459,0.0001135017293,-25.20683496,-23.19386484,-6.099094295,-0.000267805553,29.29248551,0.000322254968
3,22,-25.06506786,-21.77315551,21.21719196,-0.0001389845279,0.55604007,0.0001138270056,-24.77212347,-23.19385948,-6.099091232,-0.0002677782418,29.29248078,0.0003215903731
3,23,-24.61499103,-21.77315473,21.21719105,-0.0001391231451,0.556039577,0.0001141639904,-24.3217644,-23.19385393,-6.09908806,-0.0002677499475,29.29247588,0.0003209018559
3,24,-24.14968261,-21.77315392,21.2171901,-0.0001392664534,0.5560390673,0.0001145123794,-23.85616418,-23.19384819,-6.099084779,-0.0002677206956,29.29247081,0.0003201900377
3,25,-23.66954876,-21.7731531,21.21718913,-0.0001394143277,0.5560385414,0.0001148718687,-23.37572924,-23.19384227,-6.099081395,-0.0002676905117,29.29246558,0.00031945554
3,26,-23.17499566,-21.77315224,21.21718812,-0.0001395666429,0.5560379996,0.000115242154,-22.88086601,-23.19383617,-6.099077908,-0.0002676594214,29.2924602,0.000318698984
3,27,-22.6664295,-21.77315136,21.21718709,-0.000139723274,0.5560374426,0.0001156229313,-22.37198092,-23.1938299,-6.099074323,-0.0002676274501,29.29245466,0.0003179209911
3,28,-22.14425643,-21.77315046,21.21718603,-0.0001398840958,0.5560368706,0.0001160138965,-21.8494804,-23.19382346,-6.099070642,-0.0002675946235,29.29244897,0.0003171221827
3,29,-21.60888265,-21.77314954,21.21718494,-0.0001400489832,0.5560362841,0.0001164147454,-21.31377089,-23.19381685,-6.099066868,-0.0002675609669,29.29244314,0.0003163031802
3,30,-21.06071433,-21.77314859,21.21718383,-0.0001402178111,0.5560356837,0.0001168251739,-20.76525881,-23.19381009,-6.099063003,-0.000267526506,29.29243717,0.0003154646049
3,31,-20.50015764,-21.77314762,21.21718269,-0.0001403904545,0.5560350696,0.000117244878,-20.20435059,-23.19380318,-6.099059052,-0.0002674912663,29.29243106,0.0003146070781
3,32,-19.92761876,-21.77314663,21.21718153,-0.0001405667882,0.5560344425,0.0001176735534,-19.63145267,-23.19379612,-6.099055016,-0.0002674552734,29.29242483,0.0003137312213
3,33,-19.34350386,-21.77314562,21.21718034,-0.0001407466872,0.5560338026,0.0001181108961,-19.04697147,-23.19378891,-6.099050898,-0.0002674185527,29.29241846,0.0003128376557
3,34,-18.74821912,-21.77314459,21.21717914,-0.0001409300263,0.5560331506,0.0001185566019,-18.45131343,-23.19378157,-6.099046701,-0.0002673811298,29.29241198,0.0003119270028
3,35,-18.14217072,-21.77314355,21.2171779,-0.0001411166805,0.5560324867,0.0001190103668,-17.84488498,-23.1937741,-6.099042429,-0.0002673430303,29.29240538,0.0003109998838
3,36,-17.52576483,-21.77314248,21.21717665,-0.0001413065247,0.5560318115,0.0001194718867,-17.22809254,-23.19376649,-6.099038084,-0.0002673042796,29.29239867,0.0003100569202
3,37,-16.89940763,-21.7731414,21.21717538,-0.0001414994337,0.5560311254,0.0001199408573,-16.60134255,-23.19375877,-6.099033668,-0.0002672649033,29.29239184,0.0003090987333
3,38,-16.2635053,-21.7731403,21.21717409,-0.0001416952824,0.5560304288,0.0001204169747,-15.96504144,-23.19375093,-6.099029185,-0.000267224927,29.29238492,0.0003081259445
3,39,-15.618464,-21.77313919,21.21717278,-0.0001418939458,0.5560297222,0.0001208999347,-15.31959564,-23.19374297,-6.099024638,-0.0002671843761,29.29237789,0.0003071391752
3,40,-14.96468993,-21.77313806,21.21717145,-0.0001420952988,0.5560290061,0.0001213894331,-14.66541158,-23.19373491,-6.099020029,-0.0002671432763,29.29237077,0.0003061390466
3,41,-14.30258924,-21.77313691,21.21717011,-0.0001422992163,0.5560282808,0.0001218851659,-14.00289569,-23.19372674,-6.099015362,-0.000267101653,29.29236356,0.0003051261801
3,42,-13.99035498,-21.76931719,21.20784011,-0.0002619680229,0.5551941361,-1.211856886e-05,-13.66201775,-23.17246351,-6.092462533,-0.0006627383534,29.29165478,0.0001703194153
3,43,-13.71018222,-21.75826319,21.18087052,-0.0006002172252,0.552787553,-0.0003926195413,-13.29889875,-23.11098685,-6.073509411,-0.001804568581,29.28961922,-0.0002110865597
3,44,-13.46062237,-21.74058095,21.13778996,-0.001126214746,0.5489512276,-0.0009866139764,-12.91594882,-23.01275412,-6.04320709,-0.003624910527,29.28638228,-0.0008060789984
3,45,-13.24022684,-21.71687652,21.08012707,-0.001809128508,0.5438278559,-0.001761098099,-12.51557808,-22.88122268,-6.002606664,-0.006056082379,29.28206938,-0.001581645154
3,46,-13.04754703,-21.68775592,21.00941047,-0.002618126434,0.5375601342,-0.002683068135,-12.10019666,-22.7198499,-5.952759226,-0.009030402327,29.27680593,-0.002504772281
3,47,-12.88113437,-21.65382521,20.92716877,-0.003522376447,0.5302907586,-0.003719520308,-11.67221467,-22.53209315,-5.894715871,-0.01248018856,29.27071735,-0.003542447633
3,48,-12.73954024,-21.61569042,20.83493061,-0.004491046468,0.5221624251,-0.004837450844,-11.23404226,-22.32140978,-5.829527693,-0.01633775927,29.26392904,-0.004661658462
3,49,-12.62131606,-21.57395759,20.73422461,-0.005493304423,0.5133178299,-0.006003855968,-10.78808953,-22.09125717,-5.758245785,-0.02053543265,29.25656643,-0.005829392023
3,50,-12.52501325,-21.52923277,20.62657939,-0.006498318231,0.503899669,-0.007185731905,-10.33676662,-21.84509268,-5.681921241,-0.02500552688,29.24875492,-0.007012635569
3,51,-12.44918319,-21.48212199,20.51352359,-0.007475255818,0.4940506387,-0.008350074879,-9.882483648,-21.58637367,-5.601605156,-0.02968036015,29.24061992,-0.008178376354
3,52,-12.39237732,-21.43323129,20.39658581,-0.008393285105,0.4839134351,-0.009463881117,-9.42765074,-21.31855751,-5.518348623,-0.03449225066,29.23228685,-0.009293601631
3,53,-12.35314702,-21.38316672,20.27729469,-0.009221574014,0.4736307542,-0.01049414684,-8.97467802,-21.04510156,-5.433202736,-0.03937351659,29.22388113,-0.01032529865
3,54,-12.33004371,-21.33253431,20.15717886,-0.00992929047,0.4633452922,-0.01140786828,-8.525975613,-20.76946319,-5.34721859,-0.04425647614,29.21552816,-0.01124045468
3,55,-12.32138927,-21.28508906,20.0451679,-0.01046159396,0.453822678,-0.01213471846,-8.111710859,-20.51213254,-5.26678372,-0.04877372868,29.20785118,-0.01196864311
3,56,-12.32226444,-21.23771909,19.93388771,-0.01087473428,0.4444234959,-0.0127422541,-7.703581139,-20.25623704,-5.186643562,-0.05320915653,29.20032788,-0.01257750732
3,57,-12.32933894,-21.19046621,19.82345237,-0.0111821952,0.4351485968,-0.01324218112,-7.301868691,-20.00209484,-5.106906363,-0.05753874787,29.19295582,-0.01307874855
3,58,-12.33928252,-21.14337222,19.71397594,-0.01139746049,0.425998832,-0.01364620544,-6.906855755,-19.7500241,-5.027680368,-0.0617384909,29.1857326,-0.01348406804
3,59,-12.34876488,-21.09647894,19.60557251,-0.01153401393,0.4169750525,-0.013966033,-6.518824568,-19.50034298,-4.949073825,-0.06578437379,29.17865579,-0.01380516701
3,60,-12.35445578,-21.04982818,19.49835614,-0.01160533928,0.4080781094,-0.01421336972,-6.13805737,-19.25336963,-4.87119498,-0.06965238475,29.17172297,-0.0140537467
3,61,-12.35302492,-21.00346175,19.3924409,-0.01162492032,0.399308854,-0.01439992153,-5.7648364,-19.0094222,-4.794152078,-0.07331851195,29.16493172,-0.01424150834
3,62,-12.34114205,-20.95742144,19.28794087,-0.01160624082,0.3906681372,-0.01453739435,-5.399443897,-18.76881887,-4.718053367,-0.07675874359,29.15827961,-0.01438015318
3,63,-12.32628377,-20.92394233,19.22545105,-0.01173571721,0.3857639929,-0.01473028488,-5.216052661,-18.62005781,-4.669143123,-0.07851986475,29.15392439,-0.01457361345
3,64,-12.29465102,-20.86977218,19.14154986,-0.01211990493,0.3795856677,-0.01515374076,-5.023451679,-18.41278254,-4.59824006,-0.08042413396,29.14750377,-0.01499763365
3,65,-12.24824634,-20.79685408,19.03847755,-0.0127250728,0.3722740476,-0.01577636198,-4.82263128,-18.15297576,-4.507586753,-0.08244349642,29.13923877,-0.01562081366
3,66,-12.18907221,-20.7071311,18.91847432,-0.01351748967,0.3639700187,-0.01656674852,-4.614581793,-17.84662018,-4.399425776,-0.08454989734,29.1293504,-0.01641175335
3,67,-12.11913116,-20.60254632,18.78378041,-0.01446342438,0.3548144668,-0.01749350036,-4.400293545,-17.49969852,-4.275999704,-0.08671528192,29.11805965,-0.01733905261
3,68,-12.04042571,-20.48504281,18.63663605,-0.01552914576,0.344948278,-0.01852521748,-4.180756867,-17.11819349,-4.139551112,-0.08891159536,29.10558754,-0.01837131129
3,69,-11.95495835,-20.35656365,18.47928147,-0.01668092265,0.3345123383,-0.01963049986,-3.956962086,-16.70808778,-3.992322575,-0.09111078286,29.09215506,-0.01947712928
3,70,-11.8647316,-20.21905193,18.31395688,-0.01788502388,0.3236475335,-0.02077794749,-3.729899531,-16.27536412,-3.836556668,-0.09328478962,29.07798323,-0.02062510646
3,71,-11.77174799,-20.07445072,18.14290251,-0.01910771829,0.3124947497,-0.02193616035,-3.50055953,-15.82600521,-3.674495964,-0.09540556084,29.06329305,-0.02178384269
3,72,-11.67801,-19.92470309,17.9683586,-0.02031527472,0.3011948729,-0.02307373841,-3.269932413,-15.36599376,-3.50838304,-0.09744504172,29.04830552,-0.02292193785
3,73,-11.58552017,-19.77175213,17.79256537,-0.02147396201,0.289888789,-0.02415928166,-3.039008508,-14.90131249,-3.340460469,-0.09937517747,29.03324166,-0.02400799182
3,74,-11.496281,-19.6175409,17.61776304,-0.02255004899,0.2787173841,-0.02516139009,-2.808778144,-14.43794409,-3.172970827,-0.1011679133,29.01832246,-0.02501060446
3,75,-11.412295,-19.4640125,17.44619185,-0.0235098045,0.267821544,-0.02604866367,-2.580231649,-13.98187128,-3.008156688,-0.1027951944,29.00376893,-0.02589837566
3,76,-11.33368488,-19.3106353,17.2773642,-0.0243380468,0.2571685569,-0.0268067854,-2.35090931,-13.53178903,-2.845620138,-0.1042529091,28.98956532,-0.02665699521
3,77,-11.25963392,-19.16006364,17.11424678,-0.02502527014,0.2469365853,-0.02742718342,-2.124127488,-13.09555696,-2.688236705,-0.1055107669,28.97595533,-0.02727788315
3,78,-11.18723418,-19.01240064,16.95691904,-0.02558489055,0.2371180598,-0.02792262969,-1.899674587,-12.67336009,-2.53609813,-0.1065680584,28.96292883,-0.02777381042
3,79,-11.11357774,-18.86774942,16.80546041,-0.02603032404,0.2277054109,-0.02830589615,-1.67733901,-12.26538341,-2.389296157,-0.1074240745,28.95047568,-0.02815754797
3,80,-11.03575665,-18.72621312,16.65995036,-0.0263749866,0.2186910693,-0.02858975475,-1.45690916,-11.87181194,-2.247922528,-0.1080781058,28.93858572,-0.02844186673
3,81,-10.95086299,-18.58789486,16.52046833,-0.02663229425,0.2100674656,-0.02878697744,-1.238173439,-11.49283067,-2.112068984,-0.1085294432,28.92724883,-0.02863953767
3,82,-10.85598882,-18.45289776,16.38709377,-0.026815663,0.2018270303,-0.02891033617,-1.020920251,-11.12862461,-1.981827269,-0.1087773774,28.91645485,-0.02876333172
3,83,-10.7482262,-18.32132496,16.25990613,-0.02693850886,0.1939621941,-0.02897260288,-0.8049379975,-10.77937876,-1.857289124,-0.1088211991,28.90619364,-0.02882601983
3,84,-10.69184473,-18.24651471,16.18843081,-0.0270561268,0.1906203803,-0.02906099162,-0.6964538791,-10.58479097,-1.781551607,-0.1088624436,28.90010498,-0.0289146142
3,85,-10.62950615,-18.15451748,16.10200706,-0.02728006415,0.1883977335,-0.02925739831,-0.586624382,-10.35228211,-1.680251244,-0.108930594,28.89219811,-0.02911121703
3,86,-10.55993677,-18.04682147,16.0020473,-0.02760103091,0.1872129769,-0.02955199043,-0.4752340755,-10.08538853,-1.555635722,-0.109007943,28.88263526,-0.02940599618
3,87,-10.4818629,-17.92491493,15.88996395,-0.02800973709,0.186984834,-0.02993493545,-0.3620675288,-9.787646584,-1.409952733,-0.1090767834,28.87157866,-0.02978911949
3,88,-10.39401085,-17.79028606,15.76716944,-0.02849689269,0.187632028,-0.03039640085,-0.2469093115,-9.462592628,-1.245449965,-0.1091194076,28.85919056,-0.03025075481
3,89,-10.29510695,-17.6444231,15.63507619,-0.02905320771,0.1890732823,-0.0309265541,-0.1295439927,-9.113763016,-1.064375108,-0.1091181084,28.84563317,-0.03078106998
3,90,-10.18387749,-17.48881426,15.49509661,-0.02966939216,0.1912273202,-0.03151556269,-0.009756141814,-8.744694102,-0.8689758517,-0.1090551785,28.83106873,-0.03137023285
3,91,-10.05904878,-17.32494778,15.34864314,-0.03033615605,0.1940128651,-0.03215359408,0.1126696718,-8.35892224,-0.6614998854,-0.1089129103,28.81565949,-0.03200841127
3,92,-9.919347155,-17.15431187,15.1971282,-0.03104420937,0.1973486403,-0.03283081575,0.2379488788,-7.959983785,-0.4441948986,-0.1086735966,28.79956766,-0.03268577307
3,93,-9.763498908,-16.97839475,15.04196421,-0.03178426213,0.2011533692,-0.03353739518,0.3662969099,-7.551415089,-0.219308581,-0.1083195301,28.78295548,-0.03339248612
3,94,-9.590230357,-16.79868466,14.8845636,-0.03254702434,0.205345775,-0.03426349984,0.4979291958,-7.136752508,0.01091137789,-0.1078330033,28.76598519,-0.03411871824
3,95,-9.398267812,-16.61666981,14.72633878,-0.03332320599,0.2098445812,-0.03499929721,0.6330611671,-6.719532396,0.2442172886,-0.107196309,28.74881901,-0.03485463729
3,96,-9.186337586,-16.43383843,14.56870218,-0.03410351709,0.214568511,-0.03573495477,0.7719082544,-6.303291106,0.4783614616,-0.1063917397,28.73161918,-0.03559041112
3,97,-8.95316599,-16.25167875,14.41306623,-0.03487866765,0.2194362878,-0.03646063999,0.9146858885,-5.891564994,0.7110962072,-0.105401588,28.71454794,-0.03631620756
3,98,-8.697479337,-16.07167897,14.26084335,-0.03563936766,0.224366635,-0.03716652035,1.0616095,-5.487890412,0.9401738361,-0.1042081467,28.69776751,-0.03702219447
3,99,-8.418003937,-15.89532734,14.11344595,-0.03637632713,0.2292782758,-0.03784276332,1.21289452,-5.095803716,1.163346659,-0.1027937084,28.68144013,-0.03769853969
3,100,-8.113466103,-15.72411206,13.97228648,-0.03708025607,0.2340899337,-0.03847953638,1.368756378,-4.718841258,1.378366985,-0.1011405657,28.66572804,-0.03833541106
3,101,-7.782592147,-15.55952137,13.83877733,-0.03774186448,0.2387203319,-0.039067007,1.529410506,-4.360539395,1.582987126,-0.0992310112,28.65079345,-0.03892297643
3,102,-7.426295701,-15.40347933,13.7146097,-0.03835115418,0.2430835548,-0.03959519591,1.694214847,-4.025265958,1.774527001,-0.09706396552,28.63683022,-0.03945125649
3,103,-7.044744318,-15.25558692,13.59936596,-0.03891107535,0.247188658,-0.04006715062,1.863453497,-3.71199935,1.953556011,-0.09464660583,28.62379572,-0.03992329944
3,104,-6.640052547,-15.11595156,13.49298614,-0.03942342076,0.2510377726,-0.04048525715,2.03659665,-3.420742662,2.120101076,-0.09200035122,28.6116871,-0.04034149157
3,105,-6.214334936,-14.9846807,13.39541027,-0.03988998316,0.2546330299,-0.04085190154,2.213114504,-3.151498986,2.274189115,-0.08914662077,28.60050153,-0.04070821915
3,106,-5.769706033,-14.86188177,13.30657837,-0.04031255531,0.2579765612,-0.04116946981,2.392477255,-2.904271413,2.415847047,-0.08610683356,28.59023616,-0.04102586847
3,107,-5.308280387,-14.74766221,13.22643047,-0.04069292999,0.2610704977,-0.04144034799,2.574155099,-2.679063034,2.54510179,-0.08290240868,28.58088816,-0.04129682582
3,108,-4.832172546,-14.64212944,13.15490658,-0.04103289996,0.2639169707,-0.0416669221,2.757618233,-2.475876941,2.661980265,-0.0795547652,28.57245469,-0.04152347747
3,109,-4.34349706,-14.54539091,13.09194673,-0.04133425797,0.2665181116,-0.04185157817,2.942336853,-2.294716224,2.76650939,-0.07608532221,28.5649329,-0.04170820973
3,110,-3.844368476,-14.45755405,13.03749095,-0.04159879678,0.2688760515,-0.04199670224,3.127781155,-2.135583975,2.858716085,-0.07251549878,28.55831995,-0.04185340886
3,111,-3.336901344,-14.37872628,12.99147926,-0.04182830917,0.2709929218,-0.04210468032,3.313421335,-1.998483285,2.938627268,-0.068866714,28.55261301,-0.04196146115
3,112,-2.823210211,-14.30901505,12.95385167,-0.0420245879,0.2728708536,-0.04217789844,3.498727591,-1.883417246,3.006269859,-0.06516038695,28.54780923,-0.04203475289
3,113,-2.305409627,-14.2485278,12.92454823,-0.04218942572,0.2745119784,-0.04221874264,3.683170118,-1.790388948,3.061670776,-0.06141793671,28.54390578,-0.04207567036
3,114,-1.785614139,-14.19737195,12.90350894,-0.04232461541,0.2759184273,-0.04222959894,3.866219113,-1.719401483,3.10485694,-0.05766078236,28.54089981,-0.04208659984
3,115,-1.265938296,-14.15565494,12.89067384,-0.04243194971,0.2770923316,-0.04221285337,4.047344773,-1.670457941,3.135855268,-0.05391034299,28.53878848,-0.04206992762
3,116,-0.7484966478,-14.1234842,12.88598295,-0.04251322141,0.2780358226,-0.04217089195,4.226017292,-1.643561415,3.154692681,-0.05018803767,28.53756895,-0.04202803999
3,117,-0.2354037417,-14.10096717,12.88937628,-0.04257022325,0.2787510315,-0.04210610071,4.401706869,-1.638714996,3.161396097,-0.04651528548,28.53723838,-0.04196332322
3,118,0.2712258736,-14.08821129,12.90079387,-0.042604748,0.2792400898,-0.04202086568,4.573883699,-1.655921774,3.155992436,-0.04291350551,28.53779394,-0.04187816361
3,119,0.7692776494,-14.08532398,12.92017574,-0.04261858843,0.2795051285,-0.04191757289,4.742017978,-1.695184841,3.138508617,-0.03940411683,28.53923278,-0.04177494743
3,120,1.256637037,-14.09241269,12.94746191,-0.04261353729,0.279548279,-0.04179860836,4.905579904,-1.756507288,3.108971558,-0.03600853854,28.54155205,-0.04165606097
3,121,1.731189488,-14.10958484,12.9825924,-0.04259138736,0.2793716725,-0.04166635812,5.064039672,-1.839892206,3.067408179,-0.0327481897,28.54474893,-0.04152389051
3,122,2.190820455,-14.13694788,13.02550725,-0.04255393138,0.2789774404,-0.0415232082,5.216867479,-1.945342687,3.013845399,-0.0296444894,28.54882057,-0.04138082234
3,123,2.633415387,-14.17460923,13.07614647,-0.04250296213,0.2783677138,-0.04137154463,5.36353352,-2.072861822,2.948310137,-0.02671885673,28.55376413,-0.04122924274
3,124,3.056859738,-14.22267633,13.13445008,-0.04244027237,0.2775446242,-0.04121375344,5.503507994,-2.222452702,2.870829312,-0.02399271075,28.55957677,-0.041071538
3,125,3.459038957,-14.28125661,13.20035811,-0.04236765486,0.2765103026,-0.04105222064,5.636261095,-2.394118418,2.781429844,-0.02148747057,28.56625565,-0.0409100944
3,126,3.837838498,-14.35045752,13.27381059,-0.04228690237,0.2752668805,-0.04088933227,5.76126302,-2.587862062,2.680138652,-0.01922455524,28.57379792,-0.04074729822
3,127,4.191143811,-14.43038647,13.35474754,-0.04219980765,0.273816489,-0.04072747436,5.877983966,-2.803686724,2.566982654,-0.01722538387,28.58220076,-0.04058553575
3,128,4.518273008,-14.52123788,13.4432952,-0.04210672483,0.272162481,-0.04056724635,5.986336614,-3.041995718,2.441783788,-0.01549944178,28.59147765,-0.04042540684
3,129,4.819730328,-14.62224527,13.53905766,-0.04200356424,0.2703369877,-0.04040433903,6.086497498,-3.301377265,2.30533939,-0.01403208844,28.60157447,-0.04026260189
3,130,5.097582943,-14.73267802,13.6417902,-0.041884819,0.2683743285,-0.04023264051,6.179127209,-3.580715607,2.15829767,-0.01279540403,28.61244941,-0.04009100873
3,131,5.353898023,-14.85180551,13.75124811,-0.04174498226,0.2663088227,-0.04004603887,6.26488634,-3.878894984,2.001306839,-0.01176146875,28.62406062,-0.0399045152
3,132,5.590742737,-14.97889712,13.86718666,-0.04157854718,0.2641747896,-0.03983842221,6.344435481,-4.194799639,1.835015107,-0.01090236278,28.63636628,-0.03969700911
3,133,5.810184256,-15.1132222,13.98936114,-0.04138000688,0.2620065486,-0.03960367862,6.418435226,-4.527313813,1.660070684,-0.01019016633,28.64932457,-0.0394623783
3,134,6.014289751,-15.25405014,14.11752682,-0.04114385452,0.2598384189,-0.03933569619,6.487546164,-4.875321746,1.477121781,-0.009596959578,28.66289365,-0.03919451061
3,135,6.20512639,-15.40065032,14.25143899,-0.04086458324,0.2577047199,-0.03902836302,6.55242889,-5.23770768,1.286816609,-0.009094822725,28.6770317,-0.03888729385
3,136,6.384761345,-15.55229209,14.39085293,-0.04053668618,0.2556397709,-0.03867556721,6.613743993,-5.613355856,1.089803377,-0.008655835962,28.69169688,-0.03853461587
3,137,6.555261785,-15.70824485,14.53552391,-0.04015465649,0.2536778912,-0.03827119683,6.672152066,-6.001150516,0.8867302953,-0.008252079482,28.70684737,-0.03813036449
3,138,6.718694882,-15.86777796,14.68520722,-0.0397129873,0.2518534001,-0.03780914,6.728313701,-6.399975901,0.6782455752,-0.007855633479,28.72244134,-0.03766842754
3,139,6.877127804,-16.0301608,14.83965813,-0.03920617178,0.250200617,-0.03728328479,6.782889489,-6.808716252,0.4649974266,-0.007438578145,28.73843695,-0.03714269286
3,140,7.032627723,-16.19466274,14.99863194,-0.03862870304,0.2487538612,-0.03668751931,6.836540023,-7.22625581,0.2476340598,-0.006972993672,28.75479239,-0.03654704826
3,141,7.187261808,-16.36055316,15.16188391,-0.03797507425,0.2475474519,-0.03601573165,6.889925893,-7.651478818,0.02680368525,-0.006430960255,28.77146583,-0.0358753816
3,142,7.34309723,-16.52710142,15.32916933,-0.03723977854,0.2466157086,-0.03526180989,6.943707692,-8.083269515,-0.1968454867,-0.005784558086,28.78841543,-0.03512158068
3,143,7.502201159,-16.6935769,15.50024348,-0.03641730907,0.2459929506,-0.03441964215,6.998546011,-8.520512143,-0.4226652458,-0.005005867357,28.80559936,-0.03427953335
3,144,7.663911075,-16.85714509,15.67242041,-0.03551801776,0.2457106344,-0.03349941862,7.054191664,-8.95615763,-0.6469274673,-0.004088584082,28.82273865,-0.03335942805
3,145,7.82951908,-17.01948403,15.84692435,-0.0345431721,0.2457708604,-0.03250233679,7.111183031,-9.393953376,-0.871353598,-0.003037930563,28.83996472,-0.03236246385
3,146,7.99772548,-17.18014714,16.0226299,-0.03350750311,0.2461817386,-0.03144345772,7.16919309,-9.831825534,-1.094624514,-0.001876604536,28.85717681,-0.03130370184
3,147,8.167230582,-17.3386878,16.19841165,-0.03242574185,0.2469513789,-0.03033784245,7.227894819,-10.26770025,-1.315421093,-0.0006273037367,28.87427418,-0.03019820312
3,148,8.336734691,-17.49465943,16.37314419,-0.03131261936,0.2480878914,-0.02920055202,7.286961196,-10.69950368,-1.53242421,0.0006872741014,28.89115608,-0.0290610288
3,149,8.504938113,-17.64761542,16.54570211,-0.03018286669,0.2495993858,-0.02804664747,7.3460652,-11.12516198,-1.744314742,0.002044431243,28.90772175,-0.02790723996
3,150,8.670541155,-17.79710917,16.71496001,-0.02905121488,0.2514939722,-0.02689118985,7.404879808,-11.54260128,-1.949773565,0.003421469953,28.92387043,-0.02675189771
3,151,8.832244122,-17.94269409,16.87979249,-0.02793239498,0.2537797606,-0.02574924021,7.463077998,-11.94974775,-2.147481556,0.004795692497,28.93950138,-0.02561006315
3,152,8.988747321,-18.08392357,17.03907412,-0.02684113803,0.2564648608,-0.02463585959,7.52033275,-12.34452753,-2.336119592,0.006144401141,28.95451384,-0.02449679738
3,153,9.138751058,-18.22035102,17.19167952,-0.02579217509,0.2595573829,-0.02356610904,7.57631704,-12.72486678,-2.514368548,0.007444898148,28.96880707,-0.02342716149
3,154,9.280955639,-18.35152984,17.33648327,-0.02480023719,0.2630654368,-0.0225550496,7.630703848,-13.08869164,-2.680909301,0.008674485785,28.9822803,-0.02241621658
3,155,9.41406137,-18.47701342,17.47235997,-0.02388005538,0.2669971324,-0.02161774231,7.683166151,-13.43392827,-2.834422728,0.009810466317,28.9948328,-0.02147902375
3,156,9.536768556,-18.59635517,17.5981842,-0.02304636072,0.2713605797,-0.02076924822,7.733376927,-13.75850282,-2.973589705,0.01083014201,29.00636379,-0.02063064411
3,157,9.647777505,-18.70910848,17.71283056,-0.02231388423,0.2761638886,-0.02002462838,7.781009155,-14.06034143,-3.097091108,0.01171081512,29.01677254,-0.01988613874
3,158,9.745788522,-18.81482677,17.81517365,-0.02169735697,0.2814151691,-0.01939894382,7.825735813,-14.33737026,-3.203607814,0.01242978793,29.02595829,-0.01926056875
3,159,9.829501913,-18.91306342,17.90408806,-0.02121150999,0.2871225312,-0.0189072556,7.867229879,-14.58751546,-3.291820699,0.01296436269,29.03382029,-0.01876899524
3,160,9.984237252,-19.10482164,18.07039549,-0.02036681897,0.2991916053,-0.01805428588,7.948059041,-15.06720502,-3.451616748,0.0138481044,29.04838612,-0.01791625884
3,161,10.12000214,-19.29729431,18.23710124,-0.01950026903,0.31138163,-0.01718590574,8.027925467,-15.54798255,-3.611378115,0.01458411692,29.06297691,-0.01704812739
3,162,10.23832431,-19.48903733,18.40341002,-0.01861702784,0.323634475,-0.01630733675,8.107607242,-16.02708479,-3.770217173,0.01517740782,29.07750845,-0.01616982305
3,163,10.34073147,-19.6786066,18.56852652,-0.0177222631,0.3358920097,-0.01542380048,8.187882447,-16.50174848,-3.927246299,0.01563298463,29.09189654,-0.01528656796
3,164,10.42875134,-19.86455801,18.73165544,-0.0168211425,0.3480961037,-0.0145405185,8.269529168,-16.96921036,-4.081577866,0.01595585492,29.10605698,-0.01440358428
3,165,10.50391166,-20.04544746,18.89200149,-0.01591883373,0.3601886267,-0.01366271238,8.353325487,-17.42670718,-4.232324251,0.01615102622,29.11990556,-0.01352609415
3,166,10.56774014,-20.21983084,19.04876936,-0.01502050448,0.3721114481,-0.01279560368,8.440049488,-17.87147567,-4.378597828,0.01622350609,29.13335808,-0.01265931972
3,167,10.62176451,-20.38626403,19.20116377,-0.01413132244,0.3838064376,-0.01194441398,8.530479254,-18.30075258,-4.519510972,0.01617830208,29.14633033,-0.01180848315
3,168,10.66751248,-20.54330295,19.3483894,-0.0132564553,0.3952154647,-0.01111436483,8.625392868,-18.71177464,-4.654176057,0.01602042173,29.15873811,-0.01097880658
3,169,10.70651178,-20.68950347,19.48965096,-0.01240107075,0.4062803991,-0.01031067782,8.725568415,-19.1017786,-4.78170546,0.01575487261,29.17049723,-0.01017551217
3,170,10.74029014,-20.8234215,19.62415315,-0.01157033648,0.4169431102,-0.009538574506,8.831783977,-19.4680012,-4.901211554,0.01538666225,29.18152347,-0.009403822065
3,171,10.77037527,-20.94361292,19.75110068,-0.01076942019,0.4271454676,-0.008803276456,8.944817637,-19.80767918,-5.011806716,0.0149207982,29.19173263,-0.008668958415
3,172,10.79829489,-21.04863364,19.86969824,-0.01000348956,0.436829341,-0.008110005241,9.06544748,-20.11804928,-5.112603319,0.01436228802,29.20104052,-0.007976143371
3,173,10.82557673,-21.13703954,19.97915053,-0.009277712279,0.4459365999,-0.007463982428,9.194451589,-20.39634824,-5.202713739,0.01371613925,29.20936291,-0.007330599083
3,174,10.85374852,-21.20738653,20.07866226,-0.008597256043,0.4544091138,-0.006870429585,9.332608047,-20.6398128,-5.28125035,0.01298735945,29.21661563,-0.006737547701
3,175,10.88433797,-21.25823048,20.16743812,-0.00796728854,0.4621887524,-0.006334568281,9.480694937,-20.8456797,-5.347325528,0.01218095616,29.22271445,-0.006202211376
3,176,10.94905333,-21.33957874,20.33398196,-0.006759414939,0.4770394222,-0.005322449261,9.787793939,-21.2185517,-5.466607613,0.01049124506,29.23371912,-0.005191167888
3,177,11.01678056,-21.41754541,20.49334012,-0.005591455558,0.4912619974,-0.004348227877,10.09890586,-21.57519366,-5.58072564,0.008767082048,29.24424958,-0.004218027993
3,178,11.09310028,-21.49091007,20.64307589,-0.004483958824,0.5046362105,-0.003428065776,10.41337097,-21.91018348,-5.687938474,0.007058475984,29.25414459,-0.003298943257
3,179,11.18359309,-21.5584523,20.78075257,-0.003457473166,0.516941794,-0.002578124603,10.73052952,-22.2180991,-5.78650498,0.005415435739,29.26324291,-0.002450065245
3,180,11.2938396,-21.61895167,20.90393344,-0.00253254701,0.5279584807,-0.001814566006,11.04972178,-22.49351844,-5.874684023,0.00388797018,29.27138331,-0.00168754552
3,181,11.42942042,-21.67118777,21.0101818,-0.001729728784,0.537466003,-0.00115355163,11.37028802,-22.73101941,-5.950734467,0.002526088175,29.27840457,-0.001027535649
3,182,11.59591615,-21.71394017,21.09706095,-0.001069566916,0.5452440935,-0.0006112431227,11.69156849,-22.92517995,-6.012915179,0.001379798591,29.28414544,-0.000486187196
3,183,11.7989074,-21.74598843,21.16213417,-0.0005726098329,0.5510724848,-0.0002038021301,12.01290347,-23.07057798,-6.059485023,0.0004991102961,29.28844469,-7.965172551e-05
3,184,12.04397479,-21.76611215,21.20296477,-0.000259405963,0.5547309096,5.260970128e-05,12.33363321,-23.16179141,-6.088702864,-6.596784365e-05,29.29114109,0.0001759191975
3,185,12.33669892,-21.7730909,21.21711603,-0.0001505037334,0.5559991003,0.0001418307249,12.65309799,-23.19339818,-6.098827566,-0.0002654269604,29.29207341,0.0002643740081
3,186,13.01423429,-21.77308973,21.21711465,-0.0001507124045,0.5559983581,0.000142338014,13.33105824,-23.19338982,-6.09882279,-0.0002653843668,29.29206603,0.0002633375301
3,187,13.68425541,-21.77308857,21.21711329,-0.0001509187614,0.5559976242,0.0001428396771,14.00149953,-23.19338156,-6.098818067,-0.0002653422456,29.29205873,0.0002623125471
3,188,14.34635609,-21.77308743,21.21711195,-0.0001511226789,0.5559968989,0.0001433354098,14.66401542,-23.19337339,-6.098813399,-0.0002653006223,29.29205152,0.0002612996807
3,189,15.00013017,-21.7730863,21.21711062,-0.0001513240319,0.5559961827,0.0001438249083,15.31819948,-23.19336533,-6.09880879,-0.0002652595224,29.2920444,0.0002602995521
3,190,15.64517146,-21.77308518,21.21710931,-0.0001515226953,0.5559954762,0.0001443078682,15.96364528,-23.19335737,-6.098804243,-0.0002652189716,29.29203737,0.0002593127827
3,191,16.2810738,-21.77308408,21.21710802,-0.0001517185441,0.5559947796,0.0001447839856,16.59994639,-23.19334953,-6.09879976,-0.0002651789952,29.29203045,0.0002583399939
3,192,16.907431,-21.773083,21.21710675,-0.0001519114531,0.5559940935,0.0001452529562,17.22669637,-23.1933418,-6.098795345,-0.000265139619,29.29202363,0.000257381807
3,193,17.52383688,-21.77308194,21.21710549,-0.0001521012972,0.5559934183,0.0001457144761,17.84348881,-23.1933342,-6.098790999,-0.0002651008683,29.29201691,0.0002564388434
3,194,18.12988528,-21.77308089,21.21710426,-0.0001522879514,0.5559927544,0.000146168241,18.44991726,-23.19332673,-6.098786727,-0.0002650627687,29.29201031,0.0002555117245
3,195,18.72517002,-21.77307986,21.21710306,-0.0001524712905,0.5559921024,0.0001466139468,19.04557531,-23.19331938,-6.098782531,-0.0002650253459,29.29200383,0.0002546010716
3,196,19.30928492,-21.77307885,21.21710187,-0.0001526511895,0.5559914625,0.0001470512895,19.6300565,-23.19331218,-6.098778413,-0.0002649886252,29.29199747,0.000253707506
3,197,19.8818238,-21.77307786,21.21710071,-0.0001528275232,0.5559908354,0.000147479965,20.20295442,-23.19330512,-6.098774377,-0.0002649526322,29.29199123,0.0002528316491
3,198,20.44238049,-21.77307689,21.21709957,-0.0001530001666,0.5559902213,0.000147899669,20.76386264,-23.1932982,-6.098770425,-0.0002649173925,29.29198512,0.0002519741224
3,199,20.99054882,-21.77307595,21.21709846,-0.0001531689945,0.5559896209,0.0001483100975,21.31237472,-23.19329144,-6.098766561,-0.0002648829317,29.29197915,0.000251135547
3,200,21.5259226,-21.77307502,21.21709737,-0.000153333882,0.5559890344,0.0001487109464,21.84808424,-23.19328484,-6.098762786,-0.0002648492751,29.29197332,0.0002503165445
3,201,22.04809566,-21.77307412,21.21709631,-0.0001534947037,0.5559884624,0.0001491019116,22.37058475,-23.1932784,-6.098759105,-0.0002648164484,29.29196764,0.0002495177361
3,202,22.55666183,-21.77307324,21.21709528,-0.0001536513348,0.5559879054,0.0001494826889,22.87946984,-23.19327213,-6.09875552,-0.0002647844771,29.2919621,0.0002487397433
3,203,23.05121492,-21.77307239,21.21709427,-0.00015380365,0.5559873636,0.0001498529742,23.37433307,-23.19326603,-6.098752034,-0.0002647533868,29.29195671,0.0002479831873
3,204,23.53134877,-21.77307156,21.2170933,-0.0001539515243,0.5559868377,0.0001502124635,23.85476802,-23.1932601,-6.098748649,-0.000264723203,29.29195148,0.0002472486895
3,205,23.9966572,-21.77307075,21.21709235,-0.0001540948326,0.555986328,0.0001505608526,24.32036824,-23.19325437,-6.098745369,-0.0002646939511,29.29194641,0.0002465368714
3,206,24.44673402,-21.77306998,21.21709144,-0.0001542334498,0.555985835,0.0001508978373,24.77072731,-23.19324881,-6.098742196,-0.0002646656568,29.29194151,0.0002458483542
3,207,24.88117308,-21.77306923,21.21709056,-0.0001543672508,0.5559853591,0.0001512231136,25.2054388,-23.19324346,-6.098739133,-0.0002646383455,29.29193678,0.0002451837593
3,208,25.29956818,-21.7730685,21.21708971,-0.0001544961105,0.5559849008,0.0001515363774,25.62409627,-23.1932383,-6.098736184,-0.0002646120429,29.29193222,0.0002445437081
3,209,25.70151315,-21.77306781,21.21708889,-0.0001546199037,0.5559844605,0.0001518373245,26.02629331,-23.19323334,-6.09873335,-0.0002645867744,29.29192784,0.0002439288219
3,210,26.08660182,-21.77306714,21.21708811,-0.0001547385055,0.5559840387,0.0001521256509,26.41162347,-23.19322859,-6.098730636,-0.0002645625656,29.29192365,0.000243339722
3,211,26.45442801,-21.77306651,21.21708736,-0.0001548517906,0.5559836358,0.0001524010524,26.77968032,-23.19322405,-6.098728043,-0.0002645394421,29.29191964,0.00024277703
3,212,26.80458555,-21.7730659,21.21708665,-0.0001549596341,0.5559832522,0.0001526632248,27.13005744,-23.19321973,-6.098725574,-0.0002645174292,29.29191583,0.000242241367
3,213,27.13666826,-21.77306533,21.21708598,-0.0001550619108,0.5559828884,0.0001529118642,27.4623484,-23.19321564,-6.098723233,-0.0002644965527,29.29191221,0.0002417333545
3,214,27.45026996,-21.77306479,21.21708534,-0.0001551584956,0.5559825449,0.0001531466663,27.77614676,-23.19321177,-6.098721022,-0.0002644768379,29.2919088,0.0002412536138
3,215,27.74498447,-21.77306428,21.21708474,-0.0001552492635,0.5559822221,0.0001533673271,28.07104609,-23.19320813,-6.098718945,-0.0002644583106,29.29190559,0.0002408027663
3,216,28.02040563,-21.7730638,21.21708418,-0.0001553340892,0.5559819204,0.0001535735424,28.34663997,-23.19320474,-6.098717003,-0.0002644409961,29.29190259,0.0002403814333
3,217,28.27612726,-21.77306336,21.21708366,-0.0001554128478,0.5559816403,0.0001537650081,28.60252195,-23.19320158,-6.098715201,-0.00026442492,29.2918998,0.0002399902363
3,218,28.51174317,-21.77306296,21.21708319,-0.0001554854141,0.5559813822,0.0001539414201,28.83828562,-23.19319868,-6.09871354,-0.0002644101079,29.29189723,0.0002396297964
3,219,28.72684719,-21.77306258,21.21708275,-0.000155551663,0.5559811466,0.0001541024744,29.05352454,-23.19319602,-6.098712023,-0.0002643965853,29.29189489,0.0002393007352
3,220,28.92103316,-21.77306225,21.21708236,-0.0001556114695,0.5559809338,0.0001542478667,29.24783228,-23.19319363,-6.098710654,-0.0002643843777,29.29189278,0.000239003674
3,221,29.09389488,-21.77306195,21.217082,-0.0001556647084,0.5559807445,0.0001543772929,29.4208024,-23.1931915,-6.098709436,-0.0002643735106,29.29189089,0.0002387392341
3,222,29.24502619,-21.77306169,21.2170817,-0.0001557112547,0.5559805789,0.0001544904491,29.57202849,-23.19318963,-6.09870837,-0.0002643640097,29.29188925,0.0002385080369
3,223,29.37402091,-21.77306147,21.21708144,-0.0001557509832,0.5559804376,0.0001545870309,29.7011041,-23.19318804,-6.098707461,-0.0002643559003,29.29188784,0.0002383107037
3,224,29.48047286,-21.77306128,21.21708122,-0.0001557837689,0.555980321,0.0001546667344,29.80762281,-23.19318673,-6.09870671,-0.0002643492082,29.29188668,0.000238147856
3,225,29.56397588,-21.77306114,21.21708105,-0.0001558094866,0.5559802296,0.0001547292554,29.89117818,-23.1931857,-6.098706122,-0.0002643439587,29.29188577,0.000238020115
3,226,29.62412377,-21.77306103,21.21708093,-0.0001558280113,0.5559801637,0.0001547742897,29.95136379,-23.19318496,-6.098705698,-0.0002643401775,29.29188512,0.0002379281021
3,227,29.66051036,-21.77306097,21.21708085,-0.0001558392178,0.5559801238,0.0001548015333,29.98777321,-23.19318451,-6.098705441,-0.00026433789,29.29188472,0.0002378724387
3,228,29.67272949,-21.77306095,21.21708083,-0.0001558429812,0.5559801104,0.0001548106821,30,-23.19318436,-6.098705355,-0.0002643371219,29.29188459,0.0002378537462
