Step,DF_001,DF_002,DF_003,DF_004,DF_005,DF_006,DF_007,DF_008,DF_009,DF_010,DF_011,DF_012,DF_013,DF_014,DF_015,DF_016,DF_017,DF_018,DF_019,DF_020,DF_021,DF_022,DF_023,DF_024,DF_025,DF_026,DF_027,DF_028,DF_029,DF_030,DF_031,DF_032,DF_033,DF_034,DF_035,DF_036,DF_037,DF_038,DF_039,DF_040,DF_041,DF_042,DF_043,DF_044,DF_045,DF_046,DF_047,DF_048,DF_049,DF_050,DF_051,DF_052,DF_053,DF_054,DF_055,DF_056,DF_057,DF_058,DF_059,DF_060,DF_061,DF_062,DF_063,DF_064,DF_065,DF_066,DF_067,DF_068,DF_069,DF_070,DF_071,DF_072,DF_073,DF_074,DF_075,DF_076,DF_077,DF_078,DF_079,DF_080,DF_081,DF_082,DF_083,DF_084,DF_085,DF_086,DF_087,DF_088,DF_089,DF_090,DF_091,DF_092,DF_093,DF_094,DF_095,DF_096,DF_097,DF_098,DF_099,DF_100,DF_101,DF_102,DF_103,DF_104,DF_105,DF_106,DF_107,DF_108,DF_109,DF_110,DF_111,DF_112,DF_113,DF_114,DF_115,DF_116,DF_117,DF_118,DF_119,DF_120,DF_121,DF_122,DF_123,DF_124,DF_125,DF_126,DF_127,DF_128,DF_129,DF_130,DF_131,DF_132,DF_133,DF_134,DF_135,DF_136,DF_137,DF_138,DF_139,DF_140,DF_141,DF_142,DF_143,DF_144,DF_145,DF_146,DF_147,DF_148,DF_149,DF_150,DF_151,DF_152,DF_153,DF_154,DF_155,DF_156,DF_157,DF_158,DF_159,DF_160,DF_161,DF_162,DF_163,DF_164,DF_165,DF_166,DF_167,DF_168,DF_169,DF_170,DF_171,DF_172,DF_173,DF_174,DF_175,DF_176,DF_177,DF_178,DF_179,DF_180
0,0.02259734374,0.0108899136,0.004709067045,0.001972813302,0.01410342054,0.00422228923,0.01184532862,0.02751767583,0.05037254706,0.07986039876,0.03202796119,0.01543464591,0.006674326461,0.002796139718,0.01525603933,0.004222292119,0.01184532433,0.02751763911,0.05037243294,0.07986020359,0.0004272423863,0.000144871241,4.407917185e-05,1.334960334e-05,0.0005173224677,2.905091861e-05,0.0001313018098,0.0004749559838,0.0011986698,0.002504425274,0.0003014410754,0.0001022138964,3.110003335e-05,9.418797948e-06,0.0004782379068,2.905089872e-05,0.0001313018574,0.0004749566175,0.001198672516,0.002504431394,0.01055267456,0.004013598178,0.001369773104,0.0004612234854,0.004440186293,0.0004716053184,0.001364311993,0.003261081404,0.005847408447,0.009082646608,0.01542409226,0.005866395311,0.002002103077,0.0006741391492,0.004836474355,0.0004716056697,0.001364311455,0.003261076668,0.00584739403,0.009082622453,0.0002206420296,5.985107373e-05,1.456797025e-05,3.590587695e-06,0.0001763147999,3.561888205e-06,1.629900538e-05,5.963897362e-05,0.0001453077512,0.0002936456141,0.0001509562764,4.094817136e-05,9.966926308e-06,2.456560153e-06,0.0001618680262,3.561885552e-06,1.629901181e-05,5.963906022e-05,0.0001453081095,0.000293646395,2.265880339e-07,2.781496863e-08,2.584255629e-09,2.251073783e-10,1.101644229e-05,3.803910271e-09,1.126609442e-07,1.94142806e-06,1.357065926e-05,6.320312776e-05,3.411398939e-10,2.634483381e-11,1.398496536e-12,6.671330748e-14,9.575210937e-07,6.664675681e-12,6.581871654e-10,3.121916497e-08,4.082244388e-07,3.130836623e-06,1.709453999e-09,2.331419563e-10,2.277690365e-11,1.979116748e-12,3.350187651e-06,2.428772956e-10,1.340996711e-08,3.879117949e-07,3.787140446e-06,2.285030498e-05,2.048242113e-09,3.435687388e-10,4.128166644e-11,4.342004365e-12,5.318184008e-06,6.733576816e-10,3.298645057e-08,8.538874307e-07,7.745107697e-06,4.369822101e-05,1.995141817e-09,4.346355808e-10,6.782472032e-11,9.080462304e-12,8.525714187e-06,1.873943052e-09,7.892667511e-08,1.775635437e-06,1.452349296e-05,7.445059298e-05,3.010392138e-10,7.547657982e-11,1.30078144e-11,1.840098709e-12,7.583847234e-06,8.321037915e-10,4.356625953e-08,1.146331103e-06,9.990833805e-06,5.260159229e-05,4.934864087e-13,9.20347078e-14,1.009036037e-14,8.183310284e-16,1.594502424e-06,2.220854469e-12,4.310274444e-10,3.218376507e-08,4.947705879e-07,3.921990132e-06,9.659678339e-12,2.180334311e-12,2.893091111e-13,2.798290152e-14,5.66140025e-06,3.660332745e-11,4.96944287e-09,2.662732194e-07,3.31986859e-06,2.188054793e-05,2.049299306e-10,5.937527867e-11,1.011310523e-11,1.231724206e-12,2.299672028e-05,8.250510186e-10,7.315302186e-08,2.638962523e-06,2.533963987e-05,0.0001323095941,6.378788194e-13,1.186140633e-13,1.152612661e-14,7.532656118e-16,3.22146456e-06,1.088078693e-12,3.134801162e-10,2.96040692e-08,4.668699391e-07,3.509418176e-06
1,0.02259734374,0.0108899136,0.004709067044,0.001972813301,0.01410342054,0.004222289229,0.01184532862,0.02751767583,0.05037254707,0.07986039877,0.03202796119,0.01543464591,0.006674326459,0.002796139717,0.01525603933,0.004222292119,0.01184532433,0.02751763911,0.05037243294,0.0798602036,0.0004272423862,0.000144871241,4.407917183e-05,1.334960333e-05,0.0005173224675,2.90509186e-05,0.0001313018098,0.0004749559836,0.0011986698,0.002504425274,0.0003014410754,0.0001022138964,3.110003334e-05,9.418797942e-06,0.0004782379067,2.905089871e-05,0.0001313018573,0.0004749566174,0.001198672516,0.002504431394,0.01055267456,0.004013598178,0.001369773104,0.0004612234853,0.004440186292,0.0004716053185,0.001364311994,0.003261081405,0.005847408449,0.009082646613,0.01542409226,0.005866395311,0.002002103077,0.000674139149,0.004836474354,0.0004716056697,0.001364311456,0.003261076669,0.005847394032,0.009082622458,0.0002206420296,5.985107372e-05,1.456797025e-05,3.590587694e-06,0.0001763147999,3.561888205e-06,1.629900538e-05,5.963897363e-05,0.0001453077512,0.0002936456142,0.0001509562763,4.094817136e-05,9.966926305e-06,2.456560152e-06,0.0001618680262,3.561885552e-06,1.629901181e-05,5.963906023e-05,0.0001453081095,0.0002936463951,2.265880339e-07,2.781496861e-08,2.584255626e-09,2.25107378e-10,1.101644228e-05,3.803910266e-09,1.126609441e-07,1.941428059e-06,1.357065925e-05,6.320312772e-05,3.411398937e-10,2.634483379e-11,1.398496534e-12,6.671330734e-14,9.575210926e-07,6.664675668e-12,6.581871642e-10,3.121916492e-08,4.082244382e-07,3.130836619e-06,1.709453999e-09,2.331419563e-10,2.277690363e-11,1.979116745e-12,3.350187648e-06,2.428772953e-10,1.340996709e-08,3.879117945e-07,3.787140442e-06,2.285030496e-05,2.048242115e-09,3.43568739e-10,4.128166644e-11,4.342004364e-12,5.318184006e-06,6.733576813e-10,3.298645055e-08,8.538874303e-07,7.745107693e-06,4.369822099e-05,1.995141821e-09,4.346355815e-10,6.78247204e-11,9.080462311e-12,8.525714188e-06,1.873943053e-09,7.892667514e-08,1.775635437e-06,1.452349296e-05,7.445059298e-05,3.010392147e-10,7.547658002e-11,1.300781443e-11,1.840098713e-12,7.583847238e-06,8.321037928e-10,4.356625959e-08,1.146331105e-06,9.990833815e-06,5.260159233e-05,4.934864115e-13,9.203470827e-14,1.009036042e-14,8.183310319e-16,1.594502427e-06,2.220854478e-12,4.31027446e-10,3.218376517e-08,4.947705893e-07,3.921990142e-06,9.659678403e-12,2.180334325e-12,2.893091129e-13,2.798290168e-14,5.661400263e-06,3.660332768e-11,4.969442896e-09,2.662732207e-07,3.319868604e-06,2.188054802e-05,2.049299321e-10,5.937527909e-11,1.01131053e-11,1.231724215e-12,2.299672034e-05,8.250510248e-10,7.315302235e-08,2.638962538e-06,2.533964001e-05,0.0001323095948,6.378788262e-13,1.186140645e-13,1.152612674e-14,7.532656202e-16,3.221464574e-06,1.088078706e-12,3.134801196e-10,2.960406948e-08,4.668699431e-07,3.509418204e-06
2,0.02259734374,0.01088991359,0.00470906704,0.001972813299,0.01410342053,0.004222289227,0.01184532862,0.02751767583,0.05037254707,0.0798603988,0.03202796118,0.0154346459,0.006674326453,0.002796139714,0.01525603932,0.004222292117,0.01184532433,0.02751763911,0.05037243295,0.07986020363,0.0004272423861,0.0001448712409,4.407917178e-05,1.334960331e-05,0.0005173224669,2.905091856e-05,0.0001313018096,0.0004749559833,0.0011986698,0.002504425273,0.0003014410753,0.0001022138963,3.11000333e-05,9.418797927e-06,0.0004782379061,2.905089868e-05,0.0001313018572,0.0004749566171,0.001198672515,0.002504431393,0.01055267456,0.004013598177,0.001369773103,0.0004612234851,0.004440186291,0.0004716053186,0.001364311995,0.003261081408,0.005847408456,0.009082646627,0.01542409226,0.005866395309,0.002002103076,0.0006741391487,0.004836474353,0.0004716056699,0.001364311457,0.003261076672,0.005847394039,0.009082622472,0.0002206420296,5.985107369e-05,1.456797023e-05,3.59058769e-06,0.0001763147997,3.561888204e-06,1.629900538e-05,5.963897364e-05,0.0001453077513,0.0002936456144,0.0001509562763,4.094817134e-05,9.966926298e-06,2.45656015e-06,0.0001618680261,3.561885551e-06,1.629901181e-05,5.963906025e-05,0.0001453081096,0.0002936463954,2.265880337e-07,2.781496856e-08,2.584255617e-09,2.25107377e-10,1.101644225e-05,3.803910253e-09,1.126609438e-07,1.941428054e-06,1.357065922e-05,6.320312761e-05,3.411398933e-10,2.634483371e-11,1.398496527e-12,6.67133069e-14,9.575210893e-07,6.664675627e-12,6.581871606e-10,3.121916477e-08,4.082244364e-07,3.130836606e-06,1.709454001e-09,2.331419561e-10,2.277690357e-11,1.979116737e-12,3.35018764e-06,2.428772944e-10,1.340996704e-08,3.879117932e-07,3.78714043e-06,2.285030489e-05,2.048242122e-09,3.435687396e-10,4.128166645e-11,4.342004358e-12,5.318184e-06,6.733576803e-10,3.29864505e-08,8.53887429e-07,7.745107681e-06,4.369822091e-05,1.995141833e-09,4.346355836e-10,6.782472063e-11,9.080462329e-12,8.525714191e-06,1.873943056e-09,7.892667523e-08,1.775635439e-06,1.452349297e-05,7.445059299e-05,3.010392176e-10,7.547658064e-11,1.300781451e-11,1.840098723e-12,7.583847253e-06,8.321037968e-10,4.356625977e-08,1.146331109e-06,9.990833842e-06,5.260159244e-05,4.934864197e-13,9.203470968e-14,1.009036055e-14,8.183310421e-16,1.594502434e-06,2.220854506e-12,4.310274507e-10,3.218376547e-08,4.947705934e-07,3.92199017e-06,9.659678594e-12,2.180334367e-12,2.893091181e-13,2.798290217e-14,5.661400301e-06,3.660332835e-11,4.969442977e-09,2.662732245e-07,3.319868647e-06,2.188054827e-05,2.049299366e-10,5.937528035e-11,1.011310551e-11,1.23172424e-12,2.299672053e-05,8.250510432e-10,7.31530238e-08,2.638962585e-06,2.533964042e-05,0.0001323095968,6.378788462e-13,1.186140684e-13,1.152612712e-14,7.532656454e-16,3.221464614e-06,1.088078745e-12,3.134801295e-10,2.96040703e-08,4.668699551e-07,3.509418286e-06
3,0.02259734373,0.01088991358,0.004709067034,0.001972813295,0.01410342051,0.004222289223,0.01184532861,0.02751767582,0.05037254708,0.07986039885,0.03202796117,0.01543464589,0.006674326444,0.002796139709,0.0152560393,0.004222292113,0.01184532432,0.02751763911,0.05037243296,0.07986020368,0.0004272423859,0.0001448712407,4.407917169e-05,1.334960327e-05,0.0005173224659,2.90509185e-05,0.0001313018094,0.0004749559827,0.001198669799,0.002504425272,0.0003014410752,0.0001022138962,3.110003324e-05,9.418797902e-06,0.0004782379052,2.905089862e-05,0.000131301857,0.0004749566165,0.001198672514,0.002504431392,0.01055267456,0.004013598175,0.001369773102,0.0004612234846,0.004440186289,0.0004716053189,0.001364311996,0.003261081413,0.005847408468,0.009082646651,0.01542409225,0.005866395307,0.002002103075,0.0006741391481,0.004836474351,0.0004716056702,0.001364311458,0.003261076677,0.005847394051,0.009082622496,0.0002206420295,5.985107364e-05,1.456797022e-05,3.590587684e-06,0.0001763147995,3.561888203e-06,1.629900538e-05,5.963897368e-05,0.0001453077514,0.0002936456149,0.0001509562763,4.094817131e-05,9.966926285e-06,2.456560145e-06,0.0001618680259,3.56188555e-06,1.629901181e-05,5.963906028e-05,0.0001453081097,0.0002936463958,2.265880334e-07,2.781496846e-08,2.584255604e-09,2.251073754e-10,1.101644221e-05,3.80391023e-09,1.126609432e-07,1.941428046e-06,1.357065917e-05,6.320312742e-05,3.411398927e-10,2.634483358e-11,1.398496516e-12,6.671330617e-14,9.575210839e-07,6.664675559e-12,6.581871547e-10,3.121916452e-08,4.082244334e-07,3.130836585e-06,1.709454004e-09,2.331419559e-10,2.277690349e-11,1.979116725e-12,3.350187627e-06,2.428772928e-10,1.340996696e-08,3.879117911e-07,3.787140411e-06,2.285030477e-05,2.048242133e-09,3.435687406e-10,4.128166646e-11,4.342004349e-12,5.31818399e-06,6.733576786e-10,3.298645042e-08,8.538874269e-07,7.745107661e-06,4.369822079e-05,1.995141854e-09,4.34635587e-10,6.782472101e-11,9.08046236e-12,8.525714196e-06,1.87394306e-09,7.892667537e-08,1.775635441e-06,1.452349298e-05,7.445059301e-05,3.010392224e-10,7.547658167e-11,1.300781466e-11,1.840098739e-12,7.583847276e-06,8.321038035e-10,4.356626006e-08,1.146331115e-06,9.990833889e-06,5.260159262e-05,4.934864334e-13,9.2034712e-14,1.009036079e-14,8.18331059e-16,1.594502446e-06,2.220854552e-12,4.310274585e-10,3.218376597e-08,4.947706003e-07,3.921990216e-06,9.65967891e-12,2.180334435e-12,2.893091268e-13,2.798290297e-14,5.661400364e-06,3.660332946e-11,4.96944311e-09,2.662732307e-07,3.319868718e-06,2.188054869e-05,2.04929944e-10,5.937528245e-11,1.011310586e-11,1.231724281e-12,2.299672084e-05,8.250510738e-10,7.315302622e-08,2.638962662e-06,2.533964111e-05,0.0001323096001,6.378788793e-13,1.186140747e-13,1.152612774e-14,7.532656871e-16,3.221464681e-06,1.08807881e-12,3.134801461e-10,2.960407167e-08,4.66869975e-07,3.509418422e-06
4,0.02259734372,0.01088991357,0.004709067025,0.00197281329,0.01410342049,0.004222289218,0.0118453286,0.02751767582,0.0503725471,0.07986039892,0.03202796116,0.01543464587,0.006674326432,0.002796139702,0.01525603927,0.004222292108,0.01184532431,0.0275176391,0.05037243297,0.07986020375,0.0004272423857,0.0001448712405,4.407917157e-05,1.334960322e-05,0.0005173224645,2.905091842e-05,0.0001313018092,0.000474955982,0.001198669797,0.00250442527,0.000301441075,0.000102213896,3.110003316e-05,9.418797867e-06,0.0004782379039,2.905089854e-05,0.0001313018567,0.0004749566157,0.001198672513,0.002504431391,0.01055267456,0.004013598173,0.001369773101,0.0004612234841,0.004440186287,0.0004716053193,0.001364311998,0.00326108142,0.005847408484,0.009082646684,0.01542409225,0.005866395304,0.002002103073,0.0006741391472,0.004836474348,0.0004716056706,0.00136431146,0.003261076684,0.005847394067,0.009082622529,0.0002206420294,5.985107358e-05,1.456797019e-05,3.590587676e-06,0.0001763147993,3.5618882e-06,1.629900538e-05,5.963897372e-05,0.0001453077516,0.0002936456155,0.0001509562762,4.094817126e-05,9.966926268e-06,2.456560139e-06,0.0001618680257,3.561885548e-06,1.629901181e-05,5.963906032e-05,0.0001453081099,0.0002936463965,2.26588033e-07,2.781496834e-08,2.584255585e-09,2.251073731e-10,1.101644214e-05,3.803910198e-09,1.126609424e-07,1.941428034e-06,1.357065911e-05,6.320312717e-05,3.411398918e-10,2.634483339e-11,1.3984965e-12,6.671330516e-14,9.575210763e-07,6.664675465e-12,6.581871464e-10,3.121916418e-08,4.082244292e-07,3.130836555e-06,1.709454008e-09,2.331419555e-10,2.277690336e-11,1.979116707e-12,3.350187609e-06,2.428772907e-10,1.340996685e-08,3.879117882e-07,3.787140383e-06,2.28503046e-05,2.048242149e-09,3.43568742e-10,4.128166648e-11,4.342004337e-12,5.318183976e-06,6.733576762e-10,3.298645031e-08,8.53887424e-07,7.745107633e-06,4.369822062e-05,1.995141883e-09,4.346355918e-10,6.782472153e-11,9.080462402e-12,8.525714203e-06,1.873943067e-09,7.892667558e-08,1.775635444e-06,1.4523493e-05,7.445059303e-05,3.010392291e-10,7.547658309e-11,1.300781486e-11,1.840098762e-12,7.583847309e-06,8.321038128e-10,4.356626047e-08,1.146331124e-06,9.990833953e-06,5.260159288e-05,4.934864524e-13,9.203471524e-14,1.009036111e-14,8.183310826e-16,1.594502463e-06,2.220854617e-12,4.310274693e-10,3.218376667e-08,4.947706098e-07,3.921990281e-06,9.659679349e-12,2.18033453e-12,2.893091388e-13,2.798290409e-14,5.661400452e-06,3.660333101e-11,4.969443294e-09,2.662732393e-07,3.319868816e-06,2.188054927e-05,2.049299543e-10,5.937528537e-11,1.011310634e-11,1.231724339e-12,2.299672128e-05,8.250511163e-10,7.315302957e-08,2.638962769e-06,2.533964206e-05,0.0001323096046,6.378789254e-13,1.186140834e-13,1.152612861e-14,7.532657452e-16,3.221464775e-06,1.088078901e-12,3.13480169e-10,2.960407357e-08,4.668700026e-07,3.509418612e-06
5,0.02259734371,0.01088991355,0.004709067014,0.001972813284,0.01410342046,0.004222289211,0.01184532859,0.02751767581,0.05037254712,0.07986039901,0.03202796114,0.01543464585,0.006674326416,0.002796139693,0.01525603924,0.004222292101,0.0118453243,0.0275176391,0.05037243299,0.07986020384,0.0004272423853,0.0001448712402,4.407917142e-05,1.334960316e-05,0.0005173224628,2.905091832e-05,0.0001313018088,0.0004749559809,0.001198669795,0.002504425268,0.0003014410748,0.0001022138958,3.110003305e-05,9.418797823e-06,0.0004782379023,2.905089844e-05,0.0001313018564,0.0004749566147,0.001198672511,0.002504431388,0.01055267455,0.00401359817,0.0013697731,0.0004612234833,0.004440186283,0.0004716053199,0.001364312001,0.003261081429,0.005847408505,0.009082646727,0.01542409225,0.005866395299,0.00200210307,0.0006741391462,0.004836474344,0.0004716056711,0.001364311463,0.003261076693,0.005847394088,0.009082622571,0.0002206420293,5.98510735e-05,1.456797016e-05,3.590587665e-06,0.0001763147989,3.561888198e-06,1.629900539e-05,5.963897377e-05,0.0001453077519,0.0002936456163,0.0001509562761,4.09481712e-05,9.966926245e-06,2.456560132e-06,0.0001618680254,3.561885545e-06,1.629901181e-05,5.963906038e-05,0.0001453081101,0.0002936463973,2.265880325e-07,2.781496818e-08,2.58425556e-09,2.251073702e-10,1.101644206e-05,3.803910157e-09,1.126609414e-07,1.941428019e-06,1.357065902e-05,6.320312684e-05,3.411398907e-10,2.634483316e-11,1.39849648e-12,6.671330387e-14,9.575210666e-07,6.664675345e-12,6.581871359e-10,3.121916373e-08,4.082244239e-07,3.130836518e-06,1.709454013e-09,2.33141955e-10,2.277690321e-11,1.979116685e-12,3.350187586e-06,2.428772879e-10,1.340996671e-08,3.879117844e-07,3.787140348e-06,2.285030439e-05,2.048242169e-09,3.435687437e-10,4.12816665e-11,4.342004321e-12,5.318183958e-06,6.733576732e-10,3.298645016e-08,8.538874202e-07,7.745107598e-06,4.369822041e-05,1.995141919e-09,4.34635598e-10,6.78247222e-11,9.080462457e-12,8.525714213e-06,1.873943075e-09,7.892667584e-08,1.775635448e-06,1.452349302e-05,7.445059305e-05,3.010392376e-10,7.547658491e-11,1.300781512e-11,1.840098792e-12,7.583847351e-06,8.321038246e-10,4.356626099e-08,1.146331135e-06,9.990834035e-06,5.26015932e-05,4.934864766e-13,9.203471937e-14,1.009036152e-14,8.183311126e-16,1.594502484e-06,2.220854699e-12,4.310274832e-10,3.218376755e-08,4.94770622e-07,3.921990364e-06,9.659679911e-12,2.180334651e-12,2.893091543e-13,2.798290552e-14,5.661400565e-06,3.660333298e-11,4.969443531e-09,2.662732504e-07,3.319868942e-06,2.188055001e-05,2.049299675e-10,5.937528909e-11,1.011310696e-11,1.231724413e-12,2.299672183e-05,8.250511706e-10,7.315303386e-08,2.638962906e-06,2.533964328e-05,0.0001323096105,6.378789843e-13,1.186140946e-13,1.152612973e-14,7.532658194e-16,3.221464894e-06,1.088079016e-12,3.134801984e-10,2.9604076e-08,4.668700378e-07,3.509418854e-06
6,0.02259734369,0.01088991354,0.004709067,0.001972813276,0.01410342042,0.004222289203,0.01184532858,0.02751767581,0.05037254715,0.07986039912,0.03202796112,0.01543464582,0.006674326397,0.002796139682,0.0152560392,0.004222292093,0.01184532429,0.02751763909,0.05037243302,0.07986020395,0.0004272423849,0.0001448712398,4.407917123e-05,1.334960308e-05,0.0005173224606,2.90509182e-05,0.0001313018083,0.0004749559797,0.001198669793,0.002504425265,0.0003014410745,0.0001022138955,3.110003292e-05,9.418797769e-06,0.0004782379004,2.905089832e-05,0.0001313018559,0.0004749566135,0.001198672509,0.002504431386,0.01055267455,0.004013598167,0.001369773098,0.0004612234824,0.004440186279,0.0004716053205,0.001364312004,0.00326108144,0.005847408531,0.009082646778,0.01542409224,0.005866395294,0.002002103067,0.0006741391449,0.00483647434,0.0004716056717,0.001364311466,0.003261076704,0.005847394114,0.009082622623,0.0002206420292,5.985107339e-05,1.456797012e-05,3.590587651e-06,0.0001763147985,3.561888195e-06,1.629900539e-05,5.963897384e-05,0.0001453077522,0.0002936456173,0.000150956276,4.094817113e-05,9.966926218e-06,2.456560123e-06,0.000161868025,3.561885542e-06,1.629901181e-05,5.963906044e-05,0.0001453081104,0.0002936463983,2.265880319e-07,2.781496798e-08,2.584255531e-09,2.251073667e-10,1.101644197e-05,3.803910108e-09,1.126609401e-07,1.941428002e-06,1.357065891e-05,6.320312644e-05,3.411398893e-10,2.634483288e-11,1.398496456e-12,6.67133023e-14,9.575210549e-07,6.664675199e-12,6.58187123e-10,3.12191632e-08,4.082244174e-07,3.130836472e-06,1.709454019e-09,2.331419545e-10,2.277690302e-11,1.979116658e-12,3.350187559e-06,2.428772845e-10,1.340996654e-08,3.879117798e-07,3.787140305e-06,2.285030414e-05,2.048242193e-09,3.435687459e-10,4.128166653e-11,4.342004301e-12,5.318183937e-06,6.733576696e-10,3.298644998e-08,8.538874157e-07,7.745107556e-06,4.369822014e-05,1.995141964e-09,4.346356054e-10,6.782472302e-11,9.080462523e-12,8.525714224e-06,1.873943085e-09,7.892667615e-08,1.775635453e-06,1.452349305e-05,7.445059308e-05,3.01039248e-10,7.547658712e-11,1.300781544e-11,1.840098828e-12,7.583847402e-06,8.32103839e-10,4.356626162e-08,1.146331149e-06,9.990834135e-06,5.26015936e-05,4.934865061e-13,9.20347244e-14,1.009036202e-14,8.183311492e-16,1.59450251e-06,2.220854799e-12,4.310275e-10,3.218376863e-08,4.947706368e-07,3.921990465e-06,9.659680593e-12,2.180334799e-12,2.89309173e-13,2.798290725e-14,5.661400701e-06,3.660333538e-11,4.969443817e-09,2.662732638e-07,3.319869095e-06,2.188055091e-05,2.049299834e-10,5.937529362e-11,1.011310772e-11,1.231724503e-12,2.299672251e-05,8.250512365e-10,7.315303906e-08,2.638963072e-06,2.533964476e-05,0.0001323096176,6.378790558e-13,1.186141082e-13,1.152613108e-14,7.532659095e-16,3.221465039e-06,1.088079156e-12,3.13480234e-10,2.960407895e-08,4.668700807e-07,3.509419148e-06
7,0.02259734368,0.01088991351,0.004709066984,0.001972813267,0.01410342038,0.004222289194,0.01184532857,0.0275176758,0.05037254717,0.07986039924,0.03202796109,0.01543464579,0.006674326374,0.002796139669,0.01525603915,0.004222292084,0.01184532428,0.02751763908,0.05037243305,0.07986020408,0.0004272423844,0.0001448712393,4.407917101e-05,1.334960299e-05,0.0005173224581,2.905091806e-05,0.0001313018078,0.0004749559783,0.00119866979,0.002504425262,0.0003014410741,0.0001022138952,3.110003276e-05,9.418797706e-06,0.000478237898,2.905089817e-05,0.0001313018554,0.0004749566121,0.001198672506,0.002504431382,0.01055267455,0.004013598162,0.001369773095,0.0004612234814,0.004440186274,0.0004716053212,0.001364312008,0.003261081453,0.00584740856,0.009082646838,0.01542409224,0.005866395288,0.002002103064,0.0006741391433,0.004836474334,0.0004716056725,0.00136431147,0.003261076717,0.005847394143,0.009082622683,0.000220642029,5.985107328e-05,1.456797007e-05,3.590587636e-06,0.000176314798,3.561888191e-06,1.629900539e-05,5.963897392e-05,0.0001453077525,0.0002936456184,0.0001509562759,4.094817105e-05,9.966926186e-06,2.456560112e-06,0.0001618680245,3.561885538e-06,1.629901182e-05,5.963906052e-05,0.0001453081108,0.0002936463994,2.265880312e-07,2.781496775e-08,2.584255496e-09,2.251073627e-10,1.101644185e-05,3.80391005e-09,1.126609387e-07,1.941427981e-06,1.357065879e-05,6.320312597e-05,3.411398876e-10,2.634483255e-11,1.398496427e-12,6.671330046e-14,9.575210411e-07,6.664675028e-12,6.58187108e-10,3.121916257e-08,4.082244098e-07,3.130836419e-06,1.709454026e-09,2.331419538e-10,2.277690279e-11,1.979116625e-12,3.350187526e-06,2.428772806e-10,1.340996634e-08,3.879117745e-07,3.787140255e-06,2.285030384e-05,2.048242221e-09,3.435687484e-10,4.128166656e-11,4.342004278e-12,5.318183911e-06,6.733576653e-10,3.298644978e-08,8.538874103e-07,7.745107506e-06,4.369821983e-05,1.995142016e-09,4.346356142e-10,6.782472398e-11,9.0804626e-12,8.525714236e-06,1.873943096e-09,7.892667652e-08,1.775635459e-06,1.452349308e-05,7.445059312e-05,3.010392602e-10,7.547658972e-11,1.30078158e-11,1.84009887e-12,7.583847461e-06,8.321038559e-10,4.356626236e-08,1.146331165e-06,9.990834252e-06,5.260159406e-05,4.934865407e-13,9.203473029e-14,1.00903626e-14,8.183311921e-16,1.59450254e-06,2.220854916e-12,4.310275197e-10,3.21837699e-08,4.947706541e-07,3.921990583e-06,9.659681393e-12,2.180334972e-12,2.893091949e-13,2.798290929e-14,5.661400861e-06,3.66033382e-11,4.969444154e-09,2.662732796e-07,3.319869274e-06,2.188055197e-05,2.049300022e-10,5.937529893e-11,1.01131086e-11,1.231724608e-12,2.29967233e-05,8.250513139e-10,7.315304517e-08,2.638963267e-06,2.53396465e-05,0.0001323096259,6.378791398e-13,1.186141242e-13,1.152613266e-14,7.532660152e-16,3.221465209e-06,1.088079321e-12,3.134802758e-10,2.960408241e-08,4.66870131e-07,3.509419493e-06
8,0.02259734366,0.01088991349,0.004709066966,0.001972813257,0.01410342033,0.004222289183,0.01184532855,0.02751767579,0.05037254721,0.07986039939,0.03202796106,0.01543464575,0.006674326349,0.002796139654,0.0152560391,0.004222292073,0.01184532426,0.02751763907,0.05037243308,0.07986020422,0.0004272423838,0.0001448712388,4.407917076e-05,1.334960289e-05,0.0005173224553,2.905091789e-05,0.0001313018072,0.0004749559766,0.001198669787,0.002504425258,0.0003014410737,0.0001022138948,3.110003259e-05,9.418797633e-06,0.0004782378954,2.905089801e-05,0.0001313018548,0.0004749566104,0.001198672503,0.002504431379,0.01055267454,0.004013598158,0.001369773093,0.0004612234802,0.004440186269,0.0004716053221,0.001364312012,0.003261081467,0.005847408594,0.009082646908,0.01542409223,0.005866395281,0.00200210306,0.0006741391416,0.004836474328,0.0004716056733,0.001364311474,0.003261076732,0.005847394177,0.009082622752,0.0002206420288,5.985107314e-05,1.456797002e-05,3.590587618e-06,0.0001763147975,3.561888186e-06,1.629900539e-05,5.963897401e-05,0.0001453077529,0.0002936456198,0.0001509562758,4.094817096e-05,9.966926149e-06,2.4565601e-06,0.000161868024,3.561885533e-06,1.629901182e-05,5.963906061e-05,0.0001453081112,0.0002936464007,2.265880304e-07,2.781496748e-08,2.584255456e-09,2.25107358e-10,1.101644172e-05,3.803909984e-09,1.12660937e-07,1.941427957e-06,1.357065865e-05,6.320312544e-05,3.411398857e-10,2.634483217e-11,1.398496395e-12,6.671329836e-14,9.575210253e-07,6.664674832e-12,6.581870908e-10,3.121916184e-08,4.082244011e-07,3.130836357e-06,1.709454034e-09,2.33141953e-10,2.277690254e-11,1.979116589e-12,3.350187488e-06,2.428772761e-10,1.340996611e-08,3.879117683e-07,3.787140197e-06,2.28503035e-05,2.048242254e-09,3.435687513e-10,4.12816666e-11,4.342004252e-12,5.318183882e-06,6.733576604e-10,3.298644954e-08,8.538874042e-07,7.745107448e-06,4.369821948e-05,1.995142076e-09,4.346356242e-10,6.782472507e-11,9.080462689e-12,8.525714251e-06,1.87394311e-09,7.892667695e-08,1.775635466e-06,1.452349312e-05,7.445059316e-05,3.010392741e-10,7.54765927e-11,1.300781623e-11,1.840098918e-12,7.58384753e-06,8.321038752e-10,4.356626321e-08,1.146331183e-06,9.990834387e-06,5.260159459e-05,4.934865804e-13,9.203473705e-14,1.009036327e-14,8.183312413e-16,1.594502575e-06,2.22085505e-12,4.310275424e-10,3.218377135e-08,4.947706741e-07,3.921990718e-06,9.659682311e-12,2.18033517e-12,2.893092201e-13,2.798291162e-14,5.661401045e-06,3.660334143e-11,4.96944454e-09,2.662732976e-07,3.31986948e-06,2.188055318e-05,2.049300237e-10,5.937530502e-11,1.011310961e-11,1.231724729e-12,2.299672421e-05,8.250514027e-10,7.315305218e-08,2.638963491e-06,2.53396485e-05,0.0001323096354,6.378792361e-13,1.186141425e-13,1.152613448e-14,7.532661365e-16,3.221465404e-06,1.088079509e-12,3.134803238e-10,2.960408638e-08,4.668701886e-07,3.509419889e-06
9,0.02259734363,0.01088991346,0.004709066945,0.001972813245,0.01410342027,0.004222289171,0.01184532853,0.02751767578,0.05037254724,0.07986039955,0.03202796103,0.01543464571,0.006674326319,0.002796139638,0.01525603904,0.004222292061,0.01184532424,0.02751763906,0.05037243312,0.07986020439,0.0004272423832,0.0001448712382,4.407917048e-05,1.334960278e-05,0.0005173224521,2.905091771e-05,0.0001313018066,0.0004749559748,0.001198669784,0.002504425254,0.0003014410732,0.0001022138944,3.110003239e-05,9.418797551e-06,0.0004782378924,2.905089782e-05,0.0001313018541,0.0004749566086,0.0011986725,0.002504431375,0.01055267454,0.004013598152,0.00136977309,0.0004612234788,0.004440186262,0.000471605323,0.001364312017,0.003261081484,0.005847408633,0.009082646985,0.01542409222,0.005866395273,0.002002103056,0.0006741391396,0.004836474322,0.0004716056743,0.001364311479,0.003261076748,0.005847394216,0.00908262283,0.0002206420286,5.985107299e-05,1.456796996e-05,3.590587598e-06,0.0001763147969,3.561888181e-06,1.62990054e-05,5.963897411e-05,0.0001453077534,0.0002936456212,0.0001509562756,4.094817086e-05,9.966926108e-06,2.456560086e-06,0.0001618680234,3.561885528e-06,1.629901182e-05,5.963906071e-05,0.0001453081116,0.0002936464022,2.265880295e-07,2.781496718e-08,2.584255411e-09,2.251073527e-10,1.101644158e-05,3.803909909e-09,1.126609351e-07,1.94142793e-06,1.357065849e-05,6.320312483e-05,3.411398836e-10,2.634483174e-11,1.398496358e-12,6.671329598e-14,9.575210074e-07,6.664674611e-12,6.581870713e-10,3.121916103e-08,4.082243913e-07,3.130836288e-06,1.709454043e-09,2.331419522e-10,2.277690225e-11,1.979116547e-12,3.350187446e-06,2.42877271e-10,1.340996585e-08,3.879117614e-07,3.787140132e-06,2.285030311e-05,2.04824229e-09,3.435687545e-10,4.128166664e-11,4.342004222e-12,5.318183849e-06,6.733576549e-10,3.298644927e-08,8.538873973e-07,7.745107384e-06,4.369821908e-05,1.995142143e-09,4.346356355e-10,6.782472631e-11,9.080462789e-12,8.525714268e-06,1.873943125e-09,7.892667742e-08,1.775635474e-06,1.452349316e-05,7.445059321e-05,3.010392898e-10,7.547659605e-11,1.300781671e-11,1.840098972e-12,7.583847607e-06,8.32103897e-10,4.356626417e-08,1.146331204e-06,9.990834538e-06,5.260159519e-05,4.93486625e-13,9.203474466e-14,1.009036403e-14,8.183312966e-16,1.594502614e-06,2.220855202e-12,4.310275679e-10,3.218377298e-08,4.947706965e-07,3.92199087e-06,9.659683344e-12,2.180335394e-12,2.893092485e-13,2.798291425e-14,5.661401251e-06,3.660334506e-11,4.969444974e-09,2.66273318e-07,3.319869712e-06,2.188055455e-05,2.049300479e-10,5.937531187e-11,1.011311075e-11,1.231724864e-12,2.299672523e-05,8.250515026e-10,7.315306006e-08,2.638963743e-06,2.533965074e-05,0.0001323096462,6.378793444e-13,1.186141631e-13,1.152613653e-14,7.53266273e-16,3.221465623e-06,1.088079722e-12,3.134803778e-10,2.960409085e-08,4.668702536e-07,3.509420335e-06
10,0.02259734361,0.01088991342,0.004709066923,0.001972813232,0.01410342021,0.004222289158,0.01184532851,0.02751767577,0.05037254729,0.07986039974,0.03202796099,0.01543464566,0.006674326287,0.00279613962,0.01525603897,0.004222292047,0.01184532422,0.02751763905,0.05037243316,0.07986020457,0.0004272423824,0.0001448712376,4.407917016e-05,1.334960265e-05,0.0005173224485,2.90509175e-05,0.0001313018058,0.0004749559727,0.00119866978,0.00250442525,0.0003014410727,0.000102213894,3.110003216e-05,9.41879746e-06,0.0004782378891,2.905089762e-05,0.0001313018534,0.0004749566065,0.001198672496,0.00250443137,0.01055267453,0.004013598146,0.001369773086,0.0004612234773,0.004440186255,0.0004716053241,0.001364312023,0.003261081502,0.005847408676,0.009082647072,0.01542409221,0.005866395265,0.002002103051,0.0006741391374,0.004836474314,0.0004716056753,0.001364311485,0.003261076767,0.005847394258,0.009082622917,0.0002206420284,5.985107282e-05,1.456796989e-05,3.590587575e-06,0.0001763147962,3.561888176e-06,1.62990054e-05,5.963897422e-05,0.0001453077539,0.0002936456229,0.0001509562755,4.094817074e-05,9.966926062e-06,2.456560071e-06,0.0001618680228,3.561885523e-06,1.629901183e-05,5.963906082e-05,0.0001453081121,0.0002936464038,2.265880284e-07,2.781496685e-08,2.584255361e-09,2.251073468e-10,1.101644142e-05,3.803909826e-09,1.126609331e-07,1.9414279e-06,1.357065831e-05,6.320312416e-05,3.411398813e-10,2.634483126e-11,1.398496317e-12,6.671329334e-14,9.575209877e-07,6.664674366e-12,6.581870498e-10,3.121916012e-08,4.082243805e-07,3.130836211e-06,1.709454053e-09,2.331419512e-10,2.277690193e-11,1.979116501e-12,3.350187399e-06,2.428772653e-10,1.340996556e-08,3.879117537e-07,3.78714006e-06,2.285030268e-05,2.048242331e-09,3.435687581e-10,4.128166669e-11,4.34200419e-12,5.318183813e-06,6.733576488e-10,3.298644897e-08,8.538873897e-07,7.745107312e-06,4.369821863e-05,1.995142218e-09,4.346356481e-10,6.782472768e-11,9.0804629e-12,8.525714286e-06,1.873943141e-09,7.892667795e-08,1.775635482e-06,1.45234932e-05,7.445059326e-05,3.010393073e-10,7.547659977e-11,1.300781723e-11,1.840099032e-12,7.583847692e-06,8.321039212e-10,4.356626524e-08,1.146331227e-06,9.990834706e-06,5.260159586e-05,4.934866746e-13,9.203475311e-14,1.009036487e-14,8.183313581e-16,1.594502657e-06,2.22085537e-12,4.310275961e-10,3.218377479e-08,4.947707214e-07,3.92199104e-06,9.659684491e-12,2.180335642e-12,2.8930928e-13,2.798291717e-14,5.661401481e-06,3.66033491e-11,4.969445457e-09,2.662733406e-07,3.319869969e-06,2.188055606e-05,2.049300748e-10,5.937531948e-11,1.011311202e-11,1.231725015e-12,2.299672636e-05,8.250516135e-10,7.315306882e-08,2.638964023e-06,2.533965323e-05,0.0001323096581,6.378794648e-13,1.18614186e-13,1.15261388e-14,7.532664246e-16,3.221465867e-06,1.088079957e-12,3.134804377e-10,2.960409581e-08,4.668703257e-07,3.509420829e-06
11,0.02259734358,0.01088991339,0.004709066898,0.001972813218,0.01410342014,0.004222289143,0.01184532849,0.02751767576,0.05037254733,0.07986039994,0.03202796095,0.01543464561,0.006674326252,0.002796139599,0.0152560389,0.004222292033,0.0118453242,0.02751763904,0.05037243321,0.07986020477,0.0004272423817,0.0001448712369,4.407916982e-05,1.334960251e-05,0.0005173224446,2.905091727e-05,0.000131301805,0.0004749559705,0.001198669776,0.002504425245,0.0003014410722,0.0001022138935,3.110003192e-05,9.41879736e-06,0.0004782378855,2.905089739e-05,0.0001313018526,0.0004749566043,0.001198672492,0.002504431365,0.01055267452,0.00401359814,0.001369773083,0.0004612234757,0.004440186248,0.0004716053252,0.001364312029,0.003261081523,0.005847408722,0.009082647167,0.0154240922,0.005866395255,0.002002103046,0.000674139135,0.004836474306,0.0004716056765,0.001364311491,0.003261076787,0.005847394305,0.009082623012,0.0002206420281,5.985107263e-05,1.456796982e-05,3.590587551e-06,0.0001763147954,3.56188817e-06,1.62990054e-05,5.963897434e-05,0.0001453077544,0.0002936456247,0.0001509562753,4.094817061e-05,9.966926012e-06,2.456560054e-06,0.0001618680221,3.561885517e-06,1.629901183e-05,5.963906095e-05,0.0001453081127,0.0002936464056,2.265880273e-07,2.781496649e-08,2.584255307e-09,2.251073403e-10,1.101644124e-05,3.803909735e-09,1.126609308e-07,1.941427867e-06,1.357065811e-05,6.320312342e-05,3.411398787e-10,2.634483074e-11,1.398496272e-12,6.671329045e-14,9.57520966e-07,6.664674096e-12,6.581870261e-10,3.121915913e-08,4.082243685e-07,3.130836127e-06,1.709454064e-09,2.331419502e-10,2.277690158e-11,1.979116451e-12,3.350187348e-06,2.428772591e-10,1.340996524e-08,3.879117453e-07,3.787139981e-06,2.285030221e-05,2.048242376e-09,3.435687621e-10,4.128166674e-11,4.342004154e-12,5.318183773e-06,6.733576421e-10,3.298644864e-08,8.538873813e-07,7.745107233e-06,4.369821815e-05,1.995142301e-09,4.346356619e-10,6.782472919e-11,9.080463022e-12,8.525714307e-06,1.873943159e-09,7.892667854e-08,1.775635491e-06,1.452349325e-05,7.445059332e-05,3.010393264e-10,7.547660386e-11,1.300781782e-11,1.840099099e-12,7.583847786e-06,8.321039478e-10,4.35662664e-08,1.146331252e-06,9.99083489e-06,5.260159659e-05,4.934867291e-13,9.203476239e-14,1.009036579e-14,8.183314256e-16,1.594502705e-06,2.220855554e-12,4.310276272e-10,3.218377678e-08,4.947707487e-07,3.921991225e-06,9.659685751e-12,2.180335915e-12,2.893093146e-13,2.798292037e-14,5.661401733e-06,3.660335353e-11,4.969445987e-09,2.662733654e-07,3.319870251e-06,2.188055773e-05,2.049301043e-10,5.937532784e-11,1.011311341e-11,1.231725181e-12,2.299672761e-05,8.250517353e-10,7.315307843e-08,2.63896433e-06,2.533965597e-05,0.0001323096712,6.378795969e-13,1.186142111e-13,1.15261413e-14,7.53266591e-16,3.221466134e-06,1.088080216e-12,3.134805035e-10,2.960410126e-08,4.668704048e-07,3.509421372e-06
12,0.02259734355,0.01088991335,0.00470906687,0.001972813203,0.01410342007,0.004222289127,0.01184532846,0.02751767574,0.05037254738,0.07986040016,0.03202796091,0.01543464556,0.006674326213,0.002796139578,0.01525603882,0.004222292017,0.01184532417,0.02751763903,0.05037243326,0.07986020499,0.0004272423808,0.0001448712361,4.407916944e-05,1.334960235e-05,0.0005173224403,2.905091702e-05,0.0001313018041,0.000474955968,0.001198669771,0.002504425239,0.0003014410716,0.0001022138929,3.110003166e-05,9.418797252e-06,0.0004782378816,2.905089714e-05,0.0001313018517,0.0004749566018,0.001198672487,0.00250443136,0.01055267452,0.004013598133,0.001369773079,0.0004612234739,0.004440186239,0.0004716053265,0.001364312035,0.003261081545,0.005847408773,0.00908264727,0.01542409219,0.005866395245,0.00200210304,0.0006741391324,0.004836474297,0.0004716056777,0.001364311497,0.003261076809,0.005847394356,0.009082623115,0.0002206420278,5.985107243e-05,1.456796974e-05,3.590587524e-06,0.0001763147946,3.561888163e-06,1.629900541e-05,5.963897448e-05,0.000145307755,0.0002936456266,0.0001509562751,4.094817047e-05,9.966925957e-06,2.456560036e-06,0.0001618680213,3.56188551e-06,1.629901184e-05,5.963906108e-05,0.0001453081133,0.0002936464076,2.265880261e-07,2.781496609e-08,2.584255247e-09,2.251073333e-10,1.101644104e-05,3.803909635e-09,1.126609283e-07,1.941427831e-06,1.35706579e-05,6.320312262e-05,3.411398759e-10,2.634483017e-11,1.398496223e-12,6.67132873e-14,9.575209423e-07,6.664673803e-12,6.581870004e-10,3.121915805e-08,4.082243555e-07,3.130836036e-06,1.709454076e-09,2.331419491e-10,2.27769012e-11,1.979116396e-12,3.350187292e-06,2.428772524e-10,1.34099649e-08,3.879117361e-07,3.787139895e-06,2.28503017e-05,2.048242424e-09,3.435687664e-10,4.128166679e-11,4.342004115e-12,5.318183729e-06,6.733576348e-10,3.298644829e-08,8.538873721e-07,7.745107148e-06,4.369821762e-05,1.99514239e-09,4.346356769e-10,6.782473082e-11,9.080463155e-12,8.525714329e-06,1.873943179e-09,7.892667917e-08,1.775635501e-06,1.45234933e-05,7.445059338e-05,3.010393472e-10,7.54766083e-11,1.300781845e-11,1.840099171e-12,7.583847889e-06,8.321039767e-10,4.356626767e-08,1.14633128e-06,9.990835091e-06,5.260159739e-05,4.934867883e-13,9.203477248e-14,1.009036679e-14,8.18331499e-16,1.594502757e-06,2.220855755e-12,4.31027661e-10,3.218377895e-08,4.947707784e-07,3.921991428e-06,9.659687121e-12,2.180336211e-12,2.893093522e-13,2.798292386e-14,5.661402007e-06,3.660335835e-11,4.969446563e-09,2.662733924e-07,3.319870558e-06,2.188055954e-05,2.049301364e-10,5.937533693e-11,1.011311492e-11,1.231725361e-12,2.299672896e-05,8.250518678e-10,7.315308889e-08,2.638964664e-06,2.533965894e-05,0.0001323096854,6.378797407e-13,1.186142385e-13,1.152614402e-14,7.532667721e-16,3.221466425e-06,1.088080498e-12,3.134805751e-10,2.960410718e-08,4.668704909e-07,3.509421963e-06
13,0.02259734351,0.01088991331,0.004709066841,0.001972813186,0.01410341998,0.004222289109,0.01184532844,0.02751767573,0.05037254744,0.07986040039,0.03202796086,0.0154346455,0.006674326171,0.002796139554,0.01525603873,0.004222291999,0.01184532415,0.02751763901,0.05037243331,0.07986020522,0.0004272423799,0.0001448712353,4.407916904e-05,1.334960219e-05,0.0005173224357,2.905091676e-05,0.0001313018032,0.0004749559654,0.001198669766,0.002504425234,0.0003014410709,0.0001022138924,3.110003137e-05,9.418797135e-06,0.0004782378773,2.905089688e-05,0.0001313018507,0.0004749565992,0.001198672482,0.002504431354,0.01055267451,0.004013598125,0.001369773075,0.000461223472,0.00444018623,0.0004716053278,0.001364312042,0.003261081568,0.005847408828,0.009082647382,0.01542409218,0.005866395233,0.002002103034,0.0006741391296,0.004836474287,0.0004716056791,0.001364311504,0.003261076833,0.005847394411,0.009082623226,0.0002206420275,5.985107221e-05,1.456796965e-05,3.590587495e-06,0.0001763147937,3.561888156e-06,1.629900541e-05,5.963897462e-05,0.0001453077557,0.0002936456288,0.0001509562749,4.094817032e-05,9.966925898e-06,2.456560016e-06,0.0001618680205,3.561885503e-06,1.629901184e-05,5.963906122e-05,0.0001453081139,0.0002936464097,2.265880247e-07,2.781496567e-08,2.584255183e-09,2.251073258e-10,1.101644083e-05,3.803909528e-09,1.126609256e-07,1.941427792e-06,1.357065767e-05,6.320312176e-05,3.411398729e-10,2.634482956e-11,1.398496171e-12,6.67132839e-14,9.575209168e-07,6.664673487e-12,6.581869726e-10,3.121915688e-08,4.082243415e-07,3.130835937e-06,1.709454088e-09,2.331419478e-10,2.277690079e-11,1.979116337e-12,3.350187231e-06,2.428772451e-10,1.340996453e-08,3.879117262e-07,3.787139802e-06,2.285030115e-05,2.048242477e-09,3.43568771e-10,4.128166685e-11,4.342004072e-12,5.318183682e-06,6.733576269e-10,3.298644791e-08,8.538873623e-07,7.745107055e-06,4.369821704e-05,1.995142487e-09,4.34635693e-10,6.782473259e-11,9.080463298e-12,8.525714353e-06,1.8739432e-09,7.892667985e-08,1.775635512e-06,1.452349336e-05,7.445059345e-05,3.010393697e-10,7.54766131e-11,1.300781913e-11,1.840099248e-12,7.583847999e-06,8.321040079e-10,4.356626904e-08,1.146331309e-06,9.990835307e-06,5.260159824e-05,4.934868522e-13,9.203478338e-14,1.009036787e-14,8.183315783e-16,1.594502813e-06,2.220855972e-12,4.310276975e-10,3.218378129e-08,4.947708105e-07,3.921991646e-06,9.659688601e-12,2.180336531e-12,2.893093928e-13,2.798292762e-14,5.661402303e-06,3.660336356e-11,4.969447185e-09,2.662734215e-07,3.31987089e-06,2.188056149e-05,2.049301711e-10,5.937534675e-11,1.011311655e-11,1.231725555e-12,2.299673043e-05,8.250520108e-10,7.315310019e-08,2.638965025e-06,2.533966216e-05,0.0001323097008,6.378798959e-13,1.18614268e-13,1.152614695e-14,7.532669675e-16,3.221466739e-06,1.088080802e-12,3.134806524e-10,2.960411358e-08,4.668705839e-07,3.509422601e-06
14,0.02259734348,0.01088991326,0.004709066809,0.001972813168,0.0141034199,0.004222289091,0.01184532841,0.02751767571,0.05037254749,0.07986040064,0.03202796081,0.01543464543,0.006674326126,0.002796139529,0.01525603864,0.004222291981,0.01184532412,0.027517639,0.05037243337,0.07986020548,0.0004272423789,0.0001448712344,4.40791686e-05,1.334960201e-05,0.0005173224308,2.905091647e-05,0.0001313018021,0.0004749559625,0.001198669761,0.002504425227,0.0003014410702,0.0001022138917,3.110003106e-05,9.418797009e-06,0.0004782378727,2.905089659e-05,0.0001313018497,0.0004749565963,0.001198672477,0.002504431348,0.0105526745,0.004013598117,0.00136977307,0.0004612234699,0.004440186221,0.0004716053293,0.00136431205,0.003261081594,0.005847408887,0.009082647501,0.01542409217,0.005866395221,0.002002103027,0.0006741391265,0.004836474276,0.0004716056805,0.001364311512,0.003261076858,0.00584739447,0.009082623346,0.0002206420272,5.985107197e-05,1.456796956e-05,3.590587464e-06,0.0001763147927,3.561888148e-06,1.629900542e-05,5.963897478e-05,0.0001453077564,0.000293645631,0.0001509562747,4.094817016e-05,9.966925835e-06,2.456559995e-06,0.0001618680196,3.561885496e-06,1.629901185e-05,5.963906138e-05,0.0001453081146,0.000293646412,2.265880233e-07,2.781496521e-08,2.584255114e-09,2.251073176e-10,1.101644061e-05,3.803909413e-09,1.126609227e-07,1.941427751e-06,1.357065742e-05,6.320312083e-05,3.411398697e-10,2.63448289e-11,1.398496114e-12,6.671328025e-14,9.575208895e-07,6.664673148e-12,6.581869428e-10,3.121915563e-08,4.082243265e-07,3.13083583e-06,1.709454102e-09,2.331419465e-10,2.277690035e-11,1.979116273e-12,3.350187166e-06,2.428772373e-10,1.340996413e-08,3.879117155e-07,3.787139702e-06,2.285030056e-05,2.048242533e-09,3.43568776e-10,4.128166691e-11,4.342004027e-12,5.318183632e-06,6.733576184e-10,3.298644749e-08,8.538873517e-07,7.745106956e-06,4.369821643e-05,1.99514259e-09,4.346357104e-10,6.782473449e-11,9.080463452e-12,8.525714378e-06,1.873943223e-09,7.892668059e-08,1.775635524e-06,1.452349342e-05,7.445059352e-05,3.010393938e-10,7.547661825e-11,1.300781986e-11,1.840099332e-12,7.583848117e-06,8.321040414e-10,4.356627052e-08,1.146331341e-06,9.99083554e-06,5.260159916e-05,4.934869208e-13,9.203479507e-14,1.009036903e-14,8.183316634e-16,1.594502873e-06,2.220856204e-12,4.310277366e-10,3.218378379e-08,4.947708449e-07,3.92199188e-06,9.659690188e-12,2.180336874e-12,2.893094364e-13,2.798293166e-14,5.66140262e-06,3.660336914e-11,4.969447853e-09,2.662734527e-07,3.319871245e-06,2.188056359e-05,2.049302083e-10,5.937535727e-11,1.011311831e-11,1.231725764e-12,2.299673199e-05,8.250521643e-10,7.31531123e-08,2.638965412e-06,2.53396656e-05,0.0001323097173,6.378800623e-13,1.186142997e-13,1.152615009e-14,7.532671772e-16,3.221467076e-06,1.088081128e-12,3.134807353e-10,2.960412045e-08,4.668706836e-07,3.509423286e-06
15,0.02259734344,0.01088991321,0.004709066776,0.001972813149,0.01410341981,0.004222289071,0.01184532838,0.0275176757,0.05037254755,0.07986040091,0.03202796076,0.01543464537,0.006674326079,0.002796139502,0.01525603854,0.004222291961,0.01184532409,0.02751763898,0.05037243343,0.07986020574,0.0004272423778,0.0001448712335,4.407916814e-05,1.334960182e-05,0.0005173224255,2.905091617e-05,0.000131301801,0.0004749559595,0.001198669756,0.002504425221,0.0003014410695,0.0001022138911,3.110003074e-05,9.418796875e-06,0.0004782378679,2.905089629e-05,0.0001313018486,0.0004749565933,0.001198672471,0.002504431341,0.01055267449,0.004013598108,0.001369773065,0.0004612234677,0.004440186211,0.0004716053308,0.001364312058,0.003261081621,0.00584740895,0.009082647629,0.01542409216,0.005866395208,0.00200210302,0.0006741391233,0.004836474265,0.0004716056821,0.00136431152,0.003261076885,0.005847394533,0.009082623474,0.0002206420268,5.985107172e-05,1.456796946e-05,3.590587431e-06,0.0001763147917,3.56188814e-06,1.629900542e-05,5.963897494e-05,0.0001453077571,0.0002936456335,0.0001509562744,4.094816999e-05,9.966925767e-06,2.456559972e-06,0.0001618680187,3.561885487e-06,1.629901185e-05,5.963906155e-05,0.0001453081154,0.0002936464144,2.265880218e-07,2.781496472e-08,2.58425504e-09,2.25107309e-10,1.101644037e-05,3.803909291e-09,1.126609196e-07,1.941427706e-06,1.357065716e-05,6.320311984e-05,3.411398662e-10,2.63448282e-11,1.398496054e-12,6.671327636e-14,9.575208603e-07,6.664672786e-12,6.58186911e-10,3.121915429e-08,4.082243104e-07,3.130835717e-06,1.709454117e-09,2.331419451e-10,2.277689987e-11,1.979116206e-12,3.350187097e-06,2.428772289e-10,1.340996371e-08,3.879117042e-07,3.787139596e-06,2.285029992e-05,2.048242593e-09,3.435687813e-10,4.128166698e-11,4.342003979e-12,5.318183578e-06,6.733576094e-10,3.298644706e-08,8.538873404e-07,7.74510685e-06,4.369821578e-05,1.995142701e-09,4.346357289e-10,6.782473652e-11,9.080463615e-12,8.525714405e-06,1.873943248e-09,7.892668137e-08,1.775635536e-06,1.452349349e-05,7.44505936e-05,3.010394195e-10,7.547662374e-11,1.300782064e-11,1.840099421e-12,7.583848244e-06,8.321040771e-10,4.356627208e-08,1.146331375e-06,9.990835788e-06,5.260160015e-05,4.93486994e-13,9.203480754e-14,1.009037027e-14,8.183317541e-16,1.594502937e-06,2.220856452e-12,4.310277784e-10,3.218378647e-08,4.947708817e-07,3.92199213e-06,9.659691881e-12,2.18033724e-12,2.893094828e-13,2.798293596e-14,5.661402959e-06,3.66033751e-11,4.969448565e-09,2.662734861e-07,3.319871625e-06,2.188056583e-05,2.04930248e-10,5.937536851e-11,1.011312017e-11,1.231725987e-12,2.299673367e-05,8.25052328e-10,7.315312522e-08,2.638965825e-06,2.533966928e-05,0.0001323097349,6.378802399e-13,1.186143334e-13,1.152615345e-14,7.532674009e-16,3.221467436e-06,1.088081476e-12,3.134808238e-10,2.960412777e-08,4.668707899e-07,3.509424016e-06
16,0.0225973434,0.01088991316,0.00470906674,0.001972813129,0.01410341971,0.00422228905,0.01184532835,0.02751767568,0.05037254762,0.0798604012,0.0320279607,0.01543464529,0.006674326028,0.002796139473,0.01525603843,0.00422229194,0.01184532405,0.02751763896,0.05037243349,0.07986020603,0.0004272423767,0.0001448712325,4.407916765e-05,1.334960162e-05,0.0005173224199,2.905091584e-05,0.0001313017999,0.0004749559563,0.00119866975,0.002504425214,0.0003014410687,0.0001022138904,3.110003039e-05,9.418796732e-06,0.0004782378627,2.905089596e-05,0.0001313018474,0.0004749565901,0.001198672465,0.002504431334,0.01055267448,0.004013598099,0.00136977306,0.0004612234654,0.0044401862,0.0004716053325,0.001364312066,0.00326108165,0.005847409017,0.009082647764,0.01542409214,0.005866395195,0.002002103013,0.0006741391199,0.004836474253,0.0004716056837,0.001364311528,0.003261076914,0.0058473946,0.009082623609,0.0002206420265,5.985107146e-05,1.456796935e-05,3.590587396e-06,0.0001763147906,3.561888132e-06,1.629900543e-05,5.963897512e-05,0.0001453077579,0.000293645636,0.0001509562742,4.094816981e-05,9.966925695e-06,2.456559949e-06,0.0001618680177,3.561885479e-06,1.629901186e-05,5.963906172e-05,0.0001453081162,0.000293646417,2.265880202e-07,2.78149642e-08,2.584254962e-09,2.251072998e-10,1.101644011e-05,3.803909161e-09,1.126609163e-07,1.941427659e-06,1.357065688e-05,6.320311879e-05,3.411398625e-10,2.634482746e-11,1.39849599e-12,6.671327223e-14,9.575208293e-07,6.664672402e-12,6.581868772e-10,3.121915288e-08,4.082242934e-07,3.130835597e-06,1.709454133e-09,2.331419436e-10,2.277689937e-11,1.979116134e-12,3.350187024e-06,2.428772201e-10,1.340996325e-08,3.879116922e-07,3.787139483e-06,2.285029925e-05,2.048242657e-09,3.43568787e-10,4.128166705e-11,4.342003927e-12,5.318183521e-06,6.733575998e-10,3.298644659e-08,8.538873284e-07,7.745106738e-06,4.369821508e-05,1.995142818e-09,4.346357486e-10,6.782473866e-11,9.080463789e-12,8.525714434e-06,1.873943274e-09,7.89266822e-08,1.77563555e-06,1.452349356e-05,7.445059368e-05,3.010394468e-10,7.547662957e-11,1.300782147e-11,1.840099515e-12,7.583848378e-06,8.32104115e-10,4.356627375e-08,1.146331411e-06,9.990836051e-06,5.260160119e-05,4.934870717e-13,9.203482077e-14,1.009037158e-14,8.183318504e-16,1.594503005e-06,2.220856715e-12,4.310278227e-10,3.218378931e-08,4.947709207e-07,3.921992395e-06,9.659693678e-12,2.180337629e-12,2.893095322e-13,2.798294054e-14,5.661403319e-06,3.660338143e-11,4.96944932e-09,2.662735215e-07,3.319872027e-06,2.18805682e-05,2.049302901e-10,5.937538043e-11,1.011312216e-11,1.231726223e-12,2.299673544e-05,8.250525018e-10,7.315313894e-08,2.638966263e-06,2.533967318e-05,0.0001323097536,6.378804284e-13,1.186143693e-13,1.152615701e-14,7.532676384e-16,3.221467817e-06,1.088081845e-12,3.134809177e-10,2.960413554e-08,4.668709029e-07,3.509424791e-06
17,0.02259734336,0.01088991311,0.004709066702,0.001972813107,0.01410341961,0.004222289028,0.01184532831,0.02751767566,0.05037254769,0.0798604015,0.03202796064,0.01543464522,0.006674325975,0.002796139442,0.01525603832,0.004222291918,0.01184532402,0.02751763894,0.05037243356,0.07986020633,0.0004272423755,0.0001448712314,4.407916713e-05,1.33496014e-05,0.000517322414,2.90509155e-05,0.0001313017986,0.0004749559529,0.001198669743,0.002504425206,0.0003014410678,0.0001022138896,3.110003002e-05,9.418796582e-06,0.0004782378572,2.905089562e-05,0.0001313018462,0.0004749565867,0.001198672459,0.002504431327,0.01055267447,0.004013598089,0.001369773055,0.0004612234629,0.004440186188,0.0004716053342,0.001364312076,0.00326108168,0.005847409088,0.009082647908,0.01542409213,0.00586639518,0.002002103005,0.0006741391163,0.004836474241,0.0004716056855,0.001364311538,0.003261076945,0.005847394671,0.009082623752,0.0002206420261,5.985107117e-05,1.456796924e-05,3.590587359e-06,0.0001763147894,3.561888123e-06,1.629900544e-05,5.96389753e-05,0.0001453077587,0.0002936456387,0.0001509562739,4.094816962e-05,9.966925619e-06,2.456559923e-06,0.0001618680166,3.56188547e-06,1.629901186e-05,5.963906191e-05,0.000145308117,0.0002936464197,2.265880185e-07,2.781496365e-08,2.58425488e-09,2.251072901e-10,1.101643984e-05,3.803909023e-09,1.126609129e-07,1.94142761e-06,1.357065659e-05,6.320311768e-05,3.411398586e-10,2.634482667e-11,1.398495922e-12,6.671326787e-14,9.575207966e-07,6.664671995e-12,6.581868415e-10,3.121915138e-08,4.082242754e-07,3.13083547e-06,1.709454149e-09,2.33141942e-10,2.277689885e-11,1.979116058e-12,3.350186946e-06,2.428772107e-10,1.340996278e-08,3.879116794e-07,3.787139364e-06,2.285029854e-05,2.048242724e-09,3.435687929e-10,4.128166713e-11,4.342003873e-12,5.318183461e-06,6.733575897e-10,3.29864461e-08,8.538873157e-07,7.745106619e-06,4.369821435e-05,1.995142942e-09,4.346357694e-10,6.782474094e-11,9.080463973e-12,8.525714465e-06,1.873943301e-09,7.892668308e-08,1.775635564e-06,1.452349363e-05,7.445059377e-05,3.010394757e-10,7.547663573e-11,1.300782235e-11,1.840099615e-12,7.583848519e-06,8.321041551e-10,4.356627551e-08,1.146331449e-06,9.990836329e-06,5.260160229e-05,4.934871538e-13,9.203483477e-14,1.009037297e-14,8.183319522e-16,1.594503077e-06,2.220856994e-12,4.310278696e-10,3.218379231e-08,4.947709619e-07,3.921992675e-06,9.659695578e-12,2.18033804e-12,2.893095843e-13,2.798294537e-14,5.661403699e-06,3.660338811e-11,4.96945012e-09,2.662735589e-07,3.319872453e-06,2.188057071e-05,2.049303346e-10,5.937539304e-11,1.011312425e-11,1.231726473e-12,2.299673732e-05,8.250526855e-10,7.315315344e-08,2.638966727e-06,2.533967731e-05,0.0001323097733,6.378806277e-13,1.186144072e-13,1.152616077e-14,7.532678894e-16,3.221468221e-06,1.088082235e-12,3.13481017e-10,2.960414376e-08,4.668710222e-07,3.50942561e-06
18,0.02259734331,0.01088991305,0.004709066662,0.001972813085,0.0141034195,0.004222289004,0.01184532828,0.02751767564,0.05037254776,0.07986040182,0.03202796058,0.01543464514,0.006674325918,0.00279613941,0.0152560382,0.004222291894,0.01184532398,0.02751763892,0.05037243363,0.07986020665,0.0004272423743,0.0001448712303,4.407916658e-05,1.334960118e-05,0.0005173224078,2.905091514e-05,0.0001313017973,0.0004749559493,0.001198669737,0.002504425198,0.000301441067,0.0001022138888,3.110002963e-05,9.418796423e-06,0.0004782378515,2.905089526e-05,0.0001313018449,0.0004749565831,0.001198672452,0.002504431319,0.01055267446,0.004013598078,0.001369773049,0.0004612234603,0.004440186176,0.0004716053361,0.001364312085,0.003261081712,0.005847409162,0.009082648059,0.01542409211,0.005866395165,0.002002102996,0.0006741391124,0.004836474228,0.0004716056873,0.001364311547,0.003261076977,0.005847394745,0.009082623903,0.0002206420256,5.985107088e-05,1.456796913e-05,3.59058732e-06,0.0001763147882,3.561888113e-06,1.629900544e-05,5.96389755e-05,0.0001453077596,0.0002936456416,0.0001509562736,4.094816941e-05,9.966925539e-06,2.456559897e-06,0.0001618680155,3.56188546e-06,1.629901187e-05,5.96390621e-05,0.0001453081179,0.0002936464226,2.265880167e-07,2.781496307e-08,2.584254793e-09,2.251072798e-10,1.101643956e-05,3.803908878e-09,1.126609093e-07,1.941427557e-06,1.357065628e-05,6.320311651e-05,3.411398545e-10,2.634482584e-11,1.398495851e-12,6.671326327e-14,9.575207621e-07,6.664671567e-12,6.581868039e-10,3.12191498e-08,4.082242564e-07,3.130835336e-06,1.709454167e-09,2.331419404e-10,2.277689829e-11,1.979115978e-12,3.350186864e-06,2.428772008e-10,1.340996227e-08,3.87911666e-07,3.787139238e-06,2.28502978e-05,2.048242795e-09,3.435687992e-10,4.128166721e-11,4.342003816e-12,5.318183397e-06,6.73357579e-10,3.298644558e-08,8.538873024e-07,7.745106494e-06,4.369821357e-05,1.995143073e-09,4.346357913e-10,6.782474333e-11,9.080464167e-12,8.525714497e-06,1.87394333e-09,7.892668401e-08,1.775635578e-06,1.452349371e-05,7.445059386e-05,3.010395061e-10,7.547664222e-11,1.300782327e-11,1.84009972e-12,7.583848669e-06,8.321041973e-10,4.356627737e-08,1.146331489e-06,9.990836622e-06,5.260160345e-05,4.934872403e-13,9.20348495e-14,1.009037444e-14,8.183320594e-16,1.594503152e-06,2.220857287e-12,4.310279189e-10,3.218379548e-08,4.947710053e-07,3.92199297e-06,9.659697579e-12,2.180338473e-12,2.893096392e-13,2.798295046e-14,5.661404099e-06,3.660339515e-11,4.969450961e-09,2.662735983e-07,3.319872902e-06,2.188057336e-05,2.049303815e-10,5.937540631e-11,1.011312646e-11,1.231726736e-12,2.29967393e-05,8.25052879e-10,7.315316872e-08,2.638967214e-06,2.533968165e-05,0.0001323097941,6.378808376e-13,1.186144471e-13,1.152616474e-14,7.532681538e-16,3.221468645e-06,1.088082647e-12,3.134811215e-10,2.960415241e-08,4.66871148e-07,3.509426473e-06
19,0.02259734327,0.01088991299,0.004709066621,0.001972813061,0.01410341938,0.00422228898,0.01184532824,0.02751767562,0.05037254784,0.07986040215,0.03202796051,0.01543464505,0.006674325859,0.002796139377,0.01525603808,0.004222291869,0.01184532395,0.0275176389,0.05037243371,0.07986020699,0.0004272423729,0.0001448712292,4.4079166e-05,1.334960094e-05,0.0005173224012,2.905091476e-05,0.000131301796,0.0004749559456,0.00119866973,0.00250442519,0.000301441066,0.000102213888,3.110002923e-05,9.418796257e-06,0.0004782378454,2.905089488e-05,0.0001313018435,0.0004749565793,0.001198672445,0.002504431311,0.01055267445,0.004013598068,0.001369773043,0.0004612234575,0.004440186163,0.000471605338,0.001364312095,0.003261081746,0.00584740924,0.009082648217,0.0154240921,0.005866395149,0.002002102987,0.0006741391084,0.004836474214,0.0004716056892,0.001364311557,0.003261077011,0.005847394823,0.009082624062,0.0002206420252,5.985107057e-05,1.4567969e-05,3.59058728e-06,0.0001763147869,3.561888103e-06,1.629900545e-05,5.96389757e-05,0.0001453077605,0.0002936456446,0.0001509562733,4.09481692e-05,9.966925455e-06,2.456559869e-06,0.0001618680143,3.56188545e-06,1.629901188e-05,5.963906231e-05,0.0001453081188,0.0002936464256,2.265880148e-07,2.781496247e-08,2.584254702e-09,2.251072691e-10,1.101643926e-05,3.803908726e-09,1.126609054e-07,1.941427503e-06,1.357065595e-05,6.320311528e-05,3.411398503e-10,2.634482497e-11,1.398495776e-12,6.671325844e-14,9.575207259e-07,6.664671118e-12,6.581867644e-10,3.121914814e-08,4.082242365e-07,3.130835195e-06,1.709454185e-09,2.331419386e-10,2.27768977e-11,1.979115894e-12,3.350186778e-06,2.428771905e-10,1.340996175e-08,3.87911652e-07,3.787139106e-06,2.285029701e-05,2.04824287e-09,3.435688058e-10,4.128166729e-11,4.342003756e-12,5.31818333e-06,6.733575678e-10,3.298644503e-08,8.538872884e-07,7.745106362e-06,4.369821276e-05,1.99514321e-09,4.346358143e-10,6.782474584e-11,9.08046437e-12,8.525714531e-06,1.87394336e-09,7.892668498e-08,1.775635594e-06,1.452349379e-05,7.445059395e-05,3.01039538e-10,7.547664903e-11,1.300782424e-11,1.84009983e-12,7.583848825e-06,8.321042416e-10,4.356627931e-08,1.146331531e-06,9.990836929e-06,5.260160467e-05,4.934873311e-13,9.203486497e-14,1.009037597e-14,8.18332172e-16,1.594503232e-06,2.220857594e-12,4.310279707e-10,3.218379879e-08,4.947710509e-07,3.92199328e-06,9.659699679e-12,2.180338927e-12,2.893096969e-13,2.79829558e-14,5.661404519e-06,3.660340254e-11,4.969451845e-09,2.662736396e-07,3.319873372e-06,2.188057613e-05,2.049304307e-10,5.937542025e-11,1.011312878e-11,1.231727012e-12,2.299674138e-05,8.250530821e-10,7.315318475e-08,2.638967727e-06,2.533968621e-05,0.000132309816,6.37881058e-13,1.18614489e-13,1.15261689e-14,7.532684313e-16,3.221469091e-06,1.088083078e-12,3.134812313e-10,2.96041615e-08,4.668712799e-07,3.509427379e-06
20,0.02259734322,0.01088991293,0.004709066577,0.001972813036,0.01410341926,0.004222288954,0.0118453282,0.0275176756,0.05037254792,0.0798604025,0.03202796044,0.01543464496,0.006674325797,0.002796139342,0.01525603795,0.004222291844,0.01184532391,0.02751763888,0.05037243379,0.07986020734,0.0004272423716,0.0001448712279,4.40791654e-05,1.334960069e-05,0.0005173223944,2.905091437e-05,0.0001313017945,0.0004749559416,0.001198669722,0.002504425181,0.0003014410651,0.0001022138871,3.11000288e-05,9.418796083e-06,0.0004782378391,2.905089448e-05,0.0001313018421,0.0004749565754,0.001198672438,0.002504431302,0.01055267444,0.004013598056,0.001369773037,0.0004612234546,0.00444018615,0.00047160534,0.001364312106,0.003261081781,0.005847409322,0.009082648383,0.01542409208,0.005866395133,0.002002102978,0.0006741391042,0.004836474199,0.0004716056913,0.001364311568,0.003261077046,0.005847394905,0.009082624227,0.0002206420247,5.985107024e-05,1.456796887e-05,3.590587237e-06,0.0001763147856,3.561888092e-06,1.629900546e-05,5.963897592e-05,0.0001453077615,0.0002936456478,0.000150956273,4.094816898e-05,9.966925367e-06,2.456559839e-06,0.0001618680131,3.56188544e-06,1.629901188e-05,5.963906252e-05,0.0001453081197,0.0002936464287,2.265880129e-07,2.781496183e-08,2.584254606e-09,2.251072578e-10,1.101643895e-05,3.803908567e-09,1.126609014e-07,1.941427445e-06,1.357065561e-05,6.3203114e-05,3.411398458e-10,2.634482406e-11,1.398495698e-12,6.671325339e-14,9.57520688e-07,6.664670648e-12,6.581867231e-10,3.121914641e-08,4.082242157e-07,3.130835048e-06,1.709454204e-09,2.331419368e-10,2.277689709e-11,1.979115806e-12,3.350186688e-06,2.428771797e-10,1.34099612e-08,3.879116372e-07,3.787138968e-06,2.285029619e-05,2.048242947e-09,3.435688127e-10,4.128166738e-11,4.342003693e-12,5.31818326e-06,6.733575561e-10,3.298644446e-08,8.538872737e-07,7.745106225e-06,4.369821191e-05,1.995143353e-09,4.346358383e-10,6.782474847e-11,9.080464583e-12,8.525714567e-06,1.873943392e-09,7.892668599e-08,1.77563561e-06,1.452349388e-05,7.445059405e-05,3.010395714e-10,7.547665616e-11,1.300782526e-11,1.840099946e-12,7.583848989e-06,8.321042879e-10,4.356628135e-08,1.146331575e-06,9.990837251e-06,5.260160595e-05,4.934874261e-13,9.203488117e-14,1.009037758e-14,8.183322898e-16,1.594503315e-06,2.220857916e-12,4.310280249e-10,3.218380227e-08,4.947710986e-07,3.921993604e-06,9.659701878e-12,2.180339403e-12,2.893097573e-13,2.798296139e-14,5.661404959e-06,3.660341028e-11,4.969452769e-09,2.662736829e-07,3.319873865e-06,2.188057904e-05,2.049304822e-10,5.937543483e-11,1.011313121e-11,1.231727301e-12,2.299674355e-05,8.250532947e-10,7.315320153e-08,2.638968263e-06,2.533969099e-05,0.0001323098388,6.378812886e-13,1.186145329e-13,1.152617326e-14,7.532687218e-16,3.221469558e-06,1.08808353e-12,3.134813462e-10,2.9604171e-08,4.668714181e-07,3.509428327e-06
21,0.02259734316,0.01088991287,0.004709066531,0.00197281301,0.01410341914,0.004222288927,0.01184532816,0.02751767558,0.050372548,0.07986040287,0.03202796037,0.01543464487,0.006674325732,0.002796139305,0.01525603781,0.004222291817,0.01184532387,0.02751763886,0.05037243387,0.0798602077,0.0004272423701,0.0001448712267,4.407916477e-05,1.334960044e-05,0.0005173223872,2.905091395e-05,0.0001313017931,0.0004749559375,0.001198669715,0.002504425172,0.0003014410641,0.0001022138862,3.110002836e-05,9.418795901e-06,0.0004782378325,2.905089407e-05,0.0001313018406,0.0004749565713,0.001198672431,0.002504431293,0.01055267443,0.004013598044,0.00136977303,0.0004612234516,0.004440186136,0.0004716053421,0.001364312116,0.003261081818,0.005847409407,0.009082648556,0.01542409206,0.005866395115,0.002002102969,0.0006741390998,0.004836474184,0.0004716056934,0.001364311578,0.003261077083,0.00584739499,0.0090826244,0.0002206420243,5.98510699e-05,1.456796874e-05,3.590587192e-06,0.0001763147842,3.561888081e-06,1.629900546e-05,5.963897614e-05,0.0001453077625,0.0002936456511,0.0001509562727,4.094816874e-05,9.966925276e-06,2.456559809e-06,0.0001618680118,3.561885428e-06,1.629901189e-05,5.963906275e-05,0.0001453081207,0.000293646432,2.265880108e-07,2.781496117e-08,2.584254507e-09,2.251072461e-10,1.101643863e-05,3.803908401e-09,1.126608973e-07,1.941427385e-06,1.357065525e-05,6.320311266e-05,3.411398411e-10,2.634482311e-11,1.398495616e-12,6.671324812e-14,9.575206484e-07,6.664670158e-12,6.5818668e-10,3.12191446e-08,4.082241939e-07,3.130834895e-06,1.709454224e-09,2.331419349e-10,2.277689645e-11,1.979115714e-12,3.350186595e-06,2.428771684e-10,1.340996062e-08,3.879116219e-07,3.787138824e-06,2.285029533e-05,2.048243029e-09,3.435688199e-10,4.128166747e-11,4.342003628e-12,5.318183187e-06,6.733575439e-10,3.298644387e-08,8.538872584e-07,7.745106082e-06,4.369821102e-05,1.995143503e-09,4.346358634e-10,6.782475121e-11,9.080464805e-12,8.525714604e-06,1.873943425e-09,7.892668705e-08,1.775635627e-06,1.452349397e-05,7.445059416e-05,3.010396063e-10,7.547666361e-11,1.300782632e-11,1.840100066e-12,7.58384916e-06,8.321043363e-10,4.356628348e-08,1.146331621e-06,9.990837587e-06,5.260160728e-05,4.934875253e-13,9.203489807e-14,1.009037926e-14,8.183324128e-16,1.594503402e-06,2.220858253e-12,4.310280815e-10,3.21838059e-08,4.947711484e-07,3.921993943e-06,9.659704173e-12,2.180339899e-12,2.893098203e-13,2.798296723e-14,5.661405418e-06,3.660341836e-11,4.969453734e-09,2.662737281e-07,3.319874379e-06,2.188058207e-05,2.04930536e-10,5.937545006e-11,1.011313374e-11,1.231727602e-12,2.299674582e-05,8.250535165e-10,7.315321905e-08,2.638968822e-06,2.533969597e-05,0.0001323098627,6.378815293e-13,1.186145787e-13,1.152617781e-14,7.53269025e-16,3.221470046e-06,1.088084002e-12,3.134814661e-10,2.960418093e-08,4.668715623e-07,3.509429316e-06
22,0.02259734311,0.0108899128,0.004709066484,0.001972812983,0.01410341901,0.004222288899,0.01184532811,0.02751767555,0.05037254809,0.07986040325,0.03202796029,0.01543464477,0.006674325665,0.002796139267,0.01525603767,0.004222291789,0.01184532382,0.02751763884,0.05037243396,0.07986020808,0.0004272423686,0.0001448712253,4.407916412e-05,1.334960017e-05,0.0005173223798,2.905091352e-05,0.0001313017915,0.0004749559332,0.001198669707,0.002504425163,0.000301441063,0.0001022138853,3.11000279e-05,9.418795712e-06,0.0004782378256,2.905089364e-05,0.0001313018391,0.000474956567,0.001198672423,0.002504431283,0.01055267441,0.004013598032,0.001369773023,0.0004612234485,0.004440186122,0.0004716053443,0.001364312128,0.003261081857,0.005847409496,0.009082648736,0.01542409204,0.005866395097,0.002002102959,0.0006741390953,0.004836474168,0.0004716056956,0.00136431159,0.003261077121,0.005847395079,0.009082624581,0.0002206420238,5.985106955e-05,1.45679686e-05,3.590587146e-06,0.0001763147827,3.56188807e-06,1.629900547e-05,5.963897638e-05,0.0001453077635,0.0002936456545,0.0001509562723,4.09481685e-05,9.96692518e-06,2.456559777e-06,0.0001618680105,3.561885417e-06,1.62990119e-05,5.963906298e-05,0.0001453081218,0.0002936464354,2.265880087e-07,2.781496048e-08,2.584254403e-09,2.251072338e-10,1.101643829e-05,3.803908228e-09,1.126608929e-07,1.941427323e-06,1.357065488e-05,6.320311126e-05,3.411398362e-10,2.634482212e-11,1.398495531e-12,6.671324263e-14,9.575206073e-07,6.664669647e-12,6.581866351e-10,3.121914272e-08,4.082241713e-07,3.130834735e-06,1.709454245e-09,2.331419329e-10,2.277689579e-11,1.979115618e-12,3.350186497e-06,2.428771566e-10,1.340996002e-08,3.879116058e-07,3.787138674e-06,2.285029444e-05,2.048243113e-09,3.435688274e-10,4.128166757e-11,4.34200356e-12,5.318183111e-06,6.733575312e-10,3.298644325e-08,8.538872425e-07,7.745105932e-06,4.36982101e-05,1.995143659e-09,4.346358896e-10,6.782475407e-11,9.080465037e-12,8.525714642e-06,1.87394346e-09,7.892668816e-08,1.775635644e-06,1.452349406e-05,7.445059427e-05,3.010396426e-10,7.547667136e-11,1.300782742e-11,1.840100192e-12,7.583849339e-06,8.321043867e-10,4.356628569e-08,1.146331669e-06,9.990837937e-06,5.260160867e-05,4.934876286e-13,9.203491567e-14,1.0090381e-14,8.183325408e-16,1.594503492e-06,2.220858603e-12,4.310281405e-10,3.218380967e-08,4.947712002e-07,3.921994295e-06,9.659706562e-12,2.180340416e-12,2.893098858e-13,2.798297331e-14,5.661405896e-06,3.660342676e-11,4.969454739e-09,2.662737752e-07,3.319874915e-06,2.188058522e-05,2.04930592e-10,5.937546591e-11,1.011313638e-11,1.231727917e-12,2.299674818e-05,8.250537476e-10,7.315323728e-08,2.638969405e-06,2.533970116e-05,0.0001323098875,6.3788178e-13,1.186146263e-13,1.152618254e-14,7.532693407e-16,3.221470553e-06,1.088084493e-12,3.134815909e-10,2.960419126e-08,4.668717124e-07,3.509430346e-06
23,0.02259734305,0.01088991273,0.004709066434,0.001972812955,0.01410341887,0.00422228887,0.01184532807,0.02751767553,0.05037254817,0.07986040364,0.03202796021,0.01543464467,0.006674325595,0.002796139227,0.01525603753,0.00422229176,0.01184532378,0.02751763881,0.05037243405,0.07986020848,0.0004272423671,0.0001448712239,4.407916344e-05,1.334959989e-05,0.0005173223721,2.905091308e-05,0.0001313017899,0.0004749559288,0.001198669699,0.002504425153,0.0003014410619,0.0001022138843,3.110002742e-05,9.418795515e-06,0.0004782378185,2.905089319e-05,0.0001313018375,0.0004749565626,0.001198672414,0.002504431274,0.0105526744,0.004013598019,0.001369773016,0.0004612234453,0.004440186106,0.0004716053466,0.00136431214,0.003261081896,0.005847409588,0.009082648923,0.01542409202,0.005866395078,0.002002102948,0.0006741390905,0.004836474152,0.0004716056978,0.001364311602,0.003261077161,0.005847395171,0.009082624768,0.0002206420233,5.985106918e-05,1.456796846e-05,3.590587097e-06,0.0001763147812,3.561888058e-06,1.629900548e-05,5.963897662e-05,0.0001453077646,0.000293645658,0.000150956272,4.094816825e-05,9.966925081e-06,2.456559744e-06,0.0001618680091,3.561885405e-06,1.629901191e-05,5.963906322e-05,0.0001453081229,0.000293646439,2.265880064e-07,2.781495976e-08,2.584254295e-09,2.251072211e-10,1.101643794e-05,3.803908049e-09,1.126608884e-07,1.941427258e-06,1.35706545e-05,6.320310981e-05,3.411398311e-10,2.634482109e-11,1.398495443e-12,6.671323692e-14,9.575205645e-07,6.664669116e-12,6.581865885e-10,3.121914076e-08,4.082241477e-07,3.130834569e-06,1.709454267e-09,2.331419309e-10,2.27768951e-11,1.979115519e-12,3.350186395e-06,2.428771443e-10,1.34099594e-08,3.879115892e-07,3.787138518e-06,2.285029351e-05,2.048243202e-09,3.435688352e-10,4.128166766e-11,4.342003489e-12,5.318183033e-06,6.733575179e-10,3.29864426e-08,8.538872259e-07,7.745105777e-06,4.369820914e-05,1.995143821e-09,4.346359167e-10,6.782475704e-11,9.080465277e-12,8.525714682e-06,1.873943496e-09,7.892668931e-08,1.775635663e-06,1.452349416e-05,7.445059438e-05,3.010396804e-10,7.547667941e-11,1.300782856e-11,1.840100322e-12,7.583849524e-06,8.321044391e-10,4.356628799e-08,1.146331719e-06,9.9908383e-06,5.260161011e-05,4.934877359e-13,9.203493395e-14,1.009038282e-14,8.183326739e-16,1.594503586e-06,2.220858966e-12,4.310282017e-10,3.218381359e-08,4.947712541e-07,3.921994661e-06,9.659709045e-12,2.180340953e-12,2.89309954e-13,2.798297962e-14,5.661406393e-06,3.66034355e-11,4.969455783e-09,2.66273824e-07,3.319875471e-06,2.18805885e-05,2.049306502e-10,5.937548238e-11,1.011313912e-11,1.231728243e-12,2.299675064e-05,8.250539876e-10,7.315325623e-08,2.63897001e-06,2.533970655e-05,0.0001323099133,6.378820404e-13,1.186146758e-13,1.152618746e-14,7.532696687e-16,3.22147108e-06,1.088085003e-12,3.134817206e-10,2.9604202e-08,4.668718684e-07,3.509431417e-06
24,0.022597343,0.01088991265,0.004709066383,0.001972812926,0.01410341873,0.00422228884,0.01184532802,0.0275176755,0.05037254827,0.07986040405,0.03202796013,0.01543464457,0.006674325522,0.002796139186,0.01525603738,0.00422229173,0.01184532373,0.02751763879,0.05037243414,0.07986020889,0.0004272423655,0.0001448712225,4.407916273e-05,1.33495996e-05,0.0005173223641,2.905091261e-05,0.0001313017882,0.0004749559242,0.00119866969,0.002504425143,0.0003014410608,0.0001022138833,3.110002692e-05,9.418795311e-06,0.0004782378111,2.905089273e-05,0.0001313018358,0.000474956558,0.001198672406,0.002504431264,0.01055267439,0.004013598006,0.001369773009,0.0004612234419,0.004440186091,0.000471605349,0.001364312152,0.003261081938,0.005847409684,0.009082649117,0.01542409201,0.005866395059,0.002002102937,0.0006741390856,0.004836474135,0.0004716057002,0.001364311614,0.003261077202,0.005847395267,0.009082624962,0.0002206420227,5.98510688e-05,1.456796831e-05,3.590587047e-06,0.0001763147797,3.561888046e-06,1.629900549e-05,5.963897687e-05,0.0001453077657,0.0002936456617,0.0001509562716,4.094816799e-05,9.966924978e-06,2.45655971e-06,0.0001618680077,3.561885393e-06,1.629901192e-05,5.963906347e-05,0.000145308124,0.0002936464427,2.265880041e-07,2.781495902e-08,2.584254183e-09,2.25107208e-10,1.101643757e-05,3.803907862e-09,1.126608837e-07,1.94142719e-06,1.35706541e-05,6.32031083e-05,3.411398259e-10,2.634482003e-11,1.398495351e-12,6.671323101e-14,9.575205201e-07,6.664668565e-12,6.581865401e-10,3.121913873e-08,4.082241233e-07,3.130834397e-06,1.709454289e-09,2.331419287e-10,2.277689438e-11,1.979115416e-12,3.35018629e-06,2.428771317e-10,1.340995875e-08,3.87911572e-07,3.787138356e-06,2.285029255e-05,2.048243293e-09,3.435688433e-10,4.128166777e-11,4.342003415e-12,5.318182951e-06,6.733575042e-10,3.298644194e-08,8.538872088e-07,7.745105616e-06,4.369820814e-05,1.995143989e-09,4.346359449e-10,6.782476011e-11,9.080465526e-12,8.525714724e-06,1.873943533e-09,7.89266905e-08,1.775635681e-06,1.452349426e-05,7.44505945e-05,3.010397195e-10,7.547668776e-11,1.300782975e-11,1.840100457e-12,7.583849716e-06,8.321044934e-10,4.356629038e-08,1.146331771e-06,9.990838677e-06,5.26016116e-05,4.934878472e-13,9.203495291e-14,1.00903847e-14,8.183328118e-16,1.594503683e-06,2.220859343e-12,4.310282652e-10,3.218381766e-08,4.947713099e-07,3.921995041e-06,9.659711619e-12,2.18034151e-12,2.893100246e-13,2.798298617e-14,5.661406907e-06,3.660344456e-11,4.969456866e-09,2.662738747e-07,3.319876048e-06,2.188059191e-05,2.049307105e-10,5.937549946e-11,1.011314196e-11,1.231728581e-12,2.299675318e-05,8.250542365e-10,7.315327588e-08,2.638970638e-06,2.533971214e-05,0.00013230994,6.378823104e-13,1.186147272e-13,1.152619256e-14,7.532700087e-16,3.221471627e-06,1.088085532e-12,3.134818551e-10,2.960421313e-08,4.668720301e-07,3.509432527e-06
25,0.02259734294,0.01088991258,0.00470906633,0.001972812896,0.01410341859,0.004222288809,0.01184532798,0.02751767548,0.05037254836,0.07986040448,0.03202796004,0.01543464446,0.006674325447,0.002796139144,0.01525603722,0.004222291698,0.01184532368,0.02751763876,0.05037243424,0.07986020931,0.0004272423638,0.000144871221,4.4079162e-05,1.33495993e-05,0.0005173223558,2.905091213e-05,0.0001313017865,0.0004749559194,0.001198669681,0.002504425133,0.0003014410596,0.0001022138823,3.11000264e-05,9.4187951e-06,0.0004782378034,2.905089225e-05,0.0001313018341,0.0004749565532,0.001198672397,0.002504431253,0.01055267437,0.004013597992,0.001369773001,0.0004612234384,0.004440186075,0.0004716053514,0.001364312165,0.00326108198,0.005847409783,0.009082649318,0.01542409199,0.005866395039,0.002002102926,0.0006741390805,0.004836474117,0.0004716057026,0.001364311627,0.003261077245,0.005847395366,0.009082625163,0.0002206420222,5.98510684e-05,1.456796815e-05,3.590586995e-06,0.0001763147781,3.561888033e-06,1.62990055e-05,5.963897713e-05,0.0001453077669,0.0002936456655,0.0001509562712,4.094816772e-05,9.966924872e-06,2.456559674e-06,0.0001618680062,3.56188538e-06,1.629901192e-05,5.963906373e-05,0.0001453081252,0.0002936464465,2.265880017e-07,2.781495825e-08,2.584254068e-09,2.251071943e-10,1.101643719e-05,3.803907669e-09,1.126608789e-07,1.941427121e-06,1.357065368e-05,6.320310675e-05,3.411398204e-10,2.634481892e-11,1.398495256e-12,6.671322488e-14,9.575204742e-07,6.664667996e-12,6.581864901e-10,3.121913663e-08,4.082240981e-07,3.130834219e-06,1.709454313e-09,2.331419265e-10,2.277689364e-11,1.979115309e-12,3.350186181e-06,2.428771185e-10,1.340995808e-08,3.879115541e-07,3.787138189e-06,2.285029156e-05,2.048243387e-09,3.435688516e-10,4.128166787e-11,4.342003339e-12,5.318182866e-06,6.7335749e-10,3.298644125e-08,8.53887191e-07,7.74510545e-06,4.369820711e-05,1.995144163e-09,4.34635974e-10,6.78247633e-11,9.080465784e-12,8.525714766e-06,1.873943571e-09,7.892669173e-08,1.775635701e-06,1.452349436e-05,7.445059462e-05,3.010397599e-10,7.54766964e-11,1.300783098e-11,1.840100597e-12,7.583849915e-06,8.321045496e-10,4.356629285e-08,1.146331824e-06,9.990839067e-06,5.260161315e-05,4.934879623e-13,9.203497253e-14,1.009038665e-14,8.183329546e-16,1.594503784e-06,2.220859733e-12,4.310283309e-10,3.218382187e-08,4.947713677e-07,3.921995434e-06,9.659714283e-12,2.180342086e-12,2.893100978e-13,2.798299294e-14,5.66140744e-06,3.660345393e-11,4.969457986e-09,2.662739272e-07,3.319876645e-06,2.188059543e-05,2.049307729e-10,5.937551713e-11,1.01131449e-11,1.231728931e-12,2.299675581e-05,8.250544941e-10,7.315329621e-08,2.638971288e-06,2.533971793e-05,0.0001323099677,6.378825898e-13,1.186147803e-13,1.152619784e-14,7.532703607e-16,3.221472192e-06,1.088086079e-12,3.134819943e-10,2.960422465e-08,4.668721975e-07,3.509433676e-06
26,0.02259734288,0.0108899125,0.004709066275,0.001972812865,0.01410341844,0.004222288776,0.01184532793,0.02751767545,0.05037254846,0.07986040491,0.03202795996,0.01543464435,0.00667432537,0.0027961391,0.01525603706,0.004222291666,0.01184532363,0.02751763873,0.05037243434,0.07986020975,0.0004272423621,0.0001448712195,4.407916125e-05,1.334959899e-05,0.0005173223472,2.905091164e-05,0.0001313017847,0.0004749559145,0.001198669672,0.002504425122,0.0003014410584,0.0001022138812,3.110002587e-05,9.418794882e-06,0.0004782377955,2.905089175e-05,0.0001313018323,0.0004749565483,0.001198672388,0.002504431242,0.01055267436,0.004013597978,0.001369772993,0.0004612234348,0.004440186058,0.0004716053539,0.001364312178,0.003261082025,0.005847409886,0.009082649525,0.01542409196,0.005866395018,0.002002102915,0.0006741390753,0.004836474099,0.0004716057052,0.00136431164,0.003261077289,0.005847395468,0.00908262537,0.0002206420216,5.985106799e-05,1.456796799e-05,3.590586942e-06,0.0001763147764,3.56188802e-06,1.629900551e-05,5.96389774e-05,0.0001453077681,0.0002936456695,0.0001509562708,4.094816744e-05,9.966924762e-06,2.456559637e-06,0.0001618680046,3.561885367e-06,1.629901193e-05,5.9639064e-05,0.0001453081264,0.0002936464504,2.265879993e-07,2.781495746e-08,2.584253948e-09,2.251071802e-10,1.10164368e-05,3.80390747e-09,1.126608739e-07,1.941427049e-06,1.357065326e-05,6.320310514e-05,3.411398148e-10,2.634481778e-11,1.398495158e-12,6.671321856e-14,9.575204268e-07,6.664667407e-12,6.581864384e-10,3.121913446e-08,4.08224072e-07,3.130834035e-06,1.709454337e-09,2.331419242e-10,2.277689287e-11,1.979115199e-12,3.350186069e-06,2.42877105e-10,1.340995739e-08,3.879115357e-07,3.787138016e-06,2.285029053e-05,2.048243485e-09,3.435688603e-10,4.128166798e-11,4.342003261e-12,5.318182779e-06,6.733574753e-10,3.298644053e-08,8.538871726e-07,7.745105277e-06,4.369820605e-05,1.995144343e-09,4.346360042e-10,6.782476659e-11,9.080466051e-12,8.525714811e-06,1.873943611e-09,7.8926693e-08,1.775635721e-06,1.452349447e-05,7.445059474e-05,3.010398018e-10,7.547670533e-11,1.300783225e-11,1.840100742e-12,7.58385012e-06,8.321046076e-10,4.35662954e-08,1.146331879e-06,9.99083947e-06,5.260161474e-05,4.934880813e-13,9.20349928e-14,1.009038866e-14,8.18333102e-16,1.594503888e-06,2.220860137e-12,4.310283987e-10,3.218382622e-08,4.947714274e-07,3.92199584e-06,9.659717035e-12,2.180342681e-12,2.893101733e-13,2.798299994e-14,5.661407991e-06,3.660346362e-11,4.969459144e-09,2.662739814e-07,3.319877262e-06,2.188059906e-05,2.049308374e-10,5.937553539e-11,1.011314794e-11,1.231729293e-12,2.299675854e-05,8.250547602e-10,7.315331722e-08,2.638971959e-06,2.53397239e-05,0.0001323099963,6.378828785e-13,1.186148353e-13,1.15262033e-14,7.532707243e-16,3.221472777e-06,1.088086645e-12,3.134821381e-10,2.960423656e-08,4.668723704e-07,3.509434862e-06
27,0.02259734281,0.01088991242,0.004709066219,0.001972812833,0.01410341829,0.004222288743,0.01184532788,0.02751767542,0.05037254857,0.07986040537,0.03202795987,0.01543464424,0.00667432529,0.002796139054,0.01525603689,0.004222291633,0.01184532358,0.02751763871,0.05037243444,0.0798602102,0.0004272423603,0.0001448712179,4.407916047e-05,1.334959867e-05,0.0005173223384,2.905091113e-05,0.0001313017829,0.0004749559094,0.001198669663,0.002504425111,0.0003014410571,0.0001022138801,3.110002532e-05,9.418794657e-06,0.0004782377873,2.905089124e-05,0.0001313018304,0.0004749565432,0.001198672378,0.002504431231,0.01055267435,0.004013597963,0.001369772985,0.0004612234311,0.004440186041,0.0004716053565,0.001364312191,0.00326108207,0.005847409991,0.009082649739,0.01542409194,0.005866394996,0.002002102903,0.0006741390699,0.00483647408,0.0004716057078,0.001364311653,0.003261077335,0.005847395574,0.009082625584,0.000220642021,5.985106757e-05,1.456796782e-05,3.590586886e-06,0.0001763147747,3.561888006e-06,1.629900552e-05,5.963897768e-05,0.0001453077693,0.0002936456735,0.0001509562704,4.094816715e-05,9.966924648e-06,2.4565596e-06,0.0001618680031,3.561885353e-06,1.629901194e-05,5.963906428e-05,0.0001453081276,0.0002936464545,2.265879967e-07,2.781495664e-08,2.584253825e-09,2.251071657e-10,1.10164364e-05,3.803907265e-09,1.126608687e-07,1.941426974e-06,1.357065282e-05,6.320310348e-05,3.41139809e-10,2.634481661e-11,1.398495057e-12,6.671321204e-14,9.575203778e-07,6.6646668e-12,6.58186385e-10,3.121913222e-08,4.082240451e-07,3.130833845e-06,1.709454361e-09,2.331419219e-10,2.277689208e-11,1.979115085e-12,3.350185953e-06,2.42877091e-10,1.340995668e-08,3.879115167e-07,3.787137838e-06,2.285028947e-05,2.048243585e-09,3.435688692e-10,4.12816681e-11,4.34200318e-12,5.318182688e-06,6.733574602e-10,3.29864398e-08,8.538871537e-07,7.7451051e-06,4.369820495e-05,1.995144528e-09,4.346360352e-10,6.782476998e-11,9.080466326e-12,8.525714857e-06,1.873943652e-09,7.892669431e-08,1.775635742e-06,1.452349458e-05,7.445059487e-05,3.010398449e-10,7.547671453e-11,1.300783356e-11,1.840100891e-12,7.583850332e-06,8.321046675e-10,4.356629803e-08,1.146331936e-06,9.990839885e-06,5.260161639e-05,4.93488204e-13,9.203501371e-14,1.009039074e-14,8.183332542e-16,1.594503996e-06,2.220860552e-12,4.310284687e-10,3.218383071e-08,4.94771489e-07,3.921996259e-06,9.659719874e-12,2.180343295e-12,2.893102512e-13,2.798300716e-14,5.661408559e-06,3.66034736e-11,4.969460337e-09,2.662740373e-07,3.319877898e-06,2.188060281e-05,2.049309039e-10,5.937555423e-11,1.011315107e-11,1.231729666e-12,2.299676134e-05,8.250550347e-10,7.315333889e-08,2.638972651e-06,2.533973007e-05,0.0001323100258,6.378831763e-13,1.186148919e-13,1.152620892e-14,7.532710994e-16,3.221473379e-06,1.088087228e-12,3.134822865e-10,2.960424884e-08,4.668725488e-07,3.509436086e-06
28,0.02259734275,0.01088991234,0.004709066161,0.0019728128,0.01410341813,0.004222288709,0.01184532782,0.0275176754,0.05037254867,0.07986040583,0.03202795977,0.01543464412,0.006674325207,0.002796139007,0.01525603672,0.004222291599,0.01184532353,0.02751763868,0.05037243455,0.07986021066,0.0004272423585,0.0001448712163,4.407915967e-05,1.334959835e-05,0.0005173223293,2.90509106e-05,0.000131301781,0.0004749559042,0.001198669653,0.002504425099,0.0003014410558,0.0001022138789,3.110002476e-05,9.418794426e-06,0.0004782377789,2.905089072e-05,0.0001313018286,0.0004749565379,0.001198672369,0.00250443122,0.01055267433,0.004013597948,0.001369772977,0.0004612234273,0.004440186023,0.0004716053592,0.001364312205,0.003261082117,0.0058474101,0.00908264996,0.01542409192,0.005866394974,0.002002102891,0.0006741390643,0.004836474061,0.0004716057105,0.001364311667,0.003261077382,0.005847395683,0.009082625805,0.0002206420204,5.985106714e-05,1.456796765e-05,3.590586829e-06,0.0001763147729,3.561887992e-06,1.629900553e-05,5.963897796e-05,0.0001453077706,0.0002936456777,0.00015095627,4.094816686e-05,9.966924532e-06,2.456559561e-06,0.0001618680014,3.561885339e-06,1.629901195e-05,5.963906456e-05,0.0001453081289,0.0002936464587,2.265879941e-07,2.781495579e-08,2.584253698e-09,2.251071508e-10,1.101643599e-05,3.803907053e-09,1.126608634e-07,1.941426898e-06,1.357065236e-05,6.320310177e-05,3.41139803e-10,2.634481539e-11,1.398494953e-12,6.671320532e-14,9.575203274e-07,6.664666175e-12,6.581863301e-10,3.121912991e-08,4.082240174e-07,3.130833649e-06,1.709454387e-09,2.331419194e-10,2.277689127e-11,1.979114968e-12,3.350185833e-06,2.428770766e-10,1.340995594e-08,3.879114971e-07,3.787137654e-06,2.285028838e-05,2.048243689e-09,3.435688784e-10,4.128166821e-11,4.342003096e-12,5.318182596e-06,6.733574446e-10,3.298643904e-08,8.538871342e-07,7.745104917e-06,4.369820382e-05,1.995144719e-09,4.346360672e-10,6.782477348e-11,9.080466609e-12,8.525714904e-06,1.873943694e-09,7.892669566e-08,1.775635764e-06,1.452349469e-05,7.445059501e-05,3.010398893e-10,7.547672402e-11,1.300783491e-11,1.840101044e-12,7.58385055e-06,8.321047291e-10,4.356630074e-08,1.146331995e-06,9.990840314e-06,5.260161809e-05,4.934883303e-13,9.203503524e-14,1.009039288e-14,8.183334109e-16,1.594504106e-06,2.220860981e-12,4.310285408e-10,3.218383533e-08,4.947715524e-07,3.92199669e-06,9.659722797e-12,2.180343928e-12,2.893103315e-13,2.79830146e-14,5.661409144e-06,3.660348389e-11,4.969461567e-09,2.662740948e-07,3.319878553e-06,2.188060668e-05,2.049309724e-10,5.937557363e-11,1.01131543e-11,1.231730051e-12,2.299676423e-05,8.250553174e-10,7.315336121e-08,2.638973364e-06,2.533973642e-05,0.0001323100562,6.37883483e-13,1.186149502e-13,1.152621472e-14,7.532714857e-16,3.221474e-06,1.088087829e-12,3.134824393e-10,2.960426148e-08,4.668727325e-07,3.509437347e-06
29,0.02259734268,0.01088991225,0.004709066101,0.001972812767,0.01410341796,0.004222288674,0.01184532777,0.02751767537,0.05037254878,0.07986040631,0.03202795968,0.015434644,0.006674325122,0.002796138959,0.01525603654,0.004222291563,0.01184532348,0.02751763865,0.05037243466,0.07986021114,0.0004272423566,0.0001448712146,4.407915884e-05,1.334959801e-05,0.0005173223199,2.905091006e-05,0.000131301779,0.0004749558988,0.001198669643,0.002504425087,0.0003014410545,0.0001022138778,3.110002418e-05,9.418794187e-06,0.0004782377702,2.905089018e-05,0.0001313018266,0.0004749565326,0.001198672359,0.002504431208,0.01055267431,0.004013597932,0.001369772968,0.0004612234234,0.004440186005,0.000471605362,0.001364312219,0.003261082165,0.005847410212,0.009082650187,0.0154240919,0.005866394951,0.002002102878,0.0006741390585,0.004836474041,0.0004716057132,0.001364311681,0.00326107743,0.005847395795,0.009082626031,0.0002206420198,5.985106669e-05,1.456796748e-05,3.590586771e-06,0.0001763147711,3.561887978e-06,1.629900554e-05,5.963897826e-05,0.0001453077719,0.000293645682,0.0001509562696,4.094816655e-05,9.966924411e-06,2.45655952e-06,0.0001618679997,3.561885325e-06,1.629901196e-05,5.963906486e-05,0.0001453081302,0.000293646463,2.265879914e-07,2.781495493e-08,2.584253567e-09,2.251071354e-10,1.101643556e-05,3.803906835e-09,1.126608579e-07,1.941426819e-06,1.35706519e-05,6.320310001e-05,3.411397969e-10,2.634481415e-11,1.398494846e-12,6.671319841e-14,9.575202756e-07,6.664665532e-12,6.581862736e-10,3.121912754e-08,4.082239889e-07,3.130833448e-06,1.709454413e-09,2.331419169e-10,2.277689043e-11,1.979114848e-12,3.35018571e-06,2.428770618e-10,1.340995519e-08,3.879114769e-07,3.787137465e-06,2.285028725e-05,2.048243796e-09,3.435688878e-10,4.128166833e-11,4.34200301e-12,5.3181825e-06,6.733574286e-10,3.298643826e-08,8.538871141e-07,7.745104729e-06,4.369820265e-05,1.995144915e-09,4.346361001e-10,6.782477707e-11,9.0804669e-12,8.525714952e-06,1.873943738e-09,7.892669705e-08,1.775635786e-06,1.452349481e-05,7.445059514e-05,3.01039935e-10,7.547673377e-11,1.30078363e-11,1.840101202e-12,7.583850774e-06,8.321047926e-10,4.356630353e-08,1.146332055e-06,9.990840754e-06,5.260161983e-05,4.934884603e-13,9.203505739e-14,1.009039507e-14,8.18333572e-16,1.59450422e-06,2.220861421e-12,4.31028615e-10,3.218384008e-08,4.947716177e-07,3.921997134e-06,9.659725805e-12,2.180344578e-12,2.893104141e-13,2.798302225e-14,5.661409745e-06,3.660349448e-11,4.969462832e-09,2.66274154e-07,3.319879227e-06,2.188061065e-05,2.049310429e-10,5.937559358e-11,1.011315762e-11,1.231730446e-12,2.299676721e-05,8.250556082e-10,7.315338416e-08,2.638974098e-06,2.533974295e-05,0.0001323100875,6.378837985e-13,1.186150102e-13,1.152622068e-14,7.532718831e-16,3.221474639e-06,1.088088447e-12,3.134825964e-10,2.960427449e-08,4.668729214e-07,3.509438644e-06
30,0.02259734261,0.01088991216,0.004709066039,0.001972812732,0.0141034178,0.004222288637,0.01184532771,0.02751767534,0.05037254889,0.0798604068,0.03202795958,0.01543464387,0.006674325035,0.00279613891,0.01525603636,0.004222291527,0.01184532342,0.02751763862,0.05037243477,0.07986021163,0.0004272423547,0.0001448712129,4.4079158e-05,1.334959766e-05,0.0005173223103,2.90509095e-05,0.000131301777,0.0004749558933,0.001198669633,0.002504425075,0.0003014410532,0.0001022138765,3.110002358e-05,9.418793943e-06,0.0004782377614,2.905088962e-05,0.0001313018246,0.000474956527,0.001198672349,0.002504431196,0.0105526743,0.004013597916,0.001369772959,0.0004612234194,0.004440185986,0.0004716053648,0.001364312234,0.003261082215,0.005847410326,0.009082650419,0.01542409187,0.005866394928,0.002002102865,0.0006741390526,0.004836474021,0.0004716057161,0.001364311696,0.003261077479,0.005847395909,0.009082626264,0.0002206420191,5.985106624e-05,1.45679673e-05,3.590586711e-06,0.0001763147692,3.561887963e-06,1.629900555e-05,5.963897856e-05,0.0001453077733,0.0002936456864,0.0001509562692,4.094816624e-05,9.966924288e-06,2.456559479e-06,0.000161867998,3.56188531e-06,1.629901197e-05,5.963906516e-05,0.0001453081316,0.0002936464674,2.265879887e-07,2.781495403e-08,2.584253433e-09,2.251071196e-10,1.101643512e-05,3.803906612e-09,1.126608523e-07,1.941426739e-06,1.357065142e-05,6.32030982e-05,3.411397905e-10,2.634481287e-11,1.398494736e-12,6.671319131e-14,9.575202223e-07,6.664664872e-12,6.581862155e-10,3.12191251e-08,4.082239596e-07,3.130833241e-06,1.70945444e-09,2.331419144e-10,2.277688957e-11,1.979114724e-12,3.350185584e-06,2.428770465e-10,1.340995441e-08,3.879114562e-07,3.787137271e-06,2.28502861e-05,2.048243905e-09,3.435688975e-10,4.128166846e-11,4.342002922e-12,5.318182402e-06,6.733574121e-10,3.298643746e-08,8.538870935e-07,7.745104536e-06,4.369820146e-05,1.995145117e-09,4.346361339e-10,6.782478077e-11,9.080467199e-12,8.525715002e-06,1.873943782e-09,7.892669848e-08,1.775635808e-06,1.452349493e-05,7.445059528e-05,3.01039982e-10,7.547674379e-11,1.300783772e-11,1.840101365e-12,7.583851004e-06,8.321048577e-10,4.356630639e-08,1.146332117e-06,9.990841206e-06,5.260162163e-05,4.934885939e-13,9.203508015e-14,1.009039733e-14,8.183337376e-16,1.594504337e-06,2.220861874e-12,4.310286912e-10,3.218384496e-08,4.947716847e-07,3.921997589e-06,9.659728894e-12,2.180345246e-12,2.893104989e-13,2.798303011e-14,5.661410363e-06,3.660350535e-11,4.969464131e-09,2.662742149e-07,3.319879919e-06,2.188061473e-05,2.049311153e-10,5.937561407e-11,1.011316102e-11,1.231730852e-12,2.299677026e-05,8.250559069e-10,7.315340774e-08,2.638974851e-06,2.533974966e-05,0.0001323101196,6.378841225e-13,1.186150718e-13,1.15262268e-14,7.532722912e-16,3.221475295e-06,1.088089082e-12,3.134827578e-10,2.960428785e-08,4.668731155e-07,3.509439976e-06
31,0.02259734254,0.01088991207,0.004709065976,0.001972812696,0.01410341762,0.0042222886,0.01184532766,0.02751767531,0.05037254901,0.07986040731,0.03202795948,0.01543464375,0.006674324946,0.002796138859,0.01525603618,0.00422229149,0.01184532336,0.02751763859,0.05037243488,0.07986021214,0.0004272423527,0.0001448712111,4.407915713e-05,1.334959731e-05,0.0005173223004,2.905090893e-05,0.000131301775,0.0004749558876,0.001198669622,0.002504425063,0.0003014410518,0.0001022138753,3.110002297e-05,9.418793692e-06,0.0004782377522,2.905088905e-05,0.0001313018225,0.0004749565214,0.001198672338,0.002504431183,0.01055267428,0.0040135979,0.00136977295,0.0004612234152,0.004440185967,0.0004716053677,0.001364312249,0.003261082266,0.005847410444,0.009082650658,0.01542409185,0.005866394904,0.002002102852,0.0006741390466,0.004836474,0.000471605719,0.001364311711,0.00326107753,0.005847396027,0.009082626503,0.0002206420185,5.985106577e-05,1.456796711e-05,3.590586649e-06,0.0001763147672,3.561887948e-06,1.629900556e-05,5.963897887e-05,0.0001453077747,0.000293645691,0.0001509562687,4.094816592e-05,9.966924161e-06,2.456559437e-06,0.0001618679963,3.561885295e-06,1.629901198e-05,5.963906547e-05,0.0001453081329,0.0002936464719,2.265879858e-07,2.781495312e-08,2.584253295e-09,2.251071033e-10,1.101643467e-05,3.803906382e-09,1.126608465e-07,1.941426656e-06,1.357065092e-05,6.320309635e-05,3.411397841e-10,2.634481156e-11,1.398494623e-12,6.671318402e-14,9.575201677e-07,6.664664194e-12,6.58186156e-10,3.12191226e-08,4.082239295e-07,3.130833029e-06,1.709454468e-09,2.331419117e-10,2.277688869e-11,1.979114598e-12,3.350185454e-06,2.428770309e-10,1.340995362e-08,3.87911435e-07,3.787137072e-06,2.285028492e-05,2.048244017e-09,3.435689075e-10,4.128166858e-11,4.342002831e-12,5.318182301e-06,6.733573952e-10,3.298643663e-08,8.538870724e-07,7.745104338e-06,4.369820023e-05,1.995145324e-09,4.346361686e-10,6.782478456e-11,9.080467506e-12,8.525715053e-06,1.873943828e-09,7.892669995e-08,1.775635832e-06,1.452349505e-05,7.445059543e-05,3.010400301e-10,7.547675407e-11,1.300783918e-11,1.840101531e-12,7.583851241e-06,8.321049246e-10,4.356630933e-08,1.146332181e-06,9.99084167e-06,5.260162346e-05,4.934887308e-13,9.203510349e-14,1.009039965e-14,8.183339074e-16,1.594504457e-06,2.220862338e-12,4.310287694e-10,3.218384997e-08,4.947717535e-07,3.921998057e-06,9.659732063e-12,2.180345932e-12,2.893105859e-13,2.798303817e-14,5.661410997e-06,3.66035165e-11,4.969465464e-09,2.662742773e-07,3.319880629e-06,2.188061892e-05,2.049311896e-10,5.93756351e-11,1.011316452e-11,1.231731269e-12,2.299677339e-05,8.250562134e-10,7.315343194e-08,2.638975624e-06,2.533975654e-05,0.0001323101525,6.37884455e-13,1.186151351e-13,1.152623308e-14,7.5327271e-16,3.221475968e-06,1.088089733e-12,3.134829234e-10,2.960430156e-08,4.668733147e-07,3.509441343e-06
32,0.02259734246,0.01088991198,0.004709065912,0.001972812659,0.01410341745,0.004222288562,0.0118453276,0.02751767527,0.05037254913,0.07986040782,0.03202795938,0.01543464362,0.006674324854,0.002796138807,0.01525603598,0.004222291452,0.0118453233,0.02751763855,0.050372435,0.07986021266,0.0004272423507,0.0001448712093,4.407915624e-05,1.334959694e-05,0.0005173222903,2.905090835e-05,0.0001313017729,0.0004749558818,0.001198669611,0.00250442505,0.0003014410503,0.000102213874,3.110002234e-05,9.418793434e-06,0.0004782377429,2.905088846e-05,0.0001313018204,0.0004749565155,0.001198672327,0.00250443117,0.01055267427,0.004013597883,0.001369772941,0.000461223411,0.004440185947,0.0004716053707,0.001364312265,0.003261082318,0.005847410565,0.009082650903,0.01542409183,0.005866394879,0.002002102838,0.0006741390404,0.004836473978,0.0004716057219,0.001364311727,0.003261077582,0.005847396148,0.009082626748,0.0002206420178,5.985106529e-05,1.456796692e-05,3.590586586e-06,0.0001763147653,3.561887932e-06,1.629900557e-05,5.963897918e-05,0.0001453077761,0.0002936456956,0.0001509562682,4.094816559e-05,9.966924032e-06,2.456559394e-06,0.0001618679944,3.561885279e-06,1.629901199e-05,5.963906579e-05,0.0001453081344,0.0002936464766,2.265879829e-07,2.781495218e-08,2.584253154e-09,2.251070867e-10,1.101643421e-05,3.803906147e-09,1.126608406e-07,1.941426571e-06,1.357065042e-05,6.320309445e-05,3.411397774e-10,2.634481021e-11,1.398494507e-12,6.671317656e-14,9.575201117e-07,6.6646635e-12,6.58186095e-10,3.121912004e-08,4.082238988e-07,3.130832812e-06,1.709454496e-09,2.33141909e-10,2.277688778e-11,1.979114468e-12,3.350185322e-06,2.428770149e-10,1.34099528e-08,3.879114132e-07,3.787136868e-06,2.28502837e-05,2.048244133e-09,3.435689176e-10,4.128166871e-11,4.342002739e-12,5.318182198e-06,6.733573779e-10,3.298643579e-08,8.538870507e-07,7.745104135e-06,4.369819898e-05,1.995145536e-09,4.346362041e-10,6.782478844e-11,9.08046782e-12,8.525715105e-06,1.873943875e-09,7.892670145e-08,1.775635856e-06,1.452349518e-05,7.445059558e-05,3.010400795e-10,7.547676461e-11,1.300784068e-11,1.840101702e-12,7.583851483e-06,8.321049931e-10,4.356631234e-08,1.146332246e-06,9.990842145e-06,5.260162535e-05,4.934888712e-13,9.203512741e-14,1.009040203e-14,8.183340815e-16,1.594504579e-06,2.220862814e-12,4.310288495e-10,3.21838551e-08,4.947718239e-07,3.921998536e-06,9.659735311e-12,2.180346634e-12,2.89310675e-13,2.798304643e-14,5.661411647e-06,3.660352793e-11,4.96946683e-09,2.662743412e-07,3.319881357e-06,2.188062321e-05,2.049312657e-10,5.937565665e-11,1.011316811e-11,1.231731696e-12,2.29967766e-05,8.250565275e-10,7.315345673e-08,2.638976416e-06,2.533976359e-05,0.0001323101863,6.378847957e-13,1.186151999e-13,1.152623952e-14,7.532731391e-16,3.221476657e-06,1.0880904e-12,3.134830931e-10,2.96043156e-08,4.668735188e-07,3.509442743e-06
33,0.02259734239,0.01088991189,0.004709065846,0.001972812622,0.01410341727,0.004222288523,0.01184532754,0.02751767524,0.05037254925,0.07986040835,0.03202795927,0.01543464348,0.006674324761,0.002796138754,0.01525603579,0.004222291413,0.01184532324,0.02751763852,0.05037243512,0.07986021318,0.0004272423486,0.0001448712075,4.407915533e-05,1.334959657e-05,0.00051732228,2.905090775e-05,0.0001313017707,0.0004749558758,0.0011986696,0.002504425037,0.0003014410489,0.0001022138727,3.11000217e-05,9.418793171e-06,0.0004782377333,2.905088786e-05,0.0001313018183,0.0004749565096,0.001198672316,0.002504431157,0.01055267425,0.004013597865,0.001369772931,0.0004612234066,0.004440185927,0.0004716053737,0.00136431228,0.003261082371,0.005847410689,0.009082651154,0.0154240918,0.005866394854,0.002002102824,0.0006741390341,0.004836473956,0.000471605725,0.001364311742,0.003261077636,0.005847396272,0.009082626999,0.0002206420171,5.985106479e-05,1.456796673e-05,3.590586521e-06,0.0001763147633,3.561887916e-06,1.629900558e-05,5.963897951e-05,0.0001453077775,0.0002936457004,0.0001509562678,4.094816525e-05,9.966923899e-06,2.45655935e-06,0.0001618679926,3.561885263e-06,1.6299012e-05,5.963906611e-05,0.0001453081358,0.0002936464813,2.265879799e-07,2.781495122e-08,2.58425301e-09,2.251070697e-10,1.101643374e-05,3.803905907e-09,1.126608346e-07,1.941426484e-06,1.35706499e-05,6.320309251e-05,3.411397706e-10,2.634480883e-11,1.398494389e-12,6.671316892e-14,9.575200544e-07,6.664662789e-12,6.581860325e-10,3.121911742e-08,4.082238672e-07,3.13083259e-06,1.709454525e-09,2.331419063e-10,2.277688686e-11,1.979114334e-12,3.350185186e-06,2.428769985e-10,1.340995197e-08,3.87911391e-07,3.787136659e-06,2.285028246e-05,2.04824425e-09,3.435689281e-10,4.128166885e-11,4.342002644e-12,5.318182092e-06,6.733573602e-10,3.298643493e-08,8.538870286e-07,7.745103927e-06,4.369819769e-05,1.995145753e-09,4.346362405e-10,6.782479242e-11,9.080468142e-12,8.525715159e-06,1.873943923e-09,7.892670299e-08,1.77563588e-06,1.452349531e-05,7.445059573e-05,3.0104013e-10,7.547677539e-11,1.300784222e-11,1.840101876e-12,7.583851731e-06,8.321050632e-10,4.356631542e-08,1.146332313e-06,9.990842632e-06,5.260162728e-05,4.93489015e-13,9.20351519e-14,1.009040446e-14,8.183342596e-16,1.594504705e-06,2.220863301e-12,4.310289315e-10,3.218386036e-08,4.947718961e-07,3.921999027e-06,9.659738637e-12,2.180347353e-12,2.893107663e-13,2.798305489e-14,5.661412312e-06,3.660353963e-11,4.969468228e-09,2.662744067e-07,3.319882103e-06,2.18806276e-05,2.049313436e-10,5.937567871e-11,1.011317178e-11,1.231732133e-12,2.299677989e-05,8.25056849e-10,7.315348211e-08,2.638977227e-06,2.533977082e-05,0.0001323102209,6.378851445e-13,1.186152662e-13,1.152624611e-14,7.532735785e-16,3.221477363e-06,1.088091084e-12,3.134832669e-10,2.960432998e-08,4.668737277e-07,3.509444177e-06
34,0.02259734231,0.01088991179,0.004709065778,0.001972812584,0.01410341708,0.004222288483,0.01184532748,0.02751767521,0.05037254937,0.07986040889,0.03202795916,0.01543464335,0.006674324665,0.0027961387,0.01525603559,0.004222291373,0.01184532318,0.02751763849,0.05037243524,0.07986021373,0.0004272423465,0.0001448712056,4.40791544e-05,1.334959619e-05,0.0005173222694,2.905090713e-05,0.0001313017685,0.0004749558697,0.001198669589,0.002504425023,0.0003014410474,0.0001022138714,3.110002104e-05,9.418792901e-06,0.0004782377235,2.905088725e-05,0.0001313018161,0.0004749565035,0.001198672305,0.002504431144,0.01055267423,0.004013597848,0.001369772921,0.0004612234022,0.004440185906,0.0004716053769,0.001364312297,0.003261082426,0.005847410815,0.00908265141,0.01542409177,0.005866394828,0.00200210281,0.0006741390276,0.004836473934,0.0004716057281,0.001364311759,0.00326107769,0.005847396398,0.009082627255,0.0002206420164,5.985106429e-05,1.456796653e-05,3.590586455e-06,0.0001763147612,3.5618879e-06,1.629900559e-05,5.963897984e-05,0.000145307779,0.0002936457052,0.0001509562673,4.09481649e-05,9.966923763e-06,2.456559304e-06,0.0001618679907,3.561885247e-06,1.629901202e-05,5.963906644e-05,0.0001453081373,0.0002936464862,2.265879769e-07,2.781495024e-08,2.584252862e-09,2.251070523e-10,1.101643326e-05,3.80390566e-09,1.126608284e-07,1.941426395e-06,1.357064938e-05,6.320309052e-05,3.411397637e-10,2.634480742e-11,1.398494268e-12,6.67131611e-14,9.575199958e-07,6.664662061e-12,6.581859686e-10,3.121911474e-08,4.08223835e-07,3.130832362e-06,1.709454555e-09,2.331419035e-10,2.277688591e-11,1.979114198e-12,3.350185047e-06,2.428769818e-10,1.340995111e-08,3.879113682e-07,3.787136446e-06,2.285028119e-05,2.048244371e-09,3.435689388e-10,4.128166898e-11,4.342002547e-12,5.318181984e-06,6.73357342e-10,3.298643405e-08,8.538870059e-07,7.745103714e-06,4.369819638e-05,1.995145975e-09,4.346362777e-10,6.782479648e-11,9.080468471e-12,8.525715214e-06,1.873943972e-09,7.892670456e-08,1.775635905e-06,1.452349544e-05,7.445059588e-05,3.010401817e-10,7.547678642e-11,1.300784379e-11,1.840102055e-12,7.583851985e-06,8.321051349e-10,4.356631857e-08,1.146332381e-06,9.99084313e-06,5.260162925e-05,4.934891619e-13,9.203517695e-14,1.009040694e-14,8.183344419e-16,1.594504834e-06,2.220863799e-12,4.310290153e-10,3.218386573e-08,4.947719699e-07,3.921999528e-06,9.659742037e-12,2.180348089e-12,2.893108596e-13,2.798306354e-14,5.661412992e-06,3.66035516e-11,4.969469659e-09,2.662744737e-07,3.319882865e-06,2.18806321e-05,2.049314233e-10,5.937570127e-11,1.011317553e-11,1.23173258e-12,2.299678325e-05,8.250571778e-10,7.315350806e-08,2.638978056e-06,2.53397782e-05,0.0001323102562,6.378855012e-13,1.186153341e-13,1.152625285e-14,7.532740277e-16,3.221478085e-06,1.088091782e-12,3.134834446e-10,2.960434469e-08,4.668739413e-07,3.509445644e-06
35,0.02259734224,0.01088991169,0.004709065709,0.001972812544,0.01410341689,0.004222288443,0.01184532741,0.02751767517,0.05037254949,0.07986040945,0.03202795905,0.01543464321,0.006674324567,0.002796138645,0.01525603538,0.004222291332,0.01184532312,0.02751763845,0.05037243537,0.07986021428,0.0004272423443,0.0001448712037,4.407915344e-05,1.33495958e-05,0.0005173222586,2.905090651e-05,0.0001313017662,0.0004749558635,0.001198669578,0.00250442501,0.0003014410458,0.00010221387,3.110002037e-05,9.418792626e-06,0.0004782377135,2.905088663e-05,0.0001313018138,0.0004749564973,0.001198672293,0.00250443113,0.01055267421,0.00401359783,0.001369772912,0.0004612233977,0.004440185885,0.0004716053801,0.001364312313,0.003261082482,0.005847410944,0.009082651672,0.01542409175,0.005866394802,0.002002102795,0.0006741390209,0.004836473911,0.0004716057313,0.001364311775,0.003261077746,0.005847396527,0.009082627517,0.0002206420157,5.985106377e-05,1.456796633e-05,3.590586387e-06,0.0001763147591,3.561887883e-06,1.62990056e-05,5.963898018e-05,0.0001453077805,0.0002936457102,0.0001509562668,4.094816455e-05,9.966923624e-06,2.456559258e-06,0.0001618679888,3.56188523e-06,1.629901203e-05,5.963906678e-05,0.0001453081388,0.0002936464912,2.265879738e-07,2.781494924e-08,2.584252711e-09,2.251070345e-10,1.101643277e-05,3.803905409e-09,1.126608221e-07,1.941426304e-06,1.357064884e-05,6.320308849e-05,3.411397566e-10,2.634480598e-11,1.398494144e-12,6.671315312e-14,9.575199359e-07,6.664661319e-12,6.581859033e-10,3.1219112e-08,4.082238021e-07,3.13083213e-06,1.709454585e-09,2.331419006e-10,2.277688494e-11,1.979114059e-12,3.350184905e-06,2.428769647e-10,1.340995024e-08,3.879113449e-07,3.787136228e-06,2.28502799e-05,2.048244494e-09,3.435689497e-10,4.128166912e-11,4.342002448e-12,5.318181874e-06,6.733573235e-10,3.298643315e-08,8.538869827e-07,7.745103497e-06,4.369819503e-05,1.995146202e-09,4.346363157e-10,6.782480064e-11,9.080468808e-12,8.52571527e-06,1.873944023e-09,7.892670617e-08,1.775635931e-06,1.452349558e-05,7.445059604e-05,3.010402345e-10,7.547679769e-11,1.300784539e-11,1.840102238e-12,7.583852244e-06,8.321052082e-10,4.356632179e-08,1.14633245e-06,9.990843639e-06,5.260163127e-05,4.934893121e-13,9.203520254e-14,1.009040948e-14,8.183346281e-16,1.594504965e-06,2.220864308e-12,4.31029101e-10,3.218387122e-08,4.947720452e-07,3.922000041e-06,9.659745511e-12,2.18034884e-12,2.89310955e-13,2.798307237e-14,5.661413687e-06,3.660356382e-11,4.96947112e-09,2.662745421e-07,3.319883643e-06,2.188063669e-05,2.049315047e-10,5.937572432e-11,1.011317936e-11,1.231733037e-12,2.299678669e-05,8.250575137e-10,7.315353458e-08,2.638978903e-06,2.533978575e-05,0.0001323102923,6.378858656e-13,1.186154034e-13,1.152625973e-14,7.532744868e-16,3.221478823e-06,1.088092496e-12,3.134836261e-10,2.960435972e-08,4.668741597e-07,3.509447142e-06
36,0.02259734216,0.01088991159,0.004709065638,0.001972812504,0.0141034167,0.004222288401,0.01184532735,0.02751767514,0.05037254962,0.07986041001,0.03202795894,0.01543464306,0.006674324467,0.002796138588,0.01525603518,0.004222291291,0.01184532306,0.02751763842,0.0503724355,0.07986021484,0.0004272423421,0.0001448712017,4.407915247e-05,1.33495954e-05,0.0005173222475,2.905090587e-05,0.0001313017639,0.0004749558572,0.001198669566,0.002504424996,0.0003014410443,0.0001022138686,3.110001968e-05,9.418792345e-06,0.0004782377033,2.905088599e-05,0.0001313018115,0.0004749564909,0.001198672282,0.002504431116,0.01055267419,0.004013597811,0.001369772901,0.000461223393,0.004440185864,0.0004716053833,0.00136431233,0.003261082538,0.005847411076,0.00908265194,0.01542409172,0.005866394775,0.002002102781,0.0006741390142,0.004836473888,0.0004716057346,0.001364311792,0.003261077803,0.005847396659,0.009082627784,0.0002206420149,5.985106325e-05,1.456796612e-05,3.590586318e-06,0.0001763147569,3.561887866e-06,1.629900561e-05,5.963898053e-05,0.0001453077821,0.0002936457153,0.0001509562663,4.094816419e-05,9.966923482e-06,2.456559211e-06,0.0001618679868,3.561885213e-06,1.629901204e-05,5.963906713e-05,0.0001453081404,0.0002936464962,2.265879706e-07,2.781494821e-08,2.584252557e-09,2.251070164e-10,1.101643226e-05,3.803905152e-09,1.126608156e-07,1.941426211e-06,1.357064829e-05,6.320308642e-05,3.411397493e-10,2.634480451e-11,1.398494018e-12,6.671314497e-14,9.575198748e-07,6.66466056e-12,6.581858367e-10,3.12191092e-08,4.082237685e-07,3.130831892e-06,1.709454616e-09,2.331418976e-10,2.277688395e-11,1.979113917e-12,3.35018476e-06,2.428769472e-10,1.340994935e-08,3.879113211e-07,3.787136005e-06,2.285027857e-05,2.04824462e-09,3.435689608e-10,4.128166926e-11,4.342002346e-12,5.318181761e-06,6.733573046e-10,3.298643223e-08,8.538869591e-07,7.745103276e-06,4.369819366e-05,1.995146434e-09,4.346363546e-10,6.782480488e-11,9.080469151e-12,8.525715327e-06,1.873944074e-09,7.892670781e-08,1.775635957e-06,1.452349572e-05,7.44505962e-05,3.010402884e-10,7.547680919e-11,1.300784703e-11,1.840102424e-12,7.583852508e-06,8.32105283e-10,4.356632508e-08,1.146332522e-06,9.990844158e-06,5.260163333e-05,4.934894654e-13,9.203522866e-14,1.009041208e-14,8.183348181e-16,1.594505099e-06,2.220864827e-12,4.310291885e-10,3.218387683e-08,4.947721222e-07,3.922000564e-06,9.659749058e-12,2.180349608e-12,2.893110524e-13,2.79830814e-14,5.661414397e-06,3.66035763e-11,4.969472611e-09,2.662746119e-07,3.319884438e-06,2.188064137e-05,2.049315878e-10,5.937574785e-11,1.011318328e-11,1.231733503e-12,2.299679019e-05,8.250578567e-10,7.315356166e-08,2.638979768e-06,2.533979345e-05,0.0001323103292,6.378862377e-13,1.186154741e-13,1.152626676e-14,7.532749554e-16,3.221479576e-06,1.088093225e-12,3.134838114e-10,2.960437506e-08,4.668743825e-07,3.509448671e-06
37,0.02259734207,0.01088991149,0.004709065566,0.001972812464,0.0141034165,0.004222288359,0.01184532728,0.0275176751,0.05037254975,0.07986041059,0.03202795882,0.01543464292,0.006674324365,0.00279613853,0.01525603496,0.004222291249,0.01184532299,0.02751763838,0.05037243563,0.07986021542,0.0004272423398,0.0001448711997,4.407915148e-05,1.334959499e-05,0.0005173222363,2.905090522e-05,0.0001313017616,0.0004749558507,0.001198669554,0.002504424982,0.0003014410427,0.0001022138672,3.110001898e-05,9.418792059e-06,0.0004782376929,2.905088534e-05,0.0001313018092,0.0004749564845,0.00119867227,0.002504431102,0.01055267418,0.004013597793,0.001369772891,0.0004612233883,0.004440185842,0.0004716053866,0.001364312347,0.003261082597,0.005847411211,0.009082652212,0.01542409169,0.005866394747,0.002002102765,0.0006741390073,0.004836473864,0.0004716057379,0.001364311809,0.003261077861,0.005847396794,0.009082628057,0.0002206420142,5.985106271e-05,1.456796591e-05,3.590586248e-06,0.0001763147547,3.561887849e-06,1.629900562e-05,5.963898088e-05,0.0001453077837,0.0002936457205,0.0001509562658,4.094816383e-05,9.966923338e-06,2.456559162e-06,0.0001618679848,3.561885196e-06,1.629901205e-05,5.963906748e-05,0.0001453081419,0.0002936465014,2.265879673e-07,2.781494717e-08,2.5842524e-09,2.251069978e-10,1.101643175e-05,3.80390489e-09,1.12660809e-07,1.941426117e-06,1.357064773e-05,6.32030843e-05,3.411397419e-10,2.634480302e-11,1.398493889e-12,6.671313666e-14,9.575198125e-07,6.664659787e-12,6.581857687e-10,3.121910635e-08,4.082237342e-07,3.130831651e-06,1.709454647e-09,2.331418946e-10,2.277688295e-11,1.979113773e-12,3.350184612e-06,2.428769294e-10,1.340994844e-08,3.879112969e-07,3.787135778e-06,2.285027722e-05,2.048244748e-09,3.435689722e-10,4.128166941e-11,4.342002243e-12,5.318181646e-06,6.733572853e-10,3.298643129e-08,8.538869349e-07,7.745103049e-06,4.369819226e-05,1.99514667e-09,4.346363941e-10,6.78248092e-11,9.080469501e-12,8.525715385e-06,1.873944126e-09,7.892670948e-08,1.775635983e-06,1.452349586e-05,7.445059637e-05,3.010403433e-10,7.547682093e-11,1.300784869e-11,1.840102614e-12,7.583852778e-06,8.321053593e-10,4.356632843e-08,1.146332594e-06,9.990844687e-06,5.260163543e-05,4.934896218e-13,9.20352553e-14,1.009041472e-14,8.183350119e-16,1.594505236e-06,2.220865357e-12,4.310292777e-10,3.218388254e-08,4.947722007e-07,3.922001097e-06,9.659752675e-12,2.18035039e-12,2.893111517e-13,2.79830906e-14,5.66141512e-06,3.660358903e-11,4.969474133e-09,2.662746831e-07,3.319885249e-06,2.188064615e-05,2.049316726e-10,5.937577185e-11,1.011318727e-11,1.231733978e-12,2.299679377e-05,8.250582064e-10,7.315358927e-08,2.63898065e-06,2.53398013e-05,0.0001323103668,6.378866171e-13,1.186155463e-13,1.152627393e-14,7.532754333e-16,3.221480344e-06,1.088093968e-12,3.134840004e-10,2.96043907e-08,4.668746098e-07,3.509450231e-06
38,0.02259734199,0.01088991138,0.004709065493,0.001972812422,0.0141034163,0.004222288316,0.01184532722,0.02751767507,0.05037254989,0.07986041117,0.0320279587,0.01543464277,0.006674324261,0.002796138471,0.01525603475,0.004222291205,0.01184532293,0.02751763835,0.05037243576,0.079860216,0.0004272423375,0.0001448711976,4.407915047e-05,1.334959458e-05,0.0005173222248,2.905090455e-05,0.0001313017592,0.0004749558441,0.001198669542,0.002504424967,0.000301441041,0.0001022138658,3.110001827e-05,9.418791767e-06,0.0004782376823,2.905088467e-05,0.0001313018068,0.0004749564779,0.001198672257,0.002504431088,0.01055267416,0.004013597773,0.00136977288,0.0004612233835,0.00444018582,0.00047160539,0.001364312365,0.003261082656,0.005847411348,0.00908265249,0.01542409167,0.005866394719,0.00200210275,0.0006741390002,0.004836473839,0.0004716057413,0.001364311827,0.00326107792,0.005847396931,0.009082628335,0.0002206420134,5.985106217e-05,1.456796569e-05,3.590586176e-06,0.0001763147525,3.561887831e-06,1.629900564e-05,5.963898124e-05,0.0001453077853,0.0002936457258,0.0001509562652,4.094816345e-05,9.96692319e-06,2.456559113e-06,0.0001618679827,3.561885178e-06,1.629901206e-05,5.963906784e-05,0.0001453081436,0.0002936465067,2.26587964e-07,2.78149461e-08,2.58425224e-09,2.25106979e-10,1.101643123e-05,3.803904624e-09,1.126608023e-07,1.94142602e-06,1.357064715e-05,6.320308215e-05,3.411397344e-10,2.634480149e-11,1.398493758e-12,6.671312819e-14,9.575197489e-07,6.664658999e-12,6.581856995e-10,3.121910344e-08,4.082236992e-07,3.130831404e-06,1.70945468e-09,2.331418916e-10,2.277688192e-11,1.979113625e-12,3.350184461e-06,2.428769112e-10,1.340994752e-08,3.879112722e-07,3.787135546e-06,2.285027584e-05,2.048244879e-09,3.435689837e-10,4.128166955e-11,4.342002138e-12,5.318181529e-06,6.733572657e-10,3.298643033e-08,8.538869103e-07,7.745102819e-06,4.369819084e-05,1.99514691e-09,4.346364345e-10,6.782481361e-11,9.080469858e-12,8.525715445e-06,1.873944179e-09,7.892671118e-08,1.77563601e-06,1.4523496e-05,7.445059653e-05,3.010403994e-10,7.547683288e-11,1.300785039e-11,1.840102807e-12,7.583853053e-06,8.321054371e-10,4.356633185e-08,1.146332668e-06,9.990845227e-06,5.260163756e-05,4.934897811e-13,9.203528245e-14,1.009041742e-14,8.183352095e-16,1.594505376e-06,2.220865897e-12,4.310293686e-10,3.218388837e-08,4.947722807e-07,3.922001641e-06,9.659756361e-12,2.180351187e-12,2.893112529e-13,2.798309997e-14,5.661415858e-06,3.6603602e-11,4.969475683e-09,2.662747557e-07,3.319886075e-06,2.188065102e-05,2.049317589e-10,5.937579631e-11,1.011319134e-11,1.231734463e-12,2.299679741e-05,8.250585629e-10,7.31536174e-08,2.638981549e-06,2.533980931e-05,0.0001323104051,6.378870038e-13,1.186156198e-13,1.152628124e-14,7.532759203e-16,3.221481127e-06,1.088094726e-12,3.13484193e-10,2.960440664e-08,4.668748414e-07,3.50945182e-06
39,0.02259734191,0.01088991128,0.004709065418,0.00197281238,0.0141034161,0.004222288272,0.01184532715,0.02751767503,0.05037255002,0.07986041177,0.03202795859,0.01543464262,0.006674324155,0.002796138411,0.01525603453,0.004222291161,0.01184532286,0.02751763831,0.0503724359,0.0798602166,0.0004272423352,0.0001448711955,4.407914944e-05,1.334959416e-05,0.0005173222131,2.905090388e-05,0.0001313017568,0.0004749558374,0.001198669529,0.002504424952,0.0003014410394,0.0001022138643,3.110001754e-05,9.418791469e-06,0.0004782376715,2.9050884e-05,0.0001313018043,0.0004749564711,0.001198672245,0.002504431073,0.01055267414,0.004013597754,0.00136977287,0.0004612233786,0.004440185797,0.0004716053935,0.001364312383,0.003261082716,0.005847411487,0.009082652773,0.01542409164,0.005866394691,0.002002102734,0.000674138993,0.004836473814,0.0004716057447,0.001364311845,0.00326107798,0.00584739707,0.009082628618,0.0002206420126,5.985106161e-05,1.456796547e-05,3.590586103e-06,0.0001763147502,3.561887813e-06,1.629900565e-05,5.963898161e-05,0.0001453077869,0.0002936457311,0.0001509562647,4.094816307e-05,9.96692304e-06,2.456559063e-06,0.0001618679806,3.56188516e-06,1.629901207e-05,5.963906821e-05,0.0001453081452,0.0002936465121,2.265879607e-07,2.781494502e-08,2.584252077e-09,2.251069598e-10,1.10164307e-05,3.803904352e-09,1.126607955e-07,1.941425922e-06,1.357064657e-05,6.320307995e-05,3.411397267e-10,2.634479993e-11,1.398493624e-12,6.671311956e-14,9.575196842e-07,6.664658196e-12,6.581856289e-10,3.121910048e-08,4.082236637e-07,3.130831153e-06,1.709454712e-09,2.331418885e-10,2.277688088e-11,1.979113475e-12,3.350184308e-06,2.428768927e-10,1.340994657e-08,3.879112471e-07,3.78713531e-06,2.285027444e-05,2.048245012e-09,3.435689955e-10,4.12816697e-11,4.342002031e-12,5.31818141e-06,6.733572457e-10,3.298642936e-08,8.538868853e-07,7.745102584e-06,4.369818938e-05,1.995147155e-09,4.346364755e-10,6.78248181e-11,9.080470221e-12,8.525715505e-06,1.873944234e-09,7.892671292e-08,1.775636038e-06,1.452349615e-05,7.445059671e-05,3.010404564e-10,7.547684506e-11,1.300785213e-11,1.840103005e-12,7.583853333e-06,8.321055162e-10,4.356633533e-08,1.146332743e-06,9.990845777e-06,5.260163974e-05,4.934899433e-13,9.20353101e-14,1.009042016e-14,8.183354106e-16,1.594505518e-06,2.220866447e-12,4.310294612e-10,3.21838943e-08,4.947723621e-07,3.922002195e-06,9.659760115e-12,2.180351999e-12,2.893113559e-13,2.798310952e-14,5.661416609e-06,3.660361521e-11,4.969477262e-09,2.662748296e-07,3.319886916e-06,2.188065598e-05,2.049318469e-10,5.937582121e-11,1.011319548e-11,1.231734956e-12,2.299680113e-05,8.250589258e-10,7.315364605e-08,2.638982464e-06,2.533981746e-05,0.0001323104441,6.378873975e-13,1.186156947e-13,1.152628868e-14,7.532764163e-16,3.221481924e-06,1.088095497e-12,3.134843892e-10,2.960442288e-08,4.668750772e-07,3.509453439e-06
40,0.02259734182,0.01088991117,0.004709065342,0.001972812337,0.01410341589,0.004222288227,0.01184532708,0.02751767499,0.05037255016,0.07986041238,0.03202795846,0.01543464246,0.006674324047,0.00279613835,0.0152560343,0.004222291117,0.01184532279,0.02751763827,0.05037243603,0.07986021721,0.0004272423328,0.0001448711934,4.40791484e-05,1.334959373e-05,0.0005173222012,2.905090319e-05,0.0001313017543,0.0004749558305,0.001198669517,0.002504424937,0.0003014410377,0.0001022138628,3.11000168e-05,9.418791167e-06,0.0004782376605,2.905088331e-05,0.0001313018019,0.0004749564643,0.001198672232,0.002504431058,0.01055267412,0.004013597734,0.001369772859,0.0004612233736,0.004440185774,0.000471605397,0.001364312401,0.003261082777,0.005847411629,0.009082653061,0.01542409161,0.005866394662,0.002002102718,0.0006741389858,0.004836473789,0.0004716057482,0.001364311863,0.003261078042,0.005847397212,0.009082628906,0.0002206420118,5.985106104e-05,1.456796525e-05,3.590586028e-06,0.0001763147479,3.561887795e-06,1.629900566e-05,5.963898198e-05,0.0001453077886,0.0002936457366,0.0001509562642,4.094816268e-05,9.966922888e-06,2.456559012e-06,0.0001618679785,3.561885142e-06,1.629901209e-05,5.963906858e-05,0.0001453081469,0.0002936465175,2.265879573e-07,2.781494392e-08,2.584251911e-09,2.251069402e-10,1.101643016e-05,3.803904075e-09,1.126607886e-07,1.941425822e-06,1.357064598e-05,6.320307772e-05,3.411397189e-10,2.634479835e-11,1.398493488e-12,6.671311078e-14,9.575196184e-07,6.664657379e-12,6.581855572e-10,3.121909747e-08,4.082236274e-07,3.130830897e-06,1.709454746e-09,2.331418853e-10,2.277687981e-11,1.979113322e-12,3.350184152e-06,2.428768739e-10,1.340994561e-08,3.879112215e-07,3.787135071e-06,2.285027302e-05,2.048245147e-09,3.435690075e-10,4.128166985e-11,4.342001922e-12,5.318181288e-06,6.733572253e-10,3.298642837e-08,8.538868598e-07,7.745102346e-06,4.369818791e-05,1.995147405e-09,4.346365173e-10,6.782482266e-11,9.080470591e-12,8.525715567e-06,1.873944289e-09,7.892671468e-08,1.775636066e-06,1.45234963e-05,7.445059688e-05,3.010405144e-10,7.547685745e-11,1.300785389e-11,1.840103205e-12,7.583853618e-06,8.321055968e-10,4.356633887e-08,1.14633282e-06,9.990846336e-06,5.260164196e-05,4.934901084e-13,9.203533823e-14,1.009042296e-14,8.183356153e-16,1.594505662e-06,2.220867006e-12,4.310295554e-10,3.218390034e-08,4.94772445e-07,3.922002758e-06,9.659763935e-12,2.180352825e-12,2.893114607e-13,2.798311923e-14,5.661417373e-06,3.660362865e-11,4.969478868e-09,2.662749048e-07,3.319887772e-06,2.188066103e-05,2.049319364e-10,5.937584655e-11,1.01131997e-11,1.231735459e-12,2.29968049e-05,8.250592951e-10,7.315367521e-08,2.638983396e-06,2.533982575e-05,0.0001323104838,6.378877982e-13,1.186157709e-13,1.152629625e-14,7.532769209e-16,3.221482735e-06,1.088096282e-12,3.134845887e-10,2.96044394e-08,4.668753172e-07,3.509455086e-06
41,0.02259734173,0.01088991106,0.004709065265,0.001972812293,0.01410341568,0.004222288181,0.01184532701,0.02751767496,0.0503725503,0.079860413,0.03202795834,0.01543464231,0.006674323938,0.002796138288,0.01525603407,0.004222291071,0.01184532272,0.02751763824,0.05037243618,0.07986021783,0.0004272423304,0.0001448711913,4.407914733e-05,1.334959329e-05,0.0005173221891,2.905090249e-05,0.0001313017518,0.0004749558236,0.001198669504,0.002504424922,0.000301441036,0.0001022138613,3.110001605e-05,9.418790859e-06,0.0004782376494,2.905088261e-05,0.0001313017994,0.0004749564573,0.001198672219,0.002504431042,0.0105526741,0.004013597714,0.001369772848,0.0004612233685,0.00444018575,0.0004716054005,0.001364312419,0.00326108284,0.005847411774,0.009082653354,0.01542409158,0.005866394633,0.002002102702,0.0006741389783,0.004836473764,0.0004716057518,0.001364311881,0.003261078104,0.005847397357,0.009082629199,0.000220642011,5.985106047e-05,1.456796502e-05,3.590585953e-06,0.0001763147455,3.561887776e-06,1.629900567e-05,5.963898236e-05,0.0001453077903,0.0002936457421,0.0001509562636,4.094816229e-05,9.966922733e-06,2.456558961e-06,0.0001618679763,3.561885123e-06,1.62990121e-05,5.963906896e-05,0.0001453081486,0.0002936465231,2.265879538e-07,2.78149428e-08,2.584251743e-09,2.251069203e-10,1.101642961e-05,3.803903794e-09,1.126607815e-07,1.941425721e-06,1.357064538e-05,6.320307545e-05,3.41139711e-10,2.634479674e-11,1.39849335e-12,6.671310186e-14,9.575195514e-07,6.664656549e-12,6.581854842e-10,3.121909441e-08,4.082235906e-07,3.130830638e-06,1.70945478e-09,2.331418821e-10,2.277687873e-11,1.979113167e-12,3.350183993e-06,2.428768547e-10,1.340994464e-08,3.879111955e-07,3.787134827e-06,2.285027157e-05,2.048245285e-09,3.435690197e-10,4.128167001e-11,4.342001811e-12,5.318181165e-06,6.733572046e-10,3.298642736e-08,8.538868339e-07,7.745102103e-06,4.36981864e-05,1.995147658e-09,4.346365598e-10,6.782482731e-11,9.080470967e-12,8.525715629e-06,1.873944345e-09,7.892671648e-08,1.775636095e-06,1.452349645e-05,7.445059706e-05,3.010405735e-10,7.547687004e-11,1.300785568e-11,1.840103409e-12,7.583853908e-06,8.321056787e-10,4.356634247e-08,1.146332898e-06,9.990846904e-06,5.260164421e-05,4.934902763e-13,9.203536683e-14,1.009042579e-14,8.183358234e-16,1.594505809e-06,2.220867575e-12,4.310296511e-10,3.218390647e-08,4.947725292e-07,3.922003331e-06,9.659767818e-12,2.180353665e-12,2.893115673e-13,2.798312911e-14,5.661418149e-06,3.660364232e-11,4.969480501e-09,2.662749813e-07,3.319888642e-06,2.188066616e-05,2.049320274e-10,5.937587232e-11,1.011320398e-11,1.231735969e-12,2.299680874e-05,8.250596706e-10,7.315370485e-08,2.638984343e-06,2.533983419e-05,0.0001323105242,6.378882056e-13,1.186158484e-13,1.152630394e-14,7.532774341e-16,3.221483559e-06,1.08809708e-12,3.134847917e-10,2.960445619e-08,4.668755612e-07,3.509456761e-06
42,0.02259734165,0.01088991095,0.004709065187,0.001972812248,0.01410341547,0.004222288135,0.01184532694,0.02751767492,0.05037255044,0.07986041362,0.03202795821,0.01543464215,0.006674323827,0.002796138225,0.01525603384,0.004222291025,0.01184532265,0.0275176382,0.05037243632,0.07986021846,0.0004272423279,0.0001448711891,4.407914625e-05,1.334959285e-05,0.0005173221768,2.905090178e-05,0.0001313017492,0.0004749558165,0.001198669491,0.002504424906,0.0003014410343,0.0001022138597,3.110001529e-05,9.418790547e-06,0.000478237638,2.90508819e-05,0.0001313017968,0.0004749564503,0.001198672206,0.002504431027,0.01055267408,0.004013597694,0.001369772836,0.0004612233634,0.004440185726,0.0004716054041,0.001364312438,0.003261082903,0.00584741192,0.009082653651,0.01542409155,0.005866394603,0.002002102685,0.0006741389708,0.004836473738,0.0004716057554,0.0013643119,0.003261078167,0.005847397503,0.009082629496,0.0002206420102,5.985105988e-05,1.456796479e-05,3.590585876e-06,0.0001763147431,3.561887757e-06,1.629900569e-05,5.963898274e-05,0.000145307792,0.0002936457478,0.0001509562631,4.094816189e-05,9.966922575e-06,2.456558908e-06,0.0001618679741,3.561885104e-06,1.629901211e-05,5.963906935e-05,0.0001453081503,0.0002936465287,2.265879502e-07,2.781494166e-08,2.584251571e-09,2.251069001e-10,1.101642905e-05,3.803903509e-09,1.126607743e-07,1.941425618e-06,1.357064476e-05,6.320307314e-05,3.411397029e-10,2.634479511e-11,1.398493209e-12,6.671309279e-14,9.575194834e-07,6.664655705e-12,6.581854101e-10,3.121909129e-08,4.082235532e-07,3.130830374e-06,1.709454814e-09,2.331418788e-10,2.277687763e-11,1.979113009e-12,3.350183832e-06,2.428768353e-10,1.340994365e-08,3.87911169e-07,3.787134579e-06,2.285027009e-05,2.048245425e-09,3.435690321e-10,4.128167017e-11,4.342001698e-12,5.31818104e-06,6.733571836e-10,3.298642634e-08,8.538868076e-07,7.745101856e-06,4.369818488e-05,1.995147916e-09,4.34636603e-10,6.782483202e-11,9.080471349e-12,8.525715693e-06,1.873944402e-09,7.89267183e-08,1.775636124e-06,1.45234966e-05,7.445059724e-05,3.010406334e-10,7.547688284e-11,1.30078575e-11,1.840103616e-12,7.583854202e-06,8.321057619e-10,4.356634612e-08,1.146332977e-06,9.990847482e-06,5.26016465e-05,4.934904469e-13,9.20353959e-14,1.009042868e-14,8.183360349e-16,1.594505958e-06,2.220868153e-12,4.310297485e-10,3.218391271e-08,4.947726148e-07,3.922003913e-06,9.659771764e-12,2.180354519e-12,2.893116757e-13,2.798313915e-14,5.661418939e-06,3.66036562e-11,4.969482161e-09,2.66275059e-07,3.319889526e-06,2.188067138e-05,2.049321199e-10,5.93758985e-11,1.011320834e-11,1.231736488e-12,2.299681264e-05,8.250600522e-10,7.315373497e-08,2.638985305e-06,2.533984276e-05,0.0001323105652,6.378886195e-13,1.186159271e-13,1.152631176e-14,7.532779554e-16,3.221484397e-06,1.088097891e-12,3.134849979e-10,2.960447326e-08,4.668758092e-07,3.509458462e-06
43,0.02259734156,0.01088991083,0.004709065107,0.001972812203,0.01410341525,0.004222288088,0.01184532687,0.02751767488,0.05037255059,0.07986041426,0.03202795809,0.01543464199,0.006674323714,0.002796138161,0.01525603361,0.004222290978,0.01184532258,0.02751763816,0.05037243646,0.07986021909,0.0004272423254,0.0001448711868,4.407914515e-05,1.33495924e-05,0.0005173221644,2.905090106e-05,0.0001313017466,0.0004749558093,0.001198669477,0.002504424891,0.0003014410325,0.0001022138581,3.110001452e-05,9.418790229e-06,0.0004782376265,2.905088118e-05,0.0001313017942,0.0004749564431,0.001198672193,0.002504431011,0.01055267406,0.004013597673,0.001369772825,0.0004612233581,0.004440185702,0.0004716054078,0.001364312457,0.003261082967,0.005847412069,0.009082653953,0.01542409152,0.005866394572,0.002002102669,0.0006741389632,0.004836473711,0.0004716057591,0.001364311919,0.003261078232,0.005847397652,0.009082629798,0.0002206420094,5.985105929e-05,1.456796456e-05,3.590585798e-06,0.0001763147407,3.561887738e-06,1.62990057e-05,5.963898314e-05,0.0001453077938,0.0002936457535,0.0001509562625,4.094816148e-05,9.966922415e-06,2.456558855e-06,0.0001618679719,3.561885085e-06,1.629901213e-05,5.963906974e-05,0.000145308152,0.0002936465345,2.265879467e-07,2.78149405e-08,2.584251397e-09,2.251068796e-10,1.101642848e-05,3.803903219e-09,1.12660767e-07,1.941425513e-06,1.357064414e-05,6.32030708e-05,3.411396947e-10,2.634479345e-11,1.398493067e-12,6.671308358e-14,9.575194144e-07,6.664654848e-12,6.581853348e-10,3.121908813e-08,4.082235152e-07,3.130830106e-06,1.709454849e-09,2.331418755e-10,2.277687652e-11,1.979112848e-12,3.350183668e-06,2.428768156e-10,1.340994264e-08,3.879111422e-07,3.787134327e-06,2.28502686e-05,2.048245567e-09,3.435690447e-10,4.128167033e-11,4.342001584e-12,5.318180912e-06,6.733571622e-10,3.29864253e-08,8.538867809e-07,7.745101606e-06,4.369818333e-05,1.995148177e-09,4.346366468e-10,6.782483681e-11,9.080471737e-12,8.525715757e-06,1.87394446e-09,7.892672016e-08,1.775636153e-06,1.452349676e-05,7.445059742e-05,3.010406943e-10,7.547689584e-11,1.300785935e-11,1.840103827e-12,7.583854501e-06,8.321058464e-10,4.356634984e-08,1.146333057e-06,9.990848069e-06,5.260164883e-05,4.934906201e-13,9.203542541e-14,1.009043161e-14,8.183362496e-16,1.59450611e-06,2.22086874e-12,4.310298473e-10,3.218391904e-08,4.947727018e-07,3.922004504e-06,9.659775772e-12,2.180355386e-12,2.893117857e-13,2.798314934e-14,5.66141974e-06,3.66036703e-11,4.969483846e-09,2.662751379e-07,3.319890424e-06,2.188067667e-05,2.049322138e-10,5.937592509e-11,1.011321276e-11,1.231737015e-12,2.29968166e-05,8.250604397e-10,7.315376556e-08,2.638986282e-06,2.533985146e-05,0.0001323106068,6.378890399e-13,1.186160071e-13,1.15263197e-14,7.532784849e-16,3.221485248e-06,1.088098715e-12,3.134852073e-10,2.960449059e-08,4.66876061e-07,3.50946019e-06
44,0.02259734146,0.01088991072,0.004709065026,0.001972812157,0.01410341503,0.004222288041,0.0118453268,0.02751767484,0.05037255074,0.07986041491,0.03202795796,0.01543464182,0.006674323599,0.002796138096,0.01525603337,0.00422229093,0.0118453225,0.02751763812,0.05037243661,0.07986021974,0.0004272423229,0.0001448711846,4.407914404e-05,1.334959194e-05,0.0005173221517,2.905090033e-05,0.000131301744,0.0004749558021,0.001198669464,0.002504424875,0.0003014410307,0.0001022138565,3.110001373e-05,9.418789907e-06,0.0004782376148,2.905088044e-05,0.0001313017916,0.0004749564358,0.00119867218,0.002504430995,0.01055267403,0.004013597652,0.001369772813,0.0004612233528,0.004440185677,0.0004716054116,0.001364312477,0.003261083032,0.005847412221,0.00908265426,0.01542409149,0.005866394541,0.002002102652,0.0006741389554,0.004836473684,0.0004716057628,0.001364311939,0.003261078297,0.005847397803,0.009082630105,0.0002206420085,5.985105869e-05,1.456796432e-05,3.590585719e-06,0.0001763147382,3.561887718e-06,1.629900571e-05,5.963898353e-05,0.0001453077955,0.0002936457594,0.0001509562619,4.094816107e-05,9.966922252e-06,2.456558801e-06,0.0001618679696,3.561885065e-06,1.629901214e-05,5.963907014e-05,0.0001453081538,0.0002936465403,2.26587943e-07,2.781493933e-08,2.584251221e-09,2.251068588e-10,1.10164279e-05,3.803902924e-09,1.126607596e-07,1.941425407e-06,1.357064351e-05,6.320306842e-05,3.411396864e-10,2.634479176e-11,1.398492922e-12,6.671307424e-14,9.575193443e-07,6.664653979e-12,6.581852584e-10,3.121908493e-08,4.082234767e-07,3.130829834e-06,1.709454884e-09,2.331418721e-10,2.277687538e-11,1.979112686e-12,3.350183501e-06,2.428767955e-10,1.340994162e-08,3.879111149e-07,3.787134072e-06,2.285026708e-05,2.048245711e-09,3.435690574e-10,4.128167049e-11,4.342001467e-12,5.318180783e-06,6.733571405e-10,3.298642424e-08,8.538867538e-07,7.745101351e-06,4.369818176e-05,1.995148443e-09,4.346366913e-10,6.782484168e-11,9.080472131e-12,8.525715823e-06,1.873944518e-09,7.892672204e-08,1.775636183e-06,1.452349691e-05,7.44505976e-05,3.010407561e-10,7.547690903e-11,1.300786123e-11,1.84010404e-12,7.583854804e-06,8.321059322e-10,4.356635361e-08,1.146333139e-06,9.990848664e-06,5.260165119e-05,4.934907958e-13,9.203545536e-14,1.009043458e-14,8.183364675e-16,1.594506264e-06,2.220869336e-12,4.310299476e-10,3.218392547e-08,4.9477279e-07,3.922005104e-06,9.659779838e-12,2.180356265e-12,2.893118973e-13,2.798315969e-14,5.661420554e-06,3.660368461e-11,4.969485556e-09,2.66275218e-07,3.319891336e-06,2.188068204e-05,2.049323091e-10,5.937595207e-11,1.011321725e-11,1.231737549e-12,2.299682062e-05,8.250608329e-10,7.31537966e-08,2.638987274e-06,2.533986029e-05,0.0001323106491,6.378894665e-13,1.186160882e-13,1.152632776e-14,7.532790222e-16,3.221486112e-06,1.08809955e-12,3.134854197e-10,2.960450818e-08,4.668763165e-07,3.509461944e-06
45,0.02259734137,0.0108899106,0.004709064944,0.001972812111,0.0141034148,0.004222287992,0.01184532672,0.0275176748,0.05037255089,0.07986041556,0.03202795783,0.01543464166,0.006674323483,0.00279613803,0.01525603312,0.004222290882,0.01184532243,0.02751763808,0.05037243676,0.0798602204,0.0004272423203,0.0001448711823,4.407914291e-05,1.334959148e-05,0.0005173221389,2.905089958e-05,0.0001313017413,0.0004749557947,0.00119866945,0.002504424859,0.0003014410289,0.0001022138549,3.110001293e-05,9.41878958e-06,0.0004782376029,2.90508797e-05,0.0001313017889,0.0004749564284,0.001198672166,0.002504430979,0.01055267401,0.00401359763,0.001369772801,0.0004612233474,0.004440185652,0.0004716054153,0.001364312496,0.003261083099,0.005847412374,0.009082654571,0.01542409146,0.00586639451,0.002002102634,0.0006741389475,0.004836473657,0.0004716057666,0.001364311958,0.003261078363,0.005847397957,0.009082630416,0.0002206420077,5.985105808e-05,1.456796408e-05,3.590585638e-06,0.0001763147357,3.561887699e-06,1.629900573e-05,5.963898394e-05,0.0001453077973,0.0002936457653,0.0001509562613,4.094816065e-05,9.966922088e-06,2.456558746e-06,0.0001618679673,3.561885046e-06,1.629901215e-05,5.963907054e-05,0.0001453081556,0.0002936465462,2.265879393e-07,2.781493814e-08,2.584251042e-09,2.251068377e-10,1.101642732e-05,3.803902626e-09,1.126607521e-07,1.941425299e-06,1.357064287e-05,6.320306601e-05,3.41139678e-10,2.634479005e-11,1.398492775e-12,6.671306476e-14,9.575192732e-07,6.664653097e-12,6.581851809e-10,3.121908167e-08,4.082234376e-07,3.130829558e-06,1.70945492e-09,2.331418687e-10,2.277687424e-11,1.97911252e-12,3.350183333e-06,2.428767752e-10,1.340994059e-08,3.879110873e-07,3.787133813e-06,2.285026554e-05,2.048245857e-09,3.435690704e-10,4.128167065e-11,4.34200135e-12,5.318180652e-06,6.733571185e-10,3.298642317e-08,8.538867263e-07,7.745101093e-06,4.369818016e-05,1.995148712e-09,4.346367365e-10,6.782484661e-11,9.08047253e-12,8.525715889e-06,1.873944578e-09,7.892672394e-08,1.775636213e-06,1.452349708e-05,7.445059779e-05,3.010408188e-10,7.547692241e-11,1.300786313e-11,1.840104257e-12,7.583855112e-06,8.321060192e-10,4.356635743e-08,1.146333222e-06,9.990849268e-06,5.260165358e-05,4.934909741e-13,9.203548574e-14,1.00904376e-14,8.183366886e-16,1.59450642e-06,2.22086994e-12,4.310300493e-10,3.218393199e-08,4.947728795e-07,3.922005713e-06,9.659783963e-12,2.180357157e-12,2.893120105e-13,2.798317018e-14,5.661421379e-06,3.660369913e-11,4.969487291e-09,2.662752992e-07,3.31989226e-06,2.188068749e-05,2.049324057e-10,5.937597943e-11,1.01132218e-11,1.231738091e-12,2.29968247e-05,8.250612317e-10,7.315382808e-08,2.63898828e-06,2.533986925e-05,0.000132310692,6.378898991e-13,1.186161705e-13,1.152633594e-14,7.532795671e-16,3.221486987e-06,1.088100398e-12,3.134856353e-10,2.960452602e-08,4.668765756e-07,3.509463722e-06
46,0.02259734128,0.01088991048,0.004709064861,0.001972812064,0.01410341458,0.004222287943,0.01184532665,0.02751767476,0.05037255104,0.07986041623,0.03202795769,0.01543464149,0.006674323365,0.002796137963,0.01525603288,0.004222290833,0.01184532235,0.02751763804,0.05037243691,0.07986022106,0.0004272423177,0.0001448711799,4.407914176e-05,1.334959101e-05,0.0005173221259,2.905089883e-05,0.0001313017386,0.0004749557872,0.001198669436,0.002504424842,0.000301441027,0.0001022138533,3.110001212e-05,9.418789249e-06,0.0004782375909,2.905087895e-05,0.0001313017862,0.000474956421,0.001198672152,0.002504430963,0.01055267399,0.004013597609,0.001369772789,0.000461223342,0.004440185627,0.0004716054192,0.001364312516,0.003261083166,0.005847412529,0.009082654886,0.01542409142,0.005866394478,0.002002102617,0.0006741389395,0.004836473629,0.0004716057704,0.001364311978,0.00326107843,0.005847398112,0.009082630731,0.0002206420068,5.985105746e-05,1.456796384e-05,3.590585557e-06,0.0001763147332,3.561887678e-06,1.629900574e-05,5.963898434e-05,0.0001453077992,0.0002936457712,0.0001509562607,4.094816023e-05,9.966921921e-06,2.45655869e-06,0.000161867965,3.561885026e-06,1.629901217e-05,5.963907095e-05,0.0001453081574,0.0002936465522,2.265879356e-07,2.781493693e-08,2.58425086e-09,2.251068163e-10,1.101642672e-05,3.803902323e-09,1.126607445e-07,1.941425189e-06,1.357064222e-05,6.320306357e-05,3.411396695e-10,2.634478832e-11,1.398492626e-12,6.671305515e-14,9.575192011e-07,6.664652203e-12,6.581851023e-10,3.121907838e-08,4.08223398e-07,3.130829278e-06,1.709454957e-09,2.331418652e-10,2.277687307e-11,1.979112353e-12,3.350183162e-06,2.428767546e-10,1.340993954e-08,3.879110593e-07,3.78713355e-06,2.285026398e-05,2.048246005e-09,3.435690835e-10,4.128167082e-11,4.34200123e-12,5.318180519e-06,6.733570962e-10,3.298642209e-08,8.538866984e-07,7.745100832e-06,4.369817854e-05,1.995148985e-09,4.346367822e-10,6.782485161e-11,9.080472935e-12,8.525715957e-06,1.873944638e-09,7.892672588e-08,1.775636244e-06,1.452349724e-05,7.445059798e-05,3.010408823e-10,7.547693597e-11,1.300786506e-11,1.840104477e-12,7.583855424e-06,8.321061074e-10,4.356636131e-08,1.146333305e-06,9.99084988e-06,5.260165601e-05,4.934911548e-13,9.203551653e-14,1.009044066e-14,8.183369126e-16,1.594506578e-06,2.220870552e-12,4.310301524e-10,3.218393859e-08,4.947729702e-07,3.922006329e-06,9.659788143e-12,2.180358062e-12,2.893121253e-13,2.798318081e-14,5.661422215e-06,3.660371384e-11,4.969489049e-09,2.662753815e-07,3.319893197e-06,2.188069302e-05,2.049325037e-10,5.937600717e-11,1.011322642e-11,1.231738641e-12,2.299682883e-05,8.250616359e-10,7.315385999e-08,2.638989299e-06,2.533987833e-05,0.0001323107354,6.378903376e-13,1.186162539e-13,1.152634422e-14,7.532801195e-16,3.221487875e-06,1.088101257e-12,3.134858537e-10,2.96045441e-08,4.668768383e-07,3.509465525e-06
47,0.02259734118,0.01088991036,0.004709064777,0.001972812016,0.01410341435,0.004222287894,0.01184532657,0.02751767472,0.05037255119,0.0798604169,0.03202795756,0.01543464132,0.006674323245,0.002796137896,0.01525603263,0.004222290783,0.01184532228,0.027517638,0.05037243706,0.07986022174,0.000427242315,0.0001448711776,4.40791406e-05,1.334959053e-05,0.0005173221127,2.905089807e-05,0.0001313017358,0.0004749557796,0.001198669422,0.002504424825,0.0003014410252,0.0001022138516,3.110001131e-05,9.418788914e-06,0.0004782375787,2.905087819e-05,0.0001313017834,0.0004749564134,0.001198672138,0.002504430946,0.01055267397,0.004013597587,0.001369772777,0.0004612233364,0.004440185601,0.0004716054231,0.001364312536,0.003261083234,0.005847412687,0.009082655205,0.01542409139,0.005866394446,0.002002102599,0.0006741389315,0.004836473601,0.0004716057743,0.001364311998,0.003261078498,0.00584739827,0.00908263105,0.0002206420059,5.985105683e-05,1.456796359e-05,3.590585474e-06,0.0001763147306,3.561887658e-06,1.629900575e-05,5.963898476e-05,0.000145307801,0.0002936457773,0.0001509562601,4.09481598e-05,9.966921751e-06,2.456558633e-06,0.0001618679626,3.561885005e-06,1.629901218e-05,5.963907136e-05,0.0001453081593,0.0002936465583,2.265879318e-07,2.781493571e-08,2.584250676e-09,2.251067947e-10,1.101642612e-05,3.803902017e-09,1.126607368e-07,1.941425079e-06,1.357064156e-05,6.320306109e-05,3.411396608e-10,2.634478657e-11,1.398492476e-12,6.671304542e-14,9.575191281e-07,6.664651298e-12,6.581850228e-10,3.121907504e-08,4.082233578e-07,3.130828995e-06,1.709454994e-09,2.331418617e-10,2.277687189e-11,1.979112184e-12,3.350182989e-06,2.428767337e-10,1.340993847e-08,3.879110309e-07,3.787133284e-06,2.285026239e-05,2.048246156e-09,3.435690968e-10,4.128167099e-11,4.342001109e-12,5.318180385e-06,6.733570737e-10,3.298642099e-08,8.538866701e-07,7.745100567e-06,4.369817691e-05,1.995149262e-09,4.346368285e-10,6.782485667e-11,9.080473345e-12,8.525716025e-06,1.8739447e-09,7.892672783e-08,1.775636275e-06,1.45234974e-05,7.445059818e-05,3.010409467e-10,7.54769497e-11,1.300786701e-11,1.840104699e-12,7.58385574e-06,8.321061967e-10,4.356636523e-08,1.14633339e-06,9.9908505e-06,5.260165846e-05,4.934913379e-13,9.203554772e-14,1.009044375e-14,8.183371395e-16,1.594506738e-06,2.220871173e-12,4.310302568e-10,3.218394529e-08,4.947730621e-07,3.922006954e-06,9.659792378e-12,2.180358978e-12,2.893122415e-13,2.798319158e-14,5.661423062e-06,3.660372874e-11,4.96949083e-09,2.662754649e-07,3.319894146e-06,2.188069861e-05,2.049326029e-10,5.937603526e-11,1.011323109e-11,1.231739198e-12,2.299683302e-05,8.250620454e-10,7.315389232e-08,2.638990332e-06,2.533988752e-05,0.0001323107795,6.378907819e-13,1.186163384e-13,1.152635262e-14,7.53280679e-16,3.221488774e-06,1.088102127e-12,3.13486075e-10,2.960456242e-08,4.668771044e-07,3.509467351e-06
48,0.02259734109,0.01088991024,0.004709064691,0.001972811968,0.01410341411,0.004222287843,0.01184532649,0.02751767467,0.05037255135,0.07986041759,0.03202795742,0.01543464115,0.006674323125,0.002796137827,0.01525603238,0.004222290733,0.0118453222,0.02751763796,0.05037243722,0.07986022242,0.0004272423123,0.0001448711752,4.407913943e-05,1.334959005e-05,0.0005173220993,2.90508973e-05,0.0001313017331,0.0004749557719,0.001198669408,0.002504424809,0.0003014410233,0.0001022138499,3.110001048e-05,9.418788574e-06,0.0004782375663,2.905087741e-05,0.0001313017806,0.0004749564057,0.001198672124,0.002504430929,0.01055267395,0.004013597564,0.001369772765,0.0004612233308,0.004440185575,0.000471605427,0.001364312557,0.003261083302,0.005847412846,0.009082655529,0.01542409136,0.005866394414,0.002002102581,0.0006741389233,0.004836473573,0.0004716057782,0.001364312019,0.003261078567,0.005847398429,0.009082631373,0.000220642005,5.985105619e-05,1.456796334e-05,3.590585391e-06,0.000176314728,3.561887638e-06,1.629900577e-05,5.963898518e-05,0.0001453078029,0.0002936457834,0.0001509562595,4.094815937e-05,9.96692158e-06,2.456558576e-06,0.0001618679602,3.561884985e-06,1.629901219e-05,5.963907178e-05,0.0001453081612,0.0002936465644,2.265879279e-07,2.781493447e-08,2.58425049e-09,2.251067727e-10,1.101642552e-05,3.803901706e-09,1.12660729e-07,1.941424967e-06,1.35706409e-05,6.320305859e-05,3.41139652e-10,2.634478479e-11,1.398492323e-12,6.671303556e-14,9.575190542e-07,6.664650381e-12,6.581849422e-10,3.121907165e-08,4.082233172e-07,3.130828708e-06,1.709455031e-09,2.331418581e-10,2.27768707e-11,1.979112012e-12,3.350182814e-06,2.428767126e-10,1.34099374e-08,3.879110022e-07,3.787133015e-06,2.285026079e-05,2.048246308e-09,3.435691102e-10,4.128167116e-11,4.342000987e-12,5.318180248e-06,6.733570508e-10,3.298641988e-08,8.538866415e-07,7.745100299e-06,4.369817525e-05,1.995149542e-09,4.346368755e-10,6.78248618e-11,9.08047376e-12,8.525716094e-06,1.873944762e-09,7.892672982e-08,1.775636307e-06,1.452349757e-05,7.445059837e-05,3.010410118e-10,7.547696361e-11,1.300786899e-11,1.840104924e-12,7.583856059e-06,8.321062871e-10,4.356636921e-08,1.146333476e-06,9.990851127e-06,5.260166095e-05,4.934915232e-13,9.20355793e-14,1.009044689e-14,8.183373693e-16,1.5945069e-06,2.220871801e-12,4.310303626e-10,3.218395206e-08,4.947731551e-07,3.922007586e-06,9.659796666e-12,2.180359905e-12,2.893123592e-13,2.798320249e-14,5.66142392e-06,3.660374383e-11,4.969492634e-09,2.662755493e-07,3.319895107e-06,2.188070428e-05,2.049327034e-10,5.937606371e-11,1.011323582e-11,1.231739761e-12,2.299683726e-05,8.250624601e-10,7.315392505e-08,2.638991378e-06,2.533989684e-05,0.000132310824,6.378912317e-13,1.186164239e-13,1.152636111e-14,7.532812456e-16,3.221489685e-06,1.088103008e-12,3.134862991e-10,2.960458096e-08,4.668773738e-07,3.5094692e-06
49,0.02259734099,0.01088991011,0.004709064605,0.001972811919,0.01410341388,0.004222287792,0.01184532641,0.02751767463,0.0503725515,0.07986041828,0.03202795728,0.01543464097,0.006674323002,0.002796137758,0.01525603212,0.004222290682,0.01184532212,0.02751763791,0.05037243738,0.07986022311,0.0004272423096,0.0001448711728,4.407913824e-05,1.334958956e-05,0.0005173220858,2.905089651e-05,0.0001313017303,0.0004749557642,0.001198669394,0.002504424791,0.0003014410214,0.0001022138482,3.110000964e-05,9.41878823e-06,0.0004782375538,2.905087663e-05,0.0001313017778,0.0004749563979,0.001198672109,0.002504430912,0.01055267392,0.004013597542,0.001369772752,0.0004612233252,0.004440185549,0.000471605431,0.001364312577,0.003261083372,0.005847413008,0.009082655856,0.01542409133,0.005866394381,0.002002102563,0.000674138915,0.004836473544,0.0004716057822,0.001364312039,0.003261078637,0.00584739859,0.009082631701,0.0002206420041,5.985105555e-05,1.456796309e-05,3.590585306e-06,0.0001763147254,3.561887617e-06,1.629900578e-05,5.96389856e-05,0.0001453078048,0.0002936457897,0.0001509562589,4.094815893e-05,9.966921407e-06,2.456558519e-06,0.0001618679578,3.561884964e-06,1.629901221e-05,5.96390722e-05,0.0001453081631,0.0002936465706,2.26587924e-07,2.781493322e-08,2.584250302e-09,2.251067505e-10,1.10164249e-05,3.803901392e-09,1.126607211e-07,1.941424853e-06,1.357064023e-05,6.320305605e-05,3.411396432e-10,2.634478299e-11,1.398492168e-12,6.671302559e-14,9.575189794e-07,6.664649453e-12,6.581848607e-10,3.121906823e-08,4.082232761e-07,3.130828418e-06,1.709455069e-09,2.331418545e-10,2.277686949e-11,1.979111838e-12,3.350182636e-06,2.428766912e-10,1.340993631e-08,3.879109731e-07,3.787132742e-06,2.285025917e-05,2.048246461e-09,3.435691239e-10,4.128167133e-11,4.342000863e-12,5.31818011e-06,6.733570277e-10,3.298641876e-08,8.538866126e-07,7.745100028e-06,4.369817357e-05,1.995149825e-09,4.346369229e-10,6.782486698e-11,9.08047418e-12,8.525716164e-06,1.873944824e-09,7.892673182e-08,1.775636338e-06,1.452349774e-05,7.445059857e-05,3.010410778e-10,7.547697769e-11,1.300787099e-11,1.840105152e-12,7.583856383e-06,8.321063787e-10,4.356637323e-08,1.146333563e-06,9.990851763e-06,5.260166347e-05,4.934917108e-13,9.203561126e-14,1.009045006e-14,8.183376019e-16,1.594507064e-06,2.220872436e-12,4.310304696e-10,3.218395892e-08,4.947732492e-07,3.922008227e-06,9.659801006e-12,2.180360844e-12,2.893124784e-13,2.798321352e-14,5.661424788e-06,3.66037591e-11,4.969494459e-09,2.662756347e-07,3.319896079e-06,2.188071001e-05,2.049328051e-10,5.93760925e-11,1.011324061e-11,1.231740332e-12,2.299684155e-05,8.250628797e-10,7.315395817e-08,2.638992436e-06,2.533990626e-05,0.0001323108691,6.378916869e-13,1.186165105e-13,1.152636971e-14,7.532818189e-16,3.221490606e-06,1.0881039e-12,3.134865258e-10,2.960459973e-08,4.668776465e-07,3.509471071e-06
50,0.02259734089,0.01088990999,0.004709064518,0.001972811869,0.01410341364,0.004222287741,0.01184532634,0.02751767459,0.05037255166,0.07986041897,0.03202795714,0.01543464079,0.006674322878,0.002796137688,0.01525603186,0.004222290631,0.01184532204,0.02751763787,0.05037243754,0.07986022381,0.0004272423069,0.0001448711704,4.407913703e-05,1.334958907e-05,0.0005173220722,2.905089572e-05,0.0001313017274,0.0004749557563,0.001198669379,0.002504424774,0.0003014410194,0.0001022138465,3.110000879e-05,9.418787882e-06,0.0004782375412,2.905087584e-05,0.000131301775,0.0004749563901,0.001198672095,0.002504430895,0.0105526739,0.004013597519,0.00136977274,0.0004612233194,0.004440185522,0.000471605435,0.001364312598,0.003261083442,0.005847413171,0.009082656187,0.01542409129,0.005866394348,0.002002102544,0.0006741389066,0.004836473515,0.0004716057863,0.00136431206,0.003261078707,0.005847398754,0.009082632032,0.0002206420032,5.98510549e-05,1.456796283e-05,3.590585221e-06,0.0001763147227,3.561887596e-06,1.62990058e-05,5.963898603e-05,0.0001453078067,0.0002936457959,0.0001509562583,4.094815848e-05,9.966921231e-06,2.45655846e-06,0.0001618679553,3.561884943e-06,1.629901222e-05,5.963907263e-05,0.000145308165,0.0002936465769,2.265879201e-07,2.781493195e-08,2.584250111e-09,2.25106728e-10,1.101642428e-05,3.803901074e-09,1.126607131e-07,1.941424738e-06,1.357063954e-05,6.320305349e-05,3.411396342e-10,2.634478118e-11,1.398492012e-12,6.671301551e-14,9.575189038e-07,6.664648514e-12,6.581847782e-10,3.121906477e-08,4.082232345e-07,3.130828124e-06,1.709455107e-09,2.331418509e-10,2.277686827e-11,1.979111663e-12,3.350182457e-06,2.428766696e-10,1.34099352e-08,3.879109437e-07,3.787132467e-06,2.285025753e-05,2.048246617e-09,3.435691376e-10,4.128167151e-11,4.342000738e-12,5.318179971e-06,6.733570043e-10,3.298641762e-08,8.538865833e-07,7.745099754e-06,4.369817187e-05,1.995150111e-09,4.34636971e-10,6.782487223e-11,9.080474605e-12,8.525716235e-06,1.873944888e-09,7.892673385e-08,1.775636371e-06,1.452349791e-05,7.445059877e-05,3.010411445e-10,7.547699192e-11,1.300787302e-11,1.840105383e-12,7.583856711e-06,8.321064712e-10,4.35663773e-08,1.146333651e-06,9.990852405e-06,5.260166602e-05,4.934919005e-13,9.203564359e-14,1.009045327e-14,8.183378371e-16,1.59450723e-06,2.220873079e-12,4.310305779e-10,3.218396586e-08,4.947733445e-07,3.922008874e-06,9.659805395e-12,2.180361793e-12,2.893125988e-13,2.798322469e-14,5.661425666e-06,3.660377454e-11,4.969496305e-09,2.662757212e-07,3.319897063e-06,2.188071581e-05,2.049329079e-10,5.937612162e-11,1.011324546e-11,1.231740909e-12,2.299684589e-05,8.250633041e-10,7.315399167e-08,2.638993506e-06,2.533991579e-05,0.0001323109147,6.378921473e-13,1.186165981e-13,1.152637841e-14,7.532823989e-16,3.221491538e-06,1.088104802e-12,3.134867551e-10,2.960461871e-08,4.668779222e-07,3.509472964e-06
51,0.02259734079,0.01088990986,0.004709064429,0.001972811819,0.0141034134,0.004222287689,0.01184532626,0.02751767455,0.05037255182,0.07986041968,0.032027957,0.01543464062,0.006674322753,0.002796137617,0.0152560316,0.004222290579,0.01184532196,0.02751763783,0.0503724377,0.07986022451,0.0004272423041,0.0001448711679,4.407913582e-05,1.334958857e-05,0.0005173220583,2.905089492e-05,0.0001313017245,0.0004749557484,0.001198669364,0.002504424757,0.0003014410175,0.0001022138448,3.110000793e-05,9.418787531e-06,0.0004782375285,2.905087504e-05,0.0001313017721,0.0004749563821,0.00119867208,0.002504430877,0.01055267388,0.004013597496,0.001369772727,0.0004612233136,0.004440185495,0.0004716054391,0.001364312619,0.003261083514,0.005847413336,0.009082656521,0.01542409126,0.005866394314,0.002002102526,0.0006741388981,0.004836473486,0.0004716057903,0.001364312081,0.003261078778,0.005847398919,0.009082632366,0.0002206420023,5.985105424e-05,1.456796257e-05,3.590585134e-06,0.00017631472,3.561887574e-06,1.629900581e-05,5.963898646e-05,0.0001453078087,0.0002936458023,0.0001509562576,4.094815803e-05,9.966921054e-06,2.456558401e-06,0.0001618679529,3.561884922e-06,1.629901224e-05,5.963907307e-05,0.0001453081669,0.0002936465832,2.265879161e-07,2.781493067e-08,2.584249918e-09,2.251067053e-10,1.101642365e-05,3.803900753e-09,1.126607051e-07,1.941424622e-06,1.357063886e-05,6.320305089e-05,3.411396251e-10,2.634477934e-11,1.398491854e-12,6.671300531e-14,9.575188273e-07,6.664647566e-12,6.581846948e-10,3.121906127e-08,4.082231924e-07,3.130827827e-06,1.709455146e-09,2.331418472e-10,2.277686703e-11,1.979111485e-12,3.350182275e-06,2.428766477e-10,1.340993409e-08,3.87910914e-07,3.787132188e-06,2.285025588e-05,2.048246774e-09,3.435691516e-10,4.128167168e-11,4.342000611e-12,5.31817983e-06,6.733569806e-10,3.298641647e-08,8.538865537e-07,7.745099476e-06,4.369817015e-05,1.995150401e-09,4.346370195e-10,6.782487754e-11,9.080475035e-12,8.525716306e-06,1.873944952e-09,7.89267359e-08,1.775636403e-06,1.452349808e-05,7.445059897e-05,3.010412119e-10,7.547700632e-11,1.300787507e-11,1.840105616e-12,7.583857042e-06,8.321065648e-10,4.356638141e-08,1.14633374e-06,9.990853055e-06,5.260166859e-05,4.934920923e-13,9.203567627e-14,1.009045652e-14,8.183380749e-16,1.594507398e-06,2.220873729e-12,4.310306873e-10,3.218397287e-08,4.947734407e-07,3.922009529e-06,9.659809832e-12,2.180362753e-12,2.893127207e-13,2.798323598e-14,5.661426554e-06,3.660379016e-11,4.969498171e-09,2.662758085e-07,3.319898057e-06,2.188072168e-05,2.049330119e-10,5.937615106e-11,1.011325035e-11,1.231741492e-12,2.299685028e-05,8.250637331e-10,7.315402554e-08,2.638994588e-06,2.533992543e-05,0.0001323109609,6.378926128e-13,1.186166866e-13,1.152638721e-14,7.532829852e-16,3.22149248e-06,1.088105714e-12,3.13486987e-10,2.96046379e-08,4.668782011e-07,3.509474878e-06
52,0.02259734069,0.01088990974,0.00470906434,0.001972811769,0.01410341315,0.004222287637,0.01184532617,0.0275176745,0.05037255198,0.07986042039,0.03202795686,0.01543464043,0.006674322627,0.002796137545,0.01525603134,0.004222290526,0.01184532188,0.02751763778,0.05037243786,0.07986022523,0.0004272423013,0.0001448711654,4.407913459e-05,1.334958807e-05,0.0005173220444,2.905089412e-05,0.0001313017216,0.0004749557403,0.001198669349,0.002504424739,0.0003014410155,0.000102213843,3.110000706e-05,9.418787176e-06,0.0004782375155,2.905087423e-05,0.0001313017692,0.0004749563741,0.001198672065,0.00250443086,0.01055267385,0.004013597473,0.001369772714,0.0004612233078,0.004440185468,0.0004716054432,0.001364312641,0.003261083586,0.005847413502,0.009082656859,0.01542409123,0.00586639428,0.002002102507,0.0006741388896,0.004836473456,0.0004716057944,0.001364312103,0.00326107885,0.005847399085,0.009082632704,0.0002206420013,5.985105358e-05,1.456796231e-05,3.590585047e-06,0.0001763147173,3.561887553e-06,1.629900582e-05,5.96389869e-05,0.0001453078106,0.0002936458087,0.000150956257,4.094815758e-05,9.966920875e-06,2.456558341e-06,0.0001618679504,3.5618849e-06,1.629901225e-05,5.96390735e-05,0.0001453081689,0.0002936465897,2.265879121e-07,2.781492937e-08,2.584249724e-09,2.251066824e-10,1.101642302e-05,3.803900429e-09,1.126606969e-07,1.941424505e-06,1.357063816e-05,6.320304827e-05,3.41139616e-10,2.634477748e-11,1.398491694e-12,6.671299501e-14,9.5751875e-07,6.664646607e-12,6.581846106e-10,3.121905773e-08,4.082231499e-07,3.130827527e-06,1.709455185e-09,2.331418435e-10,2.277686578e-11,1.979111306e-12,3.350182092e-06,2.428766256e-10,1.340993296e-08,3.879108839e-07,3.787131906e-06,2.28502542e-05,2.048246933e-09,3.435691656e-10,4.128167186e-11,4.342000483e-12,5.318179687e-06,6.733569567e-10,3.29864153e-08,8.538865238e-07,7.745099196e-06,4.369816842e-05,1.995150694e-09,4.346370686e-10,6.78248829e-11,9.080475469e-12,8.525716379e-06,1.873945016e-09,7.892673798e-08,1.775636436e-06,1.452349826e-05,7.445059918e-05,3.0104128e-10,7.547702086e-11,1.300787713e-11,1.840105851e-12,7.583857376e-06,8.321066594e-10,4.356638556e-08,1.14633383e-06,9.990853711e-06,5.26016712e-05,4.934922861e-13,9.20357093e-14,1.009045979e-14,8.183383152e-16,1.594507568e-06,2.220874386e-12,4.310307979e-10,3.218397996e-08,4.94773538e-07,3.92201019e-06,9.659814316e-12,2.180363723e-12,2.893128437e-13,2.798324738e-14,5.661427451e-06,3.660380594e-11,4.969500057e-09,2.662758968e-07,3.319899062e-06,2.18807276e-05,2.04933117e-10,5.937618081e-11,1.01132553e-11,1.231742082e-12,2.299685471e-05,8.250641667e-10,7.315405977e-08,2.638995682e-06,2.533993517e-05,0.0001323110075,6.378930831e-13,1.186167761e-13,1.152639609e-14,7.532835776e-16,3.221493432e-06,1.088106635e-12,3.134872213e-10,2.96046573e-08,4.668784828e-07,3.509476811e-06
53,0.02259734059,0.01088990961,0.00470906425,0.001972811718,0.01410341291,0.004222287583,0.01184532609,0.02751767446,0.05037255215,0.07986042111,0.03202795672,0.01543464025,0.006674322499,0.002796137473,0.01525603107,0.004222290473,0.0118453218,0.02751763774,0.05037243802,0.07986022595,0.0004272422985,0.0001448711629,4.407913335e-05,1.334958756e-05,0.0005173220303,2.90508933e-05,0.0001313017187,0.0004749557322,0.001198669334,0.002504424721,0.0003014410135,0.0001022138412,3.110000619e-05,9.418786817e-06,0.0004782375025,2.905087342e-05,0.0001313017663,0.000474956366,0.00119867205,0.002504430842,0.01055267383,0.004013597449,0.001369772701,0.0004612233019,0.004440185441,0.0004716054473,0.001364312662,0.003261083658,0.005847413671,0.009082657201,0.01542409119,0.005866394246,0.002002102488,0.0006741388809,0.004836473427,0.0004716057986,0.001364312124,0.003261078923,0.005847399254,0.009082633046,0.0002206420004,5.985105291e-05,1.456796204e-05,3.590584959e-06,0.0001763147145,3.561887531e-06,1.629900584e-05,5.963898734e-05,0.0001453078126,0.0002936458152,0.0001509562564,4.094815712e-05,9.966920694e-06,2.456558281e-06,0.0001618679478,3.561884878e-06,1.629901227e-05,5.963907395e-05,0.0001453081709,0.0002936465961,2.265879081e-07,2.781492807e-08,2.584249527e-09,2.251066592e-10,1.101642237e-05,3.803900101e-09,1.126606887e-07,1.941424387e-06,1.357063746e-05,6.320304562e-05,3.411396067e-10,2.63447756e-11,1.398491533e-12,6.67129846e-14,9.57518672e-07,6.664645639e-12,6.581845255e-10,3.121905416e-08,4.08223107e-07,3.130827224e-06,1.709455225e-09,2.331418397e-10,2.277686452e-11,1.979111124e-12,3.350181907e-06,2.428766033e-10,1.340993183e-08,3.879108536e-07,3.787131622e-06,2.285025251e-05,2.048247094e-09,3.435691799e-10,4.128167204e-11,4.342000354e-12,5.318179543e-06,6.733569326e-10,3.298641413e-08,8.538864936e-07,7.745098913e-06,4.369816667e-05,1.995150989e-09,4.346371181e-10,6.782488831e-11,9.080475907e-12,8.525716452e-06,1.873945082e-09,7.892674007e-08,1.77563647e-06,1.452349843e-05,7.445059938e-05,3.010413488e-10,7.547703555e-11,1.300787922e-11,1.840106089e-12,7.583857714e-06,8.321067549e-10,4.356638976e-08,1.146333921e-06,9.990854374e-06,5.260167382e-05,4.934924819e-13,9.203574265e-14,1.009046311e-14,8.183385578e-16,1.594507739e-06,2.220875049e-12,4.310309096e-10,3.218398711e-08,4.947736363e-07,3.922010858e-06,9.659818845e-12,2.180364702e-12,2.893129681e-13,2.79832589e-14,5.661428357e-06,3.660382187e-11,4.969501961e-09,2.66275986e-07,3.319900077e-06,2.188073358e-05,2.049332231e-10,5.937621086e-11,1.01132603e-11,1.231742677e-12,2.299685919e-05,8.250646046e-10,7.315409434e-08,2.638996786e-06,2.5339945e-05,0.0001323110545,6.378935582e-13,1.186168664e-13,1.152640507e-14,7.53284176e-16,3.221494394e-06,1.088107566e-12,3.134874579e-10,2.960467688e-08,4.668787673e-07,3.509478764e-06
54,0.02259734049,0.01088990948,0.004709064159,0.001972811666,0.01410341266,0.00422228753,0.01184532601,0.02751767441,0.05037255231,0.07986042184,0.03202795657,0.01543464007,0.00667432237,0.0027961374,0.0152560308,0.00422229042,0.01184532172,0.02751763769,0.05037243819,0.07986022667,0.0004272422956,0.0001448711603,4.40791321e-05,1.334958705e-05,0.0005173220161,2.905089248e-05,0.0001313017157,0.000474955724,0.001198669319,0.002504424703,0.0003014410115,0.0001022138394,3.11000053e-05,9.418786455e-06,0.0004782374894,2.90508726e-05,0.0001313017633,0.0004749563578,0.001198672035,0.002504430824,0.01055267381,0.004013597426,0.001369772688,0.0004612232959,0.004440185413,0.0004716054515,0.001364312684,0.003261083732,0.005847413841,0.009082657545,0.01542409116,0.005866394211,0.002002102469,0.0006741388722,0.004836473396,0.0004716058028,0.001364312146,0.003261078996,0.005847399424,0.00908263339,0.0002206419995,5.985105223e-05,1.456796178e-05,3.59058487e-06,0.0001763147117,3.561887509e-06,1.629900585e-05,5.963898779e-05,0.0001453078146,0.0002936458217,0.0001509562557,4.094815665e-05,9.966920511e-06,2.45655822e-06,0.0001618679453,3.561884856e-06,1.629901228e-05,5.963907439e-05,0.0001453081729,0.0002936466027,2.26587904e-07,2.781492675e-08,2.584249328e-09,2.251066358e-10,1.101642173e-05,3.80389977e-09,1.126606804e-07,1.941424267e-06,1.357063675e-05,6.320304295e-05,3.411395974e-10,2.634477371e-11,1.39849137e-12,6.671297409e-14,9.575185931e-07,6.664644661e-12,6.581844396e-10,3.121905056e-08,4.082230636e-07,3.130826919e-06,1.709455265e-09,2.331418359e-10,2.277686325e-11,1.979110941e-12,3.35018172e-06,2.428765808e-10,1.340993068e-08,3.87910823e-07,3.787131335e-06,2.28502508e-05,2.048247256e-09,3.435691942e-10,4.128167223e-11,4.342000223e-12,5.318179398e-06,6.733569082e-10,3.298641294e-08,8.538864631e-07,7.745098627e-06,4.36981649e-05,1.995151288e-09,4.346371682e-10,6.782489378e-11,9.08047635e-12,8.525716525e-06,1.873945148e-09,7.892674218e-08,1.775636503e-06,1.452349861e-05,7.445059959e-05,3.010414183e-10,7.547705038e-11,1.300788133e-11,1.840106329e-12,7.583858055e-06,8.321068513e-10,4.3566394e-08,1.146334013e-06,9.990855043e-06,5.260167648e-05,4.934926795e-13,9.203577633e-14,1.009046645e-14,8.183388029e-16,1.594507912e-06,2.220875719e-12,4.310310223e-10,3.218399434e-08,4.947737355e-07,3.922011532e-06,9.659823417e-12,2.180365691e-12,2.893130936e-13,2.798327053e-14,5.661429271e-06,3.660383796e-11,4.969503884e-09,2.66276076e-07,3.319901102e-06,2.188073963e-05,2.049333303e-10,5.937624119e-11,1.011326535e-11,1.231743278e-12,2.299686371e-05,8.250650467e-10,7.315412924e-08,2.638997901e-06,2.533995493e-05,0.0001323111021,6.378940378e-13,1.186169576e-13,1.152641413e-14,7.532847801e-16,3.221495365e-06,1.088108505e-12,3.134876968e-10,2.960469666e-08,4.668790546e-07,3.509480736e-06
55,0.02259734038,0.01088990935,0.004709064067,0.001972811614,0.01410341241,0.004222287476,0.01184532593,0.02751767437,0.05037255248,0.07986042258,0.03202795642,0.01543463988,0.00667432224,0.002796137326,0.01525603053,0.004222290366,0.01184532164,0.02751763765,0.05037243835,0.07986022741,0.0004272422927,0.0001448711578,4.407913083e-05,1.334958653e-05,0.0005173220017,2.905089165e-05,0.0001313017127,0.0004749557158,0.001198669304,0.002504424685,0.0003014410094,0.0001022138376,3.110000441e-05,9.418786089e-06,0.0004782374761,2.905087176e-05,0.0001313017603,0.0004749563495,0.00119867202,0.002504430806,0.01055267378,0.004013597402,0.001369772675,0.0004612232899,0.004440185385,0.0004716054558,0.001364312706,0.003261083806,0.005847414012,0.009082657893,0.01542409112,0.005866394176,0.00200210245,0.0006741388634,0.004836473366,0.000471605807,0.001364312168,0.00326107907,0.005847399595,0.009082633738,0.0002206419985,5.985105154e-05,1.456796151e-05,3.59058478e-06,0.0001763147089,3.561887487e-06,1.629900587e-05,5.963898824e-05,0.0001453078166,0.0002936458283,0.000150956255,4.094815619e-05,9.966920327e-06,2.456558158e-06,0.0001618679427,3.561884834e-06,1.62990123e-05,5.963907484e-05,0.0001453081749,0.0002936466093,2.265878998e-07,2.781492541e-08,2.584249128e-09,2.251066122e-10,1.101642107e-05,3.803899436e-09,1.12660672e-07,1.941424146e-06,1.357063603e-05,6.320304025e-05,3.411395879e-10,2.63447718e-11,1.398491206e-12,6.671296349e-14,9.575185136e-07,6.664643674e-12,6.581843529e-10,3.121904692e-08,4.082230199e-07,3.13082661e-06,1.709455305e-09,2.331418321e-10,2.277686197e-11,1.979110757e-12,3.350181531e-06,2.428765581e-10,1.340992952e-08,3.879107921e-07,3.787131045e-06,2.285024908e-05,2.048247419e-09,3.435692087e-10,4.128167241e-11,4.342000091e-12,5.318179252e-06,6.733568836e-10,3.298641175e-08,8.538864324e-07,7.745098339e-06,4.369816312e-05,1.995151589e-09,4.346372186e-10,6.78248993e-11,9.080476796e-12,8.5257166e-06,1.873945215e-09,7.892674432e-08,1.775636537e-06,1.452349879e-05,7.44505998e-05,3.010414884e-10,7.547706534e-11,1.300788346e-11,1.840106572e-12,7.583858399e-06,8.321069487e-10,4.356639828e-08,1.146334105e-06,9.990855719e-06,5.260167915e-05,4.934928789e-13,9.203581031e-14,1.009046982e-14,8.183390501e-16,1.594508087e-06,2.220876395e-12,4.310311361e-10,3.218400163e-08,4.947738356e-07,3.922012213e-06,9.659828031e-12,2.180366689e-12,2.893132202e-13,2.798328226e-14,5.661430194e-06,3.66038542e-11,4.969505825e-09,2.662761669e-07,3.319902136e-06,2.188074572e-05,2.049334384e-10,5.937627181e-11,1.011327044e-11,1.231743884e-12,2.299686827e-05,8.250654928e-10,7.315416445e-08,2.638999026e-06,2.533996495e-05,0.00013231115,6.378945218e-13,1.186170497e-13,1.152642327e-14,7.532853897e-16,3.221496345e-06,1.088109453e-12,3.134879379e-10,2.960471661e-08,4.668793445e-07,3.509482725e-06
56,0.02259734028,0.01088990921,0.004709063975,0.001972811562,0.01410341215,0.004222287421,0.01184532584,0.02751767432,0.05037255265,0.07986042332,0.03202795628,0.0154346397,0.006674322109,0.002796137251,0.01525603026,0.004222290311,0.01184532155,0.0275176376,0.05037243852,0.07986022815,0.0004272422898,0.0001448711552,4.407912956e-05,1.334958601e-05,0.0005173219872,2.905089081e-05,0.0001313017097,0.0004749557074,0.001198669289,0.002504424667,0.0003014410074,0.0001022138358,3.110000351e-05,9.41878572e-06,0.0004782374627,2.905087093e-05,0.0001313017573,0.0004749563412,0.001198672004,0.002504430787,0.01055267376,0.004013597377,0.001369772662,0.0004612232838,0.004440185357,0.00047160546,0.001364312728,0.00326108388,0.005847414185,0.009082658244,0.01542409109,0.005866394141,0.00200210243,0.0006741388545,0.004836473335,0.0004716058113,0.00136431219,0.003261079145,0.005847399768,0.009082634089,0.0002206419975,5.985105086e-05,1.456796124e-05,3.590584689e-06,0.0001763147061,3.561887465e-06,1.629900588e-05,5.963898869e-05,0.0001453078186,0.000293645835,0.0001509562544,4.094815571e-05,9.966920141e-06,2.456558096e-06,0.0001618679401,3.561884812e-06,1.629901231e-05,5.96390753e-05,0.0001453081769,0.0002936466159,2.265878957e-07,2.781492407e-08,2.584248926e-09,2.251065884e-10,1.101642041e-05,3.803899099e-09,1.126606635e-07,1.941424025e-06,1.357063531e-05,6.320303753e-05,3.411395784e-10,2.634476987e-11,1.39849104e-12,6.671295279e-14,9.575184334e-07,6.664642679e-12,6.581842655e-10,3.121904325e-08,4.082229758e-07,3.130826299e-06,1.709455345e-09,2.331418282e-10,2.277686067e-11,1.979110571e-12,3.350181341e-06,2.428765351e-10,1.340992835e-08,3.879107609e-07,3.787130753e-06,2.285024734e-05,2.048247584e-09,3.435692233e-10,4.12816726e-11,4.341999959e-12,5.318179104e-06,6.733568588e-10,3.298641054e-08,8.538864013e-07,7.745098048e-06,4.369816132e-05,1.995151893e-09,4.346372696e-10,6.782490486e-11,9.080477247e-12,8.525716675e-06,1.873945282e-09,7.892674647e-08,1.775636571e-06,1.452349897e-05,7.445060001e-05,3.010415591e-10,7.547708044e-11,1.300788561e-11,1.840106816e-12,7.583858746e-06,8.321070468e-10,4.356640259e-08,1.146334199e-06,9.9908564e-06,5.260168185e-05,4.934930801e-13,9.203584459e-14,1.009047323e-14,8.183392995e-16,1.594508263e-06,2.220877076e-12,4.310312509e-10,3.218400898e-08,4.947739366e-07,3.922012899e-06,9.659832685e-12,2.180367696e-12,2.89313348e-13,2.79832941e-14,5.661431125e-06,3.660387057e-11,4.969507782e-09,2.662762585e-07,3.319903179e-06,2.188075187e-05,2.049335474e-10,5.937630268e-11,1.011327558e-11,1.231744496e-12,2.299687287e-05,8.250659429e-10,7.315419998e-08,2.639000161e-06,2.533997506e-05,0.0001323111984,6.3789501e-13,1.186171425e-13,1.15264325e-14,7.532860046e-16,3.221497333e-06,1.08811041e-12,3.134881811e-10,2.960473674e-08,4.668796369e-07,3.509484732e-06
57,0.02259734017,0.01088990908,0.004709063882,0.001972811509,0.0141034119,0.004222287366,0.01184532576,0.02751767428,0.05037255282,0.07986042406,0.03202795613,0.01543463951,0.006674321977,0.002796137177,0.01525602998,0.004222290256,0.01184532147,0.02751763756,0.05037243869,0.0798602289,0.0004272422869,0.0001448711526,4.407912827e-05,1.334958548e-05,0.0005173219726,2.905088996e-05,0.0001313017067,0.000474955699,0.001198669273,0.002504424648,0.0003014410053,0.000102213834,3.110000261e-05,9.418785349e-06,0.0004782374492,2.905087008e-05,0.0001313017542,0.0004749563328,0.001198671989,0.002504430769,0.01055267374,0.004013597353,0.001369772648,0.0004612232777,0.004440185328,0.0004716054644,0.00136431275,0.003261083956,0.00584741436,0.009082658598,0.01542409105,0.005866394105,0.00200210241,0.0006741388456,0.004836473304,0.0004716058156,0.001364312212,0.00326107922,0.005847399943,0.009082634443,0.0002206419965,5.985105016e-05,1.456796096e-05,3.590584598e-06,0.0001763147033,3.561887442e-06,1.62990059e-05,5.963898915e-05,0.0001453078207,0.0002936458417,0.0001509562537,4.094815524e-05,9.966919953e-06,2.456558034e-06,0.0001618679375,3.561884789e-06,1.629901233e-05,5.963907576e-05,0.000145308179,0.0002936466227,2.265878915e-07,2.781492272e-08,2.584248722e-09,2.251065644e-10,1.101641975e-05,3.803898759e-09,1.12660655e-07,1.941423902e-06,1.357063458e-05,6.320303479e-05,3.411395688e-10,2.634476793e-11,1.398490873e-12,6.671294201e-14,9.575183525e-07,6.664641676e-12,6.581841773e-10,3.121903955e-08,4.082229313e-07,3.130825985e-06,1.709455386e-09,2.331418243e-10,2.277685936e-11,1.979110383e-12,3.350181149e-06,2.42876512e-10,1.340992717e-08,3.879107294e-07,3.787130458e-06,2.285024559e-05,2.048247751e-09,3.43569238e-10,4.128167278e-11,4.341999825e-12,5.318178955e-06,6.733568338e-10,3.298640932e-08,8.5388637e-07,7.745097754e-06,4.36981595e-05,1.995152199e-09,4.346373209e-10,6.782491047e-11,9.080477701e-12,8.52571675e-06,1.87394535e-09,7.892674864e-08,1.775636606e-06,1.452349915e-05,7.445060023e-05,3.010416305e-10,7.547709566e-11,1.300788778e-11,1.840107063e-12,7.583859096e-06,8.321071458e-10,4.356640694e-08,1.146334293e-06,9.990857087e-06,5.260168458e-05,4.934932829e-13,9.203587915e-14,1.009047666e-14,8.18339551e-16,1.59450844e-06,2.220877764e-12,4.310313666e-10,3.21840164e-08,4.947740384e-07,3.922013592e-06,9.659837378e-12,2.180368711e-12,2.893134768e-13,2.798330604e-14,5.661432064e-06,3.660388709e-11,4.969509755e-09,2.662763509e-07,3.31990423e-06,2.188075807e-05,2.049336574e-10,5.937633382e-11,1.011328075e-11,1.231745113e-12,2.299687751e-05,8.250663966e-10,7.31542358e-08,2.639001305e-06,2.533998525e-05,0.0001323112472,6.378955022e-13,1.186172361e-13,1.15264418e-14,7.532866246e-16,3.221498329e-06,1.088111374e-12,3.134884263e-10,2.960475704e-08,4.668799318e-07,3.509486755e-06
58,0.02259734007,0.01088990895,0.004709063787,0.001972811455,0.01410341164,0.004222287311,0.01184532567,0.02751767423,0.05037255299,0.07986042482,0.03202795598,0.01543463932,0.006674321843,0.002796137101,0.01525602971,0.004222290201,0.01184532138,0.02751763751,0.05037243886,0.07986022965,0.0004272422839,0.0001448711499,4.407912697e-05,1.334958495e-05,0.0005173219579,2.905088911e-05,0.0001313017036,0.0004749556906,0.001198669257,0.00250442463,0.0003014410032,0.0001022138321,3.110000169e-05,9.418784974e-06,0.0004782374356,2.905086923e-05,0.0001313017512,0.0004749563243,0.001198671973,0.00250443075,0.01055267371,0.004013597329,0.001369772635,0.0004612232715,0.0044401853,0.0004716054687,0.001364312773,0.003261084032,0.005847414536,0.009082658954,0.01542409101,0.005866394069,0.002002102391,0.0006741388365,0.004836473273,0.0004716058199,0.001364312235,0.003261079296,0.005847400119,0.009082634799,0.0002206419956,5.985104946e-05,1.456796068e-05,3.590584506e-06,0.0001763147004,3.56188742e-06,1.629900592e-05,5.963898962e-05,0.0001453078228,0.0002936458485,0.000150956253,4.094815476e-05,9.966919764e-06,2.456557971e-06,0.0001618679349,3.561884767e-06,1.629901234e-05,5.963907622e-05,0.000145308181,0.0002936466294,2.265878872e-07,2.781492135e-08,2.584248517e-09,2.251065402e-10,1.101641908e-05,3.803898417e-09,1.126606464e-07,1.941423778e-06,1.357063385e-05,6.320303203e-05,3.411395592e-10,2.634476597e-11,1.398490705e-12,6.671293114e-14,9.57518271e-07,6.664640665e-12,6.581840884e-10,3.121903582e-08,4.082228865e-07,3.130825668e-06,1.709455428e-09,2.331418204e-10,2.277685805e-11,1.979110193e-12,3.350180956e-06,2.428764887e-10,1.340992599e-08,3.879106978e-07,3.787130161e-06,2.285024382e-05,2.048247918e-09,3.435692529e-10,4.128167297e-11,4.34199969e-12,5.318178804e-06,6.733568086e-10,3.29864081e-08,8.538863385e-07,7.745097459e-06,4.369815767e-05,1.995152508e-09,4.346373727e-10,6.782491613e-11,9.080478159e-12,8.525716826e-06,1.873945418e-09,7.892675082e-08,1.77563664e-06,1.452349934e-05,7.445060044e-05,3.010417023e-10,7.5477111e-11,1.300788996e-11,1.840107311e-12,7.583859449e-06,8.321072455e-10,4.356641132e-08,1.146334387e-06,9.99085778e-06,5.260168732e-05,4.934934873e-13,9.203591398e-14,1.009048011e-14,8.183398044e-16,1.594508619e-06,2.220878457e-12,4.310314832e-10,3.218402387e-08,4.94774141e-07,3.922014289e-06,9.659842107e-12,2.180369734e-12,2.893136066e-13,2.798331807e-14,5.66143301e-06,3.660390373e-11,4.969511744e-09,2.66276444e-07,3.31990529e-06,2.188076432e-05,2.049337682e-10,5.937636519e-11,1.011328597e-11,1.231745735e-12,2.299688218e-05,8.250668539e-10,7.31542719e-08,2.639002459e-06,2.533999552e-05,0.0001323112963,6.378959984e-13,1.186173305e-13,1.152645117e-14,7.532872495e-16,3.221499333e-06,1.088112346e-12,3.134886734e-10,2.960477749e-08,4.668802289e-07,3.509488795e-06
59,0.02259733996,0.01088990881,0.004709063693,0.001972811402,0.01410341138,0.004222287255,0.01184532559,0.02751767418,0.05037255316,0.07986042557,0.03202795582,0.01543463912,0.006674321709,0.002796137025,0.01525602943,0.004222290145,0.0118453213,0.02751763747,0.05037243904,0.07986023041,0.000427242281,0.0001448711473,4.407912567e-05,1.334958441e-05,0.000517321943,2.905088825e-05,0.0001313017005,0.0004749556821,0.001198669241,0.002504424611,0.0003014410011,0.0001022138302,3.110000077e-05,9.418784597e-06,0.0004782374219,2.905086837e-05,0.0001313017481,0.0004749563158,0.001198671957,0.002504430732,0.01055267369,0.004013597304,0.001369772621,0.0004612232653,0.004440185271,0.0004716054731,0.001364312796,0.003261084108,0.005847414713,0.009082659314,0.01542409098,0.005866394033,0.002002102371,0.0006741388274,0.004836473241,0.0004716058243,0.001364312258,0.003261079373,0.005847400296,0.009082635158,0.0002206419946,5.985104875e-05,1.456796041e-05,3.590584413e-06,0.0001763146975,3.561887397e-06,1.629900593e-05,5.963899008e-05,0.0001453078248,0.0002936458553,0.0001509562524,4.094815428e-05,9.966919574e-06,2.456557907e-06,0.0001618679322,3.561884744e-06,1.629901236e-05,5.963907668e-05,0.0001453081831,0.0002936466362,2.26587883e-07,2.781491998e-08,2.58424831e-09,2.251065158e-10,1.10164184e-05,3.803898072e-09,1.126606377e-07,1.941423654e-06,1.357063311e-05,6.320302924e-05,3.411395494e-10,2.634476399e-11,1.398490535e-12,6.671292019e-14,9.575181889e-07,6.664639646e-12,6.581839989e-10,3.121903206e-08,4.082228413e-07,3.13082535e-06,1.709455469e-09,2.331418164e-10,2.277685672e-11,1.979110003e-12,3.350180761e-06,2.428764652e-10,1.340992479e-08,3.879106658e-07,3.787129862e-06,2.285024204e-05,2.048248087e-09,3.435692678e-10,4.128167316e-11,4.341999554e-12,5.318178653e-06,6.733567832e-10,3.298640686e-08,8.538863067e-07,7.745097161e-06,4.369815583e-05,1.995152819e-09,4.346374248e-10,6.782492182e-11,9.08047862e-12,8.525716903e-06,1.873945487e-09,7.892675303e-08,1.775636675e-06,1.452349952e-05,7.445060066e-05,3.010417747e-10,7.547712645e-11,1.300789216e-11,1.840107561e-12,7.583859804e-06,8.32107346e-10,4.356641574e-08,1.146334483e-06,9.990858477e-06,5.260169009e-05,4.934936933e-13,9.203594908e-14,1.00904836e-14,8.183400597e-16,1.594508799e-06,2.220879154e-12,4.310316008e-10,3.21840314e-08,4.947742444e-07,3.922014992e-06,9.659846872e-12,2.180370764e-12,2.893137374e-13,2.798333019e-14,5.661433963e-06,3.66039205e-11,4.969513748e-09,2.662765378e-07,3.319906358e-06,2.188077062e-05,2.049338799e-10,5.937639681e-11,1.011329123e-11,1.231746361e-12,2.299688689e-05,8.250673146e-10,7.315430827e-08,2.639003621e-06,2.534000587e-05,0.0001323113458,6.378964982e-13,1.186174256e-13,1.152646061e-14,7.53287879e-16,3.221500345e-06,1.088113325e-12,3.134889224e-10,2.96047981e-08,4.668805283e-07,3.509490849e-06
60,0.02259733985,0.01088990867,0.004709063597,0.001972811347,0.01410341112,0.004222287199,0.0118453255,0.02751767414,0.05037255334,0.07986042634,0.03202795567,0.01543463893,0.006674321574,0.002796136948,0.01525602914,0.004222290089,0.01184532121,0.02751763742,0.05037243921,0.07986023117,0.000427242278,0.0001448711446,4.407912435e-05,1.334958388e-05,0.0005173219281,2.905088739e-05,0.0001313016974,0.0004749556735,0.001198669226,0.002504424592,0.000301440999,0.0001022138284,3.109999984e-05,9.418784217e-06,0.0004782374081,2.905086751e-05,0.000131301745,0.0004749563072,0.001198671941,0.002504430713,0.01055267366,0.004013597279,0.001369772607,0.000461223259,0.004440185242,0.0004716054775,0.001364312818,0.003261084185,0.005847414891,0.009082659675,0.01542409094,0.005866393997,0.002002102351,0.0006741388183,0.00483647321,0.0004716058287,0.00136431228,0.00326107945,0.005847400474,0.00908263552,0.0002206419936,5.985104804e-05,1.456796013e-05,3.59058432e-06,0.0001763146946,3.561887374e-06,1.629900595e-05,5.963899055e-05,0.0001453078269,0.0002936458622,0.0001509562517,4.094815379e-05,9.966919382e-06,2.456557843e-06,0.0001618679295,3.561884721e-06,1.629901237e-05,5.963907715e-05,0.0001453081852,0.0002936466431,2.265878787e-07,2.781491859e-08,2.584248101e-09,2.251064912e-10,1.101641772e-05,3.803897725e-09,1.12660629e-07,1.941423528e-06,1.357063236e-05,6.320302643e-05,3.411395396e-10,2.6344762e-11,1.398490364e-12,6.671290917e-14,9.575181062e-07,6.66463862e-12,6.581839088e-10,3.121902828e-08,4.082227958e-07,3.130825029e-06,1.709455511e-09,2.331418125e-10,2.277685538e-11,1.979109811e-12,3.350180565e-06,2.428764416e-10,1.340992359e-08,3.879106337e-07,3.78712956e-06,2.285024025e-05,2.048248257e-09,3.435692829e-10,4.128167335e-11,4.341999417e-12,5.3181785e-06,6.733567576e-10,3.298640562e-08,8.538862747e-07,7.745096861e-06,4.369815397e-05,1.995153132e-09,4.346374773e-10,6.782492756e-11,9.080479085e-12,8.525716981e-06,1.873945556e-09,7.892675525e-08,1.775636711e-06,1.452349971e-05,7.445060088e-05,3.010418476e-10,7.547714202e-11,1.300789437e-11,1.840107813e-12,7.583860162e-06,8.321074472e-10,4.356642019e-08,1.146334579e-06,9.990859179e-06,5.260169287e-05,4.934939007e-13,9.203598442e-14,1.009048711e-14,8.183403169e-16,1.594508981e-06,2.220879857e-12,4.310317191e-10,3.218403899e-08,4.947743485e-07,3.9220157e-06,9.65985167e-12,2.180371802e-12,2.893138691e-13,2.798334239e-14,5.661434923e-06,3.660393738e-11,4.969515766e-09,2.662766323e-07,3.319907433e-06,2.188077696e-05,2.049339923e-10,5.937642864e-11,1.011329653e-11,1.231746992e-12,2.299689164e-05,8.250677786e-10,7.315434489e-08,2.639004791e-06,2.534001629e-05,0.0001323113957,6.378970015e-13,1.186175213e-13,1.152647012e-14,7.53288513e-16,3.221501364e-06,1.088114311e-12,3.134891731e-10,2.960481885e-08,4.668808298e-07,3.509492919e-06
61,0.02259733974,0.01088990854,0.004709063501,0.001972811293,0.01410341086,0.004222287142,0.01184532541,0.02751767409,0.05037255351,0.07986042711,0.03202795552,0.01543463874,0.006674321438,0.002796136871,0.01525602886,0.004222290032,0.01184532112,0.02751763737,0.05037243938,0.07986023194,0.0004272422749,0.0001448711419,4.407912303e-05,1.334958333e-05,0.0005173219131,2.905088652e-05,0.0001313016943,0.0004749556648,0.00119866921,0.002504424573,0.0003014409969,0.0001022138265,3.109999891e-05,9.418783834e-06,0.0004782373942,2.905086664e-05,0.0001313017418,0.0004749562986,0.001198671925,0.002504430694,0.01055267364,0.004013597254,0.001369772593,0.0004612232527,0.004440185212,0.0004716054819,0.001364312841,0.003261084263,0.005847415071,0.00908266004,0.0154240909,0.00586639396,0.00200210233,0.000674138809,0.004836473178,0.0004716058332,0.001364312303,0.003261079527,0.005847400654,0.009082635884,0.0002206419926,5.985104733e-05,1.456795984e-05,3.590584226e-06,0.0001763146916,3.561887351e-06,1.629900596e-05,5.963899102e-05,0.000145307829,0.0002936458691,0.000150956251,4.09481533e-05,9.966919189e-06,2.456557779e-06,0.0001618679268,3.561884698e-06,1.629901239e-05,5.963907762e-05,0.0001453081873,0.00029364665,2.265878743e-07,2.78149172e-08,2.584247892e-09,2.251064665e-10,1.101641704e-05,3.803897375e-09,1.126606202e-07,1.941423402e-06,1.357063161e-05,6.320302361e-05,3.411395298e-10,2.634476e-11,1.398490192e-12,6.671289806e-14,9.575180229e-07,6.664637587e-12,6.58183818e-10,3.121902447e-08,4.0822275e-07,3.130824706e-06,1.709455553e-09,2.331418085e-10,2.277685404e-11,1.979109617e-12,3.350180368e-06,2.428764178e-10,1.340992237e-08,3.879106013e-07,3.787129257e-06,2.285023845e-05,2.048248429e-09,3.435692981e-10,4.128167355e-11,4.341999279e-12,5.318178347e-06,6.733567318e-10,3.298640436e-08,8.538862425e-07,7.745096559e-06,4.36981521e-05,1.995153448e-09,4.346375302e-10,6.782493333e-11,9.080479553e-12,8.525717058e-06,1.873945626e-09,7.892675748e-08,1.775636746e-06,1.45234999e-05,7.44506011e-05,3.01041921e-10,7.547715769e-11,1.30078966e-11,1.840108067e-12,7.583860522e-06,8.321075491e-10,4.356642466e-08,1.146334676e-06,9.990859887e-06,5.260169567e-05,4.934941095e-13,9.203602e-14,1.009049064e-14,8.183405757e-16,1.594509163e-06,2.220880565e-12,4.310318382e-10,3.218404662e-08,4.947744533e-07,3.922016412e-06,9.659856501e-12,2.180372847e-12,2.893140017e-13,2.798335468e-14,5.661435889e-06,3.660395438e-11,4.969517798e-09,2.662767274e-07,3.319908516e-06,2.188078334e-05,2.049341055e-10,5.937646069e-11,1.011330186e-11,1.231747627e-12,2.299689641e-05,8.250682457e-10,7.315438176e-08,2.639005969e-06,2.534002678e-05,0.0001323114459,6.378975082e-13,1.186176177e-13,1.15264797e-14,7.532891512e-16,3.22150239e-06,1.088115304e-12,3.134894255e-10,2.960483975e-08,4.668811333e-07,3.509495002e-06
62,0.02259733963,0.0108899084,0.004709063404,0.001972811238,0.0141034106,0.004222287085,0.01184532533,0.02751767404,0.05037255369,0.07986042788,0.03202795536,0.01543463854,0.006674321301,0.002796136793,0.01525602857,0.004222289975,0.01184532104,0.02751763732,0.05037243956,0.07986023271,0.0004272422719,0.0001448711392,4.40791217e-05,1.334958279e-05,0.0005173218979,2.905088564e-05,0.0001313016911,0.0004749556561,0.001198669193,0.002504424554,0.0003014409947,0.0001022138246,3.109999797e-05,9.418783449e-06,0.0004782373802,2.905086576e-05,0.0001313017387,0.0004749562899,0.001198671909,0.002504430675,0.01055267361,0.004013597229,0.001369772579,0.0004612232463,0.004440185183,0.0004716054864,0.001364312865,0.003261084341,0.005847415252,0.009082660406,0.01542409087,0.005866393923,0.00200210231,0.0006741387998,0.004836473146,0.0004716058376,0.001364312327,0.003261079605,0.005847400835,0.009082636251,0.0002206419916,5.985104661e-05,1.456795956e-05,3.590584131e-06,0.0001763146887,3.561887327e-06,1.629900598e-05,5.96389915e-05,0.0001453078312,0.000293645876,0.0001509562503,4.094815281e-05,9.966918995e-06,2.456557714e-06,0.0001618679241,3.561884674e-06,1.629901241e-05,5.96390781e-05,0.0001453081894,0.000293646657,2.2658787e-07,2.781491579e-08,2.584247681e-09,2.251064416e-10,1.101641635e-05,3.803897023e-09,1.126606113e-07,1.941423275e-06,1.357063086e-05,6.320302077e-05,3.411395198e-10,2.634475799e-11,1.398490019e-12,6.671288689e-14,9.575179391e-07,6.664636548e-12,6.581837267e-10,3.121902063e-08,4.08222704e-07,3.13082438e-06,1.709455596e-09,2.331418044e-10,2.277685269e-11,1.979109423e-12,3.350180169e-06,2.428763938e-10,1.340992115e-08,3.879105688e-07,3.787128952e-06,2.285023663e-05,2.048248601e-09,3.435693133e-10,4.128167374e-11,4.34199914e-12,5.318178192e-06,6.733567059e-10,3.29864031e-08,8.538862101e-07,7.745096255e-06,4.369815022e-05,1.995153765e-09,4.346375833e-10,6.782493915e-11,9.080480023e-12,8.525717137e-06,1.873945696e-09,7.892675973e-08,1.775636782e-06,1.452350009e-05,7.445060132e-05,3.010419949e-10,7.547717345e-11,1.300789884e-11,1.840108322e-12,7.583860885e-06,8.321076516e-10,4.356642917e-08,1.146334774e-06,9.990860598e-06,5.260169849e-05,4.934943196e-13,9.20360558e-14,1.009049419e-14,8.183408362e-16,1.594509347e-06,2.220881277e-12,4.310319581e-10,3.21840543e-08,4.947745587e-07,3.92201713e-06,9.659861362e-12,2.180373898e-12,2.893141352e-13,2.798336704e-14,5.661436862e-06,3.660397148e-11,4.969519842e-09,2.662768232e-07,3.319909605e-06,2.188078976e-05,2.049342194e-10,5.937649294e-11,1.011330723e-11,1.231748266e-12,2.299690122e-05,8.250687157e-10,7.315441887e-08,2.639007154e-06,2.534003733e-05,0.0001323114965,6.378980182e-13,1.186177146e-13,1.152648933e-14,7.532897935e-16,3.221503422e-06,1.088116303e-12,3.134896795e-10,2.960486077e-08,4.668814388e-07,3.509497098e-06
63,0.02259733952,0.01088990826,0.004709063307,0.001972811183,0.01410341033,0.004222287028,0.01184532524,0.02751767399,0.05037255386,0.07986042866,0.03202795521,0.01543463834,0.006674321163,0.002796136715,0.01525602829,0.004222289918,0.01184532095,0.02751763728,0.05037243974,0.07986023349,0.0004272422688,0.0001448711365,4.407912036e-05,1.334958224e-05,0.0005173218827,2.905088476e-05,0.0001313016879,0.0004749556474,0.001198669177,0.002504424535,0.0003014409926,0.0001022138226,3.109999702e-05,9.418783061e-06,0.0004782373661,2.905086488e-05,0.0001313017355,0.0004749562811,0.001198671893,0.002504430655,0.01055267359,0.004013597203,0.001369772565,0.00046122324,0.004440185153,0.0004716054908,0.001364312888,0.003261084419,0.005847415433,0.009082660775,0.01542409083,0.005866393886,0.002002102289,0.0006741387904,0.004836473113,0.0004716058421,0.00136431235,0.003261079684,0.005847401016,0.009082636619,0.0002206419905,5.985104588e-05,1.456795927e-05,3.590584036e-06,0.0001763146857,3.561887304e-06,1.629900599e-05,5.963899197e-05,0.0001453078333,0.000293645883,0.0001509562496,4.094815231e-05,9.9669188e-06,2.456557649e-06,0.0001618679214,3.561884651e-06,1.629901242e-05,5.963907858e-05,0.0001453081916,0.000293646664,2.265878656e-07,2.781491438e-08,2.584247468e-09,2.251064166e-10,1.101641565e-05,3.803896669e-09,1.126606024e-07,1.941423147e-06,1.35706301e-05,6.320301791e-05,3.411395098e-10,2.634475596e-11,1.398489845e-12,6.671287566e-14,9.575178549e-07,6.664635502e-12,6.581836348e-10,3.121901678e-08,4.082226576e-07,3.130824053e-06,1.709455638e-09,2.331418004e-10,2.277685132e-11,1.979109227e-12,3.350179969e-06,2.428763697e-10,1.340991992e-08,3.87910536e-07,3.787128644e-06,2.285023481e-05,2.048248774e-09,3.435693287e-10,4.128167393e-11,4.341999e-12,5.318178037e-06,6.733566798e-10,3.298640183e-08,8.538861774e-07,7.745095949e-06,4.369814833e-05,1.995154084e-09,4.346376368e-10,6.782494499e-11,9.080480497e-12,8.525717216e-06,1.873945767e-09,7.892676199e-08,1.775636818e-06,1.452350028e-05,7.445060154e-05,3.010420692e-10,7.547718931e-11,1.30079011e-11,1.840108579e-12,7.58386125e-06,8.321077548e-10,4.35664337e-08,1.146334872e-06,9.990861314e-06,5.260170133e-05,4.93494531e-13,9.203609181e-14,1.009049777e-14,8.183410983e-16,1.594509532e-06,2.220881993e-12,4.310320787e-10,3.218406203e-08,4.947746648e-07,3.922017851e-06,9.659866252e-12,2.180374956e-12,2.893142694e-13,2.798337948e-14,5.66143784e-06,3.660398869e-11,4.969521899e-09,2.662769194e-07,3.319910701e-06,2.188079622e-05,2.04934334e-10,5.937652538e-11,1.011331262e-11,1.231748909e-12,2.299690605e-05,8.250691885e-10,7.315445619e-08,2.639008347e-06,2.534004795e-05,0.0001323115473,6.378985311e-13,1.186178122e-13,1.152649902e-14,7.532904396e-16,3.22150446e-06,1.088117308e-12,3.134899351e-10,2.960488192e-08,4.66881746e-07,3.509499206e-06
64,0.02259733941,0.01088990812,0.004709063209,0.001972811128,0.01410341006,0.00422228697,0.01184532515,0.02751767395,0.05037255404,0.07986042944,0.03202795505,0.01543463815,0.006674321024,0.002796136637,0.015256028,0.00422228986,0.01184532086,0.02751763723,0.05037243991,0.07986023427,0.0004272422658,0.0001448711338,4.407911901e-05,1.334958169e-05,0.0005173218674,2.905088388e-05,0.0001313016847,0.0004749556386,0.001198669161,0.002504424515,0.0003014409904,0.0001022138207,3.109999607e-05,9.418782672e-06,0.0004782373519,2.9050864e-05,0.0001313017323,0.0004749562723,0.001198671877,0.002504430636,0.01055267356,0.004013597178,0.001369772551,0.0004612232335,0.004440185123,0.0004716054954,0.001364312911,0.003261084498,0.005847415616,0.009082661145,0.01542409079,0.005866393849,0.002002102269,0.000674138781,0.004836473081,0.0004716058466,0.001364312373,0.003261079762,0.005847401199,0.00908263699,0.0002206419895,5.985104515e-05,1.456795899e-05,3.59058394e-06,0.0001763146827,3.56188728e-06,1.629900601e-05,5.963899245e-05,0.0001453078355,0.0002936458901,0.0001509562489,4.094815181e-05,9.966918603e-06,2.456557584e-06,0.0001618679187,3.561884627e-06,1.629901244e-05,5.963907906e-05,0.0001453081937,0.000293646671,2.265878612e-07,2.781491296e-08,2.584247255e-09,2.251063914e-10,1.101641496e-05,3.803896314e-09,1.126605935e-07,1.941423019e-06,1.357062934e-05,6.320301504e-05,3.411394998e-10,2.634475393e-11,1.39848967e-12,6.671286436e-14,9.575177701e-07,6.664634451e-12,6.581835424e-10,3.12190129e-08,4.08222611e-07,3.130823724e-06,1.709455681e-09,2.331417963e-10,2.277684996e-11,1.97910903e-12,3.350179768e-06,2.428763455e-10,1.340991869e-08,3.879105031e-07,3.787128336e-06,2.285023297e-05,2.048248948e-09,3.435693441e-10,4.128167413e-11,4.34199886e-12,5.318177881e-06,6.733566536e-10,3.298640056e-08,8.538861446e-07,7.745095642e-06,4.369814643e-05,1.995154405e-09,4.346376907e-10,6.782495087e-11,9.080480973e-12,8.525717295e-06,1.873945838e-09,7.892676426e-08,1.775636854e-06,1.452350047e-05,7.445060177e-05,3.010421439e-10,7.547720526e-11,1.300790337e-11,1.840108838e-12,7.583861617e-06,8.321078585e-10,4.356643826e-08,1.14633497e-06,9.990862034e-06,5.260170419e-05,4.934947435e-13,9.203612803e-14,1.009050136e-14,8.183413618e-16,1.594509718e-06,2.220882713e-12,4.310322e-10,3.21840698e-08,4.947747715e-07,3.922018576e-06,9.659871169e-12,2.18037602e-12,2.893144044e-13,2.798339199e-14,5.661438823e-06,3.6604006e-11,4.969523967e-09,2.662770163e-07,3.319911803e-06,2.188080272e-05,2.049344492e-10,5.937655801e-11,1.011331805e-11,1.231749555e-12,2.299691092e-05,8.25069664e-10,7.315449373e-08,2.639009546e-06,2.534005863e-05,0.0001323115984,6.378990469e-13,1.186179103e-13,1.152650877e-14,7.532910893e-16,3.221505504e-06,1.088118318e-12,3.13490192e-10,2.960490319e-08,4.66882055e-07,3.509501327e-06
65,0.0225973393,0.01088990798,0.004709063111,0.001972811072,0.01410340979,0.004222286913,0.01184532506,0.0275176739,0.05037255422,0.07986043023,0.03202795489,0.01543463795,0.006674320885,0.002796136558,0.01525602771,0.004222289802,0.01184532077,0.02751763718,0.05037244009,0.07986023506,0.0004272422627,0.000144871131,4.407911766e-05,1.334958113e-05,0.000517321852,2.905088299e-05,0.0001313016815,0.0004749556297,0.001198669144,0.002504424496,0.0003014409882,0.0001022138188,3.109999512e-05,9.41878228e-06,0.0004782373377,2.905086311e-05,0.0001313017291,0.0004749562635,0.00119867186,0.002504430616,0.01055267353,0.004013597152,0.001369772537,0.0004612232271,0.004440185093,0.0004716054999,0.001364312935,0.003261084577,0.0058474158,0.009082661518,0.01542409076,0.005866393811,0.002002102248,0.0006741387716,0.004836473048,0.0004716058511,0.001364312397,0.003261079842,0.005847401383,0.009082637363,0.0002206419885,5.985104442e-05,1.45679587e-05,3.590583844e-06,0.0001763146797,3.561887256e-06,1.629900603e-05,5.963899294e-05,0.0001453078376,0.0002936458972,0.0001509562482,4.094815131e-05,9.966918406e-06,2.456557518e-06,0.0001618679159,3.561884604e-06,1.629901245e-05,5.963907954e-05,0.0001453081959,0.0002936466781,2.265878568e-07,2.781491153e-08,2.58424704e-09,2.251063661e-10,1.101641426e-05,3.803895956e-09,1.126605845e-07,1.941422889e-06,1.357062857e-05,6.320301215e-05,3.411394897e-10,2.634475188e-11,1.398489494e-12,6.6712853e-14,9.575176849e-07,6.664633394e-12,6.581834495e-10,3.1219009e-08,4.082225642e-07,3.130823394e-06,1.709455724e-09,2.331417922e-10,2.277684858e-11,1.979108833e-12,3.350179566e-06,2.428763211e-10,1.340991745e-08,3.879104699e-07,3.787128025e-06,2.285023112e-05,2.048249124e-09,3.435693596e-10,4.128167433e-11,4.341998719e-12,5.318177724e-06,6.733566273e-10,3.298639928e-08,8.538861117e-07,7.745095333e-06,4.369814452e-05,1.995154728e-09,4.346377447e-10,6.782495678e-11,9.080481451e-12,8.525717374e-06,1.873945909e-09,7.892676655e-08,1.77563689e-06,1.452350066e-05,7.445060199e-05,3.01042219e-10,7.54772213e-11,1.300790565e-11,1.840109097e-12,7.583861985e-06,8.321079627e-10,4.356644284e-08,1.146335069e-06,9.990862758e-06,5.260170705e-05,4.934949571e-13,9.203616444e-14,1.009050498e-14,8.183416267e-16,1.594509905e-06,2.220883437e-12,4.310323219e-10,3.218407761e-08,4.947748787e-07,3.922019305e-06,9.659876112e-12,2.180377089e-12,2.893145401e-13,2.798340456e-14,5.661439812e-06,3.660402339e-11,4.969526046e-09,2.662771136e-07,3.31991291e-06,2.188080925e-05,2.049345651e-10,5.93765908e-11,1.01133235e-11,1.231750205e-12,2.29969158e-05,8.25070142e-10,7.315453146e-08,2.639010751e-06,2.534006936e-05,0.0001323116498,6.378995654e-13,1.186180089e-13,1.152651856e-14,7.532917424e-16,3.221506554e-06,1.088119334e-12,3.134904503e-10,2.960492456e-08,4.668823656e-07,3.509503458e-06
66,0.02259733919,0.01088990784,0.004709063012,0.001972811016,0.01410340952,0.004222286854,0.01184532497,0.02751767385,0.0503725544,0.07986043102,0.03202795473,0.01543463775,0.006674320745,0.002796136478,0.01525602742,0.004222289744,0.01184532068,0.02751763713,0.05037244027,0.07986023585,0.0004272422596,0.0001448711283,4.40791163e-05,1.334958057e-05,0.0005173218366,2.905088209e-05,0.0001313016783,0.0004749556208,0.001198669128,0.002504424476,0.0003014409861,0.0001022138168,3.109999416e-05,9.418781887e-06,0.0004782373234,2.905086221e-05,0.0001313017259,0.0004749562546,0.001198671844,0.002504430597,0.01055267351,0.004013597126,0.001369772523,0.0004612232206,0.004440185063,0.0004716055045,0.001364312958,0.003261084657,0.005847415985,0.009082661892,0.01542409072,0.005866393774,0.002002102227,0.0006741387621,0.004836473015,0.0004716058557,0.00136431242,0.003261079922,0.005847401568,0.009082637737,0.0002206419875,5.985104368e-05,1.456795841e-05,3.590583747e-06,0.0001763146767,3.561887233e-06,1.629900604e-05,5.963899342e-05,0.0001453078398,0.0002936459043,0.0001509562475,4.094815081e-05,9.966918207e-06,2.456557452e-06,0.0001618679131,3.56188458e-06,1.629901247e-05,5.963908002e-05,0.000145308198,0.0002936466852,2.265878523e-07,2.78149101e-08,2.584246824e-09,2.251063407e-10,1.101641355e-05,3.803895596e-09,1.126605755e-07,1.941422759e-06,1.35706278e-05,6.320300924e-05,3.411394795e-10,2.634474982e-11,1.398489317e-12,6.671284158e-14,9.575175993e-07,6.664632332e-12,6.581833562e-10,3.121900508e-08,4.082225171e-07,3.130823062e-06,1.709455768e-09,2.33141788e-10,2.27768472e-11,1.979108634e-12,3.350179363e-06,2.428762967e-10,1.34099162e-08,3.879104367e-07,3.787127713e-06,2.285022927e-05,2.0482493e-09,3.435693752e-10,4.128167453e-11,4.341998577e-12,5.318177566e-06,6.733566008e-10,3.298639799e-08,8.538860786e-07,7.745095022e-06,4.36981426e-05,1.995155052e-09,4.346377991e-10,6.782496272e-11,9.080481932e-12,8.525717455e-06,1.873945981e-09,7.892676884e-08,1.775636927e-06,1.452350086e-05,7.445060222e-05,3.010422945e-10,7.547723741e-11,1.300790794e-11,1.840109358e-12,7.583862356e-06,8.321080675e-10,4.356644744e-08,1.146335169e-06,9.990863485e-06,5.260170994e-05,4.934951718e-13,9.203620102e-14,1.009050861e-14,8.183418928e-16,1.594510093e-06,2.220884165e-12,4.310324444e-10,3.218408546e-08,4.947749865e-07,3.922020038e-06,9.659881079e-12,2.180378163e-12,2.893146764e-13,2.798341719e-14,5.661440806e-06,3.660404087e-11,4.969528135e-09,2.662772114e-07,3.319914023e-06,2.188081581e-05,2.049346814e-10,5.937662376e-11,1.011332899e-11,1.231750858e-12,2.299692071e-05,8.250706222e-10,7.315456937e-08,2.639011962e-06,2.534008015e-05,0.0001323117014,6.379000865e-13,1.18618108e-13,1.152652841e-14,7.532923986e-16,3.221507608e-06,1.088120354e-12,3.134907098e-10,2.960494605e-08,4.668826776e-07,3.5095056e-06
67,0.02259733908,0.0108899077,0.004709062913,0.00197281096,0.01410340925,0.004222286796,0.01184532488,0.0275176738,0.05037255458,0.07986043181,0.03202795458,0.01543463755,0.006674320604,0.002796136398,0.01525602712,0.004222289686,0.01184532059,0.02751763708,0.05037244045,0.07986023664,0.0004272422565,0.0001448711255,4.407911493e-05,1.334958001e-05,0.000517321821,2.905088119e-05,0.0001313016751,0.0004749556119,0.001198669111,0.002504424457,0.0003014409839,0.0001022138149,3.109999319e-05,9.418781492e-06,0.0004782373091,2.905086131e-05,0.0001313017227,0.0004749562456,0.001198671827,0.002504430577,0.01055267348,0.0040135971,0.001369772509,0.0004612232141,0.004440185033,0.000471605509,0.001364312982,0.003261084737,0.00584741617,0.009082662269,0.01542409068,0.005866393736,0.002002102206,0.0006741387526,0.004836472982,0.0004716058603,0.001364312444,0.003261080002,0.005847401753,0.009082638113,0.0002206419864,5.985104294e-05,1.456795812e-05,3.59058365e-06,0.0001763146737,3.561887209e-06,1.629900606e-05,5.963899391e-05,0.000145307842,0.0002936459114,0.0001509562468,4.09481503e-05,9.966918008e-06,2.456557385e-06,0.0001618679103,3.561884556e-06,1.629901249e-05,5.963908051e-05,0.0001453082002,0.0002936466924,2.265878478e-07,2.781490866e-08,2.584246608e-09,2.251063152e-10,1.101641285e-05,3.803895235e-09,1.126605664e-07,1.941422629e-06,1.357062703e-05,6.320300633e-05,3.411394693e-10,2.634474775e-11,1.39848914e-12,6.671283012e-14,9.575175133e-07,6.664631265e-12,6.581832625e-10,3.121900115e-08,4.082224698e-07,3.130822728e-06,1.709455811e-09,2.331417839e-10,2.277684581e-11,1.979108434e-12,3.350179159e-06,2.428762721e-10,1.340991495e-08,3.879104032e-07,3.7871274e-06,2.285022741e-05,2.048249477e-09,3.435693909e-10,4.128167472e-11,4.341998434e-12,5.318177407e-06,6.733565742e-10,3.29863967e-08,8.538860453e-07,7.74509471e-06,4.369814067e-05,1.995155378e-09,4.346378537e-10,6.782496868e-11,9.080482415e-12,8.525717535e-06,1.873946053e-09,7.892677115e-08,1.775636964e-06,1.452350105e-05,7.445060244e-05,3.010423703e-10,7.547725359e-11,1.300791024e-11,1.84010962e-12,7.583862728e-06,8.321081727e-10,4.356645207e-08,1.146335269e-06,9.990864215e-06,5.260171283e-05,4.934953875e-13,9.203623777e-14,1.009051226e-14,8.183421602e-16,1.594510282e-06,2.220884896e-12,4.310325674e-10,3.218409335e-08,4.947750948e-07,3.922020774e-06,9.659886069e-12,2.180379242e-12,2.893148134e-13,2.798342988e-14,5.661441804e-06,3.660405842e-11,4.969530233e-09,2.662773096e-07,3.319915142e-06,2.188082241e-05,2.049347984e-10,5.937665686e-11,1.011333449e-11,1.231751514e-12,2.299692564e-05,8.250711047e-10,7.315460745e-08,2.639013179e-06,2.534009099e-05,0.0001323117533,6.379006099e-13,1.186182075e-13,1.15265383e-14,7.532930579e-16,3.221508668e-06,1.08812138e-12,3.134909705e-10,2.960496763e-08,4.668829911e-07,3.509507751e-06
68,0.02259733897,0.01088990756,0.004709062813,0.001972810903,0.01410340898,0.004222286737,0.01184532479,0.02751767375,0.05037255476,0.07986043261,0.03202795442,0.01543463734,0.006674320463,0.002796136318,0.01525602683,0.004222289627,0.0118453205,0.02751763703,0.05037244064,0.07986023744,0.0004272422533,0.0001448711227,4.407911356e-05,1.334957945e-05,0.0005173218054,2.905088029e-05,0.0001313016718,0.0004749556029,0.001198669095,0.002504424437,0.0003014409816,0.0001022138129,3.109999222e-05,9.418781095e-06,0.0004782372947,2.905086041e-05,0.0001313017194,0.0004749562367,0.001198671811,0.002504430558,0.01055267346,0.004013597074,0.001369772494,0.0004612232075,0.004440185003,0.0004716055136,0.001364313006,0.003261084817,0.005847416356,0.009082662646,0.01542409064,0.005866393698,0.002002102185,0.000674138743,0.004836472949,0.0004716058649,0.001364312468,0.003261080082,0.005847401939,0.009082638491,0.0002206419854,5.98510422e-05,1.456795782e-05,3.590583552e-06,0.0001763146706,3.561887185e-06,1.629900608e-05,5.96389944e-05,0.0001453078442,0.0002936459186,0.0001509562461,4.094814979e-05,9.966917808e-06,2.456557318e-06,0.0001618679075,3.561884532e-06,1.62990125e-05,5.9639081e-05,0.0001453082024,0.0002936466995,2.265878433e-07,2.781490721e-08,2.58424639e-09,2.251062895e-10,1.101641214e-05,3.803894872e-09,1.126605573e-07,1.941422498e-06,1.357062625e-05,6.32030034e-05,3.411394591e-10,2.634474568e-11,1.398488961e-12,6.671281861e-14,9.575174269e-07,6.664630194e-12,6.581831683e-10,3.12189972e-08,4.082224223e-07,3.130822393e-06,1.709455855e-09,2.331417797e-10,2.277684441e-11,1.979108234e-12,3.350178954e-06,2.428762474e-10,1.340991369e-08,3.879103697e-07,3.787127085e-06,2.285022554e-05,2.048249654e-09,3.435694066e-10,4.128167492e-11,4.341998291e-12,5.318177248e-06,6.733565475e-10,3.29863954e-08,8.538860119e-07,7.745094397e-06,4.369813873e-05,1.995155705e-09,4.346379085e-10,6.782497468e-11,9.0804829e-12,8.525717616e-06,1.873946125e-09,7.892677346e-08,1.775637e-06,1.452350125e-05,7.445060267e-05,3.010424465e-10,7.547726984e-11,1.300791255e-11,1.840109883e-12,7.583863102e-06,8.321082784e-10,4.356645671e-08,1.146335369e-06,9.990864949e-06,5.260171574e-05,4.934956041e-13,9.203627467e-14,1.009051592e-14,8.183424287e-16,1.594510471e-06,2.22088563e-12,4.31032691e-10,3.218410126e-08,4.947752035e-07,3.922021513e-06,9.659891079e-12,2.180380326e-12,2.893149509e-13,2.798344263e-14,5.661442806e-06,3.660407605e-11,4.96953234e-09,2.662774083e-07,3.319916264e-06,2.188082903e-05,2.049349158e-10,5.93766901e-11,1.011334002e-11,1.231752173e-12,2.29969306e-05,8.250715892e-10,7.31546457e-08,2.639014401e-06,2.534010187e-05,0.0001323118053,6.379011354e-13,1.186183075e-13,1.152654823e-14,7.532937199e-16,3.221509731e-06,1.088122409e-12,3.134912323e-10,2.960498929e-08,4.668833059e-07,3.509509912e-06
69,0.02259733885,0.01088990741,0.004709062713,0.001972810846,0.01410340871,0.004222286678,0.0118453247,0.0275176737,0.05037255494,0.07986043341,0.03202795426,0.01543463714,0.006674320321,0.002796136238,0.01525602653,0.004222289568,0.01184532041,0.02751763698,0.05037244082,0.07986023824,0.0004272422502,0.0001448711199,4.407911218e-05,1.334957889e-05,0.0005173217898,2.905087939e-05,0.0001313016686,0.0004749555939,0.001198669078,0.002504424417,0.0003014409794,0.0001022138109,3.109999125e-05,9.418780696e-06,0.0004782372802,2.90508595e-05,0.0001313017162,0.0004749562277,0.001198671794,0.002504430538,0.01055267343,0.004013597048,0.00136977248,0.000461223201,0.004440184972,0.0004716055182,0.00136431303,0.003261084898,0.005847416543,0.009082663026,0.0154240906,0.00586639366,0.002002102164,0.0006741387334,0.004836472916,0.0004716058695,0.001364312492,0.003261080163,0.005847402126,0.00908263887,0.0002206419843,5.985104146e-05,1.456795753e-05,3.590583454e-06,0.0001763146676,3.56188716e-06,1.629900609e-05,5.963899489e-05,0.0001453078464,0.0002936459258,0.0001509562453,4.094814928e-05,9.966917607e-06,2.456557251e-06,0.0001618679047,3.561884508e-06,1.629901252e-05,5.963908149e-05,0.0001453082046,0.0002936467067,2.265878388e-07,2.781490576e-08,2.584246172e-09,2.251062638e-10,1.101641142e-05,3.803894508e-09,1.126605481e-07,1.941422366e-06,1.357062547e-05,6.320300046e-05,3.411394488e-10,2.634474359e-11,1.398488782e-12,6.671280705e-14,9.575173403e-07,6.664629118e-12,6.581830738e-10,3.121899323e-08,4.082223746e-07,3.130822056e-06,1.709455899e-09,2.331417756e-10,2.277684301e-11,1.979108032e-12,3.350178749e-06,2.428762226e-10,1.340991243e-08,3.87910336e-07,3.787126769e-06,2.285022366e-05,2.048249833e-09,3.435694224e-10,4.128167513e-11,4.341998148e-12,5.318177088e-06,6.733565207e-10,3.298639409e-08,8.538859783e-07,7.745094083e-06,4.369813678e-05,1.995156033e-09,4.346379635e-10,6.782498069e-11,9.080483387e-12,8.525717697e-06,1.873946198e-09,7.892677579e-08,1.775637037e-06,1.452350144e-05,7.44506029e-05,3.010425229e-10,7.547728615e-11,1.300791487e-11,1.840110147e-12,7.583863477e-06,8.321083845e-10,4.356646137e-08,1.14633547e-06,9.990865685e-06,5.260171866e-05,4.934958215e-13,9.203631171e-14,1.00905196e-14,8.183426982e-16,1.594510662e-06,2.220886366e-12,4.31032815e-10,3.218410921e-08,4.947753126e-07,3.922022255e-06,9.659896108e-12,2.180381414e-12,2.89315089e-13,2.798345542e-14,5.661443812e-06,3.660409375e-11,4.969534455e-09,2.662775073e-07,3.319917392e-06,2.188083567e-05,2.049350336e-10,5.937672347e-11,1.011334557e-11,1.231752834e-12,2.299693557e-05,8.250720755e-10,7.315468409e-08,2.639015627e-06,2.534011279e-05,0.0001323118576,6.37901663e-13,1.186184079e-13,1.152655819e-14,7.532943844e-16,3.221510799e-06,1.088123443e-12,3.134914951e-10,2.960501105e-08,4.66883622e-07,3.509512081e-06
70,0.02259733874,0.01088990727,0.004709062613,0.00197281079,0.01410340843,0.004222286619,0.01184532461,0.02751767365,0.05037255513,0.07986043421,0.0320279541,0.01543463694,0.006674320179,0.002796136157,0.01525602623,0.004222289509,0.01184532032,0.02751763694,0.050372441,0.07986023904,0.000427242247,0.0001448711171,4.407911079e-05,1.334957832e-05,0.0005173217741,2.905087848e-05,0.0001313016653,0.0004749555849,0.001198669061,0.002504424398,0.0003014409772,0.0001022138089,3.109999027e-05,9.418780296e-06,0.0004782372657,2.90508586e-05,0.0001313017129,0.0004749562186,0.001198671777,0.002504430518,0.0105526734,0.004013597022,0.001369772465,0.0004612231944,0.004440184941,0.0004716055229,0.001364313054,0.003261084979,0.005847416731,0.009082663406,0.01542409057,0.005866393621,0.002002102143,0.0006741387238,0.004836472883,0.0004716058741,0.001364312516,0.003261080244,0.005847402314,0.009082639251,0.0002206419833,5.985104071e-05,1.456795724e-05,3.590583356e-06,0.0001763146645,3.561887136e-06,1.629900611e-05,5.963899538e-05,0.0001453078486,0.000293645933,0.0001509562446,4.094814877e-05,9.966917405e-06,2.456557184e-06,0.0001618679019,3.561884483e-06,1.629901254e-05,5.963908198e-05,0.0001453082068,0.0002936467139,2.265878343e-07,2.78149043e-08,2.584245953e-09,2.25106238e-10,1.101641071e-05,3.803894143e-09,1.12660539e-07,1.941422235e-06,1.357062468e-05,6.320299751e-05,3.411394385e-10,2.63447415e-11,1.398488602e-12,6.671279545e-14,9.575172533e-07,6.664628039e-12,6.58182979e-10,3.121898925e-08,4.082223268e-07,3.130821719e-06,1.709455943e-09,2.331417714e-10,2.277684161e-11,1.97910783e-12,3.350178542e-06,2.428761978e-10,1.340991116e-08,3.879103022e-07,3.787126452e-06,2.285022177e-05,2.048250011e-09,3.435694382e-10,4.128167533e-11,4.341998004e-12,5.318176928e-06,6.733564938e-10,3.298639278e-08,8.538859447e-07,7.745093767e-06,4.369813483e-05,1.995156363e-09,4.346380188e-10,6.782498672e-11,9.080483876e-12,8.525717778e-06,1.873946271e-09,7.892677812e-08,1.775637074e-06,1.452350164e-05,7.445060313e-05,3.010425996e-10,7.547730252e-11,1.30079172e-11,1.840110413e-12,7.583863853e-06,8.321084909e-10,4.356646605e-08,1.146335572e-06,9.990866424e-06,5.260172159e-05,4.934960396e-13,9.203634889e-14,1.009052329e-14,8.183429687e-16,1.594510853e-06,2.220887106e-12,4.310329395e-10,3.218411719e-08,4.947754221e-07,3.922022999e-06,9.659901156e-12,2.180382506e-12,2.893152275e-13,2.798346826e-14,5.661444822e-06,3.660411151e-11,4.969536578e-09,2.662776067e-07,3.319918523e-06,2.188084234e-05,2.049351519e-10,5.937675696e-11,1.011335114e-11,1.231753497e-12,2.299694056e-05,8.250725635e-10,7.315472261e-08,2.639016858e-06,2.534012375e-05,0.0001323119101,6.379021925e-13,1.186185085e-13,1.15265682e-14,7.532950513e-16,3.221511871e-06,1.08812448e-12,3.134917589e-10,2.960503288e-08,4.668839391e-07,3.509514257e-06
71,0.02259733863,0.01088990712,0.004709062512,0.001972810732,0.01410340816,0.00422228656,0.01184532452,0.0275176736,0.05037255531,0.07986043502,0.03202795393,0.01543463673,0.006674320036,0.002796136076,0.01525602594,0.00422228945,0.01184532023,0.02751763689,0.05037244118,0.07986023985,0.0004272422439,0.0001448711143,4.407910941e-05,1.334957775e-05,0.0005173217583,2.905087757e-05,0.000131301662,0.0004749555758,0.001198669045,0.002504424378,0.000301440975,0.0001022138069,3.10999893e-05,9.418779895e-06,0.0004782372511,2.905085768e-05,0.0001313017096,0.0004749562096,0.00119867176,0.002504430498,0.01055267338,0.004013596996,0.001369772451,0.0004612231878,0.004440184911,0.0004716055275,0.001364313078,0.00326108506,0.005847416919,0.009082663788,0.01542409053,0.005866393583,0.002002102122,0.0006741387141,0.004836472849,0.0004716058788,0.00136431254,0.003261080325,0.005847402502,0.009082639633,0.0002206419822,5.985103996e-05,1.456795694e-05,3.590583257e-06,0.0001763146614,3.561887112e-06,1.629900613e-05,5.963899588e-05,0.0001453078508,0.0002936459402,0.0001509562439,4.094814826e-05,9.966917203e-06,2.456557117e-06,0.0001618678991,3.561884459e-06,1.629901255e-05,5.963908248e-05,0.000145308209,0.0002936467212,2.265878298e-07,2.781490284e-08,2.584245733e-09,2.25106212e-10,1.101640999e-05,3.803893777e-09,1.126605297e-07,1.941422102e-06,1.35706239e-05,6.320299455e-05,3.411394282e-10,2.634473941e-11,1.398488422e-12,6.671278381e-14,9.57517166e-07,6.664626957e-12,6.581828839e-10,3.121898526e-08,4.082222788e-07,3.13082138e-06,1.709455987e-09,2.331417672e-10,2.27768402e-11,1.979107628e-12,3.350178335e-06,2.428761728e-10,1.340990989e-08,3.879102683e-07,3.787126134e-06,2.285021988e-05,2.048250191e-09,3.435694541e-10,4.128167553e-11,4.341997859e-12,5.318176767e-06,6.733564668e-10,3.298639147e-08,8.538859109e-07,7.745093451e-06,4.369813287e-05,1.995156693e-09,4.346380742e-10,6.782499278e-11,9.080484366e-12,8.52571786e-06,1.873946344e-09,7.892678046e-08,1.775637112e-06,1.452350184e-05,7.445060336e-05,3.010426765e-10,7.547731895e-11,1.300791954e-11,1.840110679e-12,7.583864231e-06,8.321085977e-10,4.356647074e-08,1.146335673e-06,9.990867165e-06,5.260172452e-05,4.934962585e-13,9.203638618e-14,1.009052699e-14,8.1834324e-16,1.594511044e-06,2.220887847e-12,4.310330644e-10,3.218412519e-08,4.947755319e-07,3.922023746e-06,9.659906219e-12,2.180383601e-12,2.893153665e-13,2.798348113e-14,5.661445835e-06,3.660412933e-11,4.969538708e-09,2.662777064e-07,3.319919657e-06,2.188084903e-05,2.049352706e-10,5.937679055e-11,1.011335673e-11,1.231754163e-12,2.299694557e-05,8.250730531e-10,7.315476126e-08,2.639018093e-06,2.534013475e-05,0.0001323119627,6.379027236e-13,1.186186096e-13,1.152657823e-14,7.532957203e-16,3.221512946e-06,1.088125521e-12,3.134920234e-10,2.960505478e-08,4.668842572e-07,3.509516441e-06
72,0.02259733851,0.01088990698,0.004709062411,0.001972810675,0.01410340788,0.0042222865,0.01184532443,0.02751767355,0.05037255549,0.07986043582,0.03202795377,0.01543463653,0.006674319893,0.002796135995,0.01525602564,0.00422228939,0.01184532014,0.02751763684,0.05037244137,0.07986024066,0.0004272422407,0.0001448711114,4.407910802e-05,1.334957718e-05,0.0005173217425,2.905087665e-05,0.0001313016587,0.0004749555667,0.001198669028,0.002504424358,0.0003014409727,0.000102213805,3.109998831e-05,9.418779493e-06,0.0004782372365,2.905085677e-05,0.0001313017063,0.0004749562005,0.001198671744,0.002504430478,0.01055267335,0.00401359697,0.001369772436,0.0004612231811,0.00444018488,0.0004716055322,0.001364313102,0.003261085142,0.005847417108,0.009082664171,0.01542409049,0.005866393544,0.002002102101,0.0006741387044,0.004836472816,0.0004716058834,0.001364312564,0.003261080406,0.005847402691,0.009082640015,0.0002206419812,5.985103921e-05,1.456795664e-05,3.590583158e-06,0.0001763146583,3.561887088e-06,1.629900614e-05,5.963899637e-05,0.000145307853,0.0002936459475,0.0001509562432,4.094814774e-05,9.966917e-06,2.456557049e-06,0.0001618678963,3.561884435e-06,1.629901257e-05,5.963908298e-05,0.0001453082113,0.0002936467285,2.265878252e-07,2.781490138e-08,2.584245512e-09,2.251061861e-10,1.101640927e-05,3.803893409e-09,1.126605205e-07,1.941421969e-06,1.357062311e-05,6.320299158e-05,3.411394178e-10,2.63447373e-11,1.398488241e-12,6.671277215e-14,9.575170785e-07,6.664625871e-12,6.581827885e-10,3.121898125e-08,4.082222307e-07,3.13082104e-06,1.709456031e-09,2.33141763e-10,2.277683878e-11,1.979107424e-12,3.350178128e-06,2.428761478e-10,1.340990862e-08,3.879102342e-07,3.787125815e-06,2.285021799e-05,2.048250371e-09,3.435694701e-10,4.128167573e-11,4.341997714e-12,5.318176606e-06,6.733564397e-10,3.298639015e-08,8.53885877e-07,7.745093133e-06,4.369813091e-05,1.995157025e-09,4.346381297e-10,6.782499885e-11,9.080484857e-12,8.525717941e-06,1.873946417e-09,7.892678281e-08,1.775637149e-06,1.452350203e-05,7.445060359e-05,3.010427537e-10,7.547733542e-11,1.300792188e-11,1.840110945e-12,7.58386461e-06,8.321087048e-10,4.356647545e-08,1.146335775e-06,9.990867908e-06,5.260172747e-05,4.93496478e-13,9.203642358e-14,1.009053071e-14,8.183435121e-16,1.594511236e-06,2.220888591e-12,4.310331896e-10,3.218413321e-08,4.947756421e-07,3.922024495e-06,9.659911297e-12,2.180384699e-12,2.893155059e-13,2.798349405e-14,5.66144685e-06,3.66041472e-11,4.969540843e-09,2.662778064e-07,3.319920795e-06,2.188085574e-05,2.049353895e-10,5.937682424e-11,1.011336234e-11,1.23175483e-12,2.299695059e-05,8.250735441e-10,7.315480002e-08,2.639019331e-06,2.534014577e-05,0.0001323120155,6.379032563e-13,1.186187109e-13,1.15265883e-14,7.532963912e-16,3.221514024e-06,1.088126564e-12,3.134922888e-10,2.960507674e-08,4.668845763e-07,3.50951863e-06
73,0.0225973384,0.01088990684,0.00470906231,0.001972810618,0.01410340761,0.004222286441,0.01184532434,0.02751767351,0.05037255568,0.07986043663,0.03202795361,0.01543463632,0.006674319749,0.002796135914,0.01525602534,0.00422228933,0.01184532004,0.02751763679,0.05037244155,0.07986024147,0.0004272422375,0.0001448711086,4.407910662e-05,1.334957661e-05,0.0005173217267,2.905087573e-05,0.0001313016554,0.0004749555576,0.001198669011,0.002504424338,0.0003014409705,0.000102213803,3.109998733e-05,9.41877909e-06,0.0004782372218,2.905085585e-05,0.000131301703,0.0004749561914,0.001198671727,0.002504430458,0.01055267332,0.004013596943,0.001369772422,0.0004612231745,0.004440184849,0.0004716055369,0.001364313126,0.003261085224,0.005847417297,0.009082664554,0.01542409045,0.005866393506,0.002002102079,0.0006741386947,0.004836472782,0.0004716058881,0.001364312588,0.003261080488,0.00584740288,0.009082640399,0.0002206419801,5.985103845e-05,1.456795635e-05,3.590583059e-06,0.0001763146552,3.561887063e-06,1.629900616e-05,5.963899687e-05,0.0001453078552,0.0002936459548,0.0001509562425,4.094814723e-05,9.966916796e-06,2.456556981e-06,0.0001618678934,3.56188441e-06,1.629901259e-05,5.963908347e-05,0.0001453082135,0.0002936467357,2.265878207e-07,2.781489991e-08,2.584245291e-09,2.2510616e-10,1.101640855e-05,3.803893041e-09,1.126605113e-07,1.941421836e-06,1.357062232e-05,6.32029886e-05,3.411394074e-10,2.634473519e-11,1.39848806e-12,6.671276045e-14,9.575169907e-07,6.664624782e-12,6.581826928e-10,3.121897724e-08,4.082221824e-07,3.1308207e-06,1.709456076e-09,2.331417587e-10,2.277683736e-11,1.979107221e-12,3.35017792e-06,2.428761227e-10,1.340990734e-08,3.879102001e-07,3.787125496e-06,2.285021608e-05,2.048250551e-09,3.43569486e-10,4.128167593e-11,4.341997569e-12,5.318176444e-06,6.733564126e-10,3.298638883e-08,8.538858431e-07,7.745092815e-06,4.369812894e-05,1.995157357e-09,4.346381854e-10,6.782500493e-11,9.08048535e-12,8.525718024e-06,1.873946491e-09,7.892678517e-08,1.775637186e-06,1.452350223e-05,7.445060383e-05,3.01042831e-10,7.547735193e-11,1.300792423e-11,1.840111213e-12,7.583864989e-06,8.321088122e-10,4.356648017e-08,1.146335877e-06,9.990868653e-06,5.260173043e-05,4.93496698e-13,9.203646107e-14,1.009053443e-14,8.183437849e-16,1.594511429e-06,2.220889337e-12,4.310333151e-10,3.218414126e-08,4.947757525e-07,3.922025246e-06,9.659916387e-12,2.1803858e-12,2.893156456e-13,2.7983507e-14,5.661447869e-06,3.660416511e-11,4.969542984e-09,2.662779066e-07,3.319921936e-06,2.188086247e-05,2.049355088e-10,5.937685801e-11,1.011336796e-11,1.2317555e-12,2.299695562e-05,8.250740363e-10,7.315483888e-08,2.639020572e-06,2.534015683e-05,0.0001323120684,6.379037903e-13,1.186188124e-13,1.152659838e-14,7.532970638e-16,3.221515105e-06,1.08812761e-12,3.134925548e-10,2.960509875e-08,4.668848961e-07,3.509520825e-06
74,0.02259733828,0.01088990669,0.004709062208,0.00197281056,0.01410340733,0.004222286381,0.01184532424,0.02751767346,0.05037255586,0.07986043745,0.03202795345,0.01543463612,0.006674319605,0.002796135832,0.01525602504,0.004222289271,0.01184531995,0.02751763674,0.05037244174,0.07986024228,0.0004272422343,0.0001448711058,4.407910522e-05,1.334957604e-05,0.0005173217108,2.905087482e-05,0.0001313016521,0.0004749555485,0.001198668994,0.002504424318,0.0003014409682,0.000102213801,3.109998634e-05,9.418778686e-06,0.0004782372071,2.905085493e-05,0.0001313016997,0.0004749561822,0.00119867171,0.002504430438,0.0105526733,0.004013596917,0.001369772407,0.0004612231678,0.004440184818,0.0004716055415,0.001364313151,0.003261085305,0.005847417487,0.009082664939,0.01542409041,0.005866393467,0.002002102058,0.000674138685,0.004836472748,0.0004716058928,0.001364312613,0.00326108057,0.00584740307,0.009082640784,0.000220641979,5.985103769e-05,1.456795605e-05,3.59058296e-06,0.0001763146521,3.561887039e-06,1.629900618e-05,5.963899737e-05,0.0001453078574,0.0002936459621,0.0001509562417,4.094814671e-05,9.966916593e-06,2.456556913e-06,0.0001618678906,3.561884386e-06,1.62990126e-05,5.963908397e-05,0.0001453082157,0.000293646743,2.265878161e-07,2.781489843e-08,2.58424507e-09,2.251061339e-10,1.101640783e-05,3.803892671e-09,1.12660502e-07,1.941421703e-06,1.357062153e-05,6.320298562e-05,3.41139397e-10,2.634473308e-11,1.398487878e-12,6.671274872e-14,9.575169028e-07,6.664623692e-12,6.58182597e-10,3.121897321e-08,4.08222134e-07,3.130820358e-06,1.70945612e-09,2.331417545e-10,2.277683594e-11,1.979107017e-12,3.350177711e-06,2.428760976e-10,1.340990606e-08,3.879101659e-07,3.787125175e-06,2.285021418e-05,2.048250732e-09,3.435695021e-10,4.128167614e-11,4.341997423e-12,5.318176282e-06,6.733563854e-10,3.298638751e-08,8.53885809e-07,7.745092496e-06,4.369812697e-05,1.99515769e-09,4.346382412e-10,6.782501103e-11,9.080485844e-12,8.525718106e-06,1.873946565e-09,7.892678752e-08,1.775637224e-06,1.452350243e-05,7.445060406e-05,3.010429086e-10,7.547736848e-11,1.300792658e-11,1.840111481e-12,7.58386537e-06,8.321089198e-10,4.35664849e-08,1.146335979e-06,9.9908694e-06,5.260173339e-05,4.934969185e-13,9.203649865e-14,1.009053816e-14,8.183440583e-16,1.594511622e-06,2.220890084e-12,4.310334409e-10,3.218414932e-08,4.947758632e-07,3.922025999e-06,9.659921489e-12,2.180386904e-12,2.893157857e-13,2.798351997e-14,5.661448889e-06,3.660418306e-11,4.96954513e-09,2.662780071e-07,3.319923079e-06,2.188086921e-05,2.049356284e-10,5.937689186e-11,1.011337359e-11,1.23175617e-12,2.299696066e-05,8.250745296e-10,7.315487782e-08,2.639021817e-06,2.534016791e-05,0.0001323121214,6.379043255e-13,1.186189142e-13,1.15266085e-14,7.532977379e-16,3.221516189e-06,1.088128659e-12,3.134928213e-10,2.960512082e-08,4.668852167e-07,3.509523025e-06
75,0.02259733817,0.01088990655,0.004709062107,0.001972810503,0.01410340705,0.004222286321,0.01184532415,0.02751767341,0.05037255605,0.07986043826,0.03202795329,0.01543463591,0.006674319461,0.002796135751,0.01525602474,0.004222289211,0.01184531986,0.02751763669,0.05037244192,0.07986024309,0.0004272422311,0.0001448711029,4.407910382e-05,1.334957546e-05,0.0005173216949,2.90508739e-05,0.0001313016488,0.0004749555393,0.001198668977,0.002504424297,0.000301440966,0.0001022137989,3.109998536e-05,9.418778281e-06,0.0004782371924,2.905085401e-05,0.0001313016964,0.0004749561731,0.001198671693,0.002504430418,0.01055267327,0.00401359689,0.001369772392,0.0004612231611,0.004440184787,0.0004716055462,0.001364313175,0.003261085387,0.005847417677,0.009082665324,0.01542409037,0.005866393428,0.002002102037,0.0006741386752,0.004836472715,0.0004716058975,0.001364312637,0.003261080652,0.00584740326,0.009082641169,0.000220641978,5.985103694e-05,1.456795575e-05,3.59058286e-06,0.000176314649,3.561887014e-06,1.629900619e-05,5.963899787e-05,0.0001453078597,0.0002936459694,0.000150956241,4.094814619e-05,9.966916388e-06,2.456556845e-06,0.0001618678877,3.561884361e-06,1.629901262e-05,5.963908447e-05,0.0001453082179,0.0002936467504,2.265878115e-07,2.781489696e-08,2.584244848e-09,2.251061077e-10,1.10164071e-05,3.803892301e-09,1.126604927e-07,1.941421569e-06,1.357062074e-05,6.320298263e-05,3.411393865e-10,2.634473096e-11,1.398487696e-12,6.671273698e-14,9.575168147e-07,6.664622599e-12,6.581825009e-10,3.121896918e-08,4.082220856e-07,3.130820017e-06,1.709456165e-09,2.331417503e-10,2.277683452e-11,1.979106812e-12,3.350177502e-06,2.428760724e-10,1.340990477e-08,3.879101317e-07,3.787124854e-06,2.285021227e-05,2.048250913e-09,3.435695181e-10,4.128167634e-11,4.341997277e-12,5.318176119e-06,6.733563581e-10,3.298638618e-08,8.53885775e-07,7.745092177e-06,4.369812499e-05,1.995158024e-09,4.346382972e-10,6.782501714e-11,9.080486339e-12,8.525718188e-06,1.873946638e-09,7.892678989e-08,1.775637261e-06,1.452350263e-05,7.445060429e-05,3.010429862e-10,7.547738505e-11,1.300792894e-11,1.840111749e-12,7.583865751e-06,8.321090276e-10,4.356648963e-08,1.146336082e-06,9.990870149e-06,5.260173635e-05,4.934971394e-13,9.203653629e-14,1.00905419e-14,8.183443322e-16,1.594511815e-06,2.220890833e-12,4.31033567e-10,3.21841574e-08,4.947759741e-07,3.922026753e-06,9.659926601e-12,2.180388009e-12,2.89315926e-13,2.798353298e-14,5.661449912e-06,3.660420105e-11,4.969547279e-09,2.662781077e-07,3.319924225e-06,2.188087596e-05,2.049357482e-10,5.937692577e-11,1.011337923e-11,1.231756842e-12,2.299696572e-05,8.250750239e-10,7.315491683e-08,2.639023063e-06,2.534017901e-05,0.0001323121745,6.379048616e-13,1.186190162e-13,1.152661863e-14,7.532984132e-16,3.221517274e-06,1.088129709e-12,3.134930884e-10,2.960514293e-08,4.668855379e-07,3.509525229e-06
76,0.02259733805,0.0108899064,0.004709062005,0.001972810445,0.01410340677,0.004222286261,0.01184532406,0.02751767336,0.05037255623,0.07986043907,0.03202795312,0.01543463571,0.006674319317,0.002796135669,0.01525602444,0.004222289151,0.01184531977,0.02751763664,0.05037244211,0.07986024391,0.0004272422279,0.0001448711001,4.407910242e-05,1.334957489e-05,0.0005173216789,2.905087297e-05,0.0001313016455,0.0004749555302,0.00119866896,0.002504424277,0.0003014409637,0.0001022137969,3.109998437e-05,9.418777875e-06,0.0004782371777,2.905085309e-05,0.0001313016931,0.0004749561639,0.001198671676,0.002504430398,0.01055267324,0.004013596864,0.001369772378,0.0004612231545,0.004440184756,0.0004716055509,0.001364313199,0.00326108547,0.005847417868,0.00908266571,0.01542409033,0.00586639339,0.002002102015,0.0006741386655,0.004836472681,0.0004716059022,0.001364312661,0.003261080734,0.00584740345,0.009082641555,0.0002206419769,5.985103618e-05,1.456795545e-05,3.590582761e-06,0.0001763146459,3.56188699e-06,1.629900621e-05,5.963899837e-05,0.0001453078619,0.0002936459767,0.0001509562403,4.094814567e-05,9.966916184e-06,2.456556777e-06,0.0001618678849,3.561884337e-06,1.629901264e-05,5.963908497e-05,0.0001453082202,0.0002936467577,2.265878069e-07,2.781489548e-08,2.584244625e-09,2.251060815e-10,1.101640638e-05,3.803891931e-09,1.126604834e-07,1.941421435e-06,1.357061994e-05,6.320297964e-05,3.41139376e-10,2.634472884e-11,1.398487514e-12,6.671272521e-14,9.575167265e-07,6.664621504e-12,6.581824048e-10,3.121896514e-08,4.082220371e-07,3.130819674e-06,1.709456209e-09,2.33141746e-10,2.27768331e-11,1.979106607e-12,3.350177293e-06,2.428760472e-10,1.340990349e-08,3.879100974e-07,3.787124533e-06,2.285021036e-05,2.048251095e-09,3.435695342e-10,4.128167655e-11,4.341997131e-12,5.318175957e-06,6.733563308e-10,3.298638486e-08,8.538857408e-07,7.745091856e-06,4.369812301e-05,1.995158358e-09,4.346383532e-10,6.782502327e-11,9.080486835e-12,8.525718271e-06,1.873946712e-09,7.892679225e-08,1.775637299e-06,1.452350283e-05,7.445060452e-05,3.01043064e-10,7.547740166e-11,1.30079313e-11,1.840112018e-12,7.583866133e-06,8.321091356e-10,4.356649438e-08,1.146336184e-06,9.990870898e-06,5.260173932e-05,4.934973607e-13,9.2036574e-14,1.009054564e-14,8.183446066e-16,1.594512009e-06,2.220891583e-12,4.310336933e-10,3.218416549e-08,4.947760852e-07,3.922027508e-06,9.65993172e-12,2.180389117e-12,2.893160665e-13,2.7983546e-14,5.661450936e-06,3.660421907e-11,4.969549432e-09,2.662782085e-07,3.319925372e-06,2.188088272e-05,2.049358681e-10,5.937695974e-11,1.011338488e-11,1.231757515e-12,2.299697078e-05,8.250755189e-10,7.315495591e-08,2.639024311e-06,2.534019013e-05,0.0001323122277,6.379053987e-13,1.186191183e-13,1.152662877e-14,7.532990896e-16,3.221518361e-06,1.088130761e-12,3.134933559e-10,2.960516507e-08,4.668858595e-07,3.509527437e-06
77,0.02259733794,0.01088990625,0.004709061903,0.001972810387,0.01410340649,0.004222286201,0.01184532397,0.02751767331,0.05037255642,0.07986043989,0.03202795296,0.0154346355,0.006674319172,0.002796135587,0.01525602414,0.004222289091,0.01184531968,0.02751763659,0.05037244229,0.07986024472,0.0004272422247,0.0001448710972,4.407910101e-05,1.334957431e-05,0.000517321663,2.905087205e-05,0.0001313016422,0.000474955521,0.001198668943,0.002504424257,0.0003014409615,0.0001022137949,3.109998337e-05,9.418777469e-06,0.000478237163,2.905085217e-05,0.0001313016897,0.0004749561547,0.001198671659,0.002504430378,0.01055267322,0.004013596837,0.001369772363,0.0004612231478,0.004440184725,0.0004716055556,0.001364313224,0.003261085552,0.005847418058,0.009082666097,0.01542409029,0.005866393351,0.002002101994,0.0006741386557,0.004836472647,0.0004716059069,0.001364312686,0.003261080816,0.005847403641,0.009082641941,0.0002206419758,5.985103542e-05,1.456795515e-05,3.590582661e-06,0.0001763146428,3.561886965e-06,1.629900623e-05,5.963899887e-05,0.0001453078642,0.0002936459841,0.0001509562395,4.094814515e-05,9.966915979e-06,2.456556709e-06,0.000161867882,3.561884312e-06,1.629901265e-05,5.963908547e-05,0.0001453082224,0.000293646765,2.265878023e-07,2.7814894e-08,2.584244403e-09,2.251060553e-10,1.101640565e-05,3.80389156e-09,1.12660474e-07,1.941421301e-06,1.357061915e-05,6.320297665e-05,3.411393656e-10,2.634472672e-11,1.398487332e-12,6.671271343e-14,9.575166381e-07,6.664620408e-12,6.581823084e-10,3.12189611e-08,4.082219885e-07,3.130819331e-06,1.709456254e-09,2.331417418e-10,2.277683167e-11,1.979106402e-12,3.350177083e-06,2.428760219e-10,1.34099022e-08,3.879100631e-07,3.787124211e-06,2.285020844e-05,2.048251277e-09,3.435695503e-10,4.128167675e-11,4.341996985e-12,5.318175794e-06,6.733563035e-10,3.298638353e-08,8.538857066e-07,7.745091536e-06,4.369812103e-05,1.995158693e-09,4.346384093e-10,6.782502939e-11,9.080487331e-12,8.525718353e-06,1.873946786e-09,7.892679462e-08,1.775637337e-06,1.452350303e-05,7.445060476e-05,3.010431419e-10,7.547741829e-11,1.300793367e-11,1.840112287e-12,7.583866515e-06,8.321092437e-10,4.356649913e-08,1.146336287e-06,9.990871648e-06,5.26017423e-05,4.934975823e-13,9.203661175e-14,1.009054939e-14,8.183448812e-16,1.594512203e-06,2.220892333e-12,4.310338197e-10,3.218417359e-08,4.947761964e-07,3.922028264e-06,9.659936846e-12,2.180390225e-12,2.893162072e-13,2.798355903e-14,5.661451961e-06,3.66042371e-11,4.969551588e-09,2.662783094e-07,3.319926521e-06,2.18808895e-05,2.049359882e-10,5.937699375e-11,1.011339054e-11,1.231758189e-12,2.299697584e-05,8.250760146e-10,7.315499504e-08,2.639025561e-06,2.534020126e-05,0.000132312281,6.379059364e-13,1.186192206e-13,1.152663893e-14,7.532997669e-16,3.221519449e-06,1.088131814e-12,3.134936238e-10,2.960518724e-08,4.668861816e-07,3.509529647e-06
78,0.02259733782,0.01088990611,0.004709061801,0.001972810329,0.01410340622,0.004222286141,0.01184532388,0.02751767326,0.0503725566,0.07986044071,0.0320279528,0.01543463529,0.006674319028,0.002796135505,0.01525602384,0.004222289031,0.01184531958,0.02751763654,0.05037244248,0.07986024554,0.0004272422215,0.0001448710944,4.407909961e-05,1.334957374e-05,0.000517321647,2.905087113e-05,0.0001313016388,0.0004749555118,0.001198668926,0.002504424237,0.0003014409592,0.0001022137929,3.109998238e-05,9.418777063e-06,0.0004782371482,2.905085124e-05,0.0001313016864,0.0004749561456,0.001198671642,0.002504430357,0.01055267319,0.00401359681,0.001369772348,0.0004612231411,0.004440184694,0.0004716055603,0.001364313248,0.003261085634,0.005847418249,0.009082666483,0.01542409026,0.005866393312,0.002002101972,0.0006741386459,0.004836472613,0.0004716059116,0.00136431271,0.003261080899,0.005847403832,0.009082642328,0.0002206419748,5.985103466e-05,1.456795485e-05,3.590582561e-06,0.0001763146397,3.56188694e-06,1.629900624e-05,5.963899937e-05,0.0001453078664,0.0002936459914,0.0001509562388,4.094814463e-05,9.966915774e-06,2.45655664e-06,0.0001618678792,3.561884288e-06,1.629901267e-05,5.963908597e-05,0.0001453082247,0.0002936467724,2.265877977e-07,2.781489252e-08,2.58424418e-09,2.25106029e-10,1.101640492e-05,3.803891188e-09,1.126604647e-07,1.941421167e-06,1.357061835e-05,6.320297365e-05,3.411393551e-10,2.634472459e-11,1.398487149e-12,6.671270164e-14,9.575165497e-07,6.664619311e-12,6.581822121e-10,3.121895706e-08,4.082219398e-07,3.130818988e-06,1.709456299e-09,2.331417375e-10,2.277683024e-11,1.979106197e-12,3.350176874e-06,2.428759966e-10,1.340990091e-08,3.879100287e-07,3.787123889e-06,2.285020653e-05,2.048251458e-09,3.435695664e-10,4.128167695e-11,4.341996838e-12,5.318175631e-06,6.733562761e-10,3.29863822e-08,8.538856724e-07,7.745091215e-06,4.369811904e-05,1.995159028e-09,4.346384654e-10,6.782503553e-11,9.080487828e-12,8.525718436e-06,1.873946861e-09,7.8926797e-08,1.775637374e-06,1.452350323e-05,7.445060499e-05,3.010432199e-10,7.547743493e-11,1.300793604e-11,1.840112557e-12,7.583866898e-06,8.321093519e-10,4.356650389e-08,1.14633639e-06,9.9908724e-06,5.260174527e-05,4.934978041e-13,9.203664954e-14,1.009055314e-14,8.183451562e-16,1.594512397e-06,2.220893085e-12,4.310339462e-10,3.21841817e-08,4.947763077e-07,3.922029021e-06,9.659941977e-12,2.180391335e-12,2.893163481e-13,2.798357208e-14,5.661452987e-06,3.660425516e-11,4.969553746e-09,2.662784105e-07,3.31992767e-06,2.188089628e-05,2.049361085e-10,5.937702779e-11,1.01133962e-11,1.231758863e-12,2.299698092e-05,8.250765107e-10,7.31550342e-08,2.639026813e-06,2.53402124e-05,0.0001323123344,6.379064746e-13,1.186193229e-13,1.15266491e-14,7.533004448e-16,3.221520539e-06,1.088132869e-12,3.134938919e-10,2.960520943e-08,4.66886504e-07,3.50953186e-06
79,0.02259733771,0.01088990596,0.004709061699,0.001972810271,0.01410340594,0.004222286081,0.01184532378,0.02751767321,0.05037255679,0.07986044152,0.03202795263,0.01543463509,0.006674318883,0.002796135423,0.01525602353,0.00422228897,0.01184531949,0.02751763649,0.05037244266,0.07986024636,0.0004272422183,0.0001448710915,4.40790982e-05,1.334957316e-05,0.000517321631,2.90508702e-05,0.0001313016355,0.0004749555026,0.001198668909,0.002504424217,0.0003014409569,0.0001022137909,3.109998139e-05,9.418776656e-06,0.0004782371334,2.905085032e-05,0.0001313016831,0.0004749561364,0.001198671625,0.002504430337,0.01055267316,0.004013596784,0.001369772334,0.0004612231344,0.004440184663,0.000471605565,0.001364313273,0.003261085717,0.00584741844,0.009082666871,0.01542409022,0.005866393273,0.002002101951,0.0006741386361,0.004836472579,0.0004716059163,0.001364312735,0.003261080981,0.005847404023,0.009082642715,0.0002206419737,5.98510339e-05,1.456795455e-05,3.590582461e-06,0.0001763146366,3.561886916e-06,1.629900626e-05,5.963899987e-05,0.0001453078686,0.0002936459988,0.0001509562381,4.094814411e-05,9.966915569e-06,2.456556572e-06,0.0001618678763,3.561884263e-06,1.629901269e-05,5.963908647e-05,0.0001453082269,0.0002936467797,2.265877932e-07,2.781489104e-08,2.584243957e-09,2.251060028e-10,1.10164042e-05,3.803890817e-09,1.126604554e-07,1.941421033e-06,1.357061755e-05,6.320297064e-05,3.411393446e-10,2.634472247e-11,1.398486966e-12,6.671268985e-14,9.575164612e-07,6.664618213e-12,6.581821156e-10,3.121895301e-08,4.082218912e-07,3.130818645e-06,1.709456344e-09,2.331417332e-10,2.277682881e-11,1.979105991e-12,3.350176664e-06,2.428759713e-10,1.340989962e-08,3.879099943e-07,3.787123566e-06,2.285020461e-05,2.04825164e-09,3.435695825e-10,4.128167716e-11,4.341996692e-12,5.318175468e-06,6.733562488e-10,3.298638087e-08,8.538856382e-07,7.745090894e-06,4.369811706e-05,1.995159363e-09,4.346385216e-10,6.782504167e-11,9.080488325e-12,8.525718519e-06,1.873946935e-09,7.892679937e-08,1.775637412e-06,1.452350343e-05,7.445060523e-05,3.010432979e-10,7.547745158e-11,1.30079384e-11,1.840112826e-12,7.583867281e-06,8.321094602e-10,4.356650864e-08,1.146336493e-06,9.990873151e-06,5.260174825e-05,4.93498026e-13,9.203668735e-14,1.009055689e-14,8.183454313e-16,1.594512591e-06,2.220893837e-12,4.310340728e-10,3.218418981e-08,4.947764191e-07,3.922029778e-06,9.659947111e-12,2.180392445e-12,2.89316489e-13,2.798358514e-14,5.661454014e-06,3.660427322e-11,4.969555905e-09,2.662785115e-07,3.319928821e-06,2.188090306e-05,2.049362288e-10,5.937706185e-11,1.011340186e-11,1.231759538e-12,2.299698599e-05,8.250770071e-10,7.315507339e-08,2.639028065e-06,2.534022355e-05,0.0001323123877,6.379070131e-13,1.186194254e-13,1.152665927e-14,7.533011231e-16,3.221521629e-06,1.088133924e-12,3.134941601e-10,2.960523163e-08,4.668868266e-07,3.509534074e-06
80,0.02259733759,0.01088990582,0.004709061597,0.001972810214,0.01410340566,0.004222286021,0.01184532369,0.02751767316,0.05037255697,0.07986044234,0.03202795247,0.01543463488,0.006674318738,0.002796135341,0.01525602323,0.00422228891,0.0118453194,0.02751763644,0.05037244285,0.07986024717,0.0004272422151,0.0001448710887,4.407909679e-05,1.334957258e-05,0.000517321615,2.905086928e-05,0.0001313016322,0.0004749554934,0.001198668892,0.002504424197,0.0003014409547,0.0001022137889,3.10999804e-05,9.418776249e-06,0.0004782371186,2.905084939e-05,0.0001313016797,0.0004749561272,0.001198671608,0.002504430317,0.01055267314,0.004013596757,0.001369772319,0.0004612231276,0.004440184632,0.0004716055698,0.001364313297,0.003261085799,0.005847418631,0.009082667258,0.01542409018,0.005866393234,0.002002101929,0.0006741386263,0.004836472545,0.000471605921,0.001364312759,0.003261081064,0.005847404214,0.009082643102,0.0002206419726,5.985103314e-05,1.456795425e-05,3.590582361e-06,0.0001763146335,3.561886891e-06,1.629900628e-05,5.963900037e-05,0.0001453078709,0.0002936460061,0.0001509562374,4.094814359e-05,9.966915364e-06,2.456556503e-06,0.0001618678734,3.561884238e-06,1.62990127e-05,5.963908697e-05,0.0001453082291,0.0002936467871,2.265877885e-07,2.781488956e-08,2.584243734e-09,2.251059765e-10,1.101640347e-05,3.803890445e-09,1.12660446e-07,1.941420899e-06,1.357061676e-05,6.320296764e-05,3.411393341e-10,2.634472034e-11,1.398486783e-12,6.671267804e-14,9.575163727e-07,6.664617115e-12,6.581820191e-10,3.121894896e-08,4.082218425e-07,3.130818301e-06,1.709456389e-09,2.33141729e-10,2.277682738e-11,1.979105786e-12,3.350176454e-06,2.42875946e-10,1.340989833e-08,3.879099599e-07,3.787123244e-06,2.285020269e-05,2.048251822e-09,3.435695986e-10,4.128167736e-11,4.341996545e-12,5.318175304e-06,6.733562214e-10,3.298637953e-08,8.538856039e-07,7.745090573e-06,4.369811507e-05,1.995159698e-09,4.346385778e-10,6.782504781e-11,9.080488822e-12,8.525718601e-06,1.873947009e-09,7.892680174e-08,1.77563745e-06,1.452350363e-05,7.445060546e-05,3.010433759e-10,7.547746824e-11,1.300794077e-11,1.840113096e-12,7.583867664e-06,8.321095685e-10,4.35665134e-08,1.146336596e-06,9.990873903e-06,5.260175123e-05,4.934982479e-13,9.203672518e-14,1.009056065e-14,8.183457065e-16,1.594512785e-06,2.220894589e-12,4.310341995e-10,3.218419793e-08,4.947765305e-07,3.922030536e-06,9.659952246e-12,2.180393556e-12,2.8931663e-13,2.798359821e-14,5.661455042e-06,3.66042913e-11,4.969558065e-09,2.662786127e-07,3.319929972e-06,2.188090985e-05,2.049363491e-10,5.937709592e-11,1.011340753e-11,1.231760213e-12,2.299699107e-05,8.250775037e-10,7.315511259e-08,2.639029317e-06,2.53402347e-05,0.0001323124411,6.379075518e-13,1.186195278e-13,1.152666945e-14,7.533018017e-16,3.221522719e-06,1.088134979e-12,3.134944285e-10,2.960525384e-08,4.668871492e-07,3.509536288e-06
81,0.02259733748,0.01088990567,0.004709061494,0.001972810156,0.01410340538,0.00422228596,0.0118453236,0.0275176731,0.05037255716,0.07986044316,0.03202795231,0.01543463467,0.006674318594,0.002796135259,0.01525602293,0.00422228885,0.01184531931,0.02751763639,0.05037244303,0.07986024799,0.0004272422119,0.0001448710858,4.407909539e-05,1.334957201e-05,0.0005173215991,2.905086835e-05,0.0001313016288,0.0004749554842,0.001198668875,0.002504424176,0.0003014409524,0.0001022137869,3.10999794e-05,9.418775842e-06,0.0004782371039,2.905084847e-05,0.0001313016764,0.000474956118,0.001198671591,0.002504430297,0.01055267311,0.00401359673,0.001369772304,0.0004612231209,0.0044401846,0.0004716055745,0.001364313321,0.003261085881,0.005847418822,0.009082667645,0.01542409014,0.005866393195,0.002002101908,0.0006741386165,0.004836472511,0.0004716059257,0.001364312783,0.003261081146,0.005847404404,0.00908264349,0.0002206419716,5.985103238e-05,1.456795395e-05,3.590582261e-06,0.0001763146303,3.561886866e-06,1.629900629e-05,5.963900087e-05,0.0001453078731,0.0002936460135,0.0001509562366,4.094814307e-05,9.966915159e-06,2.456556435e-06,0.0001618678706,3.561884214e-06,1.629901272e-05,5.963908748e-05,0.0001453082314,0.0002936467944,2.265877839e-07,2.781488807e-08,2.584243511e-09,2.251059502e-10,1.101640274e-05,3.803890073e-09,1.126604367e-07,1.941420764e-06,1.357061596e-05,6.320296464e-05,3.411393236e-10,2.634471821e-11,1.3984866e-12,6.671266624e-14,9.575162842e-07,6.664616017e-12,6.581819226e-10,3.121894491e-08,4.082217938e-07,3.130817958e-06,1.709456433e-09,2.331417247e-10,2.277682595e-11,1.97910558e-12,3.350176244e-06,2.428759207e-10,1.340989704e-08,3.879099255e-07,3.787122921e-06,2.285020078e-05,2.048252005e-09,3.435696147e-10,4.128167757e-11,4.341996398e-12,5.318175141e-06,6.73356194e-10,3.29863782e-08,8.538855697e-07,7.745090252e-06,4.369811309e-05,1.995160033e-09,4.34638634e-10,6.782505395e-11,9.080489319e-12,8.525718684e-06,1.873947083e-09,7.892680412e-08,1.775637488e-06,1.452350383e-05,7.445060569e-05,3.01043454e-10,7.547748489e-11,1.300794314e-11,1.840113366e-12,7.583868047e-06,8.321096768e-10,4.356651816e-08,1.146336699e-06,9.990874655e-06,5.260175421e-05,4.934984699e-13,9.2036763e-14,1.00905644e-14,8.183459817e-16,1.594512979e-06,2.220895341e-12,4.310343261e-10,3.218420604e-08,4.947766419e-07,3.922031293e-06,9.659957382e-12,2.180394667e-12,2.89316771e-13,2.798361127e-14,5.661456069e-06,3.660430937e-11,4.969560225e-09,2.662787138e-07,3.319931123e-06,2.188091663e-05,2.049364695e-10,5.937712999e-11,1.01134132e-11,1.231760889e-12,2.299699615e-05,8.250780002e-10,7.315515179e-08,2.639030569e-06,2.534024585e-05,0.0001323124945,6.379080906e-13,1.186196303e-13,1.152667963e-14,7.533024802e-16,3.22152381e-06,1.088136034e-12,3.134946968e-10,2.960527606e-08,4.668874719e-07,3.509538503e-06
82,0.02259733736,0.01088990553,0.004709061392,0.001972810098,0.0141034051,0.0042222859,0.01184532351,0.02751767305,0.05037255735,0.07986044397,0.03202795214,0.01543463447,0.006674318449,0.002796135177,0.01525602263,0.00422228879,0.01184531921,0.02751763634,0.05037244322,0.07986024881,0.0004272422087,0.000144871083,4.407909398e-05,1.334957143e-05,0.0005173215831,2.905086743e-05,0.0001313016255,0.000474955475,0.001198668858,0.002504424156,0.0003014409501,0.0001022137849,3.109997841e-05,9.418775436e-06,0.0004782370891,2.905084754e-05,0.0001313016731,0.0004749561088,0.001198671574,0.002504430277,0.01055267308,0.004013596704,0.001369772289,0.0004612231142,0.004440184569,0.0004716055792,0.001364313346,0.003261085964,0.005847419012,0.009082668032,0.0154240901,0.005866393156,0.002002101886,0.0006741386067,0.004836472477,0.0004716059304,0.001364312808,0.003261081228,0.005847404595,0.009082643877,0.0002206419705,5.985103161e-05,1.456795365e-05,3.590582161e-06,0.0001763146272,3.561886842e-06,1.629900631e-05,5.963900138e-05,0.0001453078754,0.0002936460208,0.0001509562359,4.094814255e-05,9.966914953e-06,2.456556367e-06,0.0001618678677,3.561884189e-06,1.629901274e-05,5.963908798e-05,0.0001453082336,0.0002936468018,2.265877793e-07,2.781488659e-08,2.584243288e-09,2.251059239e-10,1.101640201e-05,3.803889702e-09,1.126604274e-07,1.94142063e-06,1.357061516e-05,6.320296164e-05,3.411393131e-10,2.634471608e-11,1.398486418e-12,6.671265445e-14,9.575161957e-07,6.66461492e-12,6.581818262e-10,3.121894086e-08,4.082217452e-07,3.130817614e-06,1.709456478e-09,2.331417204e-10,2.277682452e-11,1.979105375e-12,3.350176034e-06,2.428758954e-10,1.340989576e-08,3.879098911e-07,3.787122599e-06,2.285019886e-05,2.048252187e-09,3.435696308e-10,4.128167777e-11,4.341996252e-12,5.318174978e-06,6.733561667e-10,3.298637687e-08,8.538855354e-07,7.745089931e-06,4.36981111e-05,1.995160369e-09,4.346386901e-10,6.782506008e-11,9.080489816e-12,8.525718767e-06,1.873947157e-09,7.892680649e-08,1.775637525e-06,1.452350403e-05,7.445060593e-05,3.01043532e-10,7.547750154e-11,1.300794551e-11,1.840113635e-12,7.58386843e-06,8.321097851e-10,4.356652292e-08,1.146336802e-06,9.990875406e-06,5.260175719e-05,4.934986918e-13,9.203680082e-14,1.009056816e-14,8.183462568e-16,1.594513173e-06,2.220896093e-12,4.310344527e-10,3.218421415e-08,4.947767533e-07,3.92203205e-06,9.659962516e-12,2.180395778e-12,2.893169119e-13,2.798362433e-14,5.661457096e-06,3.660432743e-11,4.969562384e-09,2.662788149e-07,3.319932273e-06,2.188092341e-05,2.049365898e-10,5.937716405e-11,1.011341887e-11,1.231761563e-12,2.299700122e-05,8.250784967e-10,7.315519097e-08,2.639031821e-06,2.5340257e-05,0.0001323125478,6.379086291e-13,1.186197327e-13,1.15266898e-14,7.533031585e-16,3.2215249e-06,1.088137089e-12,3.134949651e-10,2.960529826e-08,4.668877945e-07,3.509540716e-06
83,0.02259733725,0.01088990538,0.00470906129,0.00197281004,0.01410340482,0.00422228584,0.01184532341,0.027517673,0.05037255753,0.07986044479,0.03202795198,0.01543463426,0.006674318304,0.002796135095,0.01525602233,0.00422228873,0.01184531912,0.02751763629,0.05037244341,0.07986024962,0.0004272422055,0.0001448710801,4.407909257e-05,1.334957085e-05,0.0005173215671,2.90508665e-05,0.0001313016222,0.0004749554658,0.001198668841,0.002504424136,0.0003014409479,0.0001022137828,3.109997742e-05,9.418775029e-06,0.0004782370743,2.905084662e-05,0.0001313016698,0.0004749560996,0.001198671557,0.002504430256,0.01055267306,0.004013596677,0.001369772275,0.0004612231075,0.004440184538,0.0004716055839,0.00136431337,0.003261086046,0.005847419203,0.009082668419,0.01542409006,0.005866393117,0.002002101865,0.0006741385969,0.004836472444,0.0004716059351,0.001364312832,0.003261081311,0.005847404786,0.009082644263,0.0002206419694,5.985103085e-05,1.456795335e-05,3.590582061e-06,0.0001763146241,3.561886817e-06,1.629900633e-05,5.963900188e-05,0.0001453078776,0.0002936460282,0.0001509562352,4.094814203e-05,9.966914748e-06,2.456556298e-06,0.0001618678648,3.561884164e-06,1.629901275e-05,5.963908848e-05,0.0001453082359,0.0002936468091,2.265877748e-07,2.781488511e-08,2.584243065e-09,2.251058977e-10,1.101640128e-05,3.80388933e-09,1.12660418e-07,1.941420496e-06,1.357061437e-05,6.320295864e-05,3.411393026e-10,2.634471396e-11,1.398486235e-12,6.671264266e-14,9.575161072e-07,6.664613823e-12,6.581817298e-10,3.121893681e-08,4.082216965e-07,3.130817271e-06,1.709456523e-09,2.331417162e-10,2.277682309e-11,1.979105169e-12,3.350175824e-06,2.428758701e-10,1.340989447e-08,3.879098567e-07,3.787122276e-06,2.285019694e-05,2.048252368e-09,3.435696469e-10,4.128167798e-11,4.341996105e-12,5.318174815e-06,6.733561393e-10,3.298637554e-08,8.538855012e-07,7.745089611e-06,4.369810912e-05,1.995160704e-09,4.346387463e-10,6.782506622e-11,9.080490313e-12,8.52571885e-06,1.873947231e-09,7.892680886e-08,1.775637563e-06,1.452350423e-05,7.445060616e-05,3.0104361e-10,7.547751819e-11,1.300794788e-11,1.840113905e-12,7.583868813e-06,8.321098933e-10,4.356652768e-08,1.146336905e-06,9.990876157e-06,5.260176017e-05,4.934989136e-13,9.20368386e-14,1.009057191e-14,8.183465318e-16,1.594513368e-06,2.220896845e-12,4.310345793e-10,3.218422226e-08,4.947768646e-07,3.922032807e-06,9.659967647e-12,2.180396887e-12,2.893170527e-13,2.798363738e-14,5.661458122e-06,3.660434549e-11,4.969564542e-09,2.662789159e-07,3.319933423e-06,2.188093019e-05,2.0493671e-10,5.93771981e-11,1.011342453e-11,1.231762238e-12,2.299700629e-05,8.250789928e-10,7.315523014e-08,2.639033072e-06,2.534026814e-05,0.0001323126012,6.379091673e-13,1.186198351e-13,1.152669997e-14,7.533038364e-16,3.221525989e-06,1.088138144e-12,3.134952332e-10,2.960532045e-08,4.668881169e-07,3.509542929e-06
84,0.02259733713,0.01088990523,0.004709061188,0.001972809982,0.01410340454,0.00422228578,0.01184532332,0.02751767295,0.05037255772,0.07986044561,0.03202795182,0.01543463405,0.00667431816,0.002796135013,0.01525602202,0.00422228867,0.01184531903,0.02751763624,0.05037244359,0.07986025044,0.0004272422023,0.0001448710772,4.407909117e-05,1.334957028e-05,0.0005173215512,2.905086558e-05,0.0001313016189,0.0004749554567,0.001198668824,0.002504424116,0.0003014409456,0.0001022137808,3.109997643e-05,9.418774623e-06,0.0004782370596,2.90508457e-05,0.0001313016664,0.0004749560904,0.00119867154,0.002504430236,0.01055267303,0.004013596651,0.00136977226,0.0004612231008,0.004440184507,0.0004716055886,0.001364313395,0.003261086128,0.005847419394,0.009082668805,0.01542409002,0.005866393078,0.002002101843,0.0006741385871,0.00483647241,0.0004716059398,0.001364312857,0.003261081393,0.005847404977,0.00908264465,0.0002206419684,5.98510301e-05,1.456795305e-05,3.590581961e-06,0.000176314621,3.561886793e-06,1.629900634e-05,5.963900238e-05,0.0001453078799,0.0002936460355,0.0001509562344,4.094814151e-05,9.966914544e-06,2.45655623e-06,0.000161867862,3.56188414e-06,1.629901277e-05,5.963908898e-05,0.0001453082381,0.0002936468164,2.265877702e-07,2.781488363e-08,2.584242843e-09,2.251058714e-10,1.101640056e-05,3.803888959e-09,1.126604087e-07,1.941420362e-06,1.357061357e-05,6.320295564e-05,3.411392922e-10,2.634471183e-11,1.398486052e-12,6.671263088e-14,9.575160189e-07,6.664612727e-12,6.581816335e-10,3.121893277e-08,4.08221648e-07,3.130816928e-06,1.709456568e-09,2.331417119e-10,2.277682167e-11,1.979104964e-12,3.350175615e-06,2.428758449e-10,1.340989318e-08,3.879098224e-07,3.787121954e-06,2.285019503e-05,2.04825255e-09,3.43569663e-10,4.128167818e-11,4.341995959e-12,5.318174652e-06,6.73356112e-10,3.298637421e-08,8.53885467e-07,7.74508929e-06,4.369810713e-05,1.995161038e-09,4.346388024e-10,6.782507235e-11,9.080490809e-12,8.525718932e-06,1.873947305e-09,7.892681123e-08,1.775637601e-06,1.452350443e-05,7.445060639e-05,3.010436878e-10,7.547753481e-11,1.300795024e-11,1.840114174e-12,7.583869195e-06,8.321100014e-10,4.356653243e-08,1.146337008e-06,9.990876908e-06,5.260176314e-05,4.934991352e-13,9.203687636e-14,1.009057566e-14,8.183468064e-16,1.594513561e-06,2.220897596e-12,4.310347057e-10,3.218423036e-08,4.947769759e-07,3.922033563e-06,9.659972773e-12,2.180397996e-12,2.893171934e-13,2.798365041e-14,5.661459147e-06,3.660436352e-11,4.969566698e-09,2.662790168e-07,3.319934572e-06,2.188093697e-05,2.049368301e-10,5.93772321e-11,1.011343019e-11,1.231762912e-12,2.299701136e-05,8.250794884e-10,7.315526926e-08,2.639034322e-06,2.534027928e-05,0.0001323126544,6.37909705e-13,1.186199373e-13,1.152671013e-14,7.533045137e-16,3.221527077e-06,1.088139197e-12,3.13495501e-10,2.960534262e-08,4.668884389e-07,3.509545139e-06
85,0.02259733702,0.01088990509,0.004709061087,0.001972809924,0.01410340426,0.00422228572,0.01184532323,0.0275176729,0.0503725579,0.07986044642,0.03202795165,0.01543463385,0.006674318015,0.002796134931,0.01525602172,0.00422228861,0.01184531894,0.02751763619,0.05037244378,0.07986025125,0.0004272421991,0.0001448710744,4.407908977e-05,1.33495697e-05,0.0005173215352,2.905086466e-05,0.0001313016155,0.0004749554475,0.001198668807,0.002504424096,0.0003014409434,0.0001022137788,3.109997544e-05,9.418774218e-06,0.0004782370448,2.905084478e-05,0.0001313016631,0.0004749560813,0.001198671523,0.002504430216,0.010552673,0.004013596624,0.001369772245,0.0004612230941,0.004440184476,0.0004716055933,0.001364313419,0.003261086211,0.005847419584,0.009082669191,0.01542408998,0.005866393039,0.002002101822,0.0006741385773,0.004836472376,0.0004716059445,0.001364312881,0.003261081475,0.005847405167,0.009082645036,0.0002206419673,5.985102934e-05,1.456795276e-05,3.590581862e-06,0.0001763146179,3.561886768e-06,1.629900636e-05,5.963900288e-05,0.0001453078821,0.0002936460428,0.0001509562337,4.094814099e-05,9.966914339e-06,2.456556162e-06,0.0001618678591,3.561884115e-06,1.629901279e-05,5.963908948e-05,0.0001453082404,0.0002936468238,2.265877656e-07,2.781488215e-08,2.58424262e-09,2.251058452e-10,1.101639983e-05,3.803888589e-09,1.126603994e-07,1.941420228e-06,1.357061278e-05,6.320295265e-05,3.411392817e-10,2.634470971e-11,1.39848587e-12,6.671261911e-14,9.575159307e-07,6.664611632e-12,6.581815373e-10,3.121892873e-08,4.082215994e-07,3.130816586e-06,1.709456612e-09,2.331417077e-10,2.277682024e-11,1.979104759e-12,3.350175405e-06,2.428758197e-10,1.34098919e-08,3.879097881e-07,3.787121633e-06,2.285019312e-05,2.048252732e-09,3.435696791e-10,4.128167839e-11,4.341995813e-12,5.318174489e-06,6.733560847e-10,3.298637288e-08,8.538854329e-07,7.74508897e-06,4.369810515e-05,1.995161372e-09,4.346388584e-10,6.782507847e-11,9.080491305e-12,8.525719015e-06,1.873947379e-09,7.89268136e-08,1.775637638e-06,1.452350463e-05,7.445060663e-05,3.010437656e-10,7.547755142e-11,1.300795261e-11,1.840114443e-12,7.583869577e-06,8.321101094e-10,4.356653717e-08,1.14633711e-06,9.990877657e-06,5.260176612e-05,4.934993564e-13,9.203691406e-14,1.00905794e-14,8.183470808e-16,1.594513755e-06,2.220898346e-12,4.310348319e-10,3.218423845e-08,4.947770869e-07,3.922034319e-06,9.659977892e-12,2.180399103e-12,2.89317334e-13,2.798366343e-14,5.661460172e-06,3.660438154e-11,4.969568851e-09,2.662791176e-07,3.319935719e-06,2.188094373e-05,2.049369501e-10,5.937726607e-11,1.011343584e-11,1.231763585e-12,2.299701642e-05,8.250799834e-10,7.315530834e-08,2.639035571e-06,2.534029039e-05,0.0001323127076,6.379102421e-13,1.186200395e-13,1.152672028e-14,7.533051901e-16,3.221528165e-06,1.088140249e-12,3.134957685e-10,2.960536476e-08,4.668887606e-07,3.509547347e-06
86,0.0225973369,0.01088990494,0.004709060985,0.001972809867,0.01410340399,0.00422228566,0.01184532314,0.02751767285,0.05037255809,0.07986044723,0.03202795149,0.01543463364,0.006674317871,0.002796134849,0.01525602142,0.00422228855,0.01184531884,0.02751763614,0.05037244396,0.07986025207,0.0004272421959,0.0001448710716,4.407908837e-05,1.334956913e-05,0.0005173215193,2.905086374e-05,0.0001313016122,0.0004749554383,0.00119866879,0.002504424076,0.0003014409411,0.0001022137768,3.109997445e-05,9.418773813e-06,0.0004782370301,2.905084385e-05,0.0001313016598,0.0004749560721,0.001198671506,0.002504430196,0.01055267298,0.004013596598,0.001369772231,0.0004612230875,0.004440184445,0.000471605598,0.001364313443,0.003261086293,0.005847419774,0.009082669576,0.01542408994,0.005866393001,0.0020021018,0.0006741385676,0.004836472342,0.0004716059492,0.001364312905,0.003261081557,0.005847405357,0.009082645421,0.0002206419662,5.985102858e-05,1.456795246e-05,3.590581762e-06,0.0001763146148,3.561886744e-06,1.629900638e-05,5.963900338e-05,0.0001453078843,0.0002936460501,0.000150956233,4.094814047e-05,9.966914135e-06,2.456556094e-06,0.0001618678563,3.561884091e-06,1.62990128e-05,5.963908998e-05,0.0001453082426,0.0002936468311,2.26587761e-07,2.781488068e-08,2.584242398e-09,2.251058191e-10,1.101639911e-05,3.803888219e-09,1.126603901e-07,1.941420094e-06,1.357061198e-05,6.320294966e-05,3.411392712e-10,2.63447076e-11,1.398485688e-12,6.671260737e-14,9.575158426e-07,6.664610539e-12,6.581814412e-10,3.12189247e-08,4.08221551e-07,3.130816244e-06,1.709456657e-09,2.331417034e-10,2.277681882e-11,1.979104555e-12,3.350175196e-06,2.428757945e-10,1.340989061e-08,3.879097538e-07,3.787121312e-06,2.285019121e-05,2.048252913e-09,3.435696951e-10,4.128167859e-11,4.341995667e-12,5.318174327e-06,6.733560574e-10,3.298637156e-08,8.538853988e-07,7.745088651e-06,4.369810318e-05,1.995161706e-09,4.346389143e-10,6.782508458e-11,9.080491799e-12,8.525719097e-06,1.873947453e-09,7.892681596e-08,1.775637676e-06,1.452350482e-05,7.445060686e-05,3.010438433e-10,7.5477568e-11,1.300795497e-11,1.840114712e-12,7.583869958e-06,8.321102172e-10,4.356654191e-08,1.146337213e-06,9.990878405e-06,5.260176908e-05,4.934995774e-13,9.203695171e-14,1.009058314e-14,8.183473547e-16,1.594513948e-06,2.220899094e-12,4.31034958e-10,3.218424653e-08,4.947771978e-07,3.922035072e-06,9.659983004e-12,2.180400209e-12,2.893174743e-13,2.798367644e-14,5.661461194e-06,3.660439953e-11,4.969571e-09,2.662792183e-07,3.319936864e-06,2.188095048e-05,2.049370698e-10,5.937729998e-11,1.011344148e-11,1.231764257e-12,2.299702148e-05,8.250804777e-10,7.315534736e-08,2.639036817e-06,2.534030149e-05,0.0001323127608,6.379107783e-13,1.186201415e-13,1.152673041e-14,7.533058655e-16,3.22152925e-06,1.088141299e-12,3.134960356e-10,2.960538687e-08,4.668890818e-07,3.509549551e-06
87,0.02259733679,0.0108899048,0.004709060883,0.001972809809,0.01410340371,0.0042222856,0.01184532305,0.0275176728,0.05037255827,0.07986044805,0.03202795133,0.01543463344,0.006674317727,0.002796134768,0.01525602112,0.00422228849,0.01184531875,0.02751763609,0.05037244415,0.07986025288,0.0004272421927,0.0001448710687,4.407908697e-05,1.334956856e-05,0.0005173215034,2.905086282e-05,0.0001313016089,0.0004749554292,0.001198668773,0.002504424055,0.0003014409389,0.0001022137748,3.109997346e-05,9.418773409e-06,0.0004782370155,2.905084294e-05,0.0001313016565,0.000474956063,0.001198671489,0.002504430176,0.01055267295,0.004013596571,0.001369772216,0.0004612230808,0.004440184414,0.0004716056027,0.001364313468,0.003261086374,0.005847419964,0.009082669961,0.01542408991,0.005866392962,0.002002101779,0.0006741385578,0.004836472308,0.0004716059539,0.00136431293,0.003261081639,0.005847405547,0.009082645806,0.0002206419652,5.985102782e-05,1.456795216e-05,3.590581663e-06,0.0001763146117,3.561886719e-06,1.629900639e-05,5.963900387e-05,0.0001453078866,0.0002936460574,0.0001509562322,4.094813996e-05,9.966913931e-06,2.456556026e-06,0.0001618678534,3.561884066e-06,1.629901282e-05,5.963909048e-05,0.0001453082448,0.0002936468384,2.265877564e-07,2.78148792e-08,2.584242177e-09,2.25105793e-10,1.101639839e-05,3.80388785e-09,1.126603808e-07,1.941419961e-06,1.357061119e-05,6.320294668e-05,3.411392608e-10,2.634470548e-11,1.398485507e-12,6.671259564e-14,9.575157546e-07,6.664609448e-12,6.581813454e-10,3.121892068e-08,4.082215026e-07,3.130815903e-06,1.709456701e-09,2.331416992e-10,2.27768174e-11,1.979104351e-12,3.350174988e-06,2.428757693e-10,1.340988933e-08,3.879097197e-07,3.787120991e-06,2.28501893e-05,2.048253094e-09,3.435697112e-10,4.128167879e-11,4.341995521e-12,5.318174165e-06,6.733560302e-10,3.298637023e-08,8.538853648e-07,7.745088332e-06,4.36981012e-05,1.995162039e-09,4.346389701e-10,6.782509068e-11,9.080492293e-12,8.525719179e-06,1.873947527e-09,7.892681832e-08,1.775637713e-06,1.452350502e-05,7.445060709e-05,3.010439208e-10,7.547758454e-11,1.300795732e-11,1.840114979e-12,7.583870339e-06,8.321103248e-10,4.356654664e-08,1.146337315e-06,9.990879152e-06,5.260177204e-05,4.934997979e-13,9.203698929e-14,1.009058687e-14,8.183476281e-16,1.594514141e-06,2.220899842e-12,4.310350838e-10,3.218425459e-08,4.947773085e-07,3.922035825e-06,9.659988105e-12,2.180401312e-12,2.893176143e-13,2.798368941e-14,5.661462215e-06,3.660441748e-11,4.969573146e-09,2.662793187e-07,3.319938008e-06,2.188095723e-05,2.049371894e-10,5.937733383e-11,1.011344711e-11,1.231764927e-12,2.299702652e-05,8.25080971e-10,7.31553863e-08,2.639038061e-06,2.534031257e-05,0.0001323128138,6.379113134e-13,1.186202432e-13,1.152674052e-14,7.533065396e-16,3.221530333e-06,1.088142348e-12,3.134963022e-10,2.960540894e-08,4.668894023e-07,3.509551751e-06
88,0.02259733667,0.01088990465,0.004709060782,0.001972809752,0.01410340343,0.004222285541,0.01184532295,0.02751767276,0.05037255846,0.07986044886,0.03202795117,0.01543463323,0.006674317584,0.002796134687,0.01525602082,0.004222288431,0.01184531866,0.02751763604,0.05037244433,0.07986025369,0.0004272421895,0.0001448710659,4.407908557e-05,1.334956799e-05,0.0005173214876,2.90508619e-05,0.0001313016056,0.0004749554201,0.001198668756,0.002504424035,0.0003014409366,0.0001022137728,3.109997248e-05,9.418773005e-06,0.0004782370008,2.905084202e-05,0.0001313016532,0.0004749560539,0.001198671472,0.002504430156,0.01055267293,0.004013596545,0.001369772201,0.0004612230742,0.004440184383,0.0004716056073,0.001364313492,0.003261086456,0.005847420153,0.009082670345,0.01542408987,0.005866392923,0.002002101758,0.0006741385481,0.004836472275,0.0004716059586,0.001364312954,0.003261081721,0.005847405736,0.00908264619,0.0002206419641,5.985102707e-05,1.456795186e-05,3.590581564e-06,0.0001763146086,3.561886695e-06,1.629900641e-05,5.963900437e-05,0.0001453078888,0.0002936460647,0.0001509562315,4.094813944e-05,9.966913728e-06,2.456555958e-06,0.0001618678506,3.561884042e-06,1.629901284e-05,5.963909097e-05,0.000145308247,0.0002936468457,2.265877519e-07,2.781487773e-08,2.584241956e-09,2.251057669e-10,1.101639766e-05,3.803887481e-09,1.126603715e-07,1.941419828e-06,1.35706104e-05,6.320294371e-05,3.411392504e-10,2.634470337e-11,1.398485325e-12,6.671258394e-14,9.575156669e-07,6.66460836e-12,6.581812497e-10,3.121891666e-08,4.082214544e-07,3.130815562e-06,1.709456746e-09,2.33141695e-10,2.277681598e-11,1.979104147e-12,3.35017478e-06,2.428757442e-10,1.340988805e-08,3.879096856e-07,3.787120672e-06,2.28501874e-05,2.048253274e-09,3.435697271e-10,4.1281679e-11,4.341995376e-12,5.318174003e-06,6.733560031e-10,3.298636891e-08,8.538853308e-07,7.745088013e-06,4.369809923e-05,1.995162372e-09,4.346390258e-10,6.782509676e-11,9.080492786e-12,8.525719261e-06,1.8739476e-09,7.892682068e-08,1.775637751e-06,1.452350522e-05,7.445060733e-05,3.010439982e-10,7.547760106e-11,1.300795967e-11,1.840115247e-12,7.583870718e-06,8.321104321e-10,4.356655136e-08,1.146337417e-06,9.990879897e-06,5.2601775e-05,4.935000179e-13,9.203702678e-14,1.009059059e-14,8.183479009e-16,1.594514334e-06,2.220900587e-12,4.310352094e-10,3.218426264e-08,4.94777419e-07,3.922036576e-06,9.659993196e-12,2.180402414e-12,2.893177541e-13,2.798370236e-14,5.661463233e-06,3.660443539e-11,4.969575287e-09,2.66279419e-07,3.319939148e-06,2.188096395e-05,2.049373087e-10,5.93773676e-11,1.011345273e-11,1.231765597e-12,2.299703155e-05,8.250814632e-10,7.315542515e-08,2.639039303e-06,2.534032363e-05,0.0001323128667,6.379118474e-13,1.186203448e-13,1.152675061e-14,7.533072122e-16,3.221531414e-06,1.088143394e-12,3.134965682e-10,2.960543095e-08,4.668897222e-07,3.509553946e-06
89,0.02259733656,0.01088990451,0.004709060681,0.001972809695,0.01410340316,0.004222285481,0.01184532286,0.02751767271,0.05037255864,0.07986044966,0.032027951,0.01543463303,0.006674317441,0.002796134605,0.01525602053,0.004222288371,0.01184531857,0.02751763599,0.05037244451,0.0798602545,0.0004272421863,0.0001448710631,4.407908418e-05,1.334956742e-05,0.0005173214718,2.905086099e-05,0.0001313016023,0.000474955411,0.001198668739,0.002504424015,0.0003014409344,0.0001022137708,3.10999715e-05,9.418772603e-06,0.0004782369862,2.90508411e-05,0.0001313016499,0.0004749560448,0.001198671455,0.002504430136,0.0105526729,0.004013596518,0.001369772187,0.0004612230675,0.004440184352,0.000471605612,0.001364313516,0.003261086538,0.005847420342,0.009082670728,0.01542408983,0.005866392885,0.002002101736,0.0006741385384,0.004836472241,0.0004716059632,0.001364312978,0.003261081802,0.005847405925,0.009082646572,0.0002206419631,5.985102632e-05,1.456795156e-05,3.590581465e-06,0.0001763146055,3.56188667e-06,1.629900643e-05,5.963900487e-05,0.000145307891,0.000293646072,0.0001509562308,4.094813893e-05,9.966913525e-06,2.45655589e-06,0.0001618678477,3.561884017e-06,1.629901285e-05,5.963909147e-05,0.0001453082493,0.0002936468529,2.265877473e-07,2.781487627e-08,2.584241735e-09,2.251057409e-10,1.101639694e-05,3.803887114e-09,1.126603623e-07,1.941419695e-06,1.357060961e-05,6.320294074e-05,3.4113924e-10,2.634470127e-11,1.398485145e-12,6.671257228e-14,9.575155794e-07,6.664607274e-12,6.581811543e-10,3.121891266e-08,4.082214062e-07,3.130815222e-06,1.70945679e-09,2.331416908e-10,2.277681457e-11,1.979103944e-12,3.350174572e-06,2.428757192e-10,1.340988678e-08,3.879096515e-07,3.787120353e-06,2.285018551e-05,2.048253454e-09,3.435697431e-10,4.12816792e-11,4.341995231e-12,5.318173842e-06,6.73355976e-10,3.29863676e-08,8.538852969e-07,7.745087696e-06,4.369809727e-05,1.995162703e-09,4.346390814e-10,6.782510283e-11,9.080493278e-12,8.525719343e-06,1.873947674e-09,7.892682302e-08,1.775637788e-06,1.452350542e-05,7.445060756e-05,3.010440754e-10,7.547761753e-11,1.300796201e-11,1.840115514e-12,7.583871097e-06,8.321105392e-10,4.356655606e-08,1.146337519e-06,9.990880641e-06,5.260177794e-05,4.935002374e-13,9.203706418e-14,1.00905943e-14,8.18348173e-16,1.594514526e-06,2.220901331e-12,4.310353346e-10,3.218427066e-08,4.947775291e-07,3.922037325e-06,9.659998274e-12,2.180403512e-12,2.893178935e-13,2.798371528e-14,5.661464249e-06,3.660445326e-11,4.969577422e-09,2.662795189e-07,3.319940286e-06,2.188097066e-05,2.049374277e-10,5.937740129e-11,1.011345833e-11,1.231766264e-12,2.299703657e-05,8.250819542e-10,7.315546391e-08,2.639040541e-06,2.534033466e-05,0.0001323129195,6.379123801e-13,1.186204461e-13,1.152676067e-14,7.533078831e-16,3.221532492e-06,1.088144437e-12,3.134968335e-10,2.960545291e-08,4.668900413e-07,3.509556136e-06
90,0.02259733645,0.01088990437,0.00470906058,0.001972809638,0.01410340288,0.004222285422,0.01184532277,0.02751767266,0.05037255882,0.07986045047,0.03202795084,0.01543463282,0.006674317298,0.002796134525,0.01525602023,0.004222288312,0.01184531848,0.02751763594,0.0503724447,0.0798602553,0.0004272421832,0.0001448710602,4.407908279e-05,1.334956685e-05,0.000517321456,2.905086008e-05,0.000131301599,0.0004749554019,0.001198668723,0.002504423996,0.0003014409321,0.0001022137688,3.109997052e-05,9.418772202e-06,0.0004782369716,2.905084019e-05,0.0001313016466,0.0004749560357,0.001198671438,0.002504430116,0.01055267287,0.004013596492,0.001369772172,0.0004612230609,0.004440184322,0.0004716056166,0.00136431354,0.003261086619,0.00584742053,0.009082671109,0.01542408979,0.005866392846,0.002002101715,0.0006741385287,0.004836472208,0.0004716059679,0.001364313002,0.003261081883,0.005847406113,0.009082646954,0.000220641962,5.985102557e-05,1.456795127e-05,3.590581366e-06,0.0001763146024,3.561886646e-06,1.629900644e-05,5.963900536e-05,0.0001453078932,0.0002936460792,0.0001509562301,4.094813841e-05,9.966913322e-06,2.456555823e-06,0.0001618678449,3.561883993e-06,1.629901287e-05,5.963909196e-05,0.0001453082515,0.0002936468602,2.265877428e-07,2.781487481e-08,2.584241515e-09,2.25105715e-10,1.101639623e-05,3.803886747e-09,1.126603531e-07,1.941419563e-06,1.357060883e-05,6.320293778e-05,3.411392297e-10,2.634469917e-11,1.398484964e-12,6.671256064e-14,9.575154921e-07,6.664606192e-12,6.581810592e-10,3.121890866e-08,4.082213582e-07,3.130814884e-06,1.709456834e-09,2.331416866e-10,2.277681316e-11,1.979103741e-12,3.350174365e-06,2.428756943e-10,1.340988551e-08,3.879096176e-07,3.787120035e-06,2.285018362e-05,2.048253634e-09,3.43569759e-10,4.12816794e-11,4.341995086e-12,5.318173681e-06,6.73355949e-10,3.298636628e-08,8.538852632e-07,7.745087379e-06,4.369809531e-05,1.995163034e-09,4.346391368e-10,6.782510889e-11,9.080493768e-12,8.525719425e-06,1.873947747e-09,7.892682536e-08,1.775637825e-06,1.452350562e-05,7.445060779e-05,3.010441523e-10,7.547763395e-11,1.300796435e-11,1.840115779e-12,7.583871475e-06,8.32110646e-10,4.356656076e-08,1.146337621e-06,9.990881382e-06,5.260178088e-05,4.935004563e-13,9.203710147e-14,1.0090598e-14,8.183484443e-16,1.594514717e-06,2.220902073e-12,4.310354594e-10,3.218427866e-08,4.94777639e-07,3.922038072e-06,9.660003337e-12,2.180404607e-12,2.893180324e-13,2.798372815e-14,5.661465261e-06,3.660447108e-11,4.969579552e-09,2.662796186e-07,3.319941421e-06,2.188097735e-05,2.049375463e-10,5.937743489e-11,1.011346392e-11,1.23176693e-12,2.299704158e-05,8.250824438e-10,7.315550256e-08,2.639041776e-06,2.534034565e-05,0.0001323129721,6.379129112e-13,1.186205471e-13,1.152677071e-14,7.533085521e-16,3.221533567e-06,1.088145478e-12,3.134970981e-10,2.960547481e-08,4.668903594e-07,3.509558319e-06
91,0.02259733633,0.01088990422,0.00470906048,0.001972809581,0.01410340261,0.004222285363,0.01184532268,0.02751767261,0.05037255901,0.07986045127,0.03202795068,0.01543463262,0.006674317156,0.002796134444,0.01525601993,0.004222288253,0.01184531839,0.02751763589,0.05037244488,0.07986025611,0.00042724218,0.0001448710574,4.407908141e-05,1.334956628e-05,0.0005173214403,2.905085917e-05,0.0001313015958,0.0004749553929,0.001198668706,0.002504423976,0.0003014409299,0.0001022137669,3.109996954e-05,9.418771802e-06,0.0004782369571,2.905083928e-05,0.0001313016433,0.0004749560267,0.001198671422,0.002504430096,0.01055267285,0.004013596466,0.001369772158,0.0004612230543,0.004440184291,0.0004716056213,0.001364313564,0.0032610867,0.005847420718,0.00908267149,0.01542408975,0.005866392808,0.002002101694,0.0006741385191,0.004836472174,0.0004716059725,0.001364313026,0.003261081964,0.005847406301,0.009082647335,0.000220641961,5.985102482e-05,1.456795097e-05,3.590581268e-06,0.0001763145993,3.561886622e-06,1.629900646e-05,5.963900586e-05,0.0001453078954,0.0002936460865,0.0001509562294,4.09481379e-05,9.966913121e-06,2.456555755e-06,0.0001618678421,3.561883969e-06,1.629901289e-05,5.963909246e-05,0.0001453082537,0.0002936468674,2.265877383e-07,2.781487335e-08,2.584241296e-09,2.251056892e-10,1.101639551e-05,3.803886382e-09,1.126603439e-07,1.941419431e-06,1.357060804e-05,6.320293483e-05,3.411392194e-10,2.634469708e-11,1.398484785e-12,6.671254904e-14,9.575154051e-07,6.664605112e-12,6.581809644e-10,3.121890468e-08,4.082213104e-07,3.130814546e-06,1.709456878e-09,2.331416824e-10,2.277681175e-11,1.979103539e-12,3.350174159e-06,2.428756694e-10,1.340988424e-08,3.879095838e-07,3.787119718e-06,2.285018173e-05,2.048253812e-09,3.435697748e-10,4.12816796e-11,4.341994942e-12,5.318173521e-06,6.733559221e-10,3.298636497e-08,8.538852295e-07,7.745087064e-06,4.369809336e-05,1.995163363e-09,4.34639192e-10,6.782511492e-11,9.080494257e-12,8.525719506e-06,1.87394782e-09,7.89268277e-08,1.775637862e-06,1.452350581e-05,7.445060802e-05,3.01044229e-10,7.547765032e-11,1.300796668e-11,1.840116045e-12,7.583871851e-06,8.321107525e-10,4.356656543e-08,1.146337722e-06,9.990882121e-06,5.260178381e-05,4.935006744e-13,9.203713865e-14,1.009060169e-14,8.183487148e-16,1.594514908e-06,2.220902812e-12,4.310355839e-10,3.218428664e-08,4.947777485e-07,3.922038816e-06,9.660008384e-12,2.180405699e-12,2.89318171e-13,2.798374099e-14,5.661466271e-06,3.660448884e-11,4.969581675e-09,2.66279718e-07,3.319942552e-06,2.188098402e-05,2.049376646e-10,5.937746837e-11,1.011346949e-11,1.231767593e-12,2.299704657e-05,8.250829319e-10,7.315554109e-08,2.639043007e-06,2.534035661e-05,0.0001323130246,6.379134407e-13,1.186206478e-13,1.152678071e-14,7.53309219e-16,3.221534639e-06,1.088146515e-12,3.134973619e-10,2.960549664e-08,4.668906765e-07,3.509560496e-06
92,0.02259733622,0.01088990408,0.00470906038,0.001972809524,0.01410340233,0.004222285304,0.01184532259,0.02751767256,0.05037255919,0.07986045207,0.03202795052,0.01543463242,0.006674317014,0.002796134364,0.01525601964,0.004222288194,0.0118453183,0.02751763584,0.05037244506,0.07986025691,0.0004272421769,0.0001448710546,4.407908003e-05,1.334956572e-05,0.0005173214246,2.905085826e-05,0.0001313015925,0.0004749553839,0.001198668689,0.002504423956,0.0003014409277,0.0001022137649,3.109996857e-05,9.418771404e-06,0.0004782369426,2.905083838e-05,0.0001313016401,0.0004749560177,0.001198671405,0.002504430076,0.01055267282,0.00401359644,0.001369772143,0.0004612230478,0.004440184261,0.0004716056259,0.001364313588,0.003261086781,0.005847420905,0.009082671869,0.01542408971,0.00586639277,0.002002101673,0.0006741385095,0.004836472141,0.0004716059771,0.00136431305,0.003261082045,0.005847406488,0.009082647714,0.0002206419599,5.985102407e-05,1.456795068e-05,3.59058117e-06,0.0001763145963,3.561886598e-06,1.629900648e-05,5.963900635e-05,0.0001453078976,0.0002936460937,0.0001509562286,4.094813739e-05,9.96691292e-06,2.456555688e-06,0.0001618678393,3.561883945e-06,1.62990129e-05,5.963909295e-05,0.0001453082559,0.0002936468746,2.265877338e-07,2.78148719e-08,2.584241078e-09,2.251056635e-10,1.10163948e-05,3.803886018e-09,1.126603348e-07,1.941419299e-06,1.357060726e-05,6.320293189e-05,3.411392091e-10,2.6344695e-11,1.398484605e-12,6.671253748e-14,9.575153184e-07,6.664604037e-12,6.581808699e-10,3.121890072e-08,4.082212627e-07,3.13081421e-06,1.709456922e-09,2.331416782e-10,2.277681035e-11,1.979103338e-12,3.350173953e-06,2.428756446e-10,1.340988298e-08,3.879095501e-07,3.787119402e-06,2.285017985e-05,2.048253991e-09,3.435697906e-10,4.12816798e-11,4.341994799e-12,5.318173361e-06,6.733558953e-10,3.298636367e-08,8.53885196e-07,7.745086749e-06,4.369809141e-05,1.995163691e-09,4.34639247e-10,6.782512094e-11,9.080494743e-12,8.525719587e-06,1.873947892e-09,7.892683002e-08,1.775637899e-06,1.452350601e-05,7.445060825e-05,3.010443054e-10,7.547766663e-11,1.3007969e-11,1.840116309e-12,7.583872226e-06,8.321108586e-10,4.35665701e-08,1.146337823e-06,9.990882857e-06,5.260178673e-05,4.935008918e-13,9.203717569e-14,1.009060537e-14,8.183489843e-16,1.594515099e-06,2.220903549e-12,4.31035708e-10,3.218429459e-08,4.947778576e-07,3.922039558e-06,9.660013414e-12,2.180406787e-12,2.893183091e-13,2.798375379e-14,5.661467277e-06,3.660450654e-11,4.96958379e-09,2.66279817e-07,3.319943679e-06,2.188099067e-05,2.049377825e-10,5.937750174e-11,1.011347504e-11,1.231768254e-12,2.299705154e-05,8.250834182e-10,7.315557948e-08,2.639044233e-06,2.534036754e-05,0.0001323130769,6.379139683e-13,1.186207482e-13,1.152679068e-14,7.533098836e-16,3.221535707e-06,1.088147549e-12,3.134976247e-10,2.96055184e-08,4.668909926e-07,3.509562664e-06
93,0.02259733611,0.01088990394,0.00470906028,0.001972809467,0.01410340206,0.004222285245,0.0118453225,0.02751767251,0.05037255937,0.07986045287,0.03202795036,0.01543463222,0.006674316873,0.002796134283,0.01525601934,0.004222288135,0.01184531821,0.02751763579,0.05037244524,0.0798602577,0.0004272421738,0.0001448710519,4.407907866e-05,1.334956515e-05,0.0005173214091,2.905085736e-05,0.0001313015892,0.0004749553749,0.001198668672,0.002504423936,0.0003014409255,0.0001022137629,3.10999676e-05,9.418771007e-06,0.0004782369282,2.905083748e-05,0.0001313016368,0.0004749560087,0.001198671388,0.002504430057,0.01055267279,0.004013596414,0.001369772129,0.0004612230412,0.00444018423,0.0004716056305,0.001364313612,0.003261086861,0.005847421091,0.009082672247,0.01542408967,0.005866392732,0.002002101652,0.0006741384999,0.004836472108,0.0004716059817,0.001364313074,0.003261082125,0.005847406674,0.009082648092,0.0002206419589,5.985102333e-05,1.456795039e-05,3.590581072e-06,0.0001763145932,3.561886574e-06,1.629900649e-05,5.963900684e-05,0.0001453078998,0.0002936461008,0.0001509562279,4.094813688e-05,9.96691272e-06,2.456555622e-06,0.0001618678365,3.561883921e-06,1.629901292e-05,5.963909344e-05,0.0001453082581,0.0002936468818,2.265877293e-07,2.781487045e-08,2.58424086e-09,2.251056378e-10,1.101639409e-05,3.803885655e-09,1.126603257e-07,1.941419168e-06,1.357060649e-05,6.320292896e-05,3.411391989e-10,2.634469292e-11,1.398484427e-12,6.671252597e-14,9.575152321e-07,6.664602966e-12,6.581807757e-10,3.121889677e-08,4.082212152e-07,3.130813875e-06,1.709456966e-09,2.33141674e-10,2.277680896e-11,1.979103137e-12,3.350173748e-06,2.428756199e-10,1.340988172e-08,3.879095165e-07,3.787119087e-06,2.285017798e-05,2.048254168e-09,3.435698063e-10,4.128168e-11,4.341994655e-12,5.318173202e-06,6.733558686e-10,3.298636237e-08,8.538851626e-07,7.745086436e-06,4.369808948e-05,1.995164018e-09,4.346393019e-10,6.782512693e-11,9.080495229e-12,8.525719668e-06,1.873947965e-09,7.892683234e-08,1.775637936e-06,1.45235062e-05,7.445060847e-05,3.010443816e-10,7.547768288e-11,1.300797131e-11,1.840116572e-12,7.5838726e-06,8.321109642e-10,4.356657474e-08,1.146337923e-06,9.990883591e-06,5.260178964e-05,4.935011084e-13,9.203721259e-14,1.009060904e-14,8.183492528e-16,1.594515288e-06,2.220904283e-12,4.310358315e-10,3.218430251e-08,4.947779663e-07,3.922040297e-06,9.660018425e-12,2.18040787e-12,2.893184466e-13,2.798376653e-14,5.661468279e-06,3.660452417e-11,4.969585897e-09,2.662799157e-07,3.319944802e-06,2.188099729e-05,2.049378999e-10,5.937753499e-11,1.011348057e-11,1.231768913e-12,2.299705649e-05,8.250839027e-10,7.315561772e-08,2.639045455e-06,2.534037842e-05,0.0001323131289,6.379144939e-13,1.186208481e-13,1.152680061e-14,7.533105456e-16,3.221536771e-06,1.088148578e-12,3.134978865e-10,2.960554007e-08,4.668913074e-07,3.509564825e-06
94,0.02259733599,0.0108899038,0.004709060181,0.001972809411,0.01410340179,0.004222285187,0.01184532241,0.02751767246,0.05037255955,0.07986045366,0.0320279502,0.01543463201,0.006674316732,0.002796134204,0.01525601905,0.004222288076,0.01184531812,0.02751763574,0.05037244542,0.0798602585,0.0004272421706,0.0001448710491,4.407907729e-05,1.334956459e-05,0.0005173213935,2.905085646e-05,0.000131301586,0.000474955366,0.001198668656,0.002504423917,0.0003014409233,0.000102213761,3.109996664e-05,9.418770612e-06,0.0004782369139,2.905083658e-05,0.0001313016336,0.0004749559998,0.001198671372,0.002504430037,0.01055267277,0.004013596388,0.001369772115,0.0004612230347,0.0044401842,0.0004716056351,0.001364313636,0.003261086941,0.005847421277,0.009082672623,0.01542408964,0.005866392694,0.002002101631,0.0006741384904,0.004836472075,0.0004716059863,0.001364313098,0.003261082206,0.00584740686,0.009082648468,0.0002206419578,5.985102259e-05,1.45679501e-05,3.590580975e-06,0.0001763145902,3.56188655e-06,1.629900651e-05,5.963900732e-05,0.000145307902,0.000293646108,0.0001509562272,4.094813638e-05,9.96691252e-06,2.456555555e-06,0.0001618678337,3.561883897e-06,1.629901294e-05,5.963909393e-05,0.0001453082602,0.0002936468889,2.265877248e-07,2.781486901e-08,2.584240643e-09,2.251056123e-10,1.101639338e-05,3.803885294e-09,1.126603166e-07,1.941419038e-06,1.357060571e-05,6.320292604e-05,3.411391887e-10,2.634469086e-11,1.398484249e-12,6.67125145e-14,9.575151461e-07,6.664601899e-12,6.58180682e-10,3.121889283e-08,4.082211679e-07,3.130813541e-06,1.709457009e-09,2.331416699e-10,2.277680757e-11,1.979102937e-12,3.350173545e-06,2.428755954e-10,1.340988047e-08,3.879094831e-07,3.787118774e-06,2.285017612e-05,2.048254345e-09,3.43569822e-10,4.12816802e-11,4.341994513e-12,5.318173043e-06,6.73355842e-10,3.298636108e-08,8.538851293e-07,7.745086124e-06,4.369808755e-05,1.995164344e-09,4.346393564e-10,6.782513289e-11,9.080495712e-12,8.525719748e-06,1.873948037e-09,7.892683465e-08,1.775637973e-06,1.45235064e-05,7.44506087e-05,3.010444574e-10,7.547769907e-11,1.300797361e-11,1.840116834e-12,7.583872972e-06,8.321110695e-10,4.356657936e-08,1.146338023e-06,9.990884321e-06,5.260179253e-05,4.935013241e-13,9.203724934e-14,1.009061268e-14,8.183495202e-16,1.594515477e-06,2.220905013e-12,4.310359546e-10,3.218431039e-08,4.947780746e-07,3.922041033e-06,9.660023414e-12,2.18040895e-12,2.893185836e-13,2.798377922e-14,5.661469277e-06,3.660454172e-11,4.969587995e-09,2.662800139e-07,3.31994592e-06,2.188100388e-05,2.049380168e-10,5.937756809e-11,1.011348608e-11,1.231769569e-12,2.299706143e-05,8.250843851e-10,7.315565581e-08,2.639046672e-06,2.534038925e-05,0.0001323131808,6.379150173e-13,1.186209477e-13,1.15268105e-14,7.533112048e-16,3.22153783e-06,1.088149604e-12,3.134981472e-10,2.960556165e-08,4.668916209e-07,3.509566977e-06
95,0.02259733588,0.01088990365,0.004709060082,0.001972809355,0.01410340152,0.004222285128,0.01184532232,0.02751767241,0.05037255973,0.07986045445,0.03202795005,0.01543463181,0.006674316592,0.002796134124,0.01525601876,0.004222288018,0.01184531803,0.02751763569,0.0503724456,0.07986025929,0.0004272421675,0.0001448710463,4.407907593e-05,1.334956404e-05,0.0005173213781,2.905085557e-05,0.0001313015828,0.0004749553571,0.001198668639,0.002504423897,0.0003014409211,0.000102213759,3.109996568e-05,9.418770218e-06,0.0004782368996,2.905083568e-05,0.0001313016304,0.0004749559909,0.001198671355,0.002504430018,0.01055267274,0.004013596362,0.001369772101,0.0004612230282,0.00444018417,0.0004716056396,0.001364313659,0.003261087021,0.005847421461,0.009082672997,0.0154240896,0.005866392657,0.00200210161,0.0006741384809,0.004836472042,0.0004716059909,0.001364313121,0.003261082285,0.005847407044,0.009082648842,0.0002206419568,5.985102185e-05,1.456794981e-05,3.590580878e-06,0.0001763145872,3.561886526e-06,1.629900652e-05,5.963900781e-05,0.0001453079041,0.0002936461151,0.0001509562265,4.094813587e-05,9.966912322e-06,2.456555489e-06,0.000161867831,3.561883873e-06,1.629901295e-05,5.963909441e-05,0.0001453082624,0.000293646896,2.265877203e-07,2.781486758e-08,2.584240428e-09,2.251055869e-10,1.101639268e-05,3.803884934e-09,1.126603076e-07,1.941418908e-06,1.357060494e-05,6.320292314e-05,3.411391785e-10,2.63446888e-11,1.398484073e-12,6.671250309e-14,9.575150605e-07,6.664600837e-12,6.581805887e-10,3.121888891e-08,4.082211209e-07,3.130813209e-06,1.709457053e-09,2.331416658e-10,2.277680618e-11,1.979102739e-12,3.350173341e-06,2.428755709e-10,1.340987922e-08,3.879094498e-07,3.787118462e-06,2.285017426e-05,2.048254521e-09,3.435698376e-10,4.12816804e-11,4.341994371e-12,5.318172885e-06,6.733558155e-10,3.298635979e-08,8.538850962e-07,7.745085814e-06,4.369808563e-05,1.995164668e-09,4.346394108e-10,6.782513883e-11,9.080496192e-12,8.525719828e-06,1.873948109e-09,7.892683694e-08,1.775638009e-06,1.452350659e-05,7.445060893e-05,3.010445328e-10,7.547771518e-11,1.30079759e-11,1.840117095e-12,7.583873343e-06,8.321111742e-10,4.356658397e-08,1.146338123e-06,9.990885048e-06,5.260179541e-05,4.935015387e-13,9.203728592e-14,1.009061632e-14,8.183497864e-16,1.594515665e-06,2.220905741e-12,4.310360771e-10,3.218431824e-08,4.947781823e-07,3.922041766e-06,9.660028381e-12,2.180410024e-12,2.893187199e-13,2.798379185e-14,5.661470271e-06,3.66045592e-11,4.969590084e-09,2.662801117e-07,3.319947033e-06,2.188101044e-05,2.049381332e-10,5.937760104e-11,1.011349156e-11,1.231770222e-12,2.299706634e-05,8.250848654e-10,7.315569372e-08,2.639047883e-06,2.534040004e-05,0.0001323132324,6.379155384e-13,1.186210468e-13,1.152682034e-14,7.533118611e-16,3.221538885e-06,1.088150624e-12,3.134984067e-10,2.960558313e-08,4.66891933e-07,3.509569118e-06
96,0.02259733577,0.01088990351,0.004709059984,0.001972809299,0.01410340125,0.004222285071,0.01184532223,0.02751767236,0.05037255991,0.07986045524,0.03202794989,0.01543463162,0.006674316453,0.002796134045,0.01525601847,0.00422228796,0.01184531794,0.02751763564,0.05037244578,0.07986026007,0.0004272421644,0.0001448710436,4.407907458e-05,1.334956348e-05,0.0005173213627,2.905085467e-05,0.0001313015796,0.0004749553483,0.001198668623,0.002504423878,0.0003014409189,0.0001022137571,3.109996472e-05,9.418769826e-06,0.0004782368853,2.905083479e-05,0.0001313016272,0.000474955982,0.001198671339,0.002504429998,0.01055267272,0.004013596336,0.001369772086,0.0004612230218,0.00444018414,0.0004716056442,0.001364313683,0.0032610871,0.005847421645,0.00908267337,0.01542408956,0.005866392619,0.002002101589,0.0006741384715,0.00483647201,0.0004716059954,0.001364313145,0.003261082365,0.005847407228,0.009082649215,0.0002206419558,5.985102112e-05,1.456794952e-05,3.590580782e-06,0.0001763145842,3.561886502e-06,1.629900654e-05,5.963900829e-05,0.0001453079063,0.0002936461222,0.0001509562258,4.094813537e-05,9.966912124e-06,2.456555423e-06,0.0001618678282,3.561883849e-06,1.629901297e-05,5.963909489e-05,0.0001453082646,0.0002936469031,2.265877159e-07,2.781486615e-08,2.584240213e-09,2.251055616e-10,1.101639198e-05,3.803884577e-09,1.126602986e-07,1.941418779e-06,1.357060417e-05,6.320292025e-05,3.411391684e-10,2.634468675e-11,1.398483897e-12,6.671249173e-14,9.575149753e-07,6.66459978e-12,6.581804958e-10,3.121888501e-08,4.08221074e-07,3.130812878e-06,1.709457096e-09,2.331416617e-10,2.277680481e-11,1.979102541e-12,3.350173139e-06,2.428755465e-10,1.340987798e-08,3.879094167e-07,3.787118152e-06,2.285017242e-05,2.048254697e-09,3.435698531e-10,4.12816806e-11,4.34199423e-12,5.318172728e-06,6.733557892e-10,3.298635851e-08,8.538850632e-07,7.745085505e-06,4.369808371e-05,1.995164991e-09,4.346394649e-10,6.782514474e-11,9.080496671e-12,8.525719908e-06,1.87394818e-09,7.892683923e-08,1.775638046e-06,1.452350678e-05,7.445060915e-05,3.01044608e-10,7.547773121e-11,1.300797818e-11,1.840117355e-12,7.583873711e-06,8.321112785e-10,4.356658855e-08,1.146338222e-06,9.990885772e-06,5.260179828e-05,4.935017524e-13,9.203732233e-14,1.009061993e-14,8.183500512e-16,1.594515852e-06,2.220906465e-12,4.31036199e-10,3.218432605e-08,4.947782896e-07,3.922042495e-06,9.660033324e-12,2.180411093e-12,2.893188556e-13,2.798380443e-14,5.66147126e-06,3.66045766e-11,4.969592163e-09,2.662802091e-07,3.319948141e-06,2.188101697e-05,2.04938249e-10,5.937763384e-11,1.011349701e-11,1.231770872e-12,2.299707122e-05,8.250853434e-10,7.315573145e-08,2.639049088e-06,2.534041077e-05,0.0001323132838,6.379160569e-13,1.186211454e-13,1.152683014e-14,7.533125142e-16,3.221539934e-06,1.08815164e-12,3.13498665e-10,2.960560451e-08,4.668922436e-07,3.50957125e-06
97,0.02259733566,0.01088990337,0.004709059886,0.001972809244,0.01410340098,0.004222285013,0.01184532214,0.02751767232,0.05037256009,0.07986045602,0.03202794973,0.01543463142,0.006674316314,0.002796133967,0.01525601818,0.004222287903,0.01184531785,0.0275176356,0.05037244596,0.07986026086,0.0004272421614,0.0001448710408,4.407907323e-05,1.334956293e-05,0.0005173213474,2.905085379e-05,0.0001313015764,0.0004749553395,0.001198668607,0.002504423858,0.0003014409168,0.0001022137551,3.109996377e-05,9.418769437e-06,0.0004782368712,2.905083391e-05,0.000131301624,0.0004749559732,0.001198671323,0.002504429979,0.01055267269,0.004013596311,0.001369772072,0.0004612230153,0.00444018411,0.0004716056487,0.001364313706,0.003261087179,0.005847421828,0.009082673741,0.01542408952,0.005866392582,0.002002101569,0.0006741384621,0.004836471977,0.0004716059999,0.001364313168,0.003261082443,0.005847407411,0.009082649586,0.0002206419547,5.985102039e-05,1.456794923e-05,3.590580686e-06,0.0001763145812,3.561886479e-06,1.629900656e-05,5.963900877e-05,0.0001453079085,0.0002936461292,0.0001509562251,4.094813487e-05,9.966911928e-06,2.456555358e-06,0.0001618678255,3.561883826e-06,1.629901298e-05,5.963909537e-05,0.0001453082667,0.0002936469102,2.265877115e-07,2.781486473e-08,2.58424e-09,2.251055364e-10,1.101639128e-05,3.803884221e-09,1.126602896e-07,1.94141865e-06,1.357060341e-05,6.320291737e-05,3.411391584e-10,2.634468471e-11,1.398483721e-12,6.671248043e-14,9.575148905e-07,6.664598729e-12,6.581804034e-10,3.121888114e-08,4.082210274e-07,3.130812549e-06,1.709457139e-09,2.331416576e-10,2.277680344e-11,1.979102344e-12,3.350172938e-06,2.428755223e-10,1.340987674e-08,3.879093838e-07,3.787117843e-06,2.285017058e-05,2.048254871e-09,3.435698685e-10,4.128168079e-11,4.34199409e-12,5.318172572e-06,6.73355763e-10,3.298635723e-08,8.538850304e-07,7.745085197e-06,4.369808181e-05,1.995165312e-09,4.346395187e-10,6.782515062e-11,9.080497147e-12,8.525719987e-06,1.873948251e-09,7.89268415e-08,1.775638082e-06,1.452350698e-05,7.445060938e-05,3.010446827e-10,7.547774716e-11,1.300798045e-11,1.840117613e-12,7.583874078e-06,8.321113822e-10,4.356659311e-08,1.14633832e-06,9.990886492e-06,5.260180113e-05,4.935019649e-13,9.203735855e-14,1.009062353e-14,8.183503148e-16,1.594516038e-06,2.220907185e-12,4.310363202e-10,3.218433382e-08,4.947783962e-07,3.92204322e-06,9.660038241e-12,2.180412157e-12,2.893189906e-13,2.798381693e-14,5.661472243e-06,3.66045939e-11,4.969594231e-09,2.662803059e-07,3.319949243e-06,2.188102347e-05,2.049383642e-10,5.937766646e-11,1.011350244e-11,1.231771518e-12,2.299707608e-05,8.250858188e-10,7.315576898e-08,2.639050287e-06,2.534042145e-05,0.0001323133349,6.379165727e-13,1.186212435e-13,1.152683988e-14,7.533131639e-16,3.221540978e-06,1.088152651e-12,3.13498922e-10,2.960562577e-08,4.668925525e-07,3.50957337e-06
98,0.02259733555,0.01088990324,0.004709059789,0.001972809189,0.01410340072,0.004222284956,0.01184532205,0.02751767227,0.05037256026,0.0798604568,0.03202794958,0.01543463122,0.006674316176,0.002796133889,0.01525601789,0.004222287845,0.01184531776,0.02751763555,0.05037244614,0.07986026164,0.0004272421583,0.0001448710381,4.407907189e-05,1.334956238e-05,0.0005173213321,2.905085291e-05,0.0001313015732,0.0004749553307,0.001198668591,0.002504423839,0.0003014409146,0.0001022137532,3.109996283e-05,9.41876905e-06,0.0004782368571,2.905083303e-05,0.0001313016208,0.0004749559645,0.001198671306,0.002504429959,0.01055267267,0.004013596286,0.001369772058,0.0004612230089,0.00444018408,0.0004716056532,0.00136431373,0.003261087257,0.00584742201,0.009082674109,0.01542408949,0.005866392545,0.002002101548,0.0006741384528,0.004836471945,0.0004716060044,0.001364313192,0.003261082522,0.005847407593,0.009082649954,0.0002206419537,5.985101967e-05,1.456794895e-05,3.590580591e-06,0.0001763145782,3.561886455e-06,1.629900657e-05,5.963900925e-05,0.0001453079106,0.0002936461362,0.0001509562244,4.094813438e-05,9.966911732e-06,2.456555293e-06,0.0001618678227,3.561883802e-06,1.6299013e-05,5.963909585e-05,0.0001453082689,0.0002936469172,2.265877071e-07,2.781486332e-08,2.584239787e-09,2.251055114e-10,1.101639059e-05,3.803883867e-09,1.126602807e-07,1.941418522e-06,1.357060265e-05,6.320291452e-05,3.411391484e-10,2.634468269e-11,1.398483547e-12,6.67124692e-14,9.575148062e-07,6.664597683e-12,6.581803116e-10,3.121887728e-08,4.082209811e-07,3.130812222e-06,1.709457181e-09,2.331416535e-10,2.277680208e-11,1.979102148e-12,3.350172739e-06,2.428754982e-10,1.340987552e-08,3.87909351e-07,3.787117536e-06,2.285016875e-05,2.048255044e-09,3.435698839e-10,4.128168099e-11,4.34199395e-12,5.318172416e-06,6.733557369e-10,3.298635596e-08,8.538849978e-07,7.745084892e-06,4.369807992e-05,1.995165631e-09,4.346395722e-10,6.782515647e-11,9.08049762e-12,8.525720066e-06,1.873948322e-09,7.892684376e-08,1.775638118e-06,1.452350717e-05,7.44506096e-05,3.01044757e-10,7.547776302e-11,1.300798271e-11,1.84011787e-12,7.583874443e-06,8.321114853e-10,4.356659764e-08,1.146338419e-06,9.990887207e-06,5.260180397e-05,4.935021763e-13,9.203739456e-14,1.00906271e-14,8.183505768e-16,1.594516223e-06,2.220907902e-12,4.310364408e-10,3.218434155e-08,4.947785023e-07,3.922043942e-06,9.660043131e-12,2.180413214e-12,2.893191248e-13,2.798382937e-14,5.661473222e-06,3.660461111e-11,4.969596288e-09,2.662804022e-07,3.319950339e-06,2.188102993e-05,2.049384788e-10,5.937769891e-11,1.011350784e-11,1.231772161e-12,2.299708092e-05,8.250862917e-10,7.315580631e-08,2.63905148e-06,2.534043207e-05,0.0001323133857,6.379170857e-13,1.186213411e-13,1.152684957e-14,7.5331381e-16,3.221542017e-06,1.088153655e-12,3.134991775e-10,2.960564692e-08,4.668928598e-07,3.509575479e-06
99,0.02259733544,0.0108899031,0.004709059692,0.001972809134,0.01410340045,0.004222284899,0.01184532197,0.02751767222,0.05037256044,0.07986045758,0.03202794942,0.01543463103,0.006674316039,0.002796133811,0.0152560176,0.004222287789,0.01184531767,0.0275176355,0.05037244631,0.07986026241,0.0004272421553,0.0001448710354,4.407907056e-05,1.334956183e-05,0.000517321317,2.905085203e-05,0.0001313015701,0.000474955322,0.001198668574,0.00250442382,0.0003014409125,0.0001022137513,3.109996189e-05,9.418768665e-06,0.0004782368431,2.905083215e-05,0.0001313016177,0.0004749559558,0.00119867129,0.00250442994,0.01055267264,0.00401359626,0.001369772044,0.0004612230026,0.004440184051,0.0004716056576,0.001364313753,0.003261087335,0.00584742219,0.009082674476,0.01542408945,0.005866392508,0.002002101528,0.0006741384435,0.004836471913,0.0004716060089,0.001364313215,0.0032610826,0.005847407773,0.009082650321,0.0002206419527,5.985101895e-05,1.456794866e-05,3.590580496e-06,0.0001763145753,3.561886432e-06,1.629900659e-05,5.963900972e-05,0.0001453079127,0.0002936461432,0.0001509562237,4.094813388e-05,9.966911538e-06,2.456555228e-06,0.00016186782,3.561883779e-06,1.629901302e-05,5.963909633e-05,0.000145308271,0.0002936469241,2.265877028e-07,2.781486191e-08,2.584239576e-09,2.251054865e-10,1.10163899e-05,3.803883515e-09,1.126602719e-07,1.941418395e-06,1.35706019e-05,6.320291167e-05,3.411391384e-10,2.634468067e-11,1.398483374e-12,6.671245802e-14,9.575147224e-07,6.664596644e-12,6.581802202e-10,3.121887345e-08,4.08220935e-07,3.130811897e-06,1.709457224e-09,2.331416495e-10,2.277680072e-11,1.979101954e-12,3.35017254e-06,2.428754742e-10,1.340987429e-08,3.879093185e-07,3.78711723e-06,2.285016694e-05,2.048255216e-09,3.435698991e-10,4.128168118e-11,4.341993811e-12,5.318172262e-06,6.73355711e-10,3.29863547e-08,8.538849654e-07,7.745084588e-06,4.369807804e-05,1.995165949e-09,4.346396254e-10,6.782516228e-11,9.080498091e-12,8.525720144e-06,1.873948392e-09,7.892684601e-08,1.775638154e-06,1.452350736e-05,7.445060982e-05,3.010448309e-10,7.547777879e-11,1.300798495e-11,1.840118125e-12,7.583874805e-06,8.321115879e-10,4.356660214e-08,1.146338516e-06,9.990887919e-06,5.260180679e-05,4.935023864e-13,9.203743037e-14,1.009063066e-14,8.183508373e-16,1.594516407e-06,2.220908614e-12,4.310365607e-10,3.218434923e-08,4.947786078e-07,3.922044659e-06,9.660047993e-12,2.180414266e-12,2.893192583e-13,2.798384174e-14,5.661474194e-06,3.660462821e-11,4.969598332e-09,2.662804979e-07,3.319951428e-06,2.188103635e-05,2.049385927e-10,5.937773116e-11,1.01135132e-11,1.2317728e-12,2.299708572e-05,8.250867617e-10,7.315584342e-08,2.639052665e-06,2.534044263e-05,0.0001323134363,6.379175956e-13,1.18621438e-13,1.152685921e-14,7.533144523e-16,3.221543049e-06,1.088154654e-12,3.134994315e-10,2.960566795e-08,4.668931652e-07,3.509577575e-06
100,0.02259733533,0.01088990296,0.004709059596,0.00197280908,0.01410340019,0.004222284842,0.01184532188,0.02751767217,0.05037256061,0.07986045834,0.03202794927,0.01543463083,0.006674315903,0.002796133734,0.01525601732,0.004222287732,0.01184531759,0.02751763545,0.05037244649,0.07986026318,0.0004272421523,0.0001448710327,4.407906923e-05,1.334956129e-05,0.000517321302,2.905085116e-05,0.0001313015669,0.0004749553134,0.001198668558,0.002504423801,0.0003014409103,0.0001022137494,3.109996095e-05,9.418768282e-06,0.0004782368292,2.905083128e-05,0.0001313016145,0.0004749559471,0.001198671274,0.002504429921,0.01055267262,0.004013596235,0.00136977203,0.0004612229963,0.004440184022,0.0004716056621,0.001364313776,0.003261087413,0.00584742237,0.00908267484,0.01542408941,0.005866392471,0.002002101508,0.0006741384343,0.004836471881,0.0004716060133,0.001364313238,0.003261082677,0.005847407953,0.009082650685,0.0002206419517,5.985101823e-05,1.456794838e-05,3.590580402e-06,0.0001763145723,3.561886409e-06,1.62990066e-05,5.96390102e-05,0.0001453079148,0.0002936461501,0.000150956223,4.094813339e-05,9.966911345e-06,2.456555163e-06,0.0001618678173,3.561883756e-06,1.629901303e-05,5.96390968e-05,0.0001453082731,0.000293646931,2.265876984e-07,2.781486052e-08,2.584239366e-09,2.251054618e-10,1.101638921e-05,3.803883165e-09,1.126602631e-07,1.941418269e-06,1.357060115e-05,6.320290885e-05,3.411391286e-10,2.634467867e-11,1.398483202e-12,6.671244692e-14,9.575146392e-07,6.664595611e-12,6.581801295e-10,3.121886964e-08,4.082208892e-07,3.130811574e-06,1.709457266e-09,2.331416455e-10,2.277679938e-11,1.979101761e-12,3.350172342e-06,2.428754504e-10,1.340987308e-08,3.879092861e-07,3.787116927e-06,2.285016514e-05,2.048255388e-09,3.435699143e-10,4.128168138e-11,4.341993673e-12,5.318172108e-06,6.733556852e-10,3.298635345e-08,8.538849331e-07,7.745084286e-06,4.369807617e-05,1.995166264e-09,4.346396782e-10,6.782516805e-11,9.080498559e-12,8.525720222e-06,1.873948462e-09,7.892684824e-08,1.775638189e-06,1.452350754e-05,7.445061004e-05,3.010449043e-10,7.547779445e-11,1.300798718e-11,1.840118379e-12,7.583875166e-06,8.321116897e-10,4.356660662e-08,1.146338613e-06,9.990888626e-06,5.26018096e-05,4.935025952e-13,9.203746594e-14,1.009063419e-14,8.183510962e-16,1.594516589e-06,2.220909321e-12,4.310366799e-10,3.218435687e-08,4.947787126e-07,3.922045371e-06,9.660052823e-12,2.180415311e-12,2.893193909e-13,2.798385402e-14,5.66147516e-06,3.660464521e-11,4.969600364e-09,2.66280593e-07,3.319952511e-06,2.188104274e-05,2.049387059e-10,5.937776321e-11,1.011351854e-11,1.231773435e-12,2.29970905e-05,8.250872288e-10,7.315588029e-08,2.639053843e-06,2.534045312e-05,0.0001323134865,6.379181023e-13,1.186215344e-13,1.152686878e-14,7.533150906e-16,3.221544075e-06,1.088155647e-12,3.134996839e-10,2.960568884e-08,4.668934687e-07,3.509579658e-06
101,0.02259733523,0.01088990282,0.004709059501,0.001972809025,0.01410339993,0.004222284786,0.01184532179,0.02751767213,0.05037256079,0.07986045911,0.03202794912,0.01543463064,0.006674315768,0.002796133657,0.01525601704,0.004222287676,0.0118453175,0.02751763541,0.05037244666,0.07986026394,0.0004272421493,0.0001448710301,4.407906792e-05,1.334956075e-05,0.000517321287,2.90508503e-05,0.0001313015638,0.0004749553048,0.001198668542,0.002504423782,0.0003014409082,0.0001022137475,3.109996003e-05,9.418767902e-06,0.0004782368154,2.905083042e-05,0.0001313016114,0.0004749559385,0.001198671258,0.002504429902,0.01055267259,0.00401359621,0.001369772017,0.00046122299,0.004440183993,0.0004716056665,0.001364313799,0.00326108749,0.005847422548,0.009082675202,0.01542408938,0.005866392435,0.002002101488,0.0006741384251,0.004836471849,0.0004716060177,0.001364313261,0.003261082754,0.005847408131,0.009082651047,0.0002206419507,5.985101752e-05,1.45679481e-05,3.590580309e-06,0.0001763145694,3.561886386e-06,1.629900662e-05,5.963901066e-05,0.0001453079169,0.0002936461569,0.0001509562224,4.094813291e-05,9.966911153e-06,2.456555099e-06,0.0001618678146,3.561883733e-06,1.629901305e-05,5.963909727e-05,0.0001453082752,0.0002936469379,2.265876941e-07,2.781485914e-08,2.584239158e-09,2.251054372e-10,1.101638853e-05,3.803882818e-09,1.126602544e-07,1.941418144e-06,1.35706004e-05,6.320290605e-05,3.411391188e-10,2.634467668e-11,1.398483031e-12,6.67124359e-14,9.575145565e-07,6.664594585e-12,6.581800393e-10,3.121886585e-08,4.082208437e-07,3.130811253e-06,1.709457308e-09,2.331416415e-10,2.277679804e-11,1.979101568e-12,3.350172146e-06,2.428754268e-10,1.340987188e-08,3.87909254e-07,3.787116626e-06,2.285016334e-05,2.048255558e-09,3.435699294e-10,4.128168157e-11,4.341993536e-12,5.318171956e-06,6.733556597e-10,3.298635221e-08,8.538849011e-07,7.745083986e-06,4.369807432e-05,1.995166577e-09,4.346397307e-10,6.782517379e-11,9.080499023e-12,8.5257203e-06,1.873948531e-09,7.892685046e-08,1.775638224e-06,1.452350773e-05,7.445061026e-05,3.010449772e-10,7.547781002e-11,1.300798939e-11,1.840118631e-12,7.583875524e-06,8.321117909e-10,4.356661107e-08,1.146338709e-06,9.990889329e-06,5.260181238e-05,4.935028026e-13,9.203750129e-14,1.00906377e-14,8.183513533e-16,1.594516771e-06,2.220910024e-12,4.310367982e-10,3.218436445e-08,4.947788167e-07,3.922046079e-06,9.660057622e-12,2.180416349e-12,2.893195226e-13,2.798386623e-14,5.66147612e-06,3.66046621e-11,4.969602382e-09,2.662806875e-07,3.319953586e-06,2.188104908e-05,2.049388184e-10,5.937779504e-11,1.011352383e-11,1.231774066e-12,2.299709524e-05,8.250876928e-10,7.315591691e-08,2.639055013e-06,2.534046354e-05,0.0001323135363,6.379186057e-13,1.186216301e-13,1.152687829e-14,7.533157246e-16,3.221545093e-06,1.088156633e-12,3.134999347e-10,2.96057096e-08,4.668937702e-07,3.509581727e-06
102,0.02259733512,0.01088990269,0.004709059406,0.001972808972,0.01410339967,0.00422228473,0.01184532171,0.02751767208,0.05037256096,0.07986045987,0.03202794896,0.01543463045,0.006674315633,0.002796133581,0.01525601676,0.00422228762,0.01184531742,0.02751763536,0.05037244683,0.0798602647,0.0004272421463,0.0001448710274,4.407906661e-05,1.334956022e-05,0.0005173212722,2.905084944e-05,0.0001313015607,0.0004749552962,0.001198668527,0.002504423763,0.0003014409061,0.0001022137457,3.10999591e-05,9.418767524e-06,0.0004782368017,2.905082956e-05,0.0001313016083,0.00047495593,0.001198671242,0.002504429884,0.01055267257,0.004013596186,0.001369772003,0.0004612229838,0.004440183964,0.0004716056708,0.001364313821,0.003261087566,0.005847422726,0.009082675561,0.01542408934,0.005866392399,0.002002101468,0.000674138416,0.004836471818,0.0004716060221,0.001364313283,0.003261082831,0.005847408308,0.009082651406,0.0002206419497,5.985101681e-05,1.456794782e-05,3.590580216e-06,0.0001763145665,3.561886363e-06,1.629900664e-05,5.963901113e-05,0.000145307919,0.0002936461638,0.0001509562217,4.094813242e-05,9.966910963e-06,2.456555036e-06,0.000161867812,3.56188371e-06,1.629901306e-05,5.963909773e-05,0.0001453082773,0.0002936469447,2.265876899e-07,2.781485776e-08,2.584238951e-09,2.251054128e-10,1.101638786e-05,3.803882473e-09,1.126602457e-07,1.941418019e-06,1.357059966e-05,6.320290326e-05,3.41139109e-10,2.634467471e-11,1.398482862e-12,6.671242495e-14,9.575144744e-07,6.664593566e-12,6.581799498e-10,3.12188621e-08,4.082207985e-07,3.130810934e-06,1.709457349e-09,2.331416375e-10,2.277679671e-11,1.979101378e-12,3.350171951e-06,2.428754033e-10,1.340987068e-08,3.87909222e-07,3.787116326e-06,2.285016156e-05,2.048255727e-09,3.435699443e-10,4.128168176e-11,4.3419934e-12,5.318171805e-06,6.733556343e-10,3.298635097e-08,8.538848694e-07,7.745083688e-06,4.369807247e-05,1.995166888e-09,4.346397829e-10,6.782517949e-11,9.080499484e-12,8.525720376e-06,1.8739486e-09,7.892685266e-08,1.775638259e-06,1.452350792e-05,7.445061048e-05,3.010450496e-10,7.547782547e-11,1.300799159e-11,1.840118881e-12,7.583875879e-06,8.321118914e-10,4.356661549e-08,1.146338805e-06,9.990890026e-06,5.260181515e-05,4.935030086e-13,9.203753638e-14,1.009064118e-14,8.183516086e-16,1.594516951e-06,2.220910722e-12,4.310369157e-10,3.218437198e-08,4.947789201e-07,3.922046782e-06,9.660062387e-12,2.180417379e-12,2.893196534e-13,2.798387835e-14,5.661477073e-06,3.660467886e-11,4.969604386e-09,2.662807813e-07,3.319954654e-06,2.188105537e-05,2.0493893e-10,5.937782666e-11,1.011352909e-11,1.231774692e-12,2.299709995e-05,8.250881535e-10,7.315595328e-08,2.639056175e-06,2.534047389e-05,0.0001323135859,6.379191055e-13,1.186217252e-13,1.152688774e-14,7.533163541e-16,3.221546105e-06,1.088157612e-12,3.135001836e-10,2.96057302e-08,4.668940696e-07,3.509583782e-06
103,0.02259733501,0.01088990255,0.004709059312,0.001972808918,0.01410339941,0.004222284675,0.01184532162,0.02751767203,0.05037256113,0.07986046062,0.03202794881,0.01543463026,0.0066743155,0.002796133505,0.01525601648,0.004222287564,0.01184531733,0.02751763531,0.050372447,0.07986026545,0.0004272421433,0.0001448710248,4.407906532e-05,1.334955969e-05,0.0005173212575,2.905084859e-05,0.0001313015577,0.0004749552878,0.001198668511,0.002504423745,0.000301440904,0.0001022137438,3.109995819e-05,9.41876715e-06,0.0004782367881,2.905082871e-05,0.0001313016052,0.0004749559215,0.001198671227,0.002504429865,0.01055267254,0.004013596161,0.001369771989,0.0004612229776,0.004440183935,0.0004716056752,0.001364313844,0.003261087642,0.005847422901,0.009082675917,0.01542408931,0.005866392363,0.002002101448,0.000674138407,0.004836471787,0.0004716060264,0.001364313306,0.003261082907,0.005847408484,0.009082651762,0.0002206419487,5.985101611e-05,1.456794754e-05,3.590580124e-06,0.0001763145637,3.56188634e-06,1.629900665e-05,5.963901159e-05,0.0001453079211,0.0002936461705,0.000150956221,4.094813195e-05,9.966910774e-06,2.456554973e-06,0.0001618678093,3.561883687e-06,1.629901308e-05,5.963909819e-05,0.0001453082793,0.0002936469515,2.265876856e-07,2.781485639e-08,2.584238746e-09,2.251053886e-10,1.101638719e-05,3.803882131e-09,1.126602371e-07,1.941417895e-06,1.357059893e-05,6.32029005e-05,3.411390994e-10,2.634467275e-11,1.398482693e-12,6.671241408e-14,9.575143928e-07,6.664592555e-12,6.581798609e-10,3.121885837e-08,4.082207537e-07,3.130810618e-06,1.709457391e-09,2.331416336e-10,2.27767954e-11,1.979101189e-12,3.350171758e-06,2.4287538e-10,1.340986949e-08,3.879091903e-07,3.787116029e-06,2.28501598e-05,2.048255894e-09,3.435699592e-10,4.128168195e-11,4.341993265e-12,5.318171654e-06,6.73355609e-10,3.298634974e-08,8.538848378e-07,7.745083392e-06,4.369807064e-05,1.995167197e-09,4.346398346e-10,6.782518514e-11,9.080499942e-12,8.525720453e-06,1.873948668e-09,7.892685485e-08,1.775638294e-06,1.45235081e-05,7.445061069e-05,3.010451214e-10,7.547784081e-11,1.300799377e-11,1.840119129e-12,7.583876232e-06,8.321119912e-10,4.356661987e-08,1.146338899e-06,9.990890719e-06,5.260181789e-05,4.93503213e-13,9.203757121e-14,1.009064464e-14,8.183518621e-16,1.59451713e-06,2.220911415e-12,4.310370323e-10,3.218437945e-08,4.947790227e-07,3.92204748e-06,9.660067116e-12,2.180418402e-12,2.893197832e-13,2.798389038e-14,5.661478019e-06,3.660469551e-11,4.969606375e-09,2.662808744e-07,3.319955714e-06,2.188106162e-05,2.049390409e-10,5.937785803e-11,1.011353431e-11,1.231775314e-12,2.299710463e-05,8.250886109e-10,7.315598939e-08,2.639057329e-06,2.534048416e-05,0.000132313635,6.379196017e-13,1.186218196e-13,1.152689711e-14,7.533169791e-16,3.221547109e-06,1.088158584e-12,3.135004308e-10,2.960575066e-08,4.668943668e-07,3.509585821e-06
104,0.02259733491,0.01088990242,0.004709059218,0.001972808866,0.01410339916,0.00422228462,0.01184532154,0.02751767199,0.0503725613,0.07986046136,0.03202794866,0.01543463007,0.006674315368,0.00279613343,0.0152560162,0.004222287509,0.01184531725,0.02751763527,0.05037244717,0.0798602662,0.0004272421404,0.0001448710222,4.407906403e-05,1.334955916e-05,0.0005173212429,2.905084774e-05,0.0001313015546,0.0004749552794,0.001198668495,0.002504423726,0.000301440902,0.000102213742,3.109995728e-05,9.418766778e-06,0.0004782367746,2.905082786e-05,0.0001313016022,0.0004749559131,0.001198671211,0.002504429847,0.01055267252,0.004013596137,0.001369771976,0.0004612229715,0.004440183907,0.0004716056795,0.001364313866,0.003261087718,0.005847423076,0.009082676271,0.01542408927,0.005866392327,0.002002101428,0.000674138398,0.004836471756,0.0004716060307,0.001364313328,0.003261082982,0.005847408659,0.009082652116,0.0002206419478,5.985101542e-05,1.456794727e-05,3.590580033e-06,0.0001763145608,3.561886317e-06,1.629900667e-05,5.963901205e-05,0.0001453079231,0.0002936461773,0.0001509562203,4.094813147e-05,9.966910587e-06,2.45655491e-06,0.0001618678067,3.561883665e-06,1.629901309e-05,5.963909865e-05,0.0001453082814,0.0002936469582,2.265876814e-07,2.781485504e-08,2.584238542e-09,2.251053646e-10,1.101638652e-05,3.803881791e-09,1.126602286e-07,1.941417773e-06,1.35705982e-05,6.320289775e-05,3.411390898e-10,2.634467081e-11,1.398482526e-12,6.67124033e-14,9.57514312e-07,6.664591552e-12,6.581797728e-10,3.121885466e-08,4.082207092e-07,3.130810304e-06,1.709457432e-09,2.331416297e-10,2.277679409e-11,1.979101001e-12,3.350171566e-06,2.428753569e-10,1.340986832e-08,3.879091589e-07,3.787115735e-06,2.285015805e-05,2.048256061e-09,3.435699739e-10,4.128168213e-11,4.341993131e-12,5.318171505e-06,6.73355584e-10,3.298634853e-08,8.538848065e-07,7.745083099e-06,4.369806883e-05,1.995167504e-09,4.34639886e-10,6.782519075e-11,9.080500397e-12,8.525720528e-06,1.873948736e-09,7.892685702e-08,1.775638329e-06,1.452350828e-05,7.445061091e-05,3.010451927e-10,7.547785603e-11,1.300799594e-11,1.840119376e-12,7.583876582e-06,8.321120902e-10,4.356662422e-08,1.146338994e-06,9.990891406e-06,5.260182061e-05,4.935034158e-13,9.203760578e-14,1.009064807e-14,8.183521135e-16,1.594517307e-06,2.220912102e-12,4.310371481e-10,3.218438687e-08,4.947791245e-07,3.922048172e-06,9.660071809e-12,2.180419417e-12,2.89319912e-13,2.798390231e-14,5.661478958e-06,3.660471202e-11,4.969608348e-09,2.662809668e-07,3.319956765e-06,2.188106782e-05,2.049391508e-10,5.937788917e-11,1.011353949e-11,1.231775931e-12,2.299710927e-05,8.250890646e-10,7.31560252e-08,2.639058473e-06,2.534049435e-05,0.0001323136838,6.379200939e-13,1.186219132e-13,1.152690641e-14,7.533175991e-16,3.221548106e-06,1.088159549e-12,3.13500676e-10,2.960577096e-08,4.668946616e-07,3.509587845e-06
105,0.0225973348,0.01088990229,0.004709059126,0.001972808813,0.01410339891,0.004222284565,0.01184532145,0.02751767194,0.05037256147,0.07986046211,0.03202794852,0.01543462988,0.006674315236,0.002796133356,0.01525601593,0.004222287455,0.01184531716,0.02751763522,0.05037244734,0.07986026694,0.0004272421375,0.0001448710196,4.407906276e-05,1.334955864e-05,0.0005173212284,2.905084691e-05,0.0001313015516,0.000474955271,0.00119866848,0.002504423708,0.0003014408999,0.0001022137401,3.109995638e-05,9.418766409e-06,0.0004782367612,2.905082702e-05,0.0001313015992,0.0004749559048,0.001198671196,0.002504429828,0.01055267249,0.004013596113,0.001369771963,0.0004612229654,0.004440183878,0.0004716056837,0.001364313888,0.003261087792,0.005847423249,0.009082676622,0.01542408923,0.005866392292,0.002002101409,0.0006741383892,0.004836471725,0.000471606035,0.00136431335,0.003261083057,0.005847408832,0.009082652467,0.0002206419468,5.985101473e-05,1.4567947e-05,3.590579942e-06,0.000176314558,3.561886295e-06,1.629900668e-05,5.96390125e-05,0.0001453079252,0.0002936461839,0.0001509562197,4.0948131e-05,9.966910401e-06,2.456554848e-06,0.0001618678041,3.561883642e-06,1.629901311e-05,5.963909911e-05,0.0001453082834,0.0002936469649,2.265876773e-07,2.78148537e-08,2.58423834e-09,2.251053408e-10,1.101638586e-05,3.803881454e-09,1.126602201e-07,1.941417651e-06,1.357059748e-05,6.320289503e-05,3.411390803e-10,2.634466888e-11,1.398482361e-12,6.67123926e-14,9.575142317e-07,6.664590556e-12,6.581796853e-10,3.121885099e-08,4.082206651e-07,3.130809992e-06,1.709457472e-09,2.331416259e-10,2.27767928e-11,1.979100814e-12,3.350171376e-06,2.42875334e-10,1.340986715e-08,3.879091277e-07,3.787115442e-06,2.285015631e-05,2.048256226e-09,3.435699885e-10,4.128168232e-11,4.341992998e-12,5.318171357e-06,6.733555592e-10,3.298634732e-08,8.538847755e-07,7.745082808e-06,4.369806703e-05,1.995167807e-09,4.346399369e-10,6.782519632e-11,9.080500847e-12,8.525720603e-06,1.873948803e-09,7.892685917e-08,1.775638363e-06,1.452350846e-05,7.445061112e-05,3.010452635e-10,7.547787113e-11,1.300799809e-11,1.84011962e-12,7.583876929e-06,8.321121883e-10,4.356662853e-08,1.146339087e-06,9.990892087e-06,5.260182331e-05,4.93503617e-13,9.203764005e-14,1.009065147e-14,8.183523629e-16,1.594517483e-06,2.220912784e-12,4.310372628e-10,3.218439422e-08,4.947792255e-07,3.922048858e-06,9.660076463e-12,2.180420424e-12,2.893200398e-13,2.798391415e-14,5.661479889e-06,3.66047284e-11,4.969610306e-09,2.662810585e-07,3.319957808e-06,2.188107397e-05,2.049392599e-10,5.937792005e-11,1.011354463e-11,1.231776543e-12,2.299711387e-05,8.250895146e-10,7.315606073e-08,2.639059608e-06,2.534050445e-05,0.0001323137322,6.379205821e-13,1.18622006e-13,1.152691563e-14,7.53318214e-16,3.221549094e-06,1.088160505e-12,3.135009192e-10,2.960579108e-08,4.668949541e-07,3.509589852e-06
106,0.0225973347,0.01088990216,0.004709059034,0.001972808761,0.01410339866,0.004222284511,0.01184532137,0.0275176719,0.05037256164,0.07986046284,0.03202794837,0.01543462969,0.006674315106,0.002796133282,0.01525601566,0.004222287401,0.01184531708,0.02751763518,0.05037244751,0.07986026767,0.0004272421346,0.000144871017,4.407906149e-05,1.334955812e-05,0.000517321214,2.905084607e-05,0.0001313015486,0.0004749552628,0.001198668465,0.00250442369,0.0003014408979,0.0001022137383,3.109995549e-05,9.418766044e-06,0.0004782367479,2.905082619e-05,0.0001313015962,0.0004749558965,0.00119867118,0.00250442981,0.01055267247,0.004013596089,0.001369771949,0.0004612229594,0.00444018385,0.000471605688,0.00136431391,0.003261087866,0.00584742342,0.00908267697,0.0154240892,0.005866392257,0.002002101389,0.0006741383803,0.004836471694,0.0004716060392,0.001364313372,0.003261083131,0.005847409003,0.009082652815,0.0002206419458,5.985101405e-05,1.456794673e-05,3.590579852e-06,0.0001763145552,3.561886273e-06,1.62990067e-05,5.963901295e-05,0.0001453079272,0.0002936461905,0.000150956219,4.094813053e-05,9.966910216e-06,2.456554787e-06,0.0001618678016,3.56188362e-06,1.629901312e-05,5.963909956e-05,0.0001453082854,0.0002936469715,2.265876731e-07,2.781485236e-08,2.584238139e-09,2.251053172e-10,1.101638521e-05,3.80388112e-09,1.126602117e-07,1.94141753e-06,1.357059676e-05,6.320289234e-05,3.411390708e-10,2.634466697e-11,1.398482196e-12,6.6712382e-14,9.575141522e-07,6.66458957e-12,6.581795986e-10,3.121884736e-08,4.082206214e-07,3.130809684e-06,1.709457512e-09,2.33141622e-10,2.277679151e-11,1.97910063e-12,3.350171187e-06,2.428753112e-10,1.340986599e-08,3.879090968e-07,3.787115153e-06,2.285015459e-05,2.048256389e-09,3.43570003e-10,4.12816825e-11,4.341992867e-12,5.318171211e-06,6.733555346e-10,3.298634612e-08,8.538847447e-07,7.74508252e-06,4.369806524e-05,1.995168109e-09,4.346399874e-10,6.782520183e-11,9.080501294e-12,8.525720678e-06,1.87394887e-09,7.89268613e-08,1.775638397e-06,1.452350864e-05,7.445061133e-05,3.010453336e-10,7.547788609e-11,1.300800021e-11,1.840119863e-12,7.583877273e-06,8.321122856e-10,4.356663281e-08,1.146339179e-06,9.990892762e-06,5.260182599e-05,4.935038164e-13,9.203767404e-14,1.009065485e-14,8.183526102e-16,1.594517658e-06,2.22091346e-12,4.310373766e-10,3.218440151e-08,4.947793256e-07,3.922049539e-06,9.660081077e-12,2.180421422e-12,2.893201664e-13,2.798392589e-14,5.661480812e-06,3.660474463e-11,4.969612246e-09,2.662811493e-07,3.319958842e-06,2.188108007e-05,2.04939368e-10,5.937795066e-11,1.011354972e-11,1.231777149e-12,2.299711843e-05,8.250899608e-10,7.315609595e-08,2.639060733e-06,2.534051447e-05,0.0001323137801,6.379210662e-13,1.186220981e-13,1.152692478e-14,7.533188236e-16,3.221550074e-06,1.088161453e-12,3.135011603e-10,2.960581104e-08,4.66895244e-07,3.509591842e-06
107,0.0225973346,0.01088990203,0.004709058943,0.00197280871,0.01410339841,0.004222284458,0.01184532129,0.02751767185,0.0503725618,0.07986046357,0.03202794822,0.01543462951,0.006674314977,0.002796133209,0.01525601539,0.004222287347,0.011845317,0.02751763513,0.05037244768,0.0798602684,0.0004272421317,0.0001448710145,4.407906024e-05,1.334955761e-05,0.0005173211998,2.905084525e-05,0.0001313015457,0.0004749552546,0.00119866845,0.002504423672,0.0003014408959,0.0001022137365,3.109995461e-05,9.418765681e-06,0.0004782367348,2.905082537e-05,0.0001313015932,0.0004749558884,0.001198671165,0.002504429792,0.01055267244,0.004013596065,0.001369771936,0.0004612229534,0.004440183823,0.0004716056922,0.001364313932,0.00326108794,0.00584742359,0.009082677315,0.01542408916,0.005866392222,0.00200210137,0.0006741383716,0.004836471664,0.0004716060434,0.001364313394,0.003261083204,0.005847409173,0.009082653159,0.0002206419449,5.985101337e-05,1.456794646e-05,3.590579763e-06,0.0001763145524,3.561886251e-06,1.629900671e-05,5.96390134e-05,0.0001453079292,0.0002936461971,0.0001509562184,4.094813007e-05,9.966910034e-06,2.456554726e-06,0.000161867799,3.561883598e-06,1.629901314e-05,5.96391e-05,0.0001453082874,0.000293646978,2.26587669e-07,2.781485104e-08,2.584237941e-09,2.251052938e-10,1.101638456e-05,3.803880789e-09,1.126602034e-07,1.941417411e-06,1.357059605e-05,6.320288966e-05,3.411390615e-10,2.634466507e-11,1.398482034e-12,6.671237149e-14,9.575140734e-07,6.664588592e-12,6.581795127e-10,3.121884375e-08,4.082205781e-07,3.130809378e-06,1.709457552e-09,2.331416182e-10,2.277679024e-11,1.979100447e-12,3.350171001e-06,2.428752887e-10,1.340986484e-08,3.879090662e-07,3.787114865e-06,2.285015288e-05,2.048256551e-09,3.435700173e-10,4.128168268e-11,4.341992736e-12,5.318171065e-06,6.733555102e-10,3.298634494e-08,8.538847142e-07,7.745082234e-06,4.369806348e-05,1.995168407e-09,4.346400374e-10,6.78252073e-11,9.080501737e-12,8.525720751e-06,1.873948936e-09,7.892686342e-08,1.77563843e-06,1.452350882e-05,7.445061154e-05,3.010454031e-10,7.547790092e-11,1.300800232e-11,1.840120103e-12,7.583877614e-06,8.321123821e-10,4.356663705e-08,1.146339271e-06,9.990893432e-06,5.260182864e-05,4.935040141e-13,9.203770771e-14,1.009065819e-14,8.183528552e-16,1.594517831e-06,2.220914129e-12,4.310374894e-10,3.218440874e-08,4.947794248e-07,3.922050213e-06,9.660085649e-12,2.180422411e-12,2.893202919e-13,2.798393751e-14,5.661481727e-06,3.660476072e-11,4.969614169e-09,2.662812393e-07,3.319959867e-06,2.188108611e-05,2.049394752e-10,5.937798099e-11,1.011355476e-11,1.23177775e-12,2.299712295e-05,8.250904029e-10,7.315613085e-08,2.639061848e-06,2.53405244e-05,0.0001323138277,6.379215458e-13,1.186221893e-13,1.152693384e-14,7.533194278e-16,3.221551045e-06,1.088162393e-12,3.135013992e-10,2.960583082e-08,4.668955313e-07,3.509593813e-06
108,0.02259733449,0.0108899019,0.004709058853,0.001972808658,0.01410339816,0.004222284404,0.01184532121,0.02751767181,0.05037256197,0.07986046429,0.03202794808,0.01543462933,0.00667431485,0.002796133137,0.01525601512,0.004222287294,0.01184531692,0.02751763509,0.05037244784,0.07986026912,0.0004272421289,0.0001448710119,4.4079059e-05,1.33495571e-05,0.0005173211857,2.905084444e-05,0.0001313015427,0.0004749552465,0.001198668435,0.002504423654,0.0003014408939,0.0001022137348,3.109995373e-05,9.418765323e-06,0.0004782367217,2.905082455e-05,0.0001313015903,0.0004749558803,0.00119867115,0.002504429774,0.01055267242,0.004013596041,0.001369771923,0.0004612229475,0.004440183795,0.0004716056963,0.001364313953,0.003261088012,0.005847423759,0.009082677656,0.01542408913,0.005866392188,0.002002101351,0.000674138363,0.004836471634,0.0004716060476,0.001364313415,0.003261083277,0.005847409342,0.009082653501,0.0002206419439,5.98510127e-05,1.45679462e-05,3.590579675e-06,0.0001763145496,3.561886229e-06,1.629900673e-05,5.963901384e-05,0.0001453079312,0.0002936462035,0.0001509562177,4.094812961e-05,9.966909853e-06,2.456554666e-06,0.0001618677965,3.561883576e-06,1.629901315e-05,5.963910045e-05,0.0001453082894,0.0002936469845,2.26587665e-07,2.781484974e-08,2.584237744e-09,2.251052706e-10,1.101638392e-05,3.803880462e-09,1.126601951e-07,1.941417292e-06,1.357059535e-05,6.320288702e-05,3.411390522e-10,2.63446632e-11,1.398481872e-12,6.671236109e-14,9.575139954e-07,6.664587624e-12,6.581794277e-10,3.121884018e-08,4.082205351e-07,3.130809075e-06,1.709457592e-09,2.331416145e-10,2.277678898e-11,1.979100266e-12,3.350170815e-06,2.428752664e-10,1.34098637e-08,3.879090358e-07,3.787114581e-06,2.285015119e-05,2.048256712e-09,3.435700315e-10,4.128168286e-11,4.341992607e-12,5.318170921e-06,6.733554861e-10,3.298634376e-08,8.53884684e-07,7.745081951e-06,4.369806172e-05,1.995168703e-09,4.346400869e-10,6.782521271e-11,9.080502175e-12,8.525720824e-06,1.873949001e-09,7.892686551e-08,1.775638464e-06,1.4523509e-05,7.445061174e-05,3.010454719e-10,7.547791561e-11,1.300800441e-11,1.840120341e-12,7.583877952e-06,8.321124776e-10,4.356664124e-08,1.146339362e-06,9.990894095e-06,5.260183127e-05,4.935042098e-13,9.203774107e-14,1.00906615e-14,8.183530979e-16,1.594518002e-06,2.220914793e-12,4.310376011e-10,3.21844159e-08,4.94779523e-07,3.922050881e-06,9.660090178e-12,2.18042339e-12,2.893204163e-13,2.798394903e-14,5.661482632e-06,3.660477666e-11,4.969616074e-09,2.662813285e-07,3.319960882e-06,2.188109209e-05,2.049395813e-10,5.937801104e-11,1.011355976e-11,1.231778346e-12,2.299712743e-05,8.250908408e-10,7.315616542e-08,2.639062952e-06,2.534053424e-05,0.0001323138747,6.379220209e-13,1.186222797e-13,1.152694281e-14,7.533200262e-16,3.221552006e-06,1.088163323e-12,3.135016358e-10,2.96058504e-08,4.668958158e-07,3.509595766e-06
109,0.02259733439,0.01088990177,0.004709058764,0.001972808608,0.01410339792,0.004222284352,0.01184532113,0.02751767176,0.05037256213,0.079860465,0.03202794794,0.01543462915,0.006674314723,0.002796133065,0.01525601486,0.004222287242,0.01184531683,0.02751763505,0.050372448,0.07986026983,0.0004272421261,0.0001448710094,4.407905777e-05,1.334955659e-05,0.0005173211717,2.905084363e-05,0.0001313015398,0.0004749552385,0.00119866842,0.002504423636,0.0003014408919,0.000102213733,3.109995286e-05,9.418764968e-06,0.0004782367088,2.905082375e-05,0.0001313015874,0.0004749558722,0.001198671135,0.002504429757,0.0105526724,0.004013596018,0.001369771911,0.0004612229416,0.004440183768,0.0004716057004,0.001364313975,0.003261088084,0.005847423926,0.009082677994,0.0154240891,0.005866392154,0.002002101332,0.0006741383544,0.004836471605,0.0004716060517,0.001364313437,0.003261083349,0.005847409508,0.009082653839,0.000220641943,5.985101203e-05,1.456794594e-05,3.590579588e-06,0.0001763145469,3.561886208e-06,1.629900674e-05,5.963901428e-05,0.0001453079331,0.00029364621,0.0001509562171,4.094812915e-05,9.966909673e-06,2.456554606e-06,0.000161867794,3.561883555e-06,1.629901317e-05,5.963910088e-05,0.0001453082914,0.0002936469909,2.26587661e-07,2.781484844e-08,2.58423755e-09,2.251052477e-10,1.101638328e-05,3.803880137e-09,1.12660187e-07,1.941417175e-06,1.357059465e-05,6.320288439e-05,3.411390431e-10,2.634466134e-11,1.398481713e-12,6.671235078e-14,9.575139181e-07,6.664586665e-12,6.581793434e-10,3.121883664e-08,4.082204926e-07,3.130808775e-06,1.709457631e-09,2.331416108e-10,2.277678773e-11,1.979100086e-12,3.350170632e-06,2.428752443e-10,1.340986258e-08,3.879090058e-07,3.787114299e-06,2.285014951e-05,2.048256871e-09,3.435700456e-10,4.128168304e-11,4.341992479e-12,5.318170779e-06,6.733554622e-10,3.29863426e-08,8.538846541e-07,7.74508167e-06,4.369805999e-05,1.995168995e-09,4.34640136e-10,6.782521807e-11,9.080502609e-12,8.525720896e-06,1.873949066e-09,7.892686758e-08,1.775638497e-06,1.452350917e-05,7.445061195e-05,3.0104554e-10,7.547793016e-11,1.300800648e-11,1.840120576e-12,7.583878286e-06,8.321125721e-10,4.35666454e-08,1.146339452e-06,9.990894751e-06,5.260183387e-05,4.935044036e-13,9.203777409e-14,1.009066478e-14,8.183533382e-16,1.594518172e-06,2.220915449e-12,4.310377117e-10,3.218442298e-08,4.947796203e-07,3.922051543e-06,9.660094662e-12,2.18042436e-12,2.893205393e-13,2.798396044e-14,5.661483529e-06,3.660479244e-11,4.96961796e-09,2.662814168e-07,3.319961887e-06,2.188109802e-05,2.049396864e-10,5.937804079e-11,1.011356471e-11,1.231778935e-12,2.299713186e-05,8.250912744e-10,7.315619964e-08,2.639064046e-06,2.534054398e-05,0.0001323139213,6.379224912e-13,1.186223691e-13,1.15269517e-14,7.533206186e-16,3.221552958e-06,1.088164245e-12,3.135018701e-10,2.96058698e-08,4.668960976e-07,3.5095977e-06
110,0.02259733429,0.01088990164,0.004709058676,0.001972808558,0.01410339768,0.0042222843,0.01184532105,0.02751767172,0.05037256229,0.07986046571,0.03202794779,0.01543462897,0.006674314598,0.002796132994,0.0152560146,0.00422228719,0.01184531675,0.027517635,0.05037244816,0.07986027054,0.0004272421233,0.000144871007,4.407905655e-05,1.33495561e-05,0.0005173211579,2.905084283e-05,0.0001313015369,0.0004749552305,0.001198668405,0.002504423619,0.0003014408899,0.0001022137313,3.109995201e-05,9.418764616e-06,0.0004782366961,2.905082295e-05,0.0001313015845,0.0004749558643,0.001198671121,0.002504429739,0.01055267237,0.004013595995,0.001369771898,0.0004612229358,0.004440183741,0.0004716057045,0.001364313996,0.003261088155,0.005847424091,0.009082678329,0.01542408906,0.00586639212,0.002002101314,0.0006741383459,0.004836471575,0.0004716060558,0.001364313458,0.00326108342,0.005847409673,0.009082654173,0.0002206419421,5.985101137e-05,1.456794568e-05,3.590579501e-06,0.0001763145442,3.561886187e-06,1.629900676e-05,5.963901472e-05,0.000145307935,0.0002936462163,0.0001509562164,4.09481287e-05,9.966909496e-06,2.456554547e-06,0.0001618677915,3.561883534e-06,1.629901318e-05,5.963910132e-05,0.0001453082933,0.0002936469973,2.26587657e-07,2.781484716e-08,2.584237357e-09,2.25105225e-10,1.101638265e-05,3.803879816e-09,1.126601789e-07,1.941417059e-06,1.357059397e-05,6.32028818e-05,3.41139034e-10,2.63446595e-11,1.398481555e-12,6.671234058e-14,9.575138416e-07,6.664585716e-12,6.5817926e-10,3.121883314e-08,4.082204506e-07,3.130808478e-06,1.70945767e-09,2.331416071e-10,2.277678649e-11,1.979099909e-12,3.350170451e-06,2.428752224e-10,1.340986146e-08,3.879089761e-07,3.787114021e-06,2.285014785e-05,2.048257028e-09,3.435700595e-10,4.128168322e-11,4.341992352e-12,5.318170638e-06,6.733554385e-10,3.298634145e-08,8.538846245e-07,7.745081393e-06,4.369805827e-05,1.995169285e-09,4.346401846e-10,6.782522338e-11,9.080503039e-12,8.525720968e-06,1.87394913e-09,7.892686964e-08,1.775638529e-06,1.452350935e-05,7.445061215e-05,3.010456074e-10,7.547794455e-11,1.300800853e-11,1.840120809e-12,7.583878617e-06,8.321126657e-10,4.356664951e-08,1.146339541e-06,9.990895401e-06,5.260183645e-05,4.935045954e-13,9.203780678e-14,1.009066802e-14,8.18353576e-16,1.59451834e-06,2.220916099e-12,4.310378211e-10,3.218442999e-08,4.947797166e-07,3.922052197e-06,9.6600991e-12,2.18042532e-12,2.893206612e-13,2.798397173e-14,5.661484417e-06,3.660480805e-11,4.969619826e-09,2.662815042e-07,3.319962881e-06,2.188110388e-05,2.049397903e-10,5.937807023e-11,1.011356961e-11,1.231779518e-12,2.299713625e-05,8.250917035e-10,7.315623351e-08,2.639065128e-06,2.534055361e-05,0.0001323139675,6.379229567e-13,1.186224577e-13,1.15269605e-14,7.533212049e-16,3.2215539e-06,1.088165157e-12,3.13502102e-10,2.960588899e-08,4.668963764e-07,3.509599613e-06
111,0.0225973342,0.01088990152,0.004709058588,0.001972808508,0.01410339744,0.004222284249,0.01184532097,0.02751767168,0.05037256245,0.07986046641,0.03202794766,0.01543462879,0.006674314474,0.002796132924,0.01525601434,0.004222287138,0.01184531668,0.02751763496,0.05037244832,0.07986027124,0.0004272421206,0.0001448710045,4.407905535e-05,1.33495556e-05,0.0005173211443,2.905084204e-05,0.0001313015341,0.0004749552227,0.00119866839,0.002504423602,0.000301440888,0.0001022137295,3.109995116e-05,9.418764268e-06,0.0004782366834,2.905082216e-05,0.0001313015817,0.0004749558564,0.001198671106,0.002504429722,0.01055267235,0.004013595972,0.001369771885,0.0004612229301,0.004440183714,0.0004716057085,0.001364314017,0.003261088226,0.005847424254,0.009082678659,0.01542408903,0.005866392087,0.002002101295,0.0006741383376,0.004836471546,0.0004716060598,0.001364313479,0.00326108349,0.005847409837,0.009082654504,0.0002206419412,5.985101072e-05,1.456794542e-05,3.590579416e-06,0.0001763145416,3.561886165e-06,1.629900677e-05,5.963901514e-05,0.000145307937,0.0002936462226,0.0001509562158,4.094812826e-05,9.966909321e-06,2.456554488e-06,0.0001618677891,3.561883513e-06,1.62990132e-05,5.963910175e-05,0.0001453082952,0.0002936470035,2.265876531e-07,2.781484589e-08,2.584237166e-09,2.251052025e-10,1.101638203e-05,3.803879498e-09,1.126601709e-07,1.941416944e-06,1.357059329e-05,6.320287923e-05,3.41139025e-10,2.634465768e-11,1.398481398e-12,6.67123305e-14,9.575137659e-07,6.664584778e-12,6.581791776e-10,3.121882968e-08,4.08220409e-07,3.130808185e-06,1.709457708e-09,2.331416034e-10,2.277678527e-11,1.979099733e-12,3.350170271e-06,2.428752008e-10,1.340986036e-08,3.879089467e-07,3.787113745e-06,2.285014622e-05,2.048257184e-09,3.435700733e-10,4.12816834e-11,4.341992227e-12,5.318170498e-06,6.733554151e-10,3.298634031e-08,8.538845952e-07,7.745081119e-06,4.369805658e-05,1.995169572e-09,4.346402326e-10,6.782522863e-11,9.080503464e-12,8.525721039e-06,1.873949194e-09,7.892687166e-08,1.775638561e-06,1.452350952e-05,7.445061235e-05,3.010456741e-10,7.547795879e-11,1.300801056e-11,1.84012104e-12,7.583878945e-06,8.321127583e-10,4.356665358e-08,1.146339629e-06,9.990896043e-06,5.2601839e-05,4.935047852e-13,9.20378391e-14,1.009067123e-14,8.183538112e-16,1.594518506e-06,2.220916742e-12,4.310379293e-10,3.218443693e-08,4.947798118e-07,3.922052845e-06,9.660103489e-12,2.180426269e-12,2.893207816e-13,2.798398289e-14,5.661485295e-06,3.66048235e-11,4.969621672e-09,2.662815906e-07,3.319963865e-06,2.188110968e-05,2.049398932e-10,5.937809935e-11,1.011357445e-11,1.231780095e-12,2.299714059e-05,8.250921279e-10,7.315626702e-08,2.639066198e-06,2.534056315e-05,0.0001323140131,6.379234172e-13,1.186225452e-13,1.15269692e-14,7.533217849e-16,3.221554832e-06,1.088166059e-12,3.135023314e-10,2.960590797e-08,4.668966522e-07,3.509601506e-06
112,0.0225973341,0.0108899014,0.004709058502,0.001972808459,0.0141033972,0.004222284198,0.01184532089,0.02751767164,0.0503725626,0.0798604671,0.03202794752,0.01543462862,0.006674314352,0.002796132855,0.01525601409,0.004222287087,0.0118453166,0.02751763492,0.05037244848,0.07986027193,0.0004272421179,0.0001448710021,4.407905416e-05,1.334955512e-05,0.0005173211308,2.905084126e-05,0.0001313015313,0.0004749552149,0.001198668376,0.002504423585,0.0003014408861,0.0001022137278,3.109995032e-05,9.418763925e-06,0.000478236671,2.905082137e-05,0.0001313015788,0.0004749558487,0.001198671092,0.002504429705,0.01055267233,0.00401359595,0.001369771873,0.0004612229244,0.004440183688,0.0004716057125,0.001364314037,0.003261088296,0.005847424415,0.009082678987,0.015424089,0.005866392054,0.002002101277,0.0006741383293,0.004836471518,0.0004716060638,0.001364313499,0.00326108356,0.005847409998,0.009082654832,0.0002206419403,5.985101008e-05,1.456794517e-05,3.590579331e-06,0.0001763145389,3.561886145e-06,1.629900678e-05,5.963901557e-05,0.0001453079389,0.0002936462288,0.0001509562152,4.094812782e-05,9.966909147e-06,2.456554431e-06,0.0001618677866,3.561883492e-06,1.629901321e-05,5.963910217e-05,0.0001453082971,0.0002936470097,2.265876492e-07,2.781484464e-08,2.584236978e-09,2.251051803e-10,1.101638142e-05,3.803879184e-09,1.12660163e-07,1.941416831e-06,1.357059261e-05,6.32028767e-05,3.411390162e-10,2.634465588e-11,1.398481244e-12,6.671232053e-14,9.575136911e-07,6.66458385e-12,6.58179096e-10,3.121882626e-08,4.082203678e-07,3.130807894e-06,1.709457746e-09,2.331415998e-10,2.277678406e-11,1.979099559e-12,3.350170094e-06,2.428751794e-10,1.340985927e-08,3.879089176e-07,3.787113472e-06,2.28501446e-05,2.048257337e-09,3.435700869e-10,4.128168357e-11,4.341992103e-12,5.318170361e-06,6.73355392e-10,3.298633919e-08,8.538845663e-07,7.745080847e-06,4.36980549e-05,1.995169855e-09,4.346402801e-10,6.782523381e-11,9.080503884e-12,8.525721109e-06,1.873949256e-09,7.892687367e-08,1.775638593e-06,1.452350969e-05,7.445061255e-05,3.010457401e-10,7.547797286e-11,1.300801256e-11,1.840121268e-12,7.583879268e-06,8.321128498e-10,4.35666576e-08,1.146339716e-06,9.990896678e-06,5.260184151e-05,4.935049727e-13,9.203787107e-14,1.009067441e-14,8.183540437e-16,1.59451867e-06,2.220917378e-12,4.310380364e-10,3.218444379e-08,4.94779906e-07,3.922053485e-06,9.660107829e-12,2.180427208e-12,2.893209008e-13,2.798399393e-14,5.661486163e-06,3.660483877e-11,4.969623497e-09,2.66281676e-07,3.319964837e-06,2.188111541e-05,2.049399949e-10,5.937812814e-11,1.011357924e-11,1.231780666e-12,2.299714488e-05,8.250925475e-10,7.315630014e-08,2.639067257e-06,2.534057257e-05,0.0001323140582,6.379238724e-13,1.186226318e-13,1.15269778e-14,7.533223583e-16,3.221555754e-06,1.088166951e-12,3.135025581e-10,2.960592674e-08,4.668969249e-07,3.509603377e-06
113,0.022597334,0.01088990128,0.004709058417,0.001972808411,0.01410339697,0.004222284147,0.01184532081,0.02751767159,0.05037256276,0.07986046778,0.03202794738,0.01543462844,0.006674314231,0.002796132786,0.01525601383,0.004222287037,0.01184531652,0.02751763488,0.05037244863,0.07986027261,0.0004272421152,0.0001448709997,4.407905299e-05,1.334955463e-05,0.0005173211174,2.905084048e-05,0.0001313015285,0.0004749552072,0.001198668362,0.002504423568,0.0003014408842,0.0001022137261,3.109994949e-05,9.418763585e-06,0.0004782366586,2.90508206e-05,0.0001313015761,0.000474955841,0.001198671078,0.002504429688,0.01055267231,0.004013595928,0.00136977186,0.0004612229188,0.004440183662,0.0004716057165,0.001364314058,0.003261088364,0.005847424575,0.00908267931,0.01542408896,0.005866392022,0.002002101259,0.0006741383211,0.004836471489,0.0004716060677,0.00136431352,0.003261083629,0.005847410157,0.009082655155,0.0002206419394,5.985100945e-05,1.456794492e-05,3.590579248e-06,0.0001763145363,3.561886124e-06,1.62990068e-05,5.963901599e-05,0.0001453079407,0.0002936462349,0.0001509562146,4.094812738e-05,9.966908976e-06,2.456554373e-06,0.0001618677842,3.561883471e-06,1.629901323e-05,5.963910259e-05,0.000145308299,0.0002936470159,2.265876453e-07,2.78148434e-08,2.584236792e-09,2.251051583e-10,1.101638081e-05,3.803878874e-09,1.126601552e-07,1.941416719e-06,1.357059195e-05,6.320287419e-05,3.411390074e-10,2.634465411e-11,1.398481091e-12,6.671231067e-14,9.575136172e-07,6.664582933e-12,6.581790155e-10,3.121882288e-08,4.082203272e-07,3.130807608e-06,1.709457783e-09,2.331415963e-10,2.277678287e-11,1.979099388e-12,3.350169919e-06,2.428751583e-10,1.34098582e-08,3.879088889e-07,3.787113203e-06,2.285014299e-05,2.048257489e-09,3.435701004e-10,4.128168374e-11,4.34199198e-12,5.318170224e-06,6.733553691e-10,3.298633807e-08,8.538845377e-07,7.745080579e-06,4.369805324e-05,1.995170135e-09,4.34640327e-10,6.782523894e-11,9.080504299e-12,8.525721178e-06,1.873949318e-09,7.892687565e-08,1.775638625e-06,1.452350985e-05,7.445061274e-05,3.010458052e-10,7.547798677e-11,1.300801454e-11,1.840121493e-12,7.583879588e-06,8.321129403e-10,4.356666158e-08,1.146339802e-06,9.990897306e-06,5.2601844e-05,4.935051581e-13,9.203790265e-14,1.009067754e-14,8.183542735e-16,1.594518832e-06,2.220918006e-12,4.310381421e-10,3.218445057e-08,4.94779999e-07,3.922054117e-06,9.660112117e-12,2.180428135e-12,2.893210185e-13,2.798400483e-14,5.661487021e-06,3.660485386e-11,4.9696253e-09,2.662817605e-07,3.319965798e-06,2.188112108e-05,2.049400954e-10,5.937815659e-11,1.011358398e-11,1.23178123e-12,2.299714912e-05,8.250929621e-10,7.315633287e-08,2.639068302e-06,2.534058188e-05,0.0001323141027,6.379243222e-13,1.186227174e-13,1.152698629e-14,7.533229249e-16,3.221556664e-06,1.088167832e-12,3.135027822e-10,2.960594529e-08,4.668971943e-07,3.509605226e-06
114,0.02259733391,0.01088990115,0.004709058332,0.001972808363,0.01410339674,0.004222284098,0.01184532074,0.02751767155,0.05037256291,0.07986046845,0.03202794725,0.01543462827,0.006674314112,0.002796132719,0.01525601358,0.004222286988,0.01184531644,0.02751763483,0.05037244879,0.07986027329,0.0004272421126,0.0001448709974,4.407905183e-05,1.334955416e-05,0.0005173211042,2.905083972e-05,0.0001313015257,0.0004749551996,0.001198668348,0.002504423551,0.0003014408823,0.0001022137245,3.109994867e-05,9.418763249e-06,0.0004782366464,2.905081984e-05,0.0001313015733,0.0004749558334,0.001198671063,0.002504429671,0.01055267229,0.004013595906,0.001369771848,0.0004612229133,0.004440183636,0.0004716057203,0.001364314078,0.003261088432,0.005847424732,0.009082679629,0.01542408893,0.005866391989,0.002002101241,0.000674138313,0.004836471461,0.0004716060716,0.00136431354,0.003261083697,0.005847410315,0.009082655474,0.0002206419385,5.985100882e-05,1.456794467e-05,3.590579165e-06,0.0001763145337,3.561886104e-06,1.629900681e-05,5.96390164e-05,0.0001453079426,0.000293646241,0.000150956214,4.094812695e-05,9.966908807e-06,2.456554317e-06,0.0001618677819,3.561883451e-06,1.629901324e-05,5.9639103e-05,0.0001453083009,0.0002936470219,2.265876415e-07,2.781484218e-08,2.584236608e-09,2.251051367e-10,1.101638021e-05,3.803878567e-09,1.126601475e-07,1.941416608e-06,1.357059129e-05,6.320287172e-05,3.411389987e-10,2.634465235e-11,1.39848094e-12,6.671230094e-14,9.575135442e-07,6.664582028e-12,6.581789359e-10,3.121881954e-08,4.08220287e-07,3.130807324e-06,1.70945782e-09,2.331415928e-10,2.277678169e-11,1.979099218e-12,3.350169745e-06,2.428751374e-10,1.340985713e-08,3.879088605e-07,3.787112937e-06,2.285014141e-05,2.04825764e-09,3.435701137e-10,4.128168391e-11,4.34199186e-12,5.31817009e-06,6.733553466e-10,3.298633698e-08,8.538845095e-07,7.745080314e-06,4.36980516e-05,1.995170411e-09,4.346403733e-10,6.782524401e-11,9.080504709e-12,8.525721246e-06,1.873949379e-09,7.892687761e-08,1.775638656e-06,1.452351002e-05,7.445061294e-05,3.010458696e-10,7.547800051e-11,1.300801649e-11,1.840121715e-12,7.583879904e-06,8.321130296e-10,4.35666655e-08,1.146339887e-06,9.990897926e-06,5.260184646e-05,4.935053411e-13,9.203793384e-14,1.009068064e-14,8.183545005e-16,1.594518992e-06,2.220918626e-12,4.310382466e-10,3.218445726e-08,4.947800909e-07,3.922054742e-06,9.660116352e-12,2.180429052e-12,2.893211347e-13,2.798401561e-14,5.661487868e-06,3.660486876e-11,4.969627082e-09,2.662818439e-07,3.319966747e-06,2.188112668e-05,2.049401946e-10,5.937818469e-11,1.011358865e-11,1.231781786e-12,2.29971533e-05,8.250933717e-10,7.31563652e-08,2.639069335e-06,2.534059108e-05,0.0001323141468,6.379247665e-13,1.186228019e-13,1.152699469e-14,7.533234844e-16,3.221557564e-06,1.088168702e-12,3.135030035e-10,2.960596361e-08,4.668974604e-07,3.509607053e-06
115,0.02259733381,0.01088990104,0.004709058249,0.001972808316,0.01410339651,0.004222284049,0.01184532066,0.02751767151,0.05037256306,0.07986046912,0.03202794711,0.0154346281,0.006674313994,0.002796132652,0.01525601334,0.004222286939,0.01184531637,0.02751763479,0.05037244894,0.07986027395,0.0004272421099,0.0001448709951,4.407905068e-05,1.334955369e-05,0.0005173210912,2.905083897e-05,0.000131301523,0.0004749551922,0.001198668334,0.002504423535,0.0003014408805,0.0001022137228,3.109994786e-05,9.418762918e-06,0.0004782366344,2.905081909e-05,0.0001313015706,0.0004749558259,0.00119867105,0.002504429655,0.01055267226,0.004013595884,0.001369771836,0.0004612229079,0.004440183611,0.0004716057242,0.001364314098,0.003261088499,0.005847424887,0.009082679944,0.0154240889,0.005866391958,0.002002101224,0.000674138305,0.004836471434,0.0004716060754,0.00136431356,0.003261083764,0.00584741047,0.009082655789,0.0002206419376,5.98510082e-05,1.456794442e-05,3.590579084e-06,0.0001763145312,3.561886084e-06,1.629900683e-05,5.963901681e-05,0.0001453079444,0.000293646247,0.0001509562134,4.094812653e-05,9.96690864e-06,2.456554261e-06,0.0001618677795,3.561883431e-06,1.629901325e-05,5.963910341e-05,0.0001453083027,0.0002936470279,2.265876378e-07,2.781484097e-08,2.584236426e-09,2.251051153e-10,1.101637962e-05,3.803878265e-09,1.126601399e-07,1.941416499e-06,1.357059064e-05,6.320286927e-05,3.411389902e-10,2.634465062e-11,1.398480792e-12,6.671229133e-14,9.575134722e-07,6.664581134e-12,6.581788574e-10,3.121881624e-08,4.082202474e-07,3.130807045e-06,1.709457857e-09,2.331415893e-10,2.277678053e-11,1.979099051e-12,3.350169575e-06,2.428751168e-10,1.340985608e-08,3.879088325e-07,3.787112675e-06,2.285013985e-05,2.048257788e-09,3.435701268e-10,4.128168408e-11,4.34199174e-12,5.318169957e-06,6.733553243e-10,3.298633589e-08,8.538844816e-07,7.745080053e-06,4.369804998e-05,1.995170684e-09,4.346404191e-10,6.7825249e-11,9.080505114e-12,8.525721313e-06,1.87394944e-09,7.892687954e-08,1.775638687e-06,1.452351018e-05,7.445061313e-05,3.010459331e-10,7.547801407e-11,1.300801842e-11,1.840121935e-12,7.583880216e-06,8.321131178e-10,4.356666938e-08,1.146339971e-06,9.990898538e-06,5.260184889e-05,4.935055218e-13,9.203796463e-14,1.00906837e-14,8.183547245e-16,1.59451915e-06,2.220919239e-12,4.310383497e-10,3.218446386e-08,4.947801816e-07,3.922055359e-06,9.660120533e-12,2.180429956e-12,2.893212495e-13,2.798402624e-14,5.661488704e-06,3.660488347e-11,4.96962884e-09,2.662819262e-07,3.319967684e-06,2.18811322e-05,2.049402926e-10,5.937821243e-11,1.011359326e-11,1.231782336e-12,2.299715744e-05,8.250937759e-10,7.315639711e-08,2.639070355e-06,2.534060016e-05,0.0001323141902,6.379252051e-13,1.186228853e-13,1.152700297e-14,7.533240368e-16,3.221558451e-06,1.088169561e-12,3.135032219e-10,2.960598169e-08,4.668977231e-07,3.509608855e-06
116,0.02259733372,0.01088990092,0.004709058167,0.00197280827,0.01410339629,0.004222284001,0.01184532059,0.02751767147,0.05037256321,0.07986046977,0.03202794698,0.01543462794,0.006674313878,0.002796132586,0.0152560131,0.00422228689,0.01184531629,0.02751763475,0.05037244909,0.07986027461,0.0004272421074,0.0001448709928,4.407904955e-05,1.334955323e-05,0.0005173210784,2.905083823e-05,0.0001313015204,0.0004749551848,0.00119866832,0.002504423518,0.0003014408787,0.0001022137212,3.109994707e-05,9.418762591e-06,0.0004782366225,2.905081834e-05,0.0001313015679,0.0004749558185,0.001198671036,0.002504429639,0.01055267224,0.004013595863,0.001369771825,0.0004612229025,0.004440183586,0.000471605728,0.001364314118,0.003261088566,0.005847425041,0.009082680255,0.01542408887,0.005866391926,0.002002101207,0.0006741382972,0.004836471406,0.0004716060792,0.00136431358,0.00326108383,0.005847410624,0.0090826561,0.0002206419368,5.985100759e-05,1.456794418e-05,3.590579003e-06,0.0001763145287,3.561886064e-06,1.629900684e-05,5.963901721e-05,0.0001453079462,0.0002936462529,0.0001509562128,4.094812611e-05,9.966908475e-06,2.456554206e-06,0.0001618677772,3.561883411e-06,1.629901327e-05,5.963910381e-05,0.0001453083045,0.0002936470338,2.265876341e-07,2.781483978e-08,2.584236247e-09,2.251050942e-10,1.101637903e-05,3.803877966e-09,1.126601324e-07,1.941416391e-06,1.357059e-05,6.320286686e-05,3.411389818e-10,2.634464891e-11,1.398480645e-12,6.671228186e-14,9.575134011e-07,6.664580252e-12,6.581787799e-10,3.121881299e-08,4.082202083e-07,3.130806769e-06,1.709457893e-09,2.331415859e-10,2.277677938e-11,1.979098886e-12,3.350169406e-06,2.428750965e-10,1.340985505e-08,3.879088049e-07,3.787112416e-06,2.285013831e-05,2.048257934e-09,3.435701398e-10,4.128168424e-11,4.341991622e-12,5.318169826e-06,6.733553023e-10,3.298633482e-08,8.538844541e-07,7.745079795e-06,4.369804839e-05,1.995170954e-09,4.346404642e-10,6.782525393e-11,9.080505513e-12,8.52572138e-06,1.873949499e-09,7.892688145e-08,1.775638717e-06,1.452351034e-05,7.445061331e-05,3.010459958e-10,7.547802744e-11,1.300802032e-11,1.840122152e-12,7.583880524e-06,8.321132048e-10,4.35666732e-08,1.146340053e-06,9.990899142e-06,5.260185128e-05,4.935057001e-13,9.203799501e-14,1.009068671e-14,8.183549455e-16,1.594519306e-06,2.220919843e-12,4.310384514e-10,3.218447038e-08,4.947802711e-07,3.922055967e-06,9.660124657e-12,2.180430848e-12,2.893213627e-13,2.798403673e-14,5.661489529e-06,3.660489799e-11,4.969630574e-09,2.662820074e-07,3.319968608e-06,2.188113765e-05,2.049403892e-10,5.937823979e-11,1.011359782e-11,1.231782878e-12,2.299716151e-05,8.250941747e-10,7.315642859e-08,2.63907136e-06,2.534060911e-05,0.0001323142331,6.379256377e-13,1.186229676e-13,1.152701115e-14,7.533245818e-16,3.221559327e-06,1.088170409e-12,3.135034375e-10,2.960599953e-08,4.668979822e-07,3.509610634e-06
117,0.02259733363,0.0108899008,0.004709058086,0.001972808224,0.01410339607,0.004222283953,0.01184532051,0.02751767143,0.05037256336,0.07986047042,0.03202794685,0.01543462777,0.006674313763,0.002796132521,0.01525601286,0.004222286843,0.01184531622,0.02751763471,0.05037244923,0.07986027525,0.0004272421048,0.0001448709905,4.407904844e-05,1.334955277e-05,0.0005173210657,2.905083749e-05,0.0001313015177,0.0004749551775,0.001198668307,0.002504423502,0.0003014408769,0.0001022137196,3.109994628e-05,9.418762269e-06,0.0004782366108,2.905081761e-05,0.0001313015653,0.0004749558113,0.001198671022,0.002504429623,0.01055267222,0.004013595841,0.001369771813,0.0004612228972,0.004440183561,0.0004716057317,0.001364314137,0.003261088631,0.005847425192,0.009082680562,0.01542408884,0.005866391896,0.00200210119,0.0006741382894,0.00483647138,0.000471606083,0.001364313599,0.003261083895,0.005847410775,0.009082656407,0.0002206419359,5.985100698e-05,1.456794395e-05,3.590578924e-06,0.0001763145262,3.561886044e-06,1.629900685e-05,5.963901761e-05,0.000145307948,0.0002936462587,0.0001509562122,4.09481257e-05,9.966908313e-06,2.456554152e-06,0.000161867775,3.561883392e-06,1.629901328e-05,5.963910421e-05,0.0001453083063,0.0002936470397,2.265876304e-07,2.781483861e-08,2.58423607e-09,2.251050733e-10,1.101637846e-05,3.803877672e-09,1.12660125e-07,1.941416284e-06,1.357058937e-05,6.320286448e-05,3.411389735e-10,2.634464723e-11,1.3984805e-12,6.671227251e-14,9.57513331e-07,6.664579383e-12,6.581787035e-10,3.121880978e-08,4.082201698e-07,3.130806497e-06,1.709457928e-09,2.331415825e-10,2.277677824e-11,1.979098723e-12,3.35016924e-06,2.428750765e-10,1.340985403e-08,3.879087776e-07,3.78711216e-06,2.285013679e-05,2.048258078e-09,3.435701525e-10,4.12816844e-11,4.341991506e-12,5.318169697e-06,6.733552806e-10,3.298633377e-08,8.538844269e-07,7.745079541e-06,4.369804682e-05,1.995171219e-09,4.346405087e-10,6.78252588e-11,9.080505907e-12,8.525721445e-06,1.873949558e-09,7.892688333e-08,1.775638747e-06,1.45235105e-05,7.44506135e-05,3.010460576e-10,7.547804063e-11,1.30080222e-11,1.840122365e-12,7.583880827e-06,8.321132905e-10,4.356667697e-08,1.146340135e-06,9.990899737e-06,5.260185364e-05,4.935058759e-13,9.203802496e-14,1.009068969e-14,8.183551635e-16,1.59451946e-06,2.220920439e-12,4.310385517e-10,3.218447681e-08,4.947803593e-07,3.922056567e-06,9.660128724e-12,2.180431728e-12,2.893214744e-13,2.798404707e-14,5.661490343e-06,3.66049123e-11,4.969632285e-09,2.662820875e-07,3.31996952e-06,2.188114302e-05,2.049404845e-10,5.937826677e-11,1.01136023e-11,1.231783413e-12,2.299716553e-05,8.250945679e-10,7.315645963e-08,2.639072352e-06,2.534061795e-05,0.0001323142754,6.379260643e-13,1.186230487e-13,1.152701921e-14,7.533251191e-16,3.22156019e-06,1.088171244e-12,3.1350365e-10,2.960601712e-08,4.668982378e-07,3.509612388e-06
118,0.02259733354,0.01088990069,0.004709058007,0.001972808179,0.01410339585,0.004222283906,0.01184532044,0.02751767139,0.05037256351,0.07986047106,0.03202794672,0.01543462761,0.00667431365,0.002796132457,0.01525601262,0.004222286796,0.01184531615,0.02751763467,0.05037244938,0.07986027589,0.0004272421023,0.0001448709883,4.407904734e-05,1.334955232e-05,0.0005173210533,2.905083677e-05,0.0001313015151,0.0004749551703,0.001198668293,0.002504423487,0.0003014408751,0.0001022137181,3.10999455e-05,9.418761952e-06,0.0004782365993,2.905081689e-05,0.0001313015627,0.0004749558041,0.001198671009,0.002504429607,0.0105526722,0.004013595821,0.001369771801,0.0004612228919,0.004440183537,0.0004716057354,0.001364314156,0.003261088695,0.005847425341,0.009082680864,0.01542408881,0.005866391865,0.002002101173,0.0006741382817,0.004836471353,0.0004716060866,0.001364313618,0.00326108396,0.005847410924,0.009082656709,0.0002206419351,5.985100639e-05,1.456794371e-05,3.590578846e-06,0.0001763145238,3.561886025e-06,1.629900687e-05,5.9639018e-05,0.0001453079497,0.0002936462644,0.0001509562117,4.094812529e-05,9.966908152e-06,2.456554099e-06,0.0001618677727,3.561883372e-06,1.629901329e-05,5.96391046e-05,0.000145308308,0.0002936470454,2.265876269e-07,2.781483745e-08,2.584235896e-09,2.251050528e-10,1.101637789e-05,3.803877382e-09,1.126601178e-07,1.94141618e-06,1.357058875e-05,6.320286214e-05,3.411389653e-10,2.634464557e-11,1.398480357e-12,6.67122633e-14,9.575132619e-07,6.664578526e-12,6.581786282e-10,3.121880662e-08,4.082201318e-07,3.130806229e-06,1.709457963e-09,2.331415792e-10,2.277677713e-11,1.979098563e-12,3.350169076e-06,2.428750567e-10,1.340985302e-08,3.879087508e-07,3.787111908e-06,2.28501353e-05,2.04825822e-09,3.435701651e-10,4.128168456e-11,4.341991392e-12,5.318169569e-06,6.733552593e-10,3.298633273e-08,8.538844002e-07,7.745079291e-06,4.369804527e-05,1.995171481e-09,4.346405525e-10,6.782526359e-11,9.080506294e-12,8.52572151e-06,1.873949616e-09,7.892688518e-08,1.775638776e-06,1.452351065e-05,7.445061368e-05,3.010461185e-10,7.547805363e-11,1.300802405e-11,1.840122576e-12,7.583881126e-06,8.32113375e-10,4.356668068e-08,1.146340215e-06,9.990900324e-06,5.260185596e-05,4.935060491e-13,9.203805448e-14,1.009069262e-14,8.183553782e-16,1.594519612e-06,2.220921026e-12,4.310386505e-10,3.218448314e-08,4.947804462e-07,3.922057158e-06,9.660132731e-12,2.180432594e-12,2.893215844e-13,2.798405727e-14,5.661491144e-06,3.66049264e-11,4.96963397e-09,2.662821664e-07,3.319970418e-06,2.188114832e-05,2.049405784e-10,5.937829336e-11,1.011360673e-11,1.231783939e-12,2.29971695e-05,8.250949554e-10,7.315649022e-08,2.639073329e-06,2.534062665e-05,0.000132314317,6.379264847e-13,1.186231286e-13,1.152702715e-14,7.533256486e-16,3.221561041e-06,1.088172068e-12,3.135038594e-10,2.960603445e-08,4.668984896e-07,3.509614116e-06
119,0.02259733345,0.01088990058,0.004709057928,0.001972808134,0.01410339563,0.00422228386,0.01184532037,0.02751767135,0.05037256365,0.07986047169,0.0320279466,0.01543462745,0.006674313539,0.002796132394,0.01525601239,0.004222286749,0.01184531608,0.02751763464,0.05037244952,0.07986027652,0.0004272420999,0.0001448709861,4.407904626e-05,1.334955188e-05,0.000517321041,2.905083606e-05,0.0001313015126,0.0004749551632,0.00119866828,0.002504423471,0.0003014408734,0.0001022137165,3.109994474e-05,9.418761639e-06,0.0004782365879,2.905081618e-05,0.0001313015601,0.000474955797,0.001198670996,0.002504429592,0.01055267218,0.0040135958,0.00136977179,0.0004612228868,0.004440183513,0.000471605739,0.001364314175,0.003261088758,0.005847425488,0.009082681161,0.01542408878,0.005866391835,0.002002101156,0.0006741382742,0.004836471327,0.0004716060902,0.001364313637,0.003261084023,0.005847411071,0.009082657006,0.0002206419343,5.985100581e-05,1.456794348e-05,3.590578769e-06,0.0001763145214,3.561886006e-06,1.629900688e-05,5.963901839e-05,0.0001453079515,0.0002936462701,0.0001509562111,4.094812489e-05,9.966907995e-06,2.456554046e-06,0.0001618677705,3.561883353e-06,1.629901331e-05,5.963910499e-05,0.0001453083097,0.000293647051,2.265876233e-07,2.781483631e-08,2.584235725e-09,2.251050326e-10,1.101637733e-05,3.803877096e-09,1.126601106e-07,1.941416077e-06,1.357058813e-05,6.320285983e-05,3.411389572e-10,2.634464393e-11,1.398480217e-12,6.671225423e-14,9.575131939e-07,6.664577682e-12,6.58178554e-10,3.121880351e-08,4.082200944e-07,3.130805965e-06,1.709457998e-09,2.331415759e-10,2.277677603e-11,1.979098405e-12,3.350168915e-06,2.428750373e-10,1.340985203e-08,3.879087243e-07,3.787111661e-06,2.285013382e-05,2.04825836e-09,3.435701775e-10,4.128168472e-11,4.341991279e-12,5.318169444e-06,6.733552382e-10,3.29863317e-08,8.538843739e-07,7.745079044e-06,4.369804374e-05,1.995171738e-09,4.346405957e-10,6.782526831e-11,9.080506676e-12,8.525721574e-06,1.873949673e-09,7.892688701e-08,1.775638805e-06,1.452351081e-05,7.445061386e-05,3.010461785e-10,7.547806643e-11,1.300802587e-11,1.840122783e-12,7.58388142e-06,8.321134583e-10,4.356668434e-08,1.146340294e-06,9.990900901e-06,5.260185825e-05,4.935062197e-13,9.203808354e-14,1.00906955e-14,8.183555897e-16,1.594519761e-06,2.220921604e-12,4.310387478e-10,3.218448938e-08,4.947805319e-07,3.92205774e-06,9.660136678e-12,2.180433448e-12,2.893216927e-13,2.79840673e-14,5.661491934e-06,3.660494028e-11,4.96963563e-09,2.662822441e-07,3.319971302e-06,2.188115353e-05,2.049406709e-10,5.937831954e-11,1.011361108e-11,1.231784458e-12,2.29971734e-05,8.25095337e-10,7.315652035e-08,2.639074292e-06,2.534063522e-05,0.000132314358,6.379268987e-13,1.186232074e-13,1.152703497e-14,7.5332617e-16,3.221561879e-06,1.088172879e-12,3.135040656e-10,2.960605152e-08,4.668987375e-07,3.509615817e-06
120,0.02259733336,0.01088990047,0.004709057851,0.00197280809,0.01410339542,0.004222283814,0.0118453203,0.02751767132,0.05037256379,0.0798604723,0.03202794648,0.0154346273,0.006674313429,0.002796132332,0.01525601216,0.004222286704,0.01184531601,0.0275176346,0.05037244966,0.07986027714,0.0004272420974,0.0001448709839,4.407904519e-05,1.334955144e-05,0.0005173210289,2.905083536e-05,0.00013130151,0.0004749551563,0.001198668267,0.002504423456,0.0003014408716,0.000102213715,3.109994399e-05,9.418761332e-06,0.0004782365768,2.905081548e-05,0.0001313015576,0.0004749557901,0.001198670983,0.002504429576,0.01055267216,0.00401359578,0.001369771779,0.0004612228817,0.00444018349,0.0004716057426,0.001364314193,0.003261088821,0.005847425632,0.009082681454,0.01542408875,0.005866391806,0.00200210114,0.0006741382668,0.004836471301,0.0004716060938,0.001364313655,0.003261084085,0.005847411215,0.009082657299,0.0002206419334,5.985100523e-05,1.456794326e-05,3.590578694e-06,0.000176314519,3.561885988e-06,1.629900689e-05,5.963901876e-05,0.0001453079532,0.0002936462757,0.0001509562105,4.09481245e-05,9.96690784e-06,2.456553994e-06,0.0001618677684,3.561883335e-06,1.629901332e-05,5.963910537e-05,0.0001453083114,0.0002936470566,2.265876198e-07,2.781483519e-08,2.584235556e-09,2.251050128e-10,1.101637678e-05,3.803876815e-09,1.126601035e-07,1.941415975e-06,1.357058753e-05,6.320285756e-05,3.411389493e-10,2.634464232e-11,1.398480078e-12,6.671224531e-14,9.57513127e-07,6.664576852e-12,6.581784811e-10,3.121880044e-08,4.082200576e-07,3.130805705e-06,1.709458031e-09,2.331415727e-10,2.277677495e-11,1.979098249e-12,3.350168756e-06,2.428750181e-10,1.340985105e-08,3.879086983e-07,3.787111417e-06,2.285013237e-05,2.048258498e-09,3.435701897e-10,4.128168487e-11,4.341991168e-12,5.31816932e-06,6.733552175e-10,3.29863307e-08,8.53884348e-07,7.745078801e-06,4.369804224e-05,1.995171992e-09,4.346406382e-10,6.782527295e-11,9.080507052e-12,8.525721636e-06,1.873949729e-09,7.89268888e-08,1.775638834e-06,1.452351096e-05,7.445061404e-05,3.010462375e-10,7.547807903e-11,1.300802766e-11,1.840122987e-12,7.58388171e-06,8.321135402e-10,4.356668794e-08,1.146340372e-06,9.99090147e-06,5.260186051e-05,4.935063876e-13,9.203811215e-14,1.009069834e-14,8.183557978e-16,1.594519908e-06,2.220922172e-12,4.310388436e-10,3.218449552e-08,4.947806161e-07,3.922058313e-06,9.660140561e-12,2.180434288e-12,2.893217993e-13,2.798407718e-14,5.661492711e-06,3.660495395e-11,4.969637263e-09,2.662823205e-07,3.319972172e-06,2.188115866e-05,2.049407619e-10,5.937834531e-11,1.011361537e-11,1.231784969e-12,2.299717724e-05,8.250957126e-10,7.315654999e-08,2.639075239e-06,2.534064365e-05,0.0001323143984,6.379273061e-13,1.186232849e-13,1.152704267e-14,7.533266832e-16,3.221562704e-06,1.088173677e-12,3.135042685e-10,2.960606831e-08,4.668989815e-07,3.509617492e-06
121,0.02259733328,0.01088990036,0.004709057775,0.001972808047,0.01410339522,0.004222283769,0.01184532023,0.02751767128,0.05037256393,0.07986047291,0.03202794635,0.01543462714,0.006674313322,0.002796132271,0.01525601194,0.004222286659,0.01184531594,0.02751763456,0.0503724498,0.07986027775,0.000427242095,0.0001448709818,4.407904415e-05,1.334955101e-05,0.000517321017,2.905083467e-05,0.0001313015076,0.0004749551495,0.001198668255,0.002504423441,0.00030144087,0.0001022137135,3.109994325e-05,9.418761029e-06,0.0004782365658,2.905081479e-05,0.0001313015551,0.0004749557832,0.001198670971,0.002504429561,0.01055267214,0.00401359576,0.001369771768,0.0004612228767,0.004440183466,0.0004716057461,0.001364314211,0.003261088882,0.005847425774,0.009082681742,0.01542408872,0.005866391777,0.002002101124,0.0006741382595,0.004836471276,0.0004716060973,0.001364313673,0.003261084147,0.005847411357,0.009082657587,0.0002206419327,5.985100466e-05,1.456794303e-05,3.590578619e-06,0.0001763145167,3.561885969e-06,1.62990069e-05,5.963901914e-05,0.0001453079548,0.0002936462811,0.00015095621,4.094812411e-05,9.966907687e-06,2.456553944e-06,0.0001618677662,3.561883316e-06,1.629901333e-05,5.963910574e-05,0.0001453083131,0.0002936470621,2.265876164e-07,2.781483409e-08,2.584235391e-09,2.251049932e-10,1.101637624e-05,3.803876538e-09,1.126600966e-07,1.941415875e-06,1.357058694e-05,6.320285533e-05,3.411389415e-10,2.634464074e-11,1.398479942e-12,6.671223653e-14,9.575130612e-07,6.664576035e-12,6.581784093e-10,3.121879743e-08,4.082200214e-07,3.130805449e-06,1.709458065e-09,2.331415695e-10,2.277677389e-11,1.979098096e-12,3.3501686e-06,2.428749993e-10,1.340985009e-08,3.879086727e-07,3.787111177e-06,2.285013095e-05,2.048258633e-09,3.435702017e-10,4.128168503e-11,4.341991059e-12,5.318169199e-06,6.733551971e-10,3.298632971e-08,8.538843225e-07,7.745078562e-06,4.369804076e-05,1.995172241e-09,4.3464068e-10,6.782527752e-11,9.080507422e-12,8.525721698e-06,1.873949784e-09,7.892689057e-08,1.775638862e-06,1.452351111e-05,7.445061421e-05,3.010462955e-10,7.547809142e-11,1.300802942e-11,1.840123188e-12,7.583881995e-06,8.321136207e-10,4.356669148e-08,1.146340449e-06,9.990902029e-06,5.260186272e-05,4.935065527e-13,9.203814028e-14,1.009070113e-14,8.183560025e-16,1.594520052e-06,2.220922732e-12,4.310389378e-10,3.218450155e-08,4.94780699e-07,3.922058876e-06,9.660144381e-12,2.180435114e-12,2.893219041e-13,2.79840869e-14,5.661493475e-06,3.660496739e-11,4.969638869e-09,2.662823958e-07,3.319973028e-06,2.188116371e-05,2.049408514e-10,5.937837065e-11,1.011361958e-11,1.231785471e-12,2.299718101e-05,8.250960819e-10,7.315657914e-08,2.63907617e-06,2.534065195e-05,0.0001323144381,6.379277068e-13,1.186233611e-13,1.152705024e-14,7.533271879e-16,3.221563515e-06,1.088174462e-12,3.135044681e-10,2.960608483e-08,4.668992215e-07,3.509619139e-06
122,0.02259733319,0.01088990025,0.0047090577,0.001972808005,0.01410339501,0.004222283725,0.01184532016,0.02751767124,0.05037256406,0.07986047351,0.03202794623,0.01543462699,0.006674313216,0.002796132211,0.01525601172,0.004222286615,0.01184531587,0.02751763452,0.05037244994,0.07986027834,0.0004272420927,0.0001448709797,4.407904312e-05,1.334955059e-05,0.0005173210053,2.9050834e-05,0.0001313015051,0.0004749551427,0.001198668242,0.002504423426,0.0003014408683,0.000102213712,3.109994253e-05,9.418760732e-06,0.000478236555,2.905081412e-05,0.0001313015527,0.0004749557765,0.001198670958,0.002504429546,0.01055267212,0.004013595741,0.001369771757,0.0004612228718,0.004440183444,0.0004716057495,0.001364314229,0.003261088942,0.005847425914,0.009082682025,0.01542408869,0.005866391748,0.002002101108,0.0006741382523,0.004836471251,0.0004716061008,0.001364313691,0.003261084207,0.005847411497,0.00908265787,0.0002206419319,5.985100411e-05,1.456794281e-05,3.590578546e-06,0.0001763145144,3.561885951e-06,1.629900692e-05,5.96390195e-05,0.0001453079565,0.0002936462865,0.0001509562095,4.094812373e-05,9.966907537e-06,2.456553894e-06,0.0001618677641,3.561883298e-06,1.629901334e-05,5.963910611e-05,0.0001453083147,0.0002936470674,2.265876131e-07,2.781483301e-08,2.584235228e-09,2.25104974e-10,1.101637571e-05,3.803876267e-09,1.126600897e-07,1.941415777e-06,1.357058636e-05,6.320285314e-05,3.411389338e-10,2.634463919e-11,1.398479809e-12,6.671222791e-14,9.575129965e-07,6.664575232e-12,6.581783388e-10,3.121879447e-08,4.082199858e-07,3.130805198e-06,1.709458097e-09,2.331415664e-10,2.277677284e-11,1.979097946e-12,3.350168446e-06,2.428749808e-10,1.340984915e-08,3.879086476e-07,3.787110941e-06,2.285012954e-05,2.048258766e-09,3.435702135e-10,4.128168518e-11,4.341990952e-12,5.31816908e-06,6.733551771e-10,3.298632873e-08,8.538842975e-07,7.745078328e-06,4.369803931e-05,1.995172486e-09,4.346407211e-10,6.7825282e-11,9.080507786e-12,8.525721758e-06,1.873949839e-09,7.89268923e-08,1.775638889e-06,1.452351125e-05,7.445061438e-05,3.010463525e-10,7.547810359e-11,1.300803115e-11,1.840123385e-12,7.583882275e-06,8.321136999e-10,4.356669496e-08,1.146340524e-06,9.990902579e-06,5.26018649e-05,4.935067149e-13,9.203816793e-14,1.009070388e-14,8.183562036e-16,1.594520194e-06,2.220923282e-12,4.310390304e-10,3.218450748e-08,4.947807804e-07,3.92205943e-06,9.660148135e-12,2.180435926e-12,2.893220072e-13,2.798409645e-14,5.661494226e-06,3.66049806e-11,4.969640448e-09,2.662824697e-07,3.319973869e-06,2.188116867e-05,2.049409394e-10,5.937839556e-11,1.011362373e-11,1.231785964e-12,2.299718472e-05,8.250964448e-10,7.31566078e-08,2.639077085e-06,2.53406601e-05,0.0001323144771,6.379281005e-13,1.18623436e-13,1.152705768e-14,7.533276838e-16,3.221564312e-06,1.088175233e-12,3.135046642e-10,2.960610107e-08,4.668994574e-07,3.509620758e-06
123,0.02259733311,0.01088990015,0.004709057627,0.001972807963,0.01410339481,0.004222283682,0.0118453201,0.02751767121,0.0503725642,0.0798604741,0.03202794612,0.01543462684,0.006674313112,0.002796132152,0.0152560115,0.004222286572,0.01184531581,0.02751763449,0.05037245007,0.07986027893,0.0004272420904,0.0001448709777,4.407904211e-05,1.334955018e-05,0.0005173209938,2.905083333e-05,0.0001313015027,0.0004749551361,0.00119866823,0.002504423412,0.0003014408667,0.0001022137106,3.109994181e-05,9.41876044e-06,0.0004782365444,2.905081345e-05,0.0001313015503,0.0004749557699,0.001198670946,0.002504429532,0.0105526721,0.004013595722,0.001369771747,0.000461222867,0.004440183421,0.0004716057529,0.001364314247,0.003261089001,0.005847426051,0.009082682303,0.01542408866,0.00586639172,0.002002101093,0.0006741382453,0.004836471227,0.0004716061041,0.001364313709,0.003261084266,0.005847411634,0.009082658148,0.0002206419311,5.985100356e-05,1.45679426e-05,3.590578474e-06,0.0001763145122,3.561885934e-06,1.629900693e-05,5.963901986e-05,0.0001453079581,0.0002936462918,0.0001509562089,4.094812336e-05,9.96690739e-06,2.456553844e-06,0.0001618677621,3.561883281e-06,1.629901336e-05,5.963910647e-05,0.0001453083164,0.0002936470727,2.265876098e-07,2.781483194e-08,2.584235067e-09,2.251049551e-10,1.101637518e-05,3.803876e-09,1.12660083e-07,1.941415681e-06,1.357058578e-05,6.320285098e-05,3.411389263e-10,2.634463766e-11,1.398479678e-12,6.671221944e-14,9.575129329e-07,6.664574444e-12,6.581782695e-10,3.121879156e-08,4.082199509e-07,3.130804952e-06,1.70945813e-09,2.331415633e-10,2.277677181e-11,1.979097799e-12,3.350168296e-06,2.428749627e-10,1.340984823e-08,3.879086229e-07,3.78711071e-06,2.285012817e-05,2.048258897e-09,3.43570225e-10,4.128168532e-11,4.341990847e-12,5.318168963e-06,6.733551575e-10,3.298632778e-08,8.538842729e-07,7.745078097e-06,4.369803788e-05,1.995172727e-09,4.346407614e-10,6.782528641e-11,9.080508143e-12,8.525721818e-06,1.873949892e-09,7.892689401e-08,1.775638917e-06,1.45235114e-05,7.445061455e-05,3.010464086e-10,7.547811555e-11,1.300803285e-11,1.840123578e-12,7.58388255e-06,8.321137777e-10,4.356669838e-08,1.146340598e-06,9.990903118e-06,5.260186704e-05,4.935068742e-13,9.203819508e-14,1.009070657e-14,8.183564012e-16,1.594520334e-06,2.220923822e-12,4.310391213e-10,3.218451331e-08,4.947808604e-07,3.922059974e-06,9.660151821e-12,2.180436723e-12,2.893221084e-13,2.798410582e-14,5.661494963e-06,3.660499357e-11,4.969641998e-09,2.662825422e-07,3.319974695e-06,2.188117354e-05,2.049410258e-10,5.937842001e-11,1.01136278e-11,1.231786449e-12,2.299718837e-05,8.250968013e-10,7.315663593e-08,2.639077984e-06,2.53406681e-05,0.0001323145154,6.379284872e-13,1.186235095e-13,1.152706498e-14,7.533281709e-16,3.221565095e-06,1.088175991e-12,3.135048569e-10,2.960611701e-08,4.66899689e-07,3.509622347e-06
124,0.02259733303,0.01088990004,0.004709057555,0.001972807923,0.01410339462,0.00422228364,0.01184532003,0.02751767117,0.05037256433,0.07986047467,0.032027946,0.0154346267,0.00667431301,0.002796132094,0.01525601129,0.00422228653,0.01184531574,0.02751763445,0.0503724502,0.07986027951,0.0004272420881,0.0001448709756,4.407904112e-05,1.334954977e-05,0.0005173209826,2.905083268e-05,0.0001313015004,0.0004749551297,0.001198668218,0.002504423397,0.0003014408651,0.0001022137091,3.109994111e-05,9.418760153e-06,0.000478236534,2.90508128e-05,0.000131301548,0.0004749557634,0.001198670934,0.002504429518,0.01055267208,0.004013595703,0.001369771736,0.0004612228623,0.004440183399,0.0004716057562,0.001364314264,0.00326108906,0.005847426185,0.009082682576,0.01542408863,0.005866391693,0.002002101078,0.0006741382384,0.004836471203,0.0004716061075,0.001364313726,0.003261084324,0.005847411768,0.009082658421,0.0002206419304,5.985100303e-05,1.456794239e-05,3.590578404e-06,0.00017631451,3.561885916e-06,1.629900694e-05,5.963902022e-05,0.0001453079597,0.0002936462969,0.0001509562084,4.094812299e-05,9.966907245e-06,2.456553796e-06,0.0001618677601,3.561883263e-06,1.629901337e-05,5.963910682e-05,0.0001453083179,0.0002936470779,2.265876065e-07,2.78148309e-08,2.58423491e-09,2.251049366e-10,1.101637467e-05,3.803875738e-09,1.126600764e-07,1.941415586e-06,1.357058522e-05,6.320284887e-05,3.411389189e-10,2.634463616e-11,1.398479549e-12,6.671221112e-14,9.575128706e-07,6.664573671e-12,6.581782016e-10,3.121878871e-08,4.082199166e-07,3.13080471e-06,1.709458161e-09,2.331415603e-10,2.277677081e-11,1.979097654e-12,3.350168148e-06,2.428749448e-10,1.340984732e-08,3.879085987e-07,3.787110482e-06,2.285012682e-05,2.048259025e-09,3.435702364e-10,4.128168547e-11,4.341990744e-12,5.318168848e-06,6.733551382e-10,3.298632684e-08,8.538842488e-07,7.745077871e-06,4.369803648e-05,1.995172963e-09,4.34640801e-10,6.782529074e-11,9.080508493e-12,8.525721876e-06,1.873949944e-09,7.892689568e-08,1.775638943e-06,1.452351154e-05,7.445061472e-05,3.010464635e-10,7.547812728e-11,1.300803452e-11,1.840123768e-12,7.583882819e-06,8.32113854e-10,4.356670173e-08,1.146340671e-06,9.990903648e-06,5.260186914e-05,4.935070306e-13,9.203822172e-14,1.009070922e-14,8.18356595e-16,1.594520471e-06,2.220924352e-12,4.310392105e-10,3.218451903e-08,4.947809389e-07,3.922060508e-06,9.660155438e-12,2.180437506e-12,2.893222077e-13,2.798411502e-14,5.661495687e-06,3.66050063e-11,4.96964352e-09,2.662826135e-07,3.319975506e-06,2.188117832e-05,2.049411105e-10,5.937844401e-11,1.011363179e-11,1.231786925e-12,2.299719194e-05,8.250971511e-10,7.315666355e-08,2.639078867e-06,2.534067596e-05,0.000132314553,6.379288667e-13,1.186235817e-13,1.152707215e-14,7.533286489e-16,3.221565863e-06,1.088176734e-12,3.135050459e-10,2.960613266e-08,4.668999163e-07,3.509623907e-06
125,0.02259733295,0.01088989994,0.004709057484,0.001972807883,0.01410339442,0.004222283598,0.01184531997,0.02751767114,0.05037256446,0.07986047524,0.03202794589,0.01543462656,0.00667431291,0.002796132037,0.01525601108,0.004222286488,0.01184531568,0.02751763442,0.05037245033,0.07986028007,0.0004272420859,0.0001448709737,4.407904014e-05,1.334954937e-05,0.0005173209715,2.905083204e-05,0.0001313014981,0.0004749551233,0.001198668206,0.002504423383,0.0003014408635,0.0001022137077,3.109994043e-05,9.418759872e-06,0.0004782365237,2.905081216e-05,0.0001313015457,0.0004749557571,0.001198670922,0.002504429504,0.01055267206,0.004013595684,0.001369771726,0.0004612228576,0.004440183378,0.0004716057595,0.001364314281,0.003261089116,0.005847426317,0.009082682843,0.01542408861,0.005866391666,0.002002101063,0.0006741382316,0.00483647118,0.0004716061107,0.001364313743,0.003261084381,0.0058474119,0.009082658688,0.0002206419296,5.98510025e-05,1.456794218e-05,3.590578335e-06,0.0001763145078,3.561885899e-06,1.629900695e-05,5.963902056e-05,0.0001453079612,0.000293646302,0.0001509562079,4.094812263e-05,9.966907103e-06,2.456553749e-06,0.0001618677581,3.561883246e-06,1.629901338e-05,5.963910717e-05,0.0001453083195,0.000293647083,2.265876033e-07,2.781482987e-08,2.584234756e-09,2.251049185e-10,1.101637417e-05,3.803875481e-09,1.1266007e-07,1.941415493e-06,1.357058467e-05,6.32028468e-05,3.411389116e-10,2.634463469e-11,1.398479422e-12,6.671220297e-14,9.575128095e-07,6.664572912e-12,6.581781349e-10,3.121878591e-08,4.08219883e-07,3.130804473e-06,1.709458192e-09,2.331415574e-10,2.277676982e-11,1.979097512e-12,3.350168003e-06,2.428749274e-10,1.340984643e-08,3.879085749e-07,3.78711026e-06,2.285012549e-05,2.048259151e-09,3.435702475e-10,4.128168561e-11,4.341990642e-12,5.318168735e-06,6.733551193e-10,3.298632592e-08,8.538842251e-07,7.745077649e-06,4.369803511e-05,1.995173195e-09,4.346408398e-10,6.782529498e-11,9.080508836e-12,8.525721933e-06,1.873949995e-09,7.892689732e-08,1.775638969e-06,1.452351168e-05,7.445061488e-05,3.010465174e-10,7.547813879e-11,1.300803616e-11,1.840123955e-12,7.583883084e-06,8.321139288e-10,4.356670502e-08,1.146340742e-06,9.990904167e-06,5.26018712e-05,4.935071839e-13,9.203824784e-14,1.009071181e-14,8.183567851e-16,1.594520605e-06,2.220924871e-12,4.31039298e-10,3.218452463e-08,4.947810158e-07,3.922061031e-06,9.660158985e-12,2.180438273e-12,2.89322305e-13,2.798412404e-14,5.661496396e-06,3.660501878e-11,4.969645011e-09,2.662826833e-07,3.319976301e-06,2.188118301e-05,2.049411936e-10,5.937846755e-11,1.01136357e-11,1.231787391e-12,2.299719545e-05,8.25097494e-10,7.315669062e-08,2.639079731e-06,2.534068366e-05,0.0001323145899,6.379292387e-13,1.186236524e-13,1.152707918e-14,7.533291175e-16,3.221566616e-06,1.088177463e-12,3.135052312e-10,2.9606148e-08,4.669001392e-07,3.509625437e-06
126,0.02259733287,0.01088989984,0.004709057415,0.001972807844,0.01410339423,0.004222283558,0.01184531991,0.0275176711,0.05037256458,0.07986047579,0.03202794578,0.01543462642,0.006674312812,0.002796131982,0.01525601087,0.004222286447,0.01184531561,0.02751763438,0.05037245045,0.07986028062,0.0004272420837,0.0001448709717,4.407903919e-05,1.334954898e-05,0.0005173209607,2.905083142e-05,0.0001313014958,0.0004749551171,0.001198668195,0.00250442337,0.000301440862,0.0001022137064,3.109993976e-05,9.418759597e-06,0.0004782365137,2.905081154e-05,0.0001313015434,0.0004749557509,0.001198670911,0.00250442949,0.01055267205,0.004013595666,0.001369771716,0.0004612228531,0.004440183357,0.0004716057627,0.001364314297,0.003261089172,0.005847426446,0.009082683105,0.01542408858,0.00586639164,0.002002101048,0.000674138225,0.004836471157,0.0004716061139,0.001364313759,0.003261084437,0.005847412029,0.00908265895,0.0002206419289,5.985100199e-05,1.456794198e-05,3.590578267e-06,0.0001763145057,3.561885883e-06,1.629900696e-05,5.96390209e-05,0.0001453079627,0.000293646307,0.0001509562074,4.094812228e-05,9.966906965e-06,2.456553703e-06,0.0001618677562,3.56188323e-06,1.629901339e-05,5.963910751e-05,0.000145308321,0.0002936470879,2.265876002e-07,2.781482887e-08,2.584234606e-09,2.251049007e-10,1.101637368e-05,3.80387523e-09,1.126600637e-07,1.941415402e-06,1.357058413e-05,6.320284476e-05,3.411389045e-10,2.634463325e-11,1.398479299e-12,6.671219499e-14,9.575127496e-07,6.66457217e-12,6.581780696e-10,3.121878317e-08,4.0821985e-07,3.13080424e-06,1.709458222e-09,2.331415545e-10,2.277676885e-11,1.979097373e-12,3.350167861e-06,2.428749102e-10,1.340984556e-08,3.879085516e-07,3.787110041e-06,2.285012419e-05,2.048259274e-09,3.435702584e-10,4.128168575e-11,4.341990543e-12,5.318168625e-06,6.733551008e-10,3.298632502e-08,8.53884202e-07,7.745077432e-06,4.369803377e-05,1.995173421e-09,4.346408778e-10,6.782529913e-11,9.080509172e-12,8.525721989e-06,1.873950045e-09,7.892689893e-08,1.775638995e-06,1.452351181e-05,7.445061504e-05,3.010465702e-10,7.547815005e-11,1.300803776e-11,1.840124137e-12,7.583883343e-06,8.32114002e-10,4.356670824e-08,1.146340811e-06,9.990904676e-06,5.260187321e-05,4.935073341e-13,9.203827343e-14,1.009071435e-14,8.183569713e-16,1.594520736e-06,2.22092538e-12,4.310393836e-10,3.218453012e-08,4.947810912e-07,3.922061543e-06,9.66016246e-12,2.180439024e-12,2.893224004e-13,2.798413288e-14,5.661497091e-06,3.660503101e-11,4.969646473e-09,2.662827517e-07,3.31997708e-06,2.18811876e-05,2.049412751e-10,5.93784906e-11,1.011363954e-11,1.231787847e-12,2.299719888e-05,8.2509783e-10,7.315671714e-08,2.639080579e-06,2.534069121e-05,0.000132314626,6.379296032e-13,1.186237217e-13,1.152708607e-14,7.533295766e-16,3.221567354e-06,1.088178177e-12,3.135054128e-10,2.960616302e-08,4.669003575e-07,3.509626935e-06
127,0.0225973328,0.01088989975,0.004709057348,0.001972807805,0.01410339405,0.004222283518,0.01184531984,0.02751767107,0.0503725647,0.07986047633,0.03202794567,0.01543462628,0.006674312716,0.002796131928,0.01525601067,0.004222286408,0.01184531555,0.02751763435,0.05037245058,0.07986028116,0.0004272420816,0.0001448709698,4.407903826e-05,1.33495486e-05,0.0005173209501,2.905083081e-05,0.0001313014936,0.000474955111,0.001198668184,0.002504423356,0.0003014408605,0.0001022137051,3.10999391e-05,9.418759328e-06,0.000478236504,2.905081092e-05,0.0001313015412,0.0004749557448,0.001198670899,0.002504429477,0.01055267203,0.004013595649,0.001369771706,0.0004612228487,0.004440183336,0.0004716057658,0.001364314314,0.003261089227,0.005847426573,0.009082683361,0.01542408856,0.005866391614,0.002002101034,0.0006741382185,0.004836471134,0.000471606117,0.001364313776,0.003261084491,0.005847412156,0.009082659206,0.0002206419282,5.985100148e-05,1.456794178e-05,3.590578201e-06,0.0001763145037,3.561885866e-06,1.629900697e-05,5.963902124e-05,0.0001453079642,0.0002936463119,0.0001509562069,4.094812193e-05,9.966906829e-06,2.456553657e-06,0.0001618677543,3.561883213e-06,1.62990134e-05,5.963910784e-05,0.0001453083225,0.0002936470928,2.265875972e-07,2.781482789e-08,2.584234458e-09,2.251048833e-10,1.101637319e-05,3.803874984e-09,1.126600575e-07,1.941415313e-06,1.357058361e-05,6.320284278e-05,3.411388976e-10,2.634463184e-11,1.398479178e-12,6.671218718e-14,9.57512691e-07,6.664571443e-12,6.581780058e-10,3.121878049e-08,4.082198178e-07,3.130804013e-06,1.709458252e-09,2.331415517e-10,2.277676791e-11,1.979097237e-12,3.350167722e-06,2.428748935e-10,1.34098447e-08,3.879085288e-07,3.787109828e-06,2.285012293e-05,2.048259395e-09,3.435702691e-10,4.128168588e-11,4.341990446e-12,5.318168517e-06,6.733550826e-10,3.298632414e-08,8.538841793e-07,7.74507722e-06,4.369803245e-05,1.995173643e-09,4.34640915e-10,6.78253032e-11,9.080509502e-12,8.525722044e-06,1.873950095e-09,7.89269005e-08,1.77563902e-06,1.452351194e-05,7.445061519e-05,3.010466219e-10,7.547816108e-11,1.300803933e-11,1.840124316e-12,7.583883597e-06,8.321140738e-10,4.356671139e-08,1.14634088e-06,9.990905173e-06,5.260187519e-05,4.935074811e-13,9.203829848e-14,1.009071684e-14,8.183571535e-16,1.594520865e-06,2.220925878e-12,4.310394675e-10,3.218453549e-08,4.94781165e-07,3.922062045e-06,9.66016586e-12,2.18043976e-12,2.893224938e-13,2.798414153e-14,5.661497771e-06,3.660504297e-11,4.969647903e-09,2.662828187e-07,3.319977842e-06,2.188119209e-05,2.049413547e-10,5.937851316e-11,1.011364329e-11,1.231788295e-12,2.299720225e-05,8.250981588e-10,7.31567431e-08,2.639081408e-06,2.534069859e-05,0.0001323146613,6.3792996e-13,1.186237896e-13,1.152709281e-14,7.533300259e-16,3.221568076e-06,1.088178876e-12,3.135055905e-10,2.960617773e-08,4.669005712e-07,3.509628401e-06
128,0.02259733272,0.01088989965,0.004709057282,0.001972807768,0.01410339387,0.004222283479,0.01184531979,0.02751767104,0.05037256482,0.07986047686,0.03202794556,0.01543462615,0.006674312622,0.002796131874,0.01525601048,0.004222286369,0.01184531549,0.02751763432,0.0503724507,0.07986028169,0.0004272420795,0.000144870968,4.407903735e-05,1.334954823e-05,0.0005173209398,2.905083021e-05,0.0001313014915,0.0004749551051,0.001198668172,0.002504423343,0.000301440859,0.0001022137037,3.109993846e-05,9.418759064e-06,0.0004782364944,2.905081032e-05,0.0001313015391,0.0004749557388,0.001198670888,0.002504429464,0.01055267201,0.004013595632,0.001369771697,0.0004612228443,0.004440183316,0.0004716057688,0.001364314329,0.00326108928,0.005847426696,0.009082683612,0.01542408853,0.005866391589,0.00200210102,0.0006741382122,0.004836471112,0.0004716061201,0.001364313791,0.003261084545,0.005847412279,0.009082659457,0.0002206419275,5.985100099e-05,1.456794158e-05,3.590578136e-06,0.0001763145016,3.56188585e-06,1.629900698e-05,5.963902156e-05,0.0001453079657,0.0002936463166,0.0001509562065,4.09481216e-05,9.966906696e-06,2.456553613e-06,0.0001618677524,3.561883197e-06,1.629901341e-05,5.963910816e-05,0.0001453083239,0.0002936470976,2.265875942e-07,2.781482693e-08,2.584234313e-09,2.251048663e-10,1.101637272e-05,3.803874743e-09,1.126600514e-07,1.941415227e-06,1.357058309e-05,6.320284083e-05,3.411388908e-10,2.634463047e-11,1.398479059e-12,6.671217953e-14,9.575126336e-07,6.664570732e-12,6.581779433e-10,3.121877787e-08,4.082197863e-07,3.13080379e-06,1.709458281e-09,2.331415489e-10,2.277676698e-11,1.979097104e-12,3.350167586e-06,2.428748771e-10,1.340984387e-08,3.879085066e-07,3.787109619e-06,2.285012168e-05,2.048259512e-09,3.435702795e-10,4.128168602e-11,4.341990351e-12,5.318168411e-06,6.733550649e-10,3.298632327e-08,8.538841571e-07,7.745077012e-06,4.369803117e-05,1.99517386e-09,4.346409514e-10,6.782530717e-11,9.080509824e-12,8.525722097e-06,1.873950143e-09,7.892690204e-08,1.775639044e-06,1.452351207e-05,7.445061534e-05,3.010466724e-10,7.547817187e-11,1.300804087e-11,1.84012449e-12,7.583883845e-06,8.321141439e-10,4.356671447e-08,1.146340946e-06,9.99090566e-06,5.260187712e-05,4.935076248e-13,9.203832297e-14,1.009071927e-14,8.183573317e-16,1.594520991e-06,2.220926365e-12,4.310395495e-10,3.218454075e-08,4.947812371e-07,3.922062535e-06,9.660169185e-12,2.180440479e-12,2.89322585e-13,2.798414999e-14,5.661498436e-06,3.660505467e-11,4.969649301e-09,2.662828842e-07,3.319978587e-06,2.188119648e-05,2.049414327e-10,5.937853522e-11,1.011364696e-11,1.231788732e-12,2.299720553e-05,8.250984803e-10,7.315676848e-08,2.639082219e-06,2.534070581e-05,0.0001323146959,6.379303088e-13,1.186238559e-13,1.15270994e-14,7.533304652e-16,3.221568782e-06,1.088179559e-12,3.135057642e-10,2.960619211e-08,4.669007801e-07,3.509629835e-06
129,0.02259733265,0.01088989956,0.004709057217,0.001972807731,0.01410339369,0.004222283441,0.01184531973,0.027517671,0.05037256494,0.07986047738,0.03202794546,0.01543462601,0.006674312531,0.002796131823,0.01525601029,0.004222286331,0.01184531543,0.02751763429,0.05037245082,0.07986028221,0.0004272420775,0.0001448709662,4.407903646e-05,1.334954786e-05,0.0005173209297,2.905082962e-05,0.0001313014894,0.0004749550992,0.001198668162,0.00250442333,0.0003014408576,0.0001022137025,3.109993783e-05,9.418758807e-06,0.000478236485,2.905080974e-05,0.0001313015369,0.000474955733,0.001198670877,0.002504429451,0.01055267199,0.004013595615,0.001369771688,0.0004612228401,0.004440183296,0.0004716057718,0.001364314345,0.003261089332,0.005847426817,0.009082683857,0.01542408851,0.005866391564,0.002002101006,0.000674138206,0.004836471091,0.0004716061231,0.001364313807,0.003261084597,0.0058474124,0.009082659702,0.0002206419268,5.985100051e-05,1.456794139e-05,3.590578073e-06,0.0001763144997,3.561885835e-06,1.6299007e-05,5.963902188e-05,0.0001453079671,0.0002936463213,0.000150956206,4.094812127e-05,9.966906566e-06,2.45655357e-06,0.0001618677506,3.561883182e-06,1.629901342e-05,5.963910848e-05,0.0001453083254,0.0002936471022,2.265875913e-07,2.781482599e-08,2.584234172e-09,2.251048497e-10,1.101637226e-05,3.803874508e-09,1.126600455e-07,1.941415142e-06,1.357058259e-05,6.320283893e-05,3.411388841e-10,2.634462912e-11,1.398478944e-12,6.671217207e-14,9.575125777e-07,6.664570037e-12,6.581778823e-10,3.121877531e-08,4.082197555e-07,3.130803573e-06,1.709458309e-09,2.331415462e-10,2.277676608e-11,1.979096974e-12,3.350167453e-06,2.428748611e-10,1.340984305e-08,3.879084848e-07,3.787109415e-06,2.285012047e-05,2.048259628e-09,3.435702897e-10,4.128168614e-11,4.341990258e-12,5.318168308e-06,6.733550476e-10,3.298632243e-08,8.538841354e-07,7.745076809e-06,4.369802991e-05,1.995174073e-09,4.346409869e-10,6.782531105e-11,9.080510138e-12,8.52572215e-06,1.87395019e-09,7.892690354e-08,1.775639068e-06,1.45235122e-05,7.445061549e-05,3.010467218e-10,7.547818241e-11,1.300804237e-11,1.840124661e-12,7.583884087e-06,8.321142124e-10,4.356671748e-08,1.146341011e-06,9.990906136e-06,5.2601879e-05,4.935077652e-13,9.203834689e-14,1.009072165e-14,8.183575057e-16,1.594521113e-06,2.220926841e-12,4.310396296e-10,3.218454588e-08,4.947813076e-07,3.922063014e-06,9.660172434e-12,2.180441182e-12,2.893226742e-13,2.798415825e-14,5.661499086e-06,3.66050661e-11,4.969650667e-09,2.662829481e-07,3.319979315e-06,2.188120078e-05,2.049415088e-10,5.937855677e-11,1.011365055e-11,1.231789159e-12,2.299720875e-05,8.250987944e-10,7.315679327e-08,2.639083011e-06,2.534071287e-05,0.0001323147297,6.379306495e-13,1.186239207e-13,1.152710584e-14,7.533308944e-16,3.221569471e-06,1.088180227e-12,3.135059339e-10,2.960620616e-08,4.669009842e-07,3.509631236e-06
130,0.02259733258,0.01088989947,0.004709057154,0.001972807695,0.01410339352,0.004222283404,0.01184531967,0.02751767097,0.05037256506,0.07986047788,0.03202794536,0.01543462589,0.006674312441,0.002796131772,0.0152560101,0.004222286293,0.01184531538,0.02751763426,0.05037245093,0.07986028271,0.0004272420755,0.0001448709644,4.407903559e-05,1.334954751e-05,0.0005173209198,2.905082905e-05,0.0001313014873,0.0004749550936,0.001198668151,0.002504423318,0.0003014408562,0.0001022137012,3.109993722e-05,9.418758556e-06,0.0004782364759,2.905080917e-05,0.0001313015349,0.0004749557273,0.001198670867,0.002504429438,0.01055267198,0.004013595598,0.001369771678,0.0004612228359,0.004440183277,0.0004716057747,0.00136431436,0.003261089383,0.005847426935,0.009082684096,0.01542408848,0.00586639154,0.002002100993,0.0006741381999,0.00483647107,0.000471606126,0.001364313822,0.003261084648,0.005847412518,0.009082659941,0.0002206419262,5.985100004e-05,1.456794121e-05,3.590578011e-06,0.0001763144977,3.561885819e-06,1.629900701e-05,5.963902219e-05,0.0001453079685,0.0002936463258,0.0001509562056,4.094812095e-05,9.966906439e-06,2.456553528e-06,0.0001618677488,3.561883167e-06,1.629901343e-05,5.963910879e-05,0.0001453083267,0.0002936471068,2.265875884e-07,2.781482508e-08,2.584234035e-09,2.251048334e-10,1.101637181e-05,3.803874279e-09,1.126600398e-07,1.941415059e-06,1.357058209e-05,6.320283708e-05,3.411388777e-10,2.634462781e-11,1.398478831e-12,6.671216479e-14,9.57512523e-07,6.664569359e-12,6.581778227e-10,3.121877281e-08,4.082197254e-07,3.130803361e-06,1.709458337e-09,2.331415436e-10,2.277676519e-11,1.979096847e-12,3.350167323e-06,2.428748455e-10,1.340984226e-08,3.879084636e-07,3.787109216e-06,2.285011929e-05,2.04825974e-09,3.435702997e-10,4.128168627e-11,4.341990168e-12,5.318168207e-06,6.733550307e-10,3.298632161e-08,8.538841143e-07,7.74507661e-06,4.369802869e-05,1.995174279e-09,4.346410216e-10,6.782531484e-11,9.080510445e-12,8.525722201e-06,1.873950235e-09,7.8926905e-08,1.775639091e-06,1.452351232e-05,7.445061564e-05,3.010467699e-10,7.547819269e-11,1.300804383e-11,1.840124827e-12,7.583884323e-06,8.321142792e-10,4.356672042e-08,1.146341075e-06,9.9909066e-06,5.260188084e-05,4.935079022e-13,9.203837024e-14,1.009072396e-14,8.183576756e-16,1.594521233e-06,2.220927305e-12,4.310397078e-10,3.218455089e-08,4.947813764e-07,3.922063482e-06,9.660175603e-12,2.180441867e-12,2.893227612e-13,2.798416631e-14,5.66149972e-06,3.660507726e-11,4.969652e-09,2.662830105e-07,3.319980025e-06,2.188120496e-05,2.049415831e-10,5.93785778e-11,1.011365404e-11,1.231789575e-12,2.299721188e-05,8.250991009e-10,7.315681746e-08,2.639083784e-06,2.534071975e-05,0.0001323147626,6.37930982e-13,1.18623984e-13,1.152711212e-14,7.533313132e-16,3.221570144e-06,1.088180878e-12,3.135060996e-10,2.960621987e-08,4.669011833e-07,3.509632603e-06
131,0.02259733251,0.01088989938,0.004709057092,0.001972807661,0.01410339335,0.004222283367,0.01184531961,0.02751767094,0.05037256517,0.07986047837,0.03202794526,0.01543462576,0.006674312354,0.002796131723,0.01525600992,0.004222286257,0.01184531532,0.02751763423,0.05037245104,0.07986028321,0.0004272420736,0.0001448709627,4.407903474e-05,1.334954716e-05,0.0005173209102,2.90508285e-05,0.0001313014853,0.000474955088,0.001198668141,0.002504423306,0.0003014408548,0.0001022137,3.109993662e-05,9.418758311e-06,0.000478236467,2.905080861e-05,0.0001313015329,0.0004749557218,0.001198670857,0.002504429426,0.01055267196,0.004013595582,0.00136977167,0.0004612228319,0.004440183258,0.0004716057775,0.001364314375,0.003261089433,0.00584742705,0.009082684329,0.01542408846,0.005866391517,0.00200210098,0.000674138194,0.00483647105,0.0004716061288,0.001364313837,0.003261084697,0.005847412633,0.009082660174,0.0002206419255,5.985099958e-05,1.456794103e-05,3.590577951e-06,0.0001763144959,3.561885805e-06,1.629900702e-05,5.963902249e-05,0.0001453079698,0.0002936463302,0.0001509562051,4.094812063e-05,9.966906316e-06,2.456553486e-06,0.0001618677471,3.561883152e-06,1.629901344e-05,5.963910909e-05,0.0001453083281,0.0002936471112,2.265875857e-07,2.781482418e-08,2.584233901e-09,2.251048176e-10,1.101637137e-05,3.803874055e-09,1.126600342e-07,1.941414978e-06,1.357058162e-05,6.320283528e-05,3.411388713e-10,2.634462653e-11,1.398478721e-12,6.671215769e-14,9.575124698e-07,6.664568699e-12,6.581777647e-10,3.121877037e-08,4.082196962e-07,3.130803154e-06,1.709458364e-09,2.33141541e-10,2.277676433e-11,1.979096723e-12,3.350167197e-06,2.428748303e-10,1.340984148e-08,3.879084429e-07,3.787109022e-06,2.285011813e-05,2.048259849e-09,3.435703094e-10,4.128168639e-11,4.34199008e-12,5.318168109e-06,6.733550142e-10,3.298632081e-08,8.538840937e-07,7.745076417e-06,4.369802749e-05,1.995174481e-09,4.346410554e-10,6.782531854e-11,9.080510744e-12,8.525722251e-06,1.87395028e-09,7.892690643e-08,1.775639114e-06,1.452351244e-05,7.445061578e-05,3.010468169e-10,7.547820271e-11,1.300804525e-11,1.84012499e-12,7.583884554e-06,8.321143444e-10,4.356672328e-08,1.146341137e-06,9.990907052e-06,5.260188263e-05,4.935080357e-13,9.203839299e-14,1.009072622e-14,8.183578411e-16,1.59452135e-06,2.220927758e-12,4.31039784e-10,3.218455577e-08,4.947814434e-07,3.922063938e-06,9.660178693e-12,2.180442536e-12,2.89322846e-13,2.798417417e-14,5.661500338e-06,3.660508813e-11,4.9696533e-09,2.662830713e-07,3.319980717e-06,2.188120904e-05,2.049416554e-10,5.93785983e-11,1.011365745e-11,1.231789981e-12,2.299721493e-05,8.250993996e-10,7.315684104e-08,2.639084537e-06,2.534072646e-05,0.0001323147947,6.379313061e-13,1.186240456e-13,1.152711824e-14,7.533317214e-16,3.2215708e-06,1.088181513e-12,3.13506261e-10,2.960623323e-08,4.669013774e-07,3.509633935e-06
132,0.02259733244,0.0108898993,0.004709057033,0.001972807627,0.01410339319,0.004222283332,0.01184531956,0.02751767091,0.05037256528,0.07986047885,0.03202794517,0.01543462564,0.00667431227,0.002796131674,0.01525600974,0.004222286222,0.01184531527,0.0275176342,0.05037245115,0.07986028368,0.0004272420717,0.000144870961,4.407903392e-05,1.334954682e-05,0.0005173209008,2.905082795e-05,0.0001313014834,0.0004749550827,0.001198668131,0.002504423294,0.0003014408535,0.0001022136988,3.109993604e-05,9.418758073e-06,0.0004782364584,2.905080807e-05,0.0001313015309,0.0004749557164,0.001198670847,0.002504429414,0.01055267195,0.004013595567,0.001369771661,0.000461222828,0.00444018324,0.0004716057803,0.001364314389,0.003261089481,0.005847427162,0.009082684556,0.01542408843,0.005866391494,0.002002100968,0.0006741381883,0.00483647103,0.0004716061316,0.001364313851,0.003261084745,0.005847412744,0.0090826604,0.0002206419249,5.985099913e-05,1.456794085e-05,3.590577893e-06,0.000176314494,3.56188579e-06,1.629900703e-05,5.963902278e-05,0.0001453079711,0.0002936463345,0.0001509562047,4.094812033e-05,9.966906196e-06,2.456553446e-06,0.0001618677454,3.561883137e-06,1.629901345e-05,5.963910939e-05,0.0001453083294,0.0002936471155,2.26587583e-07,2.781482332e-08,2.58423377e-09,2.251048022e-10,1.101637095e-05,3.803873837e-09,1.126600287e-07,1.941414899e-06,1.357058115e-05,6.320283352e-05,3.411388652e-10,2.634462528e-11,1.398478614e-12,6.671215078e-14,9.57512418e-07,6.664568056e-12,6.581777082e-10,3.1218768e-08,4.082196677e-07,3.130802953e-06,1.70945839e-09,2.331415385e-10,2.27767635e-11,1.979096603e-12,3.350167074e-06,2.428748154e-10,1.340984073e-08,3.879084227e-07,3.787108833e-06,2.285011701e-05,2.048259956e-09,3.435703188e-10,4.128168651e-11,4.341989994e-12,5.318168013e-06,6.733549982e-10,3.298632003e-08,8.538840736e-07,7.745076229e-06,4.369802633e-05,1.995174677e-09,4.346410883e-10,6.782532213e-11,9.080511035e-12,8.525722299e-06,1.873950323e-09,7.892690782e-08,1.775639136e-06,1.452351256e-05,7.445061591e-05,3.010468626e-10,7.547821246e-11,1.300804664e-11,1.840125148e-12,7.583884778e-06,8.321144078e-10,4.356672607e-08,1.146341197e-06,9.990907492e-06,5.260188438e-05,4.935081657e-13,9.203841514e-14,1.009072842e-14,8.183580023e-16,1.594521464e-06,2.220928198e-12,4.310398581e-10,3.218456053e-08,4.947815086e-07,3.922064381e-06,9.6601817e-12,2.180443186e-12,2.893229286e-13,2.798418182e-14,5.66150094e-06,3.660509871e-11,4.969654564e-09,2.662831306e-07,3.319981391e-06,2.188121302e-05,2.049417259e-10,5.937861825e-11,1.011366077e-11,1.231790377e-12,2.299721791e-05,8.250996904e-10,7.3156864e-08,2.639085271e-06,2.534073299e-05,0.000132314826,6.379316216e-13,1.186241056e-13,1.15271242e-14,7.533321188e-16,3.221571439e-06,1.088182131e-12,3.135064181e-10,2.960624624e-08,4.669015664e-07,3.509635232e-06
133,0.02259733237,0.01088989922,0.004709056974,0.001972807594,0.01410339303,0.004222283298,0.01184531951,0.02751767089,0.05037256538,0.07986047931,0.03202794507,0.01543462552,0.006674312187,0.002796131628,0.01525600957,0.004222286188,0.01184531521,0.02751763417,0.05037245126,0.07986028415,0.0004272420699,0.0001448709594,4.407903312e-05,1.334954649e-05,0.0005173208917,2.905082743e-05,0.0001313014815,0.0004749550774,0.001198668121,0.002504423282,0.0003014408522,0.0001022136977,3.109993547e-05,9.418757841e-06,0.00047823645,2.905080754e-05,0.000131301529,0.0004749557112,0.001198670837,0.002504429403,0.01055267193,0.004013595551,0.001369771653,0.0004612228242,0.004440183222,0.000471605783,0.001364314403,0.003261089528,0.00584742727,0.009082684776,0.01542408841,0.005866391472,0.002002100955,0.0006741381827,0.00483647101,0.0004716061342,0.001364313865,0.003261084792,0.005847412853,0.009082660621,0.0002206419243,5.98509987e-05,1.456794068e-05,3.590577836e-06,0.0001763144923,3.561885776e-06,1.629900704e-05,5.963902307e-05,0.0001453079724,0.0002936463387,0.0001509562043,4.094812003e-05,9.966906079e-06,2.456553407e-06,0.0001618677438,3.561883123e-06,1.629901346e-05,5.963910967e-05,0.0001453083307,0.0002936471197,2.265875804e-07,2.781482247e-08,2.584233643e-09,2.251047873e-10,1.101637053e-05,3.803873626e-09,1.126600234e-07,1.941414823e-06,1.357058069e-05,6.320283181e-05,3.411388592e-10,2.634462407e-11,1.39847851e-12,6.671214406e-14,9.575123676e-07,6.664567431e-12,6.581776532e-10,3.12187657e-08,4.082196399e-07,3.130802758e-06,1.709458416e-09,2.331415361e-10,2.277676268e-11,1.979096486e-12,3.350166955e-06,2.42874801e-10,1.340983999e-08,3.879084031e-07,3.787108649e-06,2.285011592e-05,2.04826006e-09,3.43570328e-10,4.128168663e-11,4.34198991e-12,5.31816792e-06,6.733549826e-10,3.298631927e-08,8.538840541e-07,7.745076047e-06,4.36980252e-05,1.995174868e-09,4.346411203e-10,6.782532563e-11,9.080511318e-12,8.525722346e-06,1.873950366e-09,7.892690917e-08,1.775639158e-06,1.452351268e-05,7.445061605e-05,3.01046907e-10,7.547822194e-11,1.300804799e-11,1.840125301e-12,7.583884996e-06,8.321144695e-10,4.356672878e-08,1.146341256e-06,9.99090792e-06,5.260188608e-05,4.935082921e-13,9.203843668e-14,1.009073056e-14,8.18358159e-16,1.594521575e-06,2.220928626e-12,4.310399303e-10,3.218456515e-08,4.947815721e-07,3.922064813e-06,9.660184624e-12,2.180443818e-12,2.893230088e-13,2.798418926e-14,5.661501525e-06,3.6605109e-11,4.969655794e-09,2.662831881e-07,3.319982046e-06,2.188121688e-05,2.049417944e-10,5.937863765e-11,1.0113664e-11,1.231790761e-12,2.29972208e-05,8.250999731e-10,7.315688632e-08,2.639085984e-06,2.534073934e-05,0.0001323148564,6.379319283e-13,1.186241639e-13,1.152713e-14,7.533325051e-16,3.22157206e-06,1.088182732e-12,3.135065709e-10,2.960625889e-08,4.669017501e-07,3.509636493e-06
134,0.02259733231,0.01088989913,0.004709056918,0.001972807562,0.01410339287,0.004222283265,0.01184531946,0.02751767086,0.05037256549,0.07986047977,0.03202794498,0.01543462541,0.006674312107,0.002796131582,0.0152560094,0.004222286154,0.01184531516,0.02751763414,0.05037245136,0.0798602846,0.0004272420681,0.0001448709578,4.407903234e-05,1.334954617e-05,0.0005173208829,2.905082692e-05,0.0001313014796,0.0004749550723,0.001198668112,0.002504423271,0.000301440851,0.0001022136966,3.109993492e-05,9.418757616e-06,0.0004782364418,2.905080703e-05,0.0001313015272,0.0004749557061,0.001198670828,0.002504429392,0.01055267192,0.004013595537,0.001369771644,0.0004612228204,0.004440183205,0.0004716057856,0.001364314416,0.003261089573,0.005847427376,0.00908268499,0.01542408839,0.00586639145,0.002002100943,0.0006741381773,0.004836470992,0.0004716061369,0.001364313878,0.003261084838,0.005847412959,0.009082660835,0.0002206419237,5.985099828e-05,1.456794052e-05,3.59057778e-06,0.0001763144905,3.561885763e-06,1.629900704e-05,5.963902335e-05,0.0001453079737,0.0002936463428,0.0001509562039,4.094811974e-05,9.966905966e-06,2.45655337e-06,0.0001618677422,3.56188311e-06,1.629901347e-05,5.963910995e-05,0.0001453083319,0.0002936471237,2.265875778e-07,2.781482165e-08,2.58423352e-09,2.251047727e-10,1.101637013e-05,3.80387342e-09,1.126600182e-07,1.941414749e-06,1.357058025e-05,6.320283015e-05,3.411388534e-10,2.63446229e-11,1.398478409e-12,6.671213753e-14,9.575123186e-07,6.664566824e-12,6.581775999e-10,3.121876346e-08,4.08219613e-07,3.130802568e-06,1.709458441e-09,2.331415337e-10,2.277676189e-11,1.979096372e-12,3.350166839e-06,2.428747871e-10,1.340983928e-08,3.879083841e-07,3.787108471e-06,2.285011486e-05,2.04826016e-09,3.435703369e-10,4.128168674e-11,4.341989829e-12,5.31816783e-06,6.733549675e-10,3.298631853e-08,8.538840352e-07,7.745075869e-06,4.36980241e-05,1.995175054e-09,4.346411514e-10,6.782532902e-11,9.080511593e-12,8.525722392e-06,1.873950407e-09,7.892691049e-08,1.775639178e-06,1.452351279e-05,7.445061618e-05,3.010469502e-10,7.547823115e-11,1.30080493e-11,1.84012545e-12,7.583885208e-06,8.321145294e-10,4.356673141e-08,1.146341313e-06,9.990908336e-06,5.260188772e-05,4.935084148e-13,9.203845758e-14,1.009073263e-14,8.183583111e-16,1.594521682e-06,2.220929042e-12,4.310400003e-10,3.218456963e-08,4.947816337e-07,3.922065231e-06,9.660187463e-12,2.180444433e-12,2.893230868e-13,2.798419648e-14,5.661502093e-06,3.660511899e-11,4.969656988e-09,2.66283244e-07,3.319982683e-06,2.188122063e-05,2.04941861e-10,5.937865648e-11,1.011366713e-11,1.231791134e-12,2.29972236e-05,8.251002477e-10,7.315690799e-08,2.639086676e-06,2.534074551e-05,0.0001323148859,6.379322261e-13,1.186242206e-13,1.152713562e-14,7.533328802e-16,3.221572662e-06,1.088183315e-12,3.135067193e-10,2.960627116e-08,4.669019285e-07,3.509637717e-06
135,0.02259733225,0.01088989906,0.004709056863,0.001972807531,0.01410339273,0.004222283232,0.01184531941,0.02751767083,0.05037256559,0.0798604802,0.03202794489,0.0154346253,0.006674312029,0.002796131538,0.01525600924,0.004222286122,0.01184531511,0.02751763411,0.05037245146,0.07986028504,0.0004272420664,0.0001448709563,4.407903159e-05,1.334954587e-05,0.0005173208743,2.905082642e-05,0.0001313014778,0.0004749550674,0.001198668103,0.00250442326,0.0003014408498,0.0001022136955,3.109993439e-05,9.418757398e-06,0.0004782364339,2.905080654e-05,0.0001313015254,0.0004749557012,0.001198670818,0.002504429381,0.0105526719,0.004013595522,0.001369771637,0.0004612228168,0.004440183188,0.0004716057881,0.00136431443,0.003261089618,0.005847427478,0.009082685198,0.01542408837,0.005866391429,0.002002100932,0.000674138172,0.004836470973,0.0004716061394,0.001364313892,0.003261084882,0.005847413061,0.009082661042,0.0002206419231,5.985099787e-05,1.456794036e-05,3.590577727e-06,0.0001763144889,3.561885749e-06,1.629900705e-05,5.963902361e-05,0.0001453079749,0.0002936463467,0.0001509562035,4.094811946e-05,9.966905856e-06,2.456553333e-06,0.0001618677407,3.561883096e-06,1.629901348e-05,5.963911022e-05,0.0001453083331,0.0002936471277,2.265875754e-07,2.781482086e-08,2.5842334e-09,2.251047587e-10,1.101636974e-05,3.803873221e-09,1.126600132e-07,1.941414677e-06,1.357057983e-05,6.320282854e-05,3.411388478e-10,2.634462175e-11,1.398478311e-12,6.671213121e-14,9.575122712e-07,6.664566235e-12,6.581775482e-10,3.121876129e-08,4.082195869e-07,3.130802384e-06,1.709458465e-09,2.331415314e-10,2.277676112e-11,1.979096262e-12,3.350166726e-06,2.428747735e-10,1.340983859e-08,3.879083657e-07,3.787108298e-06,2.285011383e-05,2.048260258e-09,3.435703455e-10,4.128168685e-11,4.341989751e-12,5.318167743e-06,6.733549528e-10,3.298631782e-08,8.538840169e-07,7.745075697e-06,4.369802303e-05,1.995175233e-09,4.346411815e-10,6.782533231e-11,9.080511859e-12,8.525722436e-06,1.873950446e-09,7.892691176e-08,1.775639199e-06,1.452351289e-05,7.44506163e-05,3.01046992e-10,7.547824008e-11,1.300805057e-11,1.840125595e-12,7.583885413e-06,8.321145874e-10,4.356673396e-08,1.146341368e-06,9.990908739e-06,5.260188932e-05,4.935085338e-13,9.203847786e-14,1.009073465e-14,8.183584586e-16,1.594521786e-06,2.220929445e-12,4.310400681e-10,3.218457398e-08,4.947816934e-07,3.922065637e-06,9.660190215e-12,2.180445028e-12,2.893231623e-13,2.798420348e-14,5.661502643e-06,3.660512868e-11,4.969658146e-09,2.662832982e-07,3.319983299e-06,2.188122427e-05,2.049419255e-10,5.937867474e-11,1.011367017e-11,1.231791496e-12,2.299722632e-05,8.251005138e-10,7.3156929e-08,2.639087347e-06,2.534075148e-05,0.0001323149145,6.379325148e-13,1.186242755e-13,1.152714108e-14,7.533332439e-16,3.221573247e-06,1.088183881e-12,3.135068631e-10,2.960628307e-08,4.669021014e-07,3.509638904e-06
136,0.02259733219,0.01088989898,0.00470905681,0.001972807501,0.01410339258,0.004222283201,0.01184531936,0.02751767081,0.05037256568,0.07986048063,0.03202794481,0.01543462519,0.006674311954,0.002796131496,0.01525600909,0.004222286091,0.01184531507,0.02751763409,0.05037245156,0.07986028546,0.0004272420647,0.0001448709548,4.407903086e-05,1.334954557e-05,0.000517320866,2.905082594e-05,0.0001313014761,0.0004749550626,0.001198668094,0.00250442325,0.0003014408486,0.0001022136944,3.109993388e-05,9.418757187e-06,0.0004782364262,2.905080606e-05,0.0001313015237,0.0004749556964,0.00119867081,0.00250442937,0.01055267189,0.004013595509,0.001369771629,0.0004612228134,0.004440183172,0.0004716057906,0.001364314442,0.00326108966,0.005847427577,0.009082685398,0.01542408835,0.005866391409,0.002002100921,0.0006741381669,0.004836470956,0.0004716061418,0.001364313904,0.003261084925,0.00584741316,0.009082661243,0.0002206419226,5.985099748e-05,1.45679402e-05,3.590577675e-06,0.0001763144872,3.561885737e-06,1.629900706e-05,5.963902387e-05,0.000145307976,0.0002936463505,0.0001509562031,4.094811919e-05,9.966905749e-06,2.456553297e-06,0.0001618677392,3.561883084e-06,1.629901349e-05,5.963911048e-05,0.0001453083343,0.0002936471315,2.26587573e-07,2.781482009e-08,2.584233285e-09,2.25104745e-10,1.101636936e-05,3.803873028e-09,1.126600084e-07,1.941414607e-06,1.357057941e-05,6.320282698e-05,3.411388423e-10,2.634462065e-11,1.398478216e-12,6.671212509e-14,9.575122253e-07,6.664565666e-12,6.581774981e-10,3.121875919e-08,4.082195617e-07,3.130802205e-06,1.709458488e-09,2.331415292e-10,2.277676038e-11,1.979096156e-12,3.350166617e-06,2.428747604e-10,1.340983792e-08,3.879083478e-07,3.787108131e-06,2.285011284e-05,2.048260352e-09,3.435703539e-10,4.128168696e-11,4.341989675e-12,5.318167658e-06,6.733549386e-10,3.298631713e-08,8.538839991e-07,7.745075531e-06,4.3698022e-05,1.995175407e-09,4.346412106e-10,6.78253355e-11,9.080512117e-12,8.525722479e-06,1.873950485e-09,7.892691299e-08,1.775639218e-06,1.4523513e-05,7.445061642e-05,3.010470325e-10,7.547824872e-11,1.30080518e-11,1.840125735e-12,7.583885612e-06,8.321146436e-10,4.356673643e-08,1.146341421e-06,9.990909129e-06,5.260189087e-05,4.935086489e-13,9.203849748e-14,1.009073659e-14,8.183586013e-16,1.594521887e-06,2.220929836e-12,4.310401338e-10,3.218457819e-08,4.947817512e-07,3.92206603e-06,9.660192879e-12,2.180445604e-12,2.893232354e-13,2.798421025e-14,5.661503176e-06,3.660513805e-11,4.969659266e-09,2.662833507e-07,3.319983896e-06,2.188122779e-05,2.049419879e-10,5.937869242e-11,1.011367311e-11,1.231791846e-12,2.299722896e-05,8.251007714e-10,7.315694933e-08,2.639087997e-06,2.534075727e-05,0.0001323149422,6.379327943e-13,1.186243286e-13,1.152714636e-14,7.533335959e-16,3.221573813e-06,1.088184428e-12,3.135070023e-10,2.960629459e-08,4.669022688e-07,3.509640052e-06
137,0.02259733213,0.01088989891,0.004709056759,0.001972807472,0.01410339244,0.004222283171,0.01184531931,0.02751767078,0.05037256577,0.07986048104,0.03202794473,0.01543462509,0.006674311882,0.002796131455,0.01525600893,0.004222286061,0.01184531502,0.02751763406,0.05037245165,0.07986028587,0.0004272420631,0.0001448709534,4.407903015e-05,1.334954528e-05,0.000517320858,2.905082548e-05,0.0001313014744,0.000474955058,0.001198668085,0.00250442324,0.0003014408474,0.0001022136934,3.109993338e-05,9.418756983e-06,0.0004782364188,2.905080559e-05,0.000131301522,0.0004749556918,0.001198670801,0.00250442936,0.01055267187,0.004013595495,0.001369771622,0.00046122281,0.004440183157,0.0004716057929,0.001364314454,0.003261089702,0.005847427673,0.009082685592,0.01542408833,0.00586639139,0.00200210091,0.000674138162,0.004836470939,0.0004716061442,0.001364313916,0.003261084966,0.005847413256,0.009082661437,0.000220641922,5.98509971e-05,1.456794005e-05,3.590577625e-06,0.0001763144857,3.561885724e-06,1.629900707e-05,5.963902413e-05,0.0001453079772,0.0002936463542,0.0001509562027,4.094811893e-05,9.966905646e-06,2.456553263e-06,0.0001618677378,3.561883071e-06,1.62990135e-05,5.963911073e-05,0.0001453083354,0.0002936471352,2.265875707e-07,2.781481935e-08,2.584233173e-09,2.251047319e-10,1.1016369e-05,3.803872842e-09,1.126600037e-07,1.94141454e-06,1.357057901e-05,6.320282548e-05,3.411388371e-10,2.634461958e-11,1.398478124e-12,6.671211917e-14,9.575121809e-07,6.664565115e-12,6.581774498e-10,3.121875716e-08,4.082195373e-07,3.130802033e-06,1.70945851e-09,2.331415271e-10,2.277675967e-11,1.979096052e-12,3.350166512e-06,2.428747477e-10,1.340983727e-08,3.879083306e-07,3.787107969e-06,2.285011187e-05,2.048260444e-09,3.43570362e-10,4.128168706e-11,4.341989601e-12,5.318167576e-06,6.733549249e-10,3.298631646e-08,8.538839819e-07,7.74507537e-06,4.369802101e-05,1.995175575e-09,4.346412388e-10,6.782533858e-11,9.080512366e-12,8.525722521e-06,1.873950522e-09,7.892691418e-08,1.775639237e-06,1.45235131e-05,7.445061654e-05,3.010470716e-10,7.547825707e-11,1.300805299e-11,1.84012587e-12,7.583885804e-06,8.321146979e-10,4.356673881e-08,1.146341473e-06,9.990909505e-06,5.260189236e-05,4.935087602e-13,9.203851644e-14,1.009073848e-14,8.183587393e-16,1.594521984e-06,2.220930213e-12,4.310401973e-10,3.218458226e-08,4.94781807e-07,3.92206641e-06,9.660195453e-12,2.180446161e-12,2.893233061e-13,2.79842168e-14,5.661503691e-06,3.660514711e-11,4.969660349e-09,2.662834014e-07,3.319984473e-06,2.188123119e-05,2.049420482e-10,5.93787095e-11,1.011367595e-11,1.231792185e-12,2.29972315e-05,8.251010203e-10,7.315696898e-08,2.639088624e-06,2.534076286e-05,0.0001323149689,6.379330643e-13,1.1862438e-13,1.152715146e-14,7.53333936e-16,3.221574359e-06,1.088184957e-12,3.135071368e-10,2.960630572e-08,4.669024306e-07,3.509641162e-06
138,0.02259733207,0.01088989884,0.00470905671,0.001972807444,0.01410339231,0.004222283142,0.01184531927,0.02751767076,0.05037256586,0.07986048143,0.03202794465,0.01543462499,0.006674311812,0.002796131415,0.01525600879,0.004222286032,0.01184531498,0.02751763404,0.05037245174,0.07986028627,0.0004272420616,0.000144870952,4.407902947e-05,1.3349545e-05,0.0005173208503,2.905082503e-05,0.0001313014728,0.0004749550536,0.001198668077,0.00250442323,0.0003014408463,0.0001022136925,3.10999329e-05,9.418756787e-06,0.0004782364117,2.905080515e-05,0.0001313015204,0.0004749556874,0.001198670793,0.002504429351,0.01055267186,0.004013595482,0.001369771614,0.0004612228068,0.004440183142,0.0004716057952,0.001364314466,0.003261089741,0.005847427765,0.00908268578,0.01542408831,0.005866391371,0.0020021009,0.0006741381573,0.004836470922,0.0004716061465,0.001364313928,0.003261085006,0.005847413348,0.009082661624,0.0002206419215,5.985099673e-05,1.45679399e-05,3.590577576e-06,0.0001763144842,3.561885712e-06,1.629900708e-05,5.963902437e-05,0.0001453079782,0.0002936463578,0.0001509562024,4.094811868e-05,9.966905547e-06,2.45655323e-06,0.0001618677364,3.561883059e-06,1.629901351e-05,5.963911097e-05,0.0001453083365,0.0002936471387,2.265875684e-07,2.781481863e-08,2.584233065e-09,2.251047192e-10,1.101636865e-05,3.803872662e-09,1.126599992e-07,1.941414475e-06,1.357057863e-05,6.320282403e-05,3.41138832e-10,2.634461856e-11,1.398478036e-12,6.671211347e-14,9.575121381e-07,6.664564584e-12,6.581774031e-10,3.12187552e-08,4.082195138e-07,3.130801867e-06,1.709458532e-09,2.33141525e-10,2.277675897e-11,1.979095953e-12,3.350166411e-06,2.428747355e-10,1.340983665e-08,3.87908314e-07,3.787107813e-06,2.285011095e-05,2.048260532e-09,3.435703698e-10,4.128168716e-11,4.34198953e-12,5.318167497e-06,6.733549117e-10,3.298631582e-08,8.538839654e-07,7.745075214e-06,4.369802005e-05,1.995175737e-09,4.34641266e-10,6.782534154e-11,9.080512607e-12,8.525722561e-06,1.873950558e-09,7.892691533e-08,1.775639255e-06,1.452351319e-05,7.445061665e-05,3.010471093e-10,7.547826512e-11,1.300805413e-11,1.840126e-12,7.583885989e-06,8.321147503e-10,4.356674112e-08,1.146341523e-06,9.990909869e-06,5.26018938e-05,4.935088675e-13,9.203853472e-14,1.009074029e-14,8.183588723e-16,1.594522078e-06,2.220930576e-12,4.310402585e-10,3.218458618e-08,4.947818609e-07,3.922066776e-06,9.660197936e-12,2.180446698e-12,2.893233742e-13,2.798422311e-14,5.661504187e-06,3.660515584e-11,4.969661393e-09,2.662834502e-07,3.31998503e-06,2.188123447e-05,2.049421064e-10,5.937872597e-11,1.011367869e-11,1.231792511e-12,2.299723396e-05,8.251012603e-10,7.315698793e-08,2.63908923e-06,2.534076825e-05,0.0001323149947,6.379333247e-13,1.186244295e-13,1.152715638e-14,7.53334264e-16,3.221574886e-06,1.088185468e-12,3.135072665e-10,2.960631646e-08,4.669025866e-07,3.509642233e-06
139,0.02259733202,0.01088989877,0.004709056662,0.001972807417,0.01410339218,0.004222283114,0.01184531922,0.02751767073,0.05037256595,0.07986048181,0.03202794457,0.01543462489,0.006674311744,0.002796131377,0.01525600865,0.004222286004,0.01184531493,0.02751763401,0.05037245182,0.07986028665,0.0004272420601,0.0001448709507,4.407902882e-05,1.334954473e-05,0.0005173208429,2.90508246e-05,0.0001313014713,0.0004749550493,0.001198668069,0.002504423221,0.0003014408453,0.0001022136915,3.109993244e-05,9.418756597e-06,0.0004782364048,2.905080472e-05,0.0001313015189,0.0004749556831,0.001198670785,0.002504429341,0.01055267185,0.00401359547,0.001369771608,0.0004612228036,0.004440183127,0.0004716057974,0.001364314478,0.00326108978,0.005847427854,0.00908268596,0.01542408829,0.005866391353,0.00200210089,0.0006741381527,0.004836470907,0.0004716061487,0.00136431394,0.003261085044,0.005847413437,0.009082661805,0.000220641921,5.985099637e-05,1.456793977e-05,3.59057753e-06,0.0001763144827,3.561885701e-06,1.629900709e-05,5.96390246e-05,0.0001453079793,0.0002936463612,0.000150956202,4.094811844e-05,9.966905452e-06,2.456553198e-06,0.000161867735,3.561883048e-06,1.629901351e-05,5.96391112e-05,0.0001453083375,0.0002936471421,2.265875663e-07,2.781481794e-08,2.584232961e-09,2.251047069e-10,1.101636831e-05,3.803872489e-09,1.126599948e-07,1.941414412e-06,1.357057826e-05,6.320282263e-05,3.411388271e-10,2.634461757e-11,1.398477951e-12,6.671210798e-14,9.575120969e-07,6.664564074e-12,6.581773582e-10,3.121875331e-08,4.082194911e-07,3.130801707e-06,1.709458553e-09,2.331415231e-10,2.277675831e-11,1.979095858e-12,3.350166313e-06,2.428747237e-10,1.340983605e-08,3.879082979e-07,3.787107663e-06,2.285011006e-05,2.048260616e-09,3.435703773e-10,4.128168726e-11,4.341989462e-12,5.318167421e-06,6.733548989e-10,3.29863152e-08,8.538839494e-07,7.745075065e-06,4.369801912e-05,1.995175893e-09,4.346412921e-10,6.78253444e-11,9.080512838e-12,8.525722599e-06,1.873950592e-09,7.892691643e-08,1.775639273e-06,1.452351329e-05,7.445061676e-05,3.010471456e-10,7.547827287e-11,1.300805523e-11,1.840126126e-12,7.583886167e-06,8.321148006e-10,4.356674333e-08,1.146341571e-06,9.990910219e-06,5.260189519e-05,4.935089708e-13,9.203855232e-14,1.009074204e-14,8.183590004e-16,1.594522168e-06,2.220930926e-12,4.310403175e-10,3.218458996e-08,4.947819127e-07,3.922067129e-06,9.660200326e-12,2.180447215e-12,2.893234398e-13,2.798422919e-14,5.661504665e-06,3.660516425e-11,4.969662398e-09,2.662834973e-07,3.319985565e-06,2.188123763e-05,2.049421624e-10,5.937874182e-11,1.011368133e-11,1.231792825e-12,2.299723632e-05,8.251014914e-10,7.315700617e-08,2.639089812e-06,2.534077344e-05,0.0001323150196,6.379335754e-13,1.186244772e-13,1.152716111e-14,7.533345797e-16,3.221575394e-06,1.088185959e-12,3.135073914e-10,2.96063268e-08,4.669027367e-07,3.509643263e-06
140,0.02259733197,0.0108898987,0.004709056616,0.001972807391,0.01410339205,0.004222283087,0.01184531918,0.02751767071,0.05037256603,0.07986048218,0.0320279445,0.0154346248,0.00667431168,0.00279613134,0.01525600851,0.004222285977,0.01184531489,0.02751763399,0.05037245191,0.07986028701,0.0004272420586,0.0001448709494,4.407902819e-05,1.334954447e-05,0.0005173208357,2.905082419e-05,0.0001313014698,0.0004749550452,0.001198668062,0.002504423212,0.0003014408443,0.0001022136906,3.109993199e-05,9.418756416e-06,0.0004782363982,2.90508043e-05,0.0001313015174,0.000474955679,0.001198670777,0.002504429332,0.01055267184,0.004013595458,0.001369771601,0.0004612228006,0.004440183113,0.0004716057995,0.001364314489,0.003261089817,0.005847427939,0.009082686133,0.01542408828,0.005866391335,0.00200210088,0.0006741381483,0.004836470891,0.0004716061508,0.001364313951,0.003261085081,0.005847413522,0.009082661978,0.0002206419205,5.985099603e-05,1.456793963e-05,3.590577485e-06,0.0001763144813,3.56188569e-06,1.629900709e-05,5.963902483e-05,0.0001453079803,0.0002936463645,0.0001509562017,4.094811821e-05,9.96690536e-06,2.456553168e-06,0.0001618677338,3.561883037e-06,1.629901352e-05,5.963911143e-05,0.0001453083385,0.0002936471454,2.265875642e-07,2.781481728e-08,2.584232862e-09,2.251046952e-10,1.101636798e-05,3.803872323e-09,1.126599906e-07,1.941414352e-06,1.35705779e-05,6.320282129e-05,3.411388224e-10,2.634461662e-11,1.398477869e-12,6.67121027e-14,9.575120574e-07,6.664563583e-12,6.581773151e-10,3.12187515e-08,4.082194694e-07,3.130801554e-06,1.709458573e-09,2.331415211e-10,2.277675767e-11,1.979095766e-12,3.350166219e-06,2.428747124e-10,1.340983547e-08,3.879082826e-07,3.787107519e-06,2.28501092e-05,2.048260698e-09,3.435703845e-10,4.128168735e-11,4.341989397e-12,5.318167348e-06,6.733548867e-10,3.29863146e-08,8.538839341e-07,7.745074922e-06,4.369801824e-05,1.995176043e-09,4.346413172e-10,6.782534714e-11,9.08051306e-12,8.525722636e-06,1.873950626e-09,7.892691749e-08,1.77563929e-06,1.452351338e-05,7.445061687e-05,3.010471805e-10,7.547828031e-11,1.300805629e-11,1.840126246e-12,7.583886339e-06,8.32114849e-10,4.356674546e-08,1.146341617e-06,9.990910555e-06,5.260189652e-05,4.9350907e-13,9.203856922e-14,1.009074372e-14,8.183591233e-16,1.594522255e-06,2.220931262e-12,4.310403741e-10,3.218459359e-08,4.947819625e-07,3.922067467e-06,9.66020262e-12,2.180447711e-12,2.893235028e-13,2.798423503e-14,5.661505124e-06,3.660517233e-11,4.969663363e-09,2.662835425e-07,3.319986079e-06,2.188124066e-05,2.049422162e-10,5.937875705e-11,1.011368386e-11,1.231793127e-12,2.299723859e-05,8.251017133e-10,7.315702368e-08,2.639090372e-06,2.534077842e-05,0.0001323150434,6.379338161e-13,1.18624523e-13,1.152716566e-14,7.533348829e-16,3.221575881e-06,1.08818643e-12,3.135075113e-10,2.960633672e-08,4.669028809e-07,3.509644253e-06
141,0.02259733192,0.01088989864,0.004709056573,0.001972807366,0.01410339193,0.004222283061,0.01184531914,0.02751767069,0.05037256611,0.07986048253,0.03202794443,0.01543462471,0.006674311618,0.002796131305,0.01525600838,0.004222285951,0.01184531485,0.02751763397,0.05037245199,0.07986028736,0.0004272420573,0.0001448709482,4.407902759e-05,1.334954423e-05,0.0005173208289,2.905082379e-05,0.0001313014684,0.0004749550413,0.001198668054,0.002504423203,0.0003014408433,0.0001022136898,3.109993157e-05,9.418756241e-06,0.0004782363919,2.905080391e-05,0.0001313015159,0.000474955675,0.00119867077,0.002504429323,0.01055267183,0.004013595447,0.001369771595,0.0004612227978,0.0044401831,0.0004716058015,0.001364314499,0.003261089852,0.005847428021,0.009082686298,0.01542408826,0.005866391319,0.002002100871,0.0006741381441,0.004836470877,0.0004716061528,0.001364313961,0.003261085116,0.005847413604,0.009082662143,0.0002206419201,5.985099571e-05,1.45679395e-05,3.590577442e-06,0.00017631448,3.561885679e-06,1.62990071e-05,5.963902504e-05,0.0001453079812,0.0002936463676,0.0001509562014,4.094811798e-05,9.966905272e-06,2.456553138e-06,0.0001618677325,3.561883026e-06,1.629901353e-05,5.963911164e-05,0.0001453083395,0.0002936471486,2.265875623e-07,2.781481664e-08,2.584232766e-09,2.251046839e-10,1.101636767e-05,3.803872164e-09,1.126599866e-07,1.941414295e-06,1.357057756e-05,6.320282e-05,3.411388179e-10,2.634461571e-11,1.398477791e-12,6.671209765e-14,9.575120195e-07,6.664563113e-12,6.581772738e-10,3.121874977e-08,4.082194485e-07,3.130801407e-06,1.709458592e-09,2.331415193e-10,2.277675706e-11,1.979095678e-12,3.350166129e-06,2.428747015e-10,1.340983492e-08,3.879082678e-07,3.787107381e-06,2.285010838e-05,2.048260775e-09,3.435703914e-10,4.128168744e-11,4.341989334e-12,5.318167279e-06,6.73354875e-10,3.298631403e-08,8.538839195e-07,7.745074784e-06,4.369801739e-05,1.995176187e-09,4.346413413e-10,6.782534977e-11,9.080513273e-12,8.525722672e-06,1.873950657e-09,7.892691851e-08,1.775639306e-06,1.452351346e-05,7.445061697e-05,3.010472139e-10,7.547828744e-11,1.300805731e-11,1.840126362e-12,7.583886503e-06,8.321148954e-10,4.35667475e-08,1.146341661e-06,9.990910876e-06,5.260189779e-05,4.93509165e-13,9.203858541e-14,1.009074532e-14,8.183592412e-16,1.594522338e-06,2.220931584e-12,4.310404283e-10,3.218459706e-08,4.947820102e-07,3.922067791e-06,9.660204819e-12,2.180448187e-12,2.893235632e-13,2.798424062e-14,5.661505564e-06,3.660518006e-11,4.969664287e-09,2.662835858e-07,3.319986572e-06,2.188124356e-05,2.049422677e-10,5.937877163e-11,1.011368629e-11,1.231793416e-12,2.299724076e-05,8.251019259e-10,7.315704047e-08,2.639090908e-06,2.53407832e-05,0.0001323150663,6.379340468e-13,1.186245669e-13,1.152717002e-14,7.533351734e-16,3.221576348e-06,1.088186882e-12,3.135076262e-10,2.960634623e-08,4.66903019e-07,3.509645201e-06
142,0.02259733187,0.01088989858,0.004709056531,0.001972807342,0.01410339182,0.004222283037,0.01184531911,0.02751767067,0.05037256619,0.07986048286,0.03202794436,0.01543462463,0.006674311559,0.002796131271,0.01525600826,0.004222285927,0.01184531481,0.02751763395,0.05037245206,0.0798602877,0.000427242056,0.000144870947,4.407902701e-05,1.334954399e-05,0.0005173208223,2.905082341e-05,0.000131301467,0.0004749550375,0.001198668047,0.002504423195,0.0003014408424,0.0001022136889,3.109993116e-05,9.418756075e-06,0.0004782363858,2.905080353e-05,0.0001313015146,0.0004749556713,0.001198670763,0.002504429315,0.01055267181,0.004013595436,0.001369771589,0.000461222795,0.004440183087,0.0004716058035,0.001364314509,0.003261089886,0.005847428099,0.009082686457,0.01542408824,0.005866391303,0.002002100862,0.0006741381401,0.004836470863,0.0004716061547,0.001364313971,0.00326108515,0.005847413682,0.009082662302,0.0002206419196,5.98509954e-05,1.456793938e-05,3.590577401e-06,0.0001763144787,3.561885669e-06,1.629900711e-05,5.963902525e-05,0.0001453079822,0.0002936463706,0.0001509562011,4.094811777e-05,9.966905188e-06,2.45655311e-06,0.0001618677314,3.561883016e-06,1.629901354e-05,5.963911185e-05,0.0001453083404,0.0002936471516,2.265875604e-07,2.781481604e-08,2.584232675e-09,2.251046732e-10,1.101636737e-05,3.803872012e-09,1.126599828e-07,1.94141424e-06,1.357057723e-05,6.320281878e-05,3.411388137e-10,2.634461483e-11,1.398477716e-12,6.671209283e-14,9.575119833e-07,6.664562664e-12,6.581772344e-10,3.121874811e-08,4.082194286e-07,3.130801266e-06,1.70945861e-09,2.331415176e-10,2.277675647e-11,1.979095594e-12,3.350166043e-06,2.428746912e-10,1.340983439e-08,3.879082538e-07,3.787107249e-06,2.285010759e-05,2.04826085e-09,3.43570398e-10,4.128168752e-11,4.341989274e-12,5.318167212e-06,6.733548638e-10,3.298631349e-08,8.538839054e-07,7.745074653e-06,4.369801657e-05,1.995176324e-09,4.346413643e-10,6.782535228e-11,9.080513476e-12,8.525722705e-06,1.873950688e-09,7.892691948e-08,1.775639321e-06,1.452351354e-05,7.445061706e-05,3.010472458e-10,7.547829426e-11,1.300805828e-11,1.840126472e-12,7.583886659e-06,8.321149397e-10,4.356674944e-08,1.146341703e-06,9.990911184e-06,5.260189901e-05,4.935092558e-13,9.203860089e-14,1.009074686e-14,8.183593537e-16,1.594522418e-06,2.220931892e-12,4.310404801e-10,3.218460038e-08,4.947820558e-07,3.922068101e-06,9.66020692e-12,2.180448641e-12,2.893236209e-13,2.798424596e-14,5.661505984e-06,3.660518746e-11,4.969665171e-09,2.662836271e-07,3.319987043e-06,2.188124634e-05,2.049423169e-10,5.937878557e-11,1.011368861e-11,1.231793692e-12,2.299724284e-05,8.25102129e-10,7.31570565e-08,2.63909142e-06,2.534078776e-05,0.0001323150881,6.379342671e-13,1.186246088e-13,1.152717418e-14,7.53335451e-16,3.221576794e-06,1.088187314e-12,3.13507736e-10,2.960635532e-08,4.66903151e-07,3.509646107e-06
143,0.02259733183,0.01088989852,0.004709056491,0.00197280732,0.01410339171,0.004222283013,0.01184531907,0.02751767065,0.05037256626,0.07986048318,0.0320279443,0.01543462455,0.006674311502,0.002796131239,0.01525600814,0.004222285903,0.01184531478,0.02751763393,0.05037245214,0.07986028801,0.0004272420547,0.0001448709459,4.407902646e-05,1.334954377e-05,0.0005173208161,2.905082305e-05,0.0001313014657,0.0004749550339,0.001198668041,0.002504423187,0.0003014408415,0.0001022136882,3.109993077e-05,9.418755917e-06,0.0004782363801,2.905080317e-05,0.0001313015133,0.0004749556677,0.001198670756,0.002504429307,0.0105526718,0.004013595425,0.001369771583,0.0004612227924,0.004440183075,0.0004716058053,0.001364314519,0.003261089918,0.005847428174,0.009082686608,0.01542408823,0.005866391287,0.002002100854,0.0006741381363,0.00483647085,0.0004716061565,0.001364313981,0.003261085182,0.005847413756,0.009082662453,0.0002206419192,5.98509951e-05,1.456793926e-05,3.590577363e-06,0.0001763144775,3.56188566e-06,1.629900711e-05,5.963902544e-05,0.000145307983,0.0002936463735,0.0001509562008,4.094811757e-05,9.966905108e-06,2.456553084e-06,0.0001618677302,3.561883007e-06,1.629901354e-05,5.963911204e-05,0.0001453083413,0.0002936471544,2.265875586e-07,2.781481546e-08,2.584232588e-09,2.251046629e-10,1.101636709e-05,3.803871867e-09,1.126599792e-07,1.941414188e-06,1.357057692e-05,6.320281761e-05,3.411388096e-10,2.634461401e-11,1.398477645e-12,6.671208823e-14,9.575119488e-07,6.664562236e-12,6.581771968e-10,3.121874653e-08,4.082194096e-07,3.130801132e-06,1.709458628e-09,2.331415159e-10,2.277675592e-11,1.979095514e-12,3.350165962e-06,2.428746813e-10,1.340983389e-08,3.879082404e-07,3.787107123e-06,2.285010685e-05,2.048260921e-09,3.435704043e-10,4.12816876e-11,4.341989217e-12,5.318167148e-06,6.733548531e-10,3.298631297e-08,8.538838921e-07,7.745074528e-06,4.36980158e-05,1.995176454e-09,4.346413862e-10,6.782535468e-11,9.08051367e-12,8.525722738e-06,1.873950717e-09,7.892692041e-08,1.775639336e-06,1.452351362e-05,7.445061715e-05,3.010472762e-10,7.547830075e-11,1.30080592e-11,1.840126577e-12,7.583886808e-06,8.321149819e-10,4.35667513e-08,1.146341743e-06,9.990911477e-06,5.260190017e-05,4.935093423e-13,9.203861562e-14,1.009074832e-14,8.18359461e-16,1.594522494e-06,2.220932185e-12,4.310405294e-10,3.218460354e-08,4.947820992e-07,3.922068396e-06,9.660208921e-12,2.180449074e-12,2.893236758e-13,2.798425105e-14,5.661506385e-06,3.66051945e-11,4.969666012e-09,2.662836665e-07,3.319987491e-06,2.188124898e-05,2.049423638e-10,5.937879885e-11,1.011369082e-11,1.231793955e-12,2.299724482e-05,8.251023225e-10,7.315707177e-08,2.639091908e-06,2.53407921e-05,0.0001323151089,6.37934477e-13,1.186246487e-13,1.152717815e-14,7.533357154e-16,3.221577219e-06,1.088187725e-12,3.135078405e-10,2.960636397e-08,4.669032768e-07,3.50964697e-06
144,0.02259733179,0.01088989847,0.004709056453,0.001972807298,0.01410339161,0.004222282991,0.01184531904,0.02751767063,0.05037256633,0.07986048348,0.03202794424,0.01543462447,0.006674311449,0.002796131209,0.01525600803,0.004222285881,0.01184531474,0.02751763391,0.0503724522,0.07986028832,0.0004272420535,0.0001448709448,4.407902594e-05,1.334954355e-05,0.0005173208102,2.905082271e-05,0.0001313014645,0.0004749550305,0.001198668034,0.002504423179,0.0003014408407,0.0001022136874,3.109993041e-05,9.418755766e-06,0.0004782363746,2.905080283e-05,0.0001313015121,0.0004749556643,0.00119867075,0.0025044293,0.01055267179,0.004013595416,0.001369771577,0.0004612227899,0.004440183064,0.000471605807,0.001364314528,0.003261089948,0.005847428244,0.009082686751,0.01542408821,0.005866391273,0.002002100846,0.0006741381327,0.004836470837,0.0004716061583,0.00136431399,0.003261085213,0.005847413827,0.009082662596,0.0002206419188,5.985099482e-05,1.456793915e-05,3.590577326e-06,0.0001763144763,3.561885651e-06,1.629900712e-05,5.963902563e-05,0.0001453079839,0.0002936463762,0.0001509562005,4.094811738e-05,9.966905032e-06,2.456553058e-06,0.0001618677292,3.561882998e-06,1.629901355e-05,5.963911223e-05,0.0001453083421,0.0002936471572,2.265875569e-07,2.781481491e-08,2.584232505e-09,2.251046532e-10,1.101636682e-05,3.80387173e-09,1.126599757e-07,1.941414138e-06,1.357057663e-05,6.32028165e-05,3.411388057e-10,2.634461322e-11,1.398477577e-12,6.671208386e-14,9.575119161e-07,6.66456183e-12,6.581771611e-10,3.121874504e-08,4.082193916e-07,3.130801005e-06,1.709458644e-09,2.331415143e-10,2.277675539e-11,1.979095437e-12,3.350165884e-06,2.42874672e-10,1.340983341e-08,3.879082276e-07,3.787107004e-06,2.285010614e-05,2.048260988e-09,3.435704102e-10,4.128168768e-11,4.341989162e-12,5.318167088e-06,6.73354843e-10,3.298631248e-08,8.538838794e-07,7.745074409e-06,4.369801506e-05,1.995176578e-09,4.346414069e-10,6.782535695e-11,9.080513854e-12,8.525722768e-06,1.873950744e-09,7.892692128e-08,1.77563935e-06,1.45235137e-05,7.445061724e-05,3.010473051e-10,7.547830691e-11,1.300806008e-11,1.840126677e-12,7.58388695e-06,8.32115022e-10,4.356675306e-08,1.146341781e-06,9.990911755e-06,5.260190128e-05,4.935094244e-13,9.203862962e-14,1.009074971e-14,8.183595628e-16,1.594522565e-06,2.220932464e-12,4.310405763e-10,3.218460654e-08,4.947821404e-07,3.922068677e-06,9.660210821e-12,2.180449485e-12,2.893237279e-13,2.798425589e-14,5.661506765e-06,3.660520118e-11,4.969666811e-09,2.662837039e-07,3.319987917e-06,2.188125149e-05,2.049424083e-10,5.937881145e-11,1.011369291e-11,1.231794205e-12,2.299724669e-05,8.251025062e-10,7.315708628e-08,2.639092372e-06,2.534079623e-05,0.0001323151287,6.379346764e-13,1.186246866e-13,1.152718191e-14,7.533359664e-16,3.221577622e-06,1.088188115e-12,3.135079398e-10,2.960637219e-08,4.669033961e-07,3.509647789e-06
145,0.02259733175,0.01088989842,0.004709056418,0.001972807278,0.01410339151,0.00422228297,0.011845319,0.02751767061,0.0503725664,0.07986048377,0.03202794418,0.0154346244,0.006674311398,0.00279613118,0.01525600793,0.00422228586,0.01184531471,0.02751763389,0.05037245227,0.0798602886,0.0004272420524,0.0001448709438,4.407902545e-05,1.334954335e-05,0.0005173208046,2.905082239e-05,0.0001313014633,0.0004749550273,0.001198668028,0.002504423172,0.0003014408399,0.0001022136867,3.109993006e-05,9.418755624e-06,0.0004782363694,2.90508025e-05,0.0001313015109,0.0004749556611,0.001198670744,0.002504429293,0.01055267179,0.004013595406,0.001369771572,0.0004612227876,0.004440183053,0.0004716058087,0.001364314536,0.003261089977,0.005847428311,0.009082686886,0.0154240882,0.005866391259,0.002002100838,0.0006741381292,0.004836470825,0.0004716061599,0.001364313998,0.003261085242,0.005847413894,0.009082662731,0.0002206419185,5.985099455e-05,1.456793905e-05,3.590577291e-06,0.0001763144752,3.561885642e-06,1.629900713e-05,5.96390258e-05,0.0001453079847,0.0002936463788,0.0001509562003,4.094811719e-05,9.966904961e-06,2.456553034e-06,0.0001618677282,3.561882989e-06,1.629901355e-05,5.96391124e-05,0.0001453083429,0.0002936471597,2.265875553e-07,2.781481439e-08,2.584232427e-09,2.25104644e-10,1.101636657e-05,3.803871599e-09,1.126599724e-07,1.941414091e-06,1.357057635e-05,6.320281544e-05,3.41138802e-10,2.634461247e-11,1.398477513e-12,6.671207973e-14,9.575118851e-07,6.664561445e-12,6.581771273e-10,3.121874362e-08,4.082193746e-07,3.130800885e-06,1.70945866e-09,2.331415128e-10,2.277675489e-11,1.979095366e-12,3.35016581e-06,2.428746631e-10,1.340983296e-08,3.879082156e-07,3.787106891e-06,2.285010546e-05,2.048261052e-09,3.435704159e-10,4.128168775e-11,4.341989111e-12,5.318167031e-06,6.733548334e-10,3.298631201e-08,8.538838674e-07,7.745074297e-06,4.369801437e-05,1.995176696e-09,4.346414266e-10,6.78253591e-11,9.080514028e-12,8.525722797e-06,1.87395077e-09,7.892692212e-08,1.775639363e-06,1.452351377e-05,7.445061732e-05,3.010473324e-10,7.547831274e-11,1.300806091e-11,1.840126772e-12,7.583887084e-06,8.321150599e-10,4.356675472e-08,1.146341817e-06,9.990912018e-06,5.260190232e-05,4.935095021e-13,9.203864286e-14,1.009075103e-14,8.183596591e-16,1.594522633e-06,2.220932727e-12,4.310406206e-10,3.218460938e-08,4.947821794e-07,3.922068942e-06,9.660212618e-12,2.180449873e-12,2.893237773e-13,2.798426046e-14,5.661507124e-06,3.660520751e-11,4.969667567e-09,2.662837393e-07,3.31998832e-06,2.188125387e-05,2.049424504e-10,5.937882338e-11,1.01136949e-11,1.231794441e-12,2.299724847e-05,8.2510268e-10,7.31571e-08,2.63909281e-06,2.534080013e-05,0.0001323151473,6.379348649e-13,1.186247225e-13,1.152718548e-14,7.533362039e-16,3.221578004e-06,1.088188485e-12,3.135080337e-10,2.960637996e-08,4.669035091e-07,3.509648564e-06
146,0.02259733171,0.01088989837,0.004709056384,0.001972807259,0.01410339142,0.00422228295,0.01184531897,0.0275176706,0.05037256646,0.07986048404,0.03202794413,0.01543462433,0.00667431135,0.002796131153,0.01525600783,0.00422228584,0.01184531468,0.02751763388,0.05037245233,0.07986028887,0.0004272420513,0.0001448709429,4.407902499e-05,1.334954316e-05,0.0005173207993,2.905082208e-05,0.0001313014622,0.0004749550243,0.001198668023,0.002504423166,0.0003014408391,0.000102213686,3.109992973e-05,9.41875549e-06,0.0004782363645,2.90508022e-05,0.0001313015098,0.000474955658,0.001198670739,0.002504429286,0.01055267178,0.004013595397,0.001369771567,0.0004612227854,0.004440183042,0.0004716058102,0.001364314544,0.003261090004,0.005847428374,0.009082687014,0.01542408819,0.005866391247,0.002002100831,0.000674138126,0.004836470814,0.0004716061615,0.001364314006,0.003261085269,0.005847413957,0.009082662859,0.0002206419181,5.98509943e-05,1.456793895e-05,3.590577258e-06,0.0001763144742,3.561885634e-06,1.629900713e-05,5.963902597e-05,0.0001453079854,0.0002936463812,0.0001509562,4.094811702e-05,9.966904893e-06,2.456553012e-06,0.0001618677272,3.561882981e-06,1.629901356e-05,5.963911257e-05,0.0001453083437,0.0002936471622,2.265875538e-07,2.78148139e-08,2.584232354e-09,2.251046354e-10,1.101636633e-05,3.803871477e-09,1.126599694e-07,1.941414047e-06,1.357057609e-05,6.320281446e-05,3.411387985e-10,2.634461177e-11,1.398477453e-12,6.671207584e-14,9.575118559e-07,6.664561083e-12,6.581770955e-10,3.121874228e-08,4.082193586e-07,3.130800772e-06,1.709458675e-09,2.331415114e-10,2.277675442e-11,1.979095298e-12,3.350165741e-06,2.428746548e-10,1.340983254e-08,3.879082043e-07,3.787106785e-06,2.285010483e-05,2.048261112e-09,3.435704212e-10,4.128168781e-11,4.341989063e-12,5.318166977e-06,6.733548244e-10,3.298631157e-08,8.538838562e-07,7.745074191e-06,4.369801371e-05,1.995176806e-09,4.346414451e-10,6.782536112e-11,9.080514192e-12,8.525722825e-06,1.873950794e-09,7.89269229e-08,1.775639376e-06,1.452351383e-05,7.44506174e-05,3.010473581e-10,7.547831823e-11,1.300806169e-11,1.84012686e-12,7.583887211e-06,8.321150956e-10,4.356675629e-08,1.146341851e-06,9.990912266e-06,5.26019033e-05,4.935095753e-13,9.203865532e-14,1.009075227e-14,8.183597498e-16,1.594522697e-06,2.220932975e-12,4.310406624e-10,3.218461206e-08,4.947822162e-07,3.922069191e-06,9.660214311e-12,2.18045024e-12,2.893238238e-13,2.798426476e-14,5.661507463e-06,3.660521347e-11,4.969668279e-09,2.662837727e-07,3.319988699e-06,2.188125611e-05,2.049424901e-10,5.937883461e-11,1.011369676e-11,1.231794664e-12,2.299725014e-05,8.251028437e-10,7.315711292e-08,2.639093223e-06,2.534080381e-05,0.0001323151649,6.379350425e-13,1.186247562e-13,1.152718883e-14,7.533364276e-16,3.221578363e-06,1.088188833e-12,3.135081222e-10,2.960638728e-08,4.669036155e-07,3.509649294e-06
147,0.02259733167,0.01088989833,0.004709056352,0.001972807241,0.01410339133,0.004222282932,0.01184531894,0.02751767058,0.05037256651,0.07986048429,0.03202794408,0.01543462426,0.006674311305,0.002796131128,0.01525600773,0.004222285821,0.01184531465,0.02751763386,0.05037245239,0.07986028913,0.0004272420503,0.000144870942,4.407902455e-05,1.334954298e-05,0.0005173207944,2.905082179e-05,0.0001313014612,0.0004749550214,0.001198668018,0.002504423159,0.0003014408384,0.0001022136854,3.109992943e-05,9.418755364e-06,0.00047823636,2.905080191e-05,0.0001313015088,0.0004749556552,0.001198670733,0.00250442928,0.01055267177,0.004013595389,0.001369771563,0.0004612227833,0.004440183033,0.0004716058117,0.001364314552,0.00326109003,0.005847428433,0.009082687134,0.01542408817,0.005866391235,0.002002100824,0.000674138123,0.004836470804,0.0004716061629,0.001364314014,0.003261085294,0.005847414016,0.009082662979,0.0002206419178,5.985099407e-05,1.456793886e-05,3.590577227e-06,0.0001763144733,3.561885626e-06,1.629900714e-05,5.963902612e-05,0.0001453079861,0.0002936463835,0.0001509561998,4.094811686e-05,9.966904829e-06,2.456552991e-06,0.0001618677263,3.561882973e-06,1.629901356e-05,5.963911273e-05,0.0001453083443,0.0002936471644,2.265875523e-07,2.781481344e-08,2.584232285e-09,2.251046272e-10,1.10163661e-05,3.803871362e-09,1.126599665e-07,1.941414005e-06,1.357057584e-05,6.320281353e-05,3.411387953e-10,2.634461112e-11,1.398477396e-12,6.671207219e-14,9.575118285e-07,6.664560744e-12,6.581770657e-10,3.121874103e-08,4.082193435e-07,3.130800666e-06,1.709458689e-09,2.331415101e-10,2.277675397e-11,1.979095234e-12,3.350165676e-06,2.42874647e-10,1.340983214e-08,3.879081936e-07,3.787106685e-06,2.285010424e-05,2.048261168e-09,3.435704262e-10,4.128168788e-11,4.341989017e-12,5.318166927e-06,6.733548159e-10,3.298631116e-08,8.538838456e-07,7.745074092e-06,4.36980131e-05,1.99517691e-09,4.346414625e-10,6.782536302e-11,9.080514346e-12,8.52572285e-06,1.873950817e-09,7.892692363e-08,1.775639387e-06,1.452351389e-05,7.445061747e-05,3.010473822e-10,7.547832338e-11,1.300806242e-11,1.840126944e-12,7.583887329e-06,8.321151291e-10,4.356675776e-08,1.146341883e-06,9.990912498e-06,5.260190422e-05,4.935096439e-13,9.203866701e-14,1.009075343e-14,8.183598349e-16,1.594522757e-06,2.220933207e-12,4.310407015e-10,3.218461457e-08,4.947822506e-07,3.922069426e-06,9.660215898e-12,2.180450583e-12,2.893238673e-13,2.79842688e-14,5.66150778e-06,3.660521905e-11,4.969668947e-09,2.662838039e-07,3.319989055e-06,2.18812582e-05,2.049425273e-10,5.937884514e-11,1.011369852e-11,1.231794872e-12,2.299725171e-05,8.251029972e-10,7.315712503e-08,2.63909361e-06,2.534080726e-05,0.0001323151814,6.37935209e-13,1.186247879e-13,1.152719198e-14,7.533366373e-16,3.2215787e-06,1.088189159e-12,3.135082051e-10,2.960639415e-08,4.669037152e-07,3.509649978e-06
148,0.02259733164,0.01088989828,0.004709056323,0.001972807224,0.01410339125,0.004222282914,0.01184531892,0.02751767057,0.05037256657,0.07986048453,0.03202794403,0.0154346242,0.006674311264,0.002796131104,0.01525600765,0.004222285804,0.01184531463,0.02751763385,0.05037245244,0.07986028936,0.0004272420494,0.0001448709412,4.407902414e-05,1.334954282e-05,0.0005173207898,2.905082153e-05,0.0001313014602,0.0004749550188,0.001198668013,0.002504423154,0.0003014408378,0.0001022136848,3.109992914e-05,9.418755247e-06,0.0004782363557,2.905080165e-05,0.0001313015078,0.0004749556526,0.001198670728,0.002504429274,0.01055267176,0.004013595382,0.001369771559,0.0004612227814,0.004440183024,0.000471605813,0.001364314559,0.003261090053,0.005847428488,0.009082687245,0.01542408816,0.005866391223,0.002002100818,0.0006741381202,0.004836470794,0.0004716061643,0.001364314021,0.003261085318,0.005847414071,0.00908266309,0.0002206419175,5.985099385e-05,1.456793877e-05,3.590577198e-06,0.0001763144724,3.561885619e-06,1.629900714e-05,5.963902627e-05,0.0001453079867,0.0002936463856,0.0001509561996,4.094811671e-05,9.96690477e-06,2.456552971e-06,0.0001618677255,3.561882966e-06,1.629901357e-05,5.963911287e-05,0.000145308345,0.0002936471665,2.26587551e-07,2.781481302e-08,2.584232221e-09,2.251046197e-10,1.101636589e-05,3.803871255e-09,1.126599638e-07,1.941413967e-06,1.357057561e-05,6.320281266e-05,3.411387923e-10,2.63446105e-11,1.398477343e-12,6.671206879e-14,9.57511803e-07,6.664560428e-12,6.581770379e-10,3.121873987e-08,4.082193295e-07,3.130800567e-06,1.709458702e-09,2.331415089e-10,2.277675356e-11,1.979095175e-12,3.350165616e-06,2.428746397e-10,1.340983177e-08,3.879081837e-07,3.787106592e-06,2.285010369e-05,2.048261221e-09,3.435704308e-10,4.128168794e-11,4.341988975e-12,5.31816688e-06,6.73354808e-10,3.298631078e-08,8.538838357e-07,7.745073999e-06,4.369801253e-05,1.995177007e-09,4.346414787e-10,6.782536479e-11,9.080514489e-12,8.525722874e-06,1.873950839e-09,7.892692432e-08,1.775639398e-06,1.452351395e-05,7.445061754e-05,3.010474047e-10,7.547832818e-11,1.30080631e-11,1.840127022e-12,7.583887439e-06,8.321151603e-10,4.356675913e-08,1.146341913e-06,9.990912715e-06,5.260190508e-05,4.935097078e-13,9.203867791e-14,1.009075451e-14,8.183599141e-16,1.594522813e-06,2.220933424e-12,4.31040738e-10,3.218461691e-08,4.947822827e-07,3.922069644e-06,9.660217378e-12,2.180450903e-12,2.893239079e-13,2.798427256e-14,5.661508076e-06,3.660522426e-11,4.969669569e-09,2.66283833e-07,3.319989386e-06,2.188126016e-05,2.04942562e-10,5.937885496e-11,1.011370015e-11,1.231795067e-12,2.299725318e-05,8.251031402e-10,7.315713633e-08,2.639093971e-06,2.534081047e-05,0.0001323151968,6.379353642e-13,1.186248174e-13,1.152719491e-14,7.533368328e-16,3.221579014e-06,1.088189463e-12,3.135082824e-10,2.960640055e-08,4.669038081e-07,3.509650616e-06
149,0.02259733161,0.01088989825,0.004709056296,0.001972807209,0.01410339117,0.004222282898,0.01184531889,0.02751767055,0.05037256662,0.07986048474,0.03202794399,0.01543462415,0.006674311225,0.002796131082,0.01525600757,0.004222285788,0.0118453146,0.02751763383,0.05037245249,0.07986028958,0.0004272420486,0.0001448709404,4.407902377e-05,1.334954266e-05,0.0005173207855,2.905082128e-05,0.0001313014593,0.0004749550163,0.001198668008,0.002504423148,0.0003014408372,0.0001022136843,3.109992887e-05,9.418755138e-06,0.0004782363518,2.90508014e-05,0.0001313015069,0.0004749556501,0.001198670724,0.002504429269,0.01055267175,0.004013595374,0.001369771555,0.0004612227796,0.004440183015,0.0004716058143,0.001364314565,0.003261090075,0.005847428539,0.009082687348,0.01542408815,0.005866391213,0.002002100812,0.0006741381175,0.004836470785,0.0004716061656,0.001364314027,0.00326108534,0.005847414122,0.009082663193,0.0002206419172,5.985099364e-05,1.456793869e-05,3.590577171e-06,0.0001763144715,3.561885612e-06,1.629900715e-05,5.96390264e-05,0.0001453079873,0.0002936463876,0.0001509561994,4.094811657e-05,9.966904716e-06,2.456552953e-06,0.0001618677248,3.56188296e-06,1.629901357e-05,5.9639113e-05,0.0001453083456,0.0002936471685,2.265875498e-07,2.781481262e-08,2.584232161e-09,2.251046126e-10,1.10163657e-05,3.803871156e-09,1.126599613e-07,1.941413931e-06,1.35705754e-05,6.320281186e-05,3.411387895e-10,2.634460993e-11,1.398477295e-12,6.671206565e-14,9.575117794e-07,6.664560135e-12,6.581770121e-10,3.121873878e-08,4.082193165e-07,3.130800475e-06,1.709458713e-09,2.331415078e-10,2.277675318e-11,1.97909512e-12,3.35016556e-06,2.428746329e-10,1.340983142e-08,3.879081745e-07,3.787106506e-06,2.285010318e-05,2.048261269e-09,3.435704351e-10,4.128168799e-11,4.341988936e-12,5.318166836e-06,6.733548007e-10,3.298631042e-08,8.538838266e-07,7.745073913e-06,4.3698012e-05,1.995177096e-09,4.346414937e-10,6.782536643e-11,9.080514622e-12,8.525722896e-06,1.873950859e-09,7.892692495e-08,1.775639408e-06,1.4523514e-05,7.44506176e-05,3.010474255e-10,7.547833262e-11,1.300806373e-11,1.840127093e-12,7.583887541e-06,8.321151892e-10,4.35667604e-08,1.14634194e-06,9.990912916e-06,5.260190588e-05,4.93509767e-13,9.2038688e-14,1.009075551e-14,8.183599876e-16,1.594522865e-06,2.220933625e-12,4.310407718e-10,3.218461907e-08,4.947823124e-07,3.922069846e-06,9.660218748e-12,2.180451199e-12,2.893239455e-13,2.798427605e-14,5.66150835e-06,3.660522908e-11,4.969670145e-09,2.6628386e-07,3.319989693e-06,2.188126197e-05,2.049425941e-10,5.937886405e-11,1.011370166e-11,1.231795247e-12,2.299725453e-05,8.251032727e-10,7.315714679e-08,2.639094305e-06,2.534081345e-05,0.000132315211,6.379355079e-13,1.186248448e-13,1.152719763e-14,7.533370139e-16,3.221579305e-06,1.088189744e-12,3.13508354e-10,2.960640647e-08,4.669038942e-07,3.509651207e-06
150,0.02259733158,0.01088989821,0.004709056271,0.001972807195,0.01410339111,0.004222282883,0.01184531887,0.02751767054,0.05037256666,0.07986048494,0.03202794395,0.0154346241,0.00667431119,0.002796131062,0.01525600749,0.004222285773,0.01184531458,0.02751763382,0.05037245254,0.07986028978,0.0004272420478,0.0001448709397,4.407902342e-05,1.334954252e-05,0.0005173207816,2.905082105e-05,0.0001313014585,0.0004749550141,0.001198668004,0.002504423143,0.0003014408366,0.0001022136838,3.109992863e-05,9.418755038e-06,0.0004782363482,2.905080117e-05,0.0001313015061,0.0004749556478,0.00119867072,0.002504429264,0.01055267175,0.004013595368,0.001369771551,0.0004612227779,0.004440183008,0.0004716058155,0.001364314571,0.003261090096,0.005847428586,0.009082687443,0.01542408814,0.005866391203,0.002002100807,0.0006741381151,0.004836470777,0.0004716061667,0.001364314033,0.00326108536,0.005847414169,0.009082663288,0.0002206419169,5.985099346e-05,1.456793862e-05,3.590577147e-06,0.0001763144708,3.561885606e-06,1.629900715e-05,5.963902652e-05,0.0001453079879,0.0002936463894,0.0001509561992,4.094811644e-05,9.966904665e-06,2.456552936e-06,0.0001618677241,3.561882954e-06,1.629901358e-05,5.963911313e-05,0.0001453083461,0.0002936471703,2.265875487e-07,2.781481226e-08,2.584232107e-09,2.251046062e-10,1.101636552e-05,3.803871065e-09,1.12659959e-07,1.941413898e-06,1.35705752e-05,6.320281113e-05,3.411387869e-10,2.634460941e-11,1.39847725e-12,6.671206275e-14,9.575117577e-07,6.664559865e-12,6.581769885e-10,3.121873779e-08,4.082193046e-07,3.130800391e-06,1.709458724e-09,2.331415067e-10,2.277675283e-11,1.97909507e-12,3.350165508e-06,2.428746267e-10,1.340983111e-08,3.879081661e-07,3.787106427e-06,2.285010271e-05,2.048261314e-09,3.435704391e-10,4.128168804e-11,4.3419889e-12,5.318166796e-06,6.73354794e-10,3.298631009e-08,8.538838182e-07,7.745073835e-06,4.369801151e-05,1.995177178e-09,4.346415075e-10,6.782536793e-11,9.080514744e-12,8.525722916e-06,1.873950877e-09,7.892692553e-08,1.775639418e-06,1.452351405e-05,7.445061766e-05,3.010474447e-10,7.547833671e-11,1.300806431e-11,1.84012716e-12,7.583887635e-06,8.321152158e-10,4.356676157e-08,1.146341965e-06,9.9909131e-06,5.260190661e-05,4.935098215e-13,9.203869728e-14,1.009075643e-14,8.183600551e-16,1.594522913e-06,2.220933809e-12,4.310408029e-10,3.218462106e-08,4.947823397e-07,3.922070032e-06,9.660220008e-12,2.180451472e-12,2.893239801e-13,2.798427925e-14,5.661508602e-06,3.660523351e-11,4.969670675e-09,2.662838848e-07,3.319989976e-06,2.188126363e-05,2.049426236e-10,5.93788724e-11,1.011370305e-11,1.231795413e-12,2.299725578e-05,8.251033945e-10,7.31571564e-08,2.639094612e-06,2.534081618e-05,0.0001323152241,6.379356401e-13,1.186248699e-13,1.152720012e-14,7.533371803e-16,3.221579573e-06,1.088190003e-12,3.135084199e-10,2.960641192e-08,4.669039734e-07,3.50965175e-06
151,0.02259733155,0.01088989818,0.004709056248,0.001972807182,0.01410339104,0.00422228287,0.01184531885,0.02751767053,0.0503725667,0.07986048513,0.03202794391,0.01543462405,0.006674311157,0.002796131044,0.01525600742,0.00422228576,0.01184531456,0.02751763381,0.05037245258,0.07986028996,0.0004272420471,0.0001448709391,4.407902311e-05,1.334954239e-05,0.000517320778,2.905082085e-05,0.0001313014578,0.000474955012,0.001198668,0.002504423139,0.0003014408361,0.0001022136833,3.109992841e-05,9.418754947e-06,0.0004782363449,2.905080097e-05,0.0001313015054,0.0004749556458,0.001198670716,0.002504429259,0.01055267174,0.004013595362,0.001369771548,0.0004612227764,0.004440183001,0.0004716058165,0.001364314577,0.003261090114,0.005847428628,0.00908268753,0.01542408814,0.005866391195,0.002002100802,0.0006741381129,0.004836470769,0.0004716061678,0.001364314039,0.003261085379,0.005847414211,0.009082663375,0.0002206419167,5.985099329e-05,1.456793855e-05,3.590577124e-06,0.0001763144701,3.561885601e-06,1.629900715e-05,5.963902664e-05,0.0001453079884,0.000293646391,0.0001509561991,4.094811633e-05,9.966904619e-06,2.456552921e-06,0.0001618677234,3.561882948e-06,1.629901358e-05,5.963911324e-05,0.0001453083466,0.0002936471719,2.265875476e-07,2.781481193e-08,2.584232057e-09,2.251046003e-10,1.101636536e-05,3.803870982e-09,1.126599569e-07,1.941413868e-06,1.357057503e-05,6.320281045e-05,3.411387846e-10,2.634460894e-11,1.398477209e-12,6.671206011e-14,9.575117379e-07,6.66455962e-12,6.581769669e-10,3.121873689e-08,4.082192937e-07,3.130800314e-06,1.709458734e-09,2.331415058e-10,2.277675251e-11,1.979095024e-12,3.350165461e-06,2.428746211e-10,1.340983082e-08,3.879081584e-07,3.787106355e-06,2.285010228e-05,2.048261355e-09,3.435704427e-10,4.128168809e-11,4.341988867e-12,5.31816676e-06,6.733547879e-10,3.29863098e-08,8.538838105e-07,7.745073763e-06,4.369801107e-05,1.995177253e-09,4.3464152e-10,6.78253693e-11,9.080514855e-12,8.525722935e-06,1.873950893e-09,7.892692606e-08,1.775639426e-06,1.45235141e-05,7.445061771e-05,3.010474621e-10,7.547834043e-11,1.300806484e-11,1.84012722e-12,7.583887721e-06,8.3211524e-10,4.356676264e-08,1.146341988e-06,9.990913268e-06,5.260190727e-05,4.935098711e-13,9.203870573e-14,1.009075727e-14,8.183601166e-16,1.594522956e-06,2.220933977e-12,4.310408312e-10,3.218462287e-08,4.947823646e-07,3.922070201e-06,9.660221155e-12,2.18045172e-12,2.893240116e-13,2.798428217e-14,5.661508832e-06,3.660523755e-11,4.969671158e-09,2.662839074e-07,3.319990233e-06,2.188126515e-05,2.049426505e-10,5.937888002e-11,1.011370432e-11,1.231795563e-12,2.299725691e-05,8.251035055e-10,7.315716516e-08,2.639094892e-06,2.534081867e-05,0.0001323152361,6.379357604e-13,1.186248928e-13,1.15272024e-14,7.533373319e-16,3.221579816e-06,1.088190239e-12,3.135084798e-10,2.960641688e-08,4.669040455e-07,3.509652245e-06
152,0.02259733153,0.01088989815,0.004709056227,0.00197280717,0.01410339099,0.004222282858,0.01184531883,0.02751767052,0.05037256674,0.07986048529,0.03202794388,0.01543462401,0.006674311128,0.002796131027,0.01525600736,0.004222285748,0.01184531454,0.0275176338,0.05037245262,0.07986029013,0.0004272420464,0.0001448709385,4.407902283e-05,1.334954228e-05,0.0005173207748,2.905082066e-05,0.0001313014571,0.0004749550102,0.001198667997,0.002504423135,0.0003014408357,0.0001022136829,3.109992821e-05,9.418754866e-06,0.0004782363419,2.905080078e-05,0.0001313015047,0.0004749556439,0.001198670712,0.002504429255,0.01055267174,0.004013595357,0.001369771545,0.0004612227751,0.004440182995,0.0004716058175,0.001364314582,0.003261090131,0.005847428667,0.009082687608,0.01542408813,0.005866391187,0.002002100798,0.000674138111,0.004836470762,0.0004716061687,0.001364314044,0.003261085395,0.00584741425,0.009082663453,0.0002206419165,5.985099313e-05,1.456793849e-05,3.590577104e-06,0.0001763144694,3.561885596e-06,1.629900716e-05,5.963902674e-05,0.0001453079888,0.0002936463925,0.0001509561989,4.094811622e-05,9.966904578e-06,2.456552907e-06,0.0001618677228,3.561882943e-06,1.629901359e-05,5.963911334e-05,0.0001453083471,0.0002936471734,2.265875467e-07,2.781481163e-08,2.584232012e-09,2.25104595e-10,1.101636521e-05,3.803870907e-09,1.12659955e-07,1.941413841e-06,1.357057487e-05,6.320280985e-05,3.411387825e-10,2.634460851e-11,1.398477172e-12,6.671205774e-14,9.575117201e-07,6.664559399e-12,6.581769475e-10,3.121873607e-08,4.082192839e-07,3.130800245e-06,1.709458743e-09,2.331415049e-10,2.277675222e-11,1.979094983e-12,3.350165419e-06,2.42874616e-10,1.340983056e-08,3.879081515e-07,3.78710629e-06,2.285010189e-05,2.048261391e-09,3.435704459e-10,4.128168813e-11,4.341988838e-12,5.318166727e-06,6.733547824e-10,3.298630953e-08,8.538838036e-07,7.745073698e-06,4.369801067e-05,1.995177321e-09,4.346415313e-10,6.782537054e-11,9.080514955e-12,8.525722952e-06,1.873950908e-09,7.892692654e-08,1.775639434e-06,1.452351414e-05,7.445061776e-05,3.010474778e-10,7.547834378e-11,1.300806532e-11,1.840127274e-12,7.583887798e-06,8.321152617e-10,4.356676359e-08,1.146342009e-06,9.990913419e-06,5.260190787e-05,4.935099157e-13,9.203871334e-14,1.009075802e-14,8.183601719e-16,1.594522995e-06,2.220934129e-12,4.310408566e-10,3.218462451e-08,4.947823871e-07,3.922070353e-06,9.660222188e-12,2.180451943e-12,2.8932404e-13,2.79842848e-14,5.661509039e-06,3.660524118e-11,4.969671592e-09,2.662839278e-07,3.319990464e-06,2.188126651e-05,2.049426747e-10,5.937888687e-11,1.011370546e-11,1.231795699e-12,2.299725793e-05,8.251036054e-10,7.315717305e-08,2.639095144e-06,2.534082092e-05,0.0001323152468,6.379358688e-13,1.186249134e-13,1.152720444e-14,7.533374684e-16,3.221580036e-06,1.088190451e-12,3.135085338e-10,2.960642135e-08,4.669041104e-07,3.509652691e-06
153,0.02259733151,0.01088989812,0.004709056209,0.00197280716,0.01410339094,0.004222282847,0.01184531881,0.02751767051,0.05037256678,0.07986048544,0.03202794385,0.01543462397,0.006674311102,0.002796131013,0.01525600731,0.004222285737,0.01184531452,0.02751763379,0.05037245265,0.07986029027,0.0004272420458,0.000144870938,4.407902258e-05,1.334954217e-05,0.0005173207719,2.90508205e-05,0.0001313014565,0.0004749550085,0.001198667994,0.002504423131,0.0003014408352,0.0001022136826,3.109992803e-05,9.418754793e-06,0.0004782363392,2.905080061e-05,0.0001313015041,0.0004749556423,0.001198670709,0.002504429252,0.01055267173,0.004013595352,0.001369771542,0.0004612227739,0.004440182989,0.0004716058183,0.001364314586,0.003261090145,0.005847428701,0.009082687677,0.01542408812,0.00586639118,0.002002100794,0.0006741381092,0.004836470756,0.0004716061696,0.001364314048,0.00326108541,0.005847414284,0.009082663522,0.0002206419163,5.9850993e-05,1.456793843e-05,3.590577086e-06,0.0001763144689,3.561885592e-06,1.629900716e-05,5.963902683e-05,0.0001453079892,0.0002936463938,0.0001509561988,4.094811613e-05,9.966904542e-06,2.456552895e-06,0.0001618677223,3.561882939e-06,1.629901359e-05,5.963911343e-05,0.0001453083475,0.0002936471747,2.265875459e-07,2.781481136e-08,2.584231972e-09,2.251045903e-10,1.101636508e-05,3.80387084e-09,1.126599534e-07,1.941413817e-06,1.357057472e-05,6.320280931e-05,3.411387806e-10,2.634460813e-11,1.398477139e-12,6.671205563e-14,9.575117043e-07,6.664559203e-12,6.581769302e-10,3.121873535e-08,4.082192752e-07,3.130800184e-06,1.709458751e-09,2.331415041e-10,2.277675197e-11,1.979094946e-12,3.350165382e-06,2.428746114e-10,1.340983033e-08,3.879081453e-07,3.787106233e-06,2.285010155e-05,2.048261424e-09,3.435704488e-10,4.128168817e-11,4.341988812e-12,5.318166698e-06,6.733547775e-10,3.298630929e-08,8.538837975e-07,7.745073641e-06,4.369801031e-05,1.99517738e-09,4.346415414e-10,6.782537164e-11,9.080515043e-12,8.525722966e-06,1.873950921e-09,7.892692696e-08,1.77563944e-06,1.452351417e-05,7.44506178e-05,3.010474918e-10,7.547834676e-11,1.300806574e-11,1.840127322e-12,7.583887867e-06,8.321152811e-10,4.356676444e-08,1.146342027e-06,9.990913553e-06,5.260190841e-05,4.935099554e-13,9.20387201e-14,1.00907587e-14,8.183602211e-16,1.59452303e-06,2.220934263e-12,4.310408793e-10,3.218462596e-08,4.94782407e-07,3.922070489e-06,9.660223106e-12,2.180452142e-12,2.893240652e-13,2.798428713e-14,5.661509222e-06,3.660524441e-11,4.969671978e-09,2.662839458e-07,3.31999067e-06,2.188126773e-05,2.049426962e-10,5.937889296e-11,1.011370647e-11,1.23179582e-12,2.299725884e-05,8.251036941e-10,7.315718005e-08,2.639095368e-06,2.534082291e-05,0.0001323152563,6.379359651e-13,1.186249317e-13,1.152720626e-14,7.533375897e-16,3.221580231e-06,1.08819064e-12,3.135085818e-10,2.960642532e-08,4.669041681e-07,3.509653087e-06
154,0.02259733149,0.0108898981,0.004709056193,0.001972807151,0.01410339089,0.004222282838,0.0118453188,0.0275176705,0.0503725668,0.07986048556,0.03202794382,0.01543462394,0.00667431108,0.002796131,0.01525600726,0.004222285728,0.01184531451,0.02751763378,0.05037245268,0.0798602904,0.0004272420453,0.0001448709376,4.407902236e-05,1.334954208e-05,0.0005173207695,2.905082035e-05,0.000131301456,0.0004749550071,0.001198667991,0.002504423128,0.0003014408349,0.0001022136823,3.109992788e-05,9.418754729e-06,0.0004782363369,2.905080047e-05,0.0001313015036,0.0004749556409,0.001198670707,0.002504429248,0.01055267173,0.004013595348,0.00136977154,0.0004612227728,0.004440182984,0.000471605819,0.00136431459,0.003261090158,0.005847428731,0.009082687737,0.01542408811,0.005866391174,0.002002100791,0.0006741381077,0.004836470751,0.0004716061703,0.001364314052,0.003261085423,0.005847414314,0.009082663582,0.0002206419161,5.985099288e-05,1.456793839e-05,3.590577071e-06,0.0001763144684,3.561885588e-06,1.629900716e-05,5.96390269e-05,0.0001453079896,0.0002936463949,0.0001509561987,4.094811605e-05,9.96690451e-06,2.456552884e-06,0.0001618677219,3.561882935e-06,1.629901359e-05,5.963911351e-05,0.0001453083478,0.0002936471759,2.265875452e-07,2.781481113e-08,2.584231937e-09,2.251045862e-10,1.101636497e-05,3.803870782e-09,1.126599519e-07,1.941413796e-06,1.35705746e-05,6.320280885e-05,3.411387789e-10,2.63446078e-11,1.398477111e-12,6.671205379e-14,9.575116905e-07,6.664559032e-12,6.581769152e-10,3.121873472e-08,4.082192676e-07,3.13080013e-06,1.709458758e-09,2.331415035e-10,2.277675174e-11,1.979094914e-12,3.350165349e-06,2.428746075e-10,1.340983013e-08,3.8790814e-07,3.787106182e-06,2.285010125e-05,2.048261452e-09,3.435704513e-10,4.12816882e-11,4.341988789e-12,5.318166672e-06,6.733547732e-10,3.298630908e-08,8.538837922e-07,7.745073591e-06,4.369801e-05,1.995177433e-09,4.346415501e-10,6.782537259e-11,9.080515121e-12,8.525722979e-06,1.873950933e-09,7.892692733e-08,1.775639446e-06,1.45235142e-05,7.445061784e-05,3.010475039e-10,7.547834935e-11,1.300806611e-11,1.840127364e-12,7.583887926e-06,8.32115298e-10,4.356676519e-08,1.146342043e-06,9.990913671e-06,5.260190887e-05,4.9350999e-13,9.2038726e-14,1.009075928e-14,8.18360264e-16,1.59452306e-06,2.22093438e-12,4.31040899e-10,3.218462722e-08,4.947824243e-07,3.922070607e-06,9.660223907e-12,2.180452315e-12,2.893240872e-13,2.798428917e-14,5.661509382e-06,3.660524723e-11,4.969672315e-09,2.662839616e-07,3.319990849e-06,2.188126878e-05,2.04942715e-10,5.937889827e-11,1.011370736e-11,1.231795925e-12,2.299725963e-05,8.251037715e-10,7.315718616e-08,2.639095563e-06,2.534082465e-05,0.0001323152647,6.379360491e-13,1.186249477e-13,1.152720785e-14,7.533376955e-16,3.221580401e-06,1.088190805e-12,3.135086236e-10,2.960642879e-08,4.669042184e-07,3.509653432e-06
155,0.02259733148,0.01088989808,0.00470905618,0.001972807143,0.01410339086,0.00422228283,0.01184531879,0.0275176705,0.05037256683,0.07986048567,0.0320279438,0.01543462391,0.00667431106,0.002796130989,0.01525600722,0.00422228572,0.0118453145,0.02751763378,0.0503724527,0.07986029051,0.0004272420449,0.0001448709372,4.407902217e-05,1.334954201e-05,0.0005173207673,2.905082023e-05,0.0001313014555,0.0004749550059,0.001198667989,0.002504423125,0.0003014408346,0.000102213682,3.109992775e-05,9.418754675e-06,0.000478236335,2.905080035e-05,0.0001313015031,0.0004749556396,0.001198670704,0.002504429246,0.01055267172,0.004013595344,0.001369771538,0.000461222772,0.00444018298,0.0004716058197,0.001364314593,0.003261090169,0.005847428756,0.009082687789,0.01542408811,0.005866391169,0.002002100788,0.0006741381064,0.004836470746,0.0004716061709,0.001364314055,0.003261085434,0.005847414339,0.009082663634,0.000220641916,5.985099278e-05,1.456793835e-05,3.590577057e-06,0.000176314468,3.561885584e-06,1.629900717e-05,5.963902697e-05,0.0001453079899,0.0002936463959,0.0001509561986,4.094811598e-05,9.966904482e-06,2.456552875e-06,0.0001618677215,3.561882932e-06,1.629901359e-05,5.963911357e-05,0.0001453083481,0.0002936471769,2.265875446e-07,2.781481094e-08,2.584231908e-09,2.251045828e-10,1.101636487e-05,3.803870733e-09,1.126599507e-07,1.941413778e-06,1.357057449e-05,6.320280845e-05,3.411387775e-10,2.634460752e-11,1.398477087e-12,6.671205222e-14,9.575116788e-07,6.664558886e-12,6.581769024e-10,3.121873418e-08,4.082192611e-07,3.130800085e-06,1.709458764e-09,2.331415029e-10,2.277675155e-11,1.979094887e-12,3.350165321e-06,2.428746041e-10,1.340982996e-08,3.879081354e-07,3.78710614e-06,2.285010099e-05,2.048261476e-09,3.435704534e-10,4.128168822e-11,4.341988769e-12,5.31816665e-06,6.733547696e-10,3.298630891e-08,8.538837876e-07,7.745073548e-06,4.369800974e-05,1.995177477e-09,4.346415576e-10,6.782537341e-11,9.080515187e-12,8.52572299e-06,1.873950943e-09,7.892692765e-08,1.775639451e-06,1.452351423e-05,7.445061787e-05,3.010475143e-10,7.547835157e-11,1.300806643e-11,1.8401274e-12,7.583887977e-06,8.321153124e-10,4.356676582e-08,1.146342057e-06,9.99091377e-06,5.260190927e-05,4.935100195e-13,9.203873102e-14,1.009075978e-14,8.183603006e-16,1.594523086e-06,2.22093448e-12,4.310409158e-10,3.21846283e-08,4.947824391e-07,3.922070707e-06,9.660224589e-12,2.180452463e-12,2.893241059e-13,2.798429091e-14,5.661509519e-06,3.660524963e-11,4.969672602e-09,2.66283975e-07,3.319991002e-06,2.188126969e-05,2.049427309e-10,5.93789028e-11,1.011370811e-11,1.231796015e-12,2.29972603e-05,8.251038375e-10,7.315719137e-08,2.639095729e-06,2.534082613e-05,0.0001323152718,6.379361206e-13,1.186249613e-13,1.15272092e-14,7.533377856e-16,3.221580545e-06,1.088190945e-12,3.135086592e-10,2.960643174e-08,4.669042612e-07,3.509653726e-06
156,0.02259733146,0.01088989806,0.004709056168,0.001972807137,0.01410339083,0.004222282823,0.01184531878,0.02751767049,0.05037256685,0.07986048576,0.03202794378,0.01543462389,0.006674311045,0.00279613098,0.01525600719,0.004222285713,0.01184531449,0.02751763377,0.05037245272,0.0798602906,0.0004272420446,0.0001448709369,4.407902202e-05,1.334954194e-05,0.0005173207656,2.905082013e-05,0.0001313014552,0.0004749550049,0.001198667987,0.002504423123,0.0003014408343,0.0001022136818,3.109992764e-05,9.418754631e-06,0.0004782363334,2.905080025e-05,0.0001313015028,0.0004749556386,0.001198670703,0.002504429243,0.01055267172,0.004013595341,0.001369771536,0.0004612227712,0.004440182977,0.0004716058202,0.001364314596,0.003261090178,0.005847428777,0.009082687831,0.0154240881,0.005866391164,0.002002100786,0.0006741381053,0.004836470743,0.0004716061714,0.001364314058,0.003261085443,0.00584741436,0.009082663676,0.0002206419158,5.985099269e-05,1.456793832e-05,3.590577046e-06,0.0001763144676,3.561885582e-06,1.629900717e-05,5.963902703e-05,0.0001453079901,0.0002936463967,0.0001509561985,4.094811592e-05,9.96690446e-06,2.456552867e-06,0.0001618677212,3.561882929e-06,1.62990136e-05,5.963911363e-05,0.0001453083484,0.0002936471777,2.265875441e-07,2.781481077e-08,2.584231883e-09,2.251045799e-10,1.101636479e-05,3.803870692e-09,1.126599497e-07,1.941413763e-06,1.357057441e-05,6.320280812e-05,3.411387764e-10,2.634460728e-11,1.398477067e-12,6.671205093e-14,9.575116691e-07,6.664558766e-12,6.581768918e-10,3.121873374e-08,4.082192558e-07,3.130800047e-06,1.709458769e-09,2.331415024e-10,2.27767514e-11,1.979094864e-12,3.350165298e-06,2.428746014e-10,1.340982982e-08,3.879081316e-07,3.787106104e-06,2.285010079e-05,2.048261496e-09,3.435704552e-10,4.128168825e-11,4.341988753e-12,5.318166633e-06,6.733547666e-10,3.298630876e-08,8.538837839e-07,7.745073513e-06,4.369800952e-05,1.995177514e-09,4.346415637e-10,6.782537408e-11,9.080515241e-12,8.525722999e-06,1.873950951e-09,7.892692791e-08,1.775639455e-06,1.452351425e-05,7.445061789e-05,3.010475228e-10,7.547835339e-11,1.300806669e-11,1.84012743e-12,7.583888019e-06,8.321153242e-10,4.356676634e-08,1.146342068e-06,9.990913853e-06,5.260190959e-05,4.935100438e-13,9.203873516e-14,1.009076019e-14,8.183603306e-16,1.594523107e-06,2.220934562e-12,4.310409297e-10,3.218462919e-08,4.947824513e-07,3.92207079e-06,9.66022515e-12,2.180452584e-12,2.893241213e-13,2.798429233e-14,5.661509631e-06,3.660525161e-11,4.969672838e-09,2.662839861e-07,3.319991128e-06,2.188127043e-05,2.049427441e-10,5.937890652e-11,1.011370873e-11,1.231796089e-12,2.299726086e-05,8.251038918e-10,7.315719565e-08,2.639095866e-06,2.534082735e-05,0.0001323152776,6.379361795e-13,1.186249725e-13,1.152721031e-14,7.533378598e-16,3.221580665e-06,1.08819106e-12,3.135086886e-10,2.960643416e-08,4.669042965e-07,3.509653968e-06
157,0.02259733145,0.01088989805,0.00470905616,0.001972807132,0.0141033908,0.004222282818,0.01184531877,0.02751767049,0.05037256687,0.07986048583,0.03202794377,0.01543462387,0.006674311032,0.002796130973,0.01525600716,0.004222285708,0.01184531448,0.02751763377,0.05037245274,0.07986029067,0.0004272420443,0.0001448709366,4.407902189e-05,1.334954189e-05,0.0005173207642,2.905082005e-05,0.0001313014549,0.0004749550041,0.001198667985,0.002504423121,0.0003014408342,0.0001022136816,3.109992755e-05,9.418754596e-06,0.0004782363321,2.905080017e-05,0.0001313015025,0.0004749556379,0.001198670701,0.002504429242,0.01055267172,0.004013595339,0.001369771535,0.0004612227706,0.004440182974,0.0004716058206,0.001364314598,0.003261090185,0.005847428793,0.009082687864,0.0154240881,0.005866391161,0.002002100784,0.0006741381045,0.00483647074,0.0004716061718,0.00136431406,0.00326108545,0.005847414376,0.009082663709,0.0002206419158,5.985099263e-05,1.456793829e-05,3.590577038e-06,0.0001763144674,3.56188558e-06,1.629900717e-05,5.963902707e-05,0.0001453079903,0.0002936463974,0.0001509561984,4.094811588e-05,9.966904442e-06,2.456552862e-06,0.0001618677209,3.561882927e-06,1.62990136e-05,5.963911367e-05,0.0001453083486,0.0002936471783,2.265875437e-07,2.781481065e-08,2.584231864e-09,2.251045776e-10,1.101636473e-05,3.803870661e-09,1.126599489e-07,1.941413752e-06,1.357057434e-05,6.320280786e-05,3.411387755e-10,2.63446071e-11,1.398477051e-12,6.671204992e-14,9.575116615e-07,6.664558672e-12,6.581768836e-10,3.121873339e-08,4.082192517e-07,3.130800018e-06,1.709458773e-09,2.331415021e-10,2.277675128e-11,1.979094846e-12,3.35016528e-06,2.428745992e-10,1.340982971e-08,3.879081287e-07,3.787106077e-06,2.285010062e-05,2.048261512e-09,3.435704566e-10,4.128168826e-11,4.341988741e-12,5.318166619e-06,6.733547642e-10,3.298630865e-08,8.538837809e-07,7.745073486e-06,4.369800935e-05,1.995177543e-09,4.346415685e-10,6.78253746e-11,9.080515284e-12,8.525723006e-06,1.873950957e-09,7.892692811e-08,1.775639459e-06,1.452351427e-05,7.445061791e-05,3.010475295e-10,7.547835481e-11,1.300806689e-11,1.840127453e-12,7.583888052e-06,8.321153335e-10,4.356676675e-08,1.146342077e-06,9.990913917e-06,5.260190985e-05,4.935100628e-13,9.203873839e-14,1.009076051e-14,8.183603542e-16,1.594523124e-06,2.220934627e-12,4.310409405e-10,3.218462988e-08,4.947824608e-07,3.922070855e-06,9.66022559e-12,2.180452679e-12,2.893241333e-13,2.798429345e-14,5.661509719e-06,3.660525315e-11,4.969673023e-09,2.662839947e-07,3.319991227e-06,2.188127101e-05,2.049427544e-10,5.937890944e-11,1.011370921e-11,1.231796146e-12,2.299726129e-05,8.251039343e-10,7.315719901e-08,2.639095973e-06,2.53408283e-05,0.0001323152822,6.379362256e-13,1.186249812e-13,1.152721119e-14,7.533379178e-16,3.221580758e-06,1.08819115e-12,3.135087115e-10,2.960643606e-08,4.669043241e-07,3.509654157e-06
158,0.02259733145,0.01088989804,0.004709056153,0.001972807128,0.01410339079,0.004222282814,0.01184531876,0.02751767048,0.05037256688,0.07986048588,0.03202794376,0.01543462386,0.006674311023,0.002796130968,0.01525600714,0.004222285704,0.01184531447,0.02751763376,0.05037245275,0.07986029072,0.0004272420441,0.0001448709364,4.407902181e-05,1.334954186e-05,0.0005173207632,2.905081999e-05,0.0001313014547,0.0004749550035,0.001198667984,0.00250442312,0.000301440834,0.0001022136815,3.109992749e-05,9.418754571e-06,0.0004782363312,2.905080011e-05,0.0001313015023,0.0004749556373,0.0011986707,0.002504429241,0.01055267172,0.004013595337,0.001369771534,0.0004612227702,0.004440182972,0.0004716058209,0.001364314599,0.00326109019,0.005847428805,0.009082687888,0.0154240881,0.005866391159,0.002002100782,0.0006741381039,0.004836470738,0.0004716061721,0.001364314061,0.003261085455,0.005847414388,0.009082663733,0.0002206419157,5.985099258e-05,1.456793827e-05,3.590577032e-06,0.0001763144672,3.561885578e-06,1.629900717e-05,5.96390271e-05,0.0001453079905,0.0002936463978,0.0001509561984,4.094811585e-05,9.96690443e-06,2.456552857e-06,0.0001618677208,3.561882925e-06,1.62990136e-05,5.96391137e-05,0.0001453083487,0.0002936471787,2.265875434e-07,2.781481056e-08,2.58423185e-09,2.25104576e-10,1.101636468e-05,3.803870638e-09,1.126599483e-07,1.941413744e-06,1.357057429e-05,6.320280768e-05,3.411387749e-10,2.634460697e-11,1.39847704e-12,6.67120492e-14,9.575116561e-07,6.664558604e-12,6.581768777e-10,3.121873314e-08,4.082192487e-07,3.130799996e-06,1.709458776e-09,2.331415018e-10,2.277675119e-11,1.979094834e-12,3.350165267e-06,2.428745976e-10,1.340982963e-08,3.879081266e-07,3.787106057e-06,2.28501005e-05,2.048261523e-09,3.435704576e-10,4.128168828e-11,4.341988732e-12,5.318166609e-06,6.733547626e-10,3.298630857e-08,8.538837788e-07,7.745073466e-06,4.369800923e-05,1.995177563e-09,4.34641572e-10,6.782537498e-11,9.080515314e-12,8.525723011e-06,1.873950962e-09,7.892692826e-08,1.775639461e-06,1.452351428e-05,7.445061793e-05,3.010475343e-10,7.547835584e-11,1.300806704e-11,1.840127469e-12,7.583888075e-06,8.321153401e-10,4.356676704e-08,1.146342084e-06,9.990913963e-06,5.260191003e-05,4.935100764e-13,9.203874072e-14,1.009076074e-14,8.183603711e-16,1.594523136e-06,2.220934673e-12,4.310409483e-10,3.218463038e-08,4.947824677e-07,3.922070902e-06,9.660225905e-12,2.180452747e-12,2.89324142e-13,2.798429425e-14,5.661509782e-06,3.660525426e-11,4.969673155e-09,2.66284001e-07,3.319991297e-06,2.188127143e-05,2.049427618e-10,5.937891153e-11,1.011370956e-11,1.231796188e-12,2.299726161e-05,8.251039648e-10,7.315720142e-08,2.63909605e-06,2.534082899e-05,0.0001323152854,6.379362588e-13,1.186249876e-13,1.152721181e-14,7.533379596e-16,3.221580825e-06,1.088191215e-12,3.13508728e-10,2.960643743e-08,4.66904344e-07,3.509654294e-06
159,0.02259733144,0.01088989804,0.00470905615,0.001972807126,0.01410339078,0.004222282812,0.01184531876,0.02751767048,0.05037256688,0.07986048591,0.03202794375,0.01543462385,0.006674311018,0.002796130965,0.01525600713,0.004222285702,0.01184531447,0.02751763376,0.05037245276,0.07986029075,0.000427242044,0.0001448709363,4.407902176e-05,1.334954184e-05,0.0005173207626,2.905081996e-05,0.0001313014546,0.0004749550032,0.001198667984,0.002504423119,0.0003014408339,0.0001022136814,3.109992745e-05,9.418754556e-06,0.0004782363306,2.905080008e-05,0.0001313015021,0.0004749556369,0.001198670699,0.00250442924,0.01055267172,0.004013595336,0.001369771534,0.00046122277,0.004440182971,0.000471605821,0.0013643146,0.003261090193,0.005847428812,0.009082687902,0.0154240881,0.005866391157,0.002002100782,0.0006741381035,0.004836470736,0.0004716061723,0.001364314062,0.003261085458,0.005847414395,0.009082663747,0.0002206419156,5.985099255e-05,1.456793826e-05,3.590577028e-06,0.0001763144671,3.561885577e-06,1.629900717e-05,5.963902712e-05,0.0001453079905,0.0002936463981,0.0001509561984,4.094811583e-05,9.966904422e-06,2.456552855e-06,0.0001618677207,3.561882924e-06,1.62990136e-05,5.963911372e-05,0.0001453083488,0.000293647179,2.265875432e-07,2.78148105e-08,2.584231842e-09,2.25104575e-10,1.101636466e-05,3.803870624e-09,1.126599479e-07,1.941413739e-06,1.357057426e-05,6.320280757e-05,3.411387745e-10,2.634460689e-11,1.398477033e-12,6.671204876e-14,9.575116528e-07,6.664558564e-12,6.581768741e-10,3.121873299e-08,4.082192469e-07,3.130799984e-06,1.709458778e-09,2.331415017e-10,2.277675113e-11,1.979094826e-12,3.350165259e-06,2.428745967e-10,1.340982958e-08,3.879081253e-07,3.787106045e-06,2.285010043e-05,2.04826153e-09,3.435704582e-10,4.128168828e-11,4.341988726e-12,5.318166603e-06,6.733547615e-10,3.298630852e-08,8.538837776e-07,7.745073454e-06,4.369800916e-05,1.995177576e-09,4.346415741e-10,6.782537521e-11,9.080515333e-12,8.525723015e-06,1.873950965e-09,7.892692835e-08,1.775639462e-06,1.452351429e-05,7.445061794e-05,3.010475372e-10,7.547835646e-11,1.300806712e-11,1.840127479e-12,7.58388809e-06,8.321153442e-10,4.356676722e-08,1.146342087e-06,9.990913991e-06,5.260191014e-05,4.935100847e-13,9.203874212e-14,1.009076088e-14,8.183603813e-16,1.594523143e-06,2.220934701e-12,4.31040953e-10,3.218463068e-08,4.947824718e-07,3.92207093e-06,9.660226096e-12,2.180452789e-12,2.893241473e-13,2.798429474e-14,5.66150982e-06,3.660525494e-11,4.969673236e-09,2.662840047e-07,3.31999134e-06,2.188127168e-05,2.049427663e-10,5.93789128e-11,1.011370977e-11,1.231796213e-12,2.29972618e-05,8.251039833e-10,7.315720287e-08,2.639096097e-06,2.53408294e-05,0.0001323152874,6.379362788e-13,1.186249914e-13,1.152721219e-14,7.533379848e-16,3.221580865e-06,1.088191254e-12,3.13508738e-10,2.960643826e-08,4.669043559e-07,3.509654376e-06
160,0.02259733144,0.01088989804,0.004709056148,0.001972807125,0.01410339077,0.004222282811,0.01184531876,0.02751767048,0.05037256689,0.07986048592,0.03202794375,0.01543462385,0.006674311016,0.002796130964,0.01525600713,0.004222285701,0.01184531447,0.02751763376,0.05037245276,0.07986029076,0.0004272420439,0.0001448709363,4.407902174e-05,1.334954183e-05,0.0005173207624,2.905081995e-05,0.0001313014545,0.0004749550031,0.001198667984,0.002504423119,0.0003014408339,0.0001022136814,3.109992744e-05,9.418754551e-06,0.0004782363305,2.905080006e-05,0.0001313015021,0.0004749556368,0.001198670699,0.00250442924,0.01055267171,0.004013595336,0.001369771534,0.0004612227699,0.004440182971,0.0004716058211,0.001364314601,0.003261090194,0.005847428815,0.009082687907,0.0154240881,0.005866391157,0.002002100781,0.0006741381034,0.004836470736,0.0004716061724,0.001364314063,0.003261085459,0.005847414397,0.009082663752,0.0002206419156,5.985099255e-05,1.456793826e-05,3.590577027e-06,0.000176314467,3.561885577e-06,1.629900717e-05,5.963902712e-05,0.0001453079906,0.0002936463982,0.0001509561984,4.094811582e-05,9.966904419e-06,2.456552854e-06,0.0001618677206,3.561882924e-06,1.62990136e-05,5.963911373e-05,0.0001453083488,0.0002936471791,2.265875432e-07,2.781481048e-08,2.584231839e-09,2.251045747e-10,1.101636465e-05,3.803870619e-09,1.126599478e-07,1.941413737e-06,1.357057425e-05,6.320280753e-05,3.411387743e-10,2.634460686e-11,1.398477031e-12,6.671204861e-14,9.575116517e-07,6.66455855e-12,6.581768729e-10,3.121873294e-08,4.082192462e-07,3.130799979e-06,1.709458778e-09,2.331415016e-10,2.277675112e-11,1.979094824e-12,3.350165257e-06,2.428745964e-10,1.340982956e-08,3.879081249e-07,3.787106041e-06,2.285010041e-05,2.048261532e-09,3.435704584e-10,4.128168829e-11,4.341988724e-12,5.3181666e-06,6.733547612e-10,3.29863085e-08,8.538837771e-07,7.74507345e-06,4.369800913e-05,1.99517758e-09,4.346415748e-10,6.782537529e-11,9.080515339e-12,8.525723016e-06,1.873950966e-09,7.892692838e-08,1.775639463e-06,1.452351429e-05,7.445061794e-05,3.010475382e-10,7.547835666e-11,1.300806715e-11,1.840127483e-12,7.583888094e-06,8.321153455e-10,4.356676727e-08,1.146342089e-06,9.990914001e-06,5.260191018e-05,4.935100874e-13,9.203874259e-14,1.009076093e-14,8.183603848e-16,1.594523146e-06,2.22093471e-12,4.310409546e-10,3.218463078e-08,4.947824732e-07,3.922070939e-06,9.66022616e-12,2.180452803e-12,2.89324149e-13,2.79842949e-14,5.661509833e-06,3.660525516e-11,4.969673263e-09,2.66284006e-07,3.319991354e-06,2.188127176e-05,2.049427678e-10,5.937891322e-11,1.011370984e-11,1.231796221e-12,2.299726186e-05,8.251039894e-10,7.315720336e-08,2.639096112e-06,2.534082954e-05,0.0001323152881,6.379362855e-13,1.186249926e-13,1.152721232e-14,7.533379932e-16,3.221580879e-06,1.088191268e-12,3.135087413e-10,2.960643853e-08,4.6690436e-07,3.509654403e-06
