Step,DF_001,DF_002,DF_003,DF_004,DF_005,DF_006,DF_007,DF_008,DF_009,DF_010,DF_011,DF_012,DF_013,DF_014,DF_015,DF_016,DF_017,DF_018,DF_019,DF_020,DF_021,DF_022,DF_023,DF_024,DF_025,DF_026,DF_027,DF_028,DF_029,DF_030,DF_031,DF_032,DF_033,DF_034,DF_035,DF_036,DF_037,DF_038,DF_039,DF_040,DF_041,DF_042,DF_043,DF_044,DF_045,DF_046,DF_047,DF_048,DF_049,DF_050,DF_051,DF_052,DF_053,DF_054,DF_055,DF_056,DF_057,DF_058,DF_059,DF_060,DF_061,DF_062,DF_063,DF_064,DF_065,DF_066,DF_067,DF_068,DF_069,DF_070,DF_071,DF_072,DF_073,DF_074,DF_075,DF_076,DF_077,DF_078,DF_079,DF_080,DF_081,DF_082,DF_083,DF_084,DF_085,DF_086,DF_087,DF_088,DF_089,DF_090,DF_091,DF_092,DF_093,DF_094,DF_095,DF_096,DF_097,DF_098,DF_099,DF_100,DF_101,DF_102,DF_103,DF_104,DF_105,DF_106,DF_107,DF_108,DF_109,DF_110,DF_111,DF_112,DF_113,DF_114,DF_115,DF_116,DF_117,DF_118,DF_119,DF_120,DF_121,DF_122,DF_123,DF_124,DF_125,DF_126,DF_127,DF_128,DF_129,DF_130,DF_131,DF_132,DF_133,DF_134,DF_135,DF_136,DF_137,DF_138,DF_139,DF_140,DF_141,DF_142,DF_143,DF_144,DF_145,DF_146,DF_147,DF_148,DF_149,DF_150,DF_151,DF_152,DF_153,DF_154,DF_155,DF_156,DF_157,DF_158,DF_159,DF_160,DF_161,DF_162,DF_163,DF_164,DF_165,DF_166,DF_167,DF_168,DF_169,DF_170,DF_171,DF_172,DF_173,DF_174,DF_175,DF_176,DF_177,DF_178,DF_179,DF_180
0,0.06617358153,0.07706488241,0.08053261418,0.07618166372,0.1739297585,0.07676110269,0.1136251675,0.145782919,0.1596195113,0.1533161819,0.07532776013,0.08459207905,0.08524084406,0.07797301632,0.146393466,0.03919837862,0.04975497924,0.0553442733,0.05195647702,0.04332158005,0.001622715491,0.002009181291,0.002232231675,0.002234478901,0.01907316791,0.002237304801,0.004290425496,0.007000721253,0.008958808705,0.009815827014,0.001425515582,0.001830399745,0.002108935619,0.002183143968,0.0226607893,0.004381252226,0.009798020684,0.0184406718,0.02752304909,0.03473846333,0.02976629649,0.02474737712,0.01846192351,0.01279520169,0.04147275007,0.005719924312,0.009124768853,0.01254963027,0.01388257719,0.01299190256,0.03427364175,0.02738883238,0.01963948887,0.01312295545,0.03438001232,0.002752730354,0.003714833526,0.004374034638,0.004092737112,0.003283659619,0.0007772946876,0.0006822918963,0.0005374005719,0.0003915927083,0.004572604061,0.0001589901383,0.000319050969,0.0005430114271,0.0006829097012,0.0007108579656,0.0006750722406,0.0006164897659,0.0005051785368,0.0003818124432,0.005515951059,0.0003303671047,0.0007836868931,0.001557964947,0.00231643186,0.0028125319,6.029881184e-06,1.563382394e-05,3.067870137e-05,4.463802252e-05,0.008636520923,0.0001484079612,0.000584791027,0.001548532753,0.002365994248,0.002592899777,3.133264446e-08,1.738658288e-07,6.631845464e-07,1.636196783e-06,0.004542938315,2.323317059e-05,0.0001418906035,0.0005077358063,0.0008664360076,0.0009835777594,8.962883263e-08,5.933217579e-07,2.813481345e-06,8.802415442e-06,0.009633032762,0.0001849153752,0.0007891461751,0.002118481515,0.003085699445,0.003269627277,6.689465929e-08,5.359687103e-07,3.076087303e-06,1.147848555e-05,0.01239266044,0.0003209890062,0.001201598449,0.002856121799,0.003752950044,0.003684394794,3.583469527e-08,3.654049167e-07,2.669047409e-06,1.244254765e-05,0.01523403146,0.0004944791364,0.00156864348,0.003197303756,0.003650275087,0.003218239348,4.696040734e-09,7.671475065e-08,8.614476259e-07,5.758220978e-06,0.01607096452,0.0003962575245,0.001128814137,0.001989589677,0.001840458978,0.001315470238,3.910973053e-11,1.668925607e-09,4.186660358e-08,5.115259292e-07,0.01259076017,5.159972175e-05,0.000145901324,0.0002146851431,0.0001218520487,4.778443917e-05,9.464976033e-10,3.018334922e-08,5.658403788e-07,5.283487807e-06,0.02334823006,0.0001320279197,0.0002565894184,0.0002665470865,0.0001097397323,3.114674489e-05,1.349281786e-08,3.222706899e-07,4.524989305e-06,3.235718315e-05,0.03607306653,0.0002264532612,0.000326257308,0.000256678354,8.09168477e-05,1.745444122e-05,1.206527749e-09,5.272759228e-08,1.204169899e-06,1.215241624e-05,0.03317438807,4.669092416e-05,4.843616503e-05,2.461741758e-05,3.783795526e-06,3.593607807e-07
1,0.06616433995,0.07705553163,0.08052431804,0.07617510415,0.1739419446,0.07678709322,0.1136724421,0.1458540606,0.159709781,0.1534138186,0.07532482494,0.08459147262,0.08524294345,0.07797722543,0.1464179745,0.03922141439,0.04979090967,0.0553911518,0.05200747963,0.04336946924,0.001622584367,0.002009106408,0.002232245663,0.002234582706,0.01907742214,0.002239105229,0.0042946683,0.007008841713,0.008970852145,0.009830686971,0.001425256863,0.001830122559,0.002108679645,0.002182939562,0.02266363753,0.004383686428,0.009804710074,0.01845543901,0.02754859189,0.03477476792,0.02976191142,0.02474419242,0.0184598916,0.01279401349,0.04147565512,0.005721893642,0.009128629228,0.01255585761,0.01389056047,0.01300031561,0.03427234821,0.02738871057,0.01964005544,0.01312373736,0.03438606285,0.002754424266,0.003717642574,0.004377914162,0.004096944021,0.003287460542,0.0007772340804,0.0006822691138,0.0005374065864,0.000391613207,0.004573653395,0.0001591211577,0.0003193740628,0.0005436564329,0.000683849817,0.0007119599924,0.0006749456357,0.0006163925897,0.0005051140188,0.0003817742244,0.00551663247,0.0003305497819,0.0007842193934,0.001559206624,0.0023185714,0.002815457245,6.028134991e-06,1.563056669e-05,3.067480223e-05,4.463569733e-05,0.008639099007,0.0001486339122,0.0005858852243,0.001551931616,0.00237209542,0.002600535869,3.132043562e-08,1.738170871e-07,6.630711308e-07,1.636082099e-06,0.004544590907,2.328104901e-05,0.0001422499799,0.0005092444157,0.000869478516,0.0009875465657,8.96156004e-08,5.932918843e-07,2.813613419e-06,8.803619267e-06,0.009637121762,0.000185292038,0.0007910842506,0.002124508833,0.00309596059,0.003282015007,6.689222252e-08,5.360013332e-07,3.07657385e-06,1.148133219e-05,0.01239852703,0.0003216801036,0.001204689008,0.002864579579,0.003765883509,0.003698817331,3.583842431e-08,3.654784981e-07,2.669844617e-06,1.24473819e-05,0.01524218446,0.000495616275,0.001572908218,0.003207241103,0.003663411901,0.003231348446,4.697257302e-09,7.674301568e-08,8.618592567e-07,5.761553978e-06,0.01608121631,0.0003973431376,0.001132439853,0.001996853141,0.00184822571,0.001321750828,3.914269323e-11,1.670591089e-09,4.191487876e-08,5.121890171e-07,0.01260298625,5.182766972e-05,0.000146644459,0.0002159134284,0.0001226576371,4.814273745e-05,9.47678248e-10,3.022568301e-08,5.66721817e-07,5.292475177e-06,0.02337440745,0.0001326675657,0.0002580060096,0.0002681860938,0.0001105145992,3.139503893e-05,1.351408948e-08,3.228287776e-07,4.533527878e-06,3.242287817e-05,0.0361179158,0.0002276290754,0.0003281719827,0.0002583459939,8.151780623e-05,1.760030828e-05,1.209357142e-09,5.286124815e-08,1.207450829e-06,1.218765674e-05,0.03322562327,4.700955873e-05,4.880700066e-05,2.482492289e-05,3.820302407e-06,3.632727785e-07
2,0.06613680161,0.07702765829,0.0804995772,0.07615553083,0.1739781646,0.07686445604,0.1138131802,0.1460658818,0.1599785969,0.153704614,0.07531605283,0.08458962634,0.08524915036,0.07798971602,0.1464909263,0.03929005495,0.04989800161,0.05553090954,0.05215957314,0.0435123134,0.001622192958,0.002008882036,0.002232285593,0.002234889964,0.01909008545,0.002244472048,0.004307320129,0.007033064743,0.009006790437,0.00987504484,0.001424485881,0.001829296165,0.002107915981,0.002182329162,0.02267210751,0.004390936161,0.009824637981,0.01849944134,0.02762472179,0.03488299832,0.02974884508,0.02473469973,0.01845383243,0.01279046833,0.041484289,0.005727755425,0.009140121573,0.01257439911,0.01391433388,0.01302537243,0.0342684813,0.02738833427,0.01964173191,0.01312605822,0.03440407334,0.002759471999,0.003726015676,0.004389481104,0.004109490586,0.003298799226,0.0007770531407,0.0006822007942,0.0005374240765,0.0003916739211,0.00457677698,0.0001595117267,0.0003203375668,0.000545580586,0.0006866553813,0.0007152498778,0.0006745683679,0.0006161028866,0.0005049215566,0.0003816601145,0.005518658708,0.0003310938317,0.0007858056862,0.001562906382,0.002324948077,0.002824177951,6.022930079e-06,1.562084754e-05,3.066314234e-05,4.462869124e-05,0.008646772049,0.000149308299,0.0005891532915,0.001562089613,0.002390343561,0.002623391445,3.12840517e-08,1.736716701e-07,6.627320055e-07,1.635736556e-06,0.004549510085,2.342410259e-05,0.0001433247493,0.0005137600669,0.0008785952813,0.0009994513006,8.95760478e-08,5.93201743e-07,2.814000499e-06,8.807183735e-06,0.009649296708,0.0001864174433,0.0007968796714,0.002142546142,0.003126697192,0.003319155685,6.688483039e-08,5.360972834e-07,3.078015575e-06,1.148978261e-05,0.01241599683,0.0003237454582,0.001213932812,0.002889896077,0.003804634126,0.003742069486,3.584944694e-08,3.656967631e-07,2.672212572e-06,1.246175161e-05,0.01526646638,0.0004990156111,0.001585667666,0.003236994987,0.003702783659,0.003270674042,4.700866787e-09,7.682698046e-08,8.630830007e-07,5.771467927e-06,0.01611175393,0.0004005911618,0.001143297728,0.002018623862,0.001871531161,0.001340617561,3.924079559e-11,1.675550518e-09,4.205870011e-08,5.14165289e-07,0.0126394304,5.251193596e-05,0.0001488782301,0.0002196100949,0.0001250864229,4.922487613e-05,9.511965733e-10,3.035189089e-08,5.693506556e-07,5.319288949e-06,0.0234524636,0.000134589315,0.0002622677127,0.000273123055,0.0001128528426,3.214564353e-05,1.357753382e-08,3.244939527e-07,4.559013934e-06,3.261903069e-05,0.03625168254,0.0002311641189,0.0003339360988,0.0002633726625,8.333257577e-05,1.804160728e-05,1.217810126e-09,5.326072347e-08,1.217261097e-06,1.229306915e-05,0.03337853004,4.797062269e-05,4.99273552e-05,2.545278893e-05,3.93103068e-06,3.751672085e-07
3,0.06609121979,0.0769814905,0.08045856107,0.07612304462,0.1740378138,0.07699223019,0.1140456972,0.1464159364,0.1604229764,0.1541854628,0.07530144875,0.08458644167,0.08525926359,0.07801022041,0.1466114166,0.03940366284,0.05007534491,0.05576246111,0.05241169648,0.04374921983,0.001621542853,0.002008506607,0.002232345939,0.002235391779,0.01911100145,0.002253361356,0.004328291155,0.007073242684,0.009066443433,0.009948722485,0.001423209605,0.001827926902,0.002106648996,0.002181314541,0.02268607036,0.00440292358,0.009857605244,0.01857226942,0.02775078729,0.03506230251,0.02972721898,0.02471897799,0.01844378865,0.01278458555,0.04149850548,0.005737436606,0.009159107947,0.01260504013,0.01395363319,0.01306680515,0.03426204018,0.02738766763,0.01964446813,0.01312986988,0.03443382203,0.002767827616,0.003739883545,0.00440864862,0.004130292988,0.003317608552,0.0007767525304,0.0006820862943,0.0005374516083,0.0003917732061,0.004581936502,0.0001601587056,0.000321934802,0.0005487725268,0.0006913129429,0.0007207152076,0.0006739438877,0.0006156229266,0.0005046023038,0.0003814705031,0.0055219986,0.0003319933709,0.0007884297914,0.001569029496,0.002335506768,0.002838624581,6.014309782e-06,1.560471741e-05,3.064370805e-05,4.461684086e-05,0.008659442314,0.0001504281424,0.0005945874917,0.001579002065,0.002420771558,0.002661557134,3.122381712e-08,1.734304016e-07,6.621668625e-07,1.635152133e-06,0.004557635065,2.36621524e-05,0.0001451165576,0.0005213013663,0.0008938530094,0.001019416021,8.951017744e-08,5.93048858e-07,2.81461994e-06,8.813009064e-06,0.009669417346,0.0001882901641,0.000806539278,0.002172655922,0.003178102708,0.003381384768,6.687216526e-08,5.362519637e-07,3.080375325e-06,1.150366442e-05,0.01244487478,0.00032718385,0.001229347066,0.002932176284,0.00386947341,0.003814574082,3.586739865e-08,3.660547686e-07,2.676107086e-06,1.248541966e-05,0.01530661657,0.0005046780509,0.001606956555,0.003286714499,0.003768701708,0.003336637554,4.706789706e-09,7.696510391e-08,8.650991862e-07,5.787818855e-06,0.01616226407,0.0004060105409,0.001161447966,0.002055079107,0.001910643795,0.001372349959,3.940277546e-11,1.68374801e-09,4.229665028e-08,5.174376362e-07,0.01269979414,5.366120681e-05,0.000152639977,0.0002258507858,0.000129201039,5.106452515e-05,9.570207126e-10,3.056098649e-08,5.737094426e-07,5.363779104e-06,0.0235818335,0.0001378224467,0.0002694566326,0.0002814716189,0.0001168210706,3.342405342e-05,1.368273849e-08,3.27257264e-07,4.601338262e-06,3.294499301e-05,0.03647350042,0.0002371195702,0.0003436726812,0.0002718845483,8.641684358e-05,1.879435269e-05,1.231873502e-09,5.39258995e-08,1.233610005e-06,1.246887317e-05,0.03363239433,4.960012922e-05,5.183315357e-05,2.65240744e-05,4.120863724e-06,3.956581632e-07
4,0.06602781462,0.07691720534,0.08040137338,0.07607767385,0.1741201622,0.07716939198,0.1143682335,0.1469017192,0.1610399366,0.154853334,0.07528096016,0.08458174625,0.08527300004,0.07803839118,0.1467784837,0.03956167968,0.05032220558,0.05608501531,0.05276318455,0.04407973348,0.001620633928,0.002007976032,0.002232418022,0.002236075851,0.01914000418,0.002265739138,0.004357523461,0.007129304378,0.009149769282,0.01005174081,0.001421434003,0.001826019343,0.0021048805,0.002179894366,0.0227053758,0.004419572503,0.009903426429,0.01867356306,0.02792625725,0.035312046,0.02969713969,0.02469708958,0.01842978758,0.01277637198,0.04151812732,0.005750859219,0.009185444004,0.01264756057,0.01400819383,0.01312435206,0.0342529968,0.02738665,0.01964819442,0.01313511035,0.03447507408,0.002779451584,0.003759191843,0.004435356101,0.004159302425,0.003343858529,0.0007763320738,0.0006819241013,0.0005374869801,0.0003919088164,0.004589091457,0.0001610597091,0.0003241616218,0.0005532272082,0.0006978202407,0.0007283588452,0.0006730751815,0.0006149543889,0.0005041568024,0.0003812052346,0.005526615634,0.0003332426147,0.0007920767414,0.001577545176,0.002350202076,0.002858744718,6.002308493e-06,1.558219201e-05,3.06163972e-05,4.459983348e-05,0.00867700435,0.0001519933077,0.0006021981863,0.001602733163,0.002463563245,0.002715345615,3.114000743e-08,1.730936191e-07,6.613728812e-07,1.634313477e-06,0.004568901256,2.399591557e-05,0.0001476357478,0.0005319312619,0.0009154276753,0.001047732933,8.941772219e-08,5.928286005e-07,2.815437708e-06,8.820958002e-06,0.009697340356,0.0001909158145,0.000820115486,0.002215069891,0.003250717674,0.003469526747,6.685366197e-08,5.364585845e-07,3.083602775e-06,1.152275611e-05,0.01248496528,0.0003320078956,0.001251025832,0.002991774324,0.003961129261,0.003917345683,3.589176442e-08,3.665459998e-07,2.681472765e-06,1.251810008e-05,0.01536238004,0.0005126291845,0.001636923016,0.003356858852,0.003861965362,0.00343022409,4.714921922e-09,7.715546191e-08,8.678842845e-07,5.810441086e-06,0.01623244939,0.0004136391413,0.001187067822,0.002106669391,0.001966179108,0.001417552319,3.962725363e-11,1.69512671e-09,4.262741106e-08,5.219918037e-07,0.01278384504,5.529492129e-05,0.0001580085254,0.0002347898373,0.0001351254112,5.372705004e-05,9.65122991e-10,3.085223282e-08,5.797878847e-07,5.425886508e-06,0.02376214048,0.0001424298956,0.0002797418748,0.0002934598281,0.0001225496715,3.527940934e-05,1.382946945e-08,3.311156376e-07,4.660499453e-06,3.340107159e-05,0.03678289034,0.0002456237608,0.000357631181,0.0002841321152,9.08788521e-05,1.988926659e-05,1.25158462e-09,5.485937761e-08,1.256581713e-06,1.271617233e-05,0.0339871205,5.19492717e-05,5.459395928e-05,2.808298013e-05,4.399070991e-06,4.259054005e-07
5,0.0659467756,0.07683493257,0.08032805669,0.0760193792,0.1742243615,0.07739485516,0.114778951,0.1475206577,0.1618264783,0.1557052479,0.07525448064,0.08457529833,0.08528999943,0.07807380552,0.146991111,0.03976362034,0.05063801429,0.05649805754,0.05321374646,0.04450381473,0.00161946446,0.00200728386,0.002232490201,0.002236926672,0.01917691836,0.002281580617,0.004394989204,0.007201251214,0.009256858093,0.01018431162,0.001419164127,0.001823576424,0.002102609926,0.002178064408,0.02272985307,0.004440807952,0.009961927964,0.018803006,0.02815071001,0.03563179418,0.02965870004,0.02466908149,0.01841184224,0.01276582284,0.04154294786,0.005767940402,0.009218978752,0.01270173403,0.01407774942,0.01319775558,0.0342412976,0.02738519742,0.01965282268,0.01314170453,0.034527582,0.00279431032,0.003783900241,0.004469567658,0.004196503259,0.00337755448,0.0007757908132,0.0006817118872,0.0005375272666,0.0003920779384,0.004598199199,0.0001622130583,0.0003270162703,0.0005589455783,0.0007061857058,0.0007381983292,0.0006719648097,0.0006140984064,0.0005035850265,0.000380863646,0.005532468203,0.0003348358434,0.0007967324336,0.001588426134,0.002368997423,0.002884501547,5.986952494e-06,1.555325459e-05,3.058102538e-05,4.45772166e-05,0.008699345123,0.00015400637,0.0006120131707,0.001633414064,0.002519050775,0.002785289871,3.103285493e-08,1.726612161e-07,6.603449148e-07,1.63319838e-06,0.004583240251,2.442697719e-05,0.0001509011986,0.0005457567243,0.0009436052463,0.001084865721,8.929816466e-08,5.925343265e-07,2.816409022e-06,8.830857657e-06,0.009732918991,0.0001943068358,0.0008377053997,0.002270187413,0.003345430661,0.003584902165,6.682852332e-08,5.367082837e-07,3.08763505e-06,1.154678898e-05,0.01253607136,0.0003382436686,0.001279138773,0.003069291853,0.0040807886,0.004052000927,3.592188641e-08,3.671624378e-07,2.688243377e-06,1.255945913e-05,0.01543350604,0.0005229187063,0.001675827143,0.003448196517,0.003983866586,0.003552994513,4.725135577e-09,7.739575732e-08,8.714109494e-07,5.839146978e-06,0.01632202602,0.0004235433707,0.001220451482,0.002174121243,0.00203910808,0.001477166072,3.991272095e-11,1.709627889e-09,4.304973174e-08,5.278158988e-07,0.01289141134,5.744358593e-05,0.0001651060902,0.0002466650931,0.000143049823,5.731280184e-05,9.75479082e-10,3.122510879e-08,5.875820997e-07,5.505634961e-06,0.02399318277,0.0001485095923,0.0002933844447,0.0003094383008,0.0001302387701,3.778721784e-05,1.401765288e-08,3.360713807e-07,4.736596138e-06,3.398846713e-05,0.03717973539,0.0002568754197,0.0003761956627,0.0003005000313,9.688476522e-05,2.137360421e-05,1.277028692e-09,5.606635883e-08,1.286332523e-06,1.303692788e-05,0.03444319883,5.509663304e-05,5.831659236e-05,3.019750923e-05,4.779985157e-06,4.677142593e-07
6,0.0658482643,0.0767347585,0.08023859713,0.07594805876,0.1743494512,0.07766747006,0.1152759286,0.1482700993,0.162779564,0.1567382473,0.07522185354,0.08456679115,0.08530982881,0.07811596937,0.1472482283,0.04000906693,0.05102235468,0.05700133229,0.05376344462,0.04502181864,0.001618031241,0.002006421439,0.002232548048,0.002237925707,0.01922155955,0.002300869603,0.004440688812,0.007289153409,0.009387926253,0.0103468308,0.001416404193,0.001820599582,0.00209983452,0.002175817755,0.02275931194,0.004466555576,0.01003294595,0.01896031998,0.02842382129,0.0360212931,0.02961198034,0.02463498662,0.01838995247,0.01275292258,0.04157273259,0.005788592326,0.009259554121,0.01276732677,0.01416202975,0.01328675972,0.03422686521,0.02738320405,0.01965824748,0.01314956497,0.03459108597,0.002812375724,0.003813981462,0.00451127063,0.004241911259,0.003418735379,0.0007751270657,0.0006814465625,0.0005375688635,0.0003922772226,0.004609214965,0.0001636177317,0.0003304992435,0.000565934285,0.0007164280225,0.0007502653762,0.0006706149478,0.0006130556132,0.0005028864276,0.0003804446051,0.005539509842,0.0003367673594,0.0008023834576,0.001601648081,0.002391864032,0.002915872295,5.968260877e-06,1.551785896e-05,3.053733234e-05,4.454840759e-05,0.008726344041,0.0001564724924,0.0006240771454,0.001671241712,0.002587714131,0.002872145363,3.090255498e-08,1.721326878e-07,6.590756866e-07,1.631778271e-06,0.004600579729,2.495777049e-05,0.0001549402812,0.0005629292227,0.0009787849362,0.001131457647,8.915075751e-08,5.921575153e-07,2.817478972e-06,8.842501182e-06,0.009776002552,0.0001984823493,0.0008594505397,0.002338576791,0.003463486754,0.003729347495,6.679573566e-08,5.369902437e-07,3.092397286e-06,1.157544869e-05,0.01259799373,0.00034593047,0.001313930998,0.003165580961,0.004230110448,0.004220785184,3.595697135e-08,3.678946191e-07,2.696342132e-06,1.260911577e-05,0.0155197462,0.0005356201315,0.001724041357,0.003561810447,0.004136206575,0.003707113964,4.737279868e-09,7.768332599e-08,8.756479972e-07,5.873726177e-06,0.01643072048,0.0004358182507,0.001262012316,0.002258446694,0.00213077618,0.001552493937,4.025751921e-11,1.727189742e-09,4.356238898e-08,5.348997928e-07,0.01302237593,6.014943867e-05,0.0001741018313,0.0002618064117,0.0001532395087,6.19625884e-05,9.880669682e-10,3.167926938e-08,5.970937571e-07,5.603122323e-06,0.02427491926,0.0001561970499,0.0003107460299,0.0003298943567,0.0001401682145,4.105384674e-05,1.424735434e-08,3.4213163e-07,4.829818657e-06,3.470921242e-05,0.03766425516,0.0002711496653,0.0003998991406,0.0003215240784,0.0001046676027,2.331416084e-05,1.308336133e-09,5.755453337e-08,1.323088637e-06,1.343394043e-05,0.03500167429,5.91519116e-05,6.315113225e-05,3.296384657e-05,5.284112395e-06,5.236998001e-07
7,0.06573241712,0.07661672988,0.08013292923,0.07586355304,0.1744943647,0.07798602171,0.1158571547,0.1491472962,0.1638960917,0.1579493627,0.07518287561,0.08455585725,0.08533198704,0.07816432146,0.1475487129,0.04029766243,0.05147495135,0.05759482579,0.05441267439,0.0456344753,0.0016163297,0.00200537807,0.002232574537,0.002239051567,0.01927373415,0.002323597821,0.004494649208,0.007393146459,0.00954331129,0.01053987246,0.00141315768,0.001817088903,0.002096549531,0.002173145038,0.02279354343,0.004496740982,0.01011632367,0.01914525809,0.02874535097,0.03648044877,0.02955704964,0.0245948251,0.01836410612,0.01273764579,0.04160722059,0.005812722042,0.00930700436,0.01284409622,0.01426075845,0.01339110694,0.03420960023,0.02738054362,0.01966434711,0.01315859251,0.034665314,0.002833624693,0.003849420322,0.004560474115,0.004295571903,0.003467472308,0.000774338481,0.0006811243308,0.000537607531,0.0003925028138,0.004622091873,0.0001652733167,0.0003346131542,0.0005742053961,0.0007285757379,0.0007646054723,0.0006690274298,0.0006118261936,0.0005020599817,0.0003799465491,0.005547689432,0.0003390314368,0.0008090168971,0.001617189171,0.002418779814,0.00295284655,5.946246535e-06,1.547593255e-05,3.04849887e-05,4.451270346e-05,0.008757872885,0.0001593993128,0.0006384513005,0.001716478284,0.002670182551,0.002976895833,3.074927299e-08,1.715071807e-07,6.575559954e-07,1.630018715e-06,0.004620843301,2.559156418e-05,0.000159788924,0.0005836459358,0.001021484897,0.001188344422,8.897454458e-08,5.916879108e-07,2.818583132e-06,8.855649368e-06,0.009826435702,0.0002034680694,0.0008855371229,0.002420979235,0.003606503235,0.003905247638,6.675408473e-08,5.372918045e-07,3.097803149e-06,1.160837655e-05,0.01267052954,0.0003551207265,0.00135572394,0.003281751331,0.00441124905,0.004426615323,3.599609748e-08,3.687316878e-07,2.705681883e-06,1.266664168e-05,0.01562085247,0.0005508307768,0.001782052433,0.003699109017,0.004321323893,0.003895396784,4.751181694e-09,7.801513966e-08,8.805603374e-07,5.91394446e-06,0.01655826625,0.0004505879034,0.00131228737,0.002360959268,0.002242932939,0.001645236224,4.065981658e-11,1.747745902e-09,4.416413894e-08,5.432344212e-07,0.01317666992,6.346746642e-05,0.0001852171367,0.0002806481531,0.0001660471938,6.786566967e-05,1.002865716e-09,3.221449963e-08,6.083291015e-07,5.718510616e-06,0.02460745464,0.0001656692419,0.0003323019271,0.000355472667,0.0001527121516,4.522311067e-05,1.451875522e-08,3.49307739e-07,4.940440002e-06,3.556610646e-05,0.03823697916,0.0002888068865,0.0004294445852,0.0003479158341,0.0001145402926,2.580168833e-05,1.345679825e-09,5.9333974e-08,1.367144229e-06,1.391083721e-05,0.03566411608,6.426135724e-05,6.929969636e-05,3.651279491e-05,5.939782021e-06,5.975339935e-07
8,0.06559934816,0.07648085807,0.08001094084,0.07576565025,0.1746579346,0.07834922712,0.1165205184,0.1501493864,0.165172865,0.1593355735,0.07513730067,0.08454207284,0.08535590915,0.0782182372,0.1478913909,0.04062910407,0.05199565773,0.05827874842,0.05516214405,0.04634287101,0.001614354024,0.00200414117,0.002232550216,0.002240280186,0.01933323941,0.002349764225,0.004556922029,0.0075134277,0.009723467146,0.01076418408,0.001409427418,0.001813043272,0.002092748411,0.00217003465,0.02283232068,0.004531288967,0.01021190885,0.01935759758,0.02911512875,0.03700930492,0.02949396709,0.02454860561,0.01833428017,0.0127199581,0.04164612599,0.005840231275,0.009361155281,0.01293178934,0.01437365016,0.01351053477,0.03418938289,0.02737707092,0.01967098457,0.01316867696,0.03474998213,0.002858038612,0.003890212749,0.004617207501,0.004357558748,0.003523866998,0.0007734220997,0.0006807407433,0.0005376384362,0.0003927503813,0.004636780904,0.0001671799587,0.0003393625965,0.0005837761321,0.0007426669086,0.0007812775374,0.0006672037933,0.000610409933,0.0005011042372,0.0003793675255,0.005556951397,0.0003416222647,0.0008166201098,0.00163502939,0.00244972815,0.002995424442,5.920917209e-06,1.542737972e-05,3.042360284e-05,4.446929091e-05,0.008793795665,0.0001627968363,0.0006552129898,0.001769451183,0.002767237705,0.003100762502,3.057315186e-08,1.707835444e-07,6.557749303e-07,1.627879933e-06,0.004643950294,2.633245574e-05,0.0001654917732,0.0006081516555,0.001072350301,0.001256571891,8.876838283e-08,5.911136651e-07,2.819648167e-06,8.870032168e-06,0.009884057661,0.0002092962652,0.000916196838,0.002518315344,0.003776492259,0.00411558112,6.670217164e-08,5.375985776e-07,3.103755332e-06,1.164517064e-05,0.01275347094,0.0003658800023,0.001404917139,0.003419181363,0.00462688687,0.004673138851,3.603822146e-08,3.696614443e-07,2.716165274e-06,1.273156083e-05,0.01573657469,0.0005686719738,0.001850465049,0.003861842436,0.004542134076,0.004121368257,4.766646209e-09,7.838780632e-08,8.861088647e-07,5.959542238e-06,0.01670439984,0.0004680064175,0.001371943985,0.00248329644,0.002377772417,0.001757540094,4.111757826e-11,1.771223715e-09,4.485366203e-08,5.528109823e-07,0.01335426578,6.746679163e-05,0.0001987327829,0.0003037461224,0.0001819302383,7.52708058e-05,1.01985407e-09,3.28306623e-08,6.212978515e-07,5.852014936e-06,0.02499102348,0.0001771498616,0.0003586585678,0.0003870033603,0.0001683590557,5.048543016e-05,1.483212616e-08,3.57614594e-07,5.068805817e-06,3.656264267e-05,0.0388987191,0.0003103047756,0.0004657334546,0.0003805963735,0.0001269136907,2.895707154e-05,1.389272175e-09,6.141702589e-08,1.418859613e-06,1.447206276e-05,0.03643258715,7.061522081e-05,7.702859615e-05,4.101878514e-05,6.7854992e-06,6.943052772e-07
9,0.06544915223,0.07632712313,0.07987247817,0.07565409147,0.1748388982,0.0787557319,0.1172637992,0.151273373,0.1666065585,0.160893765,0.07508484322,0.084524962,0.08538097065,0.07827703244,0.1482750368,0.04100313649,0.05258444349,0.05905351706,0.05601285495,0.04714843002,0.001612097278,0.002002696429,0.002232453388,0.002241584986,0.01939986324,0.002379374292,0.004627581831,0.007650252931,0.009928959736,0.01102068221,0.001405215695,0.001808460522,0.002088423019,0.002166472978,0.02287539958,0.004570122674,0.01031955063,0.01959713194,0.02953303868,0.03760801906,0.0294227833,0.02449632679,0.01830044197,0.01269981709,0.04168913924,0.005871016147,0.009421823385,0.01303014072,0.01450040748,0.01364477192,0.03416607478,0.02737262316,0.01967800867,0.01317969778,0.03484479437,0.002885602835,0.003936364785,0.004681518997,0.004427971806,0.003588050435,0.0007723744127,0.0006802907534,0.0005376561967,0.0003930151487,0.004653230864,0.0001693383096,0.0003447540115,0.0005946686061,0.0007587487757,0.0008003536489,0.0006651453266,0.0006088062699,0.0005000173642,0.0003787052319,0.005567235878,0.0003445338831,0.0008251804861,0.001655149883,0.002484696585,0.003043614685,5.892276587e-06,1.537208512e-05,3.035272798e-05,4.441725647e-05,0.008833968412,0.0001666773304,0.0006744554704,0.001830553467,0.002879818392,0.003245216454,3.037431995e-08,1.699603863e-07,6.537200933e-07,1.625317332e-06,0.004669815484,2.718536927e-05,0.0001721024371,0.0006367413384,0.001132163805,0.001337418772,8.853096497e-08,5.90421486e-07,2.820592452e-06,8.885350204e-06,0.009948701285,0.0002160057639,0.0009517080604,0.00263169391,0.003975890421,0.004363978318,6.663842938e-08,5.378945597e-07,3.110146034e-06,1.168538682e-05,0.0128466035,0.0003782871039,0.001461990871,0.003579533103,0.004880277404,0.004964809993,3.608218514e-08,3.706703906e-07,2.727684846e-06,1.280334886e-05,0.01586665795,0.0005892894828,0.001930006741,0.004052124428,0.004802180818,0.004389343978,4.783457332e-09,7.879756909e-08,8.922503217e-07,6.010232796e-06,0.01686885654,0.0004882590595,0.001441788505,0.002627448608,0.002537985168,0.001892062988,4.162853326e-11,1.797542279e-09,4.562950065e-08,5.63620036e-07,0.01355516986,7.223245351e-05,0.0002149981852,0.0003317996503,0.0002014733089,8.45011056e-05,1.039008874e-09,3.352763905e-08,6.360119639e-07,6.003891046e-06,0.02542597347,0.0001909160986,0.00039057629,0.000425538901,0.0001877384303,5.709025148e-05,1.518779724e-08,3.670698474e-07,5.215323224e-06,3.770292897e-05,0.03965053968,0.0003362138943,0.0005099029605,0.0004207407536,0.0001423207664,3.293976533e-05,1.439361818e-09,6.381818465e-08,1.478659287e-06,1.51228702e-05,0.03730961284,7.84576435e-05,8.668472326e-05,4.671220138e-05,7.873239593e-06,8.210342387e-07
10,0.06528190781,0.0761554781,0.07971735081,0.07552857601,0.1750359028,0.07920410623,0.1180846555,0.1525161006,0.1681936816,0.162620681,0.07502518215,0.08450400099,0.08540649177,0.07833996721,0.1486983743,0.04141954464,0.05324138168,0.05991973696,0.05696608147,0.04805289643,0.001609551527,0.002001027973,0.002232260286,0.002242937052,0.01947338415,0.002412439289,0.004706724258,0.007803933025,0.01016046266,0.01131044871,0.001400524349,0.001803337596,0.002083563821,0.002162444632,0.02292251945,0.004613162684,0.01043909634,0.01986366254,0.02999900252,0.03827683676,0.02934354171,0.02443797863,0.01826255041,0.01267717324,0.04173592846,0.005904966866,0.00948881488,0.01313887042,0.01464071754,0.01379353406,0.03413952061,0.02736702142,0.01968525493,0.01319152462,0.03494944279,0.002916306145,0.003987891563,0.004753474135,0.004506935936,0.003660181507,0.0007711914208,0.0006797687714,0.0005376549225,0.0003932919227,0.004671388337,0.000171749475,0.0003507955492,0.0006069095639,0.0007768774563,0.0008219188058,0.0006628531162,0.0006070143496,0.0004987972045,0.0003779570582,0.005578478908,0.0003477601146,0.00083468519,0.001677532241,0.002523675411,0.003097432469,5.860325436e-06,1.53099172e-05,3.027186951e-05,4.435559701e-05,0.008878238914,0.0001710552186,0.0006962876812,0.001900244621,0.0030090266,0.003411994001,3.01528992e-08,1.690361279e-07,6.513778314e-07,1.622282059e-06,0.004698348801,2.815605685e-05,0.0001796838046,0.0006697632699,0.001201858411,0.001432424703,8.826084281e-08,5.895967883e-07,2.821326697e-06,8.901276279e-06,0.01002019204,0.0002236419847,0.0009923974501,0.002762422925,0.004207595194,0.004654793246,6.656113962e-08,5.381622483e-07,3.116857444e-06,1.172853968e-05,0.01294970446,0.0003924342607,0.001527509512,0.003764770762,0.005175297906,0.005306983593,3.612672249e-08,3.717437756e-07,2.740123128e-06,1.288143224e-05,0.01601083976,0.0006128540751,0.002021534151,0.004272459037,0.005105699006,0.004704527992,4.801378246e-09,7.924030417e-08,8.989371439e-07,6.065700337e-06,0.01705136582,0.0005115637997,0.001522776984,0.002795794719,0.002726822522,0.002052051851,4.219013784e-11,1.826610299e-09,4.648999045e-08,5.756505052e-07,0.01377941451,7.786761865e-05,0.0002344430228,0.0003656797093,0.0002254178175,9.597369194e-05,1.060303317e-09,3.430526499e-08,6.52484252e-07,6.174421424e-06,0.02591274743,0.0002073071145,0.0004289982105,0.0004724014844,0.0002116558285,6.536267081e-05,1.558612465e-08,3.776930564e-07,5.38044819e-06,3.899159704e-05,0.04049372746,0.0003672372746,0.0005633736711,0.0004698356238,0.000161448583,3.795918517e-05,1.496229788e-09,6.655395332e-08,1.547029587e-06,1.586931005e-05,0.03829814802,8.809955857e-05,9.871732857e-05,5.389604782e-05,9.273026426e-06,9.874095644e-07
11,0.06509768008,0.07596585318,0.07954533689,0.07538876671,0.175247511,0.07969284053,0.1189806117,0.1538742302,0.1699305382,0.1645128735,0.07495796437,0.08447862244,0.0854317417,0.07840624936,0.1491600761,0.04187814638,0.05396663548,0.06087818324,0.05802335066,0.04905831594,0.001606707964,0.001999118525,0.002231945256,0.002244305292,0.01955357096,0.002448975522,0.004794464153,0.007974830474,0.01041875294,0.01163472717,0.001395354876,0.0017976707,0.002078160105,0.002157932683,0.02297340369,0.004660326032,0.01057038803,0.0201569895,0.03051296201,0.0390160641,0.02925628003,0.0243735439,0.01822055718,0.01265197086,0.04178614072,0.005941967383,0.009561924615,0.01325768175,0.01479424839,0.01395651935,0.0341095499,0.02736007206,0.01969254663,0.01320401806,0.03506360738,0.002950140198,0.004044816253,0.004833154244,0.004594599212,0.003740445641,0.0007698686954,0.00067916872,0.0005376282592,0.000393575122,0.004691197622,0.0001744149591,0.000357496928,0.0006205301217,0.0007971176398,0.0008460707188,0.0006603280958,0.0006050330781,0.0004974413224,0.0003771201276,0.005590612566,0.0003512944907,0.000845120881,0.001702157733,0.002566656157,0.003156897198,5.825062761e-06,1.524073175e-05,3.01804925e-05,4.428323052e-05,0.008926446415,0.0001759469705,0.000720834034,0.001979051572,0.003156134701,0.003603114823,2.990901359e-08,1.680090632e-07,6.487334756e-07,1.618721576e-06,0.004729454988,2.925110178e-05,0.0001883084245,0.0007076227993,0.001282532761,0.001543423969,8.795645129e-08,5.886238501e-07,2.821754599e-06,8.917456954e-06,0.01009834693,0.0002322569942,0.001038641874,0.002912022624,0.004475008223,0.004993189595,6.646845016e-08,5.383827629e-07,3.123762246e-06,1.177410349e-05,0.01306254088,0.0004084273609,0.001602125556,0.003977182662,0.005516512166,0.005706027979,3.617046679e-08,3.72865642e-07,2.753352719e-06,1.296518736e-05,0.01616884697,0.0006395622494,0.002126040446,0.004525772388,0.005457689981,0.00507313117,4.820151935e-09,7.971151892e-08,9.061172957e-07,6.125597907e-06,0.01725164644,0.0005381731146,0.001616027864,0.002991144743,0.002948174235,0.002241440155,4.279953668e-11,1.858323768e-09,4.743318562e-08,5.888885793e-07,0.01402704952,8.449626406e-05,0.0002575915945,0.0004064642014,0.0002546997289,0.0001102255355,1.083705019e-09,3.516325651e-08,6.707268471e-07,6.363899607e-06,0.02645186407,0.0002267344409,0.0004750862738,0.000529243188,0.0002411383508,7.572553399e-05,1.602745346e-08,3.895047129e-07,5.564671181e-06,4.043369813e-05,0.0414297575,0.0004042346864,0.0006279094866,0.000529753002,0.0001851802352,4.428999532e-05,1.560184991e-09,6.964266795e-08,1.624515672e-06,1.671821336e-05,0.03940154149,9.993535254e-05,0.0001137067473,6.296835832e-05,1.107926984e-05,1.206837603e-06
12,0.06489652404,0.07575816008,0.07935618821,0.07523429535,0.1754722053,0.08022034065,0.1199490454,0.1553442135,0.1718131852,0.1665666494,0.07488280845,0.08444821964,0.08545594276,0.07847503825,0.1496587639,0.04237878485,0.05476044437,0.06192978167,0.05918642113,0.05016701715,0.001603557036,0.001996949566,0.002231480928,0.002245656613,0.01964018258,0.002489003542,0.004890933589,0.008163355789,0.01070470662,0.01199491939,0.001389708531,0.001791455469,0.002072200186,0.002152918898,0.02302776035,0.004711525182,0.01071325884,0.02047690223,0.03107485983,0.03982603802,0.02916103163,0.02430299958,0.01817440796,0.01262414901,0.04183940327,0.005981895014,0.009640934958,0.01338625886,0.01496064516,0.01413340369,0.03407597875,0.02735156813,0.01969969581,0.01321703012,0.03518695596,0.002987098941,0.004107168976,0.004920654871,0.004691131241,0.003829053421,0.0007684014385,0.0006784840895,0.0005375694306,0.0003938588069,0.004712600667,0.0001773366074,0.0003648692871,0.0006355654928,0.0008195422792,0.0008729196083,0.0006575710948,0.0006028611763,0.0004959470558,0.0003761913397,0.005603565139,0.0003551301743,0.0008564734215,0.001729006491,0.002613629977,0.003222030057,5.786486978e-06,1.516437561e-05,3.007802935e-05,4.419900719e-05,0.008978421287,0.000181370982,0.0007482341879,0.002067569812,0.003322593558,0.003820902641,2.964279756e-08,1.66877418e-07,6.457715879e-07,1.614580261e-06,0.004763033251,3.047792235e-05,0.0001980589316,0.0007507866003,0.00137546888,0.001672585318,8.761613311e-08,5.874859746e-07,2.821773524e-06,8.933514211e-06,0.0101829733,0.0002419095713,0.001090870586,0.003082240378,0.004782085488,0.005385241813,6.635839297e-08,5.385359702e-07,3.130724146e-06,1.18215133e-05,0.01318486771,0.0004263862216,0.00168658418,0.004219406388,0.005909243487,0.006169458054,3.621195816e-08,3.740188763e-07,2.767236406e-06,1.305393967e-05,0.01634039256,0.0006696370452,0.002244663764,0.004815449254,0.005864009435,0.005502511487,4.839501787e-09,8.020635072e-08,9.137341103e-07,6.18954529e-06,0.01746940124,0.0005683760285,0.001722836544,0.003216789191,0.003206660682,0.002464965115,4.345352259e-11,1.892563523e-09,4.845677867e-08,6.033165252e-07,0.01429813313,9.226638297e-05,0.0002850803317,0.000455481824,0.000290497784,0.000127947231,1.109173965e-09,3.610113217e-08,6.907494926e-07,6.572612617e-06,0.02704389734,0.0002496945707,0.0005302657998,0.0005981216827,0.0002774934159,8.872870584e-05,1.651207641e-08,4.025251533e-07,5.768500781e-06,4.203458235e-05,0.04246025726,0.0004482523304,0.0007056925188,0.000602844069,0.000214649572,5.229256689e-05,1.631558774e-09,7.310428034e-08,1.711717497e-06,1.767716489e-05,0.04062349692,0.000114464245,0.0001324021186,7.445224238e-05,1.341954094e-05,1.497940998e-06
13,0.06467848745,0.07553229628,0.07914963537,0.07506476803,0.1757083931,0.08078492304,0.120987173,0.1569222647,0.1738373889,0.168778015,0.07479930834,0.08441215077,0.08547827466,0.07854544835,0.150193008,0.04292132063,0.05562310992,0.06307558872,0.06045726112,0.05138159196,0.001600088563,0.001994501503,0.002230838404,0.002246956085,0.0197329678,0.002532547325,0.004996279797,0.008369963704,0.01101929408,0.01239258162,0.00138358643,0.001784687122,0.002065671622,0.002147383977,0.02308528279,0.004766666955,0.01086752914,0.02082316926,0.03168461942,0.04070709465,0.02905782696,0.02422631823,0.01812404367,0.0125936425,0.04189532478,0.006024620056,0.009725614623,0.01352426425,0.0151395261,0.01432383572,0.03403861149,0.02734129082,0.01970650421,0.01323040497,0.03531914408,0.00302717802,0.004174985669,0.005016084133,0.004796721411,0.003926239148,0.0007667845444,0.0006777079944,0.0005374712825,0.0003941367086,0.004735536993,0.0001805165469,0.0003729250326,0.0006520547006,0.0008442322627,0.0009025879915,0.0006545828877,0.0006004972351,0.000494311568,0.0003751674129,0.005617261276,0.0003592598788,0.0008687275689,0.001758056652,0.002664585928,0.00329285141,5.744597096e-06,1.508069029e-05,2.99638877e-05,4.410172094e-05,0.009033984687,0.0001873474436,0.0007786427743,0.002166464526,0.003510041282,0.004068008127,2.935440447e-08,1.656394101e-07,6.424762155e-07,1.609800026e-06,0.004798976891,3.184477443e-05,0.0002090285057,0.0007997873988,0.001482152407,0.001822458299,8.723816397e-08,5.861656575e-07,2.821275217e-06,8.949047242e-06,0.01027386768,0.0002526652716,0.001149567591,0.003275067252,0.005133394263,0.005838052059,6.622890295e-08,5.38600617e-07,3.137598454e-06,1.187016621e-05,0.0133164257,0.0004464448698,0.00178172823,0.004494456889,0.006359657995,0.006706090025,3.624965162e-08,3.751852648e-07,2.781627299e-06,1.314696298e-05,0.01652517232,0.0007033289112,0.002378696539,0.005145374183,0.00633146835,0.006001338049,4.859132321e-09,8.071956757e-08,9.217261436e-07,6.257126941e-06,0.01770431178,0.0006025003473,0.001844691752,0.003476555886,0.003507740923,0.002728307855,4.414849573e-11,1.929192704e-09,4.955801567e-08,6.189114097e-07,0.0145927223,0.0001013537698,0.0003176789712,0.0005143662155,0.0003342947118,0.0001500270243,1.136660284e-09,3.711812689e-08,7.125576646e-07,6.800821323e-06,0.0276894541,0.0002767840494,0.0005962801132,0.0006815949704,0.000322384384,0.0001050877491,1.70401883e-08,4.16773335e-07,5.992445021e-06,4.379975862e-05,0.04358696738,0.0005005588578,0.0007994159571,0.0006920578114,0.0002513123794,6.244031118e-05,1.710698379e-09,7.696008584e-08,1.809284422e-06,1.875446211e-05,0.04196802932,0.0001323176043,0.000155770781,8.903611028e-05,1.646671951e-05,1.886702682e-06
14,0.06444361397,0.07528814924,0.07892539293,0.07487977057,0.1759544121,0.08138480968,0.1220920361,0.158604333,0.17599858,0.1711426185,0.07470703697,0.08436974313,0.08549787871,0.07861655296,0.150761327,0.0435056235,0.05655498091,0.06431677064,0.06183802532,0.05270487481,0.001596291871,0.001991753828,0.002229987439,0.00224816712,0.01983166493,0.002579633406,0.005110662975,0.008595149093,0.01136357497,0.01282942033,0.001376989656,0.001777360626,0.002058561423,0.002141307801,0.02314565025,0.004825651419,0.01103300255,0.02119552763,0.03234212362,0.04165953525,0.02894669495,0.02414346951,0.01806940172,0.01256038278,0.04195349663,0.006070005396,0.009815717485,0.01367133625,0.01533047839,0.01452743173,0.03399724251,0.02732901082,0.01971276432,0.01324397948,0.03545981487,0.003070374161,0.004248306916,0.005119561004,0.00491157704,0.0040322593,0.0007650126606,0.000676833229,0.0005373263263,0.0003944022592,0.004759943619,0.0001839571235,0.0003816776736,0.0006700402685,0.0008712760553,0.0009352104409,0.0006513642426,0.0005979397694,0.0004925318991,0.0003740449275,0.005631622143,0.0003636757848,0.000881866656,0.001789283457,0.002719509157,0.003369378015,5.699393878e-06,1.498951576e-05,2.983745849e-05,4.399012126e-05,0.009092948208,0.000193898192,0.0008122290398,0.002276471555,0.003720312318,0.004347433687,2.904401493e-08,1.642933099e-07,6.388311509e-07,1.604320977e-06,0.004837172929,3.336075105e-05,0.0002213213435,0.0008552290985,0.001604295264,0.001996026558,8.682077829e-08,5.846447608e-07,2.820146568e-06,8.963634408e-06,0.01037081452,0.000264596476,0.001215274107,0.00349275595,0.005534176739,0.006359883783,6.607783737e-08,5.385544722e-07,3.144232721e-06,1.191942282e-05,0.01345693933,0.0004687518077,0.001888503506,0.004805757193,0.006874858245,0.007326219104,3.628192574e-08,3.763455564e-07,2.79636904e-06,1.324347898e-05,0.01672286137,0.0007409165814,0.002529595508,0.005519976866,0.006867947278,0.00657978077,4.87873006e-09,8.124557123e-08,9.300270539e-07,6.327890054e-06,0.01795603265,0.0006409150272,0.0019832936,0.003774874068,0.003857837983,0.003038259583,4.488042359e-11,1.968054176e-09,5.073360798e-08,6.356437437e-07,0.01491086242,0.0001119664449,0.0003563159635,0.0005851224114,0.0003879546336,0.000177608068,1.166101927e-09,3.821309975e-08,7.361505151e-07,7.048738593e-06,0.02838915012,0.0003087174191,0.0006752571243,0.0007828393713,0.0003779275705,0.0001257349576,1.7611836e-08,4.322654714e-07,6.236990137e-06,4.573473238e-05,0.04481169899,0.0005626887541,0.0009123986319,0.0008010904929,0.0002970387491,7.535616075e-05,1.797959087e-09,8.123238316e-08,1.917908062e-06,1.995905501e-05,0.04343941585,0.0001542937281,0.0001850628236,0.000107627476,2.045582315e-05,2.409539488e-06
15,0.06419194605,0.07502560071,0.07868316454,0.0746788739,0.1762085351,0.08201812323,0.1232604875,0.1603860742,0.1782918083,0.1736556908,0.07460554993,0.08432029742,0.08551386209,0.07868738789,0.1513621877,0.04413156412,0.05755643789,0.06565458146,0.06333103024,0.05413992034,0.001592155917,0.001988685293,0.002228896623,0.002249251648,0.01993600163,0.002630289977,0.005234253948,0.008839442548,0.01173869252,0.01330728728,0.001369919353,0.001769470854,0.002050856264,0.002134669668,0.02320852848,0.004888370756,0.01120946183,0.02159367186,0.03304719199,0.04268359004,0.02882766439,0.02405442148,0.01801041719,0.01252429894,0.0420134941,0.006117906126,0.009910981395,0.01382708644,0.01553305407,0.01474377037,0.0339516579,0.02731448978,0.01971826034,0.01325758392,0.03560859888,0.003116684528,0.004327176713,0.005231213492,0.005035921405,0.004147390875,0.0007630802488,0.000675852325,0.0005371267842,0.0003946486228,0.004785754988,0.0001876608364,0.0003911416469,0.0006895678836,0.0009007692959,0.0009709332927,0.0006479159688,0.000595187273,0.0004906050179,0.0003728203691,0.005646565585,0.0003683694548,0.0008958722608,0.001822658309,0.002778378981,0.003451620054,5.650881003e-06,1.489069414e-05,2.969812407e-05,4.386292552e-05,0.00915511354,0.0002010465394,0.000849176369,0.002398398059,0.003955446513,0.004662559627,2.871184485e-08,1.628375007e-07,6.348201972e-07,1.598082087e-06,0.004877501738,3.503577708e-05,0.0002350531244,0.0009177922082,0.001743860725,0.002196768463,8.636219538e-08,5.829046933e-07,2.818270409e-06,8.976835383e-06,0.01047358496,0.000277782411,0.001288591026,0.003737839814,0.005990419997,0.006960312563,6.590299618e-08,5.383744768e-07,3.150467444e-06,1.196860905e-05,0.01360611468,0.0004934702331,0.002007964151,0.005157171293,0.007462986944,0.008041821432,3.630709207e-08,3.774795351e-07,2.811296079e-06,1.334265713e-05,0.01693311063,0.000782707906,0.002698992157,0.005944281288,0.007482524061,0.007249727529,4.897964596e-09,8.177840373e-08,9.385655189e-07,6.401342857e-06,0.01822418571,0.0006840326127,0.002140573119,0.004116845852,0.004264482678,0.003402917123,4.564480291e-11,2.008967956e-09,5.197964159e-08,6.534760606e-07,0.0152525764,0.0001243497804,0.0004021087612,0.0006702079921,0.0004538206079,0.0002121627279,1.197422227e-09,3.938443577e-08,7.615186397e-07,7.316505164e-06,0.02914358424,0.0003463483921,0.0007697900248,0.000905795841,0.0004468163668,0.0001518865916,1.822686413e-08,4.490135182e-07,6.502576554e-06,4.784481826e-05,0.04613628707,0.0006364942593,0.001048725664,0.0009345732845,0.0003542326788,9.186121278e-05,1.893694837e-09,8.594405283e-08,2.038312956e-06,2.130046109e-05,0.04504214011,0.0001814019927,0.0002218952879,0.0001314248576,2.570733398e-05,3.11771651e-06
16,0.06392352792,0.07474453083,0.07842264798,0.07446163944,0.1764689746,0.08268288223,0.1244891771,0.1622628224,0.1807116966,0.1763119862,0.07449438913,0.08426309201,0.08552530216,0.0787569553,0.1519940047,0.04479900529,0.05862787705,0.06709033986,0.06493872788,0.05568997909,0.001587669412,0.001985274067,0.002227533577,0.0022501703,0.02004569459,0.002684545935,0.005367231666,0.00910340554,0.01214586706,0.01382817351,0.001362376833,0.001761012742,0.0020425427,0.00212744854,0.02327357041,0.004954708122,0.01139666464,0.02201724242,0.03379955712,0.04377937964,0.02870076531,0.02395914206,0.01794702408,0.01248531862,0.04207487769,0.006168169168,0.01001112701,0.01399109712,0.0157467658,0.01497238735,0.03390163723,0.02729748175,0.01972276926,0.01327104255,0.03576511397,0.00316610607,0.004411641186,0.005351176716,0.005169991616,0.004271929574,0.0007609816467,0.0006747576087,0.0005368646343,0.0003948687271,0.00481290289,0.0001916302682,0.00040133213,0.0007106860272,0.0009328143369,0.001009914284,0.0006442389642,0.0005922382715,0.000488527873,0.0003714901714,0.005662006296,0.0003733317476,0.0009107238686,0.001858147798,0.002841166869,0.003539577979,5.599066184e-06,1.478407342e-05,2.954526659e-05,4.371883162e-05,0.009220272154,0.0002088170782,0.0008896816492,0.002533122675,0.004217697707,0.005017171107,2.835815317e-08,1.612705384e-07,6.30427437e-07,1.591021899e-06,0.004919836687,3.688059661e-05,0.0002503514424,0.000988239452,0.001903090705,0.002428725361,8.586064587e-08,5.809265972e-07,2.815526379e-06,8.988193525e-06,0.01058193559,0.0002923091232,0.001370181253,0.004013152478,0.006508931809,0.007650394522,6.570214308e-08,5.380369056e-07,3.15613686e-06,1.201701829e-05,0.01376363729,0.000520778182,0.002141277979,0.005553038613,0.008133340292,0.008866781123,3.632340532e-08,3.785661032e-07,2.826234039e-06,1.344361502e-05,0.0171555433,0.0008290405736,0.002888703328,0.006423958008,0.008185614805,0.00802503042,4.916489886e-09,8.231175806e-08,9.47265202e-07,6.476953222e-06,0.01850835421,0.0007323116585,0.002318713,0.004508324804,0.004736477147,0.003831911283,4.643662492e-11,2.05172873e-09,5.329148593e-08,6.723614468e-07,0.01561785311,0.0001387923876,0.0004563996934,0.0007726316777,0.0005348371325,0.0002555888017,1.230527416e-09,4.062994285e-08,7.886416803e-07,7.604163211e-06,0.02995331053,0.0003906946613,0.0008830345618,0.001055350663,0.0005324795935,0.000185131314,1.888485647e-08,4.670235079e-07,6.789571907e-06,5.013492564e-05,0.04756253954,0.0007242071211,0.001213420332,0.001098306943,0.0004259865739,0.0001130395115,1.99824712e-09,9.111804092e-08,2.171244605e-06,2.278864975e-05,0.0467808288,0.0002149187197,0.0002683617781,0.0001620137544,3.265953742e-05,4.083695981e-06
17,0.06363840843,0.07444482226,0.07814354023,0.07422762443,0.1767338888,0.08337699667,0.1257745385,0.1642295631,0.1832523959,0.1791057227,0.0743730864,0.08419738728,0.08553125084,0.07882422754,0.1526551404,0.04550779303,0.05976969339,0.06862540462,0.06666367743,0.05735847092,0.001582820948,0.001981497915,0.002225865138,0.002250882593,0.02016044931,0.002742429879,0.005509780516,0.009387625092,0.01258638874,0.01439420214,0.001354363666,0.001751981443,0.002033607368,0.002119623281,0.02334041683,0.005024536495,0.01159433925,0.02246581388,0.03459883974,0.04494687422,0.02856603026,0.02385760038,0.01787915647,0.01244336894,0.04213719439,0.00622063293,0.01011585669,0.01416291884,0.01597108272,0.01521277013,0.03384695524,0.02727773461,0.01972606182,0.01328417431,0.03592896518,0.003218634835,0.004501747244,0.005479590871,0.005314036322,0.004406187791,0.0007587111285,0.0006735412587,0.000536531657,0.0003950552961,0.004841316397,0.0001958680128,0.000412264838,0.0007334455653,0.0009675197126,0.001052322096,0.0006403342606,0.000589091375,0.000486297444,0.00037005076,0.005677855989,0.0003785527322,0.0009263985281,0.001895712702,0.002907834352,0.003633239186,5.543962254e-06,1.466951114e-05,2.93782763e-05,4.355653102e-05,0.00928820501,0.0002172354545,0.0009339544334,0.002681594994,0.004509541356,0.005415485108,2.798324915e-08,1.595912101e-07,6.256375037e-07,1.583079262e-06,0.004964043802,3.89067509e-05,0.0002673561787,0.001067421407,0.002084535019,0.002696577576,8.531439842e-08,5.786915403e-07,2.81179183e-06,8.997238485e-06,0.01069560725,0.0003082693922,0.001460771793,0.004321847626,0.007097421443,0.008442852238,6.547302734e-08,5.375175397e-07,3.16106982e-06,1.206391402e-05,0.01392917008,0.000550868556,0.002289731467,0.005998209309,0.008896490029,0.009817142861,3.632907449e-08,3.79583376e-07,2.8410002e-06,1.354541933e-05,0.0173897512,0.0008802826554,0.003100741623,0.006965378674,0.008989127446,0.008921782267,4.933945796e-09,8.283899379e-08,9.560447795e-07,6.554147691e-06,0.01880807676,0.0007862590355,0.002520169193,0.004956001156,0.005284078975,0.004336671545,4.725034551e-11,2.096103502e-09,5.466370397e-08,6.922420482e-07,0.0160066352,0.0001556328187,0.000520798171,0.0008960724929,0.0006347034117,0.0003103337888,1.265304114e-09,4.194674487e-08,8.17485779e-07,7.911627708e-06,0.03081880843,0.0004429667544,0.001018825634,0.00123755759,0.0006392828981,0.0002275462741,1.958507368e-08,4.862937389e-07,7.098241053e-06,5.260931514e-05,0.04909218191,0.0008285115725,0.001412653041,0.001299554181,0.0005162803001,0.0001403241844,2.111931999e-09,9.677673539e-08,2.317454445e-06,2.443388973e-05,0.04866017982,0.0002564576245,0.0003271748054,0.0002014945674,4.191334042e-05,5.410276133e-06
18,0.06333664383,0.07412636416,0.07784554234,0.07397638723,0.1770013862,0.084098264,0.1271127772,0.1662809064,0.1859075409,0.1820305237,0.07424116714,0.08412242989,0.08553073903,0.07888815112,0.1533439045,0.04625774744,0.06098226318,0.07026114866,0.06850851475,0.05914895583,0.001577599124,0.001977334359,0.002223857561,0.002251347131,0.02027995989,0.002803969064,0.00566208743,0.009692707902,0.01306160909,0.01500761949,0.001345881776,0.00174237248,0.002024037204,0.002111172905,0.0234086971,0.005097717543,0.01180218018,0.02293888281,0.03544452298,0.04618585055,0.02842349561,0.02374976805,0.01780674973,0.01239837746,0.04219997902,0.006275126994,0.01022485344,0.014342068,0.01620542647,0.01546435269,0.03378738358,0.02725499151,0.01972790361,0.01329679353,0.03609974466,0.00327426527,0.004597541176,0.005616599045,0.005468313215,0.004550492384,0.0007562629657,0.000672195364,0.0005361194828,0.0003952008841,0.004870921799,0.0002003765976,0.0004239558058,0.0007578992944,0.001004999522,0.00109833578,0.0006362030679,0.0005857453295,0.0004839107916,0.0003684985951,0.00569402359,0.0003840216027,0.0009428705066,0.001935306959,0.002978330832,0.00373257451,5.485588197e-06,1.454687802e-05,2.919656003e-05,4.337472219e-05,0.009358682315,0.0002263281077,0.0009822158581,0.002844834106,0.004833680568,0.005862176426,2.758749909e-08,1.577985906e-07,6.204358534e-07,1.574194074e-06,0.005009981459,4.112654398e-05,0.0002862197765,0.00115628198,0.002291082216,0.003005728028,8.472178639e-08,5.761807153e-07,2.8069428e-06,9.003489081e-06,0.01081432382,0.0003257625605,0.001561155411,0.00466741821,0.007764584272,0.0093522774,6.521340641e-08,5.367918495e-07,3.165090776e-06,1.210853282e-05,0.01410235121,0.0005839489936,0.002454734162,0.006498079416,0.00976441278,0.01091138968,3.632227486e-08,3.805087906e-07,2.855404098e-06,1.364708736e-05,0.01763529127,0.0009368328901,0.003337325172,0.007575671603,0.00990662669,0.009958623862,4.949959935e-09,8.335315836e-08,9.648180407e-07,6.632311016e-06,0.01912284137,0.0008464319986,0.002747692826,0.005467492799,0.005919206267,0.004930730352,4.807986181e-11,2.141829496e-09,5.608996604e-08,7.130475826e-07,0.01641880635,0.0001752671214,0.0005972299864,0.001045022968,0.0007580643029,0.0003795548916,1.301616863e-09,4.333117289e-08,8.480009142e-07,8.238655769e-06,0.03174045092,0.0005046013268,0.001181816193,0.001459909599,0.0007727839625,0.0002818490907,2.032638782e-08,5.06812826e-07,7.428713069e-06,5.527132523e-05,0.05072679713,0.0009526299777,0.001653994026,0.001547402312,0.0006302368169,0.0001756117228,2.235025115e-09,1.029412237e-07,2.477681318e-06,2.624655326e-05,0.05068488073,0.0003080583047,0.0004018501022,0.0002526527336,5.429432768e-05,7.243748582e-06
19,0.06301830043,0.07378905612,0.07752836433,0.07370749248,0.1772695314,0.08484436561,0.1284998585,0.1684110623,0.1886702079,0.1850793599,0.07409815391,0.08403745715,0.0855227811,0.07894765079,0.1540585547,0.04704865332,0.06226592571,0.07199893163,0.07047591941,0.06106510177,0.00157199267,0.001972760856,0.002221476713,0.002251521798,0.02040390888,0.0028691883,0.005824338779,0.01001927385,0.01357293129,0.01567078432,0.001336933528,0.001732181892,0.002013819637,0.00210207681,0.02347802998,0.00517410051,0.01201984393,0.02343585543,0.03633592567,0.04749584699,0.02827320278,0.02363562054,0.01772974166,0.01235027308,0.04226275559,0.006331471845,0.01033777993,0.01452802467,0.01644916729,0.01572651046,0.03372269249,0.02722899234,0.01972805613,0.01330871055,0.03627703163,0.003332989503,0.00469906717,0.00576234491,0.00563308632,0.004705182181,0.0007536314872,0.0006707119828,0.0005356196398,0.0003952979107,0.004901642555,0.0002051584032,0.0004364211518,0.0007841014366,0.001045372711,0.001148144042,0.0006318468156,0.0005821990664,0.0004813651067,0.0003668302142,0.005710415434,0.000389726596,0.000960110946,0.001976876634,0.003052591354,0.003837534572,5.423970122e-06,1.441606142e-05,2.899954958e-05,4.317212424e-05,0.009431463329,0.0002361219696,0.001034697269,0.003023926,0.00519304986,0.006362401532,2.717133235e-08,1.558920967e-07,6.14809034e-07,1.564308054e-06,0.005057500119,4.355299331e-05,0.0003071073826,0.00125586347,0.002525991393,0.003362393022,8.408123437e-08,5.73375642e-07,2.800855028e-06,9.006456443e-06,0.01093779117,0.0003448942613,0.001672191699,0.005053714302,0.008520188524,0.01039534866,6.492106907e-08,5.358351906e-07,3.168020855e-06,1.215008802e-05,0.01428279215,0.0006202415404,0.002637822144,0.00705862462,0.01075062458,0.01217074454,3.630116099e-08,3.813192287e-07,2.869248261e-06,1.374758947e-05,0.01789168211,0.0009991206194,0.00360088624,0.008262776858,0.01095350827,0.01115708137,4.964149789e-09,8.384701476e-08,9.734940703e-07,6.710786314e-06,0.0194520795,0.0009134398713,0.003004351824,0.006051440697,0.006655663361,0.005630069727,4.891849708e-11,2.188612377e-09,5.756296999e-08,7.34693894e-07,0.01685417801,0.0001981572639,0.0006879944375,0.001224960126,0.0009107470426,0.0004673242507,1.339305762e-09,4.477865661e-08,8.80118157e-07,8.584814292e-06,0.03271847064,0.0005772992357,0.001377641574,0.001731669463,0.0009400545188,0.0003515961946,2.110721476e-08,5.285576348e-07,7.780945424e-06,5.812306904e-05,0.05246776055,0.001100422573,0.001946717067,0.001853210787,0.000774449219,0.0002214131731,2.36774462e-09,1.09630423e-07,2.652629051e-06,2.823687075e-05,0.05285951705,0.0003722968771,0.0004969444287,0.0003191843863,7.093854762e-05,9.792831076e-06
20,0.06268345716,0.07343281188,0.07719172988,0.07342051628,0.1775363503,0.08561286406,0.1299314978,0.1706138183,0.1915328749,0.1882444954,0.07394356999,0.08394170136,0.08550637949,0.07900163374,0.1547972964,0.04788025053,0.0636209643,0.07384007075,0.07256857918,0.06311064906,0.001565990562,0.001967754962,0.002218688282,0.00225136397,0.02053196716,0.002938108795,0.005996717036,0.01036794884,0.01412179917,0.01638615487,0.001327521816,0.001721406376,0.002002942793,0.002092315021,0.02354802441,0.005253521149,0.01224694462,0.02395603527,0.03727217515,0.04887611679,0.02811519941,0.02351513837,0.01764807361,0.0122989869,0.04232503871,0.006389478659,0.01045427772,0.0147202305,0.01670162043,0.01599855545,0.03365265251,0.02719947521,0.01972627785,0.01331973254,0.03646039232,0.003394796597,0.004806365773,0.005916970253,0.005808623031,0.004870605207,0.0007508111386,0.0006690832006,0.0005350236034,0.0003953386971,0.004933399253,0.000210215578,0.0004496768237,0.0008121070778,0.001088762241,0.001201944354,0.0006272671932,0.0005784517503,0.0004786577584,0.000365042274,0.005726935479,0.0003956549122,0.0009780875243,0.002020358877,0.00313053431,0.003948046,5.359142157e-06,1.427696875e-05,2.878671005e-05,4.294749083e-05,0.009506296241,0.0002466441216,0.001091638505,0.003220019517,0.005590815833,0.006921818805,2.673524673e-08,1.53871538e-07,6.087449503e-07,1.553365517e-06,0.005106442105,4.619976234e-05,0.0003301968086,0.001367310945,0.002792924203,0.003773699252,8.339128438e-08,5.702583748e-07,2.793405034e-06,9.005647431e-06,0.01106569607,0.0003657760203,0.001794807322,0.005484958618,0.009375161893,0.011591062,6.459385921e-08,5.346230093e-07,3.169679054e-06,1.218777378e-05,0.01447007575,0.0006599820663,0.002840660177,0.007686431156,0.01187031764,0.01361949286,3.626388069e-08,3.819911549e-07,2.882329102e-06,1.38458522e-05,0.01815840056,0.001067605271,0.003894078062,0.009035498876,0.01214717954,0.01254193187,4.97612518e-09,8.431307591e-08,9.819775261e-07,6.788875933e-06,0.01979516026,0.0009879451773,0.003293551371,0.00671760679,0.007509385805,0.006453512059,4.975899548e-11,2.236124893e-09,5.907437091e-08,7.570815928e-07,0.01731247564,0.000224840416,0.0007958299209,0.001442548144,0.001100053065,0.0005788910176,1.378184288e-09,4.628361874e-08,9.13746903e-07,8.949446406e-06,0.03375292405,0.0006630686483,0.001613112416,0.002064269302,0.001150084614,0.0004414406447,2.192544572e-08,5.514911266e-07,8.154685658e-06,6.116510291e-05,0.05431617018,0.001276502605,0.002302161974,0.002231160269,0.0009573972152,0.0002810534475,2.510232054e-09,1.168600772e-07,2.842939827e-06,3.041463037e-05,0.05518846938,0.000452423566,0.0006183610744,0.0004059946116,9.341082067e-05,1.335587434e-05
21,0.06233220797,0.07305756297,0.07683538092,0.07311505116,0.1777998365,0.08640120105,0.1314031517,0.1728825189,0.1944873852,0.191517436,0.07377694293,0.08383439419,0.08548052931,0.07904899389,0.1555582838,0.04875222434,0.06504758655,0.07578581021,0.07478915166,0.06528937135,0.001559582151,0.001962294503,0.002215457974,0.002250830728,0.02066379388,0.003010746955,0.006179397195,0.01073935688,0.01470968444,0.01715627333,0.001317650137,0.001710043421,0.001991395686,0.002081868417,0.02361828046,0.005335800704,0.01248304988,0.02449861081,0.03825217964,0.05032557997,0.02794954047,0.02338830829,0.01756169157,0.01224445315,0.04238633504,0.006448949153,0.0105739665,0.01491808698,0.01696204286,0.01627973174,0.03357703617,0.02716617787,0.01972232536,0.01332966416,0.03664938011,0.0034596718,0.004919472289,0.006080612353,0.005995190907,0.005047115585,0.0007477965402,0.0006673011892,0.0005343228461,0.0003953155036,0.004966109583,0.0002155499497,0.0004637383241,0.0008419715459,0.001135294132,0.001259941881,0.0006224661866,0.0005745028251,0.0004757863411,0.0003631315917,0.005743485537,0.0004017926398,0.0009967641273,0.002065680894,0.003212059136,0.004064007546,5.291147271e-06,1.412953068e-05,2.855754809e-05,4.269962425e-05,0.009582918116,0.0002579214039,0.001153285796,0.003434320605,0.006030373845,0.007546603447,2.62798129e-08,1.517371644e-07,6.022331219e-07,1.541314162e-06,0.005156641432,4.90810719e-05,0.0003556782616,0.001491875557,0.003095975992,0.004247785531,8.265062152e-08,5.668117113e-07,2.784471239e-06,9.000568332e-06,0.0111977053,0.0003885247085,0.001929995211,0.005965758513,0.01034167511,0.01296096948,6.422969996e-08,5.331310592e-07,3.169883533e-06,1.222076982e-05,0.01466375451,0.0007034193788,0.003065042097,0.008388721958,0.01314049544,0.01528532132,3.620858984e-08,3.825007693e-07,2.894437957e-06,1.394076249e-05,0.01843487857,0.001142775281,0.004219779167,0.009903554176,0.01350724211,0.01414159318,4.985491047e-09,8.474364651e-08,9.901690175e-07,6.865843115e-06,0.02015138475,0.00107066402,0.003619052184,0.007476971667,0.008498701906,0.007423155377,5.059352866e-11,2.284006059e-09,6.061472376e-08,7.800948316e-07,0.01779332467,0.0002559390243,0.000923988462,0.001705876562,0.001335115371,0.0007210142183,1.418037376e-09,4.783937571e-08,9.487721468e-07,9.33163736e-06,0.03484365398,0.0007642732825,0.001896439098,0.002471789906,0.001414287139,0.000557465644,2.277837949e-08,5.755601552e-07,8.549431077e-06,6.439606972e-05,0.05627277209,0.001486367921,0.002734163729,0.002698921719,0.001189974627,0.0003589329137,2.662531288e-09,1.246416219e-07,3.049163163e-06,3.278881804e-05,0.05767579912,0.0005525327416,0.0007737403055,0.0005195899567,0.0001238673769,1.835987336e-05
22,0.06196466418,0.07266326214,0.07645908202,0.07279071098,0.1780579568,0.08720669633,0.1329100123,0.1752100493,0.1975249151,0.1948888828,0.073597808,0.08371477102,0.08544422307,0.07908861633,0.1563396198,0.04966419545,0.06654590406,0.07783728878,0.07714022306,0.06760503265,0.001552757271,0.001956357749,0.002211751731,0.002249879076,0.02079903645,0.003087113135,0.006372542952,0.01113411145,0.01533807241,0.01798374746,0.00130732267,0.001698091439,0.001979168408,0.002070718963,0.0236883903,0.005420744971,0.01272767684,0.02506264344,0.03927460059,0.05184277433,0.02777628928,0.02325512447,0.01747054719,0.01218661002,0.0424461448,0.006509675505,0.01069644358,0.01512095394,0.01722963035,0.01656921137,0.03349561961,0.02712883925,0.01971595445,0.0133383084,0.03684353559,0.003527595774,0.005038415101,0.006253401202,0.006193054175,0.005235070101,0.0007445825444,0.0006653582649,0.0005335088879,0.0003952205687,0.004999688331,0.0002211629319,0.0004786204165,0.0008737497226,0.001185096357,0.001322348173,0.0006174461134,0.0005703520568,0.0004727487186,0.0003610951851,0.005759965525,0.0004081246867,0.001016100535,0.002112758943,0.00329704401,0.004185286149,5.220037993e-06,1.397370417e-05,2.831161987e-05,4.242738946e-05,0.009661054929,0.0002699799748,0.001219889226,0.003668084548,0.00651533968,0.008243455004,2.580567798e-08,1.494897089e-07,5.952649304e-07,1.528105851e-06,0.005207923712,5.221158723e-05,0.0003837537896,0.001630916403,0.003439704694,0.004793906958,8.185809871e-08,5.630194029e-07,2.773935131e-06,8.990728818e-06,0.01133346485,0.0004132618202,0.002078812441,0.006501113094,0.01143321872,0.01452942065,6.382661802e-08,5.31335627e-07,3.168453016e-06,1.224824674e-05,0.01486334897,0.000750813972,0.003312888935,0.009173375894,0.01458010098,0.01719966596,3.613346819e-08,3.828241767e-07,2.905362296e-06,1.403117273e-05,0.01872050015,0.001225146325,0.00458109437,0.01087761116,0.01505567088,0.01598853145,4.991850561e-09,8.513087232e-08,9.979655966e-07,6.94091455e-06,0.02051998076,0.001162365485,0.003984985311,0.008341828466,0.009644606375,0.008564851372,5.14137158e-11,2.331860978e-09,6.217344251e-08,8.036002724e-07,0.01829623624,0.0002921715605,0.001076319372,0.002024737535,0.001627332815,0.0009023828681,1.458619882e-09,4.943804841e-08,9.850518824e-07,9.730180712e-06,0.03599025056,0.0008836856573,0.002237490156,0.002971530837,0.001747123129,0.0007076135101,2.366265748e-08,6.006932672e-07,8.964387238e-06,6.781232216e-05,0.05833788149,0.001736549584,0.00325955585,0.003278465332,0.001486153231,0.0004608689012,2.824565774e-09,1.329809221e-07,3.271720451e-06,3.536719506e-05,0.06032512247,0.0006777715326,0.0009729553306,0.0006685922671,0.0001652785143,2.541623046e-05
23,0.0615809565,0.07224988666,0.0760626247,0.07244713563,0.1783086575,0.08802654762,0.1344470017,0.1775888211,0.2006359465,0.198348691,0.07340571166,0.08358207529,0.0853964554,0.07911938189,0.1571393582,0.05061571016,0.06811591136,0.07999550588,0.07962426396,0.07006134025,0.00154550636,0.001949923575,0.002207535932,0.002248466171,0.02093733066,0.003167210344,0.006576302638,0.011552806,0.01600844567,0.01887122904,0.001296544339,0.001685549884,0.001966252303,0.002058849928,0.02375793923,0.005508143445,0.01298028837,0.02564705574,0.0403378253,0.05342580608,0.0275955185,0.0231155895,0.01737459883,0.01212540043,0.04250396333,0.006571440361,0.01082128356,0.01532814837,0.01750351511,0.0168660908,0.03340818424,0.02708720086,0.01970692129,0.01334546731,0.03704238678,0.003598543814,0.005163213938,0.006435456559,0.006402469958,0.005434824391,0.0007411642908,0.0006632469464,0.0005325733481,0.0003950461487,0.005034047384,0.0002270554278,0.0004943368105,0.0009074952874,0.00123829759,0.001389379627,0.0006122096535,0.000565999574,0.0004695430675,0.0003589303119,0.005776273724,0.0004146347188,0.001036052131,0.002161497367,0.003385343583,0.004311712992,5.145877038e-06,1.380947526e-05,2.80485388e-05,4.212972811e-05,0.009740421692,0.0002828448174,0.00129169971,0.00392260589,0.00704953509,0.009019595184,2.531356811e-08,1.471304253e-07,5.87833853e-07,1.513697381e-06,0.005260106119,5.560627729e-05,0.0004146363795,0.001785900434,0.00382915577,0.00542253834,8.101276046e-08,5.588663631e-07,2.761682462e-06,8.975646149e-06,0.01147259921,0.0004401125513,0.002242376498,0.007096413841,0.01266466851,0.01632379859,6.338276794e-08,5.292137656e-07,3.165208285e-06,1.226937182e-05,0.01506834632,0.0008024363542,0.003586244227,0.01004893749,0.01621013177,0.01939805979,3.603673585e-08,3.829375695e-07,2.914887091e-06,1.411590689e-05,0.01901459873,0.001315258743,0.004981351458,0.01196931845,0.01681698202,0.01811967725,4.994808557e-09,8.546679726e-08,1.005261363e-06,7.013283881e-06,0.02090009777,0.001263869816,0.004395861953,0.009325868396,0.01097103942,0.009908721447,5.221065873e-11,2.379261409e-09,6.37387799e-08,8.274463076e-07,0.01882059281,0.0003343637426,0.001257361793,0.002410944886,0.001990893201,0.001134142294,1.499655497e-09,5.10704872e-08,1.022414725e-06,1.014354584e-05,0.03719201101,0.001024544915,0.002648086205,0.003584681736,0.002166870534,0.0009022336897,2.457420385e-08,6.267985705e-07,9.3984262e-06,7.140753313e-05,0.06051129999,0.002034777429,0.003898754403,0.003997029616,0.001863811935,0.0005945387202,2.996114523e-09,1.418768984e-07,3.510865258e-06,3.815581279e-05,0.06313947271,0.0008345935969,0.001228737794,0.0008644071593,0.0002217318775,3.540013643e-05
24,0.06118123706,0.07181744134,0.07564583138,0.07208399561,0.1785498708,0.08885783165,0.1360087711,0.1800107644,0.2038102461,0.2018858362,0.07320021487,0.08343556287,0.08533622791,0.07914017177,0.1579555037,0.0516062303,0.06975746445,0.08226128603,0.08224358209,0.07266189348,0.001537820563,0.001942971632,0.002202777611,0.002246549551,0.02107830081,0.003251032908,0.006790804912,0.01199600369,0.01672226591,0.01982138883,0.001285320877,0.001672419367,0.001952640136,0.002046246101,0.02382650681,0.005597768586,0.01324028959,0.02625062041,0.04143994028,0.05507230086,0.027407311,0.02296971546,0.01727381247,0.01206077292,0.04255928267,0.006634016928,0.0109480382,0.01553894366,0.01778276385,0.01716938794,0.03331451835,0.02704100832,0.01969498355,0.01335094285,0.03724544935,0.003672485061,0.00529387809,0.00662688485,0.006623684207,0.005646728744,0.0007375372603,0.0006609600121,0.0005315079967,0.0003947845588,0.005069095766,0.0002332277304,0.0005108998268,0.0009432598895,0.001295025787,0.001461255662,0.0006067598774,0.0005614459058,0.0004661679174,0.0003566345067,0.00579230707,0.0004213051069,0.001056569631,0.002211787682,0.00347678679,0.004443079607,5.068737814e-06,1.363686164e-05,2.776798296e-05,4.180567229e-05,0.009820722694,0.0002965391919,0.001368965453,0.004199205715,0.007636966034,0.0098827533,2.480428995e-08,1.446611205e-07,5.799356792e-07,1.498051228e-06,0.005312997445,5.928024348e-05,0.0004485486443,0.001958399887,0.004269881108,0.006145472597,8.01138652e-08,5.543388731e-07,2.74760447e-06,8.954849588e-06,0.01161471093,0.0004692046528,0.002421859623,0.007757436952,0.01405233393,0.01837474044,6.289645624e-08,5.267435328e-07,3.159973771e-06,1.228331553e-05,0.01527819931,0.0008585648915,0.003887265903,0.01102461416,0.01805373354,0.02192046668,3.591667045e-08,3.828174254e-07,2.922796353e-06,1.419376779e-05,0.0193164547,0.001413674004,0.005424092543,0.01319131745,0.01881838053,0.02057683682,4.993975263e-09,8.574342811e-08,1.011948189e-06,7.082116234e-06,0.02129080253,0.001376045079,0.004856576492,0.01044425215,0.0125051619,0.0114897022,5.297499347e-11,2.425747186e-09,6.529783139e-08,8.514625989e-07,0.01936563398,0.0003834599292,0.001472445303,0.002878696367,0.002443396806,0.001430547843,1.540836255e-09,5.272621601e-08,1.060657868e-06,1.056984804e-05,0.03844789872,0.001190618357,0.003142329453,0.004337103588,0.002696560496,0.001154777305,2.550817346e-08,6.537617489e-07,9.850045788e-06,7.517230299e-05,0.06279222949,0.002390161415,0.004676427017,0.004888269999,0.002345763447,0.0007700500889,3.176787354e-09,1.513200652e-07,3.766639834e-06,4.115846738e-05,0.06612115139,0.001031064791,0.001557460027,0.001122087262,0.0002988430041,4.956298813e-05
25,0.06076568116,0.07136596144,0.07520855924,0.07170099633,0.1787795212,0.08969750645,0.1375897011,0.1824673224,0.2070368504,0.2054883876,0.0729808964,0.08327450631,0.085262554,0.07914987234,0.1587860149,0.0526351234,0.07147025888,0.08463524199,0.08500027213,0.07541012807,0.001529691839,0.001935482505,0.002197444666,0.002244087371,0.02122156001,0.003338565114,0.007016154229,0.01246422625,0.01748095364,0.0208368879,0.001273658877,0.001658701756,0.001938326259,0.002032893997,0.02389366809,0.005689375203,0.01350702486,0.02687194999,0.04257870585,0.05677935586,0.02721176064,0.0228175248,0.01716816261,0.01199268231,0.04261159326,0.006697169171,0.01107623649,0.01575256934,0.01806637664,0.01747803998,0.03321441863,0.02699001276,0.01967990158,0.01335453774,0.03745222705,0.003749381717,0.005430404566,0.006827775919,0.006856927335,0.005871123498,0.0007336973266,0.0006584905565,0.0005303048061,0.0003944282153,0.005104739682,0.0002396794195,0.0005283200422,0.0009810922483,0.001355406588,0.001538196608,0.0006011002707,0.0005566920156,0.0004626221888,0.0003542056168,0.005807961453,0.0004281168843,0.001077598853,0.002263507745,0.003571174774,0.0045791341,4.988704817e-06,1.345591486e-05,2.746970191e-05,4.145435796e-05,0.009901651836,0.0003110840341,0.001451927855,0.004499216021,0.008281792355,0.0108411364,2.427873111e-08,1.4208418e-07,5.715687071e-07,1.481136268e-06,0.005366398234,6.324851461e-05,0.0004857210309,0.002150086621,0.004767949363,0.006975908628,7.916090603e-08,5.494247818e-07,2.731599112e-06,8.927885006e-06,0.01175938028,0.0005006670338,0.002618480918,0.00849032541,0.01561398304,0.02071632912,6.236616489e-08,5.239042338e-07,3.152579215e-06,1.228925844e-05,0.01549232529,0.0009194831083,0.004218214096,0.01211025768,0.02013626318,0.0248115846,3.577162486e-08,3.824407174e-07,2.928874824e-06,1.426354523e-05,0.01962529345,0.001520970087,0.005913058905,0.0145572345,0.02108987588,0.02340708085,4.988970304e-09,8.595280656e-08,1.017916569e-06,7.146553789e-06,0.02169107508,0.00149980203,0.005372400696,0.0117136602,0.01427761408,0.01334810679,5.369695931e-11,2.470828585e-09,6.68365675e-08,8.754600017e-07,0.01993044268,0.0004405342673,0.001727796943,0.003444978459,0.003006590669,0.001809768667,1.581822727e-09,5.439340021e-08,1.099545492e-06,1.100682253e-05,0.03975650209,0.001386265286,0.003736966758,0.005260225503,0.003365105226,0.001482669279,2.645891064e-08,6.814443124e-07,1.031733139e-05,7.909377592e-05,0.06517918392,0.002813386295,0.00562224775,0.005993603298,0.002961012554,0.001000669215,3.36600021e-09,1.612910177e-07,4.03882863e-06,4.437610119e-05,0.06927156912,0.001277227123,0.001980103811,0.001461437375,0.0004043070094,6.969058531e-05
26,0.06033448883,0.07089551521,0.07475070378,0.07129788227,0.1789955327,0.09054241493,0.1391839058,0.1849494534,0.2103040593,0.2091434922,0.07274735601,0.08309819912,0.08517446375,0.07914737999,0.1596288053,0.05370165282,0.0732538075,0.08711773642,0.0878961626,0.07830925621,0.001521113066,0.001927437874,0.002191506072,0.002241038645,0.02136671048,0.00342977982,0.007252426098,0.01295794203,0.01828586579,0.02192034489,0.00126156584,0.001644400271,0.001923306751,0.002018782043,0.02395899486,0.005782699996,0.01377977507,0.02750948767,0.04375153236,0.05854349413,0.02700897297,0.0226590512,0.0170576331,0.01192109044,0.0426603856,0.00676065211,0.0112053851,0.01596821121,0.01835328641,0.01779090207,0.03310769174,0.02693397232,0.0196614396,0.01335605628,0.03766221208,0.003829188257,0.005572776222,0.00703819963,0.007102409563,0.006108334031,0.0007296408051,0.0006558320453,0.0005289560033,0.0003939696777,0.005140882597,0.000246409257,0.0005466059174,0.00102103718,0.001419561548,0.00162042128,0.000595234755,0.000551739332,0.0004589052285,0.0003516418363,0.005823132042,0.0004350497158,0.001099080523,0.002316521014,0.003668278973,0.004719577574,4.905873904e-06,1.326672227e-05,2.715352315e-05,4.107503781e-05,0.009982893106,0.0003264973001,0.001540816834,0.004823960885,0.008988287638,0.01190338097,2.373785947e-08,1.39402587e-07,5.627339155e-07,1.462928443e-06,0.005420101024,6.752580599e-05,0.0005263894834,0.002362722713,0.005329944824,0.007928521694,7.815362944e-08,5.441136971e-07,2.713572293e-06,8.894319603e-06,0.01190616514,0.0005346280934,0.002833495869,0.009301558592,0.01736883612,0.02338624033,6.179057406e-08,5.206766643e-07,3.142861393e-06,1.228639866e-05,0.01571010573,0.0009854763864,0.004581434224,0.0133163261,0.02248530944,0.02812109658,3.560004517e-08,3.817851342e-07,2.932909816e-06,1.432402538e-05,0.01994028375,0.00163773563,0.006452168106,0.01608164693,0.02366435188,0.0266630883,4.979426934e-09,8.608708813e-08,1.023056574e-06,7.20572243e-06,0.02209980562,0.001636086859,0.005948966798,0.01315231377,0.01632274171,0.01553018246,5.436648612e-11,2.513989709e-09,6.833989774e-08,8.992309401e-07,0.02051393192,0.0005068010316,0.002030651995,0.004130010003,0.00370722101,0.002294864522,1.622245013e-09,5.60588436e-08,1.138807763e-06,1.145180409e-05,0.04111599375,0.001616501072,0.004451781214,0.006392057305,0.004208639356,0.001908391675,2.7419922e-08,7.096821827e-07,1.079792201e-05,8.315528016e-05,0.06766989983,0.003316915264,0.006771733435,0.007363758383,0.003746280055,0.001303740682,3.562951462e-09,1.717589129e-07,4.326909981e-06,4.780616265e-05,0.07259107739,0.001585526275,0.002523446543,0.001908415135,0.000548633545,9.832406417e-05
27,0.05988788623,0.0704062063,0.0742722021,0.07087444081,0.1791958355,0.09138928997,0.1407852395,0.1874476367,0.2135994376,0.2128373677,0.07249921752,0.08290595994,0.08507100878,0.07913160608,0.1604817463,0.05480496824,0.07510741806,0.0897088426,0.09093276007,0.08136220233,0.001512078126,0.001918820668,0.002184932085,0.002237363488,0.02151334403,0.003524637057,0.007499662151,0.0134775533,0.01913827118,0.02307429934,0.001249050209,0.001629519566,0.001907579559,0.002003900767,0.024022057,0.005877461266,0.01405775567,0.02816149937,0.04495545892,0.0603606219,0.02679906587,0.02249434031,0.01694221793,0.01184596684,0.04270515204,0.006824212234,0.01133496895,0.01618501205,0.01864235924,0.01810674693,0.03299415575,0.02687265352,0.01963936685,0.01335530523,0.03787488567,0.003911850657,0.005720959853,0.007258202351,0.007360315977,0.006358665326,0.0007253645002,0.0006529783689,0.0005274541212,0.0003934016928,0.005177425334,0.0002534150806,0.0005657634059,0.001063134555,0.00148760617,0.001708144212,0.0005891677049,0.0005465897752,0.0004550168411,0.000348941737,0.005837713624,0.0004420818802,0.001120950121,0.002370675927,0.003767839414,0.004864060834,4.820352425e-06,1.306940862e-05,2.681935783e-05,4.066709347e-05,0.01006412116,0.0003427932608,0.001635845554,0.005174734221,0.009760788014,0.01307848276,2.318272127e-08,1.366199339e-07,5.534351091e-07,1.443411384e-06,0.005473890671,7.212624041e-05,0.0005707924942,0.002598146621,0.005962951487,0.009019507879,7.709205195e-08,5.383971668e-07,2.693439077e-06,8.853746731e-06,0.01205460113,0.0005712137611,0.003068182961,0.01019790715,0.01933751963,0.02642582525,6.116858369e-08,5.170433505e-07,3.130665878e-06,1.227395971e-05,0.01593088594,0.001056828012,0.004979334629,0.01465382219,0.02513065867,0.03190384356,3.54004888e-08,3.808293101e-07,2.934693185e-06,1.437400095e-05,0.02026053676,0.00176456273,0.007045482105,0.01778001728,0.02657757467,0.03040341665,4.964996447e-09,8.613862728e-08,1.027258939e-06,7.258739449e-06,0.02251579203,0.00178587151,0.00659223692,0.01477995666,0.01867876925,0.01808863707,5.497330011e-11,2.554692956e-09,6.979176948e-08,9.225502957e-07,0.02111483246,0.0005836234325,0.002389364535,0.004957716835,0.004578006114,0.002914956634,1.661704626e-09,5.770801917e-08,1.178140548e-06,1.190171382e-05,0.04252409102,0.001887058533,0.005310003278,0.007778310351,0.005272091295,0.002460812548,2.838386667e-08,7.382847231e-07,1.128898259e-05,8.733600932e-05,0.07026124725,0.003915195961,0.008167149769,0.009060533438,0.004747822904,0.001701835974,3.766600373e-09,1.826800075e-07,4.630007529e-06,5.144194158e-05,0.07607879338,0.001971305815,0.003221494357,0.002496885523,0.0007461160806,0.000139065693
28,0.05942612684,0.06989817585,0.07377303593,0.07043050586,0.1793783729,0.09223476081,0.1423873077,0.1899518861,0.2169098267,0.2165553082,0.07223613176,0.08269713664,0.08495126712,0.07910148197,0.1613426698,0.0559440963,0.07703017095,0.09240830428,0.09411119098,0.0845715347,0.001502582004,0.001909615211,0.002177694456,0.002233023356,0.02166104261,0.003623082639,0.007757865073,0.01402338277,0.02003932387,0.02430117062,0.001236121406,0.001614065798,0.001891144614,0.001988242959,0.02408242397,0.005973358812,0.01434011515,0.0288260674,0.04618713485,0.06222599025,0.02658217001,0.02232345044,0.01682192186,0.01176728933,0.04274538855,0.006887588035,0.01146445219,0.01640207295,0.01893239565,0.01842426561,0.03287364158,0.0268058327,0.0196134588,0.01335209471,0.0380897187,0.003997305637,0.005874904282,0.007487803329,0.007630801334,0.006622396144,0.000720865748,0.0006499238941,0.0005257920496,0.0003927172372,0.005214266201,0.0002606936969,0.0005857955512,0.001107418188,0.00155964777,0.001801572555,0.0005829039604,0.0005412457804,0.0004509573178,0.0003461042972,0.005851600967,0.0004491902673,0.001143137789,0.002425805421,0.003869563283,0.005012181475,4.732259239e-06,1.286413723e-05,2.646720578e-05,4.023004678e-05,0.01014500206,0.000359981751,0.001737204566,0.005552773929,0.01060362876,0.01437570155,2.261443818e-08,1.337404268e-07,5.436790336e-07,1.422576955e-06,0.005527544802,7.706303024e-05,0.0006191674848,0.00285825421,0.006674518648,0.01026659262,7.597647419e-08,5.32268846e-07,2.671124862e-06,8.805790717e-06,0.01220420196,0.0006105452319,0.003323827089,0.01118637078,0.02154197068,0.02988010645,6.049933362e-08,5.129887842e-07,3.115848831e-06,1.225119861e-05,0.01615397521,0.001133814527,0.005414358153,0.01613420434,0.02810419089,0.03621988777,3.517164243e-08,3.7955306e-07,2.934023414e-06,1.441228239e-05,0.02058510541,0.001902038256,0.007697165089,0.01966858912,0.02986812025,0.03469266454,4.945352706e-09,8.610006755e-08,1.030416232e-06,7.304722269e-06,0.0229377384,0.001950141262,0.007308456201,0.01661778734,0.02138789569,0.02108309913,5.550704762e-11,2.592384586e-09,7.117530395e-08,9.451768628e-07,0.02173168169,0.0006725199893,0.002813512217,0.005956224128,0.005658724064,0.003706608664,1.699777357e-09,5.932513846e-08,1.217205985e-06,1.235305487e-05,0.0439780182,0.002204442753,0.006338727468,0.009473607909,0.00661099123,0.003176792136,2.934256715e-08,7.670343242e-07,1.178718467e-05,9.161076423e-05,0.07294914245,0.004624859382,0.009858465507,0.01115874512,0.006023572712,0.002224167784,3.975649036e-09,1.939963239e-07,4.946843409e-06,5.527190336e-05,0.07973242018,0.002453367639,0.004117186787,0.003270788746,0.001016095304,0.0001969977134
29,0.05894949238,0.06937160432,0.0732532343,0.06996596112,0.1795411092,0.09307536116,0.1439834808,0.1924517694,0.2202213657,0.2202817027,0.0719577794,0.08247111032,0.08481434803,0.07905596401,0.1622093714,0.05711793175,0.07902089706,0.09521549498,0.09743214129,0.08793939334,0.001492620859,0.001899807364,0.002169766625,0.002227981293,0.02180937896,0.00372504678,0.008026993415,0.01459565954,0.02099003452,0.02560321287,0.001222789845,0.001598046689,0.001874003947,0.001971803829,0.02413966626,0.006070074034,0.01462593434,0.02950108598,0.04744280489,0.0641341623,0.02635842928,0.02214645313,0.01669676112,0.01168504461,0.04278059658,0.006950510656,0.01159327945,0.01661845519,0.01922213271,0.01874206932,0.0327459943,0.02673329736,0.01958349827,0.01334623908,0.03830617245,0.004085479927,0.00603453844,0.007726990987,0.007913984618,0.006899772793,0.0007161424574,0.0006466635133,0.0005239630847,0.0003919095616,0.005251301142,0.0002682407749,0.0006067020706,0.001153914667,0.001635783143,0.001900902625,0.0005764488368,0.0005357103164,0.0004467274611,0.0003431289282,0.005864689195,0.0004563503916,0.001165568289,0.002481726616,0.003973123804,0.005163481442,4.641724575e-06,1.26511108e-05,2.609715976e-05,3.97635701e-05,0.0102251941,0.0003780673797,0.001845055379,0.005959232374,0.01152106771,0.01580443739,2.203420312e-08,1.307688809e-07,5.334754567e-07,1.400425725e-06,0.00558083436,8.234812025e-05,0.0006717464665,0.003144973957,0.007472604071,0.01168899176,7.480749221e-08,5.257246476e-07,2.646566503e-06,8.750111643e-06,0.01235446009,0.0006527363877,0.003601699469,0.01227409661,0.02400528201,0.03379766127,5.978222189e-08,5.084996484e-07,3.098278777e-06,1.221741431e-05,0.01637864744,0.001216700355,0.005888947005,0.01776926555,0.03143969059,0.04113443097,3.491233959e-08,3.779376175e-07,2.930707792e-06,1.443770985e-05,0.02091298461,0.002050733612,0.008411429809,0.021764238,0.03357720119,0.03960148614,4.920196721e-09,8.596443568e-08,1.032424125e-06,7.342798107e-06,0.02336425455,0.002129879289,0.008104086859,0.01868832917,0.02449628398,0.0245804661,5.595743602e-11,2.626501401e-09,7.247297082e-08,9.668554142e-07,0.02236281401,0.00077516738,0.00331398794,0.007158346282,0.00699739835,0.004715424414,1.736017181e-09,6.089326337e-08,1.255634028e-06,1.280191883e-05,0.0454744719,0.002575974395,0.007569314405,0.01154275166,0.008293506712,0.004103090827,3.028704414e-08,7.956866592e-07,1.228869768e-05,9.594977609e-05,0.07572846464,0.005464898934,0.01190432041,0.01374833373,0.007645599519,0.002908303643,4.188529235e-09,2.056345288e-07,5.275695611e-06,5.927905117e-05,0.08354806552,0.003054592761,0.00526438709,0.004286776397,0.00138458361,0.0002792490792
30,0.05845829359,0.06882671304,0.07271287596,0.06948074309,0.1796820366,0.09390753875,0.1455669119,0.1949364349,0.2235195236,0.2240000666,0.07166387362,0.08222729916,0.08465939677,0.07899403865,0.1630796142,0.05832522909,0.08107815619,0.09812937716,0.1008957945,0.09146741439,0.001482192105,0.001889384658,0.002161123924,0.002222202165,0.02195791743,0.003830442752,0.008306956357,0.01519450441,0.02199123981,0.02698246561,0.001209066952,0.001581471567,0.001856161771,0.001954581135,0.02419335699,0.006167270267,0.01491422648,0.03018425883,0.0487182986,0.06607898706,0.02612800109,0.02196343358,0.01656676388,0.01159922868,0.04281028488,0.007012704675,0.01172087742,0.01683318282,0.01951024725,0.01905869264,0.03261107447,0.02665484747,0.01954927665,0.01333755783,0.03852369944,0.004176289569,0.006199769482,0.007975719169,0.008209943401,0.007191002549,0.0007111931462,0.0006431926913,0.0005219609784,0.000390972234,0.00528842392,0.0002760507416,0.0006284789328,0.001202642129,0.001716096073,0.002006316098,0.0005698081281,0.0005299868991,0.0004423286055,0.0003400154969,0.005876874181,0.0004635364226,0.001188161037,0.002538240677,0.004078159503,0.005317445181,4.548889777e-06,1.243057178e-05,2.570940886e-05,3.926749537e-05,0.01030434883,0.0003970487109,0.001959523502,0.006395143185,0.01251719474,0.01737407546,2.144327507e-08,1.277107088e-07,5.228372146e-07,1.376967349e-06,0.005633524269,8.799179254e-05,0.0007287509446,0.003460235699,0.008365490609,0.01330731235,7.358600589e-08,5.18762874e-07,2.619713359e-06,8.686410005e-06,0.01250484755,0.0006978909051,0.003903033859,0.01346827598,0.02675147692,0.03823036397,5.901692102e-08,5.035650294e-07,3.077838352e-06,1.217195615e-05,0.01660414203,0.001305731683,0.006405500436,0.0195709767,0.0351725555,0.04671754717,3.462157755e-08,3.75965872e-07,2.924564644e-06,1.444916575e-05,0.02124311194,0.002211192852,0.009192471298,0.02408427086,0.03774837026,0.04520641103,4.889261192e-09,8.572523809e-08,1.033182734e-06,7.372114484e-06,0.02379385665,0.002326047973,0.00898572054,0.02101522634,0.02805391106,0.02865508582,5.631438982e-11,2.656478469e-09,7.366680169e-08,9.873194044e-07,0.02300635315,0.0008933984918,0.00390306898,0.008602045918,0.008651548814,0.005997853566,1.769961237e-09,6.239446343e-08,1.293025087e-06,1.324400435e-05,0.04700959023,0.003009815385,0.009037750738,0.01406199191,0.01040267364,0.005298589124,3.120757787e-08,8.239717142e-07,1.278919299e-05,0.0001003186327,0.07859297852,0.006456813113,0.01437295693,0.01693655981,0.009702883363,0.00380220285,4.403395784e-09,2.175051175e-07,5.614362338e-06,6.344035185e-05,0.08752006284,0.003802608953,0.006730154736,0.005617357061,0.001886321065,0.0003957515904
31,0.05795287074,0.06826376541,0.07215209138,0.06897484364,0.1797991827,0.09472766654,0.147130559,0.1973946453,0.2267891429,0.2276930887,0.0713541626,0.08196516217,0.08448559924,0.07891472747,0.1639511324,0.05956459479,0.08320021621,0.1011484617,0.1045017688,0.09515665173,0.001471294475,0.001878336419,0.002151743757,0.002215652904,0.02210621482,0.003939165591,0.008597608473,0.01581991489,0.02304357022,0.02844070058,0.001194965163,0.001564351406,0.001837624561,0.001936575308,0.02424307352,0.006264593353,0.01520393814,0.03087309916,0.05000902471,0.06805358156,0.02589105653,0.0217744911,0.01643197071,0.01150984738,0.04283397144,0.007073889007,0.01184665677,0.01704524588,0.01979536012,0.019372598,0.03246875932,0.02657029677,0.019510595,0.01332587649,0.03874174439,0.004269639263,0.006370480934,0.008233903371,0.00851870804,0.007496246751,0.0007060169742,0.0006395075089,0.0005197799841,0.0003898991819,0.005325526325,0.0002841166807,0.0006511179325,0.00125360899,0.001800654677,0.002117975872,0.0005629881084,0.0005240796023,0.0004377626349,0.0003367643455,0.005888052954,0.0004707212344,0.001210830194,0.002595132892,0.004184273906,0.005473498474,4.453906896e-06,1.220280235e-05,2.530424084e-05,3.874182174e-05,0.01038211217,0.0004169174272,0.002080691027,0.00686138453,0.01359582695,0.01909379694,2.084297284e-08,1.245719005e-07,5.117802198e-07,1.352220848e-06,0.005685374218,9.400223612e-05,0.0007903860502,0.003805932392,0.009361672251,0.0151433792,7.231322411e-08,5.113843274e-07,2.590528251e-06,8.614431155e-06,0.01265481719,0.0007460990593,0.004228998942,0.01477601775,0.0298052036,0.04323295651,5.820339177e-08,4.981766124e-07,3.054425993e-06,1.211423228e-05,0.01682966538,0.001401129623,0.006966324831,0.02155129027,0.03933938652,0.05304368603,3.429853317e-08,3.736226011e-07,2.915425595e-06,1.444558792e-05,0.02157436917,0.002383919159,0.01004438711,0.02664616778,0.04242707827,0.05158941832,4.85231493e-09,8.537655817e-08,1.032598011e-06,7.391850423e-06,0.02422496914,0.002539566793,0.009959966454,0.0236229526,0.03211424199,0.03338870581,5.656821972e-11,2.681757823e-09,7.473864136e-08,1.006294318e-06,0.02366020663,0.001029194228,0.004594452068,0.01033082386,0.01068945526,0.00762317412,1.80113587e-09,6.381002048e-08,1.328953821e-06,1.367464942e-05,0.04857892691,0.003514969681,0.01078493118,0.01712022596,0.01303875853,0.006836806364,3.209379828e-08,8.51595688e-07,1.328386295e-05,0.0001046783295,0.08153526518,0.00762469126,0.01734304699,0.02085019148,0.01230434065,0.004966582724,4.618127884e-09,2.295020022e-07,5.960136459e-06,6.772626613e-05,0.09164079899,0.004730481587,0.008597269425,0.007354565907,0.002567329716,0.0005602323952
32,0.05743359389,0.06768306789,0.07157106446,0.06844831237,0.1798906187,0.09553205547,0.1486672097,0.199814819,0.2300144954,0.231342693,0.07102843185,0.08168420271,0.0842921866,0.07881709217,0.1648216366,0.06083448031,0.08538503317,0.1042707682,0.1082490534,0.09900749635,0.001459928076,0.00186665388,0.002141605787,0.002208302733,0.02225382142,0.004051090874,0.008898744575,0.01647174993,0.02414741642,0.02997936496,0.001180497922,0.001546698836,0.001818401112,0.001917789544,0.0242883992,0.006361672462,0.01549395107,0.03156493224,0.05130997112,0.07005032224,0.0256477805,0.0215797393,0.016292435,0.01141691666,0.04285118536,0.007133777937,0.01197001436,0.0172536043,0.02007604153,0.01968218158,0.03231894386,0.02647947397,0.01946726515,0.01331102755,0.03895974529,0.00436542176,0.006546530915,0.008501417006,0.00884025578,0.007815613617,0.0007006137719,0.0006356047038,0.0005174149022,0.0003886847344,0.005362498411,0.0002924302355,0.0006746062672,0.001306812653,0.001889508611,0.002236021613,0.0005559955276,0.0005179930622,0.0004330319947,0.000333376308,0.005898124121,0.0004778764749,0.00123348485,0.002652172973,0.004291035723,0.005631008076,4.356938165e-06,1.196812387e-05,2.488204366e-05,3.818672177e-05,0.01045812567,0.0004376574894,0.002208588848,0.007358639158,0.01476038953,0.02097235435,2.023466782e-08,1.21358995e-07,5.003234304e-07,1.326214776e-06,0.005736139553,0.0001003850854,0.0008568339094,0.004183874506,0.01046970578,0.01721997296,7.09906666e-08,5.035923951e-07,2.558988312e-06,8.533969468e-06,0.01280380416,0.0007974342441,0.00458066684,0.01620419671,0.03319133923,0.04886241656,5.734189415e-08,4.923288567e-07,3.027957526e-06,1.204371791e-05,0.01705439281,0.001503082657,0.007573576028,0.02372190152,0.04397744263,0.06019090132,3.394257758e-08,3.708946947e-07,2.903137819e-06,1.442598293e-05,0.02190558449,0.002569359684,0.01097108342,0.02946726057,0.04766006314,0.05883720997,4.809167069e-09,8.491315233e-08,1.03058316e-06,7.401228158e-06,0.02465592786,0.002771286721,0.01103331324,0.02653642055,0.03673368925,0.03887011607,5.670980121e-11,2.701798002e-09,7.567043403e-08,1.023501644e-06,0.02432206289,0.001184667491,0.005403240712,0.01239399138,0.01319135611,0.00967558867,1.829063718e-09,6.512068074e-08,1.362974171e-06,1.408887832e-05,0.05017743156,0.004101250743,0.01285681814,0.02082002207,0.01632164632,0.008808669789,3.293480535e-08,8.782438349e-07,1.37674566e-05,0.0001089854649,0.0845466638,0.008995217738,0.02090432453,0.02563753688,0.01558200331,0.006477591104,4.830339983e-09,2.415026029e-07,6.309793306e-06,7.210042763e-05,0.09590055356,0.005877391067,0.01096693759,0.009614128867,0.003488018401,0.000791492297
33,0.056900863,0.06708497062,0.07097003381,0.0679012584,0.1799544664,0.09631696881,0.1501695117,0.202185079,0.2331793488,0.2349301165,0.07068650634,0.08138397187,0.0840784396,0.07870023952,0.1656888175,0.06213317599,0.08763023284,0.1074937862,0.1121359452,0.1030195944,0.001448094439,0.001854330287,0.002130692099,0.002200123388,0.02240028212,0.004166073593,0.009210094705,0.01714971462,0.02530289463,0.03159952143,0.001165679669,0.001528528161,0.001798502578,0.001898229885,0.02432892501,0.006458121188,0.01578308512,0.03225690088,0.05261571106,0.0720608472,0.02539837166,0.02137930629,0.01614822314,0.01132046296,0.04286146878,0.007192082272,0.01209033585,0.01745719251,0.02035081755,0.01998578064,0.03216154188,0.02638222392,0.01941911083,0.01329285126,0.03917713455,0.004463517321,0.006727750448,0.008778087733,0.009174504803,0.008149150879,0.0006949840645,0.0006314817065,0.0005148611221,0.0003873236624,0.005399228766,0.0003009815184,0.0006989261229,0.001362238198,0.00198268618,0.002360565014,0.0005488376035,0.000511732478,0.0004281397,0.0003298527221,0.005906988295,0.0004849726543,0.001256029282,0.002709115605,0.004397979572,0.005789282252,4.258155337e-06,1.172689601e-05,2.444330577e-05,3.760254583e-05,0.01053202791,0.0004592443105,0.00234318864,0.007887351651,0.01601378306,0.02301781051,1.961977594e-08,1.180790441e-07,4.884887792e-07,1.298987282e-06,0.005785572287,0.0001071429339,0.0009282462886,0.004595736896,0.01169802486,0.01956046565,6.962016233e-08,4.953931096e-07,2.525085698e-06,8.444872134e-06,0.01295122762,0.0008519492447,0.004958977876,0.01775927635,0.03693449536,0.05517709242,5.643299558e-08,4.860191457e-07,2.998367637e-06,1.19599633e-05,0.01727747098,0.001611738455,0.008229193946,0.0260939654,0.04912394624,0.06823975859,3.355328917e-08,3.677713656e-07,2.887566238e-06,1.438943958e-05,0.02223553553,0.002767888863,0.01197616687,0.03256434418,0.05349454919,0.06704012734,4.759670963e-09,8.43305429e-08,1.027060058e-06,7.399525166e-06,0.02508498464,0.003021961173,0.0122119631,0.02978048037,0.04197081799,0.04519440352,5.673075873e-11,2.716084232e-09,7.644454039e-08,1.038663444e-06,0.02498939132,0.001362037704,0.006345869175,0.01484676496,0.01625047525,0.01225633049,1.853271726e-09,6.630695276e-08,1.394625613e-06,1.448146389e-05,0.05179943723,0.004779206403,0.01530442542,0.02527833631,0.02039309595,0.01132543662,3.371931998e-08,9.035842971e-07,1.42343336e-05,0.000113192598,0.08761722671,0.0105975661,0.02515791203,0.03147012506,0.01969418535,0.008429718999,5.037403396e-09,2.53368533e-07,6.65959508e-06,7.651951707e-05,0.1002873553,0.00728924471,0.01396156095,0.01254002622,0.004726859005,0.00111501604
34,0.05635510776,0.0664698677,0.07034929374,0.06733385193,0.1799889059,0.097078638,0.151630005,0.2044933086,0.236267047,0.2384360032,0.07032825243,0.08106407163,0.08384369289,0.07856332615,0.1665503525,0.06345880593,0.08993309382,0.110814439,0.1161599875,0.1071917649,0.001435796559,0.00184136099,0.00211898736,0.002191089332,0.02254513765,0.004283947144,0.009531319368,0.01785334511,0.02650981142,0.03330178585,0.001150525813,0.00150985534,0.001777942492,0.001877905276,0.0243642514,0.006553538913,0.01607010214,0.03294597385,0.05392041611,0.07407607033,0.0251430423,0.02117333473,0.01599941481,0.01122052339,0.04286437877,0.00724851062,0.0122069986,0.01765492473,0.0206181777,0.02028168234,0.03199648693,0.02627840867,0.01936596867,0.0132711966,0.03939334029,0.004563793249,0.00691394189,0.009063693928,0.009521308326,0.008496838272,0.0006891290921,0.0006271366735,0.0005121146612,0.0003858112176,0.005435604803,0.0003097590286,0.0007240542744,0.001419857069,0.002080191352,0.002491684818,0.0005415220098,0.0005053036078,0.0004230893397,0.0003261954384,0.005914548536,0.0004919792562,0.001278363291,0.002765701256,0.004504607296,0.005947572303,4.157738909e-06,1.147951532e-05,2.398861547e-05,3.698982478e-05,0.01060345604,0.0004816439622,0.00248439475,0.00844768357,0.01735823839,0.02523724205,1.899974881e-08,1.147395694e-07,4.763010628e-07,1.270586033e-06,0.005833422214,0.0001142748313,0.001004736593,0.005042998258,0.0130547143,0.02218834084,6.820384433e-08,4.867951795e-07,2.488828171e-06,8.347042498e-06,0.01309649291,0.0009096723095,0.005364701835,0.01944710597,0.04105841849,0.06223557726,5.547757561e-08,4.792479098e-07,2.965611185e-06,1.186260111e-05,0.01749802075,0.001727195156,0.008934829859,0.02867776816,0.05481522755,0.07727187958,3.313046481e-08,3.64244343e-07,2.86859563e-06,1.43351421e-05,0.02256295326,0.00297979036,0.01306282239,0.03595321852,0.05997723848,0.07629065644,4.703727678e-09,8.362510574e-08,1.021960636e-06,7.386086241e-06,0.02551031334,0.003292213708,0.01350163768,0.03337929954,0.04788525981,0.05246173272,5.662365094e-11,2.724139038e-09,7.70440792e-08,1.051507423e-06,0.02565944553,0.001563594216,0.007439946048,0.01775011318,0.0199737375,0.01548562422,1.873299971e-09,6.734944758e-08,1.423440593e-06,1.484700519e-05,0.05343865617,0.005559991326,0.01818356474,0.0306267587,0.02541864525,0.01452160754,3.443586451e-08,9.272729382e-07,1.46785372e-05,0.0001172487814,0.09073569045,0.01246315182,0.03021620753,0.03854378175,0.02482839319,0.01093882808,5.23647965e-09,2.649469592e-07,7.005314854e-06,8.093337701e-05,0.1047868614,0.009019153035,0.01772738164,0.01630926908,0.006384601242,0.001564948093
35,0.05579678718,0.06583819723,0.06970919478,0.06674632531,0.1799921836,0.09781328,0.1530411597,0.2067272155,0.2392606011,0.2418405138,0.06995357956,0.08072415773,0.083587339,0.07840556327,0.1674039101,0.06480932404,0.09229053265,0.1142290496,0.1203179093,0.1115219184,0.00142303892,0.00182774352,0.002106478959,0.002181177958,0.02268792588,0.004404522457,0.0098620051,0.01858199397,0.02776762837,0.03508626324,0.001135052706,0.001490697974,0.001756736771,0.001856827596,0.02439399007,0.006647512449,0.01635371099,0.03362895765,0.0552178765,0.07608620844,0.0248820181,0.02096198177,0.01584610297,0.01111714592,0.04285948921,0.007302770778,0.01231937484,0.01784570092,0.02087658365,0.02056813399,0.03182373311,0.02616790848,0.01930768917,0.01324592202,0.03960778772,0.004666103503,0.007104877511,0.009357961327,0.009880448803,0.008858580016,0.0006830508241,0.0006225685151,0.0005091722014,0.0003841431686,0.005471513086,0.0003187495787,0.0007499617092,0.001479625802,0.002182000757,0.002629421656,0.0005340568598,0.0004987127601,0.0004178850749,0.0003224068249,0.005920710788,0.0004988648682,0.001300382645,0.002821657263,0.004610389897,0.006105075173,4.055877236e-06,1.122641344e-05,2.351865904e-05,3.634927072e-05,0.01067204738,0.0005048124362,0.002632036189,0.009039467328,0.01879516117,0.02763640973,1.837606427e-08,1.113485119e-07,4.637877914e-07,1.241068025e-06,0.005879438137,0.0001217757749,0.001086371337,0.005526873656,0.01454724355,0.02512658823,6.674414098e-08,4.778099913e-07,2.450239497e-06,8.240442869e-06,0.01323899387,0.0009706030886,0.005798396176,0.02127269328,0.04558528295,0.07009530065,5.447682735e-08,4.720187172e-07,2.929664334e-06,1.175135325e-05,0.01771514068,0.001849492224,0.009691767064,0.03148235514,0.06108570095,0.08736808709,3.267412882e-08,3.60308044e-07,2.846132596e-06,1.426238302e-05,0.02288652661,0.003205237885,0.01423367797,0.03964816107,0.06715308148,0.08668147361,4.641288986e-09,8.279415028e-08,1.015228205e-06,7.360335388e-06,0.0259300173,0.003582502867,0.01490735619,0.03735561845,0.05453630248,0.06077556828,5.638215168e-11,2.725533016e-09,7.745328574e-08,1.061772427e-06,0.02632927025,0.001791647121,0.008703999715,0.02117027681,0.02448199945,0.01950428629,1.888711112e-09,6.8229255e-08,1.448953074e-06,1.51800199e-05,0.05508818518,0.006455177225,0.02155428744,0.03701109538,0.03158887887,0.01855759053,3.507297069e-08,9.489591456e-07,1.509388638e-05,0.0001211002753,0.0938894656,0.01462521035,0.03620217943,0.04707878957,0.03120364578,0.01414509125,5.424566071e-09,2.760726933e-07,7.342282695e-06,8.528540806e-05,0.1093822664,0.01112768141,0.02243674131,0.02113658313,0.008588910435,0.002186440851
36,0.05522638904,0.06519044101,0.06905014386,0.06613897367,0.1799626191,0.09851711587,0.154395416,0.2088744015,0.2421427923,0.2451234513,0.06956244172,0.08036394234,0.08330883217,0.07822622112,0.1682471569,0.06618251129,0.09469909125,0.1177333093,0.1246055691,0.1160069772,0.001409827518,0.001813477655,0.002093157134,0.002170369765,0.02282818333,0.004527587286,0.01020166046,0.01933481631,0.02907542745,0.03695248306,0.001119277602,0.001471075269,0.0017349037,0.001835011671,0.02441776572,0.006739617953,0.01663257366,0.0343025114,0.0565015291,0.07808082238,0.02461553785,0.02074541891,0.01568839393,0.01101038943,0.0428463927,0.007354571224,0.01242683524,0.01802841334,0.021124479,0.02084335467,0.03164325577,0.02605062276,0.0192441377,0.01321689631,0.03981990064,0.004770288405,0.007300298251,0.009660559918,0.01025163235,0.009234197366,0.0006767519697,0.0006177769195,0.0005060311208,0.0003823158353,0.005506839676,0.0003279382343,0.000776613281,0.001541484791,0.002288060689,0.002773772778,0.0005264506867,0.0004919667797,0.0004125316338,0.0003184897675,0.00592538433,0.0005055973342,0.00132197959,0.002876699198,0.004714770127,0.006260937197,3.952765533e-06,1.09680549e-05,2.303421786e-05,3.568177578e-05,0.01073744119,0.0005286949847,0.002785858945,0.009662159873,0.020324969,0.03021940014,1.775021635e-08,1.079141752e-07,4.509789994e-07,1.210499256e-06,0.005923369182,0.0001296362067,0.001173161247,0.006048240978,0.01618216023,0.02839696632,6.524376373e-08,4.684515802e-07,2.409359692e-06,8.125096725e-06,0.01337811555,0.001034708519,0.006260361856,0.02323995501,0.05053487743,0.07881082352,5.343225525e-08,4.64338332e-07,2.890525461e-06,1.162603685e-05,0.0179279109,0.001978601088,0.01050083605,0.03451511776,0.06796667276,0.0986061252,3.218453969e-08,3.559597196e-07,2.820107349e-06,1.417057522e-05,0.02320490805,0.003444275224,0.01549065809,0.04366133334,0.07506382177,0.09830299412,4.572359763e-09,8.183598984e-08,1.006818678e-06,7.32178721e-06,0.02634213841,0.003893084705,0.01643318783,0.04172988205,0.06198113228,0.07024026241,5.600122124e-11,2.719895441e-09,7.765787768e-08,1.069214213e-06,0.02699571195,0.002048464267,0.01015710851,0.02517787759,0.02990959101,0.02447468482,1.899100216e-09,6.892834789e-08,1.470707993e-06,1.547505018e-05,0.05674052128,0.007476491786,0.02547995137,0.04459006984,0.03911970412,0.02362178208,3.561941133e-08,9.682925259e-07,1.547408645e-05,0.0001246914436,0.09706464768,0.01711816796,0.04324790295,0.05731876961,0.03907177251,0.01821555154,5.598553579e-09,2.865710442e-07,7.665455633e-06,8.951327925e-05,0.1140542454,0.01368276921,0.02828960494,0.02727854829,0.01149919632,0.003038336582
37,0.05464442903,0.06452712386,0.06837260407,0.06551215522,0.1798986131,0.09918639067,0.1556852278,0.2109224399,0.244896286,0.2482644014,0.0691548387,0.07998319648,0.08300769184,0.07802463329,0.1690777638,0.06757597448,0.09715492708,0.1213222514,0.1290179026,0.1206427998,0.001396169866,0.001798565471,0.002079015085,0.002158648539,0.02296544667,0.004652905703,0.01054971258,0.02011075698,0.03043187745,0.03889933499,0.001103218612,0.001451007987,0.001712463895,0.001812475268,0.02443521793,0.006829423126,0.01690531254,0.0349631653,0.05776449327,0.08004887268,0.02434385294,0.02052383171,0.0155264072,0.01090032375,0.04282470235,0.007403622707,0.01252875263,0.0182019537,0.02136030002,0.02110554823,0.0314550521,0.02592647083,0.01917519531,0.01318399938,0.04002910297,0.004876174458,0.007499912687,0.009971101149,0.01063448349,0.009623421374,0.0006702359821,0.0006127623708,0.0005026895228,0.0003803261202,0.005541470509,0.0003373082659,0.000803967403,0.001605357132,0.002398284182,0.002924686764,0.0005187124195,0.0004850730306,0.0004070343014,0.0003144476664,0.005928482218,0.0005121439273,0.001343043464,0.002930532522,0.004817165751,0.006414259042,3.848604804e-06,1.070493448e-05,2.253616441e-05,3.498840886e-05,0.01079928054,0.000553225563,0.002945518845,0.01031479745,0.02194692488,0.03298824534,1.712370499e-08,1.044451634e-07,4.379070216e-07,1.178954284e-06,0.005964966209,0.0001378415325,0.001265052208,0.006607562688,0.01796474685,0.03201913239,6.370569145e-08,4.587365697e-07,2.366245069e-06,8.001090248e-06,0.01351323716,0.001101918754,0.006750597634,0.02535144909,0.05592369173,0.08843183474,5.234566928e-08,4.562167343e-07,2.848215833e-06,1.148656928e-05,0.01813539752,0.002114415752,0.01136232579,0.03778134557,0.0754849876,0.111057945,3.166219402e-08,3.511995711e-07,2.790475272e-06,1.405926305e-05,0.02351671994,0.003696795903,0.0168348282,0.04800212844,0.08374631916,0.1112404028,4.496999718e-09,8.075000026e-08,9.96701663e-07,7.27005752e-06,0.02674466753,0.004223973831,0.01808198221,0.04651925368,0.07027271852,0.08095794711,5.547726208e-11,2.706924396e-09,7.764541761e-08,1.073611347e-06,0.02765543359,0.002336193714,0.01181840045,0.02984653139,0.0364029378,0.03058071379,1.904104705e-09,6.94300041e-08,1.488271458e-06,1.572677988e-05,0.05838758864,0.008635478927,0.03002584527,0.05353291268,0.04825121683,0.0299316337,3.606445042e-08,9.849303624e-07,1.581285652e-05,0.0001279658229,0.1002460516,0.01997677558,0.05149216857,0.06952788322,0.04871716068,0.02334590012,5.755295962e-09,2.962614199e-07,7.969512181e-06,9.354997298e-05,0.1187809407,0.01675919289,0.03551391219,0.03503657713,0.01531124861,0.004196075048
38,0.05405144979,0.06384881277,0.06767709409,0.06486629099,0.1797986541,0.0998173944,0.1569031094,0.212858958,0.2475037556,0.2512428867,0.06873081703,0.07958175202,0.08268350591,0.07780020074,0.1698934124,0.06898714635,0.09965380622,0.1249902285,0.1335488752,0.1254241096,0.001382074995,0.001783011378,0.002064049067,0.002146001494,0.02309925437,0.004780217786,0.01090550434,0.02090853912,0.0318352026,0.04092500651,0.001086894648,0.001430518388,0.00168944025,0.001789239051,0.02444600287,0.006916489655,0.01717051867,0.03560734229,0.05899961489,0.08197879025,0.02406722686,0.02029741947,0.01536027532,0.01078702953,0.04279405358,0.007449639919,0.01262450608,0.0183652209,0.02158248736,0.02135291752,0.03125914165,0.02579539272,0.01910075955,0.01314712294,0.04023482044,0.004983574269,0.007703396238,0.0102891355,0.01102854029,0.01002588599,0.0006635070591,0.0006075261628,0.0004991462591,0.0003781715364,0.00557529179,0.0003468411173,0.0008319757877,0.001671147572,0.002512548218,0.003082058308,0.0005108513564,0.0004780393731,0.0004013989048,0.0003102844289,0.00592992172,0.0005184715414,0.001363461396,0.002982854518,0.004916973482,0.00656410186,3.743600682e-06,1.043757425e-05,2.202545718e-05,3.427041039e-05,0.0108572142,0.0005783264038,0.00311057526,0.01099595294,0.02365897165,0.03594252969,1.64980254e-08,1.009503149e-07,4.246062343e-07,1.146515654e-06,0.006003983291,0.0001463716779,0.001361916323,0.007204804699,0.01989864623,0.03600964623,6.213315141e-08,4.486840801e-07,2.320968089e-06,7.868573135e-06,0.01364373529,0.001172123253,0.007268753965,0.02760809421,0.06176391684,0.09900086199,5.121917536e-08,4.47667104e-07,2.802780018e-06,1.133297206e-05,0.0183366575,0.00225674363,0.0122758931,0.04128375175,0.08366152999,0.124786567,3.11078278e-08,3.460308326e-07,2.757218219e-06,1.392813214e-05,0.02382056167,0.003962523011,0.01826623369,0.05267647075,0.09323066821,0.1255701691,4.415324374e-09,7.953666475e-08,9.848613962e-07,7.204872869e-06,0.02713555652,0.004574903979,0.01985508324,0.05173652539,0.07945734766,0.09302469685,5.480825317e-11,2.68639606e-09,7.740566045e-08,1.074771051e-06,0.02830493337,0.002656771552,0.0137064113,0.03525088893,0.04411802303,0.0380263799,1.903414094e-09,6.971923351e-08,1.501241372e-06,1.593016011e-05,0.06002077755,0.009943075864,0.03525731162,0.06401561297,0.05924469331,0.03773317635,3.639810504e-08,9.985456551e-07,1.610407098e-05,0.0001308673442,0.1034172713,0.02323498287,0.06107700308,0.08398593744,0.06045434245,0.02976096545,5.89168921e-09,3.049616273e-07,8.248970757e-06,9.732516853e-05,0.1235379936,0.02043743918,0.04436423872,0.0447579414,0.02026111032,0.005754622395
39,0.05344801964,0.06315611562,0.06696418717,0.06420186427,0.1796613257,0.1004064839,0.1580416845,0.2146717251,0.2499480154,0.2540385336,0.06829047073,0.07915950351,0.08233593364,0.07755239554,0.1706918024,0.07041328748,0.1021910999,0.1287308957,0.1381914423,0.1303444312,0.001367553436,0.001766822138,0.00204825846,0.002132419408,0.0232291484,0.004909239557,0.01126829226,0.02172665449,0.03328315384,0.04302692365,0.001070325364,0.001409630156,0.001665857868,0.001765326531,0.02444979511,0.007000375923,0.01742676116,0.0362313831,0.06019951821,0.08385856218,0.0237859346,0.02006639472,0.01519014357,0.01067059819,0.04275410581,0.007492343235,0.01271348505,0.01851712913,0.0217894985,0.02158367968,0.03105556661,0.02565734973,0.01902074521,0.01310617121,0.04043648233,0.005092286605,0.007910390637,0.01061415052,0.01143325007,0.01044112163,0.0006565701369,0.0006020704072,0.0004954009497,0.0003758502322,0.005608190416,0.0003565163902,0.0008605832446,0.001738741587,0.002630691133,0.003245723193,0.0005028771342,0.0004708741381,0.0003956317941,0.0003060044572,0.005929624749,0.0005245469023,0.001383119079,0.003033356502,0.00501357358,0.006709494649,3.637962208e-06,1.016652029e-05,2.15031346e-05,3.352918504e-05,0.01091089863,0.0006039077453,0.003280485903,0.01170369738,0.0254575731,0.03907899532,1.587465751e-08,9.743863146e-08,4.111127683e-07,1.113273209e-06,0.006040179269,0.0001552007013,0.001463543372,0.007839354774,0.02198546425,0.04038086301,6.052959724e-08,4.383156059e-07,2.273617029e-06,7.727758632e-06,0.0137689874,0.001245167159,0.007814087825,0.03000888349,0.06806237821,0.1105507286,5.005516222e-08,4.387057635e-07,2.754286016e-06,1.116537356e-05,0.01853074397,0.00240529692,0.01324047279,0.04502198373,0.09250960932,0.139842557,3.052241475e-08,3.404598179e-07,2.720345502e-06,1.377701767e-05,0.02411501761,0.004240989802,0.01978373759,0.05768608378,0.1035381432,0.1413560777,4.32750526e-09,7.819760328e-08,9.712974724e-07,7.126078696e-06,0.02751273152,0.004945289354,0.02175203416,0.05738894753,0.08957183733,0.1065259645,5.399385764e-11,2.65817281e-09,7.693087342e-08,1.072534783e-06,0.02894056777,0.003011815875,0.01583829617,0.04146404436,0.05321645469,0.04703256442,1.896779199e-09,6.978319642e-08,1.509258172e-06,1.60805397e-05,0.06163099568,0.01140910658,0.0412373268,0.07621562982,0.07237722878,0.0472983976,3.661141089e-08,1.008835514e-06,1.634191157e-05,0.0001333416808,0.1065607669,0.02692454048,0.07214297258,0.1009809986,0.07462276206,0.03771330847,6.004758689e-09,3.124927694e-07,8.498329922e-06,0.0001007669486,0.1282986309,0.02480185474,0.055118194,0.05683389709,0.02662741429,0.007831093976
40,0.05283473123,0.06244967973,0.06623450974,0.06351941953,0.1794853128,0.1009501052,0.1590937368,0.2163487446,0.2522121608,0.2566312495,0.06783394174,0.07871640958,0.0819647082,0.07728076427,0.1714706587,0.07185148982,0.1047617848,0.1325371993,0.142937517,0.1353960338,0.001352617205,0.001750006874,0.002031645824,0.002117896732,0.02335467603,0.005039663177,0.01163724538,0.02256335584,0.03477298396,0.04520169661,0.001053531088,0.001388368314,0.001641743966,0.001740763983,0.02444628931,0.00708063993,0.01767259749,0.03683157435,0.06135666552,0.08567583224,0.02350026193,0.01983098268,0.01501616961,0.01055113158,0.04270454413,0.007531460502,0.01279509382,0.01865661638,0.02197982087,0.02179608232,0.03084439207,0.02551232492,0.01893508492,0.01306106154,0.04063352331,0.005202096577,0.008120503713,0.01094556935,0.01184796575,0.01086854944,0.0006494308803,0.0005963980361,0.0004914539971,0.0003733610114,0.005640054409,0.0003663118491,0.0008897275421,0.001808004627,0.002752510295,0.00341545359,0.0004947996952,0.0004635860967,0.0003897398194,0.0003016126328,0.005927518284,0.0005303367945,0.001401901628,0.003081726284,0.00510633509,0.006849442792,3.531900576e-06,9.892339061e-06,2.097030806e-05,3.276629251e-05,0.01096000008,0.0006298677428,0.003454603044,0.0124355675,0.02733756802,0.0423911605,1.525505542e-08,9.391920587e-08,3.974641952e-07,1.079323301e-06,0.006073319341,0.0001642964802,0.001569633038,0.008509943312,0.02422436174,0.04513974068,5.889868408e-08,4.276548639e-07,2.224295433e-06,7.578922778e-06,0.01388837545,0.001320848102,0.008385420008,0.03255060146,0.07481943029,0.1231018089,4.885628459e-08,4.29352083e-07,2.702825091e-06,1.09840104e-05,0.0187167119,0.002559684809,0.01425419137,0.04899213331,0.1020332681,0.1562601828,2.99071616e-08,3.344959286e-07,2.679894546e-06,1.36059109e-05,0.02439866574,0.004531521746,0.02138486228,0.06302774698,0.1146790173,0.1586448428,4.233769248e-09,7.673558522e-08,9.560253614e-07,7.033645825e-06,0.0278741076,0.005334188242,0.0237702834,0.06347701027,0.100640487,0.1215313416,5.303549859e-11,2.622209798e-09,7.621611596e-08,1.066783367e-06,0.02955857868,0.003402508746,0.01822889817,0.04855428051,0.06385993847,0.05783152092,1.884020453e-09,6.961159795e-08,1.512015317e-06,1.617379601e-05,0.06320873209,0.01304169666,0.04802352369,0.09030491823,0.08793357248,0.05891982727,3.669668249e-08,1.015529628e-06,1.652102506e-05,0.000135337682,0.1096579792,0.03107333379,0.08482318796,0.120799187,0.09157806785,0.04747925074,6.091751228e-09,3.186845891e-07,8.712226669e-06,0.0001038037911,0.1330338066,0.02993795236,0.06806996731,0.07169384454,0.03473120429,0.01056660058
41,0.05221219996,0.06173019004,0.06548873974,0.06281956098,0.1792694083,0.1014448168,0.1600522631,0.2178783496,0.2542797146,0.2590014094,0.06736142013,0.07825249405,0.08156963886,0.07698493113,0.1722277394,0.07329868201,0.1073604468,0.136401373,0.1477779465,0.1405698862,0.00133727976,0.001732577054,0.002014216933,0.002102431671,0.02347539169,0.005171157416,0.01201144493,0.02341665179,0.03630142714,0.04744507194,0.001036532753,0.001366759131,0.001617127774,0.001715580343,0.02443520185,0.007156842422,0.01790658479,0.03740417954,0.062463424,0.08741801559,0.02321050463,0.01959142065,0.01483852299,0.0104287418,0.04264508082,0.007566728867,0.01286875597,0.01878265328,0.02215198554,0.02198842053,0.03062570611,0.02536032353,0.01884372972,0.01301172499,0.04082538527,0.005312775966,0.008333309487,0.01128274985,0.01227194297,0.01130747628,0.0006420956665,0.0005905127989,0.0004873065949,0.0003707033504,0.005670773374,0.000376203446,0.0009193393439,0.001878781551,0.002877760131,0.003590953807,0.0004866292513,0.0004561844264,0.0003837303029,0.0002971142971,0.005923534763,0.000535808303,0.001419694502,0.003127650878,0.005194621664,0.0069829377,3.425627827e-06,9.61561361e-06,2.042815395e-05,3.198343648e-05,0.0110041966,0.0006560925844,0.003632171404,0.01318854107,0.02929204413,0.04586896713,1.464063712e-08,9.040114733e-08,3.836991937e-07,1.044767903e-06,0.006103176693,0.0001736204939,0.001679788261,0.009214569905,0.02661165019,0.05028659861,5.724424123e-08,4.167276132e-07,2.173121379e-06,7.422402828e-06,0.01400128986,0.001398913584,0.008981096634,0.03522755446,0.08202784786,0.1366591576,4.762544322e-08,4.196283443e-07,2.648511303e-06,1.078922736e-05,0.01889362418,0.002719406872,0.01531428786,0.05318626396,0.1122255665,0.174053353,2.926350041e-08,3.28151622e-07,2.635931178e-06,1.341496368e-05,0.024670087,0.004833220826,0.02306564098,0.06869256707,0.126650321,0.1774614123,4.134397046e-09,7.515452402e-08,9.390766755e-07,6.927675074e-06,0.02821760456,0.005740270519,0.0259049028,0.06999321978,0.1126718524,0.1380887537,5.193639889e-11,2.578559692e-09,7.525946779e-08,1.057441445e-06,0.03015512454,0.00382946922,0.02088968892,0.05658116084,0.07620302498,0.07065871772,1.865034996e-09,6.919704304e-08,1.509269115e-06,1.620646159e-05,0.06474413363,0.01484662115,0.05566467939,0.1064412118,0.1061948005,0.07290170859,3.664775819e-08,1.018398513e-06,1.66366813e-05,0.0001368088457,0.1126894733,0.03570347156,0.09923600946,0.1437114534,0.1116793548,0.0593516497,6.150228486e-09,3.233810642e-07,8.885607432e-06,0.0001063667848,0.1377124046,0.03592878573,0.08352048216,0.08979442954,0.04493209523,0.01412669877
42,0.05158106224,0.0609983671,0.0647276045,0.06210295067,0.1790125188,0.1018873129,0.160910526,0.2192493002,0.2561347774,0.2611300471,0.06687314399,0.07776784666,0.08115061276,0.07666460058,0.1729608428,0.07475163665,0.10998129,0.1403149407,0.1527024999,0.1458556221,0.001321555966,0.001714546465,0.001995980785,0.002086026248,0.02359085883,0.005303368416,0.01238988514,0.02428430442,0.0378646841,0.04975189302,0.001019351813,0.001344830018,0.00159204041,0.001689807085,0.02441627245,0.007228550187,0.01812729179,0.03794547269,0.06351213926,0.08907242638,0.02291696759,0.01934795723,0.01465738462,0.01030355074,0.04257545686,0.007597896615,0.01293391891,0.01889425197,0.02230458111,0.02215905422,0.03039961975,0.02520137324,0.01874664948,0.01295810678,0.0410115193,0.005424083701,0.008548348628,0.01162498436,0.01270433814,0.01175709074,0.0006345715647,0.0005844192541,0.0004829607325,0.0003678774094,0.005700238968,0.0003861653671,0.0009493422263,0.001950896283,0.003006150575,0.003771856624,0.0004783762462,0.000448678674,0.0003776110082,0.0002925152277,0.005917612475,0.0005409290669,0.001436384488,0.0031708194,0.005277797915,0.007108967454,3.319355549e-06,9.336939547e-06,1.987790511e-05,3.11824518e-05,0.01104318014,0.000682456834,0.003812328033,0.01395902198,0.03131223946,0.04949847547,1.403277466e-08,8.68935069e-08,3.698571997e-07,1.009713632e-06,0.006129534145,0.0001831277187,0.001793510137,0.0099504394,0.02914040942,0.05581387572,5.557024266e-08,4.05561449e-07,2.120226553e-06,7.258594862e-06,0.01410713345,0.001479059084,0.009598956738,0.03803132643,0.08967175776,0.1512096145,4.636576161e-08,4.095595685e-07,2.591480742e-06,1.058147593e-05,0.01906055792,0.002883848029,0.0164170454,0.05759197545,0.1230669083,0.1932114741,2.859307791e-08,3.21442338e-07,2.588549529e-06,1.320449076e-05,0.02492787508,0.005144952856,0.02482048607,0.07466529408,0.1394336214,0.1978041143,4.029720822e-09,7.345945342e-08,9.204991763e-07,6.80839976e-06,0.02854116374,0.006161790858,0.02814833191,0.07692092136,0.1256554628,0.1562182659,5.070158196e-11,2.527375338e-09,7.406219413e-08,1.04448106e-06,0.03072631519,0.004292621848,0.0238276087,0.06559103154,0.09038410671,0.08574174785,1.839802214e-09,6.853533675e-08,1.500847487e-06,1.617584133e-05,0.06622709361,0.01682660472,0.06419673709,0.1247576303,0.1274236327,0.08954723931,3.646021972e-08,1.017261191e-06,1.668492536e-05,0.0001377147746,0.1156351092,0.04082917684,0.115476549,0.1699573318,0.1352719621,0.07362880472,6.178157526e-09,3.264460182e-07,9.013904958e-06,0.0001083919859,0.1423015026,0.04285035828,0.101763752,0.1116025894,0.05761954461,0.01869969662
43,0.05094197365,0.06025496479,0.06395187834,0.06137030626,0.1787136704,0.1022744463,0.1616621076,0.2204508819,0.2577621799,0.2629990514,0.06636939907,0.07726262344,0.08070759631,0.07631955961,0.173667816,0.07620697944,0.1126181489,0.1442687277,0.1576998665,0.1512415208,0.001305462037,0.00169593117,0.001976949587,0.00206868634,0.02370065191,0.005435920767,0.01277147524,0.02516383003,0.03945841357,0.05211607051,0.001002010168,0.001322609411,0.001566514743,0.001663478077,0.02438926561,0.007295339492,0.0183333115,0.03845177408,0.06449521439,0.09062641688,0.02261996396,0.01910085153,0.01447294616,0.0101756897,0.04249544318,0.007624725001,0.01299005848,0.01899047513,0.02243626783,0.02230642581,0.03016626676,0.02503552427,0.01864383331,0.01290016672,0.04119138763,0.005535766479,0.008765129285,0.01197150019,0.01314420743,0.01221646029,0.0006268663109,0.0005781227548,0.0004784191928,0.0003648840406,0.00572834537,0.000396170103,0.0009796527859,0.002024151727,0.003137346022,0.00395772039,0.0004700513152,0.0004410787161,0.0003713901054,0.0002878216116,0.005909695914,0.0005456675423,0.001451860727,0.003210926152,0.005355236216,0.00722652832,3.213293562e-06,9.056920883e-06,1.932084147e-05,3.036529011e-05,0.01107665864,0.0007088240179,0.003994104399,0.01474283685,0.03338747861,0.05326162549,1.343278479e-08,8.34052037e-08,3.559780471e-07,9.742707204e-07,0.006152185784,0.0001927666568,0.001910194751,0.01071391148,0.03180014754,0.06170494731,5.38807758e-08,3.941855742e-07,2.065755146e-06,7.0879506e-06,0.01420532559,0.001560927055,0.01023630789,0.04095057306,0.09772566119,0.1667190063,4.508056001e-08,3.991733063e-07,2.531890449e-06,1.036131127e-05,0.01921661104,0.003052275408,0.01755773751,0.06219202804,0.1345234857,0.2136954001,2.789774198e-08,3.143863846e-07,2.537871543e-06,1.297496986e-05,0.02517064678,0.005465338656,0.02664208115,0.08092371605,0.1529929237,0.2196398411,3.920120987e-09,7.165648492e-08,9.003565076e-07,6.676185955e-06,0.02884276558,0.006596569491,0.03049016284,0.0842332307,0.1395586305,0.1759057492,4.933783136e-11,2.468910121e-09,7.262883888e-08,1.027924193e-06,0.03126825009,0.004791066398,0.02704384854,0.07561206222,0.1065147866,0.1032862183,1.808387443e-09,6.762571551e-08,1.486657277e-06,1.608011519e-05,0.06764735166,0.01898060159,0.07363848658,0.1453508408,0.1518464484,0.1091415822,3.613157662e-08,1.011991985e-06,1.666271746e-05,0.0001380225561,0.1184742409,0.04645455473,0.1336071946,0.1997259245,0.162665725,0.09059905594,6.173994152e-09,3.277684812e-07,9.093213005e-06,0.0001098228113,0.1467666974,0.05076610797,0.1230692628,0.137571817,0.07319806701,0.02449199233
44,0.05029560692,0.05950076786,0.06316237984,0.0606223984,0.1783720131,0.1026032519,0.162300963,0.2214730038,0.2591476348,0.2645913618,0.06585051819,0.07673704671,0.08024063608,0.07594967961,0.1743465623,0.07766120025,0.1152645065,0.1482528803,0.1627576678,0.156714501,0.001289015474,0.001676749448,0.001957138727,0.00205042168,0.02380435826,0.005568418894,0.01315504254,0.02605250321,0.04107773091,0.05453056482,0.0009845300749,0.001300126652,0.001540585241,0.001636629418,0.02435397204,0.007356799597,0.01852327432,0.03891948766,0.06540519383,0.09206752607,0.02231981414,0.0188503723,0.01428540929,0.01004529888,0.04240484195,0.007646990053,0.01303668342,0.01907044491,0.0225457916,0.02242907775,0.0299258034,0.02486284941,0.0185352897,0.01283787957,0.04136446565,0.00564755955,0.008983128303,0.01232146078,0.01359050693,0.01268452963,0.0006189882778,0.0005716294295,0.0004736855455,0.0003617247904,0.005754989771,0.0004061885433,0.001010180842,0.002098329948,0.003270964851,0.004148026987,0.0004616652436,0.0004333947161,0.0003650761333,0.0002830400153,0.00589973611,0.000549993271,0.001466015778,0.003247673826,0.005426323845,0.007334636953,3.107648637e-06,8.776165788e-06,1.875828028e-05,2.953400411e-05,0.01110435803,0.0007350474688,0.004176430926,0.0155352447,0.03550515123,0.05713608444,1.284192034e-08,7.9944953e-08,3.421016035e-07,9.385519236e-07,0.00617093858,0.0002024795122,0.002029132338,0.01150046784,0.03457652558,0.06793306914,5.218000904e-08,3.826305505e-07,2.009862584e-06,6.91097346e-06,0.0142953064,0.001644106929,0.01088991178,0.04397086752,0.1061536021,0.1831295926,4.377332696e-08,3.884993959e-07,2.46991706e-06,1.01293878e-05,0.01936090899,0.003223837476,0.01873059309,0.06696404997,0.1465459285,0.2354336776,2.717952532e-08,3.070047836e-07,2.484046079e-06,1.272703925e-05,0.02539705268,0.005792749898,0.02852130442,0.08743816869,0.1672728044,0.2428995077,3.806022187e-09,6.975274688e-08,8.787276509e-07,6.531530375e-06,0.02912044785,0.00704198237,0.0329169816,0.09189214069,0.1543235332,0.1970967239,4.785360882e-11,2.403515922e-09,7.096723898e-08,1.007844101e-06,0.03177705947,0.005322955832,0.03053263186,0.08664902557,0.1246679244,0.1234588023,1.770943603e-09,6.647099696e-08,1.466689732e-06,1.591842136e-05,0.06899460393,0.02130309111,0.08398708784,0.1682681881,0.1796323854,0.1319306804,3.566140621e-08,1.002526094e-06,1.656805408e-05,0.0001377080027,0.1211859387,0.05257134022,0.1536475232,0.2331346992,0.1941089953,0.110520946,6.13675457e-09,3.272675239e-07,9.120450012e-06,0.000110612352,0.1510724899,0.05972060813,0.1476605513,0.1681113909,0.09206548417,0.03171964796
45,0.04964264984,0.0587365892,0.06235996886,0.05986004769,0.1779868259,0.1028709688,0.1628214717,0.2223062943,0.2602778865,0.265891161,0.06531688031,0.07619140477,0.07974985934,0.07555491766,0.1749950495,0.07911066615,0.1179135158,0.152256894,0.167862482,0.1622601334,0.001272234994,0.001657021721,0.001936566715,0.002031245844,0.02390158014,0.005700448772,0.01353933686,0.02694736461,0.04271721478,0.05698738186,0.0009669340611,0.00127741186,0.001514287813,0.00160929926,0.02431020989,0.007412536337,0.01869586144,0.03934513972,0.06623485041,0.0933836353,0.02201684474,0.018596797,0.01409498502,0.009912526794,0.04230348765,0.007664484327,0.01307333974,0.01913335155,0.02263199759,0.02252566974,0.02967840796,0.02468344392,0.01842104676,0.0127712353,0.04153024391,0.005759187657,0.009201792856,0.0126739678,0.01404209405,0.01316012062,0.0006109464401,0.0005649461566,0.0004687641343,0.0003584018972,0.005780072854,0.0004161900945,0.001040829739,0.00217319267,0.0034065796,0.004342180839,0.0004532289244,0.0004256370799,0.0003586779588,0.0002781773514,0.005887690935,0.0005538771519,0.001478746696,0.003280776784,0.005490470368,0.007432343089,3.002623238e-06,8.495282318e-06,1.819156589e-05,2.869073069e-05,0.0111260242,0.0007609714322,0.004358144119,0.01633096131,0.03765073951,0.06109519981,1.226136232e-08,7.652119736e-08,3.282674084e-07,9.026714052e-07,0.006185613953,0.0002122025296,0.002149509134,0.01230470098,0.03745116995,0.07446052458,5.047215846e-08,3.709280331e-07,1.952714116e-06,6.728213897e-06,0.01437654096,0.001728136285,0.01155598166,0.04707461153,0.1149085405,0.2003579138,4.244768875e-08,3.775696897e-07,2.405755172e-06,9.886453263e-06,0.0194926115,0.003397565746,0.01992878393,0.07188035223,0.1590682503,0.2583193186,2.644062679e-08,2.993210776e-07,2.427247623e-06,1.2461493e-05,0.02560578805,0.006125310359,0.03044719064,0.09417119785,0.1821969028,0.2674740567,3.687888556e-09,6.775630599e-08,8.55706106e-07,6.375055887e-06,0.02937232421,0.007494962462,0.03541228121,0.09984787521,0.1698647672,0.2196907645,4.625893159e-11,2.331638633e-09,6.90884556e-08,9.84365357e-07,0.03224894778,0.005885390587,0.03428006705,0.09867809153,0.1448648767,0.146367983,1.727710614e-09,6.507763872e-08,1.441023852e-06,1.569091572e-05,0.07025862192,0.02378343194,0.09521368235,0.1934944197,0.2108703063,0.1580963726,3.50514414e-08,9.888636581e-07,1.64000642e-05,0.0001367566931,0.1237492351,0.05915675609,0.1755641195,0.2702070423,0.2297592687,0.1335992602,6.066071159e-09,3.248962872e-07,9.093502633e-06,0.0001107254781,0.1551827252,0.06973273999,0.1756905936,0.2035490138,0.114583814,0.04059557265
46,0.04898380304,0.05796326703,0.06154554324,0.05908412142,0.1775575203,0.1030750616,0.163218488,0.2229421936,0.2611408557,0.266884062,0.06476890941,0.07562605108,0.07923547407,0.07513531747,0.1756113178,0.08055163641,0.1205580275,0.1562696511,0.1729998831,0.16786267,0.001255140451,0.001636770461,0.001915255105,0.0020111762,0.02399193657,0.00583157995,0.01392303625,0.02784523249,0.04437092233,0.059477584,0.0009492448339,0.001254495798,0.001487659628,0.001581527607,0.02425782585,0.007462175688,0.0188498184,0.039725418,0.06697727431,0.09456312841,0.02171138756,0.01834041078,0.01390189279,0.009777529708,0.04219124797,0.00767701858,0.01309961495,0.01917846175,0.02269384346,0.02259499529,0.02942428022,0.02449742525,0.01830115216,0.0127002392,0.04168823015,0.005870366124,0.009420542482,0.01302806396,0.01449773013,0.01364193365,0.0006027503367,0.0005580805347,0.0004636600588,0.0003549182841,0.005803499282,0.0004261428242,0.001071496753,0.002248482079,0.003543717841,0.004539509079,0.0004447533147,0.0004178164093,0.0003522047339,0.0002732408432,0.005873525367,0.0005572917107,0.001489956116,0.003309964372,0.005547115119,0.007518742499,2.898414315e-06,8.214874172e-06,1.76220593e-05,2.783767304e-05,0.0111414249,0.0007864324368,0.004537996388,0.017124199,0.03980790018,0.06510807487,1.169221296e-08,7.314204187e-08,3.145143185e-07,8.667436068e-07,0.006196049273,0.0002218665032,0.0022704122,0.0131203282,0.04040159536,0.08123805312,4.876145408e-08,3.591104941e-07,1.894483273e-06,6.540264113e-06,0.01444852342,0.00181250326,0.01223019329,0.05024102441,0.1239319896,0.2182932134,4.110737733e-08,3.664177563e-07,2.339615462e-06,9.633341522e-06,0.01961091944,0.003572379332,0.02114443835,0.07690787362,0.1720071862,0.2822073466,2.568339039e-08,2.913611015e-07,2.367674613e-06,1.217927376e-05,0.02579560378,0.006460903266,0.03240693862,0.1010774116,0.1976668945,0.2932113043,3.566218319e-09,6.567607244e-08,8.313988092e-07,6.207504657e-06,0.02959660277,0.007952013699,0.03795646167,0.1080385609,0.1860675856,0.243536893,4.456521147e-11,2.253811273e-09,6.700662123e-08,9.576625225e-07,0.03268023867,0.006474337911,0.03826315474,0.1116419805,0.1670626685,0.1720434192,1.679012511e-09,6.345569952e-08,1.409827369e-06,1.539880369e-05,0.07142937832,0.02640532407,0.1072593915,0.2209388271,0.2455448583,0.1877288602,3.430560018e-08,9.710720748e-07,1.615907535e-05,0.000135164756,0.1261433881,0.06617163454,0.1992609615,0.310849889,0.269651864,0.1599578288,5.962228681e-09,3.206449555e-07,9.011340393e-06,0.0001101406123,0.1590610824,0.08078871705,0.2072151465,0.2440881977,0.1410431867,0.05131204561
47,0.04831977772,0.05718166183,0.0607200353,0.05829552998,0.177083644,0.1032132417,0.1634873881,0.2233730421,0.261725776,0.2675572854,0.06420707308,0.07504140326,0.07869776854,0.07469100973,0.1761934877,0.08198027925,0.1231906213,0.1602794676,0.1781544952,0.1735050926,0.001237752749,0.001616020091,0.001893228396,0.001990233838,0.02407506533,0.005961367905,0.01430475395,0.02874271823,0.04603241357,0.06199131717,0.0009314851907,0.001231409733,0.001460738941,0.001553356111,0.02419669622,0.00750536729,0.0189839684,0.04005721074,0.06762596224,0.09559505311,0.02140377846,0.01808150544,0.01370635964,0.009640470933,0.04206802462,0.007684423359,0.01311514203,0.01920512655,0.02273041166,0.02263599724,0.02916364078,0.02430493268,0.01817567308,0.01262491205,0.0418379513,0.005980802107,0.009638771547,0.01338273674,0.01495608447,0.01412855078,0.0005944100282,0.0005510408472,0.0004583791514,0.0003512775471,0.005825178172,0.0004360136281,0.001102073607,0.002323921969,0.003681863813,0.004739262991,0.000436249392,0.0004099434549,0.0003456658509,0.0002682379861,0.005857211722,0.0005602113645,0.00149955332,0.003334984194,0.005595734653,0.007592989941,2.79521217e-06,7.935536524e-06,1.705112759e-05,2.69770822e-05,0.0111503515,0.0008112609198,0.004714668579,0.01790872269,0.04195860538,0.06913978109,1.113548968e-08,6.981519424e-08,3.008801658e-07,8.308821256e-07,0.006202099274,0.0002313974611,0.00239083744,0.01394023381,0.04340125909,0.08820463734,4.705210637e-08,3.472109361e-07,1.835350234e-06,6.347752202e-06,0.01451078114,0.001896650297,0.01290771071,0.05344622147,0.1331539722,0.2367966013,3.975619707e-08,3.550785605e-07,2.27172259e-06,9.370964019e-06,0.01971508142,0.003747092555,0.02236868373,0.08200827687,0.1852620096,0.3069133661,2.491028244e-08,2.831527212e-07,2.305547413e-06,1.188146324e-05,0.02596531737,0.006797185218,0.03438596999,0.1081035555,0.2135620733,0.3199139308,3.441537845e-09,6.352169047e-08,8.059248058e-07,6.029729025e-06,0.02979160456,0.008409238756,0.04052692927,0.1163902832,0.2027870337,0.2684304171,4.278505961e-11,2.170644867e-09,6.473870491e-08,9.279574542e-07,0.03306742098,0.00708458514,0.04244904044,0.1254458761,0.1911420404,0.2004152835,1.625252272e-09,6.161870025e-08,1.373355219e-06,1.504434215e-05,0.07249717742,0.02914643048,0.1200320425,0.2504238112,0.2835132896,0.2207982009,3.342995319e-08,9.492863817e-07,1.584664505e-05,0.0001329393513,0.1283481594,0.07355897122,0.2245711493,0.3548331035,0.3136687233,0.1896106315,5.826178133e-09,3.145424642e-07,8.874093729e-06,0.0001088510532,0.162671604,0.09283546122,0.2421657446,0.2897627725,0.1716202137,0.0640188696
48,0.04765129332,0.05639265325,0.05988440819,0.05749522295,0.1765648832,0.1032834852,0.1636241149,0.2235921616,0.262023322,0.2678998233,0.06363188089,0.07443794155,0.07813711048,0.07422221205,0.1767397678,0.08339269044,0.1258036423,0.1642741488,0.1833100613,0.1791691819,0.001220093748,0.001594796866,0.001870513914,0.001968443465,0.02415062477,0.006089356681,0.0146830467,0.02963624589,0.0476947852,0.06451785539,0.0009136779274,0.001208185299,0.001433564898,0.001524827849,0.02412672765,0.007541787862,0.01909722546,0.04033764489,0.06817490527,0.09646928046,0.02109435626,0.01782037836,0.01350861929,0.009501520138,0.04193375395,0.007686550456,0.013119603,0.01921278848,0.02274092079,0.02264778203,0.02889673024,0.02410612686,0.01804469598,0.01254529004,0.04197895543,0.006090195988,0.009855852111,0.01373692297,0.01541573982,0.01461844068,0.0005859360516,0.0005438360229,0.0004529279481,0.0003474839376,0.005845023563,0.0004457684222,0.001132447085,0.002399219224,0.003820460849,0.004940620831,0.0004277281103,0.000402029067,0.0003390708951,0.0002631765085,0.005838729844,0.0005626126771,0.001507455268,0.003355605295,0.005635850016,0.007654311845,2.693199389e-06,7.657851996e-06,1.648013339e-05,2.611123816e-05,0.01115262064,0.0008352830921,0.004886785138,0.01867792212,0.04408334462,0.07315171739,1.059212013e-08,6.654791074e-08,2.874014346e-07,7.951986176e-07,0.006203637358,0.0002407175225,0.002509700929,0.01475654166,0.04641976367,0.09528771728,4.534827323e-08,3.352626034e-07,1.775500103e-06,6.151335828e-06,0.01456287858,0.001979979257,0.0135832279,0.05666339068,0.1424933461,0.2557011179,3.839799096e-08,3.435881272e-07,2.20231291e-06,9.100300191e-06,0.01980440037,0.003920425717,0.02359172046,0.08713821281,0.1987149123,0.3322133902,2.41238672e-08,2.747255452e-07,2.241105953e-06,1.156927055e-05,0.0261138236,0.007131607055,0.03636804391,0.11518884,0.2297396529,0.3473389065,3.314395263e-09,6.130341654e-08,7.794137034e-07,5.842680304e-06,0.02995578144,0.008862381418,0.04309830537,0.1248175823,0.2198481773,0.2941116563,4.093206222e-11,2.082817316e-09,6.230420104e-08,8.955152938e-07,0.03340719461,0.007709735331,0.04679460515,0.1399545293,0.216897481,0.2312953097,1.566904478e-09,5.958338639e-08,1.331945457e-06,1.463080995e-05,0.07345278792,0.03197821016,0.1334039821,0.2816759944,0.3244850674,0.2571271037,3.243262811e-08,9.237076182e-07,1.546555486e-05,0.0001300988123,0.1303441001,0.08124308508,0.25125083,0.4017725469,0.3615099779,0.222433411,5.659526484e-09,3.066567888e-07,8.683089376e-06,0.0001068657534,0.1659792573,0.1057749304,0.280324587,0.340391964,0.2063334536,0.07879819012
49,0.04697907514,0.05559713684,0.05903965192,0.05668418503,0.1760010651,0.1032840511,0.1636252173,0.2235939293,0.2620257234,0.2679025877,0.06304388252,0.07381620706,0.07755394569,0.07372922829,0.1772484622,0.08478491355,0.1283892422,0.168241055,0.1884495276,0.1848356062,0.001202186163,0.001573128745,0.001847141671,0.001945833281,0.02421829564,0.006215081824,0.01505642427,0.03052207563,0.04935071409,0.06704566317,0.0008958457479,0.001184854351,0.001406177344,0.001495987091,0.02404785787,0.007571144466,0.01918860686,0.04056412283,0.06861867326,0.0971766589,0.02078346164,0.01755733139,0.01330891117,0.009360852601,0.04178840741,0.007683274236,0.01311273232,0.01920098809,0.02272473575,0.02262963242,0.02862380836,0.02390118913,0.0179083263,0.01246142472,0.04211081372,0.006198242905,0.0100711372,0.01408951428,0.01587519919,0.01510996533,0.0005773393719,0.0005364755915,0.0004473136559,0.0003435423408,0.005862954868,0.0004553723561,0.001162499758,0.002474065649,0.003958914616,0.005142692092,0.0004192003571,0.0003940841476,0.000332429598,0.0002580643295,0.005818067261,0.0005644746011,0.001513587577,0.003371621201,0.005667033683,0.007702018445,2.592549868e-06,7.382386815e-06,1.591042456e-05,2.524243078e-05,0.0111480757,0.000858323019,0.005052931754,0.01942489981,0.0461613877,0.07710212078,1.006293819e-08,6.334694851e-08,2.741129614e-07,7.598017451e-07,0.006200556776,0.0002497459213,0.002625853517,0.01556071912,0.04942321979,0.1024038878,4.365402815e-08,3.232986928e-07,1.715121153e-06,5.951695555e-06,0.01460442105,0.002061857896,0.01425102672,0.05986307364,0.1518585349,0.2748128304,3.703660671e-08,3.319831945e-07,2.131632041e-06,8.822386909e-06,0.01987823971,0.004091019062,0.02480292808,0.09224976429,0.212232007,0.3578451303,2.332678135e-08,2.661106123e-07,2.174607092e-06,1.124401851e-05,0.02624010489,0.007461441769,0.03833543047,0.1222655401,0.2460358807,0.3751986108,3.185353776e-09,5.90319875e-08,7.520039391e-07,5.647395706e-06,0.03008773319,0.009306883708,0.04564275047,0.1332244311,0.2370475854,0.3202669612,3.902053354e-11,1.99106059e-09,5.972475081e-08,8.606392479e-07,0.03369651553,0.008342252474,0.0512464803,0.1549909848,0.2440304404,0.264361581,1.504505989e-09,5.736939772e-08,1.2860127e-06,1.416244714e-05,0.07428757534,0.03486600944,0.1472113308,0.3143210507,0.3680065926,0.2963678084,3.132365257e-08,8.945991528e-07,1.501976592e-05,0.0001266724291,0.1321128404,0.08912954781,0.2789761793,0.4511189077,0.4126713504,0.258138597,5.464501865e-09,2.970937416e-07,8.44083924e-06,0.0001042094819,0.1689505121,0.1194600569,0.3213039608,0.395540445,0.2449998647,0.09563787939
50,0.04630385195,0.05479602078,0.05818677942,0.05586343173,0.1753921588,0.1032134966,0.1634878866,0.2233738432,0.261726866,0.2675585391,0.06244366573,0.07317679961,0.07694879632,0.07321244747,0.177717978,0.08615296168,0.1309394244,0.1721671752,0.1935551429,0.1904840307,0.001184053465,0.001551045252,0.001823144207,0.001922434825,0.02427778276,0.006338073568,0.01542336019,0.03139633111,0.05099251029,0.06956247626,0.0008780111753,0.001161448824,0.001378616624,0.001466879066,0.02396005614,0.007593177551,0.01925724489,0.0407343568,0.06895249443,0.09770915941,0.02047143593,0.01729266975,0.01310747947,0.009218648434,0.04163199181,0.007674492795,0.01309431964,0.01916936955,0.02268137647,0.02258101825,0.028345153,0.02369032084,0.01776668806,0.01237338276,0.0422331223,0.006304634415,0.01028396445,0.01443936342,0.01633289416,0.01560138868,0.0005686313312,0.0005289696365,0.0004415441139,0.0003394582492,0.005878897311,0.0004647900481,0.001192110801,0.002548140133,0.004096597186,0.005344523257,0.0004106769106,0.000386119601,0.0003257517884,0.0002529095169,0.005795219281,0.000565778702,0.001517885437,0.003382852725,0.005688916005,0.007735515067,2.493427933e-06,7.109687193e-06,1.534332412e-05,2.437294098e-05,0.01113658815,0.0008802048842,0.005211675194,0.02014257342,0.04817110621,0.08094672636,9.548681241e-09,6.021852493e-08,2.610476626e-07,7.24796186e-07,0.006192771656,0.0002584001804,0.002738098587,0.01634371197,0.05237477463,0.1094601141,4.197332974e-08,3.113520693e-07,1.654403043e-06,5.749527914e-06,0.01463505817,0.002141627652,0.01490505099,0.0630135527,0.1611486879,0.2939130605,3.567586321e-08,3.203008615e-07,2.05993233e-06,8.53830716e-06,0.01993602923,0.004257449825,0.025991004,0.09729107469,0.225664997,0.3835109006,2.252170786e-08,2.573400616e-07,2.106321741e-06,1.090712826e-05,0.02634324112,0.007783819331,0.04026914346,0.1292598777,0.262268026,0.4031638422,3.0549848e-09,5.671848163e-08,7.238408966e-07,5.444983703e-06,0.03018622356,0.009737957365,0.04813040439,0.1415057137,0.2541561807,0.3465323392,3.706525361e-11,1.896146615e-09,5.702370769e-08,8.236643184e-07,0.03393263906,0.008973561518,0.05574155885,0.1703373175,0.2721469083,0.2991492186,1.438644944e-09,5.499885532e-08,1.236039287e-06,1.364436443e-05,0.07499363113,0.03776944886,0.161254988,0.3478833546,0.4134533678,0.3379861229,3.011473989e-08,8.622810675e-07,1.451433633e-05,0.0001226998698,0.133637375,0.0971060209,0.3073442278,0.5021543204,0.4664306403,0.2962567369,5.243895106e-09,2.859942836e-07,8.150981548e-06,0.0001009223375,0.1715539245,0.1336929607,0.3645330555,0.4544884149,0.2871972167,0.1144062459
51,0.04562635359,0.05399022245,0.05732682238,0.05503400493,0.1747382762,0.1030706899,0.1632099856,0.2229285766,0.2611223759,0.2668627938,0.06183185403,0.07252037527,0.07632225864,0.07267234214,0.1781468322,0.08749284058,0.1334460927,0.1760392091,0.1986085721,0.1960932475,0.001165719766,0.001528577328,0.001798556416,0.001898282799,0.02432881671,0.006457860256,0.01578230354,0.03225503043,0.05261217943,0.07205540043,0.0008601964643,0.001138000592,0.001350923388,0.001437549718,0.02386332355,0.00760766375,0.01930239756,0.04084640041,0.06917232801,0.09806000827,0.02015862007,0.01702670082,0.01290457208,0.009075091781,0.04146454946,0.007660128951,0.0130642123,0.01911768527,0.02261052496,0.02250160523,0.02806105905,0.0234737425,0.01761992324,0.01228124573,0.04234550406,0.006409060271,0.01049366014,0.01478529128,0.01678719462,0.01609088715,0.000559823596,0.0005213287431,0.0004356277512,0.0003352377319,0.005892782331,0.0004739858384,0.001221156906,0.002621111132,0.004232851897,0.005545105034,0.0004021683985,0.0003781462857,0.0003190473442,0.0002477202437,0.005770189063,0.0005665093617,0.001520294431,0.003389150522,0.005701191033,0.007754312318,2.395987573e-06,6.840275988e-06,1.478012073e-05,2.350502219e-05,0.0111180586,0.0009007553965,0.005361584991,0.02082379095,0.05009034816,0.08463956775,9.049988344e-09,5.716828436e-08,2.482362927e-07,6.902817187e-07,0.006180217873,0.0002665974159,0.002845212642,0.01709610849,0.05523530227,0.1163554756,4.030999318e-08,2.994549912e-07,1.593535041e-06,5.545538358e-06,0.01465448705,0.002218612645,0.01553899595,0.06608134186,0.1702552732,0.3127617895,3.431951807e-08,3.08578237e-07,1.98747025e-06,8.249178179e-06,0.01997727046,0.004418252163,0.02714413316,0.1022071583,0.2388535216,0.408882218,2.171134949e-08,2.484467911e-07,2.036531799e-06,1.056010241e-05,0.02642241877,0.008095768024,0.04214923049,0.1360931858,0.2782372681,0.4308688377,2.923861065e-09,5.437417553e-08,6.95074916e-07,5.236608151e-06,0.03025019491,0.01015066856,0.05052993792,0.149549202,0.2709234995,0.3724998785,3.508119834e-11,1.798872319e-09,5.422566109e-08,7.849501902e-07,0.0341131602,0.009594205737,0.06020805097,0.1857376809,0.3007603893,0.3350490367,1.369948427e-09,5.249587953e-08,1.182564431e-06,1.308242588e-05,0.07556389579,0.0406431287,0.1753036198,0.3817913637,0.460031781,0.3812556812,2.881902486e-08,8.271227782e-07,1.395530324e-05,0.000118230255,0.1349023388,0.1050440962,0.3358781595,0.5539985213,0.521846376,0.3361277152,5.000979904e-09,2.735304462e-07,7.818175931e-06,9.7058617e-05,0.1737607088,0.1482260314,0.4092549331,0.5162169305,0.3322381023,0.1348315238
52,0.04494730859,0.05318066515,0.05646082708,0.05419696834,0.1740396723,0.1028548216,0.1627900743,0.222256022,0.2602096848,0.2658127058,0.06120910429,0.07184764365,0.07567500042,0.07210946624,0.1785336583,0.08880057282,0.1359011039,0.1798436576,0.2035910235,0.2016413233,0.001147209711,0.001505757173,0.001773415355,0.001873414872,0.02437115527,0.006573971945,0.01613169168,0.03309412046,0.05420149372,0.07451102761,0.000842423517,0.001114541326,0.001323138383,0.001408045459,0.02375769317,0.007614418356,0.01932345809,0.04089867647,0.0692749285,0.0982238042,0.01984535344,0.01675973307,0.01270043962,0.008930370007,0.04128615805,0.007640131028,0.01302231713,0.01904579945,0.0225120307,0.02239126134,0.02777183727,0.02325169279,0.01746819126,0.01218510967,0.04244761033,0.006511210304,0.01069954348,0.01512609483,0.01723641976,0.01657656197,0.0005509281024,0.0005135639447,0.000429573541,0.0003308873997,0.005904547974,0.0004829240584,0.001249513279,0.002692639454,0.004366999001,0.005743381052,0.0003936852578,0.0003701749676,0.0003123261441,0.0002425047449,0.005742987625,0.0005666539569,0.001520771256,0.003390397297,0.00570362157,0.007758034886,2.300371779e-06,6.574649668e-06,1.422205961e-05,2.264088259e-05,0.01109241781,0.0009198062917,0.00550125652,0.02146145593,0.05189685767,0.08813390102,8.567399626e-09,5.420127246e-08,2.357072376e-07,6.56352398e-07,0.006162853746,0.0002742557428,0.002945968294,0.01780832941,0.05796424421,0.1229834162,3.866766396e-08,2.876388475e-07,1.532704295e-06,5.340434196e-06,0.01466245513,0.002292129734,0.01614641162,0.06903177418,0.1790640869,0.33110223,3.297123634e-08,2.968520936e-07,1.91450379e-06,7.956139231e-06,0.02000154154,0.004571939627,0.02825018609,0.1069408811,0.2516281581,0.4336060956,2.089840253e-08,2.394641101e-07,1.96552696e-06,1.020450714e-05,0.02647693922,0.008394261585,0.04395511611,0.1426833383,0.2937324626,0.4579183164,2.792549835e-09,5.201039987e-08,6.658592417e-07,5.023471549e-06,0.03027878116,0.01054003404,0.05280920505,0.1572379961,0.2870833245,0.3977269965,3.308327032e-11,1.700044281e-09,5.135593389e-08,7.448735178e-07,0.03423605057,0.01019406067,0.06456710081,0.2009038361,0.3293010241,0.371315867,1.299069227e-09,4.988605566e-08,1.126171769e-06,1.248310891e-05,0.07599227286,0.0434376579,0.1890987473,0.415389326,0.5067921885,0.425265083,2.745075898e-08,7.895341579e-07,1.334953346e-05,0.000113320918,0.1358942656,0.1128021769,0.3640374567,0.6056257792,0.5777711584,0.3769047243,4.739415131e-09,2.599000436e-07,7.447956901e-06,9.268508422e-05,0.1755452847,0.1627663248,0.4545359801,0.5794132303,0.3791612059,0.1564899324
53,0.04426744182,0.05236827462,0.05558985014,0.05335340277,0.1732967437,0.1025654131,0.1622274268,0.221355323,0.2589880768,0.2644079231,0.06057610412,0.07115936478,0.07500775793,0.07152445259,0.1788772128,0.09007222294,0.1382963235,0.1835669187,0.2084833886,0.2071057673,0.001128548366,0.001482618083,0.001747760043,0.00184787146,0.02440458483,0.006685944165,0.01646996387,0.03390951406,0.055752071,0.07691556827,0.0008247138023,0.001091102361,0.001295302267,0.00137841293,0.02364322999,0.007613297449,0.01931996304,0.04089000072,0.06925789983,0.09819661674,0.01953197279,0.01649207489,0.01249533441,0.008784672865,0.04109693045,0.007614473444,0.01296860183,0.01895369052,0.02238591406,0.02225006074,0.027477813,0.0230244276,0.01731166816,0.01208508465,0.04253912253,0.006610776375,0.01090093128,0.01546055558,0.01767885039,0.01705645327,0.000541957001,0.0005056866659,0.0004233909503,0.0003264143669,0.005914139236,0.000491569313,0.001277054706,0.002762381316,0.00449834201,0.005938257936,0.000385237697,0.0003622162735,0.00030559802,0.0002372712739,0.005713633813,0.0005662030097,0.001519284323,0.003386509645,0.005696043318,0.007746428739,2.206712003e-06,6.313275618e-06,1.36703343e-05,2.178266821e-05,0.01105962726,0.0009371968773,0.005629334923,0.02204865989,0.05356872909,0.09138322828,8.10135664e-09,5.132191835e-08,2.234863435e-07,6.230958319e-07,0.006140660538,0.0002812957493,0.003039159059,0.01847083859,0.06052057825,0.1292344494,3.704979405e-08,2.75933912e-07,1.472094155e-06,5.134917643e-06,0.0146587626,0.002361499425,0.01672081787,0.07182967313,0.1874576377,0.3486664867,3.163456126e-08,2.851585342e-07,1.841289862e-06,7.660339285e-06,0.02000850144,0.004717029701,0.02929694108,0.111434091,0.2638140207,0.4573129272,2.008553113e-08,2.304253921e-07,1.893601462e-06,9.841953452e-06,0.02650622614,0.008676271173,0.04566599054,0.1489464157,0.3085347161,0.4838964427,2.661606352e-09,4.96383971e-08,6.36347954e-07,4.806797835e-06,0.03027131889,0.01090112619,0.05493597884,0.164453368,0.3023605628,0.4217483491,3.108603806e-11,1.600463492e-09,4.844007054e-08,7.038198791e-07,0.03429969055,0.01076260007,0.06873494307,0.2155231589,0.3571311808,0.4070876141,1.226672138e-09,4.719586645e-08,1.067475764e-06,1.185334704e-05,0.07627373118,0.04610098881,0.2023619085,0.4479554712,0.5526542135,0.4689397491,2.602497628e-08,7.499555008e-07,1.270454878e-05,0.0001080358987,0.1366018235,0.1202293657,0.3912329273,0.6558930938,0.6328812359,0.4175731625,4.463133848e-09,2.453204262e-07,7.0465528e-06,8.787872365e-05,0.1768857821,0.1769834938,0.4992893431,0.6424995746,0.4267446627,0.1788058937
54,0.04358747222,0.05155397581,0.0547149543,0.05250440153,0.1725100279,0.1022023219,0.1615220442,0.2202268926,0.2574587134,0.2626504158,0.05993356911,0.07045634592,0.07432133253,0.07091800976,0.1791763803,0.09130392324,0.1406236831,0.1871953904,0.213266393,0.2124637138,0.0011097611,0.001459194277,0.001721631244,0.001821695489,0.02442892161,0.006793321786,0.01679557544,0.03469712978,0.05725546069,0.0792549984,0.0008070882783,0.001067714561,0.001267455408,0.001348698755,0.02352003061,0.007604199636,0.01929159881,0.04081960062,0.06911973818,0.09797606337,0.01921881115,0.0162240335,0.01228950943,0.008638191669,0.04089701423,0.007583157076,0.01290309569,0.01884145236,0.02223236779,0.02207828522,0.02717932485,0.02279221884,0.01715054579,0.01198129429,0.0426197536,0.00670745441,0.01109714274,0.0157874487,0.01811274232,0.01752855573,0.0005329226001,0.0004977086637,0.0004170898879,0.0003218262086,0.00592150839,0.0004998867726,0.001303656679,0.002829991619,0.004626174686,0.006128616639,0.0003768356597,0.000354280647,0.0002988727108,0.0002320280603,0.005682154221,0.0005651503066,0.001515814229,0.003377439464,0.005678368037,0.007719366515,2.115127738e-06,6.056589799e-06,1.312607901e-05,2.093244711e-05,0.01101967968,0.0009527765609,0.005744539296,0.02257881824,0.05508488223,0.09434238981,7.65220374e-09,4.853402435e-08,2.115967833e-07,5.905925684e-07,0.00611364276,0.0002876420006,0.003123625257,0.01907436819,0.06286388521,0.1349992305,3.545962099e-08,2.643691174e-07,1.411882592e-06,4.929679091e-06,0.0146432644,0.002426057393,0.01725582837,0.07444009074,0.1953178462,0.3651821585,3.031288713e-08,2.735326742e-07,1.768081787e-06,7.362924782e-06,0.0199978935,0.004852069869,0.03027232496,0.1156288686,0.2752348621,0.4796257601,1.927534266e-08,2.213637337e-07,1.821050819e-06,9.474078099e-06,0.02650983172,0.008938820925,0.04726123421,0.1547985644,0.3224226498,0.5083774833,2.531567664e-09,4.726918407e-08,6.066939306e-07,4.587815124e-06,0.03022735621,0.01122918397,0.05687874798,0.1710779175,0.3164791485,0.4440900358,2.910349138e-11,1.500910686e-09,4.550333256e-08,6.621756741e-07,0.03430289637,0.01128920554,0.07262553577,0.229268926,0.3835673089,0.4414152089,1.153420271e-09,4.445211165e-08,1.007107455e-06,1.120036142e-05,0.07640439267,0.04858001733,0.2148037021,0.4787263134,0.5964441627,0.5110791035,2.455714252e-08,7.088467183e-07,1.202833272e-05,0.0001024442348,0.1370160204,0.1271702477,0.4168462624,0.7035792314,0.6857225017,0.4569853991,4.176224326e-09,2.300215836e-07,6.620679432e-06,8.272409512e-05,0.1777644909,0.1905211807,0.542312686,0.703687179,0.473544604,0.2010671487
55,0.04290811051,0.05073868948,0.05383720421,0.05165106565,0.1716802008,0.1017657449,0.1606746582,0.2188724195,0.2556246374,0.2605444755,0.05928224001,0.06973943799,0.07361658696,0.07029091866,0.1794301793,0.09249189989,0.1428752402,0.1907155775,0.2179207559,0.2176921197,0.001090873471,0.001435520732,0.001695071242,0.001794932147,0.02444401276,0.006895662926,0.0171070124,0.03545293337,0.05870323534,0.08151521872,0.0007895673209,0.001044408197,0.0012396377,0.001318949303,0.02338822285,0.007587067352,0.01923820646,0.04068712901,0.0688598623,0.09756136298,0.01890619684,0.01595591384,0.01208321735,0.008491118463,0.04068659109,0.007546209396,0.01282588977,0.01870929423,0.02205175643,0.02187642277,0.02687672334,0.02255535322,0.01698503093,0.01187387504,0.04268924943,0.006800946462,0.01128750454,0.01610555269,0.0185363408,0.01799083575,0.00052383731,0.0004896419679,0.0004106806489,0.0003171309165,0.005926615258,0.0005078424706,0.00132919656,0.002895127421,0.004749788563,0.006313324885,0.0003684887912,0.0003463783065,0.0002921598177,0.0002267832675,0.005648583068,0.0005634929851,0.001510354081,0.003363174913,0.005650585604,0.007676850937,2.02572621e-06,5.804994801e-06,1.259036196e-05,2.009219497e-05,0.01097259923,0.0009664073027,0.005845686474,0.02304580587,0.056425544,0.09696868797,7.220190371e-09,4.584076327e-08,2.000589616e-07,5.589155992e-07,0.006081828276,0.0002932245295,0.003198280193,0.01961015067,0.06495547453,0.1401718777,3.390014987e-08,2.529718518e-07,1.352240727e-06,4.725390711e-06,0.01461587176,0.002485166319,0.01774528008,0.07682909062,0.2025289712,0.3803796654,2.900943478e-08,2.620083456e-07,1.695126888e-06,7.065027735e-06,0.01996954822,0.004975664504,0.03116466571,0.1194688604,0.2857175465,0.5001706493,1.847036443e-08,2.123116257e-07,1.748168609e-06,9.102524497e-06,0.02648744177,0.009179045628,0.0487208658,0.1601579903,0.3351781789,0.5309377994,2.402946915e-09,4.491342237e-08,5.770468838e-07,4.36773878e-06,0.03014665945,0.01151972601,0.05860754624,0.1769989242,0.3291706658,0.4642855347,2.714881948e-11,1.402132681e-09,4.257021773e-08,6.203202446e-07,0.03424494103,0.01176350751,0.07615356384,0.2418124695,0.4079072518,0.4733025539,1.079961832e-09,4.168133526e-08,9.457001042e-07,1.053148768e-05,0.07638160343,0.05082238442,0.226134353,0.5069261256,0.6369432886,0.5504081613,2.306280076e-08,6.666761907e-07,1.132912688e-05,9.66181212e-05,0.1371303745,0.1334703759,0.4402533516,0.7474331389,0.7347714907,0.4939107482,3.882808739e-09,2.142389419e-07,6.177319037e-06,7.731043076e-05,0.1781682393,0.203011464,0.5823391888,0.7610542846,0.5179594066,0.2224560023
56,0.04223005711,0.04992332912,0.05295766229,0.05079449929,0.1708080738,0.1012562181,0.1596867296,0.2172948599,0.2534907546,0.2580966848,0.05862287979,0.06900953188,0.07289444129,0.0696440287,0.1796377666,0.09363249919,0.1450432384,0.1941142014,0.2224273581,0.2227679739,0.001071911114,0.001411633001,0.00166812361,0.001767628614,0.02444973723,0.00699254287,0.01740280633,0.03617298052,0.06008708634,0.08368222368,0.0007721706559,0.001021212824,0.001211888386,0.001289210462,0.02324796506,0.007561887723,0.01915978475,0.04049267223,0.06847863046,0.09695336424,0.01859445244,0.0156880175,0.01187670951,0.008343645213,0.04046587607,0.007503684387,0.01273713644,0.01855753955,0.02184461369,0.02164516374,0.02657036944,0.02231413106,0.0168153443,0.01176297559,0.04274738999,0.006890962796,0.01147135595,0.01641365932,0.01894789565,0.0184412498,0.0005147135868,0.0004814988201,0.0004041738578,0.0003123368516,0.005929427453,0.000515403603,0.001353554779,0.00295745153,0.004868480882,0.006491250506,0.000360206407,0.0003385192054,0.0002854687608,0.0002215449532,0.005612962021,0.0005612315845,0.00150290968,0.003343740885,0.005612764924,0.00761901615,1.938602203e-06,5.558858271e-06,1.20641796e-05,1.92637821e-05,0.01091844144,0.0009779659303,0.005931713764,0.02344408804,0.05757271982,0.09922300208,6.805474207e-09,4.324468285e-08,1.888904577e-07,5.281299822e-07,0.006045268188,0.0002979802703,0.003262135757,0.02007014906,0.06675952387,0.1446534013,3.237413857e-08,2.417677796e-07,1.293331492e-06,4.522700484e-06,0.01457655322,0.002538227735,0.01818336429,0.07896455057,0.2089806624,0.3940000261,2.772722988e-08,2.506178262e-07,1.622664238e-06,6.767754338e-06,0.01992338525,0.005086501869,0.0319629491,0.1229006507,0.2950967333,0.5185876975,1.767302219e-08,2.033006426e-07,1.675243379e-06,8.728923973e-06,0.02643887944,0.009394248842,0.05002599961,0.1649470204,0.3465925981,0.5511687102,2.276228228e-09,4.25812989e-08,5.475515133e-07,4.147755231e-06,0.03002921724,0.01176866209,0.06009478298,0.182111757,0.34018331,0.481892623,2.523421749e-11,1.304830121e-09,3.966401766e-08,5.786184754e-07,0.03412556878,0.01217574243,0.07923766952,0.2528365974,0.4294616151,0.5017544187,1.006917791e-09,3.890928015e-08,8.838752544e-07,9.854004792e-06,0.07620398617,0.05277839448,0.2360752769,0.5318000906,0.6729444134,0.5856409317,2.155722641e-08,6.239097083e-07,1.061522494e-05,9.063101679e-05,0.1369410448,0.1389821947,0.4608501852,0.7862292563,0.7785082495,0.5270982018,3.586925226e-09,1.982062081e-07,5.723496002e-06,7.172862977e-05,0.1780886904,0.2140916174,0.6180991914,0.8126445616,0.5583170062,0.2420958908
57,0.04155400003,0.04910879775,0.05207738471,0.0499358051,0.1698945907,0.1006746143,0.1585604389,0.2154984162,0.2510637941,0.255315859,0.05795627054,0.06826755457,0.07215586857,0.06897825347,0.1797984412,0.09472221362,0.1471201688,0.1973783129,0.2267674134,0.2276685153,0.001052899627,0.001387567039,0.001640832975,0.001739833788,0.02444600652,0.007083557924,0.01768154917,0.03685346013,0.06139892212,0.08574227709,0.0007549172976,0.0009981571701,0.00118424588,0.00125952741,0.02309944538,0.007528692951,0.01905649116,0.04023675232,0.06797734345,0.09615454774,0.01828389388,0.01542064174,0.01167023499,0.008195962998,0.04023511661,0.00745566222,0.01263704833,0.01838662333,0.02161163779,0.02138539414,0.02626063314,0.02206886487,0.01664171944,0.01164875605,0.04279399045,0.006977223977,0.01164805408,0.01671058387,0.01934567712,0.01887776376,0.0005055638774,0.0004732916122,0.0003975804102,0.0003074526944,0.005929920576,0.0005225388246,0.001376616035,0.003016636169,0.004981562814,0.006661275454,0.0003519974645,0.0003307129947,0.0002788087392,0.0002163210299,0.00557533998,0.0005583700603,0.001493499536,0.003319198981,0.005565053655,0.007546126909,1.853837984e-06,5.318511746e-06,1.15484517e-05,1.844896207e-05,0.01085729291,0.0009873462556,0.006001699944,0.02376884253,0.05851063832,0.1010708509,6.408125041e-09,4.074771695e-08,1.78106005e-07,4.982925847e-07,0.006004036521,0.0003018543904,0.00331432653,0.02044727667,0.06824418314,0.148355077,3.088408606e-08,2.307806891e-07,1.235308437e-06,4.32222675e-06,0.01452533514,0.002584693538,0.01856475519,0.08081695643,0.2145710195,0.40580276,2.646908431e-08,2.39391598e-07,1.550922585e-06,6.47217431e-06,0.01985941454,0.005183380421,0.03265707108,0.1258751218,0.3032195867,0.5345423111,1.688562062e-08,1.943611527e-07,1.602555706e-06,8.354877734e-06,0.02636410764,0.009581959706,0.05115929666,0.1690941547,0.3564727243,0.5686896639,2.151862238e-09,4.028241879e-08,5.183458126e-07,3.929006842e-06,0.0298752421,0.0119723986,0.06131604092,0.1863231927,0.3492907555,0.4965104078,2.337072583e-11,1.209646936e-09,3.680642665e-08,5.374141075e-07,0.03394500268,0.0125171083,0.08180373596,0.2620495074,0.4475872626,0.5258291823,9.348708252e-10,3.616038806e-08,8.222296919e-07,9.174972251e-06,0.07587147237,0.0544029501,0.2443709953,0.5526491566,0.7033133308,0.6155514461,2.005510398e-08,5.809999164e-07,9.894772636e-06,8.455577571e-05,0.1364469169,0.1435710799,0.4780798415,0.8188263515,0.8154963781,0.5553477232,3.292418625e-09,1.821486049e-07,5.266060564e-06,6.606830844e-05,0.1775225475,0.2234221345,0.6483884589,0.8565792429,0.5929793253,0.2591101733
58,0.04088061297,0.04829598499,0.05119741744,0.04907607976,0.1689408229,0.1000221368,0.15729867,0.2134885021,0.2483522469,0.2522129583,0.05728321052,0.06751446512,0.07140189032,0.06829456628,0.1799116478,0.09575770731,0.1490988297,0.2004954036,0.230922644,0.2323714569,0.001033864464,0.00136335903,0.001613244775,0.001711598001,0.02443276523,0.007168329158,0.01794190785,0.0374907373,0.06263096704,0.08768209095,0.0007378254927,0.000975269035,0.001156747613,0.00122994441,0.02294288066,0.007487560213,0.01892864113,0.0399203234,0.06735823357,0.09516900159,0.01797482955,0.01515407848,0.01146403969,0.008048261238,0.03999459142,0.007402248701,0.01252589666,0.01819708845,0.02135368484,0.0210981866,0.02594789197,0.02181987801,0.01646440167,0.01153138718,0.04282890205,0.007059462917,0.01181697907,0.01699517551,0.01972799197,0.01929837293,0.0004964005653,0.0004650328261,0.0003909114136,0.0003024873943,0.005928078361,0.0005292185398,0.00139827048,0.00307236666,0.005088367804,0.006822310215,0.0003438705372,0.0003229689892,0.0002721886922,0.000211119229,0.005535772821,0.0005549157627,0.00148215474,0.003289646984,0.005507676737,0.007458575624,1.771503354e-06,5.084249874e-06,1.104401753e-05,1.764936204e-05,0.01078927081,0.0009944609375,0.006054883889,0.02401606881,0.05922615245,0.1024833592,6.028129341e-09,3.835120291e-08,1.677175065e-07,4.694519461e-07,0.005958229695,0.0003048014775,0.003354131514,0.0207355971,0.06938259277,0.1512015966,2.943222407e-08,2.200323683e-07,1.1783147e-06,4.124553338e-06,0.01446230176,0.002624076839,0.01888473156,0.08236015799,0.2192095334,0.4155735602,2.523758084e-08,2.28358136e-07,1.480118497e-06,6.179311097e-06,0.01977773661,0.00526523362,0.03323807701,0.1283487524,0.3099503124,0.5477361562,1.611032614e-08,1.855220569e-07,1.530375482e-06,7.981939873e-06,0.02626323005,0.009739986606,0.05210539338,0.1725360283,0.3646468302,0.5831610971,2.030262347e-09,3.802571242e-08,4.895595611e-07,3.712578201e-06,0.02968516942,0.01212793417,0.06225080654,0.1895544849,0.3563004725,0.5077955103,2.156810541e-11,1.117161752e-09,3.401721201e-08,4.970239565e-07,0.03370394489,0.01278009966,0.08378803179,0.2691983201,0.4617206276,0.5446924964,8.643558367e-10,3.345736037e-08,7.613237477e-07,8.501081444e-06,0.07538531327,0.05565739396,0.2508006663,0.5688642987,0.7270505738,0.6390469316,1.857023641e-08,5.383766458e-07,9.175581342e-06,7.846287969e-05,0.1356496429,0.1471211362,0.4914588264,0.8442258587,0.8444643129,0.5775844549,3.002844478e-09,1.662767977e-07,4.811490855e-06,6.041505404e-05,0.1764716585,0.2307047499,0.6721379228,0.8911740678,0.6204549196,0.272687881
59,0.04021055344,0.04748576422,0.05031879247,0.04821640964,0.1679479656,0.09930031104,0.155904987,0.2112716955,0.2453662841,0.2488009743,0.05660451097,0.06675125056,0.07063357173,0.06759399527,0.1799769794,0.09673584076,0.1509723861,0.2034535176,0.2348754549,0.2368552108,0.001014830826,0.001339045213,0.001585405022,0.001682972735,0.02440999139,0.007246505978,0.0181826383,0.03808139534,0.06377585896,0.08948900391,0.0007209126708,0.0009525751915,0.001129429878,0.001200504608,0.02277851538,0.007438611087,0.01877670521,0.03954476214,0.06662443947,0.09400237085,0.01766755951,0.01488861339,0.01125836542,0.007900726948,0.03974460928,0.007343574505,0.01240400903,0.01798958073,0.02107176036,0.02078478884,0.0256325295,0.02156750326,0.0162836469,0.01141104947,0.04285201285,0.007137426879,0.01197753921,0.01726632756,0.02009319984,0.01970112251,0.000487235919,0.0004567349732,0.000384178128,0.000297450118,0.005923892778,0.0005354151806,0.001418414882,0.003124345041,0.005188259899,0.006973308333,0.0003358337925,0.0003152961359,0.0002656172648,0.0002059470664,0.005494323095,0.0005508793767,0.001468918673,0.00325521783,0.005440933756,0.007356877309,1.691655792e-06,4.856330016e-06,1.055163299e-05,1.686647494e-05,0.010714522,0.0009992430394,0.006090680262,0.02418268054,0.05970908168,0.1034380889,5.665395363e-09,3.605590455e-08,1.577340833e-07,4.416482546e-07,0.005907965798,0.0003067865424,0.003380992641,0.02093049606,0.07015376748,0.1531338286,2.802051189e-08,2.095425082e-07,1.122482145e-06,3.930225349e-06,0.0143875946,0.00265596181,0.01913928729,0.08357205743,0.2228197812,0.4231313738,2.403506097e-08,2.175437325e-07,1.410454735e-06,5.890133115e-06,0.019678542,0.005331152452,0.03369837922,0.1302848004,0.3151743204,0.5579172806,1.534915215e-08,1.768105561e-07,1.458959444e-06,7.611601703e-06,0.02613649065,0.00986646592,0.05285129171,0.1752192027,0.3709700971,0.5942963381,1.911801747e-09,3.581935794e-08,4.613130261e-07,3.499484035e-06,0.02945965375,0.01223294145,0.06288310054,0.1917440353,0.3610610394,0.5154764449,1.983475023e-11,1.027881422e-09,3.131395298e-08,4.577331814e-07,0.03340356978,0.01295880317,0.08514002145,0.2740813162,0.4714083461,0.5576674859,7.958522775e-10,3.082079147e-08,7.016712917e-07,7.838525981e-06,0.07474806926,0.05651114705,0.2551884706,0.5799577507,0.7433487096,0.6552368947,1.711529588e-08,4.964384474e-07,8.464961816e-06,7.241883768e-05,0.1345536328,0.1495403881,0.5006009581,0.8616254112,0.8643812576,0.5929293079,2.72138991e-09,1.50781766e-07,4.365722046e-06,5.484801151e-05,0.1749430184,0.2356990787,0.6884791149,0.9150506762,0.6395089208,0.282149535
60,0.0395444611,0.04667898989,0.04944252426,0.04735786662,0.1669173316,0.09851097375,0.1543836052,0.2088556785,0.2421176557,0.2450947908,0.05592099303,0.06597892167,0.06985201673,0.06687761829,0.1799941794,0.09765369436,0.1527344264,0.2062413598,0.2386091056,0.2410991133,0.0009958235614,0.001314661716,0.001557360058,0.001654010325,0.02437769663,0.00731776947,0.01840259888,0.03862227592,0.06482674374,0.09115115553,0.0007041954005,0.0009301013018,0.001102327693,0.00117124985,0.0226066203,0.00738201049,0.01860130441,0.0391118525,0.06577996754,0.09266178165,0.01736237465,0.01462452504,0.01105344909,0.007753544021,0.0394855076,0.007279794188,0.01227176663,0.01776484295,0.02076700903,0.02044661001,0.02531493384,0.0213120814,0.01609972039,0.0112879323,0.04286324825,0.007210879393,0.01212917597,0.01752298765,0.02043972937,0.02008412802,0.0004780820414,0.0004484105352,0.0003773919069,0.0002923501967,0.005917364087,0.0005411034699,0.001436953729,0.00317229356,0.005280641872,0.007113280748,0.0003278949717,0.0003077029867,0.000259102775,0.0002008118104,0.005451059688,0.0005462748274,0.001453846564,0.003216078104,0.005365195176,0.007241662531,1.614340708e-06,4.634972223e-06,1.007196868e-05,1.610165335e-05,0.0106332221,0.001001647238,0.00610869174,0.02426657798,0.05995248165,0.1039196958,5.31975871e-09,3.386204001e-08,1.481621533e-07,4.149134323e-07,0.005853383669,0.0003077858033,0.003394529364,0.02102881763,0.07054330179,0.1541110387,2.665063433e-08,1.993286348e-07,1.067930683e-06,3.739745621e-06,0.01430141146,0.002680012216,0.01932522696,0.08443520288,0.2253417549,0.4283345371,2.286361628e-08,2.069723541e-07,1.342118881e-06,5.605546111e-06,0.01956210979,0.005380404935,0.03403194479,0.1316543226,0.3188018206,0.5648888899,1.460394688e-08,1.682519526e-07,1.388549005e-06,7.245277666e-06,0.02598427182,0.009959904167,0.05338669559,0.1771017086,0.375329327,0.6018719319,1.796811212e-09,3.367072008e-08,4.337158943e-07,3.290658989e-06,0.0291995626,0.01228583162,0.06320197898,0.19284953,0.3634680391,0.5193653015,1.817763743e-11,9.422367242e-10,2.871185254e-08,4.197916999e-07,0.03304550986,0.01304913667,0.0858246584,0.27655801,0.4763327907,0.5642771131,7.297784265e-10,2.826888331e-08,6.437316805e-07,7.192894794e-06,0.07396357756,0.05694304088,0.2574121389,0.5855888678,0.7516403932,0.6634918098,1.570162264e-08,4.555455844e-07,7.769583611e-06,6.648480852e-05,0.1331659969,0.1507650207,0.5052370665,0.8704633842,0.8745211922,0.6007592555,2.450813854e-09,1.358307965e-07,3.93400918e-06,4.9437904e-05,0.172948666,0.238236524,0.6967995031,0.9272318469,0.6492586784,0.287005431
61,0.03888295615,0.04587649504,0.04856960627,0.04650150414,0.165850346,0.09765625862,0.1527393552,0.2062491665,0.2386195729,0.2411110227,0.05523348471,0.06519850877,0.06905836293,0.06614655767,0.1799631428,0.09850859054,0.1543790167,0.2088483988,0.2421078769,0.2450836436,0.0009768670678,0.001290244387,0.001529156326,0.001624763673,0.02433592614,0.00738183547,0.01860076266,0.03911051672,0.06577736444,0.09265765253,0.000687689353,0.0009078718416,0.001075474679,0.001142220507,0.02242749103,0.007317965161,0.01840320372,0.03862376499,0.06482964043,0.09115574191,0.01705955608,0.01436208408,0.01084952192,0.007606892552,0.03921765095,0.007211084999,0.01212960097,0.01752370784,0.02044070293,0.02008520515,0.02499549616,0.02105395974,0.01591289554,0.01116223291,0.0428625714,0.007279602079,0.01227136876,0.01776416747,0.02076609403,0.02044559549,0.0004689508221,0.0004400719077,0.0003705641385,0.0002871970744,0.005908500843,0.0005462606654,0.001453800262,0.003215957991,0.005364962994,0.007241309619,0.0003200613741,0.0003001976738,0.0002526531851,0.0001957204534,0.005406057456,0.00054111915,0.001437004904,0.003172426084,0.005280897535,0.007113668531,1.539591778e-06,4.420359559e-06,9.605608985e-06,1.535610526e-05,0.01054557418,0.001001650648,0.006108717409,0.02426669791,0.05995283038,0.1039203862,4.990988259e-09,3.176931387e-08,1.390055373e-07,3.892713215e-07,0.005794641796,0.0003077872245,0.003394548715,0.02102895865,0.07054386187,0.1541124453,2.532400258e-08,1.894060693e-07,1.014767767e-06,3.55357191e-06,0.01420400482,0.002695978377,0.01944024268,0.08493726265,0.2267337151,0.431085655,2.172508292e-08,1.96665536e-07,1.275282229e-06,5.326386758e-06,0.01942880529,0.00541245195,0.03423444638,0.1324369881,0.3207706827,0.5685163172,1.387638393e-08,1.598694854e-07,1.319368398e-06,6.884293017e-06,0.025807091,0.01001921208,0.05370428046,0.1781542742,0.3776466815,0.6057358288,1.685577684e-09,3.158630563e-08,4.068664431e-07,3.086949396e-06,0.02890596769,0.01228579911,0.06320188148,0.1928494302,0.3634681953,0.5193659868,1.660231374e-11,8.605802129e-10,2.622362304e-08,3.834117903e-07,0.03263183479,0.01304901702,0.08582400742,0.2765563191,0.476330399,0.5642748496,6.664876706e-10,2.581724533e-08,5.879038185e-07,6.569090488e-06,0.07303689906,0.05694225747,0.2574090069,0.5855826073,0.751633009,0.6634857985,1.433907596e-08,4.160146467e-07,7.095363907e-06,6.071548808e-05,0.1314964422,0.1507623825,0.5052290314,0.87045083,0.8745091764,0.6007513395,2.19340782e-09,1.215647022e-07,3.520827878e-06,4.424555462e-05,0.1705054799,0.238230277,0.6967826017,0.9272110487,0.6492444313,0.2869992246
62,0.03822663796,0.04507908897,0.04770100786,0.04564835342,0.1647485398,0.0967385803,0.1509776418,0.2034618269,0.2348865732,0.2368678352,0.05454281778,0.0644110575,0.06825377648,0.0654019747,0.1798839165,0.09929811418,0.1559007512,0.2112649655,0.2453572286,0.2487906336,0.0009579852031,0.001265828645,0.001500840136,0.001595285958,0.02428475841,0.007438457302,0.01877622867,0.03954358576,0.06662214367,0.09399872326,0.000671409271,0.0008859100336,0.001048902945,0.001113455329,0.0222414464,0.007246721702,0.01818330384,0.03808303087,0.06377903401,0.08949402062,0.01675937447,0.01410155252,0.01064680871,0.007460948208,0.03894142936,0.007137645508,0.01197799016,0.01726709017,0.02009422842,0.01970225792,0.02467460926,0.02079349066,0.01572345263,0.0110341555,0.04284998334,0.00734339633,0.01240363938,0.01798895212,0.02107090725,0.02078384102,0.0004598538929,0.0004317313447,0.0003637061891,0.0002820002554,0.005897319847,0.0005508667786,0.001468877427,0.003255110677,0.005440726278,0.007356561344,0.0003123398435,0.0002927878889,0.0002462760763,0.0001906796854,0.005359396815,0.0005354323274,0.001418470728,0.003124489366,0.005188537698,0.006973728716,1.467431366e-06,4.21263875e-06,9.153052052e-06,1.463089158e-05,0.01045180731,0.000999253243,0.006090757021,0.02418303901,0.05971012336,0.10344015,4.678792319e-09,2.977695259e-08,1.302655894e-07,3.647379609e-07,0.005731917052,0.0003067907915,0.003381050449,0.02093091704,0.07015543804,0.1531380206,2.404175793e-08,1.797879145e-07,9.63088062e-07,3.372114794e-06,0.01409567982,0.002703702311,0.01948296961,0.08507136038,0.2269734836,0.4313349698,2.06210394e-08,1.866423106e-07,1.210098947e-06,5.053417507e-06,0.01927907696,0.005426958869,0.03430337029,0.1326216498,0.3210484194,0.5687318154,1.316795546e-08,1.516842026e-07,1.251623149e-06,6.529873449e-06,0.02560559605,0.01004372942,0.05379988484,0.1783611819,0.3778822624,0.6058129865,1.578343611e-09,2.957173562e-08,3.808509572e-07,2.889107098e-06,0.02858013391,0.01223284436,0.06288280959,0.1917437375,0.3610615049,0.5154784849,1.511291564e-11,7.831861286e-10,2.385944367e-08,3.487668726e-07,0.03216502401,0.01295844681,0.08513808459,0.2740762901,0.4714012469,0.5576607765,6.062667634e-10,2.347878031e-08,5.345223901e-07,5.971274135e-06,0.07197424539,0.05650881525,0.255179158,0.5799391546,0.7433268071,0.6552190898,1.303593884e-08,3.781148737e-07,6.44738799e-06,5.515828671e-05,0.1295571228,0.1495325397,0.50057708,0.8615881407,0.8643456373,0.5929058755,1.950977186e-09,1.080962911e-07,3.129814483e-06,3.932094129e-05,0.1676348769,0.2356805425,0.6884290294,0.9149891174,0.6394668322,0.2821312355
63,0.03757608375,0.04428755513,0.04683767129,0.04479942002,0.163613543,0.09576061593,0.1491043981,0.2005041895,0.230934374,0.2323847468,0.05384982484,0.06361762453,0.06743944691,0.0646450641,0.1797566994,0.100020131,0.157294798,0.2134823425,0.248343947,0.252203465,0.000939201199,0.001241449325,0.001472457445,0.001565630362,0.02422430479,0.007487428148,0.01892823165,0.03991931173,0.06735625704,0.09516585687,0.0006553689453,0.0008642377926,0.001022642993,0.001084991301,0.02204882681,0.007168564206,0.01794263144,0.03749251179,0.0626344038,0.08768750876,0.01646208953,0.01384318306,0.01044552716,0.007315881644,0.03865725664,0.007059694065,0.01181745473,0.01699597812,0.01972907187,0.01929956209,0.02435266608,0.02053103016,0.01553167755,0.01090391018,0.04282552301,0.007402084859,0.01252555625,0.01819650869,0.02135289672,0.02109730933,0.0004508025854,0.0004234009064,0.0003568293479,0.000276769254,0.005883846053,0.0005549047686,0.00148211871,0.003289553279,0.005507495048,0.007458298457,0.0003047367584,0.0002854808654,0.0002399786265,0.0001856958716,0.005311163318,0.0005292370968,0.001398330774,0.003072522125,0.005088666285,0.006822760756,1.397871014e-06,4.011921146e-06,8.714710616e-06,1.392692532e-05,0.01035217491,0.0009944778542,0.006055011011,0.02401666187,0.05922787374,0.1024867612,4.382824948e-09,2.788374275e-08,1.21941347e-07,3.41321943e-07,0.005665403277,0.0003048085102,0.00335422705,0.02073629188,0.06938534517,0.151208492,2.280477806e-08,1.704850674e-07,9.129732896e-07,3.195736291e-06,0.01397679169,0.002703120909,0.01945301789,0.08483625698,0.2260591133,0.4290820421,1.955280737e-08,1.769191704e-07,1.146705503e-06,4.787322746e-06,0.01911345244,0.005423802587,0.03423807763,0.1322066494,0.3196331985,0.5655369128,1.247996808e-08,1.437148683e-07,1.185498909e-06,6.183136728e-06,0.02538055923,0.01003323958,0.05367261636,0.1777207174,0.3760354017,0.6021080723,1.475307017e-09,2.763173356e-08,3.557433869e-07,2.697785364e-06,0.0282235061,0.01212777382,0.06225032676,0.1895539945,0.3563012378,0.5077988583,1.371222005e-11,7.102521892e-10,2.162698531e-08,3.159914118e-07,0.03164793347,0.0127795142,0.08378485653,0.2691900966,0.4617090445,0.5446815799,5.493359552e-10,2.126365306e-08,4.838562189e-07,5.402836399e-06,0.07078288798,0.05565356824,0.2507854196,0.5688339131,0.7270148879,0.6390180045,1.17988753e-08,3.420661822e-07,5.829861901e-06,4.985280655e-05,0.1273624504,0.1471082737,0.4914197759,0.8441650259,0.8444063425,0.5775464305,1.724841891e-09,9.551003714e-08,2.763744793e-06,3.470278116e-05,0.1643624232,0.2306745262,0.6720564695,0.8910741974,0.6203868964,0.2726584196
64,0.03693184749,0.04350264921,0.04598050901,0.04395568053,0.1624470778,0.09472528473,0.1471260349,0.1973875482,0.2267797138,0.2276824191,0.05315533641,0.06281927348,0.0666165819,0.06387704839,0.1795818414,0.100672804,0.1585569409,0.2154928459,0.2510562788,0.2553072505,0.000920537584,0.001217140537,0.001444053645,0.001535849789,0.02415470888,0.007528583007,0.01905615028,0.04023590983,0.06797569632,0.09615192402,0.0006395811964,0.0008428756798,0.0009967236344,0.001056863528,0.02184999242,0.007083811521,0.01768232796,0.03685536549,0.06140260275,0.08574806481,0.01616794948,0.01358721852,0.01024588729,0.007171857963,0.03836556853,0.006977467109,0.01164855315,0.01671142396,0.01934680448,0.01887900199,0.02403005836,0.02026693645,0.01533786049,0.01077171197,0.04278926709,0.007455513071,0.01263673806,0.01838609424,0.02161091749,0.02138459094,0.0004418078922,0.0004150924097,0.0003499447739,0.000271513545,0.005868112423,0.0005583607041,0.001493468858,0.003319119141,0.005564898693,0.007545890145,0.0002972580247,0.0002782833651,0.0002337675918,0.0001807750323,0.005261447195,0.0005225587308,0.00137668054,0.003016802067,0.004981880432,0.006661753573,1.330911999e-06,3.818283935e-06,8.290913668e-06,1.32449725e-05,0.01024695294,0.0009873697531,0.006001876227,0.02376966369,0.05851301734,0.1010755446,4.102692322e-09,2.608807119e-08,1.140296973e-07,3.190248385e-07,0.005595309737,0.0003018641342,0.003314458602,0.02044823518,0.06824797062,0.1483645422,2.161368564e-08,1.615062561e-07,8.644922397e-07,3.024749183e-06,0.01384774287,0.002694267032,0.01935097987,0.08423637213,0.2240089043,0.4243756594,1.852145531e-08,1.675100642e-07,1.085220358e-06,4.528706233e-06,0.01893253398,0.005403073715,0.03403981614,0.1311998435,0.316553835,0.5590022085,1.181354118e-08,1.359779071e-07,1.121160622e-06,5.845086412e-06,0.02513286998,0.009987973588,0.05332486802,0.1762451891,0.372144599,0.5947051193,1.376622242e-09,2.577012905e-08,3.316052388e-07,2.513536825e-06,0.02783769396,0.01197217715,0.06131537982,0.1863225185,0.3492918054,0.496514988,1.240172119e-11,6.419030454e-10,1.953149587e-08,2.851818462e-07,0.03108375729,0.01251630612,0.08179939909,0.2620383086,0.4475715546,0.5258144398,4.958508235e-10,1.917933565e-08,4.361086271e-07,4.866393758e-06,0.06947105129,0.05439771868,0.2443502126,0.5526078598,0.7032650376,0.6155124663,1.063293738e-08,3.080388241e-07,5.246096256e-06,4.483061343e-05,0.1249288679,0.1435535199,0.4780266985,0.8187438091,0.8154180617,0.5552965767,1.515854444e-09,8.386284178e-08,2.42454835e-06,3.04186099e-05,0.1607173692,0.2233811876,0.6482785358,0.8564449524,0.5928883781,0.2590710103
65,0.03629445892,0.04272509745,0.0451304013,0.0431180797,0.1612509509,0.09363572584,0.1450493863,0.1941238579,0.2224401862,0.2227824384,0.0524601781,0.06201707076,0.06578640219,0.06309917222,0.1793598414,0.101254607,0.1596836145,0.2172898954,0.2534840499,0.2580889946,0.0009020161114,0.001192935542,0.001415673356,0.001505996612,0.02407614568,0.007561800215,0.01915951368,0.04049200251,0.0684773209,0.09695127624,0.0006240578642,0.0008218428676,0.0009711719226,0.001029105132,0.02164532125,0.006992814184,0.01740363725,0.03617500816,0.06009099199,0.08368834852,0.0158771907,0.01333389126,0.01004809089,0.007029036235,0.03806682077,0.006891217353,0.01147187705,0.01641453425,0.01894906651,0.01844253233,0.02370717525,0.02000156852,0.01514229477,0.0106377798,0.04274132956,0.007503550247,0.01273685712,0.01855706275,0.02184396376,0.02164443779,0.0004328804324,0.0004068173825,0.0003430634455,0.0002662425162,0.005850159743,0.0005612238934,0.001502884467,0.003343675254,0.005612637469,0.007618821132,0.0002899090719,0.0002712016678,0.000227649292,0.0001759228268,0.005210342886,0.000515424793,0.001353623242,0.002957627115,0.00486881602,0.006491753512,1.266545933e-06,3.63177161e-06,7.881908828e-06,1.258565442e-05,0.01013643791,0.0009779958265,0.005931937562,0.02344512841,0.05757572672,0.09922892107,3.837959075e-09,2.438796636e-08,1.065255569e-07,2.978416784e-07,0.005521859468,0.0002979926257,0.003262302733,0.02007135757,0.06676428312,0.1446652561,2.0468859e-08,1.528580968e-07,8.177009309e-07,2.859416999e-06,0.0137089796,0.002677268502,0.01917841246,0.08328164451,0.2208607674,0.4173119785,1.752780475e-08,1.584264241e-07,1.0257439e-06,4.278089791e-06,0.01873699316,0.005365073891,0.0337116825,0.1296183502,0.3118687659,0.5492646247,1.116960787e-08,1.284873812e-07,1.058752036e-06,5.516607624e-06,0.02486352664,0.009908603274,0.05276224412,0.17396052,0.3662861126,0.583764163,1.282401299e-09,2.398987549e-08,3.084856859e-07,2.336813349e-06,0.02742445523,0.01176838249,0.06009395078,0.1821109109,0.3401846238,0.4818983336,1.118172898e-11,5.781951359e-10,1.757593766e-08,2.563984142e-07,0.03047598503,0.01217474017,0.07923227377,0.2528227189,0.4294422562,0.5017363502,4.459055826e-10,1.723072035e-08,3.914195881e-07,4.363807544e-06,0.06804779263,0.0527718756,0.2360494886,0.5317490481,0.6728850619,0.5855932973,9.541616658e-09,2.761545301e-07,4.698518883e-06,4.011528399e-05,0.1222745927,0.1389603606,0.4607843857,0.7861274554,0.7784122189,0.5270358487,1.324432478e-09,7.318572654e-08,2.113353541e-06,2.648529517e-05,0.1567321202,0.2140412199,0.6179645971,0.8124809201,0.5582070183,0.2420488915
66,0.03566442274,0.04195559517,0.04428819403,0.04228752775,0.1600270457,0.09249527482,0.1428816535,0.1907256257,0.217934068,0.2177070907,0.05176516796,0.06121208164,0.06495013645,0.06231269677,0.1790913452,0.101764336,0.1606719334,0.2188680751,0.2556187658,0.2605377326,0.0008836576967,0.00116886662,0.001387360247,0.001476122416,0.02398882063,0.007587002505,0.01923800611,0.04068663472,0.06885889646,0.09755982185,0.000608809802,0.000801157115,0.000946013098,0.00100174717,0.02143520722,0.006895951074,0.01710789224,0.03545507428,0.05870734638,0.0815216467,0.01559003738,0.01308342284,0.009852331041,0.006887569067,0.0377614872,0.006801211862,0.01128804627,0.01610645979,0.01853755111,0.01799215773,0.02338440208,0.01973528481,0.01494527548,0.01050233549,0.04268186119,0.007546090537,0.01282564211,0.01870887114,0.02205117913,0.02187577692,0.0004240304194,0.0003985870204,0.0003361961135,0.000260965423,0.005830036379,0.00056348698,0.00151033442,0.00336312376,0.005650486269,0.007676698728,0.0002826948521,0.000264241564,0.0002216295986,0.0001711445399,0.00515794855,0.0005078648757,0.001329268716,0.002895311918,0.004750139545,0.00631385001,1.204755414e-06,3.452397639e-06,7.487865384e-06,1.194945142e-05,0.0100209448,0.0009664433685,0.005845955723,0.02304705437,0.05642914165,0.09697574965,3.588154529e-09,2.278114025e-08,9.942205956e-08,2.777614796e-07,0.005445287529,0.0002932393722,0.003198480047,0.0196115922,0.06496112759,0.1401859016,1.937044458e-08,1.445451727e-07,7.726429144e-07,2.699954625e-06,0.01356098832,0.002652345031,0.01893779534,0.0819872376,0.2166709675,0.4080310101,1.657243889e-08,1.496772209e-07,9.683586263e-07,4.035913192e-06,0.01852756502,0.005310308299,0.03325853665,0.1274880275,0.3056640615,0.5365222747,1.054891796e-08,1.21255001e-07,9.983955443e-07,5.198464842e-06,0.02457362715,0.009796223954,0.0519933994,0.1709054307,0.3585712795,0.5695150574,1.192715755e-09,2.229308037e-08,2.864218765e-07,2.167967697e-06,0.0269856776,0.01151939193,0.05860655555,0.1769979205,0.3291722184,0.4642922523,1.005148393e-11,5.19122654e-10,1.576116725e-08,2.296677267e-07,0.02982835573,0.01176232544,0.0761472335,0.2417962666,0.4078848066,0.4732817489,3.99537615e-10,1.542028953e-08,3.498694166e-07,3.896222779e-06,0.0665228715,0.05081472156,0.2261041981,0.5068667312,0.6368747131,0.5503535117,8.526934005e-09,2.46488944e-07,4.188712801e-06,3.572269777e-05,0.1194193356,0.1334447794,0.4401766182,0.7473150001,0.7346608498,0.4938394251,1.150602624e-09,6.348626456e-08,1.830557561e-06,2.290990537e-05,0.1524416605,0.2029531267,0.5821843925,0.7608672059,0.5178348477,0.2224032839
67,0.03504221797,0.04119480548,0.04345469679,0.04146489803,0.1587773149,0.09130743893,0.1406303451,0.1872058004,0.2132801445,0.2124791366,0.05107111391,0.06040536643,0.06410901638,0.06151889419,0.1787771426,0.1022011178,0.1615197161,0.2202231802,0.2574536939,0.2626446449,0.0008654823607,0.001144964972,0.001359156849,0.00144627777,0.02389296842,0.007604157589,0.01929146973,0.04081928347,0.06911912012,0.09797507658,0.0005938468777,0.0007808347521,0.0009212705494,0.0009748185665,0.0212200582,0.006793625839,0.01679650083,0.03469937463,0.0572597569,0.07926169476,0.01530670129,0.01283602354,0.0096587917,0.006747602231,0.03745005767,0.006707730052,0.01109770365,0.01578838523,0.01811398801,0.01752991228,0.02306211908,0.01946844188,0.01474709837,0.01036560275,0.04261104879,0.007583053724,0.01290288028,0.01884108419,0.02223186506,0.02207772189,0.0004152676329,0.0003904121488,0.0003293532568,0.0002556913459,0.00580779801,0.0005651460016,0.001515800179,0.003377402979,0.005678297262,0.007719257885,0.0002756198417,0.0002574083515,0.0002157139271,0.0001664450719,0.00510436557,0.0004999103206,0.001303732253,0.002830184227,0.004626539799,0.006129161072,1.145514702e-06,3.280146301e-06,7.108877899e-06,1.133670784e-05,0.009900804841,0.0009528185241,0.005744851554,0.02258026182,0.05508902715,0.09435049798,3.352778744e-09,2.126503023e-08,9.271074965e-08,2.587678026e-07,0.0053658392,0.0002876591839,0.003123855613,0.01907602295,0.0628703419,0.1350151702,1.831837091e-08,1.365701274e-07,7.293497037e-07,2.546529478e-06,0.01340429164,0.002619803194,0.0186324667,0.08037310389,0.211512309,0.396711634,1.565571329e-08,1.412690446e-07,9.131295287e-07,3.802535151e-06,0.01830504175,0.005239473689,0.03268687176,0.1248427087,0.2980505756,0.5210272319,9.952043157e-09,1.142901656e-07,9.401923286e-07,4.891301593e-06,0.024264359,0.00965232729,0.05102979827,0.1671302525,0.3491427068,0.5522488261,1.107599083e-09,2.068104667e-08,2.654394201e-07,2.007256785e-06,0.02652335942,0.01122879967,0.05687761345,0.1710767731,0.3164809109,0.4440976199,9.009283591e-12,4.646243288e-10,1.408614755e-08,2.049859211e-07,0.0291448094,0.01128786684,0.07261841154,0.2292507973,0.3835424029,0.4413923126,3.567329458e-10,1.374833074e-08,3.114836964e-07,3.46412322e-06,0.06490661144,0.04857137343,0.2147698998,0.4786601222,0.5963683839,0.5110192214,7.589560232e-09,2.190751184e-07,3.717475334e-06,3.166153577e-05,0.1163840028,0.1271414674,0.4167605247,0.7034479973,0.6856006523,0.4569075248,9.940522976e-10,5.475154287e-08,1.575914644e-06,1.969084406e-05,0.147882944,0.1904565735,0.5421425695,0.7034830522,0.4734102191,0.2010109186
68,0.03442829742,0.04044335829,0.0426306813,0.04065102498,0.157503772,0.09007587164,0.1383032169,0.1835776601,0.2084975345,0.2071215868,0.05037881132,0.05959797672,0.06326427186,0.06071904216,0.1784181631,0.1025644157,0.1622255003,0.2213522521,0.2589839245,0.2644031441,0.0008475091817,0.001121260613,0.001331104401,0.001416512007,0.02378885166,0.00761327825,0.01931990547,0.0408898615,0.0692576315,0.09819618803,0.0005791779799,0.0007608906746,0.0008969657883,0.0009483460696,0.02100029393,0.006686263159,0.01647093134,0.03391185327,0.05575653177,0.07692249783,0.01502738156,0.01259189215,0.00946764739,0.00660927434,0.03713303607,0.006611061644,0.01090150991,0.01546151877,0.01768012734,0.01705783953,0.02274070027,0.01920139313,0.01454805863,0.01022780623,0.04252911429,0.00761438578,0.01296841915,0.01895337826,0.02238548748,0.02224958199,0.0004066013955,0.0003823031876,0.0003225450423,0.0002504291507,0.005783507304,0.0005662004121,0.001519275918,0.003386487939,0.005696001367,0.007746364164,0.0002686880456,0.0002507068354,0.0002099072327,0.000161828932,0.005049698047,0.0004915939296,0.001277133417,0.002762581219,0.00449871952,0.005938818848,1.088790417e-06,3.114974668e-06,6.7449703e-06,1.074763806e-05,0.009776363247,0.0009372444269,0.005629687418,0.02205028378,0.05357337242,0.09139227555,3.131308326e-09,1.983684027e-08,8.638177781e-08,2.408393294e-07,0.005283768127,0.0002813151072,0.003039417244,0.01847268449,0.06052773884,0.1292520272,1.731236371e-08,1.289337748e-07,6.878413156e-07,2.399263193e-06,0.01323944416,0.002580029621,0.01826653906,0.07846342654,0.2054718522,0.3835654116,1.477776824e-08,1.332062083e-07,8.601046823e-07,3.578235337e-06,0.01807026592,0.005153442323,0.03200464507,0.1217232279,0.2891603745,0.5030765947,9.379383937e-09,1.076000304e-07,8.842227903e-07,4.595641934e-06,0.0239369884,0.009478765337,0.04988540414,0.1626954264,0.338169528,0.5323070331,1.027049373e-09,1.915432334e-08,2.45553023e-07,1.854846339e-06,0.02603958982,0.01090069648,0.05493471674,0.1644521012,0.3023625034,0.4217566475,8.052615508e-12,4.145907284e-10,1.25481819e-08,1.82322229e-07,0.02842943728,0.01076112999,0.0687271765,0.2155035293,0.3571044704,0.4070632931,3.174323789e-10,1.221318441e-08,2.762391336e-07,3.067398751e-06,0.06320975741,0.04609154015,0.2023252276,0.4478841281,0.5525733351,0.4688764608,6.728959827e-09,1.9390782e-07,3.28489362e-06,2.793394138e-05,0.1131903879,0.1201980235,0.3911402362,0.655752174,0.6327516968,0.417491198,8.541860285e-10,4.695144678e-08,1.348635837e-06,1.681915735e-05,0.1430942712,0.1769143623,0.4991089359,0.6422848917,0.426605167,0.1787482952
69,0.03382308732,0.03970184945,0.04181688006,0.03984670242,0.1562084832,0.08880434661,0.1359082112,0.1798546996,0.2036055188,0.2016574846,0.04968904077,0.05879095199,0.06241712633,0.05991441859,0.1780154718,0.1028540324,0.1627885528,0.2222535996,0.2602064111,0.2658089339,0.0008297562553,0.001097782288,0.001303242702,0.001386873024,0.02367675946,0.007614421962,0.01932347194,0.04089871502,0.06927500974,0.09822393355,0.0005648110296,0.0007413383467,0.0008731184368,0.0009223542176,0.02077634402,0.006574304883,0.01613269767,0.03309654429,0.05420609829,0.07451815514,0.01475226459,0.01235121573,0.009279062911,0.006472716592,0.03681093827,0.006511504572,0.01070013835,0.01512708192,0.01723772389,0.01657797314,0.02242051235,0.01893448764,0.01434844973,0.01008917054,0.04243631368,0.007640059183,0.01302216756,0.01904554386,0.02251168153,0.02239086875,0.0003980405519,0.0003742701205,0.0003157812882,0.0002451874517,0.005757233571,0.0005666530673,0.001520768503,0.003390390402,0.005703608533,0.007758014542,0.0002619030042,0.0002441413303,0.0002042140088,0.000157300234,0.004994052292,0.0004829496671,0.001249594839,0.002692845829,0.00436738717,0.005743955633,1.034542256e-06,2.95681468e-06,6.396100373e-06,1.018233347e-05,0.009647976901,0.0009198590826,0.005501646194,0.02146324398,0.05190194632,0.08814377145,2.923201954e-09,1.849358093e-08,8.042409496e-08,2.23950451e-07,0.005199334454,0.0002742770928,0.0029462514,0.01781034262,0.05797200221,0.1230023385,1.635196195e-08,1.216352196e-07,6.48126904e-07,2.25823375e-06,0.0130670281,0.002533482646,0.01784479837,0.07628596188,0.1986482659,0.3688295137,1.393854266e-08,1.254908704e-07,8.09315997e-07,3.363217285e-06,0.01782412346,0.005053242409,0.03122107633,0.1181762777,0.2791426176,0.4830023172,8.831178075e-09,1.011895986e-07,8.305472301e-07,4.311893537e-06,0.02359284899,0.009277707104,0.0485763117,0.1576697532,0.3258419595,0.5100697482,9.510323374e-10,1.771276328e-08,2.267672488e-07,1.71081671e-06,0.02553652827,0.01053956409,0.05280783286,0.1572366267,0.2870854101,0.3977358508,7.178292433e-12,3.688718077e-10,1.114316032e-08,1.616227922e-07,0.02768643157,0.01019248565,0.06455884861,0.2008831391,0.3292731669,0.3712907762,2.815380208e-10,1.081151228e-08,2.440700197e-07,2.705421185e-06,0.06144333192,0.04342758767,0.189059976,0.4153144951,0.5067082976,0.4252001646,5.94354998e-09,1.709483902e-07,2.890431684e-06,2.453629811e-05,0.1098608602,0.1127689148,0.3639398992,0.6054785975,0.5776373934,0.3768210425,7.301832376e-10,4.004207122e-08,1.147493963e-06,1.427992545e-05,0.1381146653,0.1626944099,0.4543502082,0.5791942413,0.3790210136,0.1564329132
70,0.03322698719,0.03897084018,0.04101398531,0.03905268213,0.1548935597,0.08749673143,0.1334533963,0.1760505211,0.198623372,0.1961096966,0.04900256595,0.05798531621,0.06156879239,0.05910629656,0.1775702647,0.1030701094,0.1632088713,0.222926807,0.2611199883,0.2668600393,0.0008122406608,0.0010745574,0.001275609984,0.0013574071,0.02355700581,0.007607690033,0.0193024824,0.04084661562,0.06917275658,0.09806069202,0.0005507529965,0.0007221898136,0.0008497462287,0.0008968653269,0.02054864588,0.006458206122,0.01578334445,0.03225752911,0.05261690709,0.07206269105,0.01448152404,0.01211416944,0.009093193145,0.00633805256,0.03648429002,0.006409362906,0.01049426975,0.01478629949,0.01678852189,0.0160923185,0.02210191374,0.01866806904,0.01414856241,0.009949919357,0.04233293579,0.007660073009,0.01306409607,0.01911748689,0.02261025409,0.0225013,0.0003895934527,0.000366322469,0.0003090714312,0.0002399745787,0.005729052373,0.000566510174,0.001520297311,0.003389158391,0.005701206824,0.007754336084,0.0002552678025,0.0002377156658,0.0001986382884,0.0001528626955,0.004937536328,0.0004740123614,0.001221241025,0.002621323152,0.004233249001,0.005545690515,9.827237035e-07,2.805575303e-06,6.062164559e-06,9.64077017e-06,0.009516012005,0.0009008130546,0.005362008559,0.02082572589,0.05009582592,0.08465013967,2.72790556e-09,1.723210787e-08,7.482564284e-08,2.080718543e-07,0.005112802954,0.0002666205627,0.002845517591,0.01709826402,0.05524354736,0.1163754422,1.543653452e-08,1.14671987e-07,6.102054712e-07,2.123477972e-06,0.01288764875,0.002480682678,0.01737259013,0.07387130984,0.1911489379,0.3527591135,1.313778906e-08,1.181231728e-07,7.607801156e-07,3.157612086e-06,0.01756753641,0.0049400357,0.03034642146,0.1142531481,0.2681590805,0.4611603195,8.307510433e-09,9.506183332e-08,7.792067504e-07,4.040352209e-06,0.02323333025,0.009051589165,0.04712033671,0.1521284722,0.3123654192,0.4859427344,8.794845162e-10,1.635558674e-08,2.090773746e-07,1.575169614e-06,0.02501638412,0.01015016386,0.05052847387,0.1495477502,0.270925696,0.3725091293,6.382585581e-12,3.272844513e-10,9.865808857e-09,1.428145751e-07,0.02692003581,0.009592552638,0.0601994695,0.1857163426,0.300732017,0.3350237906,2.489199384e-10,9.538574912e-09,2.148750062e-07,2.37712472e-06,0.05961849285,0.04063262081,0.1752635362,0.3817146624,0.4599468592,0.381190778,5.230867485e-09,1.501299149e-07,2.5330243e-06,2.146007862e-05,0.1064180576,0.1050095533,0.3357777787,0.5538483765,0.5217116412,0.3360444907,6.210547458e-10,3.39690872e-08,9.709280986e-07,1.205365879e-05,0.1329832662,0.1481529962,0.4090683988,0.515999351,0.3321011089,0.1347767372
71,0.03264036966,0.03825085665,0.04022264823,0.03826967276,0.1535611491,0.08615696145,0.1309469067,0.1721787266,0.1935702032,0.1905007147,0.04832013171,0.05718207481,0.06072046755,0.05829593939,0.1770838626,0.103213125,0.1634871801,0.2233727283,0.2617253682,0.2675568072,0.0007949784374,0.001051611942,0.001248242793,0.001328158734,0.02342992787,0.007593226297,0.01925739999,0.0407347467,0.06895326608,0.0977103903,0.0005370099201,0.000703455721,0.0008268650225,0.0008718994949,0.02031764269,0.00633843133,0.01542443241,0.03139889487,0.05099734054,0.06956989575,0.01421532078,0.01188091649,0.008910182913,0.006205398039,0.03615362499,0.006304944777,0.01028458732,0.01444039001,0.0163342406,0.01560283562,0.02178525364,0.01840247443,0.01394868358,0.009810274541,0.04221930092,0.007674452792,0.01309423688,0.01916922868,0.02268118445,0.02258080112,0.0003812679417,0.0003584692695,0.0003024244987,0.0002347985471,0.00569904511,0.0005657812036,0.001517893905,0.003382875234,0.005688960366,0.00773558253,0.0002487850812,0.0002314331951,0.0001931836495,0.0001485196401,0.004880259388,0.0004648174067,0.00119219719,0.002548356981,0.004097001528,0.005345116941,9.332827484e-07,2.66114472e-06,5.743002978e-06,9.122817338e-06,0.009380841733,0.0008802670124,0.005212129194,0.02014463723,0.04817691496,0.08095787511,2.544857155e-09,1.60491583e-08,6.957353811e-08,1.931710984e-07,0.005024441194,0.0002584249193,0.002738422189,0.01634598421,0.05238339545,0.1094808261,1.456529725e-08,1.080401593e-07,5.740666397e-07,1.994994331e-06,0.01270192996,0.002422201605,0.01685569665,0.07125214068,0.1830869685,0.3356196038,1.237508935e-08,1.111013918e-07,7.144994286e-07,2.961482729e-06,0.01730145554,0.004815092982,0.02939172983,0.1100083959,0.2563795194,0.4379194042,7.808323801e-09,8.921778679e-08,7.302243432e-07,3.781207625e-06,0.02285986562,0.008803062024,0.04553657884,0.1461512472,0.2979544729,0.460344487,8.123166048e-10,1.508144847e-08,1.924703149e-07,1.447835556e-06,0.02448139631,0.009737423537,0.04812886702,0.1415041999,0.2541584544,0.3465418309,5.661352591e-12,2.896197931e-10,8.709934146e-09,1.258092374e-07,0.02613449672,0.008971856756,0.05573279913,0.1703157417,0.2721186034,0.2991243678,2.194227253e-10,8.388508179e-09,1.885239181e-07,2.081087568e-06,0.05774639576,0.03775868219,0.1612143344,0.3478062969,0.4133692166,0.3379226855,4.587736766e-09,1.313624792e-07,2.211173286e-06,1.869272298e-05,0.1028845898,0.09707081255,0.3072429522,0.5020042664,0.4662978611,0.2961758613,5.256958207e-10,2.867092211e-08,8.171428747e-07,1.011763198e-05,0.1277387542,0.1336203289,0.3643498615,0.4542772038,0.2870666486,0.1143549907
72,0.03206358067,0.03754238982,0.03944347842,0.03749833902,0.1522134274,0.08478901408,0.1283968855,0.1682528155,0.188464805,0.1848524733,0.04764246241,0.05638221186,0.05987333037,0.05748459605,0.1765577056,0.103283888,0.1636249181,0.2235934685,0.262025115,0.2679018789,0.0007779845655,0.001028970453,0.0012211759,0.001299170504,0.02329588419,0.007571215379,0.01918883117,0.04056468455,0.06861978182,0.09717842627,0.0005235869351,0.0006851453427,0.0008044888259,0.0008474746168,0.02008378148,0.006215450441,0.01505752417,0.0305246948,0.04935562683,0.06705317829,0.01395380306,0.01165160811,0.008730166906,0.006074860951,0.03581948268,0.006198560357,0.01007177186,0.01409055657,0.01587656092,0.01511142341,0.02147087123,0.01813803344,0.01374909544,0.009670455316,0.04209575936,0.007683250159,0.01311268304,0.0192009048,0.02272462278,0.02262950369,0.0003730713472,0.0003507190555,0.0002958490833,0.0002296670317,0.005667298583,0.0005644787731,0.001513601564,0.00337165815,0.005667106193,0.007702128913,0.0002424570503,0.0002252968055,0.0001878532218,0.0001442740013,0.00482233143,0.0004554004715,0.001162588129,0.002474286518,0.003959324544,0.005143291374,8.861625811e-07,2.523392539e-06,5.438404599e-06,8.628245933e-06,0.00924284392,0.0008583892022,0.005053412606,0.01942707402,0.04616746852,0.07711372136,2.373491269e-09,1.494138522e-08,6.465424817e-08,1.792131742e-07,0.004934517731,0.0002497720416,0.002626192536,0.01556308245,0.04943210662,0.1024250554,1.373733007e-08,1.017345168e-07,5.39691466e-07,1.872745978e-06,0.01251050948,0.002358651562,0.01630020957,0.06846240728,0.1745781691,0.3176789832,1.164987118e-08,1.044220974e-07,6.704631786e-07,2.774828964e-06,0.01702685298,0.004679768245,0.02836859376,0.105498497,0.243977071,0.413650475,7.333430534e-09,8.365674262e-08,6.836061297e-07,3.534550076e-06,0.02247392072,0.008534934009,0.04384497367,0.1398201406,0.2828268701,0.4336937233,7.494168295e-10,1.388850683e-08,1.76925589e-07,1.3286817e-06,0.02393381361,0.009306326441,0.04564115819,0.1332228751,0.2370499039,0.3202765467,5.010157411e-12,2.556501347e-10,7.668656385e-09,1.105068505e-07,0.02533401833,0.008340521344,0.05123768366,0.1549695413,0.2440027185,0.2643375953,1.928717879e-10,7.354589938e-09,1.648643739e-07,1.815611767e-06,0.05583806327,0.03485515284,0.1471707917,0.3142450005,0.3679247784,0.2963070493,4.010433203e-09,1.145383098e-07,1.923042358e-06,1.621850885e-05,0.09928275694,0.08909424798,0.2788757649,0.45097166,0.4125430313,0.2580616232,4.429341126e-10,2.408164684e-08,6.841990047e-07,8.447104319e-06,0.1224188166,0.1193891659,0.3211275852,0.3953396598,0.2448781992,0.09559107787
73,0.03149693955,0.03684589541,0.03867704366,0.0367393012,0.1508525915,0.08339688359,0.1258114292,0.1642860887,0.1833255135,0.1791861824,0.04697026028,0.05558668738,0.05902853678,0.05667349681,0.1759933464,0.1032835294,0.1636242208,0.2235923517,0.2620235992,0.2679001334,0.0007612729574,0.001006655973,0.001194442216,0.001270482947,0.02315525283,0.007541880568,0.01909751765,0.04033837475,0.06817634274,0.09647157042,0.0005104883,0.0006672666147,0.0007826298308,0.0008236064173,0.01984751111,0.006089735113,0.01468417071,0.029638911,0.04769976094,0.06452543416,0.01369710658,0.01142638363,0.00855326967,0.005946541296,0.03548240654,0.006090519894,0.009856497106,0.01373797831,0.01541711311,0.01461990563,0.02115909493,0.01787506734,0.01355007452,0.009530677493,0.04196268977,0.007686542249,0.01311958711,0.01921276263,0.0227408867,0.02264774158,0.0003650104763,0.0003430798437,0.0002893533236,0.0002245873445,0.005633904534,0.0005626184945,0.001507474681,0.003355656417,0.005635950098,0.007654464363,0.0002362855034,0.000219308931,0.000182649697,0.0001401283297,0.004763862664,0.0004457972157,0.001132537153,0.002399443327,0.003820874766,0.004941223222,8.413022777e-07,2.392171982e-06,5.148112482e-06,8.156737763e-06,0.009102398795,0.0008353529033,0.004887289199,0.01868018813,0.04408963891,0.07316364701,2.21324298e-09,1.390538922e-08,6.005375695e-08,1.661610388e-07,0.00484330039,0.0002407448112,0.00251005214,0.0147589709,0.04642881077,0.0953090665,1.295159397e-08,9.574867989e-08,5.070532832e-07,1.756663946e-06,0.01231403446,0.002290673393,0.01571240198,0.06553657054,0.1657381831,0.2992007201,1.096142455e-08,9.80803194e-08,6.286486314e-07,2.597592557e-06,0.01674471493,0.004535472323,0.02728889855,0.1007805295,0.2311238669,0.3887165062,6.882524719e-09,7.837636817e-08,6.393427146e-07,3.300378008e-06,0.02207698158,0.008250114469,0.04206584925,0.1332176483,0.2671979061,0.4063978466,6.906543029e-10,1.277449336e-08,1.624163051e-07,1.217519981e-06,0.0233758756,0.008861806333,0.04309667611,0.1248160034,0.21985051,0.2941212004,4.424379959e-12,2.251353215e-10,6.734625567e-09,9.67993665e-08,0.02452271925,0.007708001398,0.04678589977,0.1399335444,0.2168707786,0.2312725684,1.690791982e-10,6.429489809e-09,1.437280199e-07,1.5787987e-06,0.05390426384,0.03196741831,0.1333641669,0.2816021327,0.3244068856,0.2570699742,3.494837013e-09,9.953664398e-08,1.666547354e-06,1.40193825e-05,0.09563429054,0.08120821219,0.2511528167,0.4016304175,0.361388149,0.2223615275,3.715713818e-10,2.01334973e-08,5.70092575e-07,7.016391231e-06,0.1170596682,0.1057069005,0.2801578117,0.3402046947,0.2062224045,0.07875639865
74,0.03094073944,0.03616179414,0.0379238699,0.03599313495,0.1494808513,0.08198455691,0.1231985346,0.1602915579,0.1781700814,0.1735221787,0.04630420411,0.05479643504,0.05818721669,0.05586384921,0.1753924432,0.1032134916,0.1634878959,0.2233738777,0.261726931,0.2675586053,0.0007448564535,0.000984690021,0.001168072733,0.001242134456,0.0230084294,0.00750548134,0.01898432688,0.04005810429,0.06762771894,0.09559784883,0.0004977174296,0.0006498261758,0.0007612984586,0.0008003084952,0.01960928048,0.00596175512,0.01430589854,0.02874542005,0.04603743351,0.06199892913,0.01344535475,0.01120537059,0.008379605649,0.005820531152,0.03514294202,0.005981131838,0.009639425454,0.01338380258,0.01495746571,0.01413001854,0.02085024176,0.01761388824,0.01335189092,0.009391152744,0.04182049745,0.007684430918,0.0131151593,0.01920515777,0.02273045596,0.02263604452,0.0003570916131,0.0003355591239,0.0002829448876,0.0002195664157,0.005598959164,0.0005602187964,0.001499578044,0.003335049152,0.00559586158,0.007593183304,0.0002302718344,0.0002134715678,0.0001775753407,0.0001360848021,0.004704963098,0.000436043022,0.001102165093,0.002324148543,0.003682280191,0.004739866134,7.986374593e-07,2.267322043e-06,4.871829009e-06,7.707894656e-06,0.008959886794,0.0008113339255,0.004715192194,0.01791106205,0.04196505586,0.06915192136,2.063551547e-09,1.293774756e-08,5.575771942e-08,1.539761192e-07,0.004751054609,0.000231425706,0.002391197686,0.01394270472,0.0434103668,0.08822591562,1.220694776e-08,9.007525109e-08,4.761185551e-07,1.646650443e-06,0.01211315703,0.00221892512,0.01509860386,0.06250886345,0.1566798272,0.2804373577,1.030891841e-08,9.206971518e-08,5.890222866e-07,2.429662815e-06,0.01645603452,0.004383646749,0.02616458097,0.09591093127,0.2179870171,0.3634636309,6.455194646e-09,7.337287331e-08,5.974106235e-07,3.078606145e-06,0.02167054325,0.00795155795,0.04021950133,0.1264248639,0.2512753106,0.3788428153,6.358822999e-10,1.17367814e-08,1.489101405e-07,1.114115236e-06,0.02280979466,0.008408651313,0.04052528013,0.1163886991,0.2027893526,0.2684397989,3.899314132e-12,1.978284762e-10,5.90021701e-09,8.457376937e-08,0.02370459343,0.00708286976,0.04244053873,0.1254256266,0.1911167082,0.2003940717,1.478490024e-10,5.605496732e-09,1.249362328e-07,1.368618405e-06,0.05195540161,0.02913584076,0.1199934742,0.2503531152,0.2834397488,0.2207453873,3.036574035e-09,8.622820058e-08,1.439439347e-06,1.207572618e-05,0.09196011913,0.07352497773,0.2244768328,0.3546979644,0.3135549211,0.1895446628,3.104184388e-10,1.675899056e-08,4.728217031e-07,5.799766062e-06,0.1116956319,0.09277117942,0.242010635,0.2895911464,0.1715207728,0.0639823162
75,0.03039524767,0.03549047204,0.03718444147,0.03526037131,0.148100422,0.08055599058,0.1205660505,0.1562818636,0.173015564,0.1678797961,0.04564494806,0.05401236007,0.05735047098,0.0550568343,0.1747567531,0.1030755151,0.163219393,0.2229436669,0.2611428774,0.2668863783,0.000728746826,0.0009630925754,0.001142096475,0.001214161201,0.02285582511,0.007462310564,0.0188502413,0.03972647011,0.06697933899,0.09456641035,0.0004852769301,0.000632829413,0.0007405034133,0.0007775923794,0.01936953671,0.005831974926,0.01392419799,0.02784796209,0.04437596854,0.05948520037,0.01319865892,0.01098868489,0.008209279288,0.005696914725,0.03480163471,0.00587070106,0.009421203912,0.01302913784,0.01449911587,0.01364340037,0.02054461681,0.01735479839,0.01315480752,0.009252087941,0.0416696126,0.007677041757,0.01309966506,0.01917854947,0.02269396532,0.02259512935,0.0003493205204,0.0003281638535,0.0002766309606,0.0002146107793,0.005562562652,0.0005573007212,0.001489986014,0.00331004277,0.005547268033,0.007518975276,0.0002244170552,0.0002077862904,0.0001726320064,0.0001321452321,0.004645742099,0.0004261727418,0.001071589388,0.002248710392,0.003544135229,0.004540110766,7.581009233e-07,2.14866958e-06,4.609221065e-06,7.281247659e-06,0.008815686456,0.0007865082023,0.004538535943,0.0171265937,0.03981445178,0.06512031375,1.923863623e-09,1.203504057e-08,5.175160373e-08,1.42618783e-07,0.004658041892,0.0002218954959,0.00227077844,0.01312281787,0.04041067178,0.08125903349,1.150216422e-08,8.470595535e-08,4.468477302e-07,1.542582191e-06,0.01190852997,0.00214407074,0.01446508452,0.05941261554,0.1475107366,0.2616250555,9.691417035e-09,8.638273872e-08,5.515411064e-07,2.270882259e-06,0.01616180491,0.004225738545,0.02500740305,0.09094436946,0.2047250877,0.3382136233,6.050935373e-09,6.86411724e-08,5.57773788e-07,2.869073986e-06,0.0212560988,0.007642210909,0.03832579994,0.1195198275,0.2352548238,0.3513847258,5.849414024e-10,1.077245248e-08,1.363702982e-07,1.018193207e-06,0.02223773925,0.007951419107,0.03795480864,0.1080369881,0.1860698656,0.2435460083,3.43025326e-12,1.734810283e-10,5.157703678e-09,7.371486277e-08,0.02288347527,0.006472659877,0.03825495177,0.1116226908,0.1670389699,0.1720239304,1.289819085e-10,4.874720681e-09,1.083051904e-07,1.18297134e-06,0.05000141898,0.02639505445,0.1072224998,0.2208720624,0.2454766817,0.1876807959,2.631140912e-09,7.447916486e-08,1.239378866e-06,1.036704457e-05,0.08828016281,0.0661389007,0.19917138,0.3107231626,0.2695471419,0.1598982582,2.583231633e-10,1.389262436e-08,3.904401194e-07,4.772185228e-06,0.1063587872,0.08072883609,0.2070730742,0.2439334416,0.1409557072,0.05128068434
76,0.02986070633,0.03483228105,0.0364592015,0.03454149708,0.1467135173,0.07911508894,0.117921632,0.1522692015,0.1678782201,0.1622772566,0.0449931207,0.05323533739,0.05651936874,0.0542536033,0.174088124,0.102871623,0.1628227683,0.2223083954,0.2602807604,0.2658944559,0.0007129547885,0.0009418820712,0.001116540466,0.00118659707,0.02269786473,0.007412691459,0.01869634669,0.03934634461,0.06623721047,0.09338738153,0.0004731686364,0.0006162805127,0.000720251743,0.0007554675954,0.0191287234,0.005700850508,0.01354051241,0.02695011345,0.04272227028,0.05699497578,0.01295711868,0.01077643104,0.008042385179,0.005575768442,0.03445902864,0.005759527192,0.009202460464,0.01267504734,0.01404348104,0.01316158271,0.02024251275,0.01709808953,0.01295907937,0.009113684556,0.04151048835,0.00766452293,0.01307342226,0.01913349498,0.02263219587,0.02252588924,0.0003417024438,0.0003209004548,0.0002704182375,0.0002097265609,0.005524818654,0.0005538876999,0.001478781612,0.003280868167,0.005490648288,0.007432613647,0.0002187218144,0.0002022542703,0.0001678211518,0.0001283110835,0.004586307986,0.0004162204611,0.00104092326,0.002173422022,0.003406996634,0.004342779021,7.196232429e-07,2.036031336e-06,4.359925081e-06,6.876266114e-06,0.008670172439,0.0007610495266,0.004358696084,0.01633339401,0.03765734016,0.06110743323,1.793636076e-09,1.119387529e-08,4.802082049e-08,1.320487695e-07,0.004564518367,0.0002122320682,0.002149878486,0.01230718815,0.03746013222,0.07448100863,1.083594565e-08,7.963177595e-08,4.191960821e-07,1.444313741e-06,0.01170080262,0.002066769611,0.01381794498,0.05627965542,0.1383313741,0.2429792035,9.10789602e-09,8.101080665e-08,5.161537413e-07,2.121052342e-06,0.01586301276,0.004063176562,0.02382874709,0.08593275185,0.1914851618,0.3132579551,5.669161176e-09,6.417504669e-08,5.203850515e-07,2.671554501e-06,0.02083512888,0.007324962296,0.03640383734,0.1125761009,0.2193165678,0.3243433008,5.37662472e-10,9.878359543e-09,1.247564224e-07,9.294482336e-07,0.02166181847,0.007494365611,0.03541063891,0.09984632814,0.1698669867,0.2196995264,3.012562717e-12,1.518470099e-10,4.499403994e-09,6.410766849e-08,0.02206300912,0.005883765917,0.03427223981,0.09865993287,0.1448429914,0.146350326,1.122793153e-10,4.229266483e-09,9.365025041e-08,1.01974181e-06,0.04805171284,0.02377357988,0.09517880215,0.1934321432,0.2108079481,0.1580532624,2.274013189e-09,6.415463497e-08,1.064000164e-06,8.872559366e-06,0.08461315876,0.05912558729,0.1754800536,0.2700897154,0.2296642325,0.1335462686,2.141918382e-10,1.147217236e-08,3.210980066e-07,3.909840596e-06,0.1010786868,0.06967768909,0.1755622943,0.2034115603,0.1145081203,0.04056914657
77,0.02933733293,0.03418753965,0.03574855264,0.03383695531,0.1453223426,0.07766568394,0.1152727001,0.1482652568,0.1627734275,0.1567315808,0.04434932419,0.05246621004,0.05569494486,0.05345527455,0.1733884871,0.1026041037,0.1623026441,0.2214757207,0.2591513432,0.2645956137,0.0006974900114,0.0009210754043,0.001091429721,0.001159473627,0.02253498461,0.007356974326,0.01852381962,0.03892083898,0.06540783544,0.0920717126,0.0004613936525,0.0006001825153,0.0007005489082,0.0007339417417,0.01888727913,0.005568826414,0.01315622869,0.02605526315,0.04108277978,0.05453811142,0.01272082219,0.01056870243,0.007879008261,0.005457161085,0.03411566455,0.005647903091,0.008983800793,0.01232254372,0.01359189209,0.01268598374,0.01994420952,0.01684404241,0.01276495307,0.008976138121,0.04134359894,0.007647043854,0.01303679782,0.01907064308,0.02254606486,0.02242938099,0.0003342421193,0.0003137748164,0.0002643129181,0.0002049194707,0.005485833807,0.0005500053108,0.00146605554,0.003247777691,0.005426525681,0.00733494348,0.0002131864172,0.0001968762951,0.000163143856,0.0001245834841,0.004526767644,0.0004062192861,0.001010275001,0.002098559678,0.003271380259,0.004148619783,6.831333308e-07,1.929215866e-06,4.123551921e-06,6.492366534e-06,0.008523713657,0.0007351274699,0.004176991897,0.01553769895,0.03551175248,0.05714821754,1.672338413e-09,1.041090626e-08,4.455083876e-08,1.222255828e-07,0.00447073347,0.0002025094039,0.002029502114,0.01150293316,0.03458530079,0.06795288869,1.020693865e-08,7.484308544e-08,3.931145265e-07,1.351680735e-06,0.01149061699,0.001987666662,0.01316302268,0.05313980418,0.1292334414,0.224691172,8.557257617e-09,7.59444601e-08,4.828017344e-07,1.979939113e-06,0.01556063198,0.003897349897,0.02263943643,0.08092440004,0.1784005368,0.2888535007,5.309217712e-09,5.996730453e-08,4.851876659e-07,2.48576283e-06,0.02040909188,0.007002599121,0.03447162513,0.1056615994,0.2036222757,0.2979973495,4.93869417e-10,9.051186165e-09,1.140254619e-07,8.475505401e-07,0.02108406831,0.007041387764,0.03291536313,0.09189063209,0.1543256741,0.1971050636,2.641739811e-12,1.326866182e-10,3.917804916e-09,5.563942902e-08,0.0212466236,0.005321397674,0.03052523936,0.08663211825,0.1246479546,0.1234430119,9.754667088e-11,3.66137909e-09,8.078961513e-08,8.768427168e-07,0.04611506521,0.0212937334,0.08395446198,0.1682107604,0.1795760578,0.131892534,1.960735777e-09,5.512150837e-08,9.109650403e-07,7.571707291e-06,0.08097651881,0.05254196775,0.1535695074,0.2330273554,0.1940238567,0.1104744616,1.770043095e-10,9.439605117e-09,2.630710236e-07,3.190551482e-06,0.09588214585,0.05967061312,0.1475462074,0.167991011,0.09200099288,0.03169775289
78,0.02882532107,0.03355653374,0.03505285782,0.03314714615,0.1439290881,0.07621151652,0.1126264046,0.1442811483,0.1577156144,0.1512585198,0.04371413372,0.0517057879,0.05487819795,0.05266293083,0.1726598493,0.1022754919,0.1616641653,0.2204542006,0.2577667023,0.2630042351,0.0006823611433,0.000900687946,0.001066787235,0.001132820092,0.02236763061,0.007295533139,0.01833391439,0.03845326499,0.0644981227,0.09063101799,0.0004499523923,0.0005845373734,0.0006813988557,0.0007130205735,0.01864563585,0.005436333124,0.01277266893,0.0251665934,0.03946344101,0.05212354706,0.01248984662,0.01036558166,0.007719224064,0.005341153958,0.03377207833,0.005536113451,0.008765805411,0.01197258439,0.01314558788,0.01221790332,0.019649974,0.01659292634,0.01257266628,0.008839637754,0.04116943765,0.007624793731,0.01299020415,0.0189907269,0.02243661437,0.02230681075,0.0003269437833,0.0003067922984,0.0002583207065,0.0002001947985,0.00544571723,0.0005456810242,0.001451905149,0.003211041952,0.005355460785,0.007226868852,0.0002078108453,0.0001916527896,0.0001586008384,0.000120963242,0.00446722616,0.0003962011517,0.0009797473432,0.002024381213,0.003137758631,0.003958306095,6.485589663e-07,1.828025359e-06,3.899691552e-06,6.128921167e-06,0.008376671559,0.0007089055161,0.003994671134,0.01474529724,0.03339403613,0.05327357352,1.559454836e-09,9.682853664e-09,4.132728866e-08,1.131088423e-07,0.004376928753,0.0001927967197,0.001910562484,0.01071633771,0.0318086732,0.06172396488,9.613747958e-09,7.032976999e-08,3.685504046e-07,1.264503048e-06,0.01127860418,0.001907383627,0.01250581035,0.05002046767,0.1202987091,0.2069261995,8.038345391e-09,7.117352008e-08,4.514206882e-07,1.847278741e-06,0.01525561807,0.003729588812,0.02144958513,0.07596339724,0.1655890776,0.265219879,4.970393759e-09,5.600993703e-08,4.52116757e-07,2.311364861e-06,0.01997941488,0.006677767837,0.03254584568,0.09883769508,0.1883133908,0.2725821587,4.5338173e-10,8.287501117e-09,1.041324683e-07,7.721529973e-07,0.02050643945,0.006595981208,0.0304885797,0.08423177127,0.139560678,0.175913615,2.313461495e-12,1.157690702e-10,3.405660969e-09,4.820122285e-08,0.02043751078,0.00478958505,0.02703693258,0.07559647937,0.1064967666,0.1032722672,8.459617915e-11,3.163560848e-09,6.954729347e-08,7.522517252e-07,0.04419958841,0.01897179498,0.07360827162,0.1452984446,0.1517961568,0.1091082514,1.686996023e-09,4.72508134e-08,7.780063057e-07,6.444541618e-06,0.07738621967,0.0464271394,0.1335355379,0.1996287904,0.1625903653,0.09055880795,1.458236718e-10,7.74167909e-09,2.147788442e-07,2.594014384e-06,0.09079309832,0.05072121798,0.1229685999,0.1374677639,0.07314390819,0.02447413551
79,0.02832484136,0.03293951755,0.03437244133,0.03247242781,0.1425359232,0.07475621983,0.1099895931,0.1403273819,0.1527182047,0.1458725057,0.04308809701,0.05095484662,0.05407008858,0.05187761704,0.1719042849,0.1018885482,0.1609129513,0.219253205,0.2561400906,0.2611361338,0.0006675758367,0.0008807335667,0.001042634007,0.001106663333,0.02219625618,0.007228762018,0.01812794965,0.03794709597,0.06351529858,0.08907741495,0.0004388446226,0.0005693460133,0.0006628040972,0.0006927080937,0.01840421761,0.005303784697,0.01239108344,0.02428706404,0.0378696765,0.04975927894,0.01226425848,0.01016714087,0.007563098987,0.005227801099,0.03342879954,0.00542443355,0.008549027206,0.01162606781,0.01270571123,0.01175851989,0.01936005986,0.01634499883,0.01238244733,0.008704365752,0.04098851483,0.007597979972,0.01293409515,0.018894556,0.02230499897,0.02215951851,0.0003198111852,0.00029995774,0.0002524468141,0.0001955574131,0.005404580029,0.0005409439376,0.001436433367,0.003170946549,0.005278043958,0.007109339903,0.0002025947785,0.0001865838371,0.0001541924786,0.0001174508618,0.004407786501,0.0003861966542,0.0009494369568,0.001951124949,0.003006559315,0.003772433711,6.158272823e-07,1.73225735e-06,3.687917467e-06,5.785266179e-06,0.008229398559,0.0006825394363,0.003812897481,0.01396147432,0.03131871341,0.04951016433,1.45448594e-09,9.006518825e-09,3.833605091e-08,1.046585935e-07,0.00428333684,0.0001831577838,0.001793873602,0.009952811474,0.02914863366,0.05583198401,9.054949419e-09,6.608134647e-08,3.454482275e-07,1.182587798e-06,0.01106538102,0.001826511427,0.01185138998,0.04694633096,0.111598261,0.1898223656,7.54995799e-09,6.668723514e-08,4.2194138e-07,1.722782825e-06,0.0149489028,0.003561148436,0.02026847835,0.07108911408,0.1531522114,0.2425383371,4.651932394e-09,5.229426739e-08,4.211007376e-07,2.147985526e-06,0.01954748545,0.006352942107,0.03064166014,0.09215859281,0.1735100063,0.2482886777,4.160167801e-10,7.583807916e-09,9.503132382e-08,7.028973044e-07,0.01993078678,0.006161212519,0.02814679389,0.07691951982,0.1256574057,0.1562256224,2.023620707e-12,1.008747939e-10,2.956070607e-09,4.168921351e-08,0.01963861027,0.00429122487,0.02382119516,0.06557680435,0.0903680137,0.08572955991,7.324888906e-11,2.728662211e-09,5.975539315e-08,6.440392492e-07,0.04231268474,0.01681838715,0.06416901197,0.1247102949,0.1273792134,0.08951845682,1.448680235e-09,4.041951215e-08,6.629613306e-07,5.472041623e-06,0.07385672516,0.0408038147,0.1154113611,0.1698703317,0.1352060008,0.07359437758,1.198012859e-10,6.330242736e-09,1.747947757e-07,2.101931862e-06,0.08583252099,0.04281047605,0.1016761408,0.1115137421,0.05757467209,0.01868534662
80,0.02783604222,0.03233671476,0.03370759,0.03181311772,0.1411449905,0.07330330424,0.1073687834,0.1364138127,0.1477935792,0.1405866227,0.04247173415,0.05021412683,0.05327153783,0.05110033824,0.1711239275,0.1014462372,0.1600550462,0.2178828233,0.254285793,0.2590083677,0.0006531407783,0.0008612246681,0.001018989056,0.001081027887,0.0220213204,0.007157071664,0.01790729488,0.03740592762,0.06246681801,0.08742336349,0.0004280695065,0.000554608398,0.0006447657929,0.0006730066497,0.01816343923,0.005171576747,0.0120126451,0.02341940097,0.03630637209,0.04745234886,0.01204411416,0.009973442179,0.007410690616,0.005117149508,0.03308635007,0.005313128159,0.008333989392,0.01128383066,0.01227330625,0.01130888898,0.01907470746,0.01610050533,0.01219451481,0.008570497244,0.04080135592,0.007566826513,0.01286896198,0.01878300811,0.02215247252,0.02198896154,0.0003128476019,0.0002932754701,0.0002466959652,0.0001910117638,0.005362534817,0.0005358245061,0.001419747627,0.003127788762,0.005194887859,0.006983339883,0.0001975376157,0.0001816692013,0.0001499188367,0.0001140465629,0.004348549214,0.0003762349073,0.0009194340364,0.001879008864,0.002878164033,0.003591520925,5.848652133e-07,1.641706303e-06,3.487790841e-06,5.460709398e-06,0.008082236623,0.0006561759174,0.00363274073,0.01319097243,0.02929839936,0.04588033357,1.356950078e-09,8.378797169e-09,3.55633335e-08,9.683557668e-08,0.004190180509,0.0001736504059,0.001680145489,0.009216875011,0.02661953154,0.05030371906,8.529101866e-09,6.208707126e-08,3.237503726e-07,1.10573218e-06,0.01085154709,0.00174560381,0.01120438249,0.04393915381,0.1031921307,0.1734905499,7.090861994e-09,6.247441988e-08,3.94290816e-07,1.606143436e-06,0.0146413895,0.003393195445,0.01910448402,0.06633590868,0.1411745242,0.2209520191,4.353041509e-09,4.881109214e-08,3.920626508e-07,1.995216726e-06,0.01911464425,0.006030397247,0.02877257344,0.08567097039,0.1593105831,0.2252642905,3.815918508e-10,6.936589058e-09,8.667539309e-08,6.394195377e-07,0.01935886078,0.005739705271,0.02590341803,0.0699918829,0.1126736829,0.1380955803,1.76835237e-12,8.779701279e-11,2.562531827e-09,3.600556247e-08,0.01885259802,0.003828161627,0.02088378955,0.05656828457,0.07618879055,0.07064818126,6.333621876e-11,2.349948077e-09,5.12557979e-08,5.503889067e-07,0.04046102011,0.01483901354,0.05563945569,0.1063988386,0.1061559604,0.0728771242,1.241915013e-09,3.451181681e-08,5.637964869e-07,4.636337237e-06,0.07040093925,0.03568020131,0.09917723141,0.1436342674,0.1116222178,0.0593225329,9.817797111e-11,5.162311361e-09,1.418481049e-07,1.698043184e-06,0.08101841791,0.03589369901,0.08344503682,0.08971942469,0.04489538106,0.01411532457
81,0.02735905086,0.03174831966,0.03305855448,0.03116949392,0.1397584007,0.07185614435,0.1047701417,0.1325496168,0.1429530509,0.1354125947,0.04186553747,0.04948433361,0.05248342621,0.05033205809,0.1703209624,0.1009517059,0.159096867,0.2163537685,0.2522189767,0.2566390452,0.000639061724,0.0008421722218,0.0009958694641,0.001055935981,0.02184328603,0.00708088578,0.01767335696,0.03683343942,0.06136027738,0.08568151064,0.0004176256479,0.0005403235925,0.0006272838364,0.0006539170339,0.01792370522,0.005040084726,0.01163844485,0.02256608847,0.03477787029,0.04520884834,0.01182946035,0.009784538075,0.007262048075,0.005009239419,0.03274524285,0.005202450603,0.008121183887,0.01094664578,0.01184931698,0.01086994343,0.01879414383,0.01585967911,0.01200907738,0.008438199916,0.04060849937,0.007531572072,0.01279532876,0.01865702042,0.02198037458,0.02179669718,0.0003060558549,0.0002867493212,0.000241072406,0.0001865618852,0.005319695241,0.000530354271,0.001401958777,0.003081874264,0.00510662007,0.006849872455,0.0001926384961,0.0001769083493,0.0001457796753,0.0001107502973,0.004289612155,0.0003663434235,0.0008898219997,0.0018082301,0.002752908495,0.003416009567,5.555999019e-07,1.556165079e-06,3.298864395e-06,5.154537563e-06,0.007935516019,0.0006299514554,0.003455169646,0.01243796633,0.02734377418,0.04240215209,1.266384426e-09,7.796688848e-09,3.299573618e-08,8.960145741e-08,0.00409767193,0.0001643260988,0.00156998232,0.008512170858,0.0242318687,0.04515582134,8.034757993e-09,5.83360406e-08,3.033977309e-07,1.033726111e-06,0.01063768202,0.00166517229,0.01056891277,0.0410176623,0.09512929561,0.1580152448,6.659803744e-09,5.852358353e-08,3.683932136e-07,1.497037837e-06,0.01433394888,0.003226797783,0.01796499495,0.06173299062,0.1297238965,0.2005674177,4.072903609e-09,4.555081326e-08,3.649214306e-07,1.852624782e-06,0.01868217857,0.005712191392,0.02695035392,0.07941386287,0.1457923529,0.2036149183,3.499259229e-10,6.342344864e-09,7.901809725e-08,5.81355044e-07,0.01879230047,0.005333638755,0.02376885834,0.06347574302,0.1006422,0.1215376309,1.54405022e-12,7.634279142e-11,2.218979281e-09,3.105904196e-08,0.01808187974,0.003401293251,0.01822351245,0.04854272098,0.06384745975,0.05782250033,5.470097545e-11,2.021142359e-09,4.390129534e-08,4.696112572e-07,0.03865051106,0.01303470498,0.04800075676,0.09026730783,0.08789992614,0.05889904082,1.063095003e-09,2.942007217e-08,4.786234667e-07,3.920858267e-06,0.06703018792,0.03105214495,0.08477062433,0.1207313085,0.09152905033,0.04745488248,8.028220005e-11,4.199961327e-09,1.148207867e-07,1.368078893e-06,0.0763658604,0.02990736439,0.06800563624,0.07163119113,0.03470151388,0.01055769975
82,0.02689397431,0.03117449842,0.03242555074,0.03054179655,0.1383782278,0.07041796785,0.1021994647,0.1287432718,0.138206853,0.1303607907,0.04126997162,0.04876613615,0.05170659281,0.04957369755,0.1694976183,0.1004082595,0.1580451504,0.2146772793,0.2499555394,0.2540471302,0.0006253435366,0.0008235858161,0.0009732904214,0.001031407578,0.02166261779,0.007000637552,0.01742756708,0.03623335718,0.06020333085,0.08386454186,0.0004075111358,0.0005264898299,0.0006103569435,0.0006354385886,0.01768540875,0.004909662535,0.01126948863,0.02172936496,0.03328797161,0.04303393619,0.01162033457,0.009600471897,0.007117212399,0.004904104583,0.03240598072,0.005092641981,0.007911070089,0.01061522096,0.01143458724,0.0104424949,0.01851858268,0.0156227411,0.01182633356,0.008307633796,0.04041049469,0.007492468337,0.012713748,0.01851758065,0.02179011636,0.0215843653,0.0002994383289,0.0002803826447,0.0002355799162,0.0001822114051,0.005276175526,0.0005245655912,0.001383180024,0.00303351392,0.005013875944,0.006709949497,0.0001878963215,0.0001723004743,0.0001417744808,0.000107561769,0.004231070263,0.0003565480201,0.0008606772854,0.001738964779,0.00263108287,0.003246267027,5.279590661e-07,1.475426271e-06,3.120685947e-06,4.866023046e-06,0.007789554245,0.0006039915108,0.003281047425,0.01170605353,0.02546360458,0.0390895701,1.182345757e-09,7.257307146e-09,3.062030334e-08,8.291901869e-08,0.004006012034,0.0001552299014,0.001463883259,0.007841496324,0.02199257464,0.04039587595,7.570474169e-09,5.481728187e-08,2.843302995e-07,9.663546622e-07,0.01042434317,0.001585682379,0.009948589498,0.03819752853,0.08744797981,0.14345607,6.255520134e-09,5.482304796e-08,3.441709085e-07,1.395132848e-06,0.01402741543,0.003062917375,0.01685639984,0.05730443312,0.118852102,0.1814567791,3.810684804e-09,4.250356012e-08,3.395930697e-07,1.719757352e-06,0.01825131687,0.005400153193,0.02518500381,0.07341876459,0.133012297,0.1834081671,3.208412055e-10,5.797626964e-09,7.201340982e-08,5.283426759e-07,0.01823262828,0.00494475783,0.02175067374,0.05738775319,0.08957343057,0.1065317204,1.34737569e-12,6.633361276e-11,1.919805327e-09,2.676538754e-08,0.01732858852,0.003010693176,0.01583341345,0.0414537443,0.05320560493,0.04702491078,4.719793782e-11,1.736453679e-09,3.755622904e-08,4.001517249e-07,0.03688632389,0.01140272413,0.0412169271,0.07618250781,0.07234833177,0.04728098662,9.088989018e-10,2.504526288e-08,4.057085944e-07,3.310418691e-06,0.06375422758,0.02690538212,0.0720963226,0.1009217893,0.07458108393,0.03769311149,6.552606138e-11,3.410090562e-09,9.273997233e-08,1.099659791e-06,0.07188707538,0.02477541219,0.05506383794,0.05678207022,0.02660366196,0.00782421071
83,0.02644090047,0.03061539045,0.03180876161,0.02993022947,0.1370065051,0.06899184642,0.09966216712,0.1250025454,0.1335641407,0.1254402452,0.04068547384,0.04806016773,0.05094183485,0.04882613402,0.1686561597,0.09981933957,0.1569068992,0.2128650215,0.2475119567,0.2512522462,0.0006119902267,0.000805473708,0.0009512652864,0.001007460435,0.02147978053,0.006916766217,0.01717136808,0.03560941731,0.05900361109,0.08198504194,0.0003977235889,0.0005131045777,0.0005939827415,0.0006175693122,0.0174489308,0.004780641453,0.0109066954,0.0209112224,0.03183994307,0.04093186795,0.01141676565,0.009421278303,0.006976216935,0.00480177258,0.03206905547,0.004983930535,0.007704074047,0.01029019847,0.01102986161,0.01002723678,0.01824822461,0.01538989993,0.0116464716,0.008178951094,0.04020790043,0.007449778136,0.01262479607,0.01836571808,0.02158316667,0.02135367066,0.0002929969912,0.0002741783294,0.0002302218231,0.0001779635539,0.005232090042,0.00051849138,0.001363525905,0.002983020708,0.004917291815,0.00656457958,0.0001833097771,0.0001678445186,0.0001379024855,0.0001044804528,0.004173015352,0.0003468727489,0.0008320692452,0.001671368089,0.002512932834,0.003082589165,5.018713265e-07,1.399283407e-06,2.952801668e-06,4.594430026e-06,0.007644655112,0.0005784099214,0.003111129599,0.01099825765,0.0236648075,0.03595265566,1.104410965e-09,6.757884865e-09,2.842456618e-08,7.675231785e-08,0.003915390034,0.00014640035,0.001362245619,0.007206853856,0.01990534638,0.03602358458,7.134819195e-09,5.151983588e-08,2.664877194e-07,9.034002774e-07,0.01021206363,0.001507551084,0.009346498697,0.03549142814,0.08017621536,0.1298498264,5.876748345e-09,5.136105467e-08,3.215451793e-07,1.300088836e-06,0.01372258434,0.002902405734,0.01578408053,0.05306931432,0.1085957815,0.1636612231,3.565542994e-09,3.965930073e-08,3.159916871e-07,1.596149769e-06,0.01782322419,0.005095875663,0.02348477542,0.0677099166,0.1210085833,0.1646772329,2.941644239e-10,5.299066587e-09,6.561627675e-08,4.80028381e-07,0.01768124647,0.004574392167,0.01985379091,0.0517354057,0.07945882112,0.09302993238,1.17526008e-12,5.760556051e-11,1.659867518e-09,2.304743077e-08,0.01659458648,0.002655740629,0.01370201281,0.0352417741,0.04410866083,0.03801993959,4.069406914e-11,1.490585157e-09,3.209675026e-08,3.405936461e-07,0.03517288501,0.009937285568,0.03523915559,0.06398665353,0.0592200713,0.03771871819,7.762955815e-10,2.129720633e-08,3.434762873e-07,2.791246904e-06,0.06058127698,0.02321777216,0.06103589021,0.08393467551,0.06041919476,0.02974437473,5.339967383e-11,2.764087028e-09,7.476770017e-08,8.821583893e-07,0.06759157485,0.0204147566,0.04431869484,0.04471545417,0.02024229649,0.005749357114
84,0.02599989919,0.03007110982,0.03120833844,0.02933496204,0.1356452206,0.06758068844,0.09716327329,0.121334493,0.1290330032,0.1206586916,0.04011245432,0.04736702583,0.05018990742,0.04809020077,0.1677988792,0.09918849955,0.1556893288,0.2109289908,0.2449051319,0.2482744841,0.000599004997,0.0007878428801,0.0009298056511,0.0009841101707,0.02129523761,0.006829713762,0.01690620244,0.03496533316,0.05776865587,0.08005536734,0.0003882601999,0.0005001646051,0.0005781578594,0.0006003059675,0.01721463944,0.004653329368,0.01055089633,0.02011340856,0.03043653311,0.03890603544,0.01121877432,0.009246983772,0.006839087764,0.004702265145,0.03173494688,0.004876531182,0.007500588002,0.009972155329,0.01063578736,0.009624748205,0.01798325726,0.015161352,0.01146966946,0.008052296121,0.04000128233,0.007403773602,0.01252906864,0.01820249463,0.02136103793,0.02110636548,0.0002867334137,0.0002681388206,0.0002250010175,0.0001738211768,0.005187552885,0.0005121648519,0.001343111301,0.002930706811,0.004817498635,0.00641475733,0.000178877353,0.0001635391964,0.0001341626898,0.0001015056139,0.004115535944,0.0003373398492,0.0008040601261,0.001605574628,0.002398661117,0.002925203971,4.772664957e-07,1.327532034e-06,2.794759006e-06,4.339020101e-06,0.007501108009,0.0005533085592,0.002946064153,0.01031704333,0.02195254858,0.03299789977,1.032177362e-09,6.29577886e-09,2.639657491e-08,7.106681038e-08,0.003825983072,0.0001378695825,0.001265369963,0.006609514951,0.01797103069,0.03203200727,6.72638203e-09,4.843283016e-08,2.498097564e-07,8.446447647e-07,0.01000135059,0.001431145589,0.008765209397,0.0329091638,0.07333260399,0.1172129285,5.522234517e-09,4.81258607e-08,3.004369908e-07,1.211563311e-06,0.01342020904,0.002746002223,0.01475243252,0.04904196586,0.0989777048,0.1471943452,3.336635213e-09,3.700794193e-08,2.940304911e-07,1.481330759e-06,0.01739899855,0.004800715637,0.0218562266,0.06230474492,0.1098023393,0.1474252851,2.697278771e-10,4.843397891e-09,5.978296365e-08,4.360681723e-07,0.01713943511,0.004223483057,0.0180807601,0.04651820907,0.07027407415,0.08096268266,1.024901222e-12,5.000917677e-11,1.434484954e-09,1.983505191e-08,0.01588146984,0.002335252139,0.01181446131,0.0298385161,0.03639491508,0.03057533535,3.506842795e-11,1.278731196e-09,2.741074381e-08,2.896573587e-07,0.0335139011,0.008630255585,0.03000978535,0.05350775943,0.04823038906,0.02991972211,6.625421854e-10,1.809449068e-08,2.905077935e-07,2.35097257e-06,0.05751806975,0.01996140585,0.05145616698,0.0694838051,0.04868774213,0.02333238274,4.346463319e-11,2.237440527e-09,6.018886895e-08,7.065380159e-07,0.06348631854,0.01673987304,0.03547604376,0.03500203187,0.01529648137,0.004192087388
85,0.02557102339,0.02954174674,0.03062440286,0.02875613097,0.1342963147,0.06618723368,0.09470741276,0.1177454609,0.1246204875,0.1160226083,0.03955129673,0.04668727252,0.04945152361,0.04736668668,0.1669280899,0.09851938249,0.1543998154,0.2088814174,0.2421522499,0.2451342165,0.0005863902879,0.0007706991032,0.0009089214155,0.0009613703422,0.02110944934,0.006739921802,0.01663350107,0.03430476405,0.05650584114,0.07808753149,0.0003791177789,0.0004876660488,0.000562878018,0.0005836441897,0.01698288919,0.004528010307,0.01020283507,0.01933743223,0.02907999191,0.03695901458,0.01102637371,0.009077607117,0.006705844134,0.004605598508,0.03140412199,0.004770645184,0.007300970292,0.009661604113,0.01025291741,0.009235498985,0.01772385559,0.01493728157,0.01129609484,0.007927805242,0.03979121135,0.007354734342,0.01242717621,0.01802899604,0.02112527257,0.02084423251,0.0002806487949,0.0002622661422,0.0002199199722,0.0001697867478,0.005142677492,0.0005056192805,0.001322050518,0.002876880915,0.004715116155,0.006261453777,0.0001745973655,0.0001593830167,0.000130553884,9.863632725e-05,0.004058717135,0.000327969723,0.0007767051339,0.001541698962,0.002288429478,0.002774275808,4.540758301e-07,1.259970674e-06,2.646109314e-06,4.099057332e-06,0.007359187322,0.0005287772131,0.002786393626,0.009664340861,0.02033036821,0.03022856873,9.652627661e-10,5.868472913e-09,2.45249219e-08,6.582944363e-08,0.003737956,0.0001296635558,0.001173466738,0.006050093575,0.01618802827,0.02840880376,6.343778521e-09,4.554554331e-08,2.342367278e-07,7.898710658e-07,0.009792684024,0.001356783036,0.008206789933,0.03045784188,0.06692722437,0.1055440638,5.190741376e-09,4.510582355e-08,2.807676535e-07,1.129214123e-06,0.01312099931,0.002594334742,0.01376490499,0.04523230619,0.09000823142,0.1320460828,3.123124141e-09,3.453941845e-08,2.736226375e-07,1.374827533e-06,0.0169796682,0.0045157982,0.02030430882,0.05721441372,0.09939964478,0.1316300758,2.473702808e-10,4.42747666e-09,5.447133473e-08,3.961305156e-07,0.01660835169,0.003892615896,0.01643203689,0.04172891178,0.06198237362,0.07024452389,8.937557626e-13,4.340906152e-11,1.23942581e-09,1.706499033e-08,0.01519057713,0.002047608496,0.0101535995,0.0251708695,0.02990275934,0.02447022394,3.021183943e-11,1.096564028e-09,2.339749804e-08,2.461962012e-07,0.03191238759,0.007471804178,0.02546582496,0.04456835336,0.03910220167,0.02361203868,5.651759158e-10,1.536421417e-08,2.45536271e-07,1.97858005e-06,0.05456992422,0.01710451609,0.04321656034,0.05728110395,0.03904731674,0.01820461961,3.534696982e-11,1.809326716e-09,4.83983999e-08,5.651818346e-07,0.05957590245,0.01366641917,0.02825833717,0.02725066937,0.0114877005,0.003035343697
86,0.02515431027,0.02902736906,0.0300570486,0.02819384221,0.1329616766,0.06481404974,0.09229882026,0.114241098,0.1203326303,0.1115372746,0.03900235887,0.04602143498,0.04872735479,0.04665633632,0.1660461184,0.09781569821,0.1530458442,0.2067346733,0.2392706367,0.2418519201,0.0005741478252,0.0007540470014,0.0008886208683,0.0009392525366,0.02092287155,0.006647828646,0.01635467292,0.03363128715,0.05522232137,0.0760931042,0.0003702927965,0.0004756044788,0.0005481381195,0.000567578595,0.01675402056,0.004404944241,0.009863168933,0.01858457079,0.02777209637,0.03509261971,0.01083956992,0.008913160009,0.006576498913,0.004511783749,0.03107703447,0.00466645996,0.007105545569,0.00935899448,0.00988171386,0.00885985541,0.01747018221,0.01471786102,0.01112590528,0.007805606902,0.03957826192,0.007302945651,0.01231973968,0.01784632338,0.02087742988,0.02056906885,0.0002747439834,0.0002565619188,0.0002149807616,0.0001658623853,0.005097576273,0.0004988877716,0.00130045643,0.002821845744,0.004610747684,0.006105607819,0.000170467977,0.0001553743055,0.0001270746702,9.587149646e-05,0.004002640486,0.0003187809306,0.0007500525712,0.001479836389,0.002182361026,0.002629910126,4.322322472e-07,1.196401661e-06,2.506410161e-06,3.873812733e-06,0.007219152026,0.0005048936783,0.002632558895,0.009041578619,0.01880032735,0.02764508577,9.03305419e-10,5.473579137e-09,2.279875679e-08,6.100872302e-08,0.00365146129,0.0001218023585,0.001086664056,0.005528625354,0.01455270192,0.02513742611,5.985657172e-09,4.284746087e-08,2.197098729e-07,7.388648046e-07,0.00958651575,0.001284731262,0.007672832974,0.02814208967,0.06096263197,0.09482694332,4.881054861e-09,4.228947528e-08,2.624594016e-07,1.052702276e-06,0.01282561988,0.002447922519,0.0128240569,0.0416462361,0.08168688918,0.1181866566,2.924183798e-09,3.224377104e-08,2.54681982e-07,1.276170267e-06,0.01656618987,0.004242025344,0.01883248077,0.05244445877,0.08979363928,0.1172485583,2.269374123e-10,4.048294722e-09,4.964106889e-08,3.598981809e-07,0.01608903192,0.003582056594,0.01490627632,0.03735472085,0.0545374343,0.06077938548,7.795280907e-13,3.768327505e-11,1.070888138e-09,1.468054674e-08,0.01452300006,0.001790872771,0.00870088888,0.02116418097,0.02447621496,0.01950060926,2.60263849e-11,9.402125017e-10,1.996718273e-08,2.091902061e-07,0.0303707043,0.00645099001,0.02154192442,0.03699244735,0.03157425784,0.01854967193,4.820011003e-10,1.304157659e-08,2.074391673e-07,1.664337395e-06,0.05174082724,0.01461314324,0.03617503588,0.0470467836,0.03118344004,0.01413630902,2.872999236e-11,1.462185894e-09,3.888829207e-08,4.517211928e-07,0.05586276574,0.01111392464,0.02241108504,0.02111423457,0.008580027299,0.002184212707
87,0.02474978242,0.02852802387,0.02950634328,0.02764817302,0.1316431422,0.06346353019,0.08994133919,0.1108263726,0.1161744982,0.1072068346,0.0384659734,0.04537000628,0.0480180312,0.04595985026,0.1651552978,0.09708120152,0.1516349611,0.204501185,0.2362776264,0.238448009,0.0005622786689,0.0007378901214,0.0008689107735,0.0009177664647,0.02073595423,0.006553866602,0.01607109567,0.03294837243,0.05392497765,0.0740831259,0.0003617814261,0.0004639749632,0.0005339323359,0.0005521028868,0.01652835971,0.004284367153,0.00953247098,0.01785587991,0.02651417873,0.03330796286,0.0106583626,0.008753647518,0.006451059042,0.004420827158,0.03075412406,0.004564149039,0.006914605326,0.009064715118,0.009522552407,0.008498086651,0.01722238774,0.01450325108,0.01095924828,0.007685821696,0.03936301017,0.007248696768,0.01220738621,0.01765558488,0.02061907354,0.0202826706,0.0002690195017,0.0002510274,0.0002101850826,0.0001620498694,0.005052360276,0.0004920030525,0.001278439701,0.002765895849,0.004504975492,0.005948118858,0.0001664872164,0.0001515112278,0.0001237234839,9.320987294e-05,0.003947383953,0.0003097902052,0.0007241440399,0.001420063855,0.002080542811,0.002492158476,4.116705096e-07,1.136631861e-06,2.375227362e-06,3.662568219e-06,0.007081245424,0.0004817240268,0.002484904367,0.00844972154,0.01736316652,0.02524542544,8.459637463e-10,5.108838082e-09,2.120779436e-08,5.657475391e-08,0.003566639055,0.0001143005986,0.001005016224,0.005044649176,0.01305977377,0.02219822613,5.650704007e-09,4.032832295e-08,2.061716734e-07,6.914156236e-07,0.00938326877,0.001215210385,0.007164487483,0.02596430067,0.05543490368,0.08503302837,4.59198978e-09,3.966558622e-08,2.454358912e-07,9.81694347e-07,0.01253468964,0.00230718069,0.0119316252,0.03828607512,0.07400399792,0.1055704271,2.739004448e-09,3.011121384e-08,2.371237305e-07,1.184895955e-06,0.01615944772,0.003980088107,0.01744284066,0.04799546886,0.08096665,0.104221335,2.082825776e-10,3.702990506e-09,4.525381862e-08,3.270696059e-07,0.0155823919,0.003291790221,0.01350062792,0.03337847216,0.04788628781,0.05246513785,6.801568326e-13,3.272259742e-11,9.254758085e-10,1.263120797e-08,0.01387959655,0.001562896318,0.00743720006,0.01774483527,0.01996886438,0.01548260992,2.242476079e-11,8.062353645e-10,1.704019132e-08,1.777381809e-07,0.02889059651,0.0055562667,0.01817279377,0.03061082268,0.02540649558,0.01451520874,4.110729278e-10,1.106936758e-08,1.752287406e-07,1.399708736e-06,0.04903352889,0.01245253185,0.03019281045,0.03851672071,0.0248117898,0.01093181447,2.334729969e-11,1.181313298e-09,3.123508761e-08,3.608701505e-07,0.05234740925,0.009007637807,0.01770644678,0.01629146017,0.006377781847,0.001563301128
88,0.02435744903,0.02804373904,0.02897233042,0.02711917394,0.130342492,0.06213789441,0.08763842842,0.1075055947,0.1121502347,0.1030343684,0.03794244879,0.04473344627,0.04732414279,0.04527788578,0.1642579614,0.09631967127,0.1501747258,0.2021933504,0.2331904377,0.2349426801,0.0005507832636,0.0007222310037,0.0008497964606,0.0008969200654,0.02054914031,0.006458459524,0.01578410738,0.03225936097,0.05262037369,0.0720680369,0.0003535795842,0.000452772131,0.0005202541957,0.0005372099612,0.01630621819,0.004166491337,0.009211232832,0.01715220495,0.02530715803,0.03160551612,0.01048274547,0.008599068646,0.006329526008,0.004332730605,0.03043581619,0.004463872124,0.006728408694,0.008779096166,0.009175727114,0.008150371662,0.01698061129,0.01429360117,0.01079626154,0.007568562484,0.03914603229,0.007192279206,0.0120907451,0.01745788825,0.02035175993,0.01998681866,0.0002634755706,0.0002456634849,0.0002055342774,0.0001583506601,0.00500713888,0.00048499728,0.001256108086,0.002709315673,0.004398356869,0.00578984064,0.0001626529986,0.0001477918088,0.0001204986142,9.06500743e-05,0.003893021839,0.0003010124853,0.0006990147005,0.001362441006,0.001983028619,0.002361023727,3.923273778e-07,1.080473294e-06,2.252136716e-06,3.464620024e-06,0.006945695029,0.0004593230332,0.002343684281,0.007889313765,0.01601847121,0.02302550686,7.929159901e-10,4.772117727e-09,1.974231606e-08,5.249926171e-08,0.003483617177,0.0001071678467,0.0009285126879,0.004597288306,0.01170269987,0.01956945184,5.337646585e-09,3.797816415e-08,1.935661222e-07,6.473183157e-07,0.009183336945,0.001148395088,0.006682495795,0.02392489668,0.05033468559,0.07612414007,4.322394555e-09,3.722321886e-08,2.296226235e-07,9.158645528e-07,0.01224878122,0.002172426311,0.01108860167,0.03515101934,0.06694227627,0.09413954054,2.56679675e-09,2.813219162e-08,2.208649918e-07,1.100551691e-06,0.0157602532,0.003730481407,0.01613627066,0.04386378635,0.07289226404,0.09247680077,1.912669191e-10,3.388856148e-09,4.127331805e-08,2.97359826e-07,0.01508923135,0.003021560438,0.01221102174,0.02977972017,0.04197174851,0.04519742996,5.93799709e-13,2.842969195e-11,8.001712159e-10,1.087222044e-08,0.01326100551,0.001361410922,0.00634345445,0.01484221379,0.01624638813,0.01225387134,1.932955116e-11,6.915909186e-10,1.454639551e-08,1.510487665e-07,0.02747324038,0.004775905498,0.01529507879,0.02526477563,0.02038304655,0.01132029178,3.506790437e-10,9.397389959e-09,1.480414335e-07,1.177256659e-06,0.04644964489,0.0105882556,0.02513782742,0.03144734522,0.01968060716,0.008424146719,1.89761607e-11,9.544726547e-10,2.508810347e-08,2.882708418e-07,0.04902861939,0.007279649339,0.01394456175,0.01252590843,0.004721653706,0.001113806217
89,0.02397730709,0.02757452485,0.02845503128,0.02660687091,0.1290614503,0.06083918886,0.08539317225,0.1042824428,0.1082631128,0.09902196784,0.03743207021,0.04411218263,0.04664624023,0.04461105764,0.1633564359,0.09553489044,0.1486726683,0.199823462,0.2300260597,0.2313557731,0.0005396614888,0.0007070712554,0.00083128192,0.000876719613,0.02036286461,0.006362020615,0.01549499928,0.03156744656,0.05131471994,0.07005762167,0.0003456829711,0.0004419902335,0.0005070966688,0.0005228920094,0.01608789286,0.004051505915,0.008899868129,0.01647419381,0.02415157361,0.02998517594,0.01031270692,0.008449416875,0.006211896303,0.004247491909,0.03012252171,0.004365775287,0.00654718347,0.008502412014,0.0088414557,0.00781680642,0.01674498087,0.01408904978,0.01063707323,0.007453934564,0.03892790294,0.007133985165,0.01197044412,0.01725433356,0.02007702738,0.01968326575,0.0002581121342,0.0002404707474,0.0002010293564,0.0001547659168,0.004962019519,0.0004779018675,0.001233565827,0.0026523779,0.004291420865,0.00563157632,0.0001589631433,0.000144213955,0.000117398225,8.81906024e-05,0.003839624778,0.0002924609618,0.0006746935798,0.001307011346,0.001889841895,0.002236465356,3.741417345e-07,1.027743636e-06,2.136725487e-06,3.279281632e-06,0.006812712602,0.0004377347315,0.002209069834,0.007360523872,0.01476483848,0.02097957404,7.438597324e-10,4.46141151e-09,1.839316622e-08,4.875559348e-08,0.00340251154,0.0001004091177,0.0008570870877,0.004185328648,0.01047401362,0.0172281178,5.045257234e-09,3.578734629e-08,1.81838947e-07,6.063737661e-07,0.008987084952,0.001084417452,0.006227234134,0.02202259641,0.04564820981,0.06805488078,4.071155119e-09,3.49517724e-08,2.149472966e-07,8.548964599e-07,0.01196842116,0.0020438855,0.0102953151,0.03223760376,0.0604783813,0.08382727184,2.406795201e-09,2.629742741e-08,2.058252366e-07,1.022697388e-06,0.01536934558,0.003493520854,0.01491258769,0.04004220215,0.06553728408,0.08193488544,1.757595832e-10,3.103341559e-09,3.766544643e-08,2.705010242e-07,0.01461023779,0.002770908467,0.01103243798,0.02653572405,0.03673452901,0.03887279736,5.188174293e-13,2.471821263e-11,6.923061148e-10,9.364134557e-09,0.01266766292,0.001184106307,0.005401124303,0.01239008069,0.0131879413,0.00967359071,1.667245084e-11,5.936046701e-10,1.242435265e-08,1.284309608e-07,0.02611929129,0.004098334768,0.01284873546,0.02080852493,0.01631336715,0.008804550883,2.993199972e-10,7.981849488e-09,1.251266834e-07,9.905399402e-07,0.043989764,0.008987082472,0.02088714492,0.02561843345,0.01557094462,0.006473183494,1.543139217e-11,7.715404373e-10,2.015865155e-08,2.303524975e-07,0.04590369201,0.005869426583,0.01095319178,0.00960298682,0.003484064424,0.000790608271
90,0.02360934259,0.02712037559,0.02795444684,0.02611126739,0.1278016833,0.05956928979,0.08320829286,0.1011599951,0.1045155912,0.09517081608,0.03693510061,0.04350661212,0.04598483612,0.04395993927,0.1624530362,0.09473062758,0.1471362482,0.1974036364,0.2268011489,0.2277066445,0.0005289127096,0.0006924116252,0.000813369899,0.00085716983,0.02017755281,0.006264950514,0.01520500959,0.03087566071,0.05001384557,0.06806096774,0.0003380871083,0.0004316232043,0.0004944522482,0.0005091406177,0.01587366586,0.003939577539,0.008598716539,0.01582231079,0.02304761975,0.02844632776,0.01014823058,0.008304680706,0.006098161905,0.004165105213,0.02981463667,0.004269991253,0.006371127363,0.008234884406,0.008519885117,0.00749741137,0.01651561398,0.01388972489,0.01048180225,0.00734203587,0.03870919378,0.007074106033,0.0118471059,0.01704600658,0.01979638641,0.01937372474,0.0002529288843,0.0002354494622,0.0001966710221,0.0001512965182,0.004917107433,0.0004707473328,0.001210913127,0.002595342086,0.004184665697,0.005474074704,0.000155415393,0.000140775474,0.0001144203741,8.582986081e-05,0.003787259751,0.0002841471395,0.000651203916,0.001253803463,0.001800978737,0.002118404719,3.570546822e-07,9.782666503e-07,2.02859363e-06,3.105886232e-06,0.006682494299,0.0004169930746,0.002081156876,0.006863191188,0.01360003983,0.01910055429,6.985113304e-10,4.174835572e-09,1.715174351e-08,4.531870323e-08,0.003323426347,9.402537222e-05,0.0007906261491,0.003807292292,0.009365632242,0.01515074276,4.772355551e-09,3.374658441e-08,1.709377899e-07,5.683897148e-07,0.008794848502,0.001023370214,0.005798754999,0.02025468187,0.0413582533,0.06077481906,3.837198024e-09,3.284101871e-08,2.013400901e-07,7.984843801e-07,0.01169409042,0.001921701358,0.009551515637,0.02954015458,0.05458434307,0.07456100443,2.258260928e-09,2.459796107e-08,1.919266706e-07,9.509079847e-07,0.01498739312,0.003269360833,0.01377069528,0.03652062498,0.05886352311,0.07251033741,1.616377687e-10,2.844055896e-09,3.439825304e-08,2.462427537e-07,0.01414599157,0.002539210541,0.009959154547,0.02362231602,0.03211499792,0.03339107484,4.537571849e-13,2.151188827e-11,5.995316981e-10,8.072337882e-09,0.01209981884,0.0010286931,0.004592602339,0.01032747353,0.01068661134,0.00762155645,1.439346968e-11,5.09936257e-10,1.062049806e-08,1.092844992e-07,0.02482893385,0.003512400825,0.01077796198,0.01711050847,0.01303196047,0.006833520578,2.556893351e-10,6.784736127e-09,1.058356319e-07,8.340108496e-07,0.04165355774,0.007617603058,0.01732839652,0.02083422208,0.01229536479,0.004963109141,1.255980876e-11,6.241849393e-10,1.621036318e-08,1.842055287e-07,0.04296865148,0.004723892379,0.008586193069,0.007345804789,0.002564338278,0.0005595892268
91,0.02325353167,0.02668127116,0.02747055977,0.02563234644,0.1265647994,0.05832990724,0.08108616527,0.09814076313,0.1009093748,0.09148126897,0.0364517819,0.04291710188,0.04534040642,0.04332506406,0.1615500595,0.09391061942,0.1455728184,0.194945751,0.223531938,0.2240140583,0.0005185358279,0.000678252078,0.0007960620022,0.0008382740031,0.01999362067,0.006167635651,0.0149153186,0.03018686097,0.04872317814,0.06608643855,0.0003307873763,0.0004216647167,0.0004823130302,0.0004959468641,0.01566380475,0.003830851267,0.008308048182,0.01519685121,0.02199518103,0.02698791008,0.009989295809,0.008164844203,0.005988310737,0.004085561354,0.02951254231,0.004176639788,0.006200409415,0.007976685795,0.008211097336,0.007192138949,0.01629261811,0.01369574445,0.01033055863,0.007232957219,0.03849047212,0.007012931001,0.0117213448,0.0168339729,0.01951131099,0.01905985845,0.0002479252858,0.0002305996306,0.0001924596935,0.0001479430835,0.004872505455,0.0004635631672,0.001188245718,0.002538453573,0.004078556811,0.005318027645,0.0001520074306,0.0001374740939,0.0001115630325,8.356617164e-05,0.003735990115,0.0002760809094,0.000628563536,0.001202832313,0.001716410906,0.00200673021,3.410096166e-07,9.318725112e-07,1.927354794e-06,2.943788737e-06,0.006555220948,0.000397122673,0.001959973908,0.006396871913,0.01252117665,0.01738038786,6.566052815e-10,3.910625336e-09,1.600998872e-08,4.216512396e-08,0.003246454515,8.80140265e-05,0.0007289782175,0.003461505004,0.008369123435,0.01331395538,4.517810259e-09,3.184696678e-08,1.608123479e-07,5.331813568e-07,0.008606934817,0.0009653103181,0.005396830073,0.01861725557,0.03744501905,0.05423040867,3.619492829e-09,3.088113048e-08,1.887338897e-07,7.463344673e-07,0.0114262253,0.001805942391,0.008856459018,0.02705122032,0.04922886689,0.06626481334,2.120483863e-09,2.302517978e-08,1.790945286e-07,8.847751794e-07,0.01461499489,0.003058013225,0.01270873232,0.03328670934,0.05282940905,0.06411552288,1.487866719e-10,2.608766804e-09,3.144194965e-08,2.243518856e-07,0.01369697155,0.002325713078,0.008984968896,0.02101464573,0.02805459004,0.02865717422,3.973361893e-13,1.874360947e-11,5.197888139e-10,6.966591475e-09,0.01155755489,0.0008929519795,0.003901456088,0.008599182653,0.008649186511,0.005996547426,1.244014176e-11,4.385466807e-10,9.088347507e-09,9.309039165e-08,0.02360193272,0.003007557485,0.009031756053,0.01405379928,0.01039710671,0.005295975421,2.186539647e-10,5.773216234e-09,8.961008501e-08,7.029152202e-07,0.03943989014,0.006450651678,0.01436049408,0.01692324474,0.009695618092,0.00379947336,1.023527526e-11,5.055816234e-10,1.305065274e-08,1.474709935e-07,0.04021846125,0.003797171939,0.00672125435,0.005610488304,0.001884064993,0.000395285239
92,0.02290984186,0.0262571787,0.02700333635,0.02517007281,0.1253523485,0.05712259007,0.07902883417,0.09522672864,0.09744547587,0.08795293742,0.03598233611,0.04234399091,0.044713392,0.04270692687,0.1606497805,0.09307855506,0.143989591,0.1924613879,0.2202341562,0.2202960915,0.0005085293329,0.0006645918709,0.0007793587908,0.0008200341007,0.01981147324,0.006070446884,0.01462704465,0.02950372242,0.04744773064,0.06414165922,0.0003237790499,0.0004121082388,0.0004706707907,0.0004833014111,0.01545856266,0.003725451568,0.008028068402,0.0145979565,0.02099386749,0.02560847676,0.009835878342,0.008029887528,0.005882327141,0.004008848237,0.02921660505,0.004085828169,0.006035171568,0.007727942879,0.00791511526,0.006900881091,0.01607609136,0.01350721684,0.01018344392,0.007126782591,0.03827229962,0.006950745789,0.01159376397,0.01661927261,0.01922323096,0.01874327079,0.0002431006009,0.0002259210072,0.000188395531,0.000144705993,0.004828313824,0.0004563777251,0.00116565452,0.002481942678,0.003973525566,0.005164068511,0.0001487368963,0.0001343074817,0.0001088241026,8.139779169e-05,0.003685875671,0.0002682706319,0.0006067852544,0.001154100525,0.001636088798,0.00190130224,3.259522791e-07,8.883980623e-07,1.832637109e-06,2.792367409e-06,0.006431058435,0.0003781395875,0.001845490197,0.005960883983,0.01152482535,0.01581032459,6.17893535e-10,3.667131573e-09,1.496036921e-08,3.927292837e-08,0.003171678141,8.236945459e-05,0.0006719612592,0.003146156781,0.007475931167,0.01169497439,4.280540471e-09,3.007996932e-08,1.51414477e-07,5.005717928e-07,0.008423623316,0.0009102626274,0.005020992488,0.01710548267,0.03388692666,0.0483666295,3.417053838e-09,2.906270213e-08,1.770644563e-07,6.981655466e-07,0.01116521873,0.001696611168,0.008208988238,0.0247619729,0.04437848714,0.05886164264,1.992784385e-09,2.157084091e-08,1.672572956e-07,8.239087293e-07,0.01425268312,0.00285936625,0.01172421505,0.03032643083,0.04739138348,0.056662741,1.37099347e-10,2.395397825e-09,2.876887597e-08,2.046123283e-07,0.01326356135,0.002129564976,0.008103392151,0.01868780052,0.02449689278,0.0245823038,3.484256163e-13,1.635453883e-11,4.512790009e-10,6.020580173e-09,0.01104080198,0.000774770235,0.003312584149,0.007155903938,0.006995440019,0.004714372012,1.076675792e-11,3.776666074e-10,7.787728866e-09,7.940184188e-08,0.02243768307,0.002573993411,0.007564167687,0.01153585807,0.008288957263,0.004101016177,1.872352461e-10,4.919049904e-09,7.597198059e-08,5.931975406e-07,0.03734692564,0.005459553,0.01189373887,0.01373725383,0.007639731065,0.002906163514,8.354358835e-12,4.101643064e-10,1.052329643e-08,1.182449982e-07,0.0376472228,0.003050115513,0.005257250231,0.004281403005,0.001382886056,0.0002789117574
93,0.02257823321,0.02584805418,0.02655272843,0.02472439513,0.1241658227,0.05594873218,0.07703803242,0.09241938194,0.09412427805,0.08458476927,0.03552696665,0.04178759159,0.04410420034,0.04210598577,0.1597544467,0.09223806162,0.1423936086,0.1899617848,0.2169229618,0.2165700567,0.0004988913512,0.0006514296281,0.0007632598835,0.0008024508923,0.01963150432,0.005973738401,0.0143412413,0.02882873224,0.04619209523,0.06223351438,0.0003170573324,0.0004029470874,0.0004595170585,0.0004711945954,0.01525817862,0.003623483451,0.00775892277,0.01402562951,0.02004304929,0.02430625699,0.009687950763,0.00789978747,0.005780192334,0.003934951197,0.02892717664,0.003997651723,0.005875530356,0.007488740263,0.007631908663,0.006623476596,0.01586612304,0.01332424149,0.01004055156,0.007023589435,0.03805523111,0.006887831486,0.01146495274,0.01640291573,0.01893352557,0.01842549944,0.0002384539141,0.0002214131255,0.0001844784612,0.00014158541,0.004784630032,0.0004492181344,0.001143225379,0.002426024145,0.003869968511,0.005012771646,0.0001456014032,0.0001312732613,0.0001062014354,7.93229279e-05,0.003636972739,0.0002607232266,0.0005858772877,0.001107599709,0.001559944348,0.001801957976,3.118307886e-07,8.476869976e-07,1.744083781e-06,2.65102511e-06,0.006310158183,0.0003600521557,0.001737623793,0.005554349813,0.01060717014,0.01438118497,5.82144765e-10,3.442816062e-09,1.399586107e-08,3.662168083e-08,0.00309916903,7.708347488e-05,0.0006193702179,0.002859354995,0.006677561707,0.01027197329,4.059516427e-09,2.84374652e-08,1.426982648e-07,4.703923473e-07,0.008245166509,0.0008582237121,0.004670577496,0.01571381421,0.03066130516,0.04312835194,3.228941261e-09,2.737676432e-08,1.66270545e-07,6.537097025e-07,0.01091142182,0.00159365298,0.007607611176,0.02266257266,0.03999856484,0.0522750865,1.874514464e-09,2.02270883e-08,1.563468642e-07,7.679373718e-07,0.01390092594,0.002673202928,0.01081416976,0.02762460176,0.04250508981,0.0500660759,1.264764981e-10,2.202024321e-09,2.635344338e-08,1.868245642e-07,0.01284605603,0.001949846652,0.007307814964,0.01661730663,0.02138844084,0.02108471404,3.060351986e-13,1.429325955e-11,3.924368475e-10,5.211484692e-09,0.01054935793,0.000672167228,0.002812292078,0.005954143684,0.005657102881,0.003705761903,9.333635055e-12,3.257662948e-10,6.684055972e-09,6.78357012e-08,0.02133526007,0.002202707073,0.006334314807,0.009467815385,0.006607278499,0.003175147701,1.605911405e-10,4.198043306e-09,6.451353561e-08,5.014125938e-07,0.03537223343,0.004620227319,0.009849493631,0.01114953797,0.006018839195,0.002222492153,6.832555913e-12,3.334104085e-10,8.502062902e-09,9.499708103e-08,0.0352483606,0.002449685873,0.004111472103,0.003266591171,0.001014819857,0.0001967540823
94,0.02225865948,0.02545384396,0.02611867534,0.02429524789,0.1230066566,0.0548095794,0.07511520092,0.08971976168,0.0909455992,0.08137512994,0.03508585967,0.04124819138,0.04351320741,0.04152266384,0.1588662743,0.09139269146,0.1407917182,0.1874577941,0.2136128868,0.2128524399,0.0004896196963,0.0006387634156,0.0007477640577,0.0007855240678,0.01945409595,0.005877846901,0.01405889545,0.0281641871,0.04496044327,0.06036815665,0.0003106173882,0.0003941744781,0.0004488431861,0.0004596165127,0.01506287795,0.00352503369,0.007500702245,0.01347974976,0.01914189033,0.02307921203,0.009545483073,0.00777451797,0.005681884865,0.003863853364,0.02864459443,0.003912194434,0.005721578682,0.007259124198,0.007361400098,0.006359718314,0.01566279431,0.01314690938,0.009901967399,0.006923449006,0.03783981359,0.006824463522,0.01133548447,0.01618587827,0.01864351807,0.01810800994,0.0002339841561,0.0002170753241,0.0001807082013,0.0001385813019,0.004741548703,0.000442110228,0.001121038892,0.002370896839,0.003768247195,0.004864652737,0.0001425985528,0.0001283690302,0.0001036928473,7.733975208e-05,0.003589334266,0.0002534442697,0.0005658436779,0.001063311754,0.001487893817,0.001708515801,2.985956574e-07,8.095899811e-07,1.661353519e-06,2.519190223e-06,0.006192657717,0.0003428618321,0.001636249314,0.005176236262,0.009764122124,0.01308358494,5.49143617e-10,3.236246956e-09,1.310992926e-08,3.419238222e-08,0.003028989266,7.214581159e-05,0.0005709836466,0.002599170025,0.00596573204,0.009024342603,3.853759774e-09,2.691173e-08,1.34620074e-07,4.424827692e-07,0.008071791069,0.0008091656056,0.004344760814,0.01443618863,0.02774498609,0.038461437,3.054261855e-09,2.581479286e-08,1.562939803e-07,6.127126545e-07,0.0106651457,0.001496964302,0.007050572796,0.02074249375,0.03605412895,0.04643079744,1.765058371e-09,1.898646256e-08,1.462986345e-07,7.165094041e-07,0.01356013058,0.002499218817,0.009975254263,0.02516532303,0.03812635563,0.04424282163,1.168262157e-10,2.026868207e-09,2.417206149e-08,1.708050431e-07,0.012444669,0.00178559565,0.006591645627,0.01477951998,0.01867925695,0.01809005492,2.692986735e-13,1.251497283e-11,3.419040187e-10,4.519580926e-09,0.01008290473,0.0005833103829,0.002388304952,0.004955946156,0.00457666509,0.00291427583,8.106431134e-12,2.815275137e-10,5.747653646e-09,5.806455753e-08,0.02029346654,0.001885539139,0.005306223202,0.007773446988,0.005269063693,0.002459510031,1.379996266e-10,3.589542285e-09,5.488818038e-08,4.246445285e-07,0.03351288686,0.003911185939,0.008159549012,0.009052888562,0.004744007638,0.001700524916,5.601053612e-12,2.716576525e-10,6.885307775e-09,7.650131931e-08,0.03301479177,0.00196828053,0.003216921749,0.002493608679,0.0007451583554,0.0001388898225
95,0.02195106926,0.02507448639,0.02570110579,0.02388255356,0.1218762286,0.05370623732,0.07326150943,0.08712849539,0.08790875472,0.07832188083,0.0346591854,0.04072605448,0.04294075956,0.04095735116,0.1579874441,0.090545911,0.1391905497,0.1849598486,0.2103177935,0.2091588539,0.0004807119171,0.0006265908153,0.0007328693485,0.0007692523568,0.01927961806,0.005783091017,0.01378092642,0.02751219321,0.04375653097,0.0585510246,0.0003044543738,0.0003857835743,0.0004386404165,0.0004485570988,0.01487287266,0.00343017211,0.007253448405,0.01296008846,0.01828938049,0.02192508845,0.009408443209,0.007654050632,0.00558738106,0.003795536015,0.02836918161,0.003829529596,0.005573387665,0.007039106351,0.007103470693,0.006109360048,0.01546617883,0.01297530367,0.009767770157,0.006826426725,0.03762658524,0.006760910762,0.01120591454,0.015969099,0.01835447149,0.01779219122,0.0002296901277,0.0002129067723,0.0001770842843,0.0001356934621,0.004699161491,0.0004350784941,0.001099170306,0.002316743677,0.003668688469,0.004720169969,0.0001397259494,0.0001255923758,0.0001012961362,7.544641482e-05,0.003543009946,0.0002464380952,0.0005466847174,0.001021210097,0.001419840448,0.001620779446,2.861997908e-07,7.739647094e-07,1.584120807e-06,2.396317285e-06,0.006078681312,0.0003265640245,0.001541205361,0.004825391371,0.008991424212,0.01190812504,5.186899408e-10,3.046093949e-09,1.229650641e-08,3.19674097e-08,0.002961191829,6.754452529e-05,0.0005265695776,0.002363673501,0.005332483915,0.007932863449,3.662343452e-09,2.549544319e-08,1.271385612e-07,4.166913286e-07,0.00790369904,0.0007630394613,0.004042594094,0.01326621015,0.02511479874,0.03431359216,2.892169125e-09,2.436871258e-08,1.470796935e-07,5.749339466e-07,0.01042666362,0.00140640091,0.006535921074,0.01899080819,0.03251056703,0.04125755519,1.663833008e-09,1.784190619e-08,1.370515645e-07,6.692929698e-07,0.01323064686,0.002337038714,0.009203866931,0.02293237181,0.03421198047,0.03911452491,1.080636727e-10,1.868291808e-09,2.220305189e-08,1.56385469e-07,0.01205953922,0.001635828746,0.005948421924,0.01315191732,0.01632317778,0.01553142674,2.374601988e-13,1.098075105e-11,2.985051726e-10,3.927869709e-09,0.009641025179,0.0005065233616,0.002029732211,0.004128503434,0.003706111934,0.00229431718,7.055511724e-12,2.43817686e-10,4.953138706e-09,4.980951226e-08,0.01931087841,0.001615171593,0.004448544136,0.006387975076,0.004206170744,0.00190735997,1.188435057e-10,3.075970544e-09,4.68023314e-08,3.604337651e-07,0.03176555698,0.00331344509,0.006765296117,0.007357411955,0.003743205111,0.001302714806,4.603976661e-12,2.219491376e-10,5.59143153e-09,6.177875667e-08,0.03093907925,0.001583040792,0.002519787881,0.001905856858,0.0005479142123,9.819705335e-05
96,0.02165540714,0.02470991329,0.02529993977,0.0234862246,0.1207758622,0.05263967959,0.07147787822,0.08464584033,0.08501261942,0.07542245495,0.03424709955,0.04022142368,0.04238717561,0.04041040697,0.1571200986,0.08970109113,0.1375964982,0.1824779354,0.2070508418,0.2055040062,0.0004721653455,0.0006149089975,0.0007185731481,0.0007536336468,0.01910842823,0.005689770989,0.01350818583,0.02687466866,0.04258370992,0.05678686878,0.0002985634675,0.0003777675333,0.0004288999468,0.0004380062073,0.01468836205,0.003338952938,0.007017158684,0.01246632316,0.01748436613,0.02084146742,0.009276797563,0.007538355231,0.005496655464,0.003729978923,0.02810124767,0.003749720515,0.005431008537,0.006828667559,0.006857965796,0.005872123136,0.01527634348,0.01280950031,0.009638031912,0.006732582559,0.03741607458,0.006697434724,0.01107677884,0.0157534769,0.01806758546,0.01747935239,0.0002255705229,0.0002089064954,0.0001736060829,0.0001329215306,0.004657557019,0.0004281460454,0.001077689492,0.002263731755,0.003571585226,0.004579725878,0.0001369812141,0.0001229408903,9.900909575e-05,7.364105875e-05,0.003498046356,0.0002397078995,0.000528397372,0.0009812609433,0.00135567696,0.0015385418,2.745984749e-07,7.406759258e-07,1.512076035e-06,2.281887353e-06,0.005968340696,0.0003111489132,0.001452301477,0.004500577559,0.00828474162,0.01084554566,4.9059802e-10,2.87112333e-09,1.154997073e-08,2.993045282e-08,0.002895821242,6.326640805e-05,0.0004858906199,0.002150969583,0.004770267292,0.006979807019,3.48439123e-09,2.41816863e-08,1.202146743e-07,3.928748254e-07,0.007741069193,0.0007197790456,0.003763037167,0.01219730348,0.02274797258,0.03063500803,2.741863134e-09,2.303089698e-08,1.385757262e-07,5.401469774e-07,0.01019621314,0.001321785529,0.006061566103,0.0173964287,0.02933417531,0.0366880352,1.570287918e-09,1.678676427e-08,1.285481778e-07,6.259760938e-07,0.01291277095,0.002186232117,0.008496242815,0.02090952626,0.03072034545,0.03460769617,1.001107894e-10,1.724791057e-09,2.042655257e-08,1.434120107e-07,0.01169073839,0.001499560635,0.005371898776,0.01171330037,0.01427800394,0.01334919875,2.098618073e-13,9.656850417e-12,2.61225878e-10,3.421738648e-09,0.009223218914,0.0004402879981,0.001726998454,0.003443696329,0.003005673037,0.00180932835,6.155370713e-12,2.116663384e-10,4.278859023e-09,4.283366338e-08,0.0183858875,0.001385101964,0.003734194205,0.00525679787,0.003363091349,0.001481851486,1.025966408e-10,2.642413445e-09,4.000801432e-08,3.067117645e-07,0.03012659953,0.002810383003,0.005616794422,0.005988332713,0.002958532781,0.0009998658336,3.796067114e-12,1.819035287e-10,4.555096337e-09,5.004971634e-08,0.02901356826,0.001275184171,0.001977174501,0.001459438433,0.0004037661313,6.959873284e-05
97,0.02137161476,0.02436005154,0.02491509033,0.02310616543,0.1197068274,0.05161075686,0.06976500012,0.08227172412,0.08225568785,0.072673929,0.03384974474,0.03973452215,0.04185274897,0.0398821618,0.1562663389,0.08886149914,0.1360157096,0.180021576,0.2038244682,0.201901681,0.0004639771433,0.0006037147927,0.0007048723029,0.0007386650996,0.01894087154,0.005598168553,0.01324145843,0.02625334795,0.04144494197,0.05507978455,0.0002929398979,0.0003701195502,0.0004196129891,0.0004279536821,0.01450953325,0.00325141618,0.006791791561,0.01199805183,0.01672557883,0.01982580992,0.009150511487,0.007427400205,0.005409681267,0.003667160699,0.02784108885,0.003672821236,0.005294474548,0.00662776153,0.00662470041,0.005647702683,0.01509334896,0.01264956865,0.009512818636,0.006641971418,0.03720879973,0.006634288932,0.01094859247,0.01553986926,0.01778399398,0.01717072088,0.0002216239519,0.0002050733995,0.000170272834,0.0001302650156,0.004616820838,0.0004213346059,0.001056660979,0.002212012671,0.003477197515,0.004443669787,0.0001343619976,0.0001204121857,9.682953031e-05,7.192183097e-05,0.003454487112,0.0002332558476,0.0005109756962,0.0009434244422,0.001295287877,0.00146158836,2.63749353e-07,7.095953917e-07,1.444925524e-06,2.175408143e-06,0.005861735815,0.0002966022408,0.001369324576,0.004200501163,0.007639738511,0.009886850848,4.646958044e-10,2.710192989e-09,1.086512337e-08,2.806644737e-08,0.002832914241,5.929734062e-05,0.0004487083003,0.001959219764,0.004271997245,0.006148973646,3.319076965e-09,2.296393836e-08,1.138116323e-07,3.708985219e-07,0.007584058472,0.0006793040225,0.003504986854,0.01122284534,0.02062245424,0.0273788035,2.602589989e-09,2.179416421e-08,1.307332064e-07,5.081388949e-07,0.00997399859,0.001242914912,0.005625332173,0.01594831159,0.02649258091,0.03265931884,1.483905003e-09,1.581478135e-08,1.207345354e-07,5.862665057e-07,0.0126067493,0.002046327304,0.007848536718,0.01908083088,0.0276118639,0.03065424054,9.289587946e-11,1.59498828e-09,1.882441637e-08,1.317444641e-07,0.01133827817,0.001375819361,0.004856114157,0.01044392551,0.01250551052,0.0114906609,1.859319295e-13,8.514084433e-12,2.291925658e-10,2.988656326e-09,0.008828917445,0.0003832414368,0.001471751735,0.002877604433,0.002442636801,0.001430193166,5.38410587e-12,1.842438811e-10,3.706390322e-09,3.693628601e-08,0.01751674128,0.00118959995,0.003139953154,0.004334223073,0.00269491569,0.001154128138,8.881162256e-11,2.276246797e-09,3.429631729e-08,2.617434182e-07,0.02859213471,0.002387560691,0.004671803636,0.004883888585,0.002343761108,0.0007694199665,3.140743689e-12,1.496071287e-10,3.724099543e-09,4.069461275e-08,0.02723050612,0.001029383758,0.001555111524,0.001120522893,0.0002984355119,4.949640604e-05
98,0.02109963196,0.02402482449,0.02454646545,0.02274227443,0.118670343,0.05062020604,0.06812336284,0.08000578494,0.07963613252,0.07007309181,0.03346725195,0.03926555534,0.04133774984,0.03937291982,0.1554282221,0.08803029229,0.1344540704,0.1775998132,0.2006503743,0.1983647334,0.0004561443471,0.0005930047607,0.0006917632085,0.000724343266,0.01877728054,0.005508547048,0.01298146342,0.02564978833,0.04034281765,0.05343325045,0.0002875789701,0.0003628328996,0.0004107708272,0.0004183894263,0.01433656187,0.003167589012,0.006577271628,0.01155480635,0.016011662,0.01887549767,0.009029549789,0.007321153138,0.005326430724,0.003607059117,0.02758898866,0.003598877307,0.00516380289,0.006436318469,0.006403464398,0.005435773387,0.01491725059,0.01249557213,0.009392190736,0.006554643568,0.03700526783,0.006571718378,0.01082184882,0.01532909036,0.01750476428,0.01686744173,0.0002178489631,0.0002014062957,0.0001670836616,0.0001277233136,0.004577035408,0.0004146645138,0.001036144055,0.002161723001,0.003385753975,0.004312300718,0.0001318659928,0.0001180039072,9.475526782e-05,7.02868948e-05,0.003412373031,0.0002270831802,0.0004944112374,0.0009076557937,0.00123855167,0.001389700339,2.536123922e-07,6.806018226e-07,1.382391447e-06,2.076413978e-06,0.005758955639,0.0002829060632,0.001292044806,0.003923838289,0.00705214142,0.00902340368,4.408241562e-10,2.562247449e-09,1.023716568e-08,2.636150821e-08,0.002772500459,5.562261051e-05,0.0004147866841,0.001786661865,0.003831088426,0.005425684407,3.165623616e-09,2.183606903e-08,1.078948885e-07,3.506360134e-07,0.007432803535,0.0006415229945,0.003267302292,0.01033627386,0.01871714751,0.02450130791,2.473641059e-09,2.065177013e-08,1.235063008e-07,4.787103788e-07,0.009760193538,0.001169566313,0.005225002825,0.01463562237,0.02395505106,0.02911318708,1.404198026e-09,1.492009523e-08,1.135601774e-07,5.498912892e-07,0.01231278277,0.001916823955,0.007256893617,0.01743080709,0.02484929379,0.02719165899,8.635328371e-11,1.477624731e-09,1.738010612e-08,1.212553883e-07,0.01100211737,0.001263658739,0.004395435966,0.009325571762,0.01097135137,0.009909563887,1.651749789e-13,7.527257509e-12,2.016544845e-10,2.617898196e-09,0.008457498299,0.0003341697493,0.00125675875,0.00241001376,0.00199026273,0.00113385604,4.722948184e-12,1.608426495e-10,3.220088838e-09,3.194768255e-08,0.01670157952,0.001023652554,0.002646047121,0.003582257547,0.002165524756,0.0009017172722,7.710881213e-11,1.966808725e-09,2.949163409e-08,2.240766317e-07,0.02715811965,0.002032522943,0.003894829488,0.003993381657,0.001862191981,0.0005940433542,2.608489586e-12,1.235247583e-10,3.056807704e-09,3.322197151e-08,0.02558214589,0.0008332080201,0.001226851128,0.0008631800346,0.0002214240145,3.535171326e-05
99,0.02083939781,0.02370415349,0.02419396977,0.02239444575,0.1176675787,0.04966865991,0.06655327139,0.07784741087,0.07715185969,0.06761650853,0.03309974201,0.03881471294,0.04084242743,0.03888296117,0.1546077591,0.08721051274,0.1329172005,0.1752212044,0.1975395251,0.194905096,0.0004486639129,0.000582775259,0.0006792419031,0.0007106641983,0.01861797527,0.005421151703,0.01272885662,0.02506537765,0.03927957755,0.05185017078,0.0002824760919,0.0003559009753,0.0004023648717,0.0004093034675,0.01416961272,0.003087487183,0.006373494524,0.01113606518,0.01534119541,0.01798786993,0.00891387722,0.007219581234,0.005246875565,0.003549651444,0.02734521851,0.003527926549,0.005038996593,0.006254248601,0.006194027423,0.005235994975,0.01474809894,0.01234756891,0.009276203597,0.006470645053,0.03680597442,0.006509959113,0.01069701892,0.01512191078,0.01723089643,0.0165705779,0.0002142440647,0.0001979039235,0.0001640376002,0.0001252957301,0.004538280114,0.0004081547387,0.001016192913,0.002112984923,0.003297453536,0.004185870687,0.0001294909463,0.000115713746,9.278417264e-05,6.873444082e-05,0.003371742314,0.0002211903198,0.0004786934253,0.0008739062934,0.001185342719,0.001322657424,2.441498438e-07,6.535807947e-07,1.324211657e-06,1.98446557e-06,0.00566007901,0.0002700394551,0.00122022082,0.003669257069,0.00651779048,0.008246996413,4.188361125e-10,2.426312959e-09,9.661676542e-09,2.480286201e-08,0.002714603129,5.222719098e-05,0.0003838953254,0.001631623878,0.003441471043,0.00479673677,3.023302081e-09,2.079232995e-08,1.024320828e-07,3.319690473e-07,0.007287422353,0.0006063362799,0.003048826803,0.009531177226,0.01701208596,0.02196220831,2.354351968e-09,1.959739875e-08,1.168521479e-07,4.516753324e-07,0.009554943422,0.001101503304,0.004858359123,0.01344786688,0.02169270432,0.02599623801,1.330711916e-09,1.409722814e-08,1.06978041e-07,5.165963915e-07,0.0120310308,0.00179720429,0.006717507091,0.0159446144,0.02239793292,0.02416306691,8.042300056e-11,1.371553049e-09,1.60785887e-08,1.11829236e-07,0.01068216894,0.00116216803,0.003984592586,0.008341558864,0.00964488581,0.008565592628,1.471619684e-13,6.674656856e-12,1.779675806e-10,2.30030278e-09,0.008108298118,0.0002919991205,0.001075794263,0.002023942123,0.001626808648,0.0009021512286,4.155842689e-12,1.408601015e-10,2.806696751e-09,2.77246616e-08,0.01593846769,0.0008829026806,0.00223573749,0.002969486639,0.001746019353,0.000707201523,6.716668419e-11,1.705111945e-09,2.544664213e-08,1.924985585e-07,0.02582041347,0.001734592261,0.003256217724,0.00327542152,0.001484839239,0.0004604782897,2.175521275e-12,1.024266141e-10,2.520063588e-09,2.724249326e-08,0.02406083462,0.0006766268495,0.0009714355829,0.0006676267262,0.0001650450716,2.53808642e-05
100,0.02059085167,0.02339795924,0.02385750633,0.02206257128,0.1166996572,0.04875665688,0.06505487026,0.07579577806,0.07480056245,0.06530058061,0.03274732706,0.03838217077,0.0403670123,0.0384125444,0.1538069132,0.08640508396,0.1314104492,0.1728938208,0.1945021556,0.1915337953,0.0004415327587,0.0005730225095,0.0006673041585,0.0006976235589,0.01846326348,0.005336210099,0.01248423305,0.02450134362,0.03825713601,0.05033292134,0.0002776267976,0.0003493173276,0.0003943867104,0.0004006860191,0.01400884053,0.003011116394,0.006180331672,0.01074126533,0.01471271762,0.01716025615,0.008803458948,0.007122651776,0.005170987393,0.003494914751,0.02711003834,0.003459999838,0.004920046409,0.006081445557,0.0059961436,0.005048017213,0.01458594055,0.01220561253,0.00916490815,0.006390018131,0.0366114031,0.006449237946,0.01057455106,0.01491905719,0.01696332383,0.01628111167,0.0002108077455,0.0001945649743,0.000161133617,0.000122981499,0.004500631293,0.0004018229126,0.0009968568477,0.002065906954,0.003212467335,0.004064588278,0.0001272346701,0.0001135394521,9.091415739e-05,6.726269723e-05,0.003332630726,0.0002155769758,0.0004638099455,0.0008421243048,0.001135533086,0.00126024021,2.353261968e-07,6.284246269e-07,1.270139461e-06,1.899149664e-06,0.005565175505,0.0002579791652,0.001153604454,0.003435436493,0.006032679594,0.007549898889,3.985961718e-10,2.301492714e-09,9.1345901e-09,2.337878081e-08,0.002659239776,4.909598216e-05,0.000355811606,0.001492533385,0.003097592031,0.004250334285,2.891429877e-09,1.982734451e-08,9.739298386e-08,3.147873015e-07,0.007148015858,0.0005736384145,0.002848406465,0.008801363687,0.01548854766,0.01972458776,2.244101422e-09,1.862515088e-08,1.107307773e-07,4.26860502e-07,0.009358368187,0.001038480938,0.004523211524,0.01237499174,0.01967863934,0.02325986518,1.263021926e-09,1.334107597e-08,1.00944359e-07,4.861460229e-07,0.01176161562,0.001686942748,0.006226666655,0.01460816825,0.02022571718,0.02151707228,7.505031803e-11,1.275729761e-09,1.490622992e-08,1.033614914e-07,0.01037830673,0.001070479195,0.003618689804,0.007476726352,0.008498952563,0.007423808739,1.315221123e-13,5.937599639e-12,1.575801986e-10,2.028056313e-09,0.007780624708,0.0002557855043,0.0009235303302,0.001705195527,0.001334678367,0.0007208261568,3.669077701e-12,1.23784026e-10,2.454996607e-09,2.414659695e-08,0.01522542704,0.0007635850469,0.001894929338,0.002470061772,0.001413379091,0.0005571358007,5.871337527e-11,1.483593245e-09,2.20379526e-08,1.659978764e-07,0.02457483514,0.001484665204,0.002731317926,0.002696375077,0.001188905348,0.0003586237429,1.822695133e-12,8.532856396e-11,2.087488253e-09,2.244813384e-08,0.02265908724,0.0005515843184,0.0007725119825,0.0005188273423,0.0001236895688,1.833390924e-05
101,0.02035393422,0.02310616326,0.02353697826,0.0217465424,0.1157676575,0.04788465093,0.06362816537,0.07384988779,0.07257977098,0.06312160142,0.03241011207,0.03796809279,0.03991171864,0.03796190888,0.1530275984,0.08561680846,0.1299388948,0.1706252515,0.1915477853,0.188260978,0.0004347478064,0.0005637426621,0.0006559455683,0.0006852167277,0.01831344079,0.00525393278,0.01224812998,0.02395876405,0.03727710654,0.0488833973,0.0002730267713,0.0003430756994,0.0003868281574,0.0003925275377,0.01385439074,0.002938473668,0.00599763482,0.0103698135,0.01412474622,0.01639000473,0.008698261021,0.007030332579,0.005098738073,0.003442826216,0.02688369735,0.0033951219,0.004806932643,0.005917789631,0.005809555862,0.004871484514,0.01443081867,0.01206975262,0.009058351434,0.006312801707,0.0364220251,0.006389772245,0.0104548707,0.01472121269,0.01670291445,0.01599994675,0.0002075384958,0.0001913881133,0.000158370634,0.0001207798015,0.004464162284,0.0003956853727,0.0009781804877,0.002020584783,0.003130940791,0.003948622419,0.0001250950517,0.0001114788456,8.914319422e-05,6.58699396e-05,0.003295071798,0.000210242247,0.0004497470943,0.0008122561595,0.001088994108,0.001202232312,2.271081278e-07,6.050322444e-07,1.21994333e-06,1.820078575e-06,0.005474306334,0.000246700218,0.001091944826,0.003221082058,0.005592986772,0.006924888433,3.79979608e-10,2.186962223e-09,8.652174114e-09,2.207851712e-08,0.002606422921,4.621401603e-05,0.000330322528,0.001367923233,0.002794404741,0.003775998775,2.769369721e-09,1.89360967e-08,9.274942296e-08,2.989881325e-07,0.007014669629,0.0005433203775,0.002664905581,0.008140914736,0.01412912137,0.01775487879,2.142309898e-09,1.772953122e-08,1.051050157e-07,4.041050423e-07,0.00917056497,0.0009802502621,0.004217425827,0.01140745774,0.01788799545,0.02086012984,1.20073268e-09,1.26468959e-08,9.541854441e-08,4.583219757e-07,0.01150462655,0.001585514271,0.005780795054,0.01340822033,0.01830324076,0.01920755069,7.018545297e-11,1.189207928e-09,1.385069171e-08,9.575783006e-08,0.01009037213,0.0009877720228,0.003293216597,0.006717383245,0.007509611052,0.006454089201,1.179353532e-13,5.300031768e-12,1.4002047e-10,1.794503673e-09,0.007473768023,0.0002247034728,0.0007954292666,0.001441963407,0.001099687501,0.0005787377332,3.250958882e-12,1.091796038e-10,2.155510531e-09,2.111201354e-08,0.01456046161,0.0006624623399,0.001611808427,0.002062803873,0.001149334852,0.0004411754446,5.151933312e-11,1.295896716e-09,1.916236656e-08,1.437324784e-07,0.02341721415,0.001275017738,0.002299728866,0.002229022561,0.0009565236817,0.0002808076364,1.534613711e-12,7.144364304e-11,1.738110209e-09,1.859531182e-08,0.02136964722,0.000451634995,0.0006173642756,0.0004053895372,9.327466627e-05,1.333669598e-05
102,0.0201285885,0.02282868923,0.02323229043,0.02144625174,0.1148726171,0.04705302158,0.06227304558,0.07200860189,0.07048689973,0.06107580754,0.03208819631,0.03757263309,0.03947674666,0.03753127734,0.1522716783,0.08484836669,0.128507346,0.1684226127,0.1886852396,0.1850959452,0.0004283060221,0.0005549318582,0.0006451616336,0.000673438905,0.01816879101,0.005174513987,0.01202103043,0.02343857792,0.03634082849,0.04750306213,0.0002686718689,0.0003371700595,0.0003796812988,0.0003848187782,0.01370640027,0.002869548676,0.005825240339,0.01002109633,0.01357579607,0.01567450803,0.00859825082,0.006942592428,0.005030100109,0.003393363426,0.02666643473,0.003333312092,0.004699626947,0.005763150881,0.005634000033,0.004706040132,0.01428277397,0.01194003552,0.008956577166,0.006239031784,0.03623829908,0.006331769851,0.01033838055,0.01452901755,0.01645047263,0.01572791128,0.0002044348264,0.0001883720015,0.0001557475489,0.0001186897856,0.004428943502,0.0003897572138,0.000960204064,0.001977102187,0.003052995791,0.003838106275,0.0001230700645,0.0001095298275,8.746932539e-05,6.455450001e-05,0.003259097027,0.0002051847215,0.0004364901131,0.0007842469852,0.001045597824,0.00114842218,2.194644475e-07,5.833090288e-07,1.173406567e-06,1.746889637e-06,0.005387525238,0.000236176462,0.001034991874,0.003024938476,0.005195095926,0.006365264455,3.628718135e-10,2.081964852e-09,8.211009031e-09,2.089224101e-08,0.00255616077,4.35666279e-05,0.0003072260281,0.001256434106,0.002527350078,0.003364471973,2.656528037e-09,1.811391902e-08,8.847522387e-08,2.844763008e-07,0.006887455577,0.0005152715448,0.002497219291,0.007544223705,0.0129177331,0.01602275296,2.048438251e-09,1.69054344e-08,9.994038614e-08,3.832600423e-07,0.008991610791,0.0009265622151,0.003938943773,0.01053628993,0.01629795874,0.01875755599,1.143477132e-09,1.2010293e-08,9.036306468e-08,4.329228845e-07,0.01126012413,0.001492401268,0.005376476623,0.01233240752,0.01660371547,0.01719334893,6.578320112e-11,1.111130035e-09,1.290083288e-08,8.893330969e-08,0.009818180306,0.0009132774673,0.003004042095,0.00605123662,0.006655866212,0.005630580863,1.06125746e-13,4.748174357e-12,1.24885253e-10,1.593983314e-09,0.007187010102,0.0001980348204,0.0006876430536,0.001224456413,0.0009104400316,0.0004671987378,2.891524259e-12,9.667815106e-11,1.900239884e-09,1.853564674e-08,0.01394158202,0.0005767636806,0.00137651176,0.001730422317,0.0009394328027,0.0003513819156,4.539095918e-11,1.136687251e-09,1.673367058e-08,1.250019553e-07,0.02234343469,0.00109912391,0.001944629719,0.001851409413,0.0007737323563,0.0002212167172,1.298898193e-12,6.014281406e-11,1.455263301e-09,1.549148564e-08,0.02018553533,0.0003716385258,0.0004961317056,0.0003187017768,7.083364694e-05,9.778565003e-06
103,0.01991476086,0.02256546432,0.02294335106,0.02116159498,0.1140155352,0.04626208382,0.06098930368,0.07027067673,0.06851929169,0.05915942581,0.03178167486,0.03719593782,0.03906228492,0.03712085837,0.1515409657,0.08410231717,0.1271203464,0.1662925606,0.1859226767,0.182047193,0.0004222044559,0.0005465862909,0.0006349478468,0.0006622852122,0.01802958651,0.005098132514,0.01180336688,0.02294159712,0.03544939439,0.04619299702,0.0002645581395,0.0003315946355,0.0003729385362,0.0003775508444,0.01356499838,0.002804325037,0.005662973298,0.009694489932,0.01306439557,0.01501122393,0.008503397511,0.006859401509,0.004965047015,0.003346504658,0.02645848043,0.003274585181,0.004598094049,0.005617392072,0.005469208601,0.004551329975,0.01414184522,0.01181650501,0.00885962632,0.006168741903,0.03606067091,0.006275429062,0.01022546096,0.01434307037,0.01620674157,0.01546576135,0.0002014952884,0.0001855153168,0.0001532632556,0.000116710583,0.004395042524,0.0003840523505,0.0009429637016,0.001935531987,0.002978732963,0.003733141191,0.0001211577773,0.0001076903909,8.58906733e-05,6.331477566e-05,0.003224736081,0.0002004025737,0.0004240235037,0.0007580414622,0.001005218222,0.001098604654,2.123660455e-07,5.631666581e-07,1.13032695e-06,1.679244592e-06,0.005304879399,0.0002263810622,0.0009824993859,0.002845799775,0.004835611339,0.005864850674,3.471676773e-10,1.985807579e-09,7.807967957e-09,1.981097981e-08,0.002508457896,4.113959706e-05,0.0002863318809,0.001156814627,0.002292331569,0.003007612118,2.552353423e-09,1.735648002e-08,8.454612843e-08,2.711636822e-07,0.006766433651,0.0004893813833,0.002344283612,0.007006021837,0.01183964102,0.01450096471,1.961986254e-09,1.614813036e-08,9.520500136e-08,3.641880271e-07,0.008821565219,0.0008771709344,0.003685798884,0.009753108202,0.01488772563,0.01691687245,1.090915483e-09,1.142720606e-08,8.574330955e-08,4.097634522e-07,0.01102814436,0.001407099363,0.005010477892,0.0113692746,0.01510288434,0.01543794306,6.180260135e-11,1.040721169e-09,1.204661415e-08,8.281159826e-08,0.009561526237,0.0008462794674,0.002747405762,0.005467306094,0.005919389412,0.004931184393,9.585562947e-14,4.270213673e-12,1.118304796e-10,1.421683847e-09,0.006919633997,0.0001751573427,0.000596920801,0.001044587405,0.0007578053013,0.0003794515801,2.582296291e-12,8.596737477e-11,1.682441046e-09,1.634592167e-08,0.01336682644,0.0005041268095,0.001180833732,0.001458843825,0.0007722659083,0.0002816749825,4.01651374e-11,1.001490875e-09,1.467990799e-08,1.092242775e-07,0.02134947357,0.0009514903458,0.001652196293,0.00154587764,0.0006296454798,0.000175453781,1.105598327e-12,5.09233382e-11,1.225703874e-09,1.298446316e-08,0.01910008773,0.0003075060921,0.0004011839083,0.000252265497,5.421294265e-05,7.233051896e-06
104,0.01971240195,0.02231642055,0.02267007335,0.02089247244,0.1131973759,0.04551209796,0.05977665673,0.06863479559,0.06667425962,0.05736871629,0.03149064011,0.03683814726,0.0386685127,0.0367308489,0.1508372216,0.08338109758,0.1257821814,0.1642413089,0.1832676202,0.1791224592,0.0004164402793,0.0005387022642,0.000625299772,0.0006517507887,0.01789608864,0.005024952648,0.01159552535,0.02246851846,0.03460367758,0.04495394985,0.0002606818453,0.0003263439443,0.0003665926282,0.0003707152381,0.01343030753,0.002742781563,0.005510651279,0.009389368495,0.01258910101,0.01439769422,0.008413672474,0.006780731831,0.004903553676,0.003302229166,0.02626005601,0.003218952119,0.00450229343,0.005480371456,0.005314914206,0.004407006045,0.01400807002,0.01169920293,0.008767537698,0.006101963597,0.03588957357,0.006220938721,0.01011647045,0.01416392959,0.01597240614,0.01521418513,0.0001987184915,0.000182816774,0.0001509166645,0.0001148413277,0.004362524187,0.0003785835852,0.0009264917327,0.001895937063,0.002908233971,0.003633800633,0.0001193563638,0.0001059586303,8.440545002e-05,6.214923701e-05,0.003192017016,0.0001958936567,0.0004123313226,0.0007335845112,0.0009677323452,0.001052582259,2.057858352e-07,5.445229426e-07,1.090516349e-06,1.616828933e-06,0.005226410349,0.000217286942,0.0009342275295,0.002682517061,0.004511366014,0.005417987613,3.327709964e-10,1.897856974e-09,7.44019763e-09,1.88265607e-08,0.002463315909,3.891925991e-05,0.0002674622544,0.001067919502,0.002085686486,0.002698289803,2.456335109e-09,1.66597716e-08,8.09397206e-08,2.589689711e-07,0.006651653522,0.0004655409008,0.002205083202,0.006521393858,0.01088140606,0.01316516468,1.882491116e-09,1.545324933e-08,9.086945403e-08,3.467624446e-07,0.008660473022,0.0008318365272,0.003456128161,0.0090501417,0.01363843466,0.01530672228,1.042734057e-09,1.089389306e-08,8.152745533e-08,3.886736572e-07,0.0108087027,0.001329122057,0.004679761535,0.01050827632,0.01377890231,0.01390907233,5.820661627e-11,9.772825532e-10,1.127900831e-08,7.732424561e-08,0.009320190379,0.0007861155442,0.00251990259,0.004955829925,0.005284244807,0.004337076248,8.692051345e-14,3.856030424e-12,1.005627678e-10,1.273519998e-09,0.00667093174,0.0001555340878,0.0005205251035,0.0008956942456,0.0006344838019,0.0003102482521,2.316067115e-12,7.678297492e-11,1.496433171e-09,1.448280252e-08,0.0128342788,0.0004425448466,0.001017967803,0.001236642562,0.0006388488567,0.0002274039158,3.570454671e-11,8.865586626e-10,1.294106531e-08,9.591612223e-08,0.02043143237,0.0008275076858,0.001411097905,0.001298257287,0.000515789677,0.0001401963637,9.467153538e-13,4.338336117e-11,1.038905805e-09,1.095391421e-08,0.01810698479,0.0002559919994,0.0003266254408,0.0002011817748,4.184970791e-05,5.402184471e-06
105,0.01952146771,0.02208149604,0.02241237697,0.02063879082,0.1124190715,0.04480327945,0.0586347658,0.06709959928,0.06494912439,0.05570001142,0.03121518325,0.03649939773,0.03829560238,0.03636143674,0.1501621557,0.08268702672,0.1244968861,0.1622746485,0.1807269953,0.1763287749,0.0004110108234,0.0005312762504,0.0006162131235,0.000641830886,0.01776854823,0.004955125177,0.01139784949,0.02201993604,0.03380435989,0.0437863833,0.0002570394814,0.0003214128218,0.00036063673,0.000364303905,0.01330244418,0.002684893469,0.005368087961,0.009105112219,0.01214850925,0.01383156012,0.008329049741,0.006706557637,0.004845596696,0.003260517453,0.02607137546,0.003166420796,0.004412180928,0.005351945397,0.00517085286,0.004272729532,0.01388148553,0.01158816991,0.008680348503,0.006038726831,0.0357254271,0.006168478359,0.01001174637,0.01399211523,0.01574809624,0.01497380735,0.0001961031221,0.0001802751454,0.0001487067214,0.000113081172,0.004331450708,0.000373362684,0.0009108170256,0.00185837138,0.002841563831,0.003540134065,0.0001176641113,0.0001043327516,8.301196633e-05,6.105643544e-05,0.003160966485,0.0001916555912,0.0004013974547,0.0007108219159,0.0009330212518,0.001010166287,1.996986982e-07,5.27301658e-07,1.053800337e-06,1.559351225e-06,0.005152154874,0.0002088671729,0.0008899449638,0.002534004278,0.004219425016,0.005019517717,3.195939246e-10,1.817535404e-09,7.105100451e-09,1.793155642e-08,0.002420734105,3.689259857e-05,0.0002504519798,0.0009887062048,0.001904154723,0.002430286254,2.368001426e-09,1.602009633e-08,7.763535029e-08,2.478173824e-07,0.00654315625,0.0004436438711,0.002078657139,0.006085784948,0.0100308445,0.01199369515,1.809526004e-09,1.48167668e-08,8.690670674e-08,3.308671513e-07,0.008508366753,0.0007903273514,0.003248180234,0.008420230267,0.01253307566,0.01389935552,9.986441856e-10,1.040691657e-08,7.768632875e-08,3.694979601e-07,0.01060179808,0.001258004405,0.004381494784,0.009739763024,0.01261219526,0.01257836538,5.496183099e-11,9.201854496e-10,1.058991586e-08,7.241000136e-08,0.009093944051,0.0007321764194,0.002318464824,0.004508167326,0.004736627792,0.003832273387,7.914461099e-14,3.496964338e-12,9.083216286e-11,1.146025756e-09,0.006440211406,0.0001387032822,0.0004561575229,0.0007723016388,0.0005346498746,0.0002555175216,2.086713281e-12,6.890143637e-11,1.337434028e-09,1.289596473e-08,0.01234208452,0.0003903180632,0.0008822821283,0.00105456099,0.0005321137343,0.0001850141064,3.189366126e-11,7.887512216e-10,1.146711875e-08,8.467634247e-08,0.01958556456,0.0007233190538,0.001212068456,0.001097197712,0.0004255768974,0.0001129353096,8.158173613e-13,3.720154838e-11,8.864990811e-10,9.304649842e-09,0.01720027183,0.0002145238139,0.0002679057444,0.0001617592255,3.260935807e-05,4.077515023e-06
106,0.01934192029,0.02186063633,0.02217018961,0.02040046474,0.1116815256,0.04413580835,0.05756325493,0.06566371529,0.06334125054,0.05414975147,0.03095539576,0.03617982362,0.03794372181,0.03601280311,0.1495174254,0.0820223074,0.1232682556,0.1603979702,0.1783071688,0.1736725187,0.0004059136139,0.0005243049455,0.0006076838417,0.000632520959,0.01764720603,0.00488878847,0.01121064486,0.02159635362,0.03305195882,0.04269052158,0.0002536277948,0.0003167964515,0.000355064431,0.0003583092791,0.01318151972,0.002630633517,0.005235096455,0.008841114475,0.01174126884,0.01331057527,0.008249506415,0.006636855813,0.004791154747,0.003221351535,0.02589264606,0.003116996777,0.00432771028,0.005231970839,0.005036766898,0.004148173598,0.01376212911,0.011483446,0.008598094909,0.005979060455,0.03556863862,0.006118218412,0.009911605754,0.01382811097,0.01553439037,0.01474519419,0.0001936479611,0.0001778892794,0.0001466324262,0.0001114293035,0.004301881801,0.0003684004552,0.0008959653225,0.001822881024,0.002778773189,0.00345217073,0.0001160794296,0.0001028110811,8.170864041e-05,6.003501063e-05,0.003131609958,0.0001876858513,0.0003912058684,0.0006897008843,0.0009009708448,0.0009711776795,1.94081431e-07,5.114323817e-07,1.020017803e-06,1.50654242e-06,0.00508214591,0.0002010953186,0.0008494305516,0.002399242254,0.003957084812,0.004664765131,3.075564584e-10,1.744317495e-09,6.800317666e-09,1.71192344e-08,0.002380710108,3.50473084e-05,0.0002351485911,0.0009182306131,0.00174484679,0.002198196313,2.286918319e-09,1.543405495e-08,7.461405816e-08,2.376403562e-07,0.006440975933,0.0004235878559,0.001964103018,0.005695000835,0.009276967833,0.01096737739,1.742698588e-09,1.423498867e-08,8.329198315e-08,3.163959026e-07,0.008365269297,0.0007524218615,0.003060320546,0.007856815812,0.01155638393,0.012670318,9.583810919e-10,9.963129306e-09,7.419327247e-08,3.520945215e-07,0.01040741673,0.001193305852,0.004113053285,0.009054954099,0.01158530599,0.01142097131,5.203817117e-11,8.68865474e-10,9.972086411e-09,6.801418134e-08,0.00888255449,0.0006839048833,0.002140341492,0.004116700575,0.004264620017,0.003403242477,7.237694948e-14,3.185610187e-12,8.24258787e-11,1.036262659e-09,0.006226803352,0.0001242690514,0.0004018930092,0.0006699185092,0.0004536599501,0.0002121029058,1.88903652e-12,6.213386456e-11,1.201420329e-09,1.154324725e-08,0.01188846395,0.0003460107883,0.0007691267237,0.0009051104759,0.0004465059298,0.0001517893574,2.863534977e-11,7.054409862e-10,1.021639045e-08,7.517212519e-08,0.01880829791,0.0006357049744,0.001047544148,0.0009336188215,0.0003538881889,9.177558508e-05,7.077298719e-13,3.212080377e-11,7.618237059e-10,7.96131233e-09,0.0163743732,0.0001810649235,0.0002215139771,0.0001312160654,2.566739289e-05,3.112944703e-06
107,0.01917372901,0.02165379562,0.02194344848,0.02017741837,0.1109856164,0.04350983884,0.05656172942,0.06432578523,0.06184807925,0.05271451681,0.03071137086,0.03587955935,0.0376130366,0.03568512511,0.148904637,0.08138902983,0.1220998568,0.1586162895,0.1760139911,0.1711594743,0.0004011464077,0.000517785324,0.0005997081674,0.0006238167542,0.01753229337,0.004826069582,0.01103418333,0.02119819691,0.0323468542,0.04166639538,0.000250443803,0.0003124903924,0.0003498697916,0.0003527243241,0.01306764132,0.002579973126,0.005111492413,0.008596788297,0.01136608965,0.01283261653,0.008175023093,0.006571606284,0.004740208907,0.003184715205,0.02572406926,0.003070684027,0.004248834598,0.005120307618,0.004912407696,0.00403302586,0.0136500391,0.01138507135,0.00852081263,0.00592299264,0.03541960236,0.006070320489,0.0098163463,0.01367236634,0.01533181951,0.01452885835,0.0001913519011,0.0001756581198,0.0001446928517,0.0001098849608,0.004273874817,0.0003637068323,0.0008819595837,0.001789505243,0.002719900566,0.003369923306,0.0001146008593,0.0001013920747,8.049400619e-05,5.908369751e-05,0.003103971939,0.0001839818445,0.0003817408513,0.0006701705542,0.0008714725907,0.0009354477491,1.889126936e-07,4.968503336e-07,9.890205696e-07,1.45815518e-06,0.005016413423,0.0001939457351,0.0008124747358,0.002277281309,0.003721869517,0.004349511864,2.965859619e-10,1.677726844e-09,6.523713711e-09,1.638350936e-08,0.002343240479,3.33718474e-05,0.0002214121846,0.0008556419404,0.001605212005,0.001997337647,2.21268791e-09,1.489853439e-08,7.185850254e-08,2.283752716e-07,0.00634514131,0.0004052750447,0.00186057963,0.005345202562,0.008609914641,0.01006929882,1.681649624e-09,1.370453679e-08,8.000266198e-08,3.03251858e-07,0.008231196335,0.0007179100728,0.002891034094,0.007353926085,0.01069472583,0.01159814588,9.217028179e-10,9.559660085e-09,7.102401436e-08,3.363344436e-07,0.01022553593,0.001134612338,0.003872021346,0.008445902687,0.01068273472,0.01041520473,4.94086412e-11,8.228173209e-10,9.419046016e-09,6.408808337e-08,0.008685789605,0.0006407941093,0.0019830768,0.003774739591,0.003857963686,0.003038553263,6.648799695e-14,2.915641673e-12,7.516292039e-11,9.417413521e-10,0.006030065699,0.0001118929961,0.0003561227892,0.000584867054,0.0003878158729,0.0001775574747,1.718627356e-12,5.632073184e-11,1.085009288e-09,1.038934631e-08,0.01147172385,0.0003084133479,0.0006746691988,0.0007822408595,0.0003776622606,0.0001256536283,2.584799396e-11,6.344298498e-10,9.154169939e-09,6.712743793e-08,0.01809625301,0.0005619836874,0.0009113599529,0.0008002638044,0.0002967468649,7.528518582e-05,6.18287452e-13,2.793527845e-11,6.595758978e-10,6.86418747e-09,0.01562410067,0.0001540040274,0.0001847414786,0.0001074547021,2.042370914e-05,2.405813074e-06
108,0.01901687129,0.021460938,0.02173210178,0.01996958694,0.1103322006,0.04292550826,0.05562979335,0.06308449076,0.06046715882,0.05139105708,0.03048320503,0.0355987413,0.03730371251,0.03537857819,0.1483253452,0.08078917567,0.1209950402,0.1569342733,0.1738528406,0.1687948891,0.0003967072269,0.0005117146914,0.0005922827131,0.0006157143958,0.01742403264,0.004767085389,0.01086870733,0.0208258257,0.03168931396,0.0407138849,0.0002474848122,0.0003084906057,0.0003450473784,0.0003475425748,0.0129609128,0.002532883416,0.00499709692,0.00837157226,0.01102175135,0.01239569275,0.008105584279,0.006510792416,0.00469274299,0.003150594288,0.02556584155,0.00302748561,0.004175507777,0.005016820637,0.004797538163,0.003926990625,0.01354525546,0.01129308687,0.008448537481,0.005870551319,0.03527869976,0.006024937683,0.009726247387,0.01352529914,0.01514087113,0.01432526426,0.000189213963,0.0001735807239,0.0001428871606,0.0001084474487,0.004247484877,0.000359290959,0.0008688203324,0.001758277469,0.002664974534,0.003293391407,0.0001132270801,0.0001000743264,7.936672149e-05,5.820133305e-05,0.003078076179,0.0001805409891,0.0003729872283,0.0006521824474,0.0008444241366,0.0009028187509,1.841729622e-07,4.834962257e-07,9.606730252e-07,1.413963219e-06,0.00495498528,0.0001873938319,0.0007788806224,0.002167242709,0.003511524874,0.004069971795,2.86616729e-10,1.617332988e-09,6.273361762e-09,1.571889955e-08,0.002308321317,3.185547063e-05,0.0002091151435,0.0008001772657,0.001483007659,0.001823667118,2.144947142e-09,1.44106962e-08,6.935288965e-08,2.199651714e-07,0.006255677332,0.0003886129377,0.001767308485,0.005032897309,0.008020878028,0.009284605901,1.626051621e-09,1.322233519e-08,7.701817552e-08,2.913471062e-07,0.00810615875,0.0006865946992,0.002738926243,0.006906153067,0.009935980954,0.01066407281,8.883891898e-10,9.193900352e-09,6.815654228e-08,3.221010449e-07,0.01005612756,0.001081537791,0.003656189399,0.007905454621,0.009890779538,0.009542211265,4.704908278e-11,7.815899121e-10,8.925030475e-09,6.058845243e-08,0.008503422434,0.0006023855853,0.001844488193,0.003476430946,0.003507856467,0.002728574264,6.13667453e-14,2.681659884e-12,6.888947858e-11,8.603547163e-10,0.005849389148,0.0001012866389,0.0003175050796,0.0005141395753,0.0003341739976,0.0001499838811,1.571748654e-12,5.132741411e-11,9.853585066e-10,9.404716326e-09,0.01109026708,0.0002765087864,0.0005957559202,0.0006810688223,0.0003221558803,0.0001050191199,2.346305441e-11,5.738799373e-10,8.25156137e-09,6.031341354e-08,0.0174462582,0.0004999255534,0.000798497072,0.0006913367201,0.0002510630382,6.238093272e-05,5.441346403e-13,2.448002108e-11,5.755279254e-10,5.965906728e-09,0.01494465739,0.0001320667534,0.0001554976742,8.889179502e-05,1.64406176e-05,1.883756601e-06
109,0.01887133359,0.02128203873,0.02153611017,0.01977691832,0.1097221164,0.04238294614,0.05476706643,0.06193857814,0.059196173,0.05017631782,0.03027099943,0.03533750979,0.03701591774,0.03509333865,0.1477810542,0.08022462248,0.1199569537,0.1553562665,0.171828669,0.1665835335,0.0003925943928,0.0005060907366,0.0005854045335,0.0006082104683,0.01732263792,0.004711943737,0.01071443422,0.02047954574,0.03107951903,0.03983276067,0.0002447484356,0.0003047934821,0.0003405922992,0.0003427581763,0.01286143548,0.002489336209,0.004891739182,0.008164935812,0.01070711073,0.01199795212,0.008041178803,0.006454401398,0.00464874388,0.003118976894,0.02541815537,0.002987404373,0.004107685838,0.004921381912,0.004691935042,0.003829790903,0.01344782045,0.01120753488,0.008381305933,0.005821764621,0.03514629962,0.005982214919,0.009641571204,0.01338729784,0.01496199331,0.0141348334,0.0001872333131,0.0001716562804,0.0001412146229,0.0001071161536,0.004222765024,0.000355161275,0.000856565999,0.001729226321,0.00261401582,0.003222564911,0.0001119569192,9.885657716e-05,7.832557591e-05,5.738686287e-05,0.003053945896,0.000177360787,0.0003649305647,0.0006356908792,0.0008197298427,0.0008731443402,1.798444845e-07,4.713161217e-07,9.348517823e-07,1.373760683e-06,0.004897888097,0.0001814162977,0.0007484648182,0.002068319198,0.003324010634,0.003822763718,2.775895863e-10,1.562748641e-09,6.047530518e-09,1.512048661e-08,0.002275948834,3.048825232e-05,0.0001981417669,0.0007511558963,0.00137626976,0.001673704771,2.083366512e-09,1.396796583e-08,6.708290772e-08,2.123585027e-07,0.006172606694,0.0003735148922,0.001683574441,0.004754926451,0.007502031725,0.008600306857,1.57560757e-09,1.278559703e-08,7.431991371e-08,2.806022168e-07,0.007990164944,0.0006582920167,0.002602722035,0.006508627831,0.009269424718,0.009851754699,8.582408439e-10,8.86349146e-09,6.557098575e-08,3.092891744e-07,0.009899161571,0.001033725127,0.003463549413,0.007427204096,0.009197381297,0.008785657564,4.493795413e-11,7.447819665e-10,8.484924587e-09,5.747699458e-08,0.008335235325,0.000568266807,0.001722644772,0.003216672651,0.003206767376,0.002465208078,5.691819732e-14,2.479063311e-12,6.347499813e-11,7.903210261e-10,0.005684201201,9.220472482e-05,0.0002849228925,0.0004552793456,0.0002903919571,0.0001279101143,1.445236517e-12,4.70404105e-11,9.000815861e-10,8.564647877e-09,0.01074260082,0.0002494440249,0.0005297954718,0.0005976558479,0.0002772949776,8.867024486e-05,2.142302047e-11,5.22255589e-10,7.48452231e-09,5.454036959e-08,0.01685536173,0.0004476801231,0.0007048741029,0.0006022103174,0.0002144347039,5.224239498e-05,4.825666351e-13,2.162274415e-11,5.063065298e-10,5.228853248e-09,0.01433163826,0.0001142452961,0.0001321679041,7.433048553e-05,1.339807899e-05,1.49558107e-06
110,0.01873711233,0.02111708543,0.0213554482,0.0195993745,0.1091561871,0.04188228283,0.05397320011,0.06088688141,0.05803296734,0.04906746473,0.03007486136,0.03509601096,0.0367498252,0.03482958601,0.1472732178,0.07969714846,0.118988556,0.1538863209,0.1699460467,0.1645297611,0.0003888065601,0.0005009115825,0.0005790711942,0.0006013020986,0.0172283156,0.004660744587,0.01057156045,0.02015962021,0.03051758703,0.03902272207,0.000242232611,0.0003013958677,0.0003365002371,0.0003383659231,0.01276930911,0.002449304984,0.004795259028,0.007976384112,0.01042110815,0.01163768808,0.007981800231,0.006402424643,0.004608201856,0.003089853669,0.02528119997,0.002950443601,0.004045328219,0.004833872492,0.004595391029,0.00374117022,0.01335777938,0.01112845976,0.008319155669,0.005776661299,0.03502275816,0.005942289325,0.009562563914,0.01325872422,0.01479559896,0.01395794964,0.0001854092788,0.0001698841272,0.0001396746332,0.0001058905575,0.00419976636,0.0003513256019,0.0008452132579,0.001702376578,0.002567039314,0.003157427117,0.0001107893597,9.773772341e-05,7.736949872e-05,5.663934764e-05,0.003031603984,0.0001744388933,0.0003575573532,0.0006206533281,0.0007973012425,0.0008462899359,1.759112414e-07,4.602613109e-07,9.11445363e-07,1.337361583e-06,0.004845148069,0.000175991297,0.0007210580668,0.001979774837,0.003157491968,0.003604884399,2.694515337e-10,1.51362719e-09,5.84467221e-09,1.458387922e-08,0.002246119914,2.926109851e-05,0.000188387837,0.0007079737584,0.001283285734,0.00154446556,2.027648917e-09,1.356802268e-08,6.503566605e-08,2.055088756e-07,0.006095951312,0.0003599005571,0.001608725617,0.004508451878,0.007046457218,0.008005087354,1.530049788e-09,1.239181258e-08,7.189113501e-08,2.709458225e-07,0.007883223083,0.0006328325017,0.002481264418,0.00615699346,0.008685614748,0.009147015261,8.31078323e-10,8.566312834e-09,6.324950577e-08,2.978045749e-07,0.009754609306,0.0009908468508,0.003292288897,0.007005448089,0.008591975998,0.00813144819,4.305612972e-11,7.120379885e-10,8.094207223e-09,5.471993861e-08,0.008181023854,0.0005380688561,0.00161584654,0.002991035573,0.00294827324,0.002241662997,5.306120935e-14,2.303936765e-12,5.880883326e-11,7.30135804e-10,0.005533969892,8.443933521e-05,0.0002574481722,0.0004062820396,0.0002546061901,0.0001101933021,1.336416217e-12,4.336415171e-11,8.271772295e-10,7.848496332e-09,0.01042734347,0.000226505064,0.0004746614299,0.0005288276203,0.0002409644999,7.567523327e-05,1.967968879e-11,4.782748796e-10,6.833064388e-09,4.965120181e-08,0.01632084151,0.000403714426,0.0006271752962,0.0005291915185,0.0001849933469,4.424715359e-05,4.314019653e-13,1.925728119e-11,4.49217871e-10,4.623123439e-09,0.0137810279,9.974262235e-05,0.0001135039508,6.286453602e-05,1.106140528e-05,1.204920704e-06
111,0.01861421483,0.02096607931,0.02119010577,0.01943693312,0.1086352246,0.04142365788,0.05324789304,0.05992834436,0.05697557383,0.04806190599,0.02989490574,0.03487439874,0.03650561479,0.03458750545,0.1468032398,0.07920843736,0.1180926311,0.1525282229,0.1682092086,0.1626375669,0.00038534275,0.0004961758364,0.0005732808387,0.0005949870352,0.01714126495,0.004613581145,0.01044026574,0.01986628079,0.03000359492,0.03828343361,0.0002399356196,0.0002982950908,0.0003327674846,0.0003343612977,0.01268463264,0.002412765778,0.004707509251,0.007805462454,0.0101627732,0.01131334428,0.007927447283,0.00635485817,0.004571110917,0.00306321804,0.02515516231,0.002916607657,0.003988398994,0.004754184277,0.00450771675,0.00366089428,0.01327518123,0.01105590862,0.008262126122,0.005735271154,0.03490841927,0.005905290619,0.009489456838,0.01313991582,0.01464206996,0.01379496443,0.0001837413655,0.0001682637687,0.0001382667267,0.0001047702529,0.004178538202,0.0003477912281,0.0008347773588,0.001677750122,0.002524055995,0.003097957711,0.0001097235483,9.671682549e-05,7.649756665e-05,5.595796956e-05,0.003011073228,0.0001717731818,0.0003508551896,0.0006070307726,0.0007770574459,0.0008221330123,1.723589131e-07,4.50288198e-07,8.903539197e-07,1.304599272e-06,0.004796791778,0.0001710986399,0.0006965057264,0.001900944349,0.003010330408,0.003413682405,2.621554255e-10,1.469660456e-09,5.663411862e-09,1.410518037e-08,0.002218832648,2.816575241e-05,0.0001797601549,0.0006700979703,0.001202569369,0.00143339871,1.977528612e-09,1.320879116e-08,6.319963958e-08,1.99374843e-07,0.006025733758,0.0003476962144,0.001542172826,0.004290941448,0.006648073755,0.007489141002,1.48913886e-09,1.203873821e-08,6.971688495e-08,2.623142369e-07,0.007785343255,0.0006100612929,0.002373511725,0.005847377326,0.008176283181,0.008537614191,8.067412516e-10,8.300471141e-09,6.117619389e-08,2.875632975e-07,0.009622446652,0.0009526053571,0.003140784069,0.006635141212,0.008065357086,0.007567470463,4.138672042e-11,6.830446678e-10,7.748902133e-09,5.228764402e-08,0.008040600514,0.0005114639617,0.001522604876,0.002795691991,0.002726914872,0.002052257475,4.972664653e-14,2.152956782e-12,5.479741216e-11,6.785311723e-10,0.005398207092,7.781476353e-05,0.0002343115155,0.0003655146073,0.0002253344202,9.594542032e-05,1.243031131e-12,4.021831425e-11,7.649698501e-10,7.239038568e-09,0.01014323064,0.0002070958203,0.0004286117106,0.0004720277788,0.0002115020957,6.531893066e-05,1.819272236e-11,4.408692264e-10,6.280590473e-09,4.551592983e-08,0.01584021298,0.0003667610881,0.0005627100069,0.0004693339213,0.0001612844279,3.792219326e-05,3.888808523e-13,1.729839354e-11,4.021093642e-10,4.124926502e-09,0.0132891967,8.792838027e-05,9.853994653e-05,5.380651858e-05,9.25796245e-06,9.858294745e-07
112,0.01850266023,0.02082903646,0.02104008956,0.01928958893,0.1081600325,0.04100722829,0.05259090592,0.05906204146,0.05602223403,0.04715731312,0.02973125648,0.03467283668,0.03628347564,0.03436729017,0.146372475,0.0787600835,0.117271802,0.1512855216,0.1666220989,0.1609106453,0.0003822023832,0.0004918826401,0.0005680322554,0.0005892637261,0.01706167873,0.004570540971,0.01032071705,0.0195997383,0.02953760037,0.03761455888,0.0002378561041,0.0002954889887,0.0003293909781,0.0003307405091,0.0126075051,0.002379698049,0.004628357801,0.007651760351,0.00993122984,0.01102351885,0.007878124251,0.006311703003,0.004537469109,0.003039066466,0.02504022792,0.002885902603,0.00393686806,0.004682221738,0.004428742611,0.0035887525,0.01320007933,0.01098993189,0.008210259018,0.005697625452,0.03480361456,0.005871341496,0.009422467644,0.01303118857,0.01450176127,0.01364620201,0.0001822292723,0.0001667948929,0.0001369905958,0.0001037549564,0.00415912822,0.0003445649928,0.0008252724458,0.001655366838,0.00248507474,0.003044135552,0.0001087588047,9.579311652e-05,7.570901178e-05,5.534203877e-05,0.002992376508,0.0001693618078,0.000344812936,0.0005947880004,0.0007589254979,0.0008005633409,1.69174852e-07,4.413582109e-07,8.71488998e-07,1.275326006e-06,0.004752846979,0.0001667199309,0.0006746681273,0.001831232152,0.002881074763,0.003246833328,2.556596912e-10,1.430576737e-09,5.502537808e-09,1.368095844e-08,0.002194086851,2.719479486e-05,0.0001721760676,0.0006370617183,0.001132838124,0.001338334408,1.932770317e-09,1.288843273e-08,6.156461969e-08,1.939197042e-07,0.005961978647,0.0003368350499,0.001483388677,0.004100154299,0.006301572637,0.007044015843,1.452662719e-09,1.172438662e-08,6.778392327e-08,2.546511108e-07,0.007696539553,0.0005898385189,0.002278534729,0.00557636382,0.007734236714,0.008013038875,7.850876011e-10,8.064290585e-09,5.933698137e-08,2.784911757e-07,0.009502657094,0.0009187330212,0.003007592636,0.006311852311,0.007609549146,0.007083367313,3.991491368e-11,6.575276843e-10,7.445534319e-09,5.015425383e-08,0.007913798195,0.0004881631315,0.001441624475,0.002627351478,0.002538071783,0.001892253936,4.685581292e-14,2.02331146e-12,5.13618435e-11,6.344416766e-10,0.005276471483,7.2183092e-05,0.000214876772,0.0003316488384,0.000201398272,8.447604846e-05,1.16318291e-12,3.753556915e-11,7.120600091e-10,6.72193831e-09,0.009889120313,0.000190720193,0.000390222026,0.0004251999941,0.0001876011505,5.705179029e-05,1.692844867e-11,4.09149851e-10,5.81334679e-09,4.202720777e-08,0.01541123572,0.0003357749806,0.0005092982191,0.0004202884375,0.0001421750823,3.29074484e-05,3.535841946e-13,1.567765339e-11,3.632607493e-10,3.715328963e-09,0.01285289607,7.830416608e-05,8.652790703e-05,4.663408032e-05,7.860363061e-06,8.197115114e-07
113,0.01840248048,0.02070598902,0.0209054245,0.01915735535,0.1077314098,0.04063317631,0.05200207578,0.0582871978,0.05517142109,0.04635164049,0.02958404796,0.03449149986,0.03608360829,0.03416914368,0.1459822293,0.07835359661,0.1165285444,0.1501615567,0.1651884145,0.1593524454,0.0003793853139,0.0004880317192,0.0005633249429,0.000584131396,0.01698974377,0.004531707052,0.01021307239,0.01936019276,0.029119662,0.03701579229,0.000235993088,0.000292975935,0.0003263683323,0.0003275005318,0.01253802643,0.002350085505,0.004557689855,0.007514915333,0.009725701036,0.01076696811,0.007833841424,0.006272965558,0.004507278854,0.003017398684,0.02493658177,0.002858336793,0.003890712258,0.004617903561,0.004358320549,0.003524559456,0.01313253207,0.01093058398,0.008163598902,0.005663757329,0.03470866356,0.005840558021,0.009361801514,0.01293283921,0.01437500492,0.01351196431,0.0001808729082,0.0001654773889,0.0001358461063,0.0001028445226,0.004141582584,0.0003416533662,0.0008167118653,0.001635245471,0.002450104049,0.002995941277,0.0001078946294,9.496601122e-05,7.500322956e-05,5.479099991e-05,0.002975537004,0.0001672032678,0.0003394208755,0.0005838938968,0.0007428407073,0.0007814832035,1.663480625e-07,4.334377292e-07,8.547733457e-07,1.249412574e-06,0.004713343364,0.0001628387007,0.0006554208475,0.001770111239,0.002768452363,0.003102316873,2.49928096e-10,1.3961391e-09,5.360993464e-09,1.330822202e-08,0.002171884567,2.634164172e-05,0.0001655630102,0.0006084595278,0.001072992912,0.001257437451,1.893168457e-09,1.260533927e-08,6.012167179e-08,1.891113337e-07,0.005904713974,0.0003272573708,0.001431906505,0.003934126633,0.00600235686,0.00666247737,1.420435848e-09,1.144701849e-08,6.608066047e-08,2.479071316e-07,0.007616832075,0.0005720395333,0.002195513535,0.005340968413,0.007353265583,0.007564319793,7.659930522e-10,7.856304427e-09,5.771955941e-08,2.705233597e-07,0.009395234623,0.000888992152,0.002891446633,0.006031723877,0.007217694028,0.006670337609,3.862783369e-11,6.352489085e-10,7.181091831e-09,4.829739087e-08,0.007800473477,0.0004679139175,0.001371786981,0.00248320414,0.002377854124,0.001757718601,4.439912339e-14,1.912632873e-12,4.843590664e-11,5.969756918e-10,0.005168371282,6.742040798e-05,0.000198619878,0.0003036072316,0.0001818620748,7.524835331e-05,1.095281372e-12,3.525970375e-11,6.672832357e-10,6.285303633e-09,0.009663997426,0.0001769669805,0.0003583312855,0.0003866932818,0.0001682352044,5.045121397e-05,1.585886176e-11,3.823800471e-10,5.419971822e-09,3.90966425e-08,0.01503191903,0.000309897229,0.0004651777519,0.0003801847386,0.0001267829927,2.892849055e-05,3.243691096e-13,1.434018536e-11,3.312983267e-10,3.379270996e-09,0.01246925326,7.047624667e-05,7.688840358e-05,4.094977019e-05,6.774334491e-06,6.931799542e-07
114,0.01831372128,0.02059698649,0.02078615519,0.01904026594,0.1073501541,0.0403017171,0.05148132973,0.05760320831,0.05442186078,0.0456431441,0.02945342644,0.03433057673,0.03590622689,0.03399328212,0.1456337604,0.07799040666,0.1158652003,0.1491594841,0.1639116471,0.1579662244,0.0003768918626,0.0004846234327,0.0005591591755,0.0005795901228,0.01692564155,0.00449715883,0.0101174845,0.019147843,0.02874985834,0.0364868887,0.000234345995,0.0002907548677,0.0003236978766,0.000324639146,0.01247629824,0.002323916885,0.004495409787,0.007394616546,0.009545513178,0.01054261014,0.007794615518,0.006238658053,0.004480547277,0.002998217962,0.02484440907,0.002833921451,0.00384991647,0.00456116423,0.004296325714,0.003468156264,0.01307260353,0.0108779239,0.008122193666,0.0056337022,0.03462387378,0.005813049994,0.009307652267,0.01284514774,0.01426211386,0.01339253576,0.0001796724085,0.0001643113635,0.0001348333135,0.0001020389579,0.004125946094,0.0003390625271,0.0008091084588,0.001617404445,0.002419153655,0.002953359732,0.0001071307135,9.42351151e-05,7.437978708e-05,5.43044388e-05,0.002960578391,0.0001652964571,0.0003346708592,0.0005743217169,0.0007287469553,0.0007648075945,1.638691885e-07,4.26498037e-07,8.401407753e-07,1.22674802e-06,0.0046783133,0.000159440526,0.0006386549388,0.001717122048,0.002671360954,0.002978396189,2.449295426e-10,1.366143972e-09,5.237870386e-09,1.298439851e-08,0.002152230548,2.560054017e-05,0.0001598580792,0.0005839430036,0.001022100343,0.001189167419,1.858546576e-09,1.235812762e-08,5.886310036e-08,1.849220377e-07,0.005853972399,0.0003189107886,0.001387319284,0.003791158491,0.005746486885,0.006338388257,1.392298647e-09,1.120513546e-08,6.459710451e-08,2.420397679e-07,0.007546248844,0.0005565550934,0.002123734554,0.005138613786,0.007028062331,0.007183869342,7.493504646e-10,7.675247822e-09,5.631331108e-08,2.636039186e-07,0.009300186528,0.0008631748827,0.002791245638,0.005791435101,0.006883950017,0.006320962981,3.751442113e-11,6.160039926e-10,6.952992854e-09,4.6697896e-08,0.007700509773,0.0004504983749,0.001312136411,0.002360871094,0.002243010483,0.00164540427,4.23149887e-14,1.818940523e-12,4.596437564e-11,5.653916544e-10,0.005073566795,6.342359927e-05,0.0001851113498,0.0002805191429,0.0001659846528,6.784532003e-05,1.038002798e-12,3.334406462e-11,6.296760154e-10,5.919322768e-09,0.009466978187,0.0001654972976,0.0003319970752,0.0003551863322,0.0001525992125,4.519229817e-05,1.496079841e-11,3.599523755e-10,5.091126808e-09,3.665178895e-08,0.01470052715,0.0002884255435,0.0004289294403,0.0003475375341,0.0001144217074,2.577608601e-05,3.003177857e-13,1.324209371e-11,3.051275779e-10,3.104797175e-09,0.01213576667,6.41342103e-05,6.917289526e-05,3.645103278e-05,5.929956607e-06,5.965603458e-07
115,0.01823644305,0.02050209697,0.02068234743,0.01893837596,0.1070170644,0.04001310612,0.05102869824,0.05700965634,0.05377255191,0.04503039979,0.02933955144,0.03419027095,0.03575156132,0.0338399365,0.1453282775,0.07767186816,0.1152839907,0.1482823014,0.1627951227,0.1567550982,0.0003747228504,0.0004816588232,0.0005555360688,0.0005756409127,0.01686954866,0.004466973178,0.01003410429,0.01896289565,0.0284283056,0.03602769101,0.0002329146692,0.0002888253185,0.0003213786913,0.0003221549787,0.01242242464,0.002301186723,0.004441443057,0.007290608212,0.009390100348,0.01034952833,0.007760470119,0.006208798908,0.004457286548,0.00298153135,0.02476389609,0.002812671229,0.003814474664,0.00451195555,0.004242658106,0.003419411941,0.01302036416,0.01083201588,0.008086095058,0.005607498153,0.03454954082,0.005788921304,0.009260203428,0.01276837962,0.01416338558,0.01328818773,0.0001786281513,0.0001632971587,0.0001339524776,0.0001013384337,0.004112262311,0.000336798437,0.0008024748405,0.001601862627,0.002392236037,0.002916382237,0.0001064669477,9.3600234e-05,7.383843157e-05,5.388208941e-05,0.002947525037,0.0001636407241,0.0003305564474,0.0005660493491,0.0007165969999,0.0007504644312,1.617305095e-07,4.205152994e-07,8.275360853e-07,1.207239465e-06,0.004647792541,0.0001565131394,0.000624277136,0.001671871459,0.002588861508,0.002873599729,2.406379144e-10,1.340419995e-09,5.132402625e-09,1.270731652e-08,0.002135132722,2.496656544e-05,0.0001550076536,0.0005632170942,0.0009793774294,0.001132244932,1.828756921e-09,1.21456356e-08,5.7782422e-08,1.813284417e-07,0.005809792486,0.0003117503832,0.001349278616,0.003669801936,0.005530633137,0.006066604675,1.368116951e-09,1.099747475e-08,6.332481853e-08,2.370130625e-07,0.00748482766,0.0005432915177,0.002062587753,0.004967108627,0.006754150972,0.006865343494,7.350694602e-10,7.520052075e-09,5.510925586e-08,2.576855109e-07,0.009217536075,0.0008411030625,0.002706050686,0.005588169265,0.006603404365,0.006029059997,3.65653325e-11,5.996203455e-10,6.759057983e-09,4.53396073e-08,0.007613820345,0.0004357312591,0.001261866485,0.002258361998,0.002130850237,0.001552653289,4.056888983e-14,1.740594515e-12,4.390163506e-11,5.390784883e-10,0.004991772867,6.010767209e-05,0.000174001933,0.0002616855082,0.0001531815271,6.194392436e-05,9.902555633e-13,3.17502779e-11,5.984479289e-10,5.615966695e-09,0.009297314218,0.0001560341834,0.0003104596307,0.0003296273946,0.0001400640731,4.102574596e-05,1.421526362e-11,3.413700548e-10,4.819195263e-09,3.463371479e-08,0.01441558434,0.0002707899725,0.0003994172093,0.0003211728531,0.0001045587367,2.32909198e-05,2.806970711e-13,1.234843889e-11,2.838804164e-10,2.882456828e-09,0.01185030192,5.903432983e-05,6.303504446e-05,3.290782863e-05,5.275331018e-06,5.228425059e-07
116,0.01817072195,0.02042140849,0.02059408969,0.01885176387,0.1067329443,0.03976764623,0.05064432806,0.05650633164,0.05322278636,0.04451232133,0.02924259719,0.03407080322,0.03561985932,0.03370935488,0.1450669421,0.07739926423,0.1147870266,0.147532871,0.1618420387,0.1557220881,0.0003728796332,0.0004791396668,0.0005524576452,0.0005722857771,0.01682163736,0.004441225315,0.009963084109,0.01880557361,0.02815517434,0.03563815583,0.0002316993971,0.000287187443,0.0003194106465,0.0003200475469,0.01237651293,0.002281896074,0.004395738047,0.007202693014,0.009259008606,0.01018697516,0.007731436128,0.006183413164,0.004437514219,0.002967349937,0.02469523097,0.00279460475,0.003784390923,0.004470248146,0.004197244179,0.003378224759,0.01297589147,0.01079292996,0.008055359196,0.005585186334,0.03448594836,0.005768270236,0.009219629207,0.01270278794,0.01407910548,0.01319918278,0.0001777407739,0.0001624353692,0.0001332040809,0.0001007433003,0.004100573673,0.000334866908,0.0007968236572,0.001588640044,0.002369367834,0.00288500869,0.0001059034321,9.306138405e-05,7.337909939e-05,5.35238411e-05,0.00293640218,0.000162235924,0.0003270730469,0.0005590595739,0.0007063527837,0.0007383947891,1.59925946e-07,4.154705693e-07,8.16915046e-07,1.190812037e-06,0.004621820921,0.0001540465364,0.0006122100786,0.001634032013,0.002520172164,0.002786705881,2.370319615e-10,1.318827173e-09,5.043962408e-09,1.247519226e-08,0.002120602646,2.443561952e-05,0.0001509670769,0.0005460369284,0.0009441787235,0.001085623597,1.803680214e-09,1.196691946e-08,5.687434724e-08,1.783114091e-07,0.005772219896,0.000305738864,0.001317493931,0.003568851042,0.005352035672,0.005842889007,1.34778173e-09,1.08230055e-08,6.225689025e-08,2.327974789e-07,0.007432617869,0.0005321708537,0.002011564381,0.004824629606,0.006527826954,0.00660352566,7.230761309e-10,7.389840427e-09,5.410000756e-08,2.527291296e-07,0.009147325075,0.0008226282068,0.002635079126,0.005419586003,0.006371999388,0.00578955652,3.577285896e-11,5.859554899e-10,6.597487608e-09,4.420917922e-08,0.007540351221,0.0004234584999,0.001220309912,0.002174039423,0.00203917927,0.001477318324,3.913262146e-14,1.67625734e-12,4.221055285e-11,5.175396966e-10,0.004922761325,5.740354134e-05,0.000165010982,0.0002465507367,0.0001429954864,5.729547183e-05,9.511521866e-13,3.044721122e-11,5.729591072e-10,5.368749094e-09,0.009154396777,0.0001483541313,0.0002931129826,0.0003091869086,0.0001301416266,3.776125185e-05,1.360688495e-11,3.262319493e-10,4.598041292e-09,3.299504692e-08,0.01417588038,0.0002565333184,0.0003757405111,0.0003001704803,9.678359822e-05,2.135221402e-05,2.649267663e-13,1.163165645e-11,2.668741414e-10,2.704839248e-09,0.01161108948,5.498668021e-05,5.820896904e-05,3.014599018e-05,4.772010298e-06,4.669456028e-07
117,0.01811665092,0.02035503032,0.02052149464,0.01878053298,0.1064986051,0.03956569453,0.05032849469,0.0560932482,0.05277216893,0.04408817876,0.02916275398,0.03397241303,0.03551138857,0.03360180456,0.144850867,0.07717380991,0.1143763198,0.1469139411,0.1610554974,0.1548701643,0.0003713641375,0.0004770685247,0.0005499269005,0.0005695278078,0.01678207595,0.004419989651,0.009904580701,0.01867612388,0.02793070489,0.03531837747,0.0002307009293,0.0002858420529,0.0003177944426,0.0003183173023,0.01233867436,0.002266053218,0.004358267848,0.007130735479,0.009151900433,0.01005437649,0.007707552234,0.006162532912,0.004421253579,0.002955689123,0.02463860439,0.002779745124,0.003759680444,0.004436032934,0.004160038465,0.003344523644,0.01293927062,0.01076074263,0.008030047059,0.005566811329,0.03443336814,0.005751189745,0.009186095374,0.01264861528,0.01400955001,0.01312577849,0.0001770111905,0.0001617268594,0.000132588843,0.0001002541006,0.004090921601,0.0003332736671,0.000792167829,0.00157775855,0.002350571153,0.002859249528,0.0001054404871,9.261880225e-05,7.300192544e-05,5.322974629e-05,0.002927236119,0.0001610824702,0.0003242180463,0.0005533403249,0.0006979857598,0.0007285531796,1.584510748e-07,4.11349824e-07,8.082444574e-07,1.177408924e-06,0.004600443012,0.0001520330792,0.0006023925717,0.001603341492,0.002464663524,0.002716730586,2.340952318e-10,1.301256322e-09,4.972057193e-09,1.228661987e-08,0.002108655947,2.400443327e-05,0.0001477004119,0.0005322052629,0.0009159858505,0.001048467267,1.783225633e-09,1.182125305e-08,5.613477157e-08,1.758559954e-07,0.005741308523,0.0003008467415,0.001291731986,0.003487333998,0.005208471417,0.005663838712,1.331208978e-09,1.068092689e-08,6.13879141e-08,2.29369802e-07,0.007389682069,0.0005231310842,0.001970255328,0.004709706987,0.006346108293,0.00639423211,7.13312879e-10,7.283925451e-09,5.327974646e-08,2.48703926e-07,0.009089616361,0.0008076315614,0.002577700683,0.005283798934,0.006186472228,0.005598391163,3.513086501e-11,5.748958025e-10,6.466844385e-09,4.329594142e-08,0.007480084037,0.0004135559901,0.001186929692,0.00210658988,0.001966248006,0.001417698928,3.798368859e-14,1.624863412e-12,4.08615823e-11,5.003807e-10,0.004866363459,5.525625009e-05,0.0001579172125,0.0002346806372,0.0001350739209,5.371075287e-05,9.199870723e-13,2.941014811e-11,5.527023308e-10,5.172536042e-09,0.009037761235,0.0001422803164,0.0002794821995,0.000293220648,0.0001224579691,3.525508878e-05,1.312347945e-11,3.14220674e-10,4.422818459e-09,3.169842975e-08,0.01398047663,0.0002452955851,0.0003571970906,0.0002838195079,9.078365027e-05,1.986929775e-05,2.525550411e-13,1.107033536e-11,2.535798343e-10,2.566217e-09,0.01141672416,5.184526404e-05,5.449287996e-05,2.803491367e-05,4.39170793e-06,4.252031948e-07
118,0.01807434072,0.02030309435,0.02046470074,0.01872481302,0.1063148678,0.039407669,0.05008161465,0.05577066165,0.05242063737,0.04375761714,0.02910022961,0.03389536049,0.03542643869,0.03351757414,0.1446811163,0.07699665497,0.1140537917,0.1464281646,0.160438537,0.1542022848,0.000370178896,0.0004754487948,0.0005479478704,0.0005673712548,0.01675102917,0.004403340546,0.009858758011,0.01857482484,0.02775522171,0.03506861014,0.0002299205053,0.0002847906498,0.0003165316528,0.0003169656795,0.01230902481,0.002253674355,0.004329032049,0.007074665411,0.009068559458,0.009951336444,0.007688865386,0.006146197732,0.004408534016,0.00294656888,0.02459421033,0.002768120455,0.003740370511,0.004409322586,0.004131025208,0.00331826963,0.01291059515,0.01073553741,0.008010224986,0.005552421533,0.03439205984,0.005737767665,0.009159760014,0.01260609544,0.01395498941,0.01306823092,0.0001764406088,0.0001611727823,0.0001321077379,9.987158357e-05,0.004083346582,0.0003320244127,0.0007885207694,0.001569242442,0.002335874788,0.002839127547,0.000105078664,9.227295765e-05,7.270725321e-05,5.300002861e-05,0.002920054372,0.0001601813845,0.0003219909505,0.0005488849561,0.0006914772449,0.000720907885,1.573031566e-07,4.081440361e-07,8.015022853e-07,1.166991556e-06,0.004583708762,0.0001504676053,0.000594779912,0.001579602921,0.002421855492,0.002662918143,2.318160476e-10,1.287628827e-09,4.916328152e-09,1.214056594e-08,0.002099312743,2.367057317e-05,0.0001451802812,0.0005215705794,0.0008943994246,0.001020132336,1.767331019e-09,1.170812874e-08,5.556077678e-08,1.739514396e-07,0.005717121585,0.0002970525244,0.001271816761,0.003424507648,0.005098229335,0.005526831213,1.318339802e-09,1.057066825e-08,6.071398693e-08,2.267131002e-07,0.007356097744,0.0005161264005,0.001938350266,0.004621214285,0.006206698213,0.00623423851,7.057384007e-10,7.201808221e-09,5.264420673e-08,2.455871158e-07,0.00904449616,0.0007960243282,0.002533434912,0.005179359114,0.006044308464,0.005452435026,3.46347472e-11,5.663556432e-10,6.366040845e-09,4.259179722e-08,0.007433038845,0.0004059287194,0.001161312485,0.002055001369,0.001910710941,0.001372492273,3.710484408e-14,1.585595676e-12,3.983207145e-11,4.872990932e-10,0.004822472631,5.362358351e-05,0.0001525515447,0.00022574548,0.0001291516835,5.104899734e-05,8.962193883e-13,2.862015259e-11,5.372892512e-10,5.023399594e-09,0.008947091989,0.0001376773404,0.0002692058736,0.0002812416316,0.000116733435,3.34009541e-05,1.275572028e-11,3.050934427e-10,4.289822844e-09,3.071534095e-08,0.01382871331,0.0002368019557,0.0003432544796,0.000271584661,8.632608786e-05,1.877543566e-05,2.432397636e-13,1.064829247e-11,2.435984777e-10,2.462277079e-09,0.01126616698,4.950057353e-05,5.173694319e-05,2.647856146e-05,4.113948913e-06,3.950041825e-07
119,0.01804392104,0.0202657565,0.02042387388,0.01868476182,0.1061825662,0.03929405482,0.04990425738,0.05553908678,0.05216848273,0.04352067622,0.02905525072,0.03383992804,0.03536532325,0.03345697559,0.1445587045,0.07686888567,0.1138212804,0.1460781143,0.1599941571,0.1537214296,0.0003693270851,0.0004742847655,0.0005465256998,0.0005658216038,0.0167286585,0.00439135299,0.009825789645,0.01850199283,0.02762914662,0.0348892887,0.000229359878,0.0002840354612,0.0003156247685,0.0003159951465,0.01228768544,0.002244784267,0.004308058508,0.007034481449,0.0090088956,0.009877643217,0.007675431297,0.006134455149,0.004399391385,0.00294001404,0.02456224669,0.002759764332,0.003726501464,0.004390153007,0.004110220058,0.003299457403,0.01288996759,0.01071740543,0.007995965149,0.005542069514,0.0343622709,0.005728086864,0.009140774132,0.01257545483,0.0139156901,0.0130267977,0.0001760305492,0.000160774597,0.0001317620105,9.959671826e-05,0.004077888251,0.0003311248655,0.0007858965837,0.001563119017,0.00232531533,0.002824679582,0.0001048187575,9.202456326e-05,7.249564538e-05,5.283509153e-05,0.002914885849,0.0001595343463,0.0003203935167,0.0005456925212,0.0006868188095,0.0007154413671,1.564811745e-07,4.058492827e-07,7.966778846e-07,1.159539939e-06,0.004571674103,0.0001493475402,0.0005893443039,0.001562685126,0.002391415837,0.002624735401,2.30187533e-10,1.277896727e-09,4.876550156e-09,1.203636837e-08,0.002092598059,2.3432454e-05,0.0001433878019,0.0005140258732,0.0008791333564,0.001000154877,1.755963314e-09,1.162726029e-08,5.515064311e-08,1.72591196e-07,0.00569973267,0.0002943429524,0.001257629827,0.003379854758,0.005020093926,0.005429984821,1.309140745e-09,1.04918914e-08,6.02327184e-08,2.248167506e-07,0.007331958825,0.0005111275678,0.001915637735,0.004558362385,0.006107959714,0.006121227338,7.003278259e-10,7.14317935e-09,5.219068018e-08,2.433639749e-07,0.009012076384,0.0007877481028,0.002501950277,0.005105244753,0.005943709813,0.00534943518,3.428141377e-11,5.602768836e-10,6.294332241e-09,4.209116238e-08,0.007399276884,0.0004005102876,0.001143164128,0.002018547379,0.001871597069,0.00134075685,3.648375883e-14,1.557868803e-12,3.910576463e-11,4.780775842e-10,0.004791047067,5.247505177e-05,0.0001487918213,0.0002195075147,0.0001250385537,4.920988117e-05,8.794606727e-13,2.806360758e-11,5.264403527e-10,4.918510877e-09,0.008882227984,0.0001344473557,0.0002620232016,0.0002728994856,0.000112768031,3.212338771e-05,1.249689373e-11,2.986753841e-10,4.196385546e-09,3.002522417e-08,0.01372021801,0.0002308539194,0.0003335290082,0.0002630816375,8.324490083e-05,1.80234151e-05,2.367348446e-13,1.035389619e-11,2.366435259e-10,2.389924943e-09,0.01115875004,4.787416279e-05,4.983451406e-05,2.540903501e-05,3.924422457e-06,3.745459748e-07
120,0.01802554162,0.02024319816,0.02039920899,0.01866056703,0.106102549,0.03922541045,0.04979715699,0.05539931496,0.05201637031,0.04337781122,0.02902806421,0.0338064222,0.03532838173,0.03342034622,0.144484595,0.07679152577,0.1136805458,0.1458662957,0.1597253408,0.1534306302,0.0003688125634,0.0004735816704,0.0005456667122,0.0005648856556,0.01671512235,0.004384103172,0.009805861064,0.01845798811,0.02755301088,0.03478104782,0.0002290213416,0.0002835794791,0.0003150772483,0.000315409259,0.01227478326,0.002239416976,0.004295405159,0.007010254782,0.008972950753,0.00983327595,0.007667314958,0.006127361108,0.004393868401,0.002936054584,0.02454291585,0.002754716292,0.003718127648,0.004378584817,0.004097671833,0.003288116967,0.01287750014,0.01070644604,0.007987346024,0.00553581236,0.03434423616,0.005722225309,0.009129282079,0.01255691357,0.01389191668,0.01300174056,0.0001757828625,0.0001605340881,0.0001315531938,9.94307081e-05,0.004074585429,0.0003305808107,0.0007843102416,0.001559419068,0.002318938186,0.002815958064,0.0001046618176,9.187458887e-05,7.236789533e-05,5.273552775e-05,0.002911760997,0.0001591437414,0.0003194298925,0.0005437680696,0.000684012718,0.0007121507652,1.559858867e-07,4.044668946e-07,7.937723163e-07,1.155053141e-06,0.004564401522,0.0001486730196,0.000586075388,0.001552523912,0.00237316069,0.002601869593,2.292076922e-10,1.272043154e-09,4.852633361e-09,1.197373994e-08,0.002088542227,2.328935864e-05,0.0001423126291,0.0005095081781,0.0008700115984,0.0009882425328,1.749119282e-09,1.157858775e-08,5.490387351e-08,1.717730102e-07,0.005689226719,0.0002927132785,0.001249111296,0.003353084318,0.004973337529,0.005372135975,1.303604344e-09,1.044449519e-08,5.994325742e-08,2.236765349e-07,0.007317377188,0.0005081224072,0.001902006302,0.004520698549,0.0060489026,0.006053756367,6.970730264e-10,7.107922087e-09,5.191803774e-08,2.420279309e-07,0.008992496835,0.0007827755664,0.002483065061,0.005060857707,0.005883576393,0.005287979816,3.406928614e-11,5.566288528e-10,6.251314851e-09,4.179094565e-08,0.00737890336,0.0003972628323,0.001132307382,0.001996777409,0.001848290879,0.001321888317,3.611281979e-14,1.541318716e-12,3.867248686e-11,4.725794699e-10,0.004772112896,5.179122637e-05,0.000146559254,0.0002158124654,0.0001226106467,4.812805643e-05,8.694669206e-13,2.773191674e-11,5.199784068e-10,4.856069866e-09,0.008843169012,0.0001325274801,0.0002577652086,0.0002679663261,0.0001104314544,3.137327917e-05,1.234274064e-11,2.948551432e-10,4.140801477e-09,2.961491154e-08,0.01365491605,0.0002273232847,0.0003277714809,0.0002580602112,8.143194696e-05,1.758254173e-05,2.328809674e-13,1.017960654e-11,2.325290348e-10,2.347150923e-09,0.01109418453,4.691492771e-05,4.871614343e-05,2.478220158e-05,3.8138733e-06,3.626705835e-07
121,0.01801937344,0.0202356277,0.02039093183,0.01865244787,0.1060756813,0.03920237341,0.04976122371,0.05535243172,0.05196536134,0.04332991504,0.02901893859,0.03379517523,0.0353159814,0.03340805063,0.1444596985,0.07676553621,0.1136332724,0.145795155,0.159635071,0.1533329922,0.0003686399123,0.000473345745,0.0005453784817,0.0005645716075,0.01671057623,0.004381668941,0.009799171445,0.01844322009,0.02752746612,0.03474473971,0.0002289077605,0.000283426501,0.0003148935694,0.0003152127191,0.01227045174,0.002237616389,0.004291161843,0.007002133101,0.008960905113,0.009818412841,0.007664591176,0.006124980462,0.004392015035,0.002934725943,0.02453642524,0.002753022277,0.00371531836,0.004374704874,0.004093464366,0.003284315456,0.0128733153,0.01070276734,0.007984452854,0.005533712022,0.0343381775,0.005720256055,0.009125421802,0.01255068631,0.0138839334,0.01299332741,0.0001756997501,0.0001604533851,0.0001314831263,9.937500525e-05,0.004073476164,0.0003303981317,0.0007837777246,0.001558177327,0.002316798489,0.002813032446,0.0001046091642,9.182427475e-05,7.232503943e-05,5.270212921e-05,0.002910711943,0.0001590127099,0.0003191067584,0.0005431229636,0.0006830724253,0.0007110484983,1.558198947e-07,4.040036521e-07,7.927987716e-07,1.153549965e-06,0.004561960611,0.0001484470237,0.0005849809062,0.001549123972,0.002367057173,0.002594230078,2.288795463e-10,1.270083148e-09,4.844626518e-09,1.195277681e-08,0.002087181277,2.324146622e-05,0.0001419531177,0.0005079988852,0.0008669674222,0.0009842711872,1.746826503e-09,1.156228479e-08,5.482123089e-08,1.714990431e-07,0.005685700963,0.0002921676115,0.001246261414,0.003344135209,0.004957722038,0.005352833403,1.301749961e-09,1.042862269e-08,5.984633597e-08,2.232948111e-07,0.00731248407,0.0005071164178,0.001897446954,0.004508110799,0.006029183719,0.006031248791,6.95983109e-10,7.096117646e-09,5.182677017e-08,2.415807588e-07,0.008985927313,0.0007811114798,0.002476750316,0.005046027314,0.005863504244,0.005267485461,3.399832361e-11,5.554087255e-10,6.236930025e-09,4.169057301e-08,0.007372070244,0.0003961774096,0.001128682043,0.001989514196,0.0018405239,0.001315607127,3.598905559e-14,1.535798376e-12,3.8528008e-11,4.707465925e-10,0.004765767502,5.156342539e-05,0.0001458165197,0.0002145847179,0.0001218053501,4.776986218e-05,8.661350618e-13,2.762136563e-11,5.178253071e-10,4.835270432e-09,0.00883008295,0.0001318884584,0.0002563498517,0.0002663285819,0.0001096571403,3.112514935e-05,1.229137937e-11,2.935826805e-10,4.122292812e-09,2.947832126e-08,0.01363304284,0.0002261489384,0.0003258589968,0.0002563943119,8.083159019e-05,1.743681548e-05,2.316003224e-13,1.012171132e-11,2.311627935e-10,2.33295239e-09,0.01107257273,4.65969e-05,4.8345965e-05,2.457503782e-05,3.77742552e-06,3.587648524e-07
