Step,DF_001,DF_002,DF_003,DF_004,DF_005,DF_006,DF_007,DF_008,DF_009,DF_010,DF_011,DF_012,DF_013,DF_014,DF_015,DF_016,DF_017,DF_018,DF_019,DF_020,DF_021,DF_022,DF_023,DF_024,DF_025,DF_026,DF_027,DF_028,DF_029,DF_030,DF_031,DF_032,DF_033,DF_034,DF_035,DF_036,DF_037,DF_038,DF_039,DF_040,DF_041,DF_042,DF_043,DF_044,DF_045,DF_046,DF_047,DF_048,DF_049,DF_050,DF_051,DF_052,DF_053,DF_054,DF_055,DF_056,DF_057,DF_058,DF_059,DF_060,DF_061,DF_062,DF_063,DF_064,DF_065,DF_066,DF_067,DF_068,DF_069,DF_070,DF_071,DF_072,DF_073,DF_074,DF_075,DF_076,DF_077,DF_078,DF_079,DF_080,DF_081,DF_082,DF_083,DF_084,DF_085,DF_086,DF_087,DF_088,DF_089,DF_090,DF_091,DF_092,DF_093,DF_094,DF_095,DF_096,DF_097,DF_098,DF_099,DF_100,DF_101,DF_102,DF_103,DF_104,DF_105,DF_106,DF_107,DF_108,DF_109,DF_110,DF_111,DF_112,DF_113,DF_114,DF_115,DF_116,DF_117,DF_118,DF_119,DF_120,DF_121,DF_122,DF_123,DF_124,DF_125,DF_126,DF_127,DF_128,DF_129,DF_130,DF_131,DF_132,DF_133,DF_134,DF_135,DF_136,DF_137,DF_138,DF_139,DF_140,DF_141,DF_142,DF_143,DF_144,DF_145,DF_146,DF_147,DF_148,DF_149,DF_150,DF_151,DF_152,DF_153,DF_154,DF_155,DF_156,DF_157,DF_158,DF_159,DF_160,DF_161,DF_162,DF_163,DF_164,DF_165,DF_166,DF_167,DF_168,DF_169,DF_170,DF_171,DF_172,DF_173,DF_174,DF_175,DF_176,DF_177,DF_178,DF_179,DF_180
0,0.06617274376,0.07706424919,0.08053231031,0.07618168873,0.1735054409,0.0756616753,0.1115982855,0.1427081268,0.1556992906,0.1490016922,0.07532755753,0.08459230217,0.085241523,0.07797402081,0.146081772,0.03868675861,0.04892503203,0.05423527542,0.05073135937,0.04214616375,0.001622705518,0.002009184699,0.002232252967,0.00223451639,0.01901728339,0.002200679398,0.004206005993,0.006841552174,0.008725329165,0.009524561775,0.001425492608,0.001830382982,0.002108930979,0.002183153187,0.02258736388,0.004303981415,0.009593924379,0.01800203074,0.02677885195,0.03367271645,0.0297659048,0.02474717359,0.01846186277,0.01279521787,0.04133033881,0.005595166939,0.008864283609,0.01211340013,0.01331007113,0.01237400563,0.03427356263,0.02738893064,0.01963967513,0.01312315133,0.03427355968,0.002696468165,0.00361341506,0.004226935893,0.003928246748,0.00313102113,0.00077729031,0.0006822937265,0.0005374064817,0.0003916000201,0.00455492788,0.0001552370746,0.0003094314685,0.0005233607623,0.0006538610298,0.000676112125,0.000675061114,0.0006164841376,0.000505177639,0.000381814356,0.005492768021,0.0003221166705,0.0007590847573,0.001499828359,0.002215476108,0.002672040492,6.02973063e-06,1.563367922e-05,3.067889941e-05,4.463895807e-05,0.008597872083,0.0001439084355,0.0005645811539,0.001488944986,0.002263058556,0.002464243844,3.13315837e-08,1.738635453e-07,6.631895791e-07,1.636240498e-06,0.004521824056,2.249310132e-05,0.0001371439208,0.0004899977266,0.0008337041891,0.0009418604137,8.896371969e-08,5.892388086e-07,2.795638307e-06,8.750976856e-06,0.009580999113,0.0001808036779,0.0007740366392,0.002084014431,0.003041920387,0.003224337534,6.452237648e-08,5.182794564e-07,2.982145744e-06,1.115412221e-05,0.01223584991,0.0003117733903,0.001176970366,0.002819544416,0.003730421993,0.003680541205,3.333504166e-08,3.416457205e-07,2.5082002e-06,1.174762222e-05,0.01490286976,0.0004762688819,0.001533822781,0.003170398926,0.003666458056,0.003267696278,4.158197959e-09,6.859629111e-08,7.778557868e-07,5.246626921e-06,0.015575554,0.0003778182073,0.001100639924,0.001980658937,0.001868208391,0.001358701733,3.201400292e-11,1.396148845e-09,3.579332633e-08,4.461854944e-07,0.0121535281,4.882207779e-05,0.0001418995634,0.0002142017254,0.0001245629496,4.998042649e-05,7.710528297e-10,2.528157791e-08,4.873071848e-07,4.668454107e-06,0.02272784112,0.0001273209023,0.0002523729234,0.0002670151454,0.0001118802607,3.231301407e-05,1.108356427e-08,2.732749489e-07,3.96094486e-06,2.916704714e-05,0.03544836966,0.0002226541058,0.0003245459257,0.0002581114342,8.223628476e-05,1.794392379e-05,9.003768893e-10,4.131440139e-08,9.906672151e-07,1.04580376e-05,0.03248411947,4.593988614e-05,4.828047204e-05,2.483621425e-05,3.863779569e-06,3.723235435e-07
1,0.0661634057,0.07705480061,0.08052392721,0.07617506021,0.1735176958,0.07568751001,0.111645132,0.142778413,0.1557881782,0.1490974881,0.07532459124,0.08459168876,0.08524364354,0.07797827309,0.1461064429,0.03870968649,0.04896068024,0.05428164159,0.05078163317,0.04219320036,0.001622573013,0.002009109014,0.002232267073,0.002234621247,0.01902156217,0.002202465365,0.004210202641,0.006849561764,0.00873717032,0.009539119049,0.001425231187,0.001830102894,0.002108672317,0.002182946625,0.0225902265,0.004306392908,0.00960053307,0.01801658037,0.02680393997,0.0337082439,0.02976147395,0.02474395559,0.01845980957,0.01279401718,0.04133325725,0.00559710959,0.008868067322,0.01211946668,0.01331779775,0.01238209512,0.03427225537,0.02738880734,0.01964024743,0.01312394127,0.03427964444,0.002698141526,0.003616171946,0.004230719803,0.003932322999,0.003134680129,0.000777229064,0.000682270699,0.0005374125522,0.0003916207274,0.004555982289,0.0001553660858,0.0003097476332,0.0005239882048,0.00065476972,0.0006771703374,0.0006749331871,0.0006163859442,0.0005051124436,0.0003817757342,0.005493452194,0.0003222962918,0.0007596051584,0.001501034785,0.002217541822,0.002674846296,6.027966175e-06,1.563038772e-05,3.067495884e-05,4.463660734e-05,0.008600460651,0.0001441293924,0.0005656470122,0.001492243423,0.00226894979,0.00247157062,3.131924729e-08,1.738142913e-07,6.630749583e-07,1.636124553e-06,0.004523483081,2.253984746e-05,0.0001374943916,0.0004914671633,0.0008366596148,0.0009456973426,8.895020584e-08,5.892072345e-07,2.795763394e-06,8.752162757e-06,0.009585090958,0.0001811746578,0.0007759528313,0.002089993929,0.003052124958,0.00323666308,6.451954073e-08,5.1830764e-07,2.982601171e-06,1.115683825e-05,0.01224165571,0.0003124481451,0.001180016413,0.002827951514,0.00374337275,0.003695058941,3.333812277e-08,3.417108965e-07,2.508925378e-06,1.175208535e-05,0.01491083359,0.0004773672799,0.001538010284,0.003180302765,0.003679728745,0.003281088365,4.159206943e-09,6.862051698e-08,7.782164741e-07,5.249595104e-06,0.01558545086,0.0003788544181,0.00110418419,0.00198791577,0.001876126417,0.001365219905,3.204033941e-11,1.397516201e-09,3.583399197e-08,4.46756984e-07,0.01216530248,4.903806123e-05,0.000142624276,0.0002154317063,0.0001253900215,5.035697552e-05,7.72003348e-10,2.531670766e-08,4.880607321e-07,4.676349021e-06,0.02275331373,0.000127939154,0.0002537709383,0.000268663882,0.0001126740096,3.257193255e-05,1.110094003e-08,2.737462233e-07,3.968397004e-06,2.922614611e-05,0.03549249772,0.0002238138379,0.000326458325,0.0002597963789,8.285027208e-05,1.809472429e-05,9.024792377e-10,4.141879087e-08,9.933603343e-07,1.048831939e-05,0.03253434616,4.62543027e-05,4.865151905e-05,2.504650098e-05,3.901244403e-06,3.763982715e-07
2,0.06613557965,0.07702663546,0.08049892665,0.07615528076,0.1735541198,0.07576440859,0.1117845953,0.1429876869,0.1560528782,0.1493828012,0.07531572587,0.08458982085,0.08524991249,0.07799089131,0.1461798778,0.0387780059,0.04906693178,0.05441987334,0.05093155524,0.04233350363,0.001622177472,0.002008882224,0.00223230732,0.002234931603,0.01903429851,0.00220778912,0.004222716976,0.006873454434,0.00877250566,0.009582574377,0.001424452147,0.001829267838,0.002107900618,0.002182329768,0.02259873912,0.004313575005,0.00962022061,0.01805993455,0.02687871499,0.03381415854,0.02974827113,0.02473436353,0.01845368681,0.01279043471,0.04134193071,0.005602891926,0.008879331394,0.0121375294,0.01334080685,0.01240618831,0.03426834728,0.02738842631,0.01964194074,0.01312628589,0.03429775677,0.002703128047,0.003624389631,0.004242001788,0.003944480062,0.003145595612,0.0007770462125,0.0006822016396,0.0005374302002,0.0003916820557,0.004559120966,0.0001557506714,0.0003106904852,0.0005258599937,0.0006574815557,0.0006803294976,0.0006745519771,0.0006160932054,0.0005049179572,0.0003816604182,0.00549548661,0.00032283124,0.000761155411,0.001504629524,0.002223698512,0.002683210718,6.022706776e-06,1.562056617e-05,3.066317457e-05,4.462952349e-05,0.008608164841,0.0001447888849,0.0005688305201,0.001502101606,0.002286570744,0.002493501441,3.128248292e-08,1.73667343e-07,6.627322154e-07,1.635775173e-06,0.004528421377,2.26795217e-05,0.0001385425668,0.0004958657674,0.0008455159582,0.0009572072952,8.89098136e-08,5.89112018e-07,2.796129591e-06,8.755673569e-06,0.009597274304,0.0001822831082,0.0007816829965,0.00210788886,0.003082693643,0.003273619534,6.451096403e-08,5.183903932e-07,2.983950315e-06,1.116489994e-05,0.01225894434,0.0003144646907,0.001189127308,0.002853117153,0.003782176861,0.003738598868,3.334722078e-08,3.419041723e-07,2.511079061e-06,1.176535061e-05,0.01493455186,0.0004806508286,0.001550538855,0.003209957053,0.003719503096,0.003321264607,4.162199567e-09,6.869247007e-08,7.792886393e-07,5.258423102e-06,0.0156149308,0.0003819546369,0.001114798258,0.002009667043,0.00189988656,0.001384801092,3.211871321e-11,1.401587544e-09,3.595513457e-08,4.484601524e-07,0.0122003998,4.968641639e-05,0.0001448027188,0.0002191336072,0.0001278837045,5.149430882e-05,7.748357361e-10,2.542143334e-08,4.903080487e-07,4.69990258e-06,0.02282926783,0.0001297966584,0.0002579768898,0.000273630375,0.0001150693776,3.335471437e-05,1.115276292e-08,2.75152332e-07,3.990639741e-06,2.940260057e-05,0.03562411314,0.0002273006292,0.0003322158365,0.0002648754937,8.470452005e-05,1.855098856e-05,9.08759933e-10,4.173078531e-08,1.001412816e-06,1.057889751e-05,0.03268424292,4.720267745e-05,4.977257152e-05,2.568282737e-05,4.014888461e-06,3.887888376e-07
3,0.066089521,0.07697998336,0.08045747874,0.07612245107,0.1736141021,0.07589141451,0.1120150044,0.14333353,0.1564904527,0.1498545852,0.07530096548,0.08458659764,0.0852601252,0.0780116037,0.1463011648,0.03889108321,0.04924288594,0.0546489012,0.05118008541,0.04256620316,0.001621520472,0.002008502702,0.00223236807,0.002235438409,0.01905533489,0.002216607229,0.004243460573,0.00691308562,0.008831160069,0.009654756159,0.001423162513,0.001827884191,0.002106620253,0.002181304355,0.02261277183,0.00432545057,0.009652790363,0.01813169055,0.0270025387,0.03398962961,0.02972641886,0.02471847692,0.01844353734,0.01278448977,0.04135621172,0.00561244178,0.008897940482,0.01216737905,0.01337884262,0.01244602764,0.03426183708,0.02738775092,0.01964470407,0.01313013629,0.03432767338,0.002711382418,0.003638000307,0.004260697507,0.003964637221,0.003163703501,0.0007767424104,0.0006820858841,0.0005374579643,0.0003917823335,0.004564305363,0.0001563877488,0.0003122535219,0.000528965166,0.0006619836952,0.000685577904,0.0006739209628,0.000615608205,0.0005045953351,0.0003814687923,0.005498839869,0.0003237157287,0.0007637199061,0.001510578883,0.002233893086,0.00269706739,6.013996071e-06,1.560426544e-05,3.064353133e-05,4.461753896e-05,0.00862088635,0.0001458840349,0.0005741243815,0.001518515947,0.002315955312,0.002530126414,3.122161756e-08,1.734235247e-07,6.621609972e-07,1.635184131e-06,0.004536577831,2.291196046e-05,0.0001402901674,0.0005032122783,0.0008603395638,0.0009765125857,8.884255207e-08,5.889507052e-07,2.796714262e-06,8.76140926e-06,0.009617408591,0.0001841276972,0.0007912344387,0.002137763364,0.00313382346,0.003335547297,6.449635242e-08,5.185233335e-07,2.986157328e-06,1.11781398e-05,0.01228752235,0.0003178219293,0.001204320681,0.002895148206,0.003847111234,0.003811593424,3.336200687e-08,3.422210038e-07,2.514620111e-06,1.178719521e-05,0.01497376913,0.0004861204697,0.001571443197,0.003259512564,0.00378609969,0.003388660656,4.167107048e-09,6.881079181e-08,7.810546673e-07,5.272980325e-06,0.01566369009,0.0003871273998,0.001132541299,0.002046091134,0.001939764635,0.00141773768,3.224809267e-11,1.40831601e-09,3.615553542e-08,4.512799502e-07,0.01225853134,5.077538759e-05,0.0001484714491,0.0002253835727,0.000132108686,5.342803617e-05,7.795238681e-10,2.559492137e-08,4.940339329e-07,4.738980402e-06,0.02295515208,0.0001329218113,0.0002650722102,0.0002820296327,0.0001191350427,3.468812682e-05,1.123869092e-08,2.774855973e-07,4.027576167e-06,2.96958173e-05,0.0358423627,0.000233175116,0.0003419420822,0.0002734771461,8.78563344e-05,1.93293956e-05,9.192085667e-10,4.225026673e-08,1.014831754e-06,1.072995579e-05,0.03293310927,4.881078035e-05,5.167975704e-05,2.676869811e-05,4.209755114e-06,4.101391248e-07
4,0.06602545126,0.07691502188,0.0803996865,0.07607659779,0.1736969048,0.07606750801,0.1123346126,0.1438134647,0.1570979632,0.1505098666,0.07528025541,0.08458184299,0.0852739934,0.07804005703,0.1464693339,0.03904836405,0.04948781818,0.05496794927,0.05152657739,0.0428908624,0.001620601841,0.002007966249,0.00223244047,0.002236129147,0.01908450407,0.002228886136,0.004272376827,0.006968386877,0.008913095673,0.009755689634,0.00142136829,0.001825956523,0.002104832983,0.002179868957,0.02263217288,0.004341944102,0.009698059307,0.01823149441,0.02717489201,0.03423404108,0.02969602441,0.02469635833,0.01842938835,0.01277618894,0.04137592125,0.005625682073,0.008923752865,0.01220880096,0.01343164886,0.01250136151,0.03425269568,0.02738671923,0.01964846648,0.01313542947,0.03436915765,0.002722865699,0.003656950958,0.004286748433,0.003992748002,0.003188975792,0.0007763174575,0.0006819218805,0.0005374935988,0.0003919192754,0.004571494703,0.0001572749833,0.0003144327396,0.0005332989547,0.0006682742135,0.0006929186647,0.0006730431492,0.0006149326238,0.0005041451085,0.0003812006849,0.005503475143,0.000324944067,0.000767284028,0.001518853017,0.002248081916,0.002716366409,6.001868571e-06,1.558150043e-05,3.061592352e-05,4.46003337e-05,0.008638519021,0.0001474147667,0.0005815390838,0.001541550317,0.002357284554,0.002581750801,3.113692834e-08,1.730831645e-07,6.61358386e-07,1.634335714e-06,0.004547887449,2.32378822e-05,0.0001427474727,0.0005135690354,0.0008813039692,0.001003899737,8.874815889e-08,5.88718669e-07,2.797483245e-06,8.769231811e-06,0.009645350054,0.0001867140751,0.0008046598762,0.002179850914,0.003206059714,0.003423277898,6.447517101e-08,5.186999285e-07,2.989173365e-06,1.119634164e-05,0.01232719543,0.0003225323314,0.001225690354,0.002954400867,0.003938913177,0.003915075377,3.338201065e-08,3.42655352e-07,2.519496608e-06,1.181734883e-05,0.01502823503,0.00049380103,0.001600869746,0.003329430598,0.0038803328,0.003484291562,4.173838376e-09,6.897377179e-08,7.834933273e-07,5.29311536e-06,0.01573143961,0.0003944088461,0.001157587111,0.002097640279,0.001996391706,0.001464660722,3.2427338e-11,1.417653311e-09,3.643404349e-08,4.552035915e-07,0.01233947125,5.232341668e-05,0.0001537075818,0.0002343368356,0.0001381928666,5.622724912e-05,7.860446916e-10,2.583653542e-08,4.992291207e-07,4.793526239e-06,0.02313059739,0.0001373756055,0.0002752244816,0.0002940922389,0.0001250053546,3.66237358e-05,1.135852436e-08,2.807432262e-07,4.07920242e-06,3.01060544e-05,0.03614677364,0.0002415643788,0.0003558875023,0.0002858559145,9.241702974e-05,2.046192596e-05,9.33851893e-10,4.297922461e-08,1.033685322e-06,1.09424341e-05,0.03328085058,5.112930373e-05,5.444300072e-05,2.834915094e-05,4.495414797e-06,4.416649516e-07
5,0.06594356072,0.07683188027,0.08032559052,0.07601767857,0.1738016697,0.07629160627,0.1127415944,0.1444249449,0.1578724541,0.151345722,0.07525348602,0.08457530989,0.08529115002,0.07807582114,0.1466833591,0.03924936742,0.0498011686,0.05537651755,0.05197075715,0.04330745672,0.001619419775,0.002007266255,0.002232512639,0.00223698802,0.01912162929,0.002244601513,0.004309439129,0.007039361965,0.009018405563,0.00988558887,0.001419074543,0.001823487738,0.002102538142,0.002178019184,0.02265676978,0.004362981269,0.009755856173,0.01835903573,0.02739536417,0.03454697408,0.02965718105,0.02466805463,0.01841125242,0.01276552691,0.04140085038,0.005642530825,0.008956620207,0.01226157421,0.01349896751,0.01257194223,0.03424086795,0.02738524546,0.01965313823,0.01314208904,0.0344219601,0.002737544871,0.003681202425,0.004320120356,0.004028798361,0.003221418802,0.0007757703555,0.0006817072443,0.0005375341196,0.0003920900163,0.004580646025,0.000158410741,0.0003172264937,0.0005388624773,0.0006763616187,0.0007023691166,0.0006719211067,0.000614067585,0.000503567229,0.0003808554059,0.005509350432,0.0003265106259,0.0007718340084,0.001529425504,0.002266229953,0.002741072955,5.986350515e-06,1.555225299e-05,3.058016155e-05,4.457744502e-05,0.008660948973,0.0001493836763,0.0005911022476,0.001571334192,0.002410884177,0.002648893427,3.10286483e-08,1.726461372e-07,6.603190901e-07,1.633207214e-06,0.004562281342,2.365885987e-05,0.0001459331633,0.0005270416849,0.000908690677,0.001039822842,8.862611999e-08,5.884092478e-07,2.798391502e-06,8.778967066e-06,0.009680951359,0.000190054663,0.0008220565698,0.002234552777,0.003300297128,0.003538141339,6.444665914e-08,5.189116147e-07,2.992937202e-06,1.121924242e-05,0.01237776772,0.0003286215656,0.001253405104,0.0030314791,0.004058783245,0.004050688635,3.340662758e-08,3.431997484e-07,2.525646218e-06,1.185549477e-05,0.01509770279,0.0005037406586,0.001639075267,0.003420482174,0.004003517298,0.00360976441,4.182281192e-09,6.917935765e-08,7.865798192e-07,5.318655807e-06,0.01581790243,0.0004038623516,0.001190224006,0.002165043371,0.002070762829,0.00152655295,3.265519157e-11,1.42954902e-09,3.678954916e-08,4.602201341e-07,0.01244305129,5.435944142e-05,0.0001606306576,0.0002462325816,0.0001463326153,5.999801879e-05,7.943775542e-10,2.614580866e-08,5.058896454e-07,4.863554979e-06,0.02335540385,0.0001432529327,0.0002886923131,0.0003101726715,0.0001328865095,3.924077831e-05,1.151219107e-08,2.849268906e-07,4.145600859e-06,3.063436703e-05,0.03653722894,0.0002526651704,0.0003744376217,0.0003024027469,9.855748638e-05,2.199777557e-05,9.527518128e-10,4.392166087e-08,1.058100515e-06,1.12180056e-05,0.03372794611,5.423605794e-05,5.816967928e-05,3.049348227e-05,4.886668377e-06,4.8525948e-07
6,0.06584401114,0.07673064342,0.08023517382,0.07594558709,0.1739274241,0.0765625625,0.1132340405,0.1451653446,0.1588109305,0.152359249,0.0752204964,0.08456668498,0.08531115379,0.07811839307,0.1469421598,0.03949367965,0.05018253024,0.05587436456,0.05251270209,0.04381635281,0.001617970957,0.002006393861,0.002232569856,0.002237996141,0.01916652445,0.002263737611,0.004354649062,0.007126083142,0.009147308178,0.01004485002,0.001416285491,0.00182047921,0.002099732831,0.002175747915,0.02268637014,0.004388488332,0.00982601925,0.0185140417,0.02766364072,0.03492818792,0.02960996925,0.02463359834,0.01838912872,0.01275248743,0.04143076186,0.005662901086,0.00899638712,0.01232547057,0.01358053674,0.01265752354,0.03422627449,0.02738322154,0.01965861188,0.01315002597,0.03448581864,0.002755392361,0.003710728463,0.004360801925,0.004072804969,0.003261071552,0.0007750993659,0.000681438814,0.0005375758493,0.0003922911434,0.004591714211,0.0001597940401,0.0003206353612,0.0005456624457,0.0006862644249,0.0007139603458,0.000670557013,0.000613013703,0.0005028611148,0.0003804317866,0.005516418793,0.0003284097959,0.0007773567543,0.00154227285,0.002288309729,0.002771165777,5.967460812e-06,1.551647485e-05,3.053597848e-05,4.454827736e-05,0.008688054623,0.0001517959099,0.0006028581105,0.001608061519,0.002477224134,0.002732288913,3.089697286e-08,1.721119118e-07,6.590356444e-07,1.631769426e-06,0.00457968663,2.417730164e-05,0.0001498742826,0.0005437796729,0.0009428924335,0.001084911648,8.847569014e-08,5.88013887e-07,2.799383748e-06,8.790406451e-06,0.009724061072,0.0001941685083,0.0008435660666,0.002302439396,0.003417788597,0.003681986472,6.440984585e-08,5.191479136e-07,2.997375799e-06,1.12465339e-05,0.01243904072,0.0003361282728,0.001287708535,0.00312723766,0.004208398689,0.004220715708,3.343512604e-08,3.438453537e-07,2.532996478e-06,1.190127048e-05,0.01518192748,0.0005160105504,0.001686427222,0.003533753335,0.0041574857,0.003767307961,4.192302531e-09,6.942516153e-08,7.902857676e-07,5.34940768e-06,0.01592281094,0.0004155785918,0.001230857011,0.002249315516,0.002164256631,0.001604774133,3.293026313e-11,1.443949592e-09,3.722095064e-08,4.663199634e-07,0.01256915506,5.692352499e-05,0.0001694061279,0.000261402537,0.0001568016805,6.488920981e-05,8.045033693e-10,2.65224107e-08,5.140160996e-07,4.949144783e-06,0.02362952682,0.0001506850943,0.0003058340739,0.0003307636534,0.0001430668971,4.265090797e-05,1.169972931e-08,2.900422576e-07,4.226932743e-06,3.128255095e-05,0.03701394192,0.0002667498694,0.0003981275125,0.0003236622457,0.0001065173962,2.400650682e-05,9.760033685e-10,4.508350199e-08,1.088261266e-06,1.155906046e-05,0.0342754183,5.82396721e-05,6.301068127e-05,3.329973294e-05,5.404700308e-06,5.436664012e-07
7,0.06572693863,0.07661135593,0.08012836678,0.07586015839,0.1740730876,0.07687916403,0.1138099506,0.1460319414,0.1599103325,0.1535475316,0.07518107807,0.08455559295,0.08533349382,0.07816720128,0.147244602,0.03978094796,0.05063163704,0.05646148987,0.05315282084,0.04441828922,0.001616250675,0.00200533812,0.002232594741,0.00223913171,0.01921899411,0.002286286581,0.004408034626,0.007228687633,0.009300142223,0.01023404563,0.001413004597,0.001816930934,0.002096412115,0.002173045515,0.02272076259,0.004418391468,0.009908393889,0.01869627053,0.0279794903,0.03537759947,0.02955445803,0.02459300891,0.01836300414,0.01273704414,0.04146539164,0.00568670078,0.009042890557,0.01240025306,0.01367608851,0.0127578576,0.03420881338,0.02738051853,0.01966476337,0.01315913931,0.03456045882,0.002776385563,0.003745514781,0.004408803189,0.004124813554,0.003308004269,0.000774302069,0.0006811127064,0.0005376144614,0.000392518728,0.004604651982,0.0001614245017,0.0003246620075,0.0005537108927,0.0006980107725,0.0007277367956,0.0006689526979,0.0006117711334,0.0005020256992,0.0003799282191,0.005524628558,0.0003306359361,0.0007838396518,0.00155737394,0.002314300266,0.002806635559,5.945212059e-06,1.547409091e-05,3.048303684e-05,4.451211235e-05,0.008719706618,0.0001546590533,0.0006168671225,0.001651990205,0.002556920102,0.00283289347,3.074206698e-08,1.714796018e-07,6.574986215e-07,1.629987164e-06,0.004600026276,2.479643863e-05,0.0001546063049,0.0005639774688,0.0009844189227,0.001139984328,8.829591443e-08,5.875222821e-07,2.800395079e-06,8.803308602e-06,0.009774522965,0.0001990811992,0.0008693744972,0.002384254465,0.003560161216,0.00385721418,6.436356546e-08,5.193965452e-07,3.002404825e-06,1.127786394e-05,0.01251081216,0.000345103968,0.001328919957,0.003242789352,0.004389937115,0.004428121673,3.346665413e-08,3.445820099e-07,2.541465009e-06,1.195426763e-05,0.015280664,0.0005307049248,0.001743405773,0.003670656188,0.004344617,0.00395981925,4.203749467e-09,6.97084638e-08,7.945791726e-07,5.385154435e-06,0.01604590343,0.0004296759992,0.001280012265,0.002351774108,0.00227866573,0.001701099161,3.325101072e-11,1.460797164e-09,3.772711366e-08,4.734941877e-07,0.0127177118,6.006782045e-05,0.0001802505331,0.0002802835698,0.0001699641904,7.110097648e-05,8.164036289e-10,2.696610921e-08,5.236127932e-07,5.050428297e-06,0.02395306235,0.0001598435651,0.000327120744,0.0003565171239,0.0001559322,4.700514778e-05,1.192126834e-08,2.96098468e-07,4.323430225e-06,3.205308242e-05,0.03757742994,0.0002841753011,0.0004276629774,0.0003503578927,0.0001166187711,2.658267792e-05,1.00373267e-09,4.647251341e-08,1.124406801e-06,1.196869425e-05,0.03492480272,6.328499335e-05,6.91692699e-05,3.690128175e-05,6.078792603e-06,6.207408799e-07
8,0.0655924566,0.07647402627,0.08000505217,0.07576117406,0.1742374769,0.07724012949,0.1144672242,0.1470218978,0.1611675042,0.1549076017,0.07513497873,0.08454160096,0.08535759406,0.07822160951,0.1475894991,0.04011087385,0.05114835163,0.05713811663,0.05389183329,0.04511435777,0.001614252951,0.002004086162,0.002232567443,0.002240370191,0.01927883347,0.002312247788,0.004469648462,0.00734737421,0.009477361992,0.01045391984,0.001409234666,0.001812841679,0.002092569229,0.002169900071,0.02275971749,0.004452615998,0.01000282974,0.01890550414,0.02834275038,0.03589526111,0.0294907063,0.02454629415,0.01833285452,0.01271916157,0.04150445022,0.005713832493,0.009095959062,0.0124856743,0.0137853459,0.01287269161,0.03418836191,0.02737698814,0.01967145304,0.01316931684,0.03464559394,0.002800506326,0.003785558077,0.004464154159,0.004184897301,0.003362316979,0.0007733754241,0.0006807243726,0.0005376450245,0.0003927683556,0.004619409876,0.0001633023002,0.0003293110527,0.0005630249095,0.0007116380861,0.0007437559455,0.0006671096893,0.0006103396254,0.0005010594793,0.0003793426977,0.005533923522,0.0003331833178,0.0007912703474,0.001574709428,0.002344185883,0.002847483144,5.919611615e-06,1.542500254e-05,3.042093567e-05,4.446811905e-05,0.008755767677,0.0001579830253,0.0006332056292,0.001703442134,0.002650736673,0.002951894002,3.056407287e-08,1.707480188e-07,6.556968512e-07,1.627819787e-06,0.004623218871,2.552031852e-05,0.0001601732975,0.0005878764751,0.001033904831,0.001206065036,8.808565055e-08,5.869225251e-07,2.801351586e-06,8.817400917e-06,0.009832175199,0.0002048248284,0.0008997133691,0.002480921529,0.003729439405,0.004066823443,6.430647345e-08,5.196435412e-07,3.00792916e-06,1.131283762e-05,0.01259287452,0.0003556130518,0.001377436186,0.00337951632,0.004606110165,0.00467661487,3.350024635e-08,3.453982894e-07,2.55095968e-06,1.201403195e-05,0.01539366466,0.0005479412278,0.001810607292,0.003832945443,0.004567877215,0.00419092758,4.216449676e-09,7.002621474e-08,7.994243261e-07,5.425655698e-06,0.01618692038,0.0004463015803,0.001338343493,0.0024740614,0.00241623836,0.001817769696,3.361571767e-11,1.480028144e-09,3.8306825e-08,4.817339433e-07,0.01288868971,6.385788488e-05,0.0001934385172,0.0003034347865,0.0001862924283,7.889650554e-05,8.300592697e-10,2.747672617e-08,5.346868027e-07,5.167582792e-06,0.02432623167,0.0001709450952,0.0003531533348,0.0003882727843,0.0001719861466,5.250356333e-05,1.217700659e-08,3.031075514e-07,4.435387504e-06,3.29490526e-05,0.03822848702,0.0003053946883,0.0004639493211,0.0003834264972,0.0001292845964,2.985232004e-05,1.036094652e-09,4.809821055e-08,1.166830055e-06,1.2450699e-05,0.03567811796,6.956048619e-05,7.691335841e-05,4.147607944e-05,6.948770625e-06,7.218293996e-07
9,0.06544065877,0.07631863103,0.07986507029,0.0756483677,0.1744193121,0.07764410541,0.1152036503,0.1481322403,0.1625791601,0.1564363957,0.07508190599,0.08452422296,0.08538281766,0.0782809207,0.147975612,0.04048320613,0.05173265271,0.05790467383,0.05473075082,0.04590598543,0.001611970665,0.002002623357,0.002232465817,0.002241684486,0.01934582823,0.002341627101,0.004539566051,0.007482399832,0.009679532981,0.01070538421,0.001404977948,0.001808209147,0.002088195778,0.002166297621,0.02280298765,0.004491085537,0.01010917771,0.01914154034,0.02875331178,0.03648133688,0.02941876427,0.02449345164,0.01829864587,0.01269879604,0.04154762408,0.005744193197,0.009155411886,0.01258147458,0.01390802004,0.01300176399,0.03416477838,0.02737246414,0.01967852671,0.01318043571,0.03474092508,0.002827740438,0.003830865038,0.004526903351,0.00425315527,0.00342413815,0.0007723158296,0.0006802686536,0.0005376620456,0.0003930351566,0.004635936217,0.0001654281117,0.0003345889381,0.00057362639,0.0007271927584,0.0007620880461,0.0006650292614,0.0006087185751,0.0004999605668,0.0003786728604,0.005544243132,0.0003360460603,0.0007996365078,0.001594261083,0.002377954909,0.002893717626,5.890662728e-06,1.536909106e-05,3.034921784e-05,4.441536436e-05,0.008796092381,0.0001617799741,0.0006519656194,0.001762803619,0.002759592049,0.003090720341,3.03631181e-08,1.69915728e-07,6.536176493e-07,1.625221748e-06,0.004649178357,2.635380367e-05,0.0001666281676,0.0006157675814,0.001092120276,0.001284406439,8.78435918e-08,5.862012548e-07,2.80217099e-06,8.832381097e-06,0.009896849383,0.0002114379976,0.0009348608001,0.002593552943,0.003928075021,0.004314470645,6.423706283e-08,5.198733586e-07,3.013843379e-06,1.135101837e-05,0.01268501346,0.0003677329133,0.00143373417,0.003539085129,0.004860207184,0.004970724958,3.353483035e-08,3.462815413e-07,2.561378741e-06,1.208006262e-05,0.01552067667,0.0005678605265,0.001888749245,0.004022740233,0.004830871746,0.004465076742,4.23021197e-09,7.037503488e-08,8.047817044e-07,5.470645758e-06,0.01634560031,0.0004656320596,0.00140664052,0.002618173597,0.002579731789,0.00195756069,3.402246658e-11,1.501571616e-09,3.895873994e-08,4.910296144e-07,0.01308208877,6.837436704e-05,0.0002093118902,0.000331559813,0.0002063903438,8.861780396e-05,8.454493973e-10,2.80540888e-08,5.472469039e-07,5.300819108e-06,0.02474936475,0.0001842582843,0.0003846855243,0.0004270955574,0.0001918781875,5.940838608e-05,1.246718704e-08,3.110837716e-07,4.563150934e-06,3.397409435e-05,0.03896815482,0.0003309731087,0.0005081289346,0.0004240636767,0.0001450638804,3.398179039e-05,1.073270559e-09,4.997176006e-08,1.215875973e-06,1.300955456e-05,0.03653783467,7.730805665e-05,8.65920622e-05,4.725928573e-05,8.068430442e-06,8.543150153e-07
10,0.06527162228,0.07614511929,0.07970822416,0.07552143029,0.1746172213,0.07808966213,0.1160168955,0.1493598356,0.1641418478,0.1581307069,0.0750215311,0.0845029241,0.08540847135,0.07834438075,0.1484016497,0.04089773379,0.05238462212,0.05876177818,0.05567085636,0.04679491638,0.001609395677,0.002000933476,0.002232265605,0.002243045106,0.01941975444,0.002374436161,0.004617883881,0.00763407626,0.009907327645,0.01098951398,0.001400236241,0.00180303013,0.002083281955,0.002162222395,0.02285030904,0.004533721074,0.01022728675,0.01940418433,0.02921110205,0.03713607692,0.0293386749,0.02443447015,0.01826033558,0.01267589663,0.04159457698,0.005777673934,0.00922105801,0.01268737977,0.01404380672,0.01314480031,0.03413790386,0.02736676386,0.01968581666,0.01319236315,0.03484614106,0.002858077081,0.003881451331,0.004597116316,0.004329710819,0.003493623379,0.0007711191844,0.0006797398365,0.0005376595139,0.0003933138354,0.004654177056,0.0001678030608,0.00034050379,0.0005855417763,0.0007447298509,0.0007828158957,0.000662712484,0.00060690708,0.0004987267393,0.0003779160312,0.005555522648,0.0003392180627,0.0008089255621,0.001616011076,0.002415598298,0.002945354295,5.858365699e-06,1.530622134e-05,3.026737749e-05,4.435282376e-05,0.008840526899,0.0001660641725,0.0006732545106,0.001830526192,0.002884564071,0.003251060387,3.013932401e-08,1.68981107e-07,6.512470551e-07,1.622143158e-06,0.004677813719,2.730257265e-05,0.0001740329809,0.0006479943256,0.001159983621,0.001376517527,8.756829082e-08,5.853438112e-07,2.80276328e-06,8.847918705e-06,0.009968369548,0.0002189658517,0.0009751431346,0.002723461039,0.004158984432,0.004604542671,6.41536808e-08,5.200689971e-07,3.020032253e-06,1.13919289e-05,0.0127870061,0.0003815541063,0.001498374345,0.003723465482,0.00515614897,0.005315899231,3.356923366e-08,3.472179381e-07,2.572610932e-06,1.215181175e-05,0.01566143928,0.0005906280646,0.001978676358,0.004242551071,0.005137909833,0.004787626686,4.24482683e-09,7.075121473e-08,8.10607844e-07,5.519831892e-06,0.01652167537,0.0004878753188,0.001485839734,0.002786496618,0.002772478395,0.002123863437,3.44691107e-11,1.52534759e-09,3.968132443e-08,5.013699673e-07,0.01329793303,7.371510128e-05,0.0002282910149,0.0003655351665,0.0002310240885,0.0001007066168,8.625498732e-10,2.869797481e-08,5.613023778e-07,5.450369235e-06,0.02522288265,0.0002001118021,0.0004226523557,0.0004743237394,0.0002164398082,6.806158906e-05,1.279206973e-08,3.200428904e-07,4.707107831e-06,3.513229919e-05,0.0397976918,0.0003616069614,0.0005616293137,0.00047378278,0.0001646647943,3.918973341e-05,1.115465029e-09,5.210586385e-08,1.271939464e-06,1.365041773e-05,0.03750684296,8.683587125e-05,9.865770662e-05,5.45603675e-05,9.510303888e-06,1.028396246e-06
11,0.06508541079,0.07595341693,0.07953428478,0.0753800157,0.1748297463,0.07857528933,0.1169044914,0.1507013655,0.1658519081,0.1599871358,0.07495349272,0.08447712504,0.08543380972,0.07841118227,0.1488662692,0.04135427855,0.05310443145,0.05971021555,0.05671368401,0.04778319391,0.001606518958,0.001998998862,0.002231940621,0.002244420342,0.01950037826,0.002410691614,0.004704717558,0.007802766614,0.01016152117,0.01130754468,0.001395010993,0.001797300677,0.002077816751,0.002157657055,0.0229014014,0.004580439986,0.01035700032,0.01969323964,0.02971606772,0.03785978997,0.0292504753,0.0243693311,0.01821787373,0.01265040613,0.04164495123,0.005814159468,0.009292695074,0.01280309909,0.01419238288,0.01330150883,0.03410756391,0.02735968958,0.01969314267,0.01320495702,0.0349609184,0.002891508276,0.003937340551,0.004674874123,0.004414710006,0.003570954071,0.00076978095,0.0006791317109,0.0005376309444,0.0003935987004,0.00467407611,0.0001704286659,0.0003470652799,0.0005988018,0.0007643127984,0.0008060346392,0.0006601602719,0.0006049039949,0.0004973554919,0.0003770692629,0.005567693315,0.0003426929295,0.0008191244256,0.001639941221,0.002457108136,0.003002412425,5.822719074e-06,1.523624544e-05,3.017486778e-05,4.427939239e-05,0.008888908675,0.0001708519083,0.0006971949447,0.001907127618,0.00302689736,0.003434877972,2.989281435e-08,1.679424047e-07,6.485700776e-07,1.61853038e-06,0.004709028642,2.837312358e-05,0.0001824593409,0.000684956623,0.001238576696,0.001484197045,8.725818408e-08,5.843343946e-07,2.803031381e-06,8.863656775e-06,0.01004655103,0.0002274601349,0.001020936883,0.002872171342,0.004425592559,0.004942244511,6.405454613e-08,5.202121191e-07,3.026371253e-06,1.143505225e-05,0.01289861915,0.0003971805784,0.001572004643,0.00393495236,0.005498551734,0.005718618373,3.360219083e-08,3.481925234e-07,2.584535604e-06,1.222868356e-05,0.01581568081,0.0006164339452,0.002081367908,0.004495311775,0.005494081486,0.005164976113,4.26006697e-09,7.115071462e-08,8.168552125e-07,5.572892592e-06,0.01671486658,0.0005132720973,0.001577036462,0.002981848718,0.002998465452,0.0023207873,3.495324362e-11,1.551265117e-09,4.047279215e-08,5.127412016e-07,0.01353626238,7.999764801e-05,0.0002508888668,0.000406445866,0.0002611612429,0.000115731919,8.813317713e-10,2.940805221e-08,5.768616829e-07,5.616472379e-06,0.02574727866,0.0002189044727,0.0004682060733,0.0005316301254,0.0002467317264,7.890826581e-05,1.315190117e-08,3.300013387e-07,4.867673765e-06,3.642812184e-05,0.04071854012,0.0003981480667,0.0006262235718,0.000534490372,0.0001889981553,4.57631468e-05,1.162902639e-09,5.451461814e-08,1.335462795e-06,1.437910607e-05,0.03858841719,9.853491429e-05,0.0001136948652,6.378610189e-05,1.137226364e-05,1.258199002e-06
12,0.0648820776,0.07574343103,0.07934299636,0.0752237462,0.1750553477,0.07909939122,0.1178638212,0.1521533005,0.1677054331,0.1620020364,0.07487740063,0.08444620626,0.08545803953,0.07848046833,0.1493680751,0.04185268713,0.05389232821,0.06075092169,0.05786099802,0.0488731418,0.001603330719,0.001996800591,0.002231462934,0.00224577644,0.01958745575,0.002450414324,0.004800199822,0.007988881773,0.01044298709,0.01166086855,0.001389303411,0.001791016252,0.002071788172,0.002152582936,0.02295596884,0.004631155,0.01049815275,0.02000849856,0.03026815526,0.03865281383,0.0291541982,0.02429801006,0.01817120427,0.012622262,0.041698369,0.005853527906,0.009370108254,0.01292832271,0.01435340274,0.01347157591,0.03407357042,0.02735103003,0.01970031301,0.01321806652,0.0350849212,0.002928028301,0.003998563136,0.004760271802,0.004508319935,0.003656336093,0.0007682962122,0.0006784376261,0.000537569422,0.0003938836937,0.004695574695,0.0001733067822,0.0003542844787,0.0006134412135,0.000786013108,0.0008318515758,0.0006573734355,0.0006027079874,0.0004958440902,0.0003761293812,0.005580682515,0.0003464638937,0.0008302192075,0.001666032172,0.002502476059,0.003064912898,5.783720845e-06,1.515900638e-05,3.007110875e-05,4.419389641e-05,0.008941066093,0.0001761613654,0.0007239245667,0.001993193031,0.003188011352,0.003644433203,2.962372396e-08,1.667978031e-07,6.455709486e-07,1.614326639e-06,0.004742721152,2.957277792e-05,0.0001919888139,0.0007271150147,0.001329162477,0.001609572976,8.691161693e-08,5.831562313e-07,2.80287185e-06,8.879213529e-06,0.01013119929,0.0002369792547,0.001072670918,0.003041437665,0.004731883872,0.005333702193,6.393776708e-08,5.202831769e-07,3.0327271e-06,1.147983298e-05,0.01301960696,0.0004147299336,0.001655365034,0.00417619139,0.005892801452,0.006186532968,3.363235081e-08,3.491892639e-07,2.59702285e-06,1.231003379e-05,0.01598311551,0.0006454939038,0.00219794604,0.004784416187,0.005905347301,0.00560470776,4.275687974e-09,7.15691655e-08,8.234720835e-07,5.629475771e-06,0.0169248788,0.0005420979138,0.001681499185,0.003207530147,0.003262429852,0.002553282597,3.547216787e-11,1.579220304e-09,4.133103725e-08,5.251259232e-07,0.01379712381,8.736232786e-05,0.0002777281822,0.000455629702,0.000298020864,0.0001344258754,9.01759712e-10,3.018381336e-08,5.939309847e-07,5.799359341e-06,0.02632309802,0.000241117482,0.0005227604067,0.0006010989649,0.0002841048855,9.252761332e-05,1.354688036e-08,3.409752863e-07,5.045278074e-06,3.786626984e-05,0.0417322898,0.0004416331564,0.0007041060066,0.0006085822423,0.0002192342039,5.407889813e-05,1.21582378e-09,5.721333839e-08,1.406932126e-06,1.520207301e-05,0.03978617727,0.0001129002385,0.0001324585066,7.547143673e-05,1.378667273e-05,1.563365915e-06
13,0.0646616688,0.07551505429,0.07913408166,0.07505221796,0.1752924094,0.07966028152,0.1188921053,0.1537118719,0.1696982221,0.1641714606,0.07479283949,0.08440951245,0.08548032402,0.07855133612,0.1499056195,0.04239282327,0.05474862145,0.06188496217,0.05911477081,0.05006734486,0.001599820536,0.001994318645,0.00223080305,0.002247077772,0.01968073255,0.002493628537,0.004904478471,0.00819287657,0.01075269266,0.01205103093,0.001383114565,0.001784171907,0.002065183453,0.002146980294,0.02301370049,0.004685773108,0.01065056536,0.02034973198,0.03086729088,0.0395154837,0.02904987341,0.02422047812,0.01812026637,0.01259139738,0.04175443358,0.00589565031,0.009453069088,0.01306271928,0.01452649394,0.01365466105,0.03403572332,0.0273405618,0.01970712547,0.01323153276,0.03521780101,0.002967633094,0.004065155243,0.004853416718,0.004610727037,0.003749998368,0.0007666597436,0.0006776505481,0.0005374676457,0.0003941624213,0.004718611644,0.0001764395414,0.0003621737027,0.000629498506,0.0008099100382,0.0008603859544,0.000654352731,0.000600317594,0.0004941896229,0.0003750930275,0.005594413929,0.0003505237353,0.000842194905,0.001694262568,0.002551691559,0.003132875652,5.741369664e-06,1.507434192e-05,2.99554954e-05,4.409510481e-05,0.008996818123,0.0001820124927,0.0007535957513,0.002089376048,0.00336950896,0.00388230499,2.93322075e-08,1.655454786e-07,6.422333842e-07,1.609472666e-06,0.004778783228,3.090968293e-05,0.0002027133865,0.0007749953816,0.001433205213,0.001755148498,8.652686929e-08,5.817917443e-07,2.802175609e-06,8.894184215e-06,0.01022210871,0.0002475883449,0.001130828848,0.003233258862,0.005082460309,0.005786081878,6.380135996e-08,5.202615457e-07,3.03895835e-06,1.152567843e-05,0.01314970948,0.0004343337019,0.00174929248,0.00445020716,0.006345138691,0.006728622183,3.365828487e-08,3.501911061e-07,2.609933683e-06,1.239516919e-05,0.01616344028,0.0006780501305,0.002329684918,0.005113759441,0.006378641563,0.006115758251,4.291429038e-09,7.200187123e-08,8.304024262e-07,5.689197021e-06,0.01715139554,0.0005746651651,0.001800685495,0.00346738004,0.003569969084,0.002827287529,3.602286345e-11,1.609094265e-09,4.225356332e-08,5.385020429e-07,0.01408056194,9.597580207e-05,0.0003095621863,0.0005147318807,0.0003431370285,0.0001577307354,9.237900871e-10,3.102450361e-08,6.125125378e-07,5.999235083e-06,0.02695091604,0.0002673290078,0.0005880448792,0.0006853222775,0.0003302789719,0.0001096739015,1.397712129e-08,3.529795993e-07,5.240347355e-06,3.945157556e-05,0.0428406398,0.0004933196472,0.0007979858426,0.0006990648979,0.0002568765031,6.463249562e-05,1.274479699e-09,6.021834089e-08,1.486872915e-06,1.612637047e-05,0.04110404539,0.0001305581206,0.0001559239691,9.032083157e-05,1.693306293e-05,1.971332517e-06
14,0.06442422635,0.07526816935,0.07890724718,0.07486500661,0.1755392444,0.08025617845,0.1199863879,0.1553730434,0.1718257368,0.1664911004,0.07469937263,0.08436635682,0.08549978726,0.07862284078,0.1504774019,0.04297455953,0.05567366673,0.06311351139,0.06047715975,0.05136862818,0.001595977484,0.001991532079,0.002229930101,0.002248287015,0.01977994366,0.002540361015,0.005017714153,0.008415245701,0.01109169374,0.01247972602,0.001376445491,0.001776762437,0.002057989281,0.00214082855,0.02307427109,0.004744194453,0.01081404247,0.02071667868,0.03151335905,0.04044809824,0.02893752925,0.02413670346,0.01806499559,0.01255774202,0.04181273063,0.005940390303,0.009541334293,0.01320593342,0.0147112534,0.01385039192,0.03399381237,0.02732805081,0.01971336837,0.01324518944,0.03535919665,0.003010319634,0.004137157572,0.004954426857,0.004722135251,0.003852191376,0.000764866067,0.0006767631176,0.0005373179738,0.0003944281842,0.004743123234,0.0001798292895,0.0003707463512,0.0006470155973,0.000836090247,0.0008917687397,0.0006510989102,0.0005977312761,0.0004923890551,0.000373956704,0.005608807691,0.000354864698,0.0008550350846,0.001724608142,0.002604740193,0.003206316961,5.695666043e-06,1.498208839e-05,2.9827406e-05,4.398174162e-05,0.009055973958,0.0001884268554,0.0007863752463,0.002196399729,0.003573185553,0.004151415385,2.901844794e-08,1.641836645e-07,6.385408522e-07,1.60390737e-06,0.004817100432,3.239281111e-05,0.000214735934,0.0008291940478,0.001552393004,0.001923854849,8.610218185e-08,5.80222731e-07,2.800828721e-06,8.908143122e-06,0.01031906131,0.0002593593124,0.001195951492,0.003449896966,0.005482605927,0.006307725904,6.364326856e-08,5.201256654e-07,3.044916049e-06,1.157196033e-05,0.01328865015,0.0004561375925,0.001854726174,0.004760434138,0.006862753908,0.00735537603,3.367849513e-08,3.511800406e-07,2.623120263e-06,1.248334724e-05,0.01635633124,0.0007143720953,0.002478020527,0.005487783451,0.006921988921,0.006708614477,4.307013853e-09,7.244381338e-08,8.375858193e-07,5.751638012e-06,0.01739407346,0.000611325346,0.001936259665,0.003765840623,0.003927669856,0.003149902368,3.660195712e-11,1.640751045e-09,4.323740978e-08,5.528416114e-07,0.01438660912,0.0001060352554,0.0003472994597,0.0005857720889,0.0003984392023,0.0001868598445,9.473691903e-10,3.192904475e-08,6.326029193e-07,6.216259379e-06,0.02763131453,0.000298231608,0.0006661709943,0.0007875198289,0.0003874431867,0.0001313305618,1.444261201e-08,3.660266777e-07,5.453286724e-06,4.118884813e-05,0.0440453556,0.0005547287266,0.000911202896,0.0008097086891,0.0003038578946,7.807651918e-05,1.339126561e-09,6.354667087e-08,1.575843857e-06,1.715959469e-05,0.04254619737,0.0001523006427,0.0001853522955,0.0001092635868,2.105571393e-05,2.520593805e-06
15,0.06416979114,0.07500265317,0.07866218848,0.07466167277,0.1757940992,0.08088519968,0.1211435219,0.1571324833,0.1740830557,0.1689562293,0.07459654572,0.08431602548,0.08551551846,0.07869399916,0.1510818684,0.04359776871,0.05666785061,0.0644378304,0.0619504825,0.05278003481,0.001591790263,0.001988419188,0.002228812038,0.002249365336,0.0198848131,0.002590640119,0.005140078009,0.00865651928,0.01146112914,0.01294879197,0.001369297301,0.001768782552,0.002050192009,0.002134106545,0.02313734166,0.004806311185,0.01098836724,0.02110903428,0.03220617987,0.04145088332,0.02881719395,0.0240466527,0.01800532521,0.01252122328,0.04187282943,0.00598760368,0.009634644575,0.01335758314,0.01490724326,0.01405835914,0.03394761894,0.02731325376,0.01971882162,0.01325886348,0.03550873412,0.003056085296,0.004214614144,0.005063429034,0.004842764075,0.003963185527,0.0007629095172,0.0006757677084,0.0005371124697,0.0003946740095,0.004769043106,0.0001834785205,0.000380016732,0.0006660375047,0.0008646473961,0.0009261423281,0.0006476127696,0.000594947476,0.0004904392808,0.0003727168174,0.005623780556,0.0003594784039,0.0008687215532,0.001757040789,0.002661601694,0.003285246521,5.646613539e-06,1.488208453e-05,2.968621044e-05,4.385249852e-05,0.009118332674,0.0001954274645,0.0008224436945,0.002315057208,0.003801037883,0.004455055278,2.868266485e-08,1.627107131e-07,6.344768447e-07,1.597568533e-06,0.004857551521,3.403195451e-05,0.000228170682,0.0008903831811,0.001688662739,0.00211911149,8.563578267e-08,5.784305471e-07,2.79871322e-06,8.920645796e-06,0.01042182554,0.0002723708534,0.001268639333,0.003693896386,0.005938357996,0.006908306407,6.346138416e-08,5.198531922e-07,3.050444446e-06,1.161801664e-05,0.01343613383,0.0004803016995,0.001972712873,0.005110749737,0.007453892991,0.008079002433,3.369142367e-08,3.52137175e-07,2.6364262e-06,1.257377626e-05,0.01656144034,0.0007547573224,0.002644560896,0.005911526118,0.007544634712,0.00739553838,4.322151653e-09,7.2889659e-08,8.449574008e-07,5.816345096e-06,0.01765253683,0.0006524713243,0.002090111622,0.004108028692,0.004343255673,0.003529594352,3.720569348e-11,1.674035567e-09,4.42790766e-08,5.681096021e-07,0.01471527481,0.0001177732386,0.0003920335713,0.0006712263793,0.0004663535413,0.0002233768553,9.724312797e-10,3.289595376e-08,6.541911164e-07,6.450525482e-06,0.02836485648,0.000334652733,0.000759712448,0.0009116879371,0.0004583852219,0.000158781491,1.494317007e-08,3.801251695e-07,5.684458651e-06,4.308270288e-05,0.04534822288,0.0006276969128,0.001047869604,0.000945240098,0.0003626648182,9.527190478e-05,1.41001838e-09,6.721576677e-08,1.674429016e-06,1.830981048e-05,0.04411700732,0.0001791295955,0.000222375488,0.0001335278271,2.648804032e-05,3.265400735e-06
16,0.06389840605,0.07471838124,0.07839859537,0.07444176753,0.1760551594,0.08154535756,0.1223601556,0.1589855352,0.1764648276,0.1715616422,0.07448389054,0.08425778185,0.08552657645,0.07876379374,0.1517174119,0.04426231509,0.05773157425,0.0658592436,0.06353719053,0.05430480147,0.001587247329,0.001984957688,0.00222741582,0.002250272575,0.01999505371,0.002644494849,0.005271749151,0.008917257966,0.01186221412,0.01346020488,0.001361671277,0.001760227032,0.002041777876,0.002126792781,0.02320256011,0.004872006301,0.01117329737,0.02152643962,0.03294548519,0.04252395352,0.02868889708,0.02395029236,0.01794118744,0.01248176708,0.04193428423,0.006037138031,0.009732723464,0.01351725736,0.01511398673,0.01427811114,0.03389691778,0.02729591963,0.0197232577,0.01327237569,0.0356660264,0.003104927191,0.004297571012,0.005180556973,0.004972846472,0.004083269384,0.0007607843049,0.0006746564861,0.0005368429487,0.0003948926833,0.004796302185,0.0001873898068,0.0003899998739,0.0006866119758,0.0008956816963,0.0009636601924,0.0006438951991,0.0005919646711,0.0004883371761,0.0003713697237,0.005639246067,0.0003643557674,0.0008832340206,0.001791527597,0.002722247982,0.003369664364,5.594219905e-06,1.477417529e-05,2.953127879e-05,4.370604789e-05,0.009183682896,0.000203038581,0.0008619949942,0.002446211841,0.004055272528,0.004796910813,2.832512239e-08,1.611251569e-07,6.300251551e-07,1.590393539e-06,0.004900008085,3.583771173e-05,0.0002431436325,0.0009593163671,0.00184422725,0.002344893825,8.51259141e-08,5.763962978e-07,2.795707986e-06,8.931231474e-06,0.01053015495,0.0002867084239,0.001349554854,0.003968103724,0.006456583969,0.007598996838,6.325356649e-08,5.194211595e-07,3.0553818e-06,1.16631538e-05,0.01359184461,0.0005070006276,0.002104412139,0.005505508921,0.008127972506,0.00891366002,3.369546251e-08,3.530428163e-07,2.649686946e-06,1.266561598e-05,0.0167783918,0.0007995320533,0.002831096421,0.006390673586,0.008257188687,0.008190821748,4.336538466e-09,7.333377226e-08,8.52447863e-07,5.882828228e-06,0.0179263718,0.0006985395888,0.002264377069,0.004499814136,0.004825754534,0.003976436924,3.782990912e-11,1.708771659e-09,4.537444899e-08,5.842626573e-07,0.01506653439,0.0001314632248,0.0004450781576,0.0007741266432,0.0005499301233,0.000269298331,9.988965981e-10,3.392325772e-08,6.772564766e-07,6.702036818e-06,0.02915205872,0.0003775787479,0.0008718018054,0.001062783255,0.0005466558699,0.0001937048903,1.547839467e-08,3.95278559e-07,5.934159243e-06,4.513736626e-05,0.04675099701,0.0007144373725,0.001213044597,0.001111582325,0.0004364980017,0.0001173562967,1.487398682e-09,7.124305065e-08,1.783227792e-06,1.958544895e-05,0.04582098492,0.0002123120367,0.0002691075275,0.000164739315,3.368642777e-05,4.282521919e-06
17,0.06361011879,0.07441523188,0.07811615702,0.07420483796,0.176320555,0.08223455455,0.1236327191,0.1609271915,0.1789652265,0.1743015962,0.07436092874,0.08419087101,0.08553199412,0.07883117653,0.1523823715,0.0449680454,0.05886523651,0.06737911399,0.06523984064,0.05594633192,0.001582337022,0.001981124878,0.002225707614,0.002250967441,0.02011036683,0.002701953832,0.005412911948,0.009198047599,0.01229623304,0.01401607159,0.001353568972,0.001751090889,0.002032733216,0.002118865677,0.023269562,0.004941152495,0.01136856083,0.02196846886,0.03373089374,0.04366727123,0.02855267085,0.02384759027,0.01787251465,0.01243929886,0.04199663554,0.006088832398,0.009835276204,0.01368451344,0.01533096402,0.0145091489,0.03384147873,0.0272757911,0.01972644278,0.01328554145,0.03583067337,0.00315684148,0.004386074918,0.005305949284,0.005112626601,0.004212747685,0.0007584845782,0.0006734214675,0.0005365010253,0.000395076784,0.004824828617,0.0001915657264,0.0004007113247,0.0007087890817,0.0009292993822,0.001004486432,0.000639947228,0.0005887814282,0.0004860796515,0.0003699117726,0.005655114736,0.0003694869092,0.0008985497582,0.001828029858,0.002786641096,0.003459557587,5.538498205e-06,1.465821562e-05,2.936198994e-05,4.354105622e-05,0.009251802506,0.0002112854885,0.0009052354565,0.00259079663,0.004338313336,0.005181089766,2.794613669e-08,1.594257687e-07,6.251701571e-07,1.58232012e-06,0.004944334203,3.782146518e-05,0.000259792928,0.001036834201,0.0020216044,0.002605808614,8.457085992e-08,5.741010339e-07,2.791689684e-06,8.939425778e-06,0.01064378703,0.0003024641456,0.001439424596,0.004275687657,0.00704506347,0.008392661243,6.301766525e-08,5.188061506e-07,3.059561263e-06,1.170664939e-05,0.01375544374,0.0005364235011,0.00225110124,0.005949579564,0.0088957037,0.009875717006,3.368896432e-08,3.538765657e-07,2.662730287e-06,1.275797862e-05,0.01700677866,0.0008490517282,0.003039609963,0.006931614635,0.009071781426,0.009111072178,4.349858595e-09,7.377023057e-08,8.599835041e-07,5.95056027e-06,0.01821512063,0.0007500123735,0.002461458349,0.004947904947,0.005385687577,0.004502386895,3.847001093e-11,1.744760222e-09,4.651872365e-08,6.012478223e-07,0.01544031737,0.0001474259284,0.000508008171,0.0008981808048,0.0006530021413,0.0003272263005,1.026669391e-09,3.500840601e-08,7.017665402e-07,6.970681804e-06,0.02999336269,0.0004281828563,0.001006246354,0.001246948721,0.000656778435,0.000238296504,1.60476159e-08,4.114836334e-07,6.202591912e-06,4.735645493e-05,0.04825534809,0.0008176123667,0.001412943758,0.001316155105,0.0005294795962,0.0001458349973,1.57149078e-09,7.564543497e-08,1.902842366e-06,2.099517322e-05,0.0476627041,0.000253450355,0.0003282885905,0.0002050532201,4.327716365e-05,5.680986658e-06
18,0.06330498483,0.07409309024,0.07781456707,0.07395043252,0.1765883654,0.08295057922,0.1249574113,0.1629520659,0.1815779076,0.1771697516,0.0742271755,0.08411452419,0.08553078298,0.07889507321,0.1530750329,0.04571477952,0.06006921612,0.06899881698,0.06706106427,0.05770816762,0.001577047693,0.001976897823,0.002223652998,0.002251407709,0.02023044217,0.002763044261,0.0055637531,0.009499493267,0.01276453085,0.0146186207,0.001344992311,0.001741369522,0.002023044679,0.002110303814,0.02333797125,0.005013611008,0.01157385145,0.02243461729,0.03456188516,0.04488060365,0.02840855149,0.02373851692,0.01779924055,0.01239374454,0.04205941148,0.006142516955,0.009941988698,0.01385887478,0.01555760834,0.01475092082,0.03378106858,0.02725260608,0.01972813776,0.01329817139,0.03600226171,0.003211822671,0.004480171882,0.005439747293,0.005262357347,0.004351939151,0.0007560044857,0.0006720545803,0.000536078162,0.0003952187173,0.004854547699,0.0001960087853,0.0004121669329,0.0007326207651,0.0009656121002,0.001048795209,0.0006357700707,0.0005853964563,0.0004836637029,0.0003683393513,0.005671294233,0.0003748610711,0.000914643254,0.001866502045,0.00285473104,0.003554896919,5.479467872e-06,1.453407418e-05,2.917774021e-05,4.335619791e-05,0.009322458389,0.0002201942313,0.0009523827141,0.00274981273,0.004652807257,0.005612146921,2.754608279e-08,1.576116196e-07,6.19897084e-07,1.573287133e-06,0.004990386129,3.999534591e-05,0.0002782691163,0.001123869698,0.002223647711,0.002907176918,8.396897242e-08,5.715259547e-07,2.786533748e-06,8.944743668e-06,0.01076244199,0.0003197366276,0.001539040781,0.004620158218,0.007712574049,0.00930406051,6.27515424e-08,5.179844812e-07,3.062811876e-06,1.174775527e-05,0.01392656755,0.0005687738142,0.002414179412,0.006448377558,0.009769223741,0.01098403574,3.367025402e-08,3.546174253e-07,2.675376956e-06,1.284993064e-05,0.01724615925,0.0009037012075,0.003272286249,0.007541495958,0.0100022321,0.01017553058,4.361786337e-09,7.419284568e-08,8.674863468e-07,6.018976784e-06,0.01851827593,0.000807419537,0.002684045569,0.00545993783,0.006035278977,0.005121602862,3.912095993e-11,1.781777607e-09,4.770633874e-08,6.1900129e-07,0.01583649511,0.0001660364183,0.0005827080248,0.001047917207,0.0007803842229,0.0004005189583,1.055635966e-09,3.614818126e-08,7.276747776e-07,7.256206966e-06,0.03088910325,0.0004878572949,0.001167666071,0.00147178995,0.0007945141592,0.0002954310424,1.664984151e-08,4.287288384e-07,6.48983848e-06,4.974272815e-05,0.04986280119,0.000940418249,0.001655195441,0.001568246671,0.0006469193147,0.0001827017154,1.662486584e-09,8.043873724e-08,2.03386227e-06,2.254770694e-05,0.04964672233,0.0003045702717,0.0004034718316,0.0002573294569,5.612146652e-05,7.616125987e-06
19,0.06298307009,0.07375185236,0.07749352857,0.0736781064,0.1768566253,0.0836911027,0.1263301891,0.1650543689,0.184295964,0.1801591146,0.07408214325,0.08402796321,0.08552193775,0.07895438726,0.1537936278,0.04650230093,0.06134385325,0.07071971267,0.0690035343,0.05959395535,0.001571367835,0.001972253525,0.002221217162,0.002251550429,0.02035495759,0.00282779078,0.005724458503,0.009822212744,0.01326850331,0.01527019178,0.001335943672,0.001731058867,0.002012699433,0.002101086182,0.02340740092,0.005089230507,0.01178882458,0.02292428892,0.03543777336,0.04616347775,0.02825658043,0.02362304674,0.01772130145,0.01234503148,0.04212212916,0.006198012745,0.01005252656,0.01403982867,0.01579330213,0.01500281777,0.0337154527,0.0272260992,0.01972809939,0.01331007212,0.03618036483,0.003269862889,0.00457990573,0.005582092737,0.005422297632,0.004501174027,0.0007533382376,0.0006705477232,0.0005355657188,0.0003953107524,0.00488538183,0.000200721336,0.0004243826116,0.0007581603366,0.001004736197,0.001096770033,0.0006313651693,0.000581808657,0.0004810864625,0.0003666489285,0.005687689591,0.0003804665335,0.0009314858705,0.00190689079,0.002926453579,0.003655633141,5.417155706e-06,1.440163692e-05,2.897795206e-05,4.315016936e-05,0.009395406244,0.0002297913126,0.001003664335,0.002924326782,0.005001627868,0.00609510722,2.712540081e-08,1.55682135e-07,6.14192306e-07,1.56323535e-06,0.005038012019,4.237218324e-05,0.0002987352785,0.001221453287,0.002453577919,0.003255124103,8.331869935e-08,5.686526149e-07,2.78011544e-06,8.946692686e-06,0.01088582163,0.0003386306836,0.001649262318,0.005005384628,0.008468978951,0.01035007392,6.245309504e-08,5.16932394e-07,3.064959648e-06,1.178570122e-05,0.01410482547,0.0006042690772,0.002595171171,0.007007900408,0.01076223199,0.01226028134,3.363764122e-08,3.552439184e-07,2.687441378e-06,1.294049526e-05,0.01749605386,0.0009638946429,0.00353152007,0.008228276737,0.01106422541,0.01140641949,4.371987974e-09,7.459519053e-08,8.748743318e-07,6.087476389e-06,0.01883527494,0.0008713400588,0.002935137309,0.006044572963,0.006788686632,0.005850807635,3.977726209e-11,1.819574284e-09,4.893090984e-08,6.374471928e-07,0.01625486796,0.0001877320398,0.0006714273303,0.001228856922,0.0009381182582,0.000493509648,1.085662852e-09,3.733861104e-08,7.54918271e-07,7.558188681e-06,0.03183947546,0.0005582501219,0.001361656783,0.001746711401,0.0009671971731,0.0003688729202,1.728370218e-08,4.469925385e-07,6.795827873e-06,5.229781378e-05,0.05157467196,0.001086684408,0.001949147189,0.001879472843,0.0007956550495,0.0002305984143,1.760533895e-09,8.563699637e-08,2.176845783e-06,2.425162015e-05,0.05177748976,0.0003682308593,0.0004992644201,0.0003253653421,7.340544461e-05,1.030979589e-05
20,0.06264445359,0.07339142902,0.07715275882,0.07338742675,0.1771233301,0.08445367587,0.1277467568,0.1672278853,0.1871118877,0.1832619829,0.07392534529,0.0839304049,0.08550444107,0.0790080043,0.1545363351,0.04733034705,0.06268943024,0.07254311638,0.07106992916,0.06160741151,0.001565286199,0.001967169096,0.002218365117,0.002251352137,0.02048357897,0.002896214316,0.005895209865,0.01016682925,0.01380958584,0.01597322225,0.001326425981,0.001720155541,0.002001685371,0.002091192424,0.02347745414,0.005167846008,0.01201309277,0.02343678407,0.03635767906,0.04751513349,0.02809680558,0.02350115947,0.01763863731,0.01229308932,0.04218429616,0.00625513146,0.01016653429,0.01422682425,0.01603737347,0.01526416833,0.03364439689,0.02719600329,0.01972608136,0.01332104699,0.03636454289,0.003330951133,0.004685316543,0.005733125307,0.005592709482,0.004660791346,0.0007504801667,0.0006688928258,0.0005349550037,0.0003953450589,0.004917250471,0.0002057054925,0.0004373740834,0.0007854619145,0.001046791892,0.001148602893,0.0006267342348,0.0005780171741,0.0004783452483,0.0003648370977,0.005704203426,0.0003862905358,0.0009490455076,0.001949133852,0.003001727976,0.003761693369,5.35159679e-06,1.426081055e-05,2.876208262e-05,4.292170328e-05,0.009470390449,0.0002401033488,0.001059316092,0.003115466795,0.005387875767,0.006635485253,2.668460139e-08,1.536371466e-07,6.080436028e-07,1.552108259e-06,0.005087051704,4.496543608e-05,0.0003213669727,0.001330717066,0.002715014651,0.003656675928,8.261861047e-08,5.654631358e-07,2.772310937e-06,8.944776466e-06,0.0110136083,0.000359256921,0.001771014952,0.005435610657,0.009325314547,0.01154993314,6.212027875e-08,5.156262629e-07,3.065828758e-06,1.181969915e-05,0.01428979816,0.0006431402096,0.002795728248,0.007634757734,0.01189012821,0.01372925137,3.358943355e-08,3.557342231e-07,2.698732546e-06,1.302865569e-05,0.01775594143,0.001030074899,0.003819922644,0.009000780487,0.01227549447,0.01282931994,4.380124038e-09,7.497063212e-08,8.820615973e-07,6.155421776e-06,0.01916549394,0.0009424029847,0.003218060076,0.006711590893,0.007662252107,0.006709696382,4.043296739e-11,1.857873878e-09,5.018517452e-08,6.564964769e-07,0.016695152,0.0002130211236,0.000776844825,0.001447717852,0.001133776355,0.0006117864889,1.116595116e-09,3.857488249e-08,7.834153862e-07,7.87600398e-06,0.03284449964,0.0006413068218,0.001594981583,0.002083322566,0.001184155016,0.0004635502628,1.794739628e-08,4.662412095e-07,7.12030273e-06,5.502190951e-05,0.05339199731,0.001260987423,0.002306231704,0.002264340313,0.000984486776,0.0002930261482,1.865722215e-09,9.125168699e-08,2.332297906e-06,2.611506816e-05,0.05405924747,0.0004476613362,0.0006216372208,0.0004142032068,9.676423672e-05,1.407946409e-05
21,0.06228922988,0.07301174941,0.07679199409,0.07307797786,0.1773864423,0.08523572737,0.1292025577,0.1694659535,0.1900175326,0.1864698939,0.07375629948,0.08382106564,0.08547726825,0.07905479648,0.1553012803,0.0481985993,0.06410615163,0.07447026772,0.07326289413,0.06375228269,0.001558791928,0.001961621937,0.002215061909,0.002250769074,0.02061596019,0.00296833086,0.006076181082,0.01053396343,0.01438924064,0.01673023167,0.001316442791,0.001708656985,0.00198999131,0.002080603074,0.02354772495,0.005249277854,0.01224622157,0.02397128696,0.03732050219,0.04893447566,0.02792928242,0.02337284129,0.01755119293,0.01223785098,0.04224541197,0.0063136753,0.01028363456,0.01441927075,0.0162890929,0.01553423434,0.03356766902,0.02716205091,0.01972183546,0.01333089683,0.03655434285,0.003395072515,0.004796439051,0.005892980025,0.005773854838,0.004831135871,0.0007474247883,0.000667081909,0.0005342373239,0.0003953137458,0.004950070116,0.0002109630406,0.0004511566061,0.0008145798038,0.001091902325,0.001204493181,0.0006218792847,0.0005740214403,0.0004754376114,0.0003629006191,0.00572073617,0.0003923192017,0.000967286276,0.001993159096,0.003080454723,0.003872977251,5.282835328e-06,1.411152588e-05,2.852963218e-05,4.266958319e-05,0.009547144017,0.0002511566768,0.001119579842,0.003324416306,0.005814874945,0.007239299343,2.622427024e-08,1.514769408e-07,6.014404284e-07,1.539852874e-06,0.005137336527,4.778910278e-05,0.0003463519434,0.001452897997,0.003012007132,0.004119859157,8.186742348e-08,5.619404177e-07,2.76299849e-06,8.938498537e-06,0.01114546401,0.0003817311769,0.001905290347,0.005915466312,0.01029387435,0.01292546436,6.175113118e-08,5.140428081e-07,3.065242845e-06,1.184894784e-05,0.01448103576,0.000685630625,0.003017629727,0.008336196798,0.01317014853,0.01541922153,3.352395077e-08,3.560663212e-07,2.709055055e-06,1.311335934e-05,0.01802525643,0.001102712414,0.004140325406,0.009868741623,0.01365600515,0.01447357252,4.385851856e-09,7.531237075e-08,8.889588504e-07,6.222141466e-06,0.01950824287,0.001021287632,0.00353648547,0.007471988755,0.008674766841,0.007721390587,4.108167868e-11,1.896372661e-09,5.146094857e-08,6.76045905e-07,0.01715696554,0.0002424924192,0.0009021409122,0.001712654411,0.001376831682,0.0007625474893,1.148254911e-09,3.985126282e-08,8.130634941e-07,8.208801012e-06,0.03390398462,0.0007393168032,0.001875793353,0.002495925051,0.001457233398,0.0005859094257,1.863863543e-08,4.864275959e-07,7.462784388e-06,5.791346211e-05,0.0553154616,0.001468781429,0.002740399978,0.002740932971,0.001224726238,0.0003746219028,1.978067169e-09,9.729083238e-08,2.50064478e-06,2.814547944e-05,0.05649591442,0.0005469300772,0.0007783205872,0.0005305353216,0.0001284527619,1.937995062e-05
22,0.06191751144,0.07261276471,0.07641099412,0.07274936616,0.1776438971,0.08603456247,0.1306927675,0.171761449,0.1930040822,0.1897735793,0.07357453176,0.08369916578,0.0854393921,0.07909362704,0.1560865372,0.0491066731,0.06559412357,0.07650229775,0.0755849997,0.06603230235,0.001551874665,0.001955589909,0.00221127283,0.002249757416,0.02075174312,0.0030441502,0.00626753437,0.01092422465,0.01500894216,0.01754380318,0.001305998353,0.001696561592,0.00197760718,0.002069299793,0.02361779936,0.005333330769,0.01248772554,0.02452685357,0.03832489408,0.05042002485,0.02775407504,0.02323808604,0.017458919,0.01217925346,0.04230496956,0.00637343689,0.01040342771,0.01461653601,0.01654767051,0.01581220694,0.03348504077,0.02712397587,0.01971511272,0.01333942074,0.03674929858,0.003462207486,0.00491330095,0.006061784472,0.005965992085,0.005012554689,0.0007441668586,0.000665107145,0.0005334040384,0.0003952089012,0.004983754285,0.0002164953444,0.0004657446772,0.0008455678085,0.001140192457,0.001264646403,0.0006168026785,0.0005698212213,0.0004723613825,0.0003608364614,0.005737186326,0.0003985374707,0.0009861681855,0.002038883497,0.003162513265,0.003989353107,5.210925384e-06,1.395374086e-05,2.828015238e-05,4.239265788e-05,0.009625388628,0.0002629769104,0.001184700962,0.0035524065,0.006286164084,0.00791307817,2.57450717e-08,1.492023026e-07,5.943741648e-07,1.52642054e-06,0.005188689236,5.085760632e-05,0.0003738895403,0.001589339582,0.003349062518,0.004653804348,8.106402909e-08,5.580683539e-07,2.75205961e-06,8.927366386e-06,0.01128102956,0.0004061737778,0.002053143789,0.006449974425,0.01138828578,0.01450133241,6.134379593e-08,5.121593181e-07,3.063026406e-06,1.18726383e-05,0.01467805635,0.0007319949517,0.003262779862,0.009120120771,0.01462149394,0.01736229992,3.343953969e-08,3.562181594e-07,2.718210278e-06,1.319352294e-05,0.01830338601,0.001182303386,0.004495780393,0.01084284369,0.01522813596,0.01637269581,4.38882837e-09,7.561348598e-08,8.954738378e-07,6.286932367e-06,0.01986276024,0.001108722838,0.003894443769,0.008338072134,0.009847749807,0.008912935654,4.171657148e-11,1.934739594e-09,5.274909685e-08,6.959772344e-07,0.01763981536,0.0002768251288,0.001051078942,0.002033536189,0.001679108856,0.0009550486132,1.180440332e-09,4.116102877e-08,8.437368157e-07,8.555469943e-06,0.03501748971,0.0008549646387,0.002213890703,0.003002091546,0.001801446442,0.0007443709992,1.935459272e-08,5.074888808e-07,7.822536945e-06,6.096882976e-05,0.05734531843,0.001716545215,0.003268629042,0.003331741508,0.001530888773,0.0004815201352,2.097493751e-09,1.037580218e-07,2.682204529e-06,3.034919067e-05,0.05909096289,0.00067115188,0.0009793070707,0.0006832340741,0.0001715795915,2.686313503e-05
23,0.06152943079,0.07219445141,0.0760095465,0.07240122505,0.177893609,0.0868473631,0.1322122903,0.1741067709,0.1960620231,0.1931629235,0.07337957967,0.08356393416,0.08538978781,0.07912335501,0.1568901285,0.05005410778,0.06715333248,0.07864019467,0.0780386968,0.06845114338,0.001544524679,0.001949051506,0.002206963637,0.002248273504,0.0208905577,0.003123674611,0.006469416138,0.0113382013,0.01567016068,0.01841656165,0.001295097693,0.001683868832,0.001964524207,0.002057265594,0.02368725641,0.005419793004,0.01273706446,0.02510239993,0.03936923002,0.05196986806,0.0275712572,0.02309689628,0.0173617731,0.01211723869,0.04236245694,0.006434199294,0.01052549142,0.01481794537,0.01681225364,0.01609720309,0.03339628929,0.02708151471,0.01970566458,0.01334641693,0.03694893105,0.003532331045,0.005035921168,0.006239655845,0.006169372301,0.005205393444,0.0007407014317,0.0006629609168,0.0005324466101,0.0003950226339,0.005018213534,0.0002223032488,0.0004811517184,0.0008784784756,0.001191787824,0.001329272644,0.0006115071499,0.0005654166577,0.0004691147155,0.0003586418414,0.005753450741,0.0004049290366,0.001005646855,0.002086212186,0.003247759772,0.004110654063,5.135931513e-06,1.378744352e-05,2.801325417e-05,4.208985586e-05,0.009704834774,0.0002755884435,0.001254925305,0.003800705996,0.006805481687,0.008663857594,2.524775138e-08,1.468145544e-07,5.868383618e-07,1.511767723e-06,0.005240923966,5.418565155e-05,0.0004041897831,0.001741491556,0.003731170116,0.00526884755,8.020751492e-08,5.538320424e-07,2.739380291e-06,8.910895769e-06,0.01141992391,0.0004327085949,0.002215690256,0.007044550481,0.01262357477,0.01630527864,6.089654617e-08,5.099538801e-07,3.059006288e-06,1.188995963e-05,0.01488034455,0.0007824973286,0.003533203009,0.009995097095,0.01626544431,0.01959477945,3.333458972e-08,3.561678255e-07,2.725997704e-06,1.326803857e-05,0.01858966736,0.001269367148,0.004889556269,0.01193474553,0.0170168454,0.0185648118,4.388713233e-09,7.586698923e-08,9.015119194e-07,6.349063212e-06,0.02022820839,0.001205485003,0.004296332431,0.009323537823,0.01120572947,0.01031583674,4.233042617e-11,1.972616998e-09,5.403952199e-08,7.161566259e-07,0.01814308294,0.0003167993429,0.001228094938,0.00242226818,0.002055325975,0.001201164861,1.212924676e-09,4.249640861e-08,8.752844727e-07,8.91461521e-06,0.0361842854,0.0009913855841,0.002621008705,0.003623346996,0.002235775757,0.0009499122945,2.009185535e-08,5.293449224e-07,8.198531275e-06,6.4181934e-05,0.05948130871,0.002011945868,0.00391151064,0.004064656838,0.001921557391,0.0006218218782,2.223818678e-09,1.106513446e-07,2.87715473e-06,3.273102866e-05,0.06184728252,0.0008267399651,0.001237485275,0.0008840417287,0.0002304256129,3.746300447e-05
24,0.06112514255,0.07175681446,0.07558747079,0.07203321956,0.1781334782,0.08767118893,0.1337557563,0.1764938335,0.1991811234,0.1966269302,0.07317099583,0.08341461253,0.08532743792,0.07914284002,0.1577100273,0.05104035646,0.06878362326,0.08088476781,0.0806262691,0.07101236629,0.001536732971,0.001941986023,0.002202100766,0.002246274083,0.02103202214,0.003206897499,0.006681952626,0.01177645045,0.01637434377,0.01935114837,0.001283746666,0.001670579369,0.00195073509,0.002044485062,0.02375566932,0.0055084356,0.01299363983,0.025696691,0.04045158264,0.05358160979,0.02738091315,0.02294928435,0.01725972072,0.01205175439,0.04241735885,0.006495736114,0.01064938056,0.01502278093,0.01708192503,0.01638826273,0.03330119885,0.02703440822,0.01969324409,0.01335168354,0.03715274865,0.003605411952,0.005164308067,0.006426697859,0.006384235207,0.005409992181,0.0007370239148,0.0006606358771,0.0005313566594,0.0003947471149,0.005053355485,0.0002283869796,0.0004973897394,0.0009133622669,0.001246813115,0.00139858476,0.000605995835,0.0005608083029,0.0004656961291,0.0003563142626,0.005769424897,0.0004114762949,0.001025673247,0.002135037549,0.003336024984,0.004236674239,5.057929277e-06,1.361265449e-05,2.772861536e-05,4.17601995e-05,0.009785181997,0.0002890138994,0.001330495626,0.004070607984,0.007376743838,0.009499165016,2.473313757e-08,1.443155879e-07,5.788289589e-07,1.49585678e-06,0.00529384629,5.77880514e-05,0.0004374720095,0.001910907037,0.004163819334,0.005976626534,7.929718799e-08,5.492179946e-07,2.724852257e-06,8.888615241e-06,0.01156174371,0.0004614618711,0.002394098494,0.007704993862,0.01401621259,0.01836834159,6.040780804e-08,5.074056148e-07,3.05301326e-06,1.190010548e-05,0.01508735044,0.0008374092178,0.003831035074,0.01097035288,0.01812544988,0.02215747445,3.320754896e-08,3.558937358e-07,2.732216417e-06,1.333578071e-05,0.01888338541,0.001364442606,0.005325128923,0.01315709116,0.01904981732,0.02109306432,4.38517214e-09,7.606588293e-08,9.069767485e-07,6.407778903e-06,0.02060366929,0.001312394672,0.004746917713,0.01044354158,0.01277652009,0.01196662326,4.291567341e-11,2.009621935e-09,5.532117433e-08,7.364343369e-07,0.01866601084,0.000363306583,0.001438394863,0.002893153713,0.002523740004,0.001516086668,1.245456166e-09,4.38485405e-08,9.075288405e-07,9.284530223e-06,0.0374033136,0.0011522245,0.003111144277,0.004385960472,0.002784143048,0.001216805366,2.084638397e-08,5.518966237e-07,8.589410111e-06,6.75439104e-05,0.06172257555,0.002364017752,0.004693924898,0.004974146835,0.002420452408,0.0008061987874,2.356732322e-09,1.179622602e-07,3.085496893e-06,3.529384212e-05,0.06476703342,0.00102170929,0.001569432268,0.001148461069,0.0003108755001,5.251615641e-05
25,0.06070482518,0.07129989017,0.07514462241,0.07164505082,0.1783613975,0.0885029798,0.1353175234,0.1789140618,0.2023504192,0.2001536971,0.07294835126,0.08325045996,0.08525133731,0.07915094716,0.1585441588,0.05206477599,0.07048467706,0.08323661019,0.08334978213,0.07371936304,0.001528491387,0.001934373728,0.002196651554,0.002243716547,0.02117574316,0.003293802025,0.006905245305,0.0122394865,0.0171228958,0.02035019192,0.001271952016,0.001656695163,0.001936234161,0.002030944566,0.02382260672,0.005599011779,0.01325679186,0.02630833042,0.04156969645,0.05525232423,0.0271831385,0.02279527329,0.01715273612,0.01198275475,0.0424691584,0.006557811692,0.01077462738,0.01523028127,0.01735570174,0.01668434668,0.03319956245,0.02698240295,0.0196776071,0.01335501949,0.03736024747,0.003681411931,0.005298457598,0.006622997491,0.006610804822,0.005626680781,0.0007331301212,0.0006581250059,0.0005301260178,0.0003943746215,0.005089084881,0.0002347460395,0.0005144689818,0.0009502666584,0.001305390587,0.001472796279,0.0006002722973,0.0005559971586,0.0004621045458,0.0003538515517,0.00578500322,0.0004181603013,0.001046193439,0.002185238407,0.003427112172,0.00436716506,4.977005647e-06,1.342942935e-05,2.742598771e-05,4.140281884e-05,0.009866119252,0.0003032735249,0.001411647456,0.004363414419,0.008004013337,0.01042698833,2.42021416e-08,1.417078905e-07,5.703444854e-07,1.478656695e-06,0.005347253371,6.167951919e-05,0.0004739630367,0.002099236519,0.004653008813,0.006790165876,7.833259545e-08,5.442143369e-07,2.708374219e-06,8.860070858e-06,0.01170606295,0.0004925607944,0.002589582806,0.008437468411,0.01558413774,0.02072504686,5.987618345e-08,5.044949136e-07,3.044883662e-06,1.190228101e-05,0.0152984887,0.0008970066723,0.004158510801,0.01205575393,0.02022718995,0.02509602337,3.305694072e-08,3.553748345e-07,2.736666729e-06,1.339561434e-05,0.01918377093,0.001468083607,0.005806165499,0.01452349827,0.02135757184,0.02400601144,4.377880387e-09,7.620322604e-08,9.117710565e-07,6.462305814e-06,0.02098814084,0.001430311359,0.005251327393,0.01171474375,0.01459147908,0.01390742716,4.346445359e-11,2.045348379e-09,5.658208606e-08,7.566447571e-07,0.01920768952,0.0004173600414,0.001688057727,0.003463299066,0.003106905705,0.00191917538,1.277758257e-09,4.520745145e-08,9.402643076e-07,9.663175787e-06,0.03867314752,0.001341696754,0.003700913905,0.005321852775,0.003476580699,0.001563543262,2.161348125e-08,5.750245132e-07,8.993455537e-06,7.104276917e-05,0.06406757708,0.002783354194,0.005645799387,0.006102632474,0.003057741797,0.001048664031,2.495780776e-09,1.256744342e-07,3.307018642e-06,3.80379895e-05,0.06785148915,0.001266037366,0.001996394381,0.001496895336,0.0004209975585,7.393143292e-05
26,0.06026868266,0.0708237489,0.07468089632,0.07123646028,0.1785752592,0.08933955941,0.1368916811,0.1813583929,0.2055582077,0.2037303994,0.07271123869,0.08307075725,0.08516049815,0.07914655205,0.1593904024,0.05312661702,0.07225598872,0.08569605982,0.08621102957,0.07657529651,0.001519792714,0.001926196018,0.002190584453,0.002240559183,0.02132131634,0.003384359694,0.007139366068,0.01272776914,0.01791715521,0.02141627511,0.001259721419,0.001642219568,0.001921017537,0.002016632451,0.02388763398,0.005691256491,0.01352579683,0.02693575131,0.04272096424,0.05697850979,0.02697804089,0.02263489771,0.01704080322,0.01191020127,0.04251733884,0.006620181418,0.01090074182,0.01543964166,0.01763253466,0.01698433541,0.03309118335,0.02692525267,0.01965851348,0.01335622541,0.03757091184,0.00376028488,0.005438351418,0.006828621595,0.006849284831,0.005855773996,0.0007290163204,0.0006554216679,0.0005287467808,0.0003938975805,0.005125303659,0.0002413791027,0.0005323975447,0.000989235167,0.001367638292,0.001552118983,0.0005943405495,0.0005509847053,0.0004583393275,0.0003512518933,0.005800079415,0.0004249607414,0.001067148431,0.00223667929,0.003520795264,0.004501831769,4.893259262e-06,1.323786057e-05,2.710520343e-05,4.101696481e-05,0.009947325392,0.0003183845318,0.00149860438,0.004680416998,0.008691458956,0.01145572632,2.365575704e-08,1.389945644e-07,5.613862363e-07,1.460143766e-06,0.005400934213,6.587442466e-05,0.0005138947696,0.002308218045,0.005205243755,0.007723943828,7.731354336e-08,5.388110043e-07,2.689853121e-06,8.824831015e-06,0.01185243293,0.0005261317957,0.002803392191,0.009248470113,0.01734674531,0.02341354918,5.930047194e-08,5.012036757e-07,3.034461105e-06,1.189571027e-05,0.01551313813,0.0009615670038,0.004517946246,0.01326176354,0.02259858724,0.02846113515,3.288138021e-08,3.545908016e-07,2.739151935e-06,1.344640388e-05,0.01948999907,0.001580853102,0.006336500622,0.01604851992,0.0239735277,0.0273579678,4.366526612e-09,7.62722052e-08,9.157975408e-07,6.511858041e-06,0.02138053392,0.00156012633,0.005815032307,0.01315532419,0.01668572829,0.01618655335,4.396869088e-11,2.07937023e-09,5.78094325e-08,7.766068416e-07,0.01976704473,0.0004801039735,0.001984141792,0.004153055569,0.003832555042,0.002435001543,1.309530587e-09,4.656206072e-08,9.732565522e-07,1.004816359e-05,0.03999195217,0.001564649023,0.004409938354,0.006469619272,0.004350622261,0.002013989706,2.238777222e-08,5.985876195e-07,9.408560417e-06,7.466307923e-05,0.06651399818,0.003282307413,0.006802948588,0.007502073078,0.00387162706,0.001367545921,2.640348775e-09,1.337625761e-07,3.541254588e-06,4.096079324e-05,0.07110087116,0.001572087582,0.002545487177,0.001956092308,0.0005718161186,0.0001044268718
27,0.05981694583,0.07032849747,0.07419623036,0.07080723366,0.1787729621,0.09017764055,0.1384720577,0.1838172837,0.2087920505,0.207343285,0.07245927566,0.08287481116,0.08505395498,0.0791285459,0.1602465941,0.05422501422,0.07409684409,0.08826315976,0.0892114768,0.07958303549,0.001510630783,0.001917435584,0.002183869248,0.002236761423,0.02146832663,0.003478528948,0.007384352237,0.01324169038,0.01875836961,0.02255189769,0.001247063525,0.001627157416,0.00190508326,0.002001539229,0.0239503146,0.005784886138,0.01379986505,0.02757720846,0.04390240578,0.05875604669,0.02676574063,0.02246820456,0.01692391639,0.01183406331,0.0425613854,0.006682592155,0.01102721226,0.01565001485,0.01791130894,0.01728702876,0.03297587664,0.02686271987,0.0196357283,0.01335510446,0.03778421483,0.00384197609,0.00558395498,0.007043613375,0.007099853661,0.006097566064,0.0007246792866,0.0006525196664,0.0005272113611,0.0003933086135,0.005161911059,0.0002482839083,0.0005511809936,0.001030306306,0.001433668127,0.001636760168,0.0005882050698,0.0005457729306,0.0004544003083,0.0003485138621,0.005814546815,0.0004318559144,0.001088474,0.002289209832,0.003616817186,0.004640330224,4.806800567e-06,1.303807909e-05,2.676618108e-05,4.060202173e-05,0.01002846978,0.0003343603878,0.001591572738,0.005022874704,0.009443303575,0.01259411714,2.309505763e-08,1.361793374e-07,5.519584185e-07,1.440302239e-06,0.005454670003,7.038651173e-05,0.0005575011896,0.00253966287,0.005827518077,0.008793932322,7.624011311e-08,5.329999224e-07,2.66920537e-06,8.782491353e-06,0.01200038236,0.0005622985522,0.003036796501,0.01014477952,0.01932483451,0.02647570649,5.867969135e-08,4.975155423e-07,3.02159821e-06,1.187964399e-05,0.01573064139,0.0010313648,0.004911715738,0.01459937714,0.02526976429,0.03230875147,3.267959126e-08,3.535222687e-07,2.739480197e-06,1.348702314e-05,0.01980118838,0.001703315974,0.006920103576,0.01774757331,0.02693399898,0.0312092666,4.350816659e-09,7.626621101e-08,9.189598497e-07,6.555644587e-06,0.02177967019,0.001702753036,0.006443814225,0.01478495684,0.01909831803,0.018859013,4.442018169e-11,2.111245207e-09,5.898962292e-08,7.961249925e-07,0.02034282582,0.0005528215429,0.002334789827,0.004986490703,0.004734598409,0.003094587408,1.340450659e-09,4.790021192e-08,1.006242449e-06,1.043674625e-05,0.04135744605,0.001826617091,0.005261245005,0.007875659133,0.005452928712,0.002598787821,2.316319914e-08,6.22422732e-07,9.832205511e-06,7.838569138e-05,0.06905866272,0.003875189912,0.008207981078,0.009235759688,0.004910235383,0.001786702774,2.789644341e-09,1.421913286e-07,3.787447206e-06,4.405597593e-05,0.07451417636,0.001955097817,0.003251143723,0.00256095191,0.0007783298714,0.0001478576702
28,0.05934987366,0.06981428129,0.07369060834,0.07035720463,0.1789524189,0.09101383179,0.1400522313,0.1862807241,0.2120387854,0.2109776805,0.07219210763,0.08266195868,0.08493076969,0.07909584065,0.1611105297,0.05535897696,0.07600629737,0.09093761748,0.09235220193,0.08274508568,0.001501000557,0.001908076556,0.002176477267,0.002232284094,0.02161634889,0.003576253746,0.007640201413,0.01378156094,0.01964766879,0.02375943486,0.001233987985,0.001611515085,0.001888431418,0.001985657747,0.02401021168,0.005879598481,0.01407813947,0.02823077207,0.04511064967,0.06058015913,0.02654637121,0.02229525382,0.0168020811,0.01175431883,0.04260078705,0.006744782782,0.01115350642,0.01586051233,0.01819084529,0.01759114678,0.03285347063,0.02679457715,0.0196090231,0.0133514633,0.03799961893,0.003926421485,0.005735215607,0.007267988767,0.007362659306,0.006352324926,0.0007201163425,0.0006494132975,0.0005255125411,0.0003926005811,0.00519880375,0.0002554571521,0.0005708219546,0.001073512477,0.001503583685,0.001726919553,0.0005818708155,0.0005403643515,0.0004502878235,0.0003456364519,0.005828298749,0.0004388227314,0.001110100609,0.002342664308,0.003714888475,0.004782264083,4.717751805e-06,1.283025554e-05,2.640893065e-05,4.015751889e-05,0.01010921305,0.0003512100621,0.001690735723,0.005391987743,0.01026376007,0.0138511416,2.252119409e-08,1.332665667e-07,5.420682665e-07,1.419124861e-06,0.005508234584,7.522857724e-05,0.0006050146659,0.002795435887,0.006527277631,0.01001759994,7.511267526e-08,5.267751747e-07,2.646358025e-06,8.732679679e-06,0.01214941778,0.0006011796822,0.003291069325,0.01113339655,0.02154050478,0.02995706239,5.801309705e-08,4.934161242e-07,3.006158356e-06,1.185336764e-05,0.01595030529,0.001106667249,0.005342222669,0.01608002842,0.02827292697,0.03670009253,3.245042283e-08,3.521510384e-07,2.737466524e-06,1.351636596e-05,0.02011640041,0.00183603043,0.007561035146,0.01963682913,0.03027810703,0.03562640499,4.330477531e-09,7.617891844e-08,9.211636535e-07,6.592877448e-06,0.02218428081,0.001859114912,0.007143717459,0.01662473271,0.02187230794,0.02198698115,4.48106973e-11,2.140519645e-09,6.010842262e-08,8.149904327e-07,0.02093359523,0.0006369402526,0.002749327836,0.005991874092,0.005854240528,0.003936869226,1.370176304e-09,4.920873736e-08,1.038930721e-06,1.082581539e-05,0.04276686478,0.002133876819,0.006281673361,0.009595390603,0.00684115564,0.003357060315,2.393303349e-08,6.46344143e-07,1.026144412e-05,8.218751826e-05,0.07169744775,0.004578467686,0.009911251579,0.01138029966,0.006233839515,0.002337017492,2.942686119e-09,1.509142654e-07,4.044509392e-06,4.731309844e-05,0.07808900053,0.002433733406,0.00415683486,0.003356757492,0.001060838462,0.0002096652837
29,0.05886775414,0.06928128621,0.0731640628,0.06988625817,0.1791115639,0.09184464574,0.1416255444,0.1887382579,0.2152845488,0.2146180111,0.07190941079,0.08243157111,0.08479003648,0.07904737423,0.1619799677,0.05652738022,0.07798314875,0.09371876364,0.09563383476,0.08606351673,0.001490898213,0.001898104654,0.002168381589,0.002227089666,0.02176494859,0.003677462173,0.00790686623,0.01434759599,0.02058603568,0.02504109153,0.001220505474,0.001595300563,0.001871064259,0.001968983346,0.02406688949,0.005975072774,0.01435969504,0.02889432346,0.04634191878,0.06244538297,0.02632007971,0.02211611906,0.01667531459,0.01167095488,0.04263503843,0.006806484864,0.01127907269,0.01607020638,0.01846990216,0.01789533165,0.03272380825,0.02672060864,0.01957817702,0.013345113,0.03821657681,0.004013546885,0.005892060576,0.00750173273,0.007637813911,0.006620286055,0.0007153254012,0.0006460973997,0.0005236435239,0.0003917666283,0.005235875991,0.0002628943803,0.0005913196982,0.001118878792,0.001577477947,0.001822785852,0.0005753432313,0.0005347620337,0.000446002735,0.0003426191029,0.005841228931,0.0004458367304,0.001131953375,0.002396861331,0.003814686204,0.004927182464,4.626246871e-06,1.2614601e-05,2.60335579e-05,3.968314105e-05,0.01018920798,0.0003689372335,0.001796246915,0.005788867797,0.01115695398,0.01523589794,2.193538978e-08,1.302612338e-07,5.31726123e-07,1.396613362e-06,0.005561395024,8.04121104e-05,0.0006566615394,0.00307743015,0.007312360509,0.01141386609,7.393190055e-08,5.201331527e-07,2.62124993e-06,8.675060819e-06,0.01229902422,0.0006428861238,0.00356746731,0.01222145519,0.02401698977,0.03390671006,5.730019918e-08,4.888932186e-07,2.988017421e-06,1.181620972e-05,0.01617140135,0.001187728745,0.00581186353,0.01771546279,0.03164215873,0.0417015485,3.219286499e-08,3.504603059e-07,2.732934816e-06,1.353335775e-05,0.0204346399,0.001979537869,0.008263392958,0.02173305484,0.03404758643,0.04068202999,4.305261353e-09,7.60043701e-08,9.223177906e-07,6.622780507e-06,0.02259300613,0.002030130287,0.007920981521,0.01869701952,0.0250547346,0.0256401302,4.513209958e-11,2.166734173e-09,6.11511073e-08,8.329831057e-07,0.02153771955,0.000734033917,0.003238349876,0.007202157215,0.007241191577,0.005010384213,1.398348987e-09,5.047355771e-08,1.071003428e-06,1.121190928e-05,0.04421692775,0.002493483394,0.007502263045,0.01169451647,0.008586049383,0.004338425106,2.46899077e-08,6.701439626e-07,1.069289617e-05,8.604138958e-05,0.07442520179,0.005410932321,0.0119718219,0.01402775317,0.007917410148,0.003058205959,3.098294491e-09,1.598730615e-07,4.310990731e-06,5.071702595e-05,0.08182136051,0.003030698034,0.005317074041,0.004401885361,0.001446646762,0.0002974848021
30,0.05837090509,0.06872974014,0.07261667742,0.06939433365,0.1792483604,0.09266650891,0.1431851223,0.1911790096,0.2185148094,0.2182478338,0.07161089484,0.082183058,0.08463088674,0.0789821157,0.1628526333,0.05772895618,0.08002592255,0.09660551078,0.09905649415,0.08953988589,0.00148032122,0.001887507317,0.002159557245,0.002221142503,0.02191368264,0.003782065083,0.008184249049,0.01493990027,0.02157427532,0.02639885238,0.001206627701,0.001578523489,0.001852986279,0.001951513992,0.02411991507,0.006070970115,0.01464353879,0.02956555286,0.04759202009,0.06434554044,0.02608702707,0.02193088793,0.01654364644,0.01158396816,0.04266364177,0.006867423442,0.01140334171,0.01627813261,0.01874717906,0.01819815096,0.03258674838,0.02664061136,0.01954297806,0.01333586994,0.0384345322,0.004103267301,0.006054395222,0.007744795501,0.007925388151,0.006901645927,0.000710305003,0.0006425674024,0.0005215979835,0.0003908002286,0.005273019817,0.0002705898845,0.0006126697156,0.001166421857,0.001655430786,0.001924532993,0.0005686282541,0.0005289696058,0.0004415464521,0.0003394617243,0.005853231864,0.0004528721089,0.001153952106,0.002451603746,0.003915853303,0.005074578194,4.532431022e-06,1.239136737e-05,2.564026772e-05,3.917873766e-05,0.01026810053,0.0003875394696,0.001908223296,0.006214504623,0.01212683225,0.01675744518,2.133893517e-08,1.27168931e-07,5.209454816e-07,1.372778834e-06,0.005613912311,8.594689457e-05,0.0007126569453,0.003387534849,0.008190910269,0.01300299345,7.269876786e-08,5.130726868e-07,2.593832763e-06,8.609341332e-06,0.01244866613,0.0006875181992,0.003867205711,0.01341611612,0.02677841845,0.03837700824,5.654077788e-08,4.839370135e-07,2.967065483e-06,1.176755005e-05,0.01639316686,0.001274784765,0.006322984661,0.0195175741,0.03541310848,0.04738437474,3.190606425e-08,3.48434878e-07,2.725719975e-06,1.353696738e-05,0.02075485568,0.002134351163,0.009031244226,0.02405340527,0.03828646217,0.04645471615,4.274949273e-09,7.573706121e-08,9.22335472e-07,6.644599148e-06,0.02300439657,0.002216694182,0.008781952255,0.02102524513,0.02869643149,0.02989578018,4.537646822e-11,2.189430234e-09,6.21026495e-08,8.498741207e-07,0.02215336239,0.0008458199623,0.003813779588,0.008655417209,0.008954937575,0.006375170039,1.424597965e-09,5.16798194e-08,1.102118399e-06,1.159123129e-05,0.04570380868,0.002913292857,0.008958596245,0.01425028432,0.01077373541,0.005605334301,2.542586864e-08,6.935930963e-07,1.112275374e-05,8.991600252e-05,0.07723566911,0.006393835261,0.01445837873,0.01728785233,0.01005347924,0.004000962527,3.255087588e-09,1.689969106e-07,4.585049754e-06,5.424745248e-05,0.08570551906,0.003773388382,0.006799700744,0.005771031988,0.001972219155,0.0004219546313
31,0.05785967463,0.0681599142,0.07204858911,0.06888142742,0.1793608082,0.09347577323,0.1447238956,0.1935917199,0.2217144133,0.221849886,0.07129630554,0.08191587103,0.08445249388,0.0788990705,0.1637262225,0.05896228637,0.08213284609,0.09959631225,0.1026197242,0.09317515879,0.001469268402,0.001876273839,0.002149981413,0.002214409104,0.02206210026,0.003889954789,0.008472196664,0.0155584529,0.02261298229,0.02783442802,0.001192367417,0.001561195191,0.0018342043,0.001933250405,0.0241688599,0.006166934054,0.01492861095,0.03024195965,0.04885633966,0.06627372321,0.02584738831,0.02173966255,0.01640711897,0.01149336544,0.04268610879,0.006927317962,0.01152572833,0.01648329328,0.01902132085,0.01849810223,0.03244216709,0.02655439653,0.01950322421,0.01332355678,0.03865292085,0.004195486281,0.006222101084,0.007997088827,0.008225405466,0.007196555178,0.0007050543496,0.0006388193706,0.0005193701128,0.0003896952285,0.005310125254,0.0002785365996,0.0006348632922,0.0012161485,0.001737506323,0.002032316009,0.0005617323129,0.0005229912691,0.0004369209491,0.0003361647151,0.005864203255,0.0004599017755,0.001176011404,0.002506678722,0.004017998309,0.005223886758,4.436460455e-06,1.216084726e-05,2.522936651e-05,3.864433059e-05,0.01034553101,0.0004070073904,0.002026737811,0.006669729145,0.01317705774,0.01842461269,2.073318131e-08,1.239958401e-07,5.097429916e-07,1.34764201e-06,0.005665542165,9.184057397e-05,0.0007731988619,0.00372759622,0.009171258052,0.01480640452,7.14145688e-08,5.055951531e-07,2.564071998e-06,8.535274e-06,0.01259778864,0.0007351623752,0.004191430056,0.01472443509,0.02984949265,0.0434231176,5.573489599e-08,4.785402731e-07,2.943208449e-06,1.170682807e-05,0.0166148064,0.001368045016,0.006877831396,0.02149820086,0.03962255495,0.05382414519,3.15893378e-08,3.460613867e-07,2.715670006e-06,1.352621967e-05,0.0210759422,0.002300941337,0.009868545067,0.02661515443,0.04304057451,0.05302848128,4.239355231e-09,7.537202457e-08,9.211355237e-07,6.657610443e-06,0.02341691458,0.002419656853,0.009732969061,0.02363359205,0.03285166347,0.03483879631,4.553623745e-11,2.208157365e-09,6.294793603e-08,8.654287433e-07,0.02277847949,0.0009741506814,0.004488896979,0.01039522531,0.01106601269,0.008104839562,1.44854528e-09,5.281207076e-08,1.131912654e-06,1.195968046e-05,0.04722311114,0.003401958776,0.01069105839,0.01735266227,0.01350812803,0.007235718422,2.613245468e-08,7.164429603e-07,1.154679966e-05,9.377598596e-05,0.08012142251,0.007550963546,0.01745003727,0.02129019551,0.01275525445,0.005229445819,3.41148334e-09,1.782022644e-07,4.864434751e-06,5.787851906e-05,0.08973381666,0.004694568073,0.008688408201,0.007558969467,0.002685851447,0.000597777993
32,0.05733444149,0.06757212377,0.07145998966,0.06834759521,0.179446952,0.09426872915,0.1462346261,0.1959647882,0.224867641,0.2254061494,0.0709654271,0.08162950762,0.08425407801,0.07879728558,0.1645984069,0.06022579465,0.08430182968,0.1026891221,0.1063224302,0.09696962812,0.001457740001,0.001864395479,0.002139633598,0.002206858339,0.02220974408,0.004001003835,0.008770495097,0.01620309196,0.02370250666,0.02934919754,0.001177738403,0.001543328702,0.001814727529,0.001914196147,0.02421330166,0.006262591453,0.01521378689,0.03092085531,0.05012984324,0.068222285,0.0256013526,0.02154255972,0.01626578763,0.0113991639,0.04270196267,0.006985883321,0.01164563391,0.01668466125,0.01929092314,0.01879361892,0.03228995873,0.02646179082,0.0194587246,0.01330800332,0.03887117168,0.0042900953,0.006395034129,0.008258482234,0.008537836183,0.007505111497,0.0006995733328,0.0006348500462,0.0005169546695,0.00038844589,0.005347080572,0.0002867260073,0.0006578870851,0.001268054479,0.001823750153,0.002146266619,0.0005546623244,0.0005168318021,0.0004321287771,0.0003327289797,0.005874040454,0.0004668974211,0.001198040854,0.00256185808,0.004120695605,0.005374486038,4.338501744e-06,1.192337342e-05,2.480126355e-05,3.808012031e-05,0.01042113539,0.0004273238301,0.002151811581,0.007155173367,0.01431088952,0.02024577437,2.011953225e-08,1.207487018e-07,4.981384205e-07,1.321233423e-06,0.005716035969,9.809819001e-05,0.0008384613967,0.004099371036,0.0102617698,0.01684640812,7.008090898e-08,4.977045568e-07,2.531947743e-06,8.452662017e-06,0.01274581912,0.0007858877419,0.004541183904,0.01615320596,0.03325507115,0.04910232566,5.488290897e-08,4.726985027e-07,2.916369591e-06,1.163355088e-05,0.01683549384,0.00146768591,0.00747848942,0.02366887929,0.04430783088,0.06109991657,3.124218655e-08,3.433284936e-07,2.70264812e-06,1.350020794e-05,0.02139674192,0.0024797227,0.01077904584,0.02943536314,0.04835692838,0.06049198282,4.198329512e-09,7.490491395e-08,9.186436459e-07,6.661133747e-06,0.023828938,0.002639799038,0.0107802263,0.02654659092,0.037577536,0.04056115504,4.560433934e-11,2.222481107e-09,6.367201357e-08,8.794099139e-07,0.0234108163,0.00112099696,0.005278316962,0.01247088982,0.01365718983,0.01028875907,1.469811572e-09,5.385447696e-08,1.160006866e-06,1.231289484e-05,0.04876985017,0.00396889589,0.01274497207,0.02110532301,0.01691334639,0.009325879091,2.680079718e-08,7.384279933e-07,1.19604409e-05,9.758209658e-05,0.08307380691,0.008908632283,0.02103693864,0.02618626328,0.01615987255,0.006824076032,3.565708612e-09,1.873929683e-07,5.146475761e-06,6.157856354e-05,0.09389651515,0.005833023483,0.01108544131,0.009884792781,0.003650911159,0.0008450877758
33,0.05679561505,0.06696672903,0.07085112713,0.06779295398,0.1795048886,0.09504162033,0.1477099371,0.1982863222,0.2279582767,0.2288979299,0.07061808434,0.08132351435,0.08403491047,0.07867585447,0.1654668382,0.06151774104,0.08653044793,0.1058813561,0.1101628148,0.1009228309,0.001445737721,0.001851865569,0.002128495809,0.002198461679,0.02235615124,0.004115063865,0.009078864544,0.01687349903,0.02484291899,0.03094414803,0.001162755459,0.001524938768,0.001794567594,0.00189435771,0.02425282601,0.006357553624,0.01549788014,0.03159936923,0.05140708333,0.07018284524,0.02534912323,0.02133971116,0.01611972129,0.01130139153,0.04271074002,0.007042831048,0.01176244889,0.01688118464,0.01955453889,0.01908307781,0.03213003703,0.02636263749,0.01940930064,0.01328904747,0.03908870793,0.004386973226,0.00657302306,0.008528799379,0.008862591619,0.007827352324,0.0006938625589,0.0006306568853,0.0005143470192,0.0003870469324,0.005383772551,0.0002951480455,0.0006817227088,0.001322123177,0.001914186456,0.002266488526,0.0005474256844,0.0005104965608,0.0004271730727,0.0003291559409,0.005882642888,0.0004738296113,0.001219945289,0.002616898871,0.00422348621,0.005525696955,4.238731144e-06,1.167931773e-05,2.435647129e-05,3.748649029e-05,0.01049454675,0.0004484630153,0.002283405886,0.007671227577,0.01553104975,0.02222858689,1.949943664e-08,1.174347783e-07,4.861545764e-07,1.293593449e-06,0.005765141814,0.0001047216939,0.0009085873571,0.004504472552,0.0114706555,0.01914582168,6.86997056e-08,4.894075867e-07,2.497455445e-06,8.361362771e-06,0.01289216897,0.0008397422491,0.004917372821,0.01770877747,0.03701965189,0.05547312904,5.398547189e-08,4.664100888e-07,2.886490951e-06,1.154730091e-05,0.01705437484,0.001573842411,0.008126818458,0.02604055108,0.0495060927,0.06929305664,3.086430647e-08,3.402270802e-07,2.686534757e-06,1.345810666e-05,0.02171604836,0.002671036501,0.01176618239,0.0325304787,0.05428284607,0.06893733687,4.151761996e-09,7.433208397e-08,9.147936615e-07,6.654541499e-06,0.02423876466,0.002877803955,0.01192960756,0.0297886022,0.04293313886,0.04716109252,4.557435053e-11,2.231991406e-09,6.426035867e-08,8.915822509e-07,0.02404790855,0.001288422927,0.006197904318,0.01493751241,0.01682447538,0.01303421338,1.488022608e-09,5.479107192e-08,1.186010849e-06,1.26463083e-05,0.05033844106,0.004624201733,0.01517055046,0.02562629876,0.02113596671,0.01199351992,2.742174664e-08,7.59269e-07,1.235875778e-05,0.0001012915616,0.08608289651,0.01049556541,0.02532052631,0.03215104879,0.02043161222,0.00888456789,3.715816322e-09,1.964608656e-07,5.428090366e-06,6.531004157e-05,0.09818165875,0.007234148364,0.01411433754,0.01289655263,0.004949662235,0.001191161861
34,0.05624363513,0.06634413529,0.07022230672,0.06721768343,0.1795327752,0.09579065994,0.1491423479,0.2005441959,0.2309696896,0.2323059538,0.07025414465,0.08099749026,0.08379431819,0.07853392224,0.1663291543,0.06283621666,0.08881592283,0.1091698551,0.1141383155,0.1050334659,0.001433264773,0.001838679608,0.002116552716,0.002189193416,0.02250085472,0.004231964612,0.009396954586,0.01756918396,0.02603397476,0.03261981162,0.00114743438,0.001506041832,0.001773738569,0.001873744566,0.02428702839,0.006451417743,0.01577964655,0.03227445769,0.05268221318,0.07214630489,0.02509091743,0.02113126347,0.0159690024,0.01120008726,0.04271199279,0.007097870596,0.01187555575,0.01707179217,0.01981068603,0.0193648078,0.03196233601,0.02625679758,0.01935478703,0.01326653609,0.03930494851,0.004485985846,0.006755867757,0.008807814529,0.009199518206,0.008163247436,0.0006879233694,0.0006262380916,0.0005115431759,0.0003854935717,0.005420086794,0.0003037910262,0.0007063463374,0.001378324296,0.00200881504,0.002393052489,0.0005400302549,0.0005039914738,0.0004220575609,0.000325447548,0.005889912514,0.0004806678991,0.001241625149,0.002671544213,0.004325879155,0.005676785112,4.137333775e-06,1.142908974e-05,2.389560441e-05,3.686400947e-05,0.01056539686,0.0004703897785,0.002421414096,0.008217995545,0.01683957851,0.02437969309,1.88743785e-08,1.140618067e-07,4.738171878e-07,1.264772222e-06,0.005812605661,0.0001117094437,0.0009836801854,0.004944309065,0.01280573828,0.02172747684,6.72731815e-08,4.807136421e-07,2.460606447e-06,8.261291164e-06,0.01303623585,0.0008967487486,0.005320724878,0.01939684408,0.04116674656,0.06259404549,5.304354313e-08,4.596764107e-07,2.853534579e-06,1.144774313e-05,0.01727056984,0.001686599374,0.0088243787,0.02862322573,0.05525342459,0.07848569317,3.045559829e-08,3.367504211e-07,2.667229523e-06,1.339918379e-05,0.02203261009,0.002875133302,0.01283295361,0.03591586454,0.06086490535,0.07845850416,4.099585023e-09,7.365066466e-08,9.095287288e-07,6.637270017e-06,0.02464461852,0.003134226282,0.01318649245,0.03338317798,0.04897838688,0.05474174625,4.544063842e-11,2.23631129e-09,6.46991665e-08,9.017164717e-07,0.02468708588,0.001478550025,0.007264608475,0.01785578631,0.02067775997,0.01646838592,1.50281642e-09,5.560604385e-08,1.209530047e-06,1.295522053e-05,0.05192269641,0.005378526771,0.01802260911,0.03104813791,0.0263468772,0.01538073569,2.798602255e-08,7.786773293e-07,1.273656977e-05,0.0001048585789,0.08913746801,0.01234263345,0.03041336525,0.03938403778,0.02576480389,0.01153305909,3.859711214e-09,2.05286927e-07,5.705805675e-06,6.902965679e-05,0.1025749582,0.008950386503,0.01792251723,0.01677607123,0.006687631266,0.001672521205
35,0.05567897161,0.06570479296,0.06957389135,0.06662202708,0.1795288368,0.09651204836,0.1505243113,0.2027261143,0.233884928,0.2356104804,0.06987351974,0.08065108972,0.08353168779,0.07837069034,0.1671829848,0.06417913981,0.09115510884,0.1125508507,0.1182455446,0.1092993109,0.001420325895,0.001824835339,0.002103791799,0.002179030862,0.0226433847,0.004351513032,0.009724339742,0.01828947018,0.02727507885,0.03437620101,0.001131791922,0.001486656021,0.001752256969,0.001852369202,0.02431551585,0.006543768544,0.01605778942,0.03294291603,0.05394900819,0.07410287552,0.02482696618,0.02091737813,0.0158137271,0.01109530116,0.04270529027,0.007150710758,0.01198433229,0.0172553992,0.02005785621,0.01963710023,0.03178681084,0.02614415086,0.01929503284,0.01324032587,0.03951930941,0.004586985493,0.006943337863,0.009095249228,0.009548391766,0.008512691513,0.000681757855,0.0006215926449,0.0005085398389,0.0003837815585,0.005455908058,0.0003126415635,0.0007317283302,0.001436612593,0.002107608364,0.002525991217,0.0005324843469,0.0004973230329,0.0004167865533,0.0003216062816,0.005895754273,0.0004873809597,0.001262976918,0.002725524411,0.004427353478,0.005826963497,4.034502696e-06,1.117313473e-05,2.341937789e-05,3.621343284e-05,0.01063331785,0.000493058831,0.00256565372,0.008795248591,0.01823767866,0.02670439307,1.824586738e-08,1.106379468e-07,4.611547428e-07,1.234829407e-06,0.005858172608,0.0001190556978,0.001063795386,0.00542001562,0.01427418275,0.02461359865,6.580385552e-08,4.716348276e-07,2.421428366e-06,8.152422366e-06,0.01317740613,0.0009569009144,0.005751748141,0.02122221217,0.04571814498,0.07052213397,5.205838471e-08,4.525019207e-07,2.817483593e-06,1.13346315e-05,0.01748317757,0.001805982496,0.009572350767,0.03142559866,0.06158377041,0.08875874789,3.001617497e-08,3.328943357e-07,2.644652975e-06,1.332281264e-05,0.02234513546,0.003092154314,0.01398178632,0.03960526065,0.06814765112,0.08914919433,4.041775799e-09,7.285862884e-08,9.028024871e-07,6.608830029e-06,0.02504465712,0.00340945851,0.01455553666,0.03735229979,0.05577252578,0.06340920288,4.519850278e-11,2.235105604e-09,6.497565158e-08,9.095941377e-07,0.02532547903,0.001693509126,0.008496201004,0.02129145665,0.02534094291,0.02073991815,1.513850901e-09,5.628404904e-08,1.230172911e-06,1.323487967e-05,0.05351583255,0.006242883695,0.02135996881,0.03751736544,0.03274243157,0.01965669459,2.848438505e-08,7.963598557e-07,1.30885178e-05,0.0001082349804,0.09222499257,0.01448241549,0.03643834857,0.04810921468,0.03238607962,0.01491711159,3.995184583e-09,2.137429479e-07,5.975798449e-06,7.268873429e-05,0.1070597041,0.01104144281,0.02268345042,0.02174361374,0.008998382803,0.002337412765
36,0.05510212379,0.06504919719,0.06890630174,0.06600629292,0.1794913741,0.09720199226,0.1518482549,0.2048196858,0.2366868241,0.2387914298,0.06947616712,0.08028402525,0.08324646952,0.07818542119,0.1680259573,0.0655442533,0.09354448041,0.1160199343,0.1224802321,0.1137171441,0.001406927379,0.001810332817,0.002090203473,0.002167954545,0.02278327006,0.00447349261,0.01006051548,0.01903348078,0.02856525063,0.03621274438,0.001115845761,0.001466801098,0.001730141735,0.00183024713,0.02433790895,0.006634180301,0.01633096588,0.03360139426,0.05520089517,0.07604212253,0.02455751381,0.0206982313,0.01565400516,0.01098709451,0.04269022096,0.007201061184,0.01208815516,0.0174309143,0.02029452463,0.01989822049,0.03160343854,0.02602459682,0.0192299024,0.01321028418,0.03973120525,0.004689810756,0.007135171556,0.009390769229,0.009908911983,0.008875496796,0.0006753688657,0.0006167203251,0.0005053344252,0.0003819072127,0.005491120615,0.0003216845135,0.0007578328895,0.001496926655,0.002210508564,0.002665294169,0.0005247966997,0.0004904982786,0.0004113649427,0.0003176351534,0.00590007655,0.0004939367459,0.001283893664,0.002778558347,0.004527360884,0.005975396338,3.930437865e-06,1.091193137e-05,2.292860381e-05,3.553569986e-05,0.01069794404,0.0005164141173,0.002715858817,0.009402379641,0.01972555382,0.02920628779,1.761542795e-08,1.071717216e-07,4.48198289e-07,1.203833858e-06,0.005901588254,0.0001267501161,0.001148931616,0.005932379823,0.01588218367,0.0278250527,6.429452932e-08,4.621859176e-07,2.379965308e-06,8.034793937e-06,0.01331505764,0.001020159122,0.006210685872,0.02318854424,0.05069307164,0.07931121038,5.103155912e-08,4.448941901e-07,2.778343009e-06,1.120781468e-05,0.01769127904,0.001931949075,0.0103714504,0.03445462899,0.06852769428,0.1001895315,2.954636695e-08,3.286573144e-07,2.618748233e-06,1.322848298e-05,0.02265229819,0.003322112029,0.01521438931,0.04361017853,0.07617207656,0.1011002522,3.978358253e-09,7.195485019e-08,8.94580106e-07,6.568816681e-06,0.02543698061,0.003703695234,0.01604042752,0.04171549335,0.06337228094,0.07326987457,4.484430816e-11,2.228089541e-09,6.507835237e-08,9.150126082e-07,0.02596003069,0.001935379637,0.009910899433,0.02531435846,0.03095131618,0.02601974349,1.520811654e-09,5.681054698e-08,1.247559039e-06,1.348057638e-05,0.05511048613,0.00722838735,0.02524448097,0.04519302587,0.04054452675,0.02501965,2.890782503e-08,8.120246924e-07,1.340916242e-05,0.0001113710567,0.0953316489,0.01694855335,0.04352712397,0.05857371969,0.04055550393,0.01921226383,4.119957875e-09,2.216938306e-07,6.233954674e-06,7.623386373e-05,0.1116167157,0.01357415499,0.02859804085,0.02806193649,0.01204844623,0.003248628472
37,0.05451361948,0.06437788719,0.06822001621,0.06537085358,0.1794187709,0.09785672493,0.153106626,0.2068125002,0.2393581103,0.2418285263,0.06906209132,0.07989606985,0.08293818084,0.07797744257,0.168855704,0.06692912338,0.09598012226,0.1195720304,0.1268371734,0.1182826671,0.001393077073,0.001795174462,0.002075781205,0.002155948378,0.02292003996,0.004597662862,0.01040489477,0.01980012571,0.02990309041,0.038128221,0.001099614449,0.001446498422,0.001707414197,0.001807396871,0.02435384356,0.006722219078,0.01659779436,0.03424641607,0.05643098963,0.07795302323,0.02428281755,0.02047401354,0.01548995988,0.01087553982,0.04266639445,0.007248633991,0.01218640366,0.0175972465,0.02051916086,0.020146421,0.03141221858,0.02589805545,0.01915927626,0.01317628984,0.03994005087,0.004794286309,0.007331074539,0.009693981729,0.01028069722,0.009251385972,0.0006687600152,0.0006116217307,0.0005019250989,0.0003798674559,0.005525608636,0.0003309029282,0.0007846177584,0.001559187759,0.002317424576,0.002810902345,0.0005169764558,0.0004835247811,0.0004057981911,0.0003135377023,0.005902791622,0.0005003026641,0.001304265654,0.002830355172,0.004625329064,0.006121204131,3.825345015e-06,1.064598899e-05,2.242418705e-05,3.483193085e-05,0.01075891387,0.0005403882779,0.002871673006,0.01003835859,0.02130224343,0.03188690224,1.698458932e-08,1.036719524e-07,4.349811962e-07,1.17186313e-06,0.005942600156,0.0001347772857,0.001239021658,0.006481763194,0.01763461843,0.03138046053,6.274827063e-08,4.52384288e-07,2.336277869e-06,7.908507252e-06,0.01344856276,0.001086446394,0.006697470352,0.02529808535,0.05610724194,0.08900975904,4.996492244e-08,4.368639199e-07,2.736140341e-06,1.106724065e-05,0.01789394208,0.002064378787,0.01122183958,0.03771508313,0.07611097856,0.1128488932,2.904672493e-08,3.24040616e-07,2.589482357e-06,1.311581118e-05,0.02295274373,0.003564870593,0.01653159912,0.04793923865,0.08497388059,0.1143965082,3.909404301e-09,7.093915053e-08,8.848392098e-07,6.516918773e-06,0.02581964207,0.0040168962,0.01764361898,0.04648882788,0.07182964164,0.08442714521,4.437560259e-11,2.215036704e-09,6.499743045e-08,9.177900596e-07,0.02658751025,0.002206114981,0.01152686328,0.0299969492,0.03765797027,0.03250082374,1.523419884e-09,5.717214769e-08,1.261327869e-06,1.368774719e-05,0.05669874191,0.008345918532,0.02973960941,0.05424407634,0.04999916729,0.03169781458,2.924776837e-08,8.253875207e-07,1.369309621e-05,0.0001142165335,0.09844235977,0.01977486925,0.05181757016,0.0710447444,0.05056602822,0.02462370083,4.231734541e-09,2.290004403e-07,6.475948989e-06,7.960782787e-05,0.1162243313,0.01662190282,0.03589477881,0.03603906223,0.01604197449,0.004486534881
38,0.05391401402,0.06369144527,0.06751556994,0.06471614612,0.1793095016,0.0984725277,0.154291939,0.2086922137,0.2418815458,0.2447014549,0.06863134492,0.07948705918,0.08260640971,0.07774615179,0.1696698688,0.06833114003,0.09845772278,0.1232013745,0.1313101825,0.1229904345,0.00137878438,0.001779365086,0.002060521604,0.002142999814,0.02305322555,0.00472375906,0.01075680535,0.02058809041,0.03128674805,0.0401206988,0.001083117349,0.001425770876,0.001684098013,0.001783839919,0.02436297271,0.006807445254,0.01685686311,0.03487440122,0.05763214123,0.07982404004,0.02400314699,0.0202449294,0.01532172793,0.01076072068,0.04263344324,0.007293145463,0.01227846385,0.01775331303,0.02073024046,0.02037995537,0.03121317338,0.02576446803,0.01908305194,0.01313823389,0.0401452631,0.004900222848,0.007530719264,0.01000443301,0.01066327976,0.009639985398,0.0006619356804,0.0006062982918,0.0004983107949,0.0003776598392,0.005559256609,0.0003402780255,0.0008120339671,0.001623298842,0.00242822938,0.002962703159,0.0005090331329,0.0004764106172,0.0004000923147,0.0003093179858,0.005903816112,0.0005064457708,0.001323981065,0.00288061627,0.004720665692,0.006263469875,3.719434453e-06,1.037584442e-05,2.190711994e-05,3.410342127e-05,0.01081587182,0.000564902247,0.003032643343,0.01070169049,0.02296545963,0.03474529751,1.635487411e-08,1.001476896e-07,4.215388849e-07,1.139002876e-06,0.005980959365,0.0001431162869,0.001333923553,0.007068020019,0.01953466956,0.03529519127,6.11683933e-08,4.422498163e-07,2.290442953e-06,7.773728174e-06,0.01357729171,0.001155644523,0.007211676511,0.02755137758,0.06197183292,0.09965855624,4.886061408e-08,4.284249125e-07,2.690925925e-06,1.091296029e-05,0.01809022625,0.002203064736,0.01212303616,0.04120905341,0.08435307831,0.1267979399,2.851802e-08,3.190483333e-07,2.556847474e-06,1.298454893e-05,0.0232450965,0.003820126427,0.01793322107,0.05259746236,0.09458152116,0.1291130997,3.83503443e-09,6.981233447e-08,8.735706465e-07,6.452926925e-06,0.0261906594,0.004348749102,0.01936605174,0.0516838157,0.08118929223,0.09697725697,4.379121796e-11,2.195786394e-09,6.472495429e-08,9.177704159e-07,0.02720453256,0.002507454494,0.01336155238,0.03541226153,0.04561897475,0.04039635934,1.52144006e-09,5.7356961e-08,1.271147699e-06,1.385208462e-05,0.05827217216,0.009605707838,0.03490851278,0.06484540368,0.0613730356,0.03994853076,2.949628859e-08,8.36178377e-07,1.39350679e-05,0.0001167216825,0.101540854,0.0229942256,0.06145016609,0.08580424258,0.06274063003,0.03138649644,4.328259027e-09,2.355229879e-07,6.69734331e-06,8.275081752e-05,0.1208584456,0.02026342323,0.04482813699,0.04602895637,0.02122451995,0.006152082977
39,0.05330388892,0.06299049551,0.06679355392,0.0640426713,0.179162138,0.09904575223,0.1553968253,0.2104466381,0.2442400511,0.2473900313,0.06818402922,0.07905689329,0.0822508176,0.07749101948,0.1704661146,0.06974751909,0.1009725709,0.1269014965,0.1358920523,0.1278337903,0.001364060242,0.001762911921,0.002044424495,0.002129099979,0.02318236175,0.004851492198,0.01111548772,0.02139582635,0.03271389454,0.04218747539,0.001066374581,0.001404642793,0.001660219092,0.001759600674,0.02436496838,0.00688941629,0.01710673985,0.03548169129,0.0587969873,0.081643209,0.02371878341,0.020011197,0.01514945897,0.01064273169,0.04259102449,0.007334317809,0.01236373276,0.01789804751,0.02092625753,0.02059709362,0.03100634861,0.02562379771,0.01900114474,0.01309602024,0.04034626248,0.005007417163,0.007733744446,0.01032160649,0.01105610161,0.01004081884,0.0006549009947,0.0006007522786,0.0004944912384,0.0003752825689,0.005591949762,0.0003497891767,0.0008400256389,0.001689143601,0.002542757467,0.00312052553,0.0005009765917,0.0004691643422,0.0003942538637,0.0003049805677,0.005903071429,0.0005123329862,0.001342926778,0.002929037493,0.004812763077,0.006401246504,3.612919795e-06,1.01020586e-05,2.137847583e-05,3.335163389e-05,0.01086847054,0.0005898650107,0.003198215373,0.01139037822,0.02471143182,0.03777768403,1.572778747e-08,9.660813926e-08,4.079085243e-07,1.105346113e-06,0.006016422021,0.0001517403192,0.001433412194,0.007690416196,0.02158342642,0.03958024648,5.955843416e-08,4.3180475e-07,2.242553382e-06,7.63068693e-06,0.01370061617,0.001227590507,0.007752476752,0.02994697023,0.06829239012,0.1112880419,4.772104272e-08,4.195940059e-07,2.642772973e-06,1.074512972e-05,0.01827918828,0.002347705081,0.01307382471,0.04493546404,0.09326546313,0.1420843695,2.796124102e-08,3.136874241e-07,2.520861601e-06,1.283459065e-05,0.0235279678,0.004087389722,0.01941786992,0.05758553537,0.1050140995,0.1453113041,3.755417586e-09,6.857621005e-08,8.607790766e-07,6.376740442e-06,0.02654802842,0.004698633373,0.02120686646,0.05730623671,0.09148572582,0.1110044489,4.309134796e-11,2.17024986e-09,6.425515738e-08,9.148280142e-07,0.02780758069,0.002840822645,0.01543094402,0.04163122095,0.05499709847,0.04993601244,1.514687095e-09,5.735493595e-08,1.276724729e-06,1.396965077e-05,0.05982188832,0.01101683983,0.04081159035,0.07717226948,0.0749475771,0.05005509558,2.964632131e-08,8.441486998e-07,1.413011505e-05,0.0001188385389,0.1046097549,0.02663711665,0.0725631272,0.1031410598,0.0774264538,0.03976378247,4.407381197e-09,2.411248568e-07,6.893702727e-06,8.560191723e-05,0.1254925994,0.02458090058,0.05567463105,0.05842912027,0.0278850989,0.008369434884
40,0.05268385047,0.06227570223,0.06605461353,0.0633509925,0.1789753563,0.09957284351,0.1564140854,0.2120638347,0.2464168515,0.2498743814,0.06772029468,0.0786055381,0.08187114203,0.07721159311,0.1712421307,0.07117530604,0.1035195569,0.1306652107,0.1405745233,0.1328048125,0.001348917115,0.001745824616,0.002027492974,0.002114243779,0.02330698904,0.004980549226,0.01148009406,0.02222154362,0.03418169745,0.0443250243,0.001049406946,0.001383139872,0.001635805505,0.001734706362,0.02435952328,0.006967689727,0.0173459824,0.03606457855,0.05991801408,0.08339824299,0.02343001906,0.01977304738,0.0149733153,0.01052167814,0.04253882171,0.007371880979,0.01244162281,0.01803040843,0.02110573776,0.02079613832,0.03079181342,0.02547603002,0.0189134883,0.01304956639,0.04054247521,0.005115652339,0.007939754874,0.0106449214,0.01145851094,0.01045330186,0.0006476618367,0.0005949868026,0.0004904669591,0.0003727345268,0.005623574524,0.0003594139139,0.0008685298612,0.001756585764,0.002660802583,0.003284135302,0.0004928170019,0.0004617949589,0.0003882898969,0.0003005305008,0.005900484193,0.0005179313252,0.001360989238,0.00297531166,0.004901003442,0.006533565463,3.506016653e-06,9.825212758e-06,2.083940167e-05,3.257818893e-05,0.01091637289,0.0006151735529,0.003367729628,0.01210189149,0.02653476527,0.04097705022,1.510480628e-08,9.306258766e-08,3.941287054e-07,1.070992391e-06,0.006048751001,0.0001606164053,0.001537171762,0.008347551076,0.02377947845,0.04424106606,5.792212714e-08,4.21073546e-07,2.1927173e-06,7.479677158e-06,0.01381791305,0.001302073454,0.008318598593,0.03248113491,0.075067701,0.1239154975,4.654886908e-08,4.103909688e-07,2.591777326e-06,1.056401125e-05,0.01845988778,0.002497895559,0.01407217164,0.04888957963,0.1028498899,0.1587384926,2.737758929e-08,3.079677056e-07,2.481569148e-06,1.266597895e-05,0.02379996444,0.004365967487,0.02098281555,0.0628990647,0.1162791272,0.1630339579,3.670770324e-09,6.723359426e-08,8.464833582e-07,6.288372623e-06,0.02688973724,0.005065586402,0.02316311967,0.06335492243,0.1027401045,0.126575412,4.227759963e-11,2.138415233e-09,6.358466019e-08,9.088718309e-07,0.02839303266,0.003207217479,0.01774861416,0.04871930385,0.06595387535,0.06135968823,1.503032755e-09,5.715817789e-08,1.277811828e-06,1.403699045e-05,0.06133860484,0.01258668316,0.04750348163,0.09139304818,0.09101014937,0.06232056494,2.969187306e-08,8.490784016e-07,1.427370082e-05,0.0001205221899,0.107630697,0.03072999768,0.08528623816,0.1233401638,0.09498528396,0.05004213568,4.467123945e-09,2.456767533e-07,7.060725477e-06,8.810082662e-05,0.1300981252,0.02965721739,0.06872595894,0.07367401056,0.03635550776,0.01128769178
41,0.05205452805,0.06154776806,0.06529944668,0.0626417341,0.1787479437,0.1000503633,0.1573367419,0.2135322115,0.2483956248,0.2521351295,0.0672403411,0.07813302648,0.08146719881,0.0769075001,0.1719956404,0.07261138176,0.1060931769,0.1344846119,0.1453482611,0.137894269,0.001333368936,0.001728115227,0.002009733438,0.00209842999,0.02342665546,0.005110593575,0.01184968814,0.02306320617,0.03568680119,0.0465289481,0.001032235851,0.001361289073,0.001610887368,0.001709186923,0.0243463525,0.007041826385,0.01757315011,0.0366193377,0.06098762526,0.08507664924,0.02313715633,0.01953072384,0.01479347135,0.01039767575,0.04247654632,0.007405574507,0.01251156637,0.01814938804,0.02126725207,0.02097544133,0.03056966055,0.02532117328,0.01882003522,0.01299880389,0.04073333504,0.00522469811,0.008148321561,0.01097373192,0.01186975938,0.01087673703,0.0006402248135,0.0005890058133,0.0004862393001,0.0003700152868,0.005654018988,0.0003691279578,0.0008974766344,0.001825468562,0.002782115826,0.003453231133,0.0004845648048,0.0004543118817,0.000382207954,0.0002959733068,0.005895986647,0.0005232081426,0.001378055393,0.003019131279,0.004984764786,0.006659446376,3.398941295e-06,9.545904502e-06,2.029110975e-05,3.17848524e-05,0.01095925415,0.0006407130112,0.003540419883,0.01283314406,0.02842832105,0.04433282333,1.448736859e-08,8.952032451e-08,3.802390922e-07,1.036046856e-06,0.006077717594,0.0001697051942,0.001644789366,0.009037285799,0.02611851574,0.04927629397,5.626337489e-08,4.100826805e-07,2.141057379e-06,7.321054124e-06,0.01392856845,0.001378832075,0.008908286914,0.03514759668,0.08228867298,0.1375421137,4.534698529e-08,4.008383569e-07,2.538056914e-06,1.036997301e-05,0.01863139345,0.00265312325,0.01511514806,0.05306253496,0.113096663,0.1767690552,2.676847034e-08,3.019018115e-07,2.439041071e-06,1.24789083e-05,0.02405969801,0.004654948908,0.02262383961,0.06852785586,0.1283702468,0.1823005859,3.581355204e-09,6.578830273e-08,8.307167083e-07,6.187954312e-06,0.02721378175,0.005448273766,0.0252295143,0.06982054423,0.1149569615,0.1437331884,4.135301558e-11,2.100350901e-09,6.271264632e-08,8.998490902e-07,0.02895719204,0.003607091362,0.02032469907,0.05673255464,0.07864189875,0.07490848235,1.486411033e-09,5.676123051e-08,1.274216665e-06,1.405123974e-05,0.06281271537,0.01432025901,0.05502954872,0.1076602185,0.1098418895,0.07705789864,2.962821625e-08,8.50782704e-07,1.436185032e-05,0.0001217320906,0.1105844707,0.0352933777,0.09973339146,0.146668797,0.1157797789,0.06252347129,4.50575132e-09,2.490610239e-07,7.194382442e-06,9.01897627e-05,0.1346443528,0.03557228458,0.08427869227,0.09222317802,0.04700569098,0.01508105215
42,0.05141657239,0.06080743187,0.0645288016,0.06191557957,0.1784788039,0.1004750139,0.1581580942,0.2148406219,0.2501606537,0.2541535925,0.06674441748,0.07763945893,0.08103888384,0.07657845054,0.1727244096,0.07405247006,0.1086875423,0.1383510804,0.1502028456,0.1430915846,0.001317431072,0.001709798181,0.001991155588,0.00208166131,0.02354091846,0.005241265974,0.01222324628,0.02391852987,0.03722531295,0.04879394014,0.001014883232,0.001339118508,0.001585496712,0.00168307488,0.02432519515,0.007111393733,0.01778681618,0.03714226023,0.06199821706,0.08666585956,0.0228405069,0.0192844812,0.01461011314,0.01027085025,0.04240393915,0.00743514937,0.01257302026,0.01825402121,0.02140943046,0.02113342102,0.03034000623,0.02515925881,0.01872075748,0.01294367895,0.04091828528,0.005334311355,0.00835898225,0.01130732705,0.01228900017,0.01131031013,0.000632597239,0.0005828140885,0.0004818104206,0.0003671251266,0.005683173393,0.0003789052687,0.0009267889022,0.001895614421,0.002906404189,0.003627441004,0.0004762306735,0.0004467248984,0.0003760160221,0.000291314951,0.00588951705,0.0005281313899,0.001394013685,0.003060191476,0.005063427255,0.006777907683,3.291909297e-06,9.264743589e-06,1.973486869e-05,3.097352253e-05,0.01099680409,0.000666357065,0.003715413437,0.01358048096,0.03038312464,0.04783058077,1.387686351e-08,8.599056576e-08,3.662800581e-07,1.000619235e-06,0.006103103194,0.0001789608825,0.001755750312,0.009756681952,0.02859295536,0.05467655483,5.458621833e-08,3.988604338e-07,2.087709834e-06,7.155232104e-06,0.01403198181,0.001457552964,0.009519272757,0.03793729351,0.08993726233,0.1521500546,4.411849143e-08,3.909613331e-07,2.481750913e-06,1.016348702e-05,0.01879278942,0.00281276196,0.01619886422,0.05744090667,0.1239829525,0.1961590114,2.613548307e-08,2.955051095e-07,2.393374656e-06,1.227372655e-05,0.02430579468,0.004953193795,0.02433511016,0.07445524158,0.1412649933,0.2031024035,3.487478456e-09,6.424512287e-08,8.135266287e-07,6.075735517e-06,0.02751818199,0.005844965208,0.02739815834,0.07668446012,0.1281208737,0.1624907146,4.032206446e-11,2.056207139e-09,6.164098405e-08,8.87748089e-07,0.02949632199,0.004040228402,0.02316476678,0.06571303653,0.09319534439,0.09081253585,1.464822232e-09,5.616131022e-08,1.265808877e-06,1.401022548e-05,0.06423438058,0.01621956736,0.06342191786,0.1260997015,0.1317021386,0.09457593811,2.945206237e-08,8.491184585e-07,1.439128088e-05,0.0001224333566,0.1134511942,0.04033972601,0.1159939479,0.1733595814,0.1401550974,0.07751282088,4.521834091e-09,2.511759548e-07,7.291060481e-06,9.181546949e-05,0.1390988749,0.04239842607,0.1026201383,0.1145431419,0.06023389343,0.01994659992
43,0.05077065357,0.06005546637,0.06374347438,0.061173269,0.1781669632,0.1008436615,0.1588717724,0.2159784643,0.2516969797,0.255911977,0.06623282162,0.077125004,0.08058617445,0.07622423948,0.1734262542,0.07549514737,0.1112963932,0.1422552938,0.1551267714,0.1483848238,0.001301120268,0.001690890236,0.001971772422,0.002063944396,0.02364934698,0.005372185596,0.01259965955,0.02478498376,0.03879279527,0.05111375686,0.0009973714659,0.001316657328,0.001559667346,0.001656405188,0.02429581583,0.007175969381,0.01798558055,0.03762969085,0.06294225888,0.08815337199,0.02254039071,0.01903458493,0.0144234376,0.01014133696,0.04232077178,0.007460369832,0.01262547041,0.01834339445,0.02153097597,0.02126857971,0.03010298999,0.02499034107,0.0186156468,0.01288415278,0.04109678082,0.00544423675,0.008571242305,0.01164493121,0.01271528735,0.01175308749,0.0006247871064,0.0005764172191,0.0004771832941,0.000364065035,0.005710930618,0.0003887181212,0.0009563826751,0.001966824923,0.003033329612,0.003806319484,0.0004678254716,0.0004390441285,0.0003697224997,0.0002865618143,0.005881020034,0.0005326698815,0.001408755084,0.003098193085,0.00513637995,0.006887978107,3.185134188e-06,8.982347632e-06,1.917199369e-05,3.014621468e-05,0.01102872909,0.0006919685719,0.003891733675,0.01433967765,0.03238831084,0.05145183143,1.327462171e-08,8.248237765e-08,3.522923134e-07,9.648227493e-07,0.006124700977,0.0001883312718,0.0018694354,0.01050195466,0.03119161481,0.06042330276,5.289480456e-08,3.874366526e-07,2.032823259e-06,6.982680953e-06,0.01412757014,0.001537869773,0.01014875065,0.04083817745,0.09798550695,0.1676996522,4.286666928e-08,3.807874532e-07,2.423018612e-06,9.94512587e-06,0.01894318189,0.002976069554,0.01731841948,0.06200635031,0.1354712498,0.216861431,2.548040624e-08,2.887955826e-07,2.344692934e-06,1.205093424e-05,0.02453690541,0.005259324936,0.02610908124,0.08065749693,0.1549227021,0.2253974066,3.389486917e-09,6.260977087e-08,7.949745861e-07,5.952084963e-06,0.02780099939,0.006253518128,0.02965836605,0.08391768284,0.1421932643,0.1828242821,3.919059869e-11,2.006215837e-09,6.037428607e-08,8.726000943e-07,0.03000668261,0.004505624129,0.02626864203,0.07568385709,0.1097188806,0.1092757552,1.438335543e-09,5.535848172e-08,1.252525931e-06,1.391255117e-05,0.06559362692,0.01828289905,0.07269521219,0.1467988053,0.1568095329,0.1151609562,2.916170524e-08,8.43989673e-07,1.435952079e-05,0.0001225979792,0.1162105123,0.0458712703,0.1341231641,0.2035908851,0.1684158738,0.0953015809,4.514309523e-09,2.519398471e-07,7.347702948e-06,9.293124494e-05,0.1434278735,0.05019487032,0.1240102412,0.1410823197,0.07645041995,0.02609885751
44,0.05011745898,0.05929267553,0.06294430605,0.06041559643,0.1778115754,0.10115336,0.1594717914,0.2169357811,0.2529905563,0.2573935756,0.06570589945,0.07658989815,0.0801091303,0.07584474875,0.1740990489,0.07693585423,0.1139131172,0.1461872488,0.1601074615,0.1537606874,0.001284454578,0.00167141041,0.001951600191,0.002045289868,0.0237515234,0.005502951517,0.01297773715,0.02565979489,0.04038426605,0.05348120242,0.0009797232848,0.001293935591,0.001533434694,0.001629215065,0.02425800612,0.007235144672,0.01816808321,0.03807806559,0.06381237849,0.08952690152,0.02223713502,0.01878131026,0.01423365184,0.01000928022,0.0422268478,0.00748101526,0.0126684363,0.01841665476,0.02163067857,0.02137952093,0.02985877435,0.02481449767,0.01850471484,0.01282020196,0.04126829022,0.00555420759,0.008784575997,0.01198570559,0.01314757611,0.01220401465,0.0006168030572,0.0005698215878,0.0004723617001,0.0003608367138,0.005737186675,0.0003985372027,0.0009861672495,0.002038881038,0.003162508613,0.003989345906,0.0004593602104,0.000431279979,0.0003633361574,0.0002817206619,0.005870446952,0.0005367935654,0.001422174159,0.003132845862,0.005203028052,0.006988708778,3.078826131e-06,8.699337706e-06,1.860383632e-05,2.930504485e-05,0.01105475429,0.0007174004642,0.004068305114,0.01510595267,0.03443111236,0.05517388664,1.268190664e-08,7.900460292e-08,3.383165285e-07,9.287729874e-07,0.006142317558,0.0001977579789,0.001985120644,0.01126844423,0.03389945518,0.06648781348,5.119335352e-08,3.758424919e-07,1.976557297e-06,6.803921909e-06,0.01421477226,0.001619363461,0.01079336648,0.04383507143,0.106394721,0.1841268828,4.159495398e-08,3.703464183e-07,2.362037998e-06,9.715557964e-06,0.01908170592,0.00314218761,0.01846787189,0.06673532673,0.1475080531,0.2387957606,2.480518258e-08,2.817936717e-07,2.293143718e-06,1.181118163e-05,0.02475171655,0.005571725124,0.02793642498,0.08710337832,0.1692826812,0.2491058031,3.287764302e-09,6.088883254e-08,7.751354459e-07,5.817487524e-06,0.02806035436,0.006671370333,0.03199651737,0.09148003808,0.157109525,0.2046672643,3.796577908e-11,1.950688251e-09,5.891990223e-08,8.544801913e-07,0.03048457089,0.005001374214,0.02962924299,0.08664398285,0.1282753197,0.130457656,1.407089949e-09,5.435576474e-08,1.234377387e-06,1.375766521e-05,0.06688045528,0.02050416892,0.08284216757,0.169793233,0.185320227,0.1390538957,2.875712719e-08,8.35351975e-07,1.426501086e-05,0.0001222059072,0.1188418199,0.05187779195,0.1541320791,0.2374650962,0.2007989486,0.1161461652,4.482532105e-09,2.512946515e-07,7.36194015e-06,9.349888332e-05,0.1475965041,0.05900150154,0.1486597498,0.1722388502,0.09605413263,0.03376028707
45,0.04945769113,0.05851989177,0.06213217947,0.05964340664,0.1774119261,0.101401373,0.1599526031,0.2177033558,0.2540283995,0.2585829607,0.06516404406,0.07603444542,0.07960789386,0.07543994829,0.1747407349,0.07837090892,0.1165307724,0.1501362908,0.1651312949,0.1592045277,0.001267453292,0.001651379907,0.001930658342,0.002025712282,0.02384704557,0.005633144513,0.01335621109,0.02653995679,0.04199420678,0.05588812715,0.0009619616824,0.001270984129,0.001506835626,0.001601543799,0.02421158575,0.007288528306,0.01833301786,0.03848395098,0.06460145028,0.09077453765,0.02193107334,0.01852494117,0.01404097239,0.009874832841,0.04212200386,0.007496881883,0.01270147532,0.01847301825,0.02170742863,0.02146496629,0.02960754437,0.02463182922,0.01838799337,0.01275181871,0.04143229772,0.005663946752,0.008998428209,0.01232875026,0.01358472433,0.01266191644,0.000608654345,0.0005630343425,0.00046735021,0.0003574425742,0.005761841211,0.0004083317375,0.00101604553,0.002111543675,0.003293512591,0.004175923587,0.0004508460044,0.0004234430978,0.0003568660952,0.0002767986082,0.005857756173,0.0005404737966,0.00143417016,0.003163871765,0.005262800169,0.007079185796,2.973190632e-06,8.416333928e-06,1.803177393e-05,2.845221197e-05,0.01107462552,0.0007424969125,0.004243961086,0.01587399502,0.03649689846,0.05896983944,1.209990652e-08,7.556579039e-08,3.243929608e-07,8.925867425e-07,0.006155774591,0.0002071768097,0.002101979756,0.01205061036,0.0366974177,0.07283039668,4.948612395e-08,3.641101417e-07,1.919081165e-06,6.619522683e-06,0.01429305313,0.00170156372,0.01144921769,0.04690959541,0.1151149126,0.2013412948,4.030690363e-08,3.596698009e-07,2.299004081e-06,9.475541284e-06,0.01920753221,0.003310143685,0.01964023106,0.07159894239,0.1600228768,0.2618446818,2.411190057e-08,2.745220841e-07,2.238898271e-06,1.155526347e-05,0.02494896057,0.005888539588,0.02980600344,0.09375382418,0.1842627763,0.2741060743,3.182726856e-09,5.908968916e-08,7.540966654e-07,5.672539498e-06,0.02829444435,0.007095543665,0.03439599052,0.09931958469,0.1727766661,0.2279045202,3.665596762e-11,1.890010769e-09,5.728784252e-08,8.33507004e-07,0.03092636284,0.005524579929,0.03323150159,0.09856313203,0.1488725842,0.1544529686,1.37129333e-09,5.31591647e-08,1.21144731e-06,1.354590766e-05,0.06808495783,0.02287231289,0.09382938267,0.1950538177,0.2173041343,0.1664239178,2.824006203e-08,8.23215774e-07,1.410718359e-05,0.0001212459413,0.1213245063,0.05833455109,0.1759774019,0.2749858305,0.2374428226,0.1402424868,4.426312208e-09,2.492089543e-07,7.33220237e-06,9.349042521e-05,0.1515693342,0.06883213859,0.176705343,0.208321891,0.1194013905,0.04314713387
46,0.04879206535,0.05773797299,0.06130801593,0.05885759174,0.1769674373,0.1015851963,0.1603091468,0.2182728053,0.2547987324,0.2594661709,0.06460769451,0.07545901656,0.07908269038,0.07500989704,0.1753493285,0.07979652298,0.1191421158,0.1540911538,0.1701836484,0.1647003815,0.001250136853,0.001630822021,0.00190896943,0.002005230081,0.0239355288,0.005762329177,0.01373374223,0.02742224191,0.04361657964,0.05832544171,0.0009441098228,0.001247834415,0.001479908279,0.001573432548,0.02415640384,0.007335749961,0.01847914555,0.03884408364,0.06530268512,0.09188490572,0.02162254427,0.01826576938,0.0138456243,0.00973815544,0.04200611065,0.007507784473,0.01272418703,0.0185117784,0.02176022986,0.02152377165,0.02934950702,0.02444245905,0.01826553424,0.01267901101,0.04158830538,0.005773167831,0.009212216556,0.01267310722,0.0140254955,0.01312549873,0.0006003507951,0.0005560633646,0.0004621541677,0.0003538857296,0.005784798003,0.0004180696356,0.001045914456,0.002184554545,0.003425868829,0.00436538023,0.0004422940267,0.0004155443263,0.0003503216982,0.0002718030799,0.005842913358,0.0005436836086,0.001444648102,0.003191008247,0.00531515576,0.007158543013,2.868427308e-06,8.133951089e-06,1.745719881e-05,2.758997934e-05,0.01108811125,0.0007670947519,0.004417454137,0.01663800744,0.03856926924,0.06280866908,1.152972735e-08,7.217412889e-08,3.105610901e-07,8.563808446e-07,0.006164910297,0.0002165183074,0.002219089686,0.01284205245,0.03956237616,0.07939990786,4.777737915e-08,3.522725421e-07,1.860572058e-06,6.430091904e-06,0.01436190808,0.001783951681,0.01211186761,0.05004017494,0.1240844842,0.2192245625,3.900616761e-08,3.48790745e-07,2.234126979e-06,9.225915915e-06,0.01931987396,0.003478856449,0.02082747802,0.07656292673,0.172927682,0.2858518229,2.340277442e-08,2.670055698e-07,2.182149625e-06,1.12841115e-05,0.02512742689,0.006207684428,0.03170488669,0.1005618545,0.1997584587,0.3002319777,3.074818481e-09,5.722042938e-08,7.319572562e-07,5.517941789e-06,0.02850156181,0.007522659893,0.03683718202,0.1073723676,0.1890717138,0.2523679318,3.527059075e-11,1.824638759e-09,5.549063001e-08,8.098412476e-07,0.03132855703,0.006071278598,0.03705144995,0.1113771017,0.171450789,0.1812700708,1.331219751e-09,5.177762246e-08,1.183894639e-06,1.327853253e-05,0.06919744138,0.02537079647,0.1055935065,0.2224738529,0.2527205342,0.1973394841,2.761401014e-08,8.076479252e-07,1.388651543e-05,0.0001197163911,0.1236382179,0.06520049589,0.1995520853,0.3160354849,0.2783554371,0.1676973113,4.345940061e-09,2.456801208e-07,7.257808456e-06,9.288960893e-05,0.1553108294,0.07966773277,0.2081829415,0.2495079156,0.1467679958,0.05445041656
47,0.04812130744,0.05694779945,0.06047277149,0.05805908738,0.1764776699,0.1017025777,0.1605368971,0.2186366687,0.2552911223,0.2600308868,0.06403733432,0.07486404788,0.07853382738,0.07455474321,0.1759229289,0.08120881864,0.1217396364,0.1580400098,0.1752489544,0.170231023,0.001232526763,0.001609762026,0.001886559018,0.001983865513,0.02401660781,0.00589005636,0.01410892762,0.02830321814,0.04524485397,0.06078314774,0.0009261909465,0.001224518412,0.001452691868,0.001544924121,0.02409233982,0.007376463847,0.01860530825,0.03915540967,0.06590972017,0.09284732905,0.02131189044,0.01800409327,0.01364784027,0.009599415772,0.04187907369,0.007513557924,0.01273621702,0.01853231378,0.0217882114,0.02155494223,0.02908489053,0.02424653282,0.01813740928,0.01260180273,0.04173583508,0.005881576423,0.009425333927,0.01301776422,0.0144685629,0.01359335179,0.0005919027605,0.000548917232,0.0004567796648,0.000350169981,0.005805965449,0.0004277176667,0.001075665538,0.00225763737,0.003559062268,0.004556969619,0.0004337154638,0.0004075946495,0.0003437125892,0.0002667417759,0.005825891692,0.0005463979778,0.001453519827,0.003214011518,0.005359592492,0.007225974756,2.764728726e-06,7.85279437e-06,1.688150722e-05,2.672065538e-05,0.01109500442,0.0007910251649,0.004587469147,0.01739176593,0.0406302094,0.0666554841,1.097238689e-08,6.883738652e-08,2.968592685e-07,8.202710026e-07,0.006169580905,0.0002257084764,0.002335439413,0.0136355589,0.04246722568,0.0861336359,4.607135286e-08,3.403630908e-07,1.801213455e-06,6.236273021e-06,0.01442086695,0.001865963985,0.01277637507,0.05320214308,0.1332302734,0.2376298403,3.769645396e-08,3.377436485e-07,2.167629798e-06,8.967595335e-06,0.01941799351,0.003647143883,0.0220206147,0.08158776705,0.1861168187,0.310620583,2.268012232e-08,2.592706684e-07,2.123110569e-06,1.09987848e-05,0.02528597259,0.006526861555,0.03361842292,0.1074727023,0.2156425616,0.3272708045,2.96450541e-09,5.528974902e-08,7.088265368e-07,5.354491095e-06,0.028680112,0.007948969934,0.03929762612,0.1155625686,0.2058410713,0.2778335502,3.381997638e-11,1.755088628e-09,5.354308646e-08,7.836831194e-07,0.0316878189,0.00663640733,0.04105556197,0.1249839377,0.1958704474,0.210809757,1.287204922e-09,5.022288195e-08,1.151951424e-06,1.295770365e-05,0.07020855505,0.02797728516,0.1180382044,0.2518580582,0.2913948364,0.2317388541,2.68842031e-08,7.887717588e-07,1.360454856e-05,0.0001176254551,0.1257631338,0.07241692449,0.2246773835,0.3603548926,0.3233825331,0.1984982215,4.24219311e-09,2.407354421e-07,7.139023865e-06,9.169292636e-05,0.1587858782,0.09144999224,0.2430009984,0.2957946092,0.1783058262,0.06781249564
48,0.04744615125,0.05615027049,0.05962743313,0.05724886876,0.1759423271,0.101751537,0.1606319082,0.2187884882,0.2554966067,0.2602665942,0.06345348978,0.07425003966,0.07796169367,0.07407472415,0.1764597264,0.082603848,0.1243155932,0.1619705265,0.1803107733,0.175778037,0.00121464549,0.001588227056,0.001863455542,0.001961644519,0.02408993865,0.006015865913,0.01448030917,0.02917926934,0.04687204237,0.06325038649,0.0009082282764,0.001201068434,0.001425226487,0.001516062745,0.0240193043,0.007410352156,0.01871044198,0.03941512301,0.06641670689,0.09365198834,0.02099945733,0.01774021675,0.0134478597,0.009458787977,0.04174083391,0.007514058706,0.01273726053,0.01853409515,0.02179063887,0.02155764644,0.02881394348,0.02404421797,0.01800371007,0.01252023354,0.0418744306,0.005988871561,0.009637151442,0.01336165957,0.01491251533,0.01406395549,0.0005833210748,0.000541605177,0.0004512335099,0.0003462997996,0.005825257042,0.0004372416569,0.001105185496,0.002330499435,0.003692538087,0.004749874685,0.0004251214704,0.000399605146,0.000337048581,0.0002616226262,0.005806672071,0.0005485940791,0.001460705031,0.003232659691,0.005395653396,0.007280748234,2.662279316e-06,7.573455207e-06,1.630608859e-05,2.584657405e-05,0.01109512405,0.0008141156006,0.004752639073,0.01812869544,0.04266030317,0.07047191279,1.042880971e-08,6.556285609e-08,2.83324391e-07,7.843706782e-07,0.006169661966,0.0002346696798,0.002449942061,0.01442318727,0.04538112405,0.09295763323,4.437221603e-08,3.28415348e-07,1.741193357e-06,6.038737747e-06,0.01446949805,0.001946998229,0.01343734029,0.0563679445,0.142467981,0.2563820758,3.638149629e-08,3.265638293e-07,2.099746344e-06,8.701556664e-06,0.01950120885,0.00381373463,0.02320974517,0.08662901723,0.1994675596,0.3359143032,2.194634346e-08,2.513454319e-07,2.062011352e-06,1.070045814e-05,0.0254235329,0.00684358039,0.03553036475,0.1144242044,0.2317657775,0.3549631903,2.85227055e-09,5.330684055e-08,6.848226983e-07,5.183069274e-06,0.02882863014,0.008370396997,0.04175222274,0.1238031079,0.2229010385,0.3040208125,3.231516922e-11,1.681928328e-09,5.146205603e-08,7.552685864e-07,0.03200102479,0.00721380779,0.04520043904,0.1392413817,0.2219029636,0.2428462446,1.239639978e-09,4.850927752e-08,1.115918909e-06,1.258646314e-05,0.07110941975,0.03066352593,0.1310322596,0.2829143321,0.3329986709,0.2694025008,2.605751724e-08,7.667654046e-07,1.326387998e-05,0.0001149912928,0.1276802497,0.07990677081,0.2510972577,0.4075270989,0.3721794178,0.2324846318,4.116325622e-09,2.344321775e-07,6.977083511e-06,8.99102038e-05,0.1619603457,0.1040760347,0.2809160836,0.3469560498,0.2139971111,0.08330046442
49,0.04676733625,0.05534630122,0.05877301472,0.05642794631,0.1753612562,0.1017303826,0.1605908532,0.2187228828,0.2554078074,0.2601647291,0.06285672796,0.07361755427,0.07736675795,0.07357016557,0.1769580102,0.08397761401,0.126862057,0.1658699361,0.1853518816,0.1813219124,0.001196516362,0.00156624597,0.001839690173,0.001938596604,0.02415520054,0.006139289721,0.01484638354,0.03004661998,0.04849074676,0.06571550557,0.0008902449247,0.001177516994,0.001397552909,0.001486893828,0.02393723972,0.007437128328,0.01879358932,0.03962070219,0.06681839537,0.09429007492,0.02068559209,0.01747444812,0.01324592765,0.009316451809,0.04159136808,0.007509166175,0.01272706567,0.01851669177,0.0217669242,0.02153122799,0.02853693392,0.02383570312,0.01786454761,0.01243435887,0.04200365954,0.006094747288,0.009847021821,0.01370368769,0.0153558642,0.01453568636,0.0005746170015,0.0005341370406,0.0004455231934,0.0003422803028,0.00584259184,0.0004466067096,0.001134357006,0.002402833483,0.00382570509,0.004943212042,0.0004165231251,0.0003915869382,0.0003303396265,0.0002564537488,0.005785243249,0.0005502515263,0.001466132235,0.003246755763,0.005422933652,0.007322215332,2.561254385e-06,7.296507371e-06,1.573231485e-05,2.497007512e-05,0.0110883168,0.0008361919057,0.004911563129,0.0188419612,0.04463900998,0.07421664436,9.89982341e-09,6.235730735e-08,2.699915908e-07,7.487900083e-07,0.006165049543,0.0002433217008,0.002561450317,0.01519637616,0.04826989613,0.09978754041,4.268404472e-08,3.164627428e-07,1.680702475e-06,5.838179163e-06,0.01450741193,0.002026419786,0.01408896734,0.05950744694,0.1517030221,0.2752794104,3.506502082e-08,3.152871847e-07,2.030718693e-06,8.428830017e-06,0.01956889978,0.003977282504,0.02438418951,0.09163779079,0.2128412856,0.3614579901,2.120389417e-08,2.432591281e-07,1.999097122e-06,1.039040852e-05,0.02553913134,0.007155186423,0.03742305398,0.1213474707,0.2479580045,0.3830047338,2.738607596e-09,5.12812747e-08,6.600712144e-07,5.004631109e-06,0.02894579788,0.008782593738,0.04417357852,0.131996734,0.2400396463,0.3305942304,3.076772986e-11,1.605766561e-09,4.926607495e-08,7.248646711e-07,0.03226530514,0.007796278441,0.04943292157,0.1539660196,0.2492246474,0.2770125943,1.188963715e-09,4.665344673e-08,1.076161537e-06,1.216867286e-05,0.07189175695,0.03339548357,0.1444091524,0.3152494693,0.3770356976,0.3099304441,2.514233777e-08,7.41858421e-07,1.286811705e-05,0.000111841775,0.1293716629,0.08757467326,0.2784759883,0.4569673793,0.4241893689,0.269322881,3.970040353e-09,2.268564422e-07,6.774176582e-06,8.756465328e-05,0.1648016436,0.1173947222,0.321513465,0.4025038,0.2536105941,0.1008785275
50,0.04608560503,0.05453681906,0.05791055286,0.05559736127,0.1747344495,0.101637727,0.1604110598,0.218435612,0.2550190282,0.2597188031,0.06224765459,0.07296721392,0.07674956687,0.07304148036,0.1774161756,0.08532609284,0.1293709579,0.1697251113,0.1903543759,0.1868421568,0.001178163458,0.001543849202,0.001815296642,0.001914754668,0.02421209763,0.006259854995,0.01520561328,0.0309013636,0.05009321399,0.06816614442,0.0008722638012,0.001153896662,0.001369712383,0.001457463711,0.02384612078,0.007456540105,0.01885391111,0.03976994457,0.06711021319,0.09475393424,0.02037064239,0.01720709888,0.01304229387,0.009172591835,0.04143068916,0.007498783718,0.01270543626,0.01847977683,0.02171663395,0.02147521623,0.02825414832,0.02362119722,0.01772005184,0.01234424962,0.04212311527,0.006198894362,0.01005428312,0.01404270562,0.01579705207,0.01500682648,0.0005658021811,0.0005265232224,0.0004396568473,0.0003381172264,0.005857894902,0.0004557774457,0.001163059542,0.002474319945,0.003957939923,0.005136037984,0.0004079313864,0.0003835511413,0.0003235957692,0.0002512434052,0.005761601944,0.0005513525944,0.001469739682,0.00325613038,0.005441086866,0.007349823522,2.461819235e-06,7.022503275e-06,1.516153013e-05,2.409348475e-05,0.01107445822,0.0008570806311,0.005062827105,0.01952457413,0.04654499759,0.07784611698,9.386155919e-09,5.92269466e-08,2.568939645e-07,7.136347964e-07,0.006155661243,0.0002515829518,0.002668774947,0.01594608795,0.05109660458,0.1065299346,4.101078956e-08,3.045382857e-07,1.619932419e-06,5.6353046e-06,0.01453426492,0.002103569933,0.01472514295,0.06258836106,0.1608318217,0.2940957591,3.375071395e-08,3.039498455e-07,1.960794681e-06,8.150487167e-06,0.01962051373,0.004136384022,0.02553263013,0.09656144166,0.2260853601,0.3869417286,2.045526352e-08,2.350419278e-07,1.934625164e-06,1.00700002e-05,0.02563188922,0.007458896409,0.039277665,0.1281678392,0.2640305989,0.4110496143,2.624015046e-09,4.922287671e-08,6.347031304e-07,4.82019076e-06,0.0290304585,0.009181012867,0.04653246089,0.1400376176,0.2570199069,0.3571678566,2.918952329e-11,1.52724104e-09,4.697499763e-08,6.927638853e-07,0.03247808565,0.008375678765,0.05369069197,0.1689345062,0.2774154409,0.3127928153,1.13565355e-09,4.467397743e-08,1.033099081e-06,1.170893038e-05,0.0725480139,0.03613376604,0.1579684131,0.3483699262,0.422835543,0.3527277543,2.414837761e-08,7.143268143e-07,1.242180036e-05,0.00010821391,0.1308208548,0.09530795792,0.3063997683,0.5079215375,0.4786320355,0.3084888015,3.805443102e-09,2.181209587e-07,6.533392711e-06,8.469236984e-05,0.1672793028,0.1312053266,0.3641955564,0.4616591325,0.2966648836,0.1203824211
51,0.04540170085,0.05372276026,0.0570411026,0.05475818107,0.1740620456,0.1014725004,0.1600905399,0.2179236294,0.2543263365,0.2589245063,0.06162691166,0.07229969801,0.07611074271,0.07248916678,0.1778327312,0.08664525769,0.1318341354,0.1735226508,0.1952997903,0.1923174318,0.001159611497,0.001521068614,0.001790311063,0.001890154824,0.02426036061,0.006377087785,0.01555643902,0.031739495,0.05167140096,0.07058933788,0.0008543075235,0.001130239914,0.001341746426,0.00142781942,0.02374595479,0.007468372302,0.01889069711,0.03986099749,0.06728833703,0.09503719603,0.02005495527,0.01693848261,0.01283721175,0.009027396602,0.04125884627,0.007482839711,0.01267223407,0.01842313185,0.02163949604,0.02138933424,0.02796589038,0.02340092871,0.01757037108,0.01224999191,0.04223241875,0.006301002073,0.01025826284,0.01437754022,0.01623446259,0.01547557431,0.0005568885764,0.0005187746265,0.0004336432006,0.0003338168917,0.005871097711,0.000464718263,0.001191170313,0.002544629492,0.00408859209,0.005327355972,0.0003993570502,0.000375508814,0.0003168270928,0.0002459999562,0.00573575289,0.00055188242,0.001471476141,0.003260644304,0.005449830682,0.007363125606,2.364128386e-06,6.751970593e-06,1.459504101e-05,2.321909644e-05,0.01105345392,0.0008766114733,0.005205025455,0.02016950853,0.04835652668,0.081315342,8.888433949e-09,5.617738406e-08,2.440623301e-07,6.790055857e-07,0.006141437073,0.0002593718081,0.002770706077,0.01666298025,0.05382228146,0.1130842044,3.935624739e-08,2.926742911e-07,1.559073891e-06,5.430828422e-06,0.01454976224,0.002177775171,0.0153395306,0.06557676505,0.1697435503,0.3125846028,3.244219095e-08,2.925878336e-07,1.890225339e-06,7.867629721e-06,0.01965557108,0.004289598736,0.02664328874,0.1013444278,0.2390356937,0.4120258547,1.970294889e-08,2.267245848e-07,1.868861985e-06,9.740668409e-06,0.02570103451,0.007751839775,0.04107450428,0.1348061124,0.2797795474,0.4387163052,2.508990222e-09,4.714159976e-08,6.088532692e-07,4.630807191e-06,0.02908163083,0.009560990032,0.04879835916,0.1478134375,0.2735845055,0.3833126901,2.759250341e-11,1.447006145e-09,4.46095912e-08,6.592779956e-07,0.03263712569,0.008943087237,0.05790341029,0.1838871409,0.3059633672,0.3495227617,1.080215501e-09,4.259100084e-08,9.871971285e-07,1.121246223e-05,0.07307148249,0.03883435793,0.1714789582,0.3816885071,0.4695580162,0.3970013824,2.308645682e-08,6.844866139e-07,1.193029633e-05,0.000104152964,0.1320129604,0.1029786224,0.3343828698,0.5594741924,0.5345049493,0.3492611714,3.624981969e-09,2.083617542e-07,6.258631189e-06,8.13412844e-05,0.1693655342,0.145259092,0.408180957,0.523341676,0.3424048858,0.1414996043
52,0.04471636516,0.05290506645,0.05616573312,0.05391149457,0.1733443286,0.1012339605,0.1596280125,0.2171851248,0.2533276262,0.2577797845,0.06099517486,0.07161574031,0.07545098057,0.07191380623,0.178206306,0.08793110365,0.1342433924,0.177248972,0.2001692283,0.1977257065,0.00114088572,0.001497937325,0.00176477173,0.001864836188,0.0242997483,0.006490516689,0.01589729261,0.03255694574,0.05321704837,0.0729716373,0.0008363983312,0.001106578992,0.001313696618,0.001398008412,0.02363678171,0.007472449256,0.01890337527,0.03989238553,0.06734975526,0.09513488799,0.01973887595,0.01666891372,0.01263093724,0.008881057792,0.04107592467,0.007461288279,0.01262738066,0.01834665,0.02153540463,0.02127350467,0.02767247984,0.02317514454,0.01741567136,0.01215168665,0.04233122029,0.006400760162,0.01045828234,0.01470699624,0.01666643179,0.01594005724,0.0005478884157,0.0005109026058,0.0004274915308,0.000329386169,0.005882138559,0.000473393611,0.001218565278,0.002613425886,0.004216989727,0.005516125557,0.0003908107092,0.0003674709101,0.0003100436718,0.0002407318167,0.005707708843,0.0005518291753,0.001471301607,0.003260190541,0.005448951595,0.007361788042,2.268324925e-06,6.485409191e-06,1.403410733e-05,2.234915286e-05,0.01102524043,0.0008946197999,0.005336784647,0.02076982922,0.05005187806,0.08457884558,8.407182574e-09,5.321360928e-08,2.315250211e-07,6.4499683e-07,0.006122340118,0.0002666080364,0.002866036753,0.01733760225,0.05640680597,0.1193449216,3.772403511e-08,2.809021146e-07,1.498314929e-06,5.225464827e-06,0.01455366087,0.002248357566,0.01592567832,0.06843772514,0.1783222804,0.3304839659,3.114296613e-08,2.812367265e-07,1.819262323e-06,7.581377015e-06,0.01967366986,0.004435471989,0.02770413098,0.1059293433,0.2515199717,0.4363478546,1.894943183e-08,2.183381115e-07,1.80208029e-06,9.403902159e-06,0.02574590986,0.00803110547,0.04279336098,0.1411800569,0.2949895272,0.4655953712,2.394023439e-09,4.504739837e-08,5.826583957e-07,4.437568943e-06,0.02909852148,0.009917837099,0.05094014074,0.1552079211,0.289461874,0.408567001,2.59884999e-11,1.36572039e-09,4.219111206e-08,6.247313344e-07,0.03274055304,0.009489011662,0.06199439129,0.1985339289,0.3342753793,0.3864014786,1.023173507e-09,4.042574514e-08,9.389562963e-07,1.068499845e-05,0.0734564088,0.04144966316,0.184684501,0.4145374872,0.5162091957,0.44177096,2.196825075e-08,6.526862372e-07,1.139966347e-05,9.971130624e-05,0.1329350222,0.1104463467,0.3618787073,0.6105681927,0.5906005902,0.3907290269,3.431374026e-09,1.977339527e-07,5.954477205e-06,7.756961606e-05,0.1710357615,0.1592641059,0.4525163004,0.5861791466,0.3897970751,0.1637592061
53,0.04403033524,0.05208468115,0.05528552337,0.05305840726,0.1725817277,0.1009217013,0.1590229218,0.2162195533,0.252022659,0.2562848894,0.06035315091,0.07091612574,0.07477104524,0.0713160605,0.1785356555,0.0891796735,0.1365905525,0.1808904104,0.2049435073,0.2030444306,0.001122011776,0.001474489543,0.001738718906,0.001838840652,0.024330049,0.006599676705,0.0162266111,0.03334962248,0.05472176247,0.07529924776,0.0008185580025,0.001082945761,0.001285604399,0.001368078319,0.02351867408,0.007468636908,0.01889151966,0.03986303342,0.06729232005,0.09504352979,0.01942274675,0.01639870636,0.01242372784,0.008733769368,0.04088204542,0.007434109845,0.01257085855,0.01825033831,0.02140442311,0.02112785304,0.02737425114,0.02294410903,0.01725613565,0.01204944908,0.04241920115,0.006497860822,0.01065366156,0.01502986495,0.01709126051,0.01639834591,0.0005388141355,0.0005029189026,0.000421211612,0.0003248324371,0.005890962909,0.0004817682788,0.001245120234,0.002680369084,0.004342446083,0.005701272653,0.0003823027139,0.0003594482312,0.0003032555223,0.0002354474109,0.005677490539,0.0005511842132,0.001469187871,0.003254696084,0.005438308849,0.007345597623,2.174539972e-06,6.223288427e-06,1.347993371e-05,2.148582854e-05,0.01098978585,0.0009109492036,0.00545678724,0.02131882499,0.05160981105,0.08759170184,7.942825863e-09,5.033997448e-08,2.193077196e-07,6.116961718e-07,0.006098357016,0.0002732142822,0.002953588148,0.01796061038,0.05880990395,0.1252046476,3.611756639e-08,2.692519076e-07,1.437839228e-06,5.019920793e-06,0.0145457719,0.002314645901,0.01647713768,0.07113599803,0.1864495131,0.3475224788,2.985642496e-08,2.699313359e-07,1.748155395e-06,7.29285397e-06,0.01967448992,0.004572559609,0.02870309405,0.1102580969,0.2633614711,0.4595308634,1.81971546e-08,2.099134565e-07,1.734555919e-06,9.061226425e-06,0.02576597961,0.008293793264,0.04441390071,0.1472061313,0.3094387681,0.4912592079,2.279592411e-09,4.295010444e-08,5.562553799e-07,4.241578596e-06,0.02908053509,0.01024694333,0.05292678431,0.1621037683,0.3043734929,0.4324493544,2.438901367e-11,1.28403408e-09,3.974087834e-08,5.894538907e-07,0.03278689408,0.01000364689,0.06588279356,0.212563085,0.3616948263,0.4225139106,9.650584764e-10,3.820006526e-08,8.889005554e-07,1.013263315e-05,0.07369809085,0.04392983603,0.1973109796,0.4461882286,0.5616701261,0.4858952414,2.080601609e-08,6.192979364e-07,1.083649745e-05,9.494702505e-05,0.1335762189,0.1175624854,0.3882957662,0.6600354957,0.6455403504,0.4318148823,3.227522835e-09,1.864068638e-07,5.626051152e-06,7.344390013e-05,0.1722691126,0.1728936508,0.49610224,0.6485414401,0.4375483259,0.1865353724
54,0.04334434179,0.05126254633,0.05440155766,0.05220003641,0.1717748154,0.1005356579,0.1582754469,0.2150276515,0.2504130858,0.2544424003,0.05970157466,0.07020168696,0.07407176758,0.07069666849,0.1788196673,0.0903870841,0.138867519,0.1844333247,0.2096033132,0.2082507226,0.001103015602,0.001450760392,0.001712194599,0.001812212631,0.02435108174,0.006704113174,0.01654285121,0.03411344774,0.05617710352,0.07755817963,0.000800807776,0.001059371577,0.001257510874,0.001338076706,0.02339173668,0.007456844471,0.0188548567,0.03977228389,0.06711478761,0.09476120488,0.01910690598,0.01612817322,0.01221584151,0.008585726717,0.04067736494,0.007401311456,0.01250271191,0.01813431858,0.02124678515,0.0209527085,0.02707155208,0.02270810274,0.01709196296,0.01194340817,0.04249607509,0.006592000759,0.01084372391,0.01534493343,0.01750722808,0.01684847011,0.0005296783225,0.0004948355875,0.0004148136599,0.0003201635388,0.005897523709,0.0004898076911,0.001270711958,0.002745118575,0.004464266604,0.005881701027,0.0003738431354,0.0003514513811,0.0002964725548,0.000230155129,0.005645126607,0.000549942181,0.001465118964,0.003244123215,0.005417837304,0.007314466318,2.082892274e-06,5.966044822e-06,1.293366201e-05,2.063121389e-05,0.01094709031,0.0009254540258,0.005563796053,0.02181014464,0.05301003933,0.09031062479,7.495688539e-09,4.756018595e-08,2.074333274e-07,5.791838378e-07,0.006069498231,0.0002791175766,0.003032235672,0.01852299665,0.06099223558,0.1305570762,3.454003117e-08,2.577523932e-07,1.377824548e-06,4.81488929e-06,0.01452596249,0.002375987375,0.01698759109,0.07363679611,0.1940070061,0.3634263547,2.858579844e-08,2.587054029e-07,1.677149978e-06,7.003179105e-06,0.01965779628,0.004699453953,0.02962833146,0.1142732022,0.2743833624,0.4811935188,1.744849785e-08,2.014811908e-07,1.666564797e-06,8.71418409e-06,0.0257608357,0.008537068206,0.04591609195,0.1528013954,0.3229045795,0.5152734524,2.166157022e-09,4.085930847e-08,5.297794004e-07,4.043937297e-06,0.02902728261,0.01054388136,0.05472816637,0.1683858627,0.3180421711,0.4544738942,2.280502678e-11,1.202577536e-09,3.727985243e-08,5.53774416e-07,0.03277509884,0.01047717123,0.0694862501,0.2256517302,0.3875251809,0.4568648883,9.063974278e-10,3.593596588e-08,8.375651095e-07,9.561676404e-06,0.07379296182,0.04622435719,0.2090757799,0.4758767959,0.6047377691,0.5281144874,1.961230537e-08,5.847086638e-07,1.024776148e-05,8.992237248e-05,0.1339280643,0.1241749161,0.4130179633,0.7066388657,0.6978252652,0.4713145104,3.016430766e-09,1.745586108e-07,5.278838712e-06,6.903669493e-05,0.1730488523,0.1857979134,0.537733669,0.7086002403,0.4841510333,0.2090666137
55,0.04265910667,0.05043959902,0.05351492138,0.05133750624,0.170924305,0.1000761089,0.1573865055,0.2136114405,0.2485024451,0.2522572163,0.05904120617,0.06947330066,0.07335404064,0.07005644265,0.1790573666,0.09154955312,0.1410663358,0.1878642067,0.2141293647,0.2133215726,0.001083923301,0.001426785728,0.001685242327,0.001784998804,0.02436269737,0.006803385773,0.01684450436,0.0348444024,0.05757467969,0.07973441202,0.0007831682773,0.001035887159,0.001229456617,0.00130805082,0.0232561061,0.007437025658,0.01879326959,0.03961991015,0.0668168455,0.09428760803,0.01879168688,0.01585762443,0.01200753568,0.008437125794,0.04046207433,0.00736292687,0.01242304653,0.01799882706,0.02106289361,0.02074860189,0.02676474236,0.02246742118,0.01692336745,0.01183370601,0.04256158969,0.006682883293,0.01102780141,0.01565099427,0.01791260681,0.01728843605,0.0005204936551,0.0004866649977,0.0004083082747,0.0003153877346,0.005901781679,0.0004974782098,0.001295219387,0.002807336879,0.004581756541,0.00605630486,0.0003654417315,0.0003434907235,0.0002897045279,0.0002248632836,0.005610653425,0.0005481010992,0.001459091448,0.003228470352,0.005387549204,0.007268434123,1.99348792e-06,5.714080138e-06,1.239636453e-05,1.978730055e-05,0.01089718604,0.0009380017882,0.005656677759,0.02223793144,0.05423370857,0.0926950809,7.06599857e-09,4.487730317e-08,1.959218779e-07,5.475321558e-07,0.006035798102,0.0002842508181,0.003100935127,0.01901632147,0.06291653013,0.1353003883,3.299437834e-08,2.464306664e-07,1.318441252e-06,4.611042856e-06,0.01449415732,0.002431759541,0.0174509836,0.07590659199,0.2008798082,0.3779270384,2.733414023e-08,2.475913162e-07,1.606484832e-06,6.71345294e-06,0.0196234418,0.004814810611,0.03046846774,0.1179191422,0.28441335,0.5009608293,1.670575965e-08,1.930712067e-07,1.598379951e-06,8.364317992e-06,0.02573020245,0.008758216782,0.04728065256,0.1578855398,0.3351693539,0.5372096611,2.054154546e-09,3.87842484e-08,5.033622274e-07,3.845729705e-06,0.02893858717,0.01080451453,0.05631587288,0.1739446472,0.3302009705,0.4741672438,2.124683191e-11,1.121950247e-09,3.482824671e-08,5.180137826e-07,0.03270456006,0.01090006951,0.072723829,0.2374783252,0.4110590528,0.4884231425,8.477030755e-10,3.365513436e-08,7.854842768e-07,8.978503495e-06,0.07373865662,0.04828378904,0.2196983615,0.5028344948,0.6441766129,0.567107423,1.839968033e-08,5.493107127e-07,9.640608731e-06,8.470210394e-05,0.1339845706,0.1301335404,0.4354285837,0.7491226894,0.7459016656,0.5079521918,2.801110281e-09,1.623705665e-07,4.918510525e-06,6.442409049e-05,0.1733627457,0.1976185954,0.5761528171,0.7644126187,0.5279544263,0.2304920272
56,0.0419753407,0.04961676805,0.05262669673,0.05047194309,0.170031048,0.09954367611,0.1563577496,0.2119742146,0.2462961394,0.2497365189,0.05837282763,0.06873188376,0.07261881539,0.06939626481,0.1792479209,0.09266342577,0.1431792494,0.1911697932,0.2185025845,0.2182340564,0.001064761033,0.001402601962,0.001657906877,0.001757247835,0.02436477944,0.006897072488,0.01713011172,0.03553856931,0.0589062448,0.08181406549,0.0007656594504,0.001012522463,0.001201481489,0.001278047356,0.02311194998,0.007409179449,0.01870680095,0.03940612264,0.06639912617,0.09362406699,0.01847741663,0.01558736646,0.0117990662,0.008288162288,0.04023639855,0.007319016424,0.01233202927,0.0178442129,0.02085331745,0.02051626118,0.02645419211,0.02222237349,0.01675057731,0.01172049703,0.04261552762,0.006770220467,0.01120523989,0.0159468557,0.01830567732,0.01771624483,0.0005112728462,0.0004784196736,0.0004017063811,0.0003105136527,0.005903705542,0.0005047474366,0.001318524826,0.002866693178,0.004694228932,0.006223982142,0.0003571079151,0.0003355763405,0.0002829610048,0.0002195800689,0.005574114938,0.0005456624043,0.001451114559,0.003207772388,0.005347534778,0.007207669824,1.90642018e-06,5.467759856e-06,1.186903829e-05,1.895596842e-05,0.01084013735,0.0009484754678,0.005734425232,0.02259695185,0.0552638594,0.09470838035,6.653890625e-09,4.229374524e-08,1.847904872e-07,5.168051978e-07,0.005997314691,0.000288554184,0.003158748023,0.01943294222,0.06454872023,0.1393406663,3.148330168e-08,2.35312019e-07,1.259850985e-06,4.409027639e-06,0.01445033954,0.002481382169,0.01786165531,0.07791393527,0.2069593898,0.3907692259,2.610430645e-08,2.366198565e-07,1.536389903e-06,6.424746976e-06,0.01957136895,0.004917375006,0.03121285515,0.1211437589,0.2932884789,0.5184756188,1.597113633e-08,1.847124354e-07,1.530268654e-06,8.013153416e-06,0.0256739399,0.008954703088,0.04848950164,0.1623829633,0.3460268182,0.5566587384,1.943995389e-09,3.673370806e-08,4.771306198e-07,3.648009696e-06,0.02881448763,0.01102510154,0.05766400392,0.1786795192,0.3406023649,0.4910862016,1.972388557e-11,1.042711241e-09,3.240516477e-08,4.824788082e-07,0.03257512595,0.01126346779,0.07551917722,0.2477361928,0.4316109017,0.5161729012,7.894642053e-10,3.137849966e-08,7.331798188e-07,8.389407004e-06,0.07353405996,0.0500616256,0.2289117441,0.5263217071,0.678778102,0.6015596314,1.718043489e-08,5.134924961e-07,9.022204095e-06,7.935178256e-05,0.1337423715,0.1352961646,0.4549365416,0.7862701637,0.788238139,0.5404484361,2.584498346e-09,1.500218702e-07,4.550740722e-06,5.968315239e-05,0.1732033379,0.2080056384,0.6101123345,0.8140241553,0.5672586192,0.2499030322
57,0.04129374154,0.04879497087,0.05173795855,0.04960447072,0.16909603,0.09893932071,0.1551915549,0.2101205163,0.2438013896,0.2468897052,0.05769724022,0.06797838934,0.07186709626,0.0687170818,0.1793906439,0.09372520136,0.145198771,0.194337181,0.2227042748,0.2229655576,0.001045554891,0.001378245876,0.001630234061,0.001729010088,0.02435724494,0.006984773521,0.01739827928,0.03619217718,0.06016379815,0.08378358055,0.0007483004953,0.0009893065724,0.001173624463,0.001248112231,0.02295946617,0.007373350362,0.01859565337,0.03913156976,0.06586320629,0.09277353741,0.01816441536,0.01531770111,0.01159068639,0.008139030795,0.04000059544,0.007269666653,0.01222988682,0.01767093533,0.02061878663,0.0202566043,0.02614028039,0.02197328105,0.01657383371,0.01160394726,0.04265770769,0.006853735163,0.01137540426,0.01623135185,0.01868474441,0.01812991181,0.0005020285863,0.0004701122956,0.0003950191685,0.0003055502382,0.005903272221,0.0005115845113,0.00134051515,0.002922866993,0.00480101284,0.006383648675,0.0003488507249,0.000327717996,0.0002762513116,0.0002143135212,0.005535562426,0.0005426309557,0.001441210192,0.003182100547,0.005297961651,0.00713246962,1.821769471e-06,5.227412072e-06,1.135260026e-05,1.813897429e-05,0.01077604023,0.0009567755586,0.005796177968,0.02288271414,0.05608585845,0.09631870331,6.25941029e-09,3.981130422e-08,1.740533432e-07,4.870585474e-07,0.005954129395,0.0002919764276,0.003204865119,0.01976622835,0.0658590251,0.1425952017,3.000922903e-08,2.244197937e-07,1.202205498e-06,4.209457998e-06,0.01439455117,0.002524328677,0.01821446989,0.07963025195,0.2121467441,0.4017189078,2.489893876e-08,2.258199697e-07,1.467084345e-06,6.138093437e-06,0.0195016108,0.005006008112,0.0318518236,0.1238996172,0.300859911,0.5334100455,1.524670519e-08,1.764325859e-07,1.462489734e-06,7.662181375e-06,0.02559204595,0.009124223303,0.04952620117,0.1662248198,0.35528827,0.573244509,1.836059439e-09,3.471592716e-08,4.512048702e-07,3.451787134e-06,0.02865523952,0.01120239475,0.05874993791,0.1825020949,0.3490271796,0.5048352821,1.824468843e-11,9.653709196e-10,3.002828787e-08,4.474567389e-07,0.03238710614,0.01155946269,0.07780367317,0.2561473257,0.4485513516,0.5391695493,7.321371215e-10,2.912583158e-08,6.811501203e-07,7.800457404e-06,0.07317933448,0.0515161377,0.2364741864,0.545662938,0.7074239563,0.6302386141,1.596633745e-08,4.776298105e-07,8.399552388e-06,7.393611899e-05,0.1332008008,0.1395344315,0.4710033941,0.8169632403,0.8234086023,0.5675953793,2.369377773e-09,1.376842848e-07,4.181033398e-06,5.488943449e-05,0.1725681431,0.2166349863,0.6384440792,0.8555843043,0.6004245303,0.266406825
58,0.04061499173,0.04797511049,0.05084977031,0.04873620569,0.1681203665,0.09826433696,0.1538910027,0.2080560981,0.2410271675,0.2437282929,0.05701526094,0.06721380246,0.07109993632,0.06801990068,0.1794849989,0.09473155912,0.147117737,0.1973539404,0.2267162947,0.2274939954,0.001026330793,0.001353754443,0.001602270467,0.001700337329,0.0243400448,0.007066115061,0.01764769256,0.03680164406,0.06133968458,0.08562989869,0.0007311098117,0.0009662675906,0.001145923463,0.001218290368,0.02279888168,0.007329628245,0.01846018813,0.03879733261,0.06521159166,0.09174057094,0.0178529953,0.01504892447,0.01138264606,0.007989924025,0.03975495453,0.007214989689,0.01211690393,0.01747955961,0.02036018499,0.0199707295,0.02582339364,0.02172047605,0.01639338963,0.01148423344,0.04268798574,0.006933163164,0.01153768374,0.01650335318,0.01904815321,0.01852748662,0.0004927734881,0.0004617556214,0.0003882580294,0.0003005066993,0.005900466979,0.0005179604028,0.001361082999,0.00297555186,0.004901461681,0.006534252407,0.0003406788004,0.0003199250998,0.0002695844989,0.0002090714812,0.005495054227,0.0005390150033,0.001429412723,0.003151561719,0.005239073069,0.007043253624,1.739603422e-06,4.993326788e-06,1.084788365e-05,1.733794234e-05,0.0107050217,0.0009628218597,0.005841239941,0.02309157288,0.05668778115,0.09750001823,5.882518942e-09,3.743116482e-08,1.637217312e-07,4.583391916e-07,0.005906346362,0.0002944760167,0.003238627301,0.02001075401,0.06682293168,0.1449955252,2.857431487e-08,2.137752654e-07,1.145645656e-06,4.012911717e-06,0.01432689299,0.002560136801,0.01850493499,0.08103059607,0.2163553267,0.4105710628,2.372045049e-08,2.152185727e-07,1.398774773e-06,5.854475926e-06,0.01941429111,0.005079710465,0.03237691499,0.1261452906,0.306997464,0.5454766463,1.453440952e-08,1.682579115e-07,1.395291104e-06,7.312842958e-06,0.02548465695,0.009264756653,0.05037637094,0.1693509518,0.3627885212,0.5866367751,1.730693049e-09,3.273852409e-08,4.256975224e-07,3.258015978e-06,0.02846131354,0.01133372799,0.05955502165,0.1853391826,0.3552928375,0.5150830914,1.681669454e-11,8.90384536e-10,2.771361497e-08,4.132105445e-07,0.03214127071,0.01178142756,0.07951939922,0.2624755851,0.4613406579,0.5565950449,6.761384007e-10,2.691539242e-08,6.298605785e-07,7.217376978e-06,0.07267592806,0.052612107,0.2421803219,0.5602806967,0.7291486759,0.6520694973,1.476840092e-08,4.420778945e-07,7.779339445e-06,6.851741286e-05,0.1323619247,0.1427394453,0.4831693335,0.8402411115,0.8501751229,0.5883336491,2.158308774e-09,1.255176249e-07,3.814565264e-06,5.011468517e-05,0.1714597338,0.2232261048,0.6601282655,0.8874645032,0.6259898946,0.2791955579
59,0.03993975682,0.04715807258,0.04996318027,0.04786825295,0.167105298,0.09752034285,0.1524598545,0.205787871,0.237984108,0.2402657984,0.05632771944,0.06643913589,0.07031843236,0.06730578362,0.1795306013,0.09567938319,0.1489293699,0.2002082279,0.2305212372,0.2317980526,0.001007114375,0.001329164651,0.001574063209,0.001671282428,0.02431316424,0.007140752877,0.01787713079,0.03736361961,0.06242669273,0.08734064184,0.0007141049492,0.0009434325452,0.001118415204,0.00118862549,0.02263045144,0.007278147554,0.01830092184,0.03840491379,0.06444768804,0.0905312569,0.0175434599,0.01478132601,0.01117519064,0.007841032036,0.03949979573,0.007155122426,0.01199342103,0.01727075186,0.02007854139,0.0196599034,0.02550392415,0.02146430002,0.01620950862,0.01136154214,0.04270625534,0.007008255169,0.01169149703,0.01676177675,0.01939430548,0.01890707345,0.0004835200332,0.0004533624243,0.0003814344978,0.0002953924545,0.005895283518,0.0005238481875,0.00138012793,0.003024458929,0.004994961477,0.006674787799,0.0003326003585,0.0003122066776,0.0002629693058,0.0002038615595,0.005452655423,0.0005348261193,0.001415768681,0.003116297304,0.005171184956,0.0069405603,1.659977063e-06,4.765755612e-06,1.035563517e-05,1.655435649e-05,0.010627239,0.0009665549425,0.005869094336,0.02322081553,0.05706073093,0.09823285238,5.523099178e-09,3.515392963e-08,1.538040936e-07,4.306855294e-07,0.005854091691,0.0002960220752,0.003259542991,0.02016245963,0.06742202528,0.1464899936,2.71804361e-08,2.033975526e-07,1.090300611e-06,3.819925913e-06,0.01424752384,0.002588418148,0.01872930997,0.08209432362,0.2195137046,0.4171566261,2.25710161e-08,2.048403916e-07,1.331653745e-06,5.574821146e-06,0.01930962349,0.005137643701,0.03278109341,0.1278465141,0.311593705,0.5544383565,1.383604581e-08,1.602130042e-07,1.328907545e-06,6.966515023e-06,0.02535204695,0.009374611154,0.05102806119,0.1717116286,0.3683912687,0.5965631851,1.628206694e-09,3.080843275e-08,4.007122825e-07,3.067583939e-06,0.02823339143,0.01141709045,0.06006515465,0.1871353176,0.359260452,0.5215765408,1.544625069e-11,8.181474185e-10,2.54752613e-08,3.799751394e-07,0.03183884219,0.0119242778,0.08062174557,0.2665383766,0.4695587532,0.5678084243,6.218391201e-10,2.476365031e-08,5.797354833e-07,6.645431111e-06,0.07202655989,0.05332234298,0.2458710034,0.569725744,0.7431961992,0.6662047319,1.359668764e-08,4.071645425e-07,7.167791748e-06,6.315415453e-05,0.1312305261,0.1448267285,0.4910763336,0.8553528122,0.867563581,0.6018237183,1.953573238e-09,1.136659382e-07,3.456051338e-06,4.542485326e-05,0.1698857287,0.2275578921,0.6743571091,0.9083682744,0.642779755,0.2876137208
60,0.03926868362,0.04634472279,0.04907921777,0.04700170153,0.1660521843,0.09670926801,0.1509025208,0.2033238409,0.2346844018,0.2365175905,0.05563545477,0.06565542582,0.0695237197,0.06657584262,0.1795272207,0.09656578639,0.1506273349,0.2028888953,0.2341026027,0.2358574017,0.0009879308818,0.001304513329,0.001545659681,0.001641899061,0.02427662283,0.007208375654,0.01808548023,0.03787502527,0.06341814949,0.08890428663,0.0006973025635,0.0009208273021,0.00109113506,0.001159159938,0.02245445695,0.00721908617,0.01811852118,0.03795622032,0.06357575827,0.08915313873,0.0172361031,0.01451518772,0.01096856033,0.007692541504,0.03923546789,0.007090225475,0.0118598313,0.01704527276,0.01977501909,0.01932554696,0.0251822685,0.02120510234,0.01602246358,0.01123606877,0.04271244835,0.007078778715,0.01183629728,0.01700559635,0.01972167565,0.01926685134,0.0004742805206,0.000444945432,0.0003745601883,0.0002902170777,0.005887724018,0.0005292233109,0.001397557513,0.00306932043,0.005080938883,0.006804309921,0.0003246231748,0.0003045713418,0.0002564141277,0.0001986911045,0.005408437484,0.000530079093,0.001400336266,0.003076481579,0.005094681871,0.006825038955,1.582933106e-06,4.544911828e-06,9.87651336e-06,1.578955466e-05,0.01054287845,0.0009679372542,0.005879414665,0.02326872805,0.05719908199,0.09850487996,5.180960687e-09,3.297964935e-08,1.443061197e-07,4.041274923e-07,0.005797512434,0.0002965950956,0.003267301369,0.02021877542,0.06764462778,0.1470457899,2.582919094e-08,1.933035573e-07,1.036287167e-06,3.630993641e-06,0.01415665943,0.002608866355,0.01888469726,0.08280566115,0.2215677896,0.4213483767,2.145256386e-08,1.947078362e-07,1.265898507e-06,5.299991761e-06,0.01918790978,0.005179148901,0.03305892303,0.1289771585,0.3145674067,0.5601169817,1.315325356e-08,1.523206217e-07,1.263558767e-06,6.624497458e-06,0.02519462552,0.009452462537,0.05147206799,0.1732690128,0.3719936312,0.6028192804,1.528873307e-09,2.893185379e-08,3.763431395e-07,2.88130385e-06,0.02797235941,0.01145118342,0.06027124019,0.1878547276,0.3608403587,0.5241519967,1.413856533e-11,7.489919741e-10,2.332531849e-08,3.479545997e-07,0.03148148066,0.01198467975,0.08108147288,0.2682159592,0.4729294386,0.5723868805,5.695606582e-10,2.268506026e-08,5.311515935e-07,6.089340036e-06,0.0712351855,0.05362888638,0.2474411615,0.5737013936,0.7490658867,0.67208126,1.246015391e-08,3.731844728e-07,6.570559037e-06,5.789983488e-05,0.1298140412,0.1457401785,0.4944867439,0.8617997433,0.8749254728,0.6075048199,1.757133397e-09,1.022545718e-07,3.109638726e-06,4.087847551e-05,0.1678586772,0.2294816677,0.6805872187,0.9174226004,0.6499994777,0.2912157192
61,0.03860239864,0.04553590416,0.0481988898,0.04613762052,0.1649624985,0.09583333899,0.1492240234,0.2006730337,0.2311416717,0.2325007213,0.05493931226,0.06486372739,0.06871696702,0.065831234,0.1794747819,0.09738813242,0.1522057944,0.205385594,0.237444966,0.2396529252,0.0009688050736,0.001279836981,0.001517107317,0.001612241406,0.02423047446,0.007268708042,0.01827174647,0.03833309169,0.0643080088,0.09031032943,0.0006807183802,0.0008984764896,0.001064116936,0.001129934495,0.02227120471,0.007152663723,0.01791379582,0.03745354117,0.06260086668,0.08761510723,0.01693120858,0.01425078326,0.01076298927,0.007544635035,0.03896234719,0.007020481917,0.01171657726,0.01680397029,0.01945090364,0.01896921955,0.02485882609,0.02094323873,0.01583253541,0.01110801665,0.04270653525,0.007144519995,0.01197157685,0.01723385219,0.02002882645,0.01960509408,0.0004650670184,0.0004365172688,0.0003676467361,0.0002849902444,0.005877799135,0.0005340638275,0.001413288353,0.003109892917,0.005158868791,0.006921947947,0.0003167545669,0.0002970272681,0.0002499269872,0.0001935671733,0.005362477879,0.0005247917909,0.00138318472,0.003032319623,0.005010011944,0.006697440461,1.508502316e-06,4.33097083e-06,9.411087885e-06,1.504472483e-05,0.01045215406,0.0009669538258,0.005872071895,0.023234637,0.05710063546,0.09831130115,4.855846457e-09,3.090785709e-08,1.352308643e-07,3.786867664e-07,0.005736775424,0.0002961873962,0.00326178088,0.0201787009,0.06748621001,0.1466502186,2.452190088e-08,1.835079333e-07,9.837093195e-07,3.446561255e-06,0.01405457062,0.002621263556,0.01896911376,0.08315414503,0.2224825537,0.423065437,2.03667718e-08,1.848409071e-07,1.201669989e-06,5.030780495e-06,0.01904953751,0.005203761119,0.03320670696,0.1295199804,0.3158661963,0.5623996686,1.24875075e-08,1.446015468e-07,1.199447782e-06,6.288002174e-06,0.0250129341,0.00949738497,0.05170217873,0.1739982908,0.3735296238,0.6052761625,1.4329273e-09,2.71142207e-08,3.526737006e-07,2.699906863e-06,0.0276792992,0.01143545757,0.06016948137,0.1874826232,0.3599957558,0.5227426397,1.289770615e-11,6.831864354e-10,2.127377635e-08,3.173203985e-07,0.03107126235,0.01196119033,0.0808860928,0.2674576876,0.4713366828,0.5701535879,5.195720982e-10,2.069191599e-08,4.84433524e-07,5.553212925e-06,0.0703069415,0.05352382024,0.2468451076,0.5720799392,0.7465437556,0.669459555,1.136653734e-08,3.403950769e-07,5.992622976e-06,5.280199772e-05,0.1281224494,0.1454547515,0.4932959136,0.8593645916,0.8719801519,0.6051354389,1.57060561e-09,9.138819108e-08,2.778831534e-06,3.652549792e-05,0.1653958439,0.2289301265,0.6785758003,0.914241246,0.6472996855,0.2898063973
62,0.03794150664,0.04473243478,0.04732317776,0.04527705524,0.1638378201,0.09489506221,0.147429952,0.1978454106,0.2273708321,0.2282337396,0.05424014034,0.0640651104,0.06789937095,0.06507315271,0.1793733653,0.09814405624,0.1536594587,0.2076888722,0.2405341339,0.2431669241,0.0009497611306,0.001255171621,0.001488453353,0.001582363849,0.02417480704,0.007321513348,0.01843506543,0.03873539248,0.06509093259,0.09154943825,0.0006643671647,0.000876403433,0.001037393154,0.001100988233,0.02208102458,0.007079139495,0.01768768961,0.03689951968,0.06152881201,0.08592727291,0.0166290492,0.01398837722,0.01055870485,0.007397490525,0.03868083545,0.006946095874,0.01156414686,0.01654777165,0.01910758949,0.01859260153,0.02453399756,0.02067906975,0.01564001179,0.01097759592,0.0426885253,0.007205285535,0.01209687176,0.01744566009,0.02031442388,0.01992018938,0.0004558913177,0.0004280903986,0.0003607057381,0.0002797216784,0.005865527937,0.0005383506171,0.001427247014,0.003145960249,0.005228281387,0.007026917768,0.000309001382,0.0002895821743,0.0002435155086,0.0001884965052,0.005314859658,0.0005189849842,0.001364393572,0.002984044831,0.004917680908,0.006558606425,1.436703973e-06,4.12407089e-06,8.959839788e-06,1.432090303e-05,0.01035530606,0.0009636125626,0.005847137367,0.02311892667,0.05676668238,0.09765499434,4.547439212e-09,2.89376061e-08,1.265788884e-07,3.543771067e-07,0.005672065923,0.0002948033071,0.00324305267,0.02004283679,0.06694955657,0.1453112225,2.32596154e-08,1.74023082e-07,9.32657985e-07,3.267026505e-06,0.01394158117,0.002625484971,0.01898153955,0.08313491278,0.2222431411,0.4222761439,1.931506668e-08,1.752571397e-07,1.13911208e-06,4.767905499e-06,0.01889497653,0.005211219594,0.03322258147,0.1294671186,0.3154682679,0.5612430203,1.184011225e-08,1.370744806e-07,1.136759594e-06,5.958143966e-06,0.02480764111,0.009508872468,0.05171533768,0.1738884139,0.3729723922,0.6038853506,1.340564229e-09,2.53601804e-08,3.297767463e-07,2.52403752e-06,0.02735547684,0.01137012912,0.05976150753,0.1860257444,0.356744235,0.5173815428,1.172662378e-11,6.209352531e-10,1.932850393e-08,2.882106416e-07,0.03061065199,0.01185431864,0.08004046999,0.2642847092,0.4648316222,0.5611896039,4.72089196e-10,1.879427215e-08,4.398509747e-07,5.040505136e-06,0.06924807122,0.0530096341,0.244098886,0.5649098726,0.7357161178,0.6584405996,1.032228768e-08,3.090136093e-07,5.438233516e-06,4.790155534e-05,0.126168119,0.1439776814,0.4875378588,0.8481241916,0.858833498,0.5948111363,1.395249123e-09,8.114976156e-08,2.466447858e-06,3.240655289e-05,0.1625188995,0.225921468,0.6683971582,0.8989533677,0.6348054495,0.283459208
63,0.03728658938,0.04393510571,0.04645303447,0.0444210237,0.1626798286,0.09389720454,0.1455264165,0.194851774,0.2233879371,0.2237364868,0.05353878751,0.06326065488,0.06707215079,0.06430282655,0.1792232066,0.0988314824,0.1549836317,0.2097902649,0.243357292,0.2463833142,0.0009308225681,0.001230552627,0.0014597446,0.001552320699,0.02410974193,0.007366595847,0.01857471288,0.03907987386,0.06576236247,0.09261358825,0.0006482626987,0.0008546300994,0.001010994361,0.001072358375,0.02188426801,0.006998809896,0.01744127024,0.03629712157,0.06036605015,0.08410082045,0.01632988641,0.0137282245,0.01035592698,0.007251280564,0.03839135832,0.006867290902,0.01140306928,0.01627767434,0.01874656548,0.01819747557,0.02420818337,0.02041295929,0.01544518577,0.01084502256,0.04265846647,0.007260903717,0.0122117658,0.01764021997,0.02057725112,0.02021065694,0.0004467648902,0.0004196770721,0.0003537486967,0.0002744210992,0.005850937802,0.0005420675714,0.001439370833,0.003177336236,0.005288768463,0.007118533395,0.000301369987,0.0002822433035,0.000237186896,0.0001834854996,0.005265670998,0.0005126821462,0.001344051761,0.002931916076,0.004818245338,0.006409457047,1.367546394e-06,3.924314228e-06,8.523162608e-06,1.3618973e-05,0.01025259908,0.0009579441109,0.00580488138,0.0229230304,0.05620197075,0.0965464342,4.255367974e-09,2.706751002e-08,1.183484216e-07,3.312047307e-07,0.005603586128,0.0002924590778,0.003211378796,0.0198133679,0.06604467406,0.1430570874,2.204311924e-08,1.648591738e-07,8.83210897e-07,3.092737368e-06,0.01381806504,0.002621501446,0.01892194215,0.08274883385,0.2208553248,0.418999138,1.829862587e-08,1.659715795e-07,1.078351152e-06,4.512007004e-06,0.01872477493,0.0052014733,0.03310656197,0.1288203124,0.3133830725,0.5566746296,1.121219951e-08,1.297559693e-07,1.075660215e-06,5.635933316e-06,0.02457953572,0.009486850229,0.05151172472,0.1729424181,0.3703350944,0.598680553,1.251941079e-09,2.367358785e-08,3.077139983e-07,2.354250685e-06,0.02700232943,0.011256174,0.05905432486,0.1835121323,0.3511571064,0.5082002575,1.0627199e-11,5.623809825e-10,1.749528561e-08,2.607302454e-07,0.03010246975,0.01166650574,0.07856660257,0.2587889058,0.453629643,0.5458286831,4.272748153e-10,1.699993375e-08,3.976177468e-07,4.553998291e-06,0.06806583308,0.05209911667,0.2392794962,0.5524132932,0.7169643531,0.6394590546,9.332540069e-09,2.792158012e-07,4.91087317e-06,4.323237339e-05,0.1239656137,0.1413481484,0.4773835212,0.8284452116,0.8359712031,0.5769577986,1.23196884e-09,7.160044723e-08,2.174607829e-06,2.855268424e-05,0.1592535255,0.2205583316,0.6504378621,0.8721943316,0.6131062178,0.2725095973
64,0.03663820443,0.04314467897,0.04558938145,0.04357051332,0.1614902956,0.09284277209,0.143519994,0.1917036668,0.2192100174,0.2190298826,0.05283609937,0.06245144686,0.06623654307,0.06352151035,0.1790246955,0.09944864107,0.1561742512,0.2116823735,0.2459031362,0.2492878035,0.000912012157,0.001206014594,0.001431027227,0.001522165904,0.02403543335,0.007403802657,0.01869011237,0.03936487941,0.06631858029,0.09349617741,0.0006324177645,0.0008331770539,0.000984949442,0.001044080177,0.02168130617,0.006912005587,0.01717571747,0.03564959898,0.05911960848,0.0821478487,0.01603396976,0.01347056967,0.01015486753,0.007106171897,0.03809436337,0.006784308251,0.01123391023,0.01599473674,0.01836939955,0.01778570707,0.02388178233,0.02014527313,0.01524835456,0.01071051734,0.04261644522,0.007311226125,0.01231589412,0.01781682358,0.02081622133,0.02047516513,0.0004376988488,0.0004112892763,0.0003467869655,0.0002690981714,0.005834064254,0.0005452017501,0.001449608607,0.003203866901,0.005339988891,0.007196216916,0.000293866262,0.0002750174105,0.0002309479151,0.0001785401959,0.005215004735,0.0005059092234,0.001322256655,0.002876214574,0.004712305273,0.006250977968,1.301027526e-06,3.731768356e-06,8.101364329e-06,1.293966761e-05,0.01014432028,0.0009500013021,0.005745767501,0.02264939665,0.05541457805,0.09500337947,3.979214654e-09,2.529578497e-08,1.105355388e-07,3.091687797e-07,0.005531553545,0.0002891825097,0.003167205291,0.01949399744,0.06478844737,0.1399353534,2.087294197e-08,1.560241932e-07,8.354326723e-07,2.92399159e-06,0.01368444331,0.002609379874,0.01879127536,0.08200247454,0.2183452853,0.4133026124,1.731838203e-08,1.569967906e-07,1.019495853e-06,4.263645236e-06,0.01853955417,0.005174681632,0.0328605389,0.1275908332,0.309650952,0.5487919489,1.060472752e-08,1.226603647e-07,1.016296007e-06,5.32227116e-06,0.02432952045,0.009431675483,0.05109474424,0.1711773068,0.3656703822,0.5897762545,1.167177123e-09,2.205751386e-08,2.865360918e-07,2.191010291e-06,0.02662145007,0.01109530056,0.05806009333,0.1799901381,0.3433565577,0.4954229995,9.600309705e-12,5.076074717e-10,1.577790606e-08,2.349519645e-07,0.02954985328,0.0114020237,0.07650259604,0.2511281564,0.4380977921,0.5246354897,3.852406851e-10,1.531450717e-08,3.578924213e-07,4.095801865e-06,0.06676839383,0.05081478383,0.2325210419,0.5349737149,0.6909412836,0.6132532928,8.401127999e-09,2.511358263e-07,4.413248076e-06,3.882111742e-05,0.121531463,0.1376354185,0.4631317498,0.8009630235,0.8042273007,0.5523010073,1.081330496e-09,6.278033293e-08,1.904749983e-06,2.498548627e-05,0.155628946,0.2130216279,0.6253710393,0.8350596963,0.583207656,0.2575244634
65,0.03599688427,0.04236188593,0.04473310647,0.04272647799,0.1602710771,0.09173498719,0.1414176733,0.1884132654,0.2148549097,0.2141357014,0.05213291573,0.06163857415,0.06539379629,0.06273048012,0.1787783742,0.09999408143,0.157227924,0.2133589351,0.2481619887,0.2518680495,0.0008933518527,0.001181591202,0.001402346556,0.001491952784,0.0239520674,0.007433025157,0.01878084129,0.0395891695,0.06675675649,0.09419211975,0.000616844134,0.0008120634262,0.0009592854576,0.00101618683,0.02147252797,0.006819088269,0.01689231028,0.0349604515,0.05779699366,0.08008119994,0.01574153655,0.01321564646,0.009955729762,0.006962324939,0.03779031812,0.006697404994,0.01105726716,0.01570006819,0.01797772288,0.01735922409,0.02355519028,0.01987637747,0.01504981815,0.01057430472,0.04256258609,0.007356128702,0.01240894651,0.01797486125,0.02103038897,0.02071254593,0.0004287039126,0.0004029386875,0.0003398316978,0.0002637624565,0.005814950759,0.0005477435025,0.001457921144,0.00322543231,0.0053816731,0.007259506746,0.0002864955973,0.0002679107522,0.0002248048791,0.0001736662577,0.005162957876,0.0004986943836,0.001299112989,0.002817240507,0.004600496347,0.006084206395,1.237135585e-06,3.546467665e-06,7.69467007e-06,1.228357167e-05,0.01003077724,0.0009398581917,0.005670442782,0.02230143079,0.05441569437,0.09305034431,3.718520588e-09,2.362029263e-08,1.031343499e-07,2.88261836e-07,0.005456199256,0.0002850123269,0.003111150355,0.01908983613,0.06320406193,0.1360109939,1.974936963e-08,1.475240056e-07,7.893750289e-07,2.761036903e-06,0.01354118058,0.002589281482,0.01859145282,0.08090789886,0.2147587242,0.4053017678,1.637503015e-08,1.483428927e-07,9.626371309e-07,4.023299564e-06,0.01834000367,0.005131210247,0.03248822381,0.1257991338,0.3043417382,0.5377585631,1.001848271e-08,1.15799815e-07,9.587933398e-07,5.017945595e-06,0.02405860273,0.009344127861,0.05047092467,0.1686235033,0.3590685149,0.5773632063,1.086355283e-09,2.051426484e-08,2.66282738e-07,2.03468979e-06,0.02621457129,0.01088990175,0.05679574086,0.1755267232,0.3335108167,0.4793568172,8.645913969e-12,4.56644129e-10,1.417827659e-08,2.109181554e-07,0.02895621583,0.01106680031,0.07390090171,0.2415182848,0.4187335979,0.4983692877,3.460502929e-10,1.374150506e-08,3.207805153e-07,3.667374154e-06,0.06536470914,0.04918788007,0.2240080921,0.5131152562,0.6585312943,0.5808153122,7.530631479e-09,2.248674862e-07,3.94730361e-06,3.468734198e-05,0.118883904,0.1329355862,0.4451937111,0.7665455468,0.7647309194,0.5218147361,9.435861163e-10,5.470984178e-08,1.657671902e-06,2.171760193e-05,0.1516773989,0.2035598118,0.5941122897,0.7890272066,0.546451097,0.239251697
66,0.03536313548,0.04158742577,0.04388506139,0.04188983535,0.1590241059,0.09057726406,0.1392267961,0.1849932688,0.2103410816,0.2090763447,0.05143006788,0.06082312224,0.06454516572,0.06193102724,0.1784849343,0.1004666825,0.1581419538,0.2148148801,0.2501258945,0.2541137926,0.0008748627309,0.001157315093,0.001373746868,0.001461733779,0.02385986106,0.007454199935,0.01884663505,0.03975193509,0.06707498501,0.09469791404,0.0006015525655,0.0007913068868,0.0009340275905,0.0009887093765,0.02125833807,0.006720447205,0.01659241303,0.03423338463,0.05640609472,0.07791428208,0.01545281149,0.01296367734,0.009758707863,0.006819893341,0.03747970803,0.00660685206,0.01087376414,0.01539481877,0.0175732137,0.01691999702,0.02322879874,0.01960663754,0.01484987804,0.01043661188,0.04249705102,0.00739551269,0.01249066995,0.01811382762,0.02121895956,0.02092180791,0.000419790375,0.0003946366286,0.000332893799,0.0002584233661,0.005793648471,0.0005496865536,0.00146428166,0.003241947937,0.005413626489,0.007308063998,0.0002792628928,0.0002609290813,0.0002187636373,0.0001688689599,0.005109631089,0.000491067745,0.001274731737,0.002755309479,0.00448348162,0.005910216824,1.175849735e-06,3.368415207e-06,7.303225427e-06,1.16511263e-05,0.009912295776,0.0009276087194,0.00557972421,0.02188341494,0.05321932515,0.09071787755,3.472792935e-09,2.203858379e-08,9.613719697e-08,2.684704802e-07,0.005377766095,0.0002799973058,0.003043988163,0.0186072509,0.06132022168,0.1313639684,1.867245799e-08,1.393624431e-07,7.450771449e-07,2.604071856e-06,0.01338878121,0.002561458049,0.0183252973,0.07948231435,0.2101593575,0.3951546128,1.546903681e-08,1.400176259e-07,9.078484925e-07,3.791368795e-06,0.01812687471,0.00507162218,0.03199504802,0.1234742302,0.2975523893,0.5237980795,9.454083366e-09,1.091842864e-07,9.032585536e-07,4.723630465e-06,0.02376788554,0.00922538966,0.04964973326,0.1653238998,0.350654205,0.5617010834,1.009523936e-09,1.904541332e-08,2.469830571e-07,1.885574166e-06,0.02578354713,0.01064298886,0.05528243325,0.1702051382,0.321827605,0.4603783839,7.76314509e-12,4.094710304e-10,1.269659473e-08,1.886431402e-07,0.02832520127,0.01066818002,0.07082594036,0.2302222961,0.3961370925,0.4679365146,3.097227047e-10,1.228249596e-08,2.863378858e-07,3.269559834e-06,0.06386439445,0.04725701925,0.21396674,0.4874748759,0.6207977617,0.5433254718,6.722455217e-09,2.004664454e-07,3.514261374e-06,3.084379319e-05,0.1160425999,0.1273671454,0.4240719227,0.7262450848,0.7188362212,0.4866546432,8.187073753e-10,4.739169628e-08,1.433590139e-06,1.875351047e-05,0.1474335622,0.1924745277,0.5577614321,0.7358548643,0.5044099177,0.2185562628
67,0.03473743806,0.0408219643,0.04304606027,0.04106146451,0.157751383,0.08937318335,0.1369549962,0.1814567852,0.2056874542,0.2038746134,0.05072837597,0.06000617042,0.06369190825,0.06112445275,0.1781452134,0.1008656612,0.1589143629,0.2160463768,0.2517886992,0.2560169637,0.0008565649321,0.001133217761,0.001345271225,0.001431560211,0.02375906089,0.007467309227,0.01888738938,0.03985280555,0.06727230428,0.09501168632,0.000586552806,0.0007709236346,0.0009091991088,0.0009616766479,0.02103915476,0.00661649553,0.01627746097,0.03347226685,0.05495508356,0.075660888,0.01516800645,0.01271487315,0.009563986547,0.006679023624,0.03716303439,0.006512932193,0.01068404667,0.01508016894,0.01715758106,0.01647001846,0.02290299364,0.01933641626,0.01464883605,0.01029766765,0.04242003865,0.007429305354,0.01256087078,0.01823332626,0.02138129758,0.02110214691,0.0004109680756,0.00038639403,0.0003259838813,0.0002530901189,0.005770215939,0.0005510280532,0.001468676023,0.00325336554,0.00543573169,0.007341676821,0.0002721725605,0.0002540776436,0.0002128295685,0.0001641531793,0.005055128194,0.0004830610906,0.001249228931,0.002690748865,0.004361943269,0.005730106672,1.117140801e-06,3.197584655e-06,6.927100386e-06,1.104263443e-05,0.009789217673,0.0009133650301,0.00547458182,0.02140040874,0.05184192559,0.08804168166,3.241510862e-09,2.054794153e-08,8.953485605e-08,2.497758797e-07,0.005296506773,0.0002741951959,0.002966628932,0.01805368007,0.05917020258,0.1260862863,1.764204731e-08,1.315414074e-07,7.025661417e-07,2.45324722e-06,0.0132277851,0.002526246196,0.01799646792,0.07774757868,0.2046268624,0.3830563408,1.460065141e-08,1.32026439e-07,8.551864622e-07,3.568172548e-06,0.01790097399,0.004996664602,0.03138801793,0.1206528461,0.2894037842,0.5071859742,8.911985109e-09,1.028216109e-07,8.497782e-07,4.439885724e-06,0.02345855723,0.009077016775,0.04864331398,0.1613325475,0.3405823613,0.543108731,9.366990942e-10,1.765183753e-08,2.286560627e-07,1.743863331e-06,0.02533033433,0.01035810971,0.05354492493,0.1641221041,0.3085462607,0.4389182573,6.950414657e-12,3.660246244e-10,1.133152835e-08,1.681160281e-07,0.02766063694,0.01021463562,0.0673512707,0.2175376934,0.370978337,0.4343365471,2.762370864e-10,1.093728874e-08,2.545751263e-07,2.902640901e-06,0.06227758892,0.04506655237,0.2026539975,0.4587698095,0.5789223468,0.5020782765,5.976930687e-09,1.779533198e-07,3.114673779e-06,2.729688904e-05,0.1130283425,0.1210656934,0.4003354854,0.6812420657,0.6680418506,0.4480825727,7.064243309e-10,4.081326122e-08,1.23221403e-06,1.609052715e-05,0.142933951,0.1801038381,0.5175354669,0.6774652513,0.4587743649,0.1963506448
68,0.03412024497,0.04006613289,0.04221687778,0.040242204,0.1564549696,0.08812646595,0.1346101381,0.1778172176,0.2009132252,0.1985534833,0.05002864657,0.05918878797,0.06283527749,0.06031206174,0.1777601919,0.1011905772,0.1595439069,0.2170508628,0.2531461043,0.2575717641,0.0008384776138,0.001109329457,0.00131696131,0.001401482063,0.02364994169,0.007472380874,0.0189031605,0.03989185043,0.06734870367,0.09513320555,0.0005718535989,0.0007509283933,0.000884821344,0.0009351152231,0.02081540793,0.006507666395,0.01594894531,0.0326810857,0.05345231485,0.0733350156,0.0148873203,0.01246943282,0.009371740725,0.00653985486,0.03684081224,0.006415937859,0.01048877643,0.01475731919,0.01673254884,0.01601128358,0.02257815421,0.01906607297,0.01444699306,0.01015770149,0.04233178322,0.007457460479,0.01261941616,0.01833307305,0.02151693256,0.02125295437,0.000402246377,0.0003782213948,0.0003191122237,0.0002477717,0.005744718769,0.0005517685869,0.001471102844,0.003259673528,0.005447949638,0.007360262614,0.00026522853,0.0002473611783,0.0002070075767,0.0001595233881,0.004999555639,0.0004747075732,0.001222724462,0.002623894128,0.004236574295,0.005544982116,1.060971995e-06,3.033922384e-06,6.566293712e-06,1.04582674e-05,0.009661898295,0.0008972555009,0.005356119029,0.02085813443,0.05030198125,0.08506161026,3.024131471e-09,1.914542356e-08,8.331673991e-08,2.321543933e-07,0.005212681959,0.0002676714668,0.002880096031,0.01743742318,0.05679078843,0.1202787421,1.665777819e-08,1.240609855e-07,6.618576746e-07,2.308667888e-06,0.01305876338,0.00248405993,0.01760936796,0.07572958831,0.1982543788,0.3692325807,1.376991891e-08,1.243725988e-07,8.046912256e-07,3.353953592e-06,0.01766315672,0.004907251662,0.03067553294,0.1173783565,0.2800368324,0.4882398394,8.392487989e-09,9.671755911e-08,7.9841954e-07,4.16715942e-06,0.02313188074,0.008900901364,0.04746615949,0.1567130475,0.3290329468,0.5219525446,8.678668758e-10,1.63337686e-08,2.113112713e-07,1.609676718e-06,0.02485697277,0.01003925463,0.05161082072,0.1573846374,0.2939289773,0.4154435779,6.205519827e-12,3.26203796e-10,1.008041591e-08,1.493038508e-07,0.02696648544,0.009715447336,0.0635564856,0.2037827698,0.3439630046,0.3986053477,2.455377031e-10,9.704141759e-09,2.25462684e-07,2.56639759e-06,0.06061481569,0.04266476423,0.1903462567,0.4277626392,0.5341411773,0.4584059383,5.293435741e-09,1.573174026e-07,2.748492062e-06,2.40473373e-05,0.1098627461,0.1141781132,0.3745932969,0.6327850668,0.613906822,0.4073893574,6.062670952e-10,3.494910813e-08,1.05282793e-06,1.371993614e-05,0.138216302,0.1668043916,0.4746986577,0.6158270445,0.4112368666,0.17352759
69,0.03351198184,0.03932052771,0.04139824793,0.03943285007,0.1551369785,0.08684094632,0.1322002552,0.1740881507,0.196037696,0.1931358867,0.04933167035,0.05837203062,0.06197651903,0.05949515796,0.1773309873,0.101441335,0.160030082,0.2178270626,0.2541957012,0.2587747156,0.0008206189107,0.001085679096,0.00128885728,0.001371547773,0.0235328049,0.007469487777,0.01889416343,0.0398695752,0.06730511566,0.09506387222,0.0005574626976,0.0007313344173,0.0008609136821,0.0009090494011,0.02058753692,0.006394409018,0.01560839809,0.03186390402,0.05190622715,0.07095069243,0.01461093879,0.01222754316,0.009182135241,0.006402518421,0.03651356827,0.006316169137,0.01028862601,0.01442747988,0.01629984017,0.0155457712,0.02225465185,0.01879596217,0.01424464786,0.01001694257,0.04223255357,0.007479958626,0.01266623493,0.01841289834,0.02162556304,0.02137382306,0.0003936341442,0.000370128768,0.000312288735,0.0002424768244,0.005717229251,0.0005519121502,0.001471573396,0.003260896819,0.005450319449,0.007363868097,0.0002584342558,0.0002407839219,0.000201302091,0.0001549836513,0.00494302198,0.0004660414132,0.001195340873,0.002555085157,0.004108070422,0.005355944431,1.007299655e-06,2.877349662e-06,6.220737722e-06,9.898072488e-06,0.009530704186,0.0008794225299,0.005225550794,0.02026285052,0.04861955112,0.08182058629,2.820095392e-09,1.78279032e-08,7.747109848e-08,2.155781821e-07,0.005126558346,0.0002604979243,0.002785501009,0.01676741432,0.05422113971,0.1140474941,1.571910822e-08,1.169195775e-07,6.22956614e-07,2.170395207e-06,0.01288231385,0.00243538172,0.01716903699,0.07345757506,0.1911456808,0.3539318698,1.297669389e-08,1.170573173e-07,7.563874312e-07,3.148881035e-06,0.01741431944,0.00480444404,0.029867173,0.1136995764,0.2696080893,0.4673085441,7.895744899e-09,9.087593379e-08,7.492312699e-07,3.90579116e-06,0.02278918235,0.008699227628,0.04613473068,0.1515367155,0.3162052061,0.4986336132,8.029862051e-10,1.50908437e-08,1.94949415e-07,1.483058844e-06,0.0243655657,0.009690753895,0.04950978134,0.1501066747,0.2782516305,0.3904402269,5.525751308e-12,2.898760697e-10,8.939474523e-09,1.321548733e-07,0.02624679616,0.009180367376,0.059524028,0.1892827931,0.3157985669,0.3617615296,2.175391789e-10,8.579986618e-09,1.989364361e-07,2.260175844e-06,0.05888684132,0.04010200652,0.1773275713,0.3952264554,0.4876828601,0.4136061278,4.670525456e-09,1.385208171e-07,2.415143516e-06,2.109084975e-05,0.1065679393,0.1068566012,0.347467079,0.5821315131,0.5579695931,0.3658226139,5.176081994e-10,2.97636529e-08,8.943767806e-07,1.162818168e-05,0.1333189612,0.1529338803,0.4304954651,0.552844075,0.3633887386,0.1509020213
70,0.03291304672,0.03858570918,0.04059086298,0.03863415533,0.1537995658,0.0855205457,0.1297334875,0.1702832395,0.1910801041,0.187644505,0.04863822003,0.05755693719,0.06111686593,0.05867503854,0.1768588495,0.1016181831,0.1603731251,0.2183749915,0.2549369827,0.2596246815,0.0008030059031,0.001062294189,0.001260997633,0.001341804059,0.02340797696,0.007458746878,0.01886076831,0.03978691109,0.06714339382,0.09480668044,0.0005433868837,0.0007121535066,0.0008374935686,0.0008835011914,0.02035598843,0.006277184689,0.01525737713,0.03102481683,0.05032524721,0.06852180815,0.01433903458,0.01198937873,0.008995324686,0.006267137775,0.03618183868,0.006213931605,0.01008427378,0.01409186126,0.01586116253,0.01507542605,0.0219328491,0.01852643241,0.01404209606,0.009875618815,0.04212265171,0.007496807159,0.01270131797,0.01847274788,0.02170705863,0.02146455011,0.0003851397294,0.0003621257106,0.000305522921,0.0002372139033,0.005687825957,0.0005514660852,0.001470111392,0.003257096205,0.005442957107,0.007352667236,0.0002517927276,0.0002343496144,0.0001957170683,0.0001505376262,0.004885637367,0.0004570975968,0.00116720216,0.002484662712,0.003977122317,0.005164077074,9.560739894e-07,2.727764895e-06,5.890303355e-06,9.361981177e-06,0.009396010657,0.0008600201446,0.005084180255,0.01962121799,0.04681579013,0.07836348491,2.628832036e-09,1.659210859e-08,7.198521441e-08,2.000158166e-07,0.005038406735,0.0002527512397,0.002684017462,0.01605298829,0.05150164712,0.1075006565,1.482532923e-08,1.101140322e-07,5.858577994e-07,2.03844967e-06,0.01269905632,0.002380752369,0.01668103104,0.07096333921,0.1834121471,0.3374177191,1.222065561e-08,1.100798926e-07,7.102851238e-07,2.95305424e-06,0.01715539269,0.004689425889,0.0289734641,0.1096694464,0.2582850761,0.4447608547,7.421771123e-09,8.529868163e-08,7.022444422e-07,3.656016845e-06,0.02243184009,0.008474422274,0.04466703861,0.1458805984,0.3023115377,0.4735742889,7.419916589e-10,1.392216344e-08,1.795632309e-07,1.363985639e-06,0.0238582598,0.009317170738,0.04727270705,0.1424056534,0.2617946629,0.3643954306,4.907998973e-12,2.568837535e-10,7.904008726e-09,1.166019502e-07,0.02550565755,0.008619287518,0.05533611016,0.1743569422,0.2871633709,0.3247587488,1.921318201e-10,7.560657492e-09,1.749034714e-07,1.982958079e-06,0.05710453746,0.03742887213,0.1638784715,0.3619123747,0.4407126855,0.3688793366,4.106068265e-09,1.215028893e-07,2.113613833e-06,1.84189124e-05,0.1031662617,0.09925288927,0.3195659226,0.5304930403,0.5016761883,0.324525085,4.397037266e-10,2.521373746e-08,7.55550517e-07,9.798051537e-06,0.1282802902,0.1388350066,0.3860912863,0.4902605237,0.3166367573,0.1291670519
71,0.03232381011,0.03786220158,0.03979537279,0.0378468277,0.1524449228,0.08416924553,0.1272180227,0.166416102,0.1860594634,0.1821015734,0.04794904835,0.05674452645,0.06025753442,0.05785298905,0.1763451551,0.1017217105,0.1605740066,0.2186959455,0.2553713318,0.2601228579,0.0007856545935,0.001039200778,0.001233419103,0.001312295752,0.02327580753,0.007440317685,0.01880349488,0.03964519937,0.06686627738,0.09436615489,0.0005296319899,0.0006933960298,0.0008145765251,0.0008584903225,0.02012121445,0.006156462792,0.01489745127,0.03016790972,0.04871769904,0.06606195787,0.01407176721,0.01175510177,0.00881145327,0.006133828351,0.03584616713,0.00610953426,0.009876398857,0.01375166405,0.01541819371,0.01460214219,0.02161309878,0.01825782523,0.01383962906,0.009733955976,0.0420024115,0.007508040031,0.01272471777,0.01851268243,0.02176145984,0.02152513752,0.0003767709596,0.0003542212776,0.0002988238566,0.0002319910141,0.005656593301,0.0005504409828,0.001466752602,0.003248367223,0.005426053007,0.007326957135,0.0002453064824,0.0002280615087,0.0001902559987,0.0001461885654,0.004827513031,0.000447911576,0.001138432614,0.002412965001,0.003844408278,0.004970433747,9.072398079e-07,2.585045907e-06,5.574805441e-06,8.849817939e-06,0.009258199367,0.0008392114936,0.004933374563,0.01894016357,0.04491246808,0.07473602421,2.449764444e-09,1.543465971e-08,6.684559127e-08,1.854328696e-07,0.004948500144,0.0002445114381,0.002576854659,0.01530364857,0.04867281854,0.1007450625,1.397558468e-08,1.036397886e-07,5.505468482e-07,1.912813885e-06,0.01250962795,0.002320760032,0.01615129546,0.06828044935,0.1751696619,0.319960644,1.150132375e-08,1.034378611e-07,6.663807841e-07,2.766507341e-06,0.0168873336,0.004563479937,0.02800563016,0.1053436667,0.2462415144,0.4209740583,6.970454753e-09,7.99860194e-08,6.574735504e-07,3.417974506e-06,0.02206127207,0.00822910134,0.0430822051,0.1398254257,0.287571287,0.4472048402,6.847963967e-10,1.2826352e-08,1.651383041e-07,1.252371321e-06,0.02333722559,0.008923193784,0.04493093226,0.1343991997,0.2448344601,0.3377816978,4.348852523e-12,2.270498532e-10,6.968613339e-09,1.025658187e-07,0.02474715103,0.008041926059,0.05107189894,0.1593067225,0.2586804402,0.2884473554,1.691868267e-10,6.641117712e-09,1.532478565e-07,1.733434312e-06,0.05527874736,0.03469450461,0.1502659286,0.3285212921,0.3942864155,0.3252797653,3.597382021e-09,1.061845577e-07,1.842530827e-06,1.601957447e-05,0.09967997216,0.09151297148,0.2914637985,0.4789887568,0.4463218173,0.2844874125,3.717316618e-10,2.125105068e-08,6.348636498e-07,8.20979788e-06,0.1231381046,0.1248219315,0.3425247219,0.4295882822,0.2721448179,0.108866643
72,0.03174461504,0.03715049293,0.03901238432,0.03707152967,0.1510752673,0.08279106127,0.1246620369,0.1625002166,0.1809944154,0.1765287012,0.04726488641,0.05593579426,0.05939971996,0.05703027879,0.1757914007,0.1017528395,0.1606344169,0.2187924778,0.2555019889,0.2602727347,0.0007685798902,0.001016423391,0.001206156558,0.001283065658,0.02313666759,0.007414400359,0.01872300526,0.0394461703,0.06647734344,0.0937482644,0.0005162029277,0.0006750709541,0.0007921761788,0.0008340342639,0.01988367024,0.006032716902,0.0145301861,0.02929721937,0.0470917192,0.0635842989,0.01380928327,0.01152486224,0.008630654763,0.006002697448,0.03550710264,0.006003287481,0.009665676272,0.01340807043,0.0149725688,0.01412774809,0.02129574314,0.01799047414,0.01363753305,0.009592176839,0.04187219699,0.007513717352,0.01273654753,0.01853287612,0.02178897596,0.02155578981,0.0003685351287,0.0003464240005,0.0002922001617,0.0002268158752,0.005623621084,0.0005488505509,0.00146154433,0.003234838584,0.005399868431,0.007287151988,0.0002389776189,0.0002219223825,0.0001849219142,0.0001419393218,0.004768760787,0.0004385189763,0.001109155705,0.002340324474,0.00371058749,0.004776027624,8.607372414e-07,2.449052228e-06,5.274008106e-06,8.361309472e-06,0.009117655948,0.0008171662821,0.004774540562,0.01822674418,0.0429315012,0.07098370346,2.28231373e-09,1.435210291e-08,6.203813233e-08,1.717924885e-07,0.004857111974,0.000235860391,0.002465231793,0.01452884557,0.04577424348,0.09388333504,1.316888722e-08,9.749102063e-08,5.170010033e-07,1.793435767e-06,0.01231467852,0.002256028696,0.01558603449,0.06544343846,0.1665355704,0.3018305065,1.081807456e-08,9.712715746e-08,6.246584476e-07,2.589214225e-06,0.0166111184,0.004427961532,0.02697534008,0.100779332,0.2336526703,0.3963230941,6.541567738e-09,7.493657136e-08,6.149177431e-07,3.191711005e-06,0.02167892477,0.007966015161,0.04140001745,0.133453575,0.2722047248,0.4199507921,6.312951094e-10,1.180161849e-08,1.516539392e-07,1.148075607e-06,0.0228046384,0.008513532646,0.04251546155,0.1262020544,0.2276355889,0.3110428117,3.844695114e-12,2.001836208e-10,6.127365291e-09,8.99582311e-08,0.02397530726,0.007457547862,0.04680509743,0.144406414,0.2308972527,0.2535470586,1.485612485e-10,5.815676751e-09,1.338361933e-07,1.510071127e-06,0.05342015983,0.03194512024,0.136734946,0.2956812281,0.3493158512,0.2836818996,3.141365419e-09,9.247265855e-08,1.600246279e-06,1.387822373e-05,0.09613097408,0.08377258249,0.263681117,0.4286086695,0.393008718,0.2465173285,3.128263186e-10,1.782431046e-08,5.307272572e-07,6.842154454e-06,0.1179291568,0.111169867,0.3006735989,0.3720595642,0.2308024162,0.09038504791
73,0.03117577731,0.03645103507,0.03824246143,0.03630887787,0.1496928359,0.081390017,0.1220736394,0.1585488267,0.1759030915,0.1709467098,0.04658644208,0.05513171093,0.05854459348,0.05620815636,0.1751991961,0.1017128164,0.1605567453,0.2186683622,0.2553339977,0.2600800301,0.0007517955994,0.0009939850009,0.001179242928,0.001254154436,0.02299094747,0.007381233426,0.0186200952,0.03919191749,0.0659809479,0.09296031468,0.0005031037174,0.0006571858831,0.0007703043013,0.0008101482629,0.01964381233,0.005906420992,0.01415713045,0.02841669673,0.04545517957,0.061101423,0.01355171653,0.01129879785,0.008453052503,0.005873844201,0.03516519764,0.005895501064,0.009452772423,0.01306223573,0.01452586837,0.01365399318,0.02098111311,0.01772470377,0.01343608812,0.009450500408,0.04173240078,0.007513924726,0.01273697961,0.01853361368,0.02178998098,0.0215569093,0.0003604389927,0.0003387418745,0.0002856599811,0.0002216958233,0.005589004012,0.000546711452,0.001454544772,0.003216670185,0.005364731055,0.0072337753,0.0002328078129,0.0002159345518,0.0001797173996,0.000137792357,0.004709492553,0.0004289553149,0.00107949303,0.002267064856,0.00357629395,0.004581821876,8.165024418e-07,2.31962735e-06,4.98763021e-06,7.896094147e-06,0.008974767696,0.0007940582154,0.004609100963,0.01748801643,0.0408945108,0.0671508241,2.125903111e-09,1.33409429e-08,5.754830832e-08,1.590559389e-07,0.004764514252,0.0002268803539,0.002350353669,0.01373777246,0.04284367131,0.08701137102,1.240413592e-08,9.16607834e-08,4.851900024e-07,1.680231864e-06,0.01211486582,0.002187206476,0.01499158198,0.06248702461,0.157625805,0.283289475,1.017015714e-08,9.114227826e-08,5.850908789e-07,2.421093857e-06,0.01632773516,0.004284272421,0.02589445842,0.09603361596,0.2206909868,0.3711706295,6.134777346e-09,7.014751461e-08,5.745621349e-07,2.977189426e-06,0.02128626155,0.007687993172,0.03964049287,0.1268471265,0.2564274442,0.3922214718,5.813669306e-10,1.084581833e-08,1.390840426e-07,1.050911067e-06,0.02226266007,0.008092820032,0.04005627329,0.11792335,0.2104441845,0.284582402,3.39178841e-12,1.760856308e-10,5.374000231e-09,7.868485561e-08,0.02319406551,0.006874728085,0.04260201396,0.1298958946,0.2042721167,0.220631154,1.301025708e-10,5.078192088e-09,1.16522815e-07,1.311176416e-06,0.05153919259,0.02922279901,0.1235020886,0.2639310533,0.3065470973,0.2447631822,2.734621068e-09,8.026395663e-08,1.384913253e-06,1.197832134e-05,0.09254056213,0.07615360018,0.2366710052,0.380188461,0.3426211702,0.2112253809,2.621081056e-10,1.488115561e-08,4.415115458e-07,5.673222007e-06,0.1126886724,0.0981081351,0.2612354509,0.3186049633,0.1932185278,0.07395116607
74,0.03061758588,0.03576424388,0.03748612493,0.03555944296,0.1482998759,0.07997012107,0.1194608208,0.1545748511,0.1708029882,0.1653754884,0.04591439864,0.05433321885,0.05769329805,0.05538784555,0.1745702575,0.1016032001,0.1603440532,0.218328545,0.2548741317,0.2595525972,0.0007353144235,0.0009719070058,0.001152709143,0.001225600504,0.02283905489,0.007341091124,0.01849568388,0.03888486803,0.06538215665,0.09201082295,0.0004903375232,0.0006397470998,0.0007489708584,0.000786845395,0.01940209665,0.005778045822,0.01377980371,0.02753017333,0.04381561854,0.05862524569,0.01329918815,0.01107703424,0.008278759452,0.0057473596,0.03482100597,0.005786482351,0.009238340802,0.0127152808,0.01407960792,0.01318253637,0.02066952769,0.01746082905,0.01323556745,0.009309141185,0.04158344224,0.007508772384,0.01272624346,0.01851528642,0.0217650076,0.02152908886,0.0003524887691,0.0003311823489,0.00027921097,0.0002166377953,0.005552841202,0.0005440431135,0.001445822243,0.003194050756,0.005321029587,0.007167450565,0.0002267983348,0.0002100998875,0.0001746446055,0.0001337497507,0.004649819886,0.0004192557336,0.001049563342,0.00219349846,0.003442131136,0.00438872162,7.744682546e-07,2.196600945e-06,4.715350765e-06,7.453731572e-06,0.008829921327,0.0007700625042,0.004438471617,0.01673091469,0.0388224214,0.06327962186,1.979961491e-09,1.239767183e-08,5.3361313e-08,1.47183115e-07,0.004670975954,0.000217652588,0.002233388484,0.01293918448,0.03991623075,0.08021631391,1.168013314e-08,8.614115751e-08,4.550769551e-07,1.573090763e-06,0.01191085115,0.002114954048,0.01437427702,0.05944538097,0.1485522789,0.2645858477,9.556709655e-09,8.547644857e-08,5.476407764e-07,2.262015825e-06,0.01603817666,0.004133835006,0.02477480721,0.0911625476,0.2075221547,0.3458584329,5.749657819e-09,6.561472928e-08,5.363791821e-07,2.774296937e-06,0.02088475144,0.007397890185,0.0378234661,0.1200860693,0.2404453718,0.3644001664,5.348782604e-10,9.95651326e-09,1.273979925e-07,9.606504579e-07,0.02171342174,0.007665523179,0.03758171163,0.1096643175,0.1934826822,0.2587554068,2.986348053e-12,1.545523115e-10,4.70207102e-09,6.864789016e-08,0.02240723668,0.006301166533,0.03852016818,0.1159759764,0.1791671619,0.1901217727,1.136528466e-10,4.422251891e-09,1.011545057e-07,1.134958359e-06,0.04964588701,0.02656457821,0.1107510931,0.2337107948,0.2665512602,0.2090016511,2.373567456e-09,6.944882421e-08,1.194556824e-06,1.030207563e-05,0.08892919537,0.06876146475,0.2108105474,0.334395766,0.2958169996,0.1790257212,2.187082656e-10,1.236972097e-08,3.655979991e-07,4.681206848e-06,0.1074499482,0.08581669264,0.2247217666,0.2698546859,0.1597369936,0.05965453431
75,0.03007030333,0.0350904997,0.03674385293,0.03482374969,0.146898638,0.07853534288,0.1168314034,0.1505908037,0.1657108575,0.1598338712,0.04524941366,0.0535412304,0.05684694575,0.05457054164,0.1739063997,0.1014258472,0.1600000413,0.2177790846,0.2541308025,0.2587003074,0.0007191479666,0.0009502092129,0.001126584092,0.001197439963,0.02268141285,0.007294280457,0.01835080259,0.03852774916,0.06468666876,0.09090937785,0.0004779066897,0.0006227596163,0.0007281840678,0.0007641366254,0.01915897667,0.005648055529,0.01339968417,0.02664133115,0.0421801814,0.05616691351,0.01305180701,0.01085968515,0.008107878319,0.005623326549,0.03447508104,0.005676534465,0.009023018073,0.01236828519,0.0136352287,0.01271493624,0.02036129341,0.01719915453,0.01303623656,0.009168308496,0.0414257656,0.007498394128,0.01270462306,0.01847838728,0.02171473949,0.02147310239,0.0003446901392,0.0003237523226,0.0002728602821,0.0002116483144,0.005515235676,0.0005408675135,0.001435454312,0.003167195187,0.005269207685,0.007088890674,0.0002209500685,0.0002044198325,0.0001697052639,0.0001298132132,0.00458985354,0.0004094547485,0.001019481659,0.002119923819,0.003308667454,0.004197567324,7.345648605e-07,2.079791005e-06,4.456814261e-06,7.033712099e-06,0.008683500857,0.0007453534886,0.004264040392,0.01596214058,0.03673510831,0.05940953132,1.843926645e-09,1.151879553e-08,4.946220541e-08,1.361330124e-07,0.004576761446,0.0002082560978,0.002115448261,0.01214124624,0.03702380877,0.07357505349,1.099560086e-08,8.092339107e-08,4.266192134e-07,1.471876515e-06,0.01170329496,0.002039933507,0.01374034809,0.05635147639,0.1394206236,0.2459489195,8.976775253e-09,8.012178673e-08,5.122619865e-07,2.111805991e-06,0.01574343348,0.003978067759,0.02362794588,0.08621991578,0.1943017363,0.3207002906,5.38570203e-09,6.133295064e-08,5.003300935e-07,2.582852941e-06,0.0204758584,0.007098535594,0.03596821218,0.1132467143,0.2244505372,0.3368361696,4.916854607e-10,9.131029092e-09,1.165614832e-07,8.77033867e-07,0.0211590079,0.007235866817,0.03511798181,0.1015164794,0.1769459929,0.233862518,2.624608964e-12,1.353798879e-10,4.105086284e-09,5.974835532e-08,0.02161847042,0.00574355591,0.03460744293,0.1028061947,0.1558474404,0.16229474,9.905232251e-11,3.841335837e-09,8.757466614e-08,9.795775827e-07,0.04774981534,0.02400185948,0.09863054222,0.2053582128,0.2297263264,0.1766862395,2.054537908e-09,5.99144988e-08,1.027136825e-06,8.831040357e-06,0.08531629909,0.06168362895,0.1863968476,0.2917271821,0.2530335843,0.1501493128,1.817885428e-10,1.02398907e-08,3.014208805e-07,3.84500846e-06,0.1022440172,0.0744258421,0.1914642254,0.2261588852,0.1304679915,0.04746900668
76,0.02953416647,0.03443014798,0.03601608128,0.0341022774,0.1454913685,0.07708959117,0.1141929974,0.1466087211,0.1606426113,0.1543395342,0.04459211801,0.05275662614,0.05600661499,0.05375740795,0.1732095285,0.1011828956,0.159529012,0.2170270825,0.2531139516,0.2575349117,0.0007033067467,0.0009289098375,0.001100894593,0.001169706537,0.02251845757,0.007241137999,0.01818658245,0.03812355219,0.06390073328,0.08966648801,0.0004658127818,0.000606227227,0.0007079504651,0.0007420308813,0.01891490172,0.005516904459,0.01301819861,0.02575367629,0.04055557031,0.05373672994,0.01280966997,0.01064685266,0.007940501726,0.00550181998,0.03412797403,0.005565954664,0.008807420518,0.01202228112,0.01319408995,0.01225264327,0.02005670388,0.01693997373,0.01283835262,0.009028205892,0.041259838,0.007482946091,0.01267245384,0.01842350482,0.02164000209,0.02138989338,0.0003370482534,0.000316458143,0.0002666145627,0.0002067334793,0.005476293845,0.0005372089467,0.001423526857,0.003136341612,0.005209757287,0.006998886304,0.0002152635307,0.0001988954218,0.0001649007047,0.0001259840992,0.004529703053,0.0003995860194,0.0009893584781,0.002046623642,0.003176432514,0.004009129714,6.967203832e-07,1.969005905e-06,4.21163585e-06,6.635466198e-06,0.008535885581,0.0007201024223,0.004087148076,0.0151880662,0.03465110153,0.05557659649,1.717247968e-09,1.070085686e-08,4.583603863e-08,1.258641606e-07,0.004482129036,0.0001987665099,0.001997572324,0.01135140983,0.03419459701,0.06715325981,1.034919619e-08,7.599803682e-08,3.997692244e-07,1.376432017e-06,0.01149285271,0.001962797943,0.01309580845,0.05323650277,0.1303283249,0.2275850004,8.429317442e-09,7.506946635e-08,4.789007068e-07,1.970252143e-06,0.01544448755,0.003818362398,0.02246497449,0.08125632826,0.1811724215,0.2959766087,5.042332969e-09,5.729592059e-08,4.66366249e-07,2.402617346e-06,0.02006103115,0.006792686765,0.03409311364,0.1064003507,0.2086176984,0.3098388678,4.516373881e-10,8.366510412e-09,1.065373286e-07,7.997755539e-07,0.02060144178,0.006807769204,0.03268875751,0.09356034842,0.1609991272,0.2101475141,2.302880347e-12,1.183677213e-10,3.576628215e-09,5.188804937e-08,0.02083122672,0.005207503769,0.03090175526,0.09050482955,0.1344852375,0.1372920585,8.614253311e-11,3.328952673e-09,7.562688292e-08,8.431919e-07,0.04586000162,0.02156011979,0.08725344691,0.1791109245,0.1963082637,0.147936716,1.773865503e-09,5.154788184e-08,8.806017782e-07,7.546629038e-06,0.0817200977,0.05498898612,0.1636474513,0.2525145475,0.2145054824,0.1246662514,1.505559897e-10,8.444242106e-09,2.474984684e-07,3.144661177e-06,0.09709938187,0.06401864198,0.1616304016,0.1876219863,0.1053296001,0.03728016433
77,0.02900938701,0.03378349998,0.03530320438,0.03339546059,0.1440803031,0.07563669388,0.1115529602,0.1426400995,0.1556132418,0.1489089132,0.04394311508,0.05198025323,0.05517334809,0.05294957282,0.1724816323,0.1008767466,0.1589358262,0.2160806041,0.2518349284,0.2560698836,0.0006878002133,0.0009080255115,0.001075665383,0.001142431541,0.0223506364,0.00718202649,0.01800424136,0.03767549439,0.06303106164,0.08829342291,0.0004540566261,0.0005901525665,0.0006882749763,0.0007205351334,0.01867031535,0.005385034286,0.01263671299,0.02487051667,0.03894800416,0.05134409975,0.01257286229,0.01043862751,0.007776712432,0.005382906998,0.03378023219,0.005455032831,0.008592140876,0.01167824831,0.01275746262,0.01179699377,0.01975603944,0.01668356864,0.01264216394,0.008889030606,0.04108614753,0.007462605345,0.01263011922,0.01835131644,0.02154175193,0.02128056159,0.0003295677403,0.0003093056081,0.0002604799455,0.0002018989569,0.005436124999,0.0005330937728,0.001410133049,0.003101748281,0.005143211516,0.006898293573,0.0002097388916,0.0001935273023,0.0001602318749,0.0001222634229,0.00446947635,0.0003896821416,0.0009592990854,0.001973863114,0.003045914228,0.003824106145,6.608614588e-07,1.864046358e-06,3.979406327e-06,6.258373545e-06,0.008387448204,0.0006944754585,0.003909071662,0.01441465265,0.03258735034,0.05181303338,1.59938883e-09,9.940456146e-09,4.246797441e-08,1.163350126e-07,0.004387329659,0.0001892551129,0.001880714053,0.01057632474,0.03145280507,0.06100492847,9.739526108e-09,7.135508341e-08,3.744753544e-07,1.286582313e-06,0.01128017099,0.001884181928,0.01244636512,0.05012940049,0.1213632856,0.2096746229,7.913234871e-09,7.030987287e-08,4.474966613e-07,1.837109558e-06,0.01514230601,0.003656063311,0.02129636459,0.07631844363,0.1682619563,0.271930742,4.718914898e-09,5.349653608e-08,4.344306014e-07,2.233298788e-06,0.01964169371,0.006482987605,0.03221537911,0.09961217074,0.1931018648,0.2836738886,4.145777381e-10,7.659971463e-09,9.72862143e-08,7.285703752e-07,0.02004267232,0.006384792109,0.03031490312,0.08586463037,0.1457761976,0.1877972232,2.017590619e-12,1.033210511e-10,3.110449671e-09,4.497116381e-08,0.02004875213,0.004697504952,0.02743119072,0.07915082011,0.1151684483,0.1151397442,7.476885968e-11,2.878754221e-09,6.515789054e-08,7.239934537e-07,0.0439848567,0.01925889971,0.07669847802,0.155113064,0.1663889899,0.1227299604,1.527953639e-09,4.423786498e-08,7.529337032e-07,6.430541977e-06,0.07815747977,0.04872816759,0.1427044317,0.2169385639,0.1802903505,0.102513703,1.242733214e-10,6.938705429e-09,2.024548551e-07,2.561641652e-06,0.09204181828,0.05463540124,0.1352460782,0.1541456124,0.08409372084,0.02891300595
78,0.02849615235,0.03315083369,0.03460557604,0.03270368984,0.1426676595,0.07418037971,0.1089183614,0.1386958415,0.1506367574,0.143557142,0.04330298028,0.0512129242,0.05434814919,0.05214812696,0.1717247745,0.1005100443,0.1582258577,0.2149485934,0.2503063566,0.254320247,0.0006726367711,0.0008875713013,0.001050919124,0.001115643865,0.02217840578,0.007117331304,0.01780507055,0.0371869795,0.06208473738,0.08680204954,0.0004426383539,0.0005745371712,0.0006691609962,0.0006996544857,0.0184256538,0.005252871416,0.01225652454,0.02399494377,0.03736318824,0.04899749156,0.01234145799,0.01023508944,0.00761658359,0.005266647073,0.03343239724,0.005344050115,0.008377745596,0.01133710975,0.01232652446,0.01134920582,0.01945956691,0.0164302093,0.01244790941,0.008750973086,0.04090520113,0.007437568367,0.01257804681,0.01826258083,0.02142106482,0.02114634832,0.0003222527172,0.0003022999732,0.0002544620531,0.0001971499796,0.005394840791,0.0005285501544,0.001395372295,0.003063690319,0.005070137302,0.006788021267,0.0002043759962,0.0001883157547,0.0001556993576,0.0001186518748,0.004409279391,0.0003797744604,0.0009294029732,0.001901888551,0.002917556714,0.003643118392,6.269137653e-07,1.764707261e-06,3.759696882e-06,5.90177178e-06,0.008238553116,0.0006686318659,0.003731010207,0.01364738477,0.03055904987,0.04814694347,1.489828557e-09,9.234268839e-09,3.934338401e-08,1.075042922e-07,0.0042926057,0.0001797880699,0.00176573101,0.009821779557,0.02881853214,0.05517239078,9.165161201e-09,6.698407959e-08,3.506826752e-07,1.202137768e-06,0.0110658839,0.001804693111,0.01179734279,0.04705648812,0.1126028239,0.1923709143,7.427375304e-09,6.583275333e-08,4.179842323e-07,1.712106398e-06,0.01483783555,0.003492449602,0.02013182034,0.07144838478,0.1556817479,0.2487669957,4.414764057e-09,4.992699262e-08,4.044590394e-07,2.074562672e-06,0.01921923659,0.006171933051,0.03035081734,0.09294047405,0.1780367139,0.2585612226,3.803471828e-10,7.008342797e-09,8.876738925e-08,6.630997186e-07,0.01948456274,0.005970104948,0.02801430812,0.07848589934,0.1313806591,0.1669437381,1.765322737e-12,9.005316434e-11,2.700551343e-09,3.890557017e-08,0.01927406067,0.004216958938,0.02421452501,0.06878715871,0.09791176769,0.09576874704,6.478257215e-11,2.484626493e-09,5.601993925e-08,6.20238401e-07,0.04213212754,0.01711202955,0.06701252141,0.1334253163,0.1399387452,0.1009293918,1.313332546e-09,3.787719231e-08,6.421839523e-07,5.465107135e-06,0.07464389534,0.04293456306,0.1236413068,0.185047633,0.1502997805,0.08352618629,1.022653477e-10,5.68297349e-09,1.650334436e-07,2.079058371e-06,0.08709424706,0.04627959334,0.1122213118,0.1254750651,0.06643150055,0.02215729427
79,0.02799462647,0.03253239485,0.03392351066,0.03202731289,0.1412556319,0.07272426168,0.1062959515,0.1347862117,0.1457261332,0.1382980114,0.04267226055,0.05045541588,0.05353198258,0.05135412117,0.1709410848,0.1000856546,0.1574049427,0.2136407808,0.2485419911,0.2523023913,0.0006578238077,0.0008675607353,0.001026676418,0.001089369974,0.02200222917,0.007047456815,0.01759042075,0.0366615578,0.06106912513,0.08520466856,0.000431557446,0.0005593815431,0.0006506104711,0.0006793922713,0.01818134468,0.005120824714,0.01187885513,0.02312981852,0.03580629342,0.04670441753,0.01211552033,0.01003630757,0.007460179051,0.005153092259,0.03308500389,0.005233277714,0.008164772507,0.01099972826,0.01190235655,0.01091037679,0.01916753941,0.01618015349,0.01225581812,0.008614216592,0.04071752257,0.007408049402,0.01251670431,0.01815812989,0.02127912322,0.0209886205,0.0003151068046,0.0002954459593,0.000248566001,0.0001924913446,0.00535255473,0.0005236077848,0.001379349147,0.003022456397,0.004991127886,0.006669017889,0.0001991743862,0.0001832607162,0.0001513033937,0.0001151498395,0.004349215839,0.00036989291,0.0008997633655,0.00183092638,0.002791758998,0.003466711783,5.948025117e-07,1.670779415e-06,3.552063583e-06,5.564964819e-06,0.00808955482,0.0006427224958,0.003554073433,0.01289122242,0.02857952874,0.04460217075,1.388064037e-09,8.579060452e-09,3.644793536e-08,9.933129723e-08,0.00419818996,0.0001704258088,0.001653378402,0.009092673666,0.02630778188,0.04968672426,8.624648445e-09,6.287425036e-08,3.283337061e-07,1.12289708e-06,0.01085060976,0.001724905038,0.01115362371,0.04404119774,0.1041130936,0.175799054,6.970548725e-09,6.16273578e-08,3.902935368e-07,1.594948859e-06,0.01453199733,0.003328720023,0.01898017112,0.06668333472,0.1435261213,0.226650169,4.129158805e-09,4.657892108e-08,3.763816949e-07,1.926038914e-06,0.01879500894,0.005861839959,0.02851366845,0.08643614749,0.1635338565,0.2346751436,3.487852906e-10,6.408513359e-09,8.093929276e-08,6.030368885e-07,0.01892888081,0.00556646273,0.02580182643,0.07146869978,0.1178866037,0.1476684361,1.542840659e-12,7.838703439e-11,2.341240295e-09,3.360379897e-08,0.01850991958,0.003768224844,0.02126204529,0.05942532388,0.08266947465,0.07903689447,5.604238577e-11,2.140759261e-09,4.807260369e-08,5.302695648e-07,0.04030886071,0.01512804605,0.05821419785,0.1140371346,0.1168305466,0.08231477192,1.126702538e-09,3.236388384e-08,5.465005362e-07,4.633539392e-06,0.07119328498,0.03762589622,0.1064719064,0.156779787,0.124331967,0.06746543903,8.392208557e-11,4.640699984e-09,1.341034399e-07,1.681741885e-06,0.08227666971,0.03892454455,0.09237766998,0.1012451109,0.05195461648,0.01678887433
80,0.02750495081,0.03192839809,0.0332572844,0.0313666359,0.139846385,0.0712718224,0.103692137,0.1309208021,0.1408932778,0.1331439463,0.04205147426,0.04970846873,0.05272577128,0.0505685644,0.1701327513,0.0996066427,0.1564793285,0.2121675873,0.2465565683,0.2500338785,0.0006433677272,0.0008480058393,0.001002955839,0.001063633929,0.02182257506,0.006972822743,0.01736168845,0.03610288623,0.05999178055,0.083513853,0.0004208127778,0.0005446852158,0.000632623986,0.0006597501544,0.01793780568,0.004989283553,0.011504846,0.0222777611,0.03428194454,0.04447142934,0.01189510226,0.009842340803,0.007307553701,0.005042287451,0.03273857847,0.005122975824,0.007953728915,0.01066690393,0.01148594117,0.01048148261,0.01888019631,0.01593364646,0.01206610903,0.008478936858,0.04052365032,0.007374278719,0.01244659519,0.01803886016,0.02111720271,0.02080885382,0.0003081331414,0.0002887477658,0.0002427964045,0.0001879274174,0.005309381692,0.0005182976138,0.001362172211,0.002978345407,0.004906795339,0.006542258833,0.0001941333218,0.0001783618034,0.0001470439029,0.0001117574142,0.00428938676,0.0003600658784,0.0008704668495,0.001761182473,0.002668874442,0.003295355561,5.644528839e-07,1.582051125e-06,3.356051562e-06,5.247230698e-06,0.007940796535,0.0006168885146,0.003379273073,0.01215056794,0.02666019438,0.04119829025,1.293610997e-09,7.971698943e-09,3.376766706e-08,9.17761619e-08,0.004104304767,0.0001612225898,0.001544305701,0.00839301636,0.0239326011,0.04456848822,8.11652289e-09,5.901460458e-08,3.073691071e-07,1.048650107e-06,0.01063494814,0.001645351281,0.01051960356,0.04110391294,0.09594889616,0.1600566944,6.541539479e-09,5.768257134e-08,3.643514375e-07,1.485326042e-06,0.01422568233,0.003165980916,0.01784929583,0.06205530754,0.1318721729,0.2057064531,3.861349118e-09,4.344351644e-08,3.501241785e-07,1.787329284e-06,0.01837031149,0.005554824566,0.02671649136,0.08014240741,0.14968287,0.2121456806,3.197322225e-10,5.857367833e-09,7.376011199e-08,5.480519096e-07,0.01837729084,0.005176196944,0.0236893098,0.06484601271,0.1053408971,0.1300073191,1.347107794e-12,6.815647691e-11,2.027171608e-09,2.898373855e-08,0.01775883947,0.00335270589,0.01857658006,0.05105032312,0.06934871304,0.06475016462,4.841557611e-11,1.841695989e-09,4.118408085e-08,4.525326633e-07,0.0385213794,0.013310749,0.05029799157,0.0968800223,0.09686472569,0.06661020034,9.649651547e-10,2.760225803e-08,4.641476856e-07,3.920125321e-06,0.06781803908,0.03280618214,0.09116033952,0.1319857905,0.102103636,0.05404778171,6.869917315e-11,3.77952641e-09,1.086606903e-07,1.356255166e-06,0.07760616417,0.03252032377,0.07547452974,0.08102187148,0.04025011317,0.01258617045
81,0.02702724533,0.0313390282,0.03260713669,0.03072192491,0.1384420488,0.06982640153,0.1011129586,0.1271085071,0.1361490131,0.1281060013,0.04144111109,0.04897278631,0.05193039601,0.04979242223,0.1693020119,0.09907624986,0.1554556195,0.2105400251,0.2443656518,0.2475332455,0.0006292739867,0.0008289171797,0.0009797739763,0.001038457419,0.02163991506,0.006893860506,0.0171203022,0.03551468938,0.0588603627,0.08174229272,0.0004104026647,0.0005304468222,0.0006152008539,0.0006407282358,0.01769544345,0.004858616192,0.01113555375,0.02144114472,0.03279421733,0.04230412864,0.01168024692,0.009653238303,0.007158753833,0.004934270663,0.03239363766,0.005013392739,0.007745090113,0.01033937247,0.01107816095,0.01006337853,0.01859776321,0.01569092078,0.01187899073,0.008345301829,0.04032413552,0.007336500811,0.01236825416,0.01790572395,0.02093665821,0.02060861547,0.0003013344034,0.0002822090849,0.0002371573892,0.0001834621373,0.005265437431,0.0005126515718,0.001343953054,0.002931663177,0.00481776325,0.006408733905,0.000189251804,0.0001736183354,0.0001429205062,0.0001084744279,0.004229890364,0.0003503200959,0.000841593112,0.001692841776,0.002549210871,0.003129444347,5.357904494e-07,1.498309655e-06,3.171198894e-06,4.947828866e-06,0.007792608974,0.0005912604045,0.003207516931,0.011429249,0.02481053101,0.03795071159,1.206004976e-09,7.409164693e-09,3.128904989e-08,8.480007751e-08,0.004011161242,0.0001522262428,0.001439056173,0.007725949954,0.0217013195,0.03982870382,7.639318274e-09,5.539403349e-08,2.877283164e-07,9.791804856e-07,0.01041947723,0.001566520884,0.009899163013,0.03826190274,0.08815384137,0.1452151944,6.139117404e-09,5.398703598e-08,3.400824807e-07,1.382914475e-06,0.01391974731,0.00300523721,0.01674607751,0.05759108139,0.1207801495,0.186025455,3.610565374e-09,4.05116576e-08,3.256087329e-07,1.658014275e-06,0.01794639047,0.005252786515,0.02497010491,0.07409478078,0.1365519949,0.1910613552,2.930302053e-10,5.351819208e-09,6.718826971e-08,4.978157337e-07,0.01783134732,0.004801218142,0.02168572158,0.05864001645,0.09376593334,0.1139572017,1.17529838e-12,5.920688087e-11,1.753375058e-09,2.496908603e-08,0.01702306899,0.002970954886,0.01615465033,0.04362595812,0.0578223665,0.05268202902,4.177870271e-11,1.582366374e-09,3.523203574e-08,3.855868558e-07,0.03677527335,0.01165984746,0.04323865853,0.08184091516,0.07979197686,0.05350878173,8.252435454e-10,2.350359909e-08,3.935185436e-07,3.310342203e-06,0.06452898546,0.02846790092,0.07763130316,0.1104517994,0.08327929859,0.0429676152,5.611618712e-11,3.070976501e-09,8.782416561e-08,1.090842816e-06,0.07309693396,0.0270003673,0.06123288294,0.06433873351,0.03090770908,0.009341799647
82,0.02656160953,0.03076444143,0.0319732717,0.03009340743,0.1370447139,0.06839118511,0.09856407592,0.1233575066,0.1315030686,0.1231938728,0.04084163224,0.04824903502,0.05114669445,0.0490266157,0.1684511464,0.09849786974,0.1543407225,0.2087695973,0.2419854777,0.2448198044,0.0006155471366,0.0008103039134,0.0009571454847,0.001013859817,0.02145472203,0.006811009643,0.01686770945,0.03490072187,0.05768255054,0.07990264726,0.0004003249085,0.0005166641628,0.0005983392078,0.0006223251619,0.01745465261,0.004729168483,0.01077194773,0.02062209288,0.03134664307,0.0402071907,0.01147098817,0.009469039954,0.00701381754,0.004829073335,0.03205068738,0.00490476412,0.0075392983,0.01001780421,0.01067979921,0.009656801275,0.01832045201,0.01545219631,0.01169466127,0.008213471456,0.0401195399,0.007294972546,0.01228224263,0.01775972034,0.02073890982,0.02038954646,0.0002947128226,0.0002758331189,0.0002316526037,0.0001790990265,0.005220838119,0.0005067022994,0.001324805146,0.002882719291,0.004724659692,0.00626943544,0.0001845285968,0.000169029358,0.0001389325486,0.0001053004613,0.00417082177,0.0003406805498,0.0008132147756,0.001626068254,0.002433031306,0.002969300581,5.087415197e-07,1.41934256e-06,2.997040151e-06,4.666006932e-06,0.007645309284,0.0005659572306,0.00303960551,0.01073051562,0.02303814407,0.03487087933,1.124802001e-09,6.888558255e-09,2.899903654e-08,7.836547523e-08,0.003918958704,0.0001434780639,0.001338068976,0.007093792945,0.01961886685,0.03546999929,7.191576557e-09,5.200140001e-08,2.693501331e-07,9.14268029e-07,0.01020475158,0.001488855137,0.009295653932,0.03552934195,0.08076080429,0.1313215004,5.762047928e-09,5.052926183e-08,3.174097562e-07,1.287382279e-06,0.01361501138,0.002847386378,0.01567638628,0.05331227553,0.110294266,0.1676630979,3.376026395e-09,3.777401729e-08,3.027552943e-07,1.537659441e-06,0.01752443239,0.004957399169,0.02328357787,0.06832129533,0.1241893766,0.1714728797,2.68524787e-10,4.888836646e-09,6.118284247e-08,4.520038515e-07,0.01729249031,0.004443028662,0.01979731604,0.05286306898,0.08316278938,0.09948230767,1.024802808e-12,5.139557327e-11,1.515268935e-09,2.148958506e-08,0.01630459346,0.002622792586,0.01398766361,0.03709998814,0.0479408506,0.04259005548,3.601799546e-11,1.358103891e-09,3.010405821e-08,3.281104132e-07,0.03507540049,0.01017164957,0.03699563224,0.06877488757,0.06533381411,0.0426930908,7.048936165e-10,1.998651936e-08,3.331419755e-07,2.790920902e-06,0.06133540267,0.02459424022,0.06578010444,0.09192034453,0.06749655585,0.03391635982,4.575341781e-11,2.490253828e-09,7.082929055e-08,8.753363133e-07,0.06876040382,0.02228749472,0.04935566251,0.05072522774,0.02353949804,0.006869758586
83,0.02610812354,0.03020476693,0.03135585999,0.02948127419,0.1356564269,0.06696919692,0.09605075585,0.1196752582,0.1269640869,0.1184159251,0.04025347065,0.04753784416,0.05037546079,0.0482720205,0.1675824684,0.09787502455,0.1531417919,0.2068681977,0.2394327987,0.2419134441,0.0006021908643,0.0007921738434,0.0009350831515,0.0009898582372,0.0212674683,0.006724714354,0.01660536378,0.03426473269,0.0564659645,0.0780074093,0.0003905768428,0.0005033342747,0.0005820360929,0.0006045382356,0.01721581492,0.004601262905,0.01041490845,0.0198224801,0.02994222038,0.03818439927,0.01126735113,0.00928977687,0.006872775134,0.004726720656,0.03171022176,0.004797312411,0.007336761897,0.009702803995,0.01029154133,0.009262372387,0.0180484611,0.01521768017,0.01151330805,0.008083597559,0.03991043377,0.007249961296,0.01218914406,0.0176018861,0.0205254287,0.02015334411,0.0002882702084,0.0002696225991,0.000226285235,0.0001748412008,0.005175699904,0.0005004828828,0.001304842834,0.00283182405,0.00462811059,0.006125347178,0.0001799622494,0.0001645936671,0.0001350791215,0.0001022348663,0.004112272813,0.0003311704225,0.0007853973286,0.001561005085,0.002320555254,0.002815177782,4.832334728e-07,1.34493888e-06,2.83310963e-06,4.40100682e-06,0.007499200177,0.0005410861641,0.002876231031,0.01005704973,0.02134884369,0.03196655002,1.049579024e-09,6.407106066e-09,2.688510042e-08,7.243617265e-08,0.003827884222,0.0001350128557,0.001241683437,0.006498099017,0.01768714395,0.0314878457,6.771856369e-09,4.882561858e-08,2.521732411e-07,8.536908978e-07,0.009991300144,0.001412745603,0.008711899069,0.03291740629,0.07379262061,0.1184005014,5.409101119e-09,4.729772748e-08,2.962556756e-07,1.198392949e-06,0.01331225311,0.002693215217,0.01464508775,0.04923555015,0.1004438712,0.1506451489,3.156946711e-09,3.522116185e-08,2.814824584e-07,1.425821167e-06,0.01710555986,0.004670105781,0.0216642624,0.06284284422,0.1126247252,0.1533975127,2.460658838e-10,4.465468805e-09,5.570391169e-08,4.102993263e-07,0.01676204237,0.004102743794,0.01802786746,0.04751884008,0.07351458001,0.08652089676,8.932278581e-13,4.459187719e-11,1.308663075e-09,1.848108527e-08,0.01560513729,0.002307431552,0.01206308514,0.03140894107,0.03954237525,0.03422937115,3.102945835e-11,1.164650812e-09,2.569779558e-08,2.789023332e-07,0.03342589931,0.008839755738,0.03151720215,0.05751662547,0.0531997862,0.03385112243,6.015074552e-10,1.697706796e-08,2.816845046e-07,2.349862415e-06,0.05824505629,0.02116128371,0.05548192003,0.07610879884,0.05438679568,0.02659670563,3.724759139e-11,2.015973991e-09,5.701916534e-08,7.010302287e-07,0.06460535455,0.01829909512,0.0395441201,0.03972869704,0.01779269376,0.00500894446
84,0.02566684929,0.02966010824,0.0307550403,0.02888568096,0.1342791873,0.06556329179,0.09357786567,0.1160684973,0.1225396421,0.1137792311,0.0396770315,0.04683980611,0.04961744566,0.04752946644,0.1666983175,0.09721134123,0.1518661756,0.2048480111,0.2367247325,0.2388344376,0.0005892080398,0.0007745334801,0.0009135979662,0.0009664676121,0.02107862401,0.006635420187,0.01633471302,0.03361043195,0.0552180945,0.07606878058,0.0003811553784,0.0004904535002,0.0005662875606,0.0005873635283,0.01697929855,0.004475197897,0.01006522733,0.0190439356,0.02858343303,0.03623869092,0.01106935271,0.009115471907,0.006735649589,0.004627231909,0.03137272231,0.004691246418,0.007137855222,0.009394911657,0.009913977169,0.008880602667,0.01778197557,0.01498756687,0.01133510783,0.007955823749,0.03969739406,0.007201743069,0.01208955936,0.01743328668,0.02029772321,0.01990174482,0.0002820079702,0.0002635798076,0.0002210580263,0.0001706913831,0.00513013849,0.0004940266008,0.00128418037,0.002779285632,0.004528733569,0.005977434091,0.0001755511178,0.0001603098323,0.000131359086,9.927678635e-05,0.004054331879,0.0003218110531,0.0007581991442,0.001497775116,0.002211960462,0.002667264484,4.591950349e-07,1.274890202e-06,2.678944251e-06,4.152070328e-06,0.007354569227,0.0005167422478,0.002717978598,0.00941098555,0.0197467597,0.02924212618,9.799341226e-10,5.962164321e-09,2.493526455e-08,6.697748706e-08,0.003738112313,0.0001268590934,0.001150145107,0.005939727701,0.01590542523,0.02787181791,6.378740421e-09,4.585572587e-08,2.361366763e-07,7.972275369e-07,0.009779624796,0.001338533318,0.008150203495,0.03043442938,0.06726296159,0.1064576956,5.079059696e-09,4.428096921e-08,2.765426683e-07,1.115608742e-06,0.0130122082,0.002543399198,0.01365607338,0.04537290594,0.09124486527,0.1349711338,2.952543044e-09,3.284364051e-08,2.617083458e-07,1.322051847e-06,0.01669082824,0.004392120956,0.02011786416,0.05767368888,0.1018712684,0.1368237883,2.255086297e-10,4.078862878e-09,5.071285065e-08,3.723952779e-07,0.01624120705,0.003781119581,0.01637893378,0.04260352684,0.06478983701,0.0749916147,7.783927965e-13,3.867692036e-11,1.129753152e-09,1.588545729e-08,0.01492616968,0.002023599225,0.01036553504,0.02648239773,0.03246144195,0.02736292592,2.671874365e-11,9.981530789e-10,2.192082353e-08,2.368806998e-07,0.03183021056,0.007655723012,0.02674430107,0.04789031198,0.04310119414,0.02668785425,5.129105202e-10,1.440863551e-08,2.379483521e-07,1.976417592e-06,0.05526425496,0.01814005086,0.04659996777,0.06272485577,0.04359113379,0.02073246307,3.028695358e-11,1.629857828e-09,4.583455868e-08,5.605419017e-07,0.06063808937,0.01495137421,0.03151020927,0.03092921246,0.01335650311,0.003623887701
85,0.02523783166,0.0291305448,0.0301709213,0.02830675051,0.1329149433,0.06417615085,0.0911498705,0.1125432443,0.118236267,0.1092896228,0.03911269275,0.04615547677,0.04887335625,0.04679973738,0.1658010516,0.09651052801,0.1505213613,0.2027214175,0.2338786149,0.2356032553,0.0005766007643,0.0007573881063,0.0008926992002,0.0009437007787,0.02088865553,0.00654357091,0.01605718802,0.03294146046,0.05394623485,0.07409856178,0.0003720570485,0.0004780175551,0.0005510887606,0.0005707959915,0.01674545751,0.004351247501,0.009723607307,0.01828784978,0.02727227298,0.03437220702,0.01087700221,0.008946140202,0.006602456989,0.004530620826,0.0310386571,0.00458676103,0.006942918532,0.009094603163,0.009547604272,0.008511897491,0.01752116753,0.01476203844,0.01116022676,0.007830285411,0.03948100237,0.007150600663,0.01198410239,0.01725500749,0.02005732537,0.01963650746,0.0002759271407,0.0002577065988,0.0002159732957,0.0001666519182,0.005084268741,0.0004873666846,0.001262931007,0.002725407462,0.004427132375,0.005826633257,0.0001712933865,0.0001561762201,0.0001277710951,9.642517632e-05,0.003997083776,0.0003126219211,0.0007316715773,0.001436481516,0.002107385067,0.0025256887,4.365565257e-07,1.208991596e-06,2.534086133e-06,3.918444111e-06,0.007211688337,0.0004930083817,0.002565329229,0.008793938936,0.01823448046,0.02669902786,9.154865038e-10,5.551221186e-09,2.313812144e-08,6.195631846e-08,0.003649804763,0.0001190391977,0.00106361317,0.005418922678,0.0142707733,0.02460682572,6.010841895e-09,4.308094247e-08,2.211802358e-07,7.446583825e-07,0.009570199072,0.001266509052,0.007612376042,0.02808610832,0.06117733125,0.09548201451,4.770726033e-09,4.146765957e-08,2.581937957e-07,1.038693662e-06,0.01271556778,0.002398504121,0.0127123092,0.04173205973,0.08270128374,0.1206184236,2.762040022e-09,3.063206429e-08,2.433513684e-07,1.225904464e-06,0.01628122325,0.004124436711,0.01864854219,0.05282206352,0.09192788018,0.1217163671,2.067140441e-10,3.726279634e-09,4.617255215e-08,3.379968523e-07,0.01573106878,0.003478585475,0.01485014054,0.03810709354,0.05694577022,0.06479933594,6.783222302e-13,3.354324774e-11,9.751081065e-10,1.365039496e-08,0.01426891323,0.001769655136,0.008877775133,0.02224664639,0.02653551797,0.02176875047,2.300084602e-11,8.55147256e-10,1.869031409e-08,2.010785288e-07,0.03029110679,0.006609676073,0.02261379711,0.03971775856,0.03476137018,0.02093285578,4.3715399e-10,1.222170145e-08,2.008664908e-07,1.661038837e-06,0.05239792294,0.01549832171,0.0389924082,0.0514788618,0.03477184318,0.01607457559,2.460605198e-11,1.316407069e-09,3.680337742e-08,4.476645222e-07,0.05686262425,0.01216264551,0.02498524243,0.02394861424,0.009964402284,0.002603553352
86,0.02482109968,0.02861613353,0.02960358355,0.0277445746,0.1315655899,0.06281027851,0.08877083467,0.1091048179,0.1140594897,0.1049517523,0.03856080585,0.04548537619,0.04814385675,0.04608357133,0.1648930399,0.0957763515,0.1491149256,0.200500899,0.2309118589,0.232240389,0.0005643704191,0.000740741847,0.0008723944927,0.0009215685719,0.020698024,0.006449605612,0.01577419257,0.03226136233,0.05265742704,0.07210805717,0.0003632780519,0.000466021596,0.0005364340333,0.0005548295684,0.01651463118,0.004229661273,0.009390664521,0.01755538295,0.02601026767,0.03258635152,0.01069030188,0.008781789713,0.006473207001,0.004436895956,0.0307084802,0.00448403708,0.006752258364,0.008802292312,0.009192831819,0.008156562859,0.0172661964,0.01454126469,0.01098882053,0.007707109744,0.03926184317,0.007096821855,0.01187339554,0.01706814543,0.01980577794,0.01935939749,0.0002700284002,0.0002520044245,0.0002110329577,0.00016272479,0.005038204317,0.0004805360936,0.001241206163,0.002670485843,0.004323891903,0.005673845888,0.000167187089,0.0001521910171,0.0001243136163,9.367882212e-05,0.003940609637,0.0003036206497,0.0007058591342,0.001377208619,0.002006930057,0.002390522776,4.152500669e-07,1.147042428e-06,2.398084858e-06,3.699384074e-06,0.007070813377,0.0004699555079,0.002418664472,0.008207043682,0.01681320797,0.02433608447,8.558763334e-10,5.171897571e-09,2.148284481e-08,5.734120527e-08,0.003563110583,0.0001115698941,0.0009821688112,0.004935394041,0.0127784485,0.02167427222,5.666809881e-09,4.049072582e-08,2.07244833e-07,6.957673456e-07,0.00936346733,0.001196914497,0.007099758835,0.02587574448,0.05553413259,0.08544867453,4.48292818e-09,3.884667535e-08,2.411332842e-07,9.673160743e-07,0.0124229772,0.002258989747,0.011815899,0.03831687348,0.07480696267,0.107546308,2.584675139e-09,2.857717468e-08,2.263308965e-07,1.136936581e-06,0.0158776594,0.00386783242,0.01725903151,0.04829084634,0.08278128038,0.1080207996,1.895495324e-10,3.405104803e-09,4.20476015e-08,3.068227207e-07,0.01523259404,0.003195280177,0.01343947241,0.0340144863,0.04993130057,0.05584034412,5.912365024e-13,2.909428665e-11,8.416524365e-10,1.17291334e-08,0.01363435504,0.001543698523,0.00758156314,0.01862766641,0.02160996664,0.01724457049,1.979966181e-11,7.325415775e-10,1.593255344e-08,1.706377714e-07,0.02881072866,0.005690848722,0.01906123866,0.03282476599,0.02792280336,0.01634455774,3.725035243e-10,1.03634658e-08,1.694955298e-07,1.395311675e-06,0.04964968595,0.01320220701,0.0325179144,0.04209309282,0.02761977821,0.01240399605,1.998048025e-11,1.062578969e-09,2.953015386e-08,3.57221176e-07,0.05328089521,0.009855718235,0.01972529247,0.01845476511,0.007393087727,0.001858958882
87,0.02441666774,0.02811691047,0.02905308136,0.02719921608,0.1302329661,0.06146800131,0.08644442668,0.1057578559,0.1100138779,0.1007691602,0.03802169657,0.04482998941,0.04742956904,0.04538166096,0.1639766554,0.09501261469,0.1476544842,0.1981989521,0.2278418233,0.228766187,0.000552517717,0.0007245977406,0.0008526899415,0.0009000799274,0.02050718403,0.006353956033,0.01548709425,0.0315735609,0.05135841048,0.07010799469,0.0003548142964,0.0004544602858,0.0005223170007,0.0005394573032,0.01628714402,0.004110664453,0.009066930752,0.01684747607,0.02479851072,0.03088185296,0.01050924745,0.008622421774,0.006347903344,0.00434606104,0.03038263115,0.004383241347,0.006566148191,0.008518332917,0.008849985191,0.007814812021,0.0170172094,0.0143254035,0.0108210345,0.007586415848,0.03904050199,0.007040697662,0.01175806561,0.01687380083,0.01954462222,0.01907217219,0.0002643121016,0.0002464743578,0.0002062385455,0.0001589116395,0.00499205734,0.0004735673091,0.00121911467,0.002614807848,0.004219573893,0.005519930561,0.0001632301288,0.000148352252,0.0001209849532,9.10363601e-05,0.00388498685,0.0002948230289,0.0006807997038,0.001320022915,0.001910661973,0.002261788499,3.952097577e-07,1.088847056e-06,2.270499429e-06,3.494159209e-06,0.006932183969,0.000447642968,0.002278272296,0.007650992972,0.01548292268,0.02214993125,8.007644192e-10,4.821946626e-09,1.995919441e-08,5.310235582e-08,0.003478166075,0.0001044626389,0.0009058241567,0.004488401309,0.01142229994,0.01905310826,5.345333901e-09,3.807481508e-08,1.942727987e-07,6.503430782e-07,0.009159844208,0.001129944255,0.006613263021,0.02380450722,0.05032575617,0.07632194526,4.214524965e-09,3.640715553e-08,2.252869823e-07,9.011509297e-07,0.01213503531,0.002125215074,0.01096815814,0.03512781519,0.0675472169,0.09569990483,2.419702989e-09,2.666990245e-08,2.105678311e-07,1.054713763e-06,0.01548097931,0.003622887866,0.01595078155,0.04407826593,0.07440821547,0.09566803184,1.738892366e-10,3.112857178e-09,3.830440033e-08,2.786061545e-07,0.01474663377,0.002931089098,0.01214356133,0.03030678334,0.04368978832,0.04800676321,5.155403462e-13,2.524370705e-11,7.266448533e-10,1.008010805e-08,0.01302325971,0.001343663818,0.006458364022,0.01555344971,0.01754140717,0.01361022772,1.704745296e-11,6.275928731e-10,1.35823558e-08,1.44802057e-07,0.02739062622,0.004888046593,0.01602304452,0.02704581465,0.02235153734,0.01271186794,3.174255389e-10,8.787401924e-09,1.430071375e-07,1.171872958e-06,0.04702196715,0.01121744693,0.02703994408,0.03430824062,0.02185844489,0.009532162611,1.62217796e-11,8.574720902e-10,2.368594358e-08,2.849252775e-07,0.04989297569,0.0079594816,0.0155139145,0.01416215126,0.005459244706,0.001320204316
88,0.02402453678,0.0276328924,0.02851944479,0.02667071101,0.1289188531,0.06015146825,0.08417392753,0.1025063389,0.1061030889,0.09674435044,0.03749566596,0.04418976746,0.04673107359,0.04469465429,0.1630542686,0.09422313582,0.1461476457,0.1958280054,0.2246856901,0.2252007034,0.0005410427542,0.000708957814,0.0008335901985,0.0008792419901,0.02031658244,0.006257044168,0.01519721636,0.03088133813,0.05005558155,0.06810846137,0.0003466614399,0.0004433278588,0.0005087306545,0.0005246714489,0.01606330536,0.00399445837,0.008752856618,0.01616486316,0.02363769502,0.02925882893,0.01033382881,0.008468031652,0.006226544271,0.00425811539,0.0300615346,0.004284526669,0.006384829319,0.008243021414,0.008519311014,0.007486772509,0.01677434195,0.01411460117,0.01065700397,0.007468314868,0.03881756378,0.006982520662,0.01163873973,0.01667306993,0.01927538671,0.01877656694,0.0002587782954,0.0002411171197,0.0002015912343,0.0001552137842,0.004945938081,0.0004664921464,0.001196762105,0.0025586495,0.004114713299,0.005365697664,0.0001594202987,0.0001446578176,0.0001177832672,8.849629601e-05,0.00383028903,0.0002862430545,0.0006565248429,0.001264974159,0.001818615774,0.002139462336,3.763718181e-07,1.034215414e-06,2.150899946e-06,3.302054894e-06,0.006796023437,0.0004261190062,0.002144353967,0.007126084196,0.01424255163,0.02013539749,7.498317672e-10,4.499252153e-09,1.855751451e-08,4.921165877e-08,0.003395095014,9.772409163e-05,0.0008345314622,0.004076834481,0.01019512772,0.01672076289,5.045147599e-09,3.58232681e-08,1.82208134e-07,6.081800356e-07,0.008959714403,0.001065748456,0.006153408864,0.02187170913,0.04553965109,0.06805775037,3.964410219e-09,3.413854974e-08,2.10582743e-07,8.398816424e-07,0.01185229438,0.001997444915,0.01016969454,0.03216243274,0.06090047115,0.08501379116,2.266398823e-09,2.490141713e-08,1.959850847e-07,9.788124441e-07,0.01509195371,0.003389998666,0.01472410415,0.04017861468,0.06677754741,0.0845785338,1.596142537e-10,2.847193786e-09,3.491124693e-08,2.530957249e-07,0.01427392679,0.00268568212,0.01095796258,0.02696225169,0.03816141015,0.04119021042,4.498104032e-13,2.191471417e-11,6.276546103e-10,8.666576267e-09,0.01243618412,0.001167402635,0.005489918568,0.01295570547,0.01419973321,0.01070838395,1.468424981e-11,5.378808785e-10,1.158241294e-08,1.229086714e-07,0.02603180423,0.004190028149,0.01343816514,0.02222726114,0.01783933329,0.009853811072,2.705719315e-10,7.452761165e-09,1.206786e-07,9.843214086e-07,0.04451609022,0.00951044064,0.02242981708,0.02788748415,0.01724541891,0.007299766999,1.317263399e-11,6.920316049e-10,1.8998899e-08,2.272509862e-07,0.04669729815,0.006409811461,0.01216278808,0.01082989636,0.004015078099,0.0009333501608
89,0.02364469558,0.02716407847,0.02800268166,0.02615907078,0.1276249733,0.05886265271,0.08196224196,0.09935362045,0.1023299255,0.09287886864,0.0369829913,0.04356512846,0.04604891059,0.04402315571,0.1621282414,0.0934117285,0.1446019684,0.1934003437,0.2214603533,0.2215635614,0.0005299450621,0.000693823158,0.0008150985686,0.0008590602281,0.0201266572,0.006159280134,0.01490583108,0.03018781738,0.04875496084,0.0661188542,0.0003388149316,0.0004326181827,0.0004956674424,0.0005104635719,0.0158434093,0.003881221055,0.008448815375,0.0155080849,0.02252814753,0.02771685169,0.01016403047,0.0083186091,0.006109123054,0.004173054273,0.02974560003,0.004188032178,0.006208512028,0.007976599817,0.008200982585,0.007172493453,0.01653771822,0.01390899281,0.01049685445,0.007352910177,0.03859361132,0.006922583421,0.01151604172,0.01646703788,0.01899957672,0.01847428287,0.0002534267555,0.000235933105,0.0001970918657,0.0001516322389,0.004899954692,0.0004593415889,0.001174250214,0.002502274239,0.004009815343,0.005211905064,0.0001557553001,0.000141105492,0.0001147065977,8.60570233e-05,0.003776586006,0.0002778929827,0.0006330601048,0.001212096576,0.001730797811,0.002023480706,3.586747044e-07,9.829634965e-07,2.038869007e-06,3.122375688e-06,0.006662538882,0.0004054213919,0.002017031613,0.006632265524,0.01309013489,0.01828587594,7.027790358e-10,4.201826105e-09,1.726872726e-08,4.56426752e-08,0.00331400892,9.135661757e-05,0.0007681922518,0.003699290991,0.009089009319,0.01465393973,4.765031644e-09,3.372649135e-08,1.709967148e-07,5.690793471e-07,0.008763432734,0.001004435886,0.005720368524,0.02007508286,0.04115934672,0.06060603907,3.7315162e-09,3.203065781e-08,1.96950739e-07,7.832016302e-07,0.01157526024,0.001875857445,0.009420493476,0.02941582431,0.05483979832,0.07541527731,2.124061456e-09,2.326316764e-08,1.825079777e-07,9.088222911e-07,0.01471128222,0.003169393336,0.01357832552,0.03658294623,0.05985219594,0.07466596706,1.46612738e-10,2.605912531e-09,3.183837858e-08,2.300556757e-07,0.01381510406,0.002458550498,0.009877411904,0.02395729094,0.03328516508,0.03528468852,3.927821225e-13,1.903930415e-11,5.425365836e-10,7.456219391e-09,0.01187349315,0.001012751808,0.00465867672,0.01077101782,0.01146904185,0.008403963003,1.265722102e-11,4.612811907e-10,9.882611563e-09,1.04380173e-07,0.02473476997,0.00358580585,0.01124926413,0.01822926228,0.01420409961,0.007617806198,2.307640302e-10,6.324054666e-09,1.018829973e-07,8.271250719e-07,0.04213238669,0.008049022859,0.01856874528,0.0226185709,0.01357179013,0.005574418346,1.070244623e-11,5.58779309e-10,1.524567926e-08,1.813157232e-07,0.04369087461,0.005149934109,0.009510848024,0.008258113063,0.002943329393,0.0006574322883
90,0.02327712191,0.02671045187,0.0275027795,0.02566428432,0.1263529893,0.05760335576,0.07981191231,0.09630245968,0.09869639514,0.08917338422,0.03648392731,0.04295645897,0.04538358129,0.04336772719,0.1612009206,0.09258218313,0.1430249196,0.1909280391,0.2181823184,0.217873833,0.0005192236597,0.0006791940048,0.0007972171104,0.0008395385502,0.01993783647,0.006061060334,0.0146141537,0.02949594972,0.04746216851,0.06414784547,0.00033127005,0.0004223248194,0.0004831193523,0.0004968246538,0.01562773481,0.003771108035,0.008155107215,0.01487750318,0.02146986507,0.0262550137,0.009999832219,0.008174138918,0.005995628464,0.004090869296,0.02943522163,0.004093883633,0.006037376903,0.007719258957,0.007895105556,0.006871953032,0.01630745164,0.01370870284,0.010340702,0.007240297601,0.03836922369,0.00686117701,0.0113905886,0.01625677239,0.01871866503,0.01816697587,0.0002482570047,0.0002309224091,0.0001927409724,0.0001481677362,0.004854212961,0.0004521456418,0.001151676426,0.00244593168,0.003905353236,0.005059254944,0.0001522327614,0.0001376929586,0.0001117528829,8.371684092e-05,0.003723943844,0.0002697833973,0.0006104254044,0.001161410123,0.001647188834,0.001913745172,3.420591968e-07,9.349137464e-07,1.934002862e-06,2.954447643e-06,0.006531921395,0.0003855781342,0.001896356232,0.006169182833,0.01202298585,0.01659366566,6.593259071e-10,3.927805321e-09,1.608432151e-08,4.237061529e-08,0.003235007426,8.535880287e-05,0.0007066661679,0.003354146928,0.008095585863,0.01282927718,4.503815926e-09,3.177526321e-08,1.605864552e-07,5.32849509e-07,0.008571324471,0.0009460774745,0.005314009998,0.01841105143,0.03716540087,0.05391288898,3.514816259e-09,3.007366122e-08,1.843237128e-07,7.308155469e-07,0.01130439307,0.001760552406,0.008720003395,0.02688109203,0.04933433099,0.06682727541,1.992015595e-09,2.17469149e-08,1.700645547e-07,8.443480855e-07,0.01433959468,0.002961151356,0.01251193715,0.03327973798,0.05359089558,0.06584035007,1.347799037e-10,2.386952644e-09,2.905798146e-08,2.092660186e-07,0.01337069382,0.002249042004,0.008896059118,0.02126725325,0.02900051074,0.03018876917,3.433364596e-13,1.655750809e-11,4.694059872e-10,6.420739754e-09,0.01133537639,0.0008775878185,0.003948108535,0.008941539045,0.00924772273,0.006582734559,1.092003382e-11,3.959378814e-10,8.439344662e-09,8.871596899e-08,0.02349958256,0.003064872999,0.009403483566,0.01492666442,0.01128905766,0.005877100447,1.969763818e-10,5.370532421e-09,8.607937935e-08,6.955292315e-07,0.03987030518,0.006803012908,0.01534898401,0.01831433916,0.01066024308,0.00424769299,8.703342558e-12,4.515710583e-10,1.224377451e-08,1.447757387e-07,0.04086951158,0.004130378587,0.007422403749,0.006283341269,0.002152292638,0.0004617824594
91,0.02292178379,0.0262719815,0.02701970761,0.02518632024,0.1251045032,0.05637521068,0.07772513461,0.09335505714,0.09520377151,0.08562777346,0.03599870727,0.04236411537,0.04473554952,0.04272888974,0.160274633,0.09173824976,0.1414238403,0.1884228889,0.214867615,0.2141499342,0.0005088771062,0.0006650698056,0.0007799467397,0.0008206794268,0.01975053779,0.005962765894,0.014323338,0.02880850355,0.04618240733,0.06220336215,0.0003240219411,0.0004124410831,0.0004710779925,0.0004837451894,0.01541654579,0.00366425329,0.007871963963,0.01427331631,0.02046255019,0.02487199178,0.009841209669,0.008034601507,0.005886045253,0.004011548788,0.02913077827,0.004002193847,0.005871576341,0.00747114194,0.007601723787,0.006585065958,0.0160836455,0.01351384541,0.01018865363,0.00713056569,0.03814497498,0.006798589638,0.01126298752,0.01604331798,0.01843408369,0.01785624698,0.0002432683403,0.0002260848551,0.0001885388038,0.0001448207484,0.004808816103,0.0004449332086,0.001129133455,0.002389856647,0.003801766552,0.00490839177,0.0001488502555,0.0001344178257,0.0001089199782,8.147397034e-05,0.003672424892,0.0002619232877,0.0005886354101,0.001112921794,0.001567746991,0.001810127491,3.264684641e-07,8.89895357e-07,1.835912331e-06,2.797620187e-06,0.006404346388,0.0003666082647,0.001782315896,0.005736225786,0.01103784214,0.01505028277,6.19210393e-10,3.675447648e-09,1.499633811e-08,3.937230216e-08,0.003158178716,7.972596926e-05,0.0006497793428,0.003039621439,0.007206306583,0.01122387702,4.260381117e-09,2.996075131e-08,1.509274306e-07,4.993069171e-07,0.008383685914,0.0008907100111,0.004933940907,0.01687498528,0.03353625804,0.04792232029,3.313326849e-09,2.825814696e-08,1.726371705e-07,6.824402322e-07,0.01104010839,0.001651559684,0.008067220227,0.02454976842,0.04435052402,0.0591707422,1.869613614e-09,2.034475691e-08,1.585858297e-07,7.850111746e-07,0.01397745315,0.002765221624,0.01152274187,0.0302555051,0.04794974401,0.05801070807,1.24017945e-10,2.188393307e-09,2.654417326e-08,1.905223936e-07,0.01294112722,0.002056393628,0.008007675042,0.01886713635,0.02524864799,0.02580714192,3.004867126e-13,1.44166445e-11,4.066134156e-10,5.535463889e-09,0.0108218651,0.0007598685072,0.003342908758,0.007415305405,0.007447936995,0.005149376918,9.432222532e-12,3.402365549e-10,7.214836662e-09,7.548409509e-08,0.02232590277,0.002617364161,0.007852862881,0.0122090911,0.008961054598,0.00452777127,1.683208566e-10,4.565674851e-09,7.2803226e-08,5.8546745e-07,0.0377285201,0.005744567622,0.01267427883,0.01481208493,0.008362287053,0.003231944279,7.086622372e-12,3.653824018e-10,9.844760661e-09,1.157348284e-07,0.03822801579,0.003308636489,0.005784660009,0.004773641869,0.00157115969,0.000323732479
92,0.0225786407,0.02584862357,0.02655341904,0.02472512903,0.1238810572,0.05517968857,0.0757037765,0.09051309313,0.09185265869,0.08224120289,0.03552754432,0.04178842541,0.04410524329,0.04210712503,0.1593516802,0.09088362245,0.1398059119,0.1858963621,0.2115317208,0.2104095371,0.0004989035528,0.0006514493078,0.0007632873325,0.0008024840119,0.01956516738,0.00586476139,0.01403447272,0.02812805746,0.04492045298,0.06029257793,0.0003170656537,0.0004029600965,0.0004595346692,0.0004712152806,0.01521009139,0.003560770338,0.007599554068,0.01369557454,0.01950564681,0.02356610923,0.009688134805,0.007899973412,0.005780354631,0.003935078176,0.02883263356,0.003913063194,0.005711236182,0.007232347764,0.00732082528,0.006311690875,0.01586639358,0.01332452503,0.01004080767,0.007023796009,0.03792143294,0.006735105405,0.01113383291,0.01582769101,0.01814721681,0.01754363435,0.0002384598595,0.0002214200207,0.0001844853514,0.0001415915096,0.004763864577,0.000437731988,0.001106708992,0.002334268491,0.003699460217,0.00475990129,0.0001456053168,0.0001312776457,0.0001062056749,7.932657192e-05,0.003622087855,0.0002543201372,0.0005676999548,0.001066626932,0.001492410774,0.001712474447,3.118481062e-07,8.477444939e-07,1.744223516e-06,2.65126759e-06,0.006279974031,0.0003485226628,0.001674843943,0.00533257208,0.01013100466,0.01364673592,5.821880941e-10,3.443127587e-09,1.399735221e-08,3.662612531e-08,0.003083600036,7.445067594e-05,0.0005973321493,0.002753833639,0.006412631768,0.009815710745,4.033659649e-09,2.827452446e-08,1.419719666e-07,4.682762529e-07,0.008200785187,0.0008383399821,0.004579551054,0.01546144114,0.03024900737,0.04257781741,3.126108909e-09,2.657512482e-08,1.618295223e-07,6.378054066e-07,0.01078277851,0.001548847999,0.007460768302,0.02241220806,0.03985325614,0.05236669819,1.756236852e-09,1.904914718e-08,1.480059651e-07,7.304505325e-07,0.01362535436,0.002581440817,0.01060799173,0.02749535621,0.04288353155,0.051087221,1.142358863e-10,2.008450766e-09,2.427296352e-08,1.736357411e-07,0.01252674462,0.001879761342,0.007205830569,0.01673215179,0.02197348378,0.02205161607,2.633657535e-13,1.257059544e-11,3.527207388e-10,4.77896044e-09,0.01033284943,0.000657663322,0.002829112416,0.00614625971,0.005994685726,0.004025283997,8.158579036e-12,2.927784367e-10,6.176497179e-09,6.431337721e-08,0.02121304222,0.002234158385,0.006554481191,0.009980443044,0.007108363659,0.003485604883,1.440314199e-10,3.886708008e-09,6.165739695e-08,4.934775878e-07,0.03570503815,0.00484837136,0.01045977362,0.01197212926,0.006555044837,0.002457138372,5.77964765e-12,2.961218107e-10,7.928456182e-09,9.26656878e-08,0.03576038788,0.002648630996,0.004504961297,0.003623749013,0.001145879794,0.0002267173423
93,0.02224764476,0.02544032328,0.02610385256,0.02428064516,0.1226841335,0.05401810503,0.07374939678,0.0877777675,0.08864305535,0.07901221174,0.03507063278,0.04122968983,0.0434930567,0.04150287718,0.1584343338,0.09002192526,0.1381781284,0.1833595524,0.208189499,0.2066694989,0.0004893007937,0.000638330633,0.0007472378294,0.0007849522665,0.01938211954,0.005767393858,0.01374857916,0.02745699616,0.0436806511,0.05842191703,0.0003103961742,0.0003938748443,0.0004484804611,0.0004592247271,0.0150086063,0.003460753436,0.007337987794,0.01314419562,0.018598375,0.02233539493,0.009540576552,0.007770227865,0.005678534736,0.003861440362,0.02854113602,0.00382658018,0.005556457462,0.007002935039,0.007052348101,0.006051637598,0.01565578075,0.01314083705,0.009897254246,0.006920063474,0.03769915786,0.00667100318,0.01100370404,0.0156108753,0.0178593947,0.01723060654,0.0002338304843,0.0002169272649,0.0001805803745,0.0001384800377,0.004719455947,0.0004305683931,0.001084485487,0.002279370663,0.003598804063,0.004614310495,0.0001424954572,0.0001282699323,0.0001036077182,7.727276043e-05,0.003572987881,0.000246980017,0.0005476244594,0.001022510549,0.001421101858,0.001620612415,2.981461773e-07,8.083044469e-07,1.658578319e-06,2.514790077e-06,0.006158949787,0.0003313249046,0.001573826991,0.0049572291,0.009298463033,0.01237376485,5.480314246e-10,3.229331575e-09,1.308045328e-08,3.41119857e-08,0.003011338256,6.952319949e-05,0.0005491062333,0.002494851789,0.005706196079,0.008583916094,3.822636198e-09,2.670855985e-08,1.336746958e-07,4.395907401e-07,0.008022863229,0.000788947422,0.004250052861,0.01416437925,0.02728003644,0.03782356694,2.952268721e-09,2.501603857e-08,1.518421766e-07,5.966541406e-07,0.01053273418,0.001452333504,0.006898976293,0.02045793958,0.03580676721,0.04633784242,1.651296472e-09,1.785290718e-08,1.382623936e-07,6.803234728e-07,0.01328373256,0.002409551213,0.009764515543,0.02498348524,0.03834685226,0.04498290086,1.053493779e-10,1.845474233e-09,2.222219606e-08,1.584318207e-07,0.01212780206,0.001718246638,0.006484047731,0.01483817568,0.01912230916,0.01884166749,2.312138458e-13,1.097911754e-11,3.064782286e-10,4.132678797e-09,0.009868095326,0.000569173618,0.002394138759,0.005094057614,0.004824632296,0.003146313724,7.068575046e-12,2.523559107e-10,5.296313534e-09,5.488609535e-08,0.02016001157,0.001906934925,0.00547038893,0.008157996818,0.005638238928,0.002683065184,1.234498129e-10,3.314149935e-09,5.230370651e-08,4.166240077e-07,0.03379730085,0.004091696079,0.008631529142,0.00967588455,0.005137907462,0.001867889915,4.72315062e-12,2.404699508e-10,6.397923378e-09,7.434300544e-08,0.03346000193,0.002120077734,0.003507996138,0.002750542223,0.0008356111929,0.0001587537698
94,0.02192874192,0.02504701638,0.02567093463,0.02385278926,0.1215151554,0.05289162758,0.07186326609,0.08514984053,0.08557441912,0.07593879265,0.03462814949,0.04068818412,0.0428993518,0.04091655477,0.1575248318,0.08915669988,0.1365472716,0.1808231399,0.2048551472,0.202945806,0.0004800663166,0.0006257113529,0.0007317963385,0.0007680830817,0.01920177625,0.005670992063,0.01346660967,0.0267975092,0.0424669204,0.05659706822,0.0003040084589,0.0003851782241,0.0004379062894,0.0004477631116,0.01481231117,0.003364278855,0.007087322526,0.01261898027,0.01773976439,0.02117763906,0.009398501315,0.00764533532,0.005580561097,0.003790616093,0.02825661938,0.003742822086,0.005407318239,0.006782925755,0.006796186231,0.005804674108,0.01545188367,0.01296286831,0.009758075762,0.006819436707,0.03747870154,0.006606555606,0.0108731629,0.01539381855,0.01757188893,0.01691855737,0.0002293789865,0.0002126057547,0.0001768234254,0.0001354861566,0.004675684759,0.0004234674901,0.001062540001,0.002225350521,0.003500132907,0.004472088429,0.0001395181813,0.0001253921777,0.0001011238233,7.531061987e-05,0.003525176677,0.000239907687,0.0005284103606,0.0009805486091,0.00135372783,0.00153435162,2.853131926e-07,7.714257199e-07,1.578634786e-06,2.387614606e-06,0.006041405028,0.0003150121157,0.001479112625,0.004609072427,0.008536006775,0.01122204258,5.165288168e-10,3.03265301e-09,1.223922354e-08,3.181123469e-08,0.002941450488,6.493198422e-05,0.0005048707742,0.002260734789,0.005078935258,0.007508997903,3.626347713e-09,2.525524608e-08,1.259925875e-07,4.130922875e-07,0.007850134954,0.0007424896929,0.003944519057,0.01297735693,0.02460558109,0.03360543058,2.790958285e-09,2.357277193e-08,1.426195933e-07,5.58743124e-07,0.01029026655,0.001361888098,0.006379947103,0.01867597532,0.03217543464,0.04100979441,1.554233937e-09,1.67492335e-08,1.29295889e-07,6.343060588e-07,0.01295296281,0.002249217649,0.00898883435,0.02270359711,0.03429500556,0.03961484306,9.728044758e-11,1.697940846e-09,2.037147757e-08,1.447506145e-07,0.01174447816,0.001570919704,0.00583592377,0.01316209181,0.01664623344,0.01610462018,2.033671812e-13,9.607195527e-12,2.668031714e-10,3.580612437e-09,0.009427261199,0.00049274457,0.002026779922,0.004223724576,0.003884807806,0.00246061459,6.135822642e-12,2.179297731e-10,4.5502885e-09,4.693122433e-08,0.01916556671,0.001628190928,0.004567387388,0.006671256417,0.004474422777,0.002066489404,1.060122992e-10,2.831392834e-09,4.445520334e-08,3.524266382e-07,0.03200228201,0.003454362188,0.007125780277,0.007823657298,0.004029271589,0.001420797867,3.868928369e-12,1.957428662e-10,5.175238848e-09,5.978717075e-08,0.03131976933,0.001697801138,0.002733122754,0.00208898751,0.0006097692796,0.0001112496592
95,0.02162187312,0.0246686308,0.02525458135,0.02344147019,0.1203754885,0.05180128385,0.07004638854,0.08262967433,0.08264573008,0.07301846957,0.03420025527,0.04016416027,0.04232446067,0.0403485329,0.1566253741,0.08829139482,0.1349198911,0.1782973597,0.2015421584,0.1992535337,0.0004711973524,0.000613588565,0.0007169602381,0.0007518744013,0.01902450684,0.005575866035,0.01318944722,0.02615159224,0.04128276119,0.05482300789,0.0002978974657,0.0003768630957,0.000427802986,0.0004368198815,0.01462141314,0.003271406231,0.006847568113,0.01211962731,0.01692868611,0.02009044486,0.009261873518,0.007525263969,0.005486407089,0.003722584316,0.02797940288,0.003661855644,0.005263875475,0.006572309063,0.006552195277,0.005570533243,0.01525477145,0.01279069773,0.0096233474,0.00672197841,0.03726060634,0.006542028234,0.01074275241,0.01517742934,0.01728590862,0.01660880206,0.0002251040115,0.0002084544916,0.0001732138751,0.0001326095181,0.004632642458,0.0004164529573,0.00104094415,0.002172379373,0.003403747098,0.00433364774,0.0001366710009,0.0001226418689,9.875169135e-05,7.343821747e-05,0.003478702643,0.0002331066998,0.0005100555401,0.0009407092807,0.001290184748,0.001453490066,2.733021203e-07,7.369660636e-07,1.504067306e-06,2.269195355e-06,0.005927457732,0.0002995758117,0.001390516646,0.004286880817,0.007839321663,0.01018234213,4.874839164e-10,2.851787121e-09,1.146771506e-08,2.970660838e-08,0.002873984729,6.066405787e-05,0.0004643879492,0.002049566314,0.004523179978,0.006572948277,3.443883083e-09,2.390738255e-08,1.188849537e-07,3.886315325e-07,0.007682790558,0.0006989051232,0.003661917136,0.01189369746,0.02220217568,0.02987167774,2.641375291e-09,2.223765e-08,1.341093015e-07,5.238427631e-07,0.01005562933,0.001277347326,0.005901620976,0.01705507798,0.02892439774,0.03631200311,1.46452116e-09,1.573170051e-08,1.210505924e-07,5.920932517e-07,0.0126333645,0.002100043363,0.00827726409,0.02063926778,0.03068470345,0.03490510348,8.995722099e-11,1.564449927e-09,1.870209602e-08,1.324456451e-07,0.01137688108,0.001436839254,0.00525522996,0.01168203943,0.01450041557,0.0137755467,1.79247219e-13,8.424443087e-12,2.3276012e-10,3.108989255e-09,0.009009913839,0.0004268702623,0.001717148932,0.003505219221,0.003131295678,0.001926617163,5.337576997e-12,1.886083574e-10,3.917926733e-09,4.021828797e-08,0.01822825261,0.001391229921,0.003816706284,0.005460680212,0.003554743829,0.001593585651,9.123755787e-11,2.424323303e-09,3.786919013e-08,2.98797156e-07,0.03031657908,0.002918627461,0.005888036987,0.006332367878,0.00316350006,0.001082126633,3.177887446e-12,1.597766294e-10,4.197949404e-09,4.821737504e-08,0.02933228641,0.001361052743,0.00213191623,0.001588612852,0.0004456304544,7.809185461e-05
96,0.02132697545,0.0243050882,0.02485470034,0.0230465871,0.1192664418,0.05074797038,0.06829952392,0.08021727435,0.07985555285,0.07024837257,0.03378709632,0.03965784863,0.04176868756,0.03979915541,0.1557381201,0.08742935637,0.1333022874,0.1757919783,0.198263294,0.1956068218,0.0004626909234,0.0006019589668,0.0007027262777,0.0007363233427,0.01885066775,0.005482306838,0.01291790567,0.02552105068,0.04013126864,0.05310403063,0.0002920581831,0.0003689223265,0.0004181613566,0.0004263844264,0.01443610636,0.003182179952,0.006618692184,0.01164574825,0.01616388278,0.01907127621,0.009130656121,0.007409980257,0.005396044377,0.003657322537,0.02770979177,0.003583737762,0.005126166954,0.006371045009,0.006320198004,0.005348919046,0.01506450637,0.01262439698,0.009493137643,0.00662774577,0.03704540436,0.006477678795,0.01061299499,0.01496257495,0.01700259777,0.01630257478,0.000221004102,0.0002044723365,0.0001697509379,0.0001298496239,0.004590417332,0.0004095470623,0.001019764104,0.002120612706,0.003309913469,0.004199346878,0.000133951449,0.0001200165029,9.648902484e-05,7.165361682e-05,0.003433611013,0.0002265795077,0.0004925547461,0.0009029541396,0.001230359548,0.001377817111,2.620683605e-07,7.047904626e-07,1.434566676e-06,2.159013956e-06,0.005817213232,0.0002850027129,0.001307829811,0.003989367464,0.007204071752,0.00924567058,4.607147791e-10,2.685525756e-09,1.076042632e-08,2.778215908e-08,0.002808980545,5.670540905e-05,0.0004274176115,0.001859482087,0.004031720998,0.005759300612,3.274382461e-09,2.265817574e-08,1.123134342e-07,3.660678003e-07,0.007520996944,0.0006581164492,0.003401140325,0.01090663455,0.02004701049,0.02657350659,2.502762732e-09,2.10034367e-08,1.262618869e-07,4.917371309e-07,0.009829041112,0.001198517749,0.005461831464,0.01558398512,0.02602004268,0.0321783665,1.381660361e-09,1.479425906e-08,1.134740017e-07,5.533988364e-07,0.01232520515,0.001961584529,0.007626005057,0.0187742413,0.02747460241,0.03078125625,8.331361849e-11,1.443716753e-09,1.719693196e-08,1.21383235e-07,0.01102505553,0.001315069097,0.004735987468,0.01037757859,0.01264413277,0.01179696192,1.583508741e-13,7.404553319e-12,2.03542855e-10,2.705989858e-09,0.008615543668,0.0003701934157,0.001456599715,0.002912947523,0.002527962696,0.00151123835,4.654283017e-12,1.63628591e-10,3.381770963e-09,3.455183456e-08,0.01734644459,0.001190128908,0.003193620431,0.004476375582,0.002828893443,0.00123126244,7.87157506e-11,2.080981146e-09,3.234098532e-08,2.539822341e-07,0.02873649774,0.002469027355,0.004872111592,0.005133316567,0.002488185975,0.0008258391573,2.618399221e-12,1.308309183e-10,3.416127857e-09,3.901287645e-08,0.02748996532,0.001092863023,0.001665989922,0.001210525108,0.0003264267699,5.495966691e-05
97,0.02104398324,0.02395630549,0.02447119263,0.02266803144,0.1181892701,0.04973246182,0.06662321036,0.07791233045,0.07720209666,0.06762530875,0.03338880573,0.03916945986,0.04123231109,0.03926873717,0.1548651853,0.08657382106,0.1317004992,0.173316277,0.1950305668,0.1920188618,0.0004545438903,0.0005908189282,0.0006890906766,0.0007214263162,0.01868060245,0.005390586569,0.01265273096,0.02490750526,0.03901515009,0.05144378607,0.0002864856588,0.0003613488362,0.0004089722414,0.0004164461502,0.01425657267,0.003096630568,0.00640062537,0.0111968813,0.01544399648,0.01811750097,0.00900481114,0.007299449382,0.005309443352,0.003594807161,0.02744807776,0.003508516277,0.004994213212,0.006179068218,0.006099989633,0.005139512731,0.01488114455,0.01246403111,0.009367508827,0.006536790874,0.03683361675,0.006413756585,0.01048439143,0.01475007967,0.01672303352,0.01600102734,0.0002170777214,0.000200658036,0.0001664336959,0.0001272058468,0.004549094479,0.0004027706566,0.0009990606608,0.002070190597,0.003218866643,0.004069492806,0.0001313570927,0.0001175136008,9.433354123e-05,6.995489037e-05,0.003389944025,0.0002203275703,0.0004759000069,0.0008672393104,0.001174132261,0.001307116702,2.515697141e-07,6.747710798e-07,1.369840046e-06,2.056579504e-06,0.005710765026,0.0002712755236,0.001230823989,0.003715207465,0.006625967582,0.008403372924,4.360530748e-10,2.53275216e-09,1.011227832e-08,2.602318503e-08,0.002746469769,5.304132478e-05,0.0003937212098,0.00168869092,0.003597849901,0.005053131239,3.117036342e-09,2.1501233e-08,1.062419652e-07,3.452689922e-07,0.007364899252,0.0006200340195,0.003161034934,0.01000943308,0.01811820524,0.02366538382,2.374408235e-09,1.986332899e-08,1.190309534e-07,4.622237943e-07,0.009610687834,0.001125183712,0.005058354147,0.01425159376,0.02343036271,0.02854760695,1.305183695e-09,1.393123195e-08,1.065169291e-07,5.179551619e-07,0.01202870435,0.001833363391,0.007031218346,0.01709266817,0.02462568132,0.02717668703,7.728903814e-11,1.334566013e-09,1.584036545e-08,1.114417306e-07,0.01068898983,0.001204691666,0.004272522823,0.009229786182,0.01104072289,0.01011837432,1.402415657e-13,6.524799413e-12,1.784580635e-10,2.361493742e-09,0.008243579094,0.0003215010728,0.001237629542,0.002425261786,0.002045279995,0.001188317317,4.06916598e-12,1.423389699e-10,2.926987245e-09,2.97665203e-08,0.01651838642,0.001019690794,0.002677037767,0.003676827295,0.002256429703,0.0009537891376,6.80987461e-11,1.791255879e-09,2.769840364e-08,2.165135833e-07,0.02725812934,0.002092185858,0.00403913427,0.004170082249,0.001961755628,0.0006319636819,2.164926959e-12,1.075090212e-10,2.789945813e-09,3.168125388e-08,0.02578514855,0.0008794464134,0.001305109295,0.0009249381372,0.0002398572115,3.881626593e-05
98,0.0207728292,0.02362219636,0.02410395445,0.02230568898,0.1171451757,0.04875542056,0.06501778702,0.07571425725,0.07468327309,0.06514582914,0.03300550497,0.03869918686,0.04071558654,0.03875756652,0.154008639,0.08572790976,0.1301202951,0.1708790413,0.1918552351,0.1885018985,0.0004467529984,0.0005801645622,0.0006760492212,0.0007071791414,0.01851464147,0.005300958558,0.01239460291,0.02431239946,0.03793674556,0.04984532062,0.0002811750263,0.0003541356375,0.0004002265722,0.0004069945406,0.01408298225,0.003014776221,0.0061932664,0.01077250465,0.01476759458,0.0172264299,0.00888430014,0.007193635782,0.005226573553,0.003535013828,0.02719453964,0.003436230729,0.004868019457,0.005996291463,0.005891342884,0.00494197824,0.01470473673,0.01230965923,0.009246517693,0.006449161134,0.03662575308,0.006350501989,0.01035742006,0.01454072382,0.01644822545,0.01570522906,0.0002133232758,0.0001970102459,0.000163261123,0.000124677452,0.004508755807,0.0003961431859,0.0009788893682,0.002021238281,0.003130810631,0.003944344155,0.0001288855452,0.000115130722,9.228298654e-05,6.834013102e-05,0.003347741089,0.0002143514624,0.0004600810301,0.0008335165427,0.001121378047,0.001241170244,2.417663425e-07,6.467871676e-07,1.309610783e-06,1.961428386e-06,0.005608195626,0.0002583736667,0.001159257725,0.003463061556,0.006100821528,0.007647209357,4.133433091e-10,2.392435806e-09,9.51859072e-09,2.441615971e-08,0.002686477211,4.965668761e-05,0.0003630649979,0.001535490224,0.003215379607,0.004441021063,2.971084409e-09,2.04305541e-08,1.006367332e-07,3.261114158e-07,0.007214622459,0.000584558735,0.00294042409,0.009195487672,0.01639500816,0.02110523308,2.255643136e-09,1.881094839e-08,1.123730641e-07,4.351135399e-07,0.009400725356,0.001057113473,0.004688948281,0.01304710786,0.02112520984,0.02536344597,1.234652675e-09,1.31373067e-08,1.001334331e-07,4.855127317e-07,0.01174403787,0.001714879935,0.006489089815,0.01557929023,0.02210148757,0.02403067366,7.182803128e-11,1.235925114e-09,1.461818083e-08,1.025107109e-07,0.0103686228,0.00110481873,0.003859505747,0.008221295322,0.009657433049,0.008695748006,1.245411146e-13,5.765584562e-12,1.569106934e-10,2.06685252e-09,0.007893399903,0.0002797173903,0.001053772292,0.002023969039,0.001659258721,0.0009372819568,3.567865012e-12,1.241843906e-10,2.5409973e-09,2.572277175e-08,0.01574222541,0.0008753876924,0.002249083081,0.003027703626,0.001805028852,0.0007412665828,5.909145617e-11,1.546619159e-09,2.379691595e-08,1.851643626e-07,0.025877421,0.001776612025,0.003356600732,0.003396605764,0.001551413954,0.0004852616586,1.796887335e-12,8.86919194e-11,2.287686243e-09,2.583256665e-08,0.02421020751,0.0007096698661,0.001025592816,0.0007091606951,0.0001769419243,2.753690227e-05
99,0.02051344548,0.02330267273,0.02375287907,0.02195944166,0.116135311,0.04781740658,0.06348341678,0.07362223353,0.07229675113,0.06280629112,0.0326373054,0.03824720674,0.04021874819,0.03826590766,0.1531705024,0.08489462328,0.1285671673,0.1684885578,0.1887478047,0.1850672418,0.0004393149219,0.0005699917939,0.0006635973594,0.0006935771618,0.01835310247,0.005213657757,0.01214413759,0.02373700832,0.03689805109,0.04831112292,0.00027612153,0.0003472758762,0.000391915426,0.0003980192331,0.01391549436,0.002936624054,0.005996487008,0.01037204895,0.01413319334,0.01639535134,0.008769084728,0.007092503612,0.005147404081,0.003477917742,0.02694944389,0.003366913146,0.004747577469,0.005822609125,0.005694012742,0.004755967384,0.0145353289,0.01216133517,0.009130215961,0.00636489973,0.0364223109,0.006288146118,0.01023253629,0.01433524332,0.01617911566,0.01541616768,0.0002097391361,0.0001935275559,0.0001602321082,0.0001222636173,0.00446948005,0.0003896827151,0.000959300704,0.00197386684,0.003045920669,0.003824114683,0.000126534478,0.0001128654765,9.033514773e-05,6.680746309e-05,0.003307038979,0.000208650981,0.0004450855858,0.0008017342169,0.001071969042,0.001179759139,2.32620721e-07,6.207249505e-07,1.253618235e-06,1.873123943e-06,0.005509577437,0.0002462739674,0.001092881193,0.003231596256,0.005624591434,0.006969409246,3.924420654e-10,2.263627323e-09,8.975058346e-09,2.294866163e-08,0.002629021379,4.653623321e-05,0.0003352225922,0.00139827672,0.002878648587,0.003910988089,2.835814213e-09,1.944052119e-08,9.546611808e-08,3.084795672e-07,0.007070273045,0.0005515847075,0.002738127969,0.008458400865,0.01485793112,0.01885450077,2.14584138e-09,1.784033027e-08,1.06247665e-07,4.10230019e-07,0.009199282099,0.000994064664,0.00435139167,0.01196015237,0.01907645406,0.02257461927,1.169657439e-09,1.24075261e-08,9.428073021e-08,4.558396737e-07,0.01147134178,0.001605622093,0.005995882382,0.01421957813,0.01986827324,0.02128830171,6.687997678e-11,1.146817462e-09,1.351747139e-08,9.449019586e-08,0.01006385049,0.001014599599,0.003491972047,0.007336289833,0.00846520259,0.007490917722,1.109224625e-13,5.110039201e-12,1.38390908e-10,1.814688829e-09,0.007564349651,0.0002438945048,0.0008994889547,0.001693865691,0.001350511051,0.0007420320152,3.138107383e-12,1.086927371e-10,2.213155084e-09,2.230298877e-08,0.01501604424,0.0007532995208,0.001894694794,0.002500766643,0.001448983837,0.0005783760312,5.144421552e-11,1.339890691e-09,2.051543773e-08,1.58911443e-07,0.0245902382,0.001512493705,0.002797481151,0.002775483611,0.001231415374,0.0003741577032,1.497711924e-12,7.348429134e-11,1.884125963e-09,2.115844841e-08,0.02275762611,0.0005745884602,0.0008089797658,0.0005459832845,0.0001311517734,1.964029704e-05
100,0.02026576474,0.02299764619,0.02341785849,0.02162916951,0.1151607808,0.04691888749,0.06202010871,0.07163524032,0.07004000927,0.06060291647,0.03228430977,0.03781368285,0.03974201167,0.03779400318,0.1523527471,0.0840768393,0.1270463294,0.1661526156,0.1857180411,0.1817252895,0.0004322263075,0.0005602964276,0.0006517302927,0.0006806153548,0.01819629041,0.00512890129,0.01190189035,0.02318244847,0.03590074395,0.0468431718,0.0002713205494,0.0003407628676,0.0003840300761,0.0003895100715,0.01375425814,0.002862171611,0.00581013664,0.009994908964,0.01353927935,0.01562156173,0.00865912703,0.006996017207,0.005071904,0.003423493982,0.02671304541,0.003300588838,0.004632867469,0.005657900508,0.005507740924,0.00458112457,0.01437296314,0.01201910821,0.009018650906,0.006284046058,0.03622377525,0.006226910554,0.01011017232,0.01413432975,0.01591657965,0.01513475117,0.0002063236586,0.0001902085126,0.0001573454781,0.0001199634533,0.004431342814,0.0003834059659,0.000940340293,0.001928174007,0.002964345238,0.003708976979,0.0001243016316,0.0001107155376,8.848786455e-05,6.535505257e-05,0.003267872026,0.0002032252496,0.0004308998717,0.0007718382753,0.001025776011,0.001122666992,2.240975862e-07,5.964774856e-07,1.201617447e-06,1.79125601e-06,0.005414973664,0.0002349512845,0.001031440536,0.00301950065,0.005193413786,0.00636270532,3.73217274e-10,2.145453576e-09,8.477728125e-09,2.160930538e-08,0.002574115199,4.366476996e-05,0.0003099769441,0.001275553074,0.002582512363,0.003452400036,2.710559723e-09,1.852588739e-08,9.070062702e-08,2.922658786e-07,0.006931940693,0.0005210016322,0.002552980716,0.00779204308,0.01348883062,0.01687812539,2.044418255e-09,1.694591149e-08,1.006169961e-07,3.874093302e-07,0.00900646173,0.0009357890871,0.004043509245,0.01098085771,0.01725806595,0.02013476891,1.109815898e-09,1.173727717e-08,8.891908991e-08,4.287211188e-07,0.01121071669,0.001505074542,0.005547977638,0.01299982763,0.01789504186,0.01890025693,6.239875906e-11,1.066355819e-09,1.252654525e-08,8.728986832e-08,0.009774532758,0.0009332270992,0.003165334184,0.006560464295,0.007438403579,0.006470989912,9.910316758e-14,4.543662908e-12,1.224625418e-10,1.598719194e-09,0.007255747022,0.0002132022638,0.0007700600749,0.001422308928,0.001103437267,0.0005900176295,2.769420982e-12,9.54631013e-11,1.934464203e-09,1.940824322e-08,0.0143378896,0.0006500513041,0.001601246439,0.002072899618,0.001167936371,0.0004533698557,4.494612561e-11,1.165034849e-09,1.775268997e-08,1.369029672e-07,0.02339242036,0.001291496781,0.00233940757,0.002276478616,0.0009816307236,0.0002898912021,1.254077622e-12,6.117051894e-11,1.559226158e-09,1.741528376e-08,0.02142007027,0.0004670469072,0.0006409367647,0.0004224015614,9.775445209e-05,1.409650672e-05
101,0.02002972116,0.02270702944,0.02309878519,0.02131475252,0.1142226455,0.04606024864,0.06062774006,0.06975209751,0.06791038455,0.05853184486,0.03194661379,0.03739876678,0.03928557638,0.03734207664,0.1515572937,0.0832773108,0.1255627175,0.1638785137,0.1827749874,0.1784855582,0.000425483816,0.0005510742112,0.0006404430652,0.0006682884402,0.0180444979,0.005046889149,0.01166835911,0.02264968915,0.03494620945,0.04544298582,0.000266767622,0.0003345901326,0.00037656204,0.0003814571657,0.01359941338,0.00279140821,0.005634046931,0.009640454328,0.01298432874,0.01490239223,0.008554390155,0.006904141537,0.005000042727,0.003371717811,0.02648558822,0.003237277195,0.004523859939,0.005502033011,0.005332260049,0.004417091111,0.01421767824,0.01188302374,0.008911865946,0.006206636184,0.03603061846,0.006167007214,0.009990737194,0.01393863095,0.01566142794,0.01486181034,0.0002030752063,0.0001870516418,0.0001546000192,0.0001177760228,0.004394416639,0.0003773283658,0.0009220491639,0.001884245052,0.002886208221,0.003599066314,0.0001221848262,0.0001086786527,8.673904055e-05,6.398111666e-05,0.003230272323,0.0001980728206,0.0004175088578,0.00074377308,0.0009826698335,0.001069681516,2.161638794e-07,5.73944505e-07,1.153378819e-06,1.71544035e-06,0.005324439234,0.0002243790835,0.0009746816301,0.002825500063,0.004803627715,0.005820351366,3.555475113e-10,2.037112908e-09,8.0229768e-09,2.038767466e-08,0.002521766726,4.102736302e-05,0.0002871217959,0.001165931152,0.002322325468,0.003055874659,2.594699789e-09,1.768176449e-08,8.631282228e-08,2.77370437e-07,0.006799700014,0.0004926968768,0.00238384429,0.007190596482,0.01227094433,0.01514443376,1.950829027e-09,1.61225168e-08,9.544599231e-08,3.664995558e-07,0.008822345859,0.0008820368716,0.003763195906,0.01009991857,0.01564613731,0.0180022449,1.054772781e-09,1.11222788e-08,8.401171896e-08,4.039585133e-07,0.01096223186,0.001412726138,0.005141907903,0.01190722076,0.01615352484,0.01682253057,5.834245359e-11,9.937358287e-10,1.163483385e-08,8.082831873e-08,0.009500499567,0.0008599416424,0.002875381934,0.005880958888,0.006554557768,0.005607753836,8.883962902e-14,4.054007827e-12,1.087529451e-10,1.413598916e-09,0.006966896144,0.0001869174454,0.0006614834331,0.001198830431,0.0009055329434,0.0004714888141,2.452882015e-12,8.415549834e-11,1.697332514e-09,1.695542633e-08,0.01370579771,0.0005627516786,0.00135819985,0.001725254732,0.0009458212049,0.0003572668965,3.941927598e-11,1.016985059e-09,1.542407398e-08,1.184306315e-07,0.02227982929,0.001106575598,0.001963948002,0.001875241137,0.000786375045,0.0002258511676,1.055278499e-12,5.117900868e-11,1.297077274e-09,1.441073372e-08,0.02019044465,0.0003813427602,0.0005103715491,0.0003286173313,7.332797899e-05,1.019066199e-05
102,0.0198052515,0.02243073763,0.02279555376,0.02101607232,0.1133219236,0.04524180323,0.05930607783,0.06797149896,0.06590511852,0.05658918288,0.03162430765,0.03700260043,0.0388496279,0.03691033506,0.1507860107,0.0824986656,0.1241209931,0.1616730723,0.1799269901,0.1753567224,0.0004190841627,0.0005423208999,0.0006297306501,0.0006565909843,0.01789800546,0.00496780502,0.01144398812,0.0221395639,0.03403556852,0.0441116735,0.000262458465,0.0003287514302,0.0003695031243,0.0003738509443,0.01345109137,0.002724316273,0.00546803593,0.009308039511,0.01246682433,0.01423523161,0.008454838656,0.006816842649,0.004931790414,0.003322564974,0.02626730629,0.003176992474,0.004420517383,0.005354865129,0.005167297501,0.004263509125,0.01406951053,0.01175312392,0.008809901225,0.006132703298,0.03584329983,0.006108638301,0.009874617053,0.01374875202,0.01541440823,0.01459810217,0.0001999921678,0.0001840554706,0.0001519944991,0.0001157003593,0.004358771079,0.0003714641067,0.0009044640339,0.001842153733,0.002811611151,0.003494484566,0.0001201819714,0.0001067526549,8.508665356e-05,6.268393277e-05,0.003194269933,0.0001931917742,0.0004048966114,0.0007174821958,0.0009425228042,0.001020596147,2.087886885e-07,5.53032247e-07,1.108687721e-06,1.645318016e-06,0.005238021725,0.0002145299558,0.0009223532972,0.002648366928,0.004451791137,0.005336126537,3.393213317e-10,1.937870595e-09,7.607489497e-09,1.927425767e-08,0.002471979855,3.860948556e-05,0.0002664626912,0.00106813254,0.002093916579,0.002713173863,2.48765654e-09,1.690360995e-08,8.227724419e-08,2.637006859e-07,0.00667361228,0.0004665572956,0.002229619531,0.006648585057,0.01118889207,0.01362498444,1.8645675e-09,1.536534433e-08,9.070217771e-08,3.473602656e-07,0.008646996746,0.0008325600181,0.003508434208,0.009308631022,0.0142188532,0.01613984379,1.004198629e-09,1.055856856e-08,7.952463693e-08,3.813688853e-07,0.01072592939,0.001328076102,0.004774379885,0.01092985791,0.01461810424,0.0150160679,5.467302328e-11,9.282297813e-10,1.083280398e-08,7.503232124e-08,0.009241556982,0.0007940336826,0.002618275335,0.005286276831,0.00579404478,0.004877119851,7.992198292e-14,3.630400262e-12,9.694409634e-11,1.254786974e-09,0.006697095904,0.0001644129425,0.000570379061,0.001014794378,0.0007468063298,0.0003788908713,2.180894791e-12,7.448193711e-11,1.495360169e-09,1.487479702e-08,0.01311781679,0.0004889343506,0.001156793562,0.001442517533,0.0007699976366,0.0002832174813,3.471375473e-11,8.914929829e-10,1.345900223e-08,1.029061346e-07,0.02124839122,0.0009517981087,0.001655968856,0.00155222612,0.0006334594617,0.0001770597751,8.927151942e-13,4.305337547e-11,1.085052339e-09,1.199298781e-08,0.01906193787,0.0003129454244,0.0004087224935,0.0002572642615,5.540171074e-05,7.427028002e-06
103,0.01959229605,0.02216868974,0.02250806256,0.02073301402,0.1124595953,0.04446380239,0.0580547997,0.06629204587,0.06402140001,0.05477104882,0.0313174775,0.03662531802,0.0384343404,0.03649897156,0.1500407146,0.08174340705,0.1227255493,0.1595426493,0.1771817296,0.1723466601,0.0004130241576,0.0005340323168,0.0006195880336,0.0006455175005,0.017757082,0.004891817198,0.01122917193,0.02165278276,0.03316970593,0.0428499833,0.0002583889961,0.0003232407903,0.0003628454678,0.0003666822056,0.01330941579,0.002660872614,0.005311912077,0.008997012862,0.01198527081,0.01361754575,0.008360438973,0.006734088095,0.004867118313,0.003276011987,0.0260584243,0.003119744582,0.004322796032,0.005216249295,0.005012579002,0.004120025065,0.0139284945,0.01162944845,0.008712794205,0.006062278181,0.03566226558,0.006051996351,0.009762175574,0.01356525663,0.01517620814,0.01434431367,0.0001970729771,0.0001812185485,0.000149527687,0.0001137354855,0.004324472804,0.000365826212,0.000887617618,0.001801963298,0.002740635509,0.003395304154,0.0001182910758,0.0001049354727,8.352876546e-05,6.146184697e-05,0.003159893107,0.0001885798134,0.0003930465999,0.0006929091013,0.0009052097783,0.0009752113999,2.019431872e-07,5.336532791e-07,1.067344094e-06,1.580554648e-06,0.005155762302,0.0002053760807,0.0008742100023,0.002486929174,0.004134690266,0.004904329071,3.244366353e-10,1.847054523e-09,7.228239278e-09,1.826038554e-08,0.002424755006,3.639714043e-05,0.0002478176076,0.0009809869235,0.001893559128,0.00241709634,2.388893765e-09,1.618721358e-08,7.85703318e-08,2.511711152e-07,0.006553727158,0.0004424707843,0.002089254734,0.006160893025,0.01022864909,0.01229437532,1.785164532e-09,1.466995063e-08,8.635555605e-08,3.298620035e-07,0.008480459967,0.0007871153729,0.00327730755,0.008598911522,0.01295642727,0.01451450703,9.57788741e-10,1.004248895e-08,7.542654732e-08,3.607840866e-07,0.01050182828,0.00125063906,0.004442291107,0.01005676635,0.01326569647,0.01344638419,5.135602808e-11,8.691806498e-10,1.011187399e-08,6.983614637e-08,0.008997492911,0.0007348448358,0.00239053182,0.004766190889,0.005139812676,0.004258595934,7.216961322e-14,3.263696986e-12,8.676486201e-11,1.118428913e-09,0.006445648279,0.0001451472604,0.0004939027806,0.000863099062,0.0006192939197,0.0003063819476,1.947000423e-12,6.619870365e-11,1.323157434e-09,1.310788521e-08,0.0125720268,0.00042650364,0.0009897673138,0.00121228027,0.0006305423723,0.0002260067176,3.070336119e-11,7.849996254e-10,1.179862981e-08,8.984126166e-08,0.02029413272,0.0008221876252,0.001403082841,0.00129178675,0.0005134316684,0.0001397746563,7.594813445e-13,3.642925201e-11,9.131299727e-10,1.004222141e-08,0.01802805739,0.0002582642961,0.0003293943241,0.0002028126961,4.219329274e-05,5.461858326e-06
104,0.01939079966,0.0219208099,0.02223621527,0.02046546783,0.1116366055,0.04372644513,0.05687351428,0.06471227848,0.06225640484,0.05307361325,0.03102620707,0.03626704811,0.03803987908,0.03610816792,0.1493231687,0.08101391583,0.1213805184,0.1574931591,0.1745462564,0.1694625026,0.0004073007429,0.0005262044117,0.000610010296,0.0006350625475,0.01762198524,0.004819079608,0.01102425963,0.02118994476,0.03234929844,0.041658353,0.0002545553534,0.000318052543,0.0003565815819,0.000359942165,0.01317450354,0.002601049682,0.005165477919,0.008706724874,0.01153820805,0.01304689404,0.008271159871,0.006655847357,0.004805999145,0.003232036417,0.02585915856,0.003065539841,0.004230647486,0.005086034557,0.004867831889,0.003986292877,0.01379466363,0.01151203519,0.008620580254,0.005995389655,0.03548794871,0.00599726436,0.009653754636,0.0133886688,0.01494745835,0.0141010663,0.0001943161321,0.0001785394679,0.000147198374,0.0001118804307,0.004291585709,0.0003604266104,0.000871538956,0.001763727511,0.002673345041,0.003301571936,0.0001165102562,0.0001032251401,8.206353153e-05,6.03132819e-05,0.003127168499,0.0001842343555,0.0003819419731,0.0006699978323,0.0008706091653,0.0009333359913,1.95600575e-07,5.157263163e-07,1.029162023e-06,1.520839744e-06,0.005077696645,0.0001968896356,0.0008300140864,0.002340076434,0.003849343691,0.004519761927,3.108000727e-10,1.764051096e-09,6.882467783e-09,1.733817382e-08,0.002380089808,3.437695549e-05,0.0002310172755,0.0009034288212,0.001717939261,0.00216137226,2.297915287e-09,1.552868412e-08,7.517034226e-08,2.397029457e-07,0.006440084418,0.0004203275942,0.001961752065,0.005722773649,0.00937749877,0.01113002946,1.712186538e-09,1.403223539e-08,8.237849913e-08,3.138857639e-07,0.008322767053,0.0007454670837,0.003068009472,0.007963301408,0.01184101047,0.01309699761,9.152621089e-10,9.570673457e-09,7.168870652e-08,3.420500241e-07,0.01028992839,0.001179949052,0.00414274022,0.00927789003,0.01207560938,0.01208316759,4.836034965e-11,8.159964557e-10,9.464334711e-09,6.518091438e-08,0.008768082519,0.0006817679259,0.002189009222,0.004311644176,0.004577099013,0.003734808888,6.542721978e-14,2.946072823e-12,7.79842836e-11,1.001255769e-09,0.006211865749,0.0001286545683,0.0004296687577,0.0007379198209,0.0005166615774,0.0002494511775,1.745711378e-12,5.909972209e-11,1.17618878e-09,1.160570635e-08,0.01206655645,0.0003736847568,0.000851121735,0.001024513851,0.0005196788667,0.0001816688535,2.72819382e-11,6.945256735e-10,1.039393473e-08,7.883111846e-08,0.01941321101,0.000713581803,0.001195176581,0.001081423514,0.0004189725367,0.0001111847987,6.50029635e-13,3.101568309e-11,7.733547284e-10,8.463826557e-09,0.01708265557,0.0002144592443,0.0002673135257,0.000161115352,3.241703259e-05,4.056628965e-06
105,0.01920071267,0.02168702867,0.02197992247,0.02021333073,0.1108538673,0.04302988816,0.0557617806,0.06323070605,0.0606073326,0.0514931358,0.03075057911,0.03592791567,0.03766640259,0.03573809717,0.1486350839,0.08031245249,0.120089782,0.1555300955,0.1720270303,0.16671069,0.00040191103,0.0005188333192,0.0006009926898,0.0006252208228,0.01749296227,0.004749732871,0.01082955914,0.02075155058,0.03157484276,0.04053695764,0.0002509539148,0.0003131813483,0.0003507043896,0.0003536225001,0.01304646565,0.002544816748,0.005028533576,0.008436535646,0.01112422271,0.01252094311,0.008186972875,0.006582092261,0.004748407444,0.003190617154,0.02566971784,0.003014381747,0.004144020279,0.004964069086,0.004732788126,0.003861976818,0.01366805103,0.01140092088,0.00853329323,0.00593206505,0.03532076906,0.005944615983,0.009549675118,0.0132194748,0.01472873618,0.01386892065,0.0001917202124,0.0001760168838,0.0001450053921,0.0001101342478,0.004260171044,0.000355276215,0.000856253751,0.001727491702,0.002609788057,0.003213313014,0.0001148377465,0.0001016198061,8.068920928e-05,5.923674425e-05,0.003096121392,0.0001801526189,0.0003715658244,0.0006486935587,0.0008386037863,0.0008947877547,1.897360179e-07,4.991760406e-07,9.939693107e-07,1.46588591e-06,0.005003855877,0.0001890431555,0.0007895375814,0.002206764395,0.003593002067,0.004177712497,2.983264874e-10,1.688301402e-09,6.567667022e-09,1.650046741e-08,0.002337979756,3.253625596e-05,0.0002159052442,0.0008344931476,0.001564122659,0.001940562553,2.214263368e-09,1.492443596e-08,7.205727073e-08,2.29223816e-07,0.006332715629,0.0004000214255,0.001846172102,0.005329850309,0.008623970562,0.01011197043,1.645234004e-09,1.344842639e-08,7.874563571e-08,2.993224717e-07,0.00817393807,0.0007073885882,0.002878849667,0.00739495986,0.01085658189,0.01186156956,8.763603503e-10,9.140032597e-09,6.828479331e-08,3.250258968e-07,0.01009021431,0.00111556264,0.00387303229,0.008584065296,0.01102938283,0.01089988373,4.565793228e-11,7.681449768e-10,8.883275445e-09,6.101399169e-08,0.008553093336,0.0006342461899,0.00201088602,0.003914649381,0.004093167919,0.003291073093,5.956138767e-14,2.67083623e-12,7.040577892e-11,9.004971659e-10,0.005995077848,0.0001145354602,0.0003756810574,0.0006344898758,0.0004338788474,0.0002046185367,1.572368945e-12,5.30108651e-11,1.05063998e-09,1.032724702e-08,0.01159959784,0.0003289790878,0.0007359111042,0.0008711270624,0.000431320293,0.0001471897784,2.436024678e-11,6.175785497e-10,9.204099831e-09,6.954006924e-08,0.01860193931,0.0006225086155,0.001024010566,0.000911167385,0.0003444201364,8.917940408e-05,5.599028716e-13,2.658023785e-11,6.594080301e-10,7.183061787e-09,0.01621994802,0.0001792869585,0.0002185804476,0.0001290626066,2.514497124e-05,3.045590381e-06
106,0.01902199189,0.02146728436,0.02173910317,0.0199765081,0.1101122652,0.04237425552,0.05471912692,0.06184583507,0.05907144053,0.05002599831,0.03049067691,0.03560804407,0.03731406545,0.03538892617,0.1479781182,0.07964116094,0.118856982,0.1536585558,0.1696299631,0.1640970282,0.0003968523365,0.0005119154137,0.0005925307162,0.0006159872548,0.01737025009,0.004683905438,0.01064534165,0.02033801514,0.03084668288,0.03948575582,0.0002475813164,0.0003086222241,0.0003452072621,0.0003477153934,0.01292540821,0.002492141042,0.004900879954,0.008185821633,0.01074195832,0.01203747792,0.008107852686,0.006512797378,0.004694319904,0.003151734679,0.02549030429,0.002966271695,0.004062861378,0.004850202529,0.00460718705,0.003746753976,0.01354869019,0.01129614182,0.008450966068,0.005872330653,0.03516113331,0.005894215793,0.009450237839,0.01305812542,0.01452056934,0.01364838151,0.0001892838973,0.0001736495334,0.0001429476333,0.0001084960296,0.004230287544,0.0003503850064,0.0008417847173,0.001693293807,0.002549999699,0.003130534415,0.0001132719056,0.0001001177432,7.940416692e-05,5.823083188e-05,0.003066775914,0.000176331706,0.0003619014331,0.000628943102,0.0008090816078,0.0008593943724,1.843265907e-07,4.839329228e-07,9.616070541e-07,1.415428107e-06,0.00493426747,0.000181809846,0.0007525636554,0.00208601759,0.00336314441,0.003873928267,2.869383974e-10,1.619297639e-09,6.281562354e-09,1.574078914e-08,0.002298418848,3.086311705e-05,0.0002023377467,0.0007733099669,0.001429521367,0.001749964471,2.137517153e-09,1.437117607e-08,6.921277182e-08,2.196674743e-07,0.006231645816,0.0003814503253,0.001741636814,0.004978111539,0.007957768377,0.009222596025,1.583940043e-09,1.291506454e-08,7.543374228e-08,2.86072471e-07,0.008033984139,0.0006726641905,0.002708257288,0.006887648137,0.009988828741,0.01078564128,8.408466644e-10,8.747740252e-09,6.519078079e-08,3.095834476e-07,0.009902659143,0.001057061229,0.003630680005,0.007966986195,0.0101106211,0.009873392784,4.32235411e-11,7.251488186e-10,8.362515238e-09,5.728843192e-08,0.008352290048,0.0005917718469,0.001853639987,0.003568189522,0.003677066671,0.002915007084,5.445760467e-14,2.432269753e-12,6.386215076e-11,8.138068765e-10,0.00579463692,0.0001024485109,0.0003302738427,0.0005489152049,0.0003669549309,0.000169200315,1.423020877e-12,4.778509533e-11,9.43305223e-10,9.238184922e-09,0.01116941897,0.0002911245017,0.0006400663796,0.0007456016241,0.0003607058982,0.0001202787519,2.186331234e-11,5.520739161e-10,8.195153551e-09,6.168998467e-08,0.01785680774,0.0005460784748,0.0008828833384,0.000773076954,0.0002853965322,7.217307776e-05,4.855179037e-13,2.293712343e-11,5.662677839e-10,6.140832572e-09,0.0154345255,0.0001509772416,0.0001801986553,0.0001043222316,1.970654463e-05,2.313317349e-06
107,0.01885460152,0.02126152424,0.02151368627,0.01975491528,0.109412659,0.04175964793,0.05374506871,0.06055619595,0.05764607483,0.04866873475,0.03024658587,0.03530755709,0.03698302043,0.03506081814,0.1473538775,0.07900207246,0.1176855339,0.1518832684,0.1673604633,0.161626749,0.0003921222205,0.0005054473639,0.0005846201986,0.0006073570902,0.01725407622,0.004621714749,0.01047184606,0.01994968011,0.03016503667,0.038504534,0.0002444344709,0.0003043705729,0.0003400840546,0.0003422135733,0.0128114332,0.002442988832,0.00478232173,0.007953981704,0.01039012397,0.01159441098,0.008033777609,0.006447940429,0.004643715719,0.003115371323,0.0253211143,0.002921209701,0.003987117619,0.004744288212,0.00449077789,0.003640316509,0.01343661568,0.01119773454,0.008373631353,0.005816212163,0.03500943512,0.005846219596,0.009355724611,0.01290503826,0.01432344,0.01343990308,0.0001870059828,0.0001714362545,0.0001410240674,0.0001069649248,0.004201991581,0.0003457621186,0.0008281519298,0.001661165412,0.002494004139,0.003053228628,0.0001118112263,9.871735683e-05,7.820689146e-05,5.729424065e-05,0.003039155267,0.0001727686821,0.0003529324866,0.0006106953985,0.0007819363675,0.0008269939534,1.793512223e-07,4.69933051e-07,9.319292296e-07,1.369222914e-06,0.004868956149,0.0001751638543,0.0007188877383,0.001976930904,0.003157471837,0.003604589948,2.765655167e-10,1.556579792e-09,6.022096701e-09,1.505329194e-08,0.002261400208,2.934639998e-05,0.0001901834139,0.0007190987649,0.001311861535,0.001585524491,2.067291192e-09,1.386589155e-08,6.662008371e-08,2.109734801e-07,0.006136895078,0.0003645174104,0.001647331249,0.004663901515,0.007369693469,0.008446456807,1.527968985e-09,1.242898959e-08,7.242163742e-08,2.740450307e-07,0.007902909881,0.0006410902817,0.002554782063,0.006435707489,0.009225021349,0.009849480818,8.085048194e-10,8.391220404e-09,6.238481249e-08,2.956062425e-07,0.009727228058,0.00100405273,0.003413401715,0.007419162756,0.009304823542,0.008983586727,4.103453791e-11,6.865808546e-10,7.896539443e-09,5.396246161e-08,0.008165439,0.0005538842111,0.001715026171,0.003266122546,0.00331940365,0.002596196384,5.001767719e-14,2.225492467e-12,5.821130497e-11,7.391992606e-10,0.005609923171,9.210266391e-05,0.000292059633,0.0004780193926,0.0003127259729,0.0001411267742,1.294316718e-12,4.32983303e-11,8.514915351e-10,8.309810489e-09,0.01077437425,0.0002590604947,0.0005602453494,0.0006426921366,0.0003041132685,9.919403299e-05,1.972817878e-11,4.962695931e-10,7.338831819e-09,5.505045001e-08,0.0171745003,0.0004818912913,0.0007663517452,0.0006608310664,0.0002385166549,5.897415857e-05,4.239923471e-13,1.993771284e-11,4.89938825e-10,5.290369203e-09,0.01472136061,0.0001281340083,0.0001498654057,8.51436826e-05,1.561632869e-05,1.779205668e-06
108,0.01869851409,0.02106970581,0.02130361207,0.01954847912,0.1087558872,0.04118615199,0.05283912587,0.05936036804,0.05632869951,0.04741805816,0.03001839491,0.03502658092,0.03667342094,0.03475393521,0.146763916,0.0783971103,0.1165786396,0.1502086201,0.165223483,0.1593045709,0.0003877185157,0.0004994261855,0.0005772573541,0.0005993259799,0.01714465931,0.00456326841,0.01030928343,0.01958682604,0.02953002147,0.03759294855,0.0002415105855,0.0003004222087,0.0003353291409,0.0003371103541,0.01270463943,0.002397326453,0.004672670112,0.007740442605,0.01006750176,0.01118978954,0.007964729964,0.006387502674,0.004596576913,0.003081511524,0.0251623395,0.002879195091,0.003916737065,0.004646185196,0.004383322061,0.003542373634,0.01333186389,0.01110573648,0.008301321899,0.00576373514,0.03486605526,0.005800774782,0.009266399374,0.01276060032,0.0141377889,0.01324389425,0.000184885398,0.000169376004,0.0001392337596,0.0001055401533,0.004175337306,0.0003414159273,0.0008153731745,0.001631132768,0.002441816712,0.002981376968,0.0001104543432,9.741719341e-05,7.709599663e-05,5.642577091e-05,0.003013281946,0.0001694606494,0.0003446432865,0.0005939019112,0.0007570681056,0.0007974354799,1.747906445e-07,4.571179681e-07,9.048022974e-07,1.327047825e-06,0.004807944766,0.0001690805017,0.0006883183776,0.001878670065,0.002973899496,0.003366283385,2.671443149e-10,1.499732592e-09,5.787416007e-09,1.443271483e-08,0.002226916679,2.797577448e-05,0.0001793228778,0.0006711624965,0.001209152684,0.001443759065,2.003234029e-09,1.34058377e-08,6.426395583e-08,2.030869205e-07,0.006048480167,0.0003491314417,0.001562504182,0.004383907305,0.006851565201,0.007770044471,1.477015058e-09,1.198732641e-08,6.969008103e-08,2.631578725e-07,0.007780715788,0.0006124762568,0.002417093706,0.006034032774,0.008553887637,0.009035908859,7.791381877e-10,8.068134481e-09,5.984708424e-08,2.829889831e-07,0.009563881817,0.0009561726713,0.003219117073,0.006933874953,0.00859921853,0.008213051749,3.907067489e-11,6.520600409e-10,7.48044164e-09,5.099901062e-08,0.007992312406,0.0005201675015,0.00159305493,0.003003091373,0.003012148352,0.002325899827,4.615749872e-14,2.046341761e-12,5.333258889e-11,6.749951653e-10,0.00544034907,8.325044593e-05,0.0002598849198,0.000419214492,0.0002686845973,0.0001188009696,1.183418526e-12,3.944593388e-11,7.729381055e-10,7.518120968e-09,0.01041291345,0.0002318978755,0.0004937066816,0.0005581808797,0.0002586317306,8.261017064e-05,1.790201348e-11,4.487100948e-10,6.611627814e-09,4.943062952e-08,0.01655190859,0.0004279570657,0.0006699994364,0.0005694006535,0.0002011621691,4.868586885e-05,3.730058555e-13,1.746300836e-11,4.272397725e-10,4.59461491e-09,0.01407581011,0.0001096564578,0.0001258101002,7.021140974e-05,1.252211704e-05,1.386777372e-06
109,0.01855371143,0.02089179807,0.02110883373,0.01935713952,0.1081427706,0.04065384907,0.05200083924,0.05825700326,0.05511692309,0.04627088503,0.029806198,0.03476524614,0.03638542337,0.03446844091,0.1462097369,0.07782809469,0.1155393025,0.1486386859,0.1632235643,0.1571347607,0.0003836393651,0.0004938492927,0.0005704388638,0.000591890062,0.01704220976,0.004508665384,0.01015784134,0.01924968435,0.02894167863,0.03675056545,0.0002388071794,0.0002967733827,0.0003309374472,0.0003323996736,0.01260512344,0.00235512128,0.004571745397,0.007544663876,0.009772953324,0.0108218015,0.0079006965,0.00633146931,0.00455288867,0.003050142075,0.02501416759,0.002840227173,0.003851670305,0.004555760205,0.004284595275,0.003452653412,0.01323447366,0.01102018665,0.008234071311,0.005714925445,0.03473136179,0.00575802072,0.009182509392,0.01262517055,0.01396401967,0.01306072401,0.0001829212224,0.0001674678757,0.0001375758883,0.000104221021,0.004150376811,0.0003373541379,0.0008034642938,0.001603217789,0.002393445962,0.002914952759,0.0001092000406,9.621594892e-05,7.607023055e-05,5.562433393e-05,0.002989177958,0.0001664048179,0.0003370189378,0.0005785170006,0.0007343836158,0.0007705791488,1.706273447e-07,4.454345216e-07,8.801048319e-07,1.288700572e-06,0.004751255163,0.0001635364829,0.0006606778681,0.001790471334,0.002810547326,0.003155971235,2.586176184e-10,1.448382729e-09,5.575855947e-09,1.387434265e-08,0.002194961402,2.674173033e-05,0.0001696483024,0.0006288816168,0.001119658958,0.001321683383,1.945026905e-09,1.298852692e-08,6.213058099e-08,1.959581426e-07,0.005966416022,0.0003352072715,0.001486467971,0.00413514398,0.006396142322,0.007181593309,1.43080114e-09,1.158747213e-08,6.722167941e-08,2.533367274e-07,0.007667400512,0.0005866451814,0.002293980041,0.00567804352,0.007965490603,0.008330023061,7.525688376e-10,7.776369448e-09,5.755973288e-08,2.716368602e-07,0.00941258009,0.0009130848621,0.003045940976,0.006505124617,0.007982604328,0.007546758792,3.731390627e-11,6.212476001e-10,7.10987082e-09,4.836528607e-08,0.007832692288,0.0004902484776,0.001485970595,0.002774440444,0.002748453211,0.002096795927,4.280512917e-14,1.891272073e-12,4.912366998e-11,6.197760183e-10,0.005285363218,7.568198148e-05,0.000232792378,0.000370394187,0.000232843919,0.0001009898173,1.087924981e-12,3.613974826e-11,7.05748387e-10,6.843061609e-09,0.01008358909,0.0002088926185,0.0004382047468,0.0004886784912,0.0002219846067,6.951729736e-05,1.634051294e-11,4.081802052e-10,5.994000732e-09,4.467252482e-08,0.01598614272,0.0003826285406,0.0005902463972,0.0004947856126,0.0001713064464,4.063229212e-05,3.306892078e-13,1.541765265e-11,3.756346905e-10,4.024174627e-09,0.01349361415,9.467658492e-05,0.0001066701439,5.853518512e-05,1.01676603e-05,1.096304955e-06
110,0.01842018552,0.02072778268,0.02092931868,0.01918085095,0.1075741158,0.04016282394,0.05122978636,0.0572448484,0.05400852327,0.04522435752,0.02961009563,0.03452368967,0.03611918945,0.0342045027,0.1456927928,0.07729674814,0.114570342,0.1471772581,0.1613648875,0.155121194,0.0003798832545,0.0004887145494,0.0005641619407,0.0005850460424,0.01694693041,0.004457997164,0.01001768814,0.01893844869,0.02839999687,0.0359768976,0.0002363221015,0.0002934208096,0.0003269044856,0.0003280761318,0.01251298036,0.00231634266,0.004479379344,0.007366142288,0.009505425345,0.01048878001,0.00784166881,0.006279829853,0.004512639656,0.003021252378,0.02487678331,0.002804305888,0.003791871695,0.004472889438,0.004194389481,0.003370904345,0.01314448704,0.01094112628,0.008171914549,0.005669809678,0.03460571021,0.005718089164,0.009104286496,0.0124990825,0.01380250304,0.01289072677,0.0001811127013,0.0001657111178,0.000136049761,0.0001030069346,0.004127160282,0.0003335838733,0.0007924395269,0.001577439007,0.002348895586,0.002853924334,0.0001080472609,9.511247721e-05,7.512848341e-05,5.488895815e-05,0.002966865046,0.0001635985717,0.0003300455246,0.0005644982558,0.0007137968314,0.0007462966293,1.668455243e-07,4.34834727e-07,8.577271819e-07,1.253998517e-06,0.004698909011,0.0001585100366,0.0006358027011,0.001711640628,0.002665730192,0.002970965268,2.509342497e-10,1.402196343e-09,5.385929903e-09,1.337396954e-08,0.002165528375,2.563558069e-05,0.0001610628708,0.000591708262,0.001041872615,0.001216748006,1.892382557e-09,1.261171848e-08,6.020753259e-08,1.895425056e-07,0.005890717248,0.0003226661857,0.001418597812,0.003914938545,0.005997046793,0.006670896919,1.389077612e-09,1.122708427e-08,6.500079724e-08,2.445149226e-07,0.007562963073,0.000563434255,0.002184344226,0.005363653866,0.007451111428,0.007718945941,7.28636692e-10,7.514026742e-09,5.550673291e-08,2.61464954e-07,0.009273284656,0.0008744817146,0.002892176392,0.006127587137,0.007445199579,0.006971783539,3.574821775e-11,5.938435712e-10,6.780983728e-09,4.603238885e-08,0.007686374172,0.0004637940074,0.001392231171,0.002576139373,0.002522496447,0.001902765486,3.989914769e-14,1.757268437e-12,4.549788365e-11,5.723449951e-10,0.005144453726,6.921975967e-05,0.0002099889104,0.0003298458777,0.0002036294866,8.674027791e-05,1.005807059e-12,3.330559095e-11,6.483331166e-10,6.267891809e-09,0.009785062771,0.0001894234826,0.0003919022971,0.0004314626921,0.000192390258,5.914488338e-05,1.500656543e-11,3.736662299e-10,5.4697187e-09,4.064540242e-08,0.01547454002,0.0003445444551,0.0005241930458,0.0004338047116,0.0001473794924,3.430304792e-05,2.95535743e-13,1.372517522e-11,3.331002681e-10,3.555705496e-09,0.01297089305,8.250982626e-05,9.139580753e-05,4.936825941e-05,8.36594467e-06,8.79722227e-07
111,0.01829793952,0.02057765525,0.02076505012,0.01901958391,0.1070507188,0.03971317314,0.0505255966,0.05632276615,0.05300147003,0.04427586371,0.02943019628,0.0343020567,0.0358748885,0.03396229432,0.1452144868,0.07680470084,0.1136744084,0.1458278762,0.1596513178,0.1532674156,0.0003764490459,0.000484020319,0.000558424397,0.0005787912744,0.01685901715,0.004411348942,0.009888977168,0.01865328606,0.02790493435,0.03527143972,0.0002340535486,0.000290361693,0.0003232263869,0.0003241350277,0.01242830481,0.002280962785,0.004395417387,0.007204415893,0.009263954484,0.01018920722,0.007787643745,0.006232578533,0.00447582235,0.002994834684,0.02475036933,0.002771432435,0.003737300536,0.004397460276,0.004112514661,0.003296896838,0.01306194993,0.01086859952,0.008114888482,0.005628415608,0.03448944372,0.005681104678,0.00903194834,0.01238264698,0.01365358111,0.01273420762,0.0001794592625,0.0001641051502,0.0001346548315,0.0001018974154,0.004105736159,0.0003301117617,0.0007823118391,0.001553812502,0.002308166287,0.002798257839,0.0001069951125,9.410579844e-05,7.426979503e-05,5.421879533e-05,0.002946364898,0.0001610395329,0.0003237102723,0.0005518067956,0.0006952291576,0.0007244712587,1.634310623e-07,4.252756482e-07,8.375711696e-07,1.22277809e-06,0.004650928626,0.0001539810922,0.000613543874,0.001641552244,0.002537947841,0.002808899885,2.440487069e-10,1.36087678e-09,5.216318193e-09,1.292786627e-08,0.00213861298,2.464945928e-05,0.0001534802574,0.0005591607061,0.0009744899413,0.001126783062,1.845044155e-09,1.227340924e-08,5.848370764e-08,1.83800155e-07,0.005821399552,0.0003114361639,0.001358330593,0.003720913463,0.005648691691,0.006229141438,1.351621326e-09,1.090406987e-08,6.301347736e-08,2.366330055e-07,0.007467404983,0.0005426951177,0.002087201393,0.005087242544,0.007003140106,0.007191597315,7.071987634e-10,7.279412181e-09,5.367380201e-08,2.523976847e-07,0.009145962468,0.0008400843053,0.002756306592,0.005796564397,0.006978505158,0.006477056073,3.43594734e-11,5.695837181e-10,6.490402224e-09,4.397497119e-08,0.007553170555,0.0004405086562,0.001310489387,0.002404714014,0.002329344697,0.001738706571,3.738724535e-14,1.641772951e-12,4.238198774e-11,5.316942809e-10,0.00501715122,6.371409802e-05,0.0001908187955,0.0002961786897,0.000179793713,7.531501391e-05,9.353537111e-13,3.088115072e-11,5.993626473e-10,5.7786572e-09,0.009516110498,0.0001729729878,0.0003532983548,0.00038434834,0.000168453761,5.090411212e-05,1.386913253e-11,3.44323749e-10,5.025314607e-09,3.724119973e-08,0.01501467194,0.0003125820252,0.0004694932203,0.0003839284435,0.0001281639547,2.931199693e-05,2.663307276e-13,1.232422333e-11,2.980211213e-10,3.170654963e-09,0.0125041425,7.26162076e-05,7.917747432e-05,4.214636552e-05,6.980030077e-06,7.17108957e-07
112,0.01818698865,0.02044142656,0.02061602839,0.01887332648,0.1065733686,0.03930501309,0.04988796561,0.05548975513,0.05209394724,0.04342305655,0.02926661783,0.03410050263,0.03565269976,0.03374199828,0.1447761732,0.07635349616,0.1128539983,0.1445938562,0.1580864514,0.1515766981,0.0003733360101,0.0004797655136,0.0005532247098,0.0005731238358,0.01677865957,0.00436880074,0.009771850722,0.01839434724,0.0274564396,0.03463370096,0.0002320000834,0.0002875937524,0.0003198999347,0.000320572397,0.01235119171,0.002248957532,0.004319720702,0.00705906773,0.009047671723,0.009921717351,0.007738623834,0.006189714682,0.004442433362,0.002970884344,0.02463510716,0.002741609881,0.003687922206,0.004329372894,0.004038800515,0.003230424537,0.01298691282,0.01080265402,0.00806303243,0.005590772597,0.03438289334,0.005647185063,0.008965699652,0.01227615467,0.01351757148,0.01259144744,0.0001779605322,0.0001626495816,0.0001333907157,0.0001008921136,0.00408615129,0.0003269440205,0.0007730932416,0.00153235278,0.002271257517,0.002747919863,0.0001060428783,9.319510755e-05,7.349336254e-05,5.361312692e-05,0.002927699362,0.0001587256212,0.0003180017002,0.0005404075433,0.0006786097666,0.0007049981977,1.603714855e-07,4.167192972e-07,8.19549831e-07,1.194894307e-06,0.004607337758,0.0001499313958,0.0005937670973,0.001579647371,0.00242587506,0.002667707371,2.379208836e-10,1.324162617e-09,5.065858561e-09,1.253275124e-08,0.002114212506,2.377631367e-05,0.0001468241047,0.0005308181891,0.0009163896366,0.001049949563,1.802784367e-09,1.197182557e-08,5.694927608e-08,1.786958205e-07,0.005758481128,0.0003014520744,0.001305163505,0.003550970429,0.005346214327,0.005848755823,1.318234689e-09,1.061657596e-08,6.124736898e-08,2.296384049e-07,0.00738073229,0.0005242940408,0.002001675005,0.004845623869,0.006614974911,0.006738491462,6.881284711e-10,7.071026914e-09,5.204831614e-08,2.443683189e-07,0.009030588585,0.0008096422603,0.002636987211,0.005507940113,0.006575178521,0.0060531396,3.313527986e-11,5.482367877e-10,6.235175524e-09,4.217093378e-08,0.007432914177,0.0004201323678,0.001239575307,0.002257184959,0.002164834022,0.001600378145,3.522502854e-14,1.542622513e-12,3.971426906e-11,4.969775777e-10,0.004903031531,5.90392426e-05,0.0001747412603,0.0002682648,0.0001603483292,6.614309146e-05,8.751261659e-13,2.881422565e-11,5.57727211e-10,5.363751447e-09,0.009275627292,0.0001591113545,0.0003211689668,0.000345583133,0.000149082678,4.434438867e-05,1.290231717e-11,3.194508697e-10,4.649636838e-09,3.437074874e-08,0.01460434979,0.0002858173846,0.0004242511593,0.0003431464954,0.0001127152264,2.536644699e-05,2.420950991e-13,1.116557707e-11,2.691073443e-10,2.854272215e-09,0.01209022802,6.45698474e-05,6.939010639e-05,3.644229943e-05,5.909303269e-06,5.942585549e-07
113,0.01808736114,0.02031912378,0.02048227248,0.01874208579,0.1061428505,0.0389384879,0.04931666924,0.05474496903,0.05128437322,0.0426638715,0.02911948909,0.03391919498,0.03545281461,0.03354380818,0.1443791578,0.07594459607,0.1121114689,0.143478319,0.1566736605,0.1500520978,0.0003705438603,0.0004759496441,0.0005485620871,0.000568042606,0.01670604156,0.004330428507,0.009666443923,0.01816177682,0.02705447114,0.03406323525,0.0002301606529,0.0002851152492,0.0003169225989,0.0003173850505,0.01228173719,0.00222030726,0.004252168155,0.006929729285,0.008855806335,0.009685099456,0.007694617703,0.006151243131,0.004412473766,0.002949400056,0.02453117803,0.002714843746,0.003643709242,0.004268541801,0.003973098052,0.003171305588,0.01291943141,0.01074334161,0.008016388709,0.005556912019,0.03428637816,0.005616441781,0.008905733466,0.0121798787,0.01339477133,0.01246270785,0.0001766163509,0.0001613442267,0.0001322572078,9.999082178e-05,0.00406845108,0.0003240865393,0.000764795097,0.001513073616,0.002238169126,0.002702879881,0.000105190024,9.237978295e-05,7.279854821e-05,5.307137028e-05,0.002910890654,0.0001566551116,0.0003129097647,0.0005302694829,0.0006638758641,0.0006877845628,1.57655946e-07,4.091325547e-07,8.035872058e-07,1.17022037e-06,0.004568162368,0.0001463446223,0.000576352934,0.001525432507,0.00232835235,0.002545595226,2.32515828e-10,1.29182596e-09,4.933537933e-09,1.218576532e-08,0.002092326645,2.300989646e-05,0.0001410275251,0.0005063161909,0.0008666136804,0.0009846973669,1.76540458e-09,1.170541633e-08,5.559563706e-08,1.741986406e-07,0.005701983986,0.0002926558247,0.001258652551,0.003403274928,0.005085415365,0.005523279272,1.288744888e-09,1.036298119e-08,5.969166517e-08,2.234851351e-07,0.007302957539,0.000508112041,0.001926993163,0.004636020493,0.006280931586,0.00635155859,6.713150501e-10,6.887559523e-09,5.061923493e-08,2.373185341e-07,0.008927148974,0.0007829335356,0.002533038508,0.005258138445,0.006228921203,0.005692037113,3.206486758e-11,5.296021105e-10,6.012747161e-09,4.060116105e-08,0.00732546112,0.0004024382955,0.001178480639,0.002131013378,0.002025467781,0.001484268825,3.337500729e-14,1.457996375e-12,3.744295506e-11,4.674871288e-10,0.004801718153,5.509004383e-05,0.000161311866,0.0002451918422,0.0001445112296,5.878227621e-05,8.239196824e-13,2.706125439e-11,5.225039373e-10,5.013554007e-09,0.009062631308,0.000147483042,0.0002945187832,0.0003137642316,0.0001334217194,3.912055324e-05,1.208459028e-11,2.984661294e-10,4.333479775e-09,3.196068303e-08,0.01424162953,0.0002634928508,0.0003869383195,0.0003098630155,0.0001003001776,2.224420559e-05,2.220407416e-13,1.020978905e-11,2.453296671e-10,2.594834627e-09,0.01172637915,5.803508783e-05,6.155092367e-05,3.193212173e-05,5.079607996e-06,5.009915519e-07
114,0.01799909923,0.02021079175,0.02036382146,0.01862588952,0.1057599497,0.038613777,0.048811577,0.05408773491,0.05057142036,0.04199654357,0.02898895115,0.03375831526,0.03527543877,0.03336793108,0.1440246989,0.07557938631,0.1114490521,0.1424842184,0.1554161361,0.1486965094,0.0003680727854,0.0004725728691,0.0005444365325,0.0005635473414,0.01664134194,0.004296305172,0.009572888381,0.01795572266,0.02669901587,0.0335596695,0.000228534608,0.0002829250148,0.000314292571,0.0003145706127,0.01222003934,0.002194997578,0.004192658165,0.00681608376,0.008687689632,0.00947829998,0.007655640514,0.006117174605,0.004385949424,0.002930384113,0.02443876373,0.002691142566,0.003604642388,0.004214897325,0.003915281117,0.003119383854,0.01285956735,0.01069071893,0.007975003163,0.005526867668,0.03420020544,0.00558898036,0.008852232306,0.01209407707,0.01328546126,0.01234823592,0.0001754267899,0.000160189123,0.0001312542965,9.91934885e-05,0.004052679641,0.0003215449583,0.0007574284114,0.001495988847,0.002208902902,0.002663112529,0.0001044362072,9.165939553e-05,7.218488751e-05,5.259308532e-05,0.002895961558,0.000154826689,0.000308425995,0.0005213659011,0.0006509729433,0.0006727495553,1.552752062e-07,4.024871138e-07,7.896181805e-07,1.148647356e-06,0.004533431366,0.0001432064752,0.0005611969052,0.001478477949,0.002244377379,0.002441025856,2.278035427e-10,1.263671012e-09,4.81848544e-09,1.188445038e-08,0.002072957968,2.2344756e-05,0.0001360326425,0.0004853422022,0.0008243506405,0.0009297292582,1.732734277e-09,1.147284727e-08,5.441538267e-08,1.70282015e-07,0.005651935243,0.0002849964837,0.001218411084,0.003276242031,0.004862704517,0.005247245515,1.26300325e-09,1.014188896e-08,5.833705013e-08,2.181335436e-07,0.007234101665,0.0004940449521,0.001862485088,0.004456038547,0.005996162813,0.00602398983,6.566630566e-10,6.72787934e-09,4.937703805e-08,2.311980448e-07,0.008835643205,0.0007597641575,0.002443438137,0.005044086593,0.005934379735,0.005387024581,3.113898866e-11,5.135075366e-10,5.820926546e-09,3.924929328e-08,0.007230693758,0.00038723083,0.001126344837,0.002024053951,0.001908329865,0.001387487635,3.180574664e-14,1.386372301e-12,3.552489048e-11,4.426346411e-10,0.004712884552,5.177914974e-05,0.0001501671677,0.0002262245065,0.0001316647884,5.28902534e-05,7.807317455e-13,2.558609962e-11,4.929296383e-10,4.720132296e-09,0.00887626766,0.0001377955512,0.0002725417146,0.0002877718949,0.0001208021986,3.496819615e-05,1.139815299e-11,2.808903412e-10,4.069281435e-09,2.995091632e-08,0.01392481629,0.0002449900245,0.0003563265486,0.0002828141527,9.03502713e-05,1.977649211e-05,2.055350216e-13,9.425322372e-12,2.258685658e-10,2.383043533e-09,0.01141018416,5.274787235e-05,5.528721054e-05,2.837002365e-05,4.436152436e-06,4.299834513e-07
115,0.01792226012,0.02011649426,0.02026073595,0.01852478748,0.1054254543,0.03833110239,0.04837266493,0.05351757104,0.04995403423,0.04141962393,0.02887515888,0.03361806081,0.03512079451,0.03321458975,0.1437140075,0.07525918122,0.1108688683,0.1416143666,0.154316929,0.1475127162,0.0003659234835,0.0004696360446,0.0005408489106,0.0005596387512,0.01658473502,0.004266501642,0.009491315659,0.01777634477,0.02639010636,0.03312272993,0.0002271217237,0.0002810224792,0.0003120088004,0.0003121275623,0.01216619906,0.00217302007,0.004141110477,0.006717869219,0.008542758628,0.00930042543,0.007621714397,0.006087526139,0.004362871329,0.002913842656,0.0243580475,0.002670518447,0.003570711605,0.004168387042,0.003865247881,0.003074530102,0.01280738884,0.01064484806,0.007938925683,0.005500676162,0.03412467078,0.00556490077,0.008805369309,0.01201899504,0.01318990894,0.01224826864,0.0001743921675,0.0001591845481,0.0001303821805,9.850023196e-05,0.004038879926,0.000319324743,0.0007510041094,0.001481113118,0.002183464012,0.002628599728,0.0001037812867,9.103371805e-05,7.165209749e-05,5.217798122e-05,0.002882935626,0.0001532395009,0.000304543625,0.0005136746216,0.0006398550351,0.0006598246028,1.532216325e-07,3.967594507e-07,7.775883915e-07,1.130084004e-06,0.004503177332,0.0001405047798,0.0005482095897,0.001438416432,0.002173097429,0.002352698838,2.237588262e-10,1.239532924e-09,4.719966725e-09,1.162673168e-08,0.002056112398,2.177622827e-05,0.0001317901864,0.0004676320332,0.0007889213588,0.0008839706755,1.704630591e-09,1.127299675e-08,5.340226967e-08,1.669234865e-07,0.005608368353,0.0002784303908,0.00118410849,0.003168523771,0.004675053199,0.005016083574,1.240884763e-09,9.952122043e-09,5.717565714e-08,2.135501067e-07,0.0071741958,0.0004820034863,0.001807577951,0.004303645674,0.005756588294,0.005750104817,6.440919789e-10,6.59103107e-09,4.831367318e-08,2.259642932e-07,0.008756087031,0.0007399679828,0.002367314687,0.004863181915,0.005687060063,0.005132509172,3.034983144e-11,4.998077006e-10,5.657865005e-09,3.810153429e-08,0.007148523593,0.0003743438632,0.001082443046,0.001934514648,0.001811011901,0.001307673927,3.049116232e-14,1.32649027e-12,3.392444526e-11,4.219355857e-10,0.004636256393,4.903466341e-05,0.0001410121804,0.0002107737612,0.0001213233159,4.820271879e-05,7.447358638e-13,2.435904886e-11,4.68378533e-10,4.476998712e-09,0.008715812138,0.0001298102037,0.0002545891974,0.000266716953,0.0001107030682,3.168510738e-05,1.082841457e-11,2.663317901e-10,3.850877815e-09,2.829260088e-08,0.01365246875,0.0002298078653,0.0003314347348,0.0002610034418,8.242578883e-05,1.78352295e-05,1.920727856e-13,8.787087391e-12,2.100744606e-10,2.211553744e-09,0.0111395856,4.850127643e-05,5.03118873e-05,2.556965856e-05,3.93840923e-06,3.759482314e-07
116,0.01785691701,0.02003631534,0.02017309964,0.01843885307,0.1051401584,0.03809073574,0.04800002829,0.05303420415,0.04943145233,0.04093199642,0.02877828232,0.03349864673,0.0349891228,0.03308402493,0.1434482476,0.07498522823,0.1103729384,0.1408714587,0.1533789871,0.1465034383,0.0003640971967,0.0004671407745,0.0005378010124,0.000556318573,0.01653639108,0.004241087733,0.009421860524,0.01762382366,0.02612783695,0.03275226654,0.0002259222198,0.0002794077009,0.0003100710319,0.0003100552744,0.0121203208,0.002154373013,0.004097467895,0.006634881691,0.008420559759,0.009150745348,0.007592868909,0.006062321485,0.00434325594,0.002899785932,0.02428921476,0.002652987591,0.003541917057,0.004128977186,0.003822922314,0.003036643212,0.01276297138,0.01060579713,0.007908210727,0.005478377338,0.03406005812,0.005544297776,0.008765309256,0.01195486726,0.01310837255,0.01216303707,0.0001735130654,0.0001583310368,0.0001296412849,9.791135342e-05,0.004027093857,0.0003174312546,0.0007455332928,0.001468462583,0.002161862356,0.002599332647,0.0001032253321,9.050273493e-05,7.120008558e-05,5.182592357e-05,0.002871837364,0.0001518932087,0.0003012577205,0.0005071782372,0.0006304849673,0.0006489535298,1.514891987e-07,3.91930823e-07,7.674541935e-07,1.114456616e-06,0.004477437217,0.0001382295736,0.0005373167455,0.001404942054,0.00211380303,0.002279535914,2.203611556e-10,1.21927692e-09,4.637379558e-09,1.1410904e-08,0.002041799654,2.130043112e-05,0.0001282591506,0.0004529666925,0.000759766948,0.0008465446255,1.680978047e-09,1.110495297e-08,5.255119983e-08,1.641046554e-07,0.005571324299,0.0002729212678,0.001155469097,0.003078998453,0.00451995445,0.004826034468,1.222287766e-09,9.792718814e-09,5.620103769e-08,2.097072746e-07,0.007123283023,0.0004719133157,0.001761794232,0.004177152371,0.00555883566,0.005525240868,6.335359611e-10,6.476230799e-09,4.742251625e-08,2.215822091e-07,0.008688514869,0.0007234065297,0.002303942223,0.004713264009,0.005483255411,0.004923911027,2.969095158e-11,4.883826143e-10,5.522036237e-09,3.7146494e-08,0.007078894006,0.0003636393196,0.001046175932,0.001860923064,0.001731553148,0.001242924074,2.940994542e-14,1.277322887e-12,3.261262573e-11,4.049964495e-10,0.004571613755,4.679821695e-05,0.0001336102563,0.000198372411,0.0001131078164,4.451677252e-05,7.152602714e-13,2.335600433e-11,4.483442337e-10,4.278914655e-09,0.008580675024,0.0001233346412,0.0002401448488,0.0002498995537,0.000102721044,2.911738279e-05,1.036357052e-11,2.544742985e-10,3.673305441e-09,2.694649132e-08,0.01342340403,0.0002175450251,0.0003114865855,0.0002436515152,7.618865507e-05,1.63236175e-05,1.812544018e-13,8.275299098e-12,1.974367701e-10,2.074609218e-09,0.01091287745,4.5134333e-05,4.640504949e-05,2.339031067e-05,3.556449653e-06,3.350687032e-07
117,0.01780316009,0.0199703606,0.02010102086,0.01836818498,0.1049048655,0.03789300526,0.04769389371,0.05263758653,0.04900322285,0.0405328944,0.02869850814,0.03340030762,0.03488068539,0.03297649756,0.1432285359,0.07475871162,0.109963195,0.140258095,0.1526051911,0.1456713761,0.0003625957458,0.0004650894615,0.0005352956216,0.0005535896489,0.01649647689,0.004220133041,0.009364663974,0.01749836808,0.02591237874,0.03244827588,0.0002249367835,0.0002780813987,0.0003084798459,0.000308354065,0.01208251329,0.002139062058,0.00406169799,0.006566978284,0.008320752795,0.009028695789,0.007569141494,0.006041591548,0.00432712554,0.00288822856,0.02423245393,0.002638570813,0.003518270068,0.004096654032,0.003788255669,0.003005651414,0.01272639839,0.01057364093,0.007882917829,0.00546001464,0.03400663984,0.005527261232,0.008732209513,0.01190191977,0.01304110395,0.01209277018,0.0001727903465,0.0001576293992,0.0001290322773,9.742735084e-05,0.004017362435,0.0003158698139,0.0007410274804,0.001458055557,0.002144113816,0.002575313545,0.0001027686343,9.006665272e-05,7.082895886e-05,5.153694189e-05,0.00286269242,0.0001507880371,0.0002985653058,0.0005018643458,0.0006228346429,0.0006400927729,1.50073499e-07,3.87987299e-07,7.591826992e-07,1.101709079e-06,0.004456253003,0.0001363731959,0.0005284594798,0.001377809556,0.002065922944,0.002220668868,2.175946143e-10,1.202797726e-09,4.570250796e-09,1.123562183e-08,0.002030033691,2.091426236e-05,0.0001254065262,0.0004411698627,0.0007364390349,0.0008167514012,1.661688502e-09,1.096801286e-08,5.185820949e-08,1.618111287e-07,0.005540852731,0.0002684403456,0.001132271426,0.003006762139,0.004395390326,0.004674083436,1.207133814e-09,9.66293124e-09,5.540814276e-08,2.065833704e-07,0.007081420033,0.0004637151997,0.001724749735,0.004075197015,0.005400192361,0.005345662882,6.249436461e-10,6.382863498e-09,4.669834476e-08,2.180240408e-07,0.008632982187,0.0007099689307,0.002252736035,0.004592592135,0.005319987538,0.004757567298,2.91572198e-11,4.791365849e-10,5.412221145e-09,3.637506537e-08,0.007021782941,0.0003550059847,0.00101706142,0.001802099071,0.001668392011,0.001191732928,2.854510363e-14,1.23805179e-12,3.156636677e-11,3.915045915e-10,0.004518793409,4.502342211e-05,0.0001277750481,0.0001886559524,0.0001067266105,4.167842792e-05,6.917709752e-13,2.2557839e-11,4.324254507e-10,4.121735267e-09,0.008470405177,0.0001182168401,0.0002288045239,0.0002367771542,9.65479023e-05,2.714908442e-05,9.994267646e-12,2.450677744e-10,3.532645311e-09,2.588165407e-08,0.01323670317,0.0002078858438,0.0002958776548,0.0002301573877,7.138195887e-05,1.516917803e-05,1.72768743e-13,7.87459481e-12,1.875601018e-10,1.967763703e-09,0.01072870409,4.252348682e-05,4.34001188e-05,2.172670182e-05,3.268315593e-06,3.045992065e-07
118,0.01776109766,0.01991875862,0.02004463409,0.01831290871,0.1047203907,0.03773830222,0.04745463124,0.05232791292,0.04866922362,0.04022191824,0.028636041,0.03332329943,0.03479576694,0.03289229087,0.1430559421,0.07458075571,0.1096414921,0.1397768006,0.1519983852,0.1450192502,0.0003614215672,0.0004634853594,0.0005333365819,0.0005514560029,0.01646515608,0.004203707725,0.009319876009,0.01740022223,0.02574399358,0.03221092243,0.0002241665932,0.0002770449851,0.0003072367006,0.0003070252381,0.0120528903,0.0021271009,0.004033794785,0.006514080376,0.008243115077,0.008933883512,0.00755057797,0.006025374826,0.004314508593,0.0028791898,0.02418795713,0.002627294037,0.003499794073,0.004071425295,0.003761228002,0.002981513609,0.0126977619,0.01054846156,0.0078631121,0.005445635497,0.03396467659,0.005513876331,0.008706220832,0.01186037173,0.01298835141,0.01203769833,0.0001722251719,0.000157080738,0.0001285560846,9.704893267e-05,0.004009725844,0.0003146457606,0.0007374988278,0.001449913114,0.002130241421,0.002556557472,0.0001024117162,8.972591115e-05,7.053903398e-05,5.131123764e-05,0.002855527759,0.0001499248225,0.0002964654902,0.0004977257934,0.0006168853484,0.0006332116558,1.489717729e-07,3.849198221e-07,7.527518987e-07,1.09180302e-06,0.004439672358,0.0001349303821,0.0005215944903,0.001356834065,0.002029020674,0.002175430418,2.154478636e-10,1.190019292e-09,4.518234741e-09,1.109989352e-08,0.002020833127,2.061540267e-05,0.000123207119,0.0004321059998,0.0007185922068,0.0007940527935,1.646701314e-09,1.086168265e-08,5.132046913e-08,1.600325046e-07,0.005517013064,0.0002649665195,0.001114347847,0.002951122586,0.004299807032,0.004557907315,1.195367741e-09,9.562224738e-09,5.479331699e-08,2.041625457e-07,0.007048678758,0.0004573651835,0.001696152417,0.003996734909,0.005278568719,0.005208493269,6.182781491e-10,6.310482099e-09,4.613732495e-08,2.152692623e-07,0.008589567805,0.0006995720504,0.002213249784,0.004499828352,0.005194961349,0.004630657419,2.874478673e-11,4.719974649e-10,5.327497072e-09,3.578033561e-08,0.00697720555,0.0003483586585,0.000994728379,0.001757133602,0.0016203283,0.00115294841,2.788360963e-14,1.208049537e-12,3.076798747e-11,3.81220439e-10,0.004477691218,4.367466484e-05,0.0001233642965,0.0001813479125,0.0001019607212,3.957334698e-05,6.738587126e-13,2.194990095e-11,4.203149905e-10,4.002289983e-09,0.008384694563,0.0001143404703,0.0002202609907,0.0002269401782,9.195349773e-05,2.569464036e-05,9.713346388e-12,2.379209403e-10,3.425902951e-09,2.507447646e-08,0.01309171783,0.0002005895381,0.0002841501453,0.0002200691915,6.781473889e-05,1.431868126e-05,1.663802675e-13,7.573366014e-12,1.801462704e-10,1.887670321e-09,0.01058606167,4.057616941e-05,4.117359431e-05,2.05015618e-05,3.058149563e-06,2.825897335e-07
119,0.01773085719,0.01988166233,0.02000410164,0.0182731783,0.1045875637,0.03762708734,0.0472827661,0.05210563738,0.04842968146,0.03999905367,0.02859110501,0.03326790126,0.034734677,0.03283171253,0.1429314875,0.07445242709,0.1094096131,0.1394300417,0.1515614048,0.1445498367,0.0003605777498,0.0004623326267,0.0005319288658,0.0005499229185,0.01644258949,0.004191883203,0.009287658156,0.01732967231,0.02562304699,0.03204055845,0.0002236133436,0.0002763006026,0.0003063439771,0.0003060711357,0.01203157124,0.002118511935,0.00401378047,0.006476176942,0.008187546197,0.008866091073,0.007537233024,0.006013717866,0.004305440124,0.002872693839,0.02415592089,0.002619188778,0.003486525552,0.004053321518,0.003741849743,0.00296422077,0.0126771632,0.01053034897,0.007848864716,0.005435291694,0.03393441722,0.005504223783,0.008687488018,0.01183043695,0.01295036215,0.01199805631,0.0001718190189,0.0001566864675,0.0001282139092,9.67770318e-05,0.004004223525,0.0003137645048,0.0007349603264,0.001444059638,0.00212027642,0.002543093862,0.0001021553453,8.948119497e-05,7.03308477e-05,5.114919284e-05,0.002850371824,0.0001493050614,0.0002949595962,0.0004947609315,0.0006126281017,0.0006282927379,1.481829418e-07,3.827243116e-07,7.481508641e-07,1.084718104e-06,0.004427749243,0.0001338983646,0.0005166944004,0.001341891375,0.002002792635,0.002143348293,2.139141645e-10,1.180894848e-09,4.481112956e-09,1.100307972e-08,0.002014221657,2.040232461e-05,0.0001216434607,0.0004256790864,0.0007059786427,0.0007780605752,1.635983737e-09,1.078568037e-08,5.09362936e-08,1.587623982e-07,0.005499875522,0.000262486545,0.001101584728,0.002911595887,0.004232098052,0.004475836936,1.186957936e-09,9.490280076e-09,5.435430674e-08,2.024347973e-07,0.007025147905,0.0004528348939,0.001675802142,0.003941031705,0.005192472413,0.005111661504,6.135171712e-10,6.258808294e-09,4.57370139e-08,2.133045623e-07,0.008558376121,0.0006921608128,0.00218517423,0.004434026725,0.005106533016,0.004541148919,2.845106521e-11,4.669162415e-10,5.267231532e-09,3.535753214e-08,0.006945216828,0.0003436376605,0.0009789122987,0.001725373454,0.001586495591,0.001125738041,2.741615016e-14,1.186866591e-12,3.020479813e-11,3.739718289e-10,0.004448264728,4.272621984e-05,0.000120275247,0.000176249053,9.865320215e-05,3.81201509e-05,6.612295097e-13,2.152165324e-11,4.117917386e-10,3.91829532e-09,0.008323383393,0.0001116214726,0.0002142926336,0.0002200941533,8.877342886e-05,2.469339357e-05,9.515652979e-12,2.328960227e-10,3.350920663e-09,2.450794103e-08,0.01298807822,0.0001954822226,0.0002759743711,0.0002130627743,6.535098579e-05,1.373452688e-05,1.619195705e-13,7.363270243e-12,1.749811787e-10,1.831928242e-09,0.01048430239,3.922611614e-05,3.96376644e-05,1.966033323e-05,2.914887322e-06,2.676969263e-07
120,0.01771258649,0.01985925052,0.01997961533,0.01824917806,0.1045072309,0.03755989689,0.04717899021,0.05197149033,0.04828519231,0.03986469142,0.02856394514,0.0332344171,0.03469775207,0.03279509665,0.1428561442,0.07437473599,0.1092692763,0.1392202397,0.1512970994,0.1442659971,0.0003600680739,0.0004616363815,0.0005310786449,0.0005489970193,0.01642893542,0.004184732758,0.009268185699,0.0172870525,0.02555002006,0.03193774262,0.0002232792729,0.0002758511612,0.0003058050277,0.0003054951923,0.01201868184,0.002113326909,0.004001707133,0.006453328078,0.008154073258,0.00882528302,0.007529170739,0.006006675742,0.004299962104,0.002868770076,0.0241365467,0.002614292608,0.003478514954,0.004042397509,0.003730163353,0.002953797483,0.01266471352,0.01051940162,0.007840253402,0.00542903973,0.03391609844,0.005498379919,0.008676150422,0.01181232505,0.01292738435,0.01197408595,0.0001715737004,0.0001564483325,0.0001280072467,9.661281982e-05,0.004000894243,0.0003132315717,0.0007334259787,0.001440523315,0.00211425927,0.002534968014,0.0001020005453,8.933344669e-05,7.020516833e-05,5.105137929e-05,0.002847254702,0.0001489309568,0.0002940512913,0.0004929738925,0.0006100640496,0.0006253322525,1.477076596e-07,3.814018049e-07,7.453800491e-07,1.080452494e-06,0.004420544507,0.0001332769838,0.0005137482126,0.001332918851,0.001987068174,0.002124142662,2.129914487e-10,1.175407286e-09,4.458795639e-09,1.094489633e-08,0.002010228453,2.027430888e-05,0.0001207058233,0.0004218320767,0.0006984449516,0.0007685291423,1.629531581e-09,1.073994042e-08,5.070516412e-08,1.579985091e-07,0.005489522138,0.0002609952845,0.001093923156,0.002887906085,0.004191595669,0.004426834639,1.18189684e-09,9.446997466e-09,5.409028337e-08,2.013960501e-07,0.007010934444,0.0004501119519,0.001663591513,0.003907661562,0.005140994805,0.005053873276,6.106532645e-10,6.227735175e-09,4.549637765e-08,2.121239198e-07,0.008539539246,0.0006877087787,0.002168337722,0.004394629032,0.005053691885,0.004487763517,2.827473104e-11,4.638669789e-10,5.231080596e-09,3.510400461e-08,0.00692591426,0.0003408087166,0.000969453034,0.001706412141,0.001566343337,0.001109566569,2.713697217e-14,1.174223189e-12,2.986885079e-11,3.696503757e-10,0.004430535998,4.216167036e-05,0.0001184415577,0.0001732300073,9.670182467e-05,3.726584645e-05,6.536986463e-13,2.126644103e-11,4.067154254e-10,3.868297506e-09,0.008286466035,0.000110005769,0.0002107557688,0.0002160474838,8.690058978e-05,2.410588519e-05,9.397916706e-12,2.299052537e-10,3.30631934e-09,2.417114179e-08,0.01292570295,0.0001924515177,0.0002711360965,0.0002089270358,6.39021197e-05,1.339228387e-05,1.592769702e-13,7.23889907e-12,1.719258807e-10,1.798978159e-09,0.01042314191,3.843015716e-05,3.873515847e-05,1.9167573e-05,2.831379628e-06,2.590588845e-07
121,0.01770645487,0.01985172933,0.01997139821,0.01824112431,0.1044802576,0.0375373485,0.04714417369,0.05192649582,0.04823674222,0.03981964842,0.02855482857,0.03322317757,0.03468535751,0.0327828058,0.1428308338,0.07434863643,0.1092221391,0.1391497805,0.1512083502,0.1441707026,0.0003598970517,0.0004614027591,0.0005307933621,0.0005486863504,0.0164243498,0.004182332023,0.009261649607,0.01727275029,0.02552552033,0.03190325735,0.0002231671918,0.0002757003802,0.0003056242277,0.0003053019924,0.01201435469,0.002111587546,0.003997658547,0.006445668776,0.008142856812,0.008811613371,0.00752646513,0.006004312551,0.004298123855,0.002867453433,0.02413004163,0.002612649612,0.003475827628,0.004038733792,0.003726245071,0.002950303622,0.0126605347,0.01051572702,0.007837362901,0.005426941172,0.03390994449,0.005496416707,0.008672342242,0.01180624237,0.01291966878,0.01196603829,0.0001714913841,0.0001563684276,0.0001279379036,9.655772164e-05,0.003999776116,0.000313052637,0.000732910949,0.001439336575,0.002112240527,0.002532242459,0.0001019486106,8.92838803e-05,7.016300793e-05,5.101856858e-05,0.002846208263,0.0001488054662,0.0002937467242,0.0004923748878,0.0006092049254,0.000624340648,1.475483774e-07,3.809586451e-07,7.444516934e-07,1.079023485e-06,0.004418126442,0.0001330688118,0.0005127618985,0.001329917051,0.001981811606,0.002117727166,2.126824467e-10,1.173569924e-09,4.451324675e-09,1.092542222e-08,0.002008888566,2.023146874e-05,0.0001203923479,0.0004205470788,0.0006959312849,0.0007653523115,1.627370161e-09,1.072462038e-08,5.062776298e-08,1.577427366e-07,0.0054860477,0.0002604960169,0.001091360313,0.002879988044,0.004178071357,0.004410487356,1.180201707e-09,9.432503075e-09,5.400188287e-08,2.010483119e-07,0.007006165019,0.0004492005279,0.001659507898,0.003896510479,0.005123809711,0.005034599648,6.096942635e-10,6.217331894e-09,4.541582675e-08,2.117287748e-07,0.00853321908,0.0006862190156,0.002162708664,0.004381467486,0.00503605678,0.004469963768,2.821574321e-11,4.628471368e-10,5.218992194e-09,3.501924443e-08,0.006919440486,0.000339863263,0.0009662947302,0.001700086923,0.001559628629,0.001104184327,2.704382566e-14,1.170006044e-12,2.975683114e-11,3.682098167e-10,0.004424594748,4.197362796e-05,0.0001178316274,0.0001722270844,9.605475069e-05,3.698306967e-05,6.511879554e-13,2.118138255e-11,4.050240819e-10,3.851643774e-09,0.008274097858,0.0001094680642,0.0002095803265,0.0002147043358,8.628011742e-05,2.391160253e-05,9.358690066e-12,2.289091135e-10,3.291468471e-09,2.405902989e-08,0.01290481073,0.000191443606,0.0002695292666,0.0002075552835,6.342246224e-05,1.327919526e-05,1.583988608e-13,7.197587435e-12,1.709114055e-10,1.788041314e-09,0.0104026706,3.816630995e-05,3.843649962e-05,1.900476456e-05,2.803856638e-06,2.5621902e-07
