Step,DF_001,DF_002,DF_003,DF_004,DF_005,DF_006,DF_007,DF_008,DF_009,DF_010,DF_011,DF_012,DF_013,DF_014,DF_015,DF_016,DF_017,DF_018,DF_019,DF_020,DF_021,DF_022,DF_023,DF_024,DF_025,DF_026,DF_027,DF_028,DF_029,DF_030,DF_031,DF_032,DF_033,DF_034,DF_035,DF_036,DF_037,DF_038,DF_039,DF_040,DF_041,DF_042,DF_043,DF_044,DF_045,DF_046,DF_047,DF_048,DF_049,DF_050,DF_051,DF_052,DF_053,DF_054,DF_055,DF_056,DF_057,DF_058,DF_059,DF_060,DF_061,DF_062,DF_063,DF_064,DF_065,DF_066,DF_067,DF_068,DF_069,DF_070,DF_071,DF_072,DF_073,DF_074,DF_075,DF_076,DF_077,DF_078,DF_079,DF_080,DF_081,DF_082,DF_083,DF_084,DF_085,DF_086,DF_087,DF_088,DF_089,DF_090,DF_091,DF_092,DF_093,DF_094,DF_095,DF_096,DF_097,DF_098,DF_099,DF_100,DF_101,DF_102,DF_103,DF_104,DF_105,DF_106,DF_107,DF_108,DF_109,DF_110,DF_111,DF_112,DF_113,DF_114,DF_115,DF_116,DF_117,DF_118,DF_119,DF_120,DF_121,DF_122,DF_123,DF_124,DF_125,DF_126,DF_127,DF_128,DF_129,DF_130,DF_131,DF_132,DF_133,DF_134,DF_135,DF_136,DF_137,DF_138,DF_139,DF_140,DF_141,DF_142,DF_143,DF_144,DF_145,DF_146,DF_147,DF_148,DF_149,DF_150,DF_151,DF_152,DF_153,DF_154,DF_155,DF_156,DF_157,DF_158,DF_159,DF_160,DF_161,DF_162,DF_163,DF_164,DF_165,DF_166,DF_167,DF_168,DF_169,DF_170,DF_171,DF_172,DF_173,DF_174,DF_175,DF_176,DF_177,DF_178,DF_179,DF_180
0,0.01873125493,0.02240362271,0.02404434903,0.02331204889,0.1263871901,0.04830851609,0.05763544245,0.06052640336,0.05397527184,0.0429879898,0.03044465555,0.03833192422,0.04330654874,0.04402546301,0.1799483035,0.1020827768,0.142019001,0.1720138614,0.179193778,0.1646889703,0.0003964257607,0.0005728808351,0.0007428653761,0.0008576483908,0.02345397588,0.007147504232,0.01501965982,0.02668056929,0.03805136559,0.04616850429,0.000243903301,0.0003348281191,0.0004124483456,0.0004541358535,0.01647296501,0.003382405281,0.00609541493,0.009388074226,0.0114615185,0.01205114822,0.008041456182,0.006947939348,0.005386674522,0.003868316057,0.03058362447,0.003677266135,0.004674675629,0.005207132103,0.004645672696,0.003569490996,0.01364242619,0.01246460724,0.01021901371,0.007726970858,0.04492342799,0.008300877906,0.01247286603,0.0162271534,0.0171458329,0.01539546632,0.0001906731896,0.0001988966431,0.0001861695602,0.000159086312,0.005977114727,0.0005835286331,0.001303548482,0.002450893442,0.003495154969,0.00408997007,0.0001123913062,0.000110867658,9.813420896e-05,7.964261111e-05,0.004069187067,0.0002585015833,0.0004885538177,0.0007864673248,0.0009470141289,0.0009482734092,1.785925099e-07,5.780775922e-07,1.416199128e-06,2.528983102e-06,0.007420137719,0.000346174848,0.001156793803,0.002628485989,0.003544626811,0.00347617487,2.723444518e-10,2.00529262e-09,1.014939038e-08,3.251125582e-08,0.003652518513,6.701952903e-05,0.0003265598551,0.0009474781425,0.001361204071,0.001324947902,2.338805134e-09,1.915010291e-08,1.123206003e-07,4.276112473e-07,0.009368024626,0.0006882145228,0.0023591829,0.005167474831,0.006435345176,0.005943126877,3.077467867e-09,2.841965107e-08,1.879988472e-07,7.997862679e-07,0.01327733043,0.001318622611,0.003732801411,0.006844876534,0.00728883594,0.005917870425,3.374160462e-09,3.627342783e-08,2.793332888e-07,1.367295425e-06,0.01844552549,0.002301134348,0.005115149702,0.007493607551,0.006479446891,0.004421442647,4.026070361e-10,6.248343588e-09,6.665786869e-08,4.249716584e-07,0.01716990211,0.001360364417,0.002447577522,0.002815583176,0.001765203454,0.0008721404869,1.306374828e-12,4.575942768e-11,9.422626184e-10,9.594621508e-09,0.01146414223,0.0001854689846,0.0002888685685,0.0002443199586,8.231831285e-05,1.926974944e-05,2.596910061e-11,6.237983017e-10,8.808664408e-09,6.332021924e-08,0.0172384929,0.0002839168505,0.0003317510922,0.0002148711256,5.576619513e-05,9.901625546e-06,3.104323537e-10,5.135248848e-09,4.993839813e-08,2.54410582e-07,0.02182274805,0.0003017064586,0.0002872913798,0.0001538699768,3.275642796e-05,4.669276088e-06,1.044930239e-11,2.817141961e-10,3.968984186e-09,2.564554359e-08,0.01708452928,4.937664827e-05,3.079596158e-05,9.758534834e-06,9.051108233e-07,5.014540288e-08
1,0.01873782592,0.02241250362,0.02405497684,0.0233233344,0.1264241508,0.04833972991,0.05768021579,0.06058076927,0.05403090435,0.04303766409,0.03045438742,0.03834520233,0.04332270811,0.04404297738,0.1799834401,0.1021204062,0.1420818364,0.1721017609,0.1792987691,0.1647972704,0.0003966147726,0.0005731790568,0.0007432846061,0.000858167056,0.02346124619,0.007151861829,0.01503067571,0.02670320427,0.03808841898,0.04621890967,0.0002440271893,0.0003350191655,0.000412709518,0.0004544496855,0.01647967237,0.003385406327,0.006101924356,0.009399675217,0.01147777942,0.01207030859,0.008044386229,0.006950803849,0.005389153447,0.00387026734,0.03059296053,0.00367973561,0.004678442274,0.005211976764,0.004650627795,0.003573763835,0.01364693465,0.01246906783,0.01022295057,0.007730143009,0.04493239053,0.008303945432,0.01247837719,0.01623541304,0.01715582129,0.01540555288,0.0001907650109,0.0001990011295,0.000186275509,0.0001591832754,0.005978966539,0.000583879521,0.001304489182,0.002452935992,0.003498494582,0.004094357079,0.0001124492398,0.0001109319346,9.819741325e-05,7.969863315e-05,0.004070878162,0.0002587351136,0.0004890842169,0.0007874542741,0.0009483775723,0.0009498046175,1.787867139e-07,5.787739971e-07,1.418071318e-06,2.532600211e-06,0.00742469314,0.0003467564949,0.00115913454,0.002634642729,0.003554292218,0.003486945484,2.727429924e-10,2.008543259e-09,1.016744324e-08,3.257381695e-08,0.003655252156,6.717241083e-05,0.0003274577578,0.0009504956188,0.001366282588,0.001330597186,2.341976028e-09,1.917874732e-08,1.125043357e-07,4.283660177e-07,0.009374741083,0.0006896510649,0.002365095995,0.005182438339,0.006457084321,0.005965969608,3.082184268e-09,2.846717776e-08,1.883395192e-07,8.01338765e-07,0.01328787739,0.001321621083,0.003742859451,0.006865994202,0.00731490366,0.005941837593,3.380085182e-09,3.634217878e-08,2.799016807e-07,1.370253663e-06,0.01846198146,0.002306909489,0.005130148005,0.007518520492,0.00650424332,0.004440502401,4.035602839e-10,6.264114543e-09,6.68365371e-08,4.261720896e-07,0.01718928348,0.001364772229,0.002456676204,0.002827298228,0.001773598726,0.0008767920671,1.311323021e-12,4.594288912e-11,9.462491809e-10,9.637177675e-09,0.01148207686,0.0001864111517,0.0002905327091,0.0002458820521,8.292107901e-05,1.942866084e-05,2.607600478e-11,6.265043328e-10,8.848826973e-09,6.362187015e-08,0.01726754618,0.0002854558441,0.0003337744891,0.0002163171322,5.619411062e-05,9.986940429e-06,3.117868156e-10,5.15879136e-09,5.017839646e-08,2.556852542e-07,0.02186150493,0.0003034184774,0.0002891157975,0.0001549437569,3.301627193e-05,4.71078219e-06,1.050943498e-11,2.834115349e-10,3.993970724e-09,2.581339685e-08,0.01712117174,4.974291335e-05,3.104999716e-05,9.846570899e-06,9.14409555e-07,5.072448248e-08
2,0.01875740574,0.02243896743,0.02408664775,0.02335696702,0.1265342338,0.04843274905,0.05781367766,0.06074286403,0.05419681916,0.04318584633,0.03048337999,0.03838475911,0.0433708483,0.04409515445,0.1800880322,0.1022324168,0.1422689039,0.1723634815,0.1796114259,0.1651198283,0.0003971780541,0.0005740678207,0.0007445340433,0.0008597129014,0.02348289458,0.007164841166,0.01506349515,0.02677065559,0.03819886402,0.04636918843,0.0002443964519,0.0003355886407,0.0004134880903,0.000455385317,0.01649965318,0.003394353426,0.006121338041,0.009434285486,0.01152630973,0.01212751168,0.008053117268,0.006959339944,0.005396540944,0.003876082736,0.03062076775,0.0036870952,0.004689670701,0.005226422328,0.004665406644,0.003586511128,0.01366036621,0.01248235662,0.01023467904,0.00773959336,0.0449590694,0.008313076102,0.01249478369,0.01626000478,0.01718556432,0.01543559271,0.0001910386525,0.0001993125228,0.0001865912714,0.0001594722693,0.005984480513,0.0005849246109,0.001307291639,0.002459022319,0.003508448257,0.004107435584,0.00011262192,0.0001111235357,9.838583426e-05,7.986565716e-05,0.004075915945,0.0002594313704,0.0004906661411,0.0007903988545,0.00095244692,0.0009543762721,1.793662002e-07,5.808523694e-07,1.423659779e-06,2.543399167e-06,0.007438267624,0.0003484930427,0.001166127737,0.002653048282,0.003583208969,0.003519192556,2.739330884e-10,2.018252593e-09,1.022137973e-08,3.276077787e-08,0.003663400187,6.762939609e-05,0.0003301442126,0.0009595314732,0.001381506731,0.001347550253,2.351441933e-09,1.926427775e-08,1.130530892e-07,4.306207644e-07,0.009394758134,0.0006939432797,0.002382778446,0.005227219846,0.00652220589,0.006034460416,3.096267986e-09,2.860913211e-08,1.893573007e-07,8.059780316e-07,0.01331931489,0.001330583519,0.003772948242,0.006929217327,0.007393022824,0.00601372948,3.397783884e-09,3.654760709e-08,2.816004684e-07,1.379097215e-06,0.01851104093,0.002324179553,0.005175037018,0.007593141796,0.006578589893,0.004497703757,4.064112643e-10,6.31129602e-09,6.737120927e-08,4.297653974e-07,0.01724709249,0.001377972978,0.002483951257,0.002862447269,0.001798817073,0.0008907808258,1.326163236e-12,4.649334374e-11,9.582154643e-10,9.76496673e-09,0.01153561626,0.0001892431123,0.0002955415292,0.000250589622,8.474093466e-05,1.990931964e-05,2.639682362e-11,6.346285618e-10,8.969457051e-09,6.452824927e-08,0.01735429771,0.000290084863,0.0003398686934,0.0002206777536,5.748695748e-05,1.024518036e-05,3.158534654e-10,5.229505709e-09,5.089958415e-08,2.595171181e-07,0.02197725106,0.0003085705122,0.0002946134322,0.0001581834722,3.380173151e-05,4.83648481e-06,1.069047234e-11,2.885242818e-10,4.069275034e-09,2.63195178e-08,0.01723068265,5.084893674e-05,3.181837936e-05,1.011326074e-05,9.426481867e-07,5.248747483e-08
3,0.01878981265,0.02248277153,0.02413907601,0.02341264854,0.1267162687,0.04858673934,0.05803473321,0.06101147303,0.05447190186,0.04343165022,0.03053134675,0.03845020221,0.04345049138,0.04418147682,0.1802607965,0.1024174283,0.1425779763,0.1727960102,0.1801282837,0.1656532076,0.0003981105984,0.0005755392919,0.0007466028002,0.0008622726319,0.02351867518,0.00718630639,0.01511779826,0.02688231098,0.03838177909,0.04661819116,0.0002450079788,0.0003365318688,0.0004147778581,0.0004569355198,0.01653270606,0.003409177532,0.006153526734,0.009491708691,0.01160688627,0.01222255217,0.008067569031,0.006973470257,0.005408771235,0.003885711441,0.03066675302,0.0036992801,0.004708270806,0.005250363387,0.00468991318,0.003607659835,0.01368258884,0.01250434252,0.01025408337,0.007755228756,0.04500313677,0.008328156302,0.01252188787,0.01630064157,0.01723472722,0.01548526095,0.0001914916868,0.0001998280827,0.0001871141002,0.0001599508119,0.005993593805,0.0005866528209,0.001311928075,0.002469096033,0.003524930831,0.004129102772,0.0001129079022,0.0001114409005,9.869798467e-05,8.014240709e-05,0.004084249991,0.0002605850595,0.0004932892484,0.0007952847348,0.0009592040158,0.000961972696,1.803279821e-07,5.843030806e-07,1.432941703e-06,2.561341607e-06,0.007460736632,0.0003513783896,0.001177762944,0.002683709705,0.003631453733,0.003573072465,2.759112403e-10,2.034399448e-09,1.03111248e-08,3.30720187e-08,0.003676894281,6.839049878e-05,0.0003346267289,0.0009746342082,0.00140700746,0.001376006562,2.36716667e-09,1.940642582e-08,1.139655278e-07,4.343715218e-07,0.009427900954,0.0007010859147,0.002412252691,0.005301979775,0.006631129623,0.006149230099,3.119677311e-09,2.884519485e-08,1.910506457e-07,8.137002041e-07,0.0133713814,0.001345508927,0.003823139705,0.007034843831,0.00752378941,0.006134296836,3.427224316e-09,3.68894898e-08,2.844290805e-07,1.393829296e-06,0.01859232192,0.002352966891,0.005249987597,0.007717929591,0.006703164982,0.004593733167,4.111648204e-10,6.390008594e-09,6.826371413e-08,4.357667658e-07,0.01734296232,0.001400042077,0.002529635681,0.002921423109,0.001841229599,0.0009143607439,1.351043577e-12,4.741698002e-11,9.783111902e-10,9.979737994e-09,0.01162455565,0.0001940119776,0.0003039987198,0.0002585579519,8.783259113e-05,2.072885139e-05,2.693535971e-11,6.482776123e-10,9.172291862e-09,6.605348211e-08,0.01749847524,0.0002978903099,0.0003501721754,0.0002280685453,5.968632832e-05,1.068612158e-05,3.226862524e-10,5.348420324e-09,5.211337438e-08,2.659713655e-07,0.02216968301,0.0003172665285,0.000303917454,0.0001636798019,3.513929936e-05,5.051349657e-06,1.099630742e-11,2.97170472e-10,4.196755189e-09,2.717713844e-08,0.01741301054,5.272859396e-05,3.312848995e-05,1.056935287e-05,9.911793295e-07,5.553252175e-08
4,0.01883488776,0.02254370609,0.02421201804,0.02349012873,0.1269691204,0.0488009923,0.05834253173,0.06138575067,0.05485549714,0.04377466867,0.03059802411,0.03854116961,0.04356119601,0.04430146701,0.1805003767,0.1026739759,0.1430067336,0.1733962661,0.1808458801,0.1663940595,0.0003994081948,0.0005775869306,0.0007494818873,0.0008658354091,0.0235683391,0.007216126778,0.01519329273,0.02703764295,0.03863643176,0.04696509139,0.0002458592911,0.0003378452221,0.0004165741678,0.0004590950726,0.01657864288,0.003429828681,0.006198415564,0.009571867068,0.01171948551,0.01235549707,0.008087671937,0.006993128545,0.005425788913,0.003899111432,0.03073063379,0.003716236191,0.004734174299,0.005283729207,0.004724094265,0.003637180183,0.01371348155,0.0125349051,0.0102810571,0.007776963631,0.04506424582,0.008349064857,0.01255948244,0.0163570275,0.01730297208,0.01555423772,0.0001921220756,0.0002005455257,0.000187841731,0.0001606168832,0.006006242682,0.000589053392,0.001318372777,0.002483107659,0.003547872849,0.004159282154,0.0001133060422,0.0001118828287,9.913276147e-05,8.052797404e-05,0.004095833426,0.0002621924217,0.0004969477483,0.0008021059119,0.0009686477963,0.0009726004514,1.816712653e-07,5.89125056e-07,1.445919251e-06,2.58644109e-06,0.007491992202,0.0003554147636,0.001194072394,0.002726769036,0.003699358672,0.003649074022,2.786801512e-10,2.057018019e-09,1.043693871e-08,3.35086731e-08,0.003695680085,6.945897826e-05,0.0003409368103,0.0009959486441,0.001443111615,0.001416420914,2.389157946e-09,1.960535732e-08,1.152433549e-07,4.396277812e-07,0.009474024628,0.0007111006601,0.002453681116,0.005407301933,0.00678501682,0.006311819154,3.152443621e-09,2.917584881e-08,1.934242411e-07,8.245319048e-07,0.01344387048,0.001366459107,0.003893766295,0.007183817394,0.007708752093,0.006305306695,3.468479121e-09,3.736891997e-08,2.883986598e-07,1.41451817e-06,0.01870554483,0.002393430833,0.005355601757,0.007894176261,0.006879630095,0.004730147903,4.178492979e-10,6.500788636e-09,6.95209012e-08,4.442270583e-07,0.01747669943,0.001431198742,0.002594312311,0.003005133512,0.001901639744,0.0009480601256,1.386317992e-12,4.872810511e-11,1.006873207e-09,1.028534512e-08,0.01174893692,0.00020081729,0.0003161154751,0.0002700165497,9.230259374e-05,2.192015117e-05,2.770028417e-11,6.676886503e-10,9.461115863e-09,6.822783972e-08,0.01770024453,0.0003090510681,0.0003649632666,0.0002387174453,6.287273939e-05,1.132846796e-05,3.324048774e-10,5.517770872e-09,5.384415109e-08,2.751853672e-07,0.02243912036,0.0003297190987,0.0003172933336,0.0001716105706,3.708006687e-05,5.364853348e-06,1.14348364e-11,3.095871717e-10,4.380111422e-09,2.841242974e-08,0.01766884687,5.54477416e-05,3.50329231e-05,1.123533745e-05,1.062562666e-06,6.004472236e-08
5,0.0188924938,0.02262159225,0.02430526998,0.02358920266,0.1272916857,0.04907491631,0.05873645123,0.0618651988,0.05534738412,0.04421495001,0.03068316999,0.03865732759,0.04370255487,0.04445468465,0.1808053449,0.1030005101,0.1435527575,0.174161089,0.1817607338,0.1673390945,0.0004010673842,0.0005802054189,0.0007531641042,0.0008703927077,0.02363163409,0.007254175753,0.0152897104,0.02723620007,0.03896226202,0.04740935981,0.0002469485086,0.0003395260673,0.0004188738381,0.0004618606596,0.01663728768,0.003456274806,0.006255981043,0.00967479557,0.01186427474,0.01252667514,0.008113366509,0.007018259082,0.005447548372,0.003916248977,0.03081213702,0.003737919315,0.004767333343,0.005326481748,0.004767937434,0.003675083575,0.01375293375,0.01257393383,0.01031550249,0.007804719455,0.04514203126,0.008375673,0.01260735005,0.01642885675,0.017389956,0.01564220564,0.0001929281486,0.0002014629992,0.0001887723537,0.0001614688974,0.006022362427,0.0005921158114,0.001326601811,0.002501013877,0.00357721908,0.004197921347,0.0001138154817,0.0001124484622,9.96894266e-05,8.102179814e-05,0.004110622653,0.0002642511388,0.0005016401558,0.0008108662075,0.0009807935543,0.0009862874934,1.833973684e-07,5.953254748e-07,1.46261872e-06,2.618761444e-06,0.007531941751,0.0003606123675,0.001215129612,0.002782500046,0.003787507907,0.003748017093,2.822485613e-10,2.086196529e-09,1.059940968e-08,3.407310447e-08,0.003719716316,7.084125643e-05,0.0003491296406,0.00102371574,0.001490344266,0.001469509916,2.417465962e-09,1.986165936e-08,1.168912278e-07,4.464121568e-07,0.009533012033,0.0007240352778,0.002507363174,0.005544189206,0.006985772093,0.006524690688,3.194669255e-09,2.960235752e-08,1.964888573e-07,8.385295871e-07,0.01353662708,0.001393556949,0.003985416962,0.007377724129,0.007950419383,0.006529562142,3.521723197e-09,3.798827712e-08,2.935318335e-07,1.441296041e-06,0.01885052591,0.002445864886,0.00549290873,0.008124009373,0.007110643561,0.004909398732,4.265162994e-10,6.644585328e-09,7.11546213e-08,4.55232794e-07,0.0176482743,0.001471805963,0.002678917976,0.003115013036,0.001981299586,0.0009926958185,1.43255116e-12,5.044937739e-11,1.044431781e-09,1.068782663e-08,0.01190903853,0.0002098134123,0.000332217176,0.0002853179941,9.831448856e-05,2.353380074e-05,2.870528769e-11,6.932340873e-10,9.841844805e-09,7.109847694e-08,0.01796019282,0.0003238434828,0.0003846699952,0.0002529743811,6.716983366e-05,1.220101378e-05,3.451971969e-10,5.741050483e-09,5.612987415e-08,2.873723785e-07,0.02278648367,0.00034625592,0.0003351489431,0.0001822487145,3.970253065e-05,5.791599716e-06,1.201823782e-11,3.261395151e-10,4.625037405e-09,3.006563833e-08,0.01799960705,5.910747507e-05,3.761255009e-05,1.214280739e-05,1.160768852e-06,6.631338104e-08
6,0.01896251388,0.02271628035,0.02441866549,0.02370970814,0.1276828892,0.04940802751,0.05921608284,0.06244964553,0.05594775279,0.04475297599,0.03078656229,0.03879836867,0.043874192,0.04464072336,0.181174204,0.103395394,0.1442135235,0.1750872221,0.182869318,0.168485049,0.0004030854165,0.0005833905884,0.0007576439313,0.0008759381748,0.02370830405,0.007300329673,0.01540680329,0.02747759719,0.03935886372,0.04795073643,0.0002482743196,0.0003415727159,0.0004216750868,0.0004652307783,0.01670847555,0.003488500555,0.006326248177,0.009800636411,0.01204160436,0.01273666814,0.008144602806,0.007048816071,0.005474013256,0.003937098178,0.03091099816,0.003764294525,0.004807719212,0.005378613733,0.004821468763,0.003721420684,0.01380084446,0.01262132744,0.01035732977,0.007838424174,0.04523610968,0.008407844203,0.01266526264,0.01651581205,0.01749532854,0.01574884667,0.0001939085825,0.000202579056,0.0001899045857,0.000162505677,0.006041887212,0.0005958297176,0.001336592684,0.002522776646,0.003612926849,0.004244989641,0.0001144356339,0.000113137268,0.0001003675892,8.162365174e-05,0.004128577055,0.0002667602408,0.0005073690539,0.0008215788042,0.0009956722964,0.001003082485,1.855096602e-07,6.029195444e-07,1.483089935e-06,2.658415628e-06,0.007580506808,0.0003669890702,0.001241048392,0.002851306599,0.003896737936,0.00387105753,2.866311539e-10,2.122076564e-09,1.079945115e-08,3.476889991e-08,0.003748973829,7.254687124e-05,0.0003592841454,0.001058274331,0.001549436013,0.001536266298,2.452182429e-09,2.017633193e-08,1.189167091e-07,4.547602122e-07,0.009604771633,0.0007399629699,0.002573734311,0.00571406634,0.007236061023,0.006791267122,3.246526158e-09,3.012675293e-08,2.002612743e-07,8.557792809e-07,0.01364954371,0.001426985419,0.004098936976,0.007618801266,0.008252289121,0.006810950842,3.587232297e-09,3.875121449e-08,2.998626438e-07,1.474358906e-06,0.01902717067,0.002510695719,0.00566336842,0.008410410105,0.007399899812,0.005134879638,4.372408416e-10,6.822765304e-09,7.318180573e-08,4.689068641e-07,0.01785781244,0.001522373409,0.002784756479,0.00325305021,0.002081941768,0.001049399102,1.490529661e-12,5.261230456e-11,1.091723417e-09,1.119556402e-08,0.01210536703,0.0002212139955,0.0003527551688,0.0003049530573,0.00010609744,2.564122894e-05,2.996939574e-11,7.254309667e-10,1.032268778e-08,7.473081949e-08,0.01827931555,0.0003426503616,0.0004098871058,0.0002713275122,7.275135265e-05,1.334455579e-05,3.613240026e-10,6.023106262e-09,5.90232114e-08,3.028283316e-07,0.02321327751,0.0003673313685,0.0003580518513,0.0001959756626,4.311723295e-05,6.352331906e-06,1.276345838e-11,3.473362519e-10,4.939478065e-09,3.219300978e-08,0.01840741991,6.384955343e-05,4.09815716e-05,1.333669257e-05,1.291513971e-06,7.476041704e-08
7,0.01904485029,0.02282764818,0.02455207351,0.0238515232,0.1281416792,0.04979994032,0.05978121494,0.06313922413,0.05665718126,0.04538964116,0.03090799739,0.03896400944,0.04407576008,0.04485920769,0.1816053875,0.1038569,0.1449863899,0.1761712911,0.1841680279,0.1698286448,0.0004054602092,0.0005871393509,0.000762917425,0.0008824674906,0.02379808831,0.007354466447,0.01554433908,0.02776150457,0.03982596436,0.04858920053,0.000249835953,0.0003439843777,0.000424977463,0.0004692056527,0.01679205138,0.003526506087,0.006409287632,0.009949633951,0.01225200111,0.01298630381,0.008181339883,0.007084763072,0.005505155932,0.003961640522,0.03102695995,0.003795335305,0.004855320918,0.005440146738,0.00488475083,0.003776279688,0.01385712168,0.01267699309,0.01040645653,0.007878011614,0.04534607969,0.008445433873,0.01273298044,0.01661756266,0.01761872861,0.01587383833,0.0001950623807,0.0002038926298,0.0001912374447,0.0001637264264,0.00606474993,0.0006001847899,0.001348323967,0.002548362224,0.00365496421,0.004300475361,0.0001151661703,0.0001139490228,0.0001011671889,8.233362393e-05,0.00414965868,0.0002697200116,0.0005141408636,0.0008342658143,0.001013330182,0.00102305425,1.88013515e-07,6.119303408e-07,1.507405856e-06,2.705565041e-06,0.007637621698,0.0003745701345,0.001271982094,0.002933722405,0.00402814163,0.00401969802,2.918485269e-10,2.164853046e-09,1.103830309e-08,3.560088073e-08,0.003783434684,7.458846246e-05,0.0003715033982,0.001100064665,0.001621335118,0.001617981133,2.493439987e-09,2.05507837e-08,1.213302484e-07,4.647204355e-07,0.009689235187,0.0007589819506,0.00265336651,0.005918789218,0.007539342955,0.007115990157,3.308255219e-09,3.075183151e-08,2.047642792e-07,8.763967084e-07,0.01378255649,0.001466987116,0.004235431233,0.007909957033,0.00861889951,0.007154522042,3.665382778e-09,3.966266179e-08,3.074366283e-07,1.5139673e-06,0.01923546708,0.002588483729,0.00586888165,0.008757248283,0.007752193698,0.005411004711,4.501218941e-10,7.037124578e-09,7.562463985e-08,4.85409965e-07,0.01810558579,0.001583563136,0.002913520204,0.003421830056,0.002205827534,0.001119653931,1.56127958e-12,5.525801436e-11,1.149710421e-09,1.181952094e-08,0.01233864983,0.000235298622,0.000378324045,0.0003295727842,0.0001159588164,2.833935047e-05,3.1517453e-11,7.649552263e-10,1.09143912e-08,7.921063834e-08,0.01865900577,0.0003659742495,0.0004414009475,0.0002944269304,7.985133322e-05,1.481470734e-05,3.811262755e-10,6.370284469e-09,6.259322951e-08,3.219419289e-07,0.02372157777,0.000393543468,0.0003867545782,0.0002133008626,4.747355817e-05,7.075425381e-06,1.36929272e-11,3.738525609e-10,5.33400749e-09,3.486960651e-08,0.01889512478,6.986432426e-05,4.52949326e-05,1.487855952e-05,1.462759746e-06,8.598348203e-08
8,0.0191394234,0.02295559938,0.02470539611,0.02401456365,0.1286670233,0.05025035764,0.0604318171,0.06393435206,0.05747661347,0.04612623326,0.03104728872,0.03915398844,0.04430693761,0.04510978982,0.1820972599,0.1043832043,0.145868584,0.1774097786,0.1856531425,0.1713665432,0.0004081903071,0.0005914496297,0.0007689821135,0.0008899782308,0.02390072084,0.007416463959,0.01570209613,0.02808763603,0.04036340316,0.04932493841,0.0002516331518,0.0003467611167,0.0004287817832,0.0004737871525,0.01688786864,0.003570305863,0.006505212947,0.01012212982,0.01249616188,0.01327665,0.008223545266,0.007126072455,0.005540956974,0.003989864454,0.03115977126,0.003831022776,0.004910143835,0.005511129303,0.004957880735,0.003839784614,0.0139216816,0.01274084568,0.01046280694,0.007923420876,0.04547152199,0.008488288939,0.0128102508,0.01673376201,0.01775978086,0.01601684932,0.0001963888536,0.000205403011,0.0001927703225,0.0001651307059,0.006090881991,0.000605170623,0.001361774867,0.002577740091,0.003703307945,0.004364383013,0.0001160070079,0.0001148837978,0.0001020884806,8.315210613e-05,0.004173831913,0.0002731318946,0.0005219656173,0.0008489578697,0.001033828022,0.001046291341,1.909162809e-07,6.223887102e-07,1.535662361e-06,2.760419259e-06,0.007703232173,0.0003833879723,0.001308123205,0.003030411996,0.004183075514,0.004195804528,2.97927227e-10,2.214774799e-09,1.131753719e-08,3.657512862e-08,0.003823091175,7.698178495e-05,0.0003859153404,0.001149633665,0.001707224452,0.001716274194,2.541411964e-09,2.09868315e-08,1.24145194e-07,4.763543516e-07,0.009786355363,0.000781215182,0.002746970247,0.006160660145,0.007899918381,0.007504404033,3.380166273e-09,3.14811581e-08,2.100267283e-07,9.005277458e-07,0.01393564106,0.001513864333,0.004396270701,0.008254801064,0.009055901267,0.007566592503,3.756652408e-09,4.072884246e-08,3.163110415e-07,1.560447885e-06,0.01947547874,0.002679925007,0.006111806719,0.009169333356,0.008173509863,0.005743313134,4.652832883e-10,7.289907546e-09,7.851082935e-08,5.04942739e-07,0.01839200418,0.001656197964,0.003067320293,0.003624592379,0.002355811904,0.00120534877,1.646090852e-12,5.843831544e-11,1.219607742e-09,1.257357039e-08,0.01260982905,0.0002524218071,0.0004096850952,0.0003600186131,0.0001283015427,3.175704296e-05,3.338078895e-11,8.12661226e-10,1.163057212e-08,8.464688074e-08,0.01910104581,0.0003944554186,0.0004802233351,0.0003231171018,8.877823099e-05,1.668584904e-05,4.050351141e-10,6.790628836e-09,6.692770122e-08,3.452084091e-07,0.02431402262,0.0004256569088,0.0004222290311,0.0002348885857,5.296917984e-05,7.998992405e-06,1.483553334e-11,4.065613341e-10,5.822348309e-09,3.819318966e-08,0.01946627515,7.740166237e-05,5.075867545e-05,1.685127183e-05,1.685434026e-06,1.008193543e-07
9,0.01924617049,0.02310006178,0.02487856644,0.02419878075,0.1292579032,0.05075906075,0.06116802362,0.06483570969,0.05840733723,0.04696441432,0.03120426517,0.03936806395,0.04456742607,0.04539214626,0.1826481167,0.1049723808,0.1468571866,0.1787989959,0.1873207827,0.173095294,0.0004112748432,0.0005963202919,0.0007758368941,0.00089846973,0.02401592936,0.007486198352,0.01587985807,0.02845573599,0.0409711074,0.05015830875,0.0002536661481,0.0003499038104,0.0004330900709,0.0004789787176,0.01699578802,0.003619927396,0.006614177735,0.01031855816,0.01277494815,0.01360901004,0.008271194446,0.007172724863,0.005581404667,0.00402176496,0.03130918574,0.003871344873,0.004972208295,0.005591635027,0.005040988154,0.003912093754,0.01399444793,0.01281280707,0.01052631108,0.007974595713,0.04561199922,0.008536247341,0.01289680682,0.01686404503,0.01791809163,0.01617753473,0.0001978875994,0.0002071098228,0.0001945029586,0.0001667184057,0.006120213091,0.0006107765891,0.001376924766,0.002610881777,0.003757941402,0.004436730198,0.0001169582981,0.0001159419452,0.0001031320196,8.407977861e-05,0.004201063134,0.0002769983955,0.0005308567334,0.0008656937272,0.001057240832,0.001072901699,1.942272627e-07,6.343332252e-07,1.567978208e-06,2.823236139e-06,0.007777293984,0.0003934819154,0.001349703103,0.003142172729,0.004363170011,0.004401628072,3.048998413e-10,2.272145672e-09,1.163906579e-08,3.769902703e-08,0.003867944847,7.974574501e-05,0.0004026737888,0.00120764185,0.001808543317,0.001833132935,2.596312469e-09,2.14867033e-08,1.273778297e-07,4.897367634e-07,0.00989610326,0.0008068102344,0.002855397667,0.006442448653,0.008322990573,0.007963262521,3.462638687e-09,3.231907686e-08,2.160836703e-07,9.283492096e-07,0.01410880838,0.001567979515,0.004583101663,0.008657684746,0.009570150822,0.008054882422,3.86162215e-09,4.195730454e-08,3.265552073e-07,1.614195832e-06,0.01974733772,0.002785854506,0.006394981783,0.009652480883,0.008671137627,0.006138603873,4.82874988e-10,7.583833021e-09,8.187395926e-08,5.277486303e-07,0.01871760689,0.001741272458,0.003248725542,0.00386530661,0.002535427624,0.001308843763,1.746548925e-12,6.221707566e-11,1.30291784e-09,1.347492015e-08,0.01292005612,0.0002730246279,0.0004477968944,0.000397362064,0.0001436473481,3.606397696e-05,3.559808236e-11,8.696071294e-10,1.248815203e-08,9.117535954e-08,0.01960760067,0.0004288952099,0.000527635941,0.0003584798641,9.993396532e-05,1.905655245e-05,4.335846415e-10,7.294138662e-09,7.213611305e-08,3.732475281e-07,0.0249938063,0.000464633024,0.0004657118382,0.0002615936082,5.986286125e-05,9.173786197e-06,1.622791673e-11,4.465746479e-10,6.422062963e-09,4.228940595e-08,0.02012514818,8.678564894e-05,5.764405256e-05,1.936543789e-05,1.97445196e-06,1.204360216e-07
10,0.01936504469,0.02326098579,0.02507154663,0.02440415883,0.1299133102,0.0513258988,0.06199011667,0.06584421879,0.05945096207,0.04790620204,0.03137876961,0.03960601175,0.04485694691,0.04570597438,0.1832561833,0.1056223938,0.1479491143,0.1803350513,0.1891668656,0.1750112802,0.0004147135002,0.0006017510825,0.0007834819304,0.000907942945,0.02414343432,0.007563542165,0.01607740798,0.02886556568,0.04164906691,0.05108980522,0.0002559356395,0.0003534141096,0.0004379054997,0.0004847852856,0.01711567607,0.003675409975,0.006736372845,0.01053944094,0.01308938058,0.01398491873,0.008324270388,0.007224708691,0.00562649452,0.004057343153,0.03147496049,0.003916295497,0.005041548144,0.005681760644,0.005134233394,0.003993398127,0.01407535117,0.01289280531,0.01059690418,0.008031483882,0.04576705581,0.008589137447,0.01299236578,0.01700802511,0.01809324446,0.01635553076,0.0001995584856,0.0002090129978,0.0001964354139,0.0001684897206,0.006152670962,0.0006169916878,0.001393752717,0.002647759601,0.003818852158,0.004517544285,0.0001180204154,0.0001171240848,0.0001042986481,8.511759775e-05,0.004231320368,0.0002813229831,0.0005408307879,0.0008845198782,0.001083657402,0.001103012378,1.979577171e-07,6.478101927e-07,1.604495156e-06,2.894322283e-06,0.007859771406,0.0004048979913,0.001396991956,0.003269937635,0.004570342355,0.004639831587,3.128051459e-10,2.337326217e-09,1.200515441e-08,3.898131713e-08,0.003918005477,8.290245518e-05,0.0004219597015,0.001274871848,0.00192701428,0.00197096073,2.658396785e-09,2.205304451e-08,1.310474381e-07,5.049561122e-07,0.01001846583,0.0008359392291,0.002979646772,0.00676741735,0.008814741227,0.008500660432,3.556122509e-09,3.327072892e-08,2.229765275e-07,9.600699524e-07,0.01430210034,0.001629756018,0.004797857431,0.009123750975,0.01016982468,0.008628682925,3.980978884e-09,4.335696424e-08,3.382509997e-07,1.675677984e-06,0.02005123721,0.002907250206,0.006721752637,0.01021359418,0.009253812225,0.006605102324,5.030747219e-10,7.922127331e-09,8.575394721e-08,5.541174738e-07,0.01908305401,0.001839966449,0.003460810259,0.004148764345,0.002748989975,0.001433055596,1.864574498e-12,6.667195548e-11,1.40147464e-09,1.454465044e-08,0.01327068692,0.0002976493333,0.0004938542809,0.0004429560256,0.0001626674392,4.148250909e-05,3.821644982e-11,9.370869402e-10,1.350790595e-08,9.896343768e-08,0.02018121268,0.000470285564,0.0005852472869,0.0004018904023,0.000113839243,2.205694516e-05,4.674282992e-10,7.893095651e-09,7.835348665e-08,4.068264788e-07,0.02576467512,0.0005116679163,0.0005187628695,0.0002945079206,6.849157387e-05,1.066716839e-05,1.79161401e-11,4.952977444e-10,7.155458237e-09,4.731860791e-08,0.02087675899,9.843397652e-05,6.630653323e-05,2.256824507e-05,2.350154145e-06,1.464659697e-07
11,0.01949601395,0.02343834289,0.02528432578,0.02463071304,0.1306322393,0.051950778,0.06289850884,0.06696102031,0.06060939676,0.04895395105,0.03157065737,0.03986762286,0.04517523862,0.04605098889,0.1839196142,0.1063310906,0.1491411011,0.1820138169,0.1911870544,0.1771106587,0.000418506473,0.0006077425576,0.0007919185508,0.0009184003171,0.02428294781,0.00764836234,0.0162945221,0.02931688826,0.04239730684,0.0521200164,0.0002584427667,0.0003572944016,0.000443232338,0.0004912132228,0.01724740378,0.003736803336,0.006872023437,0.01078538313,0.01344063383,0.0144061388,0.008382763047,0.007282019578,0.005676228786,0.00409660588,0.03165685466,0.003965873631,0.005118209263,0.005781624045,0.005237805425,0.004083919937,0.01416432785,0.01298077384,0.01067452587,0.008094036489,0.04593621763,0.008646777409,0.01309662749,0.01716529092,0.01828479536,0.01655044904,0.0002014016299,0.0002111127544,0.0001985680454,0.000170445124,0.006188181091,0.0006238043864,0.001412236912,0.002688345313,0.003886029515,0.00460685883,0.0001191939468,0.0001184310912,0.0001055894818,8.626678394e-05,0.004264572911,0.0002861099864,0.0005519072793,0.000905490153,0.001113179889,0.001136769315,2.021208581e-07,6.62873706e-07,1.645378221e-06,2.974033807e-06,0.007950635704,0.0004176886924,0.001450298699,0.003414778889,0.004806811842,0.004913521632,3.216883075e-10,2.410735882e-09,1.241843781e-08,4.043216824e-08,0.003973290024,8.64773024e-05,0.0004439826736,0.001352238473,0.002064675212,0.00213263517,2.727962032e-09,2.26889271e-08,1.351763851e-07,5.221149519e-07,0.0101534432,0.0008687988184,0.0031208664,0.007139352322,0.009382419875,0.009126190642,3.661140125e-09,3.434207633e-08,2.307533302e-07,9.959322503e-07,0.01451558518,0.001699679074,0.005042772137,0.009658992714,0.01086455521,0.009299057092,4.115518976e-09,4.493816172e-08,3.514934426e-07,1.745436765e-06,0.02038742389,0.00304523808,0.007096005373,0.0108607608,0.009931883467,0.00715266166,5.260899791e-10,8.308564614e-09,9.019759382e-08,5.843898474e-07,0.01948911762,0.001953661028,0.003707211398,0.004480690977,0.00300172513,0.001581562951,2.002472366e-12,7.189654512e-11,1.517497935e-09,1.580838185e-08,0.01366327709,0.0003269573787,0.0005493373339,0.000498500266,0.0001862226208,4.830360316e-05,4.12927899e-11,1.016670221e-09,1.471514606e-08,1.082158842e-07,0.02082479678,0.0005198457957,0.000655064978,0.0004550893631,0.0001311669743,2.585865988e-05,5.07359058e-10,8.602470998e-09,8.574515966e-08,4.468886878e-07,0.02663092472,0.00056824025,0.0005833398875,0.0003350212818,7.929323144e-05,1.256850396e-05,1.995783028e-11,5.54498585e-10,8.050757774e-09,5.348474504e-08,0.02172687901,0.0001128833879,7.721124458e-05,2.665551122e-05,2.840328316e-06,1.811991995e-07
12,0.01963905995,0.02363212407,0.025516918,0.02487848705,0.1314136844,0.05263365035,0.06389372513,0.06818745148,0.06188482604,0.05011033373,0.03177979466,0.04015270126,0.04552205362,0.04642691828,0.1846364915,0.1070961927,0.1504296779,0.1838308925,0.1933767066,0.1793892971,0.0004226544305,0.0006142960189,0.0008011491448,0.0009298456336,0.02443417242,0.007740518129,0.0165309633,0.02980945307,0.04321585836,0.05324958248,0.0002611890915,0.0003615477734,0.0004490758963,0.0004982702581,0.01739084509,0.003804166277,0.007021385938,0.01105706776,0.01383003115,0.01487465747,0.008446668899,0.007344659903,0.005730615998,0.004139565317,0.031854628,0.004020082435,0.00520224803,0.005891362234,0.005351919842,0.004183911001,0.01426131983,0.01307665073,0.01075911939,0.008162207312,0.04611899172,0.008708974478,0.01320927248,0.01733540303,0.01849226772,0.01676187068,0.0002034173823,0.0002134095739,0.000200901479,0.000172585341,0.006226666432,0.0006312024507,0.001432354113,0.002732608657,0.003959461812,0.004704709718,0.0001204796819,0.0001198640823,0.0001070058978,8.752880987e-05,0.004300790964,0.0002913644874,0.0005641083849,0.000928665311,0.001145923397,0.001174337109,2.067318742e-07,6.795857395e-07,1.690816064e-06,3.062777411e-06,0.008049863546,0.000431912725,0.001509971004,0.003577911687,0.005075117048,0.005226284654,3.316011382e-10,2.492855721e-09,1.288193943e-08,4.206326264e-08,0.004033821539,9.049902401e-05,0.000468982629,0.001440800277,0.002223916703,0.002321577344,2.805348097e-09,2.339786171e-08,1.397902276e-07,5.413305294e-07,0.01030104586,0.0009056101535,0.003280361758,0.007562597482,0.01003444678,0.009851127712,3.778288396e-09,3.553993175e-08,2.394690023e-07,1.036213472e-06,0.01474935278,0.001778296834,0.005320396196,0.0102703197,0.01166558796,0.01007907672,4.266152676e-09,4.671272837e-08,3.663914281e-07,1.824094813e-06,0.0207561899,0.003201097602,0.007522203374,0.01160336338,0.01071751297,0.007793002075,5.521603767e-10,8.74751454e-09,9.525923427e-08,6.189622272e-07,0.01993667255,0.002083956957,0.003992195343,0.004867878047,0.00329992518,0.001758736134,2.162990595e-12,7.800296568e-11,1.653659903e-09,1.729709585e-08,0.01409957728,0.0003617514191,0.0006160723317,0.0005661244835,0.000215415508,5.690807569e-05,4.489542287e-11,1.110250778e-09,1.61405639e-08,1.19182123e-07,0.02154163602,0.0005790678995,0.0007395864948,0.0005202751473,0.000152786176,3.068824057e-05,5.54334202e-10,9.440427135e-09,9.4512709e-08,4.945896685e-07,0.02759739789,0.0006361705719,0.0006618930523,0.000384899255,9.283676665e-05,1.499648246e-05,2.242490318e-11,6.263969508e-10,9.143614213e-09,6.104690139e-08,0.02268205728,0.0001308228603,9.096691636e-05,3.188809577e-05,3.483052157e-06,2.278633398e-07
13,0.01979417708,0.02384233832,0.02576936037,0.02514755079,0.1322566324,0.05337450202,0.06497638418,0.06952502182,0.06327968628,0.05137831999,0.03200605709,0.04046106156,0.04589715521,0.04683350109,0.185404824,0.1079152876,0.151811152,0.185781569,0.1957308197,0.1818427085,0.000427158479,0.0006214134472,0.0008111770596,0.0009422838872,0.02459680006,0.0078398589,0.01678647406,0.03034297893,0.0441047275,0.05447914881,0.0002641765761,0.0003661779764,0.0004554424752,0.000505965417,0.01754587542,0.00387756521,0.007184744819,0.0113552506,0.01425903863,0.01539268285,0.008515990476,0.007412638288,0.005789670494,0.004186238583,0.03206803938,0.004078928303,0.005293729726,0.006011129196,0.005476816732,0.004293651096,0.01436627356,0.01318037787,0.01085063084,0.008235952118,0.04631486585,0.008775524294,0.01332996022,0.01751789037,0.01871514706,0.01698933996,0.0002056063067,0.0002159041768,0.0002034365835,0.0001749113229,0.006268047107,0.0006391727686,0.001454079057,0.002780515851,0.004039133575,0.004811131018,0.0001218786029,0.0001214244071,0.0001085495215,8.890538921e-05,0.004339945237,0.0002970922089,0.0005774587021,0.0009541126049,0.001182015523,0.001215898794,2.118079534e-07,6.980162808e-07,1.741021499e-06,3.161011696e-06,0.008157435354,0.0004476347255,0.001576395177,0.003760698259,0.005378134592,0.005582227428,3.426024012e-10,2.584231607e-09,1.33990943e-08,4.388789458e-08,0.004099628033,9.499978549e-05,0.0004972316685,0.001541772501,0.002407525059,0.002541833123,2.890938792e-09,2.418381211e-08,1.449178405e-07,5.627354654e-07,0.01046129178,0.0009466187862,0.003459600212,0.008042092174,0.01078052885,0.01068863916,3.908241232e-09,3.687199365e-08,2.491856959e-07,1.081228017e-06,0.01500350958,0.001866221373,0.005633612947,0.01096563244,0.01258596079,0.01098409712,4.433909265e-09,4.869406509e-08,3.830685454e-07,1.912360328e-06,0.0211578644,0.003376267532,0.008005427949,0.01245220434,0.01162490107,0.008539991394,5.815604068e-10,9.243997719e-09,1.010014959e-07,6.58292993e-07,0.02042668653,0.002232695395,0.00432073469,0.005318338071,0.003651133456,0.001969895112,2.34939155e-12,8.512500759e-11,1.813165814e-09,1.904813526e-08,0.01458152801,0.0004030018853,0.0006963070999,0.0006484930414,0.0002516582452,6.779489754e-05,4.910607388e-11,1.220105871e-09,1.78212605e-08,1.321651462e-07,0.02233537646,0.0006497719226,0.0008419126223,0.0006002214919,0.0001798194953,3.684518601e-05,6.095054905e-10,1.042893183e-08,1.049012426e-07,5.513413983e-07,0.028669482,0.0007176944158,0.0007574839115,0.0004463833665,0.000109861831,1.810904603e-05,2.540701832e-11,7.13778207e-10,1.047905375e-08,7.033423122e-08,0.0237496436,0.0001531367555,0.000108371092,3.861423535e-05,4.330695391e-06,2.910312751e-07
14,0.01996137144,0.02406901108,0.02604171101,0.0254379982,0.1331600575,0.05417334125,0.06614717869,0.07097538804,0.06479663972,0.05276115583,0.03224932803,0.04079252665,0.04630031436,0.04727048221,0.1862225453,0.1087858194,0.1532815859,0.1878607902,0.198243975,0.184465983,0.0004320201249,0.0006290974355,0.000822006495,0.0009557211317,0.02477051076,0.007946221867,0.01706076927,0.03091713653,0.04506386201,0.05580931597,0.0002674075619,0.0003711893915,0.0004623393143,0.0005143089576,0.01771237008,0.003957072633,0.007362409169,0.01168075446,0.01472925889,0.01596263966,0.008590735909,0.007485969108,0.005853411957,0.004236647344,0.03229684529,0.004142419882,0.005392726861,0.00614109365,0.00561275842,0.004413446197,0.01447913932,0.0132919001,0.01094900837,0.008315227955,0.04652330816,0.008846210166,0.01345832722,0.01771224666,0.01895287568,0.01723235796,0.0002079691628,0.000218597499,0.0002061744438,0.000177424219,0.00631224009,0.0006477011678,0.001477383832,0.002832027979,0.004125022474,0.004926150545,0.0001233918754,0.000123113634,0.000110222215,9.039846535e-05,0.004382006561,0.0003032993954,0.0005919849732,0.0009819053098,0.001221595868,0.001261655569,2.173683175e-07,7.182434961e-07,1.7962321e-06,3.269248726e-06,0.008273333604,0.0004649249297,0.001649995884,0.00396465174,0.00571909892,0.005986021199,3.547581672e-10,2.685477951e-09,1.397377537e-08,4.592108376e-08,0.004170741296,0.000100015253,0.0005290360279,0.001656541314,0.002618731001,0.002798167489,2.98516323e-09,2.505121223e-08,1.505915624e-07,5.864785294e-07,0.01063420334,0.000992094446,0.003660217023,0.008583411174,0.01163178775,0.01165402512,4.051752577e-09,3.834688655e-08,2.599731704e-07,1.131329502e-06,0.01527817346,0.001964129502,0.005985655887,0.01175390232,0.01364070412,0.01203207214,4.619942928e-09,5.089723085e-08,4.016640182e-07,2.011033107e-06,0.02159280469,0.003572351669,0.008551421771,0.0134196434,0.01267054436,0.009409970639,6.146025757e-10,9.803749128e-09,1.074961676e-07,7.029093399e-07,0.02096020971,0.002401980777,0.004698595279,0.005841483675,0.004064364209,0.002221500902,2.565536575e-12,9.342189368e-11,1.999851368e-09,2.110641804e-08,0.01511125375,0.0004518788617,0.0007928036266,0.000748936491,0.0002967601159,8.161885079e-05,5.402225767e-11,1.348967841e-09,1.980200019e-08,1.475324267e-07,0.02321002107,0.0007341732072,0.0009658884791,0.0006984267349,0.0002137184297,4.472621842e-05,6.742556651e-10,1.159450608e-08,1.172083355e-07,6.188670192e-07,0.02985310511,0.0008155518688,0.0008739345739,0.0005223192539,0.0001313311112,2.211684754e-05,2.901594787e-11,8.20138271e-10,1.211397282e-08,8.17652693e-08,0.02493781235,0.0001809607921,0.0001304702739,4.729993722e-05,5.455561527e-06,3.77215993e-07
15,0.02014065983,0.02431218277,0.02633404705,0.02574994492,0.1341229159,0.05503018586,0.06740685492,0.07254032744,0.06643854694,0.05426234008,0.03250949711,0.04114692533,0.0467313065,0.047737609,0.1870875122,0.1097050809,0.1548367766,0.190063115,0.200910281,0.1872537186,0.0004372412365,0.0006373511218,0.0008336423954,0.0009701643355,0.02495497138,0.008059429758,0.01735352869,0.03153153,0.04609311617,0.05724058626,0.0002708847503,0.0003765869949,0.000469774541,0.0005233123051,0.01789020276,0.004042765511,0.007554709006,0.01203446293,0.01524242387,0.0165871641,0.008670918471,0.007564671999,0.005921864948,0.004290817414,0.0325407983,0.004210567056,0.005499317425,0.00628143667,0.005760027039,0.004543626557,0.01459987048,0.01341116448,0.01105420138,0.008399992442,0.0467437667,0.008920802366,0.01359398517,0.01791792678,0.01920484715,0.01749037591,0.0002105068873,0.0002214906682,0.000209116333,0.0001801253494,0.006359158895,0.0006567722288,0.001502237239,0.002887099325,0.004217096121,0.005049785114,0.000125020839,0.0001249335402,0.000112026065,9.201020017e-05,0.004426945484,0.0003099926886,0.0006077157893,0.001012122206,0.001264815466,0.001311826451,2.234342636e-07,7.403539253e-07,1.856710899e-06,3.388055786e-06,0.00839754106,0.0004838587792,0.001731235618,0.004191439558,0.006101622485,0.006442948839,3.681422217e-10,2.79728191e-09,1.461032319e-08,4.817970316e-08,0.004247195666,0.0001055846527,0.0005647380878,0.001786679146,0.002861264124,0.003096172959,3.088497406e-09,2.600498517e-08,1.568473589e-07,6.127255019e-07,0.01081980418,0.001042330626,0.003884020649,0.009192805991,0.01260089912,0.01276498685,4.209659763e-09,3.997420591e-08,2.719092139e-07,1.186913198e-06,0.0155734682,0.002072763235,0.006380125823,0.01264525652,0.0148470619,0.0132439111,4.82553927e-09,5.333904105e-08,4.223337446e-07,2.12101125e-06,0.02206138678,0.003791124191,0.009166634038,0.01451974647,0.01387352403,0.01042212801,6.516409473e-10,1.043328989e-08,1.148251869e-07,7.534151533e-07,0.02153836327,0.002594205643,0.005132433607,0.006448332749,0.004550361004,0.002521385975,2.815986414e-12,1.0308277e-10,2.218299611e-09,2.352590365e-08,0.01569105594,0.000509790066,0.0009089513338,0.0008716161151,0.0003530406225,9.924057944e-05,5.976013266e-11,1.500110393e-09,2.213673084e-08,1.657292294e-07,0.02416992177,0.0008349635713,0.001116278102,0.0008193026918,0.0002563615058,5.485790369e-05,7.502424569e-10,1.296913154e-08,1.31794944e-07,6.992680582e-07,0.03115472974,0.000933096736,0.001016013999,0.000616320159,0.0001584991674,2.730148822e-05,3.339109363e-11,9.498681132e-10,1.412034068e-08,9.587288006e-08,0.02625558569,0.0002157544901,0.0001586398469,5.857033018e-05,6.957850502e-06,4.957408144e-07
16,0.02033206869,0.02457190725,0.02664646265,0.02608352602,0.1351441394,0.05594505029,0.06875619123,0.07422170978,0.06820843723,0.0558855989,0.03278645859,0.0415240899,0.04718990834,0.0482346275,0.1879975039,0.1106702046,0.1564722342,0.1923826791,0.2037233161,0.1901999504,0.0004428240071,0.0006461781199,0.0008460903405,0.0009856212301,0.02514983443,0.00817928845,0.01766438918,0.03218567768,0.04719221369,0.05877330656,0.0002746111815,0.0003823763234,0.000477757119,0.0005329879867,0.01807924391,0.004134723573,0.007761991299,0.01241731344,0.01580038656,0.01726909723,0.008756556122,0.007648771362,0.005995058433,0.004348778362,0.0327996455,0.004283379892,0.005613583045,0.006432349156,0.005918921913,0.00468454459,0.01472842277,0.01353811938,0.01116615969,0.008490203043,0.04697566913,0.008999057442,0.01373651915,0.01813434323,0.01947040085,0.01776278854,0.0002132205757,0.0002245849794,0.0002122636849,0.0001830161762,0.006408713265,0.0006663690952,0.001528604128,0.002945675629,0.004315308697,0.005182035497,0.0001267669979,0.0001268860993,0.0001139633705,9.374296268e-05,0.004474731859,0.0003171789936,0.0006246812691,0.001044847001,0.001311836126,0.001366647827,2.30029212e-07,7.644427028e-07,1.922747166e-06,3.518057316e-06,0.008530038957,0.0005045164506,0.0018206138,0.004442885964,0.006529715566,0.006958954153,3.828365209e-10,2.920408093e-09,1.531357902e-08,5.068262147e-08,0.00432902674,0.0001117508088,0.0006047183642,0.001933960899,0.003139413009,0.003442393003,3.201465946e-09,2.705056428e-08,1.63725001e-07,6.416601167e-07,0.01101811587,0.001097643909,0.004132997172,0.009877246159,0.013702241,0.01404192348,4.38288719e-09,4.176456721e-08,2.850801039e-07,1.248418687e-06,0.01588951771,0.002192929718,0.006821007081,0.01365106556,0.01622473132,0.01464387885,5.05212244e-09,5.60381748e-08,4.452514332e-07,2.243298508e-06,0.02256399547,0.004034534169,0.009858266034,0.01576844393,0.01525582485,0.01159892429,6.930751031e-10,1.114000779e-08,1.230817519e-07,8.104999097e-07,0.02216232702,0.002812077079,0.005629904477,0.00715174114,0.005121898459,0.002879030029,3.10611982e-12,1.143320448e-10,2.473980855e-09,2.637135919e-08,0.01632340457,0.0005784258075,0.001048904933,0.001021729005,0.0004234750888,0.0001217930263,6.645790456e-11,1.677452185e-09,2.489042162e-08,1.872948048e-07,0.0252197689,0.0009554087658,0.001298979648,0.0009684128714,0.0003101821687,6.794045778e-05,8.394514558e-10,1.45913482e-08,1.490986988e-07,7.95106824e-07,0.03258134313,0.001074428911,0.001189669732,0.0007329749047,0.000193002857,3.404021654e-05,3.870644518e-11,1.108488346e-09,1.65893044e-08,1.133364772e-07,0.02771285438,0.0002593947164,0.0001946901424,7.326589598e-05,8.976905954e-06,6.600150813e-07
17,0.02053563315,0.0248482503,0.02697906698,0.02643889362,0.1362226299,0.05691793215,0.07019597556,0.07602146727,0.07010947653,0.0576348577,0.03308010978,0.04192385375,0.04767589449,0.04876127844,0.1889502201,0.1116781548,0.1581831623,0.1948131584,0.2066760724,0.1932980806,0.0004487709158,0.0006555824496,0.000859356432,0.001002100154,0.02535473679,0.008305584577,0.01799293681,0.03287899226,0.04836070884,0.0604076076,0.0002785902149,0.0003885634393,0.0004862967961,0.0005433495638,0.0182793591,0.004233027492,0.007984615641,0.01283028957,0.01640511135,0.01801147667,0.008847671058,0.00773829587,0.006073025312,0.004410563098,0.033073127,0.004360867542,0.005735607054,0.006594029127,0.006089756708,0.004836572518,0.01486475346,0.01367271368,0.01128483272,0.008585816323,0.04721842226,0.009080717579,0.01388548585,0.01836086261,0.01974881663,0.01804892752,0.0002161114634,0.0002278818701,0.0002156180644,0.0001860982739,0.006460808858,0.000676473284,0.001556444722,0.003007692296,0.004419597427,0.005322881076,0.0001286320116,0.0001289734705,0.0001160366304,9.559931735e-05,0.004525334428,0.0003248653382,0.0006429127093,0.001080167693,0.001362829661,0.001426372857,2.371787605e-07,7.906137999e-07,1.994657246e-06,3.659936984e-06,0.008670805119,0.0005269822901,0.001918665407,0.004720973268,0.007007804809,0.007540692156,3.989316986e-10,3.05570376e-09,1.608892137e-08,5.345086012e-08,0.004416270022,0.0001185601487,0.0006493973964,0.002100380704,0.003458090686,0.003844461173,3.324644017e-09,2.819391588e-08,1.712682574e-07,6.734850747e-07,0.01122915452,0.001158372949,0.004409313352,0.01064445884,0.01495204894,0.01550825576,4.572450306e-09,4.372965881e-08,2.995811019e-07,1.316332717e-06,0.01622644008,0.002325500432,0.007312681811,0.01478403135,0.01779611885,0.01626003864,5.301262779e-09,5.901529029e-08,4.706098289e-07,2.379012228e-06,0.02310101372,0.00430470876,0.0106343154,0.01718369542,0.01684268315,0.01296657191,7.393545293e-10,1.193224678e-08,1.323715621e-07,8.749486663e-07,0.02283332587,0.003058644333,0.006199778392,0.007966663894,0.005794131885,0.003305888079,3.442273127e-12,1.274357141e-10,2.773419627e-09,2.972048029e-08,0.01701092781,0.0006598118489,0.001217751338,0.001205762624,0.0005118816202,0.0001507694702,7.427987212e-11,1.885680827e-09,2.814127827e-08,2.128820385e-07,0.02636457746,0.001099464784,0.001521289448,0.001152771851,0.000378334979,8.490649655e-05,9.442594394e-10,1.650757851e-08,1.696500553e-07,9.095071698e-07,0.03414044284,0.001244554024,0.001402314984,0.000878111597,0.0002369798644,4.283934172e-05,4.517934616e-11,1.302947236e-09,1.963644732e-08,1.350236117e-07,0.02932039465,0.0003142961511,0.0002410069472,9.251886424e-05,1.170710634e-05,8.894069137e-07
18,0.02075139597,0.02514128807,0.02733198216,0.02681621452,0.1373572538,0.05794879843,0.07172698174,0.07794156265,0.07214493268,0.05951421,0.03339034948,0.0423460489,0.04818903421,0.04931729327,0.1899432801,0.1127257207,0.159964439,0.1973477327,0.2097609004,0.1965408086,0.0004550846888,0.0006655684644,0.0008734471783,0.001019609892,0.02556929858,0.008438083157,0.0183386988,0.03361076035,0.04959794577,0.06214333973,0.0002828255088,0.0003951548948,0.0004954040496,0.0005544115617,0.01849040741,0.004337756966,0.008222949562,0.01327441237,0.01705866275,0.01881752597,0.008944289247,0.007833277964,0.006155801935,0.004476207466,0.03336097431,0.004443037112,0.005865472443,0.006766678833,0.006272856313,0.005000099734,0.01500882068,0.01381489592,0.01141016865,0.008686787209,0.04747141184,0.009165510019,0.01404041197,0.01859680237,0.0200393096,0.01834805496,0.0002191809064,0.0002313828947,0.0002191811387,0.0001893732987,0.006515346945,0.0006870644959,0.001585713946,0.003073072562,0.004529878927,0.005472274227,0.0001306176858,0.0001311979866,0.0001182485307,9.758201201e-05,0.004578720405,0.000333058722,0.0006624422044,0.001118175837,0.001417976975,0.001491270708,2.449107422e-07,8.18980284e-07,2.072785453e-06,3.814439872e-06,0.00881981203,0.0005513441382,0.002025958987,0.005027841296,0.007540749387,0.008195578834,4.165276213e-10,3.204104504e-09,1.694230584e-08,5.650776493e-08,0.004508959521,0.0001260626656,0.0006992374274,0.002288168804,0.003822904857,0.004311256269,3.458659374e-09,2.944156341e-08,1.795250987e-07,7.084231197e-07,0.01145292717,0.001224877037,0.004715317719,0.01150296472,0.01636857436,0.01719077376,4.779459823e-09,4.588229785e-08,3.155169788e-07,1.391192252e-06,0.01658434115,0.002471409428,0.007859941205,0.01605827226,0.01958660834,0.01812473624,5.574684925e-09,6.229314735e-08,4.986220178e-07,2.529391858e-06,0.0236728115,0.004603954509,0.01150361711,0.01878565712,0.01866296069,0.01455556843,7.909834415e-10,1.281940588e-08,1.428141971e-07,9.476531963e-07,0.02355261499,0.00333732698,0.006852067738,0.008910445397,0.006584999185,0.00381577826,3.831903973e-12,1.427088337e-10,3.124393273e-09,3.366643108e-08,0.01775639948,0.0007563711132,0.001421710627,0.001431809364,0.0006231603796,0.0001881399222,8.342122162e-11,2.130400881e-09,3.198340651e-08,2.432812338e-07,0.02760966914,0.001271915785,0.001792224384,0.00138121998,0.0004649109665,0.0001069996769,1.067510016e-09,1.877372051e-08,1.940918659e-07,1.046277436e-06,0.03584001646,0.001449574876,0.001663182602,0.001059130731,0.0002932236643,5.437936194e-05,5.308152564e-11,1.541998915e-09,2.340851915e-08,1.620436175e-07,0.0310898791,0.0003835659232,0.0003007372157,0.000117856843,1.542030915e-05,1.211994578e-06
19,0.02097940655,0.02545110553,0.02770534113,0.02721566777,0.1385468359,0.05903757112,0.0733499448,0.07998395522,0.07431813753,0.06152788271,0.03371707629,0.04279050354,0.048729088,0.0499023902,0.1909742219,0.1138095095,0.1618105995,0.1999790527,0.2129694564,0.1999200638,0.0004617682595,0.0006761407781,0.0008883693741,0.001038159507,0.02579312197,0.008576525246,0.01870113548,0.03438012158,0.05090301656,0.06398000545,0.0002873209992,0.0004021576955,0.0005050900308,0.0005661893971,0.0187122398,0.004448988676,0.008477363411,0.01375073073,0.01776319219,0.01969064134,0.009046439973,0.007933753344,0.006243427609,0.004545749813,0.03366290884,0.004529892485,0.006003259717,0.006950501653,0.006468553443,0.005175529844,0.01516058256,0.01396461341,0.01154211355,0.00879306823,0.04773400226,0.009253146562,0.01420079271,0.01884142768,0.02034102521,0.01865935711,0.0002224303616,0.0002350896981,0.0002229546458,0.0001928429574,0.006572224121,0.0006981204309,0.001616360744,0.003141725636,0.004646045437,0.00563013445,0.0001327259627,0.000133562142,0.0001206019318,9.969396515e-05,0.004634855051,0.0003417659574,0.0006833022308,0.001158965743,0.001477466986,0.001561625554,2.532552887e-07,8.496645901e-07,2.157504987e-06,3.982374718e-06,0.008977024844,0.0005776925269,0.002143093958,0.005365784522,0.008133853477,0.008931838473,4.357339924e-10,3.366640422e-09,1.788030835e-08,5.987919219e-08,0.004607126274,0.0001343118257,0.0007547437551,0.002499808002,0.004240231948,0.004853073315,3.604194513e-09,3.08006128e-08,1.885479103e-07,7.467181637e-07,0.0116894281,0.001297534148,0.00505353906,0.01246210783,0.01797224148,0.01912000383,5.005126126e-09,4.82364887e-08,3.330025639e-07,1.473587662e-06,0.01696330798,0.002631650354,0.008467992266,0.01748940152,0.02162483577,0.02027512108,5.874276266e-09,6.589673562e-08,5.295228007e-07,2.695807936e-06,0.02427973394,0.004934756111,0.01247587857,0.02059684643,0.02074953957,0.01640128328,8.485260494e-10,1.381204759e-08,1.545446342e-07,1.029624322e-06,0.02432146352,0.003651942863,0.00759816012,0.01000313764,0.007515678599,0.004425336901,4.283782711e-12,1.605243186e-10,3.536167546e-09,3.832087756e-08,0.01856272381,0.0008709951377,0.001668376462,0.001709953224,0.0007635986239,0.0002365045713,9.411369158e-11,2.418310013e-09,3.653000544e-08,2.794488231e-07,0.02896064936,0.001478536486,0.002122913225,0.00166489016,0.000575215695,0.0001358796948,1.212603719e-09,2.145705929e-08,2.232030394e-07,1.210060084e-06,0.03768851388,0.001696919467,0.001983759235,0.001285424116,0.0003653854546,6.957577339e-05,6.275296138e-11,1.836682801e-09,2.809204099e-08,1.958167474e-07,0.03303387921,0.0004712013418,0.0003780338052,0.0001513430869,2.049751674e-05,1.668608715e-06
20,0.02121971983,0.02577779485,0.02809928559,0.02763744215,0.1397901538,0.06018411255,0.07506553493,0.08215056457,0.07663244589,0.0636801977,0.03406018705,0.04325703958,0.04929580429,0.05051627009,0.1920405018,0.1149259416,0.1637158204,0.2026992091,0.2162926531,0.2034269406,0.0004688247274,0.0006873041884,0.0009041299769,0.001057758167,0.02602579009,0.008720625656,0.01907963228,0.03518604758,0.05227471792,0.06591668909,0.0002920808788,0.0004095792625,0.0005153665063,0.0005786993004,0.01894469742,0.004566794132,0.008748224821,0.01426031056,0.01852092263,0.02063437507,0.009154155367,0.008039760455,0.006335944096,0.004619230556,0.03397864035,0.004621433105,0.006149044637,0.007145698784,0.00667718491,0.005363277355,0.01531999652,0.01412181141,0.01168061059,0.008904608759,0.04800553643,0.009343323156,0.01436609052,0.0190939487,0.02065303463,0.01898193851,0.0002258613671,0.0002390039895,0.0002269403633,0.0001965089739,0.006631332029,0.0007096166092,0.001648327407,0.00321354483,0.004767960983,0.005796342284,0.0001349589109,0.0001360685799,0.0001230998537,0.0001019382526,0.004693701245,0.0003509934993,0.0007055251938,0.001202633554,0.001541495364,0.001637735329,2.622448946e-07,8.827987998e-07,2.249218874e-06,4.16461619e-06,0.009142399357,0.0006061197332,0.002270697028,0.005737246266,0.008792873538,0.009758546203,4.566710054e-10,3.544442749e-09,1.891017167e-08,6.359370905e-08,0.004710796814,0.0001433644054,0.000816465611,0.002738048992,0.00471729354,0.005481809379,3.761988902e-09,3.227877849e-08,1.983937121e-07,7.886364491e-07,0.011938635,0.001376738381,0.00542668154,0.01353207626,0.01978579668,0.02133058744,5.250763816e-09,5.080748314e-08,3.521633122e-07,1.564166036e-06,0.01736340194,0.002807272007,0.009142458553,0.01909459419,0.02394296246,0.02275369755,6.202095651e-09,6.985340718e-08,5.635701196e-07,2.87977148e-06,0.02492208883,0.005299771929,0.01356170597,0.02264229752,0.02313973032,0.0185445937,9.126122627e-10,1.492201593e-08,1.677149112e-07,1.122005487e-06,0.02514113678,0.004006734745,0.008450956461,0.01126784446,0.008611104763,0.005154548157,4.808215478e-12,1.813232711e-10,4.019775192e-09,4.381759957e-08,0.01943291707,0.001007126062,0.001967001672,0.002052742319,0.0009412577596,0.0002992953332,1.066322447e-10,2.757408014e-09,4.191718531e-08,3.225419323e-07,0.03042337843,0.00172628182,0.002527068566,0.002017786144,0.0007161267631,0.0001737620113,1.383604983e-09,2.463855388e-08,2.579270601e-07,1.406513335e-06,0.03969481089,0.001995610607,0.002378314577,0.001568899012,0.0004582362366,8.966075755e-05,7.46192742e-11,2.200930399e-09,3.39242924e-08,2.381631618e-07,0.03516585722,0.0005823415696,0.0004783767999,0.0001957657958,2.747346991e-05,2.318766256e-06
21,0.02147239532,0.02612145385,0.02851396375,0.02808173359,0.1410859325,0.06138821034,0.07687433043,0.08444323206,0.07909119087,0.06597552897,0.03441957522,0.04374547012,0.04988891601,0.05115861243,0.193139494,0.1160712461,0.1656739073,0.2054997056,0.219720614,0.2070516388,0.0004762573161,0.0006990635989,0.0009207359795,0.00107841497,0.02626686604,0.008870070779,0.01947349186,0.03602732093,0.05371150735,0.06795198406,0.000297109575,0.0004174273927,0.0005262457965,0.000591958234,0.01918761001,0.004691237398,0.009035892688,0.01480422277,0.01933413075,0.0216524154,0.009267469931,0.008151339954,0.006433395098,0.00469669173,0.03430786548,0.004717652734,0.006302895848,0.007352465689,0.006899087553,0.005563763956,0.01548701847,0.01428643223,0.0118255991,0.009021354244,0.0482853357,0.009435719608,0.01453573402,0.01935351814,0.02097433075,0.01931481653,0.000229475521,0.0002431275138,0.0002311400756,0.0002003730554,0.006692557106,0.0007215262015,0.001681548929,0.003288405712,0.004895457495,0.005970733073,0.000137318716,0.0001387200797,0.0001257454626,0.0001043180931,0.004755219065,0.0003607472666,0.000729142935,0.001249276229,0.001610263053,0.001719910174,2.719144847e-07,9.185249223e-07,2.348360892e-06,4.362107134e-06,0.009315879936,0.0006367186739,0.002409417607,0.006144809303,0.009524018627,0.01068566288,4.794700428e-10,3.738750956e-09,2.0039855e-08,6.768280756e-08,0.004819991576,0.0001532802449,0.0008849963983,0.003005923705,0.005262233232,0.006211162198,3.932841269e-09,3.388441009e-08,2.091243819e-07,8.344677308e-07,0.01220050507,0.0014628967,0.005837615665,0.01472391052,0.02183444281,0.02386166198,5.517796312e-09,5.361184133e-08,3.731358808e-07,1.663634561e-06,0.0177846515,0.002999372121,0.009889373107,0.02089263665,0.02657693678,0.02560889547,6.560382214e-09,7.419301147e-08,6.010465191e-07,3.082943673e-06,0.02560013349,0.005701825449,0.01477261826,0.02494969919,0.02587568269,0.02103256215,9.839438273e-10,1.616256402e-08,1.824959324e-07,1.22608759e-06,0.02601287682,0.004406394411,0.009425010431,0.01273108753,0.009900543551,0.006027354635,5.417303262e-12,2.056270646e-10,4.588344319e-09,5.031677778e-08,0.02037008569,0.001168849715,0.002328834652,0.002475762268,0.001166461769,0.0003810394024,1.213029001e-10,3.157244002e-09,4.830851717e-08,3.739598622e-07,0.0320039358,0.002023506395,0.003021551717,0.002457494423,0.0008965510843,0.0002236030253,1.585368768e-09,2.841556454e-08,2.994062601e-07,1.642530984e-06,0.04186816248,0.002356581972,0.002864541999,0.001924629945,0.0005780053089,0.0001162924882,8.921351096e-11,2.65233196e-09,4.120731585e-08,2.914172856e-07,0.03750014443,0.0007235862031,0.0006089934884,0.0002548926204,3.709927828e-05,3.249366626e-06
22,0.02173749596,0.02648218425,0.02894952811,0.02854874255,0.1424328387,0.06264956196,0.07877678944,0.08686367998,0.08169763557,0.06841825533,0.03479512918,0.044255597,0.05050813723,0.05182907133,0.194268491,0.1172414584,0.1676782841,0.2083714356,0.2232426344,0.2107834083,0.0004840693301,0.0007114239385,0.0009381942771,0.001100138748,0.02651589193,0.009024516534,0.01988192653,0.03690251443,0.05521145893,0.07008391857,0.000302411727,0.0004257102174,0.0005377407105,0.0006059838054,0.01944079423,0.004822372697,0.009340710685,0.01538352987,0.02020512642,0.02274856202,0.009386420058,0.008268534173,0.006535825722,0.004778176526,0.0346502662,0.004818538166,0.006464872399,0.007570988325,0.007134593802,0.005777414366,0.01566160202,0.01445841439,0.01197701378,0.009143245448,0.04857269995,0.009529999418,0.01470911719,0.01961922936,0.02130382463,0.01965691654,0.0002332744606,0.0002474620231,0.0002355555397,0.0002044368572,0.006755780351,0.0007338198713,0.00171595238,0.003366164296,0.00502833095,0.006153090642,0.0001398076693,0.0001415195429,0.0001285420543,0.0001068368336,0.004819365359,0.0003710324526,0.0007541861986,0.001298990399,0.001683974566,0.00180847053,2.823014806e-07,9.5699517e-07,2.45539648e-06,4.575860738e-06,0.00949739741,0.0006695816271,0.002559922062,0.00659118218,0.01033394177,0.01172405887,5.042744222e-10,3.950920286e-09,2.127808663e-08,7.218113179e-08,0.004934723242,0.0001641219016,0.0009609731025,0.003306755624,0.005884191237,0.007056838253,4.117611901e-09,3.562651886e-08,2.208068779e-07,8.845264583e-07,0.01247497092,0.00155642487,0.006289364183,0.01604949565,0.024145949,0.02675722948,5.807760443e-09,5.666749262e-08,3.960687059e-07,1.772763927e-06,0.01822704488,0.003209089092,0.01071516158,0.02290395214,0.02956673098,0.02889564421,6.951564167e-09,7.894803052e-08,6.422606213e-07,3.307145702e-06,0.02631406096,0.006143891814,0.01612104485,0.0275495052,0.02900478431,0.02391914243,1.063300875e-09,1.754849103e-08,1.990794183e-07,1.343325072e-06,0.02693788129,0.004856082613,0.01053666461,0.0144231876,0.01141822348,0.007072353698,6.12524167e-12,2.340514288e-10,5.257484033e-09,5.801006391e-08,0.02137740041,0.00136100002,0.002767511866,0.002998326451,0.001452409565,0.000487702028,1.385118932e-10,3.629207754e-09,5.59004356e-08,4.353936988e-07,0.03370857667,0.002380215692,0.003627042947,0.003006054067,0.001128006252,0.0002893442418,1.823689873e-09,3.290509366e-08,3.490228604e-07,1.926507526e-06,0.04421814436,0.002793044913,0.003464327634,0.002371663579,0.0007328149247,0.0001517006948,1.072033612e-10,3.213102935e-09,5.03257292e-08,3.585744629e-07,0.040051903,0.0009033959562,0.000779404292,0.0003338112361,5.043006554e-05,4.587402596e-06
23,0.02201508707,0.02686009008,0.02940613318,0.02903867125,0.143829476,0.06396775913,0.0807732207,0.08941346835,0.08445492089,0.07101270821,0.03518673066,0.04478720828,0.05115315978,0.05252727139,0.1954247042,0.1184324191,0.1697219859,0.2113046648,0.2268471473,0.2146105018,0.0004922641104,0.0007243900779,0.0009565115313,0.001122937884,0.02677238809,0.009183586493,0.02030405105,0.0378099709,0.05677221944,0.07230988052,0.000307992162,0.0004344361593,0.0005498644776,0.000620794174,0.01970405209,0.004960241909,0.009663000274,0.01599927119,0.02113622921,0.02392669699,0.009511043537,0.008391386564,0.006643281938,0.004863728807,0.03500550847,0.004924067924,0.006635021159,0.007801439123,0.007384026864,0.006004651728,0.0158436977,0.01463769172,0.01213478379,0.009270217678,0.04886690774,0.009625809766,0.01488559896,0.01989011488,0.02164034267,0.02000706778,0.00023725984,0.0002520092477,0.0002401884504,0.0002087019458,0.006820877123,0.0007464656328,0.001751456321,0.003446655303,0.005166337576,0.006343140964,0.0001424281573,0.000144469979,0.0001314930387,0.0001094979321,0.004886093329,0.0003818533264,0.0007806840541,0.001351871102,0.001762836015,0.001903744855,2.934458674e-07,9.983722245e-07,2.570823585e-06,4.806962563e-06,0.009686866952,0.0007047987673,0.002722886683,0.007079180484,0.01122972015,0.01288552271,5.312401857e-10,4.182429698e-09,2.263441936e-08,7.712671684e-08,0.005054995032,0.0001759541876,0.001045074659,0.003644165826,0.006593373262,0.008036765228,4.31722492e-09,3.751480375e-08,2.335134567e-07,9.391529375e-07,0.01276193652,0.001657742499,0.006785082001,0.01752153262,0.0267507246,0.0300664955,6.122310935e-09,5.999379491e-08,4.211225683e-07,1.892391683e-06,0.0186905224,0.003437591336,0.01162661336,0.02515059425,0.03295653676,0.03267592901,7.378267389e-09,8.415371179e-08,6.875485853e-07,3.554368588e-06,0.02706398568,0.006629078512,0.01762030222,0.03047500458,0.03258002849,0.02726589591,1.151548855e-09,1.909628775e-08,2.17679991e-07,1.475353241e-06,0.0279172805,0.005361442956,0.01180417738,0.01637865109,0.01320401758,0.00832358132,6.948666385e-12,2.673228019e-10,6.045735532e-09,6.712655354e-08,0.02245806613,0.001589274382,0.003299510699,0.003644299219,0.001815936915,0.0006271294787,1.587163469e-10,4.18687165e-09,6.492862916e-08,5.088854141e-07,0.03554367978,0.002808349975,0.004368828703,0.003691010391,0.001425354401,0.0003762322881,2.105478327e-09,3.824762193e-08,4.084479284e-07,2.268656697e-06,0.04675458112,0.003320909281,0.004204664939,0.002934004439,0.0009332346199,0.0001988793861,1.294250707e-10,3.911299089e-09,6.176932328e-08,4.434785587e-07,0.04283706802,0.001132592815,0.001002127834,0.000439382508,6.894705783e-05,6.518471585e-06
24,0.02230523524,0.02725527592,0.0298839331,0.02955172091,0.1452743793,0.06534227197,0.08286375326,0.09209394947,0.08736600949,0.07376311434,0.03559425311,0.04534007579,0.0518236499,0.05325280378,0.1966052651,0.1196397755,0.1717976561,0.2142890187,0.2305216986,0.2185201352,0.0005008449884,0.0007379667438,0.0009756940285,0.001146820108,0.02703585238,0.009346870211,0.02073887594,0.03874778396,0.05839096558,0.07462654268,0.0003138558703,0.0004436138862,0.0005626306741,0.0006364079514,0.01997716933,0.005104871962,0.01000305323,0.01665244668,0.02212974173,0.02519075048,0.009641379054,0.008519941132,0.006755810017,0.004953392612,0.03537324081,0.005034210923,0.006813374126,0.008043972737,0.007647695508,0.006245892495,0.01603325217,0.01482419251,0.01229883194,0.00940220003,0.04916721664,0.009722781657,0.01506450302,0.02016514562,0.02198262468,0.0203640002,0.0002414333081,0.0002567708648,0.0002450404043,0.0002131697612,0.006887716972,0.0007594287266,0.001787970272,0.003529690532,0.005309190193,0.006540545933,0.0001451826501,0.0001475744902,0.000134601922,0.0001123049411,0.004955352118,0.0003932130254,0.0008086632776,0.001408010383,0.001847052869,0.0020060669,3.053902571e-07,1.042829483e-06,2.695173439e-06,5.056572363e-06,0.009884185937,0.0007424565066,0.002898989206,0.00761170233,0.01221882178,0.01418274994,5.605369303e-10,4.434890182e-09,2.411928825e-08,8.256123837e-08,0.005180798958,0.0001888435741,0.001138019046,0.004022073309,0.0074011093,0.009171301736,4.53267049e-09,3.955967639e-08,2.473218819e-07,9.987144435e-07,0.01306127302,0.0017672671,0.007328029131,0.01915348424,0.02968184387,0.0338441555,6.463224687e-09,6.361159129e-08,4.484711354e-07,2.023425479e-06,0.01917496863,0.003686063988,0.01263083835,0.02765619936,0.03679489976,0.03701930166,7.843323597e-09,8.984819548e-08,7.372755219e-07,3.826782801e-06,0.02784992859,0.007160599255,0.01928454454,0.03376233766,0.03666032696,0.03114269144,1.249645801e-09,2.082429015e-08,2.385373863e-07,1.624006742e-06,0.02895211282,0.005928607487,0.01324783293,0.01863654871,0.01530416459,0.009821381039,7.907049542e-12,3.062972309e-10,6.975097436e-09,7.793979116e-08,0.02361528695,0.001860359001,0.003944665116,0.004443067058,0.002278456113,0.0008096171842,1.824566462e-10,4.846390259e-09,7.567556568e-08,5.968979646e-07,0.0375156858,0.00332210038,0.005277715313,0.004546678487,0.001807720866,0.0004912353506,2.43896448e-09,4.461162898e-08,4.796995214e-07,2.681392522e-06,0.04948745954,0.003959259619,0.005118730182,0.003641810572,0.00119298251,0.0002618402561,1.569255675e-10,4.782339486e-09,7.616164181e-08,5.510612163e-07,0.0458722664,0.001424978887,0.001293584619,0.0005808393976,9.472668969e-05,9.313607308e-06
25,0.0226080072,0.0276678451,0.03038307922,0.03008808879,0.1467660103,0.06677243311,0.08504830541,0.0949062203,0.09043362585,0.07667353324,0.03601756001,0.04591395265,0.05251924489,0.05400522226,0.1978072273,0.1208589838,0.1738975468,0.2173134775,0.2342529297,0.2224984586,0.0005098152392,0.0007521584305,0.0009957475345,0.001171792289,0.02730575959,0.009513921822,0.02118530153,0.03971378016,0.06006436291,0.07702978944,0.0003200079793,0.0004532522631,0.0005760531456,0.0006528440947,0.02025991391,0.005256272134,0.0103611237,0.01734399915,0.0231879197,0.02654466084,0.009777465675,0.008654241856,0.00687345595,0.005047211641,0.035753093,0.005148925136,0.006999945661,0.008298721568,0.007925888464,0.006501540827,0.01623020745,0.01501783867,0.01246907381,0.009539114636,0.04947286372,0.009820530247,0.01524511813,0.02044323068,0.02232932277,0.02072634223,0.0002457964849,0.0002617484676,0.0002501128617,0.0002178415779,0.006956163503,0.0007726715182,0.001825394247,0.003615057364,0.005456554769,0.00674489734,0.0001480736893,0.0001508362551,0.0001378722881,0.0001152614881,0.005027086405,0.0004051133393,0.0008381476896,0.001467495768,0.001936827415,0.002115772525,3.181799484e-07,1.090551281e-06,2.829011225e-06,5.325925631e-06,0.01008923182,0.000782635633,0.003088898793,0.008191697281,0.01330905595,0.01562930708,5.923486765e-10,4.7100534e-09,2.57440706e-08,8.853027072e-08,0.005312114025,0.0002028574471,0.00124055886,0.004444687956,0.008319896953,0.01048343474,4.765006907e-09,4.177228437e-08,2.623156172e-07,1.063606256e-06,0.01337281455,0.001885407093,0.007921535692,0.0209594904,0.03297500594,0.03815060067,6.832404743e-09,6.754326227e-08,4.783014643e-07,2.166846101e-06,0.01968020451,0.003955692646,0.01373520696,0.03044588825,0.04113476918,0.04200330975,8.349777873e-09,9.607263291e-08,7.918368227e-07,4.126747409e-06,0.0286718018,0.007741740097,0.02112868259,0.03745044138,0.04131073813,0.03562835424,1.358649869e-09,2.275283938e-08,2.619187739e-07,1.791339058e-06,0.03004329819,0.006564191385,0.014890025,0.02124086803,0.0177720118,0.01161334953,9.02315229e-12,3.519821095e-10,8.071634534e-09,9.077594521e-08,0.02485222627,0.002182062035,0.004726743712,0.005430669779,0.002867102985,0.001048632027,2.10370718e-10,5.626964948e-09,8.847931015e-08,7.023980234e-07,0.03963102526,0.003938254451,0.006391074716,0.005615640697,0.002299633052,0.00064358055,2.833937635e-09,5.2198894e-08,5.652113979e-07,3.179782918e-06,0.05242682573,0.00473088527,0.006247130779,0.004532827727,0.001529804249,0.0003459431816,1.910145966e-10,5.870908434e-09,9.429599749e-08,6.876459038e-07,0.04917470922,0.001798094289,0.001675244989,0.0007705721845,0.0001306732396,1.336794314e-05
26,0.02292346866,0.02809789799,0.03090371764,0.03064796523,0.1483027534,0.06825742186,0.08732655291,0.09785107287,0.09366019251,0.07974778941,0.03645650333,0.04650857089,0.05323954993,0.05478403929,0.1990275686,0.1220853147,0.1760135243,0.2203663775,0.238026571,0.2265305379,0.0005191780322,0.0007669693088,0.001016677145,0.001197860228,0.02758156109,0.009684258911,0.02164211268,0.04070550275,0.06178852751,0.07951464658,0.000326453726,0.0004633603009,0.0005901459244,0.0006701217927,0.02055203448,0.005414431272,0.01073741979,0.01807479508,0.0243129385,0.02799232876,0.009919342324,0.008794332087,0.006996264848,0.005145228722,0.03614467482,0.005268156237,0.007194729634,0.00856579107,0.008218868421,0.006771982451,0.01643450012,0.0152185448,0.01264541693,0.009680875929,0.04978306615,0.009918655352,0.01542669875,0.02072321798,0.02267900136,0.02109261979,0.0002503509378,0.0002669435324,0.0002554071091,0.0002227184641,0.007026074281,0.0007861534216,0.001863618356,0.003702517446,0.005608047265,0.006955711207,0.0001511038751,0.0001542585118,0.0001413077788,0.0001183712556,0.005101236018,0.0004175544875,0.000869157454,0.001530408593,0.002032355915,0.002233196004,3.318629812e-07,1.141733076e-06,2.972936606e-06,5.616334776e-06,0.01030186001,0.0008254092474,0.003293264361,0.008822128017,0.01450850487,0.01723956477,6.268747699e-10,5.009820595e-09,2.752114731e-08,9.508355119e-08,0.005448904414,0.0002180631982,0.001353475098,0.004916494296,0.009363422889,0.01199895223,5.015362518e-09,4.416453212e-08,2.785839988e-07,1.134252583e-06,0.01369635404,0.002012553689,0.008568958031,0.02295424714,0.03666841271,0.04305200992,7.231883799e-09,7.1812772e-08,5.108144486e-07,2.323710199e-06,0.02020597932,0.004247643924,0.01494727091,0.03354610601,0.04603343514,0.04771380066,8.900895288e-09,1.028712918e-07,8.516593625e-07,4.456818487e-06,0.02952939294,0.008375816836,0.02316826518,0.04158090539,0.04660257522,0.04081121857,1.479727062e-09,2.490444678e-08,2.881211634e-07,1.979642864e-06,0.03119161015,0.007275273857,0.01675530325,0.02424081711,0.0206687539,0.01375534205,1.03235387e-11,4.05561042e-10,9.36617931e-09,1.060232958e-07,0.02617196151,0.002563451236,0.005674085538,0.006651098373,0.003616120253,0.001361721232,2.432104186e-10,6.551381102e-09,1.037437995e-07,8.289530798e-07,0.04189603548,0.004676565481,0.007754021474,0.00695049694,0.002932416382,0.0008454406199,3.302022142e-09,6.125067637e-08,6.679137649e-07,3.782086638e-06,0.05558266461,0.005662858828,0.007639331978,0.005654087226,0.001966562714,0.0004583231903,2.333289744e-10,7.233320746e-09,1.171806696e-07,8.61332691e-07,0.05276205388,0.002274134294,0.002175072316,0.00102514839,0.0001808362795,1.9256028e-05
27,0.02325168314,0.02854553006,0.03144598662,0.0312315306,0.1498829109,0.06979624845,0.08969789683,0.100928943,0.09704776273,0.0829893992,0.0369109219,0.04712363897,0.05398413479,0.0555887223,0.2002631944,0.123313861,0.1781370787,0.2234354211,0.2418274463,0.2306003499,0.0005289363818,0.0007824031327,0.00103848713,0.001225028435,0.02786268455,0.009857361749,0.02210797468,0.04172019773,0.06355899131,0.08207521567,0.0003331984279,0.0004739471024,0.0006049231414,0.0006882603428,0.02085325902,0.00557931496,0.01113209471,0.01884560396,0.02550685624,0.02953756506,0.01006704724,0.008940253939,0.007124280335,0.005247485259,0.03654757492,0.005391836266,0.007397696521,0.008845254875,0.00852686566,0.007057578006,0.01664606056,0.01542621745,0.01282775997,0.009827389921,0.05009702206,0.01001674217,0.01560846626,0.02100389566,0.02303013835,0.02146125657,0.0002550981566,0.0002723573861,0.000260924219,0.0002278012412,0.007097300785,0.0007998308523,0.001902522511,0.003791805601,0.00576323086,0.007172422604,0.0001542758531,0.0001578445398,0.0001449120724,0.0001216379593,0.005177735552,0.0004305348906,0.0009017083376,0.001596822205,0.00213382545,0.002358665805,3.464901828e-07,1.196581592e-06,3.127584078e-06,5.929189859e-06,0.01052190183,0.0008708405018,0.003512701192,0.009505924088,0.01582543392,0.01902859423,6.643308105e-10,5.336251686e-09,2.946396525e-08,1.022752475e-07,0.00559111765,0.0002345271389,0.001477568906,0.005442224075,0.01054655492,0.01374657571,5.284937405e-09,4.674909859e-08,2.962223786e-07,1.211107331e-06,0.01403163911,0.00214907162,0.009273625099,0.02515284406,0.04080254552,0.04862028896,7.66382714e-09,7.644570625e-08,5.462251898e-07,2.495152597e-06,0.02075196265,0.004563042606,0.01627466224,0.03698438886,0.05155232292,0.05424504738,9.500166303e-09,1.102916436e-07,9.172025216e-07,4.819756439e-06,0.03042234928,0.009066122869,0.02541931711,0.04619771869,0.05261335308,0.04678952832,1.614159033e-09,2.730396132e-08,3.174738638e-07,2.191470955e-06,0.03239764614,0.008069362027,0.01887036882,0.02769105058,0.02406413247,0.01631251055,1.183915582e-11,4.684221088e-10,1.089513537e-08,1.24143177e-07,0.02757743344,0.003014991069,0.006820283299,0.008157757487,0.004568502637,0.001771642478,2.818602221e-10,7.646625423e-09,1.219507401e-07,9.808446889e-07,0.04431686598,0.005560136091,0.009420710938,0.008615877325,0.003745882911,0.00111280143,3.856994863e-09,7.205487703e-08,7.91327575e-07,4.510384921e-06,0.05896476089,0.006787151862,0.00935525735,0.007063885187,0.002532571871,0.0006084359933,2.859114002e-10,8.940449133e-09,1.460953528e-07,1.082482864e-06,0.05665223261,0.002881043741,0.002829315561,0.001366623224,0.0002508397622,2.781029717e-05
28,0.0235927108,0.02901083008,0.03201001402,0.03183895207,0.1515046997,0.07138773874,0.09216143108,0.1041398573,0.1005979498,0.08640149275,0.03738063981,0.04775883954,0.05475253081,0.05641868999,0.2015109409,0.1245395473,0.1802593398,0.2265076948,0.2456394896,0.2346907915,0.0005390930954,0.0007984631432,0.001061180782,0.001253299912,0.0281485339,0.01003267289,0.02258143017,0.04275480252,0.06537067199,0.08470461492,0.0003402474532,0.0004850218054,0.000620398933,0.0007072790208,0.02116329345,0.005750862654,0.01154523767,0.01965707628,0.02677157323,0.03118403208,0.01022061744,0.00909204766,0.007257543907,0.005354020662,0.03696135974,0.005519882297,0.00760879046,0.009137149741,0.008850071319,0.007358655875,0.0168648122,0.01564075421,0.01301599193,0.009978553502,0.05041391145,0.01011436222,0.0157896105,0.02128399432,0.02338112745,0.02183057587,0.0002600395287,0.0002779911713,0.0002666650099,0.0002330904406,0.007169688402,0.0008136572124,0.00194197623,0.003882628993,0.005921613663,0.007394381125,0.0001575922999,0.0001615976407,0.0001486888613,0.0001250653248,0.005256514018,0.0004440509391,0.0009358109381,0.001666800036,0.002241410443,0.002492499805,3.621152053e-07,1.255314904e-06,3.293623113e-06,6.265958777e-06,0.01074916249,0.0009189801484,0.003747775783,0.01024592724,0.01726817772,0.02101202045,7.049496035e-10,5.691574463e-09,3.158709976e-08,1.101642245e-07,0.005738682764,0.0002523132253,0.001613651017,0.006026815553,0.01188529619,0.0157580335,5.575004772e-09,4.953945089e-08,3.153322311e-07,1.294654689e-06,0.01437836802,0.002295288711,0.01003877437,0.02757055463,0.04541982033,0.05493281226,8.130534821e-09,8.14693002e-08,5.847632726e-07,2.682388049e-06,0.02131773652,0.004902945263,0.01772496868,0.04078904672,0.0577566102,0.06169963468,1.015131064e-08,1.183844283e-07,9.889589726e-07,5.218531855e-06,0.03135016178,0.00981586677,0.02789812762,0.05134688565,0.05942652652,0.05367161771,1.763350824e-09,2.997873664e-08,3.503409532e-07,2.429657433e-06,0.0336617966,0.008954334417,0.02126400451,0.03165178371,0.02803704967,0.01936033366,1.360598394e-11,5.421897767e-10,1.27013912e-08,1.456825096e-07,0.02907138992,0.003548672374,0.008204895806,0.01001507748,0.005777920956,0.002307749646,3.273583855e-10,8.944590265e-09,1.436732876e-07,1.163199625e-06,0.04689937186,0.006615801669,0.01145573537,0.01069071112,0.00479034246,0.001466543547,4.515147601e-09,8.495427771e-08,9.396738672e-07,5.391319279e-06,0.06258254066,0.008141269578,0.01146704381,0.008834047528,0.003265205418,0.0008087461082,3.513066046e-10,1.108132765e-08,1.826612723e-07,1.364325946e-06,0.06086324435,0.003653801557,0.003684704586,0.001824202165,0.0003484556229,4.023128432e-05
29,0.02394660717,0.02949387816,0.0325959146,0.03247038045,0.1531662481,0.0730305192,0.09471591013,0.10748338,0.1043118537,0.08998673094,0.03786546489,0.04841382708,0.05554422785,0.0572733089,0.20276758,0.1257571423,0.1823710968,0.2295696971,0.2494457741,0.238783705,0.0005496507215,0.0008151519709,0.001084760246,0.001282675919,0.02843848948,0.01020959722,0.02306089739,0.04380593772,0.06721784885,0.08739492838,0.0003476061881,0.0004965935222,0.0006365873418,0.0007271969417,0.0214818204,0.005928984808,0.01197686433,0.02050972017,0.02810878813,0.03293517833,0.01038008814,0.009249750988,0.007396094286,0.005464871764,0.03738557258,0.005652195151,0.007827926297,0.009441470384,0.00918863035,0.007675504524,0.01709067071,0.01586204294,0.01320999135,0.01013425378,0.05073289743,0.01021107447,0.01596929195,0.02156219026,0.02373028202,0.02219880386,0.0002651763125,0.000283845812,0.0002726300054,0.0002385862615,0.007243076479,0.0008275829121,0.00198183856,0.003974666599,0.006082646982,0.007620847187,0.0001610559084,0.000165521118,0.0001526418278,0.0001286570627,0.005337494507,0.0004580967591,0.0009714698832,0.001740393556,0.002355268876,0.00263499995,3.787945506e-07,1.318162464e-06,3.471758054e-06,6.628186805e-06,0.01098341914,0.0009698639209,0.003998988984,0.01104482797,0.01884499999,0.0232058261,7.489821219e-10,6.078193777e-09,3.390631639e-08,1.188143064e-07,0.005891508484,0.0002714815897,0.001762528669,0.006675357388,0.0133966922,0.01806805263,5.886911951e-09,5.254985291e-08,3.360212162e-07,1.38540946e-06,0.0147361858,0.00245148432,0.0108674768,0.03022257463,0.05056410071,0.06207191925,8.634442931e-09,8.691245346e-08,6.266729176e-07,2.886712307e-06,0.02190278764,0.005268310312,0.01930558323,0.04498875009,0.06471463129,0.07018803591,1.085827924e-08,1.2720369e-07,1.067455167e-06,5.656329471e-06,0.03231214935,0.01062809908,0.03062098409,0.05707588959,0.06713096834,0.0615757927,1.928838379e-09,3.295879417e-08,3.871237071e-07,2.697338686e-06,0.03498421282,0.009938360513,0.02396692259,0.0361887541,0.03267603719,0.02298558222,1.566576007e-11,6.287606469e-10,1.483535116e-08,1.712880399e-07,0.0306563242,0.004178125364,0.009874161849,0.01230024308,0.007310928196,0.003007664495,3.809207301e-10,1.048287093e-08,1.695916503e-07,1.382140563e-06,0.04964899532,0.007874493341,0.0139355775,0.01327072352,0.006128954201,0.001933769936,5.295697602e-09,1.003559444e-07,1.117999538e-06,6.45694639e-06,0.06644489315,0.009768877063,0.01406091168,0.0110524646,0.004211803062,0.00107558194,4.326779323e-10,1.376756007e-08,2.289277371e-07,1.723715313e-06,0.06541290696,0.004635898916,0.004801094558,0.002436319472,0.0004843607828,5.824062478e-05
30,0.02431342199,0.0299947438,0.03320378732,0.03312594684,0.1548655927,0.07472300276,0.09735971712,0.1109585579,0.1081899846,0.09374721817,0.03836518719,0.04908822578,0.05635867146,0.05815189006,0.2040298242,0.1269612744,0.1844628255,0.2326073757,0.2532285567,0.2428599193,0.0005606114949,0.0008324715363,0.001109226369,0.001313155751,0.0287319084,0.01038750243,0.02354467,0.04486990256,0.06909414536,0.0901371656,0.0003552800037,0.0005086712763,0.000653502212,0.0007480329112,0.02180849805,0.006113560032,0.01242690718,0.02140387709,0.02951995076,0.03479416675,0.01054549219,0.009413398496,0.007539966756,0.005580072214,0.03781973271,0.005788658143,0.008054986655,0.009758164214,0.009542634203,0.008008364382,0.01732354332,0.016089961,0.01340962564,0.01029436744,0.05105312754,0.01030642675,0.01614664438,0.02183710963,0.02407584017,0.02256407468,0.0002705096115,0.0002899219782,0.0002788193918,0.000244288527,0.007317298423,0.0008415554302,0.002021958142,0.004067569037,0.006245724292,0.007850989334,0.0001646693718,0.0001696182554,0.0001567746186,0.0001324168416,0.005420593876,0.0004726639807,0.00100868301,0.001817640122,0.002475538209,0.002786446342,3.96587582e-07,1.385365048e-06,3.662727713e-06,7.017495374e-06,0.01122441911,0.00102350977,0.004266757466,0.01190509312,0.02056392517,0.02562609999,7.966984733e-10,6.498700588e-09,3.643863083e-08,1.282945282e-07,0.006049481454,0.0002920868753,0.001924989797,0.007393015071,0.01509868043,0.02071424389,6.22208097e-09,5.579536789e-08,3.584031869e-07,1.483917103e-06,0.01510468051,0.002617876727,0.01176255062,0.03312370462,0.05628004814,0.07012411313,9.178123768e-09,9.28057297e-08,6.72212989e-07,3.10950233e-06,0.02250649995,0.005659964588,0.02102352687,0.04961201165,0.07249703174,0.07982780416,1.162525391e-08,1.368067774e-07,1.153251449e-06,6.136549747e-06,0.03330744337,0.0115056281,0.03360384622,0.06343298277,0.07582013202,0.07062982311,2.112295627e-09,3.627697766e-08,4.282629198e-07,2.997973622e-06,0.03636477402,0.01102979293,0.02701151274,0.04137298506,0.03807950843,0.0272871452,1.806677579e-11,7.303431475e-10,1.735608866e-08,2.017223757e-07,0.03233440798,0.00491870423,0.01188167578,0.01510498178,0.009249428254,0.003919254656,4.439671268e-10,1.230566008e-08,2.00510727e-07,1.644957625e-06,0.05257063524,0.0093715533,0.01695005905,0.01647110026,0.007840416027,0.002549406392,6.221248314e-09,1.187418629e-07,1.332320706e-06,7.745719716e-06,0.07055997284,0.01172037891,0.01723908365,0.01382584953,0.005431882574,0.001430179846,5.339477352e-10,1.713867569e-08,2.874782375e-07,2.182062186e-06,0.07031856774,0.005880999778,0.006254589409,0.003253192338,0.0006731214395,8.429062366e-05
31,0.02469319786,0.03051348394,0.03383371256,0.03380575923,0.156600676,0.07646337528,0.1000908327,0.1145638666,0.1122321861,0.09768441133,0.03887957748,0.04978162736,0.0571952602,0.05905368594,0.2052943324,0.1281464495,0.1865247197,0.2356061744,0.2569693359,0.2468993104,0.0005719772826,0.0008504229485,0.001134578526,0.001344736507,0.02902812506,0.01056572005,0.02403091839,0.04594267442,0.07099251994,0.09292123385,0.0003632742206,0.0005212639353,0.0006711570783,0.000769805269,0.02214295911,0.006304432318,0.01289520572,0.02233969649,0.03100621201,0.03676379661,0.0107168595,0.009583020917,0.00768919248,0.005699651862,0.03826333473,0.005929135893,0.008289819043,0.01008712605,0.009912113291,0.008357419322,0.01756332809,0.01632437447,0.0136147503,0.01045876013,0.05137373531,0.01039995731,0.01632077803,0.02210733358,0.02441597147,0.02292443727,0.0002760403465,0.0002962200495,0.0002852329767,0.0002501966402,0.007392181868,0.0008555194161,0.002062173409,0.004160958771,0.006410180956,0.008083882717,0.0001684353669,0.0001738922944,0.0001610908177,0.0001363482601,0.005505722475,0.0004877415096,0.00104744053,0.00189856074,0.002602331017,0.002947090776,4.155565192e-07,1.457174608e-06,3.867304629e-06,7.435579988e-06,0.01147187814,0.001079914995,0.004551393695,0.01282888482,0.0224325407,0.02828872508,8.483888572e-10,6.955880731e-09,3.920236574e-08,1.386793707e-07,0.006212464514,0.0003141763802,0.002101784374,0.008184938049,0.0170098727,0.02373685182,6.58200857e-09,5.929185389e-08,3.825981329e-07,1.590753434e-06,0.01548337986,0.002794609598,0.01272646414,0.03628797371,0.06261229135,0.07917890969,9.764284701e-09,9.918133818e-08,7.216568256e-07,3.352215466e-06,0.02312814757,0.006078566645,0.02288524386,0.0546865541,0.08117563799,0.09074229716,1.245664427e-08,1.47254303e-07,1.246941723e-06,6.66280754e-06,0.03433497276,0.01245092476,0.0368619573,0.07046628379,0.08559084282,0.08096994663,2.315540894e-09,3.99690941e-08,4.742410388e-07,3.335362475e-06,0.03780305396,0.01223702894,0.03043147173,0.04728030022,0.04435570846,0.03237662077,2.086474876e-11,8.495011697e-10,2.033262263e-08,2.378818587e-07,0.0341074196,0.005787528973,0.01428897121,0.018537325,0.01169335584,0.005102920293,5.181506918e-10,1.446474091e-08,2.373798402e-07,1.960301691e-06,0.05566850562,0.01114696767,0.02060369475,0.02042921839,0.01002195743,0.003358089373,7.31830124e-09,1.406808433e-07,1.589784436e-06,9.303605024e-06,0.07493498238,0.01405340145,0.02112165335,0.01728263374,0.006999641877,0.001899932727,6.599651345e-10,2.136858527e-08,3.615594763e-07,2.766480937e-06,0.07559677082,0.007454751008,0.00814114492,0.004339896356,0.0009344509367,0.0001218468701
32,0.02508596904,0.03105014092,0.0344857493,0.03450989911,0.1583693451,0.0782495833,0.1029068052,0.1182971571,0.1164375557,0.1017990259,0.0394083859,0.05049358913,0.05805334307,0.05997788756,0.2065577165,0.1293070708,0.1885467293,0.2385510906,0.2606489256,0.2508808797,0.0005837495275,0.0008690064035,0.001160814459,0.001377412853,0.02932645199,0.01074354695,0.02451769293,0.04701991286,0.07290526582,0.09573592494,0.0003715940717,0.0005343801411,0.0006895650499,0.0007925317234,0.02248480993,0.006501408369,0.01338149678,0.02331711,0.03256837116,0.03884641951,0.01089421643,0.009758644464,0.007843797806,0.005823636125,0.03871584796,0.006073473225,0.008532233068,0.01042819286,0.01029702933,0.008722787798,0.01780991318,0.01656513747,0.01382520832,0.01062728597,0.05169384203,0.0104911967,0.01649078335,0.02237140447,0.0247487851,0.02327786398,0.0002817692286,0.0003027400793,0.000291870146,0.0002563095408,0.007467548887,0.0008694168365,0.002102312951,0.004254430758,0.006575294836,0.008318508937,0.000172356537,0.00017834641,0.0001655939179,0.0001404548166,0.005592783898,0.000503315306,0.001087724197,0.001983157763,0.002735730401,0.003117149766,4.357664138e-07,1.533854035e-06,4.086293951e-06,7.884207138e-06,0.01172547895,0.001139053309,0.004853084629,0.01381797108,0.02445776955,0.03120900217,9.043645012e-10,7.452723226e-09,4.221720308e-08,1.500489729e-07,0.006380295073,0.0003377880251,0.002293602846,0.009056146037,0.01914926001,0.0271783397,6.968265604e-09,6.305595092e-08,4.087320498e-07,1.706523902e-06,0.01587174804,0.002981737707,0.01376122807,0.03972820369,0.06960439927,0.08932728589,1.039576553e-08,1.06073094e-07,7.752918672e-07,3.616387433e-06,0.02376688827,0.006524567181,0.02489636996,0.06023855941,0.09082201027,0.1030588555,1.335708147e-08,1.586100521e-07,1.349152589e-06,7.238927289e-06,0.03539344997,0.0134660172,0.04040939123,0.07822266689,0.096541663,0.09273928088,2.540542371e-09,4.407403468e-08,5.25584022e-07,3.713663387e-06,0.0392982875,0.01356833871,0.03426129692,0.05399053595,0.05162226436,0.03837855575,2.412376371e-11,9.892014853e-10,2.38453143e-08,2.808162535e-07,0.03597666794,0.006803467429,0.01716594394,0.02272321863,0.01476347227,0.006634163117,6.053895984e-10,1.702057695e-08,2.813145515e-07,2.338399647e-06,0.05894598373,0.013245474,0.02501683165,0.02530728992,0.01279255649,0.004416335035,8.617817865e-09,1.668416882e-07,1.898849031e-06,1.118533312e-05,0.07957593775,0.01683311333,0.02584826424,0.02157586078,0.009006699929,0.002519846347,8.167047504e-10,2.667329504e-08,4.552368995e-07,3.511180972e-06,0.08126288109,0.009436679766,0.01058060567,0.005779979533,0.001294785058,0.0001757625617
33,0.02549176013,0.03160474045,0.03515993234,0.03523841797,0.1601693503,0.08007932283,0.1058047225,0.1221556029,0.1208043673,0.1060909399,0.03995134049,0.0512236321,0.05893221723,0.060923622,0.2078165491,0.1304374627,0.1905186041,0.2414267434,0.2642475444,0.254782852,0.0005959291922,0.0008882210816,0.001187930111,0.001411176797,0.0296261809,0.01092024747,0.02500292899,0.04809696869,0.0748240211,0.09856891881,0.0003802446635,0.0005480282362,0.0007087386883,0.0008162291764,0.0228336298,0.006704255084,0.01388540492,0.02433580524,0.03420682128,0.04104385033,0.01107758518,0.009940290139,0.008003803563,0.005952045343,0.03917671606,0.006221494148,0.008781997763,0.01078113858,0.01069726761,0.009104513737,0.01806317622,0.01681209147,0.01404082955,0.01079978696,0.05201255866,0.0105796698,0.01665573522,0.02262783301,0.02507233958,0.02362226122,0.000287696731,0.000309481758,0.0002987298224,0.0002626256609,0.007543216282,0.0008831871682,0.002142196046,0.004347553553,0.006740287849,0.008553757416,0.0001764354732,0.000182983686,0.0001702872903,0.0001447398775,0.005681674774,0.000519368175,0.001129506481,0.002071412554,0.00287578519,0.003296797084,4.572851038e-07,1.615676795e-06,4.320531876e-06,8.365210119e-06,0.01198486983,0.001200871903,0.005171869452,0.01487362916,0.0266456139,0.03440120714,9.649585591e-10,7.992427928e-09,4.550423034e-08,1.624893124e-07,0.006552783581,0.0003629481633,0.002501051718,0.01001139357,0.02153583105,0.03108277926,7.382495713e-09,6.710505853e-08,4.369367217e-07,1.831862401e-06,0.01626918301,0.003179212167,0.01486827874,0.04345551479,0.07729764763,0.1006596836,1.107553411e-08,1.135163542e-07,8.334190445e-07,3.903628885e-06,0.02442175765,0.006998167158,0.02706147541,0.06629179776,0.1015056536,0.1169063575,1.433140825e-08,1.709408356e-07,1.460541857e-06,7.868934127e-06,0.03648135796,0.01455237619,0.04425853583,0.08674643314,0.1087707832,0.10608554,2.789422328e-09,4.863386878e-08,5.828628059e-07,4.137405817e-06,0.04084933763,0.01503165807,0.03853562709,0.06158639793,0.06000522876,0.04543019621,2.791727527e-11,1.152864586e-09,2.798737494e-08,3.317501424e-07,0.03794291285,0.007987038104,0.02059102894,0.0278078179,0.01860412574,0.008606369594,7.079012676e-10,2.004349167e-08,3.336204527e-07,2.7912908e-06,0.06240544942,0.01571649271,0.03032641894,0.03129470216,0.016296241,0.005794950984,1.015582807e-08,1.980075576e-07,2.269482253e-06,1.345578746e-05,0.08448741741,0.02013230569,0.03157941434,0.02688587513,0.011564976,0.00333418639,1.011499813e-09,3.332003223e-08,5.735802907e-07,4.45914121e-06,0.08733066573,0.01192207763,0.01372106291,0.007679584161,0.001789208187,0.0002527640372
34,0.02591058477,0.03217728962,0.03585626938,0.0359913338,0.1619983446,0.08195002977,0.1087811855,0.1261356506,0.1253299928,0.1105590974,0.04050814601,0.05197123921,0.05983112592,0.06188995013,0.2090673707,0.131531896,0.1924299434,0.2442174515,0.2677449196,0.2585827927,0.0006085167018,0.0009080650449,0.001215919466,0.001446017462,0.02992658389,0.01109505606,0.02548445408,0.04916889831,0.07673979003,0.1014068058,0.000389230936,0.000562216187,0.0007286898794,0.0008409135419,0.0231889703,0.006912697243,0.0144064332,0.0253951998,0.03592149329,0.04335727369,0.01126698319,0.01012797302,0.008169224346,0.006084894132,0.03964535677,0.006373000968,0.009038839095,0.01114566915,0.01111262933,0.009502557279,0.01832298366,0.01706506466,0.01426143016,0.01097609265,0.05232898801,0.01066489811,0.01681469782,0.02287510645,0.02538465404,0.0239554818,0.0002938230612,0.0003164443766,0.000305810423,0.0002691428829,0.007618995924,0.0008967676382,0.002181633361,0.004439870902,0.006904328568,0.008788428447,0.0001806746954,0.0001878070886,0.0001751741532,0.000149206644,0.0057722846,0.0005358795712,0.001172749765,0.00216328314,0.003022505016,0.00348615592,4.801831432e-07,1.702926447e-06,4.570883619e-06,8.880483607e-06,0.01224966355,0.001265288563,0.00550761676,0.01599654292,0.02900087196,0.03787808212,1.030526956e-09,8.578412314e-09,4.908597875e-08,1.760923452e-07,0.006729712141,0.00038966927,0.002724626468,0.01105501252,0.0241880974,0.03549501631,7.82641318e-09,7.145730265e-08,4.673494065e-07,1.967429549e-06,0.01667501418,0.003386865487,0.01604835376,0.04747877729,0.0857295763,0.1132635348,1.180668004e-08,1.215479262e-07,8.963519e-07,4.215620384e-06,0.025091664,0.007499274395,0.0293837855,0.07286664019,0.1132918721,0.1324120876,1.538466493e-08,1.843162777e-07,1.581796357e-06,8.557040264e-06,0.03759693863,0.0157107929,0.04841951651,0.09607776136,0.1223734025,0.1211579597,3.064459708e-09,5.369390299e-08,6.466942663e-07,4.6114997e-06,0.0424546636,0.01663434523,0.04328841746,0.07015191097,0.06963750416,0.05368059422,3.232916026e-11,1.344418333e-09,3.286646728e-08,3.921058024e-07,0.04000628309,0.009360212665,0.0246510308,0.03395625623,0.02338575583,0.01113368324,8.282385297e-10,2.361492466e-08,3.958186892e-07,3.33308237e-06,0.06604811749,0.01861382461,0.03668621856,0.0386097691,0.02070525717,0.007581606135,1.197407825e-08,2.350913863e-07,2.713375752e-06,1.619151653e-05,0.08967229852,0.02403114065,0.03849715387,0.03342252763,0.01480954286,0.00439826932,1.253312573e-09,4.16379197e-08,7.228827325e-07,5.664101532e-06,0.09381183568,0.01502372404,0.01774332917,0.01017197326,0.002463741554,0.0003620652897
35,0.02634244436,0.03276777478,0.0365747382,0.03676862758,0.1638538837,0.08385887199,0.1118322854,0.1302329727,0.1300108278,0.1152014121,0.04107848266,0.05273585384,0.06074925666,0.06287586474,0.2103066993,0.132584616,0.194270251,0.246907321,0.2711204074,0.262257745,0.0006215118866,0.000928535136,0.001244774385,0.001481920866,0.03022691507,0.0112671806,0.02595999696,0.0502304837,0.07864297627,0.1042351291,0.0003985576202,0.0005769515045,0.0007494297011,0.0008665995551,0.023550355,0.007126415449,0.01494395448,0.02649441574,0.03771179951,0.04578714751,0.01146242254,0.01032170158,0.008340067796,0.00622219072,0.04012116184,0.006527773525,0.009302437684,0.01152141772,0.01154282413,0.009916785495,0.01858919017,0.0173238714,0.01448681218,0.01115601968,0.05264222706,0.01074640219,0.01696672983,0.02311169773,0.02568372088,0.02427533931,0.0003001481323,0.0003236267911,0.0003131098185,0.0002758584973,0.007694695169,0.000910093512,0.00222042784,0.004530903855,0.007066535925,0.009021238065,0.0001850766325,0.0001928194388,0.0001802575391,0.0001538581171,0.005864495623,0.0005528254226,0.001217405583,0.002258701916,0.003175855312,0.003685290723,5.04533704e-07,1.795896016e-06,4.838240846e-06,9.431976882e-06,0.01251943649,0.001332188931,0.005860001701,0.01718669615,0.0315268317,0.0416502641,1.101449156e-09,9.214317148e-09,5.298645157e-08,1.909560963e-07,0.006910833293,0.0004179475493,0.002964682131,0.01219073337,0.02712352085,0.04045958734,8.301799866e-09,7.613149031e-08,5.001124124e-07,2.113910357e-06,0.01708850069,0.003604396832,0.01730136265,0.05180401641,0.09493234409,0.12722029,1.259240615e-08,1.302059458e-07,9.644154081e-07,4.554105564e-06,0.02577538422,0.008027459613,0.03186488361,0.07997896478,0.1262392652,0.1496978702,1.652207067e-08,1.988085315e-07,1.713628946e-06,9.307626036e-06,0.03873818287,0.01694125168,0.05289956727,0.1062509462,0.1374385765,0.1381033509,3.368090725e-09,5.930269631e-08,7.177415308e-07,5.141239138e-06,0.04411229062,0.01838290164,0.04855193995,0.07977041874,0.08065653649,0.06328890354,3.745480106e-11,1.568353494e-09,3.860637408e-08,4.635271961e-07,0.04216619311,0.01094609615,0.02944049375,0.04135363259,0.0293068435,0.01435376785,9.693271318e-10,2.782874353e-08,4.696728168e-07,3.980220291e-06,0.06987386563,0.02199505226,0.04426623374,0.04750053295,0.02622279743,0.009883412478,1.412070823e-08,2.791521096e-07,3.244172559e-06,1.948235078e-05,0.0951314837,0.02861646533,0.04680489517,0.04142653734,0.01890121051,0.00578030893,1.553044033e-09,5.203030296e-08,9.109156024e-07,7.192900464e-06,0.1007155515,0.01887324753,0.02286520966,0.01342225668,0.003377966398,0.0005161233154
36,0.0267873267,0.03337615955,0.0373152838,0.0375702398,0.1657334275,0.08580274336,0.1149535828,0.1344424248,0.1348422198,0.1200146732,0.04166200501,0.05351687834,0.06168573966,0.06388028906,0.2115310395,0.1335898732,0.1960289953,0.2494803431,0.2743531274,0.2657843853,0.0006349139257,0.0009496268776,0.00127448445,0.001518869704,0.03052641225,0.01143580622,0.02642719899,0.05127625825,0.08052342885,0.1070384495,0.0004082291948,0.0005922411615,0.0007709682857,0.0008933005759,0.0239172792,0.00734504437,0.01549720337,0.02763225516,0.03957657781,0.04833310476,0.01166390929,0.01052147694,0.008516333883,0.006363936287,0.04060349717,0.006685568591,0.009572426803,0.01190794032,0.01198746281,0.01034696322,0.01886163809,0.01758831172,0.01471676307,0.01133937153,0.05295136944,0.01082370436,0.01711089018,0.02333607549,0.0259675199,0.02457962412,0.0003066715353,0.000331027386,0.0003206252931,0.0002827691626,0.007770117322,0.0009230984298,0.002258375768,0.004620153409,0.007225984052,0.009250824829,0.0001896436011,0.0001980233843,0.0001855402601,0.000158697061,0.005958182764,0.0005701779783,0.001263413914,0.002357573409,0.003335752334,0.003894198861,5.304124487e-07,1.894887208e-06,5.123518544e-06,1.002168559e-05,0.01279372804,0.00140142398,0.006228483668,0.01844326428,0.03422494708,0.04572565792,1.178128838e-09,9.904010756e-09,5.723114019e-08,2.071846887e-07,0.007095868983,0.0004477605186,0.003221402037,0.01342148701,0.03035784279,0.04601936939,8.810501118e-09,8.114705098e-08,5.353725533e-07,2.272011235e-06,0.01750883017,0.003831357936,0.01862625565,0.05643378165,0.1049308988,0.1426019541,1.343601759e-08,1.395297206e-07,1.037944461e-06,4.920882293e-06,0.02647156072,0.008581913163,0.03450440294,0.08763897341,0.1403968833,0.1688754542,1.77489997e-08,2.144919131e-07,1.856774632e-06,1.012521496e-05,0.03990282274,0.0182428007,0.05770236053,0.1172924436,0.1540455353,0.1570612299,3.702907036e-09,6.551202171e-08,7.967134952e-07,5.732299286e-06,0.04581978194,0.02028265972,0.05435560692,0.09052210234,0.09320117646,0.07442169443,4.340217564e-11,1.829779886e-09,4.534869521e-08,5.479045388e-07,0.04442126008,0.01276846367,0.03506048892,0.05020392173,0.03659492331,0.0184301759,1.134503713e-09,3.279258112e-08,5.572163859e-07,4.75176948e-06,0.07388106078,0.025920581,0.05325110662,0.05824418442,0.03308487644,0.01282929558,1.665094133e-08,3.314113307e-07,3.877702726e-06,2.343309105e-05,0.1008636229,0.03398058333,0.05672601262,0.05116956726,0.02402850647,0.00756317743,1.923883569e-09,6.498877694e-08,1.147221144e-06,9.128178475e-06,0.1080478999,0.02362186468,0.02934511114,0.01763197927,0.004607895952,0.0007315340409
37,0.02724520474,0.03400238278,0.03807781555,0.03839606695,0.1676343411,0.08777825988,0.1181400915,0.1387580075,0.1398184017,0.1249944554,0.04225834091,0.05431367285,0.06263964668,0.06490207566,0.2127368924,0.1345419552,0.1976956746,0.2519205001,0.2774221105,0.2691391965,0.0006487212896,0.0009713343748,0.001305036816,0.001556843153,0.03082429902,0.01160009975,0.02688362757,0.05230053852,0.08237050114,0.1098004325,0.0004182498407,0.0006080915077,0.0007933146785,0.0009210283851,0.02428921001,0.007568171351,0.01606526914,0.02880717733,0.0415140372,0.05099385539,0.01187144288,0.0107272922,0.008698014177,0.00651012431,0.0410917031,0.006846119446,0.009848390681,0.01230471186,0.01244605063,0.01079274416,0.01914015693,0.01785817084,0.01495105538,0.0115259383,0.05325550814,0.0108963315,0.01724624427,0.0235467149,0.02623403373,0.0248661211,0.0003133925109,0.0003386440405,0.0003283535063,0.0002898708674,0.007845062186,0.0009357147895,0.002295268018,0.004707103672,0.007381708299,0.009475758595,0.0001943777841,0.0002034213697,0.0001910248729,0.0001637259659,0.0060532136,0.0005879056833,0.00131070254,0.002459772186,0.003502058288,0.004112802228,5.578973687e-07,2.000209463e-06,5.42765126e-06,1.065164193e-05,0.01307204031,0.001472807797,0.006612285243,0.01976450735,0.0370945039,0.05010876493,1.260994451e-09,1.065159163e-08,6.18470257e-08,2.248883e-07,0.007284509769,0.0004790646322,0.003494765412,0.01474919035,0.03390432,0.05221395549,9.354420559e-09,8.652396341e-08,5.732804729e-07,2.442456275e-06,0.01793511822,0.004067140172,0.02002089452,0.06136649597,0.1157409944,0.1594671611,1.434090827e-08,1.495595375e-07,1.117281992e-06,5.317791642e-06,0.0271786996,0.00916140382,0.03729971533,0.09584994443,0.1558010812,0.190041167,1.907095198e-08,2.314424497e-07,2.011985714e-06,1.101444221e-05,0.04108832578,0.01961342417,0.06282731123,0.1292187569,0.1722595028,0.1781580129,4.07165104e-09,7.237676397e-08,8.843633814e-07,6.390724989e-06,0.04757421407,0.02233744159,0.06072462484,0.1024810053,0.1074076275,0.08724912757,5.02929214e-11,2.134481409e-09,5.325452152e-08,6.473986918e-07,0.04676922291,0.01485113488,0.04161669545,0.06072748268,0.04550619239,0.02355393791,1.327553071e-09,3.862915678e-08,6.607804145e-07,5.669695227e-06,0.07806638754,0.03045225896,0.06383722232,0.0711446105,0.04156083842,0.01657184073,1.962776594e-08,3.932699192e-07,4.632220083e-06,2.816521964e-05,0.1068648362,0.04021937605,0.06850088289,0.06295249802,0.03040862141,0.00984587629,2.381696933e-09,8.110887484e-08,1.443442396e-06,1.157145024e-05,0.1158113492,0.02944017974,0.03748437498,0.02304307171,0.006248927503,0.001030048113
38,0.02771603525,0.03464635651,0.03886220446,0.03924595815,0.1695538976,0.0897817583,0.1213862663,0.1431728342,0.1449324319,0.1301350337,0.04286709068,0.05512555437,0.06360999009,0.06594000589,0.2139207666,0.1354352214,0.1992598864,0.25421188,0.2803064595,0.2722986583,0.000662931685,0.0009936502204,0.001336416064,0.001595816676,0.03111978701,0.01175921479,0.02732679165,0.0532974619,0.08417312307,0.1125039593,0.0004286233952,0.0006245081827,0.0008164766926,0.0009497929766,0.02466558654,0.007795335436,0.01664708972,0.03001727802,0.04352170638,0.05376709023,0.01208501548,0.01093913168,0.008885091142,0.006660739904,0.04158509491,0.007009135641,0.01012986318,0.01271112275,0.01291798107,0.01125366247,0.01942456287,0.01813321886,0.01518944655,0.01171549656,0.05355373834,0.01096381805,0.0173718704,0.02374210925,0.02648126435,0.02513262883,0.0003203099223,0.0003464740943,0.0003362904558,0.0002971588939,0.007919326656,0.0009478741745,0.002330891476,0.004791225555,0.007532712414,0.009694551295,0.0001992812088,0.0002090156067,0.000196713642,0.000168947009,0.006149448401,0.000605973086,0.001359186501,0.002565140927,0.003674576678,0.004340938977,5.870685872e-07,2.112178829e-06,5.751588689e-06,1.132390317e-05,0.01335383821,0.001546115779,0.007010373154,0.02114766782,0.04013228506,0.05479998322,1.350499616e-09,1.146138905e-08,6.68625634e-08,2.441830351e-07,0.007476414268,0.0005117930248,0.003784514702,0.01617452041,0.03777287803,0.05907776222,9.93551365e-09,9.228266651e-08,6.139898275e-07,2.625982743e-06,0.01836640859,0.00431096334,0.02148192986,0.06659580422,0.1273671027,0.1778568535,1.531054452e-08,1.603364294e-07,1.202776709e-06,5.74670449e-06,0.02789517015,0.00976424126,0.04024562713,0.1046069551,0.1724721331,0.2132699054,2.049351783e-08,2.497373317e-07,2.180025887e-06,1.198001598e-05,0.04229189207,0.02104992086,0.0682688754,0.1420342145,0.1921270847,0.2015003137,4.477207839e-09,7.995474282e-08,9.814861695e-07,7.122909651e-06,0.0493721557,0.02454919586,0.06767849521,0.1157115772,0.1234044332,0.1019398542,5.826333246e-11,2.488967808e-09,6.250601839e-08,7.644644061e-07,0.0492068653,0.01721717266,0.04921666173,0.07315683293,0.05632318283,0.02994388832,1.552743222e-09,4.547752793e-08,7.830196369e-07,6.759134463e-06,0.08242468267,0.03565152537,0.07622826276,0.08652754513,0.05195188298,0.02128820516,2.312258085e-08,4.663238647e-07,5.528630608e-06,3.3818567e-05,0.1131284431,0.04742967779,0.08238201053,0.07710133332,0.03828679667,0.01274444144,2.94544827e-09,1.011072635e-07,1.813687723e-06,1.464652549e-05,0.1240041943,0.03651667966,0.04762756439,0.02994048264,0.00841859861,0.001439655108
39,0.02819975755,0.03530796405,0.03966828041,0.04011971179,0.1714892813,0.09180929722,0.124685995,0.1476791063,0.150176143,0.1354293062,0.04348782624,0.05595179592,0.06459572242,0.06699278974,0.2150791894,0.1362641384,0.2007114001,0.2563387972,0.2829855211,0.2752394513,0.0006775420001,0.001016565404,0.00136860407,0.001635761849,0.03141207836,0.01191229721,0.02775415932,0.05426103005,0.08591988655,0.1151312611,0.0004393533037,0.0006414960262,0.0008404607608,0.0009796023449,0.02504582037,0.008026026864,0.01724144701,0.03126027162,0.04559638642,0.05664938929,0.01230461142,0.0111569703,0.009077537426,0.006815759182,0.0420829636,0.007174302979,0.01041632691,0.01312647609,0.01340253038,0.01172912492,0.01971465844,0.01841321043,0.01543167873,0.01190780932,0.05384516043,0.01102570907,0.01748686667,0.02392078212,0.02670725062,0.02537698004,0.000327422228,0.0003545143155,0.0003444314437,0.0003046277859,0.007992705384,0.0009595078229,0.002365030626,0.00487198097,0.007677976855,0.0099056697,0.0002043557233,0.0002148080425,0.0002026085027,0.0001743620151,0.006246740228,0.0006243407827,0.001408767654,0.002673488742,0.003853047981,0.004578355547,6.180081236e-07,2.231116638e-06,6.096290571e-06,1.204053839e-05,0.01363854976,0.001621083332,0.00742144208,0.02258887696,0.04333224603,0.05979489998,1.447123365e-09,1.233796133e-08,7.230764754e-08,2.651907006e-07,0.007671208898,0.0005458534603,0.004090123714,0.01769668325,0.04196919966,0.06663789365,1.055577994e-08,9.844395351e-08,6.576563166e-07,2.823335741e-06,0.01880167412,0.004561866742,0.02300469017,0.07210994438,0.1398002807,0.1977896697,1.634844566e-08,1.719019004e-07,1.294780405e-06,6.209505625e-06,0.02861920585,0.01038824397,0.04333409395,0.1138956163,0.1904107027,0.2386085875,2.202233635e-08,2.69454266e-07,2.361663221e-06,1.302667126e-05,0.04351045419,0.02254779365,0.0740158679,0.1557287046,0.2136713296,0.2271674515,4.922593379e-09,8.830645061e-08,1.088914732e-06,7.935562775e-06,0.0512096513,0.026917622,0.07522939228,0.13026478,0.1413065038,0.1186545573,6.746524008e-11,2.900520456e-09,7.330783481e-08,9.018711763e-07,0.05172994482,0.01988789995,0.05796615648,0.08773037572,0.06934992489,0.03784515438,1.814856376e-09,5.349420448e-08,9.26936114e-07,8.048642432e-06,0.08694878004,0.04157705338,0.09062898519,0.104732804,0.06458692705,0.02717959425,2.721576913e-08,5.52378523e-07,6.59070016e-06,4.055284608e-05,0.1196447071,0.05570583165,0.09862691182,0.09396015884,0.04793355606,0.01639193691,3.637648058e-09,1.25840132e-07,2.27492379e-06,1.850322543e-05,0.1326200051,0.04505453098,0.06015979924,0.03865262442,0.0112587437,0.00199564275
40,0.02869629224,0.03598705803,0.04049582951,0.04101707232,0.1734375916,0.09385666098,0.1280325969,0.1522680959,0.1555400994,0.1408687272,0.04412009052,0.0567916261,0.0655957362,0.06805906623,0.2162087185,0.1370233169,0.2020402334,0.2582859192,0.2854390658,0.2779386735,0.0006925482521,0.001040069227,0.001401579879,0.001676646204,0.03170036852,0.0120584912,0.02816317725,0.05518515787,0.08759914335,0.1176640769,0.0004504425715,0.0006590589881,0.000865271786,0.001010462271,0.02542929632,0.008259687081,0.01784696375,0.03253347661,0.04773410894,0.0596361368,0.01253020652,0.01138077281,0.009275315174,0.006975148623,0.04258457678,0.007341283731,0.01070721274,0.01354998566,0.01389885303,0.01221840397,0.02001023211,0.01869788458,0.01567747873,0.01210262611,0.05412888308,0.01108156343,0.01759035796,0.02408129994,0.02691008649,0.0255970631,0.0003347274561,0.0003627608705,0.000352771045,0.0003122713189,0.008064991498,0.0009705471354,0.002397469297,0.004948827486,0.007816468188,0.01010755009,0.0002096029736,0.0002208003281,0.0002087110231,0.0001799724159,0.006344935091,0.0006429654028,0.001459334361,0.00278458977,0.004037145797,0.004824699209,6.507996161e-07,2.357347985e-06,6.462720859e-06,1.280361346e-05,0.01392556698,0.001697405179,0.007843902177,0.0240830744,0.04668521415,0.06508360148,1.551370167e-09,1.328609148e-08,7.821355373e-08,2.880384702e-07,0.007868487925,0.0005811265807,0.004410767795,0.01931318564,0.0464937745,0.07491180658,1.121725391e-08,1.050288482e-07,7.04436556e-07,3.035261998e-06,0.01923981852,0.004818703169,0.02458308824,0.07789116899,0.1530160758,0.2192571852,1.745816146e-08,1.842976062e-07,1.393644848e-06,6.708075217e-06,0.02934890693,0.01103071439,0.04655396756,0.1236908709,0.2095942871,0.2660692501,2.366304711e-08,2.906707244e-07,2.557661982e-06,1.415911567e-05,0.04474068027,0.02410115582,0.08005082803,0.1702754509,0.2368866189,0.2552033481,5.41093831e-09,9.749469364e-08,1.207514498e-06,8.835664659e-06,0.05308221005,0.02943979422,0.08338046088,0.1461738362,0.1612082462,0.1375381186,7.80667171e-11,3.377228953e-09,8.588823708e-08,1.062720195e-06,0.05433313038,0.02288173977,0.06796455919,0.1046838281,0.08490403665,0.04752517429,2.119213594e-09,6.285404434e-08,1.095898472e-06,9.570396791e-06,0.09162937105,0.04828188017,0.1072370661,0.1261031469,0.07981510056,0.03446872773,3.199715797e-08,6.534602025e-07,7.845226344e-06,4.854894367e-05,0.1264006016,0.06513539177,0.1174885006,0.1138806221,0.05963914957,0.02093713162,4.484814227e-09,1.563222619e-07,2.847386382e-06,2.332129873e-05,0.1416470911,0.0552662891,0.07550014374,0.04954860309,0.01493650885,0.00274148535
41,0.02920553998,0.03668345855,0.04134459161,0.04193772716,0.175395848,0.09591936653,0.1314188259,0.1569301376,0.1610135668,0.1464432509,0.04476339691,0.05764422883,0.06660886428,0.06913740437,0.217305954,0.1377075497,0.2032367293,0.2600383971,0.2876474757,0.2803740669,0.000707945536,0.001064149222,0.001435319596,0.001718433096,0.03198384914,0.0121969458,0.02855129188,0.05606372748,0.089199115,0.1200838326,0.0004618937142,0.0006772000369,0.000890912991,0.001042376106,0.02581537339,0.008495709325,0.01846210215,0.03383380517,0.0499301015,0.06272144576,0.01276176754,0.01161049318,0.009478375362,0.007138864469,0.04308917984,0.007509717088,0.01100189995,0.01398077474,0.01440597821,0.01272063184,0.02031105808,0.0189869646,0.01592655812,0.0122996831,0.05440402653,0.01113095702,0.01768150317,0.02422228499,0.02708793984,0.02579084424,0.0003422231789,0.0003712092959,0.0003613030794,0.0003200824753,0.008135977381,0.0009809242148,0.002427992539,0.005021223415,0.007947149456,0.01029861469,0.0002150243792,0.000226993787,0.0002150223658,0.0001857792101,0.006443872171,0.0006617996389,0.001510761316,0.002898182129,0.004226473573,0.005079511345,6.855280011e-07,2.491200003e-06,6.851841147e-06,1.361517414e-05,0.01421424699,0.001774735355,0.008275871201,0.02562394508,0.05017862581,0.07065003039,1.663769721e-09,1.431077971e-08,8.461285612e-08,3.128584269e-07,0.008067813846,0.0006174645541,0.004745297476,0.02101961887,0.05134094331,0.08390484589,1.192199436e-08,1.120584626e-07,7.54486786e-07,3.262502757e-06,0.01967967895,0.005080136379,0.02620955085,0.08391524706,0.1669725602,0.2422191951,1.864324623e-08,1.975649892e-07,1.49971821e-06,7.244267605e-06,0.03008224467,0.01168842327,0.04989078918,0.1339559141,0.2299737858,0.2956220454,2.542123518e-08,3.134630862e-07,2.768773261e-06,1.538196718e-05,0.04597898055,0.02570265983,0.08634946536,0.1856289292,0.2617335772,0.2856080811,5.945467122e-09,1.075841271e-07,1.338176495e-06,9.830406768e-06,0.0549848009,0.03210979991,0.09212409197,0.1634497413,0.1831759349,0.1587104926,9.025253773e-11,3.92801479e-09,1.004998477e-07,1.250455624e-06,0.05700995049,0.02621289667,0.07929929741,0.1242392037,0.1033052513,0.05926660448,2.471690522e-09,7.375083378e-08,1.293654711e-06,1.136033765e-05,0.09645488565,0.05581005257,0.1262329553,0.1509694468,0.0979942272,0.04339469061,3.756631464e-08,7.718238352e-07,9.322156255e-06,5.800983497e-05,0.1333796067,0.07579399164,0.139202842,0.1372075218,0.07370460276,0.02654142045,5.517928176e-09,1.937460251e-07,3.554993083e-06,2.931438782e-05,0.1510680025,0.06736618068,0.09409005036,0.06303110243,0.01964355234,0.003729356772
42,0.02972738032,0.03739695141,0.04221425783,0.04288130381,0.1773609956,0.09799267329,0.1348368804,0.1616546303,0.1665844948,0.1521412899,0.04541722893,0.0585087434,0.06763388058,0.07022630467,0.2183675513,0.1383118491,0.204291636,0.2615819987,0.2895919358,0.2825242493,0.0007237279773,0.001088791082,0.001469796288,0.001761081588,0.03226171128,0.01232682168,0.02891597205,0.05689064669,0.09070801319,0.1223718409,0.0004737087077,0.0006959210678,0.0009173857674,0.001075344559,0.02620338597,0.008733439812,0.01908516443,0.03515775742,0.05217876151,0.06589809465,0.01299925153,0.01184607394,0.009686657152,0.00730685214,0.04359599734,0.007679219882,0.01129971681,0.01441787581,0.01492280755,0.01323479588,0.02061689607,0.01928015805,0.01617861333,0.01249870342,0.0546697259,0.011173486,0.01775950239,0.02434242837,0.02723907143,0.02595639007,0.0003499064901,0.0003798544723,0.0003700205871,0.0003280534238,0.008205455494,0.0009905724336,0.002456388617,0.005088633257,0.008068991408,0.01047728968,0.0002206211092,0.0002333893817,0.0002215432492,0.000191782922,0.006543384112,0.0006807923261,0.001562909542,0.003013967268,0.004420562067,0.005342221699,7.222791462e-07,2.632999912e-06,7.264603341e-06,1.447722735e-05,0.01450391363,0.001852688006,0.008715172082,0.02720387841,0.05379631744,0.07647142392,1.784876477e-09,1.541723269e-08,9.153931673e-08,3.397869696e-07,0.00826871813,0.0006546902243,0.005092217059,0.02280946559,0.05649797882,0.09360774327,1.26720722e-08,1.195538357e-07,8.07961413e-07,3.505785753e-06,0.0201200296,0.005344642622,0.02787497758,0.09015107886,0.1816086043,0.2665992658,1.990722964e-08,2.117448671e-07,1.61334106e-06,7.819887374e-06,0.03081706743,0.01235760489,0.05332664413,0.144641299,0.2514703699,0.3271884527,2.730236923e-08,3.379056724e-07,2.995724418e-06,1.669968372e-05,0.04722151756,0.02734345452,0.0928802204,0.2017230359,0.2881342467,0.3183294433,6.529472152e-09,1.186406742e-07,1.481808619e-06,1.092711653e-05,0.05691185439,0.03491840944,0.1014402477,0.1820767054,0.2072395519,0.1822564828,1.042243153e-10,4.562637824e-09,1.17419855e-07,1.46886813e-06,0.05975275463,0.02988991459,0.09203941506,0.1465913651,0.1248600541,0.0733565457,2.878721215e-09,8.639744321e-08,1.524336223e-06,1.345821864e-05,0.1014113993,0.06419286008,0.1477678285,0.1796320596,0.1194747945,0.05420459862,4.403262131e-08,9.09955296e-07,1.105462898e-05,6.916096485e-05,0.1405615464,0.08773946837,0.1639743185,0.1642603067,0.09042887693,0.03337356156,6.772860986e-09,2.394992763e-07,4.425735444e-06,3.673383272e-05,0.1608590831,0.08155972958,0.1163759859,0.07952379977,0.02559266481,0.005020005547
43,0.03026167049,0.0381272864,0.04310446837,0.04384736713,0.1793299121,0.1000715962,0.1382784195,0.1664300495,0.1722395138,0.1579496897,0.04608104007,0.05938426479,0.06866950123,0.07132420126,0.2193902341,0.1388314853,0.2051961851,0.2629032418,0.2912546272,0.2843689494,0.0007398886866,0.001113978592,0.001504979904,0.001804546365,0.03253314868,0.01244729836,0.02925473289,0.05765991121,0.09211416938,0.1245095179,0.0004858889382,0.0007152228119,0.0009446895278,0.001109365483,0.02659264538,0.008972179575,0.01971429549,0.03650142088,0.05447364013,0.06915747921,0.01324260534,0.01208744556,0.009900087289,0.00747904569,0.0441042346,0.007849387566,0.0115999418,0.01486023136,0.01544811425,0.01375973538,0.02092749118,0.01957715685,0.016433326,0.01269939751,0.05492513459,0.01120877,0.01782360413,0.02444050304,0.02736185388,0.02609189023,0.0003577739818,0.0003886906026,0.0003789158086,0.0003361755035,0.008273219249,0.0009994270209,0.002482451089,0.005150533428,0.008180984428,0.0106420245,0.0002263940575,0.0002399876824,0.0002282739101,0.0001979835617,0.00664329738,0.0006998885723,0.001615626556,0.003131609781,0.004618867664,0.005612143839,7.611394368e-07,2.783072858e-06,7.701941584e-06,1.539172056e-05,0.01479385947,0.001930839027,0.009159336743,0.02881395409,0.05751838611,0.08251786879,1.915268862e-09,1.661084891e-08,9.902774429e-08,3.68964074e-07,0.008470702339,0.0006925968565,0.005449669723,0.02467394136,0.06194425154,0.1039941971,1.346955679e-08,1.275357525e-07,8.650113831e-07,3.765816286e-06,0.0205595861,0.005610516712,0.0295687348,0.09656045656,0.196842504,0.2922808187,2.125358402e-08,2.268769757e-07,1.7348419e-06,8.436662789e-06,0.03155110856,0.01303396503,0.05684009257,0.1556842958,0.2739728443,0.3606350807,2.931173297e-08,3.640696763e-07,3.239207356e-06,1.811648487e-05,0.04846421998,0.02901317635,0.09960397571,0.2184696317,0.3159677995,0.3532549428,7.166282124e-09,1.30730823e-07,1.639325019e-06,1.213316545e-05,0.05885727201,0.03785279636,0.1112949205,0.2020077309,0.233384414,0.2082147557,1.202002334e-10,5.291680936e-09,1.369495429e-07,1.722088432e-06,0.06255269033,0.0339141638,0.1062284488,0.1718923718,0.1498423594,0.09007169119,3.347286833e-09,1.010254371e-07,1.792450391e-06,1.590754118e-05,0.1064825712,0.07344477872,0.171949915,0.2123385995,0.1445791903,0.06714163374,5.151506595e-08,1.070566772e-06,1.307891919e-05,8.224991961e-05,0.1479224731,0.1010054167,0.1919584894,0.1953105987,0.1100918636,0.04160187586,8.290738199e-09,2.951807973e-07,5.492021165e-06,4.587202802e-05,0.1709900979,0.09803067471,0.1427856519,0.09945235851,0.03301102117,0.006681685782
44,0.03080824437,0.03887417578,0.0440148104,0.04483541688,0.1812994147,0.1021509223,0.1417345865,0.1712439715,0.1779639473,0.1638537208,0.0467542537,0.06026984436,0.06971438626,0.07242946459,0.2203708067,0.1392620233,0.2059421704,0.2639895266,0.2926189181,0.2858892407,0.000756419719,0.00113969358,0.001540837216,0.001848777683,0.03279736133,0.01255758152,0.0295651606,0.05836566977,0.09340617153,0.1264786145,0.000498435152,0.0007351047451,0.0009728215591,0.001144433672,0.02698244156,0.009211186963,0.02034748787,0.03786047582,0.05680743779,0.07248958209,0.01349176499,0.01233452586,0.01011857953,0.007655367295,0.04461307956,0.008019795483,0.01190180552,0.01530669573,0.01598054366,0.01429414007,0.02124257394,0.01987763748,0.01669036332,0.01290146365,0.05516942775,0.01123645524,0.01787311238,0.02451537649,0.02745479021,0.02619567957,0.0003658217252,0.0003977111916,0.0003879801697,0.0003444392145,0.008339063923,0.001007425662,0.002505980946,0.005206418197,0.008282150967,0.01079131218,0.0002323438185,0.0002467888341,0.000235214065,0.0002043805858,0.006743432684,0.0007190299426,0.001668746732,0.003250737723,0.004820771681,0.005888472081,8.021953134e-07,2.941739532e-06,8.164763435e-06,1.636051949e-05,0.01508334825,0.002008728624,0.009605616844,0.03044395866,0.06132113535,0.08875200979,2.055548156e-09,1.789720007e-08,1.071138203e-07,4.00532396e-07,0.008673239628,0.000730948571,0.00581543067,0.02660188307,0.06765053469,0.1150186728,1.431650051e-08,1.360245443e-07,9.257823928e-07,4.043267422e-06,0.02099701091,0.005875883041,0.03127868968,0.1030980027,0.2125710825,0.3191040312,2.268568838e-08,2.429994664e-07,1.864532286e-06,9.096216681e-06,0.03228199608,0.01371270296,0.06040619016,0.1670085707,0.2973357133,0.3957684831,3.145435002e-08,3.92021993e-07,3.4998657e-06,1.963626607e-05,0.04970280053,0.03069997996,0.1064739525,0.2357575855,0.3450670939,0.3902047477,7.859224989e-09,1.439207937e-07,1.811633519e-06,1.345585998e-05,0.06081444345,0.04089632789,0.1216388209,0.2231605726,0.261543001,0.2365665675,1.384142809e-10,6.126507896e-09,1.594129842e-07,2.014568424e-06,0.06539969801,0.03827832838,0.1218768941,0.2002341125,0.1784705239,0.1096592934,3.884885725e-09,1.178840097e-07,2.102858971e-06,1.875534209e-05,0.1116496188,0.08355930377,0.1988296866,0.2492587121,0.1735763851,0.08242924263,6.014168235e-08,1.256583475e-06,1.543425649e-05,9.754519874e-05,0.1554346104,0.1155944398,0.2232432076,0.2305562591,0.1329332729,0.05138370885,1.011820426e-08,3.626116274e-07,6.790929321e-06,5.706497231e-05,0.1814239531,0.1169253784,0.1736976892,0.1232184151,0.0421293697,0.008787824043
45,0.03136691145,0.03963729276,0.04494481616,0.04584488548,0.1832662684,0.1042252296,0.1451960391,0.1760831084,0.183741842,0.1698370916,0.04743626333,0.06116449077,0.07076714174,0.07354040474,0.221306168,0.1395993599,0.2065220233,0.2648292642,0.293669551,0.2870677701,0.0007733120372,0.001165915866,0.001577331774,0.00189372134,0.03305355903,0.01265691043,0.02984493772,0.05900229102,0.09457300591,0.1282614579,0.0005113474058,0.0007555650006,0.001001776882,0.00118054066,0.02737204515,0.00944968083,0.02098258905,0.03923020681,0.05917201237,0.07588296298,0.0137466552,0.01258721946,0.01034203412,0.007835726791,0.04512170475,0.008190000403,0.01220449312,0.01575603813,0.01651861561,0.01483655048,0.0215618603,0.02018126131,0.01694937863,0.01310458856,0.05540180574,0.01125621762,0.01790739331,0.02456602304,0.02751653176,0.02626625962,0.0003740452521,0.0004069090313,0.0003972042708,0.0003528342139,0.008402787599,0.001014509099,0.002526788782,0.005255805717,0.00837155828,0.01092371028,0.0002384706626,0.0002537925255,0.0002423628741,0.0002109728581,0.006843605476,0.0007381546993,0.001722091862,0.003370943484,0.005025580784,0.0061702801,8.4553276e-07,3.109313564e-06,8.65394034e-06,1.738538412e-05,0.01537161778,0.002085864827,0.01005100198,0.03208243653,0.06517712062,0.09512894805,2.206337015e-09,1.928200791e-08,1.158338898e-07,4.346362098e-07,0.008875776658,0.0007694815406,0.006186909746,0.02857969649,0.07357850495,0.1266145793,1.521492191e-08,1.450398701e-07,9.904129421e-07,4.338769367e-06,0.02143091957,0.006138711786,0.03299128874,0.1097113153,0.2286693847,0.346863851,2.420678919e-08,2.601483615e-07,2.002701541e-06,9.800035032e-06,0.03300726437,0.01438854868,0.06399661075,0.1785242467,0.3213781548,0.4323314349,3.373490281e-08,4.218239582e-07,3.778280981e-06,2.126250621e-05,0.0509327776,0.03239061214,0.1134358242,0.2534524411,0.3752163876,0.428926129,8.611584922e-09,1.58275577e-07,1.999621053e-06,1.490231465e-05,0.06277627234,0.04402844572,0.1324063946,0.2454143556,0.2915874813,0.2672248278,1.591148981e-10,7.079189414e-09,1.851547328e-07,2.351047406e-06,0.06828252585,0.04296498319,0.138954652,0.2316300006,0.2108814436,0.1323142663,4.49948141e-09,1.372381141e-07,2.460739373e-06,2.205180369e-05,0.1168913339,0.09450490399,0.2283846355,0.2904568934,0.2066527692,0.1002516519,7.004857094e-08,1.471119956e-06,1.816249431e-05,0.0001153338897,0.1630663609,0.1314714587,0.2578288736,0.2700930126,0.1591279333,0.06285220082,1.230754082e-08,4.438403019e-07,8.364334364e-06,7.069357413e-05,0.1921165309,0.1383352391,0.2094054296,0.1511665881,0.05316670945,0.01141313883
46,0.03193745585,0.04041627023,0.04589396137,0.04687513621,0.1852271951,0.1062889107,0.1486529866,0.1809333573,0.1895560153,0.1758819818,0.04812643291,0.06206717132,0.07182632237,0.07465527542,0.2221933241,0.1398397577,0.2069288858,0.2654120003,0.2943928213,0.2878889777,0.0007905554793,0.001192623231,0.001614423884,0.001939318689,0.03330096519,0.01274456542,0.03009186858,0.05956443122,0.09560420132,0.1298411993,0.0005246250178,0.0007766002827,0.001031548114,0.001217674534,0.02776070973,0.009686844412,0.02161731127,0.04060552088,0.06155840136,0.07932477176,0.01400718889,0.01284541729,0.01057033731,0.008020021264,0.04562926964,0.008359542351,0.01250714747,0.01620694692,0.01706072841,0.01538536033,0.02188505179,0.02048767506,0.01721001202,0.01330844814,0.05562149764,0.01126776552,0.01792588181,0.02459153537,0.02754589508,0.02630231879,0.0003824395394,0.0004162761887,0.0004065778832,0.000361349319,0.008464192144,0.001020621735,0.002544696947,0.00529824407,0.008448331206,0.01103786207,0.0002447745117,0.0002609979578,0.0002497189056,0.000217758614,0.006943626511,0.0007571980985,0.001775471931,0.003491785248,0.005232528615,0.006456521443,8.912367436e-07,3.286098719e-06,9.170297438e-06,1.84679432e-05,0.0156578832,0.002161727951,0.01049224568,0.03371677791,0.06905530672,0.1015963617,2.368277572e-09,2.077111643e-08,1.252247163e-07,4.714201761e-07,0.009077735907,0.0008079060085,0.006561164773,0.03059137405,0.07968049584,0.1386929872,1.616678715e-08,1.546004795e-07,1.059032244e-06,4.652898103e-06,0.02185988794,0.006396840439,0.03469168397,0.1163413438,0.2449910692,0.3753094108,2.581995811e-08,2.783569711e-07,2.149611126e-06,1.054943351e-05,0.0337243675,0.01505581593,0.06757988054,0.190128402,0.3458841005,0.4700011157,3.615764597e-08,4.535300059e-07,4.074957967e-06,2.299816956e-05,0.05214950088,0.03407053263,0.1204280746,0.2713968194,0.4061505182,0.4690899734,9.426553508e-09,1.738578417e-07,2.204137122e-06,1.647930807e-05,0.06473521067,0.0472246563,0.1435152706,0.268607142,0.3233234942,0.3000242475,1.825629457e-10,8.162392439e-09,2.145363589e-07,2.736501002e-06,0.07118876634,0.04794536392,0.1573839495,0.2659968137,0.2471030082,0.1581532741,5.199425018e-09,1.593656587e-07,2.871526063e-06,2.584965664e-05,0.1221841437,0.1062213781,0.2605045902,0.3358648859,0.2438804781,0.1207313309,8.137843444e-08,1.717444319e-06,2.130760308e-05,0.0001359180543,0.1707823868,0.1485575302,0.2956090271,0.3138851736,0.1887585695,0.07610074616,1.491658726e-08,5.411397533e-07,1.025884827e-05,8.718321254e-05,0.2030166567,0.1622779839,0.2500761113,0.183545383,0.0663104338,0.01462803413
47,0.03251963548,0.04121069964,0.04686166381,0.04792546155,0.1871788828,0.1083361983,0.1520952346,0.185779861,0.1953881224,0.1819690997,0.04882409742,0.06297681357,0.07289043465,0.07577227847,0.2230294016,0.1399798783,0.2071566791,0.2657285305,0.2947767451,0.2883393017,0.0008081387324,0.001219791397,0.001652070618,0.001985506685,0.03353882059,0.01281987519,0.03030390446,0.06004710152,0.09648997303,0.1312020614,0.0005382665197,0.0007982057845,0.001062125343,0.001255819757,0.02814767436,0.009921829886,0.0222492438,0.04198097266,0.06395685881,0.08280078661,0.01427326671,0.01310899614,0.01080336098,0.008208134696,0.04613492299,0.008527946704,0.01280887302,0.01665803506,0.01760516475,0.01593882111,0.02221183584,0.02079651129,0.01747189114,0.01351270835,0.05582776466,0.01127084253,0.01792808735,0.02459113526,0.02754187739,0.02630275103,0.0003909989962,0.0004258039987,0.0004160899501,0.000369972517,0.008523084191,0.001025712212,0.002559541657,0.005333317184,0.008511664755,0.01113251744,0.0002512549163,0.0002684038153,0.0002572801019,0.0002247354249,0.007043302472,0.0007760927416,0.001828686097,0.003612789068,0.005440778716,0.006746032144,9.393906042e-07,3.472385891e-06,9.714602767e-06,1.96096675e-05,0.01594134068,0.002235776006,0.0109258993,0.03533334559,0.07292134609,0.108094876,2.542029122e-09,2.237045909e-08,1.353231974e-07,5.110279345e-07,0.009278518371,0.0008459091595,0.006934926521,0.03261859249,0.08589955628,0.15114205,1.717399008e-08,1.647239608e-07,1.131758005e-06,4.986163384e-06,0.02228246019,0.006648000573,0.03636390788,0.1229230116,0.2613695873,0.4041451012,2.752804688e-08,2.976552752e-07,2.305488703e-06,1.134552238e-05,0.03443069446,0.01570847124,0.0711217294,0.2017060466,0.3706035896,0.5083896172,3.872631527e-08,4.871862627e-07,4.390309337e-06,2.48456034e-05,0.05334818069,0.0357240829,0.1273826191,0.2894116458,0.4375558297,0.5102899199,1.030717527e-08,1.907267188e-07,2.425975396e-06,1.819312252e-05,0.06668330201,0.05045664708,0.1548662365,0.292534738,0.356485786,0.3347134115,2.09028912e-10,9.389228213e-09,2.479316825e-07,3.176070599e-06,0.07410491604,0.05317844269,0.1770333097,0.3031380313,0.2870267226,0.1871872685,5.99334911e-09,1.845536551e-07,3.340829586e-06,3.02033486e-05,0.1275022209,0.118616929,0.2949787246,0.3852556477,0.2851852085,0.1439045977,9.427856897e-08,1.998928837e-06,2.491496503e-05,0.0001596096537,0.1785437686,0.1667246913,0.3363527614,0.3617375447,0.2217877367,0.09116592927,1.800840747e-08,6.56993443e-07,1.25255257e-05,0.0001070010029,0.2140662162,0.1886790883,0.2957079324,0.2204639097,0.08169252701,0.01849127438
48,0.03311318124,0.04202012998,0.04784728222,0.04899508208,0.1891179968,0.1103611942,0.1555122372,0.1906070815,0.2012187415,0.1880777626,0.04952856358,0.0638923073,0.07395794041,0.07688956909,0.2238116605,0.1400168126,0.2072001664,0.2657710071,0.2948112126,0.2884073673,0.0008260493114,0.001247394015,0.001690225838,0.002032217971,0.0337663873,0.0128822239,0.03047916803,0.06044573343,0.09722136355,0.1323295831,0.0005522696113,0.0008203751105,0.001093496009,0.001294957008,0.02853216633,0.01015376359,0.02287586776,0.04335079648,0.06635690771,0.086295479,0.01454477663,0.01337781826,0.01104096226,0.00839993768,0.0466378056,0.008694726556,0.01310874025,0.01710784687,0.01815009945,0.01649504891,0.02254188604,0.02110738917,0.01773463207,0.01371702615,0.05601990355,0.01126522989,0.01791359945,0.02456418322,0.02750367055,0.02626667243,0.0003997174537,0.0004354830621,0.000425728595,0.0003786909822,0.008579276147,0.001029733971,0.002571175024,0.005360650526,0.008560836227,0.01120655313,0.0002579110315,0.0002760082366,0.0002650437477,0.0002319001667,0.007142436665,0.0007947689831,0.001881523901,0.003733451567,0.005649428816,0.007037535587,9.900753988e-07,3.668449908e-06,1.028755595e-05,2.081184194e-05,0.01622117156,0.002307450992,0.01134835361,0.03691764053,0.07673798318,0.114558702,2.728265336e-09,2.408602091e-08,1.461660435e-07,5.53600524e-07,0.009477506672,0.0008831588519,0.007304635893,0.03464089753,0.09216985877,0.1638272802,1.823833078e-08,1.754264723e-07,1.2086941e-06,5.338996246e-06,0.0226971577,0.006889849571,0.03799109715,0.1293860942,0.2776202067,0.4330335043,2.933363993e-08,3.180692792e-07,2.470521985e-06,1.21891703e-05,0.03512358603,0.01634021841,0.07458556082,0.2131316009,0.3952555229,0.5470471207,4.144403297e-08,5.228290956e-07,4.724639931e-06,2.680643329e-05,0.05452392084,0.03733470303,0.1342256992,0.3072982693,0.46907307,0.5520446044,1.125628796e-08,2.089364718e-07,2.665853608e-06,2.004936884e-05,0.06861223356,0.05369254191,0.1663438227,0.3169510083,0.3907362864,0.3709496585,2.387892886e-10,1.077305537e-08,2.857205909e-07,3.67497155e-06,0.07701645936,0.05861042387,0.1977131973,0.3427302345,0.3303827989,0.2192945592,6.890030351e-09,2.130932246e-07,3.87433121e-06,3.516795753e-05,0.1328176445,0.1315662878,0.3314855454,0.4382212646,0.3303161662,0.1696971627,1.088982632e-07,2.318985758e-06,2.90304526e-05,0.000186723878,0.1863082478,0.1857923864,0.3796906611,0.4132710048,0.2580311754,0.1080101641,2.165064624e-08,7.940682367e-07,1.521927573e-05,0.0001306502026,0.2252004377,0.2173549127,0.3460882949,0.2618474707,0.09936315845,0.02304121403
49,0.03371779635,0.04284406703,0.04885011545,0.05008314568,0.1910411899,0.1123579014,0.1588931547,0.1953988866,0.2070274792,0.194186002,0.05023911091,0.06481250686,0.07502726099,0.07800526157,0.2245375068,0.1399481079,0.2070550095,0.2655330336,0.2944881242,0.2880841527,0.0008442735451,0.001275402676,0.001728840248,0.002079381001,0.03398295249,0.01293105792,0.03061597657,0.0607562413,0.09779037713,0.1332108526,0.0005666311157,0.0008431002041,0.001125644794,0.001335063039,0.02891340415,0.01038175187,0.02349457332,0.04470894541,0.06874740816,0.0897921064,0.01482159361,0.01365173104,0.01128298325,0.008595287205,0.04713705306,0.008859385345,0.01340579078,0.01755486604,0.0186936092,0.01705203366,0.02287486263,0.02141991519,0.01799784042,0.0139210506,0.05619724992,0.01125074867,0.01788209242,0.02451018684,0.02743067292,0.02619343547,0.0004085881584,0.000445303248,0.0004354811363,0.0003874911014,0.008632587182,0.001032645782,0.002579466956,0.005379916452,0.008595216584,0.01125899181,0.0002647415958,0.0002838087883,0.0002730064415,0.0002392489907,0.007240829767,0.0008131553887,0.001933766673,0.003853243275,0.00585751652,0.00732964973,1.0433692e-06,3.874546183e-06,1.088977645e-05,2.207553708e-05,0.01649654676,0.002376186,0.01175588773,0.0384545053,0.08046558478,0.1209165527,2.927670997e-09,2.59237952e-08,1.57789417e-07,5.992746333e-07,0.009674068527,0.0009193081788,0.007666493394,0.03663597911,0.09841748906,0.1765928001,1.936149297e-08,1.867224637e-07,1.289928165e-06,5.711736175e-06,0.02310248862,0.007120006837,0.03955576238,0.1356563471,0.2935429053,0.4616003185,3.123900498e-08,3.396203501e-07,2.64485245e-06,1.308096748e-05,0.03580035307,0.01694459726,0.07793303679,0.22427088,0.4195318847,0.5854679878,4.431321111e-08,5.604836388e-07,5.078130853e-06,2.888145769e-05,0.05567175485,0.03888519412,0.1408790484,0.3248414957,0.5003024076,0.5938033881,1.227645814e-08,2.285350678e-07,2.924392029e-06,2.205279924e-05,0.07051339667,0.05689730332,0.177817559,0.3415699217,0.4256651614,0.4082976197,2.721220644e-10,1.232723549e-08,3.282813613e-07,4.238379032e-06,0.07990797681,0.06417476682,0.219173968,0.3843142333,0.3767203834,0.2541970519,7.898219352e-09,2.452734073e-07,4.477651973e-06,4.07978368e-05,0.1381006137,0.1449102053,0.3695871905,0.4941573974,0.378821284,0.1979019485,1.253855763e-07,2.680987585e-06,3.369928007e-05,0.0002175707999,0.1940305541,0.2055260263,0.4251060497,0.4679045869,0.2971353389,0.1265056788,2.591452068e-08,9.5517166e-07,1.83979264e-05,0.0001586612178,0.2363483478,0.2479993926,0.4007574256,0.3073961704,0.1192638452,0.02828618315
50,0.03433315582,0.04368197279,0.04986940205,0.05118872716,0.1929451146,0.1143202583,0.1622269193,0.2001386482,0.2127930947,0.2002706935,0.05095499279,0.06573623379,0.07609678175,0.07911743569,0.2252045043,0.1397717921,0.2067178178,0.2650097462,0.2938015066,0.2873631302,0.0008627965686,0.001303786928,0.001767861481,0.002126920208,0.03418783236,0.01296589207,0.03071286365,0.06097508046,0.09819010507,0.133834726,0.000581346938,0.0008663712817,0.001158553528,0.001376110553,0.02929060079,0.0106048875,0.02410267922,0.04604913726,0.07111664118,0.09327283344,0.01510357921,0.01393056672,0.01152925087,0.008794026519,0.04763179881,0.009021419702,0.01369904315,0.01799752479,0.01923368409,0.01760765069,0.02321041308,0.02173368414,0.01826111242,0.0141244241,0.05635918141,0.01122726161,0.01783332931,0.02442880776,0.02732249915,0.02608264052,0.0004176037686,0.0004552537019,0.0004453341094,0.0003963585062,0.008682844234,0.001034412223,0.002584306902,0.005390839086,0.00861428082,0.01128901941,0.0002717449093,0.0002918024403,0.0002811640689,0.0002467772979,0.007338280637,0.0008311792432,0.001985189144,0.003971612575,0.00606402639,0.007620896749,1.099346354e-06,4.090907225e-06,1.152179155e-05,2.340158017e-05,0.01676663158,0.002441413008,0.01214472455,0.0399283624,0.08406279106,0.1270928325,3.14093823e-09,2.788973507e-08,1.702285345e-07,6.481806919e-07,0.009867560572,0.000954000799,0.00801652046,0.03858003737,0.1045616323,0.1892636498,2.054502024e-08,1.986243868e-07,1.375529141e-06,6.104618163e-06,0.02349695815,0.007336093776,0.04104009919,0.1416568698,0.3089261152,0.4894413026,3.324604232e-08,3.62324542e-07,2.828569022e-06,1.402118909e-05,0.03645829629,0.01751509492,0.08112476828,0.2349835608,0.4431034287,0.6230998675,4.733545408e-08,6.001623241e-07,5.450823754e-06,3.107054462e-05,0.05678668502,0.04035802177,0.1472613141,0.34181352,0.5308106122,0.6349557771,1.33699129e-08,2.495626704e-07,3.202090841e-06,2.42071112e-05,0.07237795547,0.06003328342,0.1891439362,0.3660694809,0.4607952701,0.4462321601,3.09301313e-10,1.406484022e-08,3.759814682e-07,4.87129131e-06,0.08276327736,0.06979282445,0.2411066921,0.4272925398,0.4253957314,0.2914426515,9.02643717e-09,2.813737576e-07,5.156195964e-06,4.714499107e-05,0.1433197126,0.158456592,0.4087292841,0.5522568527,0.430031109,0.2281619258,1.43883488e-07,3.088171746e-06,3.896462767e-05,0.0002524453505,0.2016628175,0.2256381698,0.4719332648,0.5248468915,0.3385621175,0.1464218006,3.08734004e-08,1.143191521e-06,2.212089654e-05,0.0001915787573,0.2474334082,0.2801762183,0.4589821032,0.3565515469,0.1412031232,0.03419497744
51,0.03495890596,0.04453326512,0.05090432009,0.05231082844,0.1948264349,0.1162421758,0.1655023057,0.2048093522,0.2184936418,0.2063077103,0.05167543794,0.06666227982,0.07716485711,0.08022414357,0.225810387,0.1394863935,0.2061861892,0.2641978807,0.2927476059,0.2862403789,0.0008816023227,0.001332514314,0.001807234204,0.002174756215,0.03438037587,0.01298631532,0.03076859869,0.0610992998,0.09841483876,0.1341920238,0.0005964120271,0.0008901767741,0.001192201112,0.001418068105,0.02966296701,0.01082225664,0.02469745449,0.04736490685,0.0734524078,0.09671888112,0.0153905814,0.01421414223,0.01177957671,0.008995985073,0.04812117725,0.009180322523,0.01398749904,0.01843421428,0.01976824111,0.0181596747,0.02354817269,0.02204828013,0.01852403623,0.01432678364,0.05650512075,0.01119467464,0.01776716516,0.02431986701,0.02717898747,0.0259341444,0.0004267563547,0.0004653228594,0.0004552732955,0.0004052781143,0.00872988297,0.001035004111,0.002585605395,0.005393198627,0.008617617069,0.01129600044,0.0002789188147,0.0002999855438,0.0002895117803,0.0002544797184,0.007434587171,0.0008487671017,0.002035561254,0.004087990246,0.006267898396,0.007909715091,1.1580767e-06,4.317739043e-06,1.218402414e-05,2.479052622e-05,0.01703059077,0.00250257122,0.01251109155,0.04132348305,0.08748727577,0.1330090828,3.368762218e-09,2.99896997e-08,1.835172339e-07,7.004408161e-07,0.0100573325,0.0009868769364,0.008350631601,0.04044823425,0.1105161508,0.2016491777,2.179029147e-08,2.111424011e-07,1.465544813e-06,6.517759841e-06,0.02387907925,0.007535776658,0.04242633375,0.1473096765,0.3235512512,0.5161311585,3.53562334e-08,3.861919225e-07,3.021701847e-06,1.500975946e-05,0.03709472705,0.01804526706,0.08412109655,0.2451260846,0.4656267446,0.6593557533,5.051146231e-08,6.418634461e-07,5.842605668e-06,3.337253269e-05,0.05786372404,0.0417356541,0.1532897074,0.3579786902,0.5601403272,0.6748445433,1.453846882e-08,2.720500821e-07,3.499306888e-06,2.651474674e-05,0.07419692283,0.06306091782,0.200169073,0.3900975964,0.4955902896,0.4841462684,3.505908815e-10,1.599831077e-08,4.291669193e-07,5.578371259e-06,0.08556555406,0.07537515707,0.2631473019,0.4709345812,0.4755710029,0.330396909,1.028273938e-08,3.216557725e-07,5.91496894e-06,5.42571959e-05,0.1484422258,0.171983506,0.4482473799,0.6115145775,0.483054668,0.2599608418,1.645254466e-07,3.543530362e-06,4.486604996e-05,0.0002916157123,0.2091550635,0.2457927038,0.5193644132,0.5830994189,0.3815837568,0.1674176299,3.660094313e-08,1.361016501e-06,2.644744398e-05,0.0002299448262,0.2583743311,0.313318336,0.5197442897,0.4084766176,0.1648382196,0.04068870553
52,0.03559466409,0.04539731767,0.05195398742,0.05344837909,0.1966818392,0.1181175762,0.1687080072,0.2093937186,0.2241066295,0.2122721004,0.05239965197,0.06758941023,0.07822981603,0.08132341709,0.2263530694,0.1390909574,0.2054587414,0.2630958228,0.2913249564,0.2847146655,0.000900673562,0.001361550423,0.001846900258,0.002222806083,0.03455996847,0.01299199577,0.03078220411,0.06112658748,0.09846016773,0.1342757022,0.0006118203401,0.0009145032762,0.001226563446,0.001460900027,0.03002971499,0.0110329462,0.02527614195,0.04864966431,0.0757421424,0.1001107031,0.01568243431,0.01450225905,0.01203375701,0.009200978563,0.04860432704,0.009335586227,0.01427015018,0.01886329599,0.02029513932,0.018705796,0.0238877654,0.02236327774,0.01878619334,0.01452776223,0.05663453865,0.01115293809,0.01768354923,0.02418334874,0.02700020435,0.02574806564,0.0004360374036,0.0004754984658,0.0004652837581,0.000414234178,0.008773548742,0.001034398876,0.002583295369,0.005386834988,0.00860493421,0.01127949066,0.0002862606788,0.0003083538115,0.0002980439722,0.0002623500944,0.007529547209,0.0008658453784,0.002084650112,0.004201794545,0.006468037661,0.008194473875,1.21962476e-06,4.555217483e-06,1.287678054e-05,2.624262962e-05,0.01728759383,0.002559115778,0.01285128584,0.04262428026,0.09069659817,0.1385856518,3.611836404e-09,3.222939551e-08,1.976875082e-07,7.561666286e-07,0.0102427315,0.001017579916,0.00866471578,0.04221522145,0.1161915249,0.2135474777,2.309849558e-08,2.24284078e-07,1.559999371e-06,6.951148983e-06,0.02424738393,0.007716811254,0.04369709368,0.1525374314,0.3371979088,0.5412341442,3.757058946e-08,4.11225912e-07,3.224216278e-06,1.604621813e-05,0.03770698911,0.01852886594,0.08688294468,0.2545549204,0.4867525338,0.6936287367,5.384093897e-08,6.855697956e-07,6.25319477e-06,3.578513955e-05,0.05889793857,0.04300092537,0.1588818375,0.3730989838,0.5878212314,0.7127823142,1.578345927e-08,2.960171653e-07,3.816230298e-06,2.897669201e-05,0.07596124291,0.06593954908,0.2107320469,0.4132798568,0.5294665661,0.5213641616,3.962372317e-10,1.813907342e-08,4.881502475e-07,6.363768263e-06,0.08829756112,0.08082354204,0.2848843231,0.5143906324,0.5262258649,0.3702466884,1.167445032e-08,3.663532625e-07,6.758374961e-06,6.217589165e-05,0.1534345005,0.1852440861,0.4873806496,0.6707457829,0.5367901085,0.2926245064,1.87430373e-07,4.049686787e-06,5.143769489e-05,0.0003353103342,0.2164557855,0.2656122232,0.5664655877,0.6414737961,0.4252905526,0.18904207,4.316877234e-08,1.611437225e-06,3.143448043e-05,0.0002742774748,0.2690860691,0.3467362568,0.5817489353,0.4620544756,0.189666383,0.04763542989
53,0.03624001838,0.04627345996,0.05301746227,0.05460023754,0.1985080531,0.1199404333,0.1718327168,0.2138743318,0.2296091967,0.2181382851,0.0531268192,0.06851636742,0.07928996793,0.08241327581,0.2268306574,0.1385850574,0.2045351339,0.2617036411,0.2895344225,0.2827874924,0.0009199918703,0.001390858966,0.001886798823,0.002270983606,0.03472603566,0.01298268489,0.03075296965,0.06105530893,0.09832306027,0.1340809922,0.0006275648117,0.000939335506,0.001261613393,0.001504566384,0.03039006196,0.01123605156,0.0258359834,0.04989675858,0.07797303924,0.1034281872,0.0159789581,0.01479470324,0.01229157276,0.009408809055,0.04908039448,0.009486706155,0.01454598552,0.01928311412,0.02081219664,0.01924363889,0.02422880459,0.0226782433,0.01904716004,0.0147269904,0.05674695647,0.01110204737,0.01758252639,0.02401940204,0.02678644648,0.02552478637,0.0004454378262,0.0004857676013,0.000475349887,0.0004232103415,0.008813697493,0.001032580861,0.002577333217,0.005371650664,0.008576067783,0.01123924692,0.0002937673765,0.000316902302,0.0003067542727,0.0002703814686,0.00762295948,0.0008823409666,0.002132222117,0.00431243678,0.006663325395,0.008473489495,1.284048899e-06,4.803484534e-06,1.360023848e-05,2.775781668e-05,0.01753682055,0.002610526648,0.01316174163,0.04381561863,0.09364912365,0.143743542,3.870847173e-09,3.461431259e-08,2.127690115e-07,8.154569774e-07,0.01042310689,0.00104576307,0.008954724825,0.04385573029,0.1214971069,0.2247507642,2.447060601e-08,2.380541073e-07,1.658891048e-06,7.404631617e-06,0.02460043469,0.00787708803,0.04483579334,0.157265297,0.3496495683,0.5643160866,3.98896011e-08,4.374226486e-07,3.436007228e-06,1.712968844e-05,0.03829248097,0.01895997172,0.0893727141,0.263130088,0.5061348389,0.7253090086,5.73225018e-08,7.312473955e-07,6.682127502e-06,3.830488062e-05,0.05988449419,0.04413741458,0.1639576761,0.3869400321,0.6133827503,0.7480711559,1.710566189e-08,3.214712827e-07,4.152861629e-06,3.159228305e-05,0.07766187908,0.06862835846,0.2206688085,0.4352290232,0.5618085015,0.5571595188,4.464615269e-10,2.049711685e-08,5.531973754e-07,7.230924079e-06,0.09094181024,0.08603365242,0.3058702063,0.5567148541,0.5761832452,0.4100179007,1.320787212e-08,4.156618528e-07,7.689995406e-06,7.093390064e-05,0.1582623505,0.197973392,0.525292977,0.7286180067,0.5899519512,0.325334682,2.1269722e-07,4.608761606e-06,5.870637605e-05,0.0003837039048,0.2235125852,0.2846885902,0.6122028752,0.6986239195,0.4686130753,0.2107427572,5.064370946e-08,1.897028501e-06,3.713397185e-05,0.0003250455096,0.2794809652,0.3796360674,0.6434540168,0.5159095241,0.2150291619,0.05484902353
54,0.03689452781,0.04716097787,0.05409374433,0.05576519263,0.2003018526,0.1217048146,0.1748652116,0.2182337772,0.2349783017,0.2238802771,0.05385610466,0.0694418749,0.08034360886,0.0834917352,0.2272414573,0.1379688027,0.2034160797,0.2600231019,0.2873792131,0.2804631099,0.000939537685,0.001420401851,0.001926866617,0.002319199643,0.03487804639,0.01295822086,0.03068046352,0.06088453593,0.09800192432,0.1336055046,0.000643637327,0.0009646562737,0.00129732074,0.001549022961,0.03074323406,0.01143068458,0.02637424608,0.05109954519,0.08013219011,0.1066508797,0.01627995889,0.01509124544,0.01255278987,0.009619265213,0.04954853699,0.009633184104,0.0148139989,0.01969200879,0.02131720811,0.01977078201,0.02457089412,0.02299273626,0.01930650903,0.0149240978,0.05684194874,0.01104204341,0.01746423751,0.02382834102,0.02653823985,0.02526495071,0.0004549479705,0.0004961167129,0.0004854554496,0.0004321897052,0.008850196619,0.001029541553,0.002567699562,0.005347612763,0.008530984021,0.01117523378,0.0003014352761,0.0003256254062,0.0003156355321,0.0002785660784,0.007714624573,0.0008981818811,0.002178045188,0.004419327281,0.006852630874,0.008745044214,1.351400474e-06,5.062644646e-06,1.435443541e-05,2.933565966e-05,0.01777746659,0.002656317467,0.01343909845,0.04488313196,0.09630498479,0.1484063772,4.146468033e-09,3.714965683e-08,2.287885413e-07,8.783955865e-07,0.01059781497,0.001071096821,0.009216766231,0.04534520468,0.1263436109,0.2350515058,2.590735523e-08,2.524540121e-07,1.762189887e-06,7.877901062e-06,0.02493683619,0.008014676549,0.04582702126,0.1614228322,0.3606996008,0.5849573452,4.23131897e-08,4.647703932e-07,3.656894025e-06,1.825884983e-05,0.03884867856,0.0193331229,0.09155519641,0.2707188211,0.5234408915,0.7538024745,6.095360217e-08,7.788443763e-07,7.128747478e-06,4.092700121e-05,0.06081870114,0.04512982713,0.1684415849,0.3992774784,0.6363678574,0.7800244211,1.850522757e-08,3.484057959e-07,4.508990189e-06,3.435902393e-05,0.07928990604,0.07108737687,0.2298165541,0.4555559512,0.5919870219,0.5907783629,5.014511112e-10,2.308054041e-08,6.245136655e-07,8.182367764e-06,0.09348078292,0.09089832596,0.3256359873,0.5968970844,0.6241494243,0.448608208,1.488797508e-08,4.697278807e-07,8.712356562e-06,8.055303687e-05,0.162891495,0.2098969602,0.561101017,0.7836967748,0.6411154118,0.3571565895,2.403992286e-07,5.222231926e-06,6.668955793e-05,0.0004369027462,0.2302728729,0.3025963976,0.6554776751,0.7530927944,0.510359465,0.2318847028,5.908460495e-08,2.220014892e-06,4.358997703e-05,0.0003826397263,0.289470043,0.4111472239,0.7031240134,0.5684535875,0.2401319375,0.06209339655
55,0.03755772231,0.04805911422,0.05518177616,0.05694196588,0.2020600778,0.1234049235,0.1777944397,0.2224547858,0.2401909234,0.2294719156,0.0545866563,0.07036464145,0.08138902823,0.08455681536,0.2275839849,0.1372428403,0.202103346,0.2580576655,0.2848648681,0.2777484933,0.0009592903293,0.001450139298,0.001967038114,0.002367362494,0.03501551625,0.01291853094,0.03056454016,0.06061406622,0.09749664698,0.1328492963,0.0006600287001,0.000990446462,0.001333652204,0.001594221279,0.03108847021,0.0116159817,0.02688824998,0.05225145742,0.08220673131,0.1097582282,0.01658522876,0.01539164108,0.01281715942,0.00983212263,0.05000792662,0.009774531931,0.01507319695,0.0200883299,0.02180796529,0.02028478041,0.02491362932,0.02330631066,0.01956381111,0.01511871477,0.05691914529,0.01097301253,0.01732891882,0.02361064297,0.02625633596,0.02496945961,0.0004645576374,0.0005065316512,0.0004955836489,0.0004411548982,0.008882925777,0.001025279731,0.002554399723,0.005314754143,0.008469781895,0.01108762667,0.0003092602282,0.0003345168389,0.000324679818,0.0002868953561,0.00780434594,0.0009132979155,0.002221891078,0.004521881708,0.007034824276,0.009007406477,1.421722967e-06,5.332761127e-06,1.513925747e-05,3.09753529e-05,0.01800874921,0.00269604411,0.01368026813,0.0458135389,0.09862705057,0.1525024172,4.439353317e-09,3.98402782e-08,2.457695036e-07,9.450486714e-07,0.01076622401,0.001093275727,0.009447197243,0.0466604547,0.1306457463,0.2442490724,2.740920957e-08,2.67481877e-07,1.869835682e-06,8.370488179e-06,0.02525524693,0.008127867682,0.04665691633,0.1649458696,0.3701573375,0.6027661812,4.484066154e-08,4.932489889e-07,3.886615931e-06,1.943191463e-05,0.03937315793,0.01964344171,0.0933984683,0.2771992303,0.5383611817,0.7785501898,6.473045379e-08,8.282900297e-07,7.592196607e-06,4.364542501e-05,0.06169606014,0.04596436633,0.1722643311,0.4099034253,0.6563473954,0.8079899198,1.998161315e-08,3.767986695e-07,4.884174288e-06,3.727242422e-05,0.08083660472,0.07327853993,0.2380183974,0.4738815259,0.6193804081,0.6214656992,5.613505766e-10,2.58950852e-08,7.022295697e-07,9.219506319e-06,0.09589715508,0.09531129362,0.343708701,0.6339022123,0.6687672636,0.4848341117,1.671807813e-08,5.286370375e-07,9.826693761e-06,9.104169688e-05,0.1672880243,0.2207407352,0.593908131,0.8345032263,0.6887765694,0.3870796726,2.705780625e-07,5.890788845e-06,7.539333007e-05,0.0004949302215,0.2366846113,0.3189087964,0.6951699707,0.8033724233,0.5492668223,0.2517784673,6.853884867e-08,2.582123399e-06,5.083541608e-05,0.0004473416246,0.2989644121,0.4403592434,0.758905655,0.6179565882,0.2640794555,0.06909270864
56,0.03822910304,0.04896706984,0.05628044504,0.05812921417,0.203779646,0.1250351421,0.1806096093,0.2265203822,0.2452242707,0.2348871152,0.05531760738,0.07128336566,0.08242451563,0.08560654997,0.2278569732,0.1364083526,0.2005997447,0.2558124629,0.2819992152,0.2746532836,0.0009792280544,0.00148002995,0.002007245801,0.002415378311,0.03513801041,0.01286363293,0.03040534443,0.06024443301,0.09680861145,0.1318148964,0.0006767286577,0.001016685018,0.001370571439,0.00164010865,0.03142502606,0.01179111207,0.02737539564,0.05334607953,0.08418399718,0.1127298402,0.01689454585,0.01569563057,0.01308441808,0.01004714426,0.0504577537,0.00991027519,0.01532260715,0.02047045146,0.02228227669,0.02078318908,0.02525659818,0.02361851673,0.01981863697,0.01531047415,0.05697823329,0.010895086,0.01717690031,0.02336694463,0.02594170528,0.02463946227,0.0004742561026,0.0005169977144,0.0005057171897,0.0004500881576,0.008911777631,0.001019801538,0.002537463876,0.00527317362,0.008392693085,0.01097681149,0.0003172375555,0.0003435696333,0.0003338784169,0.0002953599349,0.007891930913,0.0009276213033,0.002263537742,0.004619527557,0.007208790151,0.009258852572,1.495051117e-06,5.613852649e-06,1.595442914e-05,3.267569154e-05,0.01822991298,0.002729312773,0.01388249855,0.04659494627,0.1005818692,0.1559665444,4.750131446e-09,4.269059614e-08,2.637313693e-07,1.015462566e-06,0.01092771929,0.001112025267,0.00964271689,0.04778030533,0.1343248806,0.2521565945,2.897634488e-08,2.831320946e-07,1.981736151e-06,8.881753144e-06,0.02555439072,0.00821521225,0.04731351903,0.1677782988,0.3778539411,0.6173919172,4.747066594e-08,5.228293906e-07,4.124828464e-06,2.064661034e-05,0.03986361765,0.01988675002,0.09487473575,0.2824638176,0.5506193054,0.7990477008,6.864797319e-08,8.794940749e-07,8.071408854e-06,4.645272185e-05,0.06251230756,0.04662908136,0.1753650137,0.4186326986,0.672934269,0.8313732973,2.153351972e-08,4.066112285e-07,5.277724194e-06,4.032586282e-05,0.08229355827,0.07516674636,0.2451281466,0.4898490918,0.6433965371,0.6484946369,6.262526675e-10,2.894366266e-08,7.863863821e-07,1.03424191e-05,0.0981740297,0.09917118974,0.3596306882,0.6667151516,0.7086799065,0.5174901771,1.869953006e-08,5.924031769e-07,1.103272169e-05,0.0001023925378,0.1714188833,0.2302418854,0.6228424805,0.8795807504,0.7314253475,0.4140696927,3.032380431e-07,6.614198994e-06,8.481046139e-05,0.0005577128571,0.2426970888,0.3332148931,0.7301873294,0.8479736372,0.5840640871,0.2697165387,7.903867823e-08,2.984428782e-06,5.888870055e-05,0.0005192909717,0.3078767558,0.4663653949,0.8089221565,0.662638505,0.2859260902,0.07554741669
57,0.03890814283,0.04988400469,0.0573885853,0.05932553307,0.2054575658,0.1265900737,0.1833002779,0.2304140348,0.2500559983,0.2401001248,0.05604807902,0.0721967406,0.08344836807,0.08663899547,0.2280593786,0.1354670496,0.1989091121,0.2532942548,0.2787923004,0.2711896932,0.0009993280894,0.001510031014,0.002047420451,0.002463151544,0.03524514635,0.01279363557,0.03020331204,0.05977690408,0.09594069052,0.1305072903,0.0006937258282,0.001043348959,0.001408039077,0.001686628262,0.03175217796,0.01195528562,0.02783319192,0.05437722095,0.08605167758,0.1155457507,0.01720767443,0.01600293975,0.01335428858,0.01026408094,0.05089723032,0.01003995677,0.01556128603,0.02083678626,0.02273798879,0.02126358751,0.02559938257,0.02392890252,0.02007055897,0.01549901295,0.05701895891,0.01080843914,0.01700860317,0.02309803662,0.02559552787,0.02427634413,0.0004840321413,0.0005274996978,0.0005158383501,0.0004589714144,0.008936658522,0.001013120459,0.002516946871,0.005223035216,0.008300079842,0.01084338064,0.0003253620465,0.0003527761406,0.0003432218404,0.000303949662,0.007977191724,0.0009410873739,0.002302771708,0.004711710792,0.007373441305,0.009497689269,1.57141007e-06,5.905889933e-06,1.679950397e-05,3.443505343e-05,0.01844023539,0.002755787312,0.0140434321,0.04721712964,0.1021405486,0.1587421394,5.079397789e-09,4.57045226e-08,2.826891283e-07,1.0896614e-06,0.0110817081,0.001127108136,0.009800452484,0.04868621366,0.1373116124,0.2586076947,3.060862344e-08,2.993951369e-07,2.097765388e-06,9.41087904e-06,0.02583306788,0.008275554757,0.04778708438,0.1698736816,0.3836478137,0.6285372395,5.020115806e-08,5.534732787e-07,4.371100693e-06,2.19001683e-05,0.04031790048,0.02005967183,0.09596109419,0.2864226938,0.5599811288,0.8148633164,7.269973428e-08,9.323461749e-07,8.565107017e-06,4.934009732e-05,0.06326345927,0.04711417855,0.1776928183,0.4253086509,0.6857968237,0.8496604019,2.315883861e-08,4.37787117e-07,5.68868854e-06,4.351048497e-05,0.08365274763,0.07672087649,0.2510149763,0.5031367905,0.6634953964,0.6711964091,6.96189319e-10,3.222589817e-08,8.769226796e-07,1.154966525e-05,0.1002951727,0.1023856287,0.3729796885,0.6943887147,0.7426009213,0.5454165099,2.083140405e-08,6.609577746e-07,1.232842182e-05,0.0001145803631,0.1752523621,0.2381599028,0.6470970269,0.9175665174,0.7676265691,0.4371286652,3.383407384e-07,7.391176858e-06,9.491863699e-05,0.000625067968,0.2482617052,0.3451377221,0.759516658,0.8855014517,0.6135422299,0.2850154339,9.059744202e-08,3.427198699e-06,6.77503953e-05,0.0005984539743,0.3161228647,0.4883105543,0.8513796087,0.7007763252,0.3047374099,0.08115511241
58,0.03959428683,0.05080903951,0.05850498105,0.06052946068,0.20709095,0.1280645843,0.1858564406,0.2341198073,0.2546644251,0.2450857927,0.05677718298,0.07310345876,0.08445889734,0.08765224044,0.2281903867,0.1344211573,0.1970362777,0.2505113714,0.2752562896,0.2673723784,0.001019566701,0.001540098411,0.002087491426,0.002510585423,0.0353365962,0.01270873782,0.02995916622,0.05921347034,0.09489721679,0.1289338621,0.0007110077373,0.001070413389,0.001446012796,0.001733719308,0.03206922686,0.01210776086,0.02825928333,0.05533898996,0.08779797617,0.1181866953,0.01752436525,0.01631328022,0.01362648035,0.01048267207,0.051325594,0.01016314049,0.01578832725,0.02118580056,0.02317300744,0.02172360497,0.02594155956,0.02423701564,0.02031915308,0.01568397418,0.05704112866,0.01071328999,0.01682453626,0.02280485622,0.02521918145,0.02388171179,0.0004938740581,0.0005380219484,0.0005259290609,0.0004677863855,0.008957489057,0.001005257222,0.002492927747,0.005164566478,0.00819243078,0.01068812548,0.0003336279517,0.0003621280335,0.0003526998386,0.0003126536185,0.008059946524,0.0009536351936,0.002339390428,0.004797902444,0.007527732801,0.009722276944,1.650814541e-06,6.208792679e-06,1.767385648e-05,3.625138479e-05,0.01863903237,0.002775195659,0.01416115706,0.04767178106,0.1032795398,0.1607827659,5.427707193e-09,4.888538397e-08,3.026527531e-07,1.16764489e-06,0.01122762478,0.001138329835,0.009918037188,0.04936282757,0.1395481284,0.2634627363,3.230557245e-08,3.16257358e-07,2.217762656e-06,9.95686756e-06,0.0260901659,0.008308061053,0.04807034438,0.1711966302,0.3874292841,0.6359690066,5.302936778e-08,5.851327716e-07,4.624913618e-06,2.318931958e-05,0.04073401421,0.02015971825,0.09664017338,0.2890063527,0.5662628216,0.8256543352,7.687793907e-08,9.867157336e-07,9.07180287e-06,5.229740648e-05,0.06394585234,0.04741228373,0.1792085271,0.4298082328,0.6946707272,0.8624374082,2.485460722e-08,4.702515078e-07,6.115844963e-06,4.681513924e-05,0.08490664487,0.0779147268,0.2555677714,0.513469178,0.6792106273,0.6889895019,7.711231624e-10,3.573770892e-08,9.73662096e-07,1.283811425e-05,0.1022452469,0.1048751103,0.3833884549,0.7160911742,0.7693857883,0.5675692399,2.311021923e-08,7.341405704e-07,1.37098588e-05,0.000127560343,0.1787585817,0.2442873097,0.6659688109,0.9472629191,0.7961029906,0.4553578322,3.758001829e-07,8.219275087e-06,0.0001056789871,0.0006966936193,0.2533327498,0.3543516609,0.7822752186,0.9147305506,0.6366263401,0.2970600655,1.032060071e-07,3.909747315e-06,7.740011478e-05,0.0006845941309,0.3236231742,0.5054396692,0.8846771283,0.7308171377,0.3196576226,0.08563423568
59,0.0402869533,0.05174125757,0.05962836929,0.06173948196,0.2086770292,0.1294538433,0.1882686173,0.2376225068,0.2590287515,0.2498198336,0.05750402453,0.07400221713,0.08545443753,0.08864441509,0.2282494164,0.1332734004,0.194987024,0.2474736353,0.2714053461,0.2632182792,0.001039919261,0.001570186949,0.002127387004,0.002557582464,0.03541208882,0.01260922726,0.02967391062,0.05855682409,0.09368392975,0.1271042968,0.0007285608102,0.001097851531,0.001484447404,0.001781317145,0.03237550224,0.01224785234,0.02865147643,0.05622586549,0.08941176624,0.1206343813,0.01784435574,0.01662635003,0.01390069017,0.01070264631,0.05174211114,0.01027941454,0.01600286959,0.02151602869,0.02358531926,0.02216094614,0.02628270284,0.02454240505,0.02056400078,0.01586500862,0.05704461046,0.01060989761,0.0166252916,0.02248847835,0.02481422707,0.02345737503,0.0005037697213,0.0005485484259,0.0005359709891,0.0004765146715,0.008974204619,0.0009962396129,0.002465508915,0.005098055869,0.008070354668,0.01051202537,0.0003420289828,0.0003716163155,0.0003623014188,0.0003214601465,0.008140020398,0.0009652081802,0.002373204548,0.004877605084,0.007670675812,0.00993105272,1.733268012e-06,6.522426779e-06,1.857667554e-05,3.812219013e-05,0.01882566359,0.0027873351,0.01423425007,0.04795271486,0.1039812909,0.1620535892,5.795566247e-09,5.223584295e-08,3.236266807e-07,1.249386277e-06,0.01136493551,0.001145543344,0.009993675469,0.04979846079,0.140990226,0.2666142425,3.406636473e-08,3.337008316e-07,2.341531563e-06,1.051853707e-05,0.02632466957,0.008312238879,0.04815870909,0.1717238855,0.3891243412,0.6395269807,5.595177545e-08,6.17750252e-07,4.885659778e-06,2.451029869e-05,0.04111015102,0.02018535201,0.09690063964,0.2901678755,0.5693373455,0.8311803247,8.117340652e-08,1.042452002e-06,9.589800965e-06,5.53131935e-05,0.06455618403,0.04751864508,0.1798857141,0.4320460874,0.69936872,0.8694075308,2.661697668e-08,5.039106078e-07,6.557695634e-06,5.022636038e-05,0.08604830262,0.07872781831,0.2586989308,0.520627501,0.6901688321,0.701406039,8.509398653e-10,3.94709367e-08,1.076303105e-06,1.420281e-05,0.1040100388,0.1065765122,0.3905625632,0.731150056,0.7880990332,0.5830879131,2.552970378e-08,8.116919456e-07,1.517103794e-05,0.0001412667024,0.1819099649,0.2484592752,0.6788947411,0.9677035186,0.8158134379,0.4680180278,4.154790148e-07,9.094800165e-06,0.000117035018,0.0007721617498,0.2578681534,0.3605981171,0.7977571839,0.9346750184,0.6524434676,0.3053462898,1.168295281e-07,4.430307062e-06,8.779387822e-05,0.0007772480464,0.3303042642,0.5171428912,0.9075111261,0.7514868448,0.329976068,0.0887480769
60,0.04098553455,0.05267970678,0.06075744352,0.06295403373,0.2102131642,0.1307533615,0.1905279354,0.2409078293,0.2631292733,0.2542790927,0.05822770546,0.07489172244,0.08643335269,0.08961370063,0.2282361235,0.1320269811,0.1927680354,0.2441922685,0.2672554837,0.2587464319,0.001060360323,0.001600250497,0.002167034722,0.002604045001,0.03547141152,0.01249547731,0.02934881866,0.05781032716,0.09230790103,0.1250304425,0.0007463703804,0.001125634772,0.001523294951,0.001829353499,0.03267036583,0.01237493767,0.02900776475,0.05703276566,0.09088274103,0.1228717522,0.01816737049,0.0169418342,0.01417660305,0.01092372248,0.05214608047,0.01038839488,0.01620410469,0.02182608724,0.02397301267,0.02257341647,0.02662238417,0.02484462291,0.02080469102,0.01604177664,0.05702933442,0.01049856001,0.01641153921,0.02215010519,0.02438239262,0.0230053263,0.0005137066015,0.0005590627684,0.0005459456279,0.000485137858,0.008986755778,0.0009861022038,0.002434815043,0.005023849294,0.007934572354,0.01031623359,0.0003505583156,0.0003812313338,0.0003720148714,0.0003303568827,0.008217246348,0.0009757546816,0.00240404007,0.004950359017,0.007801351024,0.01012255311,1.818761979e-06,6.846601902e-06,1.950695936e-05,4.004452693e-05,0.01899953746,0.002792076272,0.01426180832,0.04805602381,0.1042347447,0.1625324623,6.183425357e-09,5.575782157e-08,3.456093246e-07,1.33483049e-06,0.01149314299,0.001148652718,0.01002619371,0.04998546208,0.1416088961,0.2679911725,3.588980186e-08,3.517032318e-07,2.468839673e-06,1.109452327e-05,0.02653567021,0.008287950574,0.04805039808,0.1714450481,0.3886972252,0.639129995,5.896409546e-08,6.512583164e-07,5.152644192e-06,2.585885585e-05,0.04144470533,0.02013602877,0.09673753365,0.2898844601,0.5691390591,0.831312688,8.557558095e-08,1.099384514e-06,1.011720627e-05,5.837475827e-05,0.06509154722,0.04743126792,0.1797115743,0.4319774634,0.6997877016,0.8704033294,2.844119334e-08,5.386514996e-07,7.012468286e-06,5.372840287e-05,0.08707143773,0.07914604126,0.2603474333,0.5244580621,0.6961054642,0.7081136612,9.354416827e-10,4.341305674e-08,1.184411488e-06,1.563687867e-05,0.1055766729,0.1074459434,0.3942951505,0.7390888033,0.7980712995,0.5913535231,2.808061441e-08,8.932475767e-07,1.670381551e-05,0.0001556119953,0.1846816786,0.2505614883,0.6854812253,0.9782082248,0.8260191353,0.474581603,4.571858119e-07,1.001276054e-05,0.0001289120494,0.0008509152259,0.2618301949,0.3636983774,0.8054721518,0.9446465567,0.660380037,0.3095174062,1.314048075e-07,4.985928718e-06,9.886215587e-05,0.0008757085283,0.3361002763,0.5229934693,0.9189639029,0.76188357,0.3351853846,0.09032616538
61,0.0416893981,0.05362340213,0.0618908577,0.06417151002,0.2116968588,0.1319590278,0.1926262094,0.2439624973,0.2669475867,0.2584418028,0.05894732722,0.07577069652,0.0873940445,0.09055833875,0.2281504021,0.1306855534,0.1903868397,0.240679784,0.2628243999,0.2539777555,0.001080863709,0.001630242188,0.00220636174,0.002649875739,0.0355144114,0.01236794357,0.02898541934,0.05697796987,0.0907774393,0.1227261388,0.0007644207053,0.001153732728,0.001562504874,0.001877756702,0.03295321535,0.01248846385,0.02932635187,0.05775511174,0.09220155497,0.1248832383,0.01849312167,0.01725940559,0.01445389314,0.01114561045,0.05253683645,0.01048972834,0.01639128437,0.02211468868,0.02433429828,0.02295894703,0.02696017488,0.02514322646,0.0210408222,0.01621395,0.05699529316,0.01037961176,0.01618402097,0.02179105436,0.02392555445,0.02252771801,0.0005236718133,0.0005695483623,0.0005558343905,0.0004936376213,0.008995108607,0.0009748860116,0.002400991658,0.004942345836,0.007785906988,0.01010206044,0.0003592085958,0.0003909627988,0.0003818278016,0.0003393308003,0.008291466251,0.000985228509,0.002431740363,0.0050157481,0.007918921313,0.01029543563,1.907275248e-06,7.181069482e-06,2.046351236e-05,4.201500549e-05,0.01916011586,0.002789365753,0.01424347027,0.04798017937,0.1040356579,0.1622106304,6.591670753e-09,5.945242671e-08,3.685926273e-07,1.423892566e-06,0.0116117908,0.001147615469,0.0100150738,0.04992046096,0.1413913801,0.2675618019,3.777430045e-08,3.702377599e-07,2.599418583e-06,1.168328261e-05,0.02672237405,0.008235417414,0.04774649657,0.1703629258,0.3861517407,0.6347792045,6.206126869e-08,6.8557986e-07,5.425086697e-06,2.723027794e-05,0.04173628971,0.02001221363,0.0961524285,0.2881581999,0.5656661879,0.8260399532,9.007256167e-08,1.157323875e-06,1.065193582e-05,6.146825045e-05,0.06554946179,0.04715097587,0.1786873434,0.4295997983,0.69591275,0.865393847,3.032159562e-08,5.743423548e-07,7.478123199e-06,5.730332901e-05,0.08797050779,0.07916210545,0.2604810062,0.5248781952,0.6968762965,0.7089313889,1.024342595e-09,4.75469827e-08,1.29741612e-06,1.713148964e-05,0.1069338082,0.1074607665,0.3944774977,0.739653381,0.7989412879,0.5920315085,3.075062582e-08,9.783358696e-07,1.82978723e-05,0.0001704870774,0.1870520384,0.2505357311,0.6855253592,0.978423087,0.8263320822,0.4747706344,5.006738858e-07,1.096685349e-05,0.0001412172469,0.0009322694662,0.2651861424,0.3635626809,0.8051725393,0.944296167,0.6601233509,0.3093907916,1.468384766e-07,5.572419716e-06,0.0001105088275,0.0009790171376,0.3409542057,0.5227749761,0.9185678478,0.761545871,0.3350245091,0.09028027885
62,0.04239788798,0.05457132833,0.06302723061,0.06539026797,0.2131257715,0.1330671424,0.1945560142,0.2467743892,0.2704667832,0.2622878291,0.0596619942,0.07663788168,0.08833495989,0.09147664076,0.2279923855,0.1292531939,0.1878517406,0.2369498646,0.2581312895,0.2489348169,0.001101402598,0.001660114623,0.002245295217,0.002694978319,0.0355409963,0.01222715922,0.02858547993,0.05606432129,0.08910197689,0.1202070124,0.0007826949902,0.001182113312,0.001602024155,0.001926451966,0.03322348788,0.01258795306,0.02960567214,0.05838888603,0.09335995305,0.1266549883,0.01882130966,0.01757872569,0.01473222475,0.01136801224,0.05291375241,0.01058309555,0.01656372744,0.02238065419,0.0246675281,0.02331561823,0.02729564751,0.02543777995,0.02127200413,0.01638121358,0.05694254194,0.01025342121,0.015943544,0.02141274604,0.02344571748,0.02202683816,0.0005336521623,0.0005799884175,0.0005656187082,0.0005019958363,0.008999244901,0.00096263808,0.002364203492,0.004853992764,0.007625272775,0.009870953928,0.0003679719485,0.000400799807,0.0003917271679,0.0003483682565,0.008362531778,0.0009935894155,0.00245616798,0.005073405032,0.008022643393,0.01044849886,1.99877331e-06,7.525521188e-06,2.144494403e-05,4.402979438e-05,0.01930691838,0.002779227153,0.01417942422,0.04772607239,0.1033867281,0.1610930176,7.020616498e-09,6.331987959e-08,3.925616665e-07,1.516456403e-06,0.01172046746,0.001142443637,0.009960468243,0.04960447807,0.1403416443,0.2653350339,3.97178818e-08,3.892731234e-07,2.732964502e-06,1.228309869e-05,0.0268841095,0.008155215418,0.04725093368,0.1684934817,0.3815312201,0.6265582278,6.523746431e-08,7.206283054e-07,5.702125759e-06,2.861941858e-05,0.04198374861,0.01981537218,0.0951534008,0.285016074,0.5589810228,0.8154684625,9.465115438e-08,1.216062896e-06,1.119173429e-05,6.457879082e-05,0.06592790134,0.04668139551,0.1768282918,0.4249528879,0.6878178445,0.8544861305,3.225162766e-08,6.108330429e-07,7.952366464e-06,6.093115341e-05,0.08874077871,0.0787757744,0.2590972798,0.521879503,0.6924637281,0.7038383474,1.117265383e-09,5.185098632e-08,1.414608615e-06,1.867587736e-05,0.1080718127,0.1066206532,0.3911046559,0.7328266402,0.7906787253,0.5850953734,3.352430274e-08,1.066378597e-06,1.994075893e-05,0.0001857618551,0.1890028631,0.2483827513,0.6790259905,0.9683412992,0.8167408612,0.4685773998,5.456417491e-07,1.194949585e-05,0.0001538403187,0.001015419097,0.267908814,0.3601948342,0.7968676081,0.9336356095,0.6516830984,0.3049717865,1.630062082e-07,6.184329512e-06,0.0001226112439,0.001085968006,0.3448190289,0.5164953309,0.9063387101,0.7504882851,0.3295012569,0.08861291573
63,0.04311032623,0.05552244273,0.06416515061,0.06660863423,0.2144977269,0.1340744465,0.1963107522,0.2493326586,0.2736716285,0.2657988974,0.06037081702,0.07749204617,0.08925459863,0.09236699665,0.2277624453,0.127734369,0.1851717437,0.2330172314,0.2531966448,0.2436415798,0.00112194963,0.001689820091,0.002283762707,0.002739257896,0.03555113541,0.01207372958,0.02815098582,0.05507447207,0.0872919407,0.1174902468,0.0008011754179,0.00121074283,0.001641797513,0.001975361697,0.03348066327,0.01267300746,0.02984440873,0.05893068278,0.0943508852,0.1281750762,0.01915162363,0.01789944559,0.01501125348,0.01159062314,0.05327624363,0.01066821361,0.01672082604,0.02262292545,0.02497121348,0.02364168212,0.02762837734,0.02572785651,0.02149785991,0.01654326709,0.05687119836,0.01012038749,0.01569097331,0.02101668908,0.02294499408,0.0215050846,0.0005436341944,0.0005903660454,0.0005752801305,0.0005101946864,0.00899916229,0.000949410999,0.002324632593,0.004759279942,0.007453662493,0.009624478453,0.0003768399917,0.0004107308709,0.000401699327,0.0003574550483,0.008430305259,0.001000803512,0.002477206254,0.005123016044,0.008111878201,0.01058070054,2.093207793e-06,7.879587912e-06,2.244966996e-05,4.608463163e-05,0.01943952619,0.002761760692,0.01407040446,0.04729699242,0.102297523,0.1591980836,7.470496656e-09,6.735945069e-08,4.174943249e-07,1.612373877e-06,0.01181881005,0.001133203511,0.009863196097,0.04904289478,0.1384802449,0.2613600586,4.171816536e-08,4.087735698e-07,2.869139368e-06,1.289209149e-05,0.02702033332,0.008048262746,0.04657038351,0.165865383,0.3749171359,0.6146301634,6.848609185e-08,7.56307978e-07,5.982823757e-06,3.002073707e-05,0.0421861697,0.01954793628,0.09375481542,0.2805091452,0.5492078304,0.7998184099,9.929694503e-08,1.275378092e-06,1.173419357e-05,6.769061858e-05,0.06622531481,0.04602886497,0.1741632894,0.4181176313,0.6756632412,0.8379210288,3.422387085e-08,6.479561525e-07,8.432669625e-06,6.459004415e-05,0.08937838222,0.07799387202,0.2562238668,0.5155281683,0.6829775179,0.6929747302,1.213740955e-09,5.629874678e-08,1.535147275e-06,2.025742958e-05,0.1089829108,0.1049475966,0.3842756885,0.7188292473,0.7735862268,0.5708285047,3.638316409e-08,1.156695053e-06,2.161801872e-05,0.0002012868643,0.1905197707,0.2441622238,0.6661837732,0.9483035829,0.7976113725,0.4562649304,5.917354151e-07,1.295190186e-05,0.0001666549145,0.001099449858,0.2699770402,0.3536920204,0.7808229544,0.9130367031,0.6353907121,0.2964533013,1.797531368e-07,6.81498893e-06,0.0001350215323,0.001195124162,0.3476586307,0.5043862947,0.8827745019,0.7292002373,0.3188916637,0.08541706051
64,0.0438260145,0.05647567854,0.06530318067,0.06782491167,0.2158107261,0.134978149,0.1978847122,0.25162784,0.276548725,0.268958802,0.06107291591,0.07833198959,0.0901515207,0.09322788371,0.2274611898,0.1261338987,0.1823564771,0.2288975017,0.2480420438,0.2381231404,0.001142477011,0.001719310795,0.002321692549,0.002782621716,0.03554485941,0.01190832593,0.02768411777,0.05401397082,0.08535861027,0.1145943309,0.0008198431878,0.001239586078,0.001681767615,0.002024405839,0.03372426709,0.01274331332,0.03004150861,0.05937775076,0.09516860318,0.1294336783,0.01948374231,0.01822120705,0.01529062744,0.01181313287,0.05362377023,0.01074483835,0.01686205116,0.02284057519,0.02524404128,0.02393558262,0.02795794409,0.02601304011,0.02171802791,0.01669982673,0.05678144175,0.0099809373,0.01542722414,0.02060446644,0.02242558215,0.02096493854,0.0005536042496,0.0006006643402,0.0005848004283,0.0005182167732,0.008994874253,0.0009352623673,0.00228247626,0.004658733735,0.007272134063,0.009364292121,0.0003858038526,0.0004207439523,0.000411730085,0.000366576474,0.008494660497,0.001006843611,0.002494760633,0.005164324856,0.00818609975,0.01069117314,2.190516009e-06,8.242839336e-06,2.347591517e-05,4.817484195e-05,0.01955758529,0.002737141258,0.01391767495,0.04669854648,0.1007842151,0.1565572556,7.94145771e-09,7.156940152e-08,4.433610347e-07,1.711464382e-06,0.01190650744,0.001120014018,0.009724719981,0.04824528325,0.1358435906,0.255724382,4.377236642e-08,4.286989795e-07,3.007572489e-06,1.350822974e-05,0.0271306355,0.007915799105,0.04571409281,0.1625191721,0.3664264299,0.599231643,7.179982371e-08,7.925146337e-07,6.266173747e-06,3.142834603e-05,0.04234289263,0.01921324581,0.09197693292,0.2747110054,0.536528583,0.7794154516,1.03994396e-07,1.335031518e-06,1.227677598e-05,7.07872629e-05,0.06644064253,0.04520227011,0.1707339608,0.4092134106,0.6596896451,0.8160635173,3.623009351e-08,6.855284272e-07,8.916295651e-06,6.825657885e-05,0.08988036207,0.07683006139,0.2519173601,0.5059623184,0.6686498998,0.6766349348,1.313210158e-09,6.085954064e-08,1.658065581e-06,2.186184496e-05,0.1096613005,0.1024848831,0.3741885094,0.6981071038,0.7482798823,0.5498040033,3.930584592e-08,1.248509899e-06,2.331339007e-05,0.0002168956845,0.1915924093,0.2379898039,0.6473902058,0.9189779188,0.7696624242,0.4383475818,6.385526138e-07,1.396420931e-05,0.0001795207318,0.001183355707,0.2713760171,0.3442398144,0.7575455053,0.8832085307,0.6118766355,0.2842011855,1.968956037e-07,7.456607651e-06,0.0001475692146,0.001304846848,0.3494485023,0.4868884819,0.8488201417,0.6986084298,0.3037161688,0.08086727408
65,0.0445442359,0.05742994823,0.06643986382,0.06903738647,0.2170629562,0.1357759486,0.1992731203,0.2536519404,0.2790866523,0.2717535886,0.0617674241,0.07915654824,0.09102435348,0.0940578748,0.2270894608,0.1244569187,0.179416107,0.2246070424,0.2426899298,0.2324054559,0.001162956627,0.001748539086,0.002359014278,0.002824979696,0.03552226025,0.01173167864,0.02718722725,0.05288875553,0.08331396604,0.1115387924,0.0008386785605,0.001268606469,0.001721875315,0.00207350225,0.03395387348,0.01279864401,0.03019619419,0.05972802688,0.0958087379,0.1304232166,0.01981733475,0.01854364357,0.01556998859,0.01203522698,0.05395583978,0.01081276641,0.01698695742,0.02303281641,0.02548488802,0.02419597359,0.02828393355,0.02629292745,0.02193216354,0.01685062678,0.05667351221,0.009835521461,0.01515325382,0.02017772017,0.0218897427,0.02040893773,0.0005635485179,0.0006108664631,0.0005941616969,0.0005260452264,0.008986410019,0.0009202542077,0.002237944808,0.004552910548,0.007081796459,0.00909212307,0.0003948541884,0.0004308265019,0.0004218047538,0.000375717401,0.008555483511,0.0010116895,0.002508759744,0.005197135845,0.008244902291,0.01077923665,2.290620609e-06,8.614784109e-06,2.452171981e-05,5.029536003e-05,0.01966080938,0.002705615017,0.0137230013,0.04593852031,0.09886913154,0.1532139629,8.433551377e-09,7.594693482e-08,4.701246084e-07,1.813514826e-06,0.01198330302,0.001103043827,0.009547105034,0.04722510538,0.1324826427,0.2485503422,4.587729824e-08,4.490050187e-07,3.14786274e-06,1.412934613e-05,0.02721474276,0.007759357912,0.04469364231,0.1585060944,0.3562076927,0.5806642483,7.517062849e-08,8.291361353e-07,6.551107633e-06,3.283606716e-05,0.04245351509,0.01881546867,0.08984535599,0.2677155374,0.5211767284,0.7546783695,1.087269639e-07,1.394772937e-06,1.281684092e-05,7.38517359e-05,0.06657332655,0.04421281474,0.1665934698,0.3983942356,0.640209497,0.789388131,3.826131902e-08,7.233526068e-07,9.400330921e-06,7.190605196e-05,0.090244708,0.07530440657,0.2462613066,0.4933866029,0.6498254017,0.6552533678,1.415028247e-09,6.549857776e-08,1.78228531e-06,2.347335937e-05,0.110103237,0.09929509191,0.3611297162,0.6713063101,0.7156503875,0.5228446158,4.22683655e-08,1.340964705e-06,2.5009087e-05,0.0002324081558,0.1922146139,0.2300314888,0.6232065364,0.8813203945,0.733918555,0.4155537072,6.856489176e-07,1.497565289e-05,0.0001922862957,0.001266060756,0.2720975407,0.332102783,0.7277552659,0.8451545946,0.5820277759,0.2687269696,2.142242798e-07,8.100430667e-06,0.0001600651285,0.001413337452,0.3501761894,0.4646233063,0.8058014939,0.6600069052,0.2846956068,0.07520333648
66,0.0452642569,0.05838414718,0.06757372877,0.07024433562,0.2182527996,0.1364660518,0.2004721815,0.2553985152,0.281276086,0.2741717097,0.06245349125,0.07996460042,0.0918717987,0.09485564614,0.2266483291,0.1227088396,0.1763612491,0.2201628164,0.2371633884,0.2265150702,0.001183360159,0.001777457703,0.002395659022,0.002866244988,0.03548349053,0.01154456988,0.02666281008,0.05170508122,0.08117053124,0.108343922,0.0008576609114,0.001297766157,0.001762059906,0.002122567112,0.03416910761,0.01283886211,0.03030797144,0.05998016007,0.09626835525,0.1311384637,0.02015206127,0.01886638167,0.01584897407,0.01225658809,0.05427200976,0.01087183681,0.01709518712,0.02319900999,0.02569283179,0.02442173414,0.02860593927,0.0265671298,0.02213994107,0.01699542104,0.0565477094,0.009684611334,0.01487005349,0.01973813608,0.02133977734,0.01983964975,0.0005734530977,0.0006209557278,0.0006033464606,0.0005336638106,0.008973814378,0.0009044523443,0.002191259235,0.004442390112,0.006883795263,0.008809745448,0.0004039812101,0.0004409655032,0.0004319082141,0.0003848623396,0.008612673205,0.001015328127,0.002519156146,0.005221316347,0.008288005583,0.01084440824,2.393429358e-06,8.99487067e-06,2.558494725e-05,5.24407598e-05,0.01974898194,0.00266749467,0.01348861195,0.04502668749,0.09658014079,0.149222319,8.946727955e-09,8.048815449e-08,4.977401629e-07,1.918280118e-06,0.01204899686,0.001082507287,0.009332961674,0.04599929475,0.1284611227,0.2399903205,4.802937888e-08,4.69643354e-07,3.289581282e-06,1.475315529e-05,0.02727252077,0.007580732165,0.04352265098,0.1538866364,0.3444363815,0.5592837609,7.858981525e-08,8.660532747e-07,6.836505677e-06,3.423749445e-05,0.04251789603,0.01835950183,0.08739033828,0.2596340999,0.5034293252,0.7261034904,1.134772384e-07,1.454342282e-06,1.335167442e-05,7.686674353e-05,0.06662331498,0.04307373414,0.1618049865,0.3858438422,0.6175958516,0.7584603776,4.030791174e-08,7.612196521e-07,9.881722707e-06,7.551282721e-05,0.09047037689,0.07344273872,0.2393632639,0.4780643004,0.6269460325,0.6293839309,1.518472061e-09,7.017748262e-08,1.906634128e-06,2.507503716e-05,0.1103070819,0.09545726221,0.3454601863,0.6392377371,0.6768082991,0.4909668401,4.524448471e-08,1.433133012e-06,2.668615173e-05,0.0002476343157,0.1923844886,0.2204956924,0.5943342068,0.8365205306,0.6916446026,0.3887743648,7.32545681e-07,1.597478086e-05,0.0002047923379,0.001346445387,0.2721401152,0.317611373,0.6923461324,0.800113711,0.5469293186,0.2506509229,2.31508632e-07,8.73695069e-06,0.0001723065478,0.001518690694,0.3498414763,0.4383544684,0.755335494,0.6149624294,0.262692372,0.06870864234
67,0.04598532943,0.05933715749,0.0687032958,0.07144403453,0.2193788411,0.1370471863,0.2014791108,0.2568627271,0.2831098902,0.2762041484,0.06313028689,0.0807550715,0.09269263894,0.09561998451,0.226139089,0.120895305,0.1732028795,0.2155822292,0.2314859224,0.2204788411,0.001203659209,0.001806020017,0.002431559907,0.002906334537,0.0354287625,0.01134782576,0.02611347899,0.05046944529,0.07894121056,0.1050304948,0.0008767687899,0.001327026182,0.001802259397,0.002171515359,0.03436964787,0.01286392049,0.03037663428,0.0601335249,0.09654598959,0.1315766095,0.02048757434,0.01918904213,0.01612721767,0.01247689738,0.05457188972,0.01092193219,0.01718647321,0.02333867075,0.0258671617,0.02461198104,0.02892356416,0.02683527479,0.02234105525,0.0171339842,0.05640439091,0.00952869515,0.01457863968,0.01928742845,0.02077800611,0.01925964585,0.0005833040574,0.0006309156867,0.0006123377744,0.0005410570306,0.008957147379,0.0008879257528,0.00214264881,0.004327768657,0.006679298157,0.008518955525,0.0004131747101,0.0004511475207,0.0004420249834,0.000393995522,0.008666141963,0.001017753712,0.002525926779,0.005236798053,0.008315258192,0.01088640848,2.498835028e-06,9.382488742e-06,2.666329464e-05,5.460528953e-05,0.01982195786,0.002623153504,0.01321714973,0.04397457356,0.09394989963,0.1446455108,9.480830326e-09,8.518803667e-08,5.261551461e-07,2.025484164e-06,0.01210344734,0.00105865935,0.009085374524,0.04458774135,0.1238533222,0.2302209264,5.022464296e-08,4.905619278e-07,3.432274801e-06,1.537727436e-05,0.02730397485,0.007381935205,0.042216435,0.1487288367,0.3313093104,0.535487819,8.204808836e-08,9.031407323e-07,7.121207209e-06,3.562606368e-05,0.04253615605,0.01785085726,0.08464598408,0.2505922611,0.4835979393,0.6942467273,1.182270993e-07,1.51347238e-06,1.387852127e-05,7.981491031e-05,0.06659106043,0.04179996299,0.1564399041,0.3717699793,0.5922694391,0.723915216,4.235967973e-08,7.989113155e-07,1.035732145e-05,7.905072772e-05,0.09055730073,0.07127585671,0.2313510961,0.4603074106,0.6005327812,0.5996746185,1.622749864e-09,7.485491365e-08,2.029867281e-06,2.664911975e-05,0.1102733151,0.09106341534,0.327597503,0.6028340505,0.6330183155,0.4553147074,4.82061658e-08,1.52403856e-06,2.832486953e-05,0.000262378931,0.1921044104,0.2096235921,0.5615791191,0.785935655,0.6442680903,0.3590032844,7.787395973e-07,1.694970887e-05,0.0002168756657,0.001423375592,0.2715089349,0.3011460427,0.6523388946,0.7494897236,0.5077964479,0.2306592832,2.485026174e-07,9.356169623e-06,0.0001840833067,0.00161895684,0.3484563023,0.4089424576,0.6992251905,0.5652051827,0.2386436559,0.0616861339
68,0.04670669309,0.06028785202,0.06982708293,0.07263476495,0.2204398753,0.1375186096,0.2022921553,0.2580413868,0.2845831838,0.2778445101,0.06379700367,0.0815269389,0.09348574386,0.0963497939,0.2255632517,0.1190221491,0.1699522432,0.2108829743,0.2256812304,0.2143236742,0.001223825425,0.001834180272,0.00246665245,0.002945169611,0.03535834665,0.01114230838,0.02554193549,0.04918851211,0.07663912915,0.1016194957,0.000895979987,0.001356346629,0.001842410811,0.002220261131,0.03455522772,0.01287386228,0.03040226528,0.0601882249,0.09664165397,0.1317372851,0.02082351963,0.01951124134,0.01640435137,0.01269583604,0.05485514317,0.01096297965,0.01726064145,0.0234514716,0.02600738472,0.02476607794,0.0292364222,0.02709700823,0.02253522296,0.01726611312,0.05624397045,0.009368274292,0.01428004585,0.01882732491,0.02020674581,0.01867147592,0.0005930874973,0.0006407302182,0.0006211193256,0.0005482102315,0.008936483943,0.0008707458938,0.002092348641,0.004209652105,0.00646948066,0.008221548466,0.0004224240933,0.0004613587529,0.0004521392877,0.0004031009853,0.008715816152,0.001018967765,0.002529073089,0.005243577475,0.008326638743,0.01090516416,2.606715432e-06,9.776971503e-06,2.775430577e-05,5.678291248e-05,0.01987966432,0.002573018413,0.01291161569,0.04279518388,0.09101499259,0.13955397,1.003558876e-08,9.004041316e-08,5.553094707e-07,2.134821387e-06,0.01214657219,0.001031789651,0.008807820471,0.04301270267,0.1187416268,0.2194364882,5.245875828e-08,5.117052935e-07,3.575469216e-06,1.599924589e-05,0.02730924939,0.007165157698,0.04079163437,0.1431064418,0.3170386722,0.5097026224,8.553561258e-08,9.402681636e-07,7.404022393e-06,3.699512713e-05,0.04250867493,0.0172955366,0.08164937101,0.2407262274,0.4620187519,0.6597042113,1.229578914e-07,1.571891892e-06,1.439461889e-05,8.26790131e-05,0.06647751235,0.04040777054,0.1505758828,0.3563981525,0.5646845826,0.6864338161,4.440599259e-08,8.362030111e-07,1.08239269e-05,8.249345429e-05,0.09050638129,0.06883859951,0.2223687005,0.4404652852,0.5711645738,0.5668389408,1.727013688e-09,7.948730672e-08,2.150692802e-06,2.817742098e-05,0.1100045116,0.086214659,0.3079964639,0.5631025107,0.5856282204,0.41708946,5.112410825e-08,1.612676142e-06,2.990523183e-05,0.0002764464575,0.1913809557,0.1976784051,0.5258123871,0.7310195933,0.5932963221,0.327273913,8.237135866e-07,1.788840223e-05,0.0002283733755,0.001495734364,0.2702157397,0.2831197555,0.6088300323,0.6947758277,0.4659021736,0.2094598929,2.649514008e-07,9.947898457e-06,0.0001951846535,0.001712209876,0.3460444154,0.3772959949,0.6393495206,0.5125157056,0.2134941293,0.05443466994
69,0.0474275775,0.0612350985,0.07094361208,0.07381482296,0.2214349121,0.1378801127,0.2029106043,0.2589329757,0.28569338,0.2790890787,0.06445286075,0.08227923679,0.09425007587,0.09704410143,0.2249225377,0.1170953527,0.1666207634,0.2060828809,0.2197729918,0.2080762668,0.001243830628,0.001861893826,0.00250087494,0.002982676312,0.03527256998,0.01092890754,0.0249509417,0.04786903811,0.07427747475,0.09813185215,0.0009152716081,0.001385686794,0.001882450491,0.00226871825,0.03472563716,0.01286881989,0.03038523264,0.06014508544,0.09655682729,0.131622547,0.02115953707,0.01983259276,0.01668000683,0.01291308671,0.05512148921,0.01099495116,0.01731761158,0.02353724604,0.02611322975,0.02488364126,0.02954413998,0.02735199569,0.02272218461,0.01739162795,0.05606691567,0.009203859562,0.01397531417,0.01835955177,0.01962828936,0.01807764469,0.0006027896135,0.0006503836126,0.000629675531,0.000555109694,0.008911913375,0.000852986039,0.002040597251,0.004088649392,0.006255512356,0.007919296208,0.0004317184113,0.0004715850892,0.0004622351389,0.0004121626586,0.00876163654,0.001018979025,0.002528620835,0.00524171548,0.008322255109,0.01090080756,2.716933599e-06,1.017759846e-05,2.885538633e-05,5.896735264e-05,0.01992210112,0.002517562086,0.01257530678,0.04150270502,0.0878149978,0.1340234025,1.061061663e-08,9.503796808e-08,5.851357595e-07,2.245958764e-06,0.01217834893,0.001002215973,0.00850407914,0.04129816742,0.1132138784,0.2078422013,5.472704741e-08,5.330150076e-07,3.718673823e-06,1.661656254e-05,0.02728862572,0.006932722244,0.03926582098,0.1370969815,0.3018458624,0.4823693411,8.904208787e-08,9.773013966e-07,7.683744836e-06,3.833803217e-05,0.04243608645,0.01669989912,0.07843962989,0.2301791195,0.439042346,0.6230925103,1.276506122e-07,1.629328418e-06,1.48972324e-05,8.544221891e-05,0.06628410384,0.03891437651,0.1442947993,0.3399651064,0.5353146683,0.6467198514,4.643591234e-08,8.728669218e-07,1.1278337e-05,8.581502109e-05,0.09031947173,0.06616883233,0.2125713756,0.4189124116,0.5394559375,0.5316260137,1.830373885e-09,8.402972225e-08,2.267799435e-06,2.964175515e-05,0.1095052819,0.0810171146,0.2871289979,0.5210770053,0.5359982243,0.3774812925,5.396835076e-08,1.698034384e-06,3.140743079e-05,0.0002896462327,0.1902247518,0.1849342896,0.487930343,0.6732510788,0.5402350784,0.2945992072,8.669486482e-07,1.877897634e-05,0.0002391272411,0.001562453779,0.2682785494,0.2639600077,0.5629400215,0.6374793743,0.4225073864,0.1877403072,2.805988163e-07,1.050208185e-05,0.0002054064908,0.001796617995,0.342640777,0.3443243444,0.5775574171,0.4586185577,0.1881348521,0.04722839133
70,0.04814720468,0.06217776382,0.0720514155,0.07498252707,0.2223631809,0.1381320193,0.2033347897,0.2595376491,0.2864401962,0.2799368385,0.06509710694,0.08301106054,0.0949846954,0.0977020625,0.224218868,0.1151210004,0.1632199526,0.2011997672,0.2137846604,0.201762866,0.001263646944,0.001889117395,0.002534168805,0.003018786052,0.0351718139,0.01070853256,0.02434329235,0.04651779865,0.07186934625,0.09458818253,0.0009346201529,0.001415005355,0.001922314418,0.0023168007,0.03488072384,0.01284901296,0.03032618347,0.06000563655,0.09629441886,0.1312368192,0.02149526201,0.0201527083,0.01695381704,0.01312833507,0.05537070383,0.01101786356,0.01735739744,0.02359598868,0.02618464894,0.02496454273,0.02984635828,0.02759992411,0.02290170549,0.01751037306,0.05587374577,0.009035967499,0.01366548738,0.01788581996,0.01904488631,0.01748058979,0.0006123967624,0.0006598606569,0.0006379916308,0.0005617427238,0.008883538797,0.0008347206017,0.001987634213,0.003965366041,0.006038543886,0.00761392687,0.0004410463995,0.0004818121704,0.0004722964142,0.0004211644534,0.00880355861,0.001017803318,0.002524619581,0.005231335908,0.008302341593,0.01087367217,2.829338086e-06,1.058359896e-05,2.99638212e-05,6.115214502e-05,0.01994934032,0.002457294599,0.01221174952,0.04011219014,0.08439151517,0.128132762,1.120540719e-08,1.001722488e-07,6.155597042e-07,2.358538373e-06,0.01219881474,0.000970277302,0.008178139249,0.03946919891,0.1073606995,0.1956472899,5.702451413e-08,5.54430074e-07,3.861385808e-06,1.72266935e-05,0.02724251879,0.00668703704,0.03765710213,0.1307798398,0.2859553724,0.4539308652,9.255683278e-08,1.014103723e-06,7.959164847e-06,3.964820203e-05,0.04231927043,0.01607052717,0.07505701604,0.2190972454,0.4150236272,0.585029393,1.322861118e-07,1.685511705e-06,1.538369015e-05,8.808832121e-05,0.0660127328,0.03733756138,0.1376806857,0.322712323,0.5046378513,0.6054765279,4.843833484e-08,9.086752757e-07,1.171739839e-05,8.899019713e-05,0.08999934571,0.06330639036,0.2021210541,0.3960359777,0.5060346293,0.4947911296,1.931915513e-09,8.843677021e-08,2.37988633e-06,3.102438223e-05,0.1087821798,0.07557790545,0.2654647626,0.4777725717,0.4854359306,0.337608564,5.67089189e-08,1.779119657e-06,3.281236589e-05,0.0003017976829,0.1886502597,0.1716655463,0.448816426,0.6140668869,0.4865150651,0.2619190351,9.079362469e-07,1.961000329e-05,0.0002489880914,0.001622546327,0.2657212874,0.244091514,0.5157646231,0.579052508,0.3787985062,0.1661317898,2.951952346e-07,1.100913129e-05,0.0002145586165,0.001870512432,0.3382907394,0.3108940101,0.5155745416,0.4050914233,0.1633537349,0.04030095728
71,0.04886479159,0.06311471832,0.07314904211,0.07613622624,0.2232241341,0.1382751796,0.2035660757,0.259857222,0.2868256374,0.2803894601,0.0657290238,0.08372157084,0.09568876555,0.09832296529,0.2234543544,0.113105238,0.1597613259,0.1962512986,0.2077392707,0.1954090447,0.001283246932,0.001915809282,0.002566478965,0.003053435986,0.03505651182,0.01048210411,0.02372178766,0.04514151813,0.06942761109,0.09100856179,0.0009540016,0.001444260565,0.00196193855,0.002364423127,0.03502039384,0.01281474541,0.03022603372,0.05977208601,0.09585871143,0.1305867983,0.02183032631,0.02047119986,0.0172254179,0.01334127128,0.05560262091,0.01103177815,0.01738010621,0.02362785406,0.02622181625,0.0250089084,0.03014273359,0.02784050328,0.02307357698,0.01762221792,0.0556650289,0.008865116776,0.01335160105,0.01740781176,0.01845872486,0.01688266166,0.000621895525,0.0006691467178,0.0006460537772,0.0005680977327,0.008851476491,0.0008160244801,0.00193369787,0.003840398092,0.005819694899,0.007307106027,0.0004503965177,0.0004920254515,0.0004823069396,0.0004300903553,0.008841552795,0.001015463333,0.002517141894,0.005212623327,0.008267254181,0.01082428523,2.943763452e-06,1.099415641e-05,3.107679384e-05,6.333068986e-05,0.01996152523,0.002392754615,0.01182463164,0.03863923876,0.08078719245,0.1219622447,1.181933146e-08,1.054336912e-07,6.465005354e-07,2.47218042e-06,0.0122080657,0.0009363267238,0.00783410431,0.03755128457,0.1012728982,0.1830585093,5.934587448e-08,5.75887436e-07,4.003095068e-06,1.782711185e-05,0.02717147244,0.006430549997,0.0359837327,0.1242343904,0.2695889943,0.4248194648,9.606887564e-08,1.050537265e-06,8.22908309e-06,4.091921734e-05,0.04215934238,0.01541409361,0.07154200458,0.2076265158,0.3903123003,0.5461159961,1.368452995e-07,1.740176897e-06,1.58514189e-05,9.060196943e-05,0.06566573816,0.03569528413,0.1308177311,0.3048797979,0.4731236194,0.5633854122,5.040213849e-08,9.434037138e-07,1.213805716e-05,9.199494124e-05,0.08954965468,0.06029202374,0.1911816119,0.3722238152,0.4715203945,0.457068449,2.030716064e-09,9.266358222e-08,2.485693426e-06,3.23084525e-05,0.1078435789,0.0700014216,0.2434535445,0.4341451846,0.4351411513,0.2984685995,5.931649593e-08,1.854980183e-06,3.4102142e-05,0.0003127353208,0.1866754921,0.1581367199,0.4093072101,0.5548038462,0.4334309404,0.2300587491,9.461907608e-07,2.037081208e-05,0.0002578199852,0.001675134043,0.2625733028,0.2239205362,0.4683320807,0.5208329864,0.3358368167,0.1451816209,3.085054549e-07,1.146024973e-05,0.000222471568,0.001932450636,0.3330490246,0.2777925959,0.4549288269,0.3532957878,0.1398008735,0.03383565053
72,0.04957955269,0.06404484026,0.07423506394,0.07727430794,0.2240174496,0.1383109606,0.2036068384,0.2598951359,0.2868539517,0.2804512522,0.06634792856,0.08440999757,0.09636155614,0.09890623425,0.2226312892,0.111054231,0.1562563177,0.1912548549,0.2016592581,0.1890394972,0.001302603715,0.001941929601,0.002597754157,0.003086569419,0.03492714647,0.01025054632,0.02308920735,0.04374680412,0.06696477377,0.08741231019,0.0009733914974,0.001473410433,0.002001259151,0.002411501333,0.03514461199,0.01276640156,0.03008595478,0.05944728363,0.09525528437,0.1296813217,0.02216435966,0.02078768083,0.01749444982,0.01355159156,0.05581713293,0.01103679987,0.01738593664,0.02363315359,0.02622512329,0.02501711441,0.0304329395,0.02807346714,0.02323761754,0.01772705772,0.0554413793,0.008691824723,0.01303467628,0.01692716845,0.01787191546,0.01628610584,0.0006312727707,0.0006782278209,0.0006538491174,0.000574164313,0.008815855183,0.0007969724238,0.001879023177,0.003714326475,0.005600043152,0.007000420137,0.0004597569923,0.0005022102685,0.000492250574,0.0004389245175,0.008875604591,0.001011988325,0.002506282259,0.005185819961,0.008217464008,0.01075335708,3.060030865e-06,1.14084131e-05,3.219140733e-05,6.549631007e-05,0.01995886888,0.002324500452,0.01141773367,0.03709968122,0.07704478269,0.1155913807,1.245163743e-08,1.108116608e-07,6.778716017e-07,2.586486709e-06,0.01220625551,0.000900724358,0.007476100945,0.03556971624,0.09503906026,0.1702742712,6.168559214e-08,5.973225093e-07,4.143289258e-06,1.841532253e-05,0.02707615357,0.0061657046,0.03426374811,0.1175382613,0.2529605515,0.3954458374,9.956705206e-08,1.08646439e-06,8.492324374e-06,4.214489657e-05,0.04195764074,0.01473723491,0.06793443926,0.195909124,0.3652442582,0.5069211038,1.41309355e-07,1.793067769e-06,1.62979779e-05,9.296888628e-05,0.06524587141,0.0340053196,0.1237884167,0.2867003218,0.441220739,0.5210879343,5.23163373e-08,9.76834667e-07,1.253740846e-05,9.480681829e-05,0.0889748744,0.05716638413,0.1799144497,0.3478532535,0.436505859,0.419147162,2.125863982e-09,9.666679739e-08,2.584031387e-06,3.347843317e-05,0.1066995224,0.06438603991,0.2215103439,0.3910588895,0.386163474,0.2609025922,6.176309262e-08,1.924729434e-06,3.526053838e-05,0.0003223133141,0.1843216781,0.1445940851,0.3701642908,0.4966527203,0.382096049,0.1997009445,9.812615054e-07,2.105176999e-05,0.0002655039999,0.001719474094,0.2588688077,0.2038216264,0.4215684,0.4639982033,0.2945220091,0.1253349826,3.203162323e-07,1.18477304e-05,0.0002290026878,0.001981270105,0.3269785389,0.2457016601,0.3968984549,0.304332296,0.117969901,0.02796145817
73,0.05029070256,0.06496702013,0.07530808245,0.07839520596,0.2247430312,0.1382412302,0.2034604351,0.259656409,0.2865315597,0.2801290801,0.06695317687,0.08507564318,0.09700244723,0.09945143295,0.2217521342,0.1089741246,0.1527162037,0.1862274066,0.1955662963,0.1826778578,0.001321691108,0.001967440495,0.002627947236,0.003118136148,0.03478424694,0.01001477911,0.02244828611,0.04234008666,0.06449285752,0.08381780696,0.0009927650563,0.001502412929,0.002040213137,0.002457952775,0.03525340184,0.01270444143,0.02990735723,0.05903467732,0.09449091896,0.1285312049,0.02249699072,0.0211017676,0.01776055936,0.01375899963,0.05601419128,0.01103307612,0.01737517641,0.02361235085,0.02619517253,0.02498977947,0.0307166681,0.02829857502,0.02339367363,0.01782481393,0.05520345427,0.008516604013,0.0127157128,0.01644547913,0.01728647635,0.01569304752,0.0006405157206,0.0006870907272,0.0006613658698,0.0005799333023,0.00877681525,0.0007776384297,0.001823839705,0.003587711902,0.005380614901,0.006695362319,0.0004691158617,0.0005123519058,0.0005021112963,0.0004476513541,0.008905714593,0.00100741375,0.002492155738,0.005151221898,0.008153549214,0.01066176774,3.17794886e-06,1.182547554e-05,3.330470697e-05,6.764231084e-05,0.01994165176,0.00225310122,0.01099486236,0.03550927694,0.07320626288,0.109097286,1.310145045e-08,1.162945078e-07,7.095810511e-07,2.701044497e-06,0.01219359359,0.0008638305595,0.007108192763,0.03354902227,0.08874341557,0.1574796147,6.403791782e-08,6.186697483e-07,4.281458991e-06,1.898889044e-05,0.02695734514,0.005894898663,0.03251462855,0.11076578,0.2362713196,0.3661899016,1.030401074e-07,1.121749154e-06,8.747751333e-06,4.331937389e-05,0.0417157121,0.0140464336,0.06427275986,0.1840805968,0.3401341663,0.4679680658,1.456599385e-07,1.843939866e-06,1.67210912e-05,9.517606775e-05,0.06475626418,0.03228492561,0.11667184,0.2683944524,0.4093469938,0.4791701975,5.417023455e-08,1.008760659e-06,1.291274384e-05,9.740538509e-05,0.0882802419,0.05396908883,0.1684745111,0.3232813217,0.4015403307,0.3816521031,2.216477365e-09,1.004055268e-07,2.673809952e-06,3.45204995e-05,0.105361549,0.05882143131,0.2000037447,0.3492615599,0.339374023,0.2255754491,6.402269155e-08,1.987567885e-06,3.627342888e-05,0.0003304094272,0.1816128808,0.1312588562,0.3320531261,0.4406256421,0.333414188,0.17137084,1.012743857e-06,2.164453338e-05,0.0002719414664,0.001754979653,0.2546462444,0.1841273092,0.3762720059,0.4095339748,0.2555708164,0.1069265449,3.304430605e-07,1.216521415e-05,0.0002340410737,0.002016129794,0.3201490624,0.2151793814,0.3424832769,0.2590209393,0.09819451884,0.02275447717
74,0.05099745858,0.06588016513,0.07636673478,0.07949740808,0.2254010086,0.1380683391,0.2031311651,0.2591475696,0.2858669598,0.2794322533,0.06754416545,0.08571788581,0.09761093193,0.0999582659,0.2208195089,0.1068710057,0.1491520275,0.1811854023,0.1894811513,0.1763465424,0.001340483741,0.001992306337,0.002657015449,0.003148092775,0.03462838551,0.00977571099,0.02180169107,0.04092756345,0.06202330032,0.08024233153,0.00101209725,0.001531226176,0.002078738416,0.002503697056,0.0353468453,0.01262939533,0.029691872,0.05853826225,0.09357348831,0.127149051,0.02282784845,0.02141308112,0.01802340084,0.01396320823,0.05619380634,0.01102079516,0.01734819861,0.02356605523,0.02613276818,0.02492775435,0.0309936312,0.02851561274,0.0235416204,0.0179154346,0.05495195101,0.008339959535,0.01239568274,0.01596427054,0.01670432094,0.01510547865,0.0006496120087,0.0006957230042,0.0006685933923,0.0005853968385,0.00873450788,0.0007580951773,0.001768369808,0.003461090339,0.005162376675,0.006393320613,0.0004784610229,0.0005224356658,0.0005118732908,0.000456255633,0.008931898418,0.001001780839,0.002474896405,0.005109174634,0.008076185402,0.01055055119,3.297314246e-06,1.224442041e-05,3.441370405e-05,6.97620409e-05,0.01991021922,0.002179128247,0.01055978771,0.03388343484,0.06931203903,0.1025531264,1.37677751e-08,1.218696374e-07,7.415326073e-07,2.81543069e-06,0.01217034276,0.0008259995586,0.006734302298,0.03151246869,0.08246404426,0.1448421743,6.639693211e-08,6.398632372e-07,4.417103086e-06,1.954546804e-05,0.02681593824,0.005620446949,0.03075300287,0.1039866408,0.2197062604,0.337393569,1.064768024e-07,1.156258748e-06,8.994277712e-06,4.443717268e-05,0.04143529458,0.01334791277,0.06059332814,0.172267293,0.3152694395,0.4297246843,1.498793984e-07,1.892563495e-06,1.711867737e-05,9.721196134e-05,0.06420039228,0.03055054847,0.1095422732,0.2501663123,0.3778809871,0.4381514748,5.595357358e-08,1.038987453e-06,1.326159485e-05,9.977253492e-05,0.08747168421,0.05073789138,0.157006868,0.2988366162,0.3671170319,0.3451293949,2.301722223e-09,1.038422622e-07,2.754063617e-06,3.542287497e-05,0.1038425014,0.05338653475,0.1792478654,0.3093697343,0.2954514522,0.1929698989,6.607184187e-08,2.04280227e-06,3.712913635e-05,0.0003369281683,0.1785755809,0.1183223047,0.2955292772,0.3875374838,0.2880680346,0.1454343345,1.040289039e-06,2.214225741e-05,0.0002770565138,0.001781235157,0.2499476003,0.1651209542,0.3330981995,0.3582182255,0.2195101219,0.09018089197,3.387358745e-07,1.240789188e-05,0.0002375111529,0.002036536863,0.3126358529,0.1866528944,0.292398339,0.2179037052,0.08065782246,0.01824346812
75,0.05169904357,0.06678320342,0.07740969983,0.08057946337,0.2259917358,0.1377950973,0.2026242219,0.2583765754,0.2848706111,0.2783723846,0.06812033439,0.08633618186,0.0981866185,0.1004265796,0.219836178,0.104750867,0.1455745333,0.1761446672,0.1834235562,0.1700666165,0.00135895718,0.002016493921,0.002684920675,0.00317640295,0.03446017426,0.009534232384,0.02115200118,0.03951515145,0.05956686656,0.0767019333,0.001031362912,0.001559808655,0.002116774228,0.002548656404,0.03542508183,0.01254185781,0.02944132936,0.05796252404,0.09251183451,0.1255490379,0.02315656335,0.02172124842,0.01828263782,0.01416394049,0.05635604722,0.01100018425,0.01730545745,0.02349501416,0.02603890474,0.02483210858,0.03126356151,0.02872439346,0.02368136223,0.01799889453,0.05468760333,0.008162385495,0.01207552487,0.01548499835,0.01612724728,0.01452524755,0.000658549741,0.0007041130925,0.0006755222434,0.0005905484053,0.008689094177,0.0007384135068,0.00171282699,0.003334969094,0.004946228503,0.006095568784,0.0004877802802,0.0005324469397,0.0005215210342,0.000464722567,0.008954186542,0.0009951361198,0.002454655589,0.005060068092,0.007986134929,0.01042087754,3.417913134e-06,1.266430094e-05,3.551540049e-05,7.184895408e-05,0.01986497813,0.00210314698,0.01011618493,0.03223696259,0.06540025705,0.09602683041,1.444949843e-08,1.275235945e-07,7.736264283e-07,2.929216284e-06,0.01213681644,0.0007875736984,0.00635814296,0.0294816418,0.07627146453,0.1325092255,6.875659128e-08,6.608372982e-07,4.549733791e-06,2.008282198e-05,0.02665292331,0.005344548418,0.02899439821,0.09726481909,0.2034311352,0.3093555976,1.098660212e-07,1.189864918e-06,9.230881022e-06,4.549327329e-05,0.04111829972,0.01264754485,0.05692986633,0.1605844003,0.2909057153,0.3925961992,1.539509695e-07,1.93872651e-06,1.748887604e-05,9.906661847e-05,0.06358203705,0.02881757304,0.1024679871,0.2322002972,0.347156146,0.3984765187,5.76566823e-08,1.067336965e-06,1.358177185e-05,0.0001018927916,0.08655574045,0.04750798053,0.1456439583,0.2748130331,0.3336640151,0.310037298,2.380829691e-09,1.069436957e-07,2.823973675e-06,3.617610716e-05,0.1021563197,0.04814822607,0.1594978978,0.2718622406,0.2548810067,0.1633929796,6.789018294e-08,2.089861621e-06,3.781870728e-05,0.0003418030171,0.1752382356,0.1059428212,0.2610318947,0.3380003926,0.2465224696,0.1221067434,1.063612195e-06,2.253975667e-05,0.0002807978226,0.001798005334,0.2448176906,0.1470328435,0.2925530367,0.3106184826,0.1866827275,0.07522021329,3.450833999e-07,1.257264235e-05,0.0002393747047,0.002042357538,0.3045182064,0.1604193508,0.247086354,0.1812655103,0.0654110947,0.01441812686
76,0.05239468842,0.06767508844,0.07843570411,0.08163998928,0.2265157885,0.1374247481,0.2019456373,0.257352719,0.2835547964,0.2769632249,0.06868116935,0.08693006826,0.09872923187,0.1008563625,0.218805039,0.1026195743,0.1419941055,0.1711203149,0.177412104,0.163857687,0.001377088042,0.002039972632,0.002711629641,0.003203037569,0.03428026155,0.009291209424,0.02050168905,0.03810844545,0.05713357463,0.07321133062,0.001050536844,0.001588119405,0.00215426147,0.002592756137,0.03548830735,0.01244248111,0.02915773612,0.05731237732,0.09131563605,0.1237466889,0.0234827687,0.02202590405,0.01853794473,0.01436093131,0.0565010411,0.01097150743,0.01724748328,0.02340010397,0.02591475362,0.02470411475,0.03152621368,0.02892475855,0.02381283306,0.0180751953,0.05441117822,0.007984362757,0.01175613963,0.0150090396,0.01555692952,0.01395405103,0.0006673175523,0.0007122503665,0.0006821442336,0.0005953828673,0.008640744238,0.0007186619474,0.001657414487,0.003209823558,0.00473299861,0.005803259637,0.0004970613943,0.000542371277,0.0005310393798,0.0004730379019,0.008972624032,0.000987530895,0.002431599959,0.005004331189,0.0078842353,0.0102740338,3.539522096e-06,1.30841536e-05,3.660681402e-05,7.389667053e-05,0.01980639334,0.002025709517,0.009667582624,0.03058384978,0.06150623308,0.08958007508,1.514539457e-08,1.332421613e-07,8.057600365e-07,3.041970997e-06,0.01209337534,0.0007488783897,0.005983162393,0.02747611988,0.07022762012,0.120605818,7.111077549e-08,6.815271052e-07,4.678881879e-06,2.059885826e-05,0.02646938065,0.005069258637,0.02725303931,0.09065774981,0.187590519,0.2823285091,1.131968783e-07,1.222445336e-06,9.456614297e-06,4.64831736e-05,0.04076679307,0.01195077626,0.05331301645,0.1491344552,0.267263847,0.3569213229,1.578589612e-07,1.982236821e-06,1.783007081e-05,0.0001007318179,0.06290524455,0.02710012111,0.09551035343,0.2146587268,0.3174569351,0.3605115791,5.927060791e-08,1.093649865e-06,1.38713971e-05,0.0001037535453,0.08553947883,0.04431142144,0.1345035238,0.2514654362,0.3015387667,0.2767420793,2.453111607e-09,1.096814233e-07,2.882885842e-06,3.677326945e-05,0.1003178268,0.0431606622,0.1409489943,0.2370817006,0.2179645927,0.1369922291,6.946087812e-08,2.128309491e-06,3.833609666e-05,0.0003449976559,0.1716308239,0.09424482068,0.2288837949,0.2924298148,0.2090400469,0.1014695748,1.082498462e-06,2.283361088e-05,0.0002831395262,0.001805237769,0.2393034238,0.130039214,0.2549956058,0.267101154,0.157263161,0.06207727406,3.494159579e-07,1.265809958e-05,0.0002396312653,0.002033811946,0.2958780145,0.1366541892,0.206744795,0.1491682418,0.05239839998,0.01123864099
77,0.05308363478,0.06855480295,0.07944352734,0.08267767813,0.2269739604,0.1369609381,0.2011022196,0.2560865221,0.2819334685,0.2752204753,0.06922620345,0.08749916413,0.09923861438,0.1012477446,0.2177291091,0.1004828356,0.1384207151,0.1661266713,0.1714641618,0.1577378212,0.001394854105,0.002062714604,0.002737114085,0.003227974918,0.03408932837,0.009047478435,0.01985310511,0.0367126837,0.05473264076,0.06978383858,0.001069593914,0.001616118218,0.002191143024,0.002635925101,0.03553677273,0.01233196821,0.02884325154,0.05659310097,0.0899952683,0.1217586314,0.02380610189,0.0223266916,0.01878900822,0.01455392863,0.05662897237,0.01093506306,0.01717487691,0.02328231966,0.02576164811,0.02454523065,0.03178136525,0.02911657809,0.02393599664,0.01814436507,0.05412347239,0.007806356445,0.01143838476,0.01453768647,0.01499491143,0.01339342907,0.0006759046597,0.0007201251887,0.0006884524681,0.0005998964939,0.008589636193,0.0006989062977,0.001602324056,0.003086094603,0.004523439575,0.005517420808,0.0005062921329,0.0005521944559,0.0005404136405,0.0004811880011,0.008987270201,0.0009790206852,0.00240590949,0.004942426099,0.007771386919,0.01011140356,3.661909443e-06,1.350300516e-05,3.768500353e-05,7.589903648e-05,0.01973498353,0.001947347909,0.009217318127,0.02893708857,0.05766201046,0.08326755302,1.585413072e-08,1.390104667e-07,8.378293043e-07,3.153267991e-06,0.01204042393,0.0007102178688,0.005612498006,0.02551323678,0.06438526334,0.1092339471,7.345333858e-08,7.018692952e-07,4.804101535e-06,2.109164549e-05,0.02626647036,0.004796467676,0.02554169896,0.08421576842,0.172306689,0.2565174499,1.164588242e-07,1.253884898e-06,9.670616759e-06,4.740294122e-05,0.04038297392,0.01126256855,0.04977002295,0.1380063819,0.2445283596,0.3229711136,1.615889294e-07,2.022924599e-06,1.814090788e-05,0.0001022011578,0.0621742834,0.02541090012,0.08872323087,0.1976804228,0.2890171732,0.3245438339,6.07872389e-08,1.117787823e-06,1.412893119e-05,0.0001053452244,0.08443041006,0.04117674489,0.1236872525,0.229007221,0.2710262826,0.2455184156,2.51797396e-09,1.120325072e-07,2.930322863e-06,3.721008197e-05,0.09834251004,0.0384652421,0.1237380689,0.2052425683,0.184839254,0.1137785313,7.077094448e-08,2.157851975e-06,3.867825792e-05,0.00034650618,0.1677843902,0.08331928813,0.199297103,0.2510597264,0.1757053199,0.08349247323,1.09680684e-06,2.302221261e-05,0.0002840812486,0.001803059081,0.2334530708,0.1142638901,0.2206472247,0.2278499775,0.1312805111,0.05071157682,3.517066293e-07,1.26646485e-05,0.0002383169476,0.002011453834,0.2867983566,0.1154247651,0.1713627952,0.1214925141,0.04148350448,0.008645290999
78,0.05376513755,0.06942136306,0.08043200773,0.0836913033,0.2273672581,0.1364076858,0.2001014861,0.2545896204,0.2800220818,0.2731615826,0.0697550189,0.08804317212,0.09971472588,0.1016009954,0.216611512,0.09834617436,0.1348638728,0.1611772127,0.1655958042,0.1517234885,0.001412234407,0.002084694855,0.002761350901,0.003251200753,0.03388808461,0.008803841044,0.01920846441,0.03533272075,0.0523724389,0.06643132464,0.001088509162,0.001643765836,0.002227364063,0.002678096087,0.03557078203,0.01221106556,0.02850016237,0.05581027127,0.08856166037,0.1196023499,0.02412620561,0.02262326507,0.01903552859,0.01474269465,0.05674008145,0.01089118107,0.01708830356,0.02314276371,0.02558106689,0.02435707976,0.0320288174,0.02929975141,0.02405084644,0.01820645827,0.05382530877,0.00762881383,0.01112307158,0.0140721415,0.01444260194,0.01284476175,0.000684300912,0.0007277289572,0.00069444138,0.0006040869729,0.008535955229,0.0006792092628,0.001547734994,0.00296418663,0.004318225893,0.005238952856,0.0005154603211,0.0005619025522,0.0005496296678,0.0004891599262,0.008998198171,0.0009696646469,0.002377775349,0.00487484231,0.007648540472,0.009934446046,3.784836593e-06,1.391987994e-05,3.874709415e-05,7.785018159e-05,0.01965131684,0.001868568317,0.008768500426,0.02730853354,0.05389604521,0.07713651546,1.657427456e-08,1.448131066e-07,8.697294788e-07,3.262688606e-06,0.0119784065,0.0006718718061,0.00524894493,0.0236079357,0.05878771084,0.09847266217,7.577815892e-08,7.21802567e-07,4.924974941e-06,2.155943571e-05,0.02604542194,0.00452788358,0.02387159914,0.07798180636,0.1576793256,0.2320807906,1.196417483e-07,1.284076928e-06,9.872123169e-06,4.824925639e-05,0.03996915451,0.01058735625,0.0463245361,0.1272750271,0.2228472495,0.2909503612,1.651278314e-07,2.060644119e-06,1.842031025e-05,0.0001034701147,0.06139360185,0.02376110152,0.08215262347,0.1813801585,0.2620202541,0.2907837871,6.219941153e-08,1.139635324e-06,1.435319241e-05,0.0001066614007,0.0832363991,0.03812868349,0.1132800977,0.2076096411,0.2423402266,0.216553634,2.574927786e-09,1.139798808e-07,2.965991762e-06,3.748494956e-05,0.09624630343,0.03409109653,0.1079479496,0.176444112,0.1555012555,0.09365260054,7.181146855e-08,2.178341344e-06,3.884513704e-05,0.0003463523133,0.1637305947,0.07322568464,0.1723832147,0.2139644909,0.1464546282,0.06805758219,1.106471781e-06,2.310575711e-05,0.0002836473055,0.001791765143,0.2273155531,0.09978200766,0.18960583,0.1928907847,0.1086452684,0.04102676819,3.51970776e-07,1.259435193e-05,0.0002355018074,0.001976136987,0.2773621612,0.09670740394,0.140763141,0.09798217333,0.03247621693,0.006567164014
79,0.05443846743,0.07027382194,0.08140004688,0.08467972479,0.2276968951,0.1357693469,0.1989515904,0.2528746404,0.277837414,0.2708055211,0.07026724841,0.08856187915,0.1001576431,0.1019165221,0.2154554647,0.09621490538,0.1313325905,0.1562845155,0.1598217662,0.145829528,0.001429209344,0.002105891407,0.002784322236,0.00327270833,0.03367726528,0.008561059987,0.01856983589,0.03397300741,0.0500604759,0.06316419048,0.001107257906,0.001671024138,0.002262872343,0.002719206219,0.03559069039,0.0120805557,0.02813085746,0.05496969426,0.08702615103,0.1172959396,0.02444272909,0.02291529025,0.01927722108,0.01492700695,0.05683466327,0.01084022017,0.01698848621,0.02298263409,0.02537461652,0.02414143033,0.03226839571,0.02947420729,0.02415740558,0.01826155514,0.05351753296,0.007452162489,0.0108109621,0.01361351394,0.01390127247,0.01230926846,0.0006924968357,0.0007350541458,0.0007001067538,0.0006079534124,0.00847989261,0.0006596301476,0.001493813378,0.002844466258,0.004117952884,0.004968629521,0.0005245538918,0.0005714820057,0.0005586739284,0.0004969415115,0.009005494357,0.0009595249752,0.002347397737,0.004802090591,0.007516684209,0.009744675222,3.908059529e-06,1.43338071e-05,3.979030184e-05,7.974457309e-05,0.01955600625,0.001789846109,0.008323981086,0.02570880099,0.05023301606,0.0712265762,1.730430281e-08,1.506342732e-07,9.013562293e-07,3.369827007e-06,0.01190780303,0.000634092782,0.004894936076,0.02177270814,0.05346893371,0.08837897739,7.807919047e-08,7.412682565e-07,5.041116495e-06,2.200068256e-05,0.02580752356,0.004265021331,0.02225236023,0.07199132108,0.143785934,0.2091322005,1.227360751e-07,1.312924259e-06,1.006047173e-05,4.901944487e-05,0.0395277388,0.009929020884,0.04299652886,0.1170011471,0.2023329593,0.2610010697,1.684641594e-07,2.095275217e-06,1.866748725e-05,0.0001045360695,0.0605677849,0.02216034674,0.0758365914,0.1658488923,0.2366010049,0.2593700949,6.350099868e-08,1.159101038e-06,1.454336862e-05,0.0001076988259,0.08196557647,0.03518804719,0.1033502147,0.1874026861,0.2156266634,0.1899549585,2.623597219e-09,1.155125861e-07,2.989785628e-06,3.759891811e-05,0.09404537541,0.03005600006,0.09361326053,0.1506866756,0.1298330774,0.07643240401,7.257770398e-08,2.189775277e-06,3.883957498e-05,0.0003445877052,0.1595012815,0.06399489346,0.1481657502,0.1810847519,0.1211081862,0.05498396225,1.11150251e-06,2.308617676e-05,0.0002818851405,0.001771806049,0.2209397635,0.08662527719,0.1618637677,0.1621197885,0.08917743938,0.03288766811,3.50264014e-07,1.245081567e-05,0.0002312859693,0.001928970951,0.2676509648,0.08040605214,0.1146452142,0.07828745246,0.02515602254,0.004929396919
80,0.05510291329,0.07111127337,0.08234661434,0.0856418942,0.2279642852,0.1350505786,0.1976612472,0.2509550715,0.2753973795,0.2681725647,0.07076257629,0.0890551568,0.1005675585,0.1021948657,0.2142642641,0.09409411373,0.1278353489,0.1514602204,0.1541554156,0.1400691368,0.001445760751,0.00212628538,0.002806015549,0.003292498373,0.03345762668,0.008319855603,0.01793913421,0.0326375776,0.04780338124,0.05999137806,0.00112581584,0.001697856321,0.002297618473,0.002759197299,0.03559690171,0.01194124976,0.02773780237,0.05407733857,0.0854003466,0.114857863,0.02475532926,0.02320244594,0.01951381708,0.01510665946,0.05691306555,0.01078256468,0.01687619878,0.02280321181,0.02514401309,0.02390017366,0.03249995061,0.0296399041,0.02425572638,0.01830976105,0.05320100973,0.007276808766,0.01050276667,0.01316281748,0.01337205621,0.01178800922,0.0007004836757,0.0007420943375,0.0007054457385,0.0006114963336,0.008421644689,0.0006402246086,0.001440711517,0.002727261611,0.003923136823,0.004707099915,0.000533560935,0.000580919685,0.0005675335747,0.0005045214324,0.009009257881,0.0009486663006,0.002314983727,0.004724696993,0.007376831366,0.009543639078,4.031330324e-06,1.474382802e-05,4.0811957e-05,8.157706582e-05,0.01944970465,0.001711621904,0.007886333122,0.02414720648,0.04669375119,0.06556975099,1.804261106e-08,1.564578902e-07,9.326066988e-07,3.474294673e-06,0.01182912487,0.0005971046111,0.004552533596,0.0200176094,0.0484539329,0.07898942502,8.035051332e-08,7.602108821e-07,5.152176576e-06,2.241405641e-05,0.02555411129,0.004009197033,0.02069199464,0.06627243443,0.1306828739,0.1877438997,1.257328547e-07,1.340340185e-06,1.023511039e-05,4.971150032e-05,0.03906120142,0.009290880242,0.03980231677,0.1072317901,0.1830643296,0.2332075773,1.715880516e-07,2.126724348e-06,1.888193914e-05,0.0001053983005,0.05970151187,0.02061667703,0.06980538639,0.1511546724,0.2128488711,0.2303762329,6.46869793e-08,1.17611871e-06,1.469902149e-05,0.0001084574016,0.0806262509,0.03237172534,0.09394943465,0.1684772519,0.1909697899,0.1657588893,2.663724485e-09,1.16625841e-07,3.001780081e-06,3.755555432e-05,0.09175592605,0.02636759145,0.08072740624,0.1278896428,0.1076309557,0.06187935113,7.306905137e-08,2.192291923e-06,3.866712623e-05,0.0003412894223,0.1551280711,0.0556328755,0.126595211,0.1522549812,0.09940180477,0.04405024094,1.111980188e-06,2.296702534e-05,0.0002788630974,0.001743766765,0.2143739349,0.07478823131,0.1373272954,0.135332896,0.072633698,0.0261357168,3.466788089e-07,1.223900194e-05,0.0002257947877,0.001871269085,0.2577437938,0.0663709579,0.09262558629,0.06200378502,0.01929170925,0.003658691325
81,0.0557577845,0.07193285505,0.08327075161,0.08657685916,0.2281710345,0.1342563022,0.1962396548,0.2488451335,0.2727208382,0.2652840546,0.07124073922,0.0895229611,0.1009447781,0.1024366973,0.2130412742,0.09198863757,0.1243800735,0.146715008,0.1486087417,0.1344538797,0.001461871976,0.002145861064,0.002826423635,0.00331057899,0.03322994267,0.008080903038,0.01731811409,0.03133004169,0.04560691021,0.05692039741,0.001144159136,0.00172422707,0.002331556172,0.002798016125,0.03558986598,0.0117939801,0.02732351441,0.0531392699,0.08369598339,0.112306717,0.02506367187,0.02348442522,0.01974506519,0.01528146336,0.05697568679,0.0107186215,0.01675225903,0.02260584806,0.02489106352,0.02363530177,0.0327233578,0.02979682971,0.02434588994,0.01835120574,0.05287661954,0.007103136513,0.01019914242,0.01272096914,0.01285594889,0.01128188769,0.0007082534323,0.0007488442485,0.0007104568515,0.0006147176515,0.008361411931,0.0006210444625,0.001388567618,0.002612862179,0.00373421621,0.004454892427,0.000542469747,0.0005902029487,0.0005761965112,0.0005118892676,0.009009599922,0.0009371550884,0.002280745132,0.004643196976,0.007230007967,0.009332899754,4.154398713e-06,1.514900354e-05,4.180952681e-05,8.334294737e-05,0.01933309984,0.001634298597,0.007457837569,0.02263173826,0.04329526006,0.06019070087,1.878752454e-08,1.622677545e-07,9.633805418e-07,3.575724636e-06,0.01174291028,0.0005611014729,0.004223430628,0.0183503403,0.04375934446,0.07032208508,8.258638304e-08,7.785786492e-07,5.257844819e-06,2.279845624e-05,0.02528655831,0.003761526899,0.01919693963,0.06084624791,0.1184068739,0.1679507773,1.286238453e-07,1.366249262e-06,1.039560148e-05,5.032409606e-05,0.03857206687,0.008675691365,0.03675466725,0.0980010088,0.1650893092,0.2076028445,1.744913783e-07,2.154925215e-06,1.906345716e-05,0.0001060579438,0.05879951534,0.01913658219,0.06408177824,0.1373440883,0.1908121028,0.2038184153,6.575348739e-08,1.190647571e-06,1.48200834e-05,0.0001089400854,0.07922682454,0.02969279906,0.0851141836,0.150888319,0.1683990723,0.1439418633,2.695171817e-09,1.173209397e-07,3.002224787e-06,3.736075739e-05,0.0893939971,0.02302478958,0.06925007887,0.1079097198,0.08863107454,0.04972168891,7.328892638e-08,2.186161159e-06,3.833580486e-05,0.0003365567832,0.1506419861,0.04812471928,0.1075641881,0.1272306728,0.08101620704,0.03501426805,1.108053147e-06,2.275331927e-05,0.00027466766,0.00170834454,0.2076650655,0.06423494253,0.1158363278,0.1122540071,0.05873193057,0.02060207473,3.413399349e-07,1.19650034e-05,0.0002191733531,0.00180449225,0.2477161866,0.05441615638,0.07427394995,0.04870442266,0.01465643824,0.002687105531
82,0.05640241303,0.07273775159,0.08417157579,0.087483767,0.2283189326,0.133391666,0.1946964156,0.2465596441,0.2698274035,0.2621621652,0.07170152679,0.0899653319,0.1012897192,0.1026428139,0.2117899125,0.08990305388,0.1209741171,0.1420585863,0.1431923615,0.1289937183,0.001477527949,0.002164605975,0.002845544612,0.003326965542,0.03299500092,0.007844830131,0.01670836689,0.03005358593,0.04347595906,0.05395737345,0.001162264534,0.001750102716,0.002364642492,0.002835614762,0.03557007652,0.01163959304,0.02689053843,0.05216158798,0.08192479698,0.1096610132,0.0253674326,0.02376093646,0.01997073222,0.01545124788,0.05702297407,0.01064881681,0.01661752134,0.02239195123,0.02461764669,0.02334888507,0.03293851855,0.02994500129,0.0244280054,0.01838604243,0.05254525513,0.00693150612,0.009900692212,0.01228878921,0.01235381123,0.01079165605,0.0007157988914,0.000755299746,0.0007151399725,0.0006176206468,0.008299397956,0.0006021375502,0.001337505645,0.002501519195,0.003551554014,0.004212420071,0.0005512688772,0.000599319703,0.0005846514545,0.0005190355533,0.009006643001,0.0009250590503,0.00224489643,0.004558129758,0.007077241209,0.00911401472,4.277013699e-06,1.554842103e-05,4.278063598e-05,8.503797785e-05,0.01920690945,0.001558239315,0.007040477294,0.02116906313,0.04005085601,0.05510714375,1.953730994e-08,1.680476787e-07,9.935809303e-07,3.673775387e-06,0.01164971998,0.0005262477817,0.003908962023,0.01677638323,0.0393942165,0.06237892689,8.4781278e-08,7.963239072e-07,5.357852828e-06,2.315301812e-05,0.0250062644,0.003522930539,0.01777212342,0.0557273007,0.1069769035,0.1497550746,1.314015855e-07,1.390587949e-06,1.054162463e-05,5.085658623e-05,0.03806288929,0.008085665639,0.03386298356,0.08933083208,0.148428207,0.1841754576,1.771678031e-07,2.179838991e-06,1.921211881e-05,0.0001065179255,0.05786654162,0.01772506256,0.05868153593,0.1244441368,0.1705026177,0.1796642121,6.669784001e-08,1.202672267e-06,1.490684725e-05,0.0001091527392,0.07777571208,0.02716074477,0.07686674327,0.134658845,0.1478972191,0.1244314272,2.717920309e-09,1.17604999e-07,2.991530561e-06,3.702251332e-05,0.08697529797,0.02001930156,0.05911478791,0.09055842351,0.07253305076,0.03967415915,7.324452571e-08,2.171772566e-06,3.785577238e-05,0.000330507705,0.1460731137,0.04143880585,0.0909221672,0.1057136383,0.06560256843,0.02762911666,1.099930453e-06,2.245134454e-05,0.0002694003034,0.001666324261,0.2008584095,0.05490576718,0.09718324356,0.09256078266,0.04717213798,0.01611801501,3.343990792e-07,1.163579143e-05,0.0002115806678,0.001730191373,0.2376393676,0.04433491027,0.05914302902,0.03796603941,0.01103831069,0.001954310195
83,0.05703615553,0.07352519715,0.08504828262,0.08836186785,0.2284099432,0.1324620063,0.1930414576,0.2441138855,0.2667372518,0.2588296728,0.07214478175,0.09038239183,0.101602907,0.1028141323,0.2105136378,0.08784166759,0.1176242492,0.13749969,0.1379155405,0.1236970553,0.001492715231,0.002182510884,0.002863381863,0.003341680448,0.03275359927,0.007612215961,0.01611131959,0.02881097742,0.04141459089,0.05110710895,0.001180109441,0.001775451388,0.002396838016,0.002871950768,0.03553806693,0.0114789419,0.02644142375,0.05115036728,0.08009840024,0.1069389748,0.02566629801,0.0240317044,0.02019060403,0.01561586091,0.05705542061,0.01057359291,0.01647286951,0.02216297399,0.02432569477,0.02304305018,0.03314535971,0.03008446488,0.02450220917,0.01841444677,0.05220781823,0.006762253824,0.009607964334,0.01186700235,0.01186637259,0.01031792108,0.000723113651,0.0007614578568,0.0007194963277,0.0006202099277,0.008235808603,0.0005835476541,0.00128763536,0.002393446468,0.003375440773,0.003979987046,0.0005599471729,0.000608258455,0.0005928879864,0.0005259518292,0.009000520225,0.0009124465749,0.00220765279,0.004470032975,0.006919548609,0.008888519359,4.398925157e-06,1.594120114e-05,4.372308562e-05,8.665842355e-05,0.01907187579,0.001483766271,0.006635937398,0.01976456083,0.03697035427,0.05033039651,2.029018782e-08,1.737816349e-07,1.023115511e-06,3.768134402e-06,0.01155013263,0.0004926787131,0.003610122527,0.01529918017,0.03536090144,0.05514831086,8.692994414e-08,8.134035536e-07,5.451976316e-06,2.347712031e-05,0.02471464561,0.003294137941,0.01642105845,0.05092413546,0.09639628095,0.1331313538,1.340594573e-07,1.41330508e-06,1.067297798e-05,5.130899677e-05,0.03753623309,0.007522494042,0.03113354762,0.08123242557,0.1330772787,0.1628769407,1.796128179e-07,2.201454127e-06,1.932827892e-05,0.0001067828656,0.05690731359,0.01638571816,0.05361402574,0.1124643733,0.1519012394,0.1578413726,6.751854437e-08,1.21220233e-06,1.49599498e-05,0.0001091039248,0.07628126476,0.02478170911,0.0692167552,0.119784096,0.1294084798,0.107117272,2.732065922e-09,1.174905656e-07,2.970252788e-06,3.655060456e-05,0.08451504971,0.0173371337,0.05023601373,0.0756179549,0.05901987562,0.03145351922,7.294650498e-08,2.14962077e-06,3.723898268e-05,0.0003232747373,0.14145031,0.03553085771,0.07648920631,0.08737433612,0.05280353871,0.02165525226,1.087874153e-06,2.206843884e-05,0.0002631741095,0.001618552902,0.1939970395,0.04672376073,0.08112989652,0.0759069037,0.03765320868,0.01252257887,3.260288994e-07,1.12589526e-05,0.0002031838029,0.00164995188,0.2275795801,0.03591261464,0.04679195173,0.02938733934,0.008246900003,0.001408595376
84,0.0576583951,0.07429447786,0.08590014908,0.08921051688,0.2284461942,0.1314728107,0.1912849561,0.2415234746,0.263470936,0.2553097315,0.07257039986,0.09077434471,0.1018849711,0.1029516837,0.2092159379,0.08580850382,0.1143366518,0.1330460889,0.1327862263,0.1185707947,0.00150742206,0.002199569822,0.002879943954,0.003354752956,0.03250654221,0.007383590033,0.01552823559,0.02760457404,0.0394260706,0.04837316076,0.001197672011,0.001800243141,0.002428107034,0.00290698738,0.03549440798,0.01131288032,0.02597870253,0.05011160185,0.07822817179,0.1041583529,0.0259599665,0.02429647096,0.02040448626,0.01577516952,0.05707356316,0.01049340495,0.01631920964,0.0219204006,0.02401717495,0.02271995847,0.03334383376,0.03021529487,0.0245686639,0.0184366157,0.05186521628,0.006595691278,0.009321452664,0.01145623948,0.01139423586,0.00986115154,0.0007301921405,0.0007673167685,0.000723528465,0.0006224913836,0.008170851028,0.0005653144654,0.001239052532,0.00228882164,0.003206098404,0.003757796228,0.0005684938222,0.0006170083617,0.0006008966008,0.000532630677,0.008991374483,0.0008993861843,0.002169228205,0.004379437716,0.006757928064,0.008657911187,4.519885444e-06,1.63265042e-05,4.463486997e-05,8.820108422e-05,0.0189287608,0.001411160445,0.006245611462,0.01842238241,0.03406032881,0.04586601064,2.104434565e-08,1.794538969e-07,1.051897297e-06,3.858521204e-06,0.01144474043,0.0004605012929,0.003327590858,0.01392034041,0.03165601077,0.04860751788,8.902743641e-08,8.29779377e-07,5.54003663e-06,2.377038483e-05,0.02441312446,0.003075699518,0.01514595529,0.04643993796,0.08665490384,0.1180315084,1.365917367e-07,1.434362165e-06,1.078957766e-05,5.168200671e-05,0.0369946546,0.006987380572,0.02856980589,0.07370737397,0.1190124585,0.1436290233,1.818237523e-07,2.219785769e-06,1.941255682e-05,0.0001068589597,0.055926496,0.01512085866,0.0488828899,0.1013992294,0.1349630437,0.138246445,6.82152846e-08,1.219271232e-06,1.498034918e-05,0.0001088046575,0.07475170027,0.02255883528,0.0621628718,0.1062361636,0.1128468372,0.09186161898,2.737812891e-09,1.169951056e-07,2.939071968e-06,3.595628869e-05,0.0820278488,0.01496003364,0.04251569418,0.06285493416,0.0477739458,0.0247899662,7.240858446e-08,2.120288836e-06,3.649880063e-05,0.0003150009646,0.1368009496,0.0303476949,0.06406799243,0.07187062808,0.0422695384,0.01686905941,1.072190561e-06,2.161275902e-05,0.0002561102971,0.00156591418,0.1871214824,0.03960050466,0.06742228705,0.06194032649,0.02988552543,0.009667705368,3.164168404e-07,1.084242641e-05,0.0001941523168,0.001565342536,0.2175975793,0.02893698721,0.03680323509,0.0226012803,0.006116455046,0.001006949838
85,0.05826854299,0.07504493381,0.08672653528,0.09002917593,0.2284299668,0.13042968,0.1894372581,0.2388042359,0.2600492062,0.2516256568,0.07297832957,0.09114147359,0.1021366411,0.1030566073,0.2079003175,0.08380730321,0.1111169212,0.1287046068,0.127811095,0.1136204132,0.001521638379,0.002215780066,0.002895244505,0.003366218864,0.03225463748,0.007159432057,0.01496021757,0.02643633863,0.0375129074,0.04575792634,0.001214931224,0.001824450076,0.002458417685,0.002940693647,0.03543970426,0.01114225606,0.02550486971,0.04905115523,0.07632515618,0.1013362647,0.02624814911,0.02455499606,0.02061220489,0.01592906034,0.05707797922,0.01040871779,0.01615746321,0.02166573461,0.02369407193,0.02238178542,0.03353391856,0.03033759325,0.02462755744,0.0184527662,0.05151835941,0.006432105378,0.009041597386,0.01105704056,0.01093788334,0.009421686535,0.0007370296355,0.0007728758222,0.0007272402203,0.0006244721298,0.00810473284,0.0005474735984,0.001191839289,0.002187787769,0.00304368458,0.003545957362,0.0005768983941,0.0006255592727,0.0006086687426,0.0005390657491,0.00897935761,0.0008859460238,0.002129833772,0.004286864005,0.006593348928,0.008423635886,4.639650961e-06,1.670353616e-05,4.551419082e-05,8.966331368e-05,0.01877834106,0.00134066201,0.005870612771,0.01714552781,0.03132441219,0.04171446609,2.179795128e-08,1.850491769e-07,1.079845484e-06,3.944689941e-06,0.01133414478,0.0004297959486,0.003061758126,0.01263986643,0.02827138613,0.04272519732,9.106915638e-08,8.454183381e-07,5.621901662e-06,2.403267576e-05,0.02410312055,0.002867998577,0.01394785103,0.04227321914,0.07773150269,0.1043896163,1.38993634e-07,1.453733521e-06,1.089145572e-05,5.19769206e-05,0.03644068494,0.006481081847,0.02617268362,0.06674902326,0.1061930762,0.1263305826,1.837997581e-07,2.23487482e-06,1.946581984e-05,0.0001067538398,0.05492866378,0.01393162818,0.04448677204,0.09123038743,0.1196225879,0.1207528698,6.878888949e-08,1.22393505e-06,1.496929765e-05,0.0001082681242,0.07319503926,0.02049262185,0.05569446877,0.0939684535,0.09810374969,0.07850859138,2.7354649e-09,1.161404012e-07,2.898772247e-06,3.525195989e-05,0.07952755181,0.01286681043,0.0358488586,0.05203173674,0.03848919362,0.01943481738,7.164710113e-08,2.084430439e-06,3.564961034e-05,0.0003058359409,0.1321507196,0.02583057658,0.05345400287,0.05886274581,0.03367053113,0.0130681588,1.053220966e-06,2.109304346e-05,0.0002483348077,0.001509304405,0.1802694312,0.03344117814,0.05580263098,0.05031744477,0.02359970027,0.007421196844,3.057590022e-07,1.039425596e-05,0.000184653168,0.001477870667,0.2077482798,0.02320561017,0.02879399349,0.01728188687,0.004506565658,0.0007145178272
86,0.05886604007,0.07577596065,0.08752688598,0.09081741437,0.2283636844,0.1293382928,0.1875088081,0.2359720814,0.2564928398,0.2478007235,0.07336857132,0.09148413838,0.102358742,0.1031301431,0.206570287,0.08184152,0.1079700755,0.1244811476,0.1229956066,0.1088500423,0.001535355855,0.002231142102,0.002909302039,0.003376120201,0.03199869284,0.00694017227,0.01440821182,0.02530785691,0.03567690332,0.04326273787,0.001231866965,0.001848046439,0.002487742063,0.002973044524,0.0353745909,0.01096790521,0.02502236488,0.04797471572,0.07439997657,0.09848905447,0.02653057032,0.02480705821,0.02081360666,0.01607743978,0.05706928414,0.01032000293,0.01598856034,0.02140048712,0.02335837132,0.02203070131,0.03371561706,0.03045148879,0.0246791016,0.01846313401,0.05116815748,0.006271758323,0.008768786175,0.01066985813,0.01049768341,0.008999744516,0.0007436222657,0.0007781354983,0.0007306366761,0.0006261604456,0.008037661278,0.0005300566466,0.001146064603,0.002090455214,0.002888297524,0.003344495705,0.0005851508746,0.0006339017686,0.0006161968389,0.0005452517893,0.008964629526,0.0008721933885,0.002089676119,0.004192816747,0.006426744205,0.008187075288,4.757983669e-06,1.707155396e-05,4.635946937e-05,9.104303355e-05,0.01862140295,0.001272471414,0.005511789632,0.0159359381,0.02876362296,0.03787189169,2.254916647e-08,1.905527573e-07,1.106886167e-06,4.02643142e-06,0.01121895217,0.0004006184208,0.002812759097,0.01145638765,0.02519504794,0.03746364935,9.30508856e-08,8.602927829e-07,5.697486156e-06,2.426409433e-05,0.02378604191,0.002671265557,0.0128267465,0.03841851141,0.06959583604,0.09212647683,1.412613207e-07,1.471406235e-06,1.097875647e-05,5.219563299e-05,0.03587681431,0.006003950989,0.02394091364,0.06034382938,0.09456542567,0.1108640463,1.855417698e-07,2.246786666e-06,1.948916404e-05,0.00010647642,0.05391827346,0.0128181391,0.04042005893,0.08192912178,0.1057988476,0.1052183165,6.924128266e-08,1.226270807e-06,1.492831027e-05,0.0001075093768,0.07161904892,0.01858129698,0.04979334579,0.08291997396,0.08505519663,0.06689234289,2.725414436e-09,1.149518804e-07,2.850218835e-06,3.445080674e-05,0.07702718118,0.01103449747,0.03012831749,0.04291538887,0.03087960244,0.01516499071,7.068052555e-08,2.042751537e-06,3.470642809e-05,0.0002959318072,0.1275234604,0.02191805724,0.04444367916,0.04802456082,0.02670375353,0.01007407913,1.031332133e-06,2.051837852e-05,0.0002399750677,0.001449610335,0.1734755309,0.02814879054,0.04601879627,0.0407133753,0.01855194295,0.005667951239,2.942543147e-07,9.922361452e-06,0.0001748463006,0.001388945108,0.1980805509,0.01853106378,0.02242225957,0.01314678173,0.003301054455,0.0005036932427
87,0.05945035805,0.07648701086,0.08830073138,0.09157490918,0.228249901,0.1282043707,0.1855100792,0.2330428956,0.2528224826,0.2438579763,0.07374117662,0.09180277308,0.102552189,0.1031736251,0.2052293515,0.07991432294,0.1049005667,0.1203807292,0.1183440689,0.1042625576,0.001548567887,0.00224565957,0.002922139795,0.00338450488,0.03173951305,0.006726192266,0.01387301408,0.02422035829,0.03391920622,0.04088796128,0.001248460081,0.001871008708,0.002516056299,0.003004020907,0.03529973007,0.01079064697,0.02453355612,0.04688775741,0.07246276053,0.09563217821,0.02680696869,0.02505245505,0.02100855942,0.01622023412,0.05704812809,0.01022773553,0.01581343346,0.02112616567,0.0230120441,0.02166885317,0.03388895682,0.03055713605,0.02472353079,0.01846797218,0.05081551728,0.006114887895,0.008503355794,0.01029506135,0.0100738979,0.008595432895,0.0007499670176,0.0007830973942,0.0007337241116,0.0006275657053,0.007969842442,0.0005130912776,0.001101784884,0.001996903737,0.002739981112,0.003153360924,0.0005932417003,0.0006420271923,0.000623474322,0.0005511846438,0.00894735736,0.0008581942921,0.002048956009,0.004097782202,0.006259003897,0.007949537352,4.874652542e-06,1.742987037e-05,4.71693555e-05,9.233874016e-05,0.01845873803,0.001206751013,0.005169743906,0.01479459783,0.02637670692,0.03433078457,2.32961605e-08,1.959506128e-07,1.132952965e-06,4.1035746e-06,0.0110997702,0.0003730019376,0.002580504963,0.01036739305,0.02241209095,0.03278088255,9.496881412e-08,8.743805886e-07,5.766751411e-06,2.446497103e-05,0.02346327689,0.002485593464,0.01178174687,0.0348670553,0.062210761,0.08115372232,1.433919452e-07,1.487379963e-06,1.105173155e-05,5.234058615e-05,0.03530547767,0.005555983994,0.02187136771,0.05447266852,0.08406608575,0.09710111184,1.870524436e-07,2.255609623e-06,1.948389236e-05,0.0001060367307,0.05289963808,0.0117796099,0.03667361287,0.07345853261,0.09339972939,0.09149111608,6.957541727e-08,1.226374531e-06,1.485913075e-05,0.0001065450095,0.07003119405,0.01682119324,0.04443535577,0.07301929188,0.07356786521,0.05684383649,2.708130769e-09,1.134579059e-07,2.794335146e-06,3.356647837e-05,0.07453885217,0.009439339329,0.02524839367,0.03528414755,0.02468456965,0.01178491533,6.952896224e-08,1.995992208e-06,3.36845332e-05,0.0002854397158,0.1229410506,0.01854833029,0.03684066736,0.03905147241,0.02109804315,0.007732887308,1.006906934e-06,1.989797684e-05,0.0002311570311,0.001387689668,0.1667712358,0.02362756011,0.03783125237,0.03282879001,0.01452667481,0.004309900302,2.820992298e-07,9.434343383e-06,0.0001648810175,0.001299847608,0.1886371474,0.0147439964,0.01738941945,0.00995656454,0.002405761953,0.0003530529228
88,0.0600210005,0.07717759461,0.08904768733,0.09230144429,0.2280912893,0.1270336451,0.183451507,0.2300324302,0.2490585018,0.239820058,0.07409624675,0.09209788261,0.1027179821,0.1031884732,0.2038810012,0.07802859858,0.1019122977,0.1164075233,0.1138597085,0.09985967432,0.001561269603,0.002259339178,0.002933785514,0.003391426307,0.03147789698,0.006517826259,0.01335527658,0.02317473915,0.03224036595,0.03863309781,0.001264692447,0.001893315658,0.00254334061,0.003033609632,0.03521580758,0.01061127897,0.02404072591,0.04579550718,0.07052307918,0.0927801119,0.02707709738,0.02529100369,0.0211969522,0.0163573895,0.05701519296,0.01013239165,0.01563301131,0.02084426401,0.0226570324,0.02129834846,0.03405398938,0.03065471425,0.02476110067,0.01846754966,0.05046133996,0.005961707936,0.008245594047,0.00993294062,0.009666689824,0.00820875795,0.0007560617313,0.0007877641948,0.0007365099463,0.0006286983044,0.007901480573,0.0004966013606,0.00105904466,0.001907184779,0.002598730147,0.002972436035,0.0006011617874,0.0006499276747,0.0006304956447,0.0005568612639,0.008927714561,0.0008440130805,0.002007867117,0.004002224978,0.006090969526,0.007712248165,4.989434913e-06,1.777785805e-05,4.794273437e-05,9.354950468e-05,0.01829113861,0.001143627164,0.004844851863,0.01372164335,0.0241604801,0.03108070592,2.403712347e-08,2.012295235e-07,1.157987528e-06,4.175987512e-06,0.01097720392,0.0003469595569,0.002364716412,0.009369455332,0.01990550437,0.02863241047,9.681956407e-08,8.87665241e-07,5.829704423e-06,2.463585507e-05,0.02313618689,0.002310953924,0.01081120156,0.03160745709,0.05553413163,0.07137743366,1.453836359e-07,1.501666583e-06,1.111073366e-05,5.241472208e-05,0.03472904213,0.005136867042,0.01995938052,0.04911207388,0.07462492081,0.08490769721,1.883360761e-07,2.261453132e-06,1.945149095e-05,0.0001054457454,0.05187690536,0.01081450245,0.03323547364,0.06577561651,0.08232607574,0.07941571857,6.979519745e-08,1.224359113e-06,1.476369534e-05,0.0001053928302,0.06843859584,0.01520711066,0.03959191761,0.06418807051,0.06350439758,0.04819626576,2.68414703e-09,1.116890489e-07,2.732080434e-06,3.261276969e-05,0.07207372036,0.008057597364,0.02110774051,0.02893200343,0.01967166874,0.009126506295,6.8213651e-08,1.944909242e-06,3.259912795e-05,0.0002745066571,0.1184233341,0.0156610673,0.0304602832,0.03166536476,0.01661546416,0.00591435305,9.803354196e-07,1.924097422e-05,0.0002220025785,0.001324354611,0.1601847338,0.01978547697,0.03101779601,0.02639383388,0.01133702155,0.00326505709,2.694830915e-07,8.937320551e-06,0.0001548931991,0.001211712815,0.1794547626,0.01169452285,0.01343975515,0.007512061389,0.001745760102,0.0002462719061
89,0.06057750369,0.07784728022,0.08976745506,0.09299690931,0.2278906286,0.1258318264,0.1813434288,0.2269562062,0.2452208539,0.2357090554,0.07443393135,0.09237003936,0.1028571999,0.1031761858,0.2025287011,0.07618695684,0.09900864252,0.1125649004,0.1095447465,0.09564204604,0.001573457836,0.002272190614,0.002944271201,0.003396942979,0.031214635,0.006315362745,0.01285551605,0.02217158784,0.03064039224,0.03649688605,0.001280547006,0.001914948404,0.002569579309,0.003061803417,0.03512352941,0.01043057317,0.02354605921,0.04470291755,0.06858989946,0.08994628295,0.0273407246,0.02552254096,0.02137869524,0.01648887168,0.05697118917,0.01003444558,0.01544821345,0.02055625265,0.02229523667,0.02092124041,0.0342107896,0.03074442605,0.02479208655,0.01846214978,0.05010651861,0.005812409003,0.007995742056,0.009583712579,0.009276131612,0.007839634902,0.0007619050906,0.0007921396366,0.0007390026774,0.0006295695804,0.007832777394,0.0004806071239,0.00101787733,0.00182132385,0.002464495692,0.00280154624,0.0006089025569,0.0006575961539,0.000637256287,0.0005622796992,0.008905880013,0.0008297120913,0.001966594989,0.003906585566,0.005923429834,0.007476345917,5.102117733e-06,1.811495302e-05,4.867873024e-05,9.467496682e-05,0.01811939366,0.001083192669,0.004537286572,0.01271647342,0.02211016322,0.02810893534,2.477027922e-08,2.063771754e-07,1.181939929e-06,4.243577631e-06,0.01085185236,0.0003224865942,0.002164956005,0.008458441018,0.01765690174,0.02497277074,9.860020787e-08,9.001358444e-07,5.886396497e-06,2.477750144e-05,0.02280609978,0.002147213391,0.009912839289,0.02862630239,0.04952049327,0.06270122617,1.472354932e-07,1.514289707e-06,1.115620935e-05,5.242143016e-05,0.03414979587,0.004746023352,0.01819905795,0.04423537282,0.06616771878,0.07414809468,1.893985054e-07,2.264445766e-06,1.93936043e-05,0.0001047152042,0.05085403963,0.009920655122,0.03009151382,0.05883313523,0.07247511559,0.06883716502,6.990538901e-08,1.220352008e-06,1.46440958e-05,0.0001040715339,0.06684799824,0.01373265844,0.03523138121,0.05634413678,0.05472768206,0.04078918693,2.654046826e-09,1.096773722e-07,2.664428614e-06,3.160333426e-05,0.06964194856,0.006866179615,0.01761133376,0.02367141031,0.0156373808,0.007047786035,6.675648489e-08,1.89025999e-06,3.146503512e-05,0.0002632727574,0.1139880868,0.01319878663,0.02513242577,0.02561714928,0.01305091409,0.004510153367,9.52006577e-07,1.855624996e-05,0.0002126273255,0.001260358743,0.1537409317,0.01653612589,0.02537638447,0.02116970882,0.008823780225,0.002466015539,2.565842869e-07,8.437804885e-06,0.0001450033718,0.001125516484,0.170564186,0.00925234397,0.01035799467,0.005650302875,0.001262390797,0.0001711115277
90,0.06111943713,0.07849569415,0.09045982023,0.09366129736,0.2276507925,0.1246045754,0.1791960282,0.2238294263,0.2413289669,0.2315463638,0.07475442656,0.09261987939,0.1029709941,0.1031383313,0.2011758829,0.07439173869,0.09619247077,0.108855479,0.1054004776,0.09160936599,0.001585131106,0.002284226424,0.002953632863,0.003401118047,0.03095050653,0.006119046491,0.01237412246,0.02121121077,0.02911881332,0.03447740243,0.001296007814,0.001935890437,0.002594760789,0.003088600764,0.03502361832,0.01024927234,0.02305163365,0.0436146456,0.06667154927,0.08714302385,0.02759763397,0.02574692351,0.02155371981,0.01661466575,0.05691685245,0.009934367388,0.01525994511,0.02026357041,0.02192850427,0.02053951527,0.03435945471,0.03082649619,0.02481678189,0.01845206872,0.04975193598,0.005667159183,0.00775399678,0.009247525392,0.008902213362,0.007487897972,0.0007674966087,0.000796228465,0.0007412118116,0.0006301917299,0.007763931503,0.0004651253357,0.000978305977,0.001739322982,0.002337190384,0.00264046749,0.0006164559554,0.0006650263871,0.0006437527548,0.0005674390828,0.008882037153,0.0008153513635,0.001925316187,0.003811278392,0.005757117611,0.007242876777,5.212498697e-06,1.844065732e-05,4.937670764e-05,9.571532224e-05,0.01794428492,0.001025509482,0.004247041088,0.01177785891,0.0202196997,0.02540107086,2.549389766e-08,2.113822479e-07,1.204768944e-06,4.306291703e-06,0.01072430542,0.0002995630623,0.001980659056,0.007629702325,0.01564715269,0.0217567671,1.003082811e-07,9.117870669e-07,5.936921376e-06,2.489085595e-05,0.02247430422,0.001994149094,0.009083895791,0.02590871501,0.04412255565,0.05502880277,1.4894757e-07,1.525284068e-06,1.118869089e-05,5.23644916e-05,0.03356993878,0.004382658477,0.01658356368,0.03981370693,0.05861844637,0.06468833796,1.902469976e-07,2.264733085e-06,1.931200956e-05,0.0001038574387,0.04983480705,0.009095408816,0.02722603603,0.05258125945,0.06374334981,0.05960461382,6.991152192e-08,1.214492848e-06,1.450254244e-05,0.0001026003857,0.06526574202,0.01239056839,0.03132022552,0.04940406001,0.0471042235,0.03447148293,2.618450847e-09,1.074557434e-07,2.592348813e-06,3.055143139e-05,0.06725269197,0.005843108521,0.01467174867,0.01933457116,0.01240633453,0.005430650419,6.517955828e-08,1.832787867e-06,3.029643912e-05,0.0002518690846,0.1096510197,0.01110780294,0.02070319587,0.02068741664,0.01023032818,0.003431531421,9.223009738e-07,1.785227417e-05,0.0002031388671,0.001196387241,0.1474614957,0.0137998666,0.02072643268,0.0169484891,0.006853380182,0.0018581739,2.435672313e-07,7.941613289e-06,0.0001353155828,0.001042071157,0.1619905514,0.007305950333,0.007965630995,0.004239901971,0.0009103986321,0.0001185297742
91,0.06164640385,0.07912252071,0.09112465141,0.09429470242,0.2273747367,0.123357477,0.1770192846,0.2206668972,0.2374016375,0.2273525713,0.07505797309,0.09284809839,0.1030605824,0.1030765405,0.1998259366,0.07264502548,0.09346617399,0.1052811777,0.1014273517,0.08776046823,0.00159628957,0.002295461881,0.002961910231,0.003404018878,0.0306862779,0.005929080806,0.01191136842,0.02029365932,0.02767473401,0.03257215874,0.001311060071,0.001956127626,0.002618877471,0.003114005819,0.03491681048,0.01006808717,0.02255941188,0.04253503744,0.06477569474,0.0843815466,0.02784762468,0.0259640277,0.02172197794,0.0167347757,0.05685294063,0.009832620713,0.01506909276,0.01996761691,0.02155861965,0.02015508139,0.03450010341,0.03090117006,0.02483549664,0.018437614,0.04939846252,0.005526105046,0.007520513749,0.008924464241,0.008544851246,0.007153310297,0.0007728366073,0.0008000363865,0.0007431477915,0.0006305777234,0.007695137838,0.0004501695051,0.0009403442055,0.001661163207,0.002216693621,0.002488934685,0.0006238144716,0.0006722129569,0.0006499825698,0.0005723396074,0.008856373099,0.000800988393,0.001884197614,0.003716690398,0.005592707619,0.00701279255,5.320387235e-06,1.875454093e-05,5.00362699e-05,9.667130432e-05,0.01776658342,0.0009706115831,0.003973951771,0.01090404896,0.01848205091,0.02294156615,2.620630622e-08,2.162344869e-07,1.226442205e-06,4.364115049e-06,0.01059514102,0.000278156059,0.001811162378,0.006878248239,0.01385691432,0.01894044691,1.019417898e-07,9.226190234e-07,5.981412944e-06,2.497703866e-05,0.02214204472,0.001851464362,0.008321231653,0.0234388546,0.03929243983,0.0482659948,1.505208426e-07,1.534694804e-06,1.120878748e-05,5.224802205e-05,0.03299157474,0.00404580314,0.01510537973,0.03581692553,0.05190112213,0.05639882799,1.908901215e-07,2.262475395e-06,1.920859083e-05,0.0001028851997,0.04882276434,0.008335723574,0.02462230478,0.04696897773,0.05602888599,0.05157399472,6.981978727e-08,1.206931035e-06,1.434132794e-05,0.0001009989209,0.06369774596,0.0111729754,0.02782408177,0.04328524933,0.04050666494,0.02910331196,2.578003827e-09,1.050571958e-07,2.516788079e-06,2.946971165e-05,0.06491409975,0.00496784484,0.01220984439,0.01577360497,0.009829530496,0.00417817856,6.350475569e-08,1.773209781e-06,2.910667416e-05,0.0002404159737,0.1054258133,0.00933881809,0.01703548136,0.01668569007,0.008008003247,0.002606727634,8.915844218e-07,1.71369838e-05,0.0001936354629,0.001133050363,0.1413649393,0.0115044796,0.0169089234,0.01355168099,0.005315263974,0.001397883248,2.30580191e-07,7.453814657e-06,0.0001259170051,0.0009620282882,0.1537536565,0.005761223738,0.006116614188,0.003176321041,0.0006553211636,8.193314945e-05
92,0.06215804053,0.07972750124,0.09176189806,0.09489731585,0.2270654866,0.1220960162,0.1748229292,0.2174829618,0.2334569447,0.2231473622,0.07534485396,0.09305544733,0.1031272423,0.1029924982,0.1984822033,0.07094865004,0.09083169477,0.1018432695,0.09762505632,0.08409342812,0.00160693498,0.002305914838,0.002969146461,0.003405716586,0.03042270037,0.005745630031,0.01146741891,0.01941875678,0.02630689265,0.03077819536,0.001325690135,0.001975648212,0.00264192573,0.003138028189,0.03480385218,0.009887693945,0.02207123592,0.04146811824,0.06290932896,0.08167193635,0.02809051161,0.02617374946,0.02188344191,0.01684922377,0.05678023037,0.009729660716,0.01487652,0.01966974616,0.02118729601,0.01976976019,0.03463287474,0.03096871223,0.02484855556,0.01841910287,0.04904695453,0.005389372711,0.007295409947,0.008614556941,0.008203895826,0.006835573579,0.0007779261913,0.0008035700143,0.0007448219191,0.0006307412174,0.00762658719,0.0004357500984,0.0009039970104,0.001586807021,0.00210285658,0.002346649404,0.0006309711473,0.0006791512698,0.0006559442526,0.0005769824941,0.008829077805,0.0007866779387,0.001843396012,0.003623180102,0.005430815524,0.006786949977,5.425605368e-06,1.905624297e-05,5.065725517e-05,9.754416062e-05,0.01758704633,0.0009185079487,0.003717721209,0.01009287145,0.01688946446,0.02071420033,2.690590043e-08,2.209247637e-07,1.246936236e-06,4.417070405e-06,0.01046492267,0.0002582220542,0.001655730501,0.006198893435,0.01226706472,0.01648183618,1.034992126e-07,9.326371015e-07,6.020042552e-06,2.503732598e-05,0.02181051755,0.001718803092,0.007621439061,0.02120034972,0.03498270376,0.04232232823,1.519571711e-07,1.542576649e-06,1.121717605e-05,5.207641351e-05,0.03241670552,0.003734352937,0.01375653824,0.03221434942,0.04594132276,0.04915628445,1.913376128e-07,2.257845455e-06,1.908531371e-05,0.000101811494,0.04782125084,0.007638284448,0.02226300943,0.04194527217,0.04923325775,0.04460988736,6.963693115e-08,1.197823351e-06,1.416279291e-05,9.928666755e-05,0.06214949514,0.0100716625,0.02470858261,0.03790759679,0.03481555614,0.02455720725,2.53336221e-09,1.025143506e-07,2.438656544e-06,2.837004326e-05,0.06263333138,0.004221488931,0.01015497789,0.01285989363,0.007781945675,0.003211787199,6.175338946e-08,1.712205659e-06,2.790806039e-05,0.0002290218599,0.1013241795,0.007847217459,0.01400875801,0.01344871358,0.006263457664,0.00197841083,8.602027426e-07,1.641768795e-05,0.0001842051501,0.001070879946,0.1354667523,0.009585385788,0.01378565066,0.01082796492,0.004119017274,0.001050659009,2.177539069e-07,6.978708822e-06,0.0001168781696,0.0008858856222,0.1458683381,0.004539692708,0.004692866497,0.002377356828,0.0004712185441,5.65693345e-05
93,0.06265401728,0.08031043296,0.09237158795,0.09546942241,0.2267261252,0.1208255571,0.1726164064,0.2142914425,0.229512178,0.2189494408,0.07561539205,0.09324272798,0.1031723046,0.1028879346,0.1971479685,0.06930420892,0.08829055744,0.0985424376,0.09399259868,0.08060566032,0.001617070617,0.002315605566,0.002975387823,0.003406285574,0.03016050843,0.005568822208,0.01104234123,0.01858612515,0.02501371592,0.02909216916,0.00133988554,0.00199444278,0.002663905775,0.003160682713,0.0346854967,0.009708732793,0.02158882351,0.04041758724,0.06107877111,0.07902316219,0.02832612533,0.02637600394,0.02203810375,0.01695804984,0.05669951398,0.009625932301,0.01468306414,0.01937126105,0.02081616854,0.01938527902,0.03475792691,0.03102940474,0.02485629649,0.01839686079,0.0486982525,0.005257069011,0.007078766813,0.008317779592,0.007879140211,0.006534337366,0.0007827672174,0.0008068368105,0.0007462462752,0.0006306964659,0.007558465795,0.0004218747668,0.0008692616486,0.001516200782,0.001995506976,0.002213287094,0.0006379195848,0.0006858375488,0.0006616372973,0.0005813699535,0.008800343237,0.0007724718728,0.001803057633,0.003531077114,0.005271997758,0.006566111523,5.5279884e-06,1.934547205e-05,5.123973002e-05,9.833562473e-05,0.01740641412,0.0008691855352,0.003477940275,0.009341826377,0.01543371315,0.01870247932,2.759115342e-08,2.254451168e-07,1.266236382e-06,4.465216309e-06,0.01033419721,0.0002397090358,0.001513579055,0.005586384795,0.01085904448,0.01434145956,1.049794973e-07,9.418517342e-07,6.053016042e-06,2.507313197e-05,0.02148086743,0.001595763135,0.006980936486,0.01917666604,0.03114715897,0.0371121644,1.532592524e-07,1.548993051e-06,1.121459171e-05,5.185427658e-05,0.03184722626,0.00344710446,0.01252882358,0.02897540711,0.04066734997,0.04284510344,1.916002337e-07,2.251026177e-06,1.894420073e-05,0.0001006494295,0.04683338357,0.006999595615,0.02013065784,0.03746007043,0.04326277737,0.03858673282,6.937014792e-08,1.187331648e-06,1.396929362e-05,9.748289516e-05,0.06062603558,0.00907826991,0.02194004468,0.0331947067,0.02992047736,0.02071849478,2.485182793e-09,9.985891169e-08,2.358815195e-06,2.726337944e-05,0.06041658584,0.003586881231,0.00844486174,0.01048286859,0.006159830623,0.00246844124,5.994589151e-08,1.650410152e-06,2.671178723e-05,0.0002177825878,0.09735594761,0.006593134064,0.011518329,0.01083813789,0.004898141267,0.00150125953,8.284776607e-07,1.570100161e-05,0.0001749252532,0.001010328608,0.1297795617,0.007985541838,0.01123787434,0.008650475653,0.003191486214,0.000789540935,2.052009522e-07,6.519833162e-06,0.0001082537112,0.0008139985859,0.1383448869,0.003576639723,0.003599932541,0.001779041176,0.0003387666804,3.904821661e-05
94,0.06313403718,0.08087116743,0.09295382402,0.09601139563,0.2263597808,0.1195513245,0.1704088412,0.2111055943,0.2255837819,0.2147764723,0.07586994744,0.09341078817,0.1031971462,0.1027646179,0.1958264564,0.0677130759,0.08584390008,0.09537883209,0.09052838679,0.07729401368,0.001626701223,0.002324556578,0.002980683384,0.003405803065,0.02990041835,0.005398751874,0.01063611505,0.0177952113,0.02379337107,0.02751043535,0.001353634989,0.002012504207,0.002684821519,0.003181989213,0.03456250124,0.009531806504,0.02111376624,0.03938681756,0.05928967499,0.07644310309,0.02855431188,0.02657072499,0.02218597441,0.01706131055,0.05661159622,0.009521868546,0.01448953326,0.01907340898,0.02044678918,0.01900326589,0.03487543599,0.03108354558,0.02485906869,0.01837121992,0.04835317977,0.005129282739,0.00687063331,0.008034062204,0.00757032798,0.006249207887,0.0007873622593,0.0008098450227,0.0007474336366,0.0006304582318,0.007490954971,0.0004085485812,0.0008361285073,0.001449277049,0.001894453559,0.00208850369,0.0006446539483,0.0006922688189,0.0006670621391,0.0005855051396,0.008770362573,0.0007584190778,0.001763318062,0.003440682082,0.005116752222,0.006350947454,5.62738545e-06,1.96220059e-05,5.178398087e-05,9.904788404e-05,0.01722540807,0.0008226122246,0.003254108969,0.008648170825,0.01410630313,0.01688997011,2.826062407e-08,2.297887794e-07,1.284336623e-06,4.50864511e-06,0.01020349309,0.0002225584874,0.001383895231,0.005035506147,0.009615114547,0.01248267566,1.063820527e-07,9.502781266e-07,6.080570524e-06,2.508598899e-05,0.02115418506,0.001481908481,0.006396051056,0.01735141167,0.02774149601,0.0325554707,1.544305655e-07,1.554015244e-06,1.120181814e-05,5.15863842e-05,0.03128492252,0.003182787566,0.01141394449,0.02607015,0.03601109202,0.0373582086,1.916896273e-07,2.242208363e-06,1.878730792e-05,9.941207352e-05,0.04586205534,0.006416062463,0.01820790282,0.03346499076,0.03802947841,0.03338948984,6.9026975e-08,1.175620658e-06,1.376317255e-05,9.560639383e-05,0.05913197488,0.008184468807,0.01948599739,0.0290747602,0.02572062955,0.01748518608,2.434112552e-09,9.71212379e-08,2.278066303e-06,2.615966568e-05,0.05826914153,0.003048623061,0.007025167127,0.008548453285,0.004877932024,0.00189805693,5.810156171e-08,1.588406467e-06,2.552784092e-05,0.0002067811511,0.09352916847,0.005541337917,0.009474192597,0.008737892346,0.003832216825,0.001139781183,7.967038057e-07,1.4992806e-05,0.0001658622485,0.0009517712601,0.1243133196,0.006655101996,0.009164615822,0.006913894061,0.002474042463,0.000593646374,1.930157316e-07,6.07999203e-06,0.0001000835066,0.0007465944847,0.1311894883,0.002819204199,0.002762962028,0.001332055298,0.0002437007191,2.697323522e-05
95,0.06359783566,0.08140960856,0.09350878079,0.09652369269,0.2259696156,0.1182783881,0.1682090126,0.207938068,0.2216873139,0.2106450437,0.07610891459,0.0935605169,0.1032031835,0.1026243456,0.194520825,0.06617641635,0.08349250726,0.09235212588,0.08723030844,0.07415486195,0.001635832919,0.002332792446,0.002985084675,0.003404348628,0.02964312688,0.00523548293,0.01024864229,0.01704531234,0.02264381514,0.02602912278,0.001366928351,0.002029827605,0.002704680408,0.003201972192,0.034435624,0.009357479836,0.02064752943,0.03837886008,0.05754704578,0.0739385869,0.02877493258,0.02675786463,0.02232708303,0.01715907841,0.05651729118,0.00941788937,0.01429670383,0.01877737839,0.02008062279,0.01862524578,0.03498559459,0.03113144686,0.02485723104,0.01834251755,0.04801254125,0.005006085946,0.006671029023,0.007763294242,0.0072771608,0.005979756384,0.0007917145669,0.0008126036179,0.0007483973915,0.000630041698,0.00742423083,0.0003957742719,0.0008045819561,0.001385956797,0.001799490278,0.001971941614,0.0006511689612,0.0006984428867,0.0006722201148,0.0005893920975,0.008739329449,0.0007445653847,0.001724302187,0.003352267014,0.004965519724,0.006142039052,5.723659827e-06,1.988569033e-05,5.229050338e-05,9.968354411e-05,0.01704472825,0.0007787396756,0.003045655788,0.008008995121,0.01289865173,0.01526057152,2.891296405e-08,2.339501902e-07,1.301239288e-06,4.547480649e-06,0.01007331878,0.000206707178,0.00126585529,0.004541162473,0.008518540019,0.01087185883,1.077067353e-07,9.579359412e-07,6.102970972e-06,2.507752837e-05,0.02083150535,0.001376780162,0.005863088735,0.0157085834,0.02472373981,0.02857827867,1.55475311e-07,1.557721271e-06,1.117967804e-05,5.127761765e-05,0.03073146862,0.002940093692,0.01040367753,0.02346965588,0.03190861866,0.03259748308,1.916181719e-07,2.231588507e-06,1.861670298e-05,9.811232466e-05,0.04490993551,0.005884061706,0.01647780527,0.02991390006,0.03345170843,0.02891384417,6.861519129e-08,1.162855953e-06,1.354673205e-05,9.367528496e-05,0.05767148825,0.007382101708,0.01731557367,0.02548106783,0.02212499887,0.01476748658,2.380779796e-09,9.432999652e-08,2.197146451e-06,2.506778412e-05,0.05619540523,0.002593037134,0.00584895852,0.006977331854,0.003866803409,0.001461174846,5.623837312e-08,1.526722261e-06,2.436497247e-05,0.0001960878061,0.08985023351,0.004661001168,0.007799693351,0.007051461306,0.003001557174,0.0008664102468,7.651467636e-07,1.429823302e-05,0.0001570719347,0.0008955085137,0.1190755092,0.005550923922,0.007480775967,0.005531549462,0.001920092982,0.0004469322926,1.812750194e-07,5.661303955e-06,9.239408861e-05,0.0006837883867,0.124404675,0.002224578797,0.002123132752,0.0009986843606,0.0001755742602,1.866346615e-05
96,0.06404517952,0.08192571036,0.09403670033,0.09700684871,0.2255588139,0.1170116492,0.1660253328,0.2048008834,0.2178374177,0.2065706402,0.07633271935,0.0936928394,0.1031918657,0.1024689371,0.1932341613,0.06469520225,0.08123684339,0.08946157067,0.08409580746,0.07118418983,0.001644473121,0.002340339608,0.00298864536,0.003402003724,0.02938931034,0.005079051556,0.009879756996,0.01633559977,0.02156284063,0.0246442024,0.001379756638,0.002046410228,0.002723493235,0.003220660524,0.03430562141,0.009186279327,0.02019145346,0.03739645122,0.05585526393,0.07151544016,0.0289878636,0.02693739225,0.02246147587,0.01725144076,0.05641741926,0.009314400435,0.01410531884,0.01848429632,0.01971904473,0.01825263877,0.03508861034,0.03117343314,0.02485115034,0.01831109471,0.04767712242,0.00488753529,0.006479947266,0.007505330026,0.00699930567,0.005725526889,0.0007958280226,0.0008151222131,0.0007491514542,0.0006294623802,0.007358464041,0.0003835524685,0.000774601176,0.001326151528,0.001710400127,0.001863235167,0.0006574598979,0.0007043583133,0.0006771134166,0.0005930357052,0.008707437233,0.0007309535517,0.001686124303,0.003266075937,0.004818686053,0.005939882759,5.816689224e-06,2.013643741e-05,5.275999009e-05,0.0001002455903,0.01686505171,0.0007375060419,0.002851955426,0.007421289771,0.01180223577,0.01379872655,2.954692327e-08,2.379249892e-07,1.316954682e-06,4.58187566e-06,0.009944161647,0.000192088756,0.001158639226,0.004098445325,0.0075537105,0.009478457285,1.089538316e-07,9.648489482e-07,6.120506704e-06,2.504946104e-05,0.02051380639,0.001279905848,0.005378392814,0.01423275862,0.02205455739,0.02511288589,1.563983449e-07,1.560195005e-06,1.114902382e-05,5.093291565e-05,0.0301884275,0.002717700241,0.00948998346,0.02114633184,0.02830054922,0.0284738657,1.913988361e-07,2.219366709e-06,1.843444523e-05,9.67627992e-05,0.04397947315,0.005399999999,0.01492403944,0.02676330804,0.02945443193,0.02506607138,6.814272078e-08,1.149202089e-06,1.332221143e-05,9.170686463e-05,0.05624832929,0.006663292194,0.01539978038,0.02235236325,0.01905219467,0.01248704063,2.325786737e-09,9.151189713e-08,2.116722009e-06,2.399553167e-05,0.05419896796,0.002208084823,0.004876030051,0.005703172926,0.003070308704,0.00112693576,5.437283228e-08,1.465827403e-06,2.323070095e-05,0.0001857604986,0.08632400467,0.003925381715,0.00643007707,0.005699220503,0.002355040772,0.0006598929996,7.340420908e-07,1.362167073e-05,0.0001485998564,0.0008417715522,0.1140713647,0.004635981847,0.006115211849,0.004432667735,0.001492883021,0.0003371617975,1.70038926e-07,5.265261695e-06,8.520023063e-05,0.0006255997224,0.1179897805,0.001758359018,0.001634555808,0.000750292552,0.0001267898997,1.294782113e-05
97,0.0644758658,0.08241947424,0.09453788771,0.0974614707,0.2251305709,0.1157558308,0.1638658311,0.2017054118,0.2140478092,0.202567638,0.07654181581,0.093808712,0.1031646676,0.1023002258,0.1919694784,0.06327022782,0.07907708596,0.08670605138,0.08112195686,0.06837767373,0.001652630439,0.00234722616,0.0029914209,0.003398851247,0.02913962374,0.004929469134,0.009529234716,0.01566514237,0.02054811776,0.02335154886,0.001392111976,0.002062251383,0.002741273925,0.003238087097,0.03417324558,0.009018693539,0.01974675657,0.03644202385,0.05421811504,0.06917854672,0.02919299548,0.02710929374,0.02258921528,0.01733849869,0.05631280417,0.009211792259,0.01391608648,0.01819522676,0.01936333972,0.01788675948,0.03518470441,0.0312098396,0.02484119959,0.01827729464,0.04734768854,0.004773673409,0.00629735814,0.007259993956,0.006736401771,0.005486043432,0.0007997070933,0.0008174110022,0.0007497101789,0.0006287360421,0.007293819658,0.0003718819385,0.0007461609554,0.00126976524,0.00162695863,0.001762015305,0.0006635225718,0.0007100143816,0.0006817450408,0.0005964416103,0.008674878346,0.0007176232785,0.001648888335,0.003182325856,0.004676584582,0.005744895088,5.90636576e-06,2.037422305e-05,5.319331642e-05,0.0001007373473,0.0166870311,0.0006988385263,0.002672344726,0.006882003308,0.01080871233,0.01248958221,3.016135401e-08,2.417099987e-07,1.33150063e-06,4.612008951e-06,0.00981648709,0.0001786351433,0.001061442746,0.003702681456,0.006706207211,0.008274955045,1.10124037e-07,9.710446491e-07,6.133487796e-06,2.500355879e-05,0.02020200908,0.001190808153,0.004938391459,0.01290923893,0.01969744084,0.02209785448,1.572051096e-07,1.561525152e-06,1.111072863e-05,5.055722716e-05,0.02965725159,0.002514291183,0.008665098801,0.01907412915,0.02513223321,0.02490718794,1.910450381e-07,2.205744714e-06,1.824256752e-05,9.537573369e-05,0.0430729025,0.004960361749,0.01353104631,0.0239726208,0.02596930025,0.02176264247,6.761754279e-08,1.134820955e-06,1.309176758e-05,8.971747958e-05,0.0548658449,0.006020527124,0.01371166634,0.01963288861,0.01643004869,0.01057601305,2.269703496e-09,8.869150301e-08,2.037386857e-06,2.294962738e-05,0.05228266617,0.001883254603,0.004072198462,0.004670900046,0.002443377567,0.0008713617987,5.251989124e-08,1.406133424e-06,2.213134674e-05,0.0001758455401,0.0829539513,0.003311459864,0.005311039443,0.004615936865,0.001852182524,0.000503945595,7.035951806e-07,1.296678636e-05,0.0001404819258,0.0007907280673,0.109304097,0.003878736797,0.005008869,0.003559848613,0.001163606129,0.0002550589569,1.593521839e-07,4.892800552e-06,7.850660672e-05,0.0005719687987,0.1119413845,0.001393077078,0.001261659791,0.0005652713768,9.18546543e-05,9.014986767e-06
98,0.06488972034,0.08289094604,0.09501270612,0.09788823096,0.2246880819,0.1145154688,0.1617381446,0.1986623669,0.2103312739,0.1986493112,0.076736683,0.09390911698,0.1031230831,0.1021200518,0.1907297121,0.06190212545,0.07701315871,0.08408413917,0.0783055282,0.06573075715,0.001660314578,0.002353481656,0.002993468219,0.003394975081,0.0288947003,0.004786725143,0.009196801678,0.01503292769,0.01959723286,0.02214699514,0.001403987564,0.002077352309,0.002758039301,0.003254288448,0.0340392418,0.00885517371,0.01931453877,0.03551772102,0.05263882447,0.06693191317,0.02939023247,0.02727357055,0.02271037848,0.01742036585,0.05620427007,0.009110439555,0.01372967919,0.01791116999,0.01901470185,0.01752881803,0.03527410991,0.03124101028,0.02482775627,0.01824146149,0.04702498397,0.004664530311,0.006123211556,0.007027085526,0.006488066882,0.00526081665,0.0008033567789,0.0008194806828,0.0007500882738,0.0006278786115,0.007230456994,0.0003607598221,0.0007192324504,0.001216696259,0.001548936995,0.001667913816,0.0006693533176,0.0007154110581,0.0006861187296,0.0005996161615,0.008641843618,0.0007046112543,0.001612688165,0.003101207954,0.004539499312,0.005557418116,5.992595846e-06,2.059908393e-05,5.359152536e-05,0.0001011624372,0.01651129362,0.0006626557485,0.002506136826,0.006388091324,0.009910014155,0.01131910332,3.075521355e-08,2.453031895e-07,1.344901945e-06,4.638082439e-06,0.009690737955,0.0001662777345,0.0009734867834,0.003349466809,0.005962826951,0.007236762527,1.112184299e-07,9.765538776e-07,6.142241503e-06,2.494163611e-05,0.01989697741,0.00110901169,0.004539635242,0.01172415124,0.01761878783,0.01947785399,1.579015615e-07,1.56180428e-06,1.106567785e-05,5.01554683e-05,0.02913928496,0.002328574079,0.007921605165,0.01722868242,0.0223537801,0.02182581933,1.905705095e-07,2.190924103e-06,1.804306035e-05,9.396290314e-05,0.04219225026,0.004561747032,0.01228414161,0.02150427722,0.0229345405,0.01892964954,6.704760997e-08,1.119870328e-06,1.285745914e-05,8.772243461e-05,0.05352699378,0.005446714785,0.01222640602,0.01727231842,0.0141950507,0.008976086704,2.213063531e-09,8.589111461e-08,1.959662099e-06,2.193574453e-05,0.05044864644,0.001609433457,0.003408593497,0.003835069684,0.001950037484,0.0006759256371,5.06929064e-08,1.347994417e-06,2.107208905e-05,0.0001663784709,0.07974229091,0.002799555058,0.004397331005,0.003748493309,0.001461104344,0.0003861594224,6.739818606e-07,1.233656361e-05,0.0001327451902,0.0007424888796,0.1047751224,0.003252501177,0.004113033137,0.002866815719,0.0009098116794,0.0001936295331,1.492456522e-07,4.544370936e-06,7.230945025e-05,0.0005227725985,0.1062537423,0.00110693002,0.0009770223659,0.0004274007029,6.681649155e-05,6.305460656e-06
99,0.0652865962,0.0833402127,0.0954615716,0.09828786028,0.2242345317,0.1132949073,0.1596495123,0.1956818042,0.2066996771,0.1948278518,0.0769178215,0.09399505735,0.1030686189,0.1019302545,0.1895177186,0.0605913818,0.07504476423,0.08159414252,0.07564305705,0.0632387203,0.001667536226,0.002359136888,0.002994845364,0.003390459673,0.02865515102,0.004650789999,0.00888214347,0.01443788202,0.01870772312,0.02102638059,0.001415377634,0.002091716049,0.00277380883,0.003269304373,0.03390434633,0.008696134763,0.01889578691,0.034625412,0.05112009588,0.06477873909,0.02957949189,0.02743023856,0.0228250563,0.01749716713,0.05609263879,0.009010700774,0.01354673334,0.01763306261,0.01867423577,0.0171799221,0.03535707026,0.0312672962,0.0248112007,0.01820393895,0.04670973173,0.004560124762,0.005957440167,0.006806384097,0.006253903349,0.005049349815,0.0008067825578,0.0008213423795,0.0007503007168,0.0006269061008,0.007168529557,0.0003501818605,0.0006937839027,0.001166838918,0.001476104915,0.001580566935,0.0006749489694,0.0007205489487,0.0006902389088,0.0006025663374,0.008608521698,0.0006919512352,0.001577608043,0.003022889011,0.004407668246,0.005377725414,6.075299893e-06,2.081111393e-05,5.395581114e-05,0.0001015247368,0.0163384403,0.0006288699129,0.002352633526,0.005936557207,0.009098422319,0.01027414689,3.132756531e-08,2.487036354e-07,1.357189845e-06,4.660318067e-06,0.009567334254,0.0001549484093,0.0008940247879,0.003034688025,0.005311572023,0.006342056708,1.122384436e-07,9.814103859e-07,6.147108715e-06,2.486553304e-05,0.01959951925,0.001034048958,0.004178825718,0.01066451261,0.0157878999,0.01720339057,1.584940977e-07,1.561127861e-06,1.101476119e-05,4.973248381e-05,0.02863576638,0.002159293825,0.007252479057,0.01558738555,0.01991997216,0.01916617926,1.899891674e-07,2.175104653e-06,1.783785812e-05,9.253555511e-05,0.04133934461,0.004200900612,0.01116958511,0.01932379,0.02029470979,0.0165021155,6.644077485e-08,1.104502662e-06,1.262123415e-05,8.573592995e-05,0.0522343678,0.004935222467,0.01092131517,0.01522556293,0.01229168227,0.007637436931,2.156360413e-09,8.313071855e-08,1.883997473e-06,2.095856272e-05,0.04869843238,0.001378770502,0.002860974575,0.003158393039,0.001561723691,0.0005263792671,4.890363887e-08,1.29170914e-06,2.005704213e-05,0.0001573850543,0.0766901309,0.002372942794,0.00365145926,0.003053868262,0.00115682881,0.000297122034,6.453495916e-07,1.173335069e-05,0.0001254086983,0.0006971149137,0.100484289,0.002734824318,0.003387739173,0.00231645369,0.0007140861902,0.0001476231082,1.39737947e-07,4.220011754e-06,6.659814971e-05,0.0004778394099,0.100919191,0.000882697626,0.0007596019025,0.0003245584811,4.884331472e-05,4.43476709e-06
100,0.06566637176,0.08376739867,0.09588494745,0.09866114067,0.2237730846,0.1120982944,0.1576067746,0.1927731271,0.2031639821,0.1911144011,0.07708574998,0.09406755162,0.1030027871,0.1017326659,0.1883362736,0.05933835396,0.07317141587,0.07923415611,0.07313090425,0.06089674408,0.001674306938,0.002364223671,0.002995611184,0.003385389617,0.02842156456,0.004521617826,0.008584913268,0.01387888871,0.01787710763,0.01998559261,0.001426277384,0.00210534731,0.002788604357,0.003283177516,0.0337692843,0.008541956633,0.01849138046,0.03376671006,0.04966415241,0.06272149064,0.02976070322,0.02757932687,0.02293335178,0.0175690374,0.0559787272,0.008912917837,0.01336784913,0.01736177828,0.0183429587,0.0168410802,0.03543383749,0.03128905362,0.02479191439,0.01816506896,0.04640263321,0.004460465669,0.005799962209,0.006597653422,0.006033503601,0.004851144275,0.0008099903301,0.0008230075675,0.0007503626708,0.0006258345296,0.007108185026,0.0003401426173,0.000669781314,0.001120085096,0.001408233047,0.001499618424,0.0006803068348,0.0007254292507,0.0006941106208,0.0006052996706,0.0085750985,0.0006796741476,0.001543723085,0.002947512977,0.004281287014,0.005206028251,6.154411873e-06,2.101046e-05,5.428750192e-05,0.0001018283344,0.01616904549,0.0005973887692,0.002211135924,0.005524485213,0.00836661899,0.009342503362,3.187757853e-08,2.519114537e-07,1.368401312e-06,4.678954685e-06,0.009446673134,0.0001445803701,0.0008223480612,0.002754533592,0.004741614369,0.005571588657,1.131858348e-07,9.85650421e-07,6.148440511e-06,2.477709908e-05,0.01931038771,0.0009654651338,0.003852836114,0.009718264864,0.01417691748,0.01523045799,1.589894817e-07,1.559593361e-06,1.095886538e-05,4.929301326e-05,0.02814783321,0.002005243407,0.00665112489,0.01412941609,0.0177900897,0.01687216347,1.893149937e-07,2.158482873e-06,1.762882769e-05,9.110435902e-05,0.0405158256,0.003874733133,0.01017461754,0.0173997115,0.01800035425,0.01442323991,6.580472536e-08,1.088864085e-06,1.238492109e-05,8.377102597e-05,0.05099021577,0.004479896875,0.009775813931,0.01345248665,0.0106716982,0.006517727106,2.100045857e-09,8.042799417e-08,1.810774187e-06,2.002183526e-05,0.04703299232,0.001184539828,0.002409092738,0.002610419204,0.001255852383,0.0004118088475,4.716229018e-08,1.237524076e-06,1.908934493e-05,0.000148882348,0.07379760884,0.002017486031,0.003042511348,0.00249737674,0.0009198667589,0.0002297205547,6.178191434e-07,1.115891596e-05,0.0001184844208,0.0006546242472,0.0964300974,0.002306916625,0.002800355464,0.001879126722,0.0005629773489,0.0001131125677,1.308371206e-07,3.919421901e-06,6.135673667e-05,0.0004369619863,0.09592853023,0.000706836753,0.0005933153832,0.00024771762,3.591182674e-05,3.139387152e-06
101,0.06602894873,0.08417266202,0.09628333825,0.09900889786,0.2233068748,0.1109295819,0.1556163766,0.1899451006,0.1997342786,0.1875190907,0.07724100153,0.09412762857,0.1029270998,0.1015291039,0.1871880706,0.05814328565,0.07139246875,0.07700210741,0.07076531305,0.05869996833,0.001680639018,0.002368774627,0.002995825,0.003379849261,0.02819450719,0.004399149135,0.00830473957,0.01335480505,0.01710291492,0.01902060234,0.001436682919,0.002118252304,0.002802449814,0.003295952956,0.03363476779,0.008392985859,0.0181020982,0.03294299174,0.04827277981,0.06076197582,0.02993380721,0.02772087651,0.02303537872,0.01763612011,0.05586334457,0.008817416052,0.01319359103,0.01709812916,0.01802180341,0.0165132057,0.03550467052,0.03130664213,0.02477027843,0.01812519053,0.04610436803,0.004365553443,0.005650684243,0.006400645897,0.005826455213,0.004665704339,0.0008129863573,0.0008244879946,0.0007502894026,0.0006246798512,0.007049565282,0.0003306356908,0.000647189074,0.001076325607,0.001345095171,0.001424722153,0.0006854246647,0.0007300536989,0.0006977394536,0.00060782417,0.008541756698,0.000667808214,0.001511099823,0.002875202682,0.004160512673,0.005042481965,6.229878723e-06,2.119731764e-05,5.458804192e-05,0.0001020774874,0.0160036568,0.0005681173667,0.00208095343,0.005149066594,0.007707722983,0.008512910913,3.240452657e-08,2.549277365e-07,1.378578425e-06,4.694244919e-06,0.009329129086,0.0001351088199,0.000757789406,0.002505496563,0.004243240995,0.004908472719,1.140626503e-07,9.89312298e-07,6.146594844e-06,2.46781784e-05,0.01903028292,0.0009028218949,0.003558725241,0.008874284403,0.01276070761,0.01352014011,1.593947697e-07,1.557299364e-06,1.089886759e-05,4.884166196e-05,0.02767652613,0.001865272031,0.006111393874,0.01283571853,0.01592767452,0.01489452424,1.885619245e-07,2.141250731e-06,1.741775899e-05,8.967937003e-05,0.03972315674,0.003580335553,0.009287471081,0.0157035423,0.01600760605,0.01264362152,6.514692967e-08,1.073093619e-06,1.215022306e-05,8.183963298e-05,0.04979646897,0.004075070565,0.008771350328,0.0119175716,0.009293393581,0.00558115592,2.044528897e-09,7.77983692e-08,1.74030886e-06,1.912846758e-05,0.04545280666,0.001021007601,0.002036108995,0.002166383658,0.001014633542,0.0003238812606,4.547756726e-08,1.185637232e-06,1.81712595e-05,0.0001408798085,0.07106402921,0.001721290505,0.002545107592,0.002051164192,0.0007350637123,0.0001785959949,5.914866242e-07,1.061450842e-05,0.0001119781894,0.0006149990047,0.09260991242,0.001953122911,0.002324346874,0.001531260014,0.0004461270707,8.716892604e-05,1.225423231e-07,3.64202778e-06,5.656523552e-05,0.0003999090723,0.09127137254,0.0005687337514,0.0004659083989,0.000190174479,2.657975592e-05,2.239003943e-06
102,0.06637424988,0.08455619029,0.09665728375,0.09933199363,0.2228389971,0.1097925253,0.1536843758,0.1872058699,0.1964198185,0.1840510922,0.07738412011,0.09417632202,0.1028430622,0.1013213663,0.1860757207,0.05700632307,0.06970714975,0.07489580076,0.06854246185,0.05664354474,0.001686545394,0.00237282296,0.002995546289,0.003373922328,0.02797452305,0.004283313399,0.008041233415,0.01286447754,0.01638270712,0.01812749484,0.001446591177,0.00213043858,0.002815370929,0.003307677773,0.0335014941,0.008249537411,0.01772862529,0.03215541705,0.04694737062,0.05890142011,0.03009875485,0.02785493906,0.02313126016,0.01769856583,0.05574729024,0.008724504191,0.01302448848,0.01684286788,0.01771162188,0.01619712179,0.0355698334,0.0313204229,0.02474667197,0.01808463855,0.04581559405,0.004275381337,0.005509503767,0.006215106549,0.005632345529,0.004492541626,0.0008157772015,0.0008257956037,0.0007500962022,0.0006234578834,0.006992806472,0.0003216539169,0.000625970542,0.001035451451,0.001286470063,0.001355544238,0.0006903006187,0.0007344245091,0.0007011314661,0.0006101482403,0.008508675268,0.0006563790981,0.001479796812,0.002806061627,0.004045467594,0.00488719236,6.301659618e-06,2.137192597e-05,5.485897313e-05,0.0001022765794,0.01584279512,0.0005409596035,0.001961411263,0.004807619565,0.007115310834,0.0077750483,3.290778379e-08,2.577544719e-07,1.387767654e-06,4.706452085e-06,0.009215054354,0.0001264714956,0.0006997253469,0.002284370661,0.00380778673,0.004337968568,1.148711915e-07,9.92435974e-07,6.141933376e-06,2.45705963e-05,0.01875985423,0.000845700353,0.003293745687,0.0081223724,0.01151671861,0.01203818832,1.597172384e-07,1.554344765e-06,1.083562952e-05,4.838287676e-05,0.02722279446,0.001738290932,0.005627591273,0.01168895619,0.01430025274,0.01319023482,1.87743749e-07,2.123594558e-06,1.72063579e-05,8.827000647e-05,0.03896263747,0.003314987866,0.008497358854,0.01420959813,0.01427774547,0.01112048792,6.447459029e-08,1.057322609e-06,1.191871474e-05,7.995252281e-05,0.04865476806,0.003715557321,0.007891296017,0.01058954928,0.008120884711,0.004797575694,1.990176048e-09,7.525511593e-08,1.67285832e-06,1.828060272e-05,0.04395793403,0.0008833068429,0.001728074237,0.001806216778,0.0008240952321,0.000256249768,4.385677049e-08,1.136202432e-06,1.730427382e-05,0.000133380392,0.06848799504,0.001474389555,0.002138486816,0.001692934633,0.0005906683753,0.0001397199711,5.664257541e-07,1.010092046e-05,0.0001058906242,0.0005781919224,0.08902016497,0.001660450084,0.001938210467,0.001254158462,0.000355580492,6.761223465e-05,1.148453987e-07,3.3870454e-06,5.220085744e-05,0.0003664352443,0.08693646265,0.0004600946387,0.0003680664362,0.000146960975,1.982044442e-05,1.610326299e-06
103,0.06670221662,0.08491819616,0.09700735243,0.09963131785,0.2223724981,0.1086906868,0.1518164523,0.1845629848,0.1932290574,0.1807186736,0.07751565673,0.09421466559,0.1027521668,0.1011112242,0.1850017529,0.05592753065,0.06811458635,0.07291295893,0.06645851293,0.05472268441,0.001692039488,0.002376402241,0.002994834378,0.00336769156,0.02776213436,0.004174031511,0.007793995087,0.01240675565,0.01571410097,0.01730249428,0.001455999848,0.002141914853,0.002827394917,0.003318400614,0.03337014419,0.008111896703,0.01737156087,0.03140495036,0.04568896872,0.05714054145,0.03025550624,0.02798157512,0.02322112677,0.01775653078,0.05563135118,0.008634474724,0.01286103689,0.01659668996,0.01741318953,0.01589356697,0.03562959352,0.03133075688,0.02472147067,0.01804374273,0.04553694751,0.004189936754,0.00537631172,0.00604077675,0.005450765862,0.004331178915,0.0008183696618,0.0008269424548,0.0007497983052,0.0006221842417,0.006938039115,0.0003131895614,0.0006060885835,0.0009973549291,0.001232143087,0.001291764767,0.0006949332274,0.0007385443163,0.0007042931114,0.0006122806009,0.008476029061,0.0006454100646,0.001449865267,0.002740175845,0.003936243391,0.004740222058,6.369725115e-06,2.153456245e-05,5.510191675e-05,0.0001024300798,0.015686955,0.0005158195827,0.001851856569,0.004497603878,0.006583425952,0.007119511139,3.33868212e-08,2.603944563e-07,1.396019148e-06,4.715847176e-06,0.009104779554,0.000118609074,0.0006475771723,0.002088241328,0.003427559263,0.00384726467,1.156139773e-07,9.950626279e-07,6.134818511e-06,2.445614713e-05,0.01849970269,0.0007937032277,0.003055347279,0.007453229918,0.01042481324,0.01075459257,1.59964314e-07,1.550828003e-06,1.076999226e-05,4.792092639e-05,0.02678750196,0.001623277238,0.005194474347,0.01067343997,0.01287903459,0.01172186099,1.868740194e-07,2.105694139e-06,1.699624099e-05,8.688503967e-05,0.03823541638,0.003076163083,0.007794448402,0.01289484825,0.01277674924,0.009816954531,6.379460713e-08,1.041674336e-06,1.169184206e-05,7.811935946e-05,0.04756649078,0.003396639072,0.007120823579,0.009441020337,0.007123423444,0.004141692361,1.937312333e-09,7.28094795e-08,1.608624974e-06,1.747971039e-05,0.04254807538,0.000767322013,0.001473471565,0.001513701211,0.0006732901443,0.0002040893764,4.230589916e-08,1.089333937e-06,1.648920567e-05,0.0001263816202,0.06606753322,0.00126846111,0.001805718003,0.001404889257,0.0004775878101,0.0001100691443,5.42690282e-07,9.618550789e-06,0.0001002180245,0.000544132456,0.08565654102,0.001418150323,0.001624571497,0.001033033753,0.0002852402893,5.282230736e-05,1.077323767e-07,3.153536137e-06,4.823903193e-05,0.0003362890975,0.08291196495,0.0003744526725,0.0002927220844,0.0001144001404,1.490353654e-05,1.169045872e-06
104,0.06701280639,0.08525891285,0.09733413483,0.09990778043,0.2219103677,0.1076274389,0.1500179225,0.1820234283,0.1901697024,0.1775292615,0.07763616575,0.09424368763,0.1026558873,0.1009004168,0.1839686143,0.05490690638,0.06661383428,0.07105126217,0.06450965711,0.05293270053,0.001697135086,0.002379546181,0.002993748142,0.00336123838,0.02755784197,0.00407121812,0.007562620305,0.01198050421,0.01509478595,0.01654198454,0.001464907287,0.002152690813,0.002838550159,0.003328171248,0.03324138125,0.007980321754,0.01703142597,0.03069238156,0.04449831361,0.05547962355,0.03040402943,0.02810085282,0.0233051152,0.01781017538,0.05551629983,0.00854760418,0.01270369896,0.01636023671,0.01712721004,0.01560320113,0.03568421979,0.03133800297,0.02469504527,0.01800282654,0.0452690433,0.004109202518,0.005250994852,0.005877397669,0.005281315295,0.004181153531,0.0008207707095,0.0008279406477,0.0007494108173,0.0006208742782,0.006885388242,0.0003052345025,0.0005875060605,0.0009619306278,0.00118190755,0.001233079172,0.0006993213513,0.0007424161108,0.0007072311566,0.0006142302023,0.008443988435,0.0006349221529,0.001421349733,0.002677615784,0.003832904822,0.004601596711,6.43405618e-06,2.168553744e-05,5.531855461e-05,0.000102542504,0.01553660519,0.0004926027839,0.001751663304,0.004216630801,0.006106578157,0.006537776005,3.384120088e-08,2.628512005e-07,1.403386008e-06,4.722705971e-06,0.008998614445,0.0001114654678,0.0006008110234,0.001914473115,0.003095760436,0.003425269295,1.16293707e-07,9.972342491e-07,6.125610621e-06,2.433658362e-05,0.01825038395,0.0007464563595,0.002841176741,0.006858421906,0.009467089938,0.009643159851,1.601435047e-07,1.546846374e-06,1.070277187e-05,4.745988629e-05,0.02637143311,0.001519276164,0.004807243026,0.00977504093,0.01163860484,0.0104569566,1.859659712e-07,2.087721981e-06,1.67889322e-05,8.553259486e-05,0.03754250488,0.002861527387,0.007169823265,0.01173873633,0.01147484142,0.008701327625,6.311354929e-08,1.026263813e-06,1.147092407e-05,7.634874545e-05,0.04653278013,0.003114046608,0.006446773336,0.008448076307,0.006274757986,0.003592351188,1.886223015e-09,7.047083036e-08,1.547762554e-06,1.672667691e-05,0.04122263551,0.0006695844866,0.001262818896,0.001275763668,0.0005536561699,0.0001637363982,4.082976908e-08,1.045111204e-06,1.572630452e-05,0.0001198765901,0.06380021251,0.001096577343,0.001533028875,0.001172849654,0.0003887968598,8.737661408e-05,5.203164631e-07,9.167465948e-06,9.495320778e-05,0.0005127323479,0.08251415762,0.001217358208,0.00136942395,0.0008562106885,0.0002304391781,4.159587962e-05,1.01184835e-07,2.940455736e-06,4.465427733e-05,0.0003092198787,0.07918571935,0.0003067741737,0.0002345190388,8.977237877e-05,1.130940138e-05,8.574585213e-07
105,0.06730598996,0.08557858937,0.09763823683,0.1001623031,0.2214555314,0.1066059704,0.1482937555,0.1795936485,0.1872487638,0.1744895073,0.07774620106,0.09426440599,0.1025556734,0.1006906459,0.1829786713,0.05394439685,0.0652039039,0.06930838475,0.06269215453,0.05126904652,0.001701846205,0.002382288422,0.002992345713,0.003354642571,0.02736212588,0.003974783853,0.007346705928,0.01158461441,0.01452253977,0.01584252588,0.00147331242,0.00216277693,0.002848865886,0.003337040128,0.03311584943,0.007855045462,0.01670867153,0.03001834737,0.04337588393,0.05391858681,0.03054429909,0.02821284614,0.02338336641,0.01785966266,0.05540289197,0.008464153628,0.0125529062,0.01613409845,0.01685432052,0.01532661193,0.03573398085,0.03134251628,0.02466776018,0.01796220624,0.04501247531,0.004033158101,0.005133437973,0.00572471347,0.005123604099,0.004042020304,0.0008229874225,0.0008288022454,0.0007489486417,0.0006195430225,0.006834973564,0.0002977804022,0.0005701862805,0.0009290762957,0.001135565829,0.001179199289,0.0007034641364,0.0007460431709,0.0007099526013,0.0006160061431,0.008412718904,0.0006249343588,0.001394288766,0.002618438198,0.003735493625,0.004471311013,6.494643112e-06,2.182518842e-05,5.551061073e-05,0.0001026183749,0.01539218936,0.0004712170665,0.001660236031,0.003962469214,0.005679735731,0.006022156004,3.427056933e-08,2.651288301e-07,1.409923567e-06,4.727306261e-06,0.008896848842,0.0001049880264,0.0005589372359,0.001760694556,0.002806406893,0.003062413352,1.169132209e-07,9.989932396e-07,6.11466549e-06,2.421360759e-05,0.01801241118,0.0007036096654,0.002649074374,0.00633033346,0.008627699735,0.008681110129,1.602623354e-07,1.542495396e-06,1.063475566e-05,4.700362755e-05,0.02597529968,0.001425401867,0.004461525142,0.008981092836,0.01055661479,0.009367494411,1.850324536e-07,2.069842746e-06,1.658586117e-05,8.422016183e-05,0.03688479125,0.002668937282,0.006615436348,0.01072299257,0.01034605893,0.007746460774,6.243763481e-08,1.011197735e-06,1.12571567e-05,7.464828113e-05,0.04555457266,0.002863936017,0.005857515874,0.007589933925,0.005552547579,0.003131907611,1.837155896e-09,6.824683366e-08,1.490382012e-06,1.602189341e-05,0.0399807815,0.0005871792851,0.001088327804,0.001081885355,0.0004585050968,0.0001324106681,3.943213758e-08,1.003583662e-06,1.501534937e-05,0.0001138549118,0.0616832538,0.0009529860045,0.001309239844,0.0009855397819,0.0003188732365,6.994323299e-05,4.993255244e-07,8.747458999e-06,9.008628167e-05,0.0004838906097,0.0795877251,0.001050778388,0.001161498526,0.0007144849796,0.0001876072648,3.303942996e-05,9.518112037e-08,2.746696467e-06,4.14209186e-05,0.0002849827031,0.07574546676,0.0002531453477,0.0001894000692,7.106625476e-05,8.668030608e-06,6.360023349e-07
106,0.06758174853,0.08587748559,0.09792027265,0.1003958112,0.221010842,0.1056292924,0.1466485906,0.1772795938,0.1844726098,0.1716053563,0.07784631222,0.09427782304,0.1024529447,0.100483571,0.1820342107,0.05303991173,0.06388378534,0.06768202911,0.061002372,0.04972734987,0.001706186955,0.002384662312,0.002990684201,0.003347981983,0.02717544594,0.0038846374,0.007145855173,0.01121801366,0.01399524146,0.01520086814,0.001481214646,0.002172184261,0.002858371844,0.003345057942,0.03299417272,0.007736277952,0.01640368654,0.02938335229,0.04232193983,0.05245705633,0.03067629524,0.02831763329,0.0234560239,0.01790515673,0.0552918647,0.008384369255,0.01240906059,0.015918818,0.01659509693,0.01506432152,0.03577914319,0.03134464642,0.0246399721,0.01792218998,0.04476781692,0.003961780814,0.005023526071,0.005582474268,0.004977256817,0.003913354154,0.0008250269186,0.0008295391978,0.0007484264089,0.0006182051282,0.006786909667,0.000290818867,0.0005540934044,0.0008986936058,0.001092930307,0.001129854144,0.0007073609671,0.0007494289929,0.0007124645944,0.0006176175861,0.008382380845,0.0006154638234,0.001368715625,0.002562688023,0.003644032253,0.004349334464,6.551484376e-06,2.195387416e-05,5.567983305e-05,0.0001026621874,0.015254127,0.000451573518,0.001577012778,0.003733048529,0.005298311825,0.005565750925,3.467464977e-08,2.672319811e-07,1.415688675e-06,4.729925241e-06,0.00879975366,9.912765915e-05,0.0005215091182,0.001624781517,0.002554252416,0.002750467706,1.174754625e-07,1.00038203e-06,6.102331981e-06,2.408886198e-05,0.01778625842,0.0006648376362,0.002477068483,0.005862121197,0.007892664631,0.007848696619,1.603282857e-07,1.537868248e-06,1.056669914e-05,4.655580966e-05,0.02559974752,0.001340837209,0.004153357794,0.008280289264,0.009613483541,0.008429339232,1.840858703e-07,2.05221284e-06,1.638836305e-05,8.295461394e-05,0.03626305475,0.002496434457,0.0061240581,0.009831444209,0.009367839968,0.006929169402,6.177271787e-08,9.965745747e-07,1.105161824e-05,7.302463396e-05,0.04463262654,0.002642862444,0.005342815076,0.006848589337,0.004937834456,0.002745679332,1.790324047e-09,6.614362909e-08,1.436557426e-06,1.536534069e-05,0.03882149786,0.0005176628701,0.000943613482,0.0009236151638,0.0003826164721,0.0001080026418,3.81158319e-08,9.647753664e-07,1.435574075e-05,0.0001083035628,0.05971363232,0.0008329214757,0.001125290957,0.0008340023534,0.0002636337723,5.649512504e-05,4.797260641e-07,8.358104554e-06,8.560534496e-05,0.0004574979043,0.0768716954,0.0009124193988,0.0009917409251,0.0006006072496,0.0001540146912,2.648914242e-05,8.969742061e-08,2.571122666e-06,3.851366428e-05,0.0002633425202,0.07257904588,0.0002105250418,0.0001542919892,5.679326819e-05,6.715567143e-06,4.774880263e-07
107,0.0678400707,0.0861558672,0.09818085778,0.1006092252,0.2205790732,0.1047002465,0.1450867578,0.1750867506,0.1818470239,0.1688821193,0.07793704066,0.09428492066,0.1023490854,0.1002808037,0.1811374415,0.05219333799,0.06265247245,0.06616995773,0.05943681697,0.04830344235,0.001710171406,0.002386700697,0.002988819423,0.003341332245,0.02699824258,0.003800687484,0.006959682411,0.01087967421,0.01351088253,0.0146139609,0.001488613734,0.002180924234,0.002867097966,0.003352275169,0.03287695396,0.007624208983,0.0161168062,0.02878778935,0.04133656382,0.05109442658,0.0308000018,0.02841529491,0.02352323198,0.01794682122,0.0551839345,0.00830848303,0.01227253645,0.01571489433,0.01635005982,0.01481679336,0.03581996935,0.03134473573,0.02461202871,0.01788307691,0.04453562151,0.003895046953,0.004921146324,0.005450438863,0.004841915027,0.003794752335,0.000826896288,0.0008301632672,0.0007478584086,0.0006168748213,0.006741306225,0.0002843415992,0.0005391928171,0.0008706888255,0.001053824136,0.001084790518,0.0007110114167,0.0007525772195,0.0007147743504,0.0006190736745,0.008353129216,0.0006065260267,0.001344658961,0.002510400214,0.003558527477,0.004235616855,6.604585354e-06,2.207196872e-05,5.582797559e-05,0.0001026783735,0.01512281443,0.0004335871648,0.00150146709,0.00352645907,0.004958146837,0.005162394503,3.505323368e-08,2.691656927e-07,1.420738993e-06,4.730837056e-06,0.008707582036,9.383889357e-05,0.0004881213201,0.001504839793,0.002334713645,0.002482376443,1.179834392e-07,1.001442714e-06,6.088949907e-06,2.396392427e-05,0.01757236382,0.0006298394635,0.002323368191,0.005447662093,0.007249701909,0.007128854607,1.603487321e-07,1.533055262e-06,1.049932357e-05,4.61198767e-05,0.02524536346,0.001264832695,0.003879166161,0.007662579293,0.008792114362,0.007621767427,1.831381302e-07,2.034980143e-06,1.619767968e-05,8.174223415e-05,0.03567797986,0.002342239001,0.005689222002,0.009049829517,0.008520640984,0.006229704989,6.112428258e-08,9.824847859e-07,1.085527603e-05,7.148361515e-05,0.04376754915,0.002447752478,0.00489369526,0.006208496907,0.004414573412,0.002421473888,1.745908852e-09,6.416601559e-08,1.386331769e-06,1.475666931e-05,0.03774363815,0.0004589914531,0.0008234502152,0.0007941705455,0.0003219168226,8.891097106e-05,3.688287764e-08,9.286894782e-07,1.374658589e-05,0.0001032076564,0.05788817163,0.0007324429997,0.0009738495363,0.0007111275091,0.0002198512872,4.607654209e-05,4.61516341e-07,7.998809497e-06,8.149711253e-05,0.0004334403403,0.07436039691,0.0007973687212,0.0008528842109,0.0005088709091,0.0001275734866,2.145136726e-05,8.470868992e-08,2.412600095e-06,3.590805791e-05,0.0002440770039,0.06967456327,0.0001765506136,0.0001268658685,4.585069752e-05,5.263459244e-06,3.631715622e-07
108,0.06808094939,0.08641400053,0.09842060189,0.1008034524,0.2201629118,0.1038215126,0.1436122985,0.1730201814,0.1793772637,0.1663245446,0.07801891577,0.09428665522,0.1022454395,0.1000839042,0.1802904967,0.05140455344,0.06150898545,0.06477002286,0.0579921685,0.04699338681,0.001713813444,0.002388435706,0.002986805639,0.003334766509,0.02683093765,0.003722844721,0.006787817536,0.0105686209,0.01306757613,0.01407896125,0.001495509713,0.002189008443,0.002875074038,0.003358741645,0.03276477391,0.007519010364,0.0158483199,0.02823196018,0.04041969994,0.04982992242,0.03091540514,0.02850591237,0.02358513394,0.01798481772,0.05507979538,0.008236713432,0.01214368243,0.01552278647,0.01611968011,0.01458443915,0.03585671604,0.03134311761,0.02458426736,0.01784515637,0.04431642304,0.003832932899,0.004826189986,0.005328377265,0.004717239834,0.00368583639,0.0008286025264,0.0008306859539,0.0007472585254,0.0006155658527,0.006698268229,0.0002783405382,0.0005254514645,0.0008449734011,0.001018081862,0.001043773335,0.0007144151957,0.0007554915663,0.0007168890638,0.0006203834489,0.008325113315,0.0005981349819,0.0013221435,0.00246160154,0.003478973831,0.004130093439,6.653957033e-06,2.217985544e-05,5.595678102e-05,0.0001026712703,0.01499862592,0.000417177563,0.001433109433,0.003340950482,0.004655488135,0.004806600827,3.540617146e-08,2.709352978e-07,1.425132317e-06,4.730310529e-06,0.008620570538,8.90798833e-05,0.0004584079323,0.001399187587,0.002143800341,0.002252106626,1.184401837e-07,1.002216697e-06,6.074848134e-06,2.384030094e-05,0.01737113317,0.0005983388784,0.002186355191,0.005081501639,0.006688057478,0.00650688112,1.603308931e-07,1.528143483e-06,1.043331418e-05,4.56990565e-05,0.02491268233,0.001196704777,0.003635740902,0.007119064719,0.008077629858,0.006927033869,1.822006064e-07,2.018283862e-06,1.601496181e-05,8.058874661e-05,0.03513017027,0.002204741516,0.005305169363,0.00836561947,0.007787585193,0.005631287959,6.049744259e-08,9.690111149e-07,1.066899421e-05,7.003026131e-05,0.04295982405,0.002275876223,0.004502314994,0.00565627528,0.003969217188,0.002149184729,1.704063249e-09,6.231763645e-08,1.339722446e-06,1.419527399e-05,0.03674597297,0.0004094590451,0.000723566741,0.0006881122735,0.0002732275071,7.391905271e-05,3.573462455e-08,8.953124724e-07,1.318677643e-05,9.855112169e-05,0.05620362974,0.0006482973049,0.0008489868614,0.0006112742704,0.0001850351601,3.796956267e-05,4.446864237e-07,7.668859057e-06,7.774746526e-05,0.0004116027056,0.07204815623,0.00070160409,0.0007391003804,0.0004347846829,0.0001066856129,1.75584643e-05,8.018943413e-08,2.270019687e-06,3.358082018e-05,0.0002269785405,0.06702053929,0.0001493861943,0.0001053551824,3.742033329e-05,4.17661302e-06,2.800828614e-07
109,0.06830437863,0.08665214724,0.09864010157,0.1009793787,0.2197649514,0.1029956183,0.1422289878,0.1710845657,0.1770681201,0.1639368903,0.07809245103,0.09428395279,0.1021433053,0.09989437603,0.1794954349,0.05067343999,0.06045239259,0.06348019432,0.05666530569,0.04579350112,0.001717126638,0.002389898546,0.002984695302,0.003328355196,0.02667393529,0.003651023352,0.006629909979,0.01028393797,0.01266356491,0.01359323951,0.001501902764,0.002196448437,0.002882329361,0.003364506122,0.03265819043,0.007420838365,0.01559847915,0.02771609444,0.03957119097,0.04866265649,0.03102249263,0.02858956591,0.02364187028,0.01801930419,0.05498011713,0.008169266226,0.0120228235,0.01534291738,0.01590438491,0.01436762571,0.03588963229,0.03134011482,0.02455701387,0.01780870712,0.04411073672,0.003775416178,0.004738554173,0.005216073035,0.004602914118,0.003586253858,0.0008301524662,0.0008311184241,0.0007466401751,0.0006142914537,0.006657896233,0.0002728079926,0.0005128381595,0.0008214644705,0.0009855499235,0.001006585891,0.0007175720988,0.0007581757468,0.0007188158242,0.0006215557645,0.008298476561,0.0005903034302,0.001301190711,0.002416312314,0.003405356895,0.004032689796,6.699614638e-06,2.227792085e-05,5.60679637e-05,0.0001026450897,0.01488191492,0.0004022692837,0.001371488049,0.003174928676,0.004386968286,0.004493511514,3.573336263e-08,2.725463126e-07,1.428925916e-06,4.728607045e-06,0.008538940418,8.481237709e-05,0.000432040426,0.001306338361,0.001978050939,0.002054514403,1.188487169e-07,1.002744367e-06,6.060342862e-06,2.371942318e-05,0.0171829433,0.0005700837755,0.002064574893,0.004758802833,0.006198350391,0.005970146161,1.602817779e-07,1.52321628e-06,1.036931875e-05,4.529636238e-05,0.02460219393,0.001135833737,0.003420215029,0.006641901093,0.007457128315,0.006329985927,1.812841035e-07,2.002254493e-06,1.584127235e-05,7.949935262e-05,0.03462016275,0.002082494584,0.004966795016,0.007767849754,0.007154144174,0.005119696694,5.989694563e-08,9.562289861e-07,1.049354213e-05,6.866891894e-05,0.04220983705,0.00212481985,0.00416184932,0.005180441811,0.003590354515,0.001920448488,1.664915073e-09,6.060116074e-08,1.296726534e-06,1.368036184e-05,0.03582723457,0.0003676443567,0.000640476073,0.0006010808098,0.0002340673174,6.210148168e-05,3.46718675e-08,8.646180591e-07,1.267505836e-05,9.431729764e-05,0.05465677759,0.0005778027633,0.0007459132836,0.0005299679502,0.000157261877,3.163406453e-05,4.292201821e-07,7.367458157e-06,7.434192783e-05,0.0003918711861,0.0699294077,0.0006218362336,0.0006457179765,0.0003748135297,9.012681153e-05,1.453612944e-05,7.611436656e-08,2.142316329e-06,3.151009839e-05,0.0002118554826,0.06460603243,0.0001276045414,8.841830191e-05,3.089387118e-05,3.357934256e-06,2.192087656e-07
110,0.06851035026,0.08687055904,0.09883993304,0.1011378598,0.2193876856,0.102224948,0.1409403567,0.1692842395,0.1749239768,0.1617229955,0.07815814016,0.09427770419,0.1020439304,0.09971366213,0.178754243,0.04999989635,0.05948183059,0.06229858551,0.0554533337,0.04470037962,0.0017201241,0.002391119292,0.002982538812,0.003322165764,0.02652762282,0.00358514289,0.006485632389,0.0100247751,0.01229722751,0.01315438339,0.001507793102,0.002203255493,0.002888892416,0.003369615839,0.03255773781,0.007329836109,0.01536750523,0.02724036854,0.03879081376,0.04759168275,0.03112125102,0.0286663328,0.02369357684,0.01805043339,0.05488554353,0.008106335277,0.01191026307,0.01517567793,0.01570456335,0.01416668182,0.03591895762,0.03133603787,0.0245305813,0.01777399656,0.04391905966,0.003722476479,0.004658143556,0.005113325461,0.004498644572,0.003495679777,0.0008315527093,0.0008314714371,0.0007460162446,0.0006130642939,0.006620286602,0.0002677367644,0.0005013238615,0.0008000853138,0.0009560870631,0.0009730299879,0.0007204819495,0.0007606333968,0.0007205615311,0.0006225992089,0.00827335629,0.0005830430335,0.001281819463,0.002374548057,0.0033376564,0.003943326367,6.741576224e-06,2.236654868e-05,5.61631933e-05,0.0001026038899,0.01477301526,0.0003887923126,0.001316189401,0.003026951777,0.004149582737,0.004218844863,3.603474536e-08,2.740043258e-07,1.432175893e-06,4.725978615e-06,0.008462898893,8.100165974e-05,0.000408725531,0.001224984426,0.001834473785,0.001885226869,1.192120095e-07,1.003064782e-06,6.045736112e-06,2.36026434e-05,0.01700814566,0.0005448456854,0.001956727343,0.004475297138,0.005772429873,0.005507835167,1.602081389e-07,1.518353014e-06,1.030794676e-05,4.491459704e-05,0.02431434993,0.001081661304,0.003230041023,0.006224204261,0.006919462338,0.005817722683,1.803988321e-07,1.987013876e-06,1.567759021e-05,7.847876962e-05,0.03414844061,0.001974203981,0.004669595135,0.007246965057,0.006607852618,0.004682909071,5.932718206e-08,9.44206949e-07,1.032960329e-05,6.740332991e-05,0.04151790136,0.001992459272,0.003866381489,0.004771175329,0.003268396789,0.001728356114,1.62857042e-09,5.901845846e-08,1.257325659e-06,1.321101425e-05,0.03498615786,0.0003323656136,0.000571334797,0.0005295836002,0.0002024984616,5.275333199e-05,3.369496121e-08,8.365707811e-07,1.221009437e-05,9.048944758e-05,0.0532444703,0.0005187523296,0.0006607622912,0.0004636592688,0.0001350445563,2.666293891e-05,4.150971086e-07,7.093768112e-06,7.126607895e-05,0.0003741356189,0.06799879173,0.0005553785681,0.0005689942682,0.0003261744328,7.695804712e-05,1.217925708e-05,7.245894738e-08,2.028483376e-06,2.967563943e-05,0.0001985328218,0.06242074478,0.0001100953368,7.503474597e-05,2.581802816e-05,2.737394622e-06,1.742561072e-07
111,0.06869885063,0.08706947223,0.09902064491,0.1012797133,0.2190335017,0.1015117527,0.1397497154,0.1676232359,0.1729488687,0.1596863509,0.0782164532,0.09426876027,0.1019485071,0.09954314083,0.1780688381,0.04938385024,0.05859652422,0.0612234779,0.05435360786,0.04371091271,0.001722818344,0.002392126689,0.002980384276,0.003316262483,0.02639237167,0.00352512966,0.006354684027,0.009790352926,0.01196708413,0.012760201,0.001513180862,0.00220944041,0.002894790532,0.003374116094,0.03246392602,0.007246135907,0.01515559662,0.02680492345,0.03807831243,0.04661604638,0.03121166497,0.02873628553,0.02374038303,0.01807835131,0.05479669072,0.008048103376,0.01180628508,0.01502143083,0.01552057234,0.01398190483,0.03594492017,0.03133118333,0.02450526875,0.01774128006,0.04374187155,0.00367409663,0.004584871959,0.005019951597,0.004404163579,0.003413818033,0.000832809559,0.0008317552758,0.0007453990327,0.0006118964409,0.006585531763,0.0002631202655,0.0004908819333,0.0007807657541,0.0009295646592,0.0009429259795,0.0007231445449,0.0007628679979,0.0007221328086,0.0006235220221,0.008249883566,0.0005763645625,0.00126404665,0.002336321087,0.003275849155,0.003861922686,6.779861244e-06,2.244611383e-05,5.624407899e-05,0.0001025515489,0.01467224252,0.0003766823765,0.00126683831,0.002895725457,0.003940667746,0.003978847934,3.631028583e-08,2.753148887e-07,1.43493658e-06,4.722666089e-06,0.008392640444,7.761647461e-05,0.0003882031276,0.00115398155,0.001710494239,0.001740538793,1.195329462e-07,1.003215375e-06,6.031314358e-06,2.349123263e-05,0.0168470697,0.0005224191561,0.001861658253,0.004227238276,0.005403245587,0.005110721577,1.601164271e-07,1.513628743e-06,1.024976886e-05,4.455635805e-05,0.02404957063,0.001033688139,0.003062968755,0.005859963606,0.006455040141,0.005379296785,1.795543891e-07,1.97267532e-06,1.552481475e-05,7.753127228e-05,0.03371544682,0.001878719951,0.004409618077,0.006794676785,0.006138055415,0.004310792344,5.87921967e-08,9.330071667e-07,1.017778448e-05,6.623671638e-05,0.04088428167,0.00187693539,0.003610804768,0.004420106424,0.002995308978,0.001567210922,1.595116968e-09,5.757076707e-08,1.221490503e-06,1.278624242e-05,0.03422151835,0.0003026423653,0.0005138273393,0.0004708241696,0.0001770067439,4.533679094e-05,3.280392771e-08,8.111292859e-07,1.17905188e-05,8.705119931e-05,0.05196371193,0.0004693326938,0.0005904152883,0.0004095332809,0.0001172327275,2.274872225e-05,4.022939688e-07,6.846938888e-06,6.850590042e-05,0.0003582913386,0.06625124282,0.0005000397953,0.0005059322107,0.0002866759565,6.645812984e-05,1.03341272e-05,6.919982079e-08,1.927583576e-06,2.805890156e-05,0.000186852419,0.06045511134,9.59942012e-05,6.442704232e-05,2.185420442e-05,2.264295698e-06,1.408084345e-07
112,0.06886985721,0.0872491023,0.09918275089,0.10140571,0.2187046743,0.1008581593,0.1386601752,0.166105325,0.1711465392,0.1578301664,0.07826783266,0.09425792705,0.1018581675,0.09938412176,0.1774410694,0.04882527026,0.05779580494,0.06025334419,0.05336375624,0.04282230475,0.001725221149,0.002392947949,0.002978277278,0.003310706221,0.02626853827,0.003470918262,0.006236793919,0.009579967937,0.01167180138,0.01240872312,0.001518065982,0.002215013283,0.002900049555,0.003378049825,0.03237724009,0.007169861532,0.01496293612,0.02640988162,0.03743342961,0.04573483014,0.0312937154,0.02879948991,0.02378240992,0.01810319559,0.05471414551,0.007994743067,0.01171115607,0.01488051451,0.01535274216,0.01381356717,0.03596773488,0.03132583221,0.02448136021,0.01771080022,0.04357963533,0.003630263543,0.004518663886,0.004935788179,0.004319230953,0.003340402581,0.0008339289522,0.0008319796761,0.0007448001927,0.0006107993223,0.00655372046,0.0002589526279,0.0004814883787,0.00076344252,0.0009058670128,0.000916112784,0.0007255595989,0.0007648828012,0.0007235359206,0.0006243320156,0.008228183007,0.000570278081,0.001247887802,0.002301642025,0.003219911793,0.003788401298,6.814489096e-06,2.251697649e-05,5.631215413e-05,0.0001024917397,0.01457989522,0.0003658812152,0.001223097876,0.002780098001,0.00375787919,0.003770252219,3.655996716e-08,2.764834065e-07,1.437259953e-06,4.718897513e-06,0.008328348097,7.462893593e-05,0.0003702442178,0.001092334771,0.001603907612,0.001617323138,1.198142901e-07,1.003231672e-06,6.01734732e-06,2.338637857e-05,0.01670002628,0.0005026210907,0.001778350374,0.004011359509,0.005084731405,0.004770967938,1.600127506e-07,1.509113969e-06,1.019531662e-05,4.422404461e-05,0.02380825155,0.0009914713263,0.002917024695,0.005543962781,0.006055649177,0.005005455923,1.787597432e-07,1.959343785e-06,1.538377062e-05,7.666073426e-05,0.03332159663,0.001795028812,0.004183418954,0.006403834822,0.00573568569,0.003994836979,5.82957029e-08,9.226859294e-07,1.003862499e-05,6.517186366e-05,0.04030921708,0.001776631249,0.003390734538,0.004120133913,0.002764380289,0.001432327152,1.564627195e-09,5.625884789e-08,1.189184914e-06,1.240503679e-05,0.03353216697,0.0002776634167,0.0004660712495,0.0004225653325,0.0001564085814,3.944094476e-05,3.199855585e-08,7.882492746e-07,1.141498588e-05,8.398691947e-05,0.05081171424,0.0004280573165,0.0005323600197,0.0003653583138,0.0001029355051,1.965875795e-05,3.907862852e-07,6.626137284e-06,6.604807174e-05,0.0003442406744,0.06468206865,0.0004540358274,0.0004541339473,0.0002545925541,5.807253723e-05,8.88526748e-06,6.631516502e-08,1.838757071e-06,2.664311859e-05,0.0001766729118,0.05870037598,8.462786978e-05,5.600195087e-05,1.874884929e-05,1.901791011e-06,1.157499246e-07
113,0.0690233352,0.08740963846,0.09932672243,0.101516566,0.2184033589,0.1002661802,0.1376746709,0.1647340518,0.1695204956,0.1561574368,0.07831268962,0.09424596106,0.1017739786,0.09923784193,0.1768727209,0.04832417728,0.05707912881,0.0593868703,0.05248170089,0.04203209098,0.001727343424,0.002393608553,0.002976260651,0.003305554235,0.02615646496,0.003422452956,0.00613172382,0.009392997104,0.01141019668,0.01209820504,0.001522448083,0.002219983285,0.002904693514,0.003381457195,0.03229813946,0.007101130407,0.01478969768,0.02605536314,0.03685593574,0.04494719736,0.03136737792,0.0288560032,0.0238197685,0.018125094,0.05463846371,0.007946417467,0.01162512722,0.0147532469,0.01520138184,0.01366192251,0.0359876016,0.03132024836,0.0244591234,0.01768278617,0.04343279782,0.003590969116,0.004459455983,0.004860693453,0.004243635578,0.003275198607,0.0008349163926,0.0008321537581,0.0007442306766,0.0006097836886,0.006524937993,0.0002552288079,0.0004731220652,0.0007480595797,0.0008848916009,0.0008924478739,0.0007277266851,0.0007666807502,0.000724776687,0.0006250364943,0.008208372604,0.0005647931218,0.001233357661,0.00227052123,0.003169823342,0.003722691402,6.845477671e-06,2.257947628e-05,5.636886157e-05,0.0001024279062,0.01449625616,0.0003563368109,0.001184669283,0.002679055399,0.003599172775,0.003590233396,3.67837784e-08,2.775150317e-07,1.439195075e-06,4.714886616e-06,0.008270194681,7.201443841e-05,0.0003546490256,0.001039185564,0.001512837807,0.001512954255,1.200586476e-07,1.00314703e-06,6.004086862e-06,2.328918413e-05,0.01656731098,0.0004852900871,0.001705915455,0.003824834854,0.004811702615,0.004481953706,1.599028356e-07,1.504874416e-06,1.014508249e-05,4.391986509e-05,0.02359076982,0.0009546219575,0.00279049277,0.005271708461,0.005714301449,0.004688420703,1.780232236e-07,1.9471161e-06,1.525521262e-05,7.587067009e-05,0.03296728965,0.001722245095,0.003988018392,0.006068313551,0.005393072029,0.003727930109,5.784109816e-08,9.132941783e-07,9.912605606e-06,6.421120016e-05,0.03979294292,0.001690151329,0.003202430634,0.003865265889,0.002570030248,0.001319863288,1.537161449e-09,5.508313151e-08,1.160369641e-06,1.206641092e-05,0.03291706222,0.0002567600794,0.0004265400737,0.0003830201315,0.0001397790223,3.475151006e-05,3.12784927e-08,7.678861436e-07,1.108221172e-05,8.128203046e-05,0.0497859501,0.0003937112845,0.0004845766785,0.0003293669245,9.146280518e-05,1.721671986e-05,3.805496612e-07,6.430571405e-06,6.388021774e-05,0.0003318941569,0.06328702141,0.0004159179334,0.0004116840083,0.0002285663757,5.13745978e-05,7.745766673e-06,6.378496995e-08,1.761227095e-06,2.541332916e-05,0.0001678694042,0.05714865648,7.547194309e-05,4.930630016e-05,1.631169436e-05,1.623002274e-06,9.6870829e-08
114,0.06915923411,0.08755123821,0.09945298155,0.1016129339,0.2181315858,0.09973772225,0.1367959822,0.1635127738,0.1680740621,0.1546710042,0.07835139987,0.09423356449,0.1016969377,0.09910546177,0.1763655124,0.04788065541,0.05644609367,0.0586229766,0.05170567832,0.04133815369,0.001729195066,0.002394132055,0.002974374251,0.003300859967,0.02605648082,0.003379688985,0.006039271014,0.009228902194,0.01118124233,0.01182712842,0.001526326352,0.002224358454,0.002908744298,0.003384375185,0.03222705735,0.007040055704,0.01463605285,0.02574150077,0.03634565638,0.04425243184,0.03143262124,0.02890587225,0.02385255776,0.01814416286,0.05457016849,0.007903281045,0.01154843632,0.01463992901,0.01506678433,0.01352721168,0.03600470327,0.03131467684,0.0244388086,0.01765745293,0.04330179037,0.003556211115,0.004407198444,0.004794548929,0.004177197,0.003218003636,0.0008357768834,0.0008322859582,0.0007437006787,0.0006088595766,0.006499266458,0.000251944686,0.0004657649357,0.0007345684583,0.0008665493213,0.0008718072793,0.0007296451805,0.0007682644053,0.0007258604003,0.0006256421784,0.008190563545,0.0005599188565,0.001220470729,0.00224297014,0.003125567632,0.003664732221,6.87284191e-06,2.263392659e-05,5.641553937e-05,0.0001023632415,0.01442159359,0.0003480035902,0.001151291558,0.002591716728,0.00346278606,0.00343637549,3.698170345e-08,2.784145593e-07,1.440787564e-06,4.710831404e-06,0.008218344038,6.975157053e-05,0.0003412452687,0.0009938004324,0.001435701458,0.001425242634,1.20268435e-07,1.002992386e-06,5.991765989e-06,2.320066632e-05,0.01644920723,0.0004702858184,0.00164358694,0.00366524457,0.004579766325,0.004238127831,1.597919897e-07,1.500970833e-06,1.009951996e-05,4.364584487e-05,0.02339749023,0.0009228029057,0.002681897155,0.005039367413,0.005425099599,0.004421695773,1.773525121e-07,1.936081199e-06,1.513983078e-05,7.516427594e-05,0.03265292147,0.001659604411,0.003820865844,0.005782912082,0.005103772998,0.003504164491,5.743148032e-08,9.04878023e-07,9.800157353e-06,6.335687318e-05,0.03933571132,0.001616303133,0.003042729693,0.003650483611,0.002407646148,0.001226685078,1.512770844e-09,5.404385175e-08,1.135005693e-06,1.17694401e-05,0.03237529977,0.0002393840286,0.0003940009057,0.0003507652566,0.0001263961681,3.102808004e-05,3.064332681e-08,7.499973389e-07,1.079101085e-05,7.892327858e-05,0.0488842025,0.0003653061932,0.0004454467249,0.0003001624273,8.228046052e-05,1.52888781e-05,3.715609586e-07,6.25951189e-06,6.199111677e-05,0.0003211714915,0.06206236239,0.0003845144562,0.0003770565837,0.0002075307981,4.603609802e-05,6.850134566e-06,6.159125648e-08,1.69430393e-06,2.43563818e-05,0.0001603330273,0.05579300146,6.811840609e-05,4.399384193e-05,1.439976716e-05,1.408262054e-06,8.25964867e-08
115,0.06927748442,0.08767402196,0.09956189359,0.1016953951,0.2178912532,0.09927459561,0.1360267534,0.162444696,0.1668104299,0.1533736169,0.07838430001,0.0942213805,0.1016279674,0.09898806113,0.175921102,0.04749486272,0.05589645582,0.05796083841,0.05103425937,0.04073873815,0.001730784826,0.002394539887,0.002972654734,0.003296672836,0.02596890245,0.003342593848,0.005959271022,0.009087233972,0.01098406968,0.0115942033,0.001529699427,0.002228145475,0.002912221331,0.003386837188,0.03216440004,0.006986748326,0.01450217688,0.02546845422,0.03590249782,0.04364997484,0.03148940557,0.02894913162,0.02388086298,0.01816050551,0.05450974864,0.007865480369,0.01148130959,0.01454084838,0.01494923144,0.01340966825,0.03601920407,0.0313093423,0.02442064752,0.01763500067,0.04318702935,0.003525994019,0.004361856378,0.004737261093,0.00411976698,0.003168648656,0.000836514861,0.0008323839608,0.0007432195811,0.0006080362727,0.006476784959,0.0002490971625,0.0004594022127,0.0007229285479,0.0008507647438,0.0008540856284,0.0007313142088,0.0007696358681,0.0007267917433,0.000626155127,0.008174860031,0.0005556642555,0.001209241794,0.002219002541,0.003087135539,0.003614476131,6.896592374e-06,2.268060896e-05,5.645340703e-05,0.0001023006663,0.01435616239,0.0003408426119,0.001122741362,0.002517330045,0.003347222628,0.003306639709,3.715371013e-08,2.791863259e-07,1.442079081e-06,4.706912836e-06,0.008172952169,6.78220373e-05,0.0003298866367,0.0009555610098,0.001371177328,0.001352380141,1.204458455e-07,1.002796015e-06,5.980597902e-06,2.312175532e-05,0.01634598933,0.0004574884881,0.001590713555,0.003530545158,0.004385244701,0.004034884263,1.596850665e-07,1.497458803e-06,1.005904366e-05,4.340383413e-05,0.02322877104,0.0008957268649,0.002589987216,0.004843712055,0.005183122777,0.004199911206,1.767546353e-07,1.926320356e-06,1.503825506e-05,7.454446858e-05,0.0323788945,0.001606457181,0.003679807693,0.005543268496,0.004862437086,0.003318679221,5.706966378e-08,8.974792413e-07,9.70166979e-06,6.261082008e-05,0.03893781063,0.001554081189,0.002908987221,0.003471626533,0.002273448246,0.001150253904,1.491499949e-09,5.314116787e-08,1.113057355e-06,1.151329542e-05,0.03190613996,0.0002250891384,0.0003674641759,0.0003246726789,0.000115698411,2.80870512e-05,3.009266361e-08,7.345444484e-07,1.054032807e-05,7.689896207e-05,0.04810460961,0.0003420435239,0.0004136803285,0.0002766458349,7.497604163e-05,1.377390205e-05,3.637993422e-07,6.112310345e-06,6.037087657e-05,0.0003120023502,0.06100492144,0.0003588838756,0.0003490423039,0.0001906511108,4.180507484e-05,6.149043036e-06,5.971825118e-08,1.637387641e-06,2.346092525e-05,0.0001539704435,0.05462744133,6.225073592e-05,3.980041812e-05,1.290565669e-05,1.24315383e-06,7.180068643e-08
116,0.06937799418,0.08777806761,0.09965376003,0.1017644516,0.2176841209,0.09887852121,0.1353695123,0.1615329033,0.1657327043,0.1522679848,0.07841168358,0.09420998842,0.1015679109,0.09888663517,0.175541087,0.04716704149,0.05543014625,0.05739990613,0.05046636898,0.04023246873,0.001732120176,0.002394851166,0.002971135331,0.003293038033,0.0258940347,0.003311148532,0.005891600234,0.008967636372,0.01081797342,0.01139837084,0.001532565276,0.002231349468,0.002915141255,0.003388872611,0.03211054616,0.006941318769,0.01438825448,0.02523642347,0.0355264709,0.04313945955,0.03153768108,0.02898580177,0.02390475385,0.01817421079,0.05445765685,0.007833154783,0.01142396344,0.01445628227,0.01484899834,0.01330952373,0.03603124757,0.03130444732,0.02440485206,0.01761561397,0.04308891666,0.003500329844,0.004323411143,0.004688763092,0.004071231062,0.003126999278,0.0008371341287,0.0008324546308,0.0007427958982,0.000607322276,0.006457569809,0.000246684251,0.0004540225998,0.0007131074201,0.0008374763891,0.000839196247,0.000732732585,0.0007707967071,0.0007275747078,0.0006265806621,0.008161359068,0.0005520382383,0.001199686407,0.00219863575,0.003054527077,0.003571891571,6.916733859e-06,2.271976769e-05,5.648355212e-05,0.000102242808,0.0143002051,0.0003348217513,0.001098832886,0.00245526899,0.003251238714,0.00319933809,3.729973951e-08,2.798341112e-07,1.443106841e-06,4.703293564e-06,0.008134168297,6.62105975e-05,0.0003204515027,0.0009239556895,0.001318180717,0.001292894818,1.20592818e-07,1.002583292e-06,5.970775088e-06,2.305329358e-05,0.01625792524,0.0004467983902,0.001546753915,0.003419044047,0.004225110631,0.003868458666,1.595864316e-07,1.494388568e-06,1.002402958e-05,4.319551514e-05,0.02308496939,0.0008731547201,0.002513724818,0.004682074598,0.004984331342,0.004018691475,1.762359584e-07,1.917907417e-06,1.495105995e-05,7.401392171e-05,0.03214562829,0.001562263358,0.00356306034,0.005345787844,0.004664686302,0.003167528886,5.675819475e-08,8.911357478e-07,9.61749869e-06,6.197483396e-05,0.0385995836,0.001502653511,0.002799029026,0.003325296893,0.002164379497,0.001088536837,1.473389261e-09,5.237527538e-08,1.094494885e-06,1.129727387e-05,0.03150903344,0.0002135167621,0.0003461436637,0.0003038560792,0.0001072517022,2.578885429e-05,2.962619326e-08,7.214950614e-07,1.032926623e-05,7.519912721e-05,0.04744570673,0.0003232852356,0.0003882591123,0.0002579591316,6.923294467e-05,1.259530857e-05,3.57247206e-07,5.988415446e-06,5.901108506e-05,0.0003043270329,0.06011215209,0.0003382773739,0.0003266908613,0.000177278779,3.848910048e-05,5.605460124e-06,5.815252833e-08,1.589970035e-06,2.271739234e-05,0.0001487033579,0.05364703571,5.762491884e-05,3.65254142e-05,1.174891476e-05,1.117118401e-06,6.367684258e-08
117,0.06946064576,0.0878634053,0.09972881146,0.1018205177,0.2175118029,0.09855113792,0.1348266872,0.160780391,0.1648439477,0.1513568298,0.07843379718,0.09419989891,0.1015175271,0.09880209015,0.1752270052,0.04689752823,0.05504728647,0.05693992514,0.05000130611,0.03981836555,0.001733207174,0.002395082499,0.00296984562,0.003289996305,0.02583217123,0.003285348705,0.005836178527,0.008869850752,0.01068241623,0.01123880681,0.001534921091,0.002233973781,0.002917517618,0.003390506481,0.03206584585,0.006903878852,0.01429448511,0.02504566116,0.03521771326,0.04272074321,0.03157738631,0.02901588722,0.02392428276,0.01818535155,0.05441430784,0.007806437013,0.011376606,0.01438650062,0.01476635783,0.01322701236,0.0360409549,0.03130017083,0.02439161319,0.01759946112,0.04300784008,0.003479238948,0.004291861662,0.004649016432,0.004031510184,0.00309295697,0.0008376377921,0.0008325039463,0.0007424372201,0.0006067252598,0.006441694703,0.0002447051695,0.000449618482,0.0007050811519,0.0008266370487,0.0008270713424,0.0007338987611,0.0007717478845,0.000728212515,0.0006269232943,0.008150150249,0.0005490498126,0.001191821341,0.002181891713,0.003027753348,0.003536965749,6.933264042e-06,2.275160456e-05,5.650691724e-05,0.0001021919806,0.01425395285,0.0003299158941,0.001079417897,0.00240503029,0.003173832524,0.003113112147,3.741969567e-08,2.803610431e-07,1.443903143e-06,4.70011672e-06,0.008102135833,6.49050202e-05,0.0003128418968,0.0008985728346,0.001275842689,0.0012456144,1.207110056e-07,1.002376473e-06,5.962468415e-06,2.299603469e-05,0.01618527919,0.0004381356048,0.001511272257,0.003329379135,0.004096935497,0.003735844869,1.594999297e-07,1.491804846e-06,9.994815031e-06,4.302240864e-05,0.02296644637,0.0008548943112,0.002452274132,0.004552309849,0.004825489532,0.003874549724,1.75802176e-07,1.910908976e-06,1.487876844e-05,7.357509905e-05,0.03195356915,0.001526588261,0.003469188437,0.005187583656,0.00450702193,0.003047578379,5.649936498e-08,8.858820186e-07,9.54797306e-06,6.145062342e-05,0.03832144438,0.001461350621,0.002711111742,0.003208782479,0.002078017173,0.001039935339,1.458477434e-09,5.174650552e-08,1.079296919e-06,1.112082499e-05,0.03118364515,0.0002043840131,0.0003294251048,0.0002876293586,0.0001007247185,2.402846419e-05,2.924375145e-08,7.10824422e-07,1.01571109e-05,7.381574044e-05,0.04690646583,0.0003085305191,0.0003683915482,0.0002434416891,6.481089691e-05,1.169589903e-05,3.518909961e-07,5.887387147e-06,5.790494235e-05,0.000298097042,0.05938218376,0.0003221094133,0.0003092665736,0.0001669165166,3.594278803e-05,5.191821249e-06,5.688313072e-08,1.551636254e-06,2.211798434e-05,0.0001444680881,0.05284791935,5.405509356e-05,3.40179921e-05,1.08697824e-05,1.022464749e-06,5.764903393e-08
118,0.0695252926,0.08793001217,0.09978720053,0.1018639123,0.2173757602,0.09829400832,0.1344006219,0.1601900913,0.1641472185,0.1506429326,0.0784508366,0.09419154906,0.1014774854,0.09873523887,0.1749803348,0.04668676342,0.05474820422,0.05658095577,0.04963876412,0.03949586202,0.001734050327,0.002395247786,0.002968811301,0.003287583733,0.02578359506,0.003265205903,0.0057929719,0.00879372035,0.01057703413,0.01111492628,0.001536763171,0.002236019782,0.00291936056,0.00339175906,0.0320306198,0.00687454329,0.01422108792,0.0248964841,0.03497651006,0.04239393711,0.03160844671,0.0290393748,0.023939483,0.01819398312,0.05438007647,0.007785453682,0.01133943855,0.01433176862,0.01470158411,0.01316237552,0.03604842288,0.03129666637,0.02438109963,0.0175866933,0.04294417351,0.003462750815,0.00426722573,0.004618012683,0.004000562359,0.003066460413,0.0008380281932,0.0008325369306,0.0007421501561,0.0006062520316,0.006429230855,0.0002431604307,0.0004461861311,0.0006988346724,0.0008182141656,0.0008176622919,0.0007348107731,0.0007724896853,0.0007287075365,0.0006271866487,0.008141315503,0.0005467082015,0.001185665005,0.002168798035,0.003006838364,0.003509707181,6.946172194e-06,2.277627371e-05,5.65242872e-05,0.0001021501641,0.01421762612,0.0003261071496,0.001064386013,0.00236623232,0.003114236502,0.003046916642,3.751343594e-08,2.807695074e-07,1.444494905e-06,4.697504704e-06,0.008076993219,6.389606486e-05,0.0003069827632,0.0008790955973,0.001243493927,0.001209637923,1.208017459e-07,1.002194461e-06,5.955826196e-06,2.295064206e-05,0.016128314,0.0004314398531,0.001483935412,0.003260503336,0.003998848789,0.003634729885,1.594288512e-07,1.48974664e-06,9.971698586e-06,4.28858789e-05,0.02287357158,0.0008407996495,0.002404994138,0.004452766794,0.00470410547,0.003764805504,1.754583023e-07,1.905384526e-06,1.482185551e-05,7.323028322e-05,0.03180319898,0.00149909963,0.003397088435,0.005066432839,0.004386751235,0.002956421096,5.62952231e-08,8.817494631e-07,9.493401344e-06,6.103986588e-05,0.03810389426,0.001429657162,0.002643892193,0.003119996483,0.002012504173,0.00100323022,1.446803263e-09,5.125541381e-08,1.067452617e-06,1.098357468e-05,0.03092987706,0.0001974746932,0.0003168421086,0.0002754751322,9.587031e-05,2.27284322e-05,2.894537347e-08,7.025169039e-07,1.002335235e-05,7.274284354e-05,0.04648633324,0.0002973978822,0.0003534789306,0.0002325973742,6.153149568e-05,1.103370575e-05,3.477219462e-07,5.808909423e-06,5.704738021e-05,0.0002932756118,0.05881387199,0.0003099351451,0.0002962146374,0.0001591920548,3.405857307e-05,4.887979985e-06,5.590167923e-08,1.522066349e-06,2.165666186e-05,0.000141215237,0.05222734863,5.140285488e-05,3.216699317e-05,1.02246566e-05,9.536724191e-07,5.331078126e-08
119,0.06957175611,0.08797780733,0.09982899511,0.1018948507,0.2172772932,0.09810862334,0.1340935876,0.1597648966,0.1636456059,0.1501291733,0.0784629429,0.09418529748,0.1014483603,0.09868679599,0.1748024953,0.0465353009,0.05453344894,0.05632339347,0.04937885202,0.03926482378,0.00173465247,0.002395358031,0.002968053951,0.003285831495,0.02574857885,0.003250748692,0.005761995168,0.008739195017,0.01050164253,0.01102638975,0.001538086823,0.002237486667,0.002920676514,0.003392645451,0.0320051582,0.006853431113,0.01416830622,0.02478928385,0.03480331327,0.04215943479,0.03163077316,0.02905623185,0.02395036709,0.01820014188,0.05435529568,0.007770325716,0.01131265664,0.01429234906,0.01465495618,0.0131158656,0.03605372219,0.03129406047,0.02437345661,0.01757744371,0.04289827706,0.003450904822,0.004249541322,0.004595775241,0.003978384467,0.003047486995,0.0008383068476,0.0008325575843,0.0007419402752,0.0006059084903,0.006420247106,0.0002420519319,0.0004437259176,0.0006943621407,0.0008121902903,0.0008109400585,0.0007354661911,0.0007730216478,0.0007290612176,0.0006273733922,0.008134928806,0.0005450229572,0.001181237824,0.00215938891,0.002991820728,0.00349014806,6.955437951e-06,2.279387671e-05,5.65362765e-05,0.0001021189844,0.01419143541,0.0003233850946,0.001053665249,0.002338614898,0.003071912786,0.003000008685,3.758076173e-08,2.810610606e-07,1.444903228e-06,4.695557972e-06,0.008058874639,6.317748923e-05,0.0003028215278,0.0008652984001,0.001220653139,0.001184314925,1.20866032e-07,1.002052589e-06,5.9509732e-06,2.291768701e-05,0.01608729312,0.0004266705404,0.00146451111,0.003211674353,0.003929509483,0.003563446673,1.593758987e-07,1.488247026e-06,9.954939622e-06,4.278713716e-05,0.02280672732,0.000830770642,0.002371433968,0.004382269134,0.00461838811,0.00368752465,1.752086564e-07,1.901386527e-06,1.478075081e-05,7.298159995e-05,0.0316950434,0.001479565996,0.003345977653,0.004980743951,0.004301934295,0.002892318881,5.61475831e-08,8.787667282e-07,9.454076721e-06,6.074425384e-05,0.03794753627,0.001407206213,0.002596405505,0.00305743365,0.001966498427,0.000977541006,1.43840741e-09,5.0902858e-08,1.05896357e-06,1.088534671e-05,0.03074788982,0.0001926325965,0.0003080584119,0.0002670216254,9.251203627e-05,2.183389268e-05,2.873134217e-08,6.96567333e-07,9.927705603e-06,7.197669841e-05,0.04618526616,0.0002896119304,0.000343090365,0.0002250705173,5.926776563e-05,1.057910394e-05,3.447367364e-07,5.752801898e-06,5.643517416e-05,0.0002898382294,0.05840684767,0.0003014337598,0.000287136382,0.0001538390368,3.276008331e-05,4.679754631e-06,5.520247998e-08,1.501037163e-06,2.132914767e-05,0.0001389095064,0.05178375033,4.956950548e-05,3.089370787e-05,9.782881478e-06,9.069073232e-07,5.038342029e-08
120,0.06959982266,0.08800664683,0.09985417154,0.1019134371,0.2172175328,0.09799640532,0.1339077933,0.1595076784,0.1633422586,0.1498185673,0.07847019858,0.0941814192,0.1014306262,0.09865737295,0.1746948459,0.04644381708,0.0544038072,0.05616798941,0.04922211682,0.03912556922,0.001735014625,0.002395421141,0.002967590786,0.003284765614,0.02572738511,0.003242023839,0.005743314747,0.008706336355,0.01045624328,0.01097311095,0.001538886257,0.002238371264,0.002921467907,0.003393175227,0.0319897195,0.006840666898,0.01413641147,0.02472453641,0.03469875951,0.04201793851,0.03164426059,0.02906640461,0.02395692508,0.01820384377,0.0543402543,0.007761168625,0.01129645102,0.01426850417,0.01462676071,0.01308774944,0.03605689551,0.03129245086,0.02436880452,0.01757182673,0.04287049702,0.003443750992,0.004238867918,0.004582361152,0.003965014185,0.003036054495,0.0008384743804,0.0008325688162,0.0007418120456,0.0006056995805,0.006414809984,0.0002413830458,0.0004422425325,0.0006916673631,0.0008085636285,0.0008068957566,0.0007358620706,0.0007733424967,0.0007292740022,0.0006274851614,0.008131055855,0.0005440040602,0.00117856258,0.002153705988,0.002982755209,0.003478346486,6.961030172e-06,2.280445787e-05,5.654331694e-05,0.0001020996921,0.01417558156,0.0003217470559,0.001047222884,0.002322040477,0.00304655212,0.002971942409,3.762141023e-08,2.812363483e-07,1.445142948e-06,4.694353788e-06,0.008047910571,6.274608931e-05,0.0003003280004,0.0008570451487,0.001207019996,0.00116923197,1.209044844e-07,1.001962388e-06,5.948009574e-06,2.289764628e-05,0.01606248242,0.0004238070118,0.001452867764,0.003182449907,0.003888089292,0.00352094426,1.593431525e-07,1.487332914e-06,9.944757619e-06,4.272724289e-05,0.02276631217,0.0008247533848,0.002351331314,0.004340105103,0.004567221084,0.003641480542,1.750568436e-07,1.898960395e-06,1.475584047e-05,7.283103675e-05,0.031629679,0.001467856516,0.003315389143,0.004929539101,0.004251350601,0.002854162657,5.605802906e-08,8.769599274e-07,9.430281383e-06,6.056553369e-05,0.03785308837,0.001393776404,0.002568052006,0.003020142338,0.001939139318,0.0009622984622,1.43333385e-09,5.069006539e-08,1.053845494e-06,1.082618222e-05,0.03063812355,0.0001897570089,0.0003028557858,0.0002620268501,9.053494591e-05,2.130915972e-05,2.860222984e-08,6.929821759e-07,9.870129114e-06,7.151592704e-05,0.04600376844,0.0002849944038,0.0003369456655,0.0002206294423,5.793701796e-05,1.031284919e-05,3.429380893e-07,5.719030705e-06,5.606705309e-05,0.0002877731787,0.05816156629,0.0002963971483,0.0002817723229,0.0001506839256,3.199761192e-05,4.557943078e-06,5.478263708e-08,1.488424774e-06,2.113294617e-05,0.0001375296863,0.05151677458,4.849075235e-05,3.014694988e-05,9.524575795e-06,8.796980568e-07,4.868868041e-08
121,0.06960924074,0.08801631896,0.09986260798,0.1019196567,0.2171974319,0.09795870939,0.1338453922,0.159421302,0.1632404084,0.1497142947,0.07847262362,0.09418010053,0.1014246515,0.09864747244,0.1746586848,0.04641311988,0.05436031819,0.05611587165,0.04916956727,0.03907889213,0.001735135885,0.002395441728,0.002967434403,0.003284406686,0.02572026617,0.003239097473,0.005737051574,0.008695323327,0.01044103285,0.01095526667,0.001539154497,0.002238667851,0.002921732874,0.003393352042,0.03198452894,0.006836381802,0.01412570683,0.0247028109,0.03466368653,0.04197048414,0.03164878663,0.02906981653,0.02395912288,0.01820508288,0.05433519471,0.007758092644,0.01129100832,0.01426049709,0.01461729437,0.01307831107,0.03605795565,0.03129190472,0.02436723747,0.01756993685,0.0428611656,0.003441350739,0.004235287836,0.004577863018,0.003960532073,0.003032222984,0.0008385304643,0.0008325723746,0.0007417687711,0.0006056292426,0.006412983723,0.0002411587124,0.0004417452233,0.0006907642575,0.0008073486962,0.000805541388,0.0007359949079,0.0007734500791,0.0007293452593,0.0006275224918,0.008129753693,0.0005436620021,0.001177664703,0.002151799136,0.002979714175,0.003474388562,6.962905892e-06,2.280799969e-05,5.654564526e-05,0.0001020931408,0.01417025599,0.0003211984431,0.001045066725,0.00231649691,0.003038076536,0.002962569553,3.76350469e-08,2.81295028e-07,1.445222215e-06,4.693944929e-06,0.008044228155,6.260177552e-05,0.0002994946441,0.0008542892722,0.001202472712,0.001164206437,1.209173231e-07,1.001931357e-06,5.947009654e-06,2.28908987e-05,0.0160541515,0.000422849049,0.00144897583,0.003172688797,0.003874268159,0.003506775276,1.593320355e-07,1.487024775e-06,9.941331011e-06,4.270710263e-05,0.02275274403,0.0008227410887,0.002344614117,0.004326027029,0.004550153784,0.003626136643,1.750057297e-07,1.8981444e-06,1.474746787e-05,7.278045538e-05,0.0316077397,0.001463942377,0.003305172699,0.004912449959,0.004234485581,0.002841453389,5.602791546e-08,8.763527806e-07,9.422289669e-06,6.050553628e-05,0.03782139542,0.001389291997,0.002558593156,0.003007712527,0.001930030667,0.00095722956,1.431631031e-09,5.061868962e-08,1.052129725e-06,1.080635779e-05,0.03060131789,0.0001888003042,0.0003011271826,0.0002603693592,8.98800519e-05,2.113566325e-05,2.855893441e-08,6.917806118e-07,9.850842389e-06,7.136165152e-05,0.04594292609,0.0002834592193,0.0003349054747,0.0002191567278,5.749654633e-05,1.022488405e-05,3.423353094e-07,5.707718827e-06,5.594381038e-05,0.0002870821363,0.05807935777,0.0002947235034,0.0002799922619,0.000149638209,3.174537957e-05,4.517722902e-06,5.464217765e-08,1.484207771e-06,2.106738364e-05,0.0001370688519,0.05142735334,4.813352159e-05,2.990006784e-05,9.439309486e-06,8.707385783e-07,4.813203844e-08
