Step,DF_001,DF_002,DF_003,DF_004,DF_005,DF_006,DF_007,DF_008,DF_009,DF_010,DF_011,DF_012,DF_013,DF_014,DF_015,DF_016,DF_017,DF_018,DF_019,DF_020,DF_021,DF_022,DF_023,DF_024,DF_025,DF_026,DF_027,DF_028,DF_029,DF_030,DF_031,DF_032,DF_033,DF_034,DF_035,DF_036,DF_037,DF_038,DF_039,DF_040,DF_041,DF_042,DF_043,DF_044,DF_045,DF_046,DF_047,DF_048,DF_049,DF_050,DF_051,DF_052,DF_053,DF_054,DF_055,DF_056,DF_057,DF_058,DF_059,DF_060,DF_061,DF_062,DF_063,DF_064,DF_065,DF_066,DF_067,DF_068,DF_069,DF_070,DF_071,DF_072,DF_073,DF_074,DF_075,DF_076,DF_077,DF_078,DF_079,DF_080,DF_081,DF_082,DF_083,DF_084,DF_085,DF_086,DF_087,DF_088,DF_089,DF_090,DF_091,DF_092,DF_093,DF_094,DF_095,DF_096,DF_097,DF_098,DF_099,DF_100,DF_101,DF_102,DF_103,DF_104,DF_105,DF_106,DF_107,DF_108,DF_109,DF_110,DF_111,DF_112,DF_113,DF_114,DF_115,DF_116,DF_117,DF_118,DF_119,DF_120,DF_121,DF_122,DF_123,DF_124,DF_125,DF_126,DF_127,DF_128,DF_129,DF_130,DF_131,DF_132,DF_133,DF_134,DF_135,DF_136,DF_137,DF_138,DF_139,DF_140,DF_141,DF_142,DF_143,DF_144,DF_145,DF_146,DF_147,DF_148,DF_149,DF_150,DF_151,DF_152,DF_153,DF_154,DF_155,DF_156,DF_157,DF_158,DF_159,DF_160,DF_161,DF_162,DF_163,DF_164,DF_165,DF_166,DF_167,DF_168,DF_169,DF_170,DF_171,DF_172,DF_173,DF_174,DF_175,DF_176,DF_177,DF_178,DF_179,DF_180
0,0.02259734867,0.01088991983,0.004709071404,0.001972815772,0.01410343041,0.004222288645,0.01184532258,0.02751765229,0.05037248687,0.07986027973,0.03202796816,0.01543465473,0.006674332638,0.002796143219,0.01525605001,0.004222291535,0.01184531829,0.02751761557,0.05037237275,0.07986008456,0.0004272425232,0.0001448713629,4.40792319e-05,1.334962794e-05,0.0005173230528,2.905093068e-05,0.0001313018151,0.0004749558372,0.001198669034,0.002504422964,0.0003014411721,0.0001022139824,3.110007572e-05,9.418815306e-06,0.0004782384477,2.90509108e-05,0.0001313018626,0.0004749564709,0.00119867175,0.002504429085,0.0105526757,0.004013599315,0.001369773732,0.0004612237716,0.004440186812,0.0004716046243,0.001364309203,0.003261072997,0.005847390152,0.009082613736,0.01542409392,0.005866396973,0.002002103995,0.0006741395675,0.004836474921,0.0004716049755,0.001364308665,0.003261068262,0.005847375735,0.009082589581,0.0002206420753,5.98511062e-05,1.456798305e-05,3.590591963e-06,0.0001763148937,3.56188486e-06,1.629898067e-05,5.963885125e-05,0.0001453073742,0.0002936447118,0.0001509563076,4.094819358e-05,9.966935063e-06,2.456563073e-06,0.0001618681123,3.561882207e-06,1.62989871e-05,5.963893785e-05,0.0001453077325,0.0002936454927,2.265882303e-07,2.781503189e-08,2.584265144e-09,2.251084997e-10,1.101647004e-05,3.803919129e-09,1.126611279e-07,1.941429965e-06,1.357066478e-05,6.320312238e-05,3.411403417e-10,2.634492459e-11,1.398504338e-12,6.671381104e-14,9.575245493e-07,6.664708337e-12,6.581899364e-10,3.121927641e-08,4.0822571e-07,3.130845248e-06,5.233491738e-10,6.47296859e-11,5.734911054e-12,4.553211468e-13,1.688751717e-06,5.91474399e-11,3.728715626e-09,1.219927483e-07,1.277830201e-06,8.183586488e-06,1.979025422e-10,2.70291413e-11,2.644382987e-12,2.300760507e-13,1.317991021e-06,3.686163863e-11,2.372006308e-09,7.909909074e-08,8.29227168e-07,5.289567264e-06,4.491314669e-11,6.952759448e-12,7.709960528e-13,7.530385766e-14,8.617636736e-07,1.556971724e-11,1.028221386e-09,3.512387048e-08,3.647649735e-07,2.289585235e-06,9.279695218e-13,1.281179672e-13,1.215876164e-14,9.916195371e-16,2.244369381e-07,3.692062069e-13,4.056433351e-11,2.124289405e-09,2.724098107e-08,1.992350529e-07,2.161391369e-17,1.085757123e-18,3.206347281e-20,7.747775963e-22,4.751249244e-09,9.552001191e-19,8.122303812e-16,2.391016763e-13,7.479030361e-12,1.088136465e-10,7.258624264e-17,2.935706566e-18,6.979905933e-20,1.380755333e-21,4.671403244e-09,6.416995524e-19,5.570516995e-16,1.671615729e-13,5.22974752e-12,7.62803767e-11,2.118077117e-16,6.625807588e-18,1.218468957e-19,1.901524778e-21,4.155331438e-09,3.346393839e-19,3.022324837e-16,9.409224096e-14,2.961381164e-12,4.350914885e-11,4.239565048e-20,6.722158428e-22,5.569874184e-24,3.750995524e-26,3.126897798e-10,1.07039659e-23,4.262814958e-20,4.612839957e-17,2.405656146e-15,5.041060517e-14
1,0.02259734865,0.0108899198,0.004709071388,0.001972815763,0.01410343037,0.004222288639,0.01184532257,0.0275176523,0.05037248696,0.07986027995,0.03202796814,0.0154346547,0.006674332615,0.002796143207,0.01525604996,0.004222291529,0.01184531828,0.02751761559,0.05037237283,0.07986008478,0.0004272425227,0.0001448713625,4.407923167e-05,1.334962785e-05,0.0005173230504,2.905093057e-05,0.0001313018147,0.0004749558363,0.001198669033,0.002504422965,0.0003014411717,0.0001022139821,3.110007556e-05,9.418815242e-06,0.0004782384455,2.905091068e-05,0.0001313018623,0.00047495647,0.001198671749,0.002504429085,0.0105526757,0.004013599311,0.00136977373,0.0004612237705,0.004440186808,0.0004716046255,0.001364309209,0.003261073015,0.005847390193,0.009082613815,0.01542409392,0.005866396967,0.002002103992,0.0006741395659,0.004836474916,0.0004716049768,0.001364308671,0.00326106828,0.005847375776,0.009082589659,0.0002206420751,5.985110608e-05,1.4567983e-05,3.590591947e-06,0.0001763148932,3.561884861e-06,1.62989807e-05,5.963885143e-05,0.0001453073749,0.0002936447135,0.0001509563074,4.09481935e-05,9.966935031e-06,2.456563062e-06,0.0001618681119,3.561882208e-06,1.629898712e-05,5.963893804e-05,0.0001453077331,0.0002936454945,2.265882295e-07,2.781503166e-08,2.584265109e-09,2.251084956e-10,1.101646993e-05,3.803919078e-09,1.126611266e-07,1.941429948e-06,1.357066468e-05,6.320312205e-05,3.4114034e-10,2.634492426e-11,1.398504309e-12,6.671380918e-14,9.575245357e-07,6.664708179e-12,6.581899226e-10,3.121927584e-08,4.082257032e-07,3.130845201e-06,5.23319816e-10,6.472539367e-11,5.734472197e-12,4.552820111e-13,1.688676083e-06,5.914167082e-11,3.728386271e-09,1.219830159e-07,1.27773453e-06,8.183008478e-06,1.978897259e-10,2.702647331e-11,2.6440322e-12,2.300383211e-13,1.31785312e-06,3.685253763e-11,2.371476246e-09,7.908313582e-08,8.290703087e-07,5.28862496e-06,4.49097465e-11,6.951788634e-12,7.708391164e-13,7.528408666e-14,8.616083712e-07,1.556293618e-11,1.027816125e-09,3.511137684e-08,3.646433188e-07,2.288866457e-06,9.278488577e-13,1.280875353e-13,1.215456662e-14,9.911790293e-16,2.243717151e-07,3.689357456e-13,4.053739988e-11,2.123014211e-09,2.722558123e-08,1.991285519e-07,2.160641466e-17,1.085178692e-18,3.204043515e-20,7.740880916e-22,4.74901659e-09,9.539319448e-19,8.112491988e-16,2.388394056e-13,7.471204049e-12,1.087045008e-10,7.255188267e-17,2.933706714e-18,6.973700637e-20,1.379263006e-21,4.668860061e-09,6.407256507e-19,5.562804275e-16,1.669507948e-13,5.223436241e-12,7.619183813e-11,2.116019609e-16,6.617698297e-18,1.216670104e-19,1.898274549e-21,4.152060801e-09,3.339292452e-19,3.016461686e-16,9.392562485e-14,2.956349798e-12,4.343783368e-11,4.240479186e-20,6.722077668e-22,5.56853966e-24,3.749308974e-26,3.125938918e-10,1.069273602e-23,4.258723056e-20,4.608794285e-17,2.403618619e-15,5.036925412e-14
2,0.02259734859,0.01088991973,0.00470907134,0.001972815736,0.01410343024,0.004222288621,0.01184532256,0.02751765236,0.05037248721,0.07986028059,0.03202796806,0.01543465461,0.006674332548,0.002796143168,0.01525604983,0.004222291511,0.01184531827,0.02751761564,0.05037237308,0.07986008542,0.0004272425212,0.0001448713611,4.407923102e-05,1.334962758e-05,0.0005173230432,2.905093022e-05,0.0001313018136,0.0004749558337,0.00119866903,0.002504422965,0.0003014411707,0.0001022139811,3.11000751e-05,9.418815053e-06,0.0004782384389,2.905091034e-05,0.0001313018611,0.0004749564675,0.001198671746,0.002504429086,0.01055267568,0.004013599299,0.001369773723,0.0004612237674,0.004440186796,0.0004716046292,0.001364309226,0.003261073069,0.005847390313,0.009082614045,0.0154240939,0.005866396949,0.002002103982,0.0006741395614,0.004836474903,0.0004716049805,0.001364308688,0.003261068333,0.005847375896,0.00908258989,0.0002206420746,5.985110573e-05,1.456798286e-05,3.5905919e-06,0.0001763148919,3.561884863e-06,1.629898078e-05,5.963885198e-05,0.0001453073768,0.0002936447188,0.0001509563071,4.094819326e-05,9.966934936e-06,2.45656303e-06,0.0001618681107,3.56188221e-06,1.629898721e-05,5.963893858e-05,0.0001453077351,0.0002936454997,2.265882274e-07,2.781503097e-08,2.584265006e-09,2.251084834e-10,1.10164696e-05,3.803918927e-09,1.12661123e-07,1.941429898e-06,1.35706644e-05,6.320312107e-05,3.411403352e-10,2.634492327e-11,1.398504224e-12,6.67138037e-14,9.575244956e-07,6.664707713e-12,6.58189882e-10,3.121927415e-08,4.082256831e-07,3.13084506e-06,5.232332369e-10,6.471273554e-11,5.733177982e-12,4.551665988e-13,1.688453022e-06,5.912465836e-11,3.727415019e-09,1.219543149e-07,1.277452396e-06,8.181303903e-06,1.978519064e-10,2.701860195e-11,2.642997409e-12,2.299270331e-13,1.317446367e-06,3.682570196e-11,2.369913211e-09,7.903608638e-08,8.286077363e-07,5.285846087e-06,4.489970735e-11,6.948923861e-12,7.703761449e-13,7.522577235e-14,8.61150322e-07,1.554294749e-11,1.026621432e-09,3.50745434e-08,3.642846447e-07,2.28674721e-06,9.274926771e-13,1.279977581e-13,1.214219532e-14,9.898802975e-16,2.24179396e-07,3.681389961e-13,4.04580458e-11,2.119256667e-09,2.718020042e-08,1.98814693e-07,2.158430373e-17,1.083473955e-18,3.197256697e-20,7.720575686e-22,4.742436744e-09,9.502009728e-19,8.083618835e-16,2.380674576e-13,7.448166456e-12,1.083831925e-10,7.245062323e-17,2.927815655e-18,6.955429115e-20,1.374870532e-21,4.661366962e-09,6.378617768e-19,5.540118192e-16,1.663306655e-13,5.204865922e-12,7.593129925e-11,2.109962369e-16,6.59383732e-18,1.211379846e-19,1.888720436e-21,4.142429484e-09,3.3184357e-19,2.999235366e-16,9.34359301e-14,2.941560148e-12,4.322817766e-11,4.243179856e-20,6.721844269e-22,5.564608994e-24,3.744341168e-26,3.123113276e-10,1.065969259e-23,4.246681055e-20,4.596886789e-17,2.397621494e-15,5.024754256e-14
3,0.02259734851,0.01088991962,0.004709071263,0.001972815692,0.01410343004,0.004222288591,0.01184532254,0.02751765245,0.05037248761,0.07986028164,0.03202796794,0.01543465445,0.006674332438,0.002796143106,0.01525604961,0.004222291481,0.01184531825,0.02751761573,0.05037237349,0.07986008647,0.0004272425188,0.000144871359,4.407922995e-05,1.334962714e-05,0.0005173230316,2.905092966e-05,0.0001313018117,0.0004749558294,0.001198669025,0.002504422966,0.0003014411689,0.0001022139796,3.110007435e-05,9.418814744e-06,0.0004782384282,2.905090978e-05,0.0001313018593,0.0004749564632,0.00119867174,0.002504429086,0.01055267566,0.004013599278,0.001369773712,0.0004612237623,0.004440186777,0.0004716046353,0.001364309253,0.003261073156,0.00584739051,0.009082614422,0.01542409387,0.005866396919,0.002002103965,0.0006741395539,0.004836474882,0.0004716049866,0.001364308715,0.003261068421,0.005847376093,0.009082590267,0.0002206420738,5.985110515e-05,1.456798263e-05,3.590591824e-06,0.0001763148897,3.561884867e-06,1.629898091e-05,5.963885288e-05,0.0001453073799,0.0002936447274,0.0001509563065,4.094819286e-05,9.96693478e-06,2.456562978e-06,0.0001618681087,3.561882214e-06,1.629898734e-05,5.963893948e-05,0.0001453077382,0.0002936455083,2.265882239e-07,2.781502984e-08,2.584264836e-09,2.251084634e-10,1.101646906e-05,3.80391868e-09,1.12661117e-07,1.941429815e-06,1.357066394e-05,6.320311947e-05,3.411403272e-10,2.634492165e-11,1.398504086e-12,6.671379474e-14,9.5752443e-07,6.664706952e-12,6.581898156e-10,3.121927139e-08,4.082256502e-07,3.13084483e-06,5.23091676e-10,6.46920391e-11,5.731061935e-12,4.549779034e-13,1.688088274e-06,5.909684583e-11,3.725827131e-09,1.219073905e-07,1.276991115e-06,8.178516951e-06,1.977899965e-10,2.700572164e-11,2.641304561e-12,2.297450082e-13,1.31678108e-06,3.678183754e-11,2.367358119e-09,7.89591686e-08,8.278514768e-07,5.281302739e-06,4.488325542e-11,6.944234211e-12,7.696186817e-13,7.513040133e-14,8.604012393e-07,1.551029502e-11,1.024669539e-09,3.501435614e-08,3.636985103e-07,2.283283758e-06,9.269092441e-13,1.278508712e-13,1.212196843e-14,9.877580023e-16,2.238650413e-07,3.668390616e-13,4.032854206e-11,2.113122974e-09,2.71061127e-08,1.983022363e-07,2.154816567e-17,1.08069022e-18,3.186183134e-20,7.687468682e-22,4.731692761e-09,9.441295182e-19,8.03661162e-16,2.368101453e-13,7.410636832e-12,1.078596776e-10,7.228528933e-17,2.918205042e-18,6.925645864e-20,1.367716069e-21,4.649137883e-09,6.332056698e-19,5.503216068e-16,1.653214579e-13,5.174638129e-12,7.55071344e-11,2.100092377e-16,6.55499711e-18,1.202777258e-19,1.873198732e-21,4.126727153e-09,3.284608798e-19,2.971276536e-16,9.264061129e-14,2.917533193e-12,4.288749247e-11,4.247610976e-20,6.721477948e-22,5.558198115e-24,3.736237795e-26,3.118500249e-10,1.060590407e-23,4.227073308e-20,4.577493094e-17,2.387853561e-15,5.004929753e-14
4,0.02259734839,0.01088991947,0.004709071156,0.001972815632,0.01410342977,0.004222288551,0.01184532252,0.02751765258,0.05037248817,0.07986028307,0.03202796777,0.01543465423,0.006674332287,0.002796143021,0.01525604931,0.004222291441,0.01184531822,0.02751761586,0.05037237405,0.07986008791,0.0004272425154,0.000144871356,4.407922848e-05,1.334962654e-05,0.0005173230156,2.905092889e-05,0.0001313018092,0.0004749558236,0.001198669017,0.002504422967,0.0003014411666,0.0001022139775,3.110007331e-05,9.41881432e-06,0.0004782384134,2.9050909e-05,0.0001313018568,0.0004749564574,0.001198671733,0.002504429087,0.01055267564,0.004013599251,0.001369773697,0.0004612237553,0.00444018675,0.0004716046437,0.001364309291,0.003261073276,0.005847390779,0.00908261494,0.01542409383,0.005866396879,0.002002103943,0.0006741395437,0.004836474853,0.0004716049949,0.001364308753,0.003261068541,0.005847376362,0.009082590785,0.0002206420727,5.985110436e-05,1.456798232e-05,3.59059172e-06,0.0001763148867,3.561884872e-06,1.62989811e-05,5.96388541e-05,0.0001453073842,0.0002936447391,0.0001509563058,4.094819232e-05,9.966934566e-06,2.456562907e-06,0.000161868106,3.561882219e-06,1.629898753e-05,5.963894071e-05,0.0001453077425,0.0002936455201,2.265882191e-07,2.78150283e-08,2.584264604e-09,2.25108436e-10,1.101646833e-05,3.803918342e-09,1.126611087e-07,1.941429702e-06,1.357066331e-05,6.320311727e-05,3.411403162e-10,2.634491944e-11,1.398503895e-12,6.671378244e-14,9.5752434e-07,6.664705906e-12,6.581897244e-10,3.121926759e-08,4.082256051e-07,3.130844514e-06,5.228973708e-10,6.466363171e-11,5.728157579e-12,4.547189194e-13,1.687587558e-06,5.905867789e-11,3.723647921e-09,1.218429889e-07,1.276358013e-06,8.174691817e-06,1.977048717e-10,2.698802153e-11,2.638979127e-12,2.294950343e-13,1.315867452e-06,3.672165627e-11,2.363852126e-09,7.885361275e-08,8.268135801e-07,5.275067071e-06,4.486059809e-11,6.937785938e-12,7.685780239e-13,7.499944725e-14,8.593727527e-07,1.546553714e-11,1.021993395e-09,3.493181882e-08,3.628946244e-07,2.278533129e-06,9.261062923e-13,1.276490612e-13,1.209420689e-14,9.84847384e-16,2.23433756e-07,3.650604093e-13,4.015127867e-11,2.104724252e-09,2.700464684e-08,1.976002915e-07,2.149859209e-17,1.076876549e-18,3.171030485e-20,7.642213772e-22,4.716974682e-09,9.358538982e-19,7.972495642e-16,2.350941459e-13,7.359401561e-12,1.071448081e-10,7.205881795e-17,2.905057039e-18,6.884950012e-20,1.35795112e-21,4.632397703e-09,6.268678463e-19,5.452947486e-16,1.639457384e-13,5.133420161e-12,7.492860511e-11,2.086613133e-16,6.502034438e-18,1.191064257e-19,1.852093757e-21,4.105265546e-09,3.238728283e-19,2.933315077e-16,9.155969728e-14,2.88486443e-12,4.242410751e-11,4.253724204e-20,6.721005891e-22,5.549430598e-24,3.725153791e-26,3.11218259e-10,1.053255439e-23,4.200323537e-20,4.551025378e-17,2.374521806e-15,4.977871292e-14
5,0.02259734823,0.01088991928,0.004709071022,0.001972815556,0.01410342942,0.004222288499,0.01184532248,0.02751765274,0.05037248887,0.07986028489,0.03202796755,0.01543465396,0.006674332097,0.002796142913,0.01525604893,0.004222291389,0.01184531819,0.02751761602,0.05037237475,0.07986008972,0.0004272425112,0.0001448713522,4.407922664e-05,1.334962579e-05,0.0005173229955,2.905092791e-05,0.000131301806,0.0004749558163,0.001198669008,0.002504422968,0.0003014411636,0.0001022139749,3.110007201e-05,9.418813786e-06,0.0004782383948,2.905090803e-05,0.0001313018536,0.0004749564501,0.001198671724,0.002504429089,0.0105526756,0.004013599216,0.001369773677,0.0004612237465,0.004440186716,0.0004716046542,0.001364309338,0.003261073428,0.005847391119,0.009082615592,0.01542409378,0.005866396827,0.002002103915,0.0006741395308,0.004836474816,0.0004716050055,0.0013643088,0.003261068692,0.005847376702,0.009082591437,0.0002206420713,5.985110336e-05,1.456798193e-05,3.590591589e-06,0.000176314883,3.561884878e-06,1.629898133e-05,5.963885565e-05,0.0001453073897,0.000293644754,0.0001509563048,4.094819163e-05,9.966934297e-06,2.456562817e-06,0.0001618681025,3.561882225e-06,1.629898776e-05,5.963894225e-05,0.0001453077479,0.0002936455349,2.265882131e-07,2.781502635e-08,2.584264311e-09,2.251084015e-10,1.10164674e-05,3.803917915e-09,1.126610984e-07,1.941429559e-06,1.357066251e-05,6.320311451e-05,3.411403025e-10,2.634491664e-11,1.398503655e-12,6.671376694e-14,9.575242266e-07,6.664704589e-12,6.581896095e-10,3.121926282e-08,4.082255483e-07,3.130844116e-06,5.226525567e-10,6.462784057e-11,5.724498435e-12,4.543926433e-13,1.686956574e-06,5.901060044e-11,3.720902747e-09,1.217618568e-07,1.275560417e-06,8.169872709e-06,1.975973763e-10,2.69656864e-11,2.636046189e-12,2.291798719e-13,1.314715577e-06,3.664587541e-11,2.359436605e-09,7.872065303e-08,8.255061205e-07,5.26721131e-06,4.483192709e-11,6.929642958e-12,7.672652696e-13,7.483437419e-14,8.580764261e-07,1.540924481e-11,1.018626572e-09,3.482795079e-08,3.618828276e-07,2.272553023e-06,9.25091116e-13,1.273944755e-13,1.205923221e-14,9.811842064e-16,2.228906857e-07,3.628286615e-13,3.992874693e-11,2.094175808e-09,2.687717824e-08,1.967182674e-07,2.143618089e-17,1.072083512e-18,3.152016035e-20,7.585503031e-22,4.698478497e-09,9.255219464e-19,7.892377149e-16,2.329480958e-13,7.295302756e-12,1.062501801e-10,7.177424159e-17,2.888562667e-18,6.833977948e-20,1.345738254e-21,4.611380529e-09,6.189692274e-19,5.390237478e-16,1.62227957e-13,5.08193339e-12,7.420570368e-11,2.069741905e-16,6.4358756e-18,1.176461412e-19,1.825828721e-21,4.078374826e-09,3.181815335e-19,2.886160445e-16,9.02152937e-14,2.844209627e-12,4.184717718e-11,4.261477757e-20,6.720461432e-22,5.538436247e-24,3.711251684e-26,3.104245864e-10,1.044092169e-23,4.166887677e-20,4.517925775e-17,2.357848129e-15,4.944028326e-14
6,0.02259734805,0.01088991905,0.004709070861,0.001972815465,0.014103429,0.004222288438,0.01184532244,0.02751765293,0.05037248972,0.07986028706,0.0320279673,0.01543465364,0.00667433187,0.002796142784,0.01525604848,0.004222291328,0.01184531815,0.02751761621,0.05037237559,0.07986009189,0.0004272425062,0.0001448713478,4.407922442e-05,1.334962488e-05,0.0005173229714,2.905092675e-05,0.0001313018023,0.0004749558075,0.001198668997,0.00250442297,0.00030144116,0.0001022139717,3.110007045e-05,9.418813147e-06,0.0004782383725,2.905090686e-05,0.0001313018498,0.0004749564413,0.001198671713,0.00250442909,0.01055267556,0.004013599174,0.001369773654,0.000461223736,0.004440186676,0.0004716046668,0.001364309395,0.003261073609,0.005847391526,0.009082616373,0.01542409372,0.005866396766,0.002002103881,0.0006741395154,0.004836474772,0.000471605018,0.001364308857,0.003261068873,0.005847377109,0.009082592218,0.0002206420696,5.985110216e-05,1.456798145e-05,3.590591432e-06,0.0001763148785,3.561884886e-06,1.629898161e-05,5.96388575e-05,0.0001453073961,0.0002936447717,0.0001509563037,4.094819082e-05,9.966933974e-06,2.456562709e-06,0.0001618680984,3.561882233e-06,1.629898804e-05,5.96389441e-05,0.0001453077544,0.0002936455527,2.265882058e-07,2.781502402e-08,2.58426396e-09,2.251083602e-10,1.101646629e-05,3.803917405e-09,1.126610859e-07,1.941429389e-06,1.357066156e-05,6.320311119e-05,3.41140286e-10,2.63449133e-11,1.398503367e-12,6.671374839e-14,9.575240908e-07,6.664703013e-12,6.58189472e-10,3.12192571e-08,4.082254802e-07,3.130843639e-06,5.223594684e-10,6.458499281e-11,5.720118029e-12,4.540020733e-13,1.686201009e-06,5.895306044e-11,3.717617013e-09,1.216647417e-07,1.274605659e-06,8.164103855e-06,1.974683296e-10,2.693889755e-11,2.632530521e-12,2.288022611e-13,1.31333547e-06,3.655521701e-11,2.354153129e-09,7.85615275e-08,8.239411985e-07,5.257807784e-06,4.479742148e-11,6.919867335e-12,7.656913665e-13,7.463663996e-14,8.565237776e-07,1.534199973e-11,1.014603181e-09,3.470378491e-08,3.606730754e-07,2.265401738e-06,9.238706599e-13,1.270892325e-13,1.201736681e-14,9.76804709e-16,2.222410127e-07,3.601703933e-13,3.966352211e-11,2.081596442e-09,2.672512128e-08,1.956658227e-07,2.13615358e-17,1.066362958e-18,3.129365031e-20,7.518059677e-22,4.676405147e-09,9.132905595e-19,7.797426525e-16,2.304021935e-13,7.219227075e-12,1.051879864e-10,7.143467248e-17,2.868920197e-18,6.773396132e-20,1.331248861e-21,4.586328036e-09,6.096387813e-19,5.316069882e-16,1.601940421e-13,5.020941743e-12,7.334899901e-11,2.04970704e-16,6.357501843e-18,1.159203795e-19,1.794856618e-21,4.046400013e-09,3.114969024e-19,2.830682004e-16,8.863108626e-14,2.796270618e-12,4.116648884e-11,4.270835273e-20,6.719882737e-22,5.525349691e-24,3.694699959e-26,3.094777889e-10,1.03323574e-23,4.127246792e-20,4.478659864e-17,2.338066105e-15,4.903873841e-14
7,0.02259734784,0.01088991879,0.004709070676,0.00197281536,0.01410342852,0.004222288367,0.0118453224,0.02751765315,0.05037249069,0.07986028957,0.032027967,0.01543465326,0.006674331606,0.002796142635,0.01525604796,0.004222291257,0.0118453181,0.02751761643,0.05037237657,0.0798600944,0.0004272425003,0.0001448713426,4.407922187e-05,1.334962383e-05,0.0005173229435,2.90509254e-05,0.0001313017979,0.0004749557973,0.001198668984,0.002504422972,0.0003014411559,0.000102213968,3.110006864e-05,9.418812407e-06,0.0004782383467,2.905090551e-05,0.0001313018454,0.0004749564311,0.0011986717,0.002504429092,0.01055267551,0.004013599125,0.001369773627,0.0004612237238,0.004440186629,0.0004716046814,0.001364309461,0.003261073818,0.005847391997,0.009082617276,0.01542409364,0.005866396695,0.002002103842,0.0006741394976,0.004836474721,0.0004716050326,0.001364308923,0.003261069083,0.00584737758,0.009082593121,0.0002206420676,5.985110078e-05,1.456798091e-05,3.59059125e-06,0.0001763148733,3.561884894e-06,1.629898193e-05,5.963885964e-05,0.0001453074036,0.0002936447923,0.0001509563023,4.094818987e-05,9.966933601e-06,2.456562585e-06,0.0001618680936,3.561882241e-06,1.629898836e-05,5.963894625e-05,0.0001453077619,0.0002936455732,2.265881975e-07,2.781502132e-08,2.584263555e-09,2.251083124e-10,1.101646501e-05,3.803916814e-09,1.126610716e-07,1.941429191e-06,1.357066046e-05,6.320310736e-05,3.411402669e-10,2.634490943e-11,1.398503035e-12,6.671372693e-14,9.575239338e-07,6.664701188e-12,6.581893129e-10,3.121925048e-08,4.082254015e-07,3.130843088e-06,5.220203402e-10,6.453541555e-11,5.715049899e-12,4.535502099e-13,1.685326538e-06,5.888650584e-11,3.713816163e-09,1.215523921e-07,1.273501078e-06,8.157429502e-06,1.973185318e-10,2.690783364e-11,2.628456676e-12,2.283649276e-13,1.31173709e-06,3.645040744e-11,2.348043459e-09,7.837747808e-08,8.221309432e-07,5.246928936e-06,4.475725057e-11,6.908519758e-12,7.638671579e-13,7.440769954e-14,8.547262978e-07,1.52643926e-11,1.009957785e-09,3.456036566e-08,3.592754236e-07,2.257138091e-06,9.224516067e-13,1.26735432e-13,1.196893437e-14,9.717455646e-16,2.214899537e-07,3.571129392e-13,3.935824688e-11,2.067107773e-09,2.654992199e-08,1.944528204e-07,2.127526596e-17,1.059767791e-18,3.10330908e-20,7.440631268e-22,4.65095958e-09,8.993233108e-19,7.688861948e-16,2.274878136e-13,7.132094871e-12,1.039708724e-10,7.104328754e-17,2.846333604e-18,6.703894134e-20,1.314660981e-21,4.557487872e-09,5.990112279e-19,5.231471138e-16,1.578710056e-13,4.951240517e-12,7.236948674e-11,2.026745354e-16,6.267935188e-18,1.139536933e-19,1.759651346e-21,4.009697538e-09,3.039340217e-19,2.767789862e-16,8.683185676e-14,2.741781466e-12,4.039227585e-11,4.281764721e-20,6.719311528e-22,5.510309017e-24,3.675671472e-26,3.083868199e-10,1.020826586e-23,4.081900198e-20,4.433710336e-17,2.315417831e-15,4.857897998e-14
8,0.02259734761,0.01088991849,0.004709070466,0.001972815241,0.01410342797,0.004222288287,0.01184532234,0.0275176534,0.05037249179,0.0798602924,0.03202796666,0.01543465284,0.006674331309,0.002796142466,0.01525604737,0.004222291177,0.01184531805,0.02751761668,0.05037237767,0.07986009724,0.0004272424938,0.0001448713367,4.407921898e-05,1.334962265e-05,0.000517322912,2.905092388e-05,0.0001313017929,0.0004749557859,0.00119866897,0.002504422974,0.0003014411513,0.0001022139639,3.11000666e-05,9.418811571e-06,0.0004782383176,2.905090399e-05,0.0001313018405,0.0004749564196,0.001198671686,0.002504429094,0.01055267546,0.004013599071,0.001369773597,0.00046122371,0.004440186576,0.0004716046978,0.001364309535,0.003261074054,0.005847392529,0.009082618296,0.01542409356,0.005866396615,0.002002103798,0.0006741394775,0.004836474663,0.0004716050491,0.001364308997,0.003261069319,0.005847378112,0.009082594141,0.0002206420654,5.985109922e-05,1.456798029e-05,3.590591044e-06,0.0001763148674,3.561884904e-06,1.62989823e-05,5.963886206e-05,0.0001453074121,0.0002936448154,0.0001509563008,4.09481888e-05,9.96693318e-06,2.456562444e-06,0.0001618680882,3.561882251e-06,1.629898873e-05,5.963894866e-05,0.0001453077704,0.0002936455964,2.26588188e-07,2.781501828e-08,2.584263097e-09,2.251082584e-10,1.101646356e-05,3.803916147e-09,1.126610553e-07,1.941428968e-06,1.357065921e-05,6.320310303e-05,3.411402453e-10,2.634490506e-11,1.398502659e-12,6.671370269e-14,9.575237564e-07,6.664699129e-12,6.581891333e-10,3.1219243e-08,4.082253127e-07,3.130842466e-06,5.216374063e-10,6.447943599e-11,5.709327599e-12,4.530400559e-13,1.684338832e-06,5.881138543e-11,3.709525678e-09,1.214255571e-07,1.272254019e-06,8.149893931e-06,1.97148769e-10,2.687267155e-11,2.623849063e-12,2.278705897e-13,1.309930355e-06,3.63321769e-11,2.341149529e-09,7.816975051e-08,8.200875134e-07,5.234647355e-06,4.471157674e-11,6.895659989e-12,7.618034291e-13,7.414900833e-14,8.526954683e-07,1.51770215e-11,1.004725326e-09,3.439874734e-08,3.577000129e-07,2.247821353e-06,9.208404615e-13,1.263351638e-13,1.191426019e-14,9.660438387e-16,2.206427569e-07,3.536842072e-13,3.90156154e-11,2.050833603e-09,2.635305099e-08,1.930892828e-07,2.117798558e-17,1.052351766e-18,3.074084617e-20,7.353983157e-22,4.622349835e-09,8.837881647e-19,7.567933737e-16,2.242371373e-13,7.034849793e-12,1.026117988e-10,7.060331393e-17,2.821011081e-18,6.62617796e-20,1.296157213e-21,4.525112125e-09,5.872248462e-19,5.137494797e-16,1.552865667e-13,4.873645662e-12,7.12784458e-11,2.001099633e-16,6.168224851e-18,1.117712939e-19,1.720699242e-21,3.968631935e-09,2.95610682e-19,2.698416632e-16,8.484302177e-14,2.681495261e-12,3.953503897e-11,4.294237361e-20,6.71879185e-22,5.493454454e-24,3.654341932e-26,3.071607528e-10,1.007008486e-23,4.031358894e-20,4.383570952e-17,2.290150919e-15,4.806602069e-14
9,0.02259734734,0.01088991815,0.004709070233,0.001972815109,0.01410342737,0.004222288198,0.01184532229,0.02751765368,0.05037249301,0.07986029555,0.03202796629,0.01543465237,0.00667433098,0.002796142279,0.01525604672,0.004222291088,0.01184531799,0.02751761696,0.05037237889,0.07986010038,0.0004272424865,0.0001448713302,4.407921577e-05,1.334962133e-05,0.0005173228771,2.905092219e-05,0.0001313017874,0.0004749557732,0.001198668954,0.002504422976,0.0003014411461,0.0001022139593,3.110006434e-05,9.418810645e-06,0.0004782382853,2.90509023e-05,0.000131301835,0.0004749564069,0.00119867167,0.002504429097,0.01055267539,0.00401359901,0.001369773564,0.0004612236947,0.004440186518,0.0004716047161,0.001364309617,0.003261074317,0.005847393118,0.009082619426,0.01542409348,0.005866396527,0.002002103749,0.0006741394552,0.0048364746,0.0004716050673,0.001364309079,0.003261069581,0.005847378701,0.009082595271,0.000220642063,5.985109748e-05,1.456797961e-05,3.590590817e-06,0.0001763148609,3.561884915e-06,1.62989827e-05,5.963886474e-05,0.0001453074215,0.0002936448411,0.0001509562992,4.094818762e-05,9.966932713e-06,2.456562289e-06,0.0001618680823,3.561882262e-06,1.629898913e-05,5.963895134e-05,0.0001453077798,0.0002936456221,2.265881775e-07,2.78150149e-08,2.584262589e-09,2.251081986e-10,1.101646195e-05,3.803915408e-09,1.126610374e-07,1.94142872e-06,1.357065783e-05,6.320309823e-05,3.411402214e-10,2.634490022e-11,1.398502243e-12,6.671367583e-14,9.575235599e-07,6.664696846e-12,6.581889342e-10,3.121923472e-08,4.082252141e-07,3.130841776e-06,5.212129022e-10,6.441738151e-11,5.702984709e-12,4.52474617e-13,1.683243557e-06,5.872814878e-11,3.704771071e-09,1.212849865e-07,1.270871832e-06,8.141541451e-06,1.969598192e-10,2.68335871e-11,2.618732024e-12,2.273219637e-13,1.307925169e-06,3.620125899e-11,2.333513436e-09,7.793959442e-08,8.178231006e-07,5.221035794e-06,4.46605581e-11,6.881347304e-12,7.595109493e-13,7.386202528e-14,8.504427794e-07,1.508049027e-11,9.989410479e-10,3.42199923e-08,3.559570556e-07,2.237511177e-06,9.190436314e-13,1.258905178e-13,1.185367153e-14,9.597369494e-16,2.197046993e-07,3.499125002e-13,3.863835811e-11,2.032899302e-09,2.613599679e-08,1.915853489e-07,2.107031357e-17,1.044169278e-18,3.041931433e-20,7.258892256e-22,4.590786176e-09,8.668553195e-19,7.435909546e-16,2.206828026e-13,6.928448932e-12,1.011239111e-10,7.01180152e-17,2.793163628e-18,6.540963707e-20,1.275922742e-21,4.48945587e-09,5.74419417e-19,5.035206949e-16,1.524687957e-13,4.788983686e-12,7.008730307e-11,1.973016248e-16,6.059434402e-18,1.093986876e-19,1.678491148e-21,3.923572703e-09,2.866450871e-19,2.62350049e-16,8.269020243e-14,2.616171789e-12,3.860537947e-11,4.308226744e-20,6.718368913e-22,5.474927139e-24,3.630888471e-26,3.058087324e-10,9.919267386e-24,3.9761394e-20,4.328740869e-17,2.262515674e-15,4.750492741e-14
10,0.02259734706,0.01088991779,0.004709069979,0.001972814965,0.01410342671,0.004222288101,0.01184532222,0.02751765398,0.05037249434,0.07986029898,0.03202796588,0.01543465185,0.00667433062,0.002796142075,0.015256046,0.00422229099,0.01184531793,0.02751761726,0.05037238022,0.07986010381,0.0004272424785,0.0001448713231,4.407921227e-05,1.33496199e-05,0.0005173228389,2.905092034e-05,0.0001313017814,0.0004749557593,0.001198668936,0.002504422979,0.0003014411405,0.0001022139543,3.110006187e-05,9.418809634e-06,0.0004782382501,2.905090046e-05,0.000131301829,0.000474956393,0.001198671652,0.002504429099,0.01055267533,0.004013598944,0.001369773527,0.0004612236781,0.004440186454,0.000471604736,0.001364309707,0.003261074603,0.005847393762,0.009082620661,0.01542409338,0.00586639643,0.002002103695,0.0006741394308,0.00483647453,0.0004716050872,0.001364309169,0.003261069867,0.005847379345,0.009082596506,0.0002206420603,5.985109559e-05,1.456797886e-05,3.590590568e-06,0.0001763148538,3.561884927e-06,1.629898314e-05,5.963886767e-05,0.0001453074318,0.0002936448692,0.0001509562974,4.094818632e-05,9.966932202e-06,2.456562118e-06,0.0001618680757,3.561882274e-06,1.629898957e-05,5.963895427e-05,0.00014530779,0.0002936456502,2.265881661e-07,2.781501122e-08,2.584262035e-09,2.251081333e-10,1.10164602e-05,3.8039146e-09,1.126610177e-07,1.94142845e-06,1.357065633e-05,6.320309299e-05,3.411401953e-10,2.634489493e-11,1.398501789e-12,6.671364649e-14,9.575233451e-07,6.664694352e-12,6.581887167e-10,3.121922567e-08,4.082251065e-07,3.130841022e-06,5.207490643e-10,6.434957971e-11,5.696054833e-12,4.518569017e-13,1.682046381e-06,5.863724608e-11,3.699577892e-09,1.211314313e-07,1.269361877e-06,8.132416415e-06,1.967524568e-10,2.679075586e-11,2.613129903e-12,2.267217697e-13,1.305731434e-06,3.605839021e-11,2.325177422e-09,7.76882632e-08,8.153499295e-07,5.206167186e-06,4.4604351e-11,6.865640892e-12,7.570005121e-13,7.354821564e-14,8.47979745e-07,1.497540695e-11,9.926404242e-10,3.402516923e-08,3.540568213e-07,2.22626753e-06,9.170675005e-13,1.254035919e-13,1.178749788e-14,9.528626247e-16,2.18681084e-07,3.458263471e-13,3.822922719e-11,2.013431218e-09,2.59002593e-08,1.899512341e-07,2.095287311e-17,1.03527517e-18,3.007091274e-20,7.156141123e-22,4.556480262e-09,8.486952014e-19,7.294060547e-16,2.168575759e-13,6.813853578e-12,9.952041695e-11,6.95906781e-17,2.763003705e-18,6.44897159e-20,1.254143488e-21,4.450775787e-09,5.607343295e-19,4.925672764e-16,1.49445785e-13,4.698082265e-12,6.880750748e-11,1.942742923e-16,5.94262979e-18,1.068613394e-19,1.633515158e-21,3.874891353e-09,2.771537892e-19,2.543969811e-16,8.039883177e-14,2.546566247e-12,3.761384597e-11,4.323707771e-20,6.718087992e-22,5.454867967e-24,3.605488325e-26,3.043399291e-10,9.75726491e-24,3.916758073e-20,4.269719391e-17,2.23276248e-15,4.690076853e-14
11,0.02259734675,0.0108899174,0.004709069705,0.001972814809,0.014103426,0.004222287996,0.01184532215,0.02751765431,0.05037249578,0.07986030269,0.03202796545,0.0154346513,0.006674330231,0.002796141855,0.01525604523,0.004222290886,0.01184531786,0.02751761759,0.05037238166,0.07986010752,0.0004272424699,0.0001448713154,4.407920849e-05,1.334961835e-05,0.0005173227978,2.905091835e-05,0.0001313017749,0.0004749557443,0.001198668917,0.002504422982,0.0003014411344,0.0001022139489,3.110005921e-05,9.418808541e-06,0.000478238212,2.905089847e-05,0.0001313018225,0.000474956378,0.001198671633,0.002504429102,0.01055267526,0.004013598872,0.001369773487,0.00046122366,0.004440186384,0.0004716047575,0.001364309804,0.003261074912,0.005847394457,0.009082621995,0.01542409327,0.005866396325,0.002002103637,0.0006741394044,0.004836474455,0.0004716051088,0.001364309266,0.003261070177,0.00584738004,0.00908259784,0.0002206420575,5.985109355e-05,1.456797806e-05,3.590590299e-06,0.0001763148462,3.56188494e-06,1.629898362e-05,5.963887083e-05,0.0001453074429,0.0002936448995,0.0001509562954,4.094818492e-05,9.966931651e-06,2.456561935e-06,0.0001618680687,3.561882287e-06,1.629899005e-05,5.963895743e-05,0.0001453078011,0.0002936456805,2.265881538e-07,2.781500724e-08,2.584261436e-09,2.251080627e-10,1.10164583e-05,3.803913728e-09,1.126609965e-07,1.941428158e-06,1.35706547e-05,6.320308733e-05,3.411401672e-10,2.634488921e-11,1.398501298e-12,6.671361479e-14,9.575231132e-07,6.664691658e-12,6.581884818e-10,3.12192159e-08,4.082249903e-07,3.130840208e-06,5.202481311e-10,6.427635846e-11,5.688571612e-12,4.51189922e-13,1.680752972e-06,5.853912807e-11,3.693971715e-09,1.209656427e-07,1.267731517e-06,8.122563215e-06,1.965274576e-10,2.674435379e-11,2.607067116e-12,2.260727367e-13,1.30335907e-06,3.590430952e-11,2.316183864e-09,7.741701389e-08,8.12680259e-07,5.19011466e-06,4.454311239e-11,6.848600233e-12,7.542829715e-13,7.320905343e-14,8.45317918e-07,1.48623823e-11,9.858590843e-10,3.381535145e-08,3.52009623e-07,2.214150629e-06,9.149185e-13,1.248764994e-13,1.171607116e-14,9.454588579e-16,2.175772369e-07,3.414543414e-13,3.779098269e-11,1.992556118e-09,2.564734366e-08,1.881971905e-07,2.082629119e-17,1.025724541e-18,2.969806505e-20,7.046512398e-22,4.519644351e-09,8.294766272e-19,7.14364872e-16,2.127940497e-13,6.692020672e-12,9.781447264e-11,6.902459988e-17,2.730743975e-18,6.350920375e-20,1.231004397e-21,4.409328856e-09,5.463068704e-19,4.809944257e-16,1.462453475e-13,4.601761661e-12,6.745041454e-11,1.910526642e-16,5.818868343e-18,1.041843679e-19,1.586250104e-21,3.82295866e-09,2.672498803e-19,2.46072957e-16,7.799380468e-14,2.473419153e-12,3.657079707e-11,4.340655795e-20,6.71799343e-22,5.433416556e-24,3.578317626e-26,3.027634967e-10,9.585512162e-24,3.853725959e-20,4.207001215e-17,2.201139435e-15,4.625856613e-14
12,0.02259734642,0.01088991698,0.004709069412,0.001972814643,0.01410342523,0.004222287884,0.01184532208,0.02751765466,0.05037249732,0.07986030665,0.03202796498,0.0154346507,0.006674329815,0.002796141619,0.01525604441,0.004222290773,0.01184531779,0.02751761794,0.05037238319,0.07986011149,0.0004272424606,0.0001448713072,4.407920445e-05,1.33496167e-05,0.0005173227537,2.905091622e-05,0.000131301768,0.0004749557282,0.001198668897,0.002504422985,0.0003014411279,0.0001022139431,3.110005636e-05,9.418807373e-06,0.0004782381713,2.905089634e-05,0.0001313018156,0.000474956362,0.001198671613,0.002504429105,0.01055267518,0.004013598796,0.001369773445,0.0004612236408,0.004440186311,0.0004716047805,0.001364309908,0.003261075243,0.0058473952,0.009082623421,0.01542409316,0.005866396214,0.002002103575,0.0006741393763,0.004836474374,0.0004716051318,0.00136430937,0.003261070507,0.005847380783,0.009082599266,0.0002206420544,5.985109136e-05,1.45679772e-05,3.590590012e-06,0.0001763148379,3.561884954e-06,1.629898413e-05,5.963887421e-05,0.0001453074547,0.000293644932,0.0001509562933,4.094818343e-05,9.966931062e-06,2.456561738e-06,0.0001618680612,3.561882301e-06,1.629899056e-05,5.963896082e-05,0.000145307813,0.0002936457129,2.265881405e-07,2.781500298e-08,2.584260795e-09,2.251079872e-10,1.101645628e-05,3.803912795e-09,1.126609738e-07,1.941427846e-06,1.357065296e-05,6.320308127e-05,3.41140137e-10,2.63448831e-11,1.398500772e-12,6.67135809e-14,9.575228651e-07,6.664688778e-12,6.581882306e-10,3.121920545e-08,4.08224866e-07,3.130839337e-06,5.197123433e-10,6.4198046e-11,5.680568719e-12,4.504766927e-13,1.679369009e-06,5.843424591e-11,3.687978139e-09,1.207883732e-07,1.265988126e-06,8.112026287e-06,1.962856029e-10,2.669455785e-11,2.600568201e-12,2.253776067e-13,1.300818031e-06,3.573975779e-11,2.306575251e-09,7.712710703e-08,8.098263819e-07,5.172951547e-06,4.4477002e-11,6.830285441e-12,7.513692743e-13,7.284602356e-14,8.424689013e-07,1.474202832e-11,9.786327436e-10,3.359161516e-08,3.498258032e-07,2.201220868e-06,9.126031718e-13,1.24311376e-13,1.163972586e-14,9.375638568e-16,2.163985036e-07,3.368249893e-13,3.73263794e-11,1.970400652e-09,2.537875434e-08,1.863334698e-07,2.069119811e-17,1.015572564e-18,2.930318848e-20,6.930783606e-22,4.480490546e-09,8.093651496e-19,6.985915326e-16,2.085243659e-13,6.563894982e-12,9.601907927e-11,6.84230762e-17,2.696596113e-18,6.247522234e-20,1.206687884e-21,4.365371144e-09,5.312707115e-19,4.689049386e-16,1.428947467e-13,4.500826991e-12,6.602718232e-11,1.876611733e-16,5.68918881e-18,1.013922742e-19,1.537159849e-21,3.768142124e-09,2.570414553e-19,2.374649656e-16,7.549917336e-14,2.397447515e-12,3.548628073e-11,4.359045774e-20,6.718127716e-22,5.410710316e-24,3.549550326e-26,3.010885338e-10,9.405413717e-24,3.787544211e-20,4.141072176e-17,2.167890229e-15,4.558325338e-14
13,0.02259734607,0.01088991654,0.004709069101,0.001972814467,0.01410342443,0.004222287765,0.011845322,0.02751765503,0.05037249895,0.07986031086,0.03202796448,0.01543465007,0.006674329374,0.002796141369,0.01525604353,0.004222290654,0.01184531771,0.02751761831,0.05037238483,0.07986011569,0.0004272424509,0.0001448712985,4.407920017e-05,1.334961494e-05,0.000517322707,2.905091396e-05,0.0001313017606,0.0004749557112,0.001198668876,0.002504422988,0.000301441121,0.0001022139369,3.110005333e-05,9.418806134e-06,0.0004782381281,2.905089408e-05,0.0001313018082,0.000474956345,0.001198671592,0.002504429108,0.0105526751,0.004013598714,0.0013697734,0.0004612236203,0.004440186232,0.000471604805,0.001364310018,0.003261075594,0.005847395989,0.009082624934,0.01542409304,0.005866396095,0.00200210351,0.0006741393464,0.004836474289,0.0004716051562,0.00136430948,0.003261070858,0.005847381572,0.009082600779,0.0002206420512,5.985108904e-05,1.456797628e-05,3.590589708e-06,0.0001763148292,3.561884968e-06,1.629898467e-05,5.96388778e-05,0.0001453074673,0.0002936449664,0.0001509562911,4.094818184e-05,9.966930437e-06,2.45656153e-06,0.0001618680532,3.561882315e-06,1.62989911e-05,5.96389644e-05,0.0001453078255,0.0002936457473,2.265881265e-07,2.781499846e-08,2.584260116e-09,2.251079071e-10,1.101645413e-05,3.803911805e-09,1.126609497e-07,1.941427515e-06,1.357065111e-05,6.320307485e-05,3.41140105e-10,2.634487662e-11,1.398500215e-12,6.671354495e-14,9.57522602e-07,6.664685722e-12,6.581879641e-10,3.121919436e-08,4.082247341e-07,3.130838414e-06,5.191439441e-10,6.411497093e-11,5.672079866e-12,4.497202322e-13,1.677900177e-06,5.832305107e-11,3.681622787e-09,1.206003756e-07,1.264139083e-06,8.100850113e-06,1.960276834e-10,2.664154662e-11,2.59365788e-12,2.246391389e-13,1.298118314e-06,3.556547731e-11,2.296394169e-09,7.681980629e-08,8.068006237e-07,5.15475138e-06,4.440618433e-11,6.810757571e-12,7.482704876e-13,7.246062338e-14,8.394443589e-07,1.461495676e-11,9.709971322e-10,3.335503777e-08,3.475157191e-07,2.187538747e-06,9.10128226e-13,1.237103853e-13,1.155879907e-14,9.292159895e-16,2.151502449e-07,3.319665663e-13,3.683815443e-11,1.947090843e-09,2.509598948e-08,1.843702866e-07,2.054822677e-17,1.004874301e-18,2.88886819e-20,6.809722351e-22,4.439230084e-09,7.885215933e-19,6.822070622e-16,2.040799677e-13,6.430402048e-12,9.414698846e-11,6.778938968e-17,2.660769715e-18,6.139478051e-20,1.181372424e-21,4.319156669e-09,5.157546024e-19,4.56398254e-16,1.394204589e-13,4.396061399e-12,6.454867907e-11,1.841238112e-16,5.554602503e-18,9.850870564e-20,1.48668842e-21,3.710803664e-09,2.466303548e-19,2.286555143e-16,7.293789008e-14,2.319337334e-12,3.436993124e-11,4.378851479e-20,6.718530673e-22,5.386883634e-24,3.519357243e-26,2.993240488e-10,9.218332329e-24,3.7187001e-20,4.07240553e-17,2.133252299e-15,4.487963713e-14
14,0.0225973457,0.01088991607,0.004709068773,0.001972814281,0.01410342357,0.004222287639,0.01184532192,0.02751765542,0.05037250067,0.07986031529,0.03202796395,0.01543464941,0.006674328909,0.002796141106,0.01525604261,0.004222290529,0.01184531763,0.0275176187,0.05037238655,0.07986012012,0.0004272424406,0.0001448712893,4.407919565e-05,1.334961309e-05,0.0005173226578,2.905091158e-05,0.0001313017529,0.0004749556933,0.001198668853,0.002504422991,0.0003014411137,0.0001022139305,3.110005015e-05,9.418804828e-06,0.0004782380826,2.90508917e-05,0.0001313018005,0.0004749563271,0.001198671569,0.002504429112,0.01055267501,0.004013598629,0.001369773353,0.0004612235988,0.00444018615,0.0004716048307,0.001364310134,0.003261075963,0.00584739682,0.009082626528,0.01542409292,0.00586639597,0.002002103441,0.000674139315,0.004836474199,0.0004716051819,0.001364309596,0.003261071228,0.005847382403,0.009082602373,0.0002206420477,5.98510866e-05,1.456797532e-05,3.590589387e-06,0.0001763148201,3.561884984e-06,1.629898524e-05,5.963888158e-05,0.0001453074805,0.0002936450026,0.0001509562887,4.094818017e-05,9.966929778e-06,2.45656131e-06,0.0001618680448,3.561882331e-06,1.629899167e-05,5.963896818e-05,0.0001453078388,0.0002936457836,2.265881118e-07,2.78149937e-08,2.5842594e-09,2.251078228e-10,1.101645186e-05,3.803910763e-09,1.126609244e-07,1.941427167e-06,1.357064916e-05,6.320306808e-05,3.411400714e-10,2.63448698e-11,1.398499629e-12,6.671350708e-14,9.575223249e-07,6.664682504e-12,6.581876834e-10,3.121918268e-08,4.082245952e-07,3.130837441e-06,5.185451795e-10,6.402746225e-11,5.663138805e-12,4.489235617e-13,1.67635217e-06,5.820599521e-11,3.674931295e-09,1.204024036e-07,1.262191776e-06,8.08907922e-06,1.957545031e-10,2.658550077e-11,2.586361098e-12,2.238601131e-13,1.295269975e-06,3.538221118e-11,2.285683272e-09,7.649637815e-08,8.036153402e-07,5.135587891e-06,4.433083045e-11,6.790078892e-12,7.449978231e-13,7.205436393e-14,8.362560236e-07,1.448177774e-11,9.629879245e-10,3.310669612e-08,3.450897285e-07,2.173164795e-06,9.075005923e-13,1.230757236e-13,1.147363042e-14,9.204537242e-16,2.13837833e-07,3.269069845e-13,3.632901551e-11,1.922751607e-09,2.480053555e-08,1.823177854e-07,2.039801207e-17,9.936845317e-19,2.845691469e-20,6.6840819e-22,4.396072656e-09,7.671007867e-19,6.653284855e-16,1.994913798e-13,6.29244192e-12,9.221061857e-11,6.712679889e-17,2.623471278e-18,6.027473198e-20,1.155231318e-21,4.270936359e-09,4.998812711e-19,4.435696432e-16,1.358479681e-13,4.288220137e-12,6.302540303e-11,1.804639715e-16,5.416085566e-18,9.555625496e-20,1.435255989e-21,3.651297537e-09,2.361111838e-19,2.197218512e-16,7.03315973e-14,2.239737427e-12,3.323088375e-11,4.400044745e-20,6.719238737e-22,5.362067192e-24,3.487905251e-26,2.974789289e-10,9.025579065e-24,3.647663614e-20,4.001458779e-17,2.097455243e-15,4.41523661e-14
15,0.02259734531,0.01088991558,0.00470906843,0.001972814086,0.01410342268,0.004222287508,0.01184532183,0.02751765583,0.05037250247,0.07986031993,0.0320279634,0.01543464871,0.006674328423,0.00279614083,0.01525604165,0.004222290398,0.01184531754,0.02751761911,0.05037238835,0.07986012476,0.0004272424298,0.0001448712797,4.407919092e-05,1.334961115e-05,0.0005173226062,2.905090909e-05,0.0001313017448,0.0004749556745,0.00119866883,0.002504422995,0.0003014411061,0.0001022139237,3.110004681e-05,9.418803461e-06,0.000478238035,2.905088921e-05,0.0001313017924,0.0004749563083,0.001198671545,0.002504429115,0.01055267492,0.004013598539,0.001369773304,0.0004612235763,0.004440186063,0.0004716048576,0.001364310255,0.00326107635,0.00584739769,0.009082628197,0.01542409279,0.005866395839,0.002002103369,0.000674139282,0.004836474105,0.0004716052088,0.001364309717,0.003261071615,0.005847383273,0.009082604041,0.0002206420441,5.985108404e-05,1.456797431e-05,3.590589051e-06,0.0001763148105,3.561885e-06,1.629898584e-05,5.963888554e-05,0.0001453074944,0.0002936450405,0.0001509562863,4.094817842e-05,9.966929089e-06,2.45656108e-06,0.0001618680359,3.561882347e-06,1.629899226e-05,5.963897214e-05,0.0001453078527,0.0002936458215,2.265880963e-07,2.781498872e-08,2.584258651e-09,2.251077345e-10,1.101644949e-05,3.803909672e-09,1.126608978e-07,1.941426802e-06,1.357064713e-05,6.3203061e-05,3.411400361e-10,2.634486265e-11,1.398499014e-12,6.671346743e-14,9.575220348e-07,6.664679134e-12,6.581873895e-10,3.121917046e-08,4.082244498e-07,3.130836423e-06,5.179182985e-10,6.393584938e-11,5.653779323e-12,4.480897055e-13,1.6747307e-06,5.808353003e-11,3.66792931e-09,1.201952111e-07,1.260153596e-06,8.076758177e-06,1.954668819e-10,2.652660349e-11,2.578703065e-12,2.230433317e-13,1.292283139e-06,3.519070267e-11,2.274485261e-09,7.615809132e-08,8.00282914e-07,5.115534996e-06,4.425111964e-11,6.76831312e-12,7.415626553e-13,7.162877067e-14,8.329157025e-07,1.434309829e-11,9.546406688e-10,3.284766469e-08,3.425581743e-07,2.158159493e-06,9.047274643e-13,1.22409623e-13,1.138456196e-14,9.113155631e-16,2.124666462e-07,3.216736684e-13,3.580163012e-11,1.897506296e-09,2.449386229e-08,1.801860068e-07,2.024119e-17,9.820575834e-19,2.801021633e-20,6.554597196e-22,4.351225775e-09,7.452504899e-19,6.480680544e-16,1.947880176e-13,6.150883691e-12,9.022198121e-11,6.64385281e-17,2.584903281e-18,5.912173772e-20,1.128431609e-21,4.22095709e-09,4.837665319e-19,4.305095397e-16,1.322015934e-13,4.178025575e-12,6.146741426e-11,1.767043109e-16,5.274572385e-18,9.255629593e-20,1.383255687e-21,3.589968492e-09,2.255705976e-19,2.10735378e-16,6.770046425e-14,2.159254562e-12,3.20777063e-11,4.422594784e-20,6.720284347e-22,5.336387396e-24,3.455356589e-26,2.955619126e-10,8.828405201e-24,3.574884647e-20,3.928671017e-17,2.060719497e-15,4.340590414e-14
16,0.0225973449,0.01088991507,0.004709068072,0.001972813884,0.01410342175,0.004222287371,0.01184532174,0.02751765626,0.05037250435,0.07986032476,0.03202796283,0.01543464799,0.006674327916,0.002796140543,0.01525604064,0.004222290261,0.01184531745,0.02751761954,0.05037239022,0.07986012959,0.0004272424186,0.0001448712698,4.4079186e-05,1.334960914e-05,0.0005173225526,2.90509065e-05,0.0001313017363,0.000474955655,0.001198668805,0.002504422998,0.0003014410982,0.0001022139166,3.110004334e-05,9.418802038e-06,0.0004782379854,2.905088662e-05,0.0001313017839,0.0004749562888,0.001198671521,0.002504429119,0.01055267483,0.004013598446,0.001369773252,0.0004612235528,0.004440185973,0.0004716048856,0.001364310382,0.003261076753,0.005847398595,0.009082629934,0.01542409265,0.005866395703,0.002002103293,0.0006741392477,0.004836474007,0.0004716052369,0.001364309844,0.003261072017,0.005847384178,0.009082605779,0.0002206420404,5.985108138e-05,1.456797327e-05,3.590588701e-06,0.0001763148005,3.561885017e-06,1.629898646e-05,5.963888966e-05,0.0001453075088,0.00029364508,0.0001509562837,4.09481766e-05,9.966928371e-06,2.456560841e-06,0.0001618680268,3.561882364e-06,1.629899288e-05,5.963897626e-05,0.0001453078671,0.000293645861,2.265880802e-07,2.781498354e-08,2.584257871e-09,2.251076426e-10,1.101644702e-05,3.803908535e-09,1.126608702e-07,1.941426421e-06,1.357064501e-05,6.320305363e-05,3.411399994e-10,2.634485521e-11,1.398498375e-12,6.671342615e-14,9.575217327e-07,6.664675626e-12,6.581870835e-10,3.121915773e-08,4.082242984e-07,3.130835362e-06,5.17265553e-10,6.384046216e-11,5.644035246e-12,4.472216905e-13,1.673041487e-06,5.795610713e-11,3.660642486e-09,1.199795527e-07,1.258031944e-06,8.063931594e-06,1.951656591e-10,2.64650409e-11,2.570709287e-12,2.22191622e-13,1.289168004e-06,3.499169461e-11,2.262842855e-09,7.580621624e-08,7.968157506e-07,5.094666779e-06,4.416724075e-11,6.745525617e-12,7.379765361e-13,7.11853837e-14,8.294352806e-07,1.419952103e-11,9.459907181e-10,3.257901388e-08,3.399313691e-07,2.142583198e-06,9.018163371e-13,1.217143547e-13,1.12919379e-14,9.018399724e-16,2.110420637e-07,3.162934418e-13,3.525861535e-11,1.871476278e-09,2.417741794e-08,1.779848578e-07,2.007839686e-17,9.700471695e-19,2.755086691e-20,6.42198128e-22,4.30489418e-09,7.231105164e-19,6.305326031e-16,1.899980259e-13,6.006560831e-12,8.819261819e-11,6.572775761e-17,2.545263349e-18,5.794223313e-20,1.101133175e-21,4.169460827e-09,4.675185914e-19,4.17303006e-16,1.285043498e-13,4.066163094e-12,5.988427838e-11,1.728666288e-16,5.130950122e-18,8.952885304e-20,1.331051218e-21,3.527150164e-09,2.15086836e-19,2.017612419e-16,6.506306768e-14,2.078449837e-12,3.091834843e-11,4.446467543e-20,6.721695431e-22,5.309965929e-24,3.42186831e-26,2.935815665e-10,8.627995819e-24,3.500790756e-20,3.854460796e-17,2.023255275e-15,4.264450892e-14
17,0.02259734449,0.01088991454,0.004709067702,0.001972813674,0.01410342079,0.00422228723,0.01184532165,0.0275176567,0.05037250629,0.07986032976,0.03202796224,0.01543464724,0.006674327392,0.002796140246,0.0152560396,0.00422229012,0.01184531736,0.02751761998,0.05037239216,0.07986013459,0.0004272424069,0.0001448712594,4.40791809e-05,1.334960705e-05,0.000517322497,2.905090381e-05,0.0001313017276,0.0004749556348,0.001198668779,0.002504423002,0.00030144109,0.0001022139093,3.110003974e-05,9.418800564e-06,0.000478237934,2.905088393e-05,0.0001313017752,0.0004749562685,0.001198671495,0.002504429122,0.01055267473,0.00401359835,0.001369773199,0.0004612235285,0.00444018588,0.0004716049147,0.001364310513,0.00326107717,0.005847399533,0.009082631734,0.01542409251,0.005866395562,0.002002103215,0.0006741392122,0.004836473905,0.0004716052659,0.001364309975,0.003261072435,0.005847385116,0.009082607579,0.0002206420365,5.985107862e-05,1.456797218e-05,3.590588338e-06,0.0001763147901,3.561885034e-06,1.62989871e-05,5.963889393e-05,0.0001453075238,0.000293645121,0.0001509562811,4.094817471e-05,9.966927628e-06,2.456560593e-06,0.0001618680173,3.561882381e-06,1.629899353e-05,5.963898053e-05,0.0001453078821,0.0002936459019,2.265880635e-07,2.781497816e-08,2.584257063e-09,2.251075473e-10,1.101644447e-05,3.803907358e-09,1.126608415e-07,1.941426028e-06,1.357064281e-05,6.320304598e-05,3.411399614e-10,2.63448475e-11,1.398497712e-12,6.671338338e-14,9.575214197e-07,6.664671991e-12,6.581867665e-10,3.121914454e-08,4.082241416e-07,3.130834264e-06,5.16589198e-10,6.374163084e-11,5.633940434e-12,4.463225456e-13,1.671290271e-06,5.782417788e-11,3.653096472e-09,1.197561831e-07,1.25583422e-06,8.050644115e-06,1.948516953e-10,2.640100234e-11,2.562405588e-12,2.213078378e-13,1.285934853e-06,3.478592867e-11,2.250798756e-09,7.544202427e-08,7.93226272e-07,5.073057458e-06,4.407939346e-11,6.72178355e-12,7.342512041e-13,7.072575759e-14,8.258267224e-07,1.405164277e-11,9.370731611e-10,3.230180817e-08,3.372195803e-07,2.126496054e-06,8.987750386e-13,1.209922295e-13,1.119610429e-14,8.920653073e-16,2.095694597e-07,3.107924253e-13,3.47025287e-11,1.844780544e-09,2.385262482e-08,1.757240826e-07,1.991026822e-17,9.577062333e-19,2.708108841e-20,6.286922151e-22,4.257279288e-09,7.008120431e-19,6.128230292e-16,1.85148145e-13,5.860267304e-12,8.613354866e-11,6.49976147e-17,2.504743515e-18,5.674239989e-20,1.073487966e-21,4.116683844e-09,4.512375457e-19,4.040293304e-16,1.247778387e-13,3.953277863e-12,5.828502184e-11,1.689717647e-16,4.986054354e-18,8.649250486e-20,1.278975229e-21,3.463163693e-09,2.047294853e-19,1.928580934e-16,6.243631411e-14,1.997836243e-12,2.97601057e-11,4.471625114e-20,6.723494999e-22,5.28291942e-24,3.387591843e-26,2.915462656e-10,8.42546501e-24,3.425785448e-20,3.779224478e-17,1.985261746e-15,4.187221526e-14
18,0.02259734406,0.01088991399,0.00470906732,0.001972813458,0.0141034198,0.004222287084,0.01184532156,0.02751765716,0.05037250829,0.07986033492,0.03202796163,0.01543464647,0.00667432685,0.002796139939,0.01525603853,0.004222289973,0.01184531726,0.02751762044,0.05037239417,0.07986013976,0.0004272423949,0.0001448712487,4.407917564e-05,1.334960489e-05,0.0005173224397,2.905090104e-05,0.0001313017186,0.0004749556139,0.001198668753,0.002504423006,0.0003014410815,0.0001022139018,3.110003603e-05,9.418799043e-06,0.000478237881,2.905088116e-05,0.0001313017661,0.0004749562476,0.001198671469,0.002504429126,0.01055267463,0.00401359825,0.001369773144,0.0004612235034,0.004440185784,0.0004716049446,0.001364310648,0.003261077601,0.005847400501,0.009082633591,0.01542409236,0.005866395416,0.002002103135,0.0006741391756,0.0048364738,0.0004716052959,0.00136431011,0.003261072865,0.005847386084,0.009082609435,0.0002206420325,5.985107578e-05,1.456797106e-05,3.590587964e-06,0.0001763147795,3.561885052e-06,1.629898776e-05,5.963889833e-05,0.0001453075392,0.0002936451632,0.0001509562783,4.094817277e-05,9.96692686e-06,2.456560337e-06,0.0001618680075,3.561882399e-06,1.629899419e-05,5.963898493e-05,0.0001453078975,0.0002936459441,2.265880463e-07,2.781497262e-08,2.584256229e-09,2.25107449e-10,1.101644183e-05,3.803906144e-09,1.12660812e-07,1.941425621e-06,1.357064054e-05,6.32030381e-05,3.411399221e-10,2.634483954e-11,1.398497028e-12,6.671333926e-14,9.575210968e-07,6.664668241e-12,6.581864395e-10,3.121913093e-08,4.082239798e-07,3.130833131e-06,5.158914914e-10,6.363968602e-11,5.623528775e-12,4.453953015e-13,1.669482805e-06,5.768819326e-11,3.645316912e-09,1.195258574e-07,1.253567833e-06,8.036940412e-06,1.945258744e-10,2.633468064e-11,2.553818133e-12,2.203948594e-13,1.282594054e-06,3.457414463e-11,2.238395619e-09,7.506678698e-08,7.89526911e-07,5.050781364e-06,4.398778929e-11,6.697156013e-12,7.303985905e-13,7.02514608e-14,8.221020702e-07,1.390005328e-11,9.27922755e-10,3.201710435e-08,3.344330137e-07,2.109957913e-06,8.956117534e-13,1.202455992e-13,1.109740857e-14,8.820297333e-16,2.080541974e-07,3.051959438e-13,3.41358596e-11,1.817535343e-09,2.352087522e-08,1.734132359e-07,1.973743791e-17,9.450868005e-19,2.660303685e-20,6.150080056e-22,4.208578688e-09,6.784770996e-19,5.95033893e-16,1.802636055e-13,5.712754452e-12,8.405522626e-11,6.425116534e-17,2.463529566e-18,5.552814252e-20,1.045639412e-21,4.062856044e-09,4.350150541e-19,3.907617485e-16,1.210421684e-13,3.839972443e-12,5.667809819e-11,1.650395151e-16,4.840665767e-18,8.346431867e-20,1.227328385e-21,3.39831658e-09,1.945594429e-19,1.840779943e-16,5.98353999e-14,1.917877298e-12,2.86095987e-11,4.498025208e-20,6.725700835e-22,5.255359223e-24,3.352672679e-26,2.894641768e-10,8.221852575e-24,3.350246974e-20,3.703335051e-17,1.946926439e-15,4.109282332e-14
19,0.02259734361,0.01088991343,0.004709066928,0.001972813235,0.01410341878,0.004222286934,0.01184532146,0.02751765762,0.05037251035,0.07986034023,0.032027961,0.01543464567,0.006674326294,0.002796139624,0.01525603743,0.004222289823,0.01184531717,0.0275176209,0.05037239622,0.07986014506,0.0004272423826,0.0001448712377,4.407917023e-05,1.334960268e-05,0.0005173223808,2.905089819e-05,0.0001313017093,0.0004749555924,0.001198668726,0.00250442301,0.0003014410728,0.0001022138941,3.110003221e-05,9.41879748e-06,0.0004782378265,2.905087831e-05,0.0001313017569,0.0004749562262,0.001198671442,0.00250442913,0.01055267453,0.004013598148,0.001369773087,0.0004612234777,0.004440185685,0.0004716049754,0.001364310787,0.003261078043,0.005847401496,0.009082635498,0.01542409221,0.005866395266,0.002002103052,0.0006741391379,0.004836473693,0.0004716053267,0.001364310249,0.003261073308,0.005847387079,0.009082611343,0.0002206420284,5.985107285e-05,1.45679699e-05,3.59058758e-06,0.0001763147685,3.56188507e-06,1.629898844e-05,5.963890285e-05,0.0001453075551,0.0002936452066,0.0001509562755,4.094817077e-05,9.966926072e-06,2.456560074e-06,0.0001618679974,3.561882418e-06,1.629899487e-05,5.963898945e-05,0.0001453079133,0.0002936459875,2.265880287e-07,2.781496693e-08,2.584255372e-09,2.251073481e-10,1.101643912e-05,3.803904896e-09,1.126607816e-07,1.941425204e-06,1.357063822e-05,6.320303e-05,3.411398818e-10,2.634483137e-11,1.398496326e-12,6.671329393e-14,9.575207651e-07,6.664664389e-12,6.581861035e-10,3.121911696e-08,4.082238135e-07,3.130831966e-06,5.151746936e-10,6.353495866e-11,5.612834181e-12,4.444429898e-13,1.66762486e-06,5.754860368e-11,3.637329433e-09,1.192893304e-07,1.251240188e-06,8.022865177e-06,1.941891055e-10,2.626627228e-11,2.544973433e-12,2.194555941e-13,1.279156065e-06,3.435707965e-11,2.225676011e-09,7.468177524e-08,7.857301031e-07,5.027912892e-06,4.389265241e-11,6.671714115e-12,7.264308194e-13,6.976407462e-14,8.182734423e-07,1.374533399e-11,9.185738597e-10,3.172594979e-08,3.315817983e-07,2.093028251e-06,8.92335041e-13,1.194768554e-13,1.099619918e-14,8.71771145e-16,2.065016221e-07,2.995284458e-13,3.356102199e-11,1.789853859e-09,2.318352765e-08,1.710616583e-07,1.956053695e-17,9.322398408e-19,2.611879541e-20,6.012085205e-22,4.15898568e-09,6.562182263e-19,5.772531329e-16,1.753680487e-13,5.564728615e-12,8.196750592e-11,6.349140656e-17,2.421800487e-18,5.430506947e-20,1.017721973e-21,4.008200364e-09,4.18934175e-19,3.775672777e-16,1.173159026e-13,3.726805165e-12,5.507136478e-11,1.610885662e-16,4.695507857e-18,8.045981407e-20,1.176379064e-21,3.332901756e-09,1.846290562e-19,1.754664574e-16,5.72738052e-14,1.838986664e-12,2.747276526e-11,4.525620669e-20,6.728325287e-22,5.227391301e-24,3.317250159e-26,2.873432461e-10,8.018122087e-24,3.274527583e-20,3.627141359e-17,1.908424866e-15,4.030989083e-14
20,0.02259734316,0.01088991286,0.004709066526,0.001972813008,0.01410341774,0.00422228678,0.01184532136,0.0275176581,0.05037251246,0.07986034565,0.03202796036,0.01543464486,0.006674325725,0.002796139301,0.0152560363,0.00422228967,0.01184531706,0.02751762138,0.05037239833,0.07986015049,0.00042724237,0.0001448712265,4.40791647e-05,1.334960041e-05,0.0005173223205,2.905089528e-05,0.0001313016998,0.0004749555705,0.001198668698,0.002504423014,0.0003014410639,0.0001022138861,3.110002831e-05,9.418795881e-06,0.0004782377708,2.905087539e-05,0.0001313017474,0.0004749562042,0.001198671414,0.002504429134,0.01055267443,0.004013598043,0.001369773029,0.0004612234513,0.004440185584,0.0004716050069,0.001364310929,0.003261078496,0.005847402513,0.009082637451,0.01542409206,0.005866395113,0.002002102968,0.0006741390994,0.004836473583,0.0004716053582,0.001364310391,0.00326107376,0.005847388096,0.009082613296,0.0002206420242,5.985106986e-05,1.456796873e-05,3.590587187e-06,0.0001763147572,3.561885089e-06,1.629898914e-05,5.963890748e-05,0.0001453075713,0.000293645251,0.0001509562726,4.094816872e-05,9.966925266e-06,2.456559805e-06,0.0001618679871,3.561882436e-06,1.629899557e-05,5.963899408e-05,0.0001453079296,0.0002936460319,2.265880106e-07,2.78149611e-08,2.584254496e-09,2.251072448e-10,1.101643634e-05,3.803903619e-09,1.126607506e-07,1.941424777e-06,1.357063583e-05,6.320302172e-05,3.411398406e-10,2.634482301e-11,1.398495607e-12,6.671324754e-14,9.575204256e-07,6.664660446e-12,6.581857596e-10,3.121910265e-08,4.082236434e-07,3.130830775e-06,5.144410675e-10,6.342778e-11,5.601890583e-12,4.434686426e-13,1.665722225e-06,5.740585882e-11,3.629159635e-09,1.190473566e-07,1.248858694e-06,8.008463116e-06,1.938423239e-10,2.619597755e-11,2.535898353e-12,2.184929756e-13,1.275631435e-06,3.413546749e-11,2.212682379e-09,7.428825828e-08,7.818482788e-07,5.004526463e-06,4.379422029e-11,6.645531034e-12,7.223602051e-13,6.926519179e-14,8.14353027e-07,1.358805683e-11,9.090603744e-10,3.142938068e-08,3.286759706e-07,2.075766077e-06,8.889538471e-13,1.186884284e-13,1.089282491e-14,8.61327084e-16,2.04917055e-07,2.938134337e-13,3.298034768e-11,1.761845917e-09,2.284190348e-08,1.686784542e-07,1.938019244e-17,9.192151393e-19,2.563036843e-20,5.87353592e-22,4.108688864e-09,6.3413829e-19,5.59561886e-16,1.70483472e-13,5.416849451e-12,7.987961985e-11,6.272125968e-17,2.379727997e-18,5.307847852e-20,9.898608228e-22,3.952932273e-09,4.030693479e-19,3.645066561e-16,1.136160334e-13,3.614289232e-12,5.347206898e-11,1.571364453e-16,4.551245567e-18,7.749295303e-20,1.126363624e-21,3.267196876e-09,1.749824092e-19,1.670625992e-16,5.476331745e-14,1.761528614e-12,2.635486443e-11,4.554359057e-20,6.731375149e-22,5.199116203e-24,3.281457365e-26,2.851911897e-10,7.815160189e-24,3.198953188e-20,3.550967723e-17,1.869920323e-15,3.952672929e-14
21,0.0225973427,0.01088991227,0.004709066117,0.001972812775,0.01410341667,0.004222286623,0.01184532125,0.02751765859,0.0503725146,0.07986035119,0.0320279597,0.01543464403,0.006674325145,0.002796138972,0.01525603515,0.004222289513,0.01184531696,0.02751762187,0.05037240048,0.07986015602,0.0004272423571,0.0001448712151,4.407915906e-05,1.33495981e-05,0.000517322259,2.90508923e-05,0.0001313016901,0.0004749555481,0.00119866867,0.002504423018,0.0003014410549,0.0001022138781,3.110002433e-05,9.41879425e-06,0.0004782377139,2.905087242e-05,0.0001313017377,0.0004749561818,0.001198671386,0.002504429138,0.01055267432,0.004013597936,0.00136977297,0.0004612234244,0.004440185481,0.0004716050391,0.001364311074,0.003261078957,0.005847403551,0.009082639442,0.0154240919,0.005866394957,0.002002102881,0.0006741390601,0.00483647347,0.0004716053903,0.001364310536,0.003261074222,0.005847389134,0.009082615287,0.0002206420199,5.985106681e-05,1.456796752e-05,3.590586786e-06,0.0001763147458,3.561885109e-06,1.629898985e-05,5.96389122e-05,0.0001453075878,0.0002936452962,0.0001509562697,4.094816663e-05,9.966924443e-06,2.456559531e-06,0.0001618679766,3.561882456e-06,1.629899628e-05,5.963899881e-05,0.0001453079461,0.0002936460772,2.265879921e-07,2.781495515e-08,2.584253602e-09,2.251071394e-10,1.101643351e-05,3.803902317e-09,1.126607189e-07,1.941424341e-06,1.35706334e-05,6.320301326e-05,3.411397985e-10,2.634481448e-11,1.398494874e-12,6.671320022e-14,9.575200793e-07,6.664656424e-12,6.581854089e-10,3.121908806e-08,4.082234698e-07,3.130829559e-06,5.136928781e-10,6.331848152e-11,5.590731922e-12,4.424752914e-13,1.663780702e-06,5.726040748e-11,3.620833091e-09,1.188006903e-07,1.246430758e-06,7.993778935e-06,1.934864923e-10,2.61240006e-11,2.526620113e-12,2.175099629e-13,1.272030806e-06,3.391003774e-11,2.199457008e-09,7.388750269e-08,7.778938545e-07,4.980696474e-06,4.369274413e-11,6.618682034e-12,7.181992453e-13,6.875641482e-14,8.10353077e-07,1.342878313e-11,8.994156777e-10,3.112842036e-08,3.257254595e-07,2.058229859e-06,8.854775093e-13,1.178827848e-13,1.078763435e-14,8.507346552e-16,2.033057857e-07,2.880734052e-13,3.239608069e-11,1.733617728e-09,2.249728397e-08,1.662724718e-07,1.919702639e-17,9.060611789e-19,2.513967632e-20,5.734997202e-22,4.057871775e-09,6.123304421e-19,5.420344084e-16,1.656301988e-13,5.269728906e-12,7.780016219e-11,6.194356419e-17,2.337476168e-18,5.18533465e-20,9.621716818e-22,3.897259355e-09,3.874865041e-19,3.516343746e-16,1.099579783e-13,3.502892474e-12,5.188684331e-11,1.531994874e-16,4.408484788e-18,7.457615328e-20,1.077487145e-21,3.20146381e-09,1.656557273e-19,1.588993868e-16,5.23140802e-14,1.685819244e-12,2.526049057e-11,4.584182278e-20,6.734851636e-22,5.170629133e-24,3.245421099e-26,2.830154867e-10,7.613776968e-24,3.123823409e-20,3.475113904e-17,1.831563876e-15,3.874640361e-14
22,0.02259734223,0.01088991168,0.0047090657,0.001972812539,0.01410341559,0.004222286464,0.01184532115,0.02751765909,0.05037251679,0.07986035682,0.03202795904,0.01543464319,0.006674324554,0.002796138638,0.01525603398,0.004222289354,0.01184531686,0.02751762237,0.05037240266,0.07986016165,0.000427242344,0.0001448712034,4.407915332e-05,1.334959575e-05,0.0005173221965,2.905088928e-05,0.0001313016803,0.0004749555253,0.001198668642,0.002504423022,0.0003014410456,0.0001022138698,3.110002028e-05,9.418792592e-06,0.0004782376562,2.90508694e-05,0.0001313017279,0.0004749561591,0.001198671357,0.002504429143,0.01055267421,0.004013597828,0.00136977291,0.0004612233971,0.004440185376,0.0004716050717,0.001364311221,0.003261079427,0.005847404607,0.009082641466,0.01542409174,0.005866394798,0.002002102794,0.0006741390201,0.004836473356,0.000471605423,0.001364310683,0.003261074691,0.005847390189,0.009082617311,0.0002206420156,5.985106371e-05,1.45679663e-05,3.590586379e-06,0.0001763147342,3.561885128e-06,1.629899058e-05,5.9638917e-05,0.0001453076047,0.0002936453423,0.0001509562667,4.094816451e-05,9.966923607e-06,2.456559252e-06,0.0001618679659,3.561882475e-06,1.6298997e-05,5.963900361e-05,0.0001453079629,0.0002936461232,2.265879734e-07,2.781494911e-08,2.584252693e-09,2.251070323e-10,1.101643064e-05,3.803900993e-09,1.126606867e-07,1.941423898e-06,1.357063093e-05,6.320300467e-05,3.411397557e-10,2.63448058e-11,1.398494129e-12,6.671315212e-14,9.575197273e-07,6.664652336e-12,6.581850524e-10,3.121907323e-08,4.082232934e-07,3.130828324e-06,5.129323919e-10,6.320739486e-11,5.57939214e-12,4.414659664e-13,1.661806113e-06,5.711269741e-11,3.612375329e-09,1.185500851e-07,1.243963781e-06,7.978857331e-06,1.931226007e-10,2.605054945e-11,2.517166276e-12,2.165095392e-13,1.268364907e-06,3.368151508e-11,2.186041982e-09,7.348077138e-08,7.738792233e-07,4.956497248e-06,4.358848917e-11,6.591244459e-12,7.139606111e-13,6.823935399e-14,8.062859013e-07,1.326806256e-11,8.8967257e-10,3.082407773e-08,3.227400717e-07,2.040477435e-06,8.819157567e-13,1.170624249e-13,1.068097525e-14,8.40030446e-16,2.016730658e-07,2.823298064e-13,3.181037257e-11,1.705271671e-09,2.215090765e-08,1.638522856e-07,1.901165457e-17,8.928250346e-19,2.464855142e-20,5.596999699e-22,4.006712569e-09,5.908782056e-19,5.247380857e-16,1.608268683e-13,5.123930803e-12,7.573708177e-11,6.116107252e-17,2.295201139e-18,5.063432286e-20,9.347607557e-22,3.841380983e-09,3.722432884e-19,3.389987901e-16,1.063555966e-13,3.393037696e-12,5.032170844e-11,1.492928176e-16,4.267772642e-18,7.172032238e-20,1.029924579e-21,3.135948326e-09,1.566778751e-19,1.510039612e-16,4.993466279e-14,1.612128299e-12,2.419359606e-11,4.615026271e-20,6.738750438e-22,5.142020091e-24,3.209261936e-26,2.80823376e-10,7.414707273e-24,3.04941193e-20,3.399855364e-17,1.793494487e-15,3.797173474e-14
23,0.02259734175,0.01088991108,0.004709065278,0.0019728123,0.01410341449,0.004222286303,0.01184532104,0.02751765959,0.050372519,0.07986036252,0.03202795836,0.01543464233,0.006674323957,0.002796138299,0.01525603279,0.004222289193,0.01184531675,0.02751762287,0.05037240487,0.07986016735,0.0004272423308,0.0001448711916,4.407914751e-05,1.334959337e-05,0.0005173221332,2.905088622e-05,0.0001313016703,0.0004749555022,0.001198668612,0.002504423027,0.0003014410363,0.0001022138615,3.110001618e-05,9.418790912e-06,0.0004782375976,2.905086634e-05,0.0001313017179,0.000474956136,0.001198671328,0.002504429147,0.0105526741,0.004013597717,0.001369772849,0.0004612233694,0.00444018527,0.0004716051048,0.00136431137,0.003261079902,0.005847405676,0.009082643517,0.01542409158,0.005866394638,0.002002102705,0.0006741389796,0.00483647324,0.0004716054561,0.001364310832,0.003261075167,0.005847391259,0.009082619362,0.0002206420112,5.985106057e-05,1.456796506e-05,3.590585966e-06,0.0001763147224,3.561885148e-06,1.629899131e-05,5.963892187e-05,0.0001453076217,0.0002936453889,0.0001509562637,4.094816236e-05,9.966922759e-06,2.45655897e-06,0.000161867955,3.561882495e-06,1.629899774e-05,5.963900847e-05,0.00014530798,0.0002936461698,2.265879544e-07,2.781494299e-08,2.584251772e-09,2.251069237e-10,1.101642772e-05,3.803899651e-09,1.126606541e-07,1.941423449e-06,1.357062843e-05,6.320299596e-05,3.411397124e-10,2.634479702e-11,1.398493374e-12,6.671310338e-14,9.575193706e-07,6.664648194e-12,6.581846911e-10,3.12190582e-08,4.082231147e-07,3.130827072e-06,5.121618766e-10,6.309485173e-11,5.567905176e-12,4.404436956e-13,1.659804294e-06,5.696317509e-11,3.60381183e-09,1.182962934e-07,1.241465159e-06,7.96374298e-06,1.927516674e-10,2.597583601e-11,2.50756474e-12,2.154947094e-13,1.264644554e-06,3.345061848e-11,2.172479141e-09,7.306932254e-08,7.698167451e-07,4.932002979e-06,4.348173478e-11,6.563297687e-12,7.096571341e-13,6.771562512e-14,8.021638555e-07,1.310643222e-11,8.798632211e-10,3.051734575e-08,3.197294777e-07,2.022565939e-06,8.782787051e-13,1.162298787e-13,1.057319385e-14,8.292504462e-16,2.000241014e-07,2.766029954e-13,3.122527864e-11,1.676906108e-09,2.180396815e-08,1.614261812e-07,1.882468544e-17,8.795522808e-19,2.415873487e-20,5.46003907e-22,3.955383763e-09,5.698556755e-19,5.077335238e-16,1.560904462e-13,4.979970987e-12,7.369768228e-11,6.037644564e-17,2.253050915e-18,4.942572711e-20,9.077247936e-22,3.785488075e-09,3.573893736e-19,3.266423094e-16,1.028212247e-13,3.28510354e-12,4.87820833e-11,1.454303474e-16,4.129598467e-18,6.893490919e-20,9.83822238e-22,3.070879955e-09,1.480709204e-19,1.433980176e-16,4.763214664e-14,1.540681501e-12,2.315752107e-11,4.646820766e-20,6.743061855e-22,5.113374088e-24,3.173094358e-26,2.786218551e-10,7.218612837e-24,2.975967142e-20,3.325443793e-17,1.755839279e-15,3.720530498e-14
24,0.02259734127,0.01088991047,0.004709064852,0.001972812059,0.01410341339,0.00422228614,0.01184532094,0.0275176601,0.05037252123,0.07986036828,0.03202795768,0.01543464147,0.006674323353,0.002796137956,0.01525603159,0.00422228903,0.01184531665,0.02751762338,0.05037240711,0.07986017311,0.0004272423174,0.0001448711797,4.407914164e-05,1.334959096e-05,0.0005173220692,2.905088313e-05,0.0001313016602,0.0004749554789,0.001198668583,0.002504423031,0.0003014410268,0.0001022138531,3.110001204e-05,9.418789214e-06,0.0004782375385,2.905086324e-05,0.0001313017078,0.0004749561127,0.001198671299,0.002504429151,0.01055267399,0.004013597606,0.001369772788,0.0004612233414,0.004440185162,0.0004716051382,0.001364311521,0.003261080383,0.005847406756,0.009082645589,0.01542409142,0.005866394475,0.002002102615,0.0006741389387,0.004836473123,0.0004716054895,0.001364310983,0.003261075647,0.005847392339,0.009082621434,0.0002206420067,5.985105739e-05,1.456796381e-05,3.590585548e-06,0.0001763147104,3.561885168e-06,1.629899205e-05,5.963892678e-05,0.0001453076389,0.000293645436,0.0001509562607,4.094816019e-05,9.966921903e-06,2.456558684e-06,0.0001618679441,3.561882515e-06,1.629899848e-05,5.963901338e-05,0.0001453079972,0.0002936462169,2.265879352e-07,2.78149368e-08,2.584250841e-09,2.251068141e-10,1.101642478e-05,3.803898296e-09,1.126606211e-07,1.941422996e-06,1.35706259e-05,6.320298717e-05,3.411396686e-10,2.634478814e-11,1.398492611e-12,6.671305415e-14,9.575190103e-07,6.66464401e-12,6.581843262e-10,3.121904301e-08,4.082229341e-07,3.130825807e-06,5.113836006e-10,6.298118385e-11,5.556304948e-12,4.39411504e-13,1.657781096e-06,5.681228564e-11,3.595168017e-09,1.180400669e-07,1.238942282e-06,7.948480525e-06,1.923747383e-10,2.590007595e-11,2.497843723e-12,2.144684981e-13,1.260880645e-06,3.321806051e-11,2.15881005e-09,7.265440852e-08,7.657187369e-07,4.907287676e-06,4.337277441e-11,6.534923075e-12,7.053017905e-13,6.71868472e-14,7.97999332e-07,1.294441577e-11,8.700191223e-10,3.02092e-08,3.167031987e-07,2.004551722e-06,8.745768468e-13,1.153877022e-13,1.046463421e-14,8.184299727e-16,1.983640473e-07,2.70912218e-13,3.064275515e-11,1.648615249e-09,2.145761249e-08,1.590021441e-07,1.8636719e-17,8.662869123e-19,2.367187434e-20,5.324575722e-22,3.904052015e-09,5.49327818e-19,4.910747118e-16,1.514362527e-13,4.838317969e-12,7.168862931e-11,5.959224948e-17,2.21116524e-18,4.823154957e-20,8.811512442e-22,3.729762928e-09,3.429668523e-19,3.146016317e-16,9.936572623e-14,3.179425799e-12,4.727280128e-11,1.416247845e-16,3.99439541e-18,6.622796998e-20,9.392995365e-22,3.006472028e-09,1.398507434e-19,1.360982281e-16,4.541222435e-14,1.471663273e-12,2.215502889e-11,4.67948908e-20,6.747771004e-22,5.084771415e-24,3.137026933e-26,2.764176812e-10,7.02608506e-24,2.903713013e-20,3.252107853e-17,1.7187139e-15,3.644946545e-14
25,0.02259734078,0.01088990985,0.004709064423,0.001972811815,0.01410341227,0.004222285976,0.01184532083,0.02751766061,0.05037252349,0.07986037408,0.03202795699,0.0154346406,0.006674322744,0.002796137611,0.01525603039,0.004222288866,0.01184531654,0.02751762389,0.05037240936,0.07986017892,0.0004272423039,0.0001448711677,4.407913573e-05,1.334958854e-05,0.0005173220047,2.905088001e-05,0.0001313016501,0.0004749554555,0.001198668554,0.002504423035,0.0003014410173,0.0001022138446,3.110000787e-05,9.418787505e-06,0.0004782374789,2.905086013e-05,0.0001313016977,0.0004749560892,0.001198671269,0.002504429156,0.01055267388,0.004013597494,0.001369772726,0.0004612233132,0.004440185054,0.0004716051719,0.001364311673,0.003261080867,0.005847407844,0.009082647676,0.01542409126,0.005866394311,0.002002102525,0.0006741388975,0.004836473006,0.0004716055232,0.001364311135,0.003261076131,0.005847393427,0.009082623521,0.0002206420022,5.985105419e-05,1.456796255e-05,3.590585128e-06,0.0001763146984,3.561885188e-06,1.62989928e-05,5.963893173e-05,0.0001453076563,0.0002936454835,0.0001509562576,4.0948158e-05,9.966921041e-06,2.456558397e-06,0.0001618679331,3.561882535e-06,1.629899922e-05,5.963901833e-05,0.0001453080145,0.0002936462644,2.265879158e-07,2.781493057e-08,2.584249904e-09,2.251067037e-10,1.101642181e-05,3.803896931e-09,1.126605879e-07,1.941422539e-06,1.357062335e-05,6.320297831e-05,3.411396245e-10,2.63447792e-11,1.398491842e-12,6.671300456e-14,9.575186474e-07,6.664639795e-12,6.581839586e-10,3.121902772e-08,4.082227522e-07,3.130824534e-06,5.105998321e-10,6.286672286e-11,5.544625352e-12,4.383724124e-13,1.655742383e-06,5.66604726e-11,3.586469245e-09,1.177821558e-07,1.236402527e-06,7.933114564e-06,1.91992887e-10,2.582348859e-11,2.488031737e-12,2.134339472e-13,1.257084158e-06,3.298454661e-11,2.145075953e-09,7.223727483e-08,7.615974628e-07,4.882425105e-06,4.32619154e-11,6.506203865e-12,7.009076841e-13,6.665463991e-14,7.938047486e-07,1.278252275e-11,8.601710435e-10,2.990059746e-08,3.136705944e-07,1.98649029e-06,8.708210358e-13,1.145384724e-13,1.035563752e-14,8.076035988e-16,1.966979994e-07,2.652755934e-13,3.006465748e-11,1.62048904e-09,2.11129397e-08,1.565878489e-07,1.844834579e-17,8.530712794e-19,2.318952263e-20,5.191034902e-22,3.852877971e-09,5.293508524e-19,4.74809246e-16,1.468780063e-13,4.699394034e-12,6.971596337e-11,5.881095218e-17,2.169675561e-18,4.705545541e-20,8.551184996e-22,3.674379136e-09,3.29010688e-19,3.029080391e-16,9.599855538e-14,3.076299108e-12,4.57981317e-11,1.378876545e-16,3.862542546e-18,6.360624614e-20,8.964509311e-22,2.942921857e-09,1.32027669e-19,1.291166908e-16,4.327930774e-14,1.405219742e-12,2.118834556e-11,4.712947992e-20,6.752858087e-22,5.056287961e-24,3.101162553e-26,2.742173748e-10,6.837648325e-24,2.832850154e-20,3.180054112e-17,1.682222989e-15,3.570634549e-14
26,0.0225973403,0.01088990924,0.004709063992,0.001972811571,0.01410341115,0.004222285811,0.01184532072,0.02751766113,0.05037252575,0.07986037991,0.0320279563,0.01543463973,0.006674322133,0.002796137265,0.01525602918,0.004222288701,0.01184531643,0.02751762441,0.05037241162,0.07986018474,0.0004272422904,0.0001448711556,4.407912979e-05,1.33495861e-05,0.00051732194,2.905087688e-05,0.0001313016399,0.0004749554319,0.001198668524,0.00250442304,0.0003014410078,0.0001022138361,3.110000368e-05,9.418785788e-06,0.0004782374191,2.9050857e-05,0.0001313016875,0.0004749560657,0.00119867124,0.00250442916,0.01055267376,0.004013597382,0.001369772664,0.0004612232849,0.004440184946,0.0004716052057,0.001364311825,0.003261081352,0.005847408936,0.009082649772,0.01542409109,0.005866394147,0.002002102434,0.0006741388561,0.004836472887,0.000471605557,0.001364311287,0.003261076617,0.005847394519,0.009082625617,0.0002206419977,5.985105098e-05,1.456796129e-05,3.590584706e-06,0.0001763146864,3.561885208e-06,1.629899355e-05,5.96389367e-05,0.0001453076737,0.0002936455311,0.0001509562545,4.09481558e-05,9.966920175e-06,2.456558108e-06,0.000161867922,3.561882555e-06,1.629899997e-05,5.96390233e-05,0.0001453080319,0.0002936463121,2.265878964e-07,2.781492432e-08,2.584248963e-09,2.251065927e-10,1.101641883e-05,3.80389556e-09,1.126605545e-07,1.941422081e-06,1.357062079e-05,6.320296941e-05,3.411395802e-10,2.634477022e-11,1.398491071e-12,6.671295476e-14,9.57518283e-07,6.664635562e-12,6.581835894e-10,3.121901237e-08,4.082225696e-07,3.130823254e-06,5.098128393e-10,6.275180022e-11,5.532900247e-12,4.373294367e-13,1.653694035e-06,5.650817781e-11,3.577740795e-09,1.175233084e-07,1.233853261e-06,7.917689636e-06,1.916072136e-10,2.574629678e-11,2.478157571e-12,2.123941131e-13,1.253266138e-06,3.275077449e-11,2.131317741e-09,7.181915909e-08,7.574651248e-07,4.857488738e-06,4.314947865e-11,6.477225078e-12,6.964880267e-13,6.612062102e-14,7.89592537e-07,1.262124792e-11,8.503489964e-10,2.959247532e-08,3.106408526e-07,1.968436234e-06,8.670224701e-13,1.136847832e-13,1.024654144e-14,7.968050899e-16,1.950309898e-07,2.597101107e-13,2.949273914e-11,1.592613103e-09,2.077099998e-08,1.541906535e-07,1.82601459e-17,8.399460385e-19,2.271313731e-20,5.059807112e-22,3.802016152e-09,5.099727016e-19,4.589786073e-16,1.424278806e-13,4.563576735e-12,6.778511841e-11,5.803492229e-17,2.128705059e-18,4.590079153e-20,8.296962173e-22,3.619501584e-09,3.155492116e-19,2.915877253e-16,9.272783064e-14,2.975978961e-12,4.436180574e-11,1.342293328e-16,3.734367436e-18,6.107525101e-20,8.553479909e-22,2.88041106e-09,1.24607106e-19,1.224613934e-16,4.123664168e-14,1.341461939e-12,2.025920231e-11,4.747107666e-20,6.758298719e-22,5.027995573e-24,3.065598706e-26,2.720272249e-10,6.653763745e-24,2.763557033e-20,3.109468119e-17,1.646460715e-15,3.497786348e-14
27,0.02259733981,0.01088990862,0.00470906356,0.001972811326,0.01410341003,0.004222285646,0.01184532061,0.02751766164,0.05037252801,0.07986038574,0.03202795561,0.01543463886,0.006674321521,0.002796136918,0.01525602796,0.004222288536,0.01184531632,0.02751762492,0.05037241389,0.07986019058,0.0004272422768,0.0001448711436,4.407912384e-05,1.334958367e-05,0.0005173218752,2.905087375e-05,0.0001313016297,0.0004749554083,0.001198668494,0.002504423044,0.0003014409982,0.0001022138276,3.109999948e-05,9.418784069e-06,0.0004782373591,2.905085386e-05,0.0001313016773,0.0004749560421,0.00119867121,0.002504429164,0.01055267365,0.004013597269,0.001369772602,0.0004612232566,0.004440184837,0.0004716052396,0.001364311978,0.003261081839,0.00584741003,0.009082651871,0.01542409093,0.005866393983,0.002002102343,0.0006741388147,0.004836472769,0.0004716055909,0.00136431144,0.003261077104,0.005847395613,0.009082627716,0.0002206419932,5.985104777e-05,1.456796002e-05,3.590584283e-06,0.0001763146743,3.561885229e-06,1.629899429e-05,5.963894168e-05,0.0001453076911,0.0002936455788,0.0001509562514,4.09481536e-05,9.966919308e-06,2.456557819e-06,0.0001618679109,3.561882576e-06,1.629900072e-05,5.963902828e-05,0.0001453080494,0.0002936463598,2.26587877e-07,2.781491805e-08,2.584248021e-09,2.251064817e-10,1.101641585e-05,3.803894188e-09,1.126605212e-07,1.941421622e-06,1.357061823e-05,6.32029605e-05,3.411395358e-10,2.634476123e-11,1.398490298e-12,6.671290488e-14,9.57517918e-07,6.664631324e-12,6.581832198e-10,3.121899699e-08,4.082223867e-07,3.130821973e-06,5.090248887e-10,6.263674712e-11,5.521163446e-12,4.362855868e-13,1.651641939e-06,5.635584126e-11,3.569007867e-09,1.172642718e-07,1.231301835e-06,7.902250209e-06,1.912188443e-10,2.566872666e-11,2.468250263e-12,2.113520634e-13,1.2494377e-06,3.251743347e-11,2.117575918e-09,7.140129006e-08,7.533338526e-07,4.832551693e-06,4.303579817e-11,6.448073393e-12,6.920561179e-13,6.558640384e-14,7.853751309e-07,1.246107083e-11,8.405822041e-10,2.928575006e-08,3.076229791e-07,1.950443179e-06,8.631926705e-13,1.128292397e-13,1.013767951e-14,7.860673462e-16,1.933679804e-07,2.542316353e-13,2.892865179e-11,1.565068711e-09,2.043279417e-08,1.518175949e-07,1.807268815e-17,8.269501173e-19,2.224408105e-20,4.931248836e-22,3.751614895e-09,4.912334975e-19,4.436184816e-16,1.380965734e-13,4.431200735e-12,6.590094501e-11,5.726642771e-17,2.088368749e-18,4.477059604e-20,8.049457067e-22,3.565286506e-09,3.026046489e-19,2.80662152e-16,8.956041689e-14,2.878683969e-12,4.296704587e-11,1.306590866e-16,3.610149048e-18,5.863936309e-20,8.16041544e-22,2.819106015e-09,1.175901776e-19,1.161366783e-16,3.928642064e-14,1.280469109e-12,1.936887991e-11,4.781871636e-20,6.764064303e-22,4.999962443e-24,3.030427788e-26,2.698532961e-10,6.474833213e-24,2.695991309e-20,3.040515601e-17,1.611511368e-15,3.426573891e-14
28,0.02259733932,0.01088990801,0.004709063129,0.001972811082,0.01410340891,0.004222285481,0.01184532051,0.02751766215,0.05037253027,0.07986039157,0.03202795492,0.01543463798,0.00667432091,0.002796136572,0.01525602675,0.004222288371,0.01184531621,0.02751762544,0.05037241615,0.0798601964,0.0004272422633,0.0001448711315,4.40791179e-05,1.334958123e-05,0.0005173218105,2.905087062e-05,0.0001313016195,0.0004749553847,0.001198668464,0.002504423048,0.0003014409886,0.0001022138191,3.109999529e-05,9.418782352e-06,0.0004782372993,2.905085074e-05,0.0001313016671,0.0004749560185,0.00119867118,0.002504429169,0.01055267354,0.004013597157,0.00136977254,0.0004612232283,0.004440184728,0.0004716052734,0.001364312131,0.003261082325,0.005847411123,0.009082653967,0.01542409076,0.005866393818,0.002002102252,0.0006741387733,0.004836472651,0.0004716056247,0.001364311593,0.00326107759,0.005847396706,0.009082629812,0.0002206419887,5.985104455e-05,1.456795875e-05,3.590583861e-06,0.0001763146622,3.561885249e-06,1.629899504e-05,5.963894665e-05,0.0001453077085,0.0002936456265,0.0001509562483,4.09481514e-05,9.966918442e-06,2.45655753e-06,0.0001618678999,3.561882596e-06,1.629900147e-05,5.963903325e-05,0.0001453080668,0.0002936464074,2.265878576e-07,2.78149118e-08,2.584247079e-09,2.251063708e-10,1.101641287e-05,3.803892817e-09,1.126604878e-07,1.941421163e-06,1.357061567e-05,6.32029516e-05,3.411394915e-10,2.634475225e-11,1.398489526e-12,6.671285508e-14,9.575175535e-07,6.664627091e-12,6.581828506e-10,3.121898163e-08,4.08222204e-07,3.130820694e-06,5.082382455e-10,6.252189439e-11,5.509448708e-12,4.352438657e-13,1.649591994e-06,5.620390092e-11,3.560295569e-09,1.170057905e-07,1.228755585e-06,7.886840667e-06,1.908289301e-10,2.55910075e-11,2.458339068e-12,2.103108742e-13,1.245610012e-06,3.228520401e-11,2.103890571e-09,7.098488672e-08,7.49215696e-07,4.807686687e-06,4.292122054e-11,6.418837006e-12,6.876253238e-13,6.505359467e-14,7.811649541e-07,1.230245542e-11,8.308990774e-10,2.898131664e-08,3.046257904e-07,1.932563736e-06,8.593434558e-13,1.119744537e-13,1.002938052e-14,7.754223543e-16,1.917138584e-07,2.488549254e-13,2.837394606e-11,1.537932789e-09,2.009927376e-08,1.494753875e-07,1.788652927e-17,8.141206965e-19,2.178362292e-20,4.805683541e-22,3.701816349e-09,4.731661277e-19,4.287591151e-16,1.338933856e-13,4.302559936e-12,6.406773762e-11,5.650763558e-17,2.048773654e-18,4.366761001e-20,7.809203714e-22,3.511881616e-09,2.901936666e-19,2.701484249e-16,8.650201369e-14,2.784598318e-12,4.161659813e-11,1.271851243e-16,3.490120947e-18,5.630192361e-20,7.785638527e-22,2.759158412e-09,1.109743325e-19,1.101437015e-16,3.742990558e-14,1.222292053e-12,1.851825375e-11,4.817136854e-20,6.770122449e-22,4.972253513e-24,2.995737429e-26,2.677014367e-10,6.301203684e-24,2.630291247e-20,2.973343746e-17,1.577449997e-15,3.357150524e-14
29,0.02259733884,0.01088990739,0.0047090627,0.001972810839,0.01410340779,0.004222285317,0.0118453204,0.02751766267,0.05037253252,0.07986039737,0.03202795423,0.01543463711,0.006674320302,0.002796136227,0.01525602554,0.004222288207,0.01184531611,0.02751762595,0.0503724184,0.07986020221,0.0004272422498,0.0001448711195,4.407911199e-05,1.334957881e-05,0.000517321746,2.90508675e-05,0.0001313016094,0.0004749553613,0.001198668435,0.002504423053,0.0003014409791,0.0001022138106,3.109999112e-05,9.418780643e-06,0.0004782372397,2.905084762e-05,0.0001313016569,0.000474955995,0.001198671151,0.002504429173,0.01055267343,0.004013597045,0.001369772478,0.0004612232001,0.00444018462,0.0004716053071,0.001364312283,0.003261082809,0.005847412211,0.009082656054,0.0154240906,0.005866393655,0.002002102162,0.0006741387321,0.004836472533,0.0004716056584,0.001364311745,0.003261078074,0.005847397794,0.009082631899,0.0002206419842,5.985104136e-05,1.456795749e-05,3.590583441e-06,0.0001763146502,3.561885269e-06,1.629899579e-05,5.963895159e-05,0.0001453077259,0.0002936456739,0.0001509562453,4.094814921e-05,9.96691758e-06,2.456557242e-06,0.0001618678888,3.561882616e-06,1.629900222e-05,5.96390382e-05,0.0001453080841,0.0002936464549,2.265878382e-07,2.781490557e-08,2.584246142e-09,2.251062603e-10,1.101640991e-05,3.803891452e-09,1.126604546e-07,1.941420706e-06,1.357061313e-05,6.320294274e-05,3.411394474e-10,2.634474331e-11,1.398488758e-12,6.671280549e-14,9.575171906e-07,6.664622876e-12,6.58182483e-10,3.121896634e-08,4.082220221e-07,3.13081942e-06,5.074551725e-10,6.240757241e-11,5.497789725e-12,4.342072689e-13,1.647550108e-06,5.60527927e-11,3.551628913e-09,1.167486072e-07,1.226221828e-06,7.8715053e-06,1.904386456e-10,2.551337142e-11,2.448453435e-12,2.092736268e-13,1.241794295e-06,3.205475722e-11,2.09030134e-09,7.05711575e-08,7.451226158e-07,4.782965985e-06,4.280610421e-11,6.389605486e-12,6.832090563e-13,6.452379041e-14,7.769744084e-07,1.214584985e-11,8.213271981e-10,2.868004792e-08,3.016579071e-07,1.91484946e-06,8.554869174e-13,1.111230384e-13,9.921967978e-15,7.649011476e-16,1.900734319e-07,2.435936567e-13,2.783007324e-11,1.511277972e-09,1.977134122e-08,1.471704253e-07,1.770221329e-17,8.014932059e-19,2.133294034e-20,4.683402925e-22,3.652756517e-09,4.557968115e-19,4.144256967e-16,1.298263069e-13,4.177909851e-12,6.228926513e-11,5.576061294e-17,2.010019028e-18,4.259429122e-20,7.576661955e-22,3.459426306e-09,2.783279266e-19,2.600596817e-16,8.355724797e-14,2.693874367e-12,4.031276649e-11,1.238146525e-16,3.374474701e-18,5.406533611e-20,7.429307748e-22,2.700705913e-09,1.047539255e-19,1.044808759e-16,3.56675389e-14,1.166956443e-12,1.770783892e-11,4.852793797e-20,6.776437421e-22,4.944930898e-24,2.961610841e-26,2.655772888e-10,6.133171583e-24,2.566577201e-20,2.90808255e-17,1.544343086e-15,3.289652348e-14
30,0.02259733836,0.01088990678,0.004709062274,0.001972810597,0.01410340669,0.004222285154,0.01184532029,0.02751766317,0.05037253476,0.07986040313,0.03202795355,0.01543463625,0.006674319698,0.002796135885,0.01525602435,0.004222288044,0.011845316,0.02751762646,0.05037242063,0.07986020797,0.0004272422364,0.0001448711076,4.407910612e-05,1.33495764e-05,0.0005173216821,2.905086441e-05,0.0001313015993,0.000474955338,0.001198668405,0.002504423057,0.0003014409697,0.0001022138022,3.109998698e-05,9.418778945e-06,0.0004782371806,2.905084453e-05,0.0001313016469,0.0004749559717,0.001198671121,0.002504429177,0.01055267332,0.004013596934,0.001369772416,0.0004612231721,0.004440184513,0.0004716053405,0.001364312433,0.003261083289,0.005847413291,0.009082658126,0.01542409044,0.005866393492,0.002002102072,0.0006741386912,0.004836472416,0.0004716056918,0.001364311895,0.003261078554,0.005847398874,0.009082633971,0.0002206419797,5.985103818e-05,1.456795624e-05,3.590583024e-06,0.0001763146383,3.561885289e-06,1.629899653e-05,5.963895651e-05,0.0001453077431,0.000293645721,0.0001509562422,4.094814704e-05,9.966916724e-06,2.456556957e-06,0.0001618678779,3.561882636e-06,1.629900296e-05,5.963904311e-05,0.0001453081014,0.000293646502,2.26587819e-07,2.781489938e-08,2.584245212e-09,2.251061507e-10,1.101640696e-05,3.803890097e-09,1.126604216e-07,1.941420253e-06,1.35706106e-05,6.320293395e-05,3.411394037e-10,2.634473444e-11,1.398487995e-12,6.671275625e-14,9.575168303e-07,6.664618692e-12,6.581821181e-10,3.121895115e-08,4.082218416e-07,3.130818156e-06,5.066779296e-10,6.229411104e-11,5.486220118e-12,4.331787832e-13,1.645522194e-06,5.590295027e-11,3.54303281e-09,1.164934619e-07,1.223707859e-06,7.856288292e-06,1.900491874e-10,2.543605313e-11,2.438622971e-12,2.082434049e-13,1.238001811e-06,3.182675454e-11,2.076847401e-09,7.016129949e-08,7.410664772e-07,4.758461358e-06,4.269081881e-11,6.360469613e-12,6.78820751e-13,6.399857628e-14,7.728158629e-07,1.199168641e-11,8.118933103e-10,2.838279421e-08,2.987277498e-07,1.897350825e-06,8.516353909e-13,1.102776035e-13,9.815759682e-15,7.54533777e-16,1.884514263e-07,2.384604564e-13,2.729838778e-11,1.485172679e-09,1.944985081e-08,1.449087853e-07,1.752027101e-17,7.891013375e-19,2.089312183e-20,4.564668398e-22,3.604565346e-09,4.391456943e-19,4.00638759e-16,1.259021088e-13,4.057470166e-12,6.056880427e-11,5.502732826e-17,1.972196649e-18,4.155282962e-20,7.352222648e-22,3.408051895e-09,2.670146378e-19,2.504054847e-16,8.072976921e-14,2.606635342e-12,3.905744872e-11,1.205539381e-16,3.263363424e-18,5.193116659e-20,7.091438762e-22,2.643872891e-09,9.892076217e-20,9.914429467e-17,3.399905589e-14,1.114466058e-12,1.693783446e-11,4.88872662e-20,6.782970615e-22,4.918054307e-24,2.92812718e-26,2.634862986e-10,5.970987282e-24,2.504953112e-20,2.844846196e-17,1.512249235e-15,3.224199607e-14
31,0.02259733788,0.01088990618,0.004709061852,0.001972810358,0.01410340559,0.004222284992,0.01184532019,0.02751766368,0.05037253697,0.07986040883,0.03202795288,0.0154346354,0.0066743191,0.002796135546,0.01525602316,0.004222287882,0.01184531589,0.02751762696,0.05037242285,0.07986021367,0.0004272422231,0.0001448710958,4.407910031e-05,1.334957402e-05,0.0005173216187,2.905086135e-05,0.0001313015893,0.0004749553149,0.001198668376,0.002504423061,0.0003014409603,0.0001022137939,3.109998288e-05,9.418777265e-06,0.000478237122,2.905084146e-05,0.0001313016369,0.0004749559487,0.001198671092,0.002504429182,0.0105526732,0.004013596824,0.001369772356,0.0004612231444,0.004440184407,0.0004716053736,0.001364312583,0.003261083765,0.00584741436,0.009082660177,0.01542409028,0.005866393331,0.002002101983,0.0006741386508,0.0048364723,0.0004716057249,0.001364312045,0.003261079029,0.005847399943,0.009082636022,0.0002206419753,5.985103504e-05,1.4567955e-05,3.590582611e-06,0.0001763146265,3.561885309e-06,1.629899726e-05,5.963896137e-05,0.0001453077601,0.0002936457677,0.0001509562392,4.094814489e-05,9.966915876e-06,2.456556674e-06,0.0001618678671,3.561882656e-06,1.629900369e-05,5.963904797e-05,0.0001453081184,0.0002936465486,2.265878e-07,2.781489326e-08,2.584244291e-09,2.251060421e-10,1.101640405e-05,3.803888755e-09,1.12660389e-07,1.941419804e-06,1.357060809e-05,6.320292524e-05,3.411393603e-10,2.634472565e-11,1.39848724e-12,6.671270752e-14,9.575164736e-07,6.66461455e-12,6.581817568e-10,3.121893612e-08,4.082216628e-07,3.130816904e-06,5.059087733e-10,6.218183951e-11,5.474773425e-12,4.321613863e-13,1.64351417e-06,5.575480505e-11,3.534532061e-09,1.162410924e-07,1.221220954e-06,7.841233713e-06,1.896617726e-10,2.535928972e-11,2.428877411e-12,2.072232914e-13,1.234243857e-06,3.160184742e-11,2.063567441e-09,6.975649791e-08,7.370590436e-07,4.734244043e-06,4.257574432e-11,6.331521223e-12,6.744738479e-13,6.347952371e-14,7.687016428e-07,1.184038158e-11,8.026233186e-10,2.809038317e-08,2.95843536e-07,1.880117206e-06,8.478014277e-13,1.094407509e-13,9.711067279e-15,7.443492916e-16,1.868524819e-07,2.334669447e-13,2.678015051e-11,1.459681232e-09,1.913560974e-08,1.42696235e-07,1.734121964e-17,7.769770732e-19,2.046517046e-20,4.449712743e-22,3.557366868e-09,4.232274512e-19,3.874145931e-16,1.221264413e-13,3.941427446e-12,5.89091752e-11,5.430965369e-17,1.935391146e-18,4.054516421e-20,7.136213138e-22,3.357881938e-09,2.562570996e-19,2.41192212e-16,7.802234588e-14,2.522978078e-12,3.785217308e-11,1.174083753e-16,3.156905404e-18,4.990024251e-20,6.771924688e-22,2.58877124e-09,9.346460258e-20,9.412812876e-17,3.242359121e-14,1.064805902e-12,1.620816623e-11,4.924813384e-20,6.789681045e-22,4.89168146e-24,2.895361906e-26,2.614337285e-10,5.814859588e-24,2.445508039e-20,2.783734465e-17,1.481219867e-15,3.160898104e-14
32,0.02259733741,0.01088990559,0.004709061435,0.001972810122,0.01410340451,0.004222284833,0.01184532008,0.02751766417,0.05037253916,0.07986041446,0.03202795221,0.01543463455,0.00667431851,0.002796135211,0.01525602199,0.004222287723,0.01184531579,0.02751762746,0.05037242503,0.0798602193,0.00042724221,0.0001448710842,4.407909457e-05,1.334957167e-05,0.0005173215562,2.905085832e-05,0.0001313015795,0.0004749552921,0.001198668348,0.002504423066,0.0003014409511,0.0001022137857,3.109997883e-05,9.418775607e-06,0.0004782370643,2.905083844e-05,0.0001313016271,0.0004749559259,0.001198671063,0.002504429186,0.0105526731,0.004013596715,0.001369772296,0.0004612231171,0.004440184302,0.0004716054063,0.00136431273,0.003261084234,0.005847415415,0.009082662201,0.01542409012,0.005866393172,0.002002101895,0.0006741386108,0.004836472186,0.0004716057576,0.001364312192,0.003261079499,0.005847400998,0.009082638046,0.000220641971,5.985103194e-05,1.456795378e-05,3.590582203e-06,0.0001763146149,3.561885329e-06,1.629899799e-05,5.963896617e-05,0.000145307777,0.0002936458137,0.0001509562362,4.094814277e-05,9.96691504e-06,2.456556395e-06,0.0001618678564,3.561882676e-06,1.629900441e-05,5.963905277e-05,0.0001453081352,0.0002936465947,2.265877813e-07,2.781488722e-08,2.584243382e-09,2.25105935e-10,1.101640117e-05,3.803887431e-09,1.126603568e-07,1.941419361e-06,1.357060562e-05,6.320291665e-05,3.411393175e-10,2.634471698e-11,1.398486495e-12,6.671265942e-14,9.575161216e-07,6.664610462e-12,6.581814003e-10,3.121892129e-08,4.082214864e-07,3.130815668e-06,5.051499561e-10,6.207108637e-11,5.463483096e-12,4.311580462e-13,1.641531961e-06,5.560878608e-11,3.526151357e-09,1.159922335e-07,1.218768365e-06,7.826385506e-06,1.892776372e-10,2.528332031e-11,2.419246591e-12,2.062163654e-13,1.230531756e-06,3.138067719e-11,2.050499651e-09,6.935792558e-08,7.331119714e-07,4.710384713e-06,4.246127024e-11,6.302853043e-12,6.701817709e-13,6.296818854e-14,7.646440199e-07,1.169233628e-11,7.935422949e-10,2.780361973e-08,2.930132802e-07,1.863196867e-06,8.439977651e-13,1.086150697e-13,9.608195972e-15,7.343757315e-16,1.852811518e-07,2.28623783e-13,2.627653256e-11,1.434864006e-09,1.882937971e-08,1.405382412e-07,1.716556261e-17,7.651507274e-19,2.005000782e-20,4.338741957e-22,3.511279389e-09,4.080518905e-19,3.747656687e-16,1.185039334e-13,3.829937957e-12,5.731277865e-11,5.360936815e-17,1.899680388e-18,3.957300112e-20,6.928902907e-22,3.30903259e-09,2.460552283e-19,2.324234436e-16,7.543696174e-14,2.442975773e-12,3.669813542e-11,1.14382556e-16,3.055187755e-18,4.797274946e-20,6.470555493e-22,2.535501239e-09,8.83736206e-20,8.942499642e-17,3.093977943e-14,1.017945166e-12,1.551852794e-11,4.960926322e-20,6.796525838e-22,4.865868503e-24,2.86338715e-26,2.594246691e-10,5.664960184e-24,2.388317665e-20,2.724834137e-17,1.451299926e-15,3.099840615e-14
33,0.02259733695,0.010889905,0.004709061026,0.00197280989,0.01410340345,0.004222284677,0.01184531998,0.02751766466,0.0503725413,0.07986042,0.03202795156,0.01543463373,0.006674317929,0.002796134882,0.01525602084,0.004222287566,0.01184531569,0.02751762794,0.05037242718,0.07986022483,0.0004272421972,0.0001448710727,4.407908893e-05,1.334956936e-05,0.0005173214947,2.905085535e-05,0.0001313015698,0.0004749552697,0.00119866832,0.00250442307,0.000301440942,0.0001022137776,3.109997485e-05,9.418773976e-06,0.0004782370074,2.905083547e-05,0.0001313016174,0.0004749559035,0.001198671035,0.00250442919,0.01055267299,0.004013596608,0.001369772237,0.0004612230902,0.004440184199,0.0004716054384,0.001364312875,0.003261084696,0.005847416453,0.009082664193,0.01542408996,0.005866393016,0.002002101809,0.0006741385715,0.004836472074,0.0004716057897,0.001364312337,0.003261079961,0.005847402036,0.009082640038,0.0002206419667,5.985102888e-05,1.456795258e-05,3.590581802e-06,0.0001763146034,3.561885348e-06,1.62989987e-05,5.963897089e-05,0.0001453077935,0.000293645859,0.0001509562333,4.094814068e-05,9.966914217e-06,2.456556121e-06,0.0001618678459,3.561882695e-06,1.629900512e-05,5.96390575e-05,0.0001453081518,0.0002936466399,2.265877628e-07,2.781488127e-08,2.584242488e-09,2.251058296e-10,1.101639834e-05,3.803886129e-09,1.126603251e-07,1.941418926e-06,1.357060319e-05,6.32029082e-05,3.411392755e-10,2.634470845e-11,1.398485762e-12,6.67126121e-14,9.575157754e-07,6.664606441e-12,6.581810496e-10,3.12189067e-08,4.082213129e-07,3.130814453e-06,5.044037263e-10,6.196217944e-11,5.452382487e-12,4.301717206e-13,1.639581489e-06,5.546532007e-11,3.517915275e-09,1.157476172e-07,1.216357319e-06,7.811787485e-06,1.888980344e-10,2.520838581e-11,2.409760413e-12,2.052257002e-13,1.226876849e-06,3.116387496e-11,2.037681714e-09,6.896674264e-08,7.292368066e-07,4.686953452e-06,4.234779464e-11,6.274558532e-12,6.659579101e-13,6.246610941e-14,7.606552041e-07,1.15479362e-11,7.846744928e-10,2.752328644e-08,2.902447949e-07,1.84663697e-06,8.402372971e-13,1.078031332e-13,9.507444294e-15,7.24640131e-16,1.837419015e-07,2.239407297e-13,2.578862001e-11,1.410777605e-09,1.853187883e-08,1.384399819e-07,1.699378945e-17,7.536510054e-19,1.964847868e-20,4.23193723e-22,3.46641571e-09,3.93624551e-19,3.627010565e-16,1.150382949e-13,3.723130551e-12,5.578163442e-11,5.292816114e-17,1.865135905e-18,3.863783261e-20,6.730509329e-22,3.261613009e-09,2.364060642e-19,2.241003364e-16,7.297491088e-14,2.366680727e-12,3.559623628e-11,1.114803427e-16,2.958270056e-18,4.614832446e-20,6.187036259e-22,2.484152476e-09,8.363481854e-20,8.502630243e-17,2.954584898e-14,9.738400191e-13,1.486842009e-11,4.996932159e-20,6.803460732e-22,4.840670397e-24,2.832272074e-26,2.574640527e-10,5.521427985e-24,2.333445804e-20,2.668220397e-17,1.422528571e-15,3.041108297e-14
34,0.02259733649,0.01088990443,0.004709060624,0.001972809662,0.0141034024,0.004222284523,0.01184531988,0.02751766514,0.05037254341,0.07986042543,0.03202795091,0.01543463291,0.00667431736,0.00279613456,0.01525601971,0.004222287413,0.01184531559,0.02751762842,0.05037242928,0.07986023026,0.0004272421846,0.0001448710615,4.40790834e-05,1.334956709e-05,0.0005173214344,2.905085244e-05,0.0001313015603,0.0004749552478,0.001198668292,0.002504423074,0.0003014409331,0.0001022137697,3.109997095e-05,9.418772377e-06,0.0004782369517,2.905083255e-05,0.0001313016079,0.0004749558816,0.001198671008,0.002504429194,0.01055267288,0.004013596503,0.001369772179,0.0004612230638,0.004440184098,0.0004716054699,0.001364313017,0.003261085149,0.005847417471,0.009082666145,0.01542408981,0.005866392863,0.002002101724,0.000674138533,0.004836471964,0.0004716058212,0.001364312479,0.003261080413,0.005847403054,0.00908264199,0.0002206419625,5.985102589e-05,1.45679514e-05,3.590581409e-06,0.0001763145922,3.561885367e-06,1.62989994e-05,5.963897552e-05,0.0001453078097,0.0002936459034,0.0001509562304,4.094813864e-05,9.96691341e-06,2.456555852e-06,0.0001618678355,3.561882714e-06,1.629900582e-05,5.963906212e-05,0.000145308168,0.0002936466843,2.265877448e-07,2.781487544e-08,2.584241611e-09,2.251057263e-10,1.101639557e-05,3.803884852e-09,1.126602941e-07,1.941418498e-06,1.357060081e-05,6.320289991e-05,3.411392342e-10,2.634470009e-11,1.398485043e-12,6.671256571e-14,9.575154359e-07,6.664602498e-12,6.581807057e-10,3.12188924e-08,4.082211427e-07,3.130813261e-06,5.036723275e-10,6.18554457e-11,5.441504852e-12,4.292053566e-13,1.63766868e-06,5.53248313e-11,3.509848276e-09,1.155079731e-07,1.213995018e-06,7.797483328e-06,1.885242323e-10,2.513472864e-11,2.400448821e-12,2.042543601e-13,1.223290491e-06,3.095206171e-11,2.025150807e-09,6.858409635e-08,7.254449821e-07,4.664019739e-06,4.223572327e-11,6.246731719e-12,6.618156056e-13,6.197480656e-14,7.567473357e-07,1.140755231e-11,7.7604337e-10,2.725014392e-08,2.875456946e-07,1.830483588e-06,8.365330456e-13,1.070074945e-13,9.409103978e-15,7.151685342e-16,1.822391087e-07,2.194267008e-13,2.531741906e-11,1.38747507e-09,1.824378388e-08,1.364063606e-07,1.682637596e-17,7.425050742e-19,1.926135612e-20,4.12945704e-22,3.422883411e-09,3.799472859e-19,3.512268477e-16,1.11732419e-13,3.621109601e-12,5.431742047e-11,5.226763722e-17,1.831823341e-18,3.77409568e-20,6.541203473e-22,3.215725809e-09,2.273042523e-19,2.162219871e-16,7.063689075e-14,2.294127038e-12,3.454711752e-11,1.087049433e-16,2.866187942e-18,4.442614531e-20,5.921004218e-22,2.434804792e-09,7.923439688e-20,8.092254653e-17,2.823970898e-14,9.324362058e-13,1.425718637e-11,5.032692483e-20,6.810440552e-22,4.816141291e-24,2.802083229e-26,2.555566661e-10,5.384373394e-24,2.280945866e-20,2.613958208e-17,1.394939873e-15,2.984772074e-14
35,0.02259733605,0.01088990387,0.004709060232,0.00197280944,0.01410340138,0.004222284373,0.01184531978,0.02751766561,0.05037254547,0.07986043073,0.03202795029,0.01543463212,0.006674316804,0.002796134245,0.01525601861,0.004222287263,0.01184531549,0.02751762889,0.05037243134,0.07986023556,0.0004272421722,0.0001448710505,4.407907799e-05,1.334956488e-05,0.0005173213755,2.905084959e-05,0.000131301551,0.0004749552263,0.001198668265,0.002504423078,0.0003014409244,0.000102213762,3.109996713e-05,9.418770814e-06,0.0004782368972,2.905082971e-05,0.0001313015986,0.0004749558601,0.001198670981,0.002504429198,0.01055267278,0.004013596401,0.001369772122,0.000461223038,0.004440183999,0.0004716055007,0.001364313156,0.003261085591,0.005847418465,0.009082668053,0.01542408966,0.005866392714,0.002002101642,0.0006741384953,0.004836471856,0.000471605852,0.001364312618,0.003261080855,0.005847404048,0.009082643898,0.0002206419584,5.985102297e-05,1.456795025e-05,3.590581025e-06,0.0001763145812,3.561885385e-06,1.629900008e-05,5.963898005e-05,0.0001453078256,0.0002936459467,0.0001509562276,4.094813664e-05,9.966912622e-06,2.456555589e-06,0.0001618678255,3.561882732e-06,1.62990065e-05,5.963906665e-05,0.0001453081838,0.0002936467277,2.265877271e-07,2.781486975e-08,2.584240755e-09,2.251056254e-10,1.101639286e-05,3.803883605e-09,1.126602637e-07,1.941418081e-06,1.357059848e-05,6.320289181e-05,3.411391939e-10,2.634469191e-11,1.39848434e-12,6.671252038e-14,9.575151041e-07,6.664598645e-12,6.581803697e-10,3.121887842e-08,4.082209765e-07,3.130812097e-06,5.029579982e-10,6.175121135e-11,5.430883345e-12,4.282618902e-13,1.635799458e-06,5.518774171e-11,3.501974706e-09,1.152740273e-07,1.211688639e-06,7.783516574e-06,1.881575128e-10,2.506259244e-11,2.391341772e-12,2.03305399e-13,1.219784039e-06,3.074584841e-11,2.012943602e-09,6.821112111e-08,7.217478173e-07,4.641652436e-06,4.21254686e-11,6.219467057e-12,6.577681324e-13,6.149578084e-14,7.529324794e-07,1.127154151e-11,7.676716188e-10,2.698493155e-08,2.849234011e-07,1.814781734e-06,8.328981314e-13,1.062306845e-13,9.313459926e-15,7.059860211e-16,1.80777065e-07,2.150898365e-13,2.486386179e-11,1.365006113e-09,1.79657329e-08,1.344420222e-07,1.666378446e-17,7.317386485e-19,1.888934704e-20,4.031439341e-22,3.380785153e-09,3.67018831e-19,3.403465667e-16,1.085884851e-13,3.523957936e-12,5.292151254e-11,5.162932119e-17,1.799802952e-18,3.688349796e-20,6.361115891e-22,3.17146755e-09,2.187424982e-19,2.087857793e-16,6.842309248e-14,2.225333237e-12,3.355119836e-11,1.060589864e-16,2.778956605e-18,4.280501517e-20,5.67204449e-22,2.387529272e-09,7.515808051e-20,7.710360123e-17,2.701902898e-14,8.936714523e-13,1.368404765e-11,5.068064153e-20,6.817419681e-22,4.792334868e-24,2.772884902e-26,2.537071654e-10,5.253882419e-24,2.230862287e-20,2.562103671e-17,1.368563479e-15,2.930893998e-14
36,0.02259733562,0.01088990332,0.00470905985,0.001972809224,0.01410340039,0.004222284227,0.01184531969,0.02751766607,0.05037254747,0.07986043589,0.03202794967,0.01543463134,0.006674316263,0.002796133938,0.01525601753,0.004222287117,0.01184531539,0.02751762935,0.05037243334,0.07986024072,0.0004272421602,0.0001448710398,4.407907273e-05,1.334956272e-05,0.0005173213182,2.905084682e-05,0.000131301542,0.0004749552055,0.001198668239,0.002504423082,0.000301440916,0.0001022137544,3.109996342e-05,9.418769293e-06,0.0004782368442,2.905082693e-05,0.0001313015896,0.0004749558392,0.001198670954,0.002504429202,0.01055267268,0.004013596302,0.001369772067,0.000461223013,0.004440183903,0.0004716055307,0.001364313291,0.003261086021,0.005847419433,0.00908266991,0.01542408951,0.005866392568,0.002002101561,0.0006741384586,0.004836471751,0.0004716058819,0.001364312753,0.003261081286,0.005847405016,0.009082645755,0.0002206419544,5.985102012e-05,1.456794912e-05,3.590580651e-06,0.0001763145705,3.561885403e-06,1.629900074e-05,5.963898445e-05,0.000145307841,0.000293645989,0.0001509562249,4.094813469e-05,9.966911855e-06,2.456555333e-06,0.0001618678157,3.56188275e-06,1.629900717e-05,5.963907105e-05,0.0001453081993,0.0002936467699,2.265877099e-07,2.781486421e-08,2.584239921e-09,2.251055271e-10,1.101639022e-05,3.80388239e-09,1.126602342e-07,1.941417675e-06,1.357059622e-05,6.320288393e-05,3.411391547e-10,2.634468396e-11,1.398483657e-12,6.671247626e-14,9.575147813e-07,6.664594895e-12,6.581800427e-10,3.121886481e-08,4.082208147e-07,3.130810964e-06,5.022629717e-10,6.164980168e-11,5.420551015e-12,4.273442468e-13,1.633979745e-06,5.505447089e-11,3.494318796e-09,1.150465035e-07,1.209445335e-06,7.769930617e-06,1.877991689e-10,2.499222179e-11,2.382469212e-12,2.023818584e-13,1.216368848e-06,3.054583637e-11,2.001096281e-09,6.78489386e-08,7.181565187e-07,4.619919792e-06,4.201744885e-11,6.192859274e-12,6.538286887e-13,6.103051319e-14,7.492226203e-07,1.114024741e-11,7.595812047e-10,2.672836845e-08,2.823851518e-07,1.799575398e-06,8.293457479e-13,1.054752089e-13,9.220790281e-15,6.97116747e-16,1.793599782e-07,2.109375724e-13,2.442881241e-11,1.343417381e-09,1.769832805e-08,1.325513719e-07,1.650646423e-17,7.213760885e-19,1.853309823e-20,3.938003834e-22,3.34021904e-09,3.548353508e-19,3.300615744e-16,1.056080603e-13,3.431739786e-12,5.159502379e-11,5.101466387e-17,1.769130122e-18,3.606642716e-20,6.190342365e-22,3.128929266e-09,2.107119938e-19,2.017877135e-16,6.633328797e-14,2.160304835e-12,3.260871048e-11,1.035445976e-16,2.6965742e-18,4.128344231e-20,5.439704528e-22,2.34238925e-09,7.139140383e-20,7.355895973e-17,2.588131145e-14,8.5747767e-13,1.314813328e-11,5.102899751e-20,6.824352489e-22,4.769304659e-24,2.744739455e-26,2.519200896e-10,5.130020647e-24,2.183231928e-20,2.51270534e-17,1.343425277e-15,2.879528577e-14
37,0.0225973352,0.01088990279,0.00470905948,0.001972809014,0.01410339943,0.004222284085,0.01184531959,0.02751766651,0.05037254941,0.07986044089,0.03202794908,0.0154346306,0.006674315738,0.00279613364,0.01525601649,0.004222286975,0.0118453153,0.02751762979,0.05037243529,0.07986024573,0.0004272421486,0.0001448710295,4.407906763e-05,1.334956063e-05,0.0005173212626,2.905084413e-05,0.0001313015333,0.0004749551852,0.001198668213,0.002504423085,0.0003014409078,0.0001022137471,3.109995982e-05,9.418767819e-06,0.0004782367928,2.905082425e-05,0.0001313015808,0.000474955819,0.001198670929,0.002504429206,0.01055267259,0.004013596205,0.001369772014,0.0004612229887,0.004440183809,0.0004716055597,0.001364313422,0.003261086439,0.005847420371,0.00908267171,0.01542408937,0.005866392427,0.002002101483,0.0006741384231,0.00483647165,0.000471605911,0.001364312884,0.003261081703,0.005847405954,0.009082647555,0.0002206419505,5.985101737e-05,1.456794804e-05,3.590580288e-06,0.0001763145602,3.56188542e-06,1.629900138e-05,5.963898872e-05,0.000145307856,0.0002936460299,0.0001509562222,4.09481328e-05,9.966911112e-06,2.456555086e-06,0.0001618678062,3.561882767e-06,1.629900781e-05,5.963907532e-05,0.0001453082142,0.0002936468108,2.265876932e-07,2.781485883e-08,2.584239113e-09,2.251054319e-10,1.101638766e-05,3.803881213e-09,1.126602055e-07,1.941417281e-06,1.357059402e-05,6.320287629e-05,3.411391166e-10,2.634467625e-11,1.398482994e-12,6.671243349e-14,9.575144683e-07,6.66459126e-12,6.581797257e-10,3.121885162e-08,4.082206578e-07,3.130809865e-06,5.01589476e-10,6.155154113e-11,5.410540807e-12,4.264553408e-13,1.632215459e-06,5.492543621e-11,3.486904666e-09,1.148261224e-07,1.207272231e-06,7.756768715e-06,1.874505033e-10,2.4923862e-11,2.373861053e-12,2.014867656e-13,1.213056267e-06,3.035261756e-11,1.989644549e-09,6.749865813e-08,7.146821824e-07,4.598889454e-06,4.191208706e-11,6.16700324e-12,6.500103859e-13,6.058046444e-14,7.456296607e-07,1.101400126e-11,7.517934124e-10,2.648115462e-08,2.799380093e-07,1.784907602e-06,8.25889135e-13,1.04743547e-13,9.131366605e-15,6.885839916e-16,1.779919753e-07,2.069767146e-13,2.401307405e-11,1.322752732e-09,1.74421388e-08,1.307385954e-07,1.63548521e-17,7.114405103e-19,1.819320269e-20,3.849254288e-22,3.301279002e-09,3.433909633e-19,3.203714609e-16,1.027921997e-13,3.344503682e-12,5.033884438e-11,5.042504852e-17,1.739855903e-18,3.529058314e-20,6.02894957e-22,3.088197025e-09,2.03202816e-19,1.952227201e-16,6.436691351e-14,2.099036798e-12,3.171973205e-11,1.011634749e-16,2.619025119e-18,3.985971474e-20,5.223507286e-22,2.299441324e-09,6.791995749e-20,7.027795573e-17,2.482395737e-14,8.237829671e-13,1.264850996e-11,5.13704806e-20,6.831193739e-22,4.747104333e-24,2.717707653e-26,2.501998755e-10,5.012837073e-24,2.138085416e-20,2.465805512e-17,1.319548036e-15,2.830724063e-14
38,0.0225973348,0.01088990228,0.004709059122,0.001972808811,0.0141033985,0.004222283949,0.0118453195,0.02751766693,0.05037255129,0.07986044572,0.03202794851,0.01543462987,0.006674315232,0.002796133353,0.01525601549,0.004222286839,0.01184531521,0.02751763021,0.05037243716,0.07986025056,0.0004272421374,0.0001448710195,4.407906271e-05,1.334955862e-05,0.000517321209,2.905084154e-05,0.0001313015248,0.0004749551657,0.001198668188,0.002504423089,0.0003014408998,0.0001022137401,3.109995635e-05,9.418766396e-06,0.0004782367432,2.905082165e-05,0.0001313015724,0.0004749557994,0.001198670904,0.002504429209,0.01055267249,0.004013596112,0.001369771962,0.0004612229652,0.004440183719,0.0004716055878,0.001364313548,0.003261086842,0.005847421277,0.009082673447,0.01542408923,0.005866392291,0.002002101408,0.0006741383888,0.004836471552,0.000471605939,0.00136431301,0.003261082106,0.00584740686,0.009082649292,0.0002206419468,5.98510147e-05,1.456794699e-05,3.590579939e-06,0.0001763145502,3.561885437e-06,1.6299002e-05,5.963899284e-05,0.0001453078704,0.0002936460694,0.0001509562196,4.094813098e-05,9.966910394e-06,2.456554846e-06,0.000161867797,3.561882784e-06,1.629900843e-05,5.963907944e-05,0.0001453082287,0.0002936468503,2.265876771e-07,2.781485365e-08,2.584238332e-09,2.251053399e-10,1.101638519e-05,3.803880077e-09,1.126601779e-07,1.941416901e-06,1.35705919e-05,6.320286891e-05,3.411390799e-10,2.634466881e-11,1.398482355e-12,6.671239221e-14,9.575141662e-07,6.664587752e-12,6.581794197e-10,3.121883889e-08,4.082205064e-07,3.130808805e-06,5.009397337e-10,6.145675325e-11,5.400885563e-12,4.255980763e-13,1.630512517e-06,5.480105288e-11,3.479756328e-09,1.146136019e-07,1.205176429e-06,7.744073987e-06,1.871128267e-10,2.48577588e-11,2.365547156e-12,2.006231333e-13,1.20985763e-06,3.016677525e-11,1.978623661e-09,6.716137723e-08,7.113357983e-07,4.57862848e-06,4.18098101e-11,6.141993845e-12,6.463262414e-13,6.014707552e-14,7.421654193e-07,1.089312299e-11,7.443288999e-10,2.624397237e-08,2.775888741e-07,1.770820466e-06,8.225415554e-13,1.040381506e-13,9.045454157e-15,6.804102204e-16,1.766771078e-07,2.032135181e-13,2.361739582e-11,1.303053545e-09,1.719770538e-08,1.290076813e-07,1.620937329e-17,7.019539082e-19,1.78702063e-20,3.765280908e-22,3.264055223e-09,3.3267824e-19,3.112744248e-16,1.001415443e-13,3.262285332e-12,4.915368063e-11,4.986179784e-17,1.712027584e-18,3.455669338e-20,5.876980624e-22,3.04935252e-09,1.962042956e-19,1.890849541e-16,6.25231497e-14,2.041515912e-12,3.088422076e-11,9.89169641e-17,2.546283152e-18,3.853196983e-20,5.022963154e-22,2.258736397e-09,6.472960031e-20,6.724995696e-17,2.384432525e-14,7.925134747e-13,1.218420798e-11,5.170354578e-20,6.837898946e-22,4.725787941e-24,2.691848986e-26,2.485508724e-10,4.902367779e-24,2.09544845e-20,2.421441478e-17,1.296952028e-15,2.784523713e-14
39,0.02259733441,0.01088990179,0.004709058779,0.001972808617,0.01410339761,0.004222283817,0.01184531942,0.02751766734,0.05037255309,0.07986045036,0.03202794796,0.01543462918,0.006674314745,0.002796133078,0.01525601452,0.004222286707,0.01184531513,0.02751763062,0.05037243896,0.0798602552,0.0004272421266,0.0001448710099,4.407905798e-05,1.334955668e-05,0.0005173211574,2.905083904e-05,0.0001313015167,0.0004749551469,0.001198668165,0.002504423092,0.0003014408922,0.0001022137333,3.109995301e-05,9.418765029e-06,0.0004782366956,2.905081916e-05,0.0001313015643,0.0004749557807,0.001198670881,0.002504429213,0.0105526724,0.004013596022,0.001369771913,0.0004612229427,0.004440183633,0.0004716056147,0.00136431367,0.003261087228,0.005847422147,0.009082675115,0.0154240891,0.00586639216,0.002002101336,0.0006741383559,0.004836471458,0.0004716059659,0.001364313132,0.003261082493,0.005847407729,0.00908265096,0.0002206419432,5.985101215e-05,1.456794598e-05,3.590579603e-06,0.0001763145406,3.561885453e-06,1.62990026e-05,5.963899679e-05,0.0001453078843,0.0002936461073,0.0001509562172,4.094812923e-05,9.966909704e-06,2.456554616e-06,0.0001618677882,3.5618828e-06,1.629900903e-05,5.963908339e-05,0.0001453082425,0.0002936468883,2.265876617e-07,2.781484867e-08,2.584237583e-09,2.251052516e-10,1.101638282e-05,3.803878985e-09,1.126601513e-07,1.941416536e-06,1.357058986e-05,6.320286183e-05,3.411390446e-10,2.634466166e-11,1.39848174e-12,6.671235257e-14,9.57513876e-07,6.664584383e-12,6.581791258e-10,3.121882667e-08,4.08220361e-07,3.130807787e-06,5.003159622e-10,6.136576076e-11,5.391618025e-12,4.247753472e-13,1.628876826e-06,5.468173412e-11,3.472897695e-09,1.144096575e-07,1.203165006e-06,7.73188942e-06,1.867874553e-10,2.479415816e-11,2.357557312e-12,1.997939587e-13,1.206784256e-06,2.998888459e-11,1.968068453e-09,6.683818227e-08,7.08128256e-07,4.559203376e-06,4.17110478e-11,6.117925886e-12,6.427891739e-13,5.973176801e-14,7.388416318e-07,1.077792238e-11,7.372077596e-10,2.601748793e-08,2.753444984e-07,1.757355279e-06,8.193162729e-13,1.033614433e-13,8.963312278e-15,6.726171568e-16,1.754193568e-07,1.996537698e-13,2.324248039e-11,1.284359041e-09,1.696554244e-08,1.273624451e-07,1.60704423e-17,6.929372868e-19,1.756461481e-20,3.686162731e-22,3.228634598e-09,3.226886826e-19,3.027676401e-16,9.765641738e-14,3.185110445e-12,4.804009385e-11,4.93261814e-17,1.685689272e-18,3.386539516e-20,5.734460531e-22,3.012473688e-09,1.897053603e-19,1.833680728e-16,6.080099776e-14,1.987723068e-12,3.010204556e-11,9.680613294e-17,2.478314498e-18,3.729825899e-20,4.837580761e-22,2.220320712e-09,6.180663989e-20,6.446453485e-17,2.293978408e-14,7.635949992e-13,1.175424533e-11,5.202662047e-20,6.844424691e-22,4.705410132e-24,2.667221973e-26,2.469773569e-10,4.798639469e-24,2.055343064e-20,2.379646736e-17,1.275655635e-15,2.740967003e-14
40,0.02259733404,0.01088990132,0.004709058451,0.001972808431,0.01410339676,0.004222283692,0.01184531934,0.02751766773,0.05037255481,0.07986045479,0.03202794744,0.01543462851,0.006674314281,0.002796132814,0.0152560136,0.004222286582,0.01184531504,0.02751763101,0.05037244068,0.07986025963,0.0004272421163,0.0001448710007,4.407905347e-05,1.334955483e-05,0.0005173211082,2.905083667e-05,0.000131301509,0.000474955129,0.001198668142,0.002504423096,0.000301440885,0.0001022137268,3.109994983e-05,9.418763724e-06,0.0004782366501,2.905081678e-05,0.0001313015565,0.0004749557628,0.001198670858,0.002504429216,0.01055267232,0.004013595937,0.001369771865,0.0004612229211,0.004440183551,0.0004716056404,0.001364313786,0.003261087598,0.005847422977,0.009082676709,0.01542408898,0.005866392035,0.002002101267,0.0006741383244,0.004836471368,0.0004716059917,0.001364313248,0.003261082863,0.00584740856,0.009082652554,0.0002206419397,5.98510097e-05,1.456794502e-05,3.590579282e-06,0.0001763145314,3.561885469e-06,1.629900317e-05,5.963900057e-05,0.0001453078975,0.0002936461436,0.0001509562148,4.094812756e-05,9.966909046e-06,2.456554397e-06,0.0001618677798,3.561882816e-06,1.62990096e-05,5.963908717e-05,0.0001453082558,0.0002936469245,2.265876469e-07,2.781484391e-08,2.584236868e-09,2.251051673e-10,1.101638056e-05,3.803877943e-09,1.12660126e-07,1.941416187e-06,1.357058792e-05,6.320285506e-05,3.41139011e-10,2.634465483e-11,1.398481153e-12,6.67123147e-14,9.575135989e-07,6.664581164e-12,6.581788451e-10,3.121881499e-08,4.082202221e-07,3.130806814e-06,4.997203737e-10,6.127888557e-11,5.382770842e-12,4.239900379e-13,1.627314291e-06,5.456789133e-11,3.466352587e-09,1.14215002e-07,1.20124502e-06,7.720257877e-06,1.864757095e-10,2.473330605e-11,2.34992123e-12,1.990022233e-13,1.203847442e-06,2.981951341e-11,1.958013377e-09,6.653014946e-08,7.050703524e-07,4.540680132e-06,4.161623199e-11,6.09489397e-12,6.394120021e-13,5.933594521e-14,7.356699537e-07,1.066870038e-11,7.304495873e-10,2.580235331e-08,2.73211503e-07,1.744552591e-06,8.162265326e-13,1.027158214e-13,8.88519488e-15,6.652258645e-16,1.7422264e-07,1.963028726e-13,2.288899186e-11,1.266706629e-09,1.674614305e-08,1.258065554e-07,1.593846401e-17,6.84410805e-19,1.727690104e-20,3.61197005e-22,3.195101224e-09,3.134131755e-19,2.948476096e-16,9.533691809e-14,3.112997507e-12,4.699853865e-11,4.881942374e-17,1.66088249e-18,3.321725664e-20,5.601401496e-22,2.97763536e-09,1.836948523e-19,1.780654967e-16,5.919935239e-14,1.937635445e-12,2.937301737e-11,9.483184462e-17,2.41508066e-18,3.615660789e-20,4.66687672e-22,2.184236899e-09,5.913798607e-20,6.191161299e-17,2.210776071e-14,7.369545183e-13,1.135764956e-11,5.23381101e-20,6.850728878e-22,4.686026336e-24,2.643884467e-26,2.454835483e-10,4.701672875e-24,2.017788848e-20,2.340452176e-17,1.255675941e-15,2.70009082e-14
41,0.02259733369,0.01088990088,0.00470905814,0.001972808254,0.01410339595,0.004222283573,0.01184531926,0.0275176681,0.05037255644,0.079860459,0.03202794694,0.01543462788,0.006674313839,0.002796132564,0.01525601273,0.004222286463,0.01184531497,0.02751763139,0.05037244231,0.07986026383,0.0004272421065,0.000144870992,4.407904918e-05,1.334955307e-05,0.0005173210615,2.905083441e-05,0.0001313015016,0.000474955112,0.001198668121,0.002504423099,0.0003014408781,0.0001022137207,3.10999468e-05,9.418762484e-06,0.0004782366069,2.905081452e-05,0.0001313015492,0.0004749557457,0.001198670837,0.002504429219,0.01055267224,0.004013595856,0.001369771821,0.0004612229007,0.004440183472,0.0004716056648,0.001364313896,0.003261087949,0.005847423766,0.009082678222,0.01542408886,0.005866391916,0.002002101201,0.0006741382946,0.004836471282,0.0004716060161,0.001364313358,0.003261083213,0.005847409349,0.009082654067,0.0002206419365,5.985100739e-05,1.45679441e-05,3.590578977e-06,0.0001763145227,3.561885483e-06,1.629900371e-05,5.963900416e-05,0.0001453079101,0.000293646178,0.0001509562126,4.094812597e-05,9.966908421e-06,2.456554188e-06,0.0001618677718,3.56188283e-06,1.629901014e-05,5.963909076e-05,0.0001453082684,0.0002936469589,2.265876329e-07,2.781483939e-08,2.584236188e-09,2.251050872e-10,1.101637841e-05,3.803876954e-09,1.126601019e-07,1.941415856e-06,1.357058607e-05,6.320284864e-05,3.41138979e-10,2.634464835e-11,1.398480596e-12,6.671227874e-14,9.575133358e-07,6.664578109e-12,6.581785787e-10,3.12188039e-08,4.082200903e-07,3.13080589e-06,4.991551758e-10,6.119644882e-11,5.374376578e-12,4.232450243e-13,1.625830811e-06,5.445993426e-11,3.46014474e-09,1.140303464e-07,1.199423506e-06,7.709222109e-06,1.861789122e-10,2.467544825e-11,2.34266853e-12,1.982508931e-13,1.201058461e-06,2.965922316e-11,1.94849255e-09,6.623834589e-08,7.021728013e-07,4.523124271e-06,4.152579565e-11,6.072992427e-12,6.362074451e-13,5.896099347e-14,7.326619652e-07,1.056575054e-11,7.240735578e-10,2.559920833e-08,2.711963949e-07,1.732452314e-06,8.132855431e-13,1.02103655e-13,8.811351037e-15,6.582568402e-16,1.730908195e-07,1.931659339e-13,2.255756396e-11,1.250132267e-09,1.65399828e-08,1.24343561e-07,1.5813835e-17,6.763939281e-19,1.700751236e-20,3.542766853e-22,3.16353692e-09,3.048424177e-19,2.875105061e-16,9.318301346e-14,3.045960505e-12,4.602940071e-11,4.834271283e-17,1.637646799e-18,3.261279801e-20,5.477808119e-22,2.944909932e-09,1.781618231e-19,1.731706561e-16,5.771707131e-14,1.891228612e-12,2.869691871e-11,9.29948301e-17,2.356541218e-18,3.510507237e-20,4.510384455e-22,2.150525027e-09,5.671128103e-20,5.958159718e-17,2.13457825e-14,7.125215359e-13,1.099347775e-11,5.263640368e-20,6.856770942e-22,4.667692901e-24,2.621893945e-26,2.440736239e-10,4.611486053e-24,1.982804133e-20,2.303887242e-17,1.237029304e-15,2.661930619e-14
42,0.02259733336,0.01088990046,0.004709057847,0.001972808088,0.01410339519,0.004222283461,0.01184531918,0.02751766845,0.05037255798,0.07986046296,0.03202794647,0.01543462729,0.006674313424,0.002796132329,0.0152560119,0.004222286351,0.01184531489,0.02751763174,0.05037244385,0.0798602678,0.0004272420973,0.0001448709838,4.407904514e-05,1.334955142e-05,0.0005173210175,2.905083228e-05,0.0001313014947,0.0004749550959,0.001198668101,0.002504423102,0.0003014408716,0.0001022137149,3.109994395e-05,9.418761316e-06,0.0004782365662,2.905081239e-05,0.0001313015423,0.0004749557297,0.001198670816,0.002504429222,0.01055267216,0.004013595779,0.001369771778,0.0004612228814,0.004440183398,0.0004716056878,0.001364314,0.003261088279,0.00584742451,0.009082679649,0.01542408875,0.005866391804,0.002002101139,0.0006741382664,0.004836471202,0.0004716060391,0.001364313462,0.003261083544,0.005847410092,0.009082655493,0.0002206419334,5.98510052e-05,1.456794324e-05,3.59057869e-06,0.0001763145145,3.561885497e-06,1.629900422e-05,5.963900754e-05,0.0001453079219,0.0002936462104,0.0001509562105,4.094812448e-05,9.966907832e-06,2.456553992e-06,0.0001618677642,3.561882844e-06,1.629901065e-05,5.963909414e-05,0.0001453082802,0.0002936469913,2.265876197e-07,2.781483513e-08,2.584235548e-09,2.251050117e-10,1.101637638e-05,3.803876021e-09,1.126600792e-07,1.941415544e-06,1.357058433e-05,6.320284259e-05,3.411389489e-10,2.634464224e-11,1.398480071e-12,6.671224485e-14,9.575130878e-07,6.664575228e-12,6.581783274e-10,3.121879345e-08,4.08219966e-07,3.13080502e-06,4.986225717e-10,6.1118771e-11,5.366467719e-12,4.225431748e-13,1.624432276e-06,5.43582713e-11,3.454297822e-09,1.138563994e-07,1.197707484e-06,7.698824766e-06,1.858983866e-10,2.462083021e-11,2.335828731e-12,1.975429195e-13,1.198428562e-06,2.950856992e-11,1.939539801e-09,6.596383086e-08,6.994462446e-07,4.506600912e-06,4.144017202e-11,6.052315244e-12,6.331881267e-13,5.8608284e-14,7.298291767e-07,1.04693605e-11,7.18098508e-10,2.54086829e-08,2.693055888e-07,1.721093832e-06,8.105064618e-13,1.015272891e-13,8.742025665e-15,6.517301165e-16,1.720277108e-07,1.90247855e-13,2.224880855e-11,1.234670838e-09,1.63475242e-08,1.229769202e-07,1.569694488e-17,6.689055906e-19,1.675687831e-20,3.478613278e-22,3.134021783e-09,2.969673346e-19,2.807525025e-16,9.119462799e-14,2.98401162e-12,4.513303421e-11,4.789720903e-17,1.616020421e-18,3.205251251e-20,5.36368249e-22,2.914368063e-09,1.730958084e-19,1.68677224e-16,5.635304205e-14,1.84847856e-12,2.807353244e-11,9.129575962e-17,2.302656483e-18,3.414179089e-20,4.367662223e-22,2.119223659e-09,5.451501034e-20,5.746548998e-17,2.065151574e-14,6.902293179e-13,1.066083496e-11,5.29198796e-20,6.862511993e-22,4.650467207e-24,2.601307795e-26,2.427517349e-10,4.528097575e-24,1.950407156e-20,2.269981057e-17,1.219731927e-15,2.626521561e-14
43,0.02259733305,0.01088990007,0.004709057573,0.001972807933,0.01410339447,0.004222283356,0.01184531912,0.02751766878,0.05037255942,0.07986046667,0.03202794603,0.01543462673,0.006674313035,0.002796132108,0.01525601113,0.004222286246,0.01184531482,0.02751763206,0.05037244529,0.07986027151,0.0004272420887,0.0001448709761,4.407904136e-05,1.334954987e-05,0.0005173209763,2.905083029e-05,0.0001313014882,0.0004749550809,0.001198668082,0.002504423105,0.0003014408655,0.0001022137095,3.109994129e-05,9.418760223e-06,0.0004782365281,2.90508104e-05,0.0001313015358,0.0004749557147,0.001198670797,0.002504429225,0.01055267209,0.004013595707,0.001369771739,0.0004612228634,0.004440183329,0.0004716057094,0.001364314097,0.003261088589,0.005847425205,0.009082680982,0.01542408864,0.0058663917,0.002002101081,0.0006741382401,0.004836471127,0.0004716060606,0.001364313559,0.003261083853,0.005847410788,0.009082656827,0.0002206419305,5.985100316e-05,1.456794244e-05,3.590578421e-06,0.0001763145068,3.56188551e-06,1.62990047e-05,5.96390107e-05,0.000145307933,0.0002936462407,0.0001509562085,4.094812308e-05,9.966907281e-06,2.456553808e-06,0.0001618677572,3.561882857e-06,1.629901112e-05,5.963909731e-05,0.0001453082913,0.0002936470217,2.265876073e-07,2.781483115e-08,2.584234949e-09,2.251049412e-10,1.101637449e-05,3.803875148e-09,1.12660058e-07,1.941415252e-06,1.35705827e-05,6.320283693e-05,3.411389207e-10,2.634463653e-11,1.39847958e-12,6.671221316e-14,9.575128559e-07,6.664572535e-12,6.581780925e-10,3.121878368e-08,4.082198497e-07,3.130804206e-06,4.98124761e-10,6.104617198e-11,5.359076687e-12,4.218873514e-13,1.623124573e-06,5.426330971e-11,3.448835437e-09,1.136938685e-07,1.196103957e-06,7.689108413e-06,1.856354553e-10,2.456969682e-11,2.329431251e-12,1.968812401e-13,1.195968968e-06,2.936810556e-11,1.931188731e-09,6.570765732e-08,6.969012651e-07,4.491174834e-06,4.135979381e-11,6.032956002e-12,6.303665817e-13,5.827917503e-14,7.27183038e-07,1.03798137e-11,7.125430259e-10,2.52313995e-08,2.675454287e-07,1.710516123e-06,8.079023812e-13,1.009890467e-13,8.677460307e-15,6.456653732e-16,1.710370926e-07,1.875534243e-13,2.196332448e-11,1.220356548e-09,1.616922127e-08,1.217100312e-07,1.558817791e-17,6.619643668e-19,1.652541855e-20,3.419568089e-22,3.106634765e-09,2.897794738e-19,2.74570093e-16,8.9371732e-14,2.927163869e-12,4.430979889e-11,4.748405459e-17,1.596040893e-18,3.153688762e-20,5.259029193e-22,2.886079399e-09,1.684870872e-19,1.645793386e-16,5.510624639e-14,1.809363666e-12,2.75026697e-11,8.973531346e-17,2.25339008e-18,3.326503382e-20,4.238300483e-22,2.090370918e-09,5.253859875e-20,5.555499294e-17,2.002280076e-14,6.700160303e-13,1.035889121e-11,5.318691135e-20,6.867914904e-22,4.634407739e-24,2.582183602e-26,2.415220216e-10,4.451529666e-24,1.920617199e-20,2.238763551e-17,1.203800413e-15,2.593899632e-14
44,0.02259733276,0.01088989971,0.004709057319,0.001972807789,0.01410339381,0.004222283259,0.01184531905,0.02751766908,0.05037256075,0.07986047011,0.03202794562,0.01543462622,0.006674312675,0.002796131904,0.01525601042,0.004222286149,0.01184531476,0.02751763237,0.05037244662,0.07986027494,0.0004272420807,0.000144870969,4.407903786e-05,1.334954844e-05,0.0005173209381,2.905082844e-05,0.0001313014822,0.000474955067,0.001198668064,0.002504423107,0.0003014408598,0.0001022137045,3.109993882e-05,9.418759212e-06,0.0004782364929,2.905080856e-05,0.0001313015298,0.0004749557008,0.00119867078,0.002504429228,0.01055267202,0.004013595641,0.001369771702,0.0004612228467,0.004440183265,0.0004716057293,0.001364314187,0.003261088875,0.005847425849,0.009082682217,0.01542408854,0.005866391603,0.002002101028,0.0006741382157,0.004836471057,0.0004716060805,0.001364313649,0.00326108414,0.005847411431,0.009082658062,0.0002206419279,5.985100126e-05,1.456794169e-05,3.590578173e-06,0.0001763144997,3.561885522e-06,1.629900514e-05,5.963901363e-05,0.0001453079433,0.0002936462688,0.0001509562067,4.094812179e-05,9.96690677e-06,2.456553638e-06,0.0001618677507,3.561882869e-06,1.629901157e-05,5.963910024e-05,0.0001453083016,0.0002936470497,2.265875959e-07,2.781482747e-08,2.584234394e-09,2.251048758e-10,1.101637273e-05,3.803874341e-09,1.126600383e-07,1.941414982e-06,1.357058119e-05,6.320283168e-05,3.411388946e-10,2.634463124e-11,1.398479126e-12,6.671218381e-14,9.575126411e-07,6.664570041e-12,6.58177875e-10,3.121877463e-08,4.082197421e-07,3.130803452e-06,4.976639399e-10,6.097897119e-11,5.35223585e-12,4.212804113e-13,1.621913581e-06,5.417545595e-11,3.443781152e-09,1.135434597e-07,1.194619918e-06,7.680115551e-06,1.85391438e-10,2.452229232e-11,2.323505408e-12,1.962687804e-13,1.193690875e-06,2.923837899e-11,1.923472777e-09,6.547087353e-08,6.945484011e-07,4.476910562e-06,4.128509237e-11,6.015007833e-12,6.277552653e-13,5.79750143e-14,7.247349478e-07,1.029739109e-11,7.074255464e-10,2.506797586e-08,2.659222123e-07,1.700757896e-06,8.054863182e-13,1.004912316e-13,8.617894001e-15,6.400820583e-16,1.701227178e-07,1.850874122e-13,2.170170666e-11,1.207223333e-09,1.600552433e-08,1.205462638e-07,1.548791469e-17,6.55588651e-19,1.631355093e-20,3.365691173e-22,3.081454284e-09,2.832713888e-19,2.689604073e-16,8.771442893e-14,2.875433746e-12,4.356009704e-11,4.710438345e-17,1.577745724e-18,3.106642629e-20,5.163860264e-22,2.86011332e-09,1.64326928e-19,1.608718174e-16,5.397582304e-14,1.773866617e-12,2.698419741e-11,8.831425241e-17,2.208711443e-18,3.247325052e-20,4.121928767e-22,2.064005558e-09,5.077249505e-20,5.384259942e-17,1.945768446e-14,6.518258016e-13,1.00868975e-11,5.343587339e-20,6.872944332e-22,4.619574136e-24,2.564579428e-26,2.403886307e-10,4.381811286e-24,1.893455719e-20,2.210266573e-17,1.189252319e-15,2.564102757e-14
45,0.0225973325,0.01088989937,0.004709057086,0.001972807657,0.01410339321,0.00422228317,0.01184531899,0.02751766936,0.05037256197,0.07986047325,0.03202794525,0.01543462575,0.006674312345,0.002796131717,0.01525600977,0.00422228606,0.0118453147,0.02751763264,0.05037244784,0.07986027808,0.0004272420734,0.0001448709625,4.407903466e-05,1.334954712e-05,0.0005173209032,2.905082675e-05,0.0001313014767,0.0004749550543,0.001198668048,0.00250442311,0.0003014408547,0.0001022136999,3.109993656e-05,9.418758286e-06,0.0004782364606,2.905080687e-05,0.0001313015243,0.0004749556881,0.001198670764,0.00250442923,0.01055267196,0.004013595581,0.001369771669,0.0004612228315,0.004440183207,0.0004716057475,0.001364314269,0.003261089137,0.005847426438,0.009082683348,0.01542408846,0.005866391514,0.002002100979,0.0006741381934,0.004836470993,0.0004716060988,0.001364313731,0.003261084402,0.005847412021,0.009082659193,0.0002206419254,5.985099953e-05,1.456794101e-05,3.590577945e-06,0.0001763144932,3.561885533e-06,1.629900554e-05,5.963901631e-05,0.0001453079527,0.0002936462945,0.0001509562051,4.09481206e-05,9.966906303e-06,2.456553482e-06,0.0001618677447,3.56188288e-06,1.629901197e-05,5.963910292e-05,0.0001453083109,0.0002936470754,2.265875854e-07,2.781482409e-08,2.584233887e-09,2.25104816e-10,1.101637113e-05,3.803873601e-09,1.126600204e-07,1.941414735e-06,1.357057981e-05,6.320282688e-05,3.411388707e-10,2.63446264e-11,1.398478709e-12,6.671215695e-14,9.575124445e-07,6.664567758e-12,6.581776759e-10,3.121876635e-08,4.082196436e-07,3.130802762e-06,4.972423026e-10,6.09174877e-11,5.345977542e-12,4.207252081e-13,1.620805174e-06,5.409511602e-11,3.439158501e-09,1.134058784e-07,1.193262352e-06,7.671888634e-06,1.851676501e-10,2.447886018e-11,2.318080419e-12,1.957084556e-13,1.191605453e-06,2.911993756e-11,1.916425281e-09,6.525452488e-08,6.923981628e-07,4.463872452e-06,4.121649693e-11,5.998563386e-12,6.25366564e-13,5.769714197e-14,7.224962655e-07,1.022237301e-11,7.027644541e-10,2.491902778e-08,2.644422172e-07,1.691857735e-06,8.032712049e-13,1.000361318e-13,8.563564237e-15,6.349995176e-16,1.692883256e-07,1.828546687e-13,2.146455553e-11,1.195305289e-09,1.585688501e-08,1.194889937e-07,1.539653396e-17,6.497968458e-19,1.612169983e-20,3.317046076e-22,3.058558867e-09,2.774370149e-19,2.639215214e-16,8.622304221e-14,2.82884385e-12,4.288441051e-11,4.675933167e-17,1.561173078e-18,3.064166843e-20,5.078200124e-22,2.836539715e-09,1.606078273e-19,1.575503662e-16,5.296112942e-14,1.741976313e-12,2.651806547e-11,8.703348834e-17,2.168598289e-18,3.176511474e-20,4.018222213e-22,2.040168059e-09,4.920824987e-20,5.232168149e-17,1.895445124e-14,6.356097367e-13,9.844201162e-12,5.366514695e-20,6.877566695e-22,4.606027209e-24,2.5485541e-26,2.393557309e-10,4.318981214e-24,1.868947481e-20,2.184525007e-17,1.176106717e-15,2.537171923e-14
46,0.02259733226,0.01088989908,0.004709056876,0.001972807538,0.01410339266,0.00422228309,0.01184531894,0.02751766961,0.05037256307,0.07986047608,0.03202794492,0.01543462532,0.006674312048,0.002796131549,0.01525600918,0.00422228598,0.01184531465,0.02751763289,0.05037244894,0.07986028092,0.0004272420668,0.0001448709567,4.407903177e-05,1.334954594e-05,0.0005173208717,2.905082523e-05,0.0001313014717,0.0004749550429,0.001198668034,0.002504423112,0.00030144085,0.0001022136958,3.109993452e-05,9.41875745e-06,0.0004782364315,2.905080535e-05,0.0001313015193,0.0004749556766,0.001198670749,0.002504429232,0.0105526719,0.004013595526,0.001369771638,0.0004612228177,0.004440183154,0.000471605764,0.001364314343,0.003261089374,0.005847426969,0.009082684368,0.01542408838,0.005866391434,0.002002100935,0.0006741381733,0.004836470936,0.0004716061152,0.001364313805,0.003261084638,0.005847412552,0.009082660212,0.0002206419233,5.985099797e-05,1.456794039e-05,3.59057774e-06,0.0001763144874,3.561885543e-06,1.629900591e-05,5.963901873e-05,0.0001453079612,0.0002936463177,0.0001509562036,4.094811953e-05,9.966905882e-06,2.456553342e-06,0.0001618677393,3.56188289e-06,1.629901233e-05,5.963910533e-05,0.0001453083194,0.0002936470986,2.265875759e-07,2.781482105e-08,2.584233429e-09,2.25104762e-10,1.101636968e-05,3.803872934e-09,1.126600041e-07,1.941414511e-06,1.357057857e-05,6.320282255e-05,3.411388491e-10,2.634462203e-11,1.398478334e-12,6.671213272e-14,9.575122672e-07,6.664565698e-12,6.581774963e-10,3.121875888e-08,4.082195547e-07,3.13080214e-06,4.968620416e-10,6.086204036e-11,5.340334077e-12,4.202245943e-13,1.619805222e-06,5.402269578e-11,3.434991015e-09,1.132818296e-07,1.192038241e-06,7.664470092e-06,1.849654015e-10,2.443964296e-11,2.313185411e-12,1.952031726e-13,1.189723849e-06,2.901332857e-11,1.91007957e-09,6.505965589e-08,6.904610501e-07,4.452124786e-06,4.115443379e-11,5.983714807e-12,6.232128102e-13,5.744689378e-14,7.204783244e-07,1.015504118e-11,6.985781914e-10,2.478517221e-08,2.631117288e-07,1.68385425e-06,8.012698809e-13,9.96260242e-14,8.514707988e-15,6.304371316e-16,1.68537654e-07,1.808602243e-13,2.125248677e-11,1.184637116e-09,1.572376143e-08,1.185416366e-07,1.531441461e-17,6.446075589e-19,1.595030473e-20,3.273702576e-22,3.038027815e-09,2.722720419e-19,2.594527678e-16,8.489820276e-14,2.787425542e-12,4.228333823e-11,4.645004815e-17,1.546362471e-18,3.026321276e-20,5.002090546e-22,2.815429791e-09,1.573237433e-19,1.546117863e-16,5.206180311e-14,1.71368976e-12,2.610433401e-11,8.589415533e-17,2.133039067e-18,3.113956945e-20,3.926907927e-22,2.018901736e-09,4.783859049e-20,5.098657389e-17,1.851165294e-14,6.213269065e-13,9.630260862e-12,5.387312585e-20,6.881750084e-22,4.593828938e-24,2.534167496e-26,2.384275311e-10,4.263091157e-24,1.847121703e-20,2.161577907e-17,1.164384757e-15,2.513152306e-14
47,0.02259733205,0.01088989881,0.004709056691,0.001972807433,0.01410339218,0.004222283019,0.01184531889,0.02751766983,0.05037256404,0.07986047859,0.03202794462,0.01543462495,0.006674311785,0.0027961314,0.01525600865,0.004222285908,0.0118453146,0.02751763311,0.05037244992,0.07986028343,0.000427242061,0.0001448709515,4.407902921e-05,1.334954489e-05,0.0005173208439,2.905082388e-05,0.0001313014673,0.0004749550327,0.001198668021,0.002504423114,0.0003014408459,0.0001022136921,3.109993271e-05,9.418756711e-06,0.0004782364057,2.9050804e-05,0.0001313015149,0.0004749556665,0.001198670737,0.002504429234,0.01055267186,0.004013595477,0.001369771612,0.0004612228055,0.004440183107,0.0004716057786,0.001364314409,0.003261089583,0.00584742744,0.009082685271,0.0154240883,0.005866391363,0.002002100896,0.0006741381554,0.004836470885,0.0004716061298,0.001364313871,0.003261084848,0.005847413023,0.009082661116,0.0002206419213,5.985099659e-05,1.456793985e-05,3.590577558e-06,0.0001763144822,3.561885551e-06,1.629900623e-05,5.963902087e-05,0.0001453079687,0.0002936463382,0.0001509562022,4.094811858e-05,9.966905509e-06,2.456553217e-06,0.0001618677345,3.561882899e-06,1.629901266e-05,5.963910748e-05,0.0001453083269,0.0002936471192,2.265875676e-07,2.781481835e-08,2.584233023e-09,2.251047142e-10,1.101636839e-05,3.803872344e-09,1.126599898e-07,1.941414314e-06,1.357057747e-05,6.320281872e-05,3.4113883e-10,2.634461816e-11,1.398478001e-12,6.671211126e-14,9.575121101e-07,6.664563874e-12,6.581773372e-10,3.121875226e-08,4.08219476e-07,3.130801589e-06,4.965253492e-10,6.081294801e-11,5.335337769e-12,4.197814223e-13,1.618919589e-06,5.395860141e-11,3.431302233e-09,1.131720185e-07,1.190954568e-06,7.657902361e-06,1.847859948e-10,2.440488222e-11,2.308849421e-12,1.94755833e-13,1.188057186e-06,2.89191008e-11,1.904469033e-09,6.488731234e-08,6.887475716e-07,4.441731885e-06,4.109932559e-11,5.970553719e-12,6.213062969e-13,5.722560453e-14,7.186924465e-07,1.009568074e-11,6.94885373e-10,2.466703046e-08,2.619370698e-07,1.676786246e-06,7.994950871e-13,9.926317868e-14,8.471562823e-15,6.264144617e-16,1.678744538e-07,1.791093941e-13,2.106614146e-11,1.175254579e-09,1.560662369e-08,1.177076854e-07,1.524193769e-17,6.400398091e-19,1.57998291e-20,3.235739332e-22,3.019941906e-09,2.677742914e-19,2.555550505e-16,8.374093783e-14,2.751221645e-12,4.175763437e-11,4.617770598e-17,1.533355496e-18,2.993173915e-20,4.935595709e-22,2.796856902e-09,1.544703332e-19,1.520541833e-16,5.127782423e-14,1.689014003e-12,2.574320109e-11,8.489768225e-17,2.102035445e-18,3.059587186e-20,3.847771383e-22,2.000253888e-09,4.665749695e-20,4.983265876e-17,1.81281392e-14,6.089453432e-13,9.444661698e-12,5.405822246e-20,6.885464134e-22,4.583042456e-24,2.521480848e-26,2.376082972e-10,4.214208924e-24,1.828013227e-20,2.141469658e-17,1.154110243e-15,2.492094435e-14
48,0.02259733187,0.01088989858,0.00470905653,0.001972807342,0.01410339176,0.004222282957,0.01184531885,0.02751767003,0.05037256488,0.07986048076,0.03202794436,0.01543462462,0.006674311557,0.002796131271,0.0152560082,0.004222285847,0.01184531456,0.02751763331,0.05037245076,0.0798602856,0.0004272420559,0.000144870947,4.4079027e-05,1.334954398e-05,0.0005173208197,2.905082272e-05,0.0001313014635,0.0004749550239,0.00119866801,0.002504423115,0.0003014408424,0.0001022136889,3.109993115e-05,9.418756071e-06,0.0004782363834,2.905080283e-05,0.0001313015111,0.0004749556577,0.001198670726,0.002504429236,0.01055267181,0.004013595436,0.001369771589,0.000461222795,0.004440183067,0.0004716057912,0.001364314466,0.003261089764,0.005847427847,0.009082686051,0.01542408824,0.005866391302,0.002002100862,0.00067413814,0.004836470841,0.0004716061424,0.001364313928,0.003261085029,0.00584741343,0.009082661896,0.0002206419196,5.985099539e-05,1.456793938e-05,3.590577401e-06,0.0001763144777,3.561885559e-06,1.629900651e-05,5.963902272e-05,0.0001453079751,0.000293646356,0.0001509562011,4.094811777e-05,9.966905186e-06,2.45655311e-06,0.0001618677304,3.561882906e-06,1.629901294e-05,5.963910933e-05,0.0001453083334,0.0002936471369,2.265875603e-07,2.781481602e-08,2.584232673e-09,2.251046729e-10,1.101636728e-05,3.803871833e-09,1.126599773e-07,1.941414143e-06,1.357057651e-05,6.320281541e-05,3.411388136e-10,2.634461481e-11,1.398477714e-12,6.671209271e-14,9.575119744e-07,6.664562298e-12,6.581771997e-10,3.121874654e-08,4.08219408e-07,3.130801112e-06,4.962344181e-10,6.077052959e-11,5.331020951e-12,4.193985472e-13,1.618154136e-06,5.390323978e-11,3.428115726e-09,1.13077151e-07,1.190018322e-06,7.652227905e-06,1.846307237e-10,2.437481843e-11,2.305101412e-12,1.943693356e-13,1.186616567e-06,2.883780629e-11,1.899627212e-09,6.473854357e-08,6.872682655e-07,4.432758214e-06,4.105159054e-11,5.959171219e-12,6.196592959e-13,5.70346118e-14,7.171499583e-07,1.004458242e-11,6.917049063e-10,2.456523161e-08,2.609246314e-07,1.670692896e-06,7.979594605e-13,9.894986359e-14,8.434368082e-15,6.229514021e-16,1.673025031e-07,1.776078851e-13,2.090619656e-11,1.16719499e-09,1.550595947e-08,1.169907481e-07,1.517948871e-17,6.361132407e-19,1.567076958e-20,3.203246603e-22,3.004384126e-09,2.639441026e-19,2.522311677e-16,8.27527625e-14,2.720289234e-12,4.130824777e-11,4.594351417e-17,1.522196573e-18,2.964803171e-20,4.878807393e-22,2.780897427e-09,1.520451954e-19,1.498771826e-16,5.060957951e-14,1.667968103e-12,2.543503117e-11,8.404586744e-17,2.075604862e-18,3.013363976e-20,3.780663033e-22,1.984276972e-09,4.566028362e-20,4.885645461e-17,1.780308876e-14,5.984430707e-13,9.287130809e-12,5.421887355e-20,6.888679857e-22,4.573732009e-24,2.510557046e-26,2.369023715e-10,4.172421726e-24,1.811663739e-20,2.124251181e-17,1.145310238e-15,2.474055395e-14
49,0.02259733172,0.01088989839,0.004709056396,0.001972807266,0.01410339142,0.004222282906,0.01184531882,0.02751767019,0.05037256559,0.07986048258,0.03202794415,0.01543462435,0.006674311367,0.002796131163,0.01525600783,0.004222285796,0.01184531453,0.02751763347,0.05037245146,0.07986028741,0.0004272420517,0.0001448709432,4.407902515e-05,1.334954323e-05,0.0005173207996,2.905082174e-05,0.0001313014604,0.0004749550166,0.001198668001,0.002504423117,0.0003014408394,0.0001022136863,3.109992985e-05,9.418755537e-06,0.0004782363648,2.905080186e-05,0.000131301508,0.0004749556504,0.001198670716,0.002504429237,0.01055267178,0.004013595401,0.001369771569,0.0004612227862,0.004440183033,0.0004716058017,0.001364314513,0.003261089915,0.005847428187,0.009082686704,0.01542408819,0.005866391251,0.002002100833,0.0006741381272,0.004836470804,0.0004716061529,0.001364313975,0.00326108518,0.00584741377,0.009082662549,0.0002206419182,5.985099439e-05,1.456793898e-05,3.590577269e-06,0.0001763144739,3.561885565e-06,1.629900674e-05,5.963902427e-05,0.0001453079806,0.0002936463708,0.0001509562001,4.094811708e-05,9.966904917e-06,2.45655302e-06,0.000161867727,3.561882912e-06,1.629901317e-05,5.963911087e-05,0.0001453083388,0.0002936471517,2.265875543e-07,2.781481407e-08,2.58423238e-09,2.251046384e-10,1.101636636e-05,3.803871407e-09,1.12659967e-07,1.941414e-06,1.357057572e-05,6.320281264e-05,3.411387998e-10,2.634461202e-11,1.398477474e-12,6.671207721e-14,9.57511861e-07,6.664560981e-12,6.581770849e-10,3.121874176e-08,4.082193511e-07,3.130800714e-06,4.959914429e-10,6.073510436e-11,5.327415998e-12,4.190788289e-13,1.617514722e-06,5.385701895e-11,3.425455122e-09,1.129979344e-07,1.189236502e-06,7.647489247e-06,1.845008717e-10,2.434969089e-11,2.301970282e-12,1.940465795e-13,1.18541308e-06,2.877000205e-11,1.895587891e-09,6.461440491e-08,6.860337208e-07,4.425268507e-06,4.101164162e-11,5.949657865e-12,6.182840761e-13,5.687525994e-14,7.15862208e-07,1.000204484e-11,6.890561177e-10,2.44804161e-08,2.600809061e-07,1.665613921e-06,7.966755287e-13,9.868835093e-14,8.403366115e-15,6.200683406e-16,1.668256223e-07,1.763619093e-13,2.07733759e-11,1.16049771e-09,1.542228e-08,1.163945875e-07,1.512745987e-17,6.328483481e-19,1.556366555e-20,3.176329092e-22,2.991440434e-09,2.607847379e-19,2.494861495e-16,8.193577501e-14,2.694702535e-12,4.093636296e-11,4.574873e-17,1.512933729e-18,2.941300285e-20,4.831850401e-22,2.767631672e-09,1.50048127e-19,1.48082155e-16,5.005792941e-14,1.650585213e-12,2.518038492e-11,8.334095639e-17,2.05378319e-18,2.975290031e-20,3.725505365e-22,1.971029843e-09,4.484369098e-20,4.805571344e-17,1.753604318e-14,5.898092049e-13,9.157553948e-12,5.435354642e-20,6.891369442e-22,4.565962922e-24,2.501460973e-26,2.363141914e-10,4.137839636e-24,1.798123039e-20,2.109981194e-17,1.138015689e-15,2.459100088e-14
50,0.0225973316,0.01088989824,0.004709056289,0.001972807205,0.01410339114,0.004222282865,0.01184531879,0.02751767031,0.05037256615,0.07986048402,0.03202794398,0.01543462414,0.006674311216,0.002796131077,0.01525600753,0.004222285755,0.0118453145,0.02751763359,0.05037245202,0.07986028885,0.0004272420484,0.0001448709402,4.407902368e-05,1.334954263e-05,0.0005173207836,2.905082097e-05,0.0001313014579,0.0004749550108,0.001198667993,0.002504423118,0.000301440837,0.0001022136842,3.109992881e-05,9.418755113e-06,0.00047823635,2.905080109e-05,0.0001313015054,0.0004749556445,0.001198670709,0.002504429238,0.01055267175,0.004013595373,0.001369771554,0.0004612227792,0.004440183006,0.00047160581,0.001364314551,0.003261090035,0.005847428457,0.009082687221,0.01542408815,0.00586639121,0.002002100811,0.0006741381169,0.004836470775,0.0004716061613,0.001364314013,0.0032610853,0.00584741404,0.009082663066,0.0002206419171,5.98509936e-05,1.456793867e-05,3.590577165e-06,0.000176314471,3.56188557e-06,1.629900693e-05,5.96390255e-05,0.0001453079849,0.0002936463826,0.0001509561994,4.094811654e-05,9.966904703e-06,2.456552948e-06,0.0001618677242,3.561882917e-06,1.629901335e-05,5.96391121e-05,0.0001453083431,0.0002936471635,2.265875495e-07,2.781481253e-08,2.584232147e-09,2.25104611e-10,1.101636562e-05,3.803871068e-09,1.126599587e-07,1.941413887e-06,1.357057509e-05,6.320281044e-05,3.411387888e-10,2.63446098e-11,1.398477283e-12,6.671206491e-14,9.57511771e-07,6.664559935e-12,6.581769937e-10,3.121873797e-08,4.08219306e-07,3.130800398e-06,4.957986211e-10,6.070699211e-11,5.32455535e-12,4.188251342e-13,1.617007205e-06,5.382034856e-11,3.423344124e-09,1.129350778e-07,1.188616124e-06,7.643729001e-06,1.843977099e-10,2.432973759e-11,2.299484872e-12,1.937904671e-13,1.184457794e-06,2.871625198e-11,1.892385198e-09,6.451596018e-08,6.850546009e-07,4.419327891e-06,4.097988574e-11,5.942103678e-12,6.171929225e-13,5.674890416e-14,7.148405831e-07,9.968376913e-12,6.869588847e-10,2.441323942e-08,2.594125221e-07,1.661589787e-06,7.956557053e-13,9.848092205e-14,8.378803575e-15,6.177863257e-16,1.664476906e-07,1.753783007e-13,2.06684616e-11,1.155204676e-09,1.535612625e-08,1.159231632e-07,1.508625248e-17,6.3026671e-19,1.547910917e-20,3.155108915e-22,2.981200565e-09,2.583028126e-19,2.473276153e-16,8.129275754e-14,2.674555987e-12,4.064344344e-11,4.55946719e-17,1.505619418e-18,2.922771858e-20,4.794888285e-22,2.75714483e-09,1.484814006e-19,1.466724591e-16,4.962427967e-14,1.63691478e-12,2.498005084e-11,8.27857237e-17,2.036627572e-18,2.945414263e-20,3.682300651e-22,1.960579051e-09,4.420599241e-20,4.742953035e-17,1.732694409e-14,5.830451587e-13,9.055993568e-12,5.446074513e-20,6.893506044e-22,4.559801563e-24,2.494259847e-26,2.358483105e-10,4.110599275e-24,1.787450403e-20,2.09872756e-17,1.1322621e-15,2.447302578e-14
51,0.02259733151,0.01088989813,0.004709056212,0.001972807161,0.01410339094,0.004222282836,0.01184531878,0.0275176704,0.05037256655,0.07986048506,0.03202794385,0.01543462398,0.006674311106,0.002796131015,0.01525600731,0.004222285725,0.01184531448,0.02751763369,0.05037245243,0.0798602899,0.0004272420459,0.0001448709381,4.407902261e-05,1.334954219e-05,0.000517320772,2.905082041e-05,0.000131301456,0.0004749550065,0.001198667988,0.002504423118,0.0003014408353,0.0001022136826,3.109992806e-05,9.418754804e-06,0.0004782363393,2.905080052e-05,0.0001313015036,0.0004749556403,0.001198670704,0.002504429239,0.01055267173,0.004013595353,0.001369771543,0.0004612227741,0.004440182986,0.0004716058161,0.001364314578,0.003261090123,0.005847428653,0.009082687598,0.01542408812,0.005866391181,0.002002100795,0.0006741381095,0.004836470753,0.0004716061674,0.00136431404,0.003261085387,0.005847414236,0.009082663443,0.0002206419163,5.985099302e-05,1.456793844e-05,3.590577089e-06,0.0001763144688,3.561885574e-06,1.629900706e-05,5.963902639e-05,0.000145307988,0.0002936463911,0.0001509561988,4.094811614e-05,9.966904547e-06,2.456552897e-06,0.0001618677223,3.561882921e-06,1.629901349e-05,5.963911299e-05,0.0001453083463,0.0002936471721,2.26587546e-07,2.78148114e-08,2.584231978e-09,2.251045911e-10,1.101636509e-05,3.803870821e-09,1.126599527e-07,1.941413804e-06,1.357057463e-05,6.320280884e-05,3.411387809e-10,2.634460819e-11,1.398477144e-12,6.671205595e-14,9.575117054e-07,6.664559174e-12,6.581769273e-10,3.12187352e-08,4.082192732e-07,3.130800168e-06,4.956581543e-10,6.068651332e-11,5.322471535e-12,4.186403391e-13,1.61663744e-06,5.379364044e-11,3.421806541e-09,1.128892929e-07,1.188164227e-06,7.640989899e-06,1.843224961e-10,2.431519515e-11,2.29767398e-12,1.936039076e-13,1.18376177e-06,2.867712879e-11,1.890053696e-09,6.444428437e-08,6.843416667e-07,4.415002017e-06,4.095672291e-11,5.936598125e-12,6.16398157e-13,5.665691482e-14,7.140965288e-07,9.943900263e-12,6.85433774e-10,2.436437606e-08,2.589262789e-07,1.658661897e-06,7.949122829e-13,9.83298734e-14,8.360932757e-15,6.161272401e-16,1.661726623e-07,1.746646391e-13,2.059230617e-11,1.151360949e-09,1.530807537e-08,1.155806752e-07,1.505627952e-17,6.283912348e-19,1.541775591e-20,3.139728751e-22,2.97375887e-09,2.565087628e-19,2.457661591e-16,8.082728408e-14,2.659967514e-12,4.043127784e-11,4.548273294e-17,1.500311389e-18,2.909342537e-20,4.768129476e-22,2.749527983e-09,1.473500698e-19,1.45653705e-16,4.931065865e-14,1.627024929e-12,2.483507932e-11,8.23835604e-17,2.024219478e-18,2.923837551e-20,3.65113964e-22,1.953000212e-09,4.374712182e-20,4.69784703e-17,1.717617525e-14,5.781659959e-13,8.982708988e-12,5.453901708e-20,6.895063572e-22,4.555315311e-24,2.489023598e-26,2.355094197e-10,4.090867798e-24,1.779716043e-20,2.090568722e-17,1.128090246e-15,2.438747526e-14
52,0.02259733146,0.01088989806,0.004709056164,0.001972807134,0.01410339081,0.004222282817,0.01184531876,0.02751767046,0.0503725668,0.07986048571,0.03202794378,0.01543462388,0.006674311039,0.002796130977,0.01525600718,0.004222285707,0.01184531447,0.02751763374,0.05037245268,0.07986029054,0.0004272420444,0.0001448709368,4.407902196e-05,1.334954192e-05,0.0005173207649,2.905082006e-05,0.0001313014549,0.0004749550039,0.001198667985,0.002504423119,0.0003014408343,0.0001022136817,3.10999276e-05,9.418754615e-06,0.0004782363327,2.905080018e-05,0.0001313015025,0.0004749556377,0.0011986707,0.002504429239,0.01055267172,0.00401359534,0.001369771536,0.000461222771,0.004440182975,0.0004716058198,0.001364314595,0.003261090176,0.005847428774,0.009082687829,0.0154240881,0.005866391163,0.002002100785,0.0006741381049,0.00483647074,0.0004716061711,0.001364314057,0.003261085441,0.005847414357,0.009082663674,0.0002206419158,5.985099267e-05,1.45679383e-05,3.590577043e-06,0.0001763144675,3.561885576e-06,1.629900714e-05,5.963902694e-05,0.0001453079899,0.0002936463964,0.0001509561985,4.09481159e-05,9.966904452e-06,2.456552865e-06,0.000161867721,3.561882923e-06,1.629901357e-05,5.963911354e-05,0.0001453083482,0.0002936471773,2.265875439e-07,2.781481072e-08,2.584231875e-09,2.251045789e-10,1.101636476e-05,3.80387067e-09,1.126599491e-07,1.941413754e-06,1.357057434e-05,6.320280786e-05,3.41138776e-10,2.63446072e-11,1.39847706e-12,6.671205047e-14,9.575116653e-07,6.664558708e-12,6.581768866e-10,3.121873351e-08,4.082192531e-07,3.130800027e-06,4.955722499e-10,6.06739894e-11,5.321197194e-12,4.185273318e-13,1.616411284e-06,5.377730898e-11,3.420866308e-09,1.128612944e-07,1.187887879e-06,7.639314829e-06,1.842764722e-10,2.430629868e-11,2.296566373e-12,1.934898202e-13,1.183336059e-06,2.865321602e-11,1.888628497e-09,6.440046631e-08,6.83905801e-07,4.412357193e-06,4.094254521e-11,5.933230106e-12,6.159121571e-13,5.660068179e-14,7.136415667e-07,9.928951881e-12,6.845021845e-10,2.433452351e-08,2.586291847e-07,1.656872806e-06,7.944574259e-13,9.82375223e-14,8.350012973e-15,6.151139811e-16,1.660045845e-07,1.742293816e-13,2.05458452e-11,1.149015298e-09,1.527874757e-08,1.153716097e-07,1.503796817e-17,6.272464173e-19,1.538033571e-20,3.13035521e-22,2.969215197e-09,2.554173592e-19,2.448157697e-16,8.054383737e-14,2.651082064e-12,4.030202966e-11,4.541439508e-17,1.497073597e-18,2.901157893e-20,4.751833924e-22,2.744879162e-09,1.466623116e-19,1.450340478e-16,4.911980248e-14,1.621005061e-12,2.474681978e-11,8.213856807e-17,2.016668066e-18,2.910719213e-20,3.632211532e-22,1.948379483e-09,4.346882836e-20,4.670471762e-17,1.708461115e-14,5.752019787e-13,8.938179308e-12,5.45869599e-20,6.896016491e-22,4.552572551e-24,2.485825272e-26,2.353023706e-10,4.078847247e-24,1.775002697e-20,2.085595276e-17,1.125546959e-15,2.433531765e-14
53,0.02259733144,0.01088989804,0.004709056148,0.001972807125,0.01410339077,0.004222282811,0.01184531876,0.02751767048,0.05037256689,0.07986048592,0.03202794375,0.01543462385,0.006674311016,0.002796130964,0.01525600713,0.004222285701,0.01184531447,0.02751763376,0.05037245276,0.07986029076,0.0004272420439,0.0001448709363,4.407902174e-05,1.334954183e-05,0.0005173207624,2.905081995e-05,0.0001313014545,0.0004749550031,0.001198667984,0.002504423119,0.0003014408339,0.0001022136814,3.109992744e-05,9.418754551e-06,0.0004782363305,2.905080006e-05,0.0001313015021,0.0004749556368,0.001198670699,0.00250442924,0.01055267171,0.004013595336,0.001369771534,0.0004612227699,0.004440182971,0.0004716058211,0.001364314601,0.003261090194,0.005847428815,0.009082687907,0.0154240881,0.005866391157,0.002002100781,0.0006741381034,0.004836470736,0.0004716061724,0.001364314063,0.003261085459,0.005847414397,0.009082663752,0.0002206419156,5.985099255e-05,1.456793826e-05,3.590577027e-06,0.000176314467,3.561885577e-06,1.629900717e-05,5.963902712e-05,0.0001453079906,0.0002936463982,0.0001509561984,4.094811582e-05,9.966904419e-06,2.456552854e-06,0.0001618677206,3.561882924e-06,1.62990136e-05,5.963911373e-05,0.0001453083488,0.0002936471791,2.265875432e-07,2.781481048e-08,2.584231839e-09,2.251045747e-10,1.101636465e-05,3.803870619e-09,1.126599478e-07,1.941413737e-06,1.357057425e-05,6.320280753e-05,3.411387743e-10,2.634460686e-11,1.398477031e-12,6.671204861e-14,9.575116517e-07,6.66455855e-12,6.581768729e-10,3.121873294e-08,4.082192462e-07,3.130799979e-06,4.955431218e-10,6.066974287e-11,5.320765104e-12,4.18489015e-13,1.616334597e-06,5.377177178e-11,3.420547515e-09,1.128518012e-07,1.187794178e-06,7.638746865e-06,1.842608621e-10,2.430328161e-11,2.296190787e-12,1.93451137e-13,1.183191702e-06,2.864511013e-11,1.888145362e-09,6.438561148e-08,6.837580336e-07,4.411460523e-06,4.093773581e-11,5.932087917e-12,6.157473751e-13,5.658161874e-14,7.134873131e-07,9.923886807e-12,6.841864971e-10,2.432440649e-08,2.585284946e-07,1.656266427e-06,7.943031596e-13,9.82062126e-14,8.346311957e-15,6.147706472e-16,1.659476139e-07,1.740820015e-13,2.053011086e-11,1.148220812e-09,1.526881328e-08,1.153007875e-07,1.503176252e-17,6.268586088e-19,1.536766485e-20,3.127182443e-22,2.967675822e-09,2.550482818e-19,2.444942956e-16,8.04479371e-14,2.648075467e-12,4.025829148e-11,4.539124403e-17,1.495977187e-18,2.898387535e-20,4.746320383e-22,2.743304472e-09,1.464298169e-19,1.448245166e-16,4.905524973e-14,1.618968749e-12,2.471696179e-11,8.205566147e-17,2.014113907e-18,2.90628435e-20,3.625815561e-22,1.94681515e-09,4.33748657e-20,4.661225444e-17,1.705367382e-14,5.742003651e-13,8.923129857e-12,5.460322896e-20,6.896339664e-22,4.551642695e-24,2.48474148e-26,2.352322004e-10,4.074779358e-24,1.773407387e-20,2.083911686e-17,1.124685978e-15,2.43176601e-14
