Step,DF_001,DF_002,DF_003,DF_004,DF_005,DF_006,DF_007,DF_008,DF_009,DF_010,DF_011,DF_012,DF_013,DF_014,DF_015,DF_016,DF_017,DF_018,DF_019,DF_020,DF_021,DF_022,DF_023,DF_024,DF_025,DF_026,DF_027,DF_028,DF_029,DF_030,DF_031,DF_032,DF_033,DF_034,DF_035,DF_036,DF_037,DF_038,DF_039,DF_040,DF_041,DF_042,DF_043,DF_044,DF_045,DF_046,DF_047,DF_048,DF_049,DF_050,DF_051,DF_052,DF_053,DF_054,DF_055,DF_056,DF_057,DF_058,DF_059,DF_060,DF_061,DF_062,DF_063,DF_064,DF_065,DF_066,DF_067,DF_068,DF_069,DF_070,DF_071,DF_072,DF_073,DF_074,DF_075,DF_076,DF_077,DF_078,DF_079,DF_080,DF_081,DF_082,DF_083,DF_084,DF_085,DF_086,DF_087,DF_088,DF_089,DF_090,DF_091,DF_092,DF_093,DF_094,DF_095,DF_096,DF_097,DF_098,DF_099,DF_100,DF_101,DF_102,DF_103,DF_104,DF_105,DF_106,DF_107,DF_108,DF_109,DF_110,DF_111,DF_112,DF_113,DF_114,DF_115,DF_116,DF_117,DF_118,DF_119,DF_120,DF_121,DF_122,DF_123,DF_124,DF_125,DF_126,DF_127,DF_128,DF_129,DF_130,DF_131,DF_132,DF_133,DF_134,DF_135,DF_136,DF_137,DF_138,DF_139,DF_140,DF_141,DF_142,DF_143,DF_144,DF_145,DF_146,DF_147,DF_148,DF_149,DF_150,DF_151,DF_152,DF_153,DF_154,DF_155,DF_156,DF_157,DF_158,DF_159,DF_160,DF_161,DF_162,DF_163,DF_164,DF_165,DF_166,DF_167,DF_168,DF_169,DF_170,DF_171,DF_172,DF_173,DF_174,DF_175,DF_176,DF_177,DF_178,DF_179,DF_180
0,0.01771295356,0.01987099764,0.02000284444,0.01828002133,0.1046975934,0.03770615824,0.04736186223,0.05217207245,0.0484749269,0.04018183507,0.02856789268,0.03326330796,0.03475330126,0.03286976385,0.1431988347,0.07475745263,0.1098334883,0.1399413934,0.1521004844,0.1456254928,0.000360145927,0.0004622452297,0.0005323653317,0.0005508871255,0.01648796182,0.004216267958,0.009337160365,0.01741420058,0.02574004951,0.03230776569,0.0002233013177,0.0002761383168,0.0003064117804,0.0003063675313,0.01205491599,0.00212660091,0.004026324846,0.006492253022,0.008203438818,0.008914547089,0.007529790549,0.00601132179,0.004306262055,0.002874805901,0.02419357319,0.002629904249,0.00350151891,0.004071539973,0.003759715541,0.002998856623,0.01266737529,0.01053071877,0.007855481133,0.005443929859,0.03401755106,0.00553871985,0.008745715911,0.01191451441,0.01304930117,0.01217601556,0.0001716226322,0.0001566842903,0.0001283570563,9.698616898e-05,0.00401745792,0.0003162510179,0.0007409179911,0.001456008523,0.002138541393,0.002583026412,0.0001020165934,8.944115868e-05,7.036349675e-05,5.121601823e-05,0.002857250424,0.0001501628387,0.0002966410507,0.0004975609328,0.0006161484977,0.000636179038,1.477422282e-07,3.822821664e-07,7.486498217e-07,1.087269234e-06,0.00444282725,0.0001349591416,0.000519675017,0.001346954261,0.002006869898,0.002159154864,2.130423783e-10,1.17882494e-09,4.483690306e-09,1.103310591e-08,0.002021744304,2.057058509e-05,0.0001221888223,0.0004261051335,0.0007043972204,0.0007785722902,1.637437422e-09,1.081173218e-08,5.113721557e-08,1.596130761e-07,0.005522301118,0.0002641331416,0.001103402098,0.002903955108,0.004203556646,0.004437523137,1.209202412e-09,9.669097869e-09,5.538397692e-08,2.062886183e-07,0.007084799168,0.0004581609411,0.001683600469,0.003933535292,0.005150289608,0.005041656656,6.391294923e-10,6.509017693e-09,4.74846538e-08,2.211078061e-07,0.008678997519,0.0007051299756,0.002203661963,0.004429640345,0.005056162117,0.004449674631,3.045280855e-11,4.975868863e-10,5.588734501e-09,3.736458868e-08,0.007078660328,0.0003521572147,0.0009892002778,0.001720931365,0.001562853734,0.001091160715,3.037246586e-14,1.302058575e-12,3.281403137e-11,4.026281262e-10,0.004536979633,4.371532152e-05,0.0001207954116,0.0001739850853,9.573491819e-05,3.616793808e-05,7.304873415e-13,2.347963994e-11,4.43658461e-10,4.172943076e-09,0.008441729762,0.0001125758973,0.0002127079444,0.000215257427,8.550965915e-05,2.332601894e-05,1.041414437e-11,2.513333548e-10,3.56578587e-09,2.57436424e-08,0.01309626707,0.0001944631497,0.0002709274414,0.0002066124234,6.253699831e-05,1.293286698e-05,1.853061522e-13,8.236041864e-12,1.912918439e-10,1.960810873e-09,0.01057306959,3.870566376e-05,3.850220036e-05,1.882061961e-05,2.744880386e-06,2.468996921e-07
1,0.01771908883,0.01987853027,0.02001108124,0.01828810059,0.1047246683,0.03772884104,0.04739688007,0.0522173235,0.04852365698,0.04022732255,0.02857701475,0.03327456513,0.03476572698,0.03288209609,0.1432242469,0.07478373406,0.1098809445,0.1400123223,0.1521898323,0.1457218228,0.000360317095,0.0004624793709,0.0005326516313,0.0005511992811,0.01649257207,0.004218691708,0.009343757409,0.01742863392,0.02576477589,0.03234271503,0.0002234134904,0.0002762894162,0.000306593188,0.0003065615972,0.01205926495,0.002128355195,0.004030407195,0.006499975151,0.008214748177,0.008928387011,0.007532497978,0.00601368905,0.004308105305,0.002876127293,0.02420010641,0.002631560507,0.00350422924,0.004075237025,0.003763672326,0.003002410699,0.01267155697,0.01053439992,0.007858379897,0.005446036468,0.03402373336,0.005540701065,0.008749560779,0.01192065883,0.01305710071,0.01218421073,0.0001717050246,0.0001567643877,0.0001284266679,9.704155383e-05,0.004018582656,0.0003164320448,0.0007414392531,0.001457210174,0.00214058699,0.002585808763,0.000102068574,8.949083854e-05,7.040581094e-05,5.124898873e-05,0.002858302669,0.0001502896587,0.0002969489756,0.0004981668328,0.0006170181418,0.0006371902185,1.479017498e-07,3.827270708e-07,7.495840622e-07,1.088710439e-06,0.004445262689,0.000135170579,0.0005206757901,0.001349997465,0.002012197397,0.002165700881,2.13351962e-10,1.18067138e-09,4.491220829e-09,1.105278939e-08,0.002023094903,2.061420692e-05,0.000122507345,0.0004274083775,0.000706943601,0.0007818064756,1.63961354e-09,1.082718971e-08,5.121547762e-08,1.59872196e-07,0.005525805294,0.0002646402602,0.00110599683,0.002911948387,0.0042171773,0.004453985932,1.210942803e-09,9.683988483e-09,5.547484898e-08,2.066462747e-07,0.007089637563,0.0004590931064,0.001687752681,0.003944813876,0.005167592579,0.005060987015,6.401384503e-10,6.519948881e-09,4.756918355e-08,2.215219774e-07,0.00868545501,0.0007066667457,0.002209416088,0.0044429835,0.005073911166,0.004467433561,3.05167418e-11,4.986878859e-10,5.601733609e-09,3.745540395e-08,0.007085316035,0.000353141095,0.0009924452587,0.001727354584,0.001569601597,0.00109649354,3.047742815e-14,1.306767561e-12,3.293798077e-11,4.042087417e-10,0.004543096507,4.391187346e-05,0.0001214226257,0.0001750010293,9.638144019e-05,3.644512095e-05,7.333107657e-13,2.357416716e-11,4.455159469e-10,4.191033719e-09,0.008454388304,0.0001131304534,0.0002139039055,0.0002166070306,8.612583489e-05,2.351590181e-05,1.045787217e-11,2.524291021e-10,3.581905416e-09,2.58638431e-08,0.01311752056,0.0001954892593,0.0002725457878,0.000207980353,6.301072046e-05,1.30431724e-05,1.863351095e-13,8.283395062e-12,1.924293254e-10,1.972826751e-09,0.01059392297,3.897380325e-05,3.88019263e-05,1.898212072e-05,2.771865844e-06,2.496402173e-07
2,0.01773737043,0.01990097616,0.0200356262,0.01831217687,0.104805304,0.03779643216,0.04750125622,0.05235223562,0.04866898133,0.04036301088,0.02860419103,0.03330810184,0.03480274469,0.03291883526,0.1432998929,0.07486196663,0.1100222311,0.140223523,0.1524559208,0.1460087472,0.0003608272052,0.0004631771624,0.0005335048829,0.0005521296116,0.01650629947,0.004225910717,0.009363411486,0.01747164453,0.02583847854,0.03244691463,0.0002237478345,0.0002767398068,0.0003071339489,0.0003071401227,0.01207221931,0.002133584715,0.004042581244,0.006523011487,0.00824849847,0.008969703481,0.00754056569,0.006020743301,0.004313598229,0.00288006521,0.02421956444,0.002636496206,0.00351230842,0.004086260446,0.003775473577,0.003013013647,0.01268401517,0.01054536678,0.007867015826,0.005452312414,0.03404213654,0.005546598523,0.008761007617,0.01193895461,0.0130803286,0.01220862049,0.0001719505697,0.0001570030967,0.0001286341305,9.720662027e-05,0.004021931621,0.0003169712104,0.0007429921701,0.001460790938,0.002146684191,0.002594103956,0.0001022235112,8.963892511e-05,7.053194884e-05,5.134727873e-05,0.002861437089,0.0001506677273,0.0002978672966,0.0004999744472,0.0006196135962,0.0006402091562,1.483777468e-07,3.840547848e-07,7.523724451e-07,1.093012464e-06,0.004452519199,0.0001358017099,0.0005236651812,0.001359093787,0.002028134109,0.002185297335,2.142764149e-10,1.186186062e-09,4.513716104e-09,1.111159851e-08,0.002027120038,2.074455931e-05,0.0001234600855,0.0004313100349,0.0007145753848,0.0007915100505,1.646109578e-09,1.087334025e-08,5.144917853e-08,1.606460846e-07,0.005536247314,0.0002661549813,0.001113753786,0.002935863447,0.004257968474,0.004503334819,1.21613905e-09,9.728454535e-09,5.574625587e-08,2.07714657e-07,0.00710405662,0.0004618780457,0.001700168564,0.00397856594,0.005219423868,0.005118946021,6.43151575e-10,6.552599132e-09,4.782170903e-08,2.227594831e-07,0.00870470129,0.0007112593338,0.002226626959,0.00448292548,0.005127094629,0.00452069749,3.070786248e-11,5.019798591e-10,5.640608739e-09,3.772704799e-08,0.007105161234,0.0003560850876,0.001002164355,0.00174661013,0.001589853851,0.001112516943,3.07920271e-14,1.320885876e-12,3.330971447e-11,4.089504635e-10,0.004561349492,4.450198958e-05,0.0001233083372,0.0001780593689,9.833121767e-05,3.728255474e-05,7.417798321e-13,2.385779519e-11,4.51091027e-10,4.245346613e-09,0.008492172702,0.0001147968383,0.0002175026105,0.0002206732618,8.798575853e-05,2.409012269e-05,1.058912022e-11,2.557189778e-10,3.630317738e-09,2.622494862e-08,0.01318097492,0.0001985747559,0.0002774188526,0.0002121046619,6.444169265e-05,1.337700106e-05,1.894317288e-13,8.425957439e-12,1.95855152e-10,2.009028498e-09,0.01065622544,3.978273423e-05,3.970768274e-05,1.947093805e-05,2.853745045e-06,2.579763611e-07
3,0.01776762893,0.01993812888,0.02007625578,0.01835203318,0.1049386319,0.03790831062,0.04767411605,0.05257577961,0.04890990895,0.04058807577,0.02864915415,0.03336358695,0.03486398814,0.03297961759,0.1434248476,0.07499118988,0.1102556801,0.1405725943,0.1528958501,0.1464832633,0.0003616717417,0.0004643324556,0.0005349176173,0.0005536700343,0.0165289873,0.00423784866,0.009395929941,0.01754284159,0.02596054465,0.03261957205,0.0002243015368,0.0002774857619,0.0003080296741,0.000308098504,0.01209364585,0.002142247424,0.004062762608,0.006561226089,0.008304528043,0.00903834085,0.007553919619,0.006032420341,0.004322691377,0.002886584612,0.02425173938,0.002644666933,0.003525690587,0.004104529036,0.003795042363,0.003030604616,0.01270462797,0.01056351164,0.007881303933,0.005462695897,0.03407253533,0.005556339614,0.008779920967,0.01196919337,0.01311873141,0.01224898928,0.0001723570979,0.0001573983174,0.000128977631,9.747993614e-05,0.004027466472,0.0003178627751,0.0007455614019,0.001466717995,0.002156781797,0.002607848196,0.0001024801093,8.988420177e-05,7.074089489e-05,5.151011313e-05,0.002866621644,0.0001512940585,0.0002993898039,0.0005029734597,0.0006239230023,0.0006452252182,1.491677646e-07,3.862589436e-07,7.570026645e-07,1.100157891e-06,0.004464528029,0.0001368499302,0.0005286371703,0.001374242778,0.002054716411,0.00221803261,2.158130027e-10,1.195355621e-09,4.551134044e-09,1.120945399e-08,0.002033784402,2.09615293e-05,0.0001250489493,0.0004378283204,0.0007273533366,0.0008077912999,1.656900077e-09,1.095002508e-08,5.183763027e-08,1.619328259e-07,0.005553531647,0.0002686740042,0.001126675968,0.002975766501,0.004326161122,0.004585986804,1.224773513e-09,9.802367153e-09,5.619754902e-08,2.094917229e-07,0.007127928027,0.0004665115863,0.001720861368,0.004034907889,0.005306113637,0.005216066203,6.481607103e-10,6.606896806e-09,4.824180797e-08,2.24818859e-07,0.008736571289,0.0007189048058,0.002255327732,0.004549638368,0.005216098871,0.004610005486,3.102622391e-11,5.074657116e-10,5.705417926e-09,3.81800807e-08,0.007138049772,0.0003609983132,0.001018415642,0.001778864624,0.001623856091,0.001139479535,3.131881858e-14,1.344540992e-12,3.393292685e-11,4.16904415e-10,0.004591646769,4.549344962e-05,0.0001264852244,0.0001832249163,0.0001016362419,3.870715202e-05,7.559829059e-13,2.433374318e-11,4.604521047e-10,4.336594422e-09,0.008554924943,0.0001176012808,0.0002235756551,0.0002275527566,9.114407737e-05,2.506878353e-05,1.080950774e-11,2.612466062e-10,3.711709646e-09,2.683239152e-08,0.01328640905,0.0002037746476,0.0002856537954,0.0002190920357,6.687513396e-05,1.394682219e-05,1.946589895e-13,8.666792065e-12,2.016468723e-10,2.070274132e-09,0.01075988654,4.115486818e-05,4.124923196e-05,2.030548238e-05,2.994221812e-06,2.723495683e-07
4,0.01780971645,0.0199898094,0.02013277772,0.01840748472,0.1051238027,0.03806393751,0.04791476448,0.05288722194,0.04924584162,0.04090212377,0.028711659,0.03344071597,0.03494911997,0.03306410783,0.143598135,0.07517038696,0.1105795619,0.1410570999,0.1535067527,0.1471424798,0.0003628469211,0.0004659401212,0.0005368836421,0.0005558138958,0.0165604764,0.00425443161,0.009441136008,0.01764188819,0.02613048923,0.03286012194,0.0002250723575,0.000278524366,0.0003092770015,0.0003094332939,0.01212341827,0.002154311366,0.004090898899,0.006614558623,0.008382809948,0.009134335486,0.007572495643,0.006048665005,0.004335342673,0.002895656003,0.0242964289,0.002656034855,0.003544324928,0.004129987582,0.003822335908,0.003055158691,0.01273328406,0.01058873588,0.00790116627,0.0054771302,0.03411469191,0.005569847336,0.008806160191,0.01201116343,0.01317205837,0.01230507095,0.0001729227947,0.0001579483012,0.000129455668,9.786032403e-05,0.004035148224,0.0003191011535,0.0007491327884,0.001474962829,0.002170838859,0.002626995307,0.0001028373438,9.02257241e-05,7.103187839e-05,5.173691776e-05,0.002873826097,0.0001521664302,0.0003015128,0.0005071597106,0.0006299452287,0.0006522422811,1.502711492e-07,3.893385108e-07,7.634742819e-07,1.11014861e-06,0.004481227941,0.0001383154159,0.0005356029815,0.001395508133,0.00209211761,0.002264192683,2.179637994e-10,1.208197279e-09,4.603565381e-09,1.134664379e-08,0.002043058619,2.126585327e-05,0.0001272838496,0.0004470212047,0.000745433076,0.0008309005753,1.671989292e-09,1.105731082e-08,5.238136048e-08,1.63734763e-07,0.005577575664,0.0002722025969,0.001144823274,0.003031936891,0.004422429063,0.004702988594,1.236854076e-09,9.905830084e-09,5.682958885e-08,2.119817017e-07,0.007161143534,0.0004730065416,0.001749940976,0.004114272267,0.005428579686,0.005353649134,6.551738345e-10,6.682955923e-09,4.883057957e-08,2.277064901e-07,0.008780930587,0.0007296308165,0.002295695297,0.004643691398,0.005341945672,0.00473663774,3.147327612e-11,5.15173714e-10,5.796534403e-09,3.881736676e-08,0.007183882234,0.0003679167875,0.001041364815,0.001824533149,0.001672164122,0.001177913773,3.206431989e-14,1.378046944e-12,3.481645821e-11,4.281901358e-10,0.004633966532,4.690351048e-05,0.0001310218222,0.000190629229,0.0001063990011,4.077101743e-05,7.761284995e-13,2.500943493e-11,4.737538201e-10,4.466362462e-09,0.008642652438,0.0001215997946,0.0002322697555,0.0002374386273,9.570744551e-05,2.649054562e-05,1.112269026e-11,2.691087925e-10,3.827582223e-09,2.769789796e-08,0.01343390809,0.0002112037206,0.0002974669869,0.0002291534964,7.039871605e-05,1.477651264e-05,2.021457008e-13,9.012112659e-12,2.099606535e-10,2.158281039e-09,0.01090519851,4.313420284e-05,4.348409058e-05,2.152098928e-05,3.200319624e-06,2.935931232e-07
5,0.01786350545,0.02005586455,0.0202050294,0.01847837703,0.1053599839,0.03826285015,0.04822267444,0.05328610746,0.04967655281,0.04130517083,0.02879148134,0.03353920937,0.03505782983,0.03317199727,0.1438187296,0.07539848431,0.1109920823,0.1416745581,0.1542857759,0.1479835925,0.0003643496518,0.0004679959921,0.0005393979684,0.0005585558891,0.01660060512,0.004275587542,0.009498866864,0.01776849594,0.02634794416,0.03316820842,0.0002260586009,0.0002798534731,0.000310873544,0.0003111421428,0.01216141662,0.002169754033,0.004126967934,0.006683020556,0.008483445942,0.009257908203,0.00759623904,0.006069430677,0.004351517012,0.002907255124,0.02435343572,0.002670568261,0.003568174746,0.004162605389,0.003857343815,0.003086685179,0.01276988207,0.01062094936,0.007926531454,0.005495563338,0.03416835631,0.005587040279,0.008839579164,0.01206464894,0.01324005973,0.01237662655,0.0001736461814,0.0001586516304,0.0001300670347,9.834684658e-05,0.004044937208,0.0003206808779,0.0007536931976,0.001485500789,0.002188823776,0.00265151533,0.0001032944467,9.06628061e-05,7.140436108e-05,5.202730931e-05,0.002883021863,0.0001532833364,0.0003042349623,0.0005125348958,0.0006376894085,0.0006612781792,1.516889815e-07,3.932975903e-07,7.717983199e-07,1.123005186e-06,0.004502564651,0.0001402009976,0.0005445904832,0.001423016046,0.002140645881,0.00232426008,2.207355597e-10,1.224758085e-09,4.671230593e-09,1.15238152e-08,0.002054918854,2.165909203e-05,0.0001301825762,0.0004589862326,0.0007690659845,0.0008612335697,1.69141025e-09,1.119548259e-08,5.308207732e-08,1.660583821e-07,0.005608308686,0.0002767542817,0.001168311101,0.003104864208,0.004547888618,0.004856023632,1.252413366e-09,1.0039173e-08,5.764470397e-08,2.151949344e-07,0.007203613517,0.000481392145,0.001787611839,0.004217404433,0.00558832878,0.005533776429,6.642146069e-10,6.78107127e-09,4.959060721e-08,2.314364328e-07,0.008837673289,0.0007434947152,0.002348047788,0.004766048283,0.005506296102,0.004902629099,3.205184396e-11,5.25157162e-10,5.914643103e-09,3.964405502e-08,0.007242603189,0.0003769031121,0.001071285302,0.00188428235,0.001735652349,0.001228647624,3.303907548e-14,1.421908082e-12,3.597441634e-11,4.429974241e-10,0.004688353751,4.875920411e-05,0.0001370242617,0.0002004748996,0.000112776837,4.355416752e-05,8.025483433e-13,2.58966214e-11,4.912398725e-10,4.637140186e-09,0.008755521016,0.0001268794297,0.0002438111801,0.0002506276635,0.0001018395718,2.841484242e-05,1.153442689e-11,2.794574689e-10,3.980283621e-09,2.883976233e-08,0.01362385142,0.000221039561,0.0003131913779,0.0002426130687,7.514705614e-05,1.590282141e-05,2.120907968e-13,9.471503289e-12,2.210371161e-10,2.275693325e-09,0.01109282492,4.578827302e-05,4.650060417e-05,2.317169941e-05,3.482908922e-06,3.230059085e-07
6,0.01792888757,0.02013616561,0.02029287605,0.0185645843,0.1056463577,0.03850465589,0.04859747521,0.0537722422,0.05020216746,0.04179762254,0.02888841635,0.03365881076,0.03518983235,0.03330300172,0.1440855575,0.07567435046,0.1114913756,0.1424224289,0.1552300582,0.1490038535,0.0003661774957,0.0004704968078,0.0005424567401,0.000561891974,0.01664920898,0.004301245721,0.009568971369,0.01792241896,0.02661264615,0.03354366623,0.0002272590879,0.0002814716689,0.0003128178412,0.0003132237449,0.01220752668,0.002188561717,0.004170975974,0.006766691602,0.008606661196,0.009409457991,0.007625103965,0.006094678803,0.004371185867,0.002921362664,0.02442256699,0.002688241093,0.003597216526,0.004202374836,0.0039000864,0.003125226054,0.01281432991,0.01066006985,0.007957334186,0.005517947701,0.03423326663,0.005607832518,0.008880025773,0.01212942866,0.01332248467,0.01246342173,0.0001745260959,0.0001595071998,0.0001308108012,9.893879213e-05,0.004056793014,0.0003225965536,0.0007592303472,0.001498310581,0.002210713294,0.002681393014,0.0001038508947,9.119500744e-05,7.185802581e-05,5.238108604e-05,0.002894181855,0.0001546439393,0.0003075572101,0.0005191062876,0.0006471745371,0.0006723642583,1.534240276e-07,3.981452838e-07,7.819969605e-07,1.13876639e-06,0.004528490232,0.000142512047,0.0005556437302,0.001456954296,0.002200744265,0.002398916515,2.241396468e-10,1.245114519e-09,4.754478523e-09,1.174197196e-08,0.002069346398,2.21436144e-05,0.0001337707818,0.0004738610908,0.0007986024213,0.0008993388323,1.715224078e-09,1.136503939e-08,5.394264731e-08,1.689142442e-07,0.005645670973,0.0002823505846,0.001197309629,0.003195248701,0.004704107224,0.005047434844,1.271508242e-09,1.020294731e-08,5.86466674e-08,2.191477899e-07,0.007255265462,0.0004917136288,0.001834172163,0.004345364483,0.005787470557,0.005759340908,6.753220891e-10,6.901715641e-09,5.052593961e-08,2.360303363e-07,0.008906719827,0.0007605829566,0.002412844115,0.004918071695,0.005711468969,0.005110803214,3.276612665e-11,5.374944441e-10,6.060742486e-09,4.066759858e-08,0.007314198458,0.000388046604,0.001108560632,0.001959039867,0.001815531962,0.001292826927,3.425783225e-14,1.476828246e-12,3.742645553e-11,4.615903661e-10,0.004754917242,5.109795208e-05,0.0001446394819,0.0002130430776,0.0001209893034,4.716904276e-05,8.35704226e-13,2.701164158e-11,5.132488156e-10,4.852384017e-09,0.008893848871,0.0001335606561,0.0002585136288,0.0002675326986,0.0001097696576,3.092553098e-05,1.20527178e-11,2.925035653e-10,4.17307257e-09,3.028336891e-08,0.01385690277,0.0002335280844,0.0003332893283,0.0002599224788,8.130917975e-05,1.737777922e-05,2.247708866e-13,1.005830071e-11,2.352114036e-10,2.426197234e-09,0.01132379306,4.921143162e-05,5.042303972e-05,2.533444442e-05,3.857571741e-06,3.624736816e-07
7,0.01800577256,0.02023060684,0.02039620919,0.01866600767,0.1059821182,0.03878902572,0.0490389406,0.0543456764,0.05082314246,0.04238025549,0.02900227726,0.03379928516,0.03534486506,0.03345685936,0.1443974973,0.07599679357,0.1120754975,0.1432980965,0.1563367021,0.1502005357,0.0003683286303,0.0004734401609,0.0005460571656,0.0005658192978,0.01670612038,0.004331335999,0.00965130752,0.01810344727,0.02692442367,0.03398650058,0.000228673131,0.0002833782345,0.0003151093138,0.0003156777879,0.01226163927,0.002210728843,0.004222956013,0.006865716372,0.008752799574,0.009589556862,0.007659052953,0.006124378439,0.004394326916,0.002937963973,0.0245036336,0.002709032456,0.003631438989,0.004249309964,0.003950613101,0.003170854518,0.01286654409,0.01070602241,0.007993514757,0.005544239675,0.03430914928,0.00563213343,0.008927341247,0.01220527442,0.01341907885,0.01256522356,0.0001755616746,0.0001605141977,0.0001316862976,9.963566067e-05,0.004070674408,0.0003248428057,0.0007657326033,0.001513373718,0.002236491414,0.002716626192,0.0001045063968,9.18221216e-05,7.239276585e-05,5.279821915e-05,0.002907280311,0.0001562480213,0.000311482574,0.0005268864751,0.0006584291199,0.0006855450201,1.55480701e-07,4.038955884e-07,7.941033391e-07,1.157488899e-06,0.004558962494,0.0001452563753,0.0005688226239,0.001497571971,0.002272992531,0.002489048964,2.281920117e-10,1.269372446e-09,4.853786565e-09,1.20024758e-08,0.002086327254,2.27225881e-05,0.0001380820734,0.0004918248794,0.0008344971813,0.0009459295237,1.743519604e-09,1.156669157e-08,5.496708494e-08,1.72316959e-07,0.005689612667,0.0002890208379,0.00123204367,0.003304004712,0.004893120502,0.00528026265,1.294219513e-09,1.03979242e-08,5.984068843e-08,2.238626476e-07,0.007316042396,0.0005040319263,0.001890014172,0.004499534002,0.00602874343,0.006034097496,6.885506286e-10,7.045539031e-09,5.164208895e-08,2.415174563e-07,0.00898801468,0.0007810107741,0.002490685331,0.005101534395,0.005960473265,0.005364827063,3.362171744e-11,5.522894959e-10,6.236151411e-09,4.189781375e-08,0.007398692402,0.0004014638278,0.001153688959,0.002050009956,0.001913378978,0.001371948842,3.573982525e-14,1.543725449e-12,3.919821588e-11,4.843136064e-10,0.004833827012,5.396850227e-05,0.000154059989,0.0002287044947,0.0001313289061,5.176710742e-05,8.761986907e-13,2.837582567e-11,5.402229277e-10,5.116612799e-09,0.009058101316,0.0001418009264,0.0002767898144,0.0002887006753,0.0001198047166,3.41362479e-05,1.268801477e-11,3.085228814e-10,4.410214159e-09,3.206197432e-08,0.01413400207,0.000248991715,0.0003583713851,0.0002816826045,8.9139432e-05,1.927224308e-05,2.405513737e-13,1.079015649e-11,2.529279627e-10,2.614690438e-09,0.01159948974,5.352963748e-05,5.541903904e-05,2.811392421e-05,4.345889028e-06,4.146521988e-07
8,0.01809408722,0.02033910412,0.02051494501,0.01878257363,0.1063664686,0.0391156877,0.04954697687,0.05500668753,0.05154024762,0.04305419969,0.02913289391,0.03396041712,0.0355226864,0.03363332863,0.1447533805,0.07636455839,0.112742415,0.1442988501,0.1576027425,0.1515708927,0.0003708018127,0.000476824445,0.0005501974495,0.0005703361182,0.01677116815,0.00436578802,0.009745739646,0.01831139948,0.02728318287,0.03449686548,0.0002303005105,0.0002855731129,0.0003177482214,0.0003185049048,0.01232364954,0.002236257294,0.004282966059,0.00698030115,0.008922319361,0.009798945621,0.007698056434,0.006158505805,0.004420923678,0.002957048791,0.02459644945,0.00273292612,0.003670842138,0.004303445075,0.004009000943,0.00322367367,0.01292644908,0.01075873878,0.008035018547,0.00557439927,0.03439571897,0.005659847447,0.008981359336,0.01229194939,0.01352958152,0.01268179699,0.0001767523353,0.0001616720882,0.0001326930977,0.00010043715,0.004086539233,0.0003274142204,0.0007731887576,0.001530673905,0.002266148217,0.002757224034,0.0001052608836,9.254416476e-05,7.300867498e-05,5.327884469e-05,0.002922292619,0.0001580959351,0.0003160160691,0.0005358931175,0.0006714908605,0.0007008778428,1.57865039e-07,4.105673339e-07,8.081614245e-07,1.179247142e-06,0.004593944335,0.0001484441375,0.0005842026696,0.001545179739,0.002358110743,0.002595758992,2.329132211e-10,1.297667391e-09,4.96976233e-09,1.230705236e-08,0.002105851704,2.339997693e-05,0.0001431581999,0.0005131000479,0.0008773171712,0.001001899533,1.776413195e-09,1.180136028e-08,5.616055327e-08,1.76285201e-07,0.005740092685,0.0002968020235,0.001272793029,0.003432266839,0.005117457423,0.005558298149,1.320651878e-09,1.062509484e-08,6.123341874e-08,2.293679449e-07,0.007385901244,0.0005184234728,0.001955625341,0.004681627266,0.006315552055,0.006362733906,7.039698896e-10,7.213369645e-09,5.294604475e-08,2.479347543e-07,0.009081524015,0.0008049220717,0.002582317625,0.00531863658,0.006257054295,0.005669286119,3.462564238e-11,5.696726225e-10,6.4425209e-09,4.334697661e-08,0.007496145191,0.0004172994999,0.00120728965,0.002158695295,0.00203117254,0.001467907216,3.75091776e-14,1.623752297e-12,4.132193138e-11,5.116009939e-10,0.004925311788,5.743220396e-05,0.0001655303067,0.0002479344404,0.0001441758111,5.754799232e-05,9.247898036e-13,3.00160498e-11,5.72720382e-10,5.43553851e-09,0.009248886168,0.0001517995061,0.0002991671726,0.0003148372684,0.0001323465397,3.819787834e-05,1.345350981e-11,3.278641259e-10,4.697110718e-09,3.421777587e-08,0.01445635872,0.0002678404699,0.0003892218125,0.0003086728119,9.897257427e-05,2.168086715e-05,2.599016634e-13,1.16898064e-11,2.747608045e-10,2.847514386e-09,0.01192165992,5.890702557e-05,6.170996019e-05,3.165011304e-05,4.977282375e-06,4.83234581e-07
9,0.01819377429,0.02046159362,0.02064902286,0.01891423238,0.1067986186,0.03948441997,0.05012161043,0.0557557631,0.0523545468,0.04382092156,0.02928011133,0.03414200893,0.0357230735,0.03383218597,0.145151991,0.07677632229,0.113489995,0.145421861,0.1590251112,0.1531121143,0.0003735963443,0.0004806488027,0.0005548767263,0.0005754417266,0.01684417711,0.004404530342,0.00985213535,0.01854611496,0.02768889239,0.03507504066,0.0002321414523,0.0002880568772,0.0003207356222,0.0003217066302,0.01239345623,0.002265155723,0.004351087424,0.007110710761,0.009115789332,0.01003853035,0.007742092265,0.006197043857,0.004450965155,0.002978610984,0.02470083069,0.002759909997,0.003715436288,0.004364833329,0.004075353043,0.00328381524,0.01299397659,0.01081815675,0.008081795512,0.005608389722,0.03449267872,0.005690873748,0.009041905371,0.01238920603,0.01365372235,0.01281290101,0.0001780977594,0.0001629805933,0.0001338310024,0.000101343142,0.004104344295,0.0003303052786,0.0007815877839,0.001550196384,0.00229967859,0.002803205175,0.0001061144966,9.336136532e-05,7.370603818e-05,5.382325602e-05,0.002939195136,0.0001601885547,0.0003211645661,0.000546148706,0.0006864063802,0.0007184327626,1.605846885e-07,4.181841517e-07,8.242259796e-07,1.204133276e-06,0.004633403064,0.0001520877411,0.0006018748064,0.001600150579,0.00245696436,0.002720375165,2.383285299e-10,1.330165119e-09,5.103146714e-09,1.265780122e-08,0.002127913869,2.418054292e-05,0.0001490493249,0.0005379549674,0.0009277513248,0.001068344178,1.81404881e-09,1.207017856e-08,5.75293745e-08,1.808417613e-07,0.005797077565,0.0003057386459,0.001319893284,0.003581398588,0.005380173287,0.005886151615,1.350934061e-09,1.088567244e-08,6.283297201e-08,2.35698282e-07,0.007464811124,0.0005349800809,0.002031590449,0.004893706544,0.006652016106,0.006750961515,7.216650214e-10,7.406216584e-09,5.444630239e-08,2.55327078e-07,0.009187233235,0.0008324894907,0.002688636773,0.00557202908,0.006605753387,0.006029780866,3.578641776e-11,5.89801683e-10,6.681850674e-09,4.502995671e-08,0.007606650035,0.0004357277354,0.001270111904,0.002286925086,0.002171344115,0.001583051092,3.959542233e-14,1.718322579e-12,4.383722065e-11,5.439868186e-10,0.005029656684,6.156464689e-05,0.0001793553224,0.0002713323211,0.0001600173538,6.477182581e-05,9.824103519e-13,3.196545682e-11,6.114310618e-10,5.816236177e-09,0.009466949594,0.0001638037043,0.0003263083135,0.0003468392685,0.0001479143806,4.33087204e-05,1.436551035e-11,3.509593685e-10,5.040472133e-09,3.680330286e-08,0.01482544608,0.0002905863166,0.0004268320044,0.0003418897727,0.0001112441106,2.472891783e-05,2.834151936e-13,1.278608672e-11,3.014403347e-10,3.132762833e-09,0.01229240785,6.5554648e-05,6.958485557e-05,3.612842316e-05,5.791603081e-06,5.733364793e-07
10,0.01830479155,0.02059803048,0.02079840367,0.01906095632,0.1072777806,0.03989504374,0.05076297513,0.05659358323,0.05326737903,0.04468220722,0.0294437883,0.03434387876,0.03594582006,0.03405322361,0.1455920655,0.07723069085,0.1143159921,0.1466641585,0.160600599,0.1548212783,0.0003767120363,0.000484913076,0.0005600949948,0.000581136372,0.01692496756,0.004447489493,0.009970362226,0.01880744545,0.02814156712,0.03572140673,0.0002341966064,0.0002908307006,0.0003240733353,0.0003252853572,0.01247096091,0.002297438828,0.004427422975,0.007257265445,0.009333885002,0.0103093794,0.007791145284,0.006239981868,0.004484445498,0.00300264828,0.02481659489,0.002789975609,0.003765241073,0.004433545327,0.004149797117,0.003351438365,0.01306906495,0.01088421959,0.00813379967,0.005646177103,0.03459971985,0.005725105914,0.009108795211,0.01249678395,0.013791218,0.01295828435,0.0001795978757,0.0001644396758,0.0001351000238,0.0001023536891,0.004124045235,0.000333510286,0.0007909185769,0.001571927223,0.00233708086,0.002854595704,0.0001070675789,9.427415409e-05,7.448532276e-05,5.443189662e-05,0.002957964988,0.0001625272226,0.000326936663,0.0005576803299,0.0007032309556,0.0007382923006,1.636489032e-07,4.267744775e-07,8.42362593e-07,1.232257292e-06,0.004677309698,0.0001562017553,0.0006219452862,0.001662920896,0.002570570727,0.002864468412,2.44467999e-10,1.367062508e-09,5.25481833e-09,1.305720989e-08,0.002152511254,2.506985233e-05,0.0001558143759,0.0005667071089,0.0009866228007,0.001146585817,1.856598266e-09,1.237449423e-08,5.908104999e-08,1.860136351e-07,0.00586054027,0.0003158826205,0.001373736894,0.003753003243,0.005684890275,0.006269336673,1.385219142e-09,1.118109622e-08,6.464895593e-08,2.428945827e-07,0.007552751579,0.0005538088649,0.002118594316,0.00513820115,0.00704303019,0.007205627143,7.417369554e-10,7.625274105e-09,5.615290549e-08,2.637474173e-07,0.00930514444,0.0008639146033,0.002810693825,0.005864842028,0.007011981191,0.006453045717,3.711412584e-11,6.128636307e-10,6.956510449e-09,4.696438801e-08,0.007730330359,0.0004569536097,0.001343045356,0.002436889637,0.00233683849,0.001720257975,4.203415682e-14,1.829144628e-12,4.679207983e-11,5.821199363e-10,0.005147200931,6.645769913e-05,0.0001959108039,0.0002996466409,0.0001794734628,7.377563344e-05,1.050191963e-12,3.426436313e-11,6.5719649e-10,6.267358383e-09,0.009713172239,0.0001781166818,0.0003590370177,0.0003858363308,0.0001671748189,4.972814791e-05,1.544391201e-11,3.783372368e-10,5.448531351e-09,3.988318107e-08,0.01524299654,0.0003178612927,0.0004724432793,0.0003825978975,0.0001265172661,2.858151396e-05,3.118352871e-13,1.411525038e-11,3.338882341e-10,3.480684294e-09,0.01271420014,7.374190761e-05,7.941911056e-05,4.179350055e-05,6.842744838e-06,6.920485039e-07
11,0.01842711074,0.02074838755,0.02096306855,0.01922273849,0.1078031672,0.04034741583,0.05147129926,0.05752100283,0.05428033935,0.04564014574,0.02962379594,0.03456585881,0.03619073417,0.03429624724,0.1460722926,0.07772619293,0.115218035,0.1480226035,0.1623258144,0.156695299,0.0003801491758,0.0004896177562,0.0005658530523,0.0005874211848,0.01701335464,0.004494588963,0.01010028435,0.01909524607,0.02864125076,0.03643641853,0.0002364670272,0.0002938963273,0.0003277639041,0.0003292442971,0.01255606714,0.002333126621,0.00451209534,0.007420337683,0.009577384942,0.01061272075,0.007845206863,0.006287315019,0.004521363661,0.003029162022,0.02494356023,0.002823117532,0.003820284421,0.004509667659,0.004232483984,0.00342672838,0.01315165839,0.01095687535,0.008190988571,0.005687729913,0.03471652177,0.005762431537,0.009181834114,0.01261440748,0.01394176837,0.01311768092,0.0001812528439,0.0001660495216,0.000136500369,0.0001034690004,0.00414559639,0.0003370232965,0.0008011696725,0.00159585256,0.002378355329,0.002911427002,0.0001081206653,9.528315485e-05,7.534716999e-05,5.510535334e-05,0.00297857988,0.0001651136974,0.0003333425523,0.0005705194389,0.0007220282658,0.0007605513197,1.670685498e-07,4.363715807e-07,8.626477776e-07,1.263747226e-06,0.004725638239,0.0001608028161,0.0006445355756,0.001733991898,0.002700106759,0.003029870189,2.513666539e-10,1.408588712e-09,5.425799257e-09,1.350817167e-08,0.00217964428,2.607428422e-05,0.0001635214597,0.0005997268036,0.00105490353,0.001238204749,1.904261688e-09,1.271587412e-08,6.082428893e-08,1.918321415e-07,0.005930458933,0.0003272931647,0.001434774564,0.003948936686,0.006035845329,0.006714370612,1.423685047e-09,1.151303691e-08,6.669251586e-08,2.51004307e-07,0.007649710723,0.0005750321849,0.002217425086,0.005417929885,0.007494334734,0.00773484665,7.643028196e-10,7.871927347e-09,5.807750126e-08,2.732572324e-07,0.009435273775,0.0008994281842,0.002949701852,0.006200718638,0.007482104682,0.006947091663,3.862050858e-11,6.390764097e-10,7.269266034e-09,4.91708775e-08,0.007867336874,0.0004812150057,0.001427132652,0.002611181708,0.002531187674,0.001883023902,4.486784395e-14,1.958262241e-12,5.024410295e-11,6.267811655e-10,0.005278335592,7.222198688e-05,0.0002156564252,0.0003338064699,0.00020332945,8.499498415e-05,1.129494783e-12,3.696137732e-11,7.110344789e-10,6.799401265e-09,0.009988565452,0.0001951070574,0.0003983708001,0.0004332441556,0.0001909807219,5.779485943e-05,1.671278351e-11,4.106392896e-10,5.931312548e-09,4.353633462e-08,0.0157109971,0.0003504399971,0.0005276009729,0.000432394158,0.0001455185141,3.34560876e-05,3.46088127e-13,1.572265307e-11,3.732623303e-10,3.904201903e-09,0.01318987039,8.381136843e-05,9.169911649e-05,4.896785177e-05,8.203671558e-06,8.492283421e-07
12,0.01856071665,0.02091265409,0.02114301728,0.01939959105,0.1083739869,0.04084142111,0.05224689204,0.05853903307,0.05539525902,0.04669711201,0.02982001627,0.03480779336,0.0364576361,0.03456107371,0.1465913127,0.07826127543,0.1161936121,0.1494938608,0.1641971407,0.1587308726,0.0003839084927,0.0004947639341,0.0005721524294,0.0005942981009,0.01710914782,0.00454574814,0.0102417586,0.01940936572,0.02918799724,0.0372205765,0.0002389541537,0.0002972560455,0.0003318105614,0.0003335874404,0.0126486797,0.002372243654,0.004605245039,0.007600348908,0.009847167011,0.01094993936,0.007904274479,0.006339044001,0.004561723075,0.00305815691,0.0250815446,0.002859332828,0.003880601509,0.004593301415,0.004323586018,0.003509895582,0.0132417064,0.01103607627,0.008253322768,0.005733018668,0.03484275188,0.005802731814,0.009260815531,0.01274178324,0.01410505271,0.01329080506,0.0001830630381,0.0001678105232,0.0001380324241,0.0001046894286,0.00416895065,0.0003408380328,0.0008123289526,0.001621957794,0.002423502713,0.00297373341,0.0001092744739,9.638917535e-05,7.629238695e-05,5.584434973e-05,0.003001017888,0.0001679500979,0.0003403938831,0.0005847015989,0.0007428701372,0.0007853168948,1.708561232e-07,4.47013621e-07,8.851691281e-07,1.298749474e-06,0.004778364918,0.0001659095253,0.0006697822524,0.001813931158,0.002846917647,0.003218693268,2.59064686e-10,1.455006598e-09,5.617262084e-09,1.40140074e-08,0.002209315794,2.720104012e-05,0.0001722483314,0.0006374415505,0.00113373118,0.001345075888,1.957268132e-09,1.309610983e-08,6.276904514e-08,1.983330738e-07,0.006006815564,0.0003400366761,0.001503516736,0.004171321836,0.006437945103,0.007228891333,1.466535209e-09,1.188340396e-08,6.89763894e-08,2.600817125e-07,0.007755683328,0.0005987875823,0.002328977861,0.005736126427,0.008012597663,0.008348161335,7.894964656e-10,8.147759448e-09,6.023340814e-08,2.839268508e-07,0.009577648674,0.0009392905034,0.003107043489,0.006583853638,0.008023547887,0.007521374149,4.031907976e-11,6.686912114e-10,7.623310301e-09,5.167325256e-08,0.00801784454,0.0005087847111,0.00152358395,0.002812844895,0.002758599016,0.002075572723,4.814677773e-14,2.108104119e-12,5.426196089e-11,6.789044344e-10,0.005423501208,7.898986705e-05,0.0002391517181,0.0003749607253,0.0002325780315,9.89924387e-05,1.221943505e-12,4.011476245e-11,7.741692543e-10,7.425030653e-09,0.01029426742,0.0002152205734,0.000445561296,0.0004908317001,0.0002204218073,6.795117215e-05,1.820108156e-11,4.486400996e-10,6.500961264e-09,4.785870593e-08,0.01623168492,0.0003892671975,0.0005942222181,0.0004932908371,0.000169184152,3.963914468e-05,3.87324526e-13,1.766489908e-11,4.210139865e-10,4.419581226e-09,0.01372262475,9.619782471e-05,0.000107054799,5.807693153e-05,9.973412315e-06,1.058638357e-06
13,0.01870560614,0.02109083456,0.02133826684,0.01959154379,0.1089894416,0.04137696454,0.0530901296,0.05964882222,0.05661418486,0.04785574884,0.03003234071,0.03506953694,0.036746356,0.03484752859,0.1471477169,0.07883429784,0.1172400572,0.1510743702,0.1662106904,0.1609244201,0.0003879911262,0.000500353251,0.0005789953243,0.0006017697844,0.01721215019,0.004600881196,0.01039463071,0.01974963707,0.02978185086,0.03807439592,0.0002416597914,0.0003009126598,0.0003362171948,0.0003383195181,0.01274870367,0.002414818211,0.004707028512,0.00779776602,0.01014420436,0.01132257446,0.00796835129,0.006395174617,0.004605531318,0.003089640759,0.02523036473,0.00289862045,0.00394623366,0.004684560631,0.004423295547,0.003601173955,0.01333916301,0.01112177812,0.008320765268,0.005782015479,0.03497806537,0.005845881119,0.00934551987,0.01287859752,0.01428072555,0.01347734646,0.0001850290312,0.0001697232625,0.0001396967381,0.0001060154554,0.004194059299,0.0003449478028,0.0008243833347,0.001650226741,0.002472522471,0.003041549738,0.0001105298974,9.759319859e-05,7.732193874e-05,5.664973975e-05,0.003025257249,0.0001710388451,0.0003481036165,0.0006002662333,0.0007658362731,0.0008127081789,1.750257686e-07,4.587437276e-07,9.10025534e-07,1.337429196e-06,0.004835467425,0.0001715423376,0.0006978368669,0.001903374223,0.003012526358,0.003433354952,2.676076929e-10,1.506614462e-09,5.83053824e-09,1.457849099e-08,0.002241530572,2.845815329e-05,0.0001820829041,0.0006803408317,0.001224428608,0.001469411688,2.01587638e-09,1.351722475e-08,6.492656151e-08,2.055568781e-07,0.006089594699,0.0003541865826,0.001580535127,0.004422564343,0.006896827555,0.007821791396,1.513999372e-09,1.229435407e-08,7.151497122e-08,2.701881616e-07,0.007870668821,0.0006252276722,0.002454258533,0.006096467181,0.008605506516,0.009056718126,8.17469098e-10,8.454559945e-09,6.26356951e-08,2.958359298e-07,0.009732304981,0.0009837915808,0.00328427902,0.007019035812,0.008644906335,0.00818698772,4.222525526e-11,7.019950977e-10,8.022299159e-09,5.449884817e-08,0.008182049374,0.0005399727278,0.001633793297,0.003045429352,0.003024058967,0.002302987429,5.193023457e-14,2.281543019e-12,5.892717712e-11,7.396022555e-10,0.005583185269,8.691894988e-05,0.0002670754372,0.0004245268816,0.0002684729379,0.0001164948384,1.32947071e-12,4.379408112e-11,8.480679696e-10,8.159478843e-09,0.01063153898,0.0002389941313,0.00050214399,0.0005608056617,0.0002568900312,8.077530301e-05,1.994351762e-11,4.932717016e-10,7.17214793e-09,5.296659319e-08,0.01680754244,0.000435491436,0.0006746803437,0.0005678206699,0.0001987211872,4.750878132e-05,4.369726179e-13,2.001256231e-11,4.78961242e-10,5.047285485e-09,0.014316048,0.0001114527532,0.0001263023972,6.968289229e-05,1.228679925e-05,1.339583076e-06
14,0.01886178724,0.02128294739,0.02154885003,0.01979864262,0.1096487224,0.04195396307,0.05400144042,0.06085163545,0.05793935756,0.04911894791,0.0302606687,0.03535095233,0.03705673165,0.0351554438,0.1477400462,0.07944352668,0.1183545335,0.1527603169,0.1683622588,0.1632720279,0.0003923985917,0.0005063878486,0.0005863845364,0.0006098395496,0.0173221579,0.004659895945,0.01055873129,0.02011586586,0.03042282523,0.03899837383,0.0002445860937,0.0003048694654,0.0003409883136,0.0003434459643,0.01285604365,0.002460881466,0.004817616039,0.008013097649,0.01046956106,0.01173231641,0.008037445717,0.006455717391,0.004652799789,0.003123624247,0.0253898353,0.002940980629,0.004017227205,0.004783570653,0.004531823149,0.003700819803,0.01344398616,0.01121393955,0.008393280991,0.005834693631,0.03512210503,0.005891746567,0.009435713221,0.01302451364,0.01446841246,0.01367696497,0.0001871515785,0.0001717884932,0.0001414940065,0.0001074476782,0.004220871864,0.0003493454139,0.0008373184489,0.001680640732,0.002525411036,0.003114908581,0.0001118879948,9.889637427e-05,7.843694072e-05,5.752250145e-05,0.003051276151,0.0001743826017,0.0003564858717,0.0006172563452,0.0007910139572,0.0008428562465,1.795933118e-07,4.716101013e-07,9.373274403e-07,1.379970812e-06,0.004896924103,0.0001777234321,0.0007288657361,0.002003026148,0.003198643658,0.003676602427,2.770469604e-10,1.563748009e-09,6.067127592e-09,1.520587874e-08,0.002276294796,2.985449589e-05,0.0001931237843,0.0007289813827,0.001328525829,0.001613811861,2.080375873e-09,1.398148231e-08,6.730942132e-08,2.135488588e-07,0.006178782006,0.0003698231458,0.001666464158,0.00470536909,0.007418929649,0.008503369399,1.566334536e-09,1.27483012e-08,7.432438736e-08,2.813924718e-07,0.007994669207,0.0006545199575,0.002594387563,0.006503100938,0.009281870468,0.009873474356,8.483900014e-10,8.794334398e-09,6.530127177e-08,3.090739802e-07,0.009899283942,0.001033251334,0.003483154687,0.007511693953,0.00935607491,0.008956888886,4.435650213e-11,7.393139972e-10,8.470392683e-09,5.767883558e-08,0.008360165072,0.0005751287438,0.001759356803,0.003313055079,0.003333454043,0.002571366714,5.628783546e-14,2.481966016e-12,6.433624514e-11,8.101962202e-10,0.005757919465,9.619623433e-05,0.0003002489061,0.000484251054,0.000312597078,0.0001384420865,1.454368653e-12,4.808216947e-11,9.344847141e-10,9.021024735e-09,0.01100175898,0.000267072543,0.0005699990904,0.0006459162036,0.0003021639219,9.702420946e-05,2.198160282e-11,5.45653193e-10,7.962558623e-09,5.900072605e-08,0.0174412917,0.0004905056609,0.0007719094431,0.0006591699389,0.0002356867664,5.756491055e-05,4.968041482e-13,2.285362817e-11,5.493818425e-10,5.813068828e-09,0.01497410939,0.0001302755695,0.0001505006231,8.452995678e-05,1.532803646e-05,1.719271813e-06
15,0.01902927816,0.0214890237,0.02177481395,0.02002094807,0.1103510062,0.0425723372,0.05498129014,0.06214883369,0.05937318842,0.0504898293,0.03050490617,0.03565190869,0.03738860617,0.03548465515,0.1483667914,0.08008713004,0.1195340193,0.1545476018,0.1706472769,0.1657693876,0.0003971327479,0.0005128703188,0.0005943233985,0.0006185112815,0.01743895942,0.004722692665,0.01073387155,0.02050781983,0.0311108809,0.03999295366,0.000247735544,0.0003091302217,0.000346129015,0.0003489728784,0.0129706028,0.002510466595,0.004937189508,0.008246890079,0.01082438716,0.01218100298,0.008111571027,0.006520687178,0.004703543385,0.003160120671,0.02555976797,0.002986414247,0.004093632294,0.004890466423,0.004649395839,0.00380911027,0.01355613692,0.01131252148,0.008470836208,0.005891027144,0.03527450104,0.005940187589,0.00953114609,0.01317916925,0.01466770575,0.01388928522,0.0001894316015,0.000174007124,0.0001434250548,0.0001089867952,0.004249335956,0.0003540230843,0.0008511183028,0.001713177682,0.002582159938,0.003193837449,0.0001133499831,0.0001003000104,7.963865092e-05,5.846373069e-05,0.003079052513,0.0001779842078,0.0003655557618,0.0006357182134,0.000818497717,0.0008759038956,1.845762954e-07,4.856661337e-07,9.671971519e-07,1.426578556e-06,0.004962713129,0.0001844765639,0.0007630496327,0.002113662807,0.003407178349,0.003951539881,2.87439783e-10,1.626782618e-09,6.328709322e-09,1.590094249e-08,0.002313615513,3.139978209e-05,0.000205480813,0.0007839928421,0.001447784515,0.001781320372,2.151087791e-09,1.449139531e-08,6.993160609e-08,2.223594082e-07,0.00627436283,0.0003870332005,0.001762002143,0.005022756954,0.008011560337,0.009285498651,1.623826023e-09,1.324792767e-08,7.742257834e-08,2.937713067e-07,0.008127686908,0.0006868465254,0.002750603483,0.0069606796,0.01005173137,0.01081342758,8.824473539e-10,9.169315117e-09,6.824898886e-08,3.237409491e-07,0.01007862906,0.001088019546,0.003705610838,0.008067945314,0.01016838853,0.009846148392,4.673250645e-11,7.810160858e-10,8.972301545e-09,6.124859404e-08,0.008552419438,0.0006146447067,0.001902092449,0.003620482931,0.003693710543,0.002888010315,6.130114843e-14,2.71335749e-12,7.06031406e-11,8.922533241e-10,0.005948276604,0.0001070429216,0.000339663988,0.0005562817595,0.000366948937,0.0001660508528,1.599350854e-12,5.307749515e-11,1.03551332e-09,1.003157244e-08,0.01140641878,0.0003002283854,0.0006514256623,0.0007495887465,0.0003585170887,0.0001176903789,2.436490214e-11,6.071264292e-10,8.893489646e-09,6.613122524e-08,0.01813588736,0.0005559960565,0.0008895333519,0.000771346399,0.0002820915974,7.046981244e-05,5.690177299e-13,2.629784096e-11,6.351314103e-10,6.749372343e-09,0.0157011677,0.0001535534676,0.0001810242686,0.0001036053785,1.934962198e-05,2.236234824e-06
16,0.01920810638,0.02170910612,0.0220162186,0.02025853375,0.1110954522,0.04323200223,0.05603016562,0.06354185119,0.06091823453,0.05197171906,0.03076496411,0.03597227953,0.03774182564,0.03583499982,0.1490263916,0.08076317222,0.1207752927,0.1564318113,0.1730607631,0.1684117336,0.000402195763,0.0005198036532,0.0006028157092,0.0006277893541,0.01756233498,0.004789162905,0.01091983902,0.02092521707,0.03184590179,0.04105848737,0.0002511109382,0.0003136991267,0.0003516449511,0.0003549069871,0.01309228202,0.002563607839,0.005065940019,0.008499722773,0.01120991309,0.0126706146,0.008190744921,0.006590102775,0.004757780168,0.003199145693,0.02573997054,0.003034922172,0.00417550164,0.005005390646,0.004776255112,0.003926341716,0.01367557891,0.01141748635,0.008553397985,0.005950990341,0.0354348708,0.005991055514,0.00963155214,0.01334217367,0.0148781602,0.01411389116,0.0001918701719,0.0001763802006,0.0001454908218,0.0001106335915,0.004279397106,0.0003589723542,0.0008657649373,0.00174781111,0.002642753828,0.003278355704,0.0001149172292,0.000101805565,8.092846234e-05,5.947463488e-05,0.003108563767,0.0001818466135,0.0003753292162,0.0006557010571,0.0008483889345,0.0009120053863,1.899940208e-07,5.009705448e-07,9.997691757e-07,1.477477106e-06,0.005032811663,0.0001918268915,0.0008005833335,0.0022361318,0.00364024733,0.0042616569,2.988498254e-10,1.696135864e-09,6.617154066e-09,1.66690066e-08,0.002353500076,3.310456509e-05,0.0002192755912,0.0008460836856,0.001584224951,0.001975490173,2.228366259e-09,1.50497363e-08,7.280855924e-08,2.320442583e-07,0.006376320699,0.0004059098086,0.001867912068,0.005378081181,0.008682977705,0.01018181258,1.686788664e-09,1.379619655e-08,8.082939024e-08,3.074096031e-07,0.008269722513,0.0007224035821,0.002924265801,0.007474388975,0.01092648246,0.01189387028,9.198491222e-10,9.581972919e-09,7.149974785e-08,3.399478563e-07,0.01027038282,0.001148475564,0.003953789484,0.008694645417,0.01109477449,0.01087223352,4.93753606e-11,8.275155582e-10,9.533338931e-09,6.524812709e-08,0.00875905057,0.0006589574261,0.002064061337,0.003973193291,0.004112954497,0.003261636898,6.706556475e-14,2.980396735e-12,7.786228941e-11,9.876290727e-10,0.006154867134,0.0001197199726,0.0003865163927,0.0006432600503,0.0004340517461,0.0002008976057,1.767625033e-12,5.889696325e-11,1.153650503e-09,1.121734625e-08,0.01184711594,0.0003393853733,0.0007492314457,0.0008760876183,0.0004288574845,0.0001440770065,2.715253444e-11,6.79298925e-10,9.99056567e-09,7.456362021e-08,0.01889450792,0.0006340003809,0.00103202403,0.0009093904399,0.0003405343386,8.710248367e-05,6.563432629e-13,3.048218834e-11,7.397934013e-10,7.89710522e-09,0.01650197468,0.0001824120537,0.0002196605052,0.0001282212741,2.469874676e-05,2.945271141e-06
17,0.01939830774,0.02194324753,0.0222731354,0.02051148485,0.1118811982,0.04393285938,0.05714855844,0.06503217175,0.06257717191,0.05356812464,0.03104075704,0.03631194077,0.03811623674,0.0362063139,0.1497172341,0.08146960867,0.122074917,0.1584081886,0.1755972758,0.1711937814,0.0004075900807,0.0005271911909,0.0006118656617,0.0006376785475,0.01769205586,0.004859188281,0.01111639309,0.02136771409,0.03262767044,0.04219519518,0.0002547153669,0.0003185807906,0.0003575422942,0.0003612556058,0.013220979,0.002620339522,0.005204065307,0.008772203414,0.01162744315,0.01320326857,0.008274989115,0.006663986525,0.004815531044,0.003240717091,0.02593024595,0.003086504588,0.004262889218,0.005128491846,0.004912654812,0.004052827901,0.0138022775,0.01152879755,0.008640933607,0.006014557394,0.03560281873,0.006044193175,0.009736646981,0.01351310528,0.01509928872,0.01435032066,0.0001944684949,0.000178908888,0.000147692342,0.0001123889234,0.004310998616,0.000364183996,0.0008812380762,0.00178450914,0.002707168407,0.003368471312,0.0001165912422,0.0001034146375,8.230789522e-05,6.055652657e-05,0.003139786634,0.0001859728076,0.000385822789,0.0006772566617,0.0008807953903,0.000951326095,1.958675953e-07,5.175875337e-07,1.035190593e-06,1.532912253e-06,0.005107194987,0.0001998007739,0.0008416749832,0.002371352791,0.003900185027,0.004610857489,3.113475227e-10,1.772270316e-09,6.934537337e-09,1.751598871e-08,0.002395955559,3.498022558e-05,0.0002346419617,0.0009160473141,0.001740155283,0.002200455993,2.312599657e-09,1.565954878e-08,7.595725495e-08,2.426647534e-07,0.006484635774,0.0004265518072,0.001985021766,0.00577504256,0.009442468732,0.01120790565,1.755568078e-09,1.439636487e-08,8.4566673e-08,3.224010312e-07,0.008420772446,0.0007614007814,0.003116857005,0.008049978474,0.01191899293,0.01313466848,9.608240274e-10,1.003502979e-08,7.507661919e-08,3.578174807e-07,0.01047458325,0.001215027646,0.004230040725,0.009399437698,0.01214991475,0.01205532029,5.230976986e-11,8.792768003e-10,1.015947809e-08,6.972252517e-08,0.008980302793,0.0007085511106,0.002247590049,0.004377472168,0.004600693116,0.003702638432,7.369248732e-14,3.288572331e-12,8.627206216e-11,1.098518459e-09,0.006378335178,0.0001345344695,0.0004422450928,0.0007484291176,0.000517090954,0.0002450265926,1.962979204e-12,6.567924446e-11,1.291871137e-09,1.260972293e-08,0.01232554657,0.0003856456825,0.0008668411032,0.001030718416,0.0005169056345,0.0001778973421,3.041496112e-11,7.640952672e-10,1.128460472e-08,8.454613154e-08,0.01972054469,0.0007269772413,0.001204895151,0.001079639657,0.0004143758107,0.000108631385,7.621727378e-13,3.557781312e-11,8.678692271e-10,9.307915531e-09,0.01738167612,0.000218279489,0.0002687346033,0.0001601243325,3.185412288e-05,3.924622971e-06
18,0.01959992549,0.02219150979,0.02254564571,0.02077989653,0.1127073569,0.04467478648,0.05833694745,0.06662130352,0.06435276651,0.05528270763,0.03133220156,0.03667076872,0.03851168442,0.03659842979,0.1504376537,0.08220428136,0.123429227,0.1604716044,0.1782508668,0.1741096661,0.0004133183859,0.0005350365656,0.0006214777722,0.0006481839611,0.01782788379,0.00493263929,0.01132326059,0.02183489341,0.03345584208,0.04340312291,0.0002585521975,0.0003237802096,0.0003638277027,0.000368026599,0.01335658734,0.002680695013,0.005351766953,0.009064962409,0.01207834796,0.01378121162,0.008364328932,0.006742363926,0.004876819421,0.003284854501,0.02613039138,0.003141160292,0.00435584888,0.00525992229,0.005058858813,0.004188897963,0.01393619916,0.01164641866,0.008733410007,0.006081701886,0.03577793615,0.006099434549,0.00984612702,0.01369150895,0.01533055814,0.01459806001,0.0001972278923,0.0001815944523,0.0001500307282,0.0001142537032,0.004344081402,0.0003696479253,0.0008975147715,0.001823233459,0.002775368262,0.003464177397,0.0001183736647,0.0001051289602,8.377858915e-05,6.171081686e-05,0.003172696902,0.0001903657422,0.000397053451,0.0007004389616,0.0009158307261,0.0009940420597,2.022199833e-07,5.355869426e-07,1.073621461e-06,1.593151626e-06,0.005185835607,0.0002084255349,0.0008865452296,0.002520317025,0.004189551642,0.00500348889,3.250105212e-10,1.855696607e-09,7.283154205e-09,1.844844442e-08,0.002440988156,3.703894925e-05,0.0002517264172,0.0009947681291,0.00191820279,0.002461015324,2.404212041e-09,1.632415925e-08,7.939627148e-08,2.542881383e-07,0.006599283252,0.0004490632277,0.002114223291,0.006217702464,0.01030042962,0.01238154757,1.830542048e-09,1.505199782e-08,8.865838471e-08,3.388484837e-07,0.008580826559,0.0008040602935,0.00332998325,0.00869378824,0.01304373558,0.01455856211,1.005622571e-09,1.053147234e-08,7.900496779e-08,3.77485089e-07,0.01069126036,0.001288111839,0.004536927452,0.01019080117,0.01335041541,0.01341863426,5.556327886e-11,9.368189673e-10,1.085741561e-08,7.472247577e-08,0.009216422304,0.0007639597291,0.002455293702,0.004840504073,0.005168018623,0.004223374894,8.131187409e-14,3.644315713e-12,9.601887511e-11,1.227516063e-09,0.006619353988,0.0001518468342,0.000508578655,0.0008757668601,0.0006200866604,0.0003010898705,2.189882966e-12,7.358871074e-11,1.453717707e-09,1.424622566e-08,0.01284349624,0.0004403216509,0.001008425926,0.001220077088,0.0006274219723,0.0002214056779,3.423611262e-11,8.638185569e-10,1.28126573e-08,9.637846162e-08,0.02061758791,0.0008378878166,0.001414937511,0.001290058976,0.0005079641751,0.0001366116314,8.907238908e-13,4.179871402e-11,1.025019059e-09,1.104708269e-08,0.01834580961,0.0002629674473,0.0003312736162,0.0002016426246,4.147732803e-05,5.286383612e-06
19,0.0198130093,0.02245396251,0.02283383932,0.0210638724,0.1135730126,0.04545762856,0.05959578072,0.06831075218,0.06624784273,0.05711925358,0.03163921482,0.03704863811,0.03892800943,0.03701117366,0.1511859323,0.08296491467,0.1248343162,0.1626165307,0.1810150356,0.1771528813,0.0004193835692,0.0005433436514,0.0006316568062,0.0006593109254,0.01796957035,0.005009374126,0.01154013122,0.02232625101,0.03432991781,0.04468209705,0.0002626250558,0.0003293027383,0.0003705082852,0.0003752283387,0.01349899564,0.002744705629,0.00550924738,0.009378646766,0.01256405573,0.01440681073,0.008458792876,0.006825263227,0.004941670876,0.003331579156,0.02634019736,0.003198885973,0.004454432917,0.00539983576,0.005215138477,0.004334894139,0.01407731071,0.01177031285,0.008830793183,0.006152396344,0.03595980117,0.006156604443,0.009959668397,0.01387689363,0.01557138513,0.01485653864,0.0002001497857,0.0001844382414,0.0001525071528,0.0001162288836,0.00437858385,0.0003753531135,0.0009145690477,0.001863938268,0.00284730463,0.003565448636,0.0001202662651,0.0001069503898,8.534229486e-05,6.293900854e-05,0.003207269201,0.0001950282531,0.0004090383644,0.0007253035719,0.0009536138124,0.001040339393,2.090760614e-07,5.550444283e-07,1.115235224e-06,1.65848543e-06,0.005268702358,0.0002177291878,0.0009354260838,0.002684085827,0.004511139561,0.005444369142,3.399241585e-10,1.946976764e-09,7.665535237e-09,1.947361561e-08,0.002488602555,3.929369029e-05,0.0002706883969,0.001083227384,0.002121346722,0.002762717455,2.503664636e-09,1.704718988e-08,8.314586813e-08,2.669878619e-07,0.006720231732,0.0004735525615,0.002256471229,0.006710492612,0.011268444,0.01372290753,1.912121963e-09,1.57669836e-08,9.313070105e-08,3.568645883e-07,0.008749865631,0.0008506155641,0.003565373315,0.00941277197,0.0143169141,0.01619148346,1.054518112e-09,1.107456586e-08,8.331258457e-08,3.990992018e-07,0.01092043242,0.001368190299,0.004877227594,0.01107809375,0.01471497983,0.01498881701,5.916651757e-11,1.000720971e-09,1.163464059e-08,8.030482202e-08,0.00946765253,0.0008257690597,0.002690099106,0.00537047064,0.005827834737,0.004838512865,9.007518441e-14,4.055156645e-12,1.073219877e-10,1.377686696e-09,0.00687862075,0.0001720789342,0.0005875892915,0.00103014527,0.0007481089266,0.0003725282825,2.453606307e-12,8.282007518e-11,1.643406343e-09,1.617170775e-08,0.01340282924,0.000504972254,0.001179058248,0.001452354907,0.0007664956692,0.0002775695486,3.871590923e-11,9.812236292e-10,1.461925127e-08,1.104223783e-07,0.02158940948,0.0009702915646,0.001670503643,0.001550650637,0.0006269249643,0.0001731145078,1.047244672e-12,4.941268432e-11,1.218366463e-09,1.319719777e-08,0.01940029793,0.0003187728504,0.0004112187874,0.0002558815709,5.448429172e-05,7.191592522e-06
20,0.02003761441,0.02273068175,0.02313781294,0.02136352285,0.1144772177,0.04628118811,0.06092545659,0.07010199252,0.06826524924,0.0590816385,0.03196171302,0.03744542001,0.03936504593,0.03744436288,0.1519602986,0.08374911192,0.1262860255,0.1648370156,0.1838826871,0.1803162214,0.0004257886907,0.0005521165069,0.0006424077014,0.0006710649102,0.0181168564,0.005089237547,0.01176665313,0.02284118354,0.03524921696,0.04603167781,0.0002669378077,0.0003351540616,0.0003775915631,0.0003828696616,0.01364808658,0.002812399497,0.0056767066,0.009713913295,0.01308604208,0.01508254181,0.008558412209,0.006912715024,0.005010112808,0.00338091362,0.02655944686,0.003259675471,0.004558690541,0.005548385182,0.00538176988,0.00449116921,0.01422557866,0.01190044212,0.008933047614,0.006226611793,0.03614797864,0.006215518223,0.01007692603,0.01406873016,0.01582113237,0.015125124,0.0002032356785,0.0001874416663,0.0001551228298,0.0001183154406,0.00441444168,0.0003812875035,0.0009323715506,0.001906569223,0.002922913107,0.00367223749,0.0001222709285,0.0001088808979,8.700086574e-05,6.424268896e-05,0.003243476776,0.0001999629762,0.000421794638,0.0007519072654,0.0009942680053,0.001090413536,2.16462676e-07,5.760416416e-07,1.160219148e-06,1.729227206e-06,0.005355759475,0.0002277401173,0.0009885594553,0.002863787783,0.004867977194,0.005938812093,3.561819828e-10,2.046727814e-09,8.084463676e-09,2.059948268e-08,0.002538801292,4.17581181e-05,0.000291700428,0.001182508545,0.002352952078,0.003111960024,2.611457402e-09,1.783257162e-08,8.722806492e-08,2.808438898e-07,0.006847441533,0.0005001318502,0.002412779715,0.00725822025,0.01235935573,0.01525478348,2.000754316e-09,1.654554876e-08,9.801212822e-08,3.765722372e-07,0.008927858808,0.0009013097065,0.003824875323,0.01021451334,0.01575658547,0.01806288787,1.107807975e-09,1.166786892e-08,8.80298225e-08,4.228223871e-07,0.01116210212,0.001455748907,0.005253933113,0.01207158849,0.01626458015,0.01679631333,6.315346684e-11,1.071626871e-09,1.249950954e-08,8.653317026e-08,0.009734229161,0.0008946182656,0.002955267278,0.005976653348,0.006595105183,0.005565410859,1.001587807e-13,4.529903615e-12,1.204390972e-10,1.552648168e-09,0.007156850638,0.0001957230839,0.0006817553873,0.001217520756,0.0009075452061,0.0004638043831,2.760358523e-12,9.360384553e-11,1.865952082e-09,1.843975807e-08,0.01400547576,0.0005814446786,0.001384893934,0.001737709629,0.0009419098684,0.0003502952892,4.397324045e-11,1.119604055e-09,1.675787907e-08,1.271144214e-07,0.02263994177,0.001128457378,0.001981849647,0.001873960539,0.0007785330479,0.0002208995001,1.23826829e-12,5.875504265e-11,1.456883218e-09,1.58628397e-08,0.02055143707,0.0003886050638,0.0005137000713,0.0003269846831,7.214461663e-05,9.87210568e-06
21,0.02027380053,0.02302174871,0.02345766861,0.02167896341,0.1154189888,0.04714521525,0.06232630406,0.07199643825,0.07040782207,0.06117379175,0.03229960986,0.03786097984,0.03982261907,0.0378978034,0.1527589285,0.08455435276,0.1277799332,0.1671266605,0.1868460912,0.1835917258,0.000432536943,0.0005613593176,0.0006537354894,0.0006834514296,0.01826947156,0.00517205978,0.01200242854,0.02337897557,0.03621284882,0.04745111036,0.0002714945395,0.0003413401661,0.0003850854321,0.0003909598237,0.01380373608,0.002883800344,0.005854338721,0.01007142108,0.01364581833,0.01581097586,0.008663220521,0.007004751846,0.00508217408,0.003432881509,0.02678791438,0.003323519018,0.0046686663,0.005705720091,0.005559030766,0.004658083623,0.01438096844,0.01203676667,0.009040135675,0.006304317284,0.03634202012,0.00627598162,0.01019753281,0.01426644927,0.01607910495,0.0154031167,0.0002064871379,0.0001906061807,0.0001578789943,0.0001205143568,0.004451587816,0.0003874379296,0.0009508892029,0.00195106237,0.003002111304,0.003784470316,0.0001243896485,0.0001109225619,8.875624896e-05,6.562352248e-05,0.003281291268,0.0002051722591,0.0004353390627,0.0007803073876,0.001037920279,0.001144468327,2.244087029e-07,5.986664088e-07,1.208774748e-06,1.80571459e-06,0.005446965667,0.0002384867133,0.001046195312,0.003060614352,0.005263329342,0.006492648264,3.738863116e-10,2.155625637e-09,8.542993832e-09,2.183482023e-08,0.002591584085,4.444654375e-05,0.0003149480643,0.001293801842,0.002616803405,0.003516092037,2.728130642e-09,1.868455769e-08,9.166672381e-08,2.959430239e-07,0.006980862988,0.0005289155737,0.002584217845,0.007866067226,0.01358733192,0.01700282987,2.096922236e-09,1.739227386e-08,1.033336181e-07,3.981051269e-07,0.009114760969,0.0009563934697,0.004110450704,0.01110723356,0.01738277147,0.02020608876,1.165814588e-09,1.231524813e-08,9.318973528e-08,4.488320705e-07,0.0114162526,0.001551294085,0.005670244827,0.01318249934,0.01802262087,0.01887577156,6.756174272e-11,1.150251669e-09,1.346132715e-08,9.34785461e-08,0.01001637487,0.0009712008091,0.003254414341,0.00666953801,0.007487122384,0.00642455305,1.117678426e-13,5.078852441e-12,1.356728411e-10,1.756667953e-09,0.007454770049,0.0002233519055,0.0007940331267,0.001445159615,0.00110643047,0.0005807007379,3.117450083e-12,1.062127126e-10,2.127316411e-09,2.111436463e-08,0.01465341688,0.0006719211938,0.001633386225,0.002088714051,0.001163600984,0.0004447221664,5.014947463e-11,1.282895181e-09,1.929276869e-08,1.469811106e-07,0.0237732518,0.00131749146,0.002361542646,0.002275699632,0.0009721872591,0.0002836418674,1.47193074e-12,7.024583665e-11,1.751874553e-09,1.91765066e-08,0.02180587768,0.0004761439792,0.0006453892008,0.0004204790886,9.62191708e-05,1.366222236e-05
22,0.02052163098,0.02332724844,0.02379351217,0.02201031305,0.1163973043,0.04804939763,0.06379856236,0.0739954101,0.07267834457,0.06339965496,0.03265281505,0.03829517529,0.04030054254,0.03837128716,0.1535799451,0.08537799135,0.1293113467,0.1694786006,0.1898968469,0.1869706279,0.0004396316129,0.0005710763368,0.000665645214,0.0006964759437,0.01842713373,0.005257655503,0.01224700945,0.02393878694,0.03721968418,0.04893927488,0.0002762995384,0.0003478673092,0.0003929981211,0.0003995084525,0.01396581234,0.002958926251,0.006042328196,0.01045182313,0.0142449181,0.01659476238,0.008773253289,0.00710140773,0.005157884666,0.003487507213,0.02702536514,0.00339040246,0.004784398429,0.005871983924,0.005747197237,0.004836002283,0.01454344369,0.01217924419,0.009152017038,0.006385479444,0.03654146399,0.006337790596,0.01032109893,0.01446943983,0.01634454718,0.01568974608,0.0002099057764,0.0001939332605,0.0001607768834,0.0001228266036,0.004489952278,0.0003937900423,0.0009700848727,0.001997343105,0.003084796504,0.003902043385,0.0001266245177,0.000113077555,9.061047613e-05,6.70832425e-05,0.003320682493,0.0002106580689,0.000449687826,0.0008105612063,0.001084700222,0.001202714858,2.329451072e-07,6.23012914e-07,1.261118213e-06,1.888310055e-06,0.005542273172,0.0002499969552,0.001108589413,0.003275813572,0.005700693141,0.007112239676,3.931488284e-10,2.274409078e-09,9.044470626e-09,2.318925636e-08,0.002646947151,4.737382304e-05,0.0003406295671,0.001418407621,0.002917137467,0.003983521603,2.85426664e-09,1.960773714e-08,9.648763039e-08,3.123792222e-07,0.007120434707,0.0005600193148,0.002771903204,0.008539581247,0.01496791131,0.0189957749,2.201147029e-09,1.83121092e-08,1.091286836e-07,4.216083002e-07,0.009310510042,0.001016122726,0.004424164794,0.01209978736,0.01921755223,0.02265858566,1.228886612e-09,1.3020893e-08,9.882821646e-08,4.773213518e-07,0.0116828433,0.00165534866,0.006129562054,0.01442299247,0.02001508594,0.02126644615,7.24328989e-11,1.237387472e-09,1.453043248e-08,1.012200976e-07,0.01031429371,0.001056264486,0.003591529626,0.007460917827,0.008523792855,0.007440031255,1.251408548e-13,5.714026612e-12,1.533783275e-10,1.994775667e-09,0.00777310894,0.0002556289611,0.000927937621,0.00172190275,0.001354851808,0.0007306996984,3.533480592e-12,1.209690073e-10,2.434580396e-09,2.427187644e-08,0.01534866711,0.0007789713233,0.001933533905,0.00252089373,0.00144423254,0.0005676038773,5.741257872e-11,1.475795745e-09,2.23009853e-08,1.706570852e-07,0.02499351037,0.001543482827,0.002824942179,0.002775500822,0.001220012371,0.0003662321912,1.758365201e-12,8.441134957e-11,2.117589662e-09,2.33061231e-08,0.02317059869,0.0005860351189,0.0008149511505,0.0005437311488,0.000129149972,1.904429237e-05
23,0.02078117161,0.02364726842,0.02414545152,0.02235769244,0.1174111004,0.04899335036,0.06534235987,0.07610010223,0.07507950437,0.06576313685,0.03302123277,0.03874785435,0.04079861613,0.03886458951,0.1544214192,0.08621725564,0.130875297,0.1718854891,0.1930258512,0.1904433092,0.0004470760418,0.0005812718245,0.0006781418471,0.0007101437574,0.01858954868,0.005345822903,0.01249989364,0.02451964045,0.03826832686,0.05049463569,0.0002813572713,0.0003547419874,0.0004013381494,0.0004085254962,0.01413417503,0.003037788346,0.006240845805,0.01085575725,0.01488488198,0.01743660962,0.008888547436,0.007202717789,0.005237275271,0.003544815608,0.0272715542,0.003460306471,0.004905917121,0.006047311155,0.005946540146,0.005025290961,0.01471296554,0.01232782914,0.009268648091,0.006470062005,0.03674583556,0.006400731298,0.01044721143,0.01467704747,0.01661663982,0.01598416623,0.0002134932325,0.000197424383,0.0001638177148,0.0001252531229,0.004529462074,0.0004003282405,0.0009899170601,0.002045325157,0.003170843326,0.004024818859,0.0001289777183,0.0001153481362,9.25656534e-05,6.862364296e-05,0.003361618223,0.0002164218956,0.0004648562046,0.0008427251916,0.001134738873,0.001265370088,2.421050042e-07,6.491818766e-07,1.317480818e-06,1.977401612e-06,0.005641626816,0.0002622979398,0.00117600057,0.003510681573,0.006183788469,0.007804486425,4.140912167e-10,2.4038843e-09,9.592550226e-09,2.467333508e-08,0.002704882504,5.055523261e-05,0.0003689552653,0.001557738035,0.003258673231,0.004523825828,2.990491299e-09,2.06070483e-08,1.017185744e-07,3.302539145e-07,0.007266081831,0.0005935581776,0.002976993182,0.009284657409,0.01651803178,0.021265616,2.313989712e-09,1.931039029e-08,1.154335122e-07,4.47238679e-07,0.009515024272,0.001080755421,0.004768173471,0.01320164406,0.0212851331,0.02546237068,1.29740006e-09,1.378933054e-08,1.049841366e-07,5.084998102e-07,0.01196180586,0.001768446666,0.006635465958,0.01580617867,0.02227065908,0.02401258761,7.78127456e-11,1.33391002e-09,1.571829041e-08,1.098458427e-07,0.01062816516,0.001150610332,0.003970989515,0.008363990812,0.00972793373,0.008640072405,1.405547323e-13,6.449453154e-12,1.739718214e-10,2.272893456e-09,0.008112592202,0.0002933199952,0.001087633574,0.002058473155,0.001665440192,0.0009234635649,4.018556165e-12,1.382533704e-10,2.796147068e-09,2.800330853e-08,0.01609325417,0.0009056090436,0.002296166025,0.003053365562,0.001799906694,0.000727800225,6.596193503e-11,1.70391084e-09,2.587491559e-08,1.989066564e-07,0.02630495543,0.001813666706,0.003390763196,0.003397833017,0.001537617204,0.0004751683262,2.110190633e-12,1.019109154e-10,2.571987862e-09,2.846451794e-08,0.02465287168,0.0007241284862,0.001033617482,0.0007065436976,0.0001743209876,2.671423466e-05
24,0.02105248982,0.02398189727,0.02451359508,0.02272122216,0.1184592686,0.0499766057,0.06695769241,0.07831154685,0.07761384711,0.06826806364,0.0334047601,0.03921885318,0.04131662331,0.03937746664,0.1552813705,0.08706924783,0.1324665351,0.1743394852,0.1962232735,0.19399926,0.0004548735853,0.0005919499837,0.000691230202,0.0007244599149,0.01875640969,0.005436342847,0.01276052086,0.02512040998,0.03935708575,0.05211519033,0.0002866723633,0.0003619709028,0.0004101142814,0.00041802117,0.01430867441,0.003120389456,0.006450044386,0.01128383602,0.01556724022,0.01833926134,0.009009140865,0.007308717771,0.005320376955,0.00360483175,0.02752622573,0.003533205752,0.005033242752,0.006231824257,0.006157321187,0.005226312324,0.01488949186,0.0124824721,0.009389981339,0.006558025347,0.0369546473,0.006464580102,0.01057543392,0.01488857358,0.01689449787,0.01628545259,0.0002172511507,0.0002010810043,0.0001670026657,0.0001277948083,0.004570041126,0.0004070356119,0.001010339608,0.002094909624,0.003260101441,0.004152620771,0.0001314515121,0.0001177366388,9.462395097e-05,7.024656933e-05,0.003404063976,0.0002224646523,0.0004808582365,0.0008768542226,0.001188167404,0.001332655202,2.519237176e-07,6.772807217e-07,1.378109302e-06,2.073403462e-06,0.005744963074,0.0002754153547,0.001248687384,0.003766551554,0.00671654163,0.008576822441,4.36845829e-10,2.54492936e-09,1.019122169e-08,2.629858174e-08,0.002765377243,5.40063158e-05,0.0004001465326,0.001713316557,0.003646637282,0.005147859246,3.137475746e-09,2.168779192e-08,1.073894279e-07,3.496763057e-07,0.00741771427,0.0006296449399,0.003200673776,0.01010750794,0.01825602993,0.02384777921,2.436052498e-09,2.039285287e-08,1.222870754e-07,4.751655786e-07,0.009728199475,0.001150547941,0.00514470517,0.01442285046,0.02361187436,0.02866419491,1.371759372e-09,1.462543927e-08,1.116994751e-07,5.425942833e-07,0.01225303979,0.001891126937,0.007191695456,0.0173460817,0.02482080484,0.02716380047,8.375168304e-11,1.440785517e-09,1.703758766e-08,1.194534571e-07,0.01095813792,0.001255090132,0.004397565313,0.009393446199,0.01112557226,0.01005760518,1.583306493e-13,7.301477878e-12,1.979407229e-10,2.597986462e-09,0.008473930024,0.0003373045337,0.001278035007,0.002467828714,0.002053962386,0.00117143677,4.584539761e-12,1.585147897e-10,3.221976968e-09,3.241703801e-08,0.01688919582,0.001055354348,0.002734264225,0.00370958787,0.002251038691,0.0009369060578,7.60339485e-11,1.973919252e-09,3.012519166e-08,2.326493038e-07,0.02771184928,0.002136605239,0.004081726623,0.004173093894,0.001945041502,0.0006190646471,2.543115171e-12,1.235702492e-10,3.137697108e-09,3.492135271e-08,0.02626021494,0.0008977682241,0.00131590867,0.0009219334433,0.0002364142513,3.767520496e-05
25,0.0213356535,0.02433122322,0.02489804997,0.02310102087,0.1195406526,0.05099860294,0.06864440106,0.08063057738,0.08028372707,0.07091812497,0.03380328555,0.03970799417,0.04185432887,0.03990965298,0.1561577687,0.08793094594,0.1340795312,0.1768322468,0.1994785367,0.1976270475,0.0004630275711,0.000603114896,0.0007049148434,0.000739429092,0.01892739726,0.005528978176,0.01302826948,0.0257398094,0.04048394774,0.05379841927,0.0002922495744,0.0003695609277,0.0004193354779,0.0004280058986,0.01448915056,0.003206722726,0.006670054314,0.01173663588,0.01629349335,0.01930546992,0.009135072001,0.007419443606,0.005407220739,0.003667580571,0.02778911221,0.003609068229,0.005166384035,0.0064256305,0.006379788681,0.005439421543,0.01507297658,0.01264311905,0.009515964825,0.006649326046,0.03716739915,0.006529103757,0.0107053066,0.01510327474,0.01717716894,0.01659259932,0.0002211811614,0.0002049045373,0.0001703328504,0.0001304524854,0.004611610202,0.0004138938829,0.00103130144,0.002145984071,0.003352393388,0.004285231098,0.0001340482302,0.0001202454594,9.678759203e-05,7.195390896e-05,0.00344798281,0.0002287865714,0.000497706371,0.0009130007191,0.001245115622,0.001404793662,2.624388366e-07,7.074237375e-07,1.443266217e-06,2.176756566e-06,0.005852209138,0.0002893728935,0.001326904421,0.004044779904,0.007303061052,0.009437197555,4.615563896e-10,2.698498981e-09,1.084482948e-08,2.807757086e-08,0.00282841283,5.774269492e-05,0.0004344343087,0.001886774712,0.004086782317,0.005867855984,3.295937887e-09,2.285564363e-08,1.135322182e-07,3.707636616e-07,0.007575224965,0.0006683879269,0.003444145546,0.01101461794,0.02020160484,0.02678122543,2.567980202e-09,2.15656469e-08,1.297312311e-07,5.055711878e-07,0.009949906278,0.001225750844,0.005556037637,0.01577397148,0.0262262719,0.03231577149,1.45239842e-09,1.553446235e-08,1.190194438e-07,5.798495983e-07,0.01255640819,0.002023925406,0.007802114448,0.01905757685,0.02769979544,0.03077534466,9.030504686e-11,1.559077719e-09,1.85023327e-08,1.301510963e-07,0.01130432335,0.001370602228,0.004876423131,0.0105655332,0.01274623695,0.0117308548,1.788406387e-13,8.289123994e-12,2.25854973e-10,2.978235661e-09,0.008857807189,0.0003885874737,0.001504912826,0.002965561058,0.002540025402,0.001490593995,5.245338056e-12,1.822821621e-10,3.723860955e-09,3.764194236e-08,0.01773847369,0.001232298008,0.003263321816,0.004518230213,0.002823420558,0.001210048784,8.790854229e-11,2.293768369e-09,3.518411552e-08,2.729896907e-07,0.029218429,0.00252238358,0.004925300609,0.005138901073,0.002467927227,0.0008093082462,3.076678645e-12,1.50422729e-10,3.843208894e-09,4.301808231e-08,0.02800033551,0.001116140045,0.001680535676,0.001207134579,0.0003218927513,5.33707067e-05
26,0.02163072999,0.02469533279,0.02529892033,0.0234972034,0.120654046,0.05205867827,0.07040214954,0.08305779001,0.08309125468,0.07371681527,0.03421668749,0.04021508385,0.04241147644,0.04046085874,0.1570485349,0.0887992069,0.1357084772,0.1793549288,0.2027803058,0.2013142931,0.0004715412555,0.0006147704538,0.0007191999954,0.0007550554837,0.01910217896,0.005623473146,0.01330245346,0.02637638242,0.04164655221,0.05554123719,0.000298093776,0.0003775190673,0.0004290108459,0.0004384902553,0.01467543254,0.003296770202,0.006900978751,0.01221468541,0.01706509053,0.02033796538,0.009266379308,0.007534930933,0.005497837203,0.003733086564,0.02805993376,0.003687854251,0.005305336142,0.006628818597,0.00661417306,0.005664961489,0.0152633689,0.01280971069,0.009646541546,0.006743916416,0.03738357889,0.006594059632,0.01083634643,0.01532036261,0.01746363238,0.01690451739,0.0002252848592,0.0002088963281,0.0001738092978,0.000133226892,0.004654086872,0.0004208833808,0.001052746343,0.002198421718,0.003447512515,0.004422385965,0.0001367702617,0.0001228770457,9.905884086e-05,7.374758075e-05,0.003493335127,0.0002353870986,0.0005154110992,0.0009512136975,0.001305710285,0.001482008957,2.736902678e-07,7.397322156e-07,1.513230214e-06,2.287929107e-06,0.005963282003,0.0003041916132,0.001410897798,0.004346729179,0.007947603671,0.01039404272,4.883787267e-10,2.865629514e-09,1.155809669e-08,3.002399596e-08,0.002893964365,6.177984719e-05,0.0004720570952,0.002079845376,0.004585395968,0.006697519419,3.466643867e-09,2.411666541e-08,1.201811951e-07,3.93641566e-07,0.007738488159,0.000709888593,0.00370860646,0.01201268488,0.02237573683,0.03010848279,2.710461543e-09,2.283534941e-08,1.378108156e-07,5.386510026e-07,0.01017998738,0.001306603929,0.006004468799,0.01726600482,0.02915887528,0.03647388776,1.539781422e-09,1.652201936e-08,1.269925982e-07,6.205292331e-07,0.01287173344,0.00216736597,0.008470669169,0.02095629376,0.03094466635,0.03490834992,9.753346187e-11,1.689955208e-09,2.012795843e-08,1.420582421e-07,0.01166678867,0.001498085309,0.005413113501,0.01189810408,0.01462322535,0.01370394905,2.025150241e-13,9.434497904e-12,2.58380024e-10,3.423235326e-09,0.009264871299,0.0004483101598,0.001775008078,0.003570338628,0.003147903829,0.001901359422,6.017228475e-12,2.101775427e-10,4.315734463e-09,4.38310327e-08,0.01864300374,0.001441167718,0.003901736129,0.00551416681,0.003549499532,0.001566889394,1.019166415e-10,2.672899961e-09,4.120964781e-08,3.212528061e-07,0.03082884978,0.002982817808,0.005954530932,0.006341596848,0.003138951343,0.00106089637,3.73516256e-12,1.837603144e-10,4.724361738e-09,5.318664058e-08,0.02988105822,0.001390682627,0.002151513095,0.001584882036,0.0004396498444,7.587239489e-05
27,0.02193778499,0.02507430921,0.02571630549,0.02390987885,0.1217981896,0.0531560548,0.07223040131,0.08559350409,0.08603824106,0.07666737057,0.03464483266,0.04073991097,0.04298778627,0.04103076743,0.1579515442,0.08967077094,0.1373472923,0.1818981865,0.2061164851,0.2050476598,0.0004804177793,0.0006269202918,0.000734089446,0.0007713426901,0.01928040931,0.00571955303,0.01358231992,0.0270284936,0.04284216744,0.05733994681,0.0003042099252,0.0003858524201,0.0004391495838,0.0004494848969,0.0148673377,0.003390501399,0.007142888674,0.01271845268,0.01788340573,0.02143942025,0.009403100798,0.007655214634,0.005592256069,0.003801373448,0.02833839747,0.003769515793,0.005450078775,0.006841455216,0.006860682047,0.005903257487,0.01546061259,0.01298218175,0.009781648881,0.006841744074,0.0376026627,0.00665919609,0.01096804771,0.01553900439,0.01775279912,0.0172200337,0.0002295637818,0.0002130576321,0.0001774329279,0.0001361186571,0.00469738549,0.0004279830079,0.001074612783,0.002252080735,0.00354522112,0.004563772106,0.0001396200421,0.000125633883,0.0001014399903,7.562952418e-05,0.003540078482,0.0002422647848,0.0005339805655,0.0009915377529,0.001370073233,0.001564522017,2.857202823e-07,7.74334569e-07,1.58829628e-06,2.407416831e-06,0.006078087578,0.000319889238,0.001500900145,0.00467374764,0.008654530669,0.01145621495,5.174815321e-10,3.047444036e-09,1.233614884e-08,3.215274072e-08,0.002961999854,6.613284182e-05,0.0005132583534,0.002294351925,0.005149296713,0.007652091569,3.650409402e-09,2.547731583e-08,1.273728885e-07,4.184441415e-07,0.007907357719,0.0007542388114,0.003995231362,0.01310853955,0.02480055171,0.03387558183,2.864230281e-09,2.420897544e-08,1.465737227e-07,5.746141934e-07,0.01041825485,0.001393330622,0.00649228117,0.01891026551,0.03244212819,0.0412003937,1.634403712e-09,1.759411628e-08,1.356709313e-07,6.649158791e-07,0.01319879291,0.002321949887,0.009201334506,0.02305847699,0.03459508138,0.03962990676,1.055031998e-10,1.834698752e-09,2.193142637e-08,1.553065652e-07,0.01204554999,0.001638509866,0.0060135482,0.01341062197,0.01679382929,0.0160275113,2.298507443e-13,1.076324577e-11,2.96291503e-10,3.944217282e-09,0.009695719921,0.0005177602848,0.002096147478,0.004304388347,0.003907496384,0.00242972191,6.919229754e-12,2.429312347e-10,5.014037306e-09,5.116563421e-08,0.01960460353,0.001687393018,0.004671226986,0.006739590645,0.004469893101,0.00203286412,1.184487428e-10,3.122510115e-09,4.839002538e-08,3.790248548e-07,0.0325471209,0.003531668832,0.007208952433,0.007837973328,0.00399955565,0.001393493241,4.548700126e-12,2.251960606e-10,5.826174282e-09,6.597266918e-08,0.03191024023,0.001735567427,0.002759516255,0.002085034077,0.0006018742539,0.0001081427892
28,0.02225688146,0.02546823097,0.02615029814,0.02433914856,0.1229717693,0.0542898329,0.0741283967,0.08823772144,0.08912613988,0.07977270091,0.03508757465,0.0412822445,0.04358295285,0.04161903344,0.1588646272,0.09054226756,0.1389896316,0.1844521862,0.2094742245,0.2088128519,0.0004896601214,0.0006395677154,0.0007495864505,0.0007882935986,0.01946172972,0.005816923916,0.01386704729,0.02769432093,0.0440676698,0.05919019651,0.0003106030378,0.0003945681369,0.0004497609243,0.0004610004948,0.01506467098,0.003487871863,0.007395817737,0.01324833187,0.01874971163,0.02261241011,0.009545273538,0.007780328334,0.00569050578,0.00387246384,0.02862419687,0.003853995674,0.005600574228,0.007063581355,0.007119495557,0.006154611661,0.01566464531,0.01316046035,0.00992121803,0.006942751507,0.0378241157,0.006724252964,0.01109988285,0.01575832379,0.01804351248,0.0175378912,0.000234019387,0.0002173895893,0.0001812045274,0.0001391282799,0.004741417197,0.0004351702312,0.001096833777,0.002306803669,0.00364524882,0.004709023641,0.0001426000409,0.0001285184816,0.0001039333484,7.760168754e-05,0.00358816741,0.0002494171765,0.0005534201634,0.001034011968,0.00143831933,0.001652548273,2.985735563e-07,8.113664209e-07,1.668775873e-06,2.535743224e-06,0.006196519823,0.0003364794097,0.00159712495,0.005027145147,0.009428251313,0.01263291854,5.490471419e-10,3.245157543e-09,1.318453793e-08,3.447995059e-08,0.003032479493,7.081603643e-05,0.0005582832379,0.002532192504,0.005785813246,0.008748392798,3.848100931e-09,2.694445845e-08,1.351461551e-07,4.453142221e-07,0.008081665506,0.0008015178762,0.004305147864,0.01430904638,0.02749912011,0.03813186665,3.030066165e-09,2.569398689e-08,1.560709646e-07,6.136838897e-07,0.0106644875,0.001486131665,0.007021699324,0.02071823622,0.03611011532,0.04656202947,1.736792356e-09,1.875715317e-08,1.451099462e-07,7.133118784e-07,0.01353731473,0.002488143629,0.009998048224,0.02538079802,0.03869308611,0.04501299186,1.142865356e-10,1.994708638e-09,2.393133063e-08,1.700407869e-07,0.0124405651,0.001792866978,0.006683961535,0.01512412277,0.0192994939,0.01875920769,2.614206183e-13,1.230506386e-11,3.404916793e-10,4.554303904e-09,0.01015088667,0.0005983797763,0.002477356324,0.005194005219,0.004855411308,0.00310856768,7.973519057e-12,2.813988601e-10,5.838122836e-09,5.986016342e-08,0.02062495607,0.001977165444,0.005597269401,0.008245235352,0.005635154829,0.002640703459,1.379646605e-10,3.655846447e-09,5.69490696e-08,4.482005056e-07,0.03437703409,0.004184853768,0.008735564106,0.009697211773,0.005102003471,0.00183274646,5.554623227e-12,2.76740461e-10,7.205098378e-09,8.206423963e-08,0.0340956702,0.002168248272,0.003543511429,0.002746597487,0.0008251893835,0.0001543991129
29,0.02258807847,0.02587717028,0.02660098248,0.02478510415,0.1241734148,0.05545898087,0.07609513009,0.09099008494,0.09235598683,0.08303531855,0.03554475245,0.04184183173,0.04419664274,0.04222527974,0.1597855738,0.0914102231,0.1406288996,0.1870066216,0.2128399363,0.2125946259,0.0004992710516,0.0006527156285,0.0007656936311,0.0008059102645,0.0196457687,0.005915272707,0.01415574419,0.02837185012,0.04531952629,0.06108694291,0.0003172781611,0.0004036733758,0.000460854074,0.0004730476616,0.01526722424,0.00358882174,0.007659756986,0.01380462911,0.01966515141,0.02385936964,0.009692933128,0.007910303906,0.005792613059,0.003946378903,0.02891701133,0.003941226796,0.005756765436,0.007295208636,0.007390760336,0.006419296857,0.01587539783,0.01334446731,0.01006517347,0.007046875652,0.03804739272,0.006788962178,0.01123130354,0.01597740272,0.01833454983,0.0178567502,0.0002386530297,0.0002218931989,0.0001851247256,0.0001422561083,0.00478608995,0.0004424210876,0.001119336825,0.002362417026,0.003747291232,0.004857719294,0.0001457127489,0.0001315333612,0.0001065412242,7.966601546e-05,0.003637553258,0.000256840707,0.0005737321161,0.001078668754,0.001510554208,0.001746294362,3.122972019e-07,8.509706603e-07,1.75499698e-06,2.673459494e-06,0.006318459943,0.0003539708946,0.001699760288,0.005408165249,0.01027315371,0.01393359882,5.832723331e-10,3.460082209e-09,1.41092665e-08,3.702310388e-08,0.003105354961,7.584273229e-05,0.0006073746037,0.002795318661,0.006502743285,0.01000482072,4.060636557e-09,2.852536822e-08,1.4354221e-07,4.74403467e-07,0.008261219835,0.0008517892333,0.004639408575,0.01562098125,0.03049518187,0.04292965328,3.208795621e-09,2.729829839e-08,1.663567117e-07,6.560973588e-07,0.0109184284,0.001585178149,0.007594840092,0.02270137999,0.04019819918,0.05263005068,1.847506542e-09,2.0017929e-08,1.553687009e-07,7.660394999e-07,0.01388697373,0.002666365205,0.01086463226,0.02794011249,0.04328272744,0.05113617957,1.23962096e-10,2.171511835e-09,2.614799957e-08,1.864195245e-07,0.01285172615,0.001962154129,0.007430853241,0.01706111881,0.02218588168,0.02196420589,2.978835841e-13,1.409426498e-11,3.920278235e-10,5.268791409e-09,0.01063082628,0.0006917696357,0.002928962086,0.006270072701,0.006036170155,0.00397924495,9.205897984e-12,3.265805245e-10,6.810719654e-09,7.016754524e-08,0.02170557049,0.002317489277,0.006709522653,0.01009167829,0.007107791898,0.003432260675,1.610045253e-10,4.288545275e-09,6.715224143e-08,5.31037061e-07,0.03632208429,0.004960642945,0.01058983842,0.01200301065,0.006511780854,0.002411902,6.799087202e-12,3.40894121e-10,8.931771674e-09,1.023271527e-07,0.03644495109,0.002710077258,0.00455268018,0.003620217252,0.001132134586,0.0002206113526
30,0.02293143011,0.02630119148,0.02706843227,0.02524782537,0.1254016972,0.05666232606,0.07812932747,0.09384983671,0.09572833704,0.08645726242,0.03601618899,0.0424183964,0.04482849239,0.04284909566,0.1607121358,0.09227106988,0.1422582659,0.189550738,0.2161993227,0.2163768168,0.0005092530825,0.0006663664588,0.0007824128763,0.0008241937884,0.01983214194,0.006014267346,0.01444744903,0.02905887091,0.04659378107,0.06302441973,0.000324240343,0.0004131752568,0.0004724381486,0.0004856368734,0.01547477573,0.003693274369,0.007934649486,0.01438754773,0.02063070838,0.0251825444,0.009846113184,0.008045170957,0.005898602466,0.004023137993,0.02921650573,0.004031131416,0.005918574036,0.007536315516,0.007674584364,0.006697550171,0.0160927934,0.01353411551,0.01021343242,0.007154047496,0.03827193907,0.006853048483,0.01136174215,0.01619528356,0.01862462534,0.01817519086,0.0002434659384,0.0002265692938,0.0001891939693,0.0001455023168,0.00483130858,0.0004497102067,0.001142043902,0.00241873103,0.003851008997,0.005009380148,0.0001489606638,0.0001346810362,0.0001092659125,8.182443561e-05,0.003688184038,0.0002645305877,0.000594915049,0.001125532636,0.001586871838,0.001845954473,3.26940788e-07,8.932974549e-07,1.847304046e-06,2.821144339e-06,0.006443775615,0.0003723667516,0.001808961968,0.005817953414,0.01119352155,0.0153678054,6.203691289e-10,3.693632619e-09,1.511681137e-08,3.980108123e-08,0.003180568731,8.122478839e-05,0.0006607682403,0.003085707637,0.007308287573,0.01144129561,4.288986717e-09,3.022773512e-08,1.526046421e-07,5.058724018e-07,0.008445804022,0.0009050969666,0.004998959622,0.01705088527,0.03381278527,0.04832370469,3.401292143e-09,2.903027993e-08,1.774883048e-07,7.021060575e-07,0.01117978244,0.001690603917,0.008213655312,0.02487091204,0.0447425305,0.05947960711,1.967137727e-09,2.138364297e-08,1.665098202e-07,8.234410193e-07,0.01424738751,0.002856969003,0.01180470051,0.03075315715,0.04840951654,0.05808308717,1.346151913e-10,2.366768824e-09,2.860359272e-08,2.046160983e-07,0.01327885241,0.002147357787,0.008260910123,0.01924543121,0.0255028086,0.02571549191,3.39995925e-13,1.617040198e-11,4.521125036e-10,6.105464382e-09,0.01113589882,0.000799690507,0.003462679931,0.007568568548,0.00750350523,0.005093362223,1.064630879e-11,3.796421507e-10,7.958448111e-09,8.238530201e-08,0.02284773953,0.002716217082,0.008042230707,0.01235068029,0.008964514888,0.004460671055,1.882010881e-10,5.039010792e-09,7.931348709e-08,6.302160106e-07,0.0383853831,0.005879826949,0.01283672024,0.0148558504,0.008310339306,0.003173750441,8.339017743e-12,4.207594993e-10,1.109435765e-08,1.278480247e-07,0.03896536605,0.00338697647,0.005848643986,0.004771183315,0.001553062241,0.0003151749327
31,0.02328698427,0.02674034945,0.02755270894,0.02572737808,0.1266551285,0.05789854663,0.08022942466,0.0968157764,0.09924320113,0.09004001915,0.03650168972,0.04301163692,0.04547810612,0.0434900348,0.1616420309,0.09312115703,0.1438706866,0.1920733634,0.219537415,0.2201423782,0.0005196084196,0.0006805220824,0.0007997452374,0.0008431441939,0.02002045276,0.006113557294,0.01474113054,0.02975297579,0.04788604682,0.06499611441,0.0003314946017,0.0004230808124,0.0004845221061,0.0004987783881,0.01568708957,0.003801134923,0.008220384915,0.01499717296,0.02164717379,0.02658393824,0.0100048448,0.008184956304,0.006008495941,0.004102758298,0.02952232999,0.004123620451,0.006085898463,0.007786843466,0.007971031082,0.006989566138,0.01631674701,0.01372930932,0.01036590435,0.007264191699,0.03849719151,0.006916230329,0.0114906136,0.01641097209,0.01891239373,0.01849171714,0.0002484591912,0.0002314185141,0.000193412497,0.0001488668844,0.004876974879,0.0004570108525,0.001164871524,0.002475539591,0.003956027224,0.005163468054,0.0001523462762,0.0001379639996,0.0001121096784,8.407884462e-05,0.003740004298,0.0002724807023,0.0006169635551,0.001174618979,0.001667351918,0.001951706333,3.425563485e-07,9.385042177e-07,1.946057776e-06,2.979403451e-06,0.006572320298,0.0003916634754,0.001924846149,0.006257521468,0.01219343613,0.01694502151,6.605656059e-10,3.947330936e-09,1.621414669e-08,4.283423208e-08,0.003258053413,8.697219648e-05,0.0007186873009,0.003405327665,0.008210954693,0.0130791383,4.534174521e-09,3.205966479e-08,1.623794075e-07,5.398903732e-07,0.008635175065,0.0009614620836,0.005384605617,0.01860489365,0.03747583248,0.05437049185,3.608476317e-09,3.089875532e-08,1.895262377e-07,7.519755309e-07,0.01144821415,0.001802497414,0.008879867235,0.02723752864,0.04977941699,0.06718882924,2.096309476e-09,2.286189167e-08,1.785994668e-07,8.858785626e-07,0.01461811279,0.003060229258,0.0128215529,0.03383618209,0.05411971331,0.06594149843,1.463381235e-10,2.582279875e-09,3.132218987e-08,2.248192746e-07,0.01372168293,0.002349432536,0.009180903697,0.02170193747,0.02930401455,0.03009398054,3.886234699e-13,1.857894778e-11,5.221458138e-10,7.084941652e-09,0.011666353,0.0009240575606,0.004091669233,0.009131021234,0.009321706832,0.006514802051,1.232940076e-11,4.419389913e-10,9.312392413e-09,9.686232976e-08,0.02405249429,0.003182062992,0.009634560656,0.01510649493,0.01129867107,0.005792843719,2.202933478e-10,5.928837203e-09,9.380290004e-08,7.489122702e-07,0.04056956526,0.006965833935,0.01555155231,0.01837530827,0.01059814544,0.004172923067,1.02444263e-11,5.201746227e-10,1.380256751e-08,1.599864739e-07,0.04166372727,0.004230145457,0.007507971308,0.006282985858,0.002128525126,0.0004498051941
32,0.02365478149,0.02719468802,0.02805385959,0.02622381204,0.1279321606,0.059166164,0.08239354641,0.09988621993,0.1028999803,0.09378444154,0.03700104124,0.04362122464,0.04614505414,0.04414761303,0.1625729469,0.093956763,0.1454589283,0.1945629477,0.2228386244,0.2238734385,0.0005303389112,0.0006951837469,0.0008176908252,0.0008627603027,0.02021029245,0.006212774255,0.01503568922,0.03045156126,0.04919150153,0.06699475372,0.0003390458928,0.0004333969363,0.000497114675,0.0005124821584,0.01590391532,0.003912289108,0.008516794199,0.01563345633,0.02271511302,0.0280652569,0.010169156,0.008329683442,0.006122312338,0.004185254465,0.02983411887,0.004218592836,0.006258612098,0.008046693163,0.008280113465,0.007295489594,0.01654716477,0.01392994391,0.01052249047,0.007377226231,0.03872257928,0.006978220872,0.01161731745,0.01662344121,0.01919645521,0.01880476205,0.0002536336904,0.0002364412803,0.0001977803138,0.0001523495724,0.004922987718,0.0004642949847,0.001187730887,0.002532620489,0.00406193541,0.005319384791,0.0001558720542,0.0001413847056,0.00011507474,8.64310932e-05,0.003792955002,0.0002806835055,0.0006398677605,0.001225932688,0.001752057123,0.002063706857,3.591983758e-07,9.867555161e-07,2.051634788e-06,3.148868726e-06,0.0067039326,0.0004118501263,0.002047481511,0.006727708439,0.01327666351,0.0186744574,7.0410669e-10,4.222811898e-09,1.740876571e-08,4.614443645e-08,0.003337731137,9.309262034e-05,0.0007813359193,0.003756095765,0.009219432471,0.01494086559,4.797275712e-09,3.402967545e-08,1.729147995e-07,5.766354045e-07,0.008829062467,0.001020878653,0.005796971335,0.02028853962,0.04150752408,0.06112721169,3.831315426e-09,3.2912996e-08,2.025341007e-07,8.059851323e-07,0.01172334574,0.001920893111,0.009594896943,0.02981109204,0.05534453786,0.07583757814,2.235676948e-09,2.446066143e-08,1.917072663e-07,9.537336716e-07,0.01499864202,0.003276322336,0.0139180561,0.03720451541,0.06045941273,0.07480210943,1.592304576e-10,2.81999057e-09,3.432986909e-08,2.472339167e-07,0.01417986946,0.002569276634,0.01019756142,0.02445622058,0.03364672757,0.035188344,4.447547134e-13,2.137202925e-11,6.037394543e-10,8.23105245e-09,0.01222230897,0.001066928127,0.00483054779,0.01100487115,0.01156695221,0.008321903291,1.429514476e-11,5.150412576e-10,1.090872715e-08,1.140063535e-07,0.02532055648,0.003724585504,0.01153083674,0.01845705337,0.01422277314,0.007512256949,2.581414739e-10,6.983273296e-09,1.110551977e-07,8.908711679e-07,0.04287668882,0.008244773124,0.01882084317,0.02270229279,0.01349795792,0.005478531974,1.260114064e-11,6.438717338e-10,1.719246154e-08,2.004377808e-07,0.04454620786,0.005276771984,0.009624914133,0.00826141318,0.002912219635,0.000640705575
33,0.02403485374,0.02766423833,0.02857191497,0.02673715879,0.1292311848,0.06046353617,0.08461948669,0.1030589594,0.1066974015,0.09769066508,0.03751400997,0.04424680218,0.04682887079,0.0448213067,0.1635025459,0.09477410965,0.147015597,0.1970076092,0.2260868063,0.2275513732,0.0005414459968,0.000710351994,0.0008362487051,0.0008830396116,0.02040124091,0.006311533184,0.01532995979,0.03115183193,0.0505048915,0.06901229993,0.0003468990745,0.0004441303302,0.0005102242803,0.000526757742,0.01612498766,0.004026601953,0.008823644259,0.0162961999,0.02383483042,0.02962784793,0.01033907119,0.008479372002,0.006240066955,0.004270638224,0.0301514918,0.004315934943,0.006436561505,0.00831572072,0.00860178803,0.007615408305,0.01678394326,0.01413590476,0.01068308333,0.007493062045,0.03894752529,0.007038729108,0.0117412404,0.01683163528,0.0194753615,0.01911269443,0.0002589901382,0.000241637767,0.0002022971654,0.0001559499019,0.00496924319,0.0004715333414,0.001210528095,0.002589735805,0.004168287886,0.005476472114,0.0001595404271,0.0001449455518,0.0001181632511,8.888297044e-05,0.003846973439,0.0002891299259,0.000663612895,0.001279466869,0.001841030208,0.00218208748,3.76923797e-07,1.03822292e-06,2.164427085e-06,3.330197138e-06,0.006838435743,0.0004329074639,0.002176881095,0.00722913819,0.01444652692,0.02056480622,7.512549336e-10,4.521827556e-09,1.870870097e-08,4.975516051e-08,0.003419512977,9.959090478e-05,0.0008488920353,0.004139827716,0.01034242212,0.0170498879,5.079418186e-09,3.614669059e-08,1.842613904e-07,6.162939333e-07,0.009027167229,0.001083309871,0.006236460564,0.02210653424,0.04592969842,0.06865053671,4.070822559e-09,3.508270933e-08,2.165784834e-07,8.644275363e-07,0.01200475533,0.002045762623,0.01035978651,0.03260027203,0.0614719947,0.08550581841,2.38592597e-09,2.618831498e-08,2.059061781e-07,1.027406546e-06,0.01538840044,0.003505308091,0.01509651168,0.04087205982,0.06747341743,0.0847568442,1.733992457e-10,3.081996275e-09,3.765476949e-08,2.720815085e-07,0.0146529696,0.002807703996,0.01131740963,0.02753410711,0.03859097906,0.04109447408,5.095147636e-13,2.460920958e-11,6.987424924e-10,9.571240297e-09,0.0128037406,0.001230480406,0.005695348362,0.01324367902,0.01432851863,0.01060972582,1.658949161e-11,6.007616904e-10,1.278939443e-08,1.342920213e-07,0.02665228875,0.004354130507,0.01378061804,0.02251489993,0.01787098479,0.009721983254,3.027429313e-10,8.231726949e-09,1.315789748e-07,1.060492901e-06,0.0453081301,0.009745376233,0.02274277013,0.02800101619,0.01715819169,0.007177110261,1.551399458e-11,7.976637186e-10,2.143212546e-08,2.513073909e-07,0.04761815783,0.006570698251,0.01231427267,0.01083912763,0.003974526566,0.0009100615642
34,0.02442722322,0.02814901716,0.02910688755,0.02726742945,0.1305505317,0.06178885198,0.0869046906,0.1063312243,0.1106334532,0.1017580235,0.03804034092,0.04488798195,0.04752905279,0.04551055097,0.1644284701,0.09556937805,0.1485331704,0.1993951894,0.2292653354,0.2311568936,0.0005529306551,0.0007260265814,0.0008554167936,0.0009039781686,0.02059286734,0.00640943357,0.01562271477,0.03185080772,0.05182054107,0.07103995874,0.000355058872,0.0004552874469,0.0005238589654,0.0005416142061,0.01635002612,0.004143916705,0.00914063296,0.01698504056,0.02500633337,0.03127263774,0.01051461059,0.0086340372,0.00636177105,0.004358918013,0.03047405275,0.004415520065,0.00661956477,0.008593734032,0.008935948831,0.00794934542,0.01702696888,0.0143470671,0.01084756633,0.007611602775,0.03917144735,0.007097461127,0.01186175916,0.0170344752,0.01974762305,0.01941382721,0.0002645290108,0.0002470078749,0.0002069625126,0.0001596671321,0.005015634795,0.0004786955429,0.001233164469,0.00264663262,0.004274604841,0.00563401276,0.0001633537688,0.0001486488608,0.0001213772824,9.143618743e-05,0.003901993153,0.0002978092781,0.0006881788752,0.001335201499,0.00193429103,0.00230694922,3.957919316e-07,1.093084776e-06,2.284841337e-06,3.524069256e-06,0.006975637116,0.0004548071039,0.002312993956,0.007762174401,0.01570576544,0.02262396221,8.02291258e-10,4.846251659e-09,2.012254206e-08,5.369150365e-08,0.00350329844,0.0001064685618,0.0009214994863,0.004558180127,0.01158843206,0.01943009466,5.381780989e-09,3.842002685e-08,1.964719421e-07,6.590604183e-07,0.009229161045,0.001148684137,0.006703212796,0.02406252415,0.05076206522,0.07699507738,4.328055161e-09,3.741802074e-08,2.317288284e-07,9.276080169e-07,0.01229197552,0.002177005729,0.01117511606,0.03561214694,0.06819319537,0.0962715818,2.547771657e-09,2.805357186e-08,2.212723039e-07,1.10731492e-06,0.01578674349,0.003747110654,0.01635851345,0.04485072328,0.07520388734,0.09589669469,1.889591901e-10,3.370545292e-09,4.132713455e-08,2.996005124e-07,0.01514044034,0.003065412728,0.01254658715,0.03096108371,0.04419862842,0.04791448679,5.841799609e-13,2.835831038e-11,8.092685166e-10,1.113699019e-08,0.01341045763,0.001416981557,0.006703400299,0.01590711231,0.01770974932,0.01349226163,1.926506671e-11,7.011847693e-10,1.500282448e-08,1.58269556e-07,0.02804764374,0.005081724534,0.01643855906,0.02740772061,0.02240136366,0.01254780958,3.552496329e-10,9.708304415e-09,1.559666453e-07,1.262923732e-06,0.0478644745,0.01149880502,0.02742728637,0.03446046427,0.02175615344,0.009375753893,1.911051415e-11,9.88660805e-10,2.672830777e-08,3.151985182e-07,0.0508839053,0.008162976882,0.01571422426,0.01418057073,0.005406646292,0.001287904673
35,0.02483190117,0.02864902528,0.02965876944,0.02781461256,0.1318884719,0.06314012655,0.08924623812,0.1096996457,0.1147053228,0.1059849648,0.03857975646,0.0455443447,0.04824505782,0.04621473843,0.1653483466,0.09633872572,0.1500040352,0.2017133149,0.2323571949,0.2346701528,0.0005647933521,0.0007422064053,0.0008751917547,0.0009255704521,0.02078473104,0.006506061011,0.01591266911,0.03254533432,0.05313236971,0.07306820021,0.0003635298401,0.0004668744322,0.0005380263108,0.0005570600289,0.01657873496,0.004264053863,0.009467384356,0.0176994347,0.02622929588,0.03300006641,0.01069578966,0.008793689284,0.006487431367,0.004450098584,0.03080139031,0.004517207987,0.006807409979,0.008880489271,0.009282421533,0.008297251843,0.01727611733,0.01456329541,0.01101581341,0.007732744471,0.0393937596,0.007154121505,0.01197824352,0.01723086421,0.02001171733,0.01970642712,0.0002702505329,0.0002525512046,0.0002117755056,0.0001635002378,0.005062053651,0.0004857502166,0.00125553695,0.002703043986,0.004380373972,0.005791232531,0.0001673143798,0.00015249686,0.0001247188026,9.409236001e-05,0.003957943894,0.0003067091825,0.0007135399066,0.001393102101,0.0020318335,0.002438357521,4.158644265e-07,1.151525905e-06,2.413297961e-06,3.731187336e-06,0.007115327943,0.0004775107194,0.002455696797,0.008326873683,0.0170563806,0.02485870263,8.575156489e-10,5.198083545e-09,2.165945051e-08,5.798023504e-08,0.003588975018,0.0001137232437,0.0009992594625,0.005012584874,0.01296552942,0.02210531464,5.705592751e-09,4.085937643e-08,2.096012795e-07,7.051367974e-07,0.009434685711,0.00121689125,0.00719705864,0.02615883086,0.05602133768,0.08621154818,4.604112963e-09,3.992944885e-08,2.480572307e-07,9.958434612e-07,0.01258449233,0.002314441499,0.01204091718,0.03885176891,0.07553557383,0.1082085017,2.721956503e-09,3.006548155e-08,2.378846273e-07,1.193892514e-06,0.01619295479,0.004001499084,0.01770479619,0.04914978945,0.08368876537,0.1083090526,2.060327298e-10,3.68804034e-09,4.537933081e-08,3.300465201e-07,0.01564163207,0.003342950516,0.01389062951,0.0347615845,0.05053205848,0.05575517625,6.701929509e-13,3.269626078e-11,9.377237572e-10,1.296427231e-08,0.01404208788,0.001628743549,0.007873117929,0.0190606299,0.02182860437,0.01710439562,2.238188987e-11,8.186970917e-10,1.760468823e-08,1.865738303e-07,0.02950611266,0.005918908004,0.01956398473,0.03327827401,0.02799759194,0.01614124036,4.169858473e-10,1.145237602e-08,1.849049257e-07,1.504152629e-06,0.05054540509,0.01353829079,0.03299567931,0.04229506228,0.0275008407,0.01220529392,2.35451258e-11,1.225519347e-09,3.333408426e-08,3.953138614e-07,0.05434654536,0.0101122313,0.01998887588,0.01848693512,0.007325252283,0.001814370347
36,0.02524888657,0.02916424583,0.03022753042,0.0283786719,0.1332432164,0.06451519792,0.09164083007,0.1131602227,0.1189093368,0.1103689682,0.03913195523,0.04621543819,0.0489763031,0.04693321777,0.1662597937,0.09707830538,0.1514205267,0.2039494672,0.2353450774,0.2380708675,0.0005770339883,0.0007588894229,0.0008955688979,0.0009478092524,0.02097638238,0.006600989077,0.01619848602,0.03323209706,0.05443391694,0.07508679381,0.000372316324,0.0004788970645,0.0005527333504,0.0005731029977,0.01681080312,0.00438681037,0.009803444338,0.01843864343,0.0275030225,0.03481002124,0.01088261855,0.008958332979,0.006617049643,0.004544180624,0.03113307781,0.004620844644,0.006999853868,0.009175687611,0.009640957655,0.008658998633,0.017531253,0.01478444297,0.01118768869,0.007856375373,0.03961387398,0.007208414788,0.01209005992,0.01741969429,0.02026609835,0.01998872598,0.0002761546522,0.0002582670293,0.0002167349591,0.0001674478891,0.005108388734,0.0004926651454,0.001277538591,0.002758690187,0.004485052787,0.005947303515,0.0001714244692,0.0001564916616,0.0001281896577,9.685299097e-05,0.004014751601,0.000315815497,0.0007396641133,0.001453118462,0.002133622528,0.002576336934,4.372051679e-07,1.213737213e-06,2.550229946e-06,3.952272978e-06,0.007257283071,0.0005009693097,0.002604785813,0.008922937812,0.01849947328,0.02727433684,9.172477852e-10,5.579451414e-09,2.332917102e-08,6.264981707e-08,0.003676417817,0.0001213482152,0.00108222147,0.005504176563,0.01448104905,0.02509864153,6.052129457e-09,4.347478352e-08,2.237061262e-07,7.547317819e-07,0.009643352793,0.001287778838,0.00771747506,0.0283961765,0.06172027311,0.09634464093,4.900135202e-09,4.26278729e-08,2.656381773e-07,1.06946109e-06,0.01288174445,0.002457799798,0.01295658488,0.04232170122,0.08352115823,0.1213829162,2.909247901e-09,3.223338882e-08,2.55824677e-07,1.287587041e-06,0.01660624471,0.004268068421,0.01913507915,0.05377523772,0.09295998953,0.1220745192,2.24750035e-10,4.03703803e-09,4.984583684e-08,3.636921484e-07,0.01615578333,0.003640677385,0.01535422515,0.03895814677,0.05765251097,0.06472582903,7.691779144e-13,3.77099562e-11,1.08683558e-09,1.509399287e-08,0.01469805994,0.001868065405,0.009223677319,0.02277477744,0.02681759292,0.02160335063,2.600810474e-11,9.560182604e-10,2.065866566e-08,2.199336708e-07,0.03102667425,0.006877498646,0.02322010726,0.04028350538,0.03486985077,0.0206820778,4.894664652e-10,1.350915594e-08,2.191856335e-07,1.791111318e-06,0.05334959053,0.01589857113,0.03957941027,0.05174417594,0.034634895,0.01582323632,2.900389347e-11,1.518723409e-09,4.155758228e-08,4.955720084e-07,0.05800771936,0.01248471514,0.02533021185,0.02400079844,0.009877479949,0.002542335606
37,0.02567816502,0.02969464261,0.03081311589,0.0289595443,0.1346129184,0.06591172513,0.09408477679,0.1167082928,0.1232409051,0.1149064642,0.03969661108,0.04690077613,0.04972216432,0.04766529291,0.167160427,0.09778428501,0.1527749725,0.2060910588,0.2382114967,0.241338456,0.0005896518465,0.0007760725761,0.00091654208,0.0009706855572,0.02116736394,0.006693781459,0.01647878391,0.03390763821,0.05571837536,0.07708485833,0.0003814224188,0.0004913606913,0.0005679864849,0.0005897501029,0.01704590427,0.004511958987,0.01014827678,0.01920171886,0.0288264131,0.03670177006,0.01107510148,0.009127966922,0.006750622128,0.00464116037,0.03146867358,0.004726261887,0.007196620672,0.009478972228,0.01001122907,0.009034369545,0.01779222851,0.01501035144,0.01136304616,0.007982375721,0.03983120182,0.007260047094,0.01219657514,0.01759985325,0.02050920709,0.02025893322,0.0002822410137,0.0002641542688,0.000221839328,0.00017150843,0.005154527162,0.0004994074359,0.001299059142,0.002813280288,0.0045880716,0.006101348518,0.0001756861355,0.0001606352415,0.0001317915509,9.971945148e-05,0.004072338401,0.0003251122616,0.0007665132033,0.001515183413,0.002239591008,0.002720865736,4.59880166e-07,1.2799152e-06,2.696081444e-06,4.188064301e-06,0.007401260881,0.0005251225641,0.002759968967,0.009549666312,0.02003507441,0.02987432798,9.818275867e-10,5.992614846e-09,2.514203806e-08,6.77304132e-08,0.00376548928,0.0001293318389,0.001170373998,0.006033714143,0.01614126152,0.02843162033,6.422711519e-09,4.627661401e-08,2.388448954e-07,8.080599695e-07,0.009854743556,0.001361149159,0.008263541787,0.03077340274,0.06786663899,0.1074306257,5.217297078e-09,4.552449171e-08,2.84548221e-07,1.148796858e-06,0.013183123,0.002606713469,0.01392079042,0.04602153812,0.09216500954,0.1358505596,3.110435032e-09,3.456689031e-08,2.751761047e-07,1.388857692e-06,0.01702574956,0.004546221748,0.02064790843,0.05872902687,0.1030415147,0.137263205,2.45248892e-10,4.42024593e-09,5.476319657e-08,4.008266309e-07,0.01668201625,0.003958726539,0.01694094679,0.04357043795,0.06561804304,0.07493532299,8.829555661e-13,4.349710381e-11,1.259680571e-09,1.757243923e-08,0.01537758663,0.002137160847,0.01077456439,0.02712400317,0.03282285154,0.0271692792,3.022069716e-11,1.116231388e-09,2.423720745e-08,2.591811197e-07,0.03260774529,0.007969276717,0.0274728118,0.04859260438,0.04325442215,0.02638016926,5.744150892e-10,1.593027899e-08,2.597164879e-07,2.13177488e-06,0.05627457491,0.01861509146,0.04731805682,0.06307003839,0.04343519395,0.02041609952,3.570976482e-11,1.880898262e-09,5.177174712e-08,6.207384328e-07,0.06186738837,0.01535394726,0.03195901459,0.03100984548,0.0132459227,0.00354036076
38,0.0261197074,0.03024015848,0.03141544499,0.02955713753,0.1359956748,0.0673271878,0.09657398968,0.1203385072,0.1276944701,0.1195927598,0.04027337218,0.0475998371,0.05048197472,0.04841022213,0.1680478662,0.09845286911,0.15405974,0.2081255165,0.2409389114,0.2444521908,0.0006026455402,0.0007937517173,0.0009381036084,0.0009941884422,0.02135721166,0.006783994398,0.01675214452,0.03456837789,0.05697863206,0.07905092727,0.0003908519283,0.0005042701653,0.0005837913922,0.00060700743,0.01728369706,0.004639247886,0.0105012603,0.01998749149,0.03019792937,0.03867389582,0.01127323619,0.009302583108,0.006888139101,0.004741029223,0.03180772133,0.004833277358,0.007397401203,0.009789925664,0.01039282292,0.009423053851,0.01805888422,0.01524085053,0.0115417295,0.008110617618,0.04004515556,0.007308727802,0.01229716035,0.01777023237,0.02073948304,0.02051524987,0.0002885089346,0.000270211463,0.0002270866838,0.0001756798595,0.005200354496,0.0005059437085,0.001319985727,0.002866513989,0.004688837207,0.00625244673,0.0001801013464,0.000164929417,0.0001355260203,0.0001026929621,0.004130622652,0.0003345816586,0.0007940421794,0.0015792117,0.002349636907,0.002871870565,4.839574109e-07,1.350261379e-06,2.851306079e-06,4.439312603e-06,0.00754700335,0.0005498983466,0.00292085898,0.01020591081,0.02166197389,0.03265989542,1.051615657e-09,6.439966384e-09,2.71089774e-08,7.325387722e-08,0.003856039005,0.0001376570901,0.00126363513,0.006601498306,0.01795100467,0.03212329631,6.818700052e-09,4.927551794e-08,2.55077434e-07,8.653407638e-07,0.01006840919,0.001436756404,0.008833900424,0.03328719137,0.07446212866,0.119494719,5.556805374e-09,4.863077347e-08,3.048655828e-07,1.234193506e-06,0.0134879717,0.002760711494,0.01493139804,0.04994742099,0.101473565,0.1516528907,3.326325069e-09,3.707578181e-08,2.960241732e-07,1.498172085e-06,0.01745053157,0.004835153952,0.02224050319,0.06400836157,0.1139471833,0.153930562,2.676744602e-10,4.840516838e-09,6.016993095e-08,4.417550527e-07,0.01721933301,0.004296964261,0.01865296259,0.04861416515,0.07448110251,0.0864884572,1.01355744e-12,5.016702602e-11,1.459711212e-09,2.045170333e-08,0.01607964968,0.002438070961,0.01254498069,0.03218490763,0.04000211272,0.03400459633,3.510617613e-11,1.30281208e-09,2.842226102e-08,3.052602995e-07,0.03424713372,0.00920558608,0.03238894473,0.05838376196,0.05341154263,0.0334758048,6.7378125e-10,1.877435219e-08,3.075314936e-07,2.535259022e-06,0.05931667197,0.02172294452,0.05635618391,0.07655366538,0.05421147024,0.02620066358,4.392827024e-11,2.327152666e-09,6.442506239e-08,7.765700238e-07,0.06592360548,0.01879978614,0.04012424728,0.03984892269,0.01765312463,0.004895770371
39,0.02657346877,0.03080071375,0.03203440854,0.03017132824,0.1373895286,0.06875888731,0.09910397613,0.12404481,0.1322634621,0.1244219683,0.04086186014,0.04831206378,0.05125502437,0.04916721775,0.1689197423,0.09908032091,0.1552672855,0.2100403696,0.2435098577,0.2473913659,0.0006160129621,0.0008119215369,0.0009602441501,0.001018304969,0.02154545622,0.006871179377,0.01701712215,0.03521063836,0.05820731832,0.08097302995,0.0004006083216,0.0005176297779,0.0006001529369,0.0006248800493,0.01752382542,0.004768400467,0.01086168579,0.02079455942,0.03161556378,0.04072423355,0.01147701336,0.009482166336,0.007029584394,0.004843773372,0.03214975064,0.004941694495,0.007601852199,0.01010806761,0.01078523694,0.009824639585,0.01833104783,0.01547575768,0.01172357182,0.008240964941,0.04025515046,0.007354171316,0.01239119536,0.0179297345,0.0209553765,0.02075588369,0.0002949573791,0.0002764367475,0.0002324746921,0.0001799598131,0.005245755085,0.0005122403065,0.001340203604,0.002918083752,0.004786737257,0.006399640648,0.000184671919,0.0001693758248,0.0001393944177,0.0001057745734,0.004189519005,0.000344203989,0.0008221991037,0.001645098976,0.002463620517,0.003029221198,5.095066971e-07,1.424981565e-06,3.016364968e-06,4.706778477e-06,0.007694236264,0.0005752123286,0.00308696731,0.0108900328,0.02337755287,0.03562960859,1.126993602e-09,6.924032029e-09,2.924150115e-08,7.925372109e-08,0.003947903675,0.0001463011204,0.001361843403,0.007207286876,0.0199132857,0.0361891369,7.241492297e-09,5.248238418e-08,2.72464716e-07,9.267970844e-07,0.01028387134,0.001514304665,0.009426717989,0.03593179633,0.08150125895,0.1325482808,5.919893168e-09,5.195839558e-08,3.266696785e-07,1.325998246e-06,0.01379558751,0.002919213509,0.01598538894,0.0540915673,0.1114429328,0.1688131384,3.557738654e-09,3.976999556e-08,3.184551473e-07,1.616002629e-06,0.01787957957,0.005133837945,0.02390861161,0.06960496547,0.1256785006,0.1721128295,2.921788819e-10,5.300839837e-09,6.610640198e-08,4.867971753e-07,0.01776661329,0.004654950051,0.02049073439,0.05409988679,0.08428574185,0.09948149426,1.163238867e-12,5.784138662e-11,1.690779931e-09,2.379006312e-08,0.01680298603,0.002772562329,0.01455309846,0.03803385438,0.04852130507,0.04233159601,4.076118496e-11,1.519654465e-09,3.330592483e-08,3.592354355e-07,0.03594199574,0.01059684901,0.03803405265,0.06983939835,0.06562099899,0.04223815235,7.897558789e-10,2.210745282e-08,3.638003761e-07,3.011909042e-06,0.06247086645,0.02525553067,0.06683899203,0.09248832599,0.06730227493,0.03342353289,5.397357156e-11,2.875443893e-09,8.00530419e-08,9.699708018e-07,0.07017229226,0.02290680297,0.05010031622,0.05089949071,0.02336484763,0.006717590018
40,0.0270393871,0.03137620457,0.03266986727,0.03080195987,0.1387924715,0.07020394979,0.1016698381,0.1278204254,0.1369402621,0.129386948,0.04146166939,0.04903686227,0.05204055979,0.04993544586,0.1697737045,0.09966298549,0.1563902063,0.2118233438,0.2459070911,0.2501354744,0.0006297512352,0.000830575494,0.0009829526457,0.001043020088,0.02173162452,0.006954886061,0.01727225393,0.03583067168,0.05939686751,0.08283878823,0.0004106946893,0.000531443192,0.0006170750775,0.0006433719041,0.01776591897,0.004899115448,0.01122875469,0.02162127938,0.03307681194,0.04284981174,0.01168641604,0.009666693664,0.007174934924,0.004949373428,0.03249427762,0.005051302668,0.00780959596,0.01043285319,0.01118787551,0.01023860737,0.01860853405,0.01571487784,0.01190839564,0.0083732733,0.04046060655,0.007396098887,0.01247807303,0.01807728262,0.0211553617,0.02097906524,0.0003015849341,0.0002828278294,0.0002380005915,0.0001843455457,0.00529061243,0.0005182635234,0.001359597015,0.002967677212,0.004881145293,0.00654194422,0.0001893994982,0.0001739758981,0.0001433978856,0.0001089651457,0.004248938504,0.0003539576685,0.0008509249249,0.00171272095,0.002581361957,0.003192725584,5.365994137e-07,1.504285069e-06,3.191724438e-06,4.991227365e-06,0.007842669579,0.0006009677991,0.00325769944,0.01159986663,0.02517762577,0.03877898556,1.2083642e-09,7.447470461e-09,3.155169586e-08,8.576505821e-08,0.004040907105,0.0001552348885,0.001464749257,0.007850210925,0.02202886422,0.04063984707,7.692516142e-09,5.590828676e-08,2.910684828e-07,9.926538571e-07,0.01050062299,0.001593446698,0.01003965674,0.0386987989,0.08897028984,0.1465859277,6.307813598e-09,5.551917428e-08,3.500405648e-07,1.424560057e-06,0.01410522192,0.003081525999,0.01707879612,0.05844183181,0.1220571985,0.1873321778,3.805504603e-09,4.265952703e-08,3.425555836e-07,1.74282228e-06,0.0183118106,0.00544101412,0.02564638315,0.07550438962,0.1382223891,0.1918222178,3.189207275e-10,5.804327737e-09,7.261462274e-08,5.362857974e-07,0.01832261306,0.005031898453,0.0224527121,0.06003175634,0.09506451765,0.1139969426,1.334489948e-12,6.665479753e-11,1.957159039e-09,2.765229792e-08,0.01754607628,0.003142012061,0.01681516498,0.04474389357,0.05854954861,0.05238787129,4.729300367e-11,1.771092577e-09,3.899098668e-08,4.22297486e-07,0.03768879832,0.01215199771,0.04446954433,0.08313967863,0.08017496458,0.05296105335,9.247839776e-10,2.600353859e-08,4.298364129e-07,3.573374307e-06,0.06573072592,0.02924293653,0.07890663539,0.1111701866,0.08306757882,0.04235832394,6.62146984e-11,3.546955799e-09,9.929019153e-08,1.209154807e-06,0.07460702559,0.02776182235,0.06218159661,0.06458539621,0.03069116911,0.009138911056
41,0.02751738214,0.03196650141,0.0333216499,0.03144884078,0.1402024476,0.07165933093,0.1042662748,0.131657849,0.1417161745,0.1344792507,0.04207236649,0.04977360172,0.05283778377,0.05071402652,0.1706074284,0.1001973134,0.1574212942,0.2134624579,0.2481137342,0.2526643973,0.000643856664,0.0008497057511,0.00100621623,0.001068316555,0.02191524123,0.007034665455,0.01751607105,0.03642469048,0.06053958076,0.08463552828,0.0004211136987,0.0005457133732,0.0006345607733,0.0006624856977,0.01800959366,0.005031067228,0.01160157834,0.02246576024,0.03457864926,0.04504679942,0.01190141907,0.009856133873,0.00732416024,0.005057804062,0.0328408056,0.005161877455,0.008020220313,0.01076367179,0.01160004635,0.01066432498,0.01889114425,0.01595800333,0.01209601276,0.008507390059,0.04066095047,0.007434240487,0.01255720386,0.01821182872,0.02133795043,0.0211830649,0.000308389786,0.0002893819646,0.0002436611745,0.0001888339164,0.005334809586,0.0005239798462,0.001378050099,0.003014979835,0.004971426413,0.006678352174,0.0001942855357,0.0001787308427,0.000147537335,0.0001122653297,0.004308788714,0.0003638192441,0.0008801533782,0.001781932714,0.00270263899,0.003362125275,5.653082996e-07,1.588383748e-06,3.37785343e-06,5.293424518e-06,0.007991997962,0.0006270556755,0.003432351765,0.0123326896,0.02705629888,0.04210011207,1.296151396e-09,8.013070786e-09,3.405220231e-08,9.282451902e-08,0.004134860416,0.0001644228793,0.001572007446,0.008528694904,0.02429583029,0.04548010985,8.173223665e-09,5.95644224e-08,3.109508269e-07,1.063136277e-06,0.01071812968,0.001673783644,0.01066985223,0.04157689862,0.09684621371,0.1615826708,6.721832612e-09,5.932498317e-08,3.75058303e-07,1.530226577e-06,0.01441608264,0.00324684054,0.01820665405,0.06298132185,0.133286814,0.2071843918,4.070453806e-09,4.575435082e-08,3.684115145e-07,1.879099671e-06,0.01874607235,0.005755183843,0.02744626414,0.08168538869,0.1515490119,0.213041997,3.480642556e-10,6.354200489e-09,7.973800759e-08,5.90564602e-07,0.01888596458,0.005426644187,0.02453503556,0.0664062386,0.1068351536,0.1300976655,1.530043699e-12,7.675525725e-11,2.263554866e-09,3.210990937e-08,0.0183071356,0.003547282407,0.01934446625,0.05238098798,0.07025236552,0.06441908271,5.481989715e-11,2.061915061e-09,4.559129443e-08,4.957687382e-07,0.03948328835,0.013877832,0.05174928281,0.09845421159,0.09736764106,0.06595549117,1.081573245e-09,3.054472922e-08,5.0710188e-07,4.232660856e-06,0.06908832604,0.03371004859,0.09268717344,0.1328858551,0.101877354,0.05329974649,8.108174007e-11,4.366475778e-09,1.228819943e-07,1.503810111e-06,0.07921884172,0.03345052598,0.07667362988,0.08136381214,0.03998426707,0.01231809705
42,0.02800735427,0.03257144757,0.03398955145,0.03211174232,0.1416173569,0.07312182265,0.1068875893,0.135548849,0.1465814086,0.1396890807,0.04269348981,0.05052161405,0.05364585549,0.05150203426,0.1714186234,0.1006798847,0.1583535906,0.2149461239,0.2501134306,0.2549585992,0.0006583246889,0.0008693031127,0.001030020159,0.001094174856,0.0220958305,0.007110073255,0.01774711088,0.03698890152,0.06162769981,0.08635040649,0.0004318675486,0.0005604425213,0.0006526118907,0.000682222781,0.01825445247,0.005163906544,0.01197917832,0.02332585923,0.03611751287,0.04731046114,0.01212198854,0.01005044695,0.007477222076,0.005169033662,0.03318882608,0.00527318107,0.008233278929,0.01109984654,0.0120209581,0.01110104281,0.01917866628,0.01620491369,0.01228622431,0.008643154413,0.04085561751,0.007468336692,0.01262802062,0.01833236287,0.02150170614,0.02136621041,0.0003153696983,0.0002960959365,0.0002494527694,0.0001934213755,0.005378229581,0.0005293562123,0.001395447882,0.003059677804,0.005056943512,0.006807850418,0.000199331268,0.0001836416138,0.0001518134218,0.0001156755455,0.00436897389,0.0003737634326,0.0009098109664,0.001852568287,0.002827185232,0.003537091394,5.957071604e-07,1.677490942e-06,3.575220568e-06,5.614129372e-06,0.008141901499,0.0006533547411,0.003610110389,0.0130852011,0.02900585315,0.04558129913,1.390800097e-09,8.623748633e-09,3.675618632e-08,1.004701359e-07,0.004229562346,0.0001738229327,0.001683170845,0.009240384533,0.02670919427,0.05070729612,8.685083656e-09,6.346203903e-08,3.321737183e-07,1.138467834e-06,0.01093583106,0.00175486583,0.01131390151,0.04455175328,0.1050958679,0.1774912143,7.163220668e-09,6.338766077e-08,4.01802237e-07,1.643340587e-06,0.01472733599,0.003414234405,0.01936296707,0.06768809,0.1450871527,0.2283137027,4.353412313e-09,4.906432552e-08,3.96107527e-07,2.025293604e-06,0.01918114657,0.006074607762,0.02929892404,0.08811940093,0.1656097744,0.2357217052,3.797784725e-10,6.953764202e-09,8.752105716e-08,6.499854412e-07,0.01945517801,0.005837612394,0.02673125727,0.07321084975,0.1195970786,0.147820472,1.752880462e-12,8.830436577e-11,2.615114136e-09,3.724121588e-08,0.01908410776,0.003988588919,0.02215017331,0.06099958289,0.08378302206,0.07866870768,6.347125776e-11,2.397370943e-09,5.323189995e-08,5.811046239e-07,0.04132047015,0.01577832025,0.05991566011,0.1159319449,0.1174814126,0.0815381158,1.263097244e-09,3.582141268e-08,5.972102158e-07,5.004153558e-06,0.07253419288,0.03867444267,0.1082882169,0.15789673,0.124095623,0.06655387859,9.907168057e-11,5.362751367e-09,1.516963025e-07,1.865255515e-06,0.08399606494,0.04005306327,0.09388050627,0.1017102414,0.05163161779,0.016438095
43,0.02850918339,0.03319085777,0.03467333156,0.03279039717,0.1430350595,0.07458806184,0.1095277002,0.1394844732,0.1515250725,0.1450052679,0.04332454915,0.051280194,0.05446389096,0.05229849886,0.1722050409,0.101107433,0.1591804415,0.216263248,0.2518905002,0.2569993284,0.0006731498427,0.0008893569696,0.001054347748,0.001120573142,0.02227291772,0.007180673352,0.0179639298,0.03751954183,0.06265348621,0.08797054797,0.0004429579232,0.0005756320011,0.0006712291098,0.0007025830411,0.01850008625,0.005297261457,0.01236048788,0.0241991812,0.03768928973,0.04963512145,0.01234808124,0.01024958358,0.007634073936,0.005283024007,0.0335378197,0.005384962949,0.008448292012,0.01144063451,0.01244971891,0.01154789048,0.0194708743,0.01645537572,0.01247882086,0.008780397526,0.04104405362,0.007498140575,0.01268998303,0.01843792241,0.02164525823,0.02152690473,0.00032252199,0.0003029660374,0.0002553712252,0.0001981039532,0.005420755863,0.0005343602769,0.001411677311,0.0031014611,0.005137064015,0.006929427407,0.0002045376942,0.0001887088921,0.0001562265247,0.0001191959632,0.004429395168,0.0003837631828,0.000939817029,0.001924440406,0.002954688843,0.003717221298,6.278705454e-07,1.771820269e-06,3.784290909e-06,5.954089314e-06,0.008292046577,0.0006797321287,0.003790052106,0.01385351276,0.03101665899,0.04920679877,1.492775742e-09,9.282540392e-09,3.967729941e-08,1.087411941e-07,0.004324799704,0.0001833862003,0.001797686054,0.009982086531,0.02926050884,0.05631019956,9.229573088e-09,6.76123548e-08,3.547984718e-07,1.218868108e-06,0.01115314283,0.001836194765,0.01196786333,0.04760588169,0.1136752285,0.1942395659,7.633243374e-09,6.771890654e-08,4.303501857e-07,1.764236091e-06,0.01503810983,0.003582673836,0.0205407003,0.07253492822,0.1573973209,0.2506299934,4.65519358e-09,5.259908742e-08,4.257257348e-07,2.181846914e-06,0.0196157534,0.006397309628,0.03119321976,0.09477016952,0.180335622,0.2597727298,4.142359734e-10,7.606385446e-09,9.60089732e-08,7.149050197e-07,0.02002864455,0.006262795873,0.02903210096,0.08042298188,0.1333279866,0.1671694217,2.006227544e-12,1.014772547e-10,3.017420443e-09,4.313128499e-08,0.01987466252,0.00446536758,0.02523610928,0.07063762508,0.09927205748,0.09536457049,7.33874855e-11,2.783163919e-09,6.204891062e-08,6.798919358e-07,0.04319459248,0.01785386903,0.06899526211,0.1356894253,0.1407694472,0.1000153862,1.472591529e-09,4.193212432e-08,7.019238981e-07,5.903598227e-06,0.0760572654,0.04414411733,0.1257874537,0.1864203103,0.1500597247,0.08242407368,1.207534759e-10,6.568801596e-09,1.867333332e-07,2.306578817e-06,0.08892416857,0.0476386848,0.1140881527,0.1260966904,0.06604332719,0.02170300578
44,0.02902272787,0.0338245168,0.03537271299,0.03348449767,0.1444533806,0.07605454101,0.1121801576,0.143455066,0.1565351793,0.1504152557,0.04396502564,0.05204859931,0.05529096376,0.05310240657,0.1729644829,0.1014768693,0.1598955526,0.2174033325,0.2534300968,0.2587688192,0.00068832571,0.0009098552487,0.001079180317,0.001147487178,0.02244603143,0.007246041449,0.01816511659,0.03801291661,0.06360930576,0.08948319602,0.0004543859461,0.0005912822738,0.0006904118326,0.0007235647915,0.01874607473,0.005430738652,0.01274435473,0.02508308129,0.03928931176,0.05201414085,0.01257964414,0.01045348467,0.007794660696,0.00539972996,0.03388725738,0.005496960488,0.008664747391,0.01178522758,0.01288533608,0.01200387455,0.01976752868,0.01670914351,0.01267358255,0.008918942741,0.04122571746,0.007523419573,0.0127425824,0.01852760103,0.0217673163,0.02166364404,0.0003298435162,0.0003099880505,0.0002614118988,0.0002028772507,0.00546227277,0.000538960688,0.001426628333,0.003140026726,0.005211167012,0.0070420863,0.0002099055539,0.0001939330602,0.0001607767216,0.000122826483,0.004489950804,0.0003937897624,0.0009700839072,0.001997340589,0.003084791777,0.003902036074,6.618733841e-07,1.871584293e-06,4.005522352e-06,6.31403287e-06,0.008442086946,0.0007060440656,0.003971147812,0.01463315145,0.03307713082,0.05295659825,1.602563613e-09,9.992595394e-09,4.282962844e-08,1.176780466e-07,0.004420347963,0.0001930572502,0.001914891235,0.01074972449,0.03193754567,0.06226786401,9.8081675e-09,7.202646786e-08,3.788851568e-07,1.304550325e-06,0.01136945904,0.001917226425,0.01262727199,0.05071864221,0.1225289456,0.2117291283,8.133151039e-09,7.233016571e-08,4.607775518e-07,1.893233989e-06,0.01534749707,0.003751020223,0.02173179668,0.07748928711,0.1701393212,0.2740061612,4.976589895e-09,5.636793335e-08,4.573446483e-07,2.349179734e-06,0.02004855674,0.006721086254,0.03311620468,0.1015935427,0.1956357636,0.2850645495,4.516115543e-10,8.315460564e-09,1.052471999e-07,7.856809473e-07,0.02060464119,0.006699741238,0.03142527196,0.08800888117,0.1479805963,0.1881091518,2.293553021e-12,1.164621678e-10,3.47647854e-09,4.987166564e-08,0.02067619696,0.00497614762,0.02859949062,0.08131121075,0.1168152371,0.1147022073,8.47195451e-11,3.225432496e-09,7.218897852e-08,7.938425563e-07,0.04509914665,0.02010059546,0.07899429254,0.1577977824,0.1674349981,0.1216631962,1.713541079e-09,4.898314329e-08,8.231469599e-07,6.94803335e-06,0.07964488145,0.05011516912,0.1452223841,0.2186089394,0.1800549388,0.1011922077,1.46771881e-10,8.02215229e-09,2.291332658e-07,2.842742703e-06,0.09398567609,0.05625951039,0.1375435666,0.1549625365,0.08363250259,0.02833104586
45,0.02954782357,0.03447217827,0.03608738013,0.03419369441,0.1458701159,0.07751762106,0.1148381641,0.1474502939,0.1615986666,0.1559051054,0.04461437177,0.05282605129,0.05612610611,0.05391270166,0.1736948095,0.1017853055,0.1604930437,0.2183565749,0.2547183631,0.2602504924,0.0007038448908,0.0009307843702,0.001104497149,0.001174890313,0.02261470523,0.007305768749,0.01834930619,0.03846543879,0.06448771707,0.09087586992,0.0004661521349,0.000607392829,0.0007101580928,0.0007451646658,0.01899198763,0.005563925073,0.01312954497,0.02597467129,0.04091235892,0.05443990498,0.01281661393,0.01066208091,0.00795891823,0.005519099186,0.03423660161,0.00560889995,0.008882102016,0.0121327542,0.01332671693,0.01246787784,0.02006837602,0.01696595861,0.01287027937,0.009058605842,0.04140008254,0.007543957314,0.01278534619,0.0186005578,0.02186668421,0.02177503537,0.0003373306504,0.0003171572357,0.0002675696447,0.0002077364349,0.005502666011,0.0005431273654,0.001440194999,0.003175082037,0.00527865068,0.007144857708,0.0002154353051,0.0001993141787,0.0001654637682,0.0001265667155,0.004550536434,0.0004038128698,0.00100051721,0.002071039501,0.003217089648,0.004090979032,6.977905816e-07,1.976993051e-06,4.239361733e-06,6.694662312e-06,0.008591664957,0.0007321368905,0.004152268537,0.0154190766,0.03517372877,0.05680631331,1.720667864e-09,1.075716586e-08,4.622763341e-08,1.273218892e-07,0.004515972009,0.0002027743336,0.002034016574,0.01153831515,0.03472405068,0.06854857921,1.042233028e-08,7.67152565e-08,4.044919486e-07,1.395718694e-06,0.01158415474,0.001997375887,0.01328716614,0.053866299,0.1315901775,0.2298334439,8.664167151e-09,7.723250309e-08,4.931563493e-07,2.030637383e-06,0.0156545598,0.003918039344,0.02292722302,0.08251334204,0.1832176605,0.2982760559,5.318363008e-09,6.037969313e-08,4.910379479e-07,2.52768219e-06,0.02047817047,0.007043524061,0.03505318852,0.1085374881,0.2113969475,0.311421943,4.920805832e-10,9.084379807e-09,1.152808888e-07,8.626671415e-07,0.02118133732,0.00714554582,0.03389533585,0.09592285393,0.1634798173,0.2105586104,2.618552551e-12,1.334596232e-10,3.998684067e-09,5.755988107e-08,0.02148584103,0.00551843793,0.03222971182,0.09300912097,0.136460384,0.1368254612,9.762813763e-11,3.730713177e-09,8.380835472e-08,9.247817912e-07,0.04702687676,0.02250964449,0.08989398906,0.182269008,0.19760806,0.1467022894,1.989657277e-09,5.708774905e-08,9.629110296e-07,8.15566074e-06,0.08328279019,0.05656953672,0.1665797543,0.2545268334,0.2142851253,0.1230953893,1.778494454e-10,9.764958786e-09,2.801802475e-07,3.49064154e-06,0.0991601101,0.06594365942,0.1644304701,0.1886782651,0.1047880071,0.03654314627
46,0.03008428286,0.03513356346,0.03681697782,0.03491759491,0.147283037,0.07897354594,0.1174946006,0.1514591801,0.1667014308,0.1614595186,0.04527201162,0.0536117355,0.05696831022,0.05472828833,0.1743939479,0.1020300769,0.1609675008,0.2191139652,0.2557425812,0.2614291499,0.0007196989667,0.0009521292116,0.001130275458,0.001202753455,0.02277847982,0.007359465659,0.01851519368,0.03887366922,0.0652815626,0.09213652866,0.0004782563556,0.0006239621189,0.0007304644688,0.0007673775153,0.01923738597,0.005696389895,0.01351474848,0.0268708298,0.0425526709,0.05690382872,0.01305891646,0.01087529232,0.008126773073,0.005641071896,0.03458530778,0.005720497526,0.009099783884,0.01248228197,0.01377267092,0.01293866011,0.02037314923,0.01722555029,0.01306867148,0.009199195397,0.04156663927,0.007559555366,0.01281784233,0.01865602578,0.02194227366,0.02185981377,0.0003449792679,0.0003244683175,0.0002738388076,0.0002126762347,0.005541823168,0.0005468317796,0.001452276573,0.00320634812,0.005338939878,0.007236812822,0.0002211271016,0.0002048519637,0.0001702870755,0.0001304159634,0.00461104538,0.0004138007714,0.001031016189,0.002145287631,0.003351132301,0.004283415327,7.356965702e-07,2.08825245e-06,4.486240594e-06,7.096645738e-06,0.008740412976,0.0007578483447,0.004332194237,0.01620571321,0.03729101398,0.06072719928,1.847610245e-09,1.157959443e-08,4.98860726e-08,1.37714495e-07,0.004611427037,0.0002124698269,0.0021541877,0.0123419691,0.03759960218,0.07510912655,1.107350088e-08,8.16892704e-08,4.316744258e-07,1.49256553e-06,0.01179658902,0.00207602331,0.01394213358,0.05702218559,0.1407807786,0.2483977622,9.227475824e-09,8.243646627e-08,5.275541555e-07,2.176726526e-06,0.01595833398,0.004082413765,0.0241170473,0.08756422456,0.1965194921,0.3232335566,5.681234013e-09,6.464259247e-08,5.268731688e-07,2.717706592e-06,0.02090316573,0.007362022491,0.03698785275,0.1155423532,0.2274834152,0.3386234759,5.358171249e-10,9.916486235e-09,1.261542876e-07,9.46208578e-07,0.02175680304,0.007596866972,0.03642368122,0.1041067762,0.1797205454,0.2343856369,2.985128068e-12,1.526810908e-10,4.590776369e-09,6.629864354e-08,0.02230046766,0.006088635796,0.03610725593,0.1056875805,0.1581937782,0.1618051161,1.122824248e-10,4.305883986e-09,9.707143803e-08,1.074630414e-06,0.04896980327,0.02506659971,0.1016463243,0.2090423206,0.2313204914,0.1752703275,2.304842783e-09,6.636508215e-08,1.123353812e-06,9.545644643e-06,0.0869551935,0.06347296669,0.1897853285,0.29412664,0.2528406526,0.1482988138,2.147860174e-10,1.18439745e-08,3.413014414e-07,4.269089889e-06,0.1044239961,0.07668809872,0.194842388,0.2275031243,0.1298396609,0.04654673271
47,0.03063189381,0.03580836033,0.03756111016,0.03565576258,0.1486898978,0.08041845936,0.1201420575,0.1554701486,0.171828376,0.1670618796,0.0459373412,0.05440480281,0.05781653009,0.05554803303,0.1750599004,0.1022087639,0.1613140265,0.2196673786,0.2564913172,0.2622911621,0.0007358784738,0.000973873081,0.001156490373,0.001231045074,0.02293690501,0.007406765455,0.0186615482,0.03923435716,0.06598406072,0.09325373735,0.0004906977782,0.0006409874937,0.0007513260001,0.0007901963126,0.01948182339,0.005827686823,0.01389858555,0.02776821655,0.04420396808,0.05939637657,0.0133064664,0.01109302793,0.008298142122,0.005765580625,0.03493282573,0.005831460562,0.009317194387,0.01283282103,0.01422191317,0.01341486051,0.02068156767,0.01748763582,0.01326850961,0.009340513164,0.04172489703,0.007570034907,0.01283968345,0.01869332024,0.02199311707,0.02191685856,0.0003527847329,0.0003319154755,0.0002802132187,0.0002176909416,0.005579634207,0.0005500472264,0.001462778637,0.003233563162,0.005391493753,0.00731707664,0.0002269807718,0.0002105457637,0.0001752456894,0.0001343732034,0.004671368973,0.0004237204646,0.001061474215,0.002219816321,0.00348642513,0.00447863284,7.756648208e-07,2.205562538e-06,4.746570668e-06,7.520608655e-06,0.008887954969,0.0007830091335,0.004509625402,0.01698700134,0.03941176264,0.06468629673,1.983928475e-09,1.24632991e-08,5.381991436e-08,1.488979061e-07,0.004706459595,0.0002220708533,0.002274432346,0.01315391946,0.04053959494,0.08189435687,1.176308193e-08,8.695861294e-08,4.604848178e-07,1.595268187e-06,0.01200610827,0.002152521264,0.01458637235,0.06015697275,0.1500118833,0.2672395823,9.824208247e-09,8.795193932e-08,5.640329953e-07,2.331753476e-06,0.01625783466,0.004242758357,0.02529054833,0.09259443273,0.2099153638,0.3486330171,6.065872535e-09,6.916410731e-08,5.649103115e-07,2.919559215e-06,0.02132207905,0.007673824327,0.03890242439,0.1225413939,0.2437376371,0.3664015541,5.829918213e-10,1.08150294e-08,1.379100529e-07,1.036635407e-06,0.02232901923,0.008049945106,0.03898858074,0.1124899797,0.196566317,0.2594028711,3.397357255e-12,1.743471197e-10,5.259772172e-09,7.619475464e-08,0.02311670759,0.006681967049,0.04020282325,0.1192656418,0.1819270477,0.1896168294,1.288582482e-10,4.958085786e-09,1.121487528e-07,1.245379603e-06,0.05091926061,0.02775104071,0.1141703339,0.2379716073,0.2684811941,0.2073921259,2.663142716e-09,7.693855795e-08,1.306689018e-06,1.113782978e-05,0.09064481842,0.07077337252,0.2146947778,0.3372271615,0.2956655545,0.176866111,2.584550416e-10,1.431032012e-08,4.14059631e-07,5.198721766e-06,0.1097509278,0.08845169135,0.2287547366,0.2715387983,0.1590169601,0.05851474082
48,0.03119041936,0.03649622257,0.03831933966,0.03640771578,0.1500884412,0.08184842329,0.12277287,0.1594710789,0.1769634791,0.1726943168,0.04660972905,0.05520437065,0.05866968352,0.05637076711,0.1756907526,0.102319212,0.1615282863,0.2200096615,0.2569545559,0.2628246424,0.000752372878,0.0009959976983,0.001183114933,0.001259731215,0.02308954184,0.007447327873,0.0187872266,0.03954448013,0.0665888969,0.0942168329,0.0005034748336,0.0006584651405,0.000772736109,0.0008136120612,0.01972484772,0.005957356708,0.01427961493,0.0286632908,0.04585948212,0.06190710063,0.01355916675,0.01131518533,0.008472932364,0.005892550042,0.03527860132,0.005941488934,0.009533711085,0.01318332843,0.0146730694,0.01389500186,0.02099333743,0.01775192094,0.01346953556,0.009482354562,0.04187438628,0.007575238266,0.01285053066,0.01871184627,0.0220183795,0.02194520832,0.0003607418866,0.0003394923387,0.0002866861955,0.0002227744129,0.005615991992,0.0005527490944,0.001471614163,0.003256485745,0.005435813227,0.007384841041,0.0002329957973,0.0002163945381,0.0001803382703,0.0001384370693,0.004731396924,0.0004335378653,0.00109177937,0.002294339129,0.003622431195,0.004675844424,8.177673112e-07,2.329115648e-06,5.020739088e-06,7.967125134e-06,0.00903390824,0.0008074447448,0.004683197429,0.01775646245,0.04151714203,0.06864672431,2.130174273e-09,1.341175543e-08,5.804423523e-08,1.609140816e-07,0.00480080878,0.0002315000886,0.002393690407,0.01396658112,0.04351536999,0.08883717788,1.249242534e-08,9.253281563e-08,4.909712056e-07,1.703985833e-06,0.01221204991,0.002226203306,0.01521376799,0.06323904345,0.1591849174,0.2861502946,1.045542823e-08,9.378798778e-08,6.02648169e-07,2.495936501e-06,0.01655206178,0.004397638791,0.02643635799,0.09755242752,0.2232606275,0.3741912727,6.472885337e-09,7.395081118e-08,6.052003923e-07,3.133491748e-06,0.02173342135,0.007976052733,0.04077790915,0.1294615884,0.2599819143,0.3944442963,6.337695307e-10,1.178311404e-08,1.505884919e-07,1.134256472e-06,0.02289588947,0.008500641415,0.04156536216,0.1209895782,0.2138490415,0.2853654786,3.859452812e-12,1.986848593e-10,6.012878222e-09,8.735765999e-08,0.02393096921,0.00729246645,0.04447677424,0.1336216396,0.2074856717,0.220120065,1.475357946e-10,5.694619257e-09,1.292143009e-07,1.439058087e-06,0.05286594942,0.03053630049,0.1273494415,0.2688150893,0.3088533756,0.2429502299,3.068680882e-09,8.893379143e-08,1.515166937e-06,1.295237058e-05,0.09433302221,0.07839976712,0.2410865584,0.3834941964,0.3425264978,0.2087292521,3.097959118e-10,1.721900689e-08,5.001378443e-07,6.301778945e-06,0.115111698,0.1011490407,0.2659980837,0.3206823326,0.1924036179,0.07256064184
49,0.03175959666,0.03719676887,0.03909118644,0.03717292724,0.1514764056,0.08325943826,0.1253791587,0.1634493685,0.1820898695,0.1783377861,0.04728851702,0.05600952457,0.05952665454,0.05719528991,0.1762846817,0.1023595505,0.1616065521,0.2201347113,0.2571238238,0.2630196056,0.0007691705583,0.001018483188,0.001210120098,0.001288775535,0.02323596468,0.007480842536,0.01889118661,0.03980128242,0.06709031234,0.09501608569,0.0005165851719,0.0006763900251,0.0007946865273,0.0008376137136,0.01996600258,0.006084930468,0.01465634316,0.02955233385,0.04751199651,0.06442469689,0.01381690852,0.0115416505,0.008651040668,0.006021896803,0.03562207814,0.006050276569,0.0097486909,0.01353271327,0.01512468229,0.01437749665,0.02130815167,0.01801810035,0.01367148281,0.009624509214,0.04201466054,0.007575030333,0.01285009709,0.01871110564,0.02201736941,0.0219440745,0.0003688450391,0.0003471919829,0.0002932505445,0.0002279200789,0.005650792804,0.0005549151184,0.001478704543,0.003274898011,0.005471448207,0.007439377402,0.0002391712919,0.0002223968369,0.0001855630748,0.0001426058372,0.004791017713,0.0004432180191,0.001121815145,0.002368553554,0.003758574161,0.004874191604,8.62073956e-07,2.459094429e-06,5.309103355e-06,8.436708608e-06,0.009177885328,0.0008309775024,0.004851497654,0.01850728219,0.04358694985,0.0725681261,2.286910987e-09,1.442847598e-08,6.25741039e-08,1.738045017e-07,0.00489420756,0.0002406767426,0.002510827447,0.01477164234,0.04649450571,0.09585901695,1.326281749e-08,9.842070531e-08,5.231766866e-07,1.818856091e-06,0.01241374631,0.002296393687,0.01581798615,0.06623497393,0.1681930507,0.3048980012,1.112211696e-08,9.995269663e-08,6.434470341e-07,2.669454314e-06,0.01684000637,0.004545592768,0.02754263439,0.1023834148,0.2363975375,0.3995913406,6.902804436e-09,7.900821725e-08,6.477839534e-07,3.359692564e-06,0.02213568777,0.008265754507,0.04259438226,0.1362247374,0.2760208926,0.422399403,6.883067407e-10,1.282364411e-08,1.642267388e-07,1.239352293e-06,0.02345525356,0.008944490652,0.04412669698,0.1295112841,0.231370001,0.3119711497,4.375710709e-12,2.259249287e-10,6.857381372e-09,9.989763535e-08,0.02473946327,0.007913006129,0.04887897947,0.1485911751,0.2346003495,0.2530400971,1.684966695e-10,6.522815992e-09,1.484422508e-07,1.657691054e-06,0.05480000354,0.03338947308,0.1410301554,0.3012284336,0.3520362507,0.281658607,3.525580149e-09,1.024760049e-07,1.751025121e-06,1.500926666e-05,0.09799993046,0.086261943,0.2686576817,0.4324266479,0.3929866611,0.2436607578,3.69801663e-10,2.062816868e-08,6.01314517e-07,7.601767435e-06,0.1204745008,0.1146458005,0.3062352209,0.3745826082,0.2298915593,0.08871113322
50,0.03233913646,0.03790958236,0.03987612773,0.03795082359,0.1528515329,0.08464746528,0.1279528749,0.1673920065,0.1871899255,0.1839721751,0.0479730212,0.05681932009,0.06038629618,0.05802037216,0.1768399639,0.1023282088,0.16154574,0.220037546,0.2569922978,0.2628681089,0.0007862587942,0.001041308079,0.001237474781,0.001318139362,0.02337576329,0.0075070322,0.01897249927,0.04000231168,0.06748318804,0.09564285323,0.0005300256228,0.0006947558383,0.0008171672308,0.0008621880989,0.02020482911,0.006209932287,0.01502723517,0.03043147562,0.04915389703,0.06693708041,0.01407957041,0.01177229746,0.008832353606,0.006153529438,0.03596269936,0.006157513111,0.009961473708,0.01387984285,0.01557521931,0.0148606551,0.02162569109,0.01828585834,0.01387407713,0.009766761557,0.04214529835,0.007569299812,0.01283815095,0.01869070287,0.02198954807,0.02191285306,0.0003770879637,0.0003550069318,0.000299898569,0.0002331209536,0.005683936862,0.0005565256183,0.001483980547,0.003288608631,0.005498004345,0.007480048471,0.0002455059825,0.0002285507808,0.0001909179387,0.0001468774109,0.004850119006,0.0004527253347,0.001151461239,0.002442143097,0.003894242081,0.005072749777,9.086519977e-07,2.595669778e-06,5.611986125e-06,8.929802407e-06,0.009319496039,0.0008534288251,0.005013084788,0.0192324089,0.04559991508,0.07640727475,2.454710835e-09,1.55169868e-08,6.742445119e-08,1.876097294e-07,0.004986384242,0.0002495177062,0.002624651558,0.01556018882,0.04944127872,0.1028708073,1.407546352e-08,1.046302654e-07,5.571385097e-07,1.939991597e-06,0.01261052893,0.002362418003,0.01639257903,0.06911011427,0.1769230821,0.3232315411,1.182515706e-08,1.064530028e-07,6.864677603e-07,2.852440208e-06,0.0171206572,0.004685153562,0.02859726363,0.1070303042,0.2491580327,0.4244878692,7.356074889e-09,8.434061738e-08,6.926895564e-07,3.598277946e-06,0.02252736807,0.008539948794,0.04433133266,0.1427488411,0.2916449949,0.449880115,7.46748774e-10,1.393926269e-08,1.788578745e-07,1.3521676e-06,0.02400490267,0.009376768765,0.04664300959,0.137950746,0.2489022612,0.3388627534,4.950446841e-12,2.562976051e-10,7.800515283e-09,1.139235918e-07,0.02553823245,0.008535378131,0.05334915732,0.1639670599,0.2629025171,0.2879553711,1.919203604e-10,7.449882979e-09,1.700029466e-07,1.903250634e-06,0.05671107174,0.03627171323,0.1550224753,0.3347625078,0.3974536842,0.323042636,4.037866625e-09,1.176869091e-07,2.016429032e-06,1.732780333e-05,0.1016246083,0.09425105288,0.2970232349,0.4833500673,0.4463879202,0.2812514588,4.395013713e-10,2.459796366e-08,7.194279019e-07,9.122963942e-06,0.1258052036,0.1287561411,0.3489449797,0.432605474,0.2711392332,0.1068790787
51,0.03292872264,0.03863421009,0.04067359762,0.03874078527,0.1542115757,0.08600844919,0.130485849,0.1712856541,0.1922453851,0.1895764273,0.04866253309,0.05763278477,0.06124743355,0.05884475977,0.1773549821,0.1022239312,0.1613434436,0.2197143651,0.2565548981,0.2623643694,0.0008036237605,0.00106444932,0.001265145883,0.001347781767,0.02350854492,0.00752565573,0.0190303604,0.0401454525,0.06776312249,0.09608972247,0.0005437921586,0.0007135549467,0.0008401663806,0.0008873198603,0.02044086786,0.00633188306,0.01539072601,0.03129672513,0.05077723199,0.0694314793,0.01434701851,0.01200698811,0.009016747339,0.006287348288,0.03629990954,0.0062628857,0.0101713863,0.01422354955,0.01602308204,0.01534269505,0.0219456244,0.0185548695,0.01407703739,0.009908891514,0.04226590518,0.007557960289,0.01281451819,0.01865035026,0.02193453731,0.0218511342,0.0003854638942,0.0003629291622,0.00030662208,0.0002383696491,0.005715328828,0.0005575637149,0.001487383207,0.003297455506,0.005515149222,0.007506319203,0.0002519981898,0.0002348540438,0.0001964002614,0.0001512493101,0.004908588105,0.0004620238376,0.001180594459,0.002514779675,0.004028792,0.005270534947,9.575653635e-07,2.738998685e-06,5.929669829e-06,9.44677014e-06,0.009458349597,0.0008746216513,0.005166510433,0.01992466599,0.04753405643,0.08011882428,2.634151721e-09,1.668080099e-08,7.260992613e-08,2.023689309e-07,0.005077064053,0.0002579388431,0.002733933336,0.01632285927,0.05231729553,0.1097745208,1.493147093e-08,1.111684923e-07,5.928871918e-07,2.067476522e-06,0.01280173279,0.002423614573,0.01693110327,0.07182925729,0.1852577285,0.3408856834,1.256531619e-08,1.132945246e-07,7.31738072e-07,3.044976204e-06,0.0173930078,0.004814875405,0.02958808547,0.1114348259,0.2613671616,0.4485142957,7.833042394e-09,8.995092046e-08,7.399322847e-07,3.849283437e-06,0.02290695782,0.008795680209,0.04596805362,0.148949728,0.3066347274,0.4764732371,8.092268176e-10,1.513228857e-08,1.945100032e-07,1.472903539e-06,0.02454259601,0.00979257446,0.04908300421,0.1461954115,0.2661945694,0.3656339106,5.587921873e-12,2.900283247e-10,8.8493037e-09,1.295405024e-07,0.02632318561,0.009150434576,0.05781775853,0.1795015746,0.2919251901,0.3242925085,2.179800926e-10,8.482720833e-09,1.940582514e-07,2.177598195e-06,0.05858841346,0.03913885634,0.1691022829,0.3688668189,0.4443521712,0.3664287005,4.609358002e-09,1.346810734e-07,2.313403002e-06,1.992590075e-05,0.1051852632,0.1022412034,0.3257203668,0.5354195887,0.501844694,0.3208972845,5.199367788e-10,2.918911575e-08,8.563287775e-07,1.088975922e-05,0.131067692,0.1432430146,0.3934157297,0.4938130037,0.3155399838,0.1268400995
52,0.03352801182,0.03937016287,0.04148298691,0.03954214665,0.1555543052,0.08733834326,0.1329698439,0.1751167348,0.1972374712,0.1951286878,0.04935632098,0.05844892061,0.06210886722,0.05966717793,0.1778282335,0.102045789,0.1609979609,0.219162598,0.2558083621,0.2615048589,0.0008212505286,0.001087882305,0.001293098361,0.001377659668,0.02363393634,0.007536510785,0.01906410086,0.04022895665,0.06792650123,0.09635063696,0.0005578798599,0.0007327783488,0.000863670274,0.0009129914056,0.02067366061,0.006450304052,0.01574523368,0.03214400449,0.05237378176,0.07189454698,0.01461910606,0.01224557211,0.009204087554,0.006423245494,0.03663315664,0.006366080868,0.01037774668,0.0145626385,0.01646661679,0.0158217537,0.02226760906,0.01882479952,0.01428007634,0.01005067523,0.04237611521,0.00754095111,0.01277908451,0.01858987195,0.0218521256,0.0217587097,0.0003939655266,0.0003709501129,0.000313412412,0.0002436583939,0.005744878309,0.0005580155236,0.001488864587,0.00330130816,0.005522617779,0.007517766286,0.0002586458116,0.0002413038372,0.0002020069929,0.0001557186602,0.004966312412,0.0004710774406,0.001209089705,0.002586126331,0.00416155537,0.005466511949,1.008873991e-06,2.889222006e-06,6.262391219e-06,9.987886038e-06,0.009594056902,0.000894382982,0.005310342235,0.02057687599,0.04936709098,0.08365619865,2.825813631e-09,1.792338941e-08,7.81447388e-08,2.181193579e-07,0.005165970828,0.0002658564013,0.002837428556,0.01705002937,0.05508228641,0.1164652405,1.583183252e-08,1.180412493e-07,6.304456289e-07,2.201363105e-06,0.01298670099,0.002479346258,0.01742724653,0.07435737911,0.1930782622,0.3575873768,1.334323031e-08,1.204813901e-07,7.792740024e-07,3.247087309e-06,0.01765606372,0.00493336007,0.03050313768,0.1155387786,0.2728470715,0.4712915697,8.333940908e-09,9.5840493e-08,7.89512284e-07,4.112655506e-06,0.02327296982,0.009030075053,0.04748406985,0.1547428954,0.3207657631,0.5017490792,8.758548118e-10,1.64046503e-08,2.112052998e-07,1.601709679e-06,0.02506607869,0.01018692308,0.05141430037,0.1541268934,0.2829767325,0.3918375862,6.292254433e-12,3.273325151e-10,1.001038122e-08,1.468464695e-07,0.02709013626,0.009748285701,0.06220742668,0.1949112729,0.3211100612,0.3613309641,2.468381067e-10,9.627717347e-09,2.207562734e-07,2.482419095e-06,0.06042100762,0.04194236931,0.183015876,0.4028993834,0.4918101508,0.4109464165,5.243537254e-09,1.535618266e-07,2.643752394e-06,2.281938107e-05,0.1086594782,0.1100921188,0.3542172163,0.5876337511,0.5582523565,0.3617983744,6.121328937e-10,3.446108177e-08,1.01382103e-06,1.292583273e-05,0.1362242821,0.1578217259,0.4387511451,0.5569620625,0.3622064936,0.1482167253
53,0.03413663317,0.04011691517,0.0423036434,0.0403541965,0.1568775197,0.0886331348,0.1353966105,0.1788715308,0.2021470299,0.2006064674,0.05005363145,0.05926670667,0.06296937695,0.06048633555,0.1782583359,0.1017931893,0.1605083152,0.2183809409,0.2547512987,0.26028837,0.0008391230749,0.001111580906,0.001321295301,0.001407727947,0.02375158579,0.007539436137,0.01907319546,0.04025146906,0.06797055656,0.09642100586,0.0005722828847,0.0007524156383,0.0008876633046,0.0009391828694,0.02090275245,0.006564720725,0.01608917278,0.03296918612,0.05393513675,0.07431249185,0.01489567335,0.01248788679,0.009394229461,0.006561105023,0.03696189404,0.00646678652,0.01057986871,0.01489589607,0.01690412657,0.01629590129,0.02259129191,0.01909530606,0.01448290153,0.01019188585,0.04247559305,0.007518238045,0.012731797,0.01850920669,0.02174227219,0.0216355778,0.0004025850228,0.0003790606979,0.0003202604425,0.0002489790554,0.005772500341,0.0005578703181,0.001488388446,0.003300069756,0.005520216888,0.007514086105,0.0002654463064,0.0002478968951,0.0002077346227,0.0001602821847,0.005023179916,0.0004798502298,0.001236821036,0.002655840248,0.004291844207,0.005659604128,1.062633129e-06,3.046462193e-06,6.610335882e-06,1.055332539e-05,0.00972623287,0.0009125464908,0.005443188151,0.02118199336,0.05107688311,0.08697259433,3.030274602e-09,1.924814853e-08,8.404249078e-08,2.348957959e-07,0.00525282879,0.0002731885092,0.002933903007,0.01773201984,0.05769504337,0.1228337331,1.677740901e-08,1.252531191e-07,6.698282149e-07,2.341668275e-06,0.01316478938,0.002529012427,0.01787495912,0.07666043006,0.2002674207,0.3730628764,1.415938686e-08,1.280160675e-07,8.290786795e-07,3.458736004e-06,0.01790884998,0.005039283964,0.03133091193,0.119285372,0.2834214434,0.4924381914,8.858880485e-09,1.02009005e-07,8.41413374e-07,4.38824373e-06,0.02362394609,0.009240399102,0.04885958905,0.1600455088,0.3338146544,0.5252730331,9.467262458e-10,1.775781894e-08,2.289590467e-07,1.738675993e-06,0.02557310075,0.01055485043,0.05360416148,0.1616237837,0.298966377,0.4169976065,7.067323316e-12,3.684098083e-10,1.128979369e-08,1.659294719e-07,0.02783484494,0.01031855234,0.06643502561,0.2098843957,0.3498213728,0.398218765,2.786404211e-10,1.089051944e-08,2.502255592e-07,2.819151076e-06,0.06219767309,0.0446306208,0.1964866688,0.436143354,0.538759932,0.4555458074,5.943413811e-09,1.744167669e-07,3.008978552e-06,2.602116922e-05,0.1120244706,0.1176528591,0.3819269333,0.63885999,0.6143122233,0.4029731462,7.170626199e-10,4.046985007e-08,1.193590375e-06,1.525316328e-05,0.1412361963,0.1721671022,0.4838900804,0.6205263266,0.4099767408,0.1704740078
54,0.03475418824,0.04087390528,0.04313487232,0.04117617866,0.1581790524,0.08988887151,0.1377579467,0.1825362862,0.2069546818,0.2059868244,0.05075369117,0.06008510199,0.06382772573,0.06130093004,0.1786440343,0.1014658825,0.1598742695,0.2173693807,0.2533842217,0.2587160557,0.0008572242969,0.001135517527,0.001349698016,0.001437939591,0.0238611649,0.0075343136,0.01905727023,0.04021204901,0.06789341588,0.09629779158,0.000586994441,0.000772454973,0.0009121279339,0.0009658720913,0.02112769378,0.006674666697,0.01642096896,0.03376813268,0.05545278307,0.07667122257,0.01517654754,0.01273375714,0.009587017853,0.006700802766,0.03728558257,0.006564693993,0.01077706696,0.01522209885,0.01733388427,0.01676315633,0.02291631006,0.01936603978,0.01468521628,0.01033229442,0.04256403528,0.00748981373,0.01267266505,0.01840840957,0.0216051093,0.02148194554,0.0004113140192,0.0003872513241,0.0003271566166,0.0002543231657,0.00579811585,0.0005571206643,0.001485930767,0.003293678688,0.005507828928,0.007495100913,0.0002723966796,0.0002546294632,0.0002135791714,0.0001649361994,0.005079079693,0.0004883067604,0.001263662798,0.002723576005,0.004418957938,0.00584870435,1.118892615e-06,3.210821002e-06,6.973632799e-06,1.114315526e-05,0.009854498827,0.0009289551396,0.005563721233,0.02173324243,0.05264192104,0.09002206762,3.248106262e-09,2.065836562e-08,9.031599452e-08,2.527299849e-07,0.005337364408,0.0002798567198,0.003022158784,0.0183593224,0.06011447404,0.1287694452,1.77689114e-08,1.32807257e-07,7.11039982e-07,2.488370411e-06,0.01333537137,0.002572060726,0.01826858682,0.07870615054,0.2067124879,0.3870454956,1.501410812e-08,1.358992003e-07,8.811411694e-07,3.679817093e-06,0.0181504187,0.00513142495,0.03206061352,0.1226206201,0.292920222,0.5115812109,9.407835554e-09,1.084542845e-07,8.956017628e-07,4.675793697e-06,0.02395846981,0.009424115262,0.05007596352,0.1647784916,0.3455649754,0.5466183742,1.021910915e-09,1.919274082e-08,2.477786816e-07,1.88382502e-06,0.02606143694,0.01089152363,0.05562029467,0.1685648313,0.3138768898,0.4406227914,7.916659896e-12,4.134377198e-10,1.269278147e-08,1.868638528e-07,0.02855306475,0.0108506654,0.07041418217,0.2240907565,0.3773665578,0.4339998842,3.135111722e-10,1.227578809e-08,2.825688871e-07,3.18890802e-06,0.06390719906,0.0471504359,0.2092239108,0.4678301982,0.5840225132,0.4990305689,6.711375361e-09,1.973129892e-07,3.410188773e-06,2.954044988e-05,0.1152573743,0.124766499,0.4082265419,0.6878716598,0.6685738104,0.4432887951,8.356058557e-10,4.726540207e-08,1.397122347e-06,1.789089255e-05,0.1460640948,0.1859242669,0.5276412694,0.6827440756,0.4574453861,0.1929298364
55,0.03538025102,0.04164053563,0.04397593706,0.0420072932,0.1594567801,0.09110168836,0.1400457581,0.1860973155,0.2116409816,0.2112465617,0.05145570881,0.06090304868,0.06468266404,0.06210965227,0.1789842069,0.1010639659,0.159096333,0.2161292047,0.2517095608,0.256791438,0.0008755360369,0.00115966316,0.001378266158,0.001468245857,0.02396237047,0.007521069528,0.01901610801,0.04011018607,0.0676941375,0.0959795739,0.0006020067641,0.0007928830522,0.0009370446739,0.0009930346082,0.02134804241,0.006779687759,0.01673907381,0.03453673908,0.05691819437,0.07895650706,0.0154615427,0.01298299586,0.009782287232,0.006842206673,0.03760369264,0.00665950016,0.01096866177,0.01554002333,0.01775414686,0.01722150246,0.02324229178,0.01963664535,0.01488672075,0.01047167069,0.04264117194,0.007455697881,0.01260176067,0.0182876523,0.02144094217,0.02129822826,0.000420143639,0.0003955119134,0.0003340909752,0.000259681952,0.005821652092,0.0005557625197,0.001481480138,0.003282109728,0.005485414272,0.007460763044,0.0002794934714,0.0002614972895,0.000219536185,0.0001696766101,0.005133902423,0.0004964123611,0.001289490808,0.002788989035,0.004542190814,0.006032687203,1.17769614e-06,3.382377193e-06,7.352349038e-06,1.175732555e-05,0.009978484954,0.0009434637384,0.005670704257,0.02222425662,0.05404180629,0.09276067099,3.479868965e-09,2.21571815e-08,9.697708322e-08,2.716500176e-07,0.005419308306,0.0002857875587,0.003101061228,0.01892283627,0.06230073458,0.1341638147,1.880688336e-08,1.407052483e-07,7.54075782e-07,2.641406322e-06,0.01349784264,0.002607998311,0.01860300042,0.0804648834,0.2123084334,0.3992836766,1.590753499e-08,1.441294502e-07,9.354354041e-07,3.910153036e-06,0.01837985667,0.005208688088,0.03268241606,0.1254947353,0.3011844583,0.5283677441,9.980633896e-09,1.151721839e-07,9.520249028e-07,4.974940866e-06,0.0242751775,0.009578939282,0.05111614615,0.1688686326,0.3558136556,0.5653797654,1.101451702e-09,2.070977173e-08,2.676628783e-07,2.037104382e-06,0.02652890721,0.01119235531,0.05743169436,0.1748323693,0.3274262471,0.4622231725,8.843332546e-12,4.625649141e-10,1.422355044e-08,2.097066317e-07,0.0292405894,0.0113342011,0.07405824829,0.2371937405,0.4030230136,0.4676527109,3.51546666e-10,1.378694257e-08,3.178568295e-07,3.592401343e-06,0.06553848295,0.04944887569,0.2209331006,0.4971686296,0.6263543697,0.5401070273,7.549034463e-09,2.222921758e-07,3.848004249e-06,3.338180983e-05,0.1183355387,0.1312755879,0.4324799635,0.7333953829,0.7194934218,0.4815081177,9.685039418e-10,5.488889638e-08,1.62561166e-06,2.085407295e-05,0.1506686525,0.1987226836,0.5687321411,0.7416915756,0.5030220389,0.214781821
56,0.03601436812,0.0424161734,0.04482606018,0.04284669769,0.1607086316,0.09226783454,0.1422521195,0.189541115,0.2161865877,0.2163624376,0.05215887717,0.06171947532,0.06553293437,0.06291119184,0.1792778699,0.1005878841,0.1581757616,0.2146629971,0.2497316502,0.254520387,0.0008940391137,0.001183987464,0.001406957849,0.001498596456,0.02405492617,0.007499675845,0.01894965216,0.03994581038,0.06737273285,0.09546658832,0.0006173110983,0.000813685102,0.0009623920827,0.001020643663,0.02156336568,0.00687934592,0.01704198011,0.03527097609,0.05832292866,0.08115414251,0.01575045974,0.01323540352,0.009979862,0.006985176955,0.03791570638,0.006750909564,0.01115398448,0.01584845585,0.01816317044,0.01766890656,0.02356885753,0.01990676266,0.01508711302,0.01060978415,0.04270676779,0.007415937267,0.01251921827,0.01814722238,0.0212502471,0.02108504651,0.0004290645072,0.0004038319285,0.0003410531876,0.0002650463701,0.005843043058,0.0005537952969,0.001475037986,0.003265374666,0.005453012621,0.007411157025,0.0002867327463,0.0002684956173,0.0002256007324,0.0001744989125,0.005187540908,0.0005041334402,0.001314183557,0.002851739244,0.004660839809,0.0062104222,1.239080508e-06,3.561184283e-06,7.746484641e-06,1.23956607e-05,0.01009783272,0.0009559413864,0.005763013527,0.02264921454,0.05525773947,0.09514759735,3.726106539e-09,2.374755109e-08,1.040364133e-07,2.91679725e-07,0.005498397203,0.0002909140303,0.003169565626,0.01941410649,0.06421639681,0.1389137574,1.989168392e-08,1.489469713e-07,7.989195225e-07,2.80066852e-06,0.01365162584,0.002636402201,0.0188737177,0.08191035247,0.21696098,0.4095490256,1.683961149e-08,1.527033523e-07,9.919192189e-07,4.149489915e-06,0.01859629282,0.005270129471,0.03318770251,0.1278634716,0.3080710657,0.5424764946,1.057694656e-08,1.221564624e-07,1.01061052e-06,5.285205581e-06,0.02457277084,0.009702891691,0.0519651241,0.1722506243,0.3643772355,0.5811868486,1.185361456e-09,2.230861416e-08,2.886006875e-07,2.198379929e-06,0.02697339731,0.01145311735,0.05900949782,0.1803158527,0.3393463504,0.4813275642,9.84982545e-12,5.159042155e-10,1.588503646e-08,2.344937467e-07,0.02989330291,0.01175923706,0.07728354535,0.248863848,0.4260697321,0.498137854,3.928093064e-10,1.542590178e-08,3.56121302e-07,4.029861841e-06,0.06708067344,0.05147516043,0.231327601,0.5233778985,0.6645039882,0.577446642,8.457075157e-09,2.4936573e-07,4.322469573e-06,3.75444012e-05,0.12123684,0.1370281361,0.4540640904,0.7741664372,0.7655063307,0.5163506967,1.116310819e-09,6.336966704e-08,1.879866105e-06,2.415234618e-05,0.1550111689,0.2101927847,0.6058694756,0.7953789454,0.5450146766,0.2351506106
57,0.03665605909,0.04320015128,0.04568442476,0.04369350901,0.1619325959,0.09338370042,0.1443693379,0.1928544779,0.2205724363,0.2213113858,0.05286237544,0.06253330053,0.066377276,0.06370424253,0.1795241829,0.1000384276,0.1571145497,0.212974621,0.2474566942,0.2519110698,0.0009127133625,0.00120845885,0.001435729823,0.001528939754,0.02413858406,0.00747015059,0.0188580083,0.03971929693,0.06693017449,0.09476073769,0.0006328976833,0.0008348448695,0.0009881467731,0.001048670234,0.02177324255,0.006973223403,0.01732823712,0.03596693462,0.05965872814,0.08325013346,0.01604308658,0.01349076876,0.01017955672,0.007129566345,0.03822111972,0.006838636555,0.01133238277,0.01614620297,0.01855922602,0.01810333802,0.02389562101,0.020176028,0.01528609026,0.01074640497,0.04276062351,0.007370605449,0.01242523374,0.01798752086,0.02103366735,0.02084322019,0.0004380667717,0.0004122004043,0.0003480325889,0.0002704071416,0.005862229854,0.000551221891,0.001466618652,0.003243522459,0.005410743134,0.007346499507,0.0002941100859,0.0002756191822,0.0002317674055,0.0001793981952,0.005239890599,0.0005114377916,0.001337623444,0.002911494718,0.004774212843,0.006380787742,1.303074894e-06,3.747268342e-06,8.155967827e-06,1.305785209e-05,0.01021219734,0.0009662737284,0.005839661132,0.02300296869,0.05627298526,0.09714628835,3.987340661e-09,2.543220221e-08,1.11503262e-07,3.128380568e-07,0.005574375867,0.0002951770356,0.003226742721,0.01982555501,0.06582759984,0.1429251679,2.102347063e-08,1.575304679e-07,8.455434777e-07,2.966002856e-06,0.01379617521,0.002656928407,0.01907701341,0.08302037692,0.2205894689,0.4176439375,1.781007028e-08,1.616151837e-07,1.050533528e-06,4.397494153e-06,0.01879890559,0.005314977383,0.03356928332,0.1296893608,0.3134572785,0.5536287308,1.119627897e-08,1.293986875e-07,1.071265853e-06,5.605989457e-06,0.02485002838,0.009794344176,0.05261031388,0.1748689521,0.3710977617,0.5937172615,1.273620036e-09,2.398825941e-08,3.105707631e-07,2.367429711e-06,0.02739287947,0.0116700498,0.060327818,0.184915354,0.3493924257,0.4975015949,1.093791482e-11,5.735255578e-10,1.767867094e-08,2.612363534e-07,0.03050723016,0.01211671193,0.08001271915,0.2587930229,0.4458219062,0.5244523391,4.373215998e-10,1.719283193e-08,3.973493481e-07,4.500965249e-06,0.06852331578,0.0531826368,0.2401408125,0.5457235151,0.6972747112,0.6097581398,9.435105608e-09,2.785101584e-07,4.832967921e-06,4.202116609e-05,0.123939997,0.1418838042,0.4723964262,0.8089888945,0.8051080871,0.5465645884,1.279342744e-09,7.272215792e-08,2.16020917e-06,2.778861359e-05,0.159054197,0.2199841745,0.637808088,0.8418624081,0.5817330017,0.2531371495
58,0.03730481693,0.04399176851,0.04655017599,0.04454680529,0.1631267309,0.09444584392,0.1463900144,0.1960246086,0.2247799195,0.226070743,0.05356537171,0.06334343674,0.06721442997,0.06448750795,0.1797224524,0.09941672745,0.1559154162,0.2110691869,0.2448927111,0.2489738693,0.0009315376823,0.001233044578,0.001464537599,0.001559222997,0.02421312605,0.007432557971,0.01874144409,0.03943146378,0.06636838946,0.09386557628,0.0006487557463,0.0008563446258,0.001014283436,0.001077083073,0.02197726576,0.007060926547,0.01759646567,0.03662086999,0.06091762051,0.08523087435,0.0163391983,0.01374886854,0.01038117646,0.007275220409,0.03851944453,0.006922407401,0.01150322591,0.01643210188,0.01894061574,0.01852278878,0.02422219038,0.02044407534,0.01548334995,0.01088130498,0.04280257661,0.007319802277,0.01232006289,0.0178090589,0.02079200702,0.02057376005,0.000447140126,0.0004206059822,0.000355018221,0.0002757547948,0.005879161037,0.0005480486669,0.001456249303,0.003216638855,0.005358803331,0.007267136997,0.0003016205831,0.0002828622113,0.0002380303234,0.0001843691464,0.005290850117,0.0005182948944,0.001359697986,0.002967935458,0.004881637191,0.006542685601,1.369700114e-06,3.940625903e-06,8.580650571e-06,1.374345138e-05,0.01032125011,0.0009743649688,0.005899814996,0.0232811624,0.05707329925,0.09872546153,4.26406493e-09,2.721359294e-08,1.193853227e-07,3.351384691e-07,0.005646999053,0.0002985266554,0.003271802102,0.02015069497,0.06710513363,0.1461162609,2.220218363e-08,1.664518272e-07,8.93907691e-07,3.137206592e-06,0.01393098098,0.00266931956,0.01921001315,0.08377749209,0.2231293909,0.4234084324,1.881841958e-08,1.70856852e-07,1.111201665e-06,4.65375012e-06,0.0189869299,0.005342650045,0.03382158359,0.1309427922,0.3172446068,0.5615981649,1.183796351e-08,1.368881591e-07,1.133877139e-06,5.936573344e-06,0.02510581659,0.009852058748,0.05304190191,0.1766795494,0.3758480385,0.6027084047,1.36617161e-09,2.574693627e-08,3.335407019e-07,2.543939034e-06,0.02778543273,0.01183996089,0.0613645177,0.1885448509,0.3573520034,0.510365197,1.210854609e-11,6.354491013e-10,1.960415546e-08,2.899173241e-07,0.03107858713,0.01239876954,0.0821780115,0.2667088767,0.46166617,0.5456862611,4.850604633e-10,1.908591117e-08,4.414774409e-07,5.004765119e-06,0.06985649628,0.05453067907,0.2471381655,0.56355308,0.7235894623,0.6358638702,1.048152353e-08,3.096629305e-07,5.378146431e-06,4.679816654e-05,0.126424885,0.1457199342,0.4869625424,0.8367964648,0.8369390563,0.5710029988,1.457628855e-09,8.294294404e-08,2.466386512e-06,3.175777262e-05,0.1627621761,0.2277841416,0.6634224641,0.8793642268,0.6116032575,0.2678890085
59,0.03796010868,0.04479029212,0.04742242302,0.04540562835,0.1642891714,0.09545101624,0.1483071053,0.199039238,0.2287910644,0.2306184796,0.05426702556,0.06414879413,0.06804314416,0.06525970725,0.1798721351,0.098724247,0.1545817825,0.2089530074,0.2420494554,0.2457212761,0.0009504900924,0.001257710871,0.00149333565,0.00158939255,0.02427836512,0.007387007909,0.01860038693,0.03908356412,0.06569023813,0.09278626657,0.0006648734998,0.0008781651797,0.001040774876,0.001105848777,0.02217504388,0.007142089541,0.01784537285,0.03722924554,0.0620920195,0.08708333303,0.01663855737,0.01400946857,0.01058451717,0.007421977925,0.0388102107,0.007001962354,0.01166591006,0.01670503094,0.01930568924,0.01892529381,0.0245481695,0.02071053774,0.01567859114,0.01101425875,0.04283250229,0.007263653159,0.01220401941,0.01761245315,0.02052622301,0.02027785681,0.0004562738379,0.00042903695,0.0003619988769,0.0002810797082,0.005893792911,0.0005442854106,0.001443969683,0.003184845503,0.0052974668,0.007173541418,0.0003092588402,0.0002902184261,0.0002443831396,0.0001894060633,0.005340321777,0.0005246762024,0.00138030102,0.003020757088,0.004982467925,0.006695055611,1.438967916e-06,4.141221997e-06,9.020304671e-06,1.445186496e-05,0.01042468078,0.0009801395859,0.005942816086,0.02348033085,0.05764729991,0.09986001295,4.556738663e-09,2.909386815e-08,1.276885012e-07,3.585883295e-07,0.005716033409,0.0003009232565,0.003304112571,0.02038431913,0.06802540278,0.1484205757,2.342753084e-08,1.757050816e-07,9.439594877e-07,3.314026992e-06,0.01405557357,0.002673410752,0.01927076761,0.08416945069,0.2245344666,0.4267258534,1.986393167e-08,1.80417804e-07,1.173828913e-06,4.917758748e-06,0.01915966383,0.005352769324,0.03394079184,0.1316028869,0.3193620965,0.5662192133,1.250115382e-08,1.446118599e-07,1.198309368e-06,6.276117026e-06,0.0253391004,0.009875218257,0.05325311686,0.1776511467,0.3785359778,0.6079673216,1.462922287e-09,2.758206813e-08,3.574665229e-07,2.727496827e-06,0.02814926246,0.01196031407,0.0621018905,0.1911351465,0.3630529934,0.5196085231,1.336171607e-11,7.016387687e-10,2.165925498e-08,3.204881045e-07,0.03160383002,0.01259906816,0.08372424588,0.2723878539,0.4730938622,0.5610773271,5.359520839e-10,2.11011222e-08,4.883865991e-07,5.539636816e-06,0.07107098291,0.05548641023,0.2521281451,0.5763296961,0.742552334,0.6547739606,1.159340151e-08,3.427190538e-07,5.955856439e-06,5.185406491e-05,0.1286728413,0.1484370422,0.4973414738,0.856709583,0.8598653991,0.5886992916,1.650865264e-09,9.400801283e-08,2.797482099e-06,3.604560294e-05,0.1661020511,0.2333350737,0.6817754647,0.9063898349,0.6332835681,0.2786690072
60,0.03862137626,0.04559495839,0.04830024118,0.04626898631,0.1654181372,0.09639618639,0.1501139815,0.2018867344,0.2325887095,0.2349334296,0.05496649077,0.06494828472,0.06886217856,0.06601958098,0.1799728411,0.09796277129,0.1531177436,0.2066335393,0.2389383198,0.2421677526,0.0009695477959,0.001282423037,0.001522077604,0.001619394153,0.02433414638,0.007333655084,0.01843541975,0.03867727235,0.06489947887,0.0915295095,0.0006812381454,0.0009002859006,0.001067592065,0.001134931861,0.02236620336,0.007216377947,0.01807376595,0.03778877444,0.06317482289,0.08879523118,0.01694091398,0.01427232367,0.01078936618,0.007569671313,0.03909296821,0.007077057639,0.01181986341,0.01696391996,0.01965286006,0.01930895186,0.02487315921,0.02097504868,0.01587151569,0.0111450446,0.04285031402,0.007202308109,0.01207747214,0.01739841988,0.0202374152,0.01995686793,0.000465456781,0.0004374812845,0.0003689631497,0.0002863721573,0.005906089785,0.0005399452412,0.001429831708,0.00314829857,0.005227079733,0.007066303596,0.0003170189691,0.000297681049,0.0002508190526,0.0001945028649,0.005388212092,0.0005305554186,0.001399333842,0.003069674448,0.005076096206,0.006836890263,1.510880295e-06,4.348988361e-06,9.474618388e-06,1.51823496e-05,0.01052219973,0.0009835436991,0.00596819223,0.02359798275,0.05798677121,0.1005317558,4.865780479e-09,3.107481581e-08,1.364167167e-07,3.83188352e-07,0.005781259308,0.0003023383827,0.003323218693,0.0205226541,0.06857122287,0.1497894817,2.46989745e-08,1.852821202e-07,9.956331134e-07,3.496160477e-06,0.01416952749,0.002669133408,0.01925830421,0.08418958258,0.2247781729,0.4275271213,2.094563346e-08,1.902849609e-07,1.238302249e-06,5.188937264e-06,0.01931647477,0.005345169933,0.03392496421,0.1316581294,0.3197687345,0.5673931889,1.3184821e-08,1.525544347e-07,1.264406343e-06,6.623660818e-06,0.0255489528,0.009863447128,0.05324042215,0.1777662502,0.379107823,0.6093781385,1.56373816e-09,2.949024026e-08,3.822923132e-07,2.917593533e-06,0.02848271905,0.01202929837,0.0625272168,0.1926362733,0.366370398,0.5250053024,1.469636454e-11,7.719964721e-10,2.383961914e-08,3.528660885e-07,0.0320797021,0.012713037,0.0846113336,0.2756664054,0.4797296881,0.5700585643,5.89867587e-10,2.323208466e-08,5.378986176e-07,6.103236399e-06,0.07215835881,0.05602613564,0.2549715875,0.5836604625,0.7535019344,0.665751544,1.276639938e-08,3.775286023e-07,6.563113142e-06,5.715979817e-05,0.1306669533,0.1499634113,0.5032272186,0.8680842893,0.8730495197,0.5989332773,1.858375571e-09,1.058704919e-07,3.151850247e-06,4.062789077e-05,0.1690438616,0.2364493684,0.6921780423,0.9218310699,0.6457677357,0.284918293
61,0.03928803745,0.04640497459,0.04918267443,0.04713585664,0.1665119407,0.0972785644,0.1518044845,0.2045562118,0.2361566767,0.2389955173,0.05566291826,0.06574082656,0.06967031057,0.06676589697,0.1800243351,0.09713439337,0.1515280336,0.2041193139,0.235572219,0.2383295745,0.0009886872515,0.001307145599,0.001550716448,0.001649173189,0.02438034799,0.007272697497,0.01824727481,0.0382146644,0.0640007191,0.09010344978,0.0006978358839,0.0009226847527,0.001094704209,0.001164294865,0.02255039051,0.007283491946,0.01828056552,0.03829645923,0.06415950571,0.09035521772,0.01724600644,0.01453717835,0.01099550274,0.007718127124,0.03936728905,0.007147467341,0.01196455108,0.01720776024,0.01998062173,0.01967194593,0.02519675874,0.02123724355,0.01606182963,0.0112734457,0.04285596401,0.007135940576,0.01194084183,0.01716776822,0.01992681492,0.01961230233,0.0004746774701,0.0004459266987,0.0003758994838,0.0002916223636,0.005916024175,0.0005350444878,0.001413898909,0.003107186881,0.005148056372,0.006946124815,0.0003248945942,0.0003052428126,0.000257330821,0.0001996531082,0.00543443227,0.0005359087512,0.001416706289,0.003114425021,0.005161957262,0.006967248899,1.585428855e-06,4.563821852e-06,9.943193747e-06,1.593400957e-05,0.01061354007,0.0009845460503,0.005975668082,0.02363265953,0.05808688324,0.1007299619,5.191561756e-09,3.315782356e-08,1.455717109e-07,4.089320748e-07,0.005842472609,0.0003027554002,0.003328852859,0.02056347352,0.06873240893,0.1501940414,2.601571955e-08,1.951726222e-07,1.048849516e-06,3.683252428e-06,0.01427246488,0.002656517044,0.01917265411,0.08383699728,0.223854642,0.4257933154,2.206229924e-08,2.004426803e-07,1.304490324e-06,5.466620119e-06,0.01945680496,0.005319903753,0.03377407994,0.1311067267,0.318454874,0.565092079,1.388775202e-08,1.606982014e-07,1.331991058e-06,6.978129154e-06,0.0257345636,0.009816821502,0.05300362053,0.177021707,0.3775500786,0.606906637,1.668443841e-09,3.14671789e-08,4.079500622e-07,3.113620717e-06,0.02878431508,0.01204587935,0.06263316862,0.1930192554,0.3672312714,0.526422785,1.611027982e-11,8.463573081e-10,2.613864141e-08,3.869326737e-07,0.03250327733,0.01273806436,0.08481613189,0.2764493506,0.4813534224,0.5722948511,6.46619768e-10,2.54699382e-08,5.897737005e-07,6.692477948e-06,0.07311114568,0.05613639633,0.2555885844,0.5853178344,0.7560518609,0.6683628258,1.399471056e-08,4.138954182e-07,7.196078861e-06,6.267848521e-05,0.1323923238,0.1502584708,0.5044447288,0.8705489301,0.8760036136,0.6012822008,2.079080803e-09,1.184590119e-07,3.527069717e-06,4.546987774e-05,0.1715612856,0.2370205764,0.694234441,0.9250451907,0.6484659423,0.286306147
62,0.03995948697,0.04721952086,0.05006873809,0.04800518939,0.1675689946,0.09809562278,0.1533729796,0.2070376315,0.2394799355,0.242785974,0.05635545901,0.06652534808,0.07046634039,0.06749745615,0.1800265381,0.09624149814,0.1498179845,0.2014198564,0.231965456,0.2342246501,0.001007884252,0.001331842443,0.001579204744,0.001678674968,0.02441688185,0.007204374571,0.01803682574,0.03769819269,0.0629993541,0.08851755842,0.0007146519317,0.0009453383387,0.001122078829,0.001193898472,0.02272727334,0.007343169256,0.01846481727,0.0387496281,0.06504020692,0.09175303125,0.01755356165,0.01480376738,0.01120269863,0.007867166586,0.03963276923,0.007212985175,0.01209947979,0.01743561418,0.02028756321,0.02001256321,0.02551856716,0.0214967611,0.01624924445,0.01139925106,0.0428494434,0.007064746084,0.01179459752,0.01692139228,0.01959577205,0.01924580344,0.0004839241003,0.0004543606924,0.0003827962297,0.0002968205453,0.00592357697,0.0005296025311,0.001396245737,0.003061729626,0.005060873461,0.006813806641,0.0003328788594,0.0003128959738,0.0002639107814,0.0002048500084,0.005478898685,0.0005407151453,0.001432337733,0.003154772113,0.005239537895,0.007085271163,1.662594219e-06,4.785583094e-06,1.042554459e-05,1.670579531e-05,0.01069845958,0.0009831385712,0.005965170933,0.02358396994,0.05794632212,0.100451682,5.53440002e-09,3.534383646e-08,1.551528688e-07,4.358053939e-07,0.005899486294,0.000302169874,0.003320942379,0.0205061649,0.06850612543,0.1496261257,2.7376704e-08,2.053640108e-07,1.103516282e-06,3.874897662e-06,0.0143640587,0.002635688843,0.01901485344,0.08311661975,0.2217788862,0.421556435,2.321244607e-08,2.108727494e-07,1.372243694e-06,5.750061196e-06,0.01958017646,0.005277239133,0.03349004576,0.1299566783,0.3154426084,0.5593596938,1.460855043e-08,1.690231959e-07,1.400866419e-06,7.338336259e-06,0.02589524702,0.009735868391,0.05254586586,0.1754288258,0.3738900415,0.6006016899,1.77682157e-09,3.350774366e-08,4.343597046e-07,3.314872541e-06,0.02905274106,0.01200982812,0.06241804353,0.1922771344,0.3656176337,0.5238276222,1.760002296e-11,9.244859938e-10,2.854736546e-08,4.225321454e-07,0.03287199989,0.01267360591,0.08433352629,0.2747147957,0.477912808,0.5677048389,7.059611306e-10,2.780328683e-08,6.437097506e-07,7.303532398e-06,0.07392291402,0.05581457242,0.2539624877,0.5812521389,0.7501146789,0.6625070399,1.527104827e-08,4.515771768e-07,7.850073364e-06,6.836559835e-05,0.1338363057,0.1493147264,0.5009591599,0.8640256077,0.8686213199,0.5956511873,2.311481613e-09,1.316768806e-07,3.919925536e-06,5.052611216e-05,0.1736321202,0.2350298105,0.6878685579,0.9159014987,0.6412530035,0.2827601338
63,0.04063509778,0.04803775239,0.05095742184,0.04887591081,0.1685878188,0.09884511603,0.1548144046,0.209321897,0.2425447569,0.2462875446,0.05704326717,0.0673007924,0.07124909642,0.06821309839,0.1799795276,0.09528674388,0.1479934804,0.1985455953,0.2281335753,0.2298723231,0.001027114013,0.001356476971,0.001607494862,0.001707845016,0.0244436941,0.007128964815,0.01780507789,0.03713065617,0.06190149451,0.08678249518,0.0007316705444,0.0009682219558,0.001149681861,0.001223701644,0.02289654343,0.00739518768,0.01862570246,0.03914596731,0.06581180747,0.09297964783,0.01786329564,0.01507181644,0.01141071883,0.0080166062,0.03988903051,0.007273426102,0.01222420218,0.01764662419,0.02057238359,0.02032921415,0.02583818478,0.02175324496,0.01643347842,0.01152225663,0.04283078234,0.006988940693,0.01163925233,0.01666026262,0.01924574086,0.01885913073,0.0004931845902,0.0004627706056,0.0003896417007,0.0003019569705,0.005928737537,0.0005236416138,0.001376956733,0.003012173673,0.004966063826,0.00667023925,0.0003409644377,0.0003206323303,0.0002705508705,0.0002100864613,0.005521533336,0.000544956489,0.001446157967,0.003190507736,0.005308383331,0.007190189414,1.742345498e-06,5.014095412e-06,1.092109545e-05,1.749650374e-05,0.0107767425,0.0009793365202,0.005936832145,0.02345259889,0.05756732343,0.0997018295,5.89455237e-09,3.763331653e-08,1.651570566e-07,4.637861656e-07,0.005952131985,0.0003005896625,0.00329961131,0.02035174722,0.06789697983,0.1480987157,2.878059162e-08,2.158414329e-07,1.159527743e-06,4.070641638e-06,0.01444403544,0.002606871059,0.01878691862,0.08203905786,0.2185863361,0.4148982986,2.439433191e-08,2.215544116e-07,1.441395315e-06,6.038437336e-06,0.01968619533,0.00521765517,0.03307664874,0.1282255538,0.3107850712,0.5503101165,1.534563959e-08,1.775072516e-07,1.470816305e-06,7.702993897e-06,0.02603044806,0.009621553837,0.05187358167,0.1730130497,0.3681949038,0.5905934717,1.888610946e-09,3.560593445e-08,4.614293891e-07,3.520549222e-06,0.02928687907,0.01192172748,0.06188581651,0.1904252062,0.3615671618,0.5172872951,1.916087489e-11,1.006074796e-09,3.105444705e-08,4.594715195e-07,0.03318371856,0.01252120643,0.08317666201,0.2705152324,0.4695265453,0.5564661677,7.675834378e-10,3.021821296e-08,6.993435233e-07,7.931850231e-06,0.07458837782,0.05506899643,0.2501407181,0.5715942341,0.7359072267,0.6484232775,1.658667654e-08,4.902869584e-07,8.519613724e-06,7.416942013e-05,0.1349887008,0.1471581046,0.4928776579,0.8487345607,0.8511844757,0.582279954,2.55365525e-09,1.454022175e-07,4.326423157e-06,5.574076377e-05,0.1752386869,0.2305468536,0.6733289014,0.8947906427,0.6244784646,0.274472634
64,0.04131422255,0.04885880175,0.05184769297,0.04974692716,0.169567047,0.09952509791,0.1561243129,0.2114009389,0.245338854,0.2494846766,0.05772550315,0.06806612174,0.07201744056,0.0689117082,0.1798835368,0.09427304163,0.1460609059,0.1955077646,0.2240932034,0.2252931601,0.001046351261,0.001381012256,0.001635539215,0.001736629371,0.02446076541,0.007046783094,0.01755315717,0.03651516616,0.06071388443,0.08490995426,0.0007488750464,0.0009913096607,0.001177477766,0.001253661781,0.02305791753,0.007439367238,0.01876254693,0.03948354904,0.0664699982,0.09402741061,0.01817491423,0.01534104292,0.01161932228,0.008166258387,0.04013572217,0.007328627778,0.01233832074,0.01784002093,0.02083390566,0.02062045023,0.02615521473,0.02200634514,0.01661425791,0.01164226627,0.04280004982,0.006908759296,0.01147535899,0.0163854169,0.01887826495,0.01845414017,0.0005024466271,0.0004711436751,0.0003964242316,0.0003070220104,0.005931503778,0.0005171866216,0.001356125592,0.002958790547,0.004864209225,0.006516388536,0.0003491435436,0.000328443242,0.0002772426509,0.00021535507,0.005562264265,0.0005486177877,0.00145810798,0.003221455126,0.005368103286,0.007281339811,1.82463984e-06,5.249144059e-06,1.142918134e-05,1.83047804e-05,0.01084820106,0.0009731781849,0.005890984184,0.02324029001,0.05695560819,0.09849302462,6.272209035e-09,4.002620482e-08,1.755784785e-07,4.928438902e-07,0.006000261302,0.0002980347271,0.003265176947,0.02010283837,0.06691685482,0.1456453746,3.022576725e-08,2.265877633e-07,1.21676526e-06,4.269982404e-06,0.01451217739,0.002570376332,0.01849179679,0.08062030671,0.2143317146,0.4059476369,2.560595685e-08,2.324644265e-07,1.511761314e-06,6.330853187e-06,0.01977455502,0.005141831165,0.0325394596,0.1259399868,0.3045646967,0.5381235373,1.609726849e-08,1.861261154e-07,1.541606985e-06,8.070721189e-06,0.02613974761,0.009475260505,0.05099628952,0.1698131942,0.360569473,0.5770885443,2.003509344e-09,3.775491388e-08,4.890559804e-07,3.729762536e-06,0.02948581447,0.01178295478,0.06104600716,0.1875004542,0.3551716189,0.506967,2.07868107e-11,1.090743171e-09,3.364617825e-08,4.975214458e-07,0.03343671546,0.01228443361,0.08137630872,0.2639747361,0.4564771155,0.5390034853,8.311189465e-10,3.26983676e-08,7.562537803e-07,8.572209467e-06,0.07510347121,0.053918569,0.2442323192,0.5566480988,0.7139367707,0.6266735113,1.793148914e-08,5.296964107e-07,9.198484908e-06,8.003179307e-05,0.1358419176,0.1438466874,0.480443548,0.8251811097,0.8243443414,0.5617250946,2.8032692e-09,1.594891562e-07,4.741838038e-06,6.10484395e-05,0.1763681491,0.2237258687,0.6511716743,0.8625956409,0.5989373545,0.2618829095
65,0.0419961952,0.04968178146,0.05273849985,0.05061712878,0.170505433,0.1001339363,0.1572989118,0.2132677913,0.2478515074,0.2523636913,0.05840133681,0.0688203218,0.07277027354,0.06959222024,0.1797389543,0.09320353285,0.1440270922,0.1923182981,0.2198618801,0.2205087286,0.001065570336,0.001405411218,0.001663290502,0.001764974889,0.02446811109,0.006958177545,0.01728229767,0.03585510853,0.05944381169,0.08291249681,0.0007662478679,0.001014574346,0.001205429657,0.001283734891,0.02321113915,0.007475571857,0.01887482817,0.03976085415,0.06701133606,0.09489013828,0.01848811369,0.01561115668,0.01182826265,0.00831593218,0.04037252257,0.007378451815,0.01244149127,0.01801513067,0.02107108816,0.02088498017,0.02646926445,0.02225571953,0.01679131867,0.01175909279,0.04275735334,0.006824453791,0.01130350504,0.01609795008,0.01849496138,0.01803276393,0.0005116977159,0.0004794670932,0.0004031322396,0.0003120061944,0.00593188214,0.0005102648396,0.001333854128,0.002901873132,0.004755932613,0.006353282306,0.00035740795,0.0003363196551,0.0002839773401,0.000220648174,0.00560102595,0.0005516873067,0.001468140584,0.003247470852,0.00541837711,0.007358171798,1.909422047e-06,5.49047579e-06,1.194904845e-05,1.912912339e-05,0.01091267685,0.0009647241604,0.005828153354,0.0229498028,0.05612022394,0.09684520607,6.667487147e-09,4.252188696e-08,1.864085587e-07,5.22939489e-07,0.006043747056,0.0002945366638,0.003218141134,0.01976357402,0.06558448835,0.1423189211,3.171033487e-08,2.375836378e-07,1.275097686e-06,4.47237331e-06,0.01456832437,0.00252660108,0.01813329305,0.07888130283,0.2090873007,0.3948755366,2.68450675e-08,2.435771669e-07,1.583142033e-06,6.626347382e-06,0.01984503897,0.005050631614,0.0318856902,0.1231349085,0.2968905272,0.5230397026,1.686152018e-08,1.948535995e-07,1.612988864e-06,8.440056409e-06,0.02622286614,0.009298755512,0.04992635444,0.1658802848,0.3511526246,0.5603620955,2.121173061e-09,3.994704563e-08,5.171258013e-07,3.94154336e-06,0.02964884513,0.01159564222,0.05991336904,0.1835602118,0.3465731202,0.4931222024,2.247050415e-11,1.178039288e-09,3.630657906e-08,5.364182349e-07,0.03362972828,0.01196872822,0.07897940398,0.2552824822,0.439194076,0.5159604463,8.961434298e-10,3.52251402e-08,8.139665036e-07,9.218789261e-06,0.07546540542,0.0523919033,0.2364024423,0.53687397,0.6849693038,0.5981035678,1.929413771e-08,5.694405137e-07,9.87984084e-06,8.58891556e-05,0.1363910839,0.1394679296,0.4640233866,0.7941263032,0.7890791217,0.5348198369,3.057612636e-09,1.737701681e-07,5.160801779e-06,6.637550859e-05,0.1770127332,0.2147960987,0.6222236568,0.8206277392,0.5658051328,0.2456371053
66,0.04268033267,0.05050578669,0.05362877564,0.0514853944,0.1714018562,0.1006703254,0.1583350943,0.2149166551,0.2500736736,0.254912932,0.0590699507,0.06956240615,0.07350653999,0.07025362468,0.1795463211,0.09208156538,0.1418992584,0.18898972,0.2154578843,0.2155413678,0.001084745294,0.001429636792,0.001690701958,0.001792829542,0.02446578094,0.006863526198,0.01699382813,0.03515410305,0.05809901232,0.08080337395,0.000783770588,0.001037987828,0.001233499441,0.001313875782,0.02335597989,0.007503710575,0.0189621807,0.03997678943,0.06743328744,0.09556320989,0.01880258152,0.01588186096,0.01203728924,0.008465433957,0.04059914067,0.00742278484,0.01253342582,0.01817138163,0.0212830365,0.02112168429,0.02677994726,0.0225010354,0.01696440711,0.01187255888,0.04270283834,0.006736291127,0.01112430776,0.01579900422,0.0180975044,0.01759698973,0.0005209252308,0.0004877280686,0.0004097542854,0.0003169002641,0.00592988757,0.0005029056871,0.001310251161,0.002841732161,0.004641890005,0.006181995865,0.000365749007,0.0003442521302,0.0002907458434,0.0002259578818,0.005637759667,0.0005541566776,0.001476220912,0.003268446472,0.005458957891,0.007420255789,1.996624302e-06,5.737798791e-06,1.247985587e-05,1.996788927e-05,0.01097004194,0.0009540562226,0.005749048465,0.0225848458,0.05507329772,0.09478502846,7.080424866e-09,4.51191629e-08,1.976358504e-07,5.540251847e-07,0.006082484249,0.0002901379736,0.003159176746,0.01933948181,0.06392482392,0.1381893838,3.323211876e-08,2.48807514e-07,1.334382024e-06,4.67722646e-06,0.01461237496,0.00247601716,0.01771597753,0.07684734697,0.2029406666,0.3818894773,2.810916462e-08,2.548647509e-07,1.655323346e-06,6.923899985e-06,0.0198975223,0.00494508725,0.0311240108,0.1198525536,0.2878947014,0.5053493362,1.763632291e-08,2.036617677e-07,1.684698566e-06,8.809470618e-06,0.02627966594,0.009094149654,0.0486786577,0.1612760496,0.3401126717,0.5407477705,2.241219201e-09,4.217394914e-08,5.455156115e-07,4.154851206e-06,0.02977548823,0.0113626165,0.05850741634,0.1786801254,0.3359584595,0.476087358,2.420336508e-11,1.267443541e-09,3.901755855e-08,5.758670278e-07,0.0337619657,0.01158117995,0.07604687739,0.2446830806,0.4182292707,0.4881583809,9.621810317e-10,3.777790836e-08,8.719621306e-07,9.865268212e-06,0.07567270467,0.05052605568,0.226864174,0.5128634003,0.6499828768,0.5637859854,2.066220795e-08,6.09123884e-07,1.05563341e-05,9.167384151e-05,0.136634111,0.1341345547,0.4440878937,0.7565437595,0.7466318179,0.5026154944,3.313645816e-09,1.880594931e-07,5.577423688e-06,7.164191195e-05,0.1771698457,0.2040483747,0.5875284978,0.7705338642,0.5265445123,0.2265314242
67,0.04336593675,0.05132989819,0.05451744214,0.05235059559,0.1722553263,0.1011332951,0.1592304644,0.2163429506,0.251998073,0.2571228872,0.05973054319,0.07029142044,0.0742252335,0.07089497227,0.179306329,0.09091066832,0.1396849517,0.1855350311,0.2109000554,0.2104139576,0.001103850016,0.001453652107,0.001717727599,0.00182014272,0.02445385893,0.006763233346,0.0166891576,0.03441596067,0.05668757121,0.07859634462,0.0008014239853,0.001061520939,0.001261647968,0.001344038264,0.02349224076,0.007523738266,0.01902439942,0.04013069895,0.06773425774,0.09604362412,0.01911799731,0.01615285329,0.01224614785,0.008614568211,0.04081531729,0.007461539335,0.01261389511,0.01830830923,0.02146901183,0.02132962665,0.02708688388,0.02274197088,0.01713328148,0.01198249803,0.04263668751,0.006644551277,0.01093840898,0.01548975801,0.01768760903,0.01714884012,0.0005301164684,0.0004959138882,0.000416279135,0.0003216952278,0.005925543416,0.0004951404349,0.001285431347,0.002778692562,0.004522762094,0.006003637326,0.0003741576647,0.000352230874,0.0002975387898,0.0002312761059,0.005672413801,0.0005560209678,0.001482326745,0.003284309712,0.005489675442,0.007467288853,2.086165981e-06,5.990782995e-06,1.302067835e-05,2.08193008e-05,0.0110201998,0.0009412758308,0.005654545819,0.02214998848,0.05382971121,0.09234507291,7.51097594e-09,4.781622146e-08,2.092459766e-07,5.860444947e-07,0.006116390883,0.0002848910975,0.00308910991,0.01883731652,0.06196816465,0.1333413528,3.47886678e-08,2.60235762e-07,1.39446426e-06,4.883916908e-06,0.01464428717,0.002419162103,0.0172450756,0.07454742,0.1959919967,0.3672262757,2.939551426e-08,2.662972103e-07,1.728078239e-06,7.22244113e-06,0.01993197257,0.004826372794,0.03026433432,0.1161412827,0.277728293,0.4853839938,1.841946384e-08,2.125211562e-07,1.756461301e-06,9.177382956e-06,0.02631015188,0.008863849493,0.04727021038,0.1560711312,0.3276418815,0.518625657,2.363228319e-09,4.442657011e-08,5.740938137e-07,4.368585622e-06,0.02986548449,0.01108732021,0.05685181092,0.1729515288,0.3235518362,0.4562615377,2.597561093e-11,1.358374089e-09,4.17591456e-08,6.155460805e-07,0.03383311556,0.01113024266,0.0726509046,0.2324644532,0.3942260485,0.4565454913,1.028710916e-09,4.033436395e-08,9.296846807e-07,1.05049452e-05,0.07572522035,0.04836492587,0.2158683017,0.4853082183,0.6101101102,0.5249503584,2.202244061e-08,6.483284723e-07,1.122027082e-05,9.731560481e-05,0.1365717103,0.1279794144,0.421188219,0.7135662871,0.6984341566,0.4663105682,3.568066563e-09,2.021575985e-07,5.985444286e-06,7.67633965e-05,0.1768420857,0.1918185937,0.5482814821,0.7141851271,0.4827947965,0.2054456389
68,0.04405229609,0.05215318534,0.05540341382,0.0532116014,0.1730649883,0.1015222176,0.159983355,0.2175433555,0.2536192581,0.2589862869,0.06038233172,0.07100644666,0.07492540134,0.07151537916,0.1790198164,0.08969452583,0.1373919853,0.1819675939,0.206207614,0.2051496884,0.001122858321,0.00147742067,0.001744322478,0.001846865532,0.0244324627,0.006657725721,0.01636976059,0.03364463957,0.05521782093,0.0763054918,0.0008191880939,0.001085143641,0.001289835201,0.001374175369,0.02361975315,0.007535655861,0.01906144099,0.04022236943,0.06791360661,0.0963300317,0.0194340336,0.01642382653,0.01245458174,0.008763138351,0.04102082634,0.007494654254,0.01268273033,0.01842556018,0.02162843813,0.02150806493,0.02738970394,0.02297821638,0.01729771309,0.01208875537,0.04255911986,0.006549525144,0.01074646978,0.01517141634,0.01726701465,0.0166903521,0.0005392587034,0.0005040119806,0.0004226958212,0.0003263824134,0.005918881281,0.0004870019112,0.001259513969,0.002713089731,0.004399245796,0.005819332958,0.0003826244995,0.0003602457738,0.0003043465704,0.0002365946003,0.005704944132,0.0005572787133,0.001486448699,0.00329502513,0.005510438106,0.007499098306,2.17795358e-06,6.249060788e-06,1.35705101e-05,2.168145665e-05,0.01106308584,0.0009265023024,0.005545671009,0.02165055487,0.0524067112,0.08956290622,7.959004823e-09,5.061062075e-08,2.212216049e-07,6.189323444e-07,0.006145408553,0.0002788572502,0.003008898668,0.01826486376,0.0597491744,0.1278708789,3.637726301e-08,2.718427847e-07,1.455180381e-06,5.091787529e-06,0.01466407858,0.002356628214,0.01672634529,0.07201341994,0.1883511091,0.3511442933,3.070116217e-08,2.778426934e-07,1.801168634e-06,7.520860754e-06,0.01994844975,0.004695782132,0.02931757567,0.1120542703,0.2665566983,0.46350488,1.920860518e-08,2.214010242e-07,1.827993518e-06,9.542177335e-06,0.02631447073,0.008610503964,0.04571972285,0.150343099,0.3139504081,0.4944090697,2.486747796e-09,4.669526635e-08,6.027218704e-07,4.581599267e-06,0.0299187997,0.01077371844,0.05497363851,0.166478362,0.3096064017,0.4340918704,2.777637279e-11,1.450194384e-09,4.450978565e-08,6.551120817e-07,0.03384334579,0.01062540605,0.06887177328,0.2189441362,0.3678849882,0.4221411266,1.095175592e-09,4.287090869e-08,9.865525396e-07,1.113087934e-05,0.07562412311,0.04595742871,0.2036917389,0.4549657683,0.566574789,0.4829077002,2.336099153e-08,6.866224309e-07,1.186378587e-05,0.0001027433178,0.1362073591,0.1211496568,0.3959292958,0.6664265455,0.6460233378,0.4271743904,3.817391802e-09,2.158565101e-07,6.378414914e-06,8.165408251e-05,0.1760371517,0.178469529,0.5057586737,0.6535572501,0.436255717,0.18327485
69,0.04473868831,0.05297470933,0.05628560203,0.05406728309,0.1738301258,0.1018368107,0.1605928395,0.2185158305,0.2549336598,0.2604981705,0.06102455587,0.07170660712,0.07560614902,0.07211403133,0.178687765,0.08843695049,0.1350283761,0.1783010177,0.2013999856,0.1997718365,0.00114174408,0.001500906543,0.001770442926,0.001872951087,0.02440174281,0.006547448544,0.01603716185,0.03284420076,0.05369824085,0.07394504128,0.0008370422662,0.001108825129,0.001318020389,0.001404239574,0.02373837976,0.007539510062,0.01907342318,0.04025202941,0.06797164866,0.09642274062,0.01975035688,0.0166944699,0.0126623326,0.008910947532,0.04121547577,0.007522095395,0.0127398244,0.01852289532,0.02176090746,0.02165645774,0.02768804756,0.02320947602,0.01745748739,0.01219118849,0.0424703897,0.006451512429,0.01054916517,0.01484519978,0.01683746897,0.01622355733,0.0005483392452,0.0005120099793,0.0004289937046,0.0003309535207,0.005909940833,0.0004785241975,0.001232621718,0.002645265796,0.004272045895,0.005630212861,0.0003911397422,0.0003682864353,0.0003111593811,0.0002419050005,0.005735314061,0.0005579319117,0.001488590233,0.003300594277,0.005521233359,0.007515643112,2.27188076e-06,6.512228135e-06,1.412826954e-05,2.25523428e-05,0.01109866786,0.000909870709,0.005423578111,0.02109250276,0.05082347098,0.08648002946,8.424282458e-09,5.349927483e-08,2.335424592e-07,6.526153049e-07,0.006169502831,0.0002721050921,0.002919608924,0.01763072065,0.05730577488,0.1218820896,3.799492856e-08,2.836011661e-07,1.516357565e-06,5.30015453e-06,0.0146718259,0.002289050882,0.01616594636,0.06927935038,0.1801343166,0.3339152915,3.202295153e-08,2.894677012e-07,1.874347437e-06,7.818019269e-06,0.01994710517,0.004554701752,0.02829539516,0.1076481118,0.2545547821,0.4400911872,2.000130276e-08,2.30269633e-07,1.899005769e-06,9.902220274e-06,0.026292909,0.008336947333,0.04404714673,0.1441743453,0.299259928,0.4685308157,2.611295927e-09,4.896990765e-08,6.312559098e-07,4.792712433e-06,0.02993562362,0.01042619434,0.05290260746,0.1593737917,0.2943950972,0.410055812,2.959383462e-11,1.542222556e-09,4.724669742e-08,6.942063754e-07,0.03379329803,0.01007684254,0.06479456062,0.2044549545,0.3399287693,0.3859798372,1.160990731e-09,4.536310846e-08,1.041970582e-06,1.173604454e-05,0.07537187353,0.04335554932,0.1906253891,0.4226229666,0.5206276539,0.4389754801,2.466372291e-08,7.235698609e-07,1.247903211e-05,0.000107886778,0.1355472194,0.1138005776,0.368942155,0.6163962432,0.5909585534,0.3864722472,4.058051167e-09,2.289458033e-07,6.749895608e-06,8.62292445e-05,0.1747676466,0.1643723951,0.4612464544,0.5906138101,0.3885774151,0.1608669181
70,0.04542438216,0.05379352645,0.05716291925,0.05491651899,0.1745501641,0.1020771389,0.1610587353,0.2192596307,0.2559396111,0.2616559244,0.06165648047,0.07239106834,0.07626664449,0.07269018868,0.1783112942,0.08714185627,0.1326022825,0.1745490447,0.1964966278,0.1943035467,0.001160481336,0.00152407453,0.001796046797,0.001898354781,0.02436188183,0.006432861505,0.01569292106,0.03201876398,0.05213735831,0.07152918646,0.0008549652412,0.001132533964,0.001346162254,0.001434183048,0.02384801531,0.007535392581,0.01906062227,0.04022034251,0.06790963977,0.09632369412,0.02006662857,0.01696447005,0.01286914161,0.009057799492,0.04139910844,0.007543855552,0.01278513251,0.01860019126,0.02186618307,0.02177446922,0.02798156677,0.0234354689,0.01761240502,0.01228966816,0.04237078531,0.006350819494,0.01034717879,0.01451233445,0.01640071253,0.01575046337,0.0005573454956,0.0005198957857,0.0004351625331,0.0003354006704,0.005898769562,0.0004697423234,0.001204879464,0.002575565944,0.004141866937,0.005437397277,0.0003996933102,0.0003763422239,0.0003179672656,0.000247198865,0.005763494799,0.0005579859792,0.001488767511,0.003301055341,0.005522127196,0.00751701311,2.367828504e-06,6.779846107e-06,1.469280521e-05,2.342984583e-05,0.01112694611,0.0008915295546,0.005289526905,0.02048229273,0.0491006193,0.0831407601,8.906482821e-09,5.647844725e-08,2.461853698e-07,6.870119584e-07,0.006188663422,0.0002647092827,0.002822388589,0.01694406285,0.05467799081,0.1154836945,3.963844596e-08,2.954818489e-07,1.57781553e-06,5.508313523e-06,0.014667664,0.002217096464,0.01557030557,0.06638049158,0.1714612562,0.3158163108,3.335754386e-08,3.011373527e-07,1.947360789e-06,8.112759022e-06,0.01992817969,0.004404583253,0.02720993494,0.1029814051,0.2419019941,0.4155285096,2.079502662e-08,2.390945483e-07,1.969205758e-06,1.025587953e-05,0.0262458894,0.008046140354,0.04227320637,0.137649949,0.2837972609,0.4414296079,2.736366651e-09,5.12399881e-08,6.595484891e-07,5.000728709e-06,0.02991636624,0.01004943785,0.05067020522,0.1517566962,0.2782012709,0.3846432648,3.141540333e-11,1.633742463e-09,4.994628047e-08,7.324619112e-07,0.03368407422,0.009495048524,0.06050582162,0.189331,0.3110686994,0.3490595431,1.225556189e-09,4.77861927e-08,1.095343234e-06,1.231349317e-05,0.07497217208,0.04061239412,0.1769622163,0.3890616143,0.4734861647,0.3944093529,2.591651608e-08,7.587410899e-07,1.30583765e-05,0.0001126785525,0.1346000113,0.1060895273,0.3408570197,0.5647281509,0.5347436784,0.3453981558,4.286488757e-09,2.412189839e-07,7.093661803e-06,9.040816597e-05,0.1730507892,0.1498894975,0.4159769336,0.5272019258,0.3412663582,0.1389714831
71,0.04610863989,0.05460869148,0.05803428342,0.05575819932,0.1752246727,0.1022436103,0.161381601,0.2197753021,0.2566373485,0.26245929,0.06227739856,0.07305904472,0.07690612212,0.07324318868,0.1778916567,0.08581323155,0.1301219428,0.1707254402,0.1915168647,0.1887676283,0.001179044418,0.001546890352,0.001821093701,0.001923034554,0.02431309327,0.006314434722,0.01533861773,0.03117246479,0.05054365372,0.06907192236,0.0008729352181,0.001156238194,0.001374219179,0.00146395789,0.02394858697,0.007523438886,0.01902346856,0.04012839481,0.06772974952,0.09603642248,0.02038250608,0.01723351218,0.01307475044,0.009203499417,0.04157160277,0.007559954413,0.01281867216,0.01865744064,0.02194420047,0.02186197107,0.02826992697,0.02365593042,0.01776228275,0.01238407899,0.04226062766,0.006247757242,0.01014119778,0.01417404215,0.01595846397,0.01527303603,0.0005662650073,0.0005276576319,0.0004411924996,0.0003397164518,0.005885422499,0.0004606919597,0.001176413065,0.002504334863,0.004009405515,0.005241983753,0.0004082748416,0.0003844023071,0.0003247601622,0.0002524677184,0.005789465509,0.0005574496703,0.001487009102,0.003296482298,0.005513262341,0.007503426098,2.465665404e-06,7.051442827e-06,1.526290248e-05,2.431176767e-05,0.01114795312,0.0008716382938,0.005144858836,0.01982675122,0.04725975434,0.07959109231,9.405180323e-09,5.954375218e-08,2.591243637e-07,7.2203339e-07,0.006202904109,0.0002567489637,0.002718440852,0.01621440721,0.05190679488,0.108785554,4.130437162e-08,3.074543372e-07,1.639368019e-06,5.715546065e-06,0.01465178448,0.002141450076,0.01494598236,0.06335258383,0.1624518166,0.2971219263,3.470144288e-08,3.128156781e-07,2.019950469e-06,8.403916348e-06,0.01989200097,0.004246915759,0.02607355761,0.09811335848,0.2287776538,0.3901978445,2.158718337e-08,2.478429612e-07,2.03830152e-06,1.060154321e-05,0.02617396588,0.007741111487,0.04041893589,0.1308555906,0.2677882455,0.4135372426,2.861434866e-09,5.349474891e-08,6.874504814e-07,5.204451447e-06,0.0298616516,0.009648331692,0.04830884803,0.1437481723,0.2613095387,0.3583395101,3.322790598e-11,1.724016103e-09,5.258456197e-08,7.695107066e-07,0.03351721652,0.008890498385,0.05609047222,0.1738947466,0.2819750498,0.3122973558,1.28826792e-09,5.011558245e-08,1.146088011e-06,1.285652282e-05,0.07442988997,0.03778034246,0.1629862137,0.3550271076,0.4262822242,0.3503463462,2.710559474e-08,7.917230929e-07,1.359459525e-05,0.0001170557809,0.1333768452,0.09817021287,0.3122787932,0.5126046036,0.4787613579,0.3050200562,4.499268488e-09,2.524799558e-07,7.403909505e-06,9.41169182e-05,0.1709080402,0.1353590847,0.3710736221,0.4649677537,0.2956140635,0.118204311
72,0.0467907195,0.05541926112,0.05889862235,0.05659123112,0.1758533666,0.1023369721,0.1615627254,0.2200646664,0.2570289911,0.2629103419,0.06288663421,0.07370980201,0.07752388626,0.07377244964,0.177430232,0.08445511256,0.1275956154,0.166843886,0.1864797312,0.1831863631,0.001197408066,0.001569320824,0.001845545233,0.001946951143,0.02425562031,0.006192644752,0.01497583651,0.03030941338,0.04892547115,0.06658689188,0.0008909299352,0.001179905497,0.001402149414,0.001493516383,0.02404005474,0.007503826521,0.01896254001,0.03997767677,0.06743502046,0.09556597015,0.02069764391,0.01750128126,0.01327890229,0.009347854798,0.04173287321,0.007570438237,0.01284052246,0.01869475121,0.02199506645,0.02191904178,0.02855280829,0.02387061342,0.01790695437,0.01247431995,0.04214026882,0.006142639031,0.0099319078,0.01383153101,0.01551240629,0.01479318319,0.0005750855415,0.0005352841413,0.0004470742971,0.000343893967,0.005869961887,0.000451409119,0.001147348206,0.002431913369,0.003875343076,0.005045035392,0.0004168737322,0.0003924557005,0.0003315279518,0.0002577030958,0.005813213395,0.0005563349626,0.001483355536,0.003286983585,0.005494855335,0.007475222885,2.565248068e-06,7.326515805e-06,1.583729132e-05,2.519584186e-05,0.01116175332,0.0008503647574,0.004990972382,0.01913293213,0.04532295967,0.07587757859,9.919848164e-09,6.269016311e-08,2.723307946e-07,7.57583804e-07,0.006212262476,0.0002483062157,0.00260899752,0.01545137911,0.04903300053,0.1018954634,4.29890575e-08,3.194869235e-07,1.700824414e-06,5.921126576e-06,0.01462443366,0.002062803647,0.01429953933,0.06023105089,0.1532232761,0.2780971855,3.605102108e-08,3.244659346e-07,2.091856433e-06,8.690334008e-06,0.01983898002,0.004083199023,0.02489859499,0.09310247342,0.2153565825,0.3644656214,2.237514012e-08,2.564820234e-07,2.106004666e-06,1.09376389e-05,0.02607781757,0.007424899886,0.03850523723,0.1238755911,0.251452103,0.3852670636,2.985962228e-09,5.572330936e-08,7.148130463e-07,5.40270066e-06,0.02977230912,0.009227838848,0.04585105717,0.1354682145,0.2439973101,0.3316097818,3.501780908e-11,1.812297067e-09,5.513766901e-08,8.049915769e-07,0.03329468113,0.008273327246,0.05162902223,0.1584459744,0.2532528194,0.2764955083,1.348530382e-09,5.2327429e-08,1.193649048e-06,1.335883971e-05,0.0737509828,0.03490938812,0.148962837,0.3212022141,0.3800207373,0.3077626342,2.821784675e-08,8.221296543e-07,1.408106016e-05,0.0001209618628,0.1318910171,0.09018767939,0.2837662214,0.461095269,0.4242221175,0.266240389,4.693178113e-09,2.625492575e-07,7.675448341e-06,9.729091403e-05,0.1683646563,0.1210832198,0.3275103222,0.4052963066,0.252652077,0.09902829909
73,0.04746987727,0.05622429752,0.05975487809,0.05741454304,0.1764361075,0.1023583019,0.1616041104,0.2201307904,0.2571184981,0.2630134372,0.06348354525,0.07434266042,0.07811931437,0.0742774734,0.1769285206,0.08307155731,0.1250315215,0.1629178805,0.1814038273,0.1775813323,0.001215547542,0.001591334031,0.00186936518,0.001970068315,0.0241897344,0.006067970693,0.01460615307,0.02943365574,0.04729093575,0.06408724658,0.0009089267525,0.001203503312,0.001429911275,0.001522811249,0.02412241149,0.007476772992,0.01887855435,0.03977006012,0.06702931552,0.09491880025,0.02101169477,0.01776746309,0.01348134299,0.009490676294,0.04188287053,0.007575379299,0.01285082295,0.01871234362,0.02201905597,0.02194596326,0.02882990693,0.02407928929,0.01804627147,0.01256030494,0.04201009036,0.006035778654,0.009719988251,0.0134859867,0.0150641742,0.01431274023,0.0005837951261,0.0005427643882,0.0004527991708,0.0003479268713,0.005852456831,0.0004419298636,0.001117809296,0.002358635245,0.003740339349,0.004847570358,0.0004254791745,0.0004004913151,0.0003382605064,0.0002628965878,0.005834733742,0.0005546569104,0.001477858717,0.003272700334,0.005467192583,0.007432860466,2.666421657e-06,7.60453467e-06,1.641465478e-05,2.607975096e-05,0.01116844233,0.0008278825458,0.004829298529,0.01840798098,0.04331233787,0.07204627158,1.04498577e-08,6.591202975e-08,2.857735131e-07,7.935612575e-07,0.006216799424,0.0002394645351,0.00249529327,0.01466449268,0.04609624483,0.09491628277,4.468867476e-08,3.315469374e-07,1.761991445e-06,6.124329516e-06,0.01458591014,0.001981844524,0.01363742108,0.05705028728,0.143887744,0.2589914711,3.740254861e-08,3.360509399e-07,2.162819433e-06,8.97087379e-06,0.01976960699,0.003914917924,0.02369711459,0.08800534281,0.2018052263,0.3386751072,2.31562495e-08,2.649791902e-07,2.172033639e-06,1.126265262e-05,0.02595824143,0.007100501739,0.03655247224,0.116791137,0.2349964822,0.3570041205,3.109403334e-09,5.791480319e-08,7.41489641e-07,5.594329958e-06,0.02964936282,0.00879289521,0.04332869166,0.1270326925,0.2265273208,0.3048861324,3.677145403e-11,1.897844605e-09,5.758231132e-08,8.385578694e-07,0.03301880663,0.007653055423,0.04719527512,0.1432529774,0.2254239237,0.24231864,1.405769041e-09,5.439914389e-08,1.237510102e-06,1.381471236e-05,0.07294238928,0.03204574002,0.1351313073,0.2881870145,0.3355506178,0.2674472538,2.924113243e-08,8.496108685e-07,1.45119084e-05,0.0001243479562,0.1301577736,0.08227418128,0.2558156072,0.4111259095,0.3721303441,0.229773137,4.865326935e-09,2.712697556e-07,7.903872465e-06,9.987709946e-05,0.1654491852,0.1073191432,0.2860846204,0.3492771242,0.213133286,0.08175026784
74,0.04814537013,0.05702287173,0.06060201127,0.05822709012,0.1769729039,0.1023089972,0.1615084475,0.2199779443,0.256911606,0.2627751369,0.06406752584,0.07495699759,0.07869185987,0.07475784767,0.1763881366,0.08166662057,0.1224377907,0.1589606455,0.1763071856,0.1719732592,0.00123343875,0.001612899483,0.001892519727,0.001992353071,0.02411573372,0.005940890439,0.01423112083,0.02854913786,0.04564787919,0.06158552379,0.0009269027383,0.00122699899,0.001457463351,0.001551795904,0.02419568292,0.0074425333,0.01877235957,0.03950777024,0.06651725463,0.09410267926,0.02132431074,0.01803174557,0.01368182202,0.009631778578,0.04202158194,0.007574875123,0.01284977177,0.01871054809,0.02201660729,0.02194321491,0.02910093633,0.02428174898,0.01818010408,0.01264196313,0.04187050156,0.005927488403,0.009506107828,0.01313856435,0.01461534274,0.01383345716,0.0005923821116,0.0005500879542,0.0004583589669,0.0003518094107,0.005832982893,0.0004322900268,0.001087918441,0.002284824362,0.00360502649,0.004650552756,0.0004340801987,0.0004084980056,0.0003449477397,0.0002680398853,0.005854029914,0.0005524334672,0.001470581223,0.003253804219,0.005430625468,0.007376903502,2.769020537e-06,7.884944245e-06,1.699363828e-05,2.696114508e-05,0.01116814611,0.0008043684528,0.004661276976,0.01765900555,0.04124957609,0.06814175986,1.099447887e-08,6.92031029e-08,2.994190753e-07,8.298585042e-07,0.006216598484,0.0002303073721,0.002378541594,0.01386295072,0.0431340953,0.08794351178,4.639924006e-08,3.436010117e-07,1.822674974e-06,6.324436708e-06,0.01453656201,0.001899244904,0.01296584453,0.05384302879,0.1345499799,0.240033465,3.87522242e-08,3.475334198e-07,2.232583671e-06,9.244429049e-06,0.01968444627,0.003743518979,0.02248070974,0.08287559834,0.1882783819,0.3131394297,2.392787536e-08,2.733025648e-07,2.236116916e-06,1.157514699e-05,0.02581614401,0.006770821263,0.03458009968,0.1096787421,0.2186133235,0.3290972971,3.231212167e-09,6.005851768e-08,7.673380267e-07,5.77824312e-06,0.02949401854,0.008348310663,0.04077226211,0.1185507279,0.2091414273,0.2785570339,3.84753021e-11,1.979937893e-09,5.989625841e-08,8.698849321e-07,0.0326922777,0.007038363865,0.04285456886,0.1285463075,0.1989161668,0.2102825141,1.459442518e-09,5.630990144e-08,1.27720655e-06,1.421910953e-05,0.07201191767,0.02923072761,0.121699014,0.2564855121,0.2935485931,0.2299914523,3.016456771e-08,8.738616082e-07,1.488218884e-05,0.0001271742257,0.1281940515,0.07454607223,0.2288495178,0.3634587831,0.3232672578,0.1961366682,5.013232543e-09,2.785115124e-07,8.08570056e-06,0.0001018356681,0.1621929168,0.09427425111,0.2474058696,0.2976946068,0.1775368135,0.06653095924
75,0.04881645815,0.05781406717,0.06143900543,0.05902785842,0.1774639101,0.1021907621,0.1612790874,0.2196115476,0.2564157465,0.2622041024,0.06463800882,0.07555225113,0.07924105446,0.07521324773,0.175810801,0.08024432984,0.1198224099,0.1549850397,0.1712071523,0.1663818738,0.001251058348,0.00163398828,0.001914977638,0.002013775836,0.0240339415,0.005811877118,0.01385225862,0.0276596732,0.04400377392,0.05909354156,0.000944834759,0.00125035994,0.001484764713,0.001580424706,0.02425992721,0.007401397125,0.01864492319,0.03919335473,0.06590414238,0.0931265448,0.0216351444,0.01829381983,0.01388009359,0.009770981177,0.04214903099,0.007569047512,0.01283762332,0.01868979989,0.02198831511,0.02191146529,0.0293656284,0.02447780385,0.01830834128,0.01271923927,0.04172193758,0.005818077224,0.009290920372,0.01279038119,0.01416741719,0.0133569877,0.0006008352268,0.0005572449818,0.0004637461773,0.0003555364541,0.005811621681,0.0004225249508,0.001057794492,0.002210792088,0.003470003991,0.004454884994,0.000442665715,0.0004164646209,0.0003515796569,0.0002731248251,0.005871113293,0.0005496852833,0.001461595482,0.003230494941,0.005385564649,0.007308014361,2.87286906e-06,8.167167964e-06,1.757285945e-05,2.783766104e-05,0.01116101977,0.0007799999754,0.004488333642,0.01689295611,0.03915555484,0.06420632408,1.155288177e-08,7.255656741e-08,3.132319877e-07,8.663639347e-07,0.00621176495,0.0002209167654,0.002259913071,0.01305547012,0.04018130577,0.08106337292,4.811664429e-08,3.556153633e-07,1.88268182e-06,6.520744679e-06,0.01447678357,0.00181565232,0.01229070311,0.05063982042,0.1253056366,0.2214273121,4.009620758e-08,3.588763626e-07,2.300899457e-06,9.509936951e-06,0.01958413109,0.003570389364,0.02126031817,0.07776303031,0.1749165938,0.2881363545,2.468741883e-08,2.814212394e-07,2.297996103e-06,1.187377847e-05,0.02565253228,0.006438627443,0.03260636533,0.1026089798,0.2024756312,0.3018535503,3.350848682e-09,6.214403234e-08,7.922222248e-07,5.953409905e-06,0.02930764943,0.007898681287,0.03821034447,0.1101225427,0.192055821,0.2529599335,4.011618149e-11,2.057890042e-09,6.205879539e-08,8.986770583e-07,0.03231808497,0.006436925831,0.03866258823,0.114515101,0.1740587675,0.1807532354,1.509053999e-09,5.804109564e-08,1.312335935e-06,1.456781717e-05,0.07096812273,0.02650003245,0.1088380751,0.2264988492,0.2545150486,0.1957919806,3.097877155e-08,8.946286343e-07,1.518797923e-05,0.0001294107888,0.1260182006,0.06710176066,0.2032105128,0.3186843335,0.2781895144,0.1656603385,5.134892474e-09,2.841755949e-07,8.218478106e-06,0.0001031412143,0.1586293075,0.08210450822,0.2118962889,0.2510396778,0.146091748,0.0534046396
76,0.04948240705,0.05859698312,0.06226487114,0.05981586951,0.1779094256,0.1020055922,0.1609200052,0.2190381049,0.2556399475,0.2613109683,0.06519446787,0.0761279209,0.07976651,0.07564343766,0.1751983336,0.07880866278,0.1171931763,0.1510034823,0.1661202833,0.1608257966,0.001268383855,0.001654573251,0.001936710423,0.002034310621,0.02394470429,0.005681395769,0.01347103945,0.02676891392,0.04236567696,0.05662231203,0.0009626995707,0.001273553772,0.001511775116,0.001608653207,0.02431523462,0.007353685746,0.01849732048,0.03882964873,0.0651958883,0.09200036002,0.02194385006,0.01855338143,0.01407591762,0.009908109274,0.0422652773,0.007558041389,0.01281468545,0.01865063393,0.02193492218,0.0218515617,0.02962373451,0.02466728648,0.01843089164,0.01279209394,0.04156485754,0.005707849006,0.009075061084,0.01244251007,0.01372182448,0.01288488013,0.0006091436309,0.0005642262248,0.0004689539799,0.0003591035217,0.005788460394,0.0004126692422,0.001027552195,0.002136835029,0.00333583441,0.004261401641,0.0004512245577,0.0004243800537,0.0003581464053,0.0002781434338,0.005886003181,0.0005464354803,0.001450982868,0.003202997438,0.005332473702,0.007226941963,2.977782445e-06,8.450611573e-06,1.815091855e-05,2.870694209e-05,0.0111472463,0.0007549529611,0.004311859971,0.01611651821,0.03705000933,0.06027923266,1.212413934e-08,7.596508291e-08,3.271749854e-07,9.02962602e-07,0.006202424825,0.0002113721046,0.002140516472,0.01225013641,0.03726923595,0.07435143375,4.983668335e-08,3.675560839e-07,1.941821608e-06,6.712571895e-06,0.0144070118,0.001731681342,0.01161748668,0.04746859071,0.1162399507,0.2033500131,4.143065298e-08,3.700433763e-07,2.367525808e-06,9.766390196e-06,0.01946935758,0.003396838825,0.0200460721,0.07271289425,0.161844256,0.26390484,2.54323442e-08,2.893056256e-07,2.357428855e-06,1.215731312e-05,0.02546850375,0.00610651727,0.03064805039,0.09564550427,0.186735186,0.2755342724,3.467785389e-09,6.416135439e-08,8.160143795e-07,6.118880733e-06,0.02909178002,0.007448314648,0.03566910651,0.1018378182,0.1754577206,0.2283767828,4.168152928e-11,2.1310614e-09,6.405114211e-08,9.246736675e-07,0.03189948196,0.005855296303,0.03466473863,0.1013058437,0.15108374,0.153955293,1.554161482e-09,5.95767355e-08,1.342566668e-06,1.485753015e-05,0.06982017612,0.02388324498,0.09668395831,0.1985245908,0.2187802846,0.1650656823,3.167606876e-08,9.117160891e-07,1.542646997e-05,0.0001310383289,0.1236496942,0.06002070294,0.1791595586,0.2772230088,0.2372409702,0.1385018859,5.22883764e-09,2.881966524e-07,8.300837415e-06,0.0001037832764,0.1547933911,0.07091586556,0.1798029006,0.2095380363,0.1188139325,0.04230436848
77,0.05014249062,0.05937073801,0.06307865008,0.06059018475,0.1783098923,0.1017557566,0.1604357598,0.2182651313,0.2545947185,0.2601081955,0.06573641949,0.07668357091,0.08026791997,0.07604827111,0.174552646,0.07736352612,0.1145576546,0.147027884,0.1610622551,0.1553224438,0.001285393757,0.001674629091,0.001957692486,0.002053935158,0.02384839006,0.005549900273,0.0130888805,0.02588032602,0.04074018343,0.05418197373,0.0009804739125,0.00129654845,0.001538455205,0.001636438395,0.02436172674,0.007299748728,0.01833072172,0.03841973783,0.06439892157,0.090734958,0.02225008486,0.01881013146,0.01426906076,0.01004299449,0.04237041613,0.007542023478,0.01278131621,0.01859367828,0.02185730934,0.02176451774,0.02987502644,0.02485005128,0.01854768357,0.0128605036,0.0413997425,0.005597100982,0.008859143128,0.01209597375,0.01327990599,0.01241857018,0.0006172969649,0.0005710230944,0.0004739762736,0.0003625068085,0.00576359136,0.0004027565495,0.0009973014326,0.002063233107,0.003203039933,0.00407086482,0.0004597455296,0.0004322332919,0.0003646383239,0.0002830879717,0.005898726648,0.0005427094066,0.001438832716,0.00317155885,0.005271862219,0.007134509715,3.083567771e-06,8.734667086e-06,1.87264092e-05,2.956665781e-05,0.011127035,0.0007293994349,0.004133194417,0.0153360198,0.03495124922,0.05639618804,1.270723119e-08,7.9420832e-08,3.412093407e-07,9.395373141e-07,0.006188723629,0.0002017490452,0.00202138303,0.01145429001,0.03442544056,0.0678717654,5.155509052e-08,3.793894375e-07,1.999908599e-06,6.899265766e-06,0.01432772256,0.001647906619,0.010951218,0.04435433619,0.1074268832,0.1859500109,4.275174323e-08,3.809990414e-07,2.432232953e-06,1.001284801e-05,0.01934087846,0.003224084735,0.01884718166,0.06776540936,0.1491684123,0.2406433077,2.616020429e-08,2.96927769e-07,2.414191572e-06,1.242464082e-05,0.02526523605,0.005776885966,0.02872028079,0.088844367,0.1715211813,0.2503536749,3.581513818e-09,6.610104793e-08,8.385964825e-07,6.273799883e-06,0.0288480691,0.007001169429,0.0331719527,0.09377457622,0.1595035161,0.2050323718,4.315962085e-11,2.198871737e-09,6.585682219e-08,9.476545159e-07,0.03143994016,0.005298857102,0.03089603763,0.0890232871,0.1301320863,0.1299862997,1.594386562e-09,6.090376544e-08,1.367644617e-06,1.508591559e-05,0.06857773321,0.0214037256,0.08533594402,0.1727611815,0.1865189973,0.1378722155,3.225064149e-08,9.249891894e-07,1.559601176e-05,0.0001320483549,0.1211088368,0.05336334364,0.1568785191,0.2393354652,0.2005744705,0.1146722263,5.294165351e-09,2.905441703e-07,8.332513596e-06,0.0001037662609,0.1507211934,0.06076809166,0.1512175028,0.1731896375,0.09554990585,0.03308925463
78,0.05079599314,0.06013447275,0.06387941888,0.06134990935,0.1786658924,0.1014437789,0.1598314494,0.2173010712,0.2532919234,0.2586099062,0.06626342469,0.0772188309,0.08074506045,0.07642769141,0.173875733,0.07591273632,0.1119231392,0.1430695885,0.1560477916,0.1498879535,0.001302067601,0.001694132485,0.001977901252,0.002072631011,0.02374538631,0.005417830584,0.01270713433,0.02499716858,0.03913339012,0.05178174239,0.0009981346006,0.001319312434,0.00156476671,0.001663738919,0.02439955573,0.007239960438,0.01814637897,0.03796691923,0.06352010208,0.08934187994,0.02255350995,0.01906377772,0.01445929735,0.01017547563,0.04246457775,0.007521180832,0.01273792019,0.01851964711,0.02175648437,0.02165149926,0.03011929722,0.02502597509,0.01865866551,0.01292446069,0.04122709347,0.005486122288,0.008643754645,0.01175174012,0.01284291179,0.01195937572,0.0006252853983,0.0005776277007,0.0004788077096,0.0003657432025,0.005737111552,0.0003928193628,0.0009671465777,0.001990247991,0.003072099763,0.003883961065,0.0004682174472,0.0004400134681,0.0003710459916,0.0002879509739,0.00590931834,0.0005385343795,0.001425241278,0.003136445331,0.005204278558,0.00703160283,3.190025062e-06,9.018716934e-06,1.929792927e-05,3.041452391e-05,0.01110061985,0.0007035056427,0.003953606421,0.01455735426,0.03287594022,0.05258892731,1.330104856e-08,8.291557525e-08,3.552951961e-07,9.759697769e-07,0.006170825053,0.0001921185899,0.001903454081,0.01067444458,0.0316734243,0.06167660676,5.326757007e-08,3.910821585e-07,2.056763476e-06,7.0802093e-06,0.01423942657,0.001564857317,0.01029640609,0.04131891486,0.09892868715,0.1693468788,4.40557239e-08,3.917092545e-07,2.494804698e-06,1.024844622e-05,0.01919949638,0.003053240403,0.01767185189,0.0629554451,0.1369782202,0.218509479,2.686866476e-08,3.042616416e-07,2.468081825e-06,1.267478744e-05,0.02504397608,0.005451904381,0.02683639723,0.08225361904,0.156939727,0.2264790024,3.69155071e-09,6.795435421e-08,8.598619255e-07,6.417416931e-06,0.02857829177,0.006560809971,0.030739288,0.08599856571,0.1443182593,0.1830951607,4.453978001e-11,2.260810937e-09,6.746197026e-08,9.674437744e-07,0.03094310294,0.004771812858,0.02738145419,0.07773312482,0.1112635813,0.1088361418,1.629421439e-09,6.201230098e-08,1.38739736e-06,1.525164626e-05,0.06725079917,0.01907873409,0.07485911952,0.1493164539,0.157770535,0.1141416539,3.269862475e-08,9.343760282e-07,1.569612635e-05,0.0001324431112,0.1184164726,0.04717186628,0.1364759263,0.2051390873,0.168180282,0.09406427343,5.330551028e-09,2.912223806e-07,8.314317233e-06,0.0001031087758,0.146449164,0.051680343,0.1261017325,0.1418141086,0.07602268668,0.02557068812
79,0.05144221175,0.06088735381,0.06466629282,0.06209419612,0.1789781447,0.1010724163,0.1591126636,0.2161552089,0.2517446423,0.2568317064,0.0667750905,0.07773339749,0.08119779055,0.07678173126,0.1731696643,0.07446000194,0.1092966203,0.1391393227,0.1510906066,0.1445371324,0.00131838609,0.001713062216,0.001997317272,0.002090383654,0.02363609807,0.00528561026,0.01232708155,0.02412247713,0.03755086875,0.04942987983,0.001015658622,0.001341814826,0.001590672636,0.001690515315,0.02442890328,0.007174716444,0.01794561234,0.03747466195,0.06256662961,0.08783321057,0.02285379166,0.01931403577,0.01464641031,0.01030539935,0.04254792667,0.007495719235,0.01268494452,0.01842933276,0.02163356967,0.02151380894,0.03035636185,0.02519495749,0.0187638061,0.01298397348,0.04104742929,0.005375192659,0.008429456189,0.01141071829,0.0124119964,0.01150849328,0.0006330996734,0.0005840328903,0.0004834437155,0.0003688102984,0.005709122093,0.0003828888384,0.0009371859518,0.001918121873,0.002943448328,0.003701299601,0.0004766291859,0.0004477099094,0.0003773602745,0.0002927252908,0.005917820247,0.0005339394162,0.001410310646,0.003097938744,0.005130302363,0.006919155313,3.296948456e-06,9.302138276e-06,1.986409198e-05,3.124832168e-05,0.01106825764,0.0006774303364,0.003774283059,0.01378591991,0.03083894792,0.04888497393,1.390440035e-08,8.644071241e-08,3.693919183e-07,1.012141768e-06,0.006148909513,0.0001825463494,0.001787572107,0.009916236997,0.02903255232,0.05580648161,5.496983158e-08,4.026017476e-07,2.112215063e-06,7.254827295e-06,0.01414266516,0.001483012977,0.009657016168,0.0383809432,0.09079586948,0.1536319794,4.533893691e-08,4.021415568e-07,2.55504061e-06,1.047240619e-05,0.01904605712,0.00288530665,0.01652723223,0.05831238528,0.1253450145,0.1976215789,2.755552709e-08,3.112834086e-07,2.518920463e-06,1.290692491e-05,0.02480602896,0.0051335035,0.02500788342,0.07591317971,0.1430741293,0.2040323152,3.797443831e-09,6.971330041e-08,8.797168433e-07,6.549096168e-06,0.02828432094,0.006130375621,0.02838839522,0.07856311617,0.12999634,0.1626801974,4.581256378e-11,2.316447885e-09,6.885556859e-08,9.839128609e-07,0.03041273949,0.004277230853,0.0241366094,0.06746598774,0.09446887995,0.09040834809,1.659033987e-09,6.28957735e-08,1.401736039e-06,1.535440367e-05,0.06584959705,0.01691978074,0.06528754896,0.1282189833,0.132462498,0.09370397136,3.301814433e-08,9.39867476e-07,1.572748133e-05,0.0001322351526,0.1155937033,0.04147158875,0.1179951472,0.1746286646,0.1399179198,0.07648277399,5.338238816e-09,2.902688888e-07,8.248067046e-06,0.0001018424351,0.1420136369,0.04363779372,0.1043144493,0.1150974196,0.05987515856,0.01953541877
80,0.05208045873,0.06162857622,0.06543842918,0.06282224894,0.1792475007,0.1006446378,0.1582854323,0.2148375752,0.249967026,0.2547904962,0.06727107115,0.078227035,0.08162605248,0.07711051187,0.1724365768,0.07300890809,0.1066847563,0.1352471574,0.1462033615,0.1392834223,0.001334331164,0.001731399256,0.002015924308,0.002107182524,0.0235209459,0.005153644322,0.01194992463,0.02325905109,0.03599764881,0.04713367982,0.001033023228,0.001364025506,0.001616137447,0.001716730208,0.02444997949,0.007104429855,0.0177297962,0.0369465668,0.06154595299,0.08622141435,0.02315060252,0.01956062998,0.01483019204,0.01043262085,0.04262066065,0.007465861505,0.0126228747,0.01832359749,0.02148978926,0.02135286979,0.03058605789,0.02535692116,0.01886309413,0.01303906594,0.04086128457,0.005264581294,0.008216778579,0.01107375556,0.01198821584,0.0110669964,0.0006407311458,0.000590232278,0.0004878805157,0.0003717064054,0.005679727758,0.0003729946475,0.0009075113919,0.001847076595,0.00281747426,0.003523411947,0.0004849697249,0.0004553121856,0.0003835723709,0.000297404125,0.005924281429,0.0005289549586,0.001394147655,0.003056333315,0.005050537036,0.006798136894,3.404127435e-06,9.58430739e-06,2.042353676e-05,3.206591675e-05,0.01103022606,0.0006513233204,0.003596318466,0.01302657606,0.02885324226,0.04530753128,1.451602014e-08,8.998734891e-08,3.834584664e-07,1.047936322e-06,0.006123172594,0.0001730919824,0.001674475107,0.00918440683,0.0265180993,0.05029069982,5.665762454e-08,4.139167593e-07,2.166101936e-06,7.422591966e-06,0.01403800604,0.001402800759,0.00903645525,0.03555578825,0.08306749555,0.1388699327,4.659785329e-08,4.122654417e-07,2.612757983e-06,1.068404254e-05,0.01888144265,0.002721166544,0.01541939663,0.05386015295,0.1143228909,0.1780606614,2.821874978e-08,3.179716634e-07,2.566553368e-06,1.312037903e-05,0.02455274683,0.004823365738,0.02324434826,0.06985494373,0.1299858304,0.1830935392,3.898777285e-09,7.137079479e-08,8.980812254e-07,6.668323829e-06,0.02796810856,0.005712564246,0.02613341649,0.07150940183,0.1166031453,0.1438536548,4.696991674e-11,2.365437305e-09,7.002960721e-08,9.969819656e-07,0.02985269941,0.003817116389,0.02116874424,0.05822230586,0.07968275698,0.07454176783,1.683070751e-09,6.355098197e-08,1.410654816e-06,1.539485185e-05,0.06438444041,0.01493314738,0.0566282467,0.1094311019,0.1104354857,0.07631791009,3.320929775e-08,9.415152634e-07,1.569183148e-05,0.0001314466194,0.1126616191,0.03627282568,0.1014240619,0.1476991805,0.1155485265,0.06167274,5.318012502e-09,2.877521448e-07,8.13648795e-06,0.000100010224,0.1374503325,0.03659870014,0.08563906923,0.09263608199,0.04670810398,0.01476426016
81,0.05271006369,0.06235736639,0.06619503046,0.06353332595,0.17947494,0.1001636014,0.1573561731,0.2133588495,0.247974144,0.2525042748,0.06775106907,0.07869957589,0.08202987108,0.07741424158,0.171678666,0.07156290268,0.1040938493,0.1314024763,0.1413976374,0.1341388856,0.001349886074,0.001749126853,0.002033709396,0.002123021046,0.02340036387,0.005022317448,0.01157678327,0.02240944519,0.03447820924,0.04489946964,0.001050206025,0.001385915271,0.001641127234,0.001742348505,0.02446302152,0.007029527649,0.01750034535,0.03638632678,0.0604656809,0.08451917559,0.02344362241,0.0198032945,0.01501044514,0.01055700442,0.04268300964,0.007431845714,0.01255223014,0.01820336467,0.02132645508,0.02117020799,0.03080824588,0.02551181194,0.01895653843,0.0130897775,0.04066920761,0.005154545871,0.008006221188,0.01074163526,0.01157252608,0.01063583545,0.0006481718198,0.0005962202731,0.0004921151445,0.0003744305504,0.005649036469,0.0003631648518,0.000878207926,0.00177731309,0.002694520103,0.003350752715,0.0004932281916,0.0004628101556,0.0003896738535,0.000301981067,0.005928757707,0.0005236125965,0.001376862784,0.00301193231,0.004965602282,0.006669540184,3.511348118e-06,9.864604115e-06,2.097493998e-05,3.286527695e-05,0.01098682162,0.0006253242672,0.003420706026,0.01228361524,0.02692985834,0.04187550452,1.513457424e-08,9.354636684e-08,3.974537696e-07,1.083238903e-06,0.006093823436,0.0001638088144,0.001564794073,0.008482802387,0.02414141652,0.04514816478,5.832677262e-08,4.249970789e-07,2.218273924e-06,7.583027918e-06,0.01392603891,0.001324593992,0.008437571978,0.03285564298,0.07577178076,0.1251007182,4.782910429e-08,4.220526378e-07,2.667793563e-06,1.088276947e-05,0.0187065641,0.002561583107,0.01435335111,0.04961737489,0.1039497173,0.1598737986,2.885646741e-08,3.243076277e-07,2.610852836e-06,1.331463481e-05,0.02428551779,0.00452292254,0.021553556,0.06410309218,0.1177158814,0.1637044638,3.995176224e-09,7.292070646e-08,9.148897728e-07,6.774713018e-06,0.02763166696,0.005309628745,0.02398542614,0.06486704922,0.1041774823,0.1266385063,4.800529108e-11,2.407524399e-09,7.097916474e-08,1.006620267e-06,0.02926686889,0.003392514763,0.01847786075,0.04997761342,0.06679744795,0.06103104595,1.701457838e-09,6.39780535e-08,1.414228064e-06,1.537458433e-05,0.06286561264,0.01312052488,0.04886559956,0.09286250923,0.09146717403,0.06169736145,3.327408136e-08,9.394283996e-07,1.559193061e-05,0.0001301082551,0.1096410479,0.03157304303,0.08670543434,0.1241689294,0.09476554458,0.04934475479,5.27114908e-09,2.837679417e-07,7.983081474e-06,9.766453407e-05,0.132793908,0.03050137352,0.06980901704,0.07397625413,0.0361112168,0.01104600109
82,0.05333037563,0.06307298468,0.0669353472,0.06422674225,0.1796615653,0.09963263025,0.1563316368,0.2117302604,0.2457818302,0.2499919412,0.06821483551,0.07915092073,0.08240935286,0.07769321404,0.1708981778,0.07012528482,0.1015298275,0.1276139553,0.1366839216,0.1291142074,0.001365035452,0.001766230586,0.002050662877,0.002137896626,0.02327479755,0.004891992488,0.01120869091,0.02157596471,0.03299647851,0.04273262586,0.001067185061,0.001407455955,0.001665609872,0.001767337563,0.02446829225,0.006950447046,0.01725870159,0.03579768854,0.05933349574,0.08273924544,0.0237325395,0.02004177417,0.01518698324,0.01067842397,0.04273523453,0.007393923356,0.01247355961,0.01806960989,0.02114495296,0.02096743524,0.03102280971,0.02565959891,0.01904416763,0.01313616267,0.04047175832,0.005045331727,0.007798250644,0.01041507538,0.01116578274,0.01021583907,0.0006554143809,0.0006019921009,0.0004961454543,0.0003769824757,0.005617158795,0.0003534258026,0.0008493535507,0.001709011152,0.002574882686,0.003183701485,0.0005013939043,0.0004701940115,0.0003956567096,0.0003064501259,0.005931311326,0.0005179447929,0.001358569073,0.002965044772,0.004876126872,0.006534368275,3.618394592e-06,1.014241626e-05,2.151702522e-05,3.364448894e-05,0.01093835763,0.0005995618049,0.003248333247,0.0115607504,0.02507790849,0.03860363336,1.575867046e-08,9.71084992e-08,4.113371067e-07,1.117938555e-06,0.006061083053,0.0001547436235,0.001459053304,0.007814409776,0.02191019382,0.04038840583,5.997320731e-08,4.358141819e-07,2.268593442e-06,7.735716392e-06,0.01380737118,0.001248711942,0.007862669107,0.03028967219,0.06892690727,0.1123422325,4.902951067e-08,4.314773618e-07,2.72000499e-06,1.106810564e-05,0.01852235492,0.002407199719,0.01333306535,0.04559766228,0.09424847276,0.1430778712,2.946700738e-08,3.302753152e-07,2.651718569e-06,1.348933939e-05,0.02400575502,0.004233357617,0.01994149743,0.05867456935,0.1062868134,0.145873374,4.086310875e-09,7.435792829e-08,9.300924894e-07,6.86800628e-06,0.02727705038,0.004923385107,0.02195258007,0.05865501457,0.09273453752,0.1110208767,4.891372988e-11,2.442547225e-09,7.170241034e-08,1.012844886e-06,0.02865912911,0.003003630962,0.01605794927,0.04268792776,0.05567527352,0.04964482857,1.714199782e-09,6.418031805e-08,1.412605496e-06,1.529604744e-05,0.06130325495,0.01147971704,0.04196592303,0.07838358777,0.07529436318,0.04953404177,3.321626883e-08,9.337681485e-07,1.543141895e-05,0.0001282582233,0.1065523273,0.02735914468,0.07374727433,0.1038015346,0.07722207563,0.0391961241,5.199358053e-09,2.784351642e-07,7.791976598e-06,9.486498737e-05,0.1280775633,0.02527065634,0.05653004253,0.05864622044,0.02768653943,0.008186723045
83,0.05394076495,0.06377472779,0.06765868051,0.06490187233,0.1798085967,0.09905518907,0.1552188527,0.2099634851,0.2434065278,0.2472730946,0.06866217099,0.07958103793,0.08276468468,0.07794780587,0.1700974004,0.06869919514,0.09899823086,0.1238895495,0.1320716072,0.1242187146,0.001379765362,0.001782698418,0.002066778418,0.002151810618,0.02314470198,0.004763009321,0.01084659258,0.02076066415,0.03155584222,0.04063760251,0.001083938914,0.001428620552,0.001689555168,0.00179166734,0.02446607869,0.00686763197,0.01700632064,0.03518441559,0.05815707213,0.08089429813,0.02401705126,0.0202758254,0.01535963156,0.01079676349,0.04277762575,0.007352357479,0.01238743664,0.01792335183,0.02094672851,0.020746231,0.03122965681,0.02580027417,0.0191260298,0.01317829063,0.04026950615,0.004937171201,0.007593299933,0.01009472801,0.01076874187,0.00980771687,0.0006624522218,0.0006075438179,0.0004999701184,0.0003793626321,0.005584207457,0.0003438020661,0.0008210191081,0.001642329481,0.002458814089,0.00302256561,0.0005094564139,0.0004774543206,0.0004015133768,0.0003108057588,0.005932010584,0.0005119846141,0.001339381069,0.002915982389,0.004782741737,0.00639362302,3.725050255e-06,1.041714394e-05,2.204857303e-05,3.440177347e-05,0.01088516199,0.0005741528703,0.003079979176,0.01086111588,0.02330463845,0.03550271654,1.638686767e-08,1.006644064e-07,4.250684831e-07,1.151928992e-06,0.00602518264,0.000145936584,0.001357673183,0.007181400846,0.01982879245,0.03601275683,6.159300019e-08,4.463413745e-07,2.316936676e-06,7.880298724e-06,0.01368262363,0.001175420652,0.007313526673,0.02786421472,0.06254200455,0.1005931328,5.019610958e-08,4.405165388e-07,2.769271959e-06,1.123967757e-05,0.01832976408,0.002258542903,0.01236152434,0.04180998233,0.08522881911,0.1276637147,3.004890397e-08,3.358616547e-07,2.689078257e-06,1.36443026e-05,0.02371488618,0.003955615075,0.01841249467,0.05357968613,0.09570477671,0.1295800238,4.171899817e-09,7.567842232e-08,9.436550032e-07,6.948075851e-06,0.02690633721,0.004555230252,0.02004032555,0.05288265646,0.08226915816,0.09695665407,4.969191237e-11,2.470436813e-09,7.220053029e-08,1.015718668e-06,0.02803331753,0.002649958849,0.01389822649,0.03629490303,0.04615996318,0.04014106438,1.721376491e-09,6.416410601e-08,1.406005519e-06,1.516244427e-05,0.05970726454,0.01000536583,0.03588189107,0.06583774592,0.06163210056,0.03951585116,3.304124806e-08,9.247418302e-07,1.521469183e-05,0.0001259407803,0.1034151013,0.02360975389,0.06243263698,0.08632582901,0.06255396071,0.03092745578,5.10471013e-09,2.718910349e-07,7.56776941e-06,9.167617014e-05,0.1233327077,0.02082362528,0.04549870159,0.04618166655,0.02106463023,0.006015126422
84,0.05454062514,0.06446193089,0.06836438426,0.06555815208,0.1799173655,0.09843486027,0.1540250743,0.2080705499,0.2408651358,0.2443678384,0.0690929254,0.07998996297,0.0830961319,0.07817847395,0.1692786562,0.06728760815,0.09650420205,0.1202364895,0.1275690043,0.1194604084,0.00139406335,0.001798520724,0.002082053002,0.002164768267,0.02301053972,0.004635684024,0.01049134391,0.01996534925,0.03015915728,0.03861796996,0.00110044677,0.001449383327,0.001712934985,0.001815310534,0.0244566904,0.006781529641,0.01674465972,0.03455025354,0.05694400103,0.07899679875,0.02429686529,0.02050521689,0.01552822754,0.01091191749,0.04281050182,0.007307420808,0.01229445487,0.01776564325,0.02073327304,0.02050832498,0.03142871818,0.02593385269,0.01920219202,0.01321624473,0.04006302814,0.004830283127,0.007391767889,0.009781179478,0.01038206182,0.009412063317,0.0006692794651,0.0006128723211,0.0005035886268,0.0003815721664,0.005550296843,0.000334316372,0.0007932682551,0.001577405991,0.002346523132,0.002867583788,0.0005174055434,0.0004845820641,0.0004072367766,0.0003150428946,0.005930929441,0.0005057654695,0.001319413827,0.002865056526,0.004686073503,0.006248294159,3.831099179e-06,1.068820378e-05,2.256843006e-05,3.513549898e-05,0.01082757505,0.0005492023156,0.002916314129,0.0101872805,0.02161552063,0.03257990792,1.701768594e-08,1.042047536e-07,4.386089973e-07,1.185109631e-06,0.00598636186,0.0001374213477,0.001260975033,0.006585195804,0.01789862578,0.03201560841,6.318239367e-08,4.56554011e-07,2.363194571e-06,8.016478984e-06,0.01355242628,0.001104934723,0.006791433844,0.02558302791,0.05661823455,0.08983580924,5.132617859e-08,4.491499857e-07,2.815497071e-06,1.139722143e-05,0.01812974957,0.00211602714,0.01144079592,0.03825909626,0.07688881161,0.1136004007,3.060090964e-08,3.410565728e-07,2.722887769e-06,1.377949506e-05,0.0234143434,0.003690411611,0.01696933181,0.04882281173,0.08596182763,0.1147806934,4.251712463e-09,7.687924701e-08,9.555586191e-07,7.01492166e-06,0.02652161289,0.004206167806,0.01825165547,0.04755093238,0.07275926389,0.08437801157,5.03381615e-11,2.491215133e-09,7.247758509e-08,1.015346939e-06,0.02739319243,0.002330412579,0.01198432291,0.03073053765,0.03808631973,0.03227914803,1.723138484e-09,6.393847973e-08,1.394707149e-06,1.497762392e-05,0.05808720415,0.00868966075,0.03055664101,0.05505232312,0.05018941455,0.03134080586,3.275582465e-08,9.125957478e-07,1.494675588e-05,0.0001232048666,0.1002481438,0.02029738034,0.05262845916,0.07145294752,0.05039817901,0.02425474001,4.989559148e-09,2.642861072e-07,7.315359835e-06,8.816538991e-05,0.1185886874,0.01707436434,0.03641677362,0.03614392436,0.01591433887,0.004384673823
85,0.05512937453,0.06513396948,0.06905186695,0.0661950803,0.1799893081,0.09777532022,0.152757725,0.2060637322,0.2381748595,0.2412965894,0.06950699782,0.08037779731,0.08340403618,0.07838575225,0.1684442939,0.06589332651,0.09405248178,0.1166612845,0.1231833626,0.1148460096,0.001407918477,0.001813690304,0.002096486892,0.002176778617,0.02287277892,0.004510308348,0.01014371124,0.01919158188,0.02880877202,0.03667646263,0.001116688499,0.001469719908,0.001735723361,0.001838242681,0.02444045777,0.006692587343,0.01647516602,0.03389889804,0.05570172045,0.07705888411,0.02457170022,0.02072973032,0.01569262129,0.0110237912,0.04283420774,0.00725939388,0.01219522348,0.01759756208,0.02050610983,0.02025548002,0.03161994832,0.02606037185,0.01927273981,0.01325012191,0.03985290694,0.004724872488,0.007194019053,0.009474951161,0.01000630604,0.009029362623,0.0006758909794,0.0006179753519,0.0005070012782,0.0003836129053,0.005515542534,0.0003249895854,0.0007661575169,0.001514358352,0.002238177302,0.002718930273,0.0005252314253,0.0004915686722,0.0004128203425,0.0003191569557,0.0059281471,0.0004993208629,0.001298781957,0.002812575458,0.004586738541,0.006099349435,3.936327448e-06,1.09550329e-05,2.307551737e-05,3.584419339e-05,0.01076594746,0.0005248027517,0.002757901486,0.009541270775,0.02001437643,0.02983906418,1.764961709e-08,1.077202886e-07,4.519211924e-07,1.217386534e-06,0.005944867149,0.0001292252477,0.001169187618,0.006026536347,0.01611856605,0.02838567076,6.473782951e-08,4.664296842e-07,2.407273634e-06,8.14402576e-06,0.01341741434,0.001037419872,0.006297227421,0.02344756077,0.05114992809,0.08003935508,5.241725681e-08,4.573605568e-07,2.858606371e-06,1.154058342e-05,0.01792327211,0.001979961334,0.01057211011,0.03494603996,0.0692166673,0.1008394643,3.112200339e-08,3.45853036e-07,2.753130954e-06,1.389504421e-05,0.0231055537,0.003438251928,0.01561340388,0.04440311762,0.07703825517,0.1014131157,4.32557072e-09,7.795856659e-08,9.658001132e-07,7.068667234e-06,0.02612495391,0.003876839931,0.01658739151,0.04265365437,0.06416922368,0.07319956227,5.085241522e-11,2.504991082e-09,7.254030562e-08,1.011873392e-06,0.02674240128,0.002043454251,0.01029937397,0.02592129048,0.03128806581,0.02582895392,1.719700673e-09,6.351491202e-08,1.379040871e-06,1.474596088e-05,0.05645222374,0.00752300305,0.02592741733,0.04584779344,0.04068155306,0.02472681013,3.236800108e-08,8.976075537e-07,1.463307892e-05,0.0001201026752,0.09706921181,0.01739039271,0.04419318389,0.05889032262,0.04040661476,0.01891734543,4.85646111e-09,2.557792455e-07,7.039793003e-06,8.440055608e-05,0.1138725768,0.01393775478,0.02900175648,0.02813188302,0.01194737338,0.003173404969
86,0.05570645765,0.06579026096,0.06972059311,0.06681221983,0.1800259585,0.09708031611,0.151424346,0.2039554659,0.2353530671,0.2380798961,0.06990433613,0.08074470695,0.08368881285,0.07857024832,0.1675966811,0.06451897717,0.0916474081,0.1131697326,0.118920903,0.1103810141,0.001421321349,0.001828202382,0.002110083586,0.002187854408,0.02273189147,0.004387149482,0.009804372727,0.01844068746,0.02750655096,0.03481503361,0.001132644725,0.001489607386,0.001757896595,0.001860442252,0.02441773025,0.006601249388,0.01619926585,0.03323396561,0.05443745357,0.07509225791,0.02484128635,0.02094916097,0.01585267602,0.01113230094,0.0428491133,0.007208563215,0.01209036277,0.01742020277,0.02026678085,0.01998947561,0.03180332505,0.02617989095,0.01933777648,0.01328003206,0.03963972892,0.004621130207,0.007000383861,0.009176500917,0.009641946669,0.008659994473,0.000682282391,0.0006228514937,0.0005102091648,0.0003854873339,0.005480060853,0.0003158406997,0.0007397364178,0.001453284731,0.002133905054,0.00257671956,0.0005329245361,0.0004984060561,0.0004182580452,0.0003231438743,0.005923747582,0.000492684159,0.001277598747,0.002758841843,0.004485337615,0.00594772583,4.040524471e-06,1.121709269e-05,2.356883786e-05,3.652655404e-05,0.01070063805,0.0005010346057,0.00260520127,0.008924602601,0.01850352024,0.02728112539,1.828113554e-08,1.112019173e-07,4.649693864e-07,1.248673254e-06,0.005900950049,0.0001213696015,0.001082454891,0.005505565369,0.01448535853,0.02510719522,6.625597488e-08,4.759483883e-07,2.449096529e-06,8.262773095e-06,0.01327822441,0.0009729961125,0.005831335013,0.02145724319,0.04612572565,0.07116242294,5.346716247e-08,4.651342504e-07,2.898549585e-06,1.166971866e-05,0.01771128932,0.001850556562,0.009755946402,0.03186862581,0.0621925198,0.08931892853,3.161139618e-08,3.502470523e-07,2.779819073e-06,1.399122814e-05,0.02278993012,0.003199446556,0.01434487717,0.04031534166,0.06890485838,0.08940110449,4.393349823e-09,7.891564293e-08,9.74391285e-07,7.109553708e-06,0.02571841289,0.003567563353,0.01504648216,0.03817874742,0.0564530676,0.06332394787,5.123616426e-11,2.511954711e-09,7.239783817e-08,1.005475297e-06,0.02608445298,0.001787213173,0.008824984328,0.02179152982,0.02560387561,0.02057702482,1.71133498e-09,6.290692592e-08,1.35937881e-06,1.44722297e-05,0.05481099488,0.006494604435,0.02192867597,0.03804517484,0.03283889528,0.0194177799,3.188674068e-08,8.800783639e-07,1.427943935e-05,0.000116688252,0.09389492602,0.01485474497,0.03698305593,0.04835255594,0.03225556726,0.0146825523,4.708093938e-09,2.465328087e-07,6.746111707e-06,8.04482657e-05,0.1092090297,0.01133230975,0.0229938335,0.02178856714,0.008918929553,0.002282212644
87,0.05627134659,0.06643026597,0.07037008441,0.06740919831,0.180028942,0.0963536434,0.1500325461,0.2017582514,0.2324171529,0.234738267,0.07028493625,0.08109092064,0.08395094797,0.07873263944,0.1667381972,0.06316700935,0.08929291957,0.1097669378,0.1147868576,0.1060697581,0.001434264125,0.001842054588,0.002122849735,0.002198011935,0.02258835122,0.004266450096,0.009473920375,0.01771376461,0.02625390361,0.03303491454,0.00114829689,0.001509024379,0.001779433332,0.001881890706,0.02438887453,0.006507954316,0.01591835503,0.03255896761,0.05315815466,0.07310810099,0.02510536639,0.02116331815,0.01600826832,0.01123737419,0.04285561132,0.007155219528,0.0119804998,0.01723466805,0.02001683413,0.01971209248,0.03197884911,0.02629249062,0.01939742239,0.01330609733,0.03942408239,0.004519233083,0.006811159144,0.008886225008,0.009289368754,0.008304240419,0.0006884500903,0.0006275001647,0.0005132141532,0.0003871985705,0.005443968425,0.0003068868494,0.0007140476797,0.001394264705,0.00203379838,0.002441011411,0.000540475728,0.0005050866354,0.0004235444125,0.000327000105,0.00591781928,0.0004858883659,0.001255975364,0.002704150452,0.004382451157,0.005794321965,4.14348425e-06,1.147387225e-05,2.404748272e-05,3.718145547e-05,0.01063201173,0.0004779663697,0.002458575211,0.008338319235,0.01708391769,0.02490451134,1.891070934e-08,1.146407772e-07,4.777199761e-07,1.278891569e-06,0.005854865599,0.0001138700959,0.001000844582,0.005021909704,0.01299402684,0.02216111463,6.773374561e-08,4.850926502e-07,2.488602466e-06,8.372620588e-06,0.01313549083,0.0009117413985,0.005393821066,0.01960978022,0.04152968385,0.06315588486,5.447400713e-08,4.724602736e-07,2.935300045e-06,1.178468865e-05,0.01749475015,0.001727934745,0.008992125369,0.02902194709,0.05579010311,0.07896701225,3.206853335e-08,3.542376345e-07,2.802989884e-06,1.406846771e-05,0.02246886356,0.002974131271,0.01316285456,0.03655054494,0.06152510265,0.07865876305,4.454978362e-09,7.975081088e-08,9.813582875e-07,7.137932145e-06,0.02530400499,0.003278367915,0.01362630339,0.03410946471,0.0495574362,0.05464673292,5.149235998e-11,2.51236999e-09,7.206144971e-08,9.963582328e-07,0.02542269438,0.001559593461,0.007542048258,0.01826629721,0.02088171465,0.01633031288,1.698362086e-09,6.212970991e-08,1.336124609e-06,1.416147943e-05,0.05317165776,0.005593007301,0.0184946201,0.03147168761,0.02641289074,0.01518675889,3.132172557e-08,8.60324912e-07,1.389178057e-05,0.0001130161749,0.09074068099,0.01265543004,0.03085708033,0.03956935052,0.02565158178,0.01134733094,4.547181136e-09,2.367082148e-07,6.439225088e-06,7.637215504e-05,0.1046201887,0.00918213852,0.01815985561,0.01680350521,0.006625584662,0.001632240379
88,0.05682354199,0.0670534893,0.07099992031,0.0679857083,0.1799999672,0.09559912431,0.1485899534,0.1994845704,0.2293844103,0.2312920118,0.07064884119,0.08141672775,0.08419099494,0.07887366846,0.1658712256,0.06183969418,0.08699256202,0.1064573324,0.1107855172,0.1019154892,0.001446740524,0.001855246917,0.002134795054,0.002207270896,0.02244263225,0.004148428618,0.009152862824,0.01701169668,0.02505181623,0.03133667905,0.001163627309,0.001527951107,0.001800314616,0.001902572534,0.02435427275,0.006413132349,0.01563379017,0.03187728762,0.0518704632,0.07111699703,0.02536369593,0.02137202563,0.01615928841,0.0113389497,0.04285411583,0.007099656024,0.01186626431,0.01704206106,0.01975781197,0.01942509804,0.03214654374,0.02639827203,0.01945181413,0.01332845135,0.03920655583,0.004419343848,0.006626608913,0.00860446051,0.008948875111,0.00796229079,0.0006943912323,0.0006319216037,0.0005160188599,0.0003887503383,0.005407381766,0.0002981433408,0.0006891274793,0.00133736031,0.001937915608,0.002311816094,0.0005478762574,0.0005116033615,0.0004286745454,0.0003307226336,0.005910454504,0.0004789659367,0.001234020133,0.002648786178,0.004278635216,0.005639991738,4.245006587e-06,1.172489157e-05,2.451063682e-05,3.780795518e-05,0.0105604375,0.0004556550135,0.002318292989,0.00778303391,0.01575535163,0.02270551886,1.953681105e-08,1.180283076e-07,4.901417104e-07,1.307972094e-06,0.00580687078,0.0001067372315,0.000924357261,0.004574762828,0.01163825715,0.0195260743,6.91683263e-08,4.938476305e-07,2.525747385e-06,8.473532676e-06,0.01298984232,0.0008536955894,0.004984434089,0.01790144181,0.03734231712,0.05596523662,5.543620614e-08,4.793310691e-07,2.96885433e-06,1.188565754e-05,0.01727458992,0.001612137901,0.008279901398,0.02639886903,0.0499783202,0.06970544568,3.249309416e-08,3.578267261e-07,2.822706421e-06,1.412731702e-05,0.02214371543,0.00276228741,0.01206554033,0.03309683877,0.05485710231,0.06909419555,4.51043753e-09,8.04654384e-08,9.867407633e-07,7.154254474e-06,0.02488369567,0.003009036128,0.01232295154,0.03042552402,0.04342420257,0.04706054092,5.162529679e-11,2.506566396e-09,7.1544205e-08,9.847505415e-07,0.0247602909,0.001358367955,0.006431421027,0.01527341245,0.01698168809,0.01291793187,1.681142649e-09,6.119972302e-08,1.309703369e-06,1.381891211e-05,0.05154178097,0.00480652081,0.01556117818,0.0259648026,0.0211794858,0.0118367027,3.068311699e-08,8.386720029e-07,1.347607478e-05,0.0001091403516,0.0876205823,0.01075765509,0.02568071826,0.03229082908,0.02033427593,0.00873807037,4.376422018e-09,2.264620292e-07,6.123797137e-06,7.223155509e-05,0.1001256483,0.007418160492,0.0142949403,0.01291199347,0.004901492063,0.001161909003
89,0.05736257395,0.06765948065,0.07160973832,0.0685415072,0.1799408188,0.09482058727,0.1471041707,0.1971468066,0.2262719148,0.2277610969,0.07099613979,0.08172247585,0.08440957092,0.07899413936,0.1649981479,0.06053912583,0.0847494983,0.1032447035,0.1069202841,0.09792044357,0.001458745819,0.001867781683,0.002145932204,0.002215654218,0.0222952073,0.004033279743,0.00884162883,0.01633516463,0.02390088579,0.02972030813,0.00117861922,0.001546369433,0.001820523928,0.001922475272,0.02431432054,0.006317203108,0.01534688113,0.03119216222,0.05058066614,0.06912887372,0.02561604397,0.02157512191,0.01630564018,0.01143697749,0.04284506015,0.007042166762,0.01174828489,0.01684347809,0.01949123996,0.01913023326,0.03230645403,0.02649735611,0.01950110364,0.01334723845,0.03898773632,0.00432161135,0.006446965384,0.008331488108,0.008620691568,0.007634251948,0.0007001037322,0.0006361168518,0.0005186266225,0.0003901469324,0.005370416892,0.0002896236991,0.0006650057551,0.001282617196,0.001846284326,0.002189099713,0.0005551178094,0.000517949737,0.0004336441287,0.0003343089809,0.005901749024,0.0004719485911,0.001211837911,0.002593022323,0.00417441809,0.005485539177,4.344898205e-06,1.196970422e-05,2.495758303e-05,3.840529727e-05,0.01048628654,0.000434146534,0.002184539366,0.007258975296,0.01451658999,0.02067870773,2.015792855e-08,1.213563147e-07,5.022059293e-07,1.335854765e-06,0.005757223046,9.99768096e-05,0.0008529355639,0.004162965002,0.01041075166,0.01717933614,7.055718707e-08,5.022011906e-07,2.560503938e-06,8.565537163e-06,0.01284189892,0.0007988645978,0.004602653671,0.01632734035,0.03354155245,0.04953271009,5.635248539e-08,4.857423015e-07,2.99923163e-06,1.197288719e-05,0.01705172567,0.001503137684,0.007618053928,0.02399049422,0.04472266539,0.06145234966,3.288498855e-08,3.610190949e-07,2.839055492e-06,1.416845255e-05,0.02181581106,0.002563762434,0.01105039992,0.0299400645,0.04885539406,0.06061268235,4.559759648e-09,8.106187302e-08,9.905908136e-07,7.159063284e-06,0.02445938999,0.002759142405,0.01113152044,0.02710414001,0.03799273147,0.04045842195,5.164047396e-11,2.494929669e-09,7.086062736e-08,9.70897694e-07,0.02410021138,0.001181257535,0.005474445126,0.0127449784,0.01377763983,0.01019138501,1.660068286e-09,6.013430273e-08,1.280551956e-06,1.344976895e-05,0.04992833315,0.004123572613,0.01306746375,0.02137488166,0.01694053655,0.009199572463,2.998132539e-08,8.154454864e-07,1.303819992e-05,0.0001051129639,0.08454740984,0.00912774977,0.0213284498,0.02629064204,0.01607684917,0.006708897739,4.198430463e-09,2.159426685e-07,5.804157168e-06,6.808046804e-05,0.09574246574,0.00597870476,0.01122228046,0.009892250601,0.003613704097,0.0008239286444
90,0.05788800265,0.0682478349,0.07219923388,0.06907641651,0.1798533495,0.09402184769,0.1455827334,0.1947571732,0.2230964179,0.2241650153,0.07132696522,0.08200856795,0.08460735294,0.07909491262,0.1641213373,0.05926722426,0.08256652096,0.1001322249,0.1031937293,0.09408592693,0.001470276813,0.001879663452,0.002156276667,0.002223187865,0.02214654627,0.003921175138,0.008540571316,0.01568466116,0.02280135522,0.02818525618,0.001193256825,0.001564262907,0.001840047206,0.001941589489,0.02426942525,0.006220573618,0.01505888468,0.03050666528,0.04929466845,0.06715295889,0.02586219323,0.02177246039,0.01644724127,0.01153141878,0.04282889502,0.006983045123,0.01162718533,0.01664000188,0.01921861708,0.01882920077,0.03245864623,0.02658988256,0.01954545719,0.01336261284,0.03876820793,0.004226170842,0.006272430224,0.008067535206,0.008304972548,0.007320153779,0.0007055862556,0.0006400877284,0.0005210414663,0.0003913931851,0.005333188957,0.0002813397297,0.0006417065556,0.00123006587,0.001758904398,0.002072789525,0.0005621925189,0.0005241198293,0.0004384494374,0.0003377572023,0.005891801611,0.0004648671577,0.001189529541,0.00253711919,0.004070297634,0.005331714511,4.44297379e-06,1.220789974e-05,2.538770539e-05,3.897291389e-05,0.01040993036,0.0004134766149,0.002057421932,0.006766034265,0.0133655506,0.0188172656,2.077257536e-08,1.246170306e-07,5.138867648e-07,1.362489192e-06,0.005706178941,9.359044263e-05,0.0007864732874,0.00378507884,0.009303545228,0.01509754793,7.18980968e-08,5.101439291e-07,2.592861274e-06,8.648723033e-06,0.01269226916,0.0007472245999,0.004247736078,0.01488169007,0.03010358255,0.0437990773,5.722188437e-08,4.916928069e-07,3.026472867e-06,1.20467312e-05,0.01682705214,0.00140084493,0.007004974935,0.02178659302,0.03998648103,0.0541246635,3.324435128e-08,3.638221944e-07,2.85214595e-06,1.419266123e-05,0.02148643401,0.002378290189,0.01011431104,0.02706441383,0.04347248128,0.05311931249,4.603026026e-09,8.154337656e-08,9.929718335e-07,7.152980806e-06,0.02403292333,0.002528090922,0.01004635672,0.02412093634,0.03320176419,0.0347364826,5.154444219e-11,2.477892047e-09,7.002635434e-08,9.550567492e-07,0.02344521695,0.001025995822,0.004653342075,0.01061836309,0.01115775588,0.008023699082,1.635552614e-09,5.895128765e-08,1.249109954e-06,1.305922708e-05,0.04833766634,0.003532980421,0.01095677561,0.01756664337,0.01352369648,0.007134302513,2.922679682e-08,7.909659263e-07,1.258383245e-05,0.0001009835788,0.08153260507,0.007733829585,0.01768536588,0.0213672956,0.01268491726,0.005139129567,4.015683556e-09,2.052877745e-07,5.484232926e-06,6.396686256e-05,0.09148521533,0.004809632466,0.008791701673,0.007561297589,0.002657236034,0.0005825219303
91,0.05839941875,0.06881819218,0.07276815981,0.06959032077,0.1797394727,0.09320669012,0.1440330719,0.1923276476,0.2198742525,0.2205226735,0.07164149327,0.08227545959,0.08478507368,0.07917690037,0.1632431524,0.05802573913,0.08044606725,0.09712249113,0.09960765342,0.09041239722,0.001481331818,0.00189089896,0.002165846594,0.002229900632,0.02199711478,0.003812264321,0.008249971864,0.0150605056,0.02175314937,0.02673051652,0.001207525321,0.001581616787,0.001858872845,0.001959908755,0.02422000405,0.006123636588,0.01477099915,0.02982369562,0.04801797145,0.06519775108,0.02610194044,0.02196390941,0.01658402298,0.01162224584,0.0428060866,0.006922582385,0.01150358138,0.01643269549,0.01894140686,0.01852365435,0.03260320692,0.02667600887,0.01958505446,0.01337473769,0.03854855036,0.004133144365,0.006103175978,0.0078127793,0.008001806884,0.007019957272,0.0007108382035,0.0006438368022,0.0005232680671,0.0003924944276,0.005295811918,0.0002733015907,0.0006192484188,0.001179722983,0.001675750989,0.001962779161,0.0005690929881,0.0005301082808,0.0004430873382,0.0003410658836,0.005880713579,0.0004577514383,0.001167191411,0.002481322944,0.003966739231,0.005179211404,4.539056916e-06,1.243910557e-05,2.580049106e-05,3.951042465e-05,0.01033173907,0.0003936713708,0.001936979197,0.006303810639,0.01229945892,0.01711334471,2.137930057e-08,1.27803167e-07,5.251613026e-07,1.387834876e-06,0.005653992827,8.757607335e-05,0.0007248241437,0.003439458855,0.008308281566,0.01325737743,7.318913278e-08,5.176691846e-07,2.622824645e-06,8.723237624e-06,0.01254154756,0.0006987262051,0.003918757509,0.01355804418,0.02700360957,0.03870514618,5.804375555e-08,4.971845079e-07,3.050639584e-06,1.210762818e-05,0.01660143818,0.001305118994,0.006438750983,0.01977599253,0.03573203979,0.04764012832,3.357153359e-08,3.662460004e-07,2.862106769e-06,1.420082778e-05,0.02115682116,0.002205510429,0.009253703371,0.02445298157,0.03866014289,0.04652109208,4.640364241e-09,8.191404992e-08,9.939572455e-07,7.136697357e-06,0.02360605369,0.002315151261,0.009061289198,0.02145073017,0.02899093755,0.02979583845,5.134464015e-11,2.455922307e-09,6.905779868e-08,9.374910588e-07,0.02279785376,0.0008903799286,0.003951484822,0.008836745922,0.009024415805,0.006307838148,1.6080226e-09,5.766866474e-08,1.215811483e-06,1.265230894e-05,0.04677550969,0.003024150612,0.009177207056,0.01441969292,0.01078122194,0.00552410748,2.842982027e-08,7.655430886e-07,1.211835758e-05,9.679843508e-05,0.07858627989,0.006546244484,0.0146479637,0.01734411858,0.009994231307,0.003930283733,3.830480782e-09,1.946222694e-07,5.167505858e-06,5.993226989e-05,0.08736607808,0.003864109467,0.006877425991,0.005770218162,0.001950288645,0.0004109806429
92,0.0588964436,0.06937023756,0.07331632538,0.07008316605,0.1796011542,0.0923788518,0.1424624768,0.1898699132,0.2166212512,0.2168522937,0.07193994036,0.08252365554,0.08494351715,0.07924106143,0.1623659322,0.05681625496,0.07839023629,0.09421755469,0.09616314961,0.08689954864,0.001491910608,0.001901497023,0.002174662648,0.002235823923,0.02184737293,0.003706675681,0.007970045574,0.01446285926,0.02075591096,0.02535468522,0.001221410923,0.001598418045,0.001876991672,0.001977429585,0.02416648211,0.006026768988,0.01448436038,0.02914596798,0.04675565871,0.0632710035,0.02633509642,0.02214935225,0.01671593003,0.01170944172,0.04277711452,0.00686106641,0.01137807777,0.01622259698,0.0186610296,0.01821519001,0.03274024205,0.02675590914,0.01962008736,0.01338378429,0.03832933756,0.004042641223,0.005939347655,0.00756735154,0.007711223752,0.006733562074,0.0007158596927,0.0006473673582,0.000525311711,0.0003934564504,0.005258398225,0.000265517877,0.0005976447761,0.001131592648,0.001596777566,0.001858933662,0.0005758122985,0.0005359103133,0.000447555286,0.0003442341324,0.00586858833,0.0004506300923,0.001144915088,0.002425864768,0.003864174399,0.005028665286,4.63298087e-06,1.266298848e-05,2.61955312e-05,4.001763406e-05,0.01025207987,0.0003747481494,0.001823188827,0.00587165878,0.01131499566,0.0155583654,2.197669807e-08,1.309079606e-07,5.36009702e-07,1.411861292e-06,0.005600915705,8.192848965e-05,0.0006678099914,0.003124314013,0.007416447934,0.01163601716,7.442868664e-08,5.247730091e-07,2.650414837e-06,8.789283236e-06,0.01239031248,0.000653298497,0.003614654276,0.0123495068,0.02421647729,0.03419296074,5.881776037e-08,5.022222955e-07,3.071812647e-06,1.21560942e-05,0.0163757237,0.001215776694,0.005917238598,0.0179469204,0.03192145209,0.04191885037,3.38670928e-08,3.683028244e-07,2.869084975e-06,1.419392151e-05,0.02082815879,0.002044987228,0.008464685136,0.02208824704,0.034370511,0.04072856561,4.671944912e-09,8.217875029e-08,9.936291645e-07,7.110959531e-06,0.02318045548,0.002119491224,0.008169830225,0.01906818794,0.02530196025,0.02554396821,5.104922615e-11,2.429515888e-09,6.797182357e-08,9.184653477e-07,0.02216044934,0.0007723084369,0.003353568115,0.007349315749,0.007293510819,0.004954701892,1.57791045e-09,5.63042491e-08,1.181078018e-06,1.223380584e-05,0.04524697296,0.00258721295,0.007681936147,0.01182834289,0.008588074603,0.00427349024,2.760035985e-08,7.394713306e-07,1.164679778e-05,9.259990859e-05,0.07571724474,0.005537845919,0.01212431779,0.01406824836,0.00786774123,0.003002970404,3.64491388e-09,1.840570703e-07,4.856986979e-06,5.60116505e-05,0.08339496173,0.003102141089,0.005375409319,0.004399282002,0.001429884863,0.0002896028781
93,0.05937872919,0.06990370044,0.07384359495,0.07055495804,0.1794404045,0.0915420079,0.1408780685,0.187395309,0.2133526764,0.2131713332,0.07222256138,0.08275370637,0.08508351416,0.07928839617,0.1614919908,0.05564019738,0.07640080785,0.09141896541,0.09286066789,0.08354639528,0.001502014377,0.001911468424,0.002182747827,0.002240991523,0.02169777413,0.003604517633,0.007700946167,0.01389174107,0.01980903595,0.02405602251,0.001234900884,0.001614655367,0.001894396911,0.001994151358,0.02410929078,0.005930330898,0.01420003861,0.02847600712,0.04551238897,0.06137972047,0.02656148619,0.02232868694,0.01684292038,0.01179299999,0.04274246995,0.006798780458,0.01125126554,0.01601071466,0.01837885575,0.01790533837,0.03286987588,0.02682977298,0.01965075899,0.01338993112,0.03811113655,0.003954758528,0.005781064433,0.007331340421,0.00743319865,0.006460813941,0.0007206515306,0.0006506833595,0.0005271782508,0.0003942854609,0.005221058547,0.0002579957119,0.0005769043722,0.001085667772,0.001521918824,0.00176109428,0.0005823440207,0.0005415217282,0.0004518513157,0.0003472615651,0.005855530909,0.0004435305448,0.00112278705,0.002370960276,0.003763000002,0.004880652698,4.724589339e-06,1.287925563e-05,2.657252068e-05,4.049452701e-05,0.0101713155,0.0003567163708,0.001715975803,0.005468731124,0.01040843218,0.01414328397,2.256341493e-08,1.339252115e-07,5.464152737e-07,1.434547848e-06,0.005547194164,7.663982346e-05,0.0006152284165,0.00283776275,0.006619568945,0.0102115698,7.561546666e-08,5.31454111e-07,2.675667448e-06,8.847113259e-06,0.01223912422,0.0006108528774,0.003334259437,0.01124891869,0.0217171942,0.03020672766,5.954386174e-08,5.068138825e-07,3.090090776e-06,1.219271483e-05,0.01615071716,0.001132600716,0.005438132175,0.01628730223,0.02851740509,0.0368844808,3.413177988e-08,3.700071082e-07,2.873243473e-06,1.417298289e-05,0.02050157929,0.001896226038,0.007743155391,0.01995248348,0.03055692971,0.035657,4.697978069e-09,8.234300264e-08,9.920770254e-07,7.076558406e-06,0.0227577147,0.00194020641,0.007365348122,0.01694835725,0.02207947945,0.02189555788,5.066690981e-11,2.399185377e-09,6.678543999e-08,8.982412739e-07,0.02153511225,0.0006698080816,0.002845694939,0.006111203559,0.005893414945,0.003890944281,1.545646197e-09,5.487540214e-08,1.145312338e-06,1.180821623e-05,0.04375655841,0.002213101315,0.00642926646,0.009700927935,0.006839627733,0.003305213956,2.674791375e-08,7.130259209e-07,1.117375951e-05,8.842614733e-05,0.07293305302,0.00468410645,0.01003378562,0.01140896319,0.00619236141,0.002293881704,3.460846945e-09,1.736884145e-07,4.555211111e-06,5.223349311e-05,0.07957964432,0.002489961666,0.004200530303,0.003353259591,0.001048051147,0.0002040078531
94,0.05984595785,0.07041835357,0.0743498863,0.07100575971,0.179259271,0.09069975828,0.1392867709,0.1849147868,0.2100831625,0.2094964195,0.07248964728,0.08296620479,0.08520593753,0.07931994136,0.1606236129,0.05449884018,0.07447926262,0.08872781083,0.08970007975,0.0803513534,0.001511645675,0.001920825806,0.002190127283,0.00224543936,0.02154876402,0.003505879858,0.007442771258,0.01334704319,0.01891170794,0.02283251105,0.001247983495,0.001630319129,0.001911084123,0.002010076217,0.02404886592,0.00583466464,0.0139190365,0.02781614494,0.04429239553,0.05953016482,0.02678094884,0.02250182599,0.01696496475,0.01187292433,0.04270265356,0.006736002126,0.01112371975,0.01579802307,0.01809620046,0.01759555867,0.03299224986,0.02689780417,0.01967728246,0.01339336289,0.03789450632,0.003869581818,0.00562842146,0.007104795563,0.007167659339,0.006201511972,0.0007252151865,0.0006537894063,0.0005288740595,0.0003949880408,0.005183901523,0.0002507408454,0.0005570316943,0.001041931359,0.00145109351,0.001669083004,0.0005886822175,0.0005469389011,0.0004559740298,0.0003501482906,0.005841647572,0.0004364789135,0.0011008885,0.002316809188,0.003663577996,0.004735691563,4.813736975e-06,1.30876551e-05,2.693125668e-05,4.094126247e-05,0.01008980297,0.0003395783827,0.001615220355,0.005094018954,0.009575752033,0.01285882368,2.313815905e-08,1.368493136e-07,5.563645158e-07,1.455883711e-06,0.005493069443,7.170002511e-05,0.0005668595809,0.002577880288,0.005909361714,0.008963327155,7.674849647e-08,5.377137706e-07,2.698632035e-06,8.897027906e-06,0.01208852349,0.0005712866595,0.003076335571,0.0102490162,0.01948135354,0.02669349744,6.022231361e-08,5.109696314e-07,3.10558895e-06,1.221813673e-05,0.01592719355,0.001055347371,0.004999023984,0.01478501268,0.02548374484,0.03246505581,3.436652547e-08,3.713752059e-07,2.874758821e-06,1.413911017e-05,0.02017815893,0.001758689201,0.007084901678,0.01802809752,0.02717461346,0.03122718784,4.718709189e-09,8.241290773e-08,9.893962049e-07,7.034318019e-06,0.02233932569,0.001776346343,0.006641211165,0.01506708313,0.0192716764,0.01877292541,5.020678797e-11,2.365451546e-09,6.551553208e-08,8.770735378e-07,0.02092373472,0.0005810507578,0.002415396542,0.005083223783,0.004763759951,0.003056783778,1.511651138e-09,5.339879187e-08,1.10889362e-06,1.137969868e-05,0.04230818015,0.001893590445,0.005382482165,0.007958786221,0.005449212174,0.002557416322,2.588140114e-08,6.864602876e-07,1.070339737e-05,8.431086654e-05,0.07024005943,0.003963124347,0.008306387411,0.009255628965,0.004875700433,0.001753018032,3.279906006e-09,1.635977252e-07,4.264246718e-06,4.862010295e-05,0.07592593533,0.001999351972,0.003283827698,0.002557131638,0.0007685849981,0.0001437960111
95,0.06029784173,0.07091401182,0.07483516851,0.07143568861,0.1790598302,0.0898556159,0.1376952889,0.1824388761,0.2068266709,0.2058433017,0.07274152255,0.08316178186,0.08531169737,0.07933676496,0.1597630494,0.05339331326,0.07262680345,0.08614475754,0.08668074242,0.0773123216,0.001520808347,0.001929583534,0.002196828121,0.002249205258,0.0214007796,0.003410834626,0.007195567711,0.01282854637,0.01806293111,0.02168191057,0.001260648083,0.001645401367,0.001927051128,0.00202520895,0.0239856461,0.005740094168,0.01364228807,0.02716852016,0.04309949137,0.05772787526,0.02699333736,0.02266869605,0.01708204627,0.01194922812,0.04265817364,0.006673002412,0.01099599754,0.01558545967,0.01781431919,0.01728723405,0.03310752139,0.02696021944,0.01969987973,0.01339426967,0.03767999683,0.003787185715,0.00548149173,0.006887731515,0.006914491682,0.005955415593,0.0007295527579,0.000656690691,0.0005304059825,0.0003955711011,0.005147033545,0.0002437577572,0.0005380274044,0.001000357802,0.001384207096,0.00158270675,0.0005948214449,0.0005521587725,0.0004599225812,0.0003528948903,0.005827045361,0.0004294999569,0.001079295255,0.002263595228,0.003566235693,0.004594242265,4.90028982e-06,1.328797599e-05,2.727163626e-05,4.135816568e-05,0.01000789239,0.0003233303143,0.001520765538,0.004746389926,0.008812758241,0.01169566946,2.369970564e-08,1.396752758e-07,5.65847109e-07,1.475867529e-06,0.005438776607,6.709730651e-05,0.0005224722905,0.002342738395,0.005277855524,0.007871956878,7.782711028e-08,5.435557311e-07,2.719371134e-06,8.939369628e-06,0.01193903012,0.0005344863738,0.002839603576,0.009342564537,0.01748545876,0.02360363151,6.085364763e-08,5.147023603e-07,3.118436712e-06,1.223305907e-05,0.01570589285,0.0009837536545,0.004597456192,0.01342808252,0.02278591623,0.02859354475,3.457242453e-08,3.724251554e-07,2.873818978e-06,1.409344619e-05,0.01985891614,0.001631809827,0.006485683173,0.01629790277,0.02418112674,0.02736592874,4.734415027e-09,8.23950486e-08,9.856866637e-07,6.985084297e-06,0.02192668901,0.001626937078,0.005990904531,0.01340132004,0.01683063247,0.01610611273,4.967818868e-11,2.328835151e-09,6.417861492e-08,8.552065894e-07,0.0203279979,0.0005043625226,0.002051602171,0.004231487453,0.003854130198,0.002403921039,1.476332185e-09,5.189019705e-08,1.072173699e-06,1.095203921e-05,0.04090518972,0.001621298164,0.004509572952,0.00653504799,0.004345672925,0.00198097472,2.500907661e-08,6.600041509e-07,1.023939447e-05,8.02832861e-05,0.06764348923,0.003355542607,0.006881977163,0.007515469392,0.003842934202,0.001341225336,3.103476961e-09,1.538519362e-07,3.985718361e-06,4.518803539e-05,0.07243784892,0.001606939238,0.002569915162,0.001952298815,0.0005643914818,0.0001015076535
96,0.06073412209,0.07139053062,0.07529945958,0.07184491382,0.1788441801,0.08901299687,0.1361100895,0.1799776564,0.2035964563,0.2022268164,0.07297854246,0.08334110292,0.08540173609,0.07933996085,0.1589125138,0.05232461117,0.07084437744,0.08367009292,0.08380156203,0.07442675807,0.00152950745,0.001937757566,0.002202879206,0.00225232869,0.02125424837,0.003319438172,0.006959336997,0.01233593494,0.01726156157,0.02060180849,0.001272885002,0.00165989573,0.001942297913,0.00203955685,0.02392007106,0.005646924708,0.01337065856,0.02653508062,0.04193707946,0.05597769204,0.02719851832,0.02282923738,0.01719415984,0.01202193386,0.04260954414,0.006610044917,0.01086863647,0.01537392224,0.0175344044,0.01698166831,0.03321586251,0.02701724701,0.01971878039,0.01339284591,0.03746814811,0.003707634643,0.005340327995,0.006680131547,0.00667354533,0.005722251203,0.0007336669327,0.0006593929494,0.0005317812868,0.0003960418381,0.005110558569,0.0002370497636,0.0005198887684,0.0009609141222,0.001321154314,0.001501761223,0.0006007567469,0.0005571788333,0.0004636966517,0.000355502394,0.0058118317,0.0004226170417,0.001058077712,0.002211486239,0.003471266453,0.004456709443,4.984125596e-06,1.348004807e-05,2.75936529e-05,4.174571869e-05,0.009925925896,0.0003079629126,0.001432424342,0.004424622028,0.008115165965,0.0106446281,2.424690279e-08,1.423987353e-07,5.748558715e-07,1.494507035e-06,0.005384543858,6.281854837e-05,0.0004818292731,0.002130437939,0.004717479813,0.006919611871,7.885094486e-08,5.489860657e-07,2.737959194e-06,8.974518318e-06,0.01179114217,0.0005003307626,0.002622767499,0.008522466493,0.01570716437,0.02089108793,6.143865733e-08,5.180271314e-07,3.128776397e-06,1.223822491e-05,0.01548751897,0.0009175435481,0.004230965054,0.01220486438,0.02039127762,0.02520815407,3.475071996e-08,3.731764446e-07,2.870621075e-06,1.403716573e-05,0.01954481078,0.001515003991,0.005941299904,0.01474533308,0.02153670891,0.02400624686,4.745399291e-09,8.229639741e-08,9.810516339e-07,6.929714651e-06,0.02152111075,0.001491000342,0.005408122263,0.01192935219,0.01471250646,0.01383272487,4.909052634e-11,2.289849594e-09,6.279062752e-08,8.328719501e-07,0.01974937944,0.000438226181,0.001744572718,0.003526938936,0.003122762179,0.001893635103,1.440077197e-09,5.036435532e-08,1.035474438e-06,1.052863177e-05,0.03955040673,0.001389661702,0.003782875393,0.005373340507,0.003471051929,0.001537177846,2.413847116e-08,6.338624769e-07,9.784957059e-06,7.636819115e-05,0.0651475162,0.002844407994,0.005709298981,0.006111314546,0.00303393387,0.001028071125,2.932710645e-09,1.445041876e-07,3.720838759e-06,4.194863222e-05,0.06911778411,0.00129351826,0.002014648324,0.001493327305,0.0004153372591,7.182914105e-05
97,0.06115456828,0.07184780406,0.07574282358,0.07223365258,0.1786144325,0.08817521216,0.1345373878,0.1775407367,0.2004050437,0.1986608681,0.07320109015,0.08350486357,0.08547702345,0.07933064364,0.1580741791,0.05129360218,0.06913269848,0.0813037666,0.08106105512,0.07169175432,0.001537749176,0.001945365301,0.002208310946,0.002254850524,0.02110958766,0.00323173211,0.006734040507,0.01186881126,0.01650633664,0.01958966634,0.001284685608,0.001673797417,0.00195682652,0.002053129559,0.02385258011,0.005555442635,0.01310494511,0.02591758762,0.04080816749,0.05428378978,0.0273963715,0.0229834033,0.01730131154,0.01209107268,0.0425572828,0.006547385168,0.01074215323,0.01516426684,0.01725758333,0.01668008385,0.0333174585,0.02706912527,0.01973422047,0.01338928956,0.03725948955,0.00363098357,0.00520496471,0.006481951399,0.006444639193,0.005501718461,0.0007375609482,0.0006619024109,0.0005330076097,0.0003964076875,0.005074577955,0.0002306191255,0.0005026100786,0.0009235611532,0.001261821501,0.001426034425,0.0006064836471,0.0005619971056,0.0004672964267,0.0003579722538,0.005796114003,0.0004158521274,0.001037300881,0.002160634492,0.003378930775,0.004323444386,5.065133845e-06,1.366374098e-05,2.78973922e-05,4.210454983e-05,0.009844236786,0.0002934623505,0.001349986272,0.004127433807,0.007478681041,0.009696756144,2.477867576e-08,1.450159629e-07,5.833866769e-07,1.511818566e-06,0.005330591947,5.884966867e-05,0.0004446916778,0.001939134778,0.004221124666,0.00608997649,7.981992831e-08,5.540130252e-07,2.754481422e-06,9.002886363e-06,0.01164533521,0.0004686934522,0.002424535532,0.007781848634,0.01412544316,0.01851355744,6.197838007e-08,5.209610249e-07,3.136761335e-06,1.223441261e-05,0.01527273917,0.0008564335719,0.003897117644,0.01110416109,0.01826930764,0.02225243332,3.490278548e-08,3.736497759e-07,2.865369242e-06,1.397146337e-05,0.01923674388,0.001407681273,0.00544764894,0.01335460182,0.01920446815,0.0210873991,4.751988276e-09,8.212422418e-08,9.755963741e-07,6.869068369e-06,0.02112380289,0.00136756939,0.004886836743,0.01063093551,0.01287756178,0.01189758617,4.845317034e-11,2.248994566e-09,6.136676237e-08,8.102861455e-07,0.01918916291,0.0003812789248,0.001485810292,0.002944856852,0.00253530672,0.001495094529,1.403251281e-09,4.883485377e-08,9.990861379e-07,1.011247072e-05,0.03824615357,0.001192895599,0.003178668185,0.004426490025,0.002778467872,0.001195721009,2.327635769e-08,6.082151645e-07,9.342821755e-06,7.258609497e-05,0.06275534672,0.002414991461,0.004745001048,0.00497943579,0.002400707741,0.000790055406,2.768533654e-09,1.355948033e-07,3.470447546e-06,3.89086214e-05,0.06596670753,0.001043418652,0.001583078291,0.001145218436,0.00030655402,5.099781547e-05
98,0.06155897659,0.07228576277,0.07616536763,0.07260216657,0.1783727059,0.08734546084,0.1329831353,0.1751372416,0.1972642163,0.1951584228,0.07340957362,0.08365378541,0.08553855155,0.07930994349,0.1572501744,0.0503010378,0.06749227012,0.0790454315,0.07845740796,0.06910410506,0.001545540761,0.001952425434,0.002213155083,0.002256812775,0.02096720407,0.003147744857,0.006519604753,0.01142670946,0.01579590217,0.01864286179,0.00129604223,0.001687103113,0.001970640927,0.002065938895,0.02378361066,0.005465915559,0.0128458782,0.02531762226,0.03971538626,0.05264971595,0.02758678936,0.0231311595,0.01740351794,0.01215668365,0.0425019093,0.006485270071,0.01061704268,0.01495730652,0.01698491668,0.01638362092,0.03341250644,0.02711610129,0.01974644124,0.01338380111,0.03705453919,0.003557278776,0.005075419972,0.00629312294,0.006227566691,0.005293496181,0.0007412385465,0.0006642257442,0.0005340929065,0.0003966762793,0.005039190341,0.0002244671576,0.0004861830648,0.000888254671,0.001206088768,0.001355309805,0.0006119981355,0.0005666121198,0.0004707225656,0.0003603063135,0.005779999306,0.000409225768,0.001017024479,0.002111177154,0.003289457706,0.004194747915,5.14321594e-06,1.383896301e-05,2.818302665e-05,4.243542188e-05,0.009763148753,0.0002798109956,0.001273223354,0.003853510855,0.006899065063,0.008843458762,2.529403028e-08,1.475238589e-07,5.91438337e-07,1.527826489e-06,0.005277133716,5.517595094e-05,0.0004108228324,0.001767059632,0.003782177982,0.005368263001,8.073426609e-08,5.586468682e-07,2.769032579e-06,9.024913649e-06,0.01150206197,0.0004394453027,0.002243637388,0.007114127236,0.01272069063,0.01643247977,6.247407713e-08,5.235229037e-07,3.142554034e-06,1.222242751e-05,0.01506218387,0.0008001375895,0.003593541648,0.01011532066,0.01639172164,0.01967522571,3.503010803e-08,3.738668333e-07,2.85827251e-06,1.389754226e-05,0.01893555814,0.001309253693,0.005000768666,0.01211081392,0.0171504679,0.01855472311,4.754526523e-09,8.188600912e-08,9.694270076e-07,6.80399791e-06,0.02073588468,0.001255701777,0.004421348418,0.009487374381,0.01129007896,0.01025227303,4.777532901e-11,2.206750694e-09,5.99213314e-08,7.876492278e-07,0.01864844887,0.0003323063218,0.001267953532,0.002464349633,0.002063690038,0.001183895,1.366194045e-09,4.73140593e-08,9.632668819e-07,9.706153775e-06,0.03699429309,0.001025937485,0.002676750146,0.003655277014,0.002230229405,0.0009330165218,2.242873856e-08,5.83217367e-07,8.915272959e-06,6.895348301e-05,0.06046930779,0.002054587187,0.00395266012,0.004067536568,0.00190517802,0.0006091330271,2.6116636e-09,1.271524679e-07,3.235054133e-06,3.607074636e-05,0.06298433487,0.0008439326965,0.001247697073,0.0008811618199,0.0002271187338,3.636226844e-05
99,0.06194716881,0.07270437149,0.0765672385,0.07295075792,0.1781211181,0.08652682484,0.1314530133,0.1727758043,0.1941850132,0.191731513,0.07360442256,0.08378861173,0.08558732979,0.07927900099,0.1564425828,0.04934756257,0.06592340838,0.07689448399,0.07598853354,0.06666037386,0.001552890382,0.001958957791,0.002217444477,0.002258258349,0.02082749296,0.003067493069,0.006315926414,0.01100910854,0.01512883769,0.01775872649,0.001306948133,0.001699810893,0.0019837469,0.002077998664,0.02371359681,0.005378592612,0.01259412368,0.02473659337,0.03866101121,0.05107843389,0.02776967639,0.02327248327,0.01750080527,0.01221881311,0.04244394342,0.006423937483,0.01049377718,0.01475381051,0.01671739822,0.01609333783,0.03350121369,0.02715842939,0.01975568794,0.01337658272,0.03685380319,0.003486558647,0.00495169746,0.006113557733,0.006022100716,0.005097247815,0.0007447039262,0.000666370003,0.0005350453966,0.0003968553936,0.005004491536,0.0002185943366,0.0004705972904,0.0008549464501,0.001153831987,0.001289369059,0.0006172966517,0.0005710228868,0.0004739761695,0.000362506777,0.005763593909,0.0004027571294,0.0009973030755,0.002063236903,0.00320304653,0.004070873657,5.218284946e-06,1.400565952e-05,2.845080974e-05,4.273921946e-05,0.009682975271,0.0002669881326,0.001201895527,0.00360152862,0.006372188016,0.008076562672,2.579205446e-08,1.499199418e-07,5.990124526e-07,1.542562565e-06,0.005224373741,5.178233249e-05,0.0003799913081,0.001612532627,0.00339454343,0.004741170229,8.159442438e-08,5.628996771e-07,2.78171573e-06,9.041062564e-06,0.01136175215,0.0004124564416,0.002078838332,0.006513056303,0.01147477737,0.01461296756,6.292721226e-08,5.257331706e-07,3.146324386e-06,1.220309384e-05,0.0148564468,0.0007483708994,0.003317948839,0.009228302339,0.01473251428,0.01743050128,3.513427002e-08,3.738500535e-07,2.849542835e-06,1.381660363e-05,0.01864203897,0.001219143154,0.00459687238,0.01100003766,0.01534372728,0.0163593685,4.753372571e-09,8.158935958e-08,9.626494587e-07,6.735341195e-06,0.02035838501,0.001154489362,0.004006318578,0.008481545567,0.009918183943,0.008854571923,4.706594989e-11,2.163575221e-09,5.84676673e-08,7.651438453e-07,0.01812816707,0.0002902337692,0.001084666356,0.002067867392,0.001685093005,0.000940817914,1.329217753e-09,4.581308527e-08,9.282427049e-07,9.31189367e-06,0.03579626834,0.0008843868643,0.002260022274,0.003027280855,0.001796193237,0.0007307948135,2.16008525e-08,5.590003447e-07,8.504168518e-06,6.548311738e-05,0.05829093723,0.001752303551,0.003301853052,0.003332938304,0.001517287037,0.0004715132747,2.462627504e-09,1.191955242e-07,3.014882361e-06,3.343439615e-05,0.06016930777,0.0006848102576,0.0009869615122,0.0006807163194,0.0001690411932,2.60614149e-05
100,0.06231899062,0.07310362638,0.07694861889,0.073279765,0.1778617793,0.08572226524,0.1299524279,0.1704645648,0.1911777357,0.1883912547,0.07378608508,0.08391010313,0.08562437985,0.07923896214,0.1556534393,0.04843372412,0.06442626453,0.07485010291,0.0736521256,0.0643569544,0.001559807063,0.001964983169,0.002221212888,0.002259230801,0.02069083814,0.002990983058,0.006122877196,0.01061544454,0.01450367928,0.01693457956,0.001317397469,0.00171192014,0.001996151847,0.002089324465,0.02364296801,0.005293704907,0.01235028545,0.02417574677,0.03764698629,0.04957236901,0.02794494847,0.02340736264,0.01759320857,0.01227751399,0.04238390334,0.006363615901,0.01037280614,0.01455450407,0.0164559552,0.01581021229,0.03358379635,0.02719636962,0.01976220862,0.01336783733,0.03665777538,0.003418854471,0.004833788328,0.005943150454,0.005827998327,0.004912626508,0.0007479616924,0.0006683425689,0.0005358735104,0.0003969529157,0.004970574443,0.0002130004083,0.0004558405318,0.0008235852498,0.001104924579,0.001227994598,0.0006223760629,0.0005752288668,0.0004770587447,0.000364576173,0.005747003045,0.0003964640194,0.0009781862896,0.002016922668,0.003119868666,0.003952031618,5.290265357e-06,1.416381092e-05,2.870106932e-05,4.301693563e-05,0.009604019107,0.0002549706343,0.001135755443,0.003370171715,0.005894069598,0.007388366741,2.627191971e-08,1.522023293e-07,6.061132358e-07,1.556065245e-06,0.005172508089,4.86536535e-05,0.0003519733529,0.001473973249,0.003052642975,0.004196814827,8.240111111e-08,5.66785162e-07,2.792640981e-06,9.051813087e-06,0.01122481258,0.0003875979976,0.001928950191,0.00597276014,0.01037105936,0.01302366151,6.333942904e-08,5.276135236e-07,3.148247908e-06,1.217724715e-05,0.01465608561,0.0007008536541,0.003068152908,0.008433717983,0.01326794368,0.01547710574,3.521693153e-08,3.73622406e-07,2.839393234e-06,1.372983741e-05,0.01835691601,0.001136787477,0.004232372547,0.01000934273,0.01375615521,0.01445794776,4.748894873e-09,8.124193274e-08,9.553684962e-07,6.663914921e-06,0.01999224557,0.001063065818,0.003636787945,0.007597880722,0.008733618841,0.007667901273,4.633363671e-11,2.119898689e-09,5.701805793e-08,7.429348124e-07,0.01762908971,0.0002541163343,0.0009305259926,0.001740744499,0.001381055553,0.0007507939231,1.292606301e-09,4.434179012e-08,8.942084567e-07,8.931537005e-06,0.03465314345,0.0007644408925,0.001914088668,0.002515834447,0.001452361385,0.0005749635812,2.079719755e-08,5.356727419e-07,8.110971502e-06,6.218438304e-05,0.05622107413,0.001498855936,0.002767298469,0.002740978018,0.001213410988,0.000366698388,2.321782186e-09,1.117333281e-07,2.809915084e-06,3.099621405e-05,0.05751936382,0.0005578215355,0.0007840711669,0.0005283577553,0.0001264965387,1.879276437e-05
101,0.0626743098,0.07348355212,0.07730972361,0.0735895579,0.1775967854,0.0849346198,0.1284865097,0.1682111747,0.1882519609,0.1851478727,0.07395502435,0.08401903314,0.08565073069,0.0791909734,0.1548847287,0.04755998326,0.06300084747,0.07291128729,0.07144570982,0.06219012723,0.00156630056,0.00197052317,0.002224494755,0.002259774083,0.02055761154,0.002918212194,0.005940308481,0.01024512193,0.01391894035,0.01616775711,0.001327385224,0.001723431426,0.002007864653,0.002099933472,0.02357214785,0.005211466156,0.01211490851,0.02363617568,0.03667494972,0.04813345735,0.02811253197,0.0235357954,0.01768077083,0.01233284493,0.0423223039,0.006304524258,0.01025455599,0.01436006869,0.01620144957,0.01553514348,0.03366047763,0.02723018629,0.01976625294,0.01335776779,0.03646693688,0.003354191239,0.004721673079,0.00578178219,0.00564500514,0.004739279749,0.0007510168035,0.0006701510932,0.0005365858355,0.0003969767929,0.004937529007,0.0002076844925,0.0004418991396,0.0007941177267,0.001059239128,0.001170971691,0.0006272336397,0.0005792299342,0.0004799721637,0.0003665173182,0.005730330568,0.0003903629304,0.0009597190219,0.001972330456,0.003040069742,0.003838391949,5.359092695e-06,1.431343043e-05,2.893420052e-05,4.326965795e-05,0.009526571964,0.0002437335786,0.001074552661,0.003158149966,0.005460910502,0.006771673574,2.673288032e-08,1.543697118e-07,6.127473068e-07,1.568378928e-06,0.005121724165,4.577486894e-05,0.00032655476,0.001349906414,0.002751407435,0.003724643996,8.315525506e-08,5.703184561e-07,2.801924201e-06,9.057658014e-06,0.01109162746,0.0003647435513,0.001792839669,0.005487752864,0.00939435521,0.01163653753,6.37125273e-08,5.2918671e-07,3.148504042e-06,1.214572708e-05,0.01446162271,0.0006573136609,0.002842082357,0.007722852952,0.01197647053,0.0137784526,3.527981285e-08,3.732071832e-07,2.828036079e-06,1.363841379e-05,0.01808086515,0.001061645198,0.003903897005,0.009126810974,0.01236243537,0.01281213738,4.741467913e-09,8.085136479e-08,9.476868905e-07,6.590508932e-06,0.01963832474,0.0009806119882,0.003308183646,0.00682231761,0.00771147649,0.006660726626,4.558658311e-11,2.076122581e-09,5.558371121e-08,7.211691181e-07,0.01715184517,0.0002231277234,0.0008009144664,0.001470781458,0.001136704482,0.0006020496941,1.256614935e-09,4.290880342e-08,8.613292344e-07,8.566588571e-06,0.0335656451,0.0006628301754,0.001626885899,0.002099097409,0.001179701136,0.0004546892905,2.002156735e-08,5.133221874e-07,7.736786234e-06,5.906365847e-05,0.05425994822,0.001286368331,0.00232808127,0.002263618223,0.0009750500279,0.0002867226973,2.18933561e-09,1.04767603e-07,2.619937162e-06,2.875066781e-05,0.0550314974,0.0004563846811,0.0006259700534,0.000412333184,9.52494429e-05,1.364662252e-05
102,0.06301301418,0.07384419874,0.07765079532,0.07388053379,0.1773282113,0.08416660194,0.1270601154,0.1660228052,0.1854165639,0.182010735,0.07411171514,0.08411618372,0.0856674136,0.07913617693,0.1541383847,0.04672672427,0.06164704575,0.0710768926,0.06936669198,0.06015611216,0.001572381253,0.001975600027,0.002227324978,0.002259932311,0.02042817312,0.002849170264,0.005768055733,0.009897524212,0.01337313031,0.01545563791,0.001336907154,0.001734346408,0.002018895502,0.002109844219,0.02350155288,0.005132073416,0.01188848254,0.02311883193,0.0357462609,0.0467631952,0.02827236292,0.0236577881,0.01776354194,0.01238486959,0.04225965493,0.006246871826,0.01013943021,0.01417114291,0.01595467974,0.01526895499,0.03373148621,0.02726014645,0.01976807091,0.01334657604,0.03628175584,0.003292588449,0.004615323372,0.005629323559,0.00547285942,0.0045768536,0.0007538745156,0.000671803438,0.0005371910634,0.000396934992,0.004905442186,0.0002026451846,0.0004287583781,0.0007664892733,0.001016648819,0.001118090308,0.0006318670269,0.0005830263388,0.0004827186236,0.0003683332788,0.005713678659,0.0003844690929,0.0009419417237,0.001929544273,0.002963771782,0.003730088849,5.424712989e-06,1.445456139e-05,2.915065806e-05,4.349855413e-05,0.009450914235,0.0002332508097,0.00101803728,0.002964211463,0.005069114939,0.006219805353,2.7174272e-08,1.564213197e-07,6.189234698e-07,1.579553177e-06,0.005072200662,4.31312258e-05,0.0003035322406,0.001238965321,0.002486258085,0.003315336874,8.385798307e-08,5.735159052e-07,2.809685763e-06,9.05909836e-06,0.01096255892,0.000343770329,0.001669434323,0.005052947127,0.008530898456,0.01042668278,6.4048439e-08,5.30476285e-07,3.147274534e-06,1.21093708e-05,0.01427354646,0.0006174886212,0.002637789152,0.007087670334,0.01083866447,0.01230218158,3.532467747e-08,3.726278017e-07,2.815681542e-06,1.354347587e-05,0.01781451092,0.0009931992292,0.003608298393,0.008341525366,0.01113987656,0.0113882535,4.731468581e-09,8.042520708e-08,9.397046878e-07,6.515881617e-06,0.01929740198,0.0009063594007,0.003016316979,0.006142228771,0.006829916396,0.005805990591,4.483252245e-11,2.032617849e-09,5.41747471e-08,6.999763126e-07,0.01669693227,0.0001965489593,0.0006919163825,0.001247870263,0.000940097384,0.0004854138785,1.221470607e-09,4.152157479e-08,8.297422605e-07,8.218239658e-06,0.03253420364,0.0005767567579,0.001388346218,0.001759248129,0.0009631652864,0.0003616658089,1.927709753e-08,4.920171235e-07,7.382396861e-06,5.612469641e-05,0.05240726706,0.001108188258,0.001966964909,0.001878259004,0.0007877595838,0.0002255567498,2.065368369e-09,9.829375191e-08,2.444575779e-06,2.669057009e-05,0.05270211025,0.0003752529797,0.0005025406527,0.0003237662576,7.222588074e-05,9.98838059e-06
103,0.06333500954,0.07418563827,0.07797210024,0.07415311199,0.1770581047,0.08342080067,0.1256778318,0.1639061614,0.182679744,0.1789883938,0.07425664033,0.08420234078,0.08567545728,0.07907570583,0.1534162887,0.04593426499,0.06036464893,0.06934566535,0.0674124029,0.05825111618,0.001578060025,0.001980236434,0.002229738704,0.002259749527,0.02030287073,0.002783840805,0.005605942661,0.009572023517,0.01286477109,0.01479566545,0.001345959719,0.001744667695,0.002029255697,0.002119076371,0.02343159153,0.005055707955,0.01167144564,0.02262453786,0.03486202819,0.04546268924,0.02842438599,0.02377335496,0.01784157768,0.01243365571,0.0421964597,0.006190858203,0.01002780972,0.01398832342,0.01571638302,0.01501239833,0.03379705455,0.02728651835,0.01976791181,0.01333446224,0.03610268722,0.0032340609,0.004514703783,0.005485637691,0.005311295877,0.004424996534,0.0007565403262,0.0006733076164,0.0005376979362,0.0003968354583,0.004874397938,0.0001978806542,0.0004164027458,0.0007406447839,0.0009770286969,0.001069146685,0.0006362742117,0.0005866186646,0.0004853006019,0.0003700273301,0.005697147552,0.0003787965377,0.0009248906916,0.001888637085,0.00289107547,0.003627224516,5.487082147e-06,1.458727442e-05,2.93509483e-05,4.370485749e-05,0.009377314868,0.0002234954431,0.0009659630333,0.002787152916,0.004715305667,0.005726606935,2.75955093e-08,1.583568844e-07,6.246524704e-07,1.58964192e-06,0.005024107586,4.070840856e-05,0.000282714371,0.001139891733,0.002253081919,0.002960700399,8.451059601e-08,5.763948535e-07,2.816049306e-06,9.056638992e-06,0.01083794766,0.0003245601618,0.001557726541,0.004663654124,0.00776827182,0.009372054558,6.434920377e-08,5.315063742e-07,3.144741901e-06,1.206900689e-05,0.01409231248,0.0005811278709,0.0024534538,0.006520802024,0.009837087399,0.01101980139,3.535331561e-08,3.719076188e-07,2.802536196e-06,1.34461333e-05,0.01755842919,0.0009309595543,0.003342658013,0.007643542352,0.01006824094,0.01015682095,4.719272815e-09,7.997086956e-08,9.315185998e-07,6.440756311e-06,0.01897018285,0.0008395922326,0.002757374066,0.005546334987,0.006069875464,0.005080572424,4.40786928e-11,1.989724246e-09,5.280021305e-08,6.794692075e-07,0.01626473459,0.0001737571969,0.0006002247623,0.00106366416,0.0007816720872,0.0003937583728,1.187372878e-09,4.018644097e-08,7.99559088e-07,7.887398973e-06,0.03155899362,0.0005038357665,0.001190096918,0.001481789275,0.0007908877023,0.0002895375374,1.856631952e-08,4.718087797e-07,7.048307024e-06,5.336900231e-05,0.05066229992,0.0009587177219,0.001669790839,0.001566735723,0.0006402875043,0.0001786447891,1.949854601e-09,9.230209335e-08,2.283337317e-06,2.480754239e-05,0.05052715067,0.0003102551367,0.000405959584,0.0002559647634,5.519703455e-05,7.375484655e-06
104,0.0636402172,0.07450796121,0.07827392359,0.07440772901,0.1767884798,0.08269968178,0.124343983,0.1618674986,0.1800490583,0.1760886328,0.0743902873,0.08427828972,0.08567588302,0.07901067963,0.1527202687,0.04518286697,0.05915336847,0.06771627606,0.06558014044,0.05647137729,0.001583348149,0.00198445537,0.002231771109,0.002259269475,0.0201820401,0.002722202382,0.005453785134,0.009267989526,0.01239241192,0.01418536681,0.001354540005,0.001754398721,0.002038957465,0.002127650485,0.02336266311,0.004982536209,0.01146418849,0.02215399855,0.03402313691,0.04423270632,0.02856855342,0.02388251667,0.01791493869,0.01247927427,0.04213321334,0.006136673394,0.009920053396,0.01381216657,0.01548723846,0.01476615705,0.03385741725,0.02730956998,0.01976602296,0.01332162404,0.03593017275,0.003178619472,0.004419773495,0.005350583027,0.00516004917,0.004283362896,0.0007590199147,0.0006746717324,0.0005381151948,0.0003966860746,0.004844477237,0.0001933887398,0.000404816274,0.0007165293504,0.0009402567834,0.001023944644,0.0006404534883,0.0005900077849,0.0004877208098,0.0003716029148,0.005680835279,0.0003733581654,0.0009085983835,0.001849671837,0.002822062452,0.00352987309,5.546165207e-06,1.471166432e-05,2.953562088e-05,4.388985229e-05,0.009306031335,0.0002144403171,0.000918089888,0.002625827632,0.004396332755,0.005286438938,2.799608199e-08,1.601765943e-07,6.299467391e-07,1.598702632e-06,0.004977606361,3.849265614e-05,0.0002639221804,0.001051534225,0.002048202736,0.0026535641,8.511454343e-08,5.789734274e-07,2.821140528e-06,9.050784504e-06,0.01071811378,0.0003070002375,0.00145677583,0.004315576791,0.007095329283,0.008453232908,6.461694439e-08,5.323014448e-07,3.141087995e-06,1.202544991e-05,0.01391834539,0.0005479936851,0.002287387492,0.006015529768,0.008956162653,0.009906330901,3.536752855e-08,3.710697619e-07,2.78880179e-06,1.334745708e-05,0.01731315021,0.0008744650805,0.003104285197,0.00702385201,0.009129559914,0.009092149962,4.705252558e-09,7.949557172e-08,9.232215067e-07,6.365818647e-06,0.0186573043,0.0007796480195,0.002527901275,0.005024609634,0.005414783594,0.004464786739,4.333181592e-11,1.947750372e-09,5.146811939e-08,6.597448265e-07,0.01585553478,0.0001542149889,0.0005230558364,0.0009112905373,0.0006537895405,0.0003215524489,1.154495257e-09,3.890870666e-08,7.708680292e-07,7.57472496e-06,0.03063997308,0.0004420416123,0.001025195885,0.001254957927,0.0006535291502,0.0002334480803,1.789121934e-08,4.52733216e-07,6.734779402e-06,5.079620108e-05,0.04902395774,0.0008332613627,0.001424960846,0.00131448248,0.000523883563,0.0001425484668,1.842681845e-09,8.677899902e-08,2.135640343e-06,2.309241936e-05,0.04850224098,0.0002580818048,0.0003301868917,0.0002038886623,4.254743333e-05,5.499176577e-06
105,0.06392857158,0.07481127279,0.07855656484,0.07464483332,0.1765213114,0.08200558985,0.1230626385,0.1599126432,0.1775314575,0.173318519,0.0745131443,0.08434481095,0.08566969993,0.07894219983,0.1520520995,0.04447274542,0.05801285776,0.06618735049,0.06386720845,0.05481320426,0.001588257157,0.001988279925,0.002233457186,0.002258535377,0.02006600495,0.002664229817,0.005311394834,0.008984797503,0.0119546422,0.01362236853,0.001362645642,0.001763543604,0.00204801376,0.002135587773,0.02329515687,0.00491271082,0.0112670585,0.02170781437,0.0332302774,0.04307372231,0.02870482393,0.02398529919,0.0179836893,0.0125217986,0.04207040136,0.00608449796,0.00981649875,0.01364319012,0.01526787013,0.0145308512,0.03391280924,0.02732956752,0.01976264862,0.01330825579,0.03576464077,0.003126271898,0.004330487934,0.005224015969,0.005018857131,0.004151616018,0.0007613190836,0.0006759039206,0.0005384515267,0.0003964946234,0.004815758093,0.0001891670393,0.0003939828044,0.0006940888914,0.0009062150405,0.0009822966791,0.0006444034197,0.0005931948155,0.0004899821449,0.0003730636004,0.005664837434,0.0003681658225,0.0008930937498,0.001812702481,0.002756797651,0.003438084548,5.601935506e-06,1.482784668e-05,2.970526028e-05,4.405485916e-05,0.009237309677,0.0002060583927,0.0008741862013,0.002479151438,0.004109277212,0.004894163214,2.83755505e-08,1.618810458e-07,6.348201236e-07,1.606795515e-06,0.004932850002,3.647085358e-05,0.0002469894409,0.0009728449114,0.00186834984,0.002387677165,8.567139745e-08,5.812703204e-07,2.825086021e-06,9.04203538e-06,0.01060335774,0.0002909836715,0.001365709734,0.004004797839,0.00650211086,0.007653175437,6.485384248e-08,5.328860846e-07,3.136492671e-06,1.19794955e-05,0.01375204046,0.0005178622066,0.002138031875,0.005565758861,0.008182036473,0.008939949337,3.536911376e-08,3.701369739e-07,2.774674178e-06,1.324847523e-05,0.01707916179,0.0008232847861,0.002890713184,0.00647432975,0.008307945703,0.008171930834,4.689773011e-09,7.900630069e-08,9.149020694e-07,6.291714781e-06,0.01835934033,0.0007259173591,0.002324786979,0.004568178751,0.00485029138,0.003941926592,4.25980888e-11,1.906974327e-09,5.01854908e-08,6.408855467e-07,0.01546952866,0.0001374602085,0.0004580730806,0.0007851041843,0.0005503577158,0.0002645096351,1.122986893e-09,3.76927353e-08,7.437367117e-07,7.280658506e-06,0.02977692137,0.0003896592211,0.0008879018674,0.001069229663,0.0005437496773,0.0001896895696,1.725329913e-08,4.348133763e-07,6.441874169e-06,4.840438472e-05,0.04749086866,0.0007278919836,0.001222995723,0.0011098404,0.0004317511019,0.0001146741533,1.743669464e-09,8.17079193e-08,2.000844516e-06,2.153559398e-05,0.04662279315,0.0002161116227,0.000270564182,0.000163744021,3.310576083e-05,4.143787828e-06
106,0.06420001756,0.07509568912,0.07882033287,0.07486488012,0.1762585294,0.08134075109,0.1218376237,0.1580470154,0.1751333269,0.1706844577,0.07462569683,0.08440267538,0.08565790023,0.07887134556,0.1514135015,0.04380407903,0.05694273156,0.06475749926,0.06227095286,0.05327301274,0.001592798721,0.001991733125,0.002234831539,0.002257589719,0.01995507706,0.002609895374,0.00517858267,0.00872183562,0.01155010279,0.01310440988,0.00137027472,0.001772106996,0.002056438056,0.002142909855,0.02322945115,0.004846371724,0.01108036424,0.02128649352,0.03248397263,0.04198596961,0.02883316145,0.02408173247,0.01804789637,0.01256130344,0.04200849822,0.006034503237,0.009717462812,0.01348187534,0.01505885077,0.01430704222,0.03396346411,0.02734677382,0.01975802884,0.01329454777,0.03560650632,0.003077023518,0.004246800318,0.005105793357,0.004887463727,0.004029431006,0.0007634436964,0.000677012286,0.000538715516,0.0003962687488,0.004788315599,0.0001852129966,0.0003838862479,0.0006732707186,0.0008747902075,0.0009440248541,0.000648122797,0.0005961810654,0.000492087641,0.0003744130362,0.005649246952,0.0003632303819,0.0008784025756,0.001777775023,0.002695331551,0.003351888498,5.654373756e-06,1.493595446e-05,2.986047712e-05,4.420122058e-05,0.009171384647,0.0001983231046,0.0008340304735,0.00234610683,0.003851450516,0.004545122801,2.873354046e-08,1.63471191e-07,6.392876137e-07,1.613982693e-06,0.004889983342,3.46306018e-05,0.0002317627207,0.0009028750824,0.001710625773,0.002157610165,8.618282596e-08,5.833045806e-07,2.828012166e-06,9.030884427e-06,0.01049396139,0.0002764099231,0.001283723642,0.003727764082,0.00597975399,0.006956980425,6.506211443e-08,5.332847923e-07,3.131132567e-06,1.193191613e-05,0.01359376564,0.0004905240591,0.002003956991,0.005165986826,0.00750243747,0.008101662784,3.535985093e-08,3.691314735e-07,2.760342406e-06,1.315016941e-05,0.01685691273,0.0007770182885,0.002699692373,0.00598768272,0.007589404633,0.007376853285,4.673190208e-09,7.850977657e-08,9.066444411e-07,6.219050416e-06,0.01807680779,0.0006778428422,0.002145240978,0.004169220605,0.00436401473,0.003497853053,4.188318617e-11,1.867644877e-09,4.89584305e-08,6.229603785e-07,0.01510683898,0.0001230967584,0.0004033203322,0.0006804773442,0.00046652458,0.0002193098509,1.092974516e-09,3.654204599e-08,7.182146854e-07,7.005455194e-06,0.02896947523,0.0003452404347,0.0007734769889,0.0009169052593,0.000455786054,0.0001554317847,1.665363947e-08,4.180611001e-07,6.169485629e-06,4.619043586e-05,0.04606144884,0.0006393328761,0.001056162576,0.0009434902282,0.0003586143798,9.306536136e-05,1.652585402e-09,7.707029021e-08,1.87827543e-06,2.012730584e-05,0.04488411276,0.0001822704984,0.0002235003645,0.0001326746905,2.602191076e-05,3.158388354e-06
107,0.06445450777,0.07536133318,0.07906554101,0.07506832596,0.1760020129,0.08070727692,0.1206725313,0.1562756541,0.1728605286,0.1681922507,0.07472842393,0.08445264,0.08564145464,0.07879916948,0.1508061417,0.04317701951,0.05594258454,0.06342534579,0.06078879507,0.05184735801,0.001596984526,0.001994837756,0.002235928174,0.002256474048,0.01984955649,0.00255916988,0.005055161948,0.008478511566,0.01117749591,0.0126293538,0.001377425698,0.00178009394,0.002064244138,0.002149638511,0.02316591258,0.004783647286,0.01090437979,0.0208904646,0.0317846052,0.04096948276,0.02895353391,0.0241718491,0.01810762815,0.01259786399,0.04194796589,0.005986851606,0.009623243069,0.01332866919,0.01486070557,0.01409523797,0.03400961232,0.02736144696,0.01975239842,0.01328068551,0.03545617117,0.003030878004,0.004168663157,0.004995774802,0.004765621781,0.003916497235,0.000765399617,0.0006780048435,0.0005389155932,0.0003960159204,0.004762221983,0.0001815239838,0.0003745108225,0.0006540240468,0.0008458745214,0.0009089615203,0.0006516105961,0.0005989679856,0.0004940404176,0.0003756549086,0.005634153907,0.0003585618267,0.0008645478276,0.001744928566,0.002637702443,0.003271297837,5.703467045e-06,1.503613434e-05,3.000189945e-05,4.433028674e-05,0.009108479904,0.0001912086681,0.0007974127535,0.002225745668,0.003620390977,0.004235118144,2.90697365e-08,1.649482813e-07,6.433650615e-07,1.620327404e-06,0.004849143314,3.296026871e-05,0.0002181012488,0.0008407700997,0.001572474176,0.001958663029,8.665056551e-08,5.850954014e-07,2.830044069e-06,9.017813506e-06,0.01039018916,0.00026318508,0.001210079753,0.003481268273,0.005520404625,0.006351662625,6.524398799e-08,5.335217784e-07,3.125179992e-06,1.188345736e-05,0.01344386354,0.0004657846996,0.001883857816,0.004811268986,0.006906538123,0.00737499219,3.534148893e-08,3.680748298e-07,2.745987955e-06,1.30534725e-05,0.01664681631,0.0007352959446,0.002529181697,0.005557393509,0.006961656691,0.00669025495,4.655848889e-09,7.801242427e-08,8.985280721e-07,6.148390535e-06,0.01781017235,0.0006349174118,0.001986772674,0.003820867633,0.003945299393,0.003120631023,4.119227247e-11,1.829983023e-09,4.779219393e-08,6.060263316e-07,0.01476752876,0.000110786129,0.0003571635279,0.0005936226053,0.0003984291334,0.0001833819504,1.064564561e-09,3.545941356e-08,6.943360116e-07,6.749216467e-06,0.0282171629,0.0003075654917,0.0006780185413,0.0007917688516,0.0003851153917,0.0001285139357,1.609296117e-08,4.024790547e-07,5.9173765e-06,4.415032391e-05,0.04473396822,0.0005648558901,0.0009181626517,0.00080799009,0.0003003790962,7.624544169e-05,1.569161173e-09,7.284632152e-08,1.767245563e-06,1.885787698e-05,0.04328149186,0.0001549185014,0.0001862271863,0.0001085292321,2.067793989e-05,2.437084974e-06
108,0.06469199967,0.0756083307,0.0792925019,0.07525562325,0.1757535849,0.08010716807,0.1195707344,0.1546032443,0.1707184468,0.1658471559,0.07482179443,0.08449544345,0.08562130782,0.07872669359,0.150231633,0.04259170099,0.05501200923,0.0621895526,0.05941826289,0.05053296451,0.001600826138,0.001997616189,0.002236780299,0.002255228768,0.01974973175,0.002512023801,0.00494095132,0.008254258531,0.01083559363,0.01219519591,0.001384097305,0.001787509708,0.002071445889,0.002155795433,0.02310489532,0.004724655463,0.01073934921,0.0205200889,0.03113244354,0.04002414221,0.02906591189,0.02425568296,0.01816295303,0.01263155496,0.04188925254,0.005941696814,0.009534118532,0.01318398672,0.01467391623,0.013895898,0.03405147946,0.0273738387,0.01974598576,0.01326684906,0.03531402389,0.002987838084,0.00409602967,0.004893824874,0.004653095459,0.003812520582,0.0007671926465,0.0006788894584,0.0005390599868,0.0003957433987,0.004737546673,0.0001780973795,0.0003658412751,0.0006363004511,0.0008193663355,0.0008769498951,0.0006548659331,0.0006015571163,0.0004958436282,0.0003767928971,0.005619645318,0.0003541693367,0.0008515500036,0.001714196342,0.002583938601,0.003196312263,5.749207773e-06,1.512854299e-05,3.013016407e-05,4.444340154e-05,0.009048808269,0.0001846903454,0.0007641357439,0.002117190675,0.003413857757,0.003960381062,2.938387531e-08,1.663138091e-07,6.470688994e-07,1.625893221e-06,0.00481045927,3.144902471e-05,0.0002058766407,0.0007857638711,0.001451648621,0.00178678025,8.707639395e-08,5.866619167e-07,2.83130456e-06,9.003290547e-06,0.01029228921,0.0002512220375,0.001144105398,0.003262429497,0.005117130394,0.005825944586,6.540167937e-08,5.336207772e-07,3.118801915e-06,1.183483466e-05,0.01330265355,0.0004434645616,0.001776549839,0.004497182536,0.006384821488,0.006745685823,3.531573368e-08,3.669878522e-07,2.73178411e-06,1.29592668e-05,0.01644925387,0.0006977785915,0.002377338775,0.005177663203,0.006413964577,0.006097801145,4.638080673e-09,7.752035164e-08,8.906275972e-07,6.080259745e-06,0.01755985454,0.0005966823246,0.001847168869,0.00351711279,0.003585006887,0.002800209506,4.053002151e-11,1.794183902e-09,4.669126869e-08,5.901298284e-07,0.01445161404,0.0001002398257,0.0003182404185,0.0005214445987,0.0003430006968,0.0001547343198,1.037845392e-09,3.444696927e-08,6.721217839e-07,6.511919203e-06,0.02751943628,0.0002756093434,0.0005983168339,0.0006888070404,0.0003281887308,0.000107285258,1.557168509e-08,3.880625608e-07,5.685209533e-06,4.227937241e-05,0.04350661155,0.0005021939215,0.0008038716971,0.0006974011605,0.0002538672614,6.309880771e-05,1.493105048e-09,6.901567037e-08,1.667071622e-06,1.771790041e-05,0.04181029128,0.0001327594418,0.000156609889,8.968535185e-05,1.662372912e-05,1.905349334e-06
109,0.06491245272,0.07583680596,0.07950152241,0.07542721485,0.1755150071,0.07954231911,0.1185353995,0.1530341443,0.168712033,0.1636539474,0.07490626329,0.08453180156,0.0855983739,0.07865490537,0.1496915346,0.04204824915,0.05415061309,0.06104884625,0.05815701917,0.0493267528,0.001604334881,0.002000090211,0.002237420127,0.002253892948,0.01965588008,0.002468428261,0.004835777522,0.00804854062,0.01052324537,0.01180007189,0.001390288442,0.001794359643,0.002078057073,0.002161401973,0.02304674037,0.00466950497,0.01058549087,0.02017567247,0.0305276671,0.03914971563,0.02917026733,0.02433326785,0.01821393832,0.01266244964,0.04183279119,0.005899184325,0.009450350864,0.01304821357,0.01449892511,0.01370943884,0.03408928448,0.02738419305,0.01973901184,0.01325321231,0.03518044003,0.002947906222,0.004028855147,0.004799815147,0.004549662568,0.003717225435,0.0007688284615,0.0006796737868,0.0005391566754,0.000395458201,0.004714356366,0.0001749306429,0.0003578630854,0.0006200542781,0.0007951706507,0.0008478445177,0.0006578880166,0.0006039500331,0.0004975004073,0.0003778306297,0.005605804967,0.0003500613754,0.0008394274787,0.001685606715,0.002534060392,0.003126921616,5.791592544e-06,1.52133433e-05,3.024590781e-05,4.454188915e-05,0.008992572031,0.0001787446759,0.0007340156533,0.002019635988,0.00322982327,0.003717547694,2.967573822e-08,1.675694474e-07,6.504158585e-07,1.630743296e-06,0.004774053328,3.008686561e-05,0.0001949725242,0.0007371731428,0.001346183005,0.001638473813,8.746210313e-08,5.880230035e-07,2.831913253e-06,8.987766831e-06,0.01020049471,0.0002404405908,0.001085190931,0.003068672952,0.004763837605,0.005370065206,6.553737106e-08,5.336048712e-07,3.112159058e-06,1.178673072e-05,0.013170434,0.0004233990361,0.001680963988,0.004219790392,0.005928955311,0.006201457778,3.528423702e-08,3.658904924e-07,2.717895463e-06,1.286838302e-05,0.01626457846,0.0006641570167,0.002242509378,0.004843355435,0.005936974426,0.005587196618,4.620202497e-09,7.703933302e-08,8.830127943e-07,6.015143138e-06,0.01732623572,0.0005627248632,0.001724471861,0.003252721781,0.003275322256,0.002528143491,3.990064237e-11,1.760418904e-09,4.565945853e-08,5.753081263e-07,0.01415907614,9.121264883e-05,0.0002854175206,0.0004614166274,0.0002977978989,0.0001318234143,1.012889572e-09,3.350629984e-08,6.515825406e-07,6.293443391e-06,0.02687570098,0.0002485124602,0.0005317359028,0.0006039793892,0.0002822209613,9.048337939e-05,1.50899893e-08,3.748012918e-07,5.472576279e-06,4.057249725e-05,0.04237753443,0.0004494663631,0.000709125358,0.0006069860703,0.000216610936,5.278151129e-05,1.424113491e-09,6.555800799e-08,1.57708862e-06,1.66983872e-05,0.04046601336,0.0001147689186,0.0001330010895,7.491802338e-05,1.35305734e-05,1.510535542e-06
110,0.06511582526,0.07604687752,0.07969289832,0.07558352846,0.1752879749,0.07901452338,0.117569501,0.1515724146,0.1668458528,0.1616169762,0.07498226779,0.084562403,0.08557353205,0.07858475381,0.1491873525,0.04154679003,0.05335803489,0.0600020408,0.0570028884,0.04822586408,0.0016075217,0.002002280846,0.002237878681,0.002252504137,0.01956826773,0.002428356014,0.00473947792,0.007860857761,0.01023938437,0.01144226347,0.001395998084,0.001800648998,0.002084091119,0.002166478894,0.02299177488,0.004618296453,0.0104430018,0.01985747777,0.02997039038,0.03834589713,0.02926657203,0.02440463598,0.01826064901,0.01269061887,0.04177899841,0.0058594517,0.009372185561,0.01292170852,0.01433613935,0.01353623935,0.0341232379,0.02739274478,0.01973168919,0.01323994238,0.03505578219,0.002911085296,0.003967098241,0.004713626134,0.004455116671,0.003630356504,0.0007703125503,0.0006803652167,0.000539213341,0.000395167069,0.004692715108,0.000172021384,0.0003505626555,0.0006052430172,0.000773199575,0.0008215116108,0.0006606761002,0.0006061482916,0.0004990138183,0.0003787716379,0.005592713236,0.0003462457773,0.0008281968478,0.001659184167,0.002488082282,0.003063109031,5.830621002e-06,1.529070053e-05,3.034975894e-05,4.462704078e-05,0.008939963276,0.0001733496759,0.000706882842,0.001932347007,0.003066464555,0.003503631414,2.994514317e-08,1.687169879e-07,6.534226898e-07,1.634939622e-06,0.004740040747,2.886462558e-05,0.0001852841012,0.0006943918135,0.001254363926,0.001510754,8.780947184e-08,5.891970884e-07,2.831985656e-06,8.971674534e-06,0.01011502512,0.0002307674631,0.001032787343,0.00289770982,0.004455193358,0.004975606281,6.565319052e-08,5.334963257e-07,3.105405083e-06,1.173979318e-05,0.01304748437,0.000405438333,0.001596141224,0.003975605843,0.00553167509,0.00573175291,3.524858631e-08,3.648017599e-07,2.704477522e-06,1.278159982e-05,0.01609311842,0.000634151244,0.002123216665,0.004549942673,0.00552256955,0.005147928828,4.602515307e-09,7.657479776e-08,8.75748604e-07,5.953487572e-06,0.01710966401,0.0005326759235,0.001616958365,0.003023152068,0.003009583302,0.002297354048,3.930790997e-11,1.72883795e-09,4.469996873e-08,5.615907212e-07,0.01388987325,8.349678955e-05,0.0002577535318,0.0004114786325,0.0002608800704,0.0001134520609,9.897561248e-10,3.263854328e-08,6.32720541e-07,6.093597687e-06,0.02628534437,0.0002255557317,0.0004761140237,0.0005340318532,0.0002450257749,7.714174925e-05,1.464786278e-08,3.626808364e-07,5.279022971e-06,3.902441668e-05,0.04134491486,0.0004051160404,0.0006305427722,0.0005329669981,0.0001866922861,4.465406471e-05,1.361880956e-09,6.245348953e-08,1.496661104e-06,1.57908782e-05,0.03924436597,0.0001001372943,0.0001141283514,6.330063931e-05,1.115773633e-05,1.215302482e-06
111,0.06530207154,0.07623865382,0.07986690915,0.0757249711,0.1750741118,0.07852547798,0.1166758356,0.1502218466,0.1651241319,0.1597402295,0.07505022385,0.0845879049,0.08554762211,0.07851714566,0.1487205397,0.04108745862,0.05263396049,0.0590480601,0.05595388155,0.04722768269,0.001610397041,0.002004208188,0.002238185604,0.002251098175,0.01948715022,0.002391782367,0.004651902887,0.007690750182,0.009983033424,0.0111202034,0.001401225171,0.001806382773,0.0020895609,0.002171046118,0.02294031157,0.004571123644,0.01031206186,0.01956573496,0.02946068587,0.03761234391,0.02935479635,0.02446981663,0.0183031465,0.01271613011,0.04172827305,0.00582262899,0.009299853148,0.01280480607,0.01418593511,0.01337664591,0.03415354009,0.02739971793,0.01972422081,0.0132271989,0.03494040025,0.002877379239,0.003910722211,0.0046351491,0.004369269047,0.003551680471,0.0007716501507,0.0006809708096,0.000539237323,0.0003948764371,0.004672684375,0.0001693674305,0.0003439274864,0.0005918276375,0.0007533727235,0.000797829368,0.0006632294329,0.0006081533716,0.0005003867993,0.0003796193125,0.005580446934,0.0003427298346,0.0008178732583,0.001634950238,0.002446014757,0.003004853912,5.86629465e-06,1.536077846e-05,3.044232872e-05,4.470010203e-05,0.008891164245,0.0001684850105,0.0006825823037,0.001854659728,0.002922154176,0.003315996508,3.019193649e-08,1.697582788e-07,6.561058885e-07,1.638542332e-06,0.00470853031,2.77739826e-05,0.0001767176746,0.0006568854273,0.001174705319,0.001401067921,8.812023891e-08,5.902019629e-07,2.831632338e-06,8.955424495e-06,0.01003608745,0.0002221362863,0.0009864037446,0.002747517767,0.004186553619,0.004635337186,6.575118952e-08,5.333164348e-07,3.098685861e-06,1.169463278e-05,0.01293406739,0.0003894472612,0.001521227037,0.003761558787,0.005186677027,0.005327537813,3.521029496e-08,3.637396468e-07,2.691676411e-06,1.269964382e-05,0.01593518097,0.0006075097045,0.002018150551,0.004293455677,0.00516373788,0.004771041589,4.585302968e-09,7.613182273e-08,8.688951984e-07,5.895703271e-06,0.01691046017,0.0005062075803,0.001523119645,0.002824479199,0.002782130384,0.002101922964,3.875519889e-11,1.699571848e-09,4.381549124e-08,5.490007074e-07,0.01364395134,7.691668778e-05,0.0002344684485,0.00036995325,0.0002307049097,9.869099299e-05,9.684927435e-10,3.184448022e-08,6.15531886e-07,5.912142779e-06,0.02574776164,0.0002061390497,0.0004296812138,0.0004763457907,0.000214886408,6.6519335e-05,1.424515539e-08,3.516841219e-07,5.104073599e-06,3.762983474e-05,0.04040700045,0.0003678562086,0.0005653822845,0.0004723324051,0.0001626198902,3.823105779e-05,1.306108177e-09,5.968313835e-08,1.425191934e-06,1.498752633e-05,0.03814131872,8.822465558e-05,9.900788809e-05,5.4131035e-05,9.328355726e-06,9.930472388e-07
112,0.06547113854,0.07641222886,0.08002381278,0.07585192357,0.1748749646,0.07807678891,0.1158570361,0.1489859908,0.1635508012,0.1580273891,0.07511052222,0.08460892849,0.08552144028,0.07845294161,0.1482924964,0.0406704072,0.05197813785,0.05818595891,0.05500821941,0.04632985708,0.001612970712,0.002005891233,0.002238368967,0.00224970902,0.01941277262,0.002358686057,0.004572918028,0.007537802541,0.009753310009,0.01083247972,0.00140596851,0.001811565548,0.002094478514,0.002175122476,0.02289264803,0.004528074491,0.01019283781,0.01930065262,0.02899860573,0.03694871076,0.02943490767,0.02452883461,0.01834148731,0.01273904643,0.04168099496,0.005788839136,0.009233570386,0.01269781897,0.01404866161,0.01323097762,0.03418037944,0.02740532443,0.01971679919,0.01321513339,0.03483463146,0.00284679367,0.003859696101,0.004564287787,0.004291950536,0.003480987513,0.0007728461869,0.0006814972423,0.0005392355731,0.0003945924016,0.004654323147,0.000166966891,0.0003379463422,0.0005797728972,0.0007356175738,0.0007766881916,0.0006655472093,0.0006099666213,0.0005016221105,0.0003803768587,0.005569079147,0.0003395203816,0.0008084707334,0.001612924433,0.00240786614,0.002952134716,5.898615646e-06,1.542373554e-05,3.052420311e-05,4.476226055e-05,0.008846347694,0.0001641321452,0.0006609740251,0.001785979753,0.002795451068,0.00315233323,3.041598423e-08,1.706951621e-07,6.584814252e-07,1.641609023e-06,0.004679624712,2.680745882e-05,0.0001691901681,0.0006241859708,0.001105925494,0.001307245515,8.839607691e-08,5.910546042e-07,2.830958147e-06,8.939404192e-06,0.009963877528,0.0002144875505,0.0009456048463,0.002616322533,0.003953897819,0.004343077344,6.58333244e-08,5.330853766e-07,3.092138816e-06,1.165182179e-05,0.01283043126,0.0003753049609,0.001455466057,0.003574964182,0.004888521396,0.004981116897,3.517079363e-08,3.627210632e-07,2.679628656e-06,1.262318996e-05,0.01579105571,0.0005840083584,0.001926157514,0.004070436821,0.004854453355,0.004448937382,4.568831355e-09,7.571512831e-08,8.625080876e-07,5.842165657e-06,0.01672892315,0.0004830307166,0.00144164315,0.002653330679,0.002588175608,0.001936918271,3.824551922e-11,1.67273467e-09,4.300828778e-08,5.375560778e-07,0.01342125459,7.132459445e-05,0.0002149176664,0.0003354771021,0.0002060473391,8.681844739e-05,9.491379197e-10,3.112461988e-08,6.000084756e-07,5.748812553e-06,0.02526237998,0.0001897631614,0.0003909911942,0.0004288162888,0.0001904546999,5.804731641e-05,1.388162382e-08,3.417926972e-07,4.947250313e-06,3.63836003e-05,0.0395621516,0.000336626281,0.0005114239948,0.0004226831935,0.0001432333042,3.31434171e-05,1.256509124e-09,5.722915659e-08,1.362129019e-06,1.428115514e-05,0.03715315262,7.852535344e-05,8.687846001e-05,4.687618886e-05,7.912082764e-06,8.247302902e-07
113,0.06562296289,0.07656767779,0.08016384024,0.07596473485,0.1746919987,0.07766997614,0.1151155859,0.1478681852,0.1621295416,0.1564818881,0.07516352477,0.08462605476,0.08549573473,0.07839295264,0.1479045706,0.04029581332,0.05139039154,0.05741494312,0.05416435471,0.04553031945,0.001615251762,0.002007347705,0.002238455091,0.002248368572,0.01934536984,0.00232905009,0.004502406278,0.007401647756,0.00954943097,0.01057783945,0.001410226659,0.001816201319,0.00209885507,0.002178725468,0.02284906619,0.004489232256,0.01008548722,0.01906242803,0.02858420218,0.0363546821,0.029506869,0.02458170883,0.0183757219,0.01275942557,0.04163752375,0.005758198365,0.00917354145,0.01260104075,0.01392464519,0.01309953124,0.03420393064,0.02740976255,0.01970960529,0.01320388867,0.03473880062,0.002819336495,0.003813995881,0.004500960057,0.004223013271,0.003418092735,0.0007739052071,0.0006819507498,0.0005392146105,0.0003943206903,0.004637687994,0.0001648182159,0.0003326094061,0.0005690476307,0.0007198697901,0.0007579908989,0.000667628519,0.0006115892007,0.0005027222808,0.0003810472525,0.005558679071,0.0003366238771,0.0008000024827,0.001593125087,0.002373644306,0.00290493156,5.927585585e-06,1.547972111e-05,3.059593459e-05,4.481463418e-05,0.008805677258,0.0001602744783,0.0006419332584,0.001725781141,0.002685091709,0.003010634727,3.061716356e-08,1.715294113e-07,6.605644821e-07,1.644194103e-06,0.004653420945,2.595841772e-05,0.0001626286579,0.0005958870695,0.001046926672,0.001227452609,8.86385663e-08,5.917710026e-07,2.830061468e-06,8.923975889e-06,0.009898581261,0.0002077685389,0.0009100085315,0.002502580919,0.00375377028,0.004093575852,6.590143698e-08,5.328220773e-07,3.085892327e-06,1.16118927e-05,0.01273681168,0.0003629046185,0.00139819695,0.00341349316,0.004632546558,0.004685972292,3.513142204e-08,3.61761779e-07,2.668461015e-06,1.255286219e-05,0.01566101798,0.0005634498211,0.001846231093,0.003877897748,0.00458957115,0.004175206443,4.553347598e-09,7.532907681e-08,8.566382517e-07,5.793217321e-06,0.01656533563,0.0004628927854,0.001371395832,0.002506827416,0.00242369,0.001798247134,3.778155317e-11,1.648426092e-09,4.228026983e-08,5.272709488e-07,0.01322173501,6.659677508e-05,0.0001985704054,0.0003069448433,0.0001859353843,7.727376239e-05,9.317229625e-10,3.047928016e-08,5.861397982e-07,5.603333131e-06,0.02482868103,0.0001760144115,0.0003588655901,0.0003897545288,0.0001706724775,5.128872815e-05,1.355697355e-08,3.329878843e-07,4.808091378e-06,3.528084431e-05,0.03880888122,0.0003105550871,0.0004668746049,0.0003821106904,0.0001276295895,2.911016241e-05,1.212816799e-09,5.50751741e-08,1.306970407e-06,1.366529877e-05,0.03627650398,7.064017119e-05,7.715083419e-05,4.113092046e-05,6.81256639e-06,6.966642183e-07
114,0.06575746771,0.07670505247,0.08028719034,0.07606371661,0.1745265921,0.07730647844,0.1144538329,0.1468715815,0.1608638257,0.1551069641,0.07520956075,0.0846398201,0.0854712014,0.0783379362,0.1475580579,0.03996388762,0.05087063666,0.05673438906,0.05342099324,0.04482730451,0.001617248346,0.002008593897,0.002238468357,0.002247106499,0.01928516689,0.002302862542,0.004440269897,0.00728197063,0.00937071691,0.0103551921,0.001413997833,0.001820293333,0.002102700466,0.00218187101,0.02280983162,0.004454676562,0.009990162146,0.01885125689,0.02821754671,0.03583000198,0.02957063751,0.02462845083,0.01840589328,0.01277731893,0.04159819748,0.005730816567,0.009119959075,0.01251474811,0.01381419306,0.01298258593,0.03422435288,0.02741321555,0.0197028075,0.01319359817,0.03465322018,0.00279501849,0.003773605538,0.004445099469,0.004162332347,0.003362837534,0.000774831321,0.000682337068,0.0005391804783,0.0003940666325,0.004622833138,0.0001629202549,0.0003279084273,0.0005596250204,0.0007060735272,0.0007416529182,0.0006694722966,0.0006130220257,0.0005036895551,0.0003816331965,0.005549311862,0.0003340464827,0.0007924811978,0.001575570179,0.002343358292,0.002863228642,5.953204297e-06,1.552887161e-05,3.065803424e-05,4.485825948e-05,0.008769307795,0.0001568974617,0.0006253507445,0.00167360525,0.00258998194,0.002889176206,3.079535397e-08,1.722626703e-07,6.623691979e-07,1.646348177e-06,0.004630010666,2.522106004e-05,0.0001569699375,0.0005716396577,0.0009967770121,0.001160150602,8.884917012e-08,5.923659952e-07,2.829033527e-06,8.909474917e-06,0.009840375808,0.0002019332594,0.0008792836152,0.002404965475,0.003583228648,0.00388240746,6.595723627e-08,5.325440823e-07,3.080065178e-06,1.15753371e-05,0.01265343387,0.0003521531912,0.001348847747,0.003275147158,0.00441479361,0.004436626149,3.509342129e-08,3.608763719e-07,2.658290358e-06,1.248923421e-05,0.01554533213,0.0005456625428,0.00177750326,0.003713281723,0.004364736431,0.003944480625,4.539079445e-09,7.497767265e-08,8.51332289e-07,5.749170039e-06,0.01641996916,0.0004455757613,0.001311409307,0.002382532622,0.002285307262,0.001682532875,3.736569142e-11,1.626733662e-09,4.163307431e-08,5.181567031e-07,0.01304536158,6.263029455e-05,0.0001849918688,0.0002834638542,0.0001695996979,6.96218137e-05,9.162738912e-10,2.990866144e-08,5.739145551e-07,5.475439913e-06,0.02444622167,0.0001645520152,0.0003323484515,0.0003578098098,0.000154710513,4.590795277e-05,1.327089685e-08,3.252518045e-07,4.686166913e-06,3.431709808e-05,0.03814589112,0.000288930596,0.0004302907434,0.0003491002606,0.0001151068853,2.591729211e-05,1.174788058e-09,5.320644741e-08,1.2592681e-06,1.313422831e-05,0.03550840382,6.425455358e-05,6.936922175e-05,3.658707166e-05,5.958424841e-06,5.989703194e-07
115,0.0658745595,0.07682437719,0.08039402448,0.07614913771,0.1743800312,0.0769876579,0.1138740014,0.1459991711,0.1597569585,0.1539057113,0.07524892301,0.08465071199,0.08544847959,0.07828859253,0.1472542017,0.0396748813,0.05041889231,0.05614386227,0.05277711436,0.04421936783,0.001618967602,0.002009644498,0.002238431024,0.002245950066,0.01923237905,0.00228011733,0.004386432377,0.007178511326,0.009216596453,0.01016361317,0.001417279788,0.001823843926,0.002106023178,0.002184573197,0.02277519297,0.004424484391,0.009907012702,0.01866734244,0.02789874806,0.03537450197,0.02962616309,0.0246690633,0.01843203588,0.01279277062,0.04156333136,0.005706797654,0.00907300563,0.0124392032,0.01371759702,0.01288040781,0.03424178809,0.02741585016,0.01969656066,0.01318438533,0.03457819029,0.002773853871,0.003738518136,0.004396656799,0.004109807435,0.003315090944,0.0007756281385,0.0006826613772,0.0005391386994,0.0003938351296,0.004609810527,0.0001612723124,0.0003238368625,0.0005514828575,0.0006941817289,0.0007276024916,0.0006710772716,0.0006142657124,0.000504525842,0.0003821370772,0.005541038465,0.0003317941379,0.0007859193321,0.001560278102,0.002317019803,0.002827016505,5.975468656e-06,1.557130689e-05,3.0710964e-05,4.489408059e-05,0.008737385701,0.0001539887118,0.0006111329165,0.001629059689,0.002509189679,0.002786496637,3.095042866e-08,1.72896393e-07,6.639084195e-07,1.648117446e-06,0.004609480546,2.459042012e-05,0.0001521601291,0.0005511481793,0.0009546951361,0.00110406232,8.902920945e-08,5.928531055e-07,2.827957716e-06,8.89620805e-06,0.009789430712,0.0001969423865,0.0008531478651,0.002322351089,0.003439799359,0.003705884039,6.600228078e-08,5.322674332e-07,3.074766044e-06,1.154260466e-05,0.01258051445,0.0003429711651,0.00130693172,0.003158235337,0.004231941572,0.004228523913,3.505792663e-08,3.600781789e-07,2.649223565e-06,1.243283035e-05,0.01544425461,0.0005305000844,0.001719236838,0.003574430894,0.004176306226,0.003752310103,4.526234691e-09,7.466456348e-08,8.466325669e-07,5.710306766e-06,0.01629308911,0.0004308943299,0.001260866933,0.002278407991,0.002170242732,0.001587013217,3.700006822e-11,1.60773494e-09,4.106813424e-08,5.10223043e-07,0.01289212875,5.934032639e-05,0.000173828624,0.0002643178131,0.0001564340143,6.352583859e-05,9.028131875e-10,2.941291405e-08,5.633221274e-07,5.364892766e-06,0.02411465342,0.0001550975499,0.0003106694651,0.0003319076382,0.0001419213067,4.16477104e-05,1.302310705e-08,3.185682913e-07,4.581092694e-06,3.348839538e-05,0.03757210579,0.0002711751818,0.0004005175859,0.0003224555489,0.0001051212066,2.340202248e-05,1.142207633e-09,5.161001965e-08,1.218630915e-06,1.268296852e-05,0.0348463136,5.912165114e-05,6.318193454e-05,3.301054304e-05,5.296730441e-06,5.244992383e-07
116,0.06597412506,0.07692564422,0.0804844614,0.07622121873,0.1742535048,0.07671480406,0.1133782048,0.1452538082,0.1588121145,0.1528811272,0.07528186428,0.08465916463,0.08542814768,0.07824556084,0.1469941932,0.03942909334,0.05003529463,0.05564313567,0.05223199105,0.04370540385,0.001620415524,0.002010512433,0.002238363053,0.002244923961,0.01918721214,0.002260814949,0.004340840295,0.007091068775,0.009086610512,0.0100023479,0.001420069727,0.001826854361,0.002108830048,0.002186844065,0.02274538122,0.004398731017,0.009836190308,0.01851090402,0.02762796899,0.03498812704,0.02967338691,0.0247035387,0.01845417421,0.01280581653,0.04153321646,0.005686239877,0.009032854117,0.01237465575,0.01363513678,0.01279325405,0.03425635917,0.02741781516,0.01969100501,0.01317636295,0.03451399887,0.002755860832,0.003708736841,0.004355601534,0.004065364375,0.00327475097,0.0007762987077,0.0006829282461,0.0005390942327,0.000393630625,0.004598669878,0.0001598742014,0.000320390014,0.0005446038001,0.0006841564308,0.0007157809026,0.0006724419193,0.0006153205227,0.0005052326623,0.0003825609225,0.005533915448,0.0003298726297,0.000780329363,0.001547268384,0.002294644624,0.002796294136,5.994371405e-06,1.560712665e-05,3.075512912e-05,4.49229384e-05,0.008710049187,0.0001515381156,0.0005992021153,0.001591817506,0.002441938791,0.002701383244,3.108224608e-08,1.734317852e-07,6.651934635e-07,1.649543141e-06,0.004591912584,2.406236419e-05,0.0001481543577,0.0005341673671,0.0009200371048,0.001058143623,8.917983948e-08,5.932443875e-07,2.826908947e-06,8.884451945e-06,0.009745908954,0.0001927632243,0.000831366351,0.002253803646,0.003321440156,0.003560980725,6.603796134e-08,5.320065494e-07,3.070092991e-06,1.151410214e-05,0.01251826325,0.0003352923697,0.001272043927,0.003061355505,0.004081252932,0.004057937191,3.502596035e-08,3.593792493e-07,2.641357422e-06,1.238412633e-05,0.01535803685,0.0005178405264,0.001670819117,0.003459558666,0.00402128398,0.00359506116,4.51500065e-09,7.439304132e-08,8.425773665e-07,5.676883518e-06,0.01618495928,0.0004186943539,0.001219092886,0.002192776926,0.002076226294,0.001509457218,3.668659447e-11,1.591499497e-09,4.058674377e-08,5.034789512e-07,0.01276206438,5.665793591e-05,0.0001647967666,0.0002489376853,0.0001459643805,5.872676745e-05,8.91361399e-10,2.899219944e-08,5.543538929e-07,5.271489551e-06,0.02383374048,0.0001474263925,0.0002932145037,0.0003112009743,0.0001318027735,3.83117667e-05,1.281336928e-08,3.129237021e-07,4.49254229e-06,3.279136131e-05,0.0370867038,0.0002568256522,0.0003766401626,0.0003012393605,9.725352851e-05,2.144105764e-05,1.114891532e-09,5.027485175e-08,1.184726714e-06,1.230730896e-05,0.03428815839,5.504919766e-05,5.831915413e-05,3.022423118e-05,4.788311047e-06,4.680751629e-07
117,0.06605602847,0.07700880963,0.08055857205,0.07628012659,0.1741480989,0.07648913741,0.112968456,0.1446382316,0.1580323721,0.1520361568,0.07530859341,0.08466555456,0.08541071868,0.07820941547,0.1467791707,0.0392268775,0.04972010946,0.05523220742,0.0517852098,0.04328466423,0.001621596835,0.002011208697,0.002238281918,0.002244050127,0.01914986252,0.002244963191,0.004303465125,0.007019504061,0.008980416716,0.009870815489,0.001422364193,0.00182932467,0.002111126074,0.002188693353,0.02272060904,0.004377490867,0.009777850766,0.018382185,0.02740544185,0.03467095975,0.02971224003,0.02473185776,0.01847232169,0.01281648332,0.04150811831,0.005669236106,0.008999669055,0.01232134499,0.01356708307,0.01272137684,0.03426816826,0.02741923993,0.01968626517,0.0131696325,0.03446092155,0.002741062077,0.00368427592,0.004321923336,0.004028956772,0.003241745968,0.0007768454551,0.0006831415754,0.0005390514296,0.0003934570741,0.004589458725,0.0001587262956,0.0003175651641,0.0005389756311,0.0006759690791,0.0007061427451,0.0006735644125,0.0006161863099,0.0005058110986,0.000382906359,0.005527994819,0.0003282876567,0.0007757240343,0.001536562354,0.002276253921,0.002771070915,6.009900037e-06,1.563640692e-05,3.079087087e-05,4.494556008e-05,0.0086874285,0.0001495379362,0.0005894968435,0.001561616722,0.002387604293,0.002632858982,3.119064181e-08,1.738697482e-07,6.662338851e-07,1.650660967e-06,0.004577384383,2.363359207e-05,0.0001449164983,0.0005204996394,0.0008922858159,0.001021560404,8.930202631e-08,5.935502749e-07,2.825953021e-06,8.874451592e-06,0.009709967893,0.000189369701,0.0008137501848,0.002198570946,0.003226509641,0.003445275993,6.606548453e-08,5.317741116e-07,3.066132985e-06,1.149019237e-05,0.01246688489,0.0003290638667,0.001243858509,0.002983378725,0.003960529402,0.003921885056,3.499842497e-08,3.58790298e-07,2.634778504e-06,1.23435499e-05,0.01528692791,0.0005075860471,0.001631756766,0.00336722732,0.003897266378,0.003469833524,4.505543619e-09,7.416604305e-08,8.392010094e-07,5.649131063e-06,0.01609584619,0.0004088516533,0.001185543283,0.002124294622,0.002001448138,0.00144809878,3.642698783e-11,1.578090724e-09,4.019011704e-08,4.979335567e-07,0.01265523721,5.452829385e-05,0.0001576725044,0.000236878948,0.0001378254727,5.502763038e-05,8.819385859e-10,2.864674515e-08,5.470044032e-07,5.195078159e-06,0.02360337663,0.0001413608729,0.0002795024047,0.0002950323161,0.0001239705737,3.575202566e-05,1.264152793e-08,3.083076387e-07,4.4202578e-06,3.222329052e-05,0.03668914726,0.0002455173917,0.0003579452571,0.0002847280424,9.118491339e-05,1.994190985e-05,1.092689964e-09,4.919193421e-08,1.157284256e-06,1.200381268e-05,0.03383235835,5.188945649e-05,5.457621706e-05,2.809542166e-05,4.404371631e-06,4.259669123e-07
118,0.06612010809,0.07707378909,0.08061637453,0.0763259692,0.1740647907,0.07631181216,0.112646676,0.1441550837,0.1574207445,0.151373732,0.07532927169,0.08467019628,0.08539663582,0.07818066189,0.1466102189,0.03906864898,0.04947374469,0.05491131849,0.05143669068,0.04295677663,0.001622514863,0.002011742192,0.002238202428,0.002243347579,0.01912051726,0.002232577838,0.004274305027,0.006963743872,0.008897794113,0.009768613927,0.001424158972,0.001831253502,0.002112914209,0.002190128276,0.02270106995,0.004360838296,0.009732157053,0.01828146015,0.02723148311,0.03442324268,0.02974264202,0.02475398816,0.01848647941,0.01282478757,0.04148827546,0.005655874046,0.008973607248,0.01227950135,0.01351370044,0.01266502676,0.03427729493,0.02742023296,0.01968244909,0.01316428349,0.03441922155,0.002729485328,0.003665161728,0.0042956335,0.004000567614,0.003216036074,0.0007772701249,0.0006833045422,0.0005390139901,0.0003933179135,0.004582222435,0.0001578295795,0.0003153617106,0.0005345915241,0.0006696008773,0.0006986562501,0.0006744425756,0.000616862467,0.0005062617455,0.0003831745718,0.00552332383,0.0003270448877,0.0007721165783,0.001528183758,0.00226187545,0.002751368425,6.022035712e-06,1.565919669e-05,3.081845941e-05,4.496254875e-05,0.008669646082,0.0001479829203,0.0005819720852,0.001538260304,0.002345709106,0.002580173201,3.127542084e-08,1.742108251e-07,6.670372567e-07,1.651500571e-06,0.004565969376,2.330164357e-05,0.0001424190088,0.000509993154,0.0008710428064,0.000993670656,8.939652459e-08,5.937794331e-07,2.825145999e-06,8.866418753e-06,0.009681760108,0.0001867424043,0.0008001557078,0.002156075995,0.003153743896,0.00335690511,6.608585634e-08,5.31580947e-07,3.062961383e-06,1.147119306e-05,0.01242658027,0.0003242459346,0.001222126833,0.002923437805,0.003868077788,0.003818072842,3.497609624e-08,3.583206556e-07,2.629563017e-06,1.231148114e-05,0.01523117694,0.0004996627024,0.001601672188,0.003296331051,0.003802402181,0.003374396035,4.498008304e-09,7.398614936e-08,8.365339579e-07,5.627256359e-06,0.01602602297,0.000401271131,0.001159799403,0.002071924869,0.001944516514,0.001401585007,3.622279927e-11,1.567567438e-09,3.98794404e-08,4.935969044e-07,0.01257176374,5.290928568e-05,0.0001522848697,0.0002278041183,0.0001317426967,5.228196277e-05,8.745656075e-10,2.837689369e-08,5.412724332e-07,5.135567243e-06,0.02342360113,0.0001367649613,0.0002691671025,0.0002829048128,0.0001181373714,3.38590186e-05,1.25075311e-08,3.047135916e-07,4.364059451e-06,3.178221735e-05,0.03637920979,0.0002369721057,0.0003438922443,0.000272376935,8.667799274e-05,1.883655087e-05,1.075489956e-09,4.835438781e-08,1.136094927e-06,1.176982535e-05,0.03347785933,4.953165037e-05,5.180122228e-05,2.65265796e-05,4.124084096e-06,3.955195871e-07
119,0.06616617374,0.07712045375,0.08065782911,0.07635879026,0.1740044429,0.07618391821,0.1124147018,0.143806926,0.1569802057,0.1508968063,0.07534400907,0.08467333779,0.08538626796,0.0781597326,0.1464883679,0.0389548909,0.04929676229,0.05468097028,0.0511867077,0.04272176434,0.001623171424,0.002012119566,0.00223813654,0.002242832224,0.019099354,0.002223683346,0.004253386646,0.00692378406,0.008838648298,0.009695525777,0.001425449001,0.001832637971,0.002114195162,0.002191153292,0.02268693753,0.004348848276,0.009699281842,0.01820904232,0.02710650657,0.03424539923,0.02976449968,0.02476988314,0.01849663498,0.01283073478,0.04147389802,0.005646236392,0.008954818394,0.01224934787,0.01347524961,0.01262445589,0.03428379446,0.02742088037,0.01967964695,0.01316039274,0.0343891495,0.002721163815,0.003651433664,0.004276766419,0.003980210944,0.003197614734,0.0007775737204,0.0006834195446,0.0005389849177,0.0003932160299,0.004577004208,0.0001571856985,0.0003137813019,0.0005314503197,0.0006650431704,0.0006933036856,0.0006750738394,0.000617347876,0.0005065846612,0.0003833662636,0.005519944765,0.0003261500121,0.0007695209149,0.001522159314,0.002251544667,0.002737222126,6.030752239e-06,1.567551474e-05,3.083808689e-05,4.49743734e-05,0.008656816639,0.0001468704109,0.0005765997156,0.001521616677,0.002315922533,0.002542795713,3.133635037e-08,1.744551502e-07,6.676089558e-07,1.652085027e-06,0.004557736993,2.306491085e-05,0.0001406428603,0.0005025405594,0.000856022462,0.0009740114379,8.946385586e-08,5.939386151e-07,2.824533578e-06,8.860530323e-06,0.009661434093,0.0001848686676,0.0007904841831,0.00212591286,0.00310224026,0.003294526602,6.609986624e-08,5.314359131e-07,3.060641403e-06,1.145737554e-05,0.0123975478,0.0003208121661,0.001206676573,0.002880919868,0.003802686,0.003744847803,3.495961613e-08,3.579782152e-07,2.625776589e-06,1.228825244e-05,0.0151910353,0.0004940204386,0.001580301422,0.003246084613,0.003735362916,0.003307139783,4.492517159e-09,7.385558144e-08,8.346028758e-07,5.61144366e-06,0.01597577284,0.0003958862789,0.001141563098,0.002034923493,0.00190442683,0.001368938133,3.607543524e-11,1.559985255e-09,3.965591773e-08,4.904806282e-07,0.01251181467,5.177049041e-05,0.0001485103398,0.0002214698775,0.0001275190991,5.038541851e-05,8.69265243e-10,2.818314552e-08,5.37161909e-07,5.092935806e-06,0.0232946137,0.0001335403495,0.0002619444475,0.0002744610449,0.0001140977466,3.255506929e-05,1.241145233e-08,3.02139515e-07,4.323854282e-06,3.146698022e-05,0.03615700328,0.0002309887734,0.0003340916204,0.0002637950791,8.356355904e-05,1.807687524e-05,1.063217764e-09,4.77575608e-08,1.121014554e-06,1.160348754e-05,0.03322416349,4.789643845e-05,4.988608534e-05,2.544877508e-05,3.932898666e-06,3.749015872e-07
120,0.06619400398,0.07714862635,0.08068283341,0.0763785641,0.1739677972,0.0761064821,0.1122742914,0.1435962519,0.1567137132,0.1506083843,0.07535286046,0.08467515615,0.08537990493,0.0781469829,0.1464145917,0.03888616042,0.04918989019,0.05454194208,0.05103590973,0.04258006708,0.001623566698,0.00201234505,0.002238093173,0.002242516681,0.01908654089,0.002218313501,0.004240766922,0.006899693375,0.008803017077,0.009651524993,0.001426228279,0.001833473517,0.002114967202,0.002191769889,0.02267836447,0.004341596983,0.009679409722,0.0181652884,0.02703103561,0.03413805296,0.02977770574,0.0247794802,0.01850276136,0.01283431855,0.04146516606,0.005640400905,0.008943445531,0.01223110133,0.01345198947,0.01259992035,0.03428769606,0.02742124443,0.0196779301,0.01315802367,0.03437094312,0.002716136751,0.003643145133,0.004265381064,0.003967933594,0.00318651034,0.0007777564459,0.0006834881458,0.0005389664751,0.0003931537269,0.004573845063,0.0001567970075,0.0003128279751,0.0005295568195,0.0006622978764,0.0006900818447,0.0006754551994,0.0006176408595,0.0005067793217,0.0003834816154,0.005517894706,0.0003256087834,0.0007679518257,0.001518519218,0.002245305736,0.002728682901,6.036015133e-06,1.568534655e-05,3.084986087e-05,4.498135895e-05,0.008649047127,0.0001462004705,0.0005733690238,0.001511620873,0.002298060662,0.00252041449,3.137315335e-08,1.746024012e-07,6.679519624e-07,1.652430326e-06,0.004552752757,2.292265802e-05,0.0001395775751,0.00049807849,0.0008470486811,0.0009622906135,8.950428786e-08,5.940325191e-07,2.824150452e-06,8.8569266e-06,0.009649134805,0.0001837427161,0.0007846820497,0.002107845261,0.00307144847,0.00325730165,6.610807142e-08,5.313457798e-07,3.059223549e-06,1.144896309e-05,0.01237998441,0.0003187496966,0.00119741183,0.002855463252,0.003763609395,0.003701171391,3.494948549e-08,3.577693721e-07,2.62347398e-06,1.227414801e-05,0.01516675836,0.0004906333714,0.001567493725,0.003216017844,0.003695325522,0.003267048276,4.489169611e-09,7.377619459e-08,8.33430644e-07,5.601855218e-06,0.01594539218,0.000392659099,0.001130654463,0.002012828511,0.001880541757,0.001349530159,3.598617488e-11,1.555397701e-09,3.952080812e-08,4.885985233e-07,0.01247562085,5.109251358e-05,0.0001462692151,0.0002177182935,0.0001250263952,4.927003124e-05,8.660631389e-10,2.806619609e-08,5.346827254e-07,5.067241767e-06,0.02321678878,0.0001316238345,0.0002576632479,0.000269468503,0.0001117178552,3.178962943e-05,1.235350967e-08,3.005883442e-07,4.299644115e-06,3.127728209e-05,0.03602300379,0.00022743754,0.0003282903444,0.0002587278826,8.173138885e-05,1.763161253e-05,1.055841225e-09,4.739912903e-08,1.111965489e-06,1.150375228e-05,0.03307136058,4.693213062e-05,4.876042198e-05,2.481721061e-05,3.821407949e-06,3.629367409e-07
121,0.06620334345,0.0771580774,0.08069121773,0.07638519067,0.1739554678,0.07608046683,0.1122271268,0.1435254955,0.1566242237,0.1505115446,0.07535582205,0.0846757529,0.08537775275,0.07814268642,0.1463898062,0.03886309463,0.04915403384,0.05449530883,0.0509853423,0.04253256322,0.001623699113,0.002012420295,0.002238078017,0.002242410078,0.01908223632,0.002216512076,0.004236534942,0.006891617422,0.008791076797,0.009636785028,0.00142648978,0.001833753768,0.002115225977,0.00219197636,0.02267548153,0.00433916226,0.009672739082,0.01815060464,0.02700571412,0.03410204535,0.02978213767,0.02478269987,0.01850481576,0.01283551966,0.04146222795,0.0056384404,0.008939625279,0.01222497304,0.01344417855,0.01259168234,0.03428900115,0.02742136201,0.01967734989,0.01315722551,0.03436482676,0.002714449787,0.003640364484,0.004261562491,0.003963817019,0.003182788023,0.0007778176493,0.0006835110191,0.0005389601371,0.0003931326918,0.00457278378,0.0001566666194,0.0003125082987,0.0005289221005,0.000661377977,0.000689002639,0.0006755831765,0.0006177391347,0.0005068445749,0.0003835202485,0.005517205274,0.0003254270536,0.0007674251023,0.001517297572,0.002243212432,0.002725818465,6.037780757e-06,1.568864145e-05,3.085379785e-05,4.49836764e-05,0.008646436618,0.0001459760142,0.0005722873727,0.001508276404,0.002292088907,0.002512937273,3.13855027e-08,1.746517562e-07,6.680666671e-07,1.652544883e-06,0.004551078304,2.287504916e-05,0.0001392213853,0.00049658786,0.0008440540831,0.0009583834128,8.951781466e-08,5.940636485e-07,2.824019656e-06,8.855709411e-06,0.009645004034,0.0001833658813,0.0007827418034,0.002101808104,0.003061169487,0.003244886638,6.611078114e-08,5.31315107e-07,3.058744987e-06,1.144612905e-05,0.01237408638,0.0003180595828,0.001194314381,0.002846959038,0.003750567838,0.003686608313,3.494605628e-08,3.576989556e-07,2.622698709e-06,1.226940276e-05,0.01515860701,0.0004895003634,0.001563212999,0.003205976409,0.003681967293,0.003253684669,4.488041128e-09,7.37494681e-08,8.330363165e-07,5.598631511e-06,0.01593519306,0.0003915804784,0.00112701192,0.00200545718,0.00187258229,0.001343069811,3.595618143e-11,1.553857037e-09,3.947545571e-08,4.879670158e-07,0.01246347875,5.08666696e-05,0.0001455236735,0.0002164718441,0.0001241996753,4.890076089e-05,8.64988577e-10,2.802696699e-08,5.338514532e-07,5.058629623e-06,0.02319068902,0.0001309859594,0.0002562402603,0.000267811164,0.0001109292572,3.153645471e-05,1.233408237e-08,3.000684606e-07,4.291532973e-06,3.121374883e-05,0.03597807676,0.0002262564013,0.0003263634526,0.0002570469299,8.112472642e-05,1.748445186e-05,1.053372114e-09,4.727920481e-08,1.108939137e-06,1.147040992e-05,0.03302016058,4.661244083e-05,4.838785937e-05,2.460850338e-05,3.784654082e-06,3.590021364e-07
