Step,DF_001,DF_002,DF_003,DF_004,DF_005,DF_006,DF_007,DF_008,DF_009,DF_010,DF_011,DF_012,DF_013,DF_014,DF_015,DF_016,DF_017,DF_018,DF_019,DF_020,DF_021,DF_022,DF_023,DF_024,DF_025,DF_026,DF_027,DF_028,DF_029,DF_030,DF_031,DF_032,DF_033,DF_034,DF_035,DF_036,DF_037,DF_038,DF_039,DF_040,DF_041,DF_042,DF_043,DF_044,DF_045,DF_046,DF_047,DF_048,DF_049,DF_050,DF_051,DF_052,DF_053,DF_054,DF_055,DF_056,DF_057,DF_058,DF_059,DF_060,DF_061,DF_062,DF_063,DF_064,DF_065,DF_066,DF_067,DF_068,DF_069,DF_070,DF_071,DF_072,DF_073,DF_074,DF_075,DF_076,DF_077,DF_078,DF_079,DF_080,DF_081,DF_082,DF_083,DF_084,DF_085,DF_086,DF_087,DF_088,DF_089,DF_090,DF_091,DF_092,DF_093,DF_094,DF_095,DF_096,DF_097,DF_098,DF_099,DF_100,DF_101,DF_102,DF_103,DF_104,DF_105,DF_106,DF_107,DF_108,DF_109,DF_110,DF_111,DF_112,DF_113,DF_114,DF_115,DF_116,DF_117,DF_118,DF_119,DF_120,DF_121,DF_122,DF_123,DF_124,DF_125,DF_126,DF_127,DF_128,DF_129,DF_130,DF_131,DF_132,DF_133,DF_134,DF_135,DF_136,DF_137,DF_138,DF_139,DF_140,DF_141,DF_142,DF_143,DF_144,DF_145,DF_146,DF_147,DF_148,DF_149,DF_150,DF_151,DF_152,DF_153,DF_154,DF_155,DF_156,DF_157,DF_158,DF_159,DF_160,DF_161,DF_162,DF_163,DF_164,DF_165,DF_166,DF_167,DF_168,DF_169,DF_170,DF_171,DF_172,DF_173,DF_174,DF_175,DF_176,DF_177,DF_178,DF_179,DF_180
0,0.02271751558,0.01104264761,0.004816471438,0.00203393625,0.01448645675,0.004425032854,0.01238247369,0.02869742894,0.05246544074,0.08280227032,0.03219829762,0.01565111842,0.006826549473,0.002882767857,0.01567036336,0.004425033594,0.0123824723,0.02869741826,0.05246540816,0.082802184,0.0004305927255,0.0001478732966,4.556760666e-05,1.396310887e-05,0.0005385427438,3.126938763e-05,0.0001409757659,0.0005087669742,0.001283186387,0.002670518842,0.000303804787,0.0001043320139,3.215022125e-05,9.851668501e-06,0.0004978554735,3.126938241e-05,0.0001409757818,0.0005087671634,0.001283187184,0.002670521626,0.0105808747,0.004041835861,0.001385412723,0.0004683630741,0.004508811712,0.0004883547113,0.001415384213,0.003388978602,0.006091614703,0.00941924192,0.01546531715,0.005907667284,0.002024960813,0.000684573665,0.004911219063,0.0004883548001,0.00141538404,0.00338897723,0.006091610586,0.009419231234,0.0002217656742,6.065485384e-05,1.488607468e-05,3.697074949e-06,0.0001813622312,3.784270072e-06,1.734956324e-05,6.359518522e-05,0.0001554212963,0.0003128495899,0.000151724972,4.149809927e-05,1.018457104e-05,2.529418639e-06,0.0001665020724,3.784269384e-06,1.734956536e-05,6.359521096e-05,0.0001554214013,0.0003128499448,2.314089475e-07,2.93958365e-08,2.826225382e-09,2.540865838e-10,1.195058287e-05,4.555009991e-09,1.332177719e-07,2.268979257e-06,1.577513686e-05,7.280789437e-05,3.521820035e-10,2.864310182e-11,1.601311831e-12,8.012848447e-14,1.068985364e-06,8.658324574e-12,8.359383365e-10,3.882560672e-08,5.022832178e-07,3.809881162e-06,7.804543009e-10,1.060219137e-10,1.0317038e-11,8.932002054e-13,2.405280169e-06,1.264385574e-10,7.410081629e-09,2.265586981e-07,2.281430637e-06,1.415568983e-05,2.866230972e-10,4.54421596e-11,5.160811195e-12,5.152878039e-13,2.145009848e-06,1.120585953e-10,6.475604866e-09,1.95418692e-07,1.932401761e-06,1.177002691e-05,6.268968479e-11,1.208095525e-11,1.667699103e-12,1.993825738e-13,1.659828825e-06,7.384518016e-11,4.192196027e-09,1.244407812e-07,1.190067216e-06,7.00270196e-06,1.342286094e-12,2.696411273e-13,3.723318222e-14,4.292621011e-15,6.062736065e-07,4.46054702e-12,3.818130765e-10,1.585810263e-08,1.777429424e-07,1.167566869e-06,5.309868353e-17,6.159528258e-18,4.200391275e-19,2.197666886e-20,3.060521552e-08,1.745302046e-16,8.575146996e-14,1.516862991e-11,3.601711458e-10,4.168900903e-09,2.836821502e-16,3.429962849e-17,2.43795351e-18,1.325278379e-19,5.254798807e-08,4.860336913e-16,2.061031947e-13,3.179837472e-11,6.880334622e-10,7.326479461e-09,9.640925286e-16,1.201630083e-16,8.804434457e-18,4.922240761e-19,7.657524966e-08,9.138964135e-16,3.421417724e-13,4.701993495e-11,9.293333569e-10,9.104305963e-09,1.044690227e-18,8.677979134e-20,3.767028204e-21,1.170084506e-22,1.229297174e-08,4.760211362e-19,6.01312484e-16,2.240341314e-13,6.780028405e-12,8.912699058e-11
1,0.02271751557,0.01104264759,0.004816471431,0.002033936246,0.01448645674,0.004425032851,0.01238247369,0.02869742894,0.05246544077,0.0828022704,0.03219829761,0.01565111841,0.006826549463,0.002882767851,0.01567036334,0.00442503359,0.0123824723,0.02869741826,0.05246540818,0.08280218408,0.0004305927253,0.0001478732964,4.556760656e-05,1.396310883e-05,0.0005385427427,3.126938757e-05,0.0001409757657,0.0005087669736,0.001283186386,0.002670518841,0.0003038047868,0.0001043320138,3.215022118e-05,9.851668471e-06,0.0004978554724,3.126938234e-05,0.0001409757816,0.0005087671629,0.001283187183,0.002670521625,0.0105808747,0.004041835859,0.001385412722,0.0004683630736,0.00450881171,0.0004883547118,0.001415384215,0.003388978609,0.006091614719,0.009419241952,0.01546531715,0.005907667281,0.002024960812,0.0006845736643,0.004911219061,0.0004883548006,0.001415384042,0.003388977237,0.006091610602,0.009419231266,0.0002217656742,6.065485379e-05,1.488607466e-05,3.697074942e-06,0.000181362231,3.784270071e-06,1.734956325e-05,6.359518528e-05,0.0001554212965,0.0003128495906,0.000151724972,4.149809923e-05,1.018457103e-05,2.529418634e-06,0.0001665020722,3.784269383e-06,1.734956537e-05,6.359521102e-05,0.0001554214016,0.0003128499455,2.314089471e-07,2.939583639e-08,2.826225365e-09,2.540865818e-10,1.195058282e-05,4.555009962e-09,1.332177712e-07,2.268979247e-06,1.577513681e-05,7.280789416e-05,3.521820027e-10,2.864310166e-11,1.601311816e-12,8.01284835e-14,1.068985357e-06,8.65832448e-12,8.359383284e-10,3.882560639e-08,5.022832139e-07,3.809881135e-06,7.804141759e-10,1.060162876e-10,1.031647346e-11,8.93149968e-13,2.405228718e-06,1.264337019e-10,7.409825031e-09,2.265516466e-07,2.281364359e-06,1.415530357e-05,2.86552355e-10,4.543058374e-11,5.159455636e-12,5.151486866e-13,2.144789592e-06,1.120379378e-10,6.474528406e-09,1.953894937e-07,1.93213227e-06,1.176848516e-05,6.265874241e-11,1.20748009e-11,1.66682311e-12,1.992749279e-13,1.659487965e-06,7.381795603e-11,4.190802349e-09,1.244035967e-07,1.189735299e-06,7.000867484e-06,1.341443073e-12,2.694623513e-13,3.720719422e-14,4.289486309e-15,6.061105457e-07,4.458354509e-12,3.81647287e-10,1.585206086e-08,1.77681323e-07,1.167197138e-06,5.309018651e-17,6.157951859e-18,4.198913472e-19,2.196699174e-20,3.060054372e-08,1.744861251e-16,8.573672351e-14,1.516715666e-11,3.601601017e-10,4.169035343e-09,2.838074562e-16,3.430981908e-17,2.438325341e-18,1.325303655e-19,5.254727504e-08,4.860835802e-16,2.061423787e-13,3.180700326e-11,6.882829189e-10,7.329788523e-09,9.651085141e-16,1.202659355e-16,8.810239574e-18,4.924590256e-19,7.658463228e-08,9.143043616e-16,3.423269709e-13,4.704953066e-11,9.300260501e-10,9.112140858e-09,1.046189925e-18,8.68834481e-20,3.770619975e-21,1.17093991e-22,1.229529028e-08,4.7635633e-19,6.018059935e-16,2.242422523e-13,6.787385612e-12,8.923777928e-11
2,0.02271751555,0.01104264756,0.004816471409,0.002033936234,0.01448645668,0.00442503284,0.01238247368,0.02869742894,0.05246544084,0.08280227064,0.03219829758,0.01565111836,0.006826549433,0.002882767834,0.01567036327,0.004425033579,0.01238247228,0.02869741827,0.05246540826,0.08280218432,0.0004305927246,0.0001478732958,4.556760626e-05,1.39631087e-05,0.0005385427394,3.126938738e-05,0.0001409757651,0.0005087669719,0.001283186383,0.002670518839,0.0003038047863,0.0001043320133,3.215022097e-05,9.851668384e-06,0.0004978554694,3.126938216e-05,0.0001409757809,0.0005087671612,0.00128318718,0.002670521623,0.0105808747,0.004041835854,0.001385412719,0.0004683630722,0.004508811704,0.0004883547131,0.001415384221,0.003388978629,0.006091614766,0.009419242047,0.01546531714,0.005907667273,0.002024960807,0.0006845736622,0.004911219054,0.0004883548019,0.001415384048,0.003388977257,0.006091610649,0.009419231361,0.0002217656739,6.065485363e-05,1.48860746e-05,3.69707492e-06,0.0001813622303,3.784270068e-06,1.734956326e-05,6.359518545e-05,0.0001554212972,0.0003128495927,0.0001517249718,4.149809912e-05,1.018457098e-05,2.52941862e-06,0.0001665020716,3.78426938e-06,1.734956539e-05,6.359521119e-05,0.0001554214022,0.0003128499476,2.314089462e-07,2.939583607e-08,2.826225316e-09,2.540865757e-10,1.195058266e-05,4.555009877e-09,1.332177691e-07,2.268979217e-06,1.577513664e-05,7.280789357e-05,3.521820005e-10,2.864310119e-11,1.601311774e-12,8.012848062e-14,1.068985338e-06,8.658324202e-12,8.359383046e-10,3.882560541e-08,5.022832023e-07,3.809881054e-06,7.80295614e-10,1.059996628e-10,1.031480523e-11,8.930015074e-13,2.405076653e-06,1.264193513e-10,7.409066628e-09,2.265308049e-07,2.281168469e-06,1.415416195e-05,2.86343405e-10,4.539639126e-11,5.155451508e-12,5.147377443e-13,2.144138714e-06,1.119769002e-10,6.471347644e-09,1.95303215e-07,1.931335932e-06,1.176392931e-05,6.256739312e-11,1.205663153e-11,1.664236897e-12,1.989571196e-13,1.658480894e-06,7.3737545e-11,4.186685611e-09,1.24293752e-07,1.18875477e-06,6.995448034e-06,1.338955035e-12,2.689347249e-13,3.713049593e-14,4.280235005e-15,6.056288355e-07,4.45188001e-12,3.811576583e-10,1.58342159e-08,1.774993139e-07,1.16610499e-06,5.306510614e-17,6.15329682e-18,4.194549173e-19,2.193841353e-20,3.058673698e-08,1.743558647e-16,8.569313794e-14,1.516280135e-11,3.601274388e-10,4.169432673e-09,2.841781647e-16,3.433995275e-17,2.439423924e-18,1.325377712e-19,5.254515529e-08,4.862307918e-16,2.06258141e-13,3.183250792e-11,6.890205413e-10,7.339575871e-09,9.681172827e-16,1.205705935e-16,8.827412506e-18,4.931536024e-19,7.661233917e-08,9.155102976e-16,3.428746533e-13,4.71370805e-11,9.320758357e-10,9.135332336e-09,1.050634804e-18,8.719049802e-20,3.781252977e-21,1.173470614e-22,1.230214081e-08,4.773479683e-19,6.032665204e-16,2.248583685e-13,6.809173896e-12,8.956599692e-11
3,0.02271751551,0.01104264751,0.004816471374,0.002033936214,0.01448645658,0.004425032822,0.01238247365,0.02869742895,0.05246544096,0.08280227103,0.03219829752,0.01565111829,0.006826549383,0.002882767806,0.01567036317,0.004425033562,0.01238247226,0.02869741828,0.05246540838,0.08280218471,0.0004305927235,0.0001478732948,4.556760577e-05,1.39631085e-05,0.0005385427339,3.126938708e-05,0.000140975764,0.0005087669692,0.001283186379,0.002670518836,0.0003038047856,0.0001043320126,3.215022063e-05,9.851668241e-06,0.0004978554643,3.126938185e-05,0.0001409757799,0.0005087671585,0.001283187176,0.00267052162,0.01058087469,0.004041835844,0.001385412714,0.0004683630698,0.004508811694,0.0004883547151,0.001415384231,0.003388978663,0.006091614843,0.009419242202,0.01546531713,0.00590766726,0.0020249608,0.0006845736588,0.004911219043,0.000488354804,0.001415384058,0.003388977291,0.006091610726,0.009419231516,0.0002217656736,6.065485336e-05,1.488607449e-05,3.697074885e-06,0.0001813622293,3.784270064e-06,1.734956329e-05,6.359518573e-05,0.0001554212983,0.000312849596,0.0001517249716,4.149809894e-05,1.018457091e-05,2.529418596e-06,0.0001665020706,3.784269376e-06,1.734956542e-05,6.359521148e-05,0.0001554214033,0.000312849951,2.314089446e-07,2.939583555e-08,2.826225234e-09,2.540865658e-10,1.19505824e-05,4.555009737e-09,1.332177657e-07,2.268979169e-06,1.577513636e-05,7.280789259e-05,3.521819969e-10,2.864310042e-11,1.601311704e-12,8.012847589e-14,1.068985305e-06,8.658323747e-12,8.359382655e-10,3.882560381e-08,5.022831833e-07,3.809880923e-06,7.80101388e-10,1.05972426e-10,1.031207191e-11,8.927582447e-13,2.404827418e-06,1.263958301e-10,7.407823575e-09,2.264966446e-07,2.280847397e-06,1.415229079e-05,2.860013677e-10,4.534041702e-11,5.14889625e-12,5.140649484e-13,2.143072262e-06,1.118769147e-10,6.466136927e-09,1.951618657e-07,1.930031267e-06,1.175646518e-05,6.241800423e-11,1.202691717e-11,1.660007277e-12,1.984373505e-13,1.656831487e-06,7.360591856e-11,4.179945951e-09,1.241138997e-07,1.187149211e-06,6.986573538e-06,1.334888645e-12,2.680723916e-13,3.700514558e-14,4.265115752e-15,6.048400475e-07,4.441286449e-12,3.803563631e-10,1.580500649e-08,1.772013607e-07,1.164316956e-06,5.302410642e-17,6.145680503e-18,4.187407211e-19,2.18916488e-20,3.056411125e-08,1.741424304e-16,8.562169644e-14,1.515565965e-11,3.600738339e-10,4.170083829e-09,2.847869122e-16,3.438938909e-17,2.441223221e-18,1.325497002e-19,5.254164112e-08,4.86471297e-16,2.064477149e-13,3.187431769e-11,6.902305844e-10,7.355640514e-09,9.730679348e-16,1.210713815e-16,8.855608976e-18,4.942925454e-19,7.665767244e-08,9.174875132e-16,3.437733197e-13,4.728082534e-11,9.354434577e-10,9.173456065e-09,1.057960246e-18,8.769597283e-20,3.798736347e-21,1.177626497e-22,1.2313362e-08,4.789763269e-19,6.056665469e-16,2.2587142e-13,6.845025913e-12,9.010645387e-11
4,0.02271751546,0.01104264745,0.004816471326,0.002033936186,0.01448645645,0.004425032798,0.01238247362,0.02869742897,0.05246544112,0.08280227157,0.03219829745,0.0156511182,0.006826549315,0.002882767767,0.01567036303,0.004425033537,0.01238247223,0.02869741829,0.05246540854,0.08280218525,0.000430592722,0.0001478732935,4.55676051e-05,1.396310822e-05,0.0005385427263,3.126938666e-05,0.0001409757626,0.0005087669655,0.001283186373,0.002670518832,0.0003038047845,0.0001043320117,3.215022015e-05,9.851668044e-06,0.0004978554573,3.126938144e-05,0.0001409757784,0.0005087671547,0.00128318717,0.002670521615,0.01058087467,0.004041835832,0.001385412707,0.0004683630666,0.004508811679,0.000488354718,0.001415384245,0.003388978709,0.006091614949,0.009419242416,0.01546531711,0.005907667241,0.002024960789,0.000684573654,0.004911219028,0.0004883548068,0.001415384072,0.003388977337,0.006091610832,0.00941923173,0.0002217656731,6.0654853e-05,1.488607435e-05,3.697074837e-06,0.0001813622278,3.784270058e-06,1.734956333e-05,6.359518612e-05,0.0001554212998,0.0003128496007,0.0001517249712,4.149809869e-05,1.018457081e-05,2.529418562e-06,0.0001665020693,3.784269369e-06,1.734956546e-05,6.359521186e-05,0.0001554214048,0.0003128499556,2.314089425e-07,2.939583483e-08,2.826225122e-09,2.540865522e-10,1.195058205e-05,4.555009545e-09,1.33217761e-07,2.268979104e-06,1.577513598e-05,7.280789124e-05,3.521819919e-10,2.864309936e-11,1.601311608e-12,8.01284694e-14,1.06898526e-06,8.65832312e-12,8.359382118e-10,3.88256016e-08,5.022831571e-07,3.809880741e-06,7.798343363e-10,1.059349719e-10,1.030831279e-11,8.924236529e-13,2.404484477e-06,1.263634648e-10,7.406113114e-09,2.264496392e-07,2.280405598e-06,1.414971608e-05,2.855316104e-10,4.526353448e-11,5.139891633e-12,5.131406998e-13,2.14160554e-06,1.117394496e-10,6.458972319e-09,1.94967498e-07,1.928237168e-06,1.174620065e-05,6.22131231e-11,1.198616324e-11,1.654206042e-12,1.977244299e-13,1.654564351e-06,7.34251438e-11,4.170687948e-09,1.238667997e-07,1.184943113e-06,6.974378702e-06,1.32931669e-12,2.668907957e-13,3.683339188e-14,4.244400402e-15,6.0375619e-07,4.426746802e-12,3.792562504e-10,1.576489323e-08,1.767921152e-07,1.161860727e-06,5.29679085e-17,6.135227562e-18,4.177602596e-19,2.182745365e-20,3.053298599e-08,1.738488774e-16,8.552338485e-14,1.514582597e-11,3.599999291e-10,4.170979622e-09,2.856268795e-16,3.445750745e-17,2.443696347e-18,1.325656872e-19,5.253672434e-08,4.868006411e-16,2.067082323e-13,3.193186138e-11,6.918977464e-10,7.377791953e-09,9.799191807e-16,1.217634071e-16,8.89450784e-18,4.958607499e-19,7.671988953e-08,9.202094489e-16,3.450119046e-13,4.747912184e-11,9.400935007e-10,9.226142815e-09,1.068122143e-18,8.839601845e-20,3.822906622e-21,1.183361193e-22,1.232878796e-08,4.812231046e-19,6.089815524e-16,2.272719348e-13,6.894644572e-12,9.085522381e-11
5,0.02271751539,0.01104264736,0.004816471265,0.002033936151,0.01448645629,0.004425032767,0.01238247359,0.02869742898,0.05246544133,0.08280227225,0.03219829735,0.01565111807,0.006826549228,0.002882767717,0.01567036286,0.004425033507,0.01238247219,0.02869741831,0.05246540875,0.08280218593,0.0004305927202,0.0001478732918,4.556760425e-05,1.396310787e-05,0.0005385427168,3.126938613e-05,0.0001409757607,0.0005087669607,0.001283186365,0.002670518826,0.0003038047832,0.0001043320105,3.215021955e-05,9.851667796e-06,0.0004978554485,3.126938091e-05,0.0001409757766,0.00050876715,0.001283187162,0.00267052161,0.01058087466,0.004041835816,0.001385412698,0.0004683630625,0.004508811661,0.0004883547217,0.001415384263,0.003388978767,0.006091615083,0.009419242686,0.01546531709,0.005907667217,0.002024960776,0.000684573648,0.004911219008,0.0004883548105,0.00141538409,0.003388977395,0.006091610966,0.009419232001,0.0002217656724,6.065485254e-05,1.488607417e-05,3.697074776e-06,0.000181362226,3.78427005e-06,1.734956339e-05,6.359518661e-05,0.0001554213017,0.0003128496065,0.0001517249708,4.149809838e-05,1.018457069e-05,2.529418521e-06,0.0001665020676,3.784269362e-06,1.734956551e-05,6.359521235e-05,0.0001554214067,0.0003128499615,2.314089397e-07,2.939583392e-08,2.82622498e-09,2.540865349e-10,1.195058159e-05,4.555009302e-09,1.33217755e-07,2.26897902e-06,1.57751355e-05,7.280788954e-05,3.521819857e-10,2.864309802e-11,1.601311487e-12,8.012846118e-14,1.068985204e-06,8.658322328e-12,8.359381439e-10,3.882559882e-08,5.02283124e-07,3.809880512e-06,7.79497354e-10,1.058877021e-10,1.030356778e-11,8.92001251e-13,2.404051313e-06,1.263225832e-10,7.403952557e-09,2.263902643e-07,2.279847543e-06,1.41464639e-05,2.849397134e-10,4.516665049e-11,5.128543188e-12,5.119757708e-13,2.139754078e-06,1.115660046e-10,6.449931384e-09,1.947222017e-07,1.925972858e-06,1.173324543e-05,6.195545122e-11,1.193490543e-11,1.646909256e-12,1.968276877e-13,1.651704733e-06,7.319737047e-11,4.159020032e-09,1.235553055e-07,1.182161753e-06,6.959002375e-06,1.322317164e-12,2.654064897e-13,3.661764578e-14,4.218380568e-15,6.0238965e-07,4.408442699e-12,3.778707523e-10,1.571435563e-08,1.762764076e-07,1.158764992e-06,5.289728222e-17,6.122068857e-18,4.165255611e-19,2.17466198e-20,3.049368366e-08,1.734783011e-16,8.539919053e-14,1.513339348e-11,3.599063313e-10,4.172110692e-09,2.866917215e-16,3.454370362e-17,2.446815611e-18,1.325851677e-19,5.253037858e-08,4.872139831e-16,2.070367288e-13,3.200456664e-11,6.940070912e-10,7.405848682e-09,9.886382912e-16,1.226424006e-16,8.94380776e-18,4.978432104e-19,7.679820744e-08,9.236496094e-16,3.465797011e-13,4.773042577e-11,9.459938946e-10,9.293071823e-09,1.081094928e-18,8.928777682e-20,3.853624461e-21,1.19063155e-22,1.234824852e-08,4.840712162e-19,6.13189629e-16,2.290518406e-13,6.957795272e-12,9.180951245e-11
6,0.02271751531,0.01104264726,0.004816471192,0.00203393611,0.0144864561,0.00442503273,0.01238247354,0.028697429,0.05246544158,0.08280227307,0.03219829724,0.01565111793,0.006826549124,0.002882767658,0.01567036264,0.00442503347,0.01238247215,0.02869741833,0.052465409,0.08280218675,0.0004305927179,0.0001478732897,4.556760323e-05,1.396310745e-05,0.0005385427053,3.12693855e-05,0.0001409757586,0.000508766955,0.001283186355,0.002670518819,0.0003038047816,0.000104332009,3.215021883e-05,9.851667497e-06,0.0004978554379,3.126938027e-05,0.0001409757744,0.0005087671443,0.001283187152,0.002670521603,0.01058087464,0.004041835796,0.001385412687,0.0004683630575,0.00450881164,0.000488354726,0.001415384284,0.003388978837,0.006091615243,0.009419243011,0.01546531706,0.005907667189,0.00202496076,0.0006845736408,0.004911218985,0.0004883548148,0.001415384111,0.003388977466,0.006091611126,0.009419232325,0.0002217656717,6.065485199e-05,1.488607395e-05,3.697074702e-06,0.0001813622238,3.78427004e-06,1.734956345e-05,6.359518719e-05,0.000155421304,0.0003128496136,0.0001517249703,4.1498098e-05,1.018457054e-05,2.52941847e-06,0.0001665020656,3.784269352e-06,1.734956557e-05,6.359521294e-05,0.000155421409,0.0003128499685,2.314089365e-07,2.939583283e-08,2.82622481e-09,2.540865143e-10,1.195058105e-05,4.55500901e-09,1.332177479e-07,2.26897892e-06,1.577513492e-05,7.280788749e-05,3.521819781e-10,2.864309641e-11,1.601311341e-12,8.012845132e-14,1.068985136e-06,8.658321378e-12,8.359380623e-10,3.882559547e-08,5.022830842e-07,3.809880237e-06,7.790933851e-10,1.058310242e-10,1.029787727e-11,8.914945973e-13,2.403531423e-06,1.262735146e-10,7.401359287e-09,2.263189974e-07,2.279177723e-06,1.414256044e-05,2.842314375e-10,4.505070021e-11,5.114959623e-12,5.105812493e-13,2.137533599e-06,1.113581063e-10,6.439092974e-09,1.944280984e-07,1.923257841e-06,1.171771077e-05,6.164781862e-11,1.187370473e-11,1.638196547e-12,1.957568894e-13,1.648278422e-06,7.292481842e-11,4.145053899e-09,1.231823498e-07,1.178831077e-06,6.940586938e-06,1.31397236e-12,2.636369413e-13,3.636045232e-14,4.187364215e-15,6.007531363e-07,4.386563054e-12,3.762137929e-10,1.565388914e-08,1.75659219e-07,1.155059284e-06,5.28130377e-17,6.106340373e-18,4.150490906e-19,2.164996865e-20,3.044652915e-08,1.730338302e-16,8.525010115e-14,1.511845401e-11,3.597936114e-10,4.173467457e-09,2.879754995e-16,3.464738645e-17,2.450552535e-18,1.326074884e-19,5.25225613e-08,4.877061311e-16,2.074301488e-13,3.209185867e-11,6.965439687e-10,7.439636693e-09,9.992001248e-16,1.237046332e-16,9.003223873e-18,5.002249564e-19,7.689180659e-08,9.277814653e-16,3.484662827e-13,4.803327555e-11,9.531154328e-10,9.373964464e-09,1.096869835e-18,9.036927744e-20,3.890771512e-21,1.199397085e-22,1.237156947e-08,4.875045856e-19,6.182711085e-16,2.312042851e-13,7.034298677e-12,9.296753802e-11
7,0.02271751521,0.01104264714,0.004816471107,0.002033936061,0.01448645587,0.004425032687,0.01238247349,0.02869742903,0.05246544187,0.08280227402,0.0321982971,0.01565111776,0.006826549004,0.002882767589,0.0156703624,0.004425033427,0.0123824721,0.02869741835,0.05246540929,0.0828021877,0.0004305927152,0.0001478732873,4.556760204e-05,1.396310696e-05,0.0005385426921,3.126938476e-05,0.000140975756,0.0005087669484,0.001283186344,0.002670518811,0.0003038047797,0.0001043320074,3.2150218e-05,9.851667151e-06,0.0004978554256,3.126937954e-05,0.0001409757719,0.0005087671376,0.001283187141,0.002670521595,0.01058087462,0.004041835774,0.001385412674,0.0004683630518,0.004508811615,0.0004883547311,0.001415384309,0.003388978919,0.00609161543,0.009419243388,0.01546531703,0.005907667156,0.002024960742,0.0006845736325,0.004911218958,0.0004883548199,0.001415384136,0.003388977547,0.006091611313,0.009419232702,0.0002217656708,6.065485135e-05,1.488607369e-05,3.697074617e-06,0.0001813622212,3.784270029e-06,1.734956352e-05,6.359518788e-05,0.0001554213066,0.0003128496218,0.0001517249697,4.149809757e-05,1.018457037e-05,2.529418412e-06,0.0001665020632,3.784269341e-06,1.734956564e-05,6.359521362e-05,0.0001554214117,0.0003128499767,2.314089327e-07,2.939583156e-08,2.826224613e-09,2.540864902e-10,1.195058042e-05,4.555008672e-09,1.332177396e-07,2.268978804e-06,1.577513425e-05,7.280788512e-05,3.521819694e-10,2.864309454e-11,1.601311172e-12,8.012843988e-14,1.068985057e-06,8.658320275e-12,8.359379676e-10,3.882559158e-08,5.022830381e-07,3.809879918e-06,7.78625415e-10,1.057653509e-10,1.029128212e-11,8.909072839e-13,2.402928318e-06,1.262165892e-10,7.398350743e-09,2.262363175e-07,2.278400644e-06,1.413803201e-05,2.83412692e-10,4.491664211e-11,5.099252275e-12,5.089684838e-13,2.13495999e-06,1.111173043e-10,6.426537027e-09,1.940873368e-07,1.920111862e-06,1.169970926e-05,6.129315875e-11,1.180314247e-11,1.628150421e-12,1.945221521e-13,1.644311667e-06,7.26097654e-11,4.128903954e-09,1.227509311e-07,1.174977589e-06,6.919277712e-06,1.304367984e-12,2.616003444e-13,3.606446307e-14,4.151672297e-15,5.988596246e-07,4.361302729e-12,3.742996996e-10,1.558400233e-08,1.749456545e-07,1.150773836e-06,5.271601701e-17,6.088182151e-18,4.133436622e-19,2.153834544e-20,3.039184925e-08,1.725186186e-16,8.507710338e-14,1.510109807e-11,3.596623024e-10,4.175040051e-09,2.894726157e-16,3.476797439e-17,2.454877865e-18,1.326319157e-19,5.251321575e-08,4.882715737e-16,2.078853478e-13,3.219315886e-11,6.994939331e-10,7.478988004e-09,1.011586218e-15,1.249468382e-16,9.072484499e-18,5.029909829e-19,7.699983418e-08,9.325783454e-16,3.506614226e-13,4.83862758e-11,9.614313039e-10,9.468578175e-09,1.115453332e-18,9.163933667e-20,3.934247426e-21,1.209619447e-22,1.239857274e-08,4.915079401e-19,6.242081992e-16,2.337234647e-13,7.124023922e-12,9.432842091e-11
8,0.02271751511,0.011042647,0.004816471011,0.002033936006,0.01448645561,0.004425032639,0.01238247343,0.02869742905,0.0524654422,0.08280227509,0.03219829695,0.01565111756,0.006826548868,0.002882767511,0.01567036212,0.004425033378,0.01238247204,0.02869741838,0.05246540962,0.08280218877,0.0004305927123,0.0001478732846,4.55676007e-05,1.39631064e-05,0.000538542677,3.126938393e-05,0.0001409757531,0.0005087669409,0.001283186332,0.002670518802,0.0003038047776,0.0001043320055,3.215021705e-05,9.851666758e-06,0.0004978554117,3.126937871e-05,0.000140975769,0.0005087671302,0.001283187129,0.002670521586,0.01058087459,0.004041835748,0.00138541266,0.0004683630454,0.004508811587,0.0004883547369,0.001415384337,0.003388979011,0.006091615641,0.009419243814,0.01546531699,0.005907667119,0.002024960721,0.000684573623,0.004911218927,0.0004883548257,0.001415384164,0.003388977639,0.006091611524,0.009419233129,0.0002217656698,6.065485063e-05,1.488607341e-05,3.69707452e-06,0.0001813622183,3.784270017e-06,1.73495636e-05,6.359518865e-05,0.0001554213096,0.000312849631,0.000151724969,4.149809707e-05,1.018457017e-05,2.529418346e-06,0.0001665020606,3.784269329e-06,1.734956572e-05,6.359521439e-05,0.0001554214147,0.0003128499859,2.314089283e-07,2.939583012e-08,2.826224389e-09,2.54086463e-10,1.195057971e-05,4.555008288e-09,1.332177302e-07,2.268978673e-06,1.577513349e-05,7.280788244e-05,3.521819595e-10,2.864309243e-11,1.601310981e-12,8.012842692e-14,1.068984968e-06,8.658319025e-12,8.359378604e-10,3.882558718e-08,5.022829859e-07,3.809879556e-06,7.780964633e-10,1.056910989e-10,1.028382354e-11,8.902429306e-13,2.402245521e-06,1.261521383e-10,7.394944416e-09,2.26142705e-07,2.277520825e-06,1.413290496e-05,2.824895039e-10,4.476545315e-11,5.081534571e-12,5.071490305e-13,2.132049277e-06,1.108451666e-10,6.412344369e-09,1.937020878e-07,1.916554859e-06,1.167935457e-05,6.089448421e-11,1.172381562e-11,1.616855592e-12,1.931338638e-13,1.639831084e-06,7.225453524e-11,4.110686763e-09,1.222641009e-07,1.17062824e-06,6.895222384e-06,1.293592286e-12,2.593154362e-13,3.573240934e-14,4.111635509e-15,5.967223039e-07,4.332861245e-12,3.721431168e-10,1.550521414e-08,1.741409173e-07,1.14593943e-06,5.260708609e-17,6.067737257e-18,4.114223535e-19,2.141261373e-20,3.032997216e-08,1.719358386e-16,8.488118157e-14,1.508141473e-11,3.595128973e-10,4.176818258e-09,2.9117775e-16,3.490489214e-17,2.459761571e-18,1.326576447e-19,5.250227276e-08,4.889045091e-16,2.083990948e-13,3.230788325e-11,7.028426622e-10,7.523739208e-09,1.025783927e-15,1.263661355e-16,9.151327883e-18,5.061261791e-19,7.712140744e-08,9.380133248e-16,3.531550139e-13,4.878808116e-11,9.709166352e-10,9.576700595e-09,1.136865709e-18,9.309746318e-20,3.983966957e-21,1.221261881e-22,1.242907652e-08,4.960666066e-19,6.309846324e-16,2.366044594e-13,7.226882176e-12,9.589208068e-11
9,0.02271751499,0.01104264685,0.004816470904,0.002033935945,0.01448645532,0.004425032585,0.01238247336,0.02869742908,0.05246544256,0.08280227629,0.03219829678,0.01565111735,0.006826548716,0.002882767425,0.01567036181,0.004425033324,0.01238247197,0.02869741841,0.05246540998,0.08280218997,0.0004305927089,0.0001478732817,4.556759921e-05,1.396310578e-05,0.0005385426603,3.1269383e-05,0.0001409757499,0.0005087669326,0.001283186318,0.002670518792,0.0003038047753,0.0001043320034,3.2150216e-05,9.851666322e-06,0.0004978553962,3.126937778e-05,0.0001409757658,0.0005087671218,0.001283187115,0.002670521576,0.01058087456,0.00404183572,0.001385412645,0.0004683630382,0.004508811555,0.0004883547432,0.001415384368,0.003388979113,0.006091615876,0.009419244289,0.01546531695,0.005907667077,0.002024960698,0.0006845736125,0.004911218893,0.0004883548321,0.001415384195,0.003388977741,0.006091611759,0.009419233603,0.0002217656686,6.065484982e-05,1.488607309e-05,3.697074413e-06,0.0001813622151,3.784270003e-06,1.734956369e-05,6.359518951e-05,0.000155421313,0.0003128496413,0.0001517249682,4.149809652e-05,1.018456995e-05,2.529418272e-06,0.0001665020576,3.784269315e-06,1.734956582e-05,6.359521525e-05,0.000155421418,0.0003128499962,2.314089236e-07,2.939582853e-08,2.82622414e-09,2.540864328e-10,1.195057892e-05,4.555007862e-09,1.332177197e-07,2.268978526e-06,1.577513264e-05,7.280787945e-05,3.521819484e-10,2.864309008e-11,1.601310768e-12,8.012841251e-14,1.068984869e-06,8.658317635e-12,8.359377412e-10,3.882558229e-08,5.022829278e-07,3.809879154e-06,7.775095764e-10,1.056086885e-10,1.027554302e-11,8.8950518e-13,2.401486565e-06,1.260804943e-10,7.391157843e-09,2.260386414e-07,2.276542794e-06,1.412720574e-05,2.814679882e-10,4.459812421e-11,5.06192151e-12,5.051346031e-13,2.128817591e-06,1.105432757e-10,6.396596527e-09,1.932745398e-07,1.912606929e-06,1.165676123e-05,6.045486338e-11,1.163633215e-11,1.604398344e-12,1.916026049e-13,1.634863575e-06,7.186148645e-11,4.090520533e-09,1.217249511e-07,1.165810326e-06,6.86857046e-06,1.281735231e-12,2.568013205e-13,3.536707648e-14,4.067591162e-15,5.943545259e-07,4.30144153e-12,3.697589234e-10,1.541805123e-08,1.732502841e-07,1.140587262e-06,5.248712708e-17,6.045150786e-18,4.092984232e-19,2.127364991e-20,3.026122695e-08,1.712886741e-16,8.466331654e-14,1.505949155e-11,3.593458471e-10,4.178791449e-09,2.930857979e-16,3.505756726e-17,2.465172844e-18,1.326838075e-19,5.248965252e-08,4.895988722e-16,2.089680737e-13,3.243544106e-11,7.065758774e-10,7.573730055e-09,1.041785604e-15,1.279599578e-16,9.239498988e-18,5.096152558e-19,7.725561653e-08,9.440591111e-16,3.559369898e-13,4.923738041e-11,9.815480478e-10,9.698143898e-09,1.16113976e-18,9.474376798e-20,4.039857161e-21,1.234288704e-22,1.246289538e-08,5.011663106e-19,6.385853159e-16,2.398430723e-13,7.342820459e-12,9.765913844e-11
10,0.02271751486,0.01104264668,0.004816470786,0.002033935878,0.01448645501,0.004425032525,0.01238247329,0.02869742911,0.05246544296,0.0828022776,0.0321982966,0.01565111711,0.006826548549,0.00288276733,0.01567036147,0.004425033265,0.0123824719,0.02869741844,0.05246541038,0.08280219128,0.0004305927053,0.0001478732784,4.556759757e-05,1.39631051e-05,0.0005385426419,3.126938199e-05,0.0001409757464,0.0005087669234,0.001283186303,0.002670518781,0.0003038047727,0.000104332001,3.215021484e-05,9.851665843e-06,0.0004978553793,3.126937676e-05,0.0001409757622,0.0005087671127,0.0012831871,0.002670521565,0.01058087453,0.004041835689,0.001385412627,0.0004683630303,0.004508811521,0.0004883547503,0.001415384402,0.003388979226,0.006091616133,0.009419244809,0.0154653169,0.005907667032,0.002024960673,0.000684573601,0.004911218855,0.0004883548391,0.001415384229,0.003388977854,0.006091612017,0.009419234123,0.0002217656674,6.065484894e-05,1.488607274e-05,3.697074295e-06,0.0001813622115,3.784269988e-06,1.734956379e-05,6.359519045e-05,0.0001554213166,0.0003128496526,0.0001517249674,4.149809592e-05,1.018456971e-05,2.529418192e-06,0.0001665020544,3.7842693e-06,1.734956592e-05,6.359521619e-05,0.0001554214217,0.0003128500075,2.314089183e-07,2.939582677e-08,2.826223868e-09,2.540863996e-10,1.195057805e-05,4.555007395e-09,1.332177083e-07,2.268978366e-06,1.577513172e-05,7.280787617e-05,3.521819364e-10,2.86430875e-11,1.601310534e-12,8.01283967e-14,1.06898476e-06,8.658316111e-12,8.359376105e-10,3.882557692e-08,5.022828641e-07,3.809878713e-06,7.768678212e-10,1.055185422e-10,1.02664823e-11,8.886976918e-13,2.400654991e-06,1.260019899e-10,7.387008596e-09,2.259246094e-07,2.275471094e-06,1.412096084e-05,2.803543197e-10,4.441565564e-11,5.040529174e-12,5.029370235e-13,2.125281146e-06,1.102132249e-10,6.37937555e-09,1.928068946e-07,1.908288283e-06,1.163204443e-05,5.997739824e-11,1.154130678e-11,1.590865918e-12,1.899390745e-13,1.629436249e-06,7.143300141e-11,4.068524613e-09,1.211366017e-07,1.160551382e-06,6.839472731e-06,1.268887721e-12,2.540773024e-13,3.497127959e-14,4.019880225e-15,5.917697557e-07,4.26724874e-12,3.671621539e-10,1.532304543e-08,1.72279081e-07,1.134748804e-06,5.235703091e-17,6.020568925e-18,4.069852337e-19,2.112233817e-20,3.018594313e-08,1.705803139e-16,8.442448443e-14,1.503541457e-11,3.591615589e-10,4.180948521e-09,2.951918116e-16,3.522542695e-17,2.471080096e-18,1.327094806e-19,5.247526623e-08,4.90348361e-16,2.09588885e-13,3.257523322e-11,7.10679265e-10,7.628802073e-09,1.059587808e-15,1.297259794e-16,9.33674637e-18,5.134426748e-19,7.740152747e-08,9.506879325e-16,3.589972456e-13,4.973288094e-11,9.933032217e-10,9.832739255e-09,1.188319546e-18,9.657887762e-20,4.101854661e-21,1.248664789e-22,1.249984041e-08,5.06792979e-19,6.469959966e-16,2.434356741e-13,7.471815652e-12,9.963082291e-11
11,0.02271751472,0.0110426465,0.004816470659,0.002033935805,0.01448645467,0.004425032461,0.01238247321,0.02869742915,0.0524654434,0.08280227902,0.0321982964,0.01565111686,0.006826548369,0.002882767227,0.0156703611,0.004425033201,0.01238247182,0.02869741847,0.05246541081,0.0828021927,0.0004305927014,0.0001478732748,4.55675958e-05,1.396310437e-05,0.000538542622,3.126938089e-05,0.0001409757426,0.0005087669135,0.001283186286,0.002670518769,0.0003038047699,0.0001043319985,3.215021359e-05,9.851665324e-06,0.0004978553609,3.126937566e-05,0.0001409757584,0.0005087671028,0.001283187083,0.002670521553,0.0105808745,0.004041835655,0.001385412609,0.0004683630217,0.004508811484,0.0004883547578,0.001415384439,0.003388979348,0.006091616413,0.009419245373,0.01546531685,0.005907666982,0.002024960646,0.0006845735884,0.004911218815,0.0004883548467,0.001415384266,0.003388977976,0.006091612296,0.009419234687,0.0002217656661,6.065484798e-05,1.488607236e-05,3.697074167e-06,0.0001813622077,3.784269971e-06,1.73495639e-05,6.359519147e-05,0.0001554213206,0.0003128496648,0.0001517249665,4.149809526e-05,1.018456945e-05,2.529418104e-06,0.0001665020508,3.784269283e-06,1.734956602e-05,6.359521721e-05,0.0001554214256,0.0003128500197,2.314089126e-07,2.939582488e-08,2.826223572e-09,2.540863637e-10,1.19505771e-05,4.555006888e-09,1.332176958e-07,2.268978192e-06,1.577513071e-05,7.280787262e-05,3.521819233e-10,2.86430847e-11,1.601310281e-12,8.012837958e-14,1.068984642e-06,8.65831446e-12,8.359374688e-10,3.882557111e-08,5.022827951e-07,3.809878235e-06,7.761742782e-10,1.054210845e-10,1.025668324e-11,8.878241378e-13,2.399754347e-06,1.259169588e-10,7.38251428e-09,2.258010924e-07,2.274310271e-06,1.411419682e-05,2.791547062e-10,4.421905307e-11,5.017474254e-12,5.005681761e-13,2.121456215e-06,1.098566147e-10,6.360763835e-09,1.923013626e-07,1.903619213e-06,1.160531979e-05,5.946520347e-11,1.143935678e-11,1.576345937e-12,1.881540204e-13,1.623576346e-06,7.097147599e-11,4.044819015e-09,1.205021897e-07,1.154879091e-06,6.808080777e-06,1.255140853e-12,2.511627317e-13,3.454784072e-14,3.968844558e-15,5.889815253e-07,4.230489135e-12,3.643679235e-10,1.522073137e-08,1.712326611e-07,1.128455686e-06,5.221769045e-17,5.994138068e-18,4.04496178e-19,2.095956567e-20,3.010445018e-08,1.698139462e-16,8.416565573e-14,1.500926822e-11,3.589603943e-10,4.183277839e-09,2.974909416e-16,3.540789488e-17,2.477450955e-18,1.327336933e-19,5.245901781e-08,4.911464631e-16,2.102580472e-13,3.272665097e-11,7.151384018e-10,7.688797232e-09,1.07919053e-15,1.31662046e-16,9.442819124e-18,5.175925803e-19,7.755818497e-08,9.578714316e-16,3.623255629e-13,5.027329356e-11,1.006160472e-09,9.980331437e-09,1.218459201e-18,9.86038494e-20,4.16990296e-21,1.264355061e-22,1.253971929e-08,5.129325478e-19,6.56202929e-16,2.4737905e-13,7.613868629e-12,1.018088788e-10
12,0.02271751456,0.01104264631,0.004816470523,0.002033935727,0.0144864543,0.004425032392,0.01238247313,0.02869742919,0.05246544386,0.08280228054,0.03219829618,0.01565111658,0.006826548176,0.002882767116,0.0156703607,0.004425033132,0.01238247174,0.02869741851,0.05246541128,0.08280219422,0.0004305926971,0.000147873271,4.55675939e-05,1.396310358e-05,0.0005385426007,3.126937971e-05,0.0001409757385,0.0005087669029,0.001283186268,0.002670518757,0.000303804767,0.0001043319958,3.215021225e-05,9.851664768e-06,0.0004978553412,3.126937448e-05,0.0001409757543,0.0005087670922,0.001283187065,0.002670521541,0.01058087446,0.004041835619,0.001385412588,0.0004683630125,0.004508811444,0.000488354766,0.001415384479,0.003388979478,0.006091616712,0.009419245979,0.0154653168,0.00590766693,0.002024960617,0.000684573575,0.004911218771,0.0004883548548,0.001415384306,0.003388978106,0.006091612595,0.009419235293,0.0002217656646,6.065484696e-05,1.488607195e-05,3.69707403e-06,0.0001813622036,3.784269954e-06,1.734956402e-05,6.359519256e-05,0.0001554213249,0.000312849678,0.0001517249655,4.149809456e-05,1.018456917e-05,2.529418011e-06,0.000166502047,3.784269265e-06,1.734956614e-05,6.359521831e-05,0.0001554214299,0.0003128500329,2.314089065e-07,2.939582284e-08,2.826223255e-09,2.540863251e-10,1.195057609e-05,4.555006344e-09,1.332176825e-07,2.268978006e-06,1.577512963e-05,7.280786881e-05,3.521819092e-10,2.86430817e-11,1.60131001e-12,8.012836119e-14,1.068984515e-06,8.658312687e-12,8.359373166e-10,3.882556487e-08,5.02282721e-07,3.809877722e-06,7.754320358e-10,1.053167408e-10,1.024618781e-11,8.868881974e-13,2.398788187e-06,1.258257349e-10,7.377692523e-09,2.256685745e-07,2.27306488e-06,1.410694025e-05,2.778753628e-10,4.400932348e-11,4.992873612e-12,4.980399639e-13,2.117359104e-06,1.094750491e-10,6.340843961e-09,1.917601592e-07,1.898620056e-06,1.157670318e-05,5.892138699e-11,1.133109825e-11,1.560925873e-12,1.862581736e-13,1.617311163e-06,7.047930976e-11,4.019523964e-09,1.198248585e-07,1.148821192e-06,6.774546487e-06,1.240585249e-12,2.48076859e-13,3.40995678e-14,3.914824339e-15,5.860033898e-07,4.191369016e-12,3.613913578e-10,1.511164422e-08,1.701163833e-07,1.121739567e-06,5.206999414e-17,5.966004002e-18,4.018446118e-19,2.078621804e-20,3.001707716e-08,1.689927524e-16,8.388779442e-14,1.498113534e-11,3.587426687e-10,4.185767191e-09,2.999783817e-16,3.560438828e-17,2.484252277e-18,1.327554353e-19,5.244080543e-08,4.919864824e-16,2.109719995e-13,3.288907461e-11,7.199386836e-10,7.753556661e-09,1.100596432e-15,1.337661062e-16,9.557463927e-18,5.220487362e-19,7.772461533e-08,9.655805661e-16,3.659115375e-13,5.085731793e-11,1.020098333e-09,1.014077351e-08,1.251621754e-18,1.008200876e-19,4.243949801e-21,1.281324004e-22,1.258233646e-08,5.195707749e-19,6.661925505e-16,2.516702491e-13,7.768998463e-12,1.041954759e-10
13,0.0227175144,0.0110426461,0.004816470377,0.002033935644,0.01448645391,0.004425032319,0.01238247304,0.02869742923,0.05246544436,0.08280228217,0.03219829596,0.01565111629,0.00682654797,0.002882766998,0.01567036028,0.004425033058,0.01238247165,0.02869741855,0.05246541178,0.08280219585,0.0004305926926,0.0001478732669,4.556759187e-05,1.396310274e-05,0.0005385425779,3.126937845e-05,0.0001409757341,0.0005087668916,0.00128318625,0.002670518743,0.0003038047638,0.000104331993,3.215021082e-05,9.851664175e-06,0.0004978553201,3.126937322e-05,0.00014097575,0.0005087670808,0.001283187046,0.002670521527,0.01058087442,0.00404183558,0.001385412567,0.0004683630027,0.004508811401,0.0004883547747,0.001415384521,0.003388979617,0.006091617031,0.009419246623,0.01546531674,0.005907666873,0.002024960585,0.0006845735607,0.004911218724,0.0004883548635,0.001415384348,0.003388978246,0.006091612915,0.009419235938,0.0002217656631,6.065484586e-05,1.488607151e-05,3.697073884e-06,0.0001813621992,3.784269935e-06,1.734956414e-05,6.359519373e-05,0.0001554213294,0.0003128496919,0.0001517249644,4.149809381e-05,1.018456887e-05,2.529417911e-06,0.000166502043,3.784269247e-06,1.734956626e-05,6.359521948e-05,0.0001554214344,0.0003128500469,2.314089e-07,2.939582067e-08,2.826222917e-09,2.54086284e-10,1.195057502e-05,4.555005765e-09,1.332176683e-07,2.268977807e-06,1.577512848e-05,7.280786475e-05,3.521818942e-10,2.864307851e-11,1.601309721e-12,8.01283416e-14,1.06898438e-06,8.658310799e-12,8.359371546e-10,3.882555822e-08,5.02282642e-07,3.809877176e-06,7.74644184e-10,1.052059366e-10,1.023503801e-11,8.858935527e-13,2.397760066e-06,1.257286525e-10,7.372560973e-09,2.255275404e-07,2.271739481e-06,1.409921775e-05,2.765224885e-10,4.378747142e-11,4.966843859e-12,4.953642674e-13,2.113006126e-06,1.090701324e-10,6.319698534e-09,1.911855006e-07,1.893311154e-06,1.154631052e-05,5.8349032e-11,1.121714252e-11,1.544692545e-12,1.842621881e-13,1.610667987e-06,6.995889682e-11,3.992759474e-09,1.191077468e-07,1.142405392e-06,6.739021606e-06,1.225310432e-12,2.448387046e-13,3.362923543e-14,3.858155727e-15,5.828488851e-07,4.150093747e-12,3.582475265e-10,1.499631755e-08,1.689355923e-07,1.114632032e-06,5.191482007e-17,5.936311164e-18,3.990437921e-19,2.060317532e-20,2.992415233e-08,1.68119903e-16,8.35918574e-14,1.495109716e-11,3.58508651e-10,4.188403755e-09,3.026493148e-16,3.581431512e-17,2.491450159e-18,1.327736647e-19,5.242052322e-08,4.928615671e-16,2.117271044e-13,3.306187239e-11,7.250652581e-10,7.82291942e-09,1.123810092e-15,1.360361445e-16,9.680422206e-18,5.26794468e-19,7.789982937e-08,9.737855201e-16,3.69744511e-13,5.14836284e-11,1.035095158e-09,1.031392159e-08,1.287877947e-18,1.032292593e-19,4.323944557e-21,1.29953519e-22,1.26274933e-08,5.2669306e-19,6.769511644e-16,2.563064364e-13,7.937236643e-12,1.067931183e-10
14,0.02271751423,0.01104264588,0.004816470223,0.002033935556,0.0144864535,0.004425032241,0.01238247294,0.02869742927,0.05246544488,0.08280228389,0.03219829571,0.01565111598,0.006826547752,0.002882766874,0.01567035984,0.004425032981,0.01238247155,0.02869741859,0.0524654123,0.08280219757,0.0004305926879,0.0001478732626,4.556758972e-05,1.396310185e-05,0.0005385425539,3.126937712e-05,0.0001409757295,0.0005087668796,0.00128318623,0.002670518729,0.0003038047604,0.0001043319899,3.215020931e-05,9.851663547e-06,0.0004978552979,3.126937189e-05,0.0001409757454,0.0005087670689,0.001283187026,0.002670521513,0.01058087438,0.004041835539,0.001385412544,0.0004683629924,0.004508811356,0.0004883547839,0.001415384566,0.003388979765,0.006091617369,0.009419247305,0.01546531668,0.005907666814,0.002024960552,0.0006845735456,0.004911218675,0.0004883548727,0.001415384393,0.003388978393,0.006091613252,0.00941923662,0.0002217656615,6.065484471e-05,1.488607105e-05,3.69707373e-06,0.0001813621945,3.784269915e-06,1.734956427e-05,6.359519497e-05,0.0001554213342,0.0003128497067,0.0001517249633,4.149809302e-05,1.018456856e-05,2.529417805e-06,0.0001665020388,3.784269227e-06,1.734956639e-05,6.359522071e-05,0.0001554214392,0.0003128500617,2.314088931e-07,2.939581837e-08,2.82622256e-09,2.540862405e-10,1.195057388e-05,4.555005152e-09,1.332176533e-07,2.268977597e-06,1.577512727e-05,7.280786046e-05,3.521818784e-10,2.864307513e-11,1.601309415e-12,8.012832089e-14,1.068984238e-06,8.658308802e-12,8.359369833e-10,3.882555118e-08,5.022825586e-07,3.809876598e-06,7.73813809e-10,1.050890972e-10,1.02232758e-11,8.848438842e-13,2.396673545e-06,1.256260462e-10,7.367137286e-09,2.253784749e-07,2.270338634e-06,1.409105594e-05,2.751022438e-10,4.355449562e-11,4.939500971e-12,4.925529062e-13,2.108413585e-06,1.086434662e-10,6.297410036e-09,1.905796004e-07,1.88771283e-06,1.151425762e-05,5.775118056e-11,1.109809298e-11,1.52773167e-12,1.821765851e-13,1.603674031e-06,6.941261719e-11,3.964644946e-09,1.1835398e-07,1.135659287e-06,6.701657311e-06,1.209404274e-12,2.414669399e-13,3.313956746e-14,3.79916874e-15,5.795314896e-07,4.106866842e-12,3.549513828e-10,1.487528135e-08,1.676955999e-07,1.107164484e-06,5.175303076e-17,5.905201965e-18,3.961068206e-19,2.041130817e-20,2.982600281e-08,1.67198553e-16,8.327879403e-14,1.49192334e-11,3.582585648e-10,4.191174069e-09,3.054988615e-16,3.603707163e-17,2.499009962e-18,1.327873168e-19,5.239806282e-08,4.937647386e-16,2.12519652e-13,3.324439962e-11,7.305029644e-10,7.896721337e-09,1.148837241e-15,1.384701146e-16,9.811427415e-18,5.318126131e-19,7.808282548e-08,9.82455629e-16,3.738135078e-13,5.215086065e-11,1.051128722e-09,1.049962977e-08,1.327305017e-18,1.058332102e-19,4.409835652e-21,1.318950828e-22,1.267498832e-08,5.342842717e-19,6.884646293e-16,2.612847455e-13,8.118621284e-12,1.096045516e-10
15,0.02271751405,0.01104264566,0.004816470062,0.002033935464,0.01448645307,0.004425032159,0.01238247284,0.02869742931,0.05246544543,0.08280228569,0.03219829546,0.01565111566,0.006826547522,0.002882766743,0.01567035937,0.004425032899,0.01238247145,0.02869741864,0.05246541285,0.08280219937,0.0004305926828,0.0001478732581,4.556758747e-05,1.396310091e-05,0.0005385425286,3.126937571e-05,0.0001409757247,0.000508766867,0.001283186209,0.002670518714,0.0003038047569,0.0001043319868,3.215020772e-05,9.851662888e-06,0.0004978552745,3.126937049e-05,0.0001409757405,0.0005087670563,0.001283187005,0.002670521498,0.01058087434,0.004041835497,0.001385412521,0.0004683629815,0.004508811308,0.0004883547935,0.001415384613,0.003388979919,0.006091617724,0.009419248022,0.01546531662,0.005907666751,0.002024960517,0.0006845735297,0.004911218624,0.0004883548823,0.00141538444,0.003388978548,0.006091613607,0.009419237337,0.0002217656598,6.065484349e-05,1.488607057e-05,3.697073567e-06,0.0001813621896,3.784269894e-06,1.734956441e-05,6.359519626e-05,0.0001554213392,0.0003128497223,0.0001517249622,4.149809219e-05,1.018456823e-05,2.529417694e-06,0.0001665020343,3.784269206e-06,1.734956653e-05,6.359522201e-05,0.0001554214443,0.0003128500772,2.314088859e-07,2.939581596e-08,2.826222184e-09,2.540861948e-10,1.195057268e-05,4.555004508e-09,1.332176375e-07,2.268977376e-06,1.577512599e-05,7.280785594e-05,3.521818618e-10,2.864307157e-11,1.601309093e-12,8.012829911e-14,1.068984088e-06,8.658306702e-12,8.359368031e-10,3.882554379e-08,5.022824708e-07,3.80987599e-06,7.729439878e-10,1.049666468e-10,1.021094306e-11,8.837428663e-13,2.395532181e-06,1.255182507e-10,7.361439126e-09,2.252218632e-07,2.268866903e-06,1.408248145e-05,2.736207305e-10,4.331138571e-11,4.910959922e-12,4.896176031e-13,2.103597752e-06,1.081966459e-10,6.274060682e-09,1.899446658e-07,1.881845352e-06,1.148065999e-05,5.713081885e-11,1.097454214e-11,1.51012745e-12,1.800117031e-13,1.596356369e-06,6.884282884e-11,3.935298803e-09,1.175666606e-07,1.128610287e-06,6.662603817e-06,1.192952504e-12,2.379797822e-13,3.263322165e-14,3.738185376e-15,5.760645875e-07,4.061889124e-12,3.515177068e-10,1.474906027e-08,1.664016681e-07,1.099368047e-06,5.158546843e-17,5.872816198e-18,3.930465936e-19,2.021147453e-20,2.972295433e-08,1.662318381e-16,8.294954602e-14,1.48856223e-11,3.579925897e-10,4.194064026e-09,3.085220301e-16,3.627203993e-17,2.506896355e-18,1.327953121e-19,5.237331502e-08,4.946889229e-16,2.133458654e-13,3.343599806e-11,7.362362774e-10,7.97479392e-09,1.175684008e-15,1.410658747e-16,9.95020249e-18,5.3708548e-19,7.827259291e-08,9.91559319e-16,3.781071775e-13,5.285759892e-11,1.068175848e-09,1.069774497e-08,1.369985439e-18,1.086338779e-19,4.501568005e-21,1.33953133e-22,1.27246174e-08,5.423285848e-19,7.007180582e-16,2.666021329e-13,8.313191288e-12,1.126326689e-10
16,0.02271751387,0.01104264542,0.004816469892,0.002033935367,0.01448645261,0.004425032074,0.01238247274,0.02869742936,0.05246544601,0.08280228758,0.03219829519,0.01565111532,0.006826547283,0.002882766606,0.01567035888,0.004425032813,0.01238247134,0.02869741868,0.05246541343,0.08280220126,0.0004305926776,0.0001478732534,4.556758511e-05,1.396309994e-05,0.0005385425021,3.126937425e-05,0.0001409757196,0.0005087668538,0.001283186187,0.002670518698,0.0003038047532,0.0001043319834,3.215020605e-05,9.851662198e-06,0.0004978552501,3.126936903e-05,0.0001409757354,0.0005087670431,0.001283186984,0.002670521482,0.0105808743,0.004041835452,0.001385412496,0.0004683629701,0.004508811259,0.0004883548036,0.001415384662,0.003388980081,0.006091618095,0.009419248772,0.01546531656,0.005907666685,0.002024960481,0.0006845735131,0.004911218569,0.0004883548924,0.001415384489,0.00338897871,0.006091613978,0.009419238087,0.000221765658,6.065484222e-05,1.488607006e-05,3.697073397e-06,0.0001813621845,3.784269872e-06,1.734956455e-05,6.359519762e-05,0.0001554213445,0.0003128497386,0.000151724961,4.149809132e-05,1.018456788e-05,2.529417578e-06,0.0001665020296,3.784269184e-06,1.734956667e-05,6.359522337e-05,0.0001554214495,0.0003128500935,2.314088783e-07,2.939581343e-08,2.826221791e-09,2.54086147e-10,1.195057142e-05,4.555003834e-09,1.332176209e-07,2.268977145e-06,1.577512466e-05,7.280785122e-05,3.521818444e-10,2.864306785e-11,1.601308756e-12,8.012827633e-14,1.068983931e-06,8.658304505e-12,8.359366147e-10,3.882553605e-08,5.02282379e-07,3.809875355e-06,7.720377835e-10,1.048390078e-10,1.019808153e-11,8.825941637e-13,2.394339535e-06,1.254056005e-10,7.355484154e-09,2.250581902e-07,2.267328851e-06,1.407352092e-05,2.720839725e-10,4.305911934e-11,4.881334361e-12,4.865699515e-13,2.098574842e-06,1.077312585e-10,6.249732289e-09,1.892828943e-07,1.875728904e-06,1.144563269e-05,5.649086399e-11,1.084706904e-11,1.491962206e-12,1.777776532e-13,1.588741883e-06,6.825186031e-11,3.904838143e-09,1.1674886e-07,1.121285544e-06,6.622010001e-06,1.176038273e-12,2.343949036e-13,3.211277617e-14,3.67551797e-15,5.724614355e-07,4.015357975e-12,3.479610544e-10,1.461817189e-08,1.650589932e-07,1.09127348e-06,5.141295083e-17,5.839290518e-18,3.898757583e-19,2.000451657e-20,2.961533093e-08,1.652228721e-16,8.260504746e-14,1.485034079e-11,3.577108645e-10,4.197058876e-09,3.117136697e-16,3.651858608e-17,2.515073364e-18,1.327965656e-19,5.234617139e-08,4.956269839e-16,2.14201907e-13,3.363599546e-11,7.422492601e-10,8.056963345e-09,1.204356142e-15,1.438211234e-16,1.009645745e-17,5.425948167e-19,7.846811512e-08,1.001064064e-15,3.826137443e-13,5.360236423e-11,1.086212034e-09,1.090810202e-08,1.416005591e-18,1.116332041e-19,4.599080513e-21,1.361234912e-22,1.277617414e-08,5.508093269e-19,7.136955256e-16,2.722552345e-13,8.520980439e-12,1.15880413e-10
17,0.02271751367,0.01104264517,0.004816469716,0.002033935266,0.01448645214,0.004425031985,0.01238247263,0.02869742941,0.05246544661,0.08280228955,0.03219829492,0.01565111496,0.006826547033,0.002882766463,0.01567035837,0.004425032725,0.01238247124,0.02869741873,0.05246541403,0.08280220323,0.0004305926721,0.0001478732485,4.556758266e-05,1.396309892e-05,0.0005385424746,3.126937273e-05,0.0001409757143,0.0005087668401,0.001283186164,0.002670518681,0.0003038047493,0.00010433198,3.215020432e-05,9.85166148e-06,0.0004978552246,3.12693675e-05,0.0001409757302,0.0005087670294,0.001283186961,0.002670521465,0.01058087425,0.004041835405,0.00138541247,0.0004683629583,0.004508811207,0.0004883548141,0.001415384713,0.00338898025,0.006091618482,0.009419249553,0.01546531649,0.005907666617,0.002024960443,0.0006845734957,0.004911218513,0.0004883549029,0.00141538454,0.003388978878,0.006091614365,0.009419238868,0.0002217656562,6.065484089e-05,1.488606954e-05,3.697073221e-06,0.0001813621792,3.784269849e-06,1.73495647e-05,6.359519903e-05,0.00015542135,0.0003128497555,0.0001517249597,4.149809041e-05,1.018456752e-05,2.529417457e-06,0.0001665020247,3.784269161e-06,1.734956682e-05,6.359522478e-05,0.000155421455,0.0003128501104,2.314088704e-07,2.93958108e-08,2.826221382e-09,2.540860972e-10,1.195057012e-05,4.555003132e-09,1.332176037e-07,2.268976904e-06,1.577512327e-05,7.28078463e-05,3.521818262e-10,2.864306398e-11,1.601308406e-12,8.012825261e-14,1.068983767e-06,8.658302218e-12,8.359364184e-10,3.8825528e-08,5.022822834e-07,3.809874693e-06,7.710982397e-10,1.047066006e-10,1.018473277e-11,8.814014271e-13,2.39309916e-06,1.2528843e-10,7.349290024e-09,2.248879407e-07,2.265729038e-06,1.406420095e-05,2.704978992e-10,4.279865944e-11,4.8507363e-12,4.834213849e-13,2.093361001e-06,1.072488796e-10,6.224506146e-09,1.88596471e-07,1.869383559e-06,1.140929016e-05,5.583415251e-11,1.071623698e-11,1.473316051e-12,1.754842789e-13,1.58085721e-06,6.764200401e-11,3.873378426e-09,1.159036109e-07,1.113711888e-06,6.580023066e-06,1.158741795e-12,2.307293523e-13,3.158071807e-14,3.611467778e-15,5.687351314e-07,3.967466647e-12,3.442957109e-10,1.448312525e-08,1.636726917e-07,1.082911097e-06,5.123626774e-17,5.804757996e-18,3.866066747e-19,1.979125814e-20,2.95034548e-08,1.64174744e-16,8.224622506e-14,1.481346465e-11,3.574134913e-10,4.20014325e-09,3.15068425e-16,3.677605829e-17,2.523504442e-18,1.327899962e-19,5.231652595e-08,4.965717584e-16,2.150838868e-13,3.384370552e-11,7.485255225e-10,8.143049529e-09,1.234858236e-15,1.467333375e-16,1.02498872e-17,5.483217912e-19,7.866837342e-08,1.010936361e-15,3.873209633e-13,5.438360345e-11,1.105211107e-09,1.113051876e-08,1.465454338e-18,1.148330437e-19,4.702303564e-21,1.384017224e-22,1.282945018e-08,5.597088389e-19,7.273797873e-16,2.782402227e-13,8.742011424e-12,1.193506758e-10
18,0.02271751347,0.01104264491,0.004816469534,0.002033935162,0.01448645165,0.004425031893,0.01238247251,0.02869742946,0.05246544723,0.08280229159,0.03219829463,0.0156511146,0.006826546774,0.002882766315,0.01567035784,0.004425032632,0.01238247112,0.02869741878,0.05246541465,0.08280220527,0.0004305926665,0.0001478732434,4.556758011e-05,1.396309786e-05,0.0005385424461,3.126937114e-05,0.0001409757088,0.0005087668259,0.00128318614,0.002670518664,0.0003038047453,0.0001043319764,3.215020252e-05,9.851660735e-06,0.0004978551982,3.126936592e-05,0.0001409757247,0.0005087670152,0.001283186937,0.002670521448,0.0105808742,0.004041835357,0.001385412443,0.000468362946,0.004508811154,0.000488354825,0.001415384766,0.003388980425,0.006091618883,0.009419250363,0.01546531642,0.005907666547,0.002024960404,0.0006845734778,0.004911218455,0.0004883549139,0.001415384593,0.003388979053,0.006091614766,0.009419239677,0.0002217656543,6.065483952e-05,1.488606899e-05,3.697073037e-06,0.0001813621737,3.784269825e-06,1.734956486e-05,6.35952005e-05,0.0001554213557,0.0003128497731,0.0001517249584,4.149808947e-05,1.018456715e-05,2.529417331e-06,0.0001665020196,3.784269137e-06,1.734956698e-05,6.359522624e-05,0.0001554214607,0.000312850128,2.314088622e-07,2.939580808e-08,2.826220957e-09,2.540860456e-10,1.195056877e-05,4.555002405e-09,1.332175859e-07,2.268976654e-06,1.577512182e-05,7.280784121e-05,3.521818074e-10,2.864305997e-11,1.601308043e-12,8.012822802e-14,1.068983598e-06,8.658299847e-12,8.35936215e-10,3.882551965e-08,5.022821843e-07,3.809874007e-06,7.701283771e-10,1.045698424e-10,1.017093809e-11,8.801682898e-13,2.391814609e-06,1.251670734e-10,7.342874374e-09,2.247115993e-07,2.264072021e-06,1.405454815e-05,2.688683295e-10,4.25309518e-11,4.819275845e-12,4.801831497e-13,2.087972284e-06,1.06751071e-10,6.1984629e-09,1.878875649e-07,1.862829254e-06,1.13717461e-05,5.516343044e-11,1.058259158e-11,1.454266618e-12,1.731411221e-13,1.572728689e-06,6.701551013e-11,3.841033187e-09,1.150339004e-07,1.105915768e-06,6.536788222e-06,1.141140037e-12,2.269994874e-13,3.103943366e-14,3.546323798e-15,5.648985865e-07,3.918403661e-12,3.405356497e-10,1.434441947e-08,1.622477873e-07,1.074310694e-06,5.105617799e-17,5.769347751e-18,3.832513831e-19,1.957250247e-20,2.938764607e-08,1.630905165e-16,8.187399875e-14,1.477506866e-11,3.571005402e-10,4.20330119e-09,3.185806939e-16,3.704378557e-17,2.532152553e-18,1.32774536e-19,5.228427678e-08,4.975160942e-16,2.159878722e-13,3.405842809e-11,7.5504819e-10,8.232865309e-09,1.267192928e-15,1.497997104e-16,1.041016959e-17,5.542469837e-19,7.887235075e-08,1.02114173e-15,3.92216086e-13,5.519967948e-11,1.12514489e-09,1.136479125e-08,1.518421519e-18,1.182350722e-19,4.811156597e-21,1.407831013e-22,1.288423566e-08,5.690083481e-19,7.417520126e-16,2.845526675e-13,8.976289791e-12,1.230461938e-10
19,0.02271751326,0.01104264464,0.004816469345,0.002033935054,0.01448645115,0.004425031798,0.0123824724,0.02869742951,0.05246544788,0.08280229369,0.03219829433,0.01565111422,0.006826546507,0.002882766162,0.01567035729,0.004425032537,0.01238247101,0.02869741883,0.05246541529,0.08280220737,0.0004305926606,0.0001478732381,4.556757748e-05,1.396309677e-05,0.0005385424166,3.126936951e-05,0.0001409757032,0.0005087668112,0.001283186116,0.002670518647,0.0003038047412,0.0001043319726,3.215020067e-05,9.851659966e-06,0.000497855171,3.126936429e-05,0.000140975719,0.0005087670005,0.001283186913,0.002670521431,0.01058087415,0.004041835307,0.001385412415,0.0004683629333,0.004508811098,0.0004883548363,0.001415384821,0.003388980605,0.006091619296,0.009419251199,0.01546531634,0.005907666473,0.002024960363,0.0006845734592,0.004911218395,0.0004883549251,0.001415384648,0.003388979233,0.00609161518,0.009419240513,0.0002217656523,6.06548381e-05,1.488606843e-05,3.697072848e-06,0.000181362168,3.784269801e-06,1.734956502e-05,6.359520201e-05,0.0001554213616,0.0003128497912,0.0001517249571,4.14980885e-05,1.018456676e-05,2.529417202e-06,0.0001665020144,3.784269113e-06,1.734956714e-05,6.359522776e-05,0.0001554214666,0.0003128501461,2.314088538e-07,2.939580526e-08,2.826220519e-09,2.540859923e-10,1.195056737e-05,4.555001654e-09,1.332175675e-07,2.268976397e-06,1.577512033e-05,7.280783594e-05,3.52181788e-10,2.864305583e-11,1.601307668e-12,8.012820262e-14,1.068983423e-06,8.658297398e-12,8.359360049e-10,3.882551103e-08,5.022820819e-07,3.809873298e-06,7.691311885e-10,1.044291474e-10,1.015673854e-11,8.788983641e-13,2.390489428e-06,1.250418642e-10,7.33625482e-09,2.245296498e-07,2.262362351e-06,1.404458905e-05,2.67200959e-10,4.225692294e-11,4.787060946e-12,4.768662805e-13,2.082424637e-06,1.062393785e-10,6.171682441e-09,1.871583267e-07,1.856085762e-06,1.133311333e-05,5.448134489e-11,1.044665904e-11,1.434888817e-12,1.707573939e-13,1.564382323e-06,6.637458119e-11,3.807913777e-09,1.141426635e-07,1.097923198e-06,6.492448405e-06,1.123306476e-12,2.23220926e-13,3.04912007e-14,3.480361809e-15,5.609644999e-07,3.868352277e-12,3.366944958e-10,1.420254259e-08,1.607891995e-07,1.065501486e-06,5.087340698e-17,5.733184655e-18,3.79821578e-19,1.934903029e-20,2.926822271e-08,1.619732244e-16,8.148928227e-14,1.473522694e-11,3.567720557e-10,4.206516207e-09,3.222445881e-16,3.732107669e-17,2.540980275e-18,1.327491407e-19,5.224932771e-08,4.984528901e-16,2.169098993e-13,3.427944972e-11,7.617998791e-10,8.32621571e-09,1.301360102e-15,1.530170943e-16,1.057696364e-17,5.603503922e-19,7.907903573e-08,1.031644732e-15,3.972858336e-13,5.604886264e-11,1.145982892e-09,1.161068916e-08,1.574996317e-18,1.218406898e-19,4.925545737e-21,1.432625832e-22,1.294031968e-08,5.786878581e-19,7.567915329e-16,2.91187399e-13,9.22379783e-12,1.269694394e-10
20,0.02271751304,0.01104264437,0.004816469151,0.002033934943,0.01448645063,0.0044250317,0.01238247228,0.02869742956,0.05246544854,0.08280229586,0.03219829403,0.01565111383,0.006826546232,0.002882766005,0.01567035673,0.004425032439,0.01238247089,0.02869741889,0.05246541595,0.08280220954,0.0004305926546,0.0001478732327,4.556757477e-05,1.396309565e-05,0.0005385423862,3.126936783e-05,0.0001409756974,0.0005087667961,0.00128318609,0.002670518629,0.000303804737,0.0001043319688,3.215019876e-05,9.851659174e-06,0.0004978551429,3.126936261e-05,0.0001409757132,0.0005087669854,0.001283186887,0.002670521413,0.0105808741,0.004041835255,0.001385412387,0.0004683629202,0.004508811041,0.0004883548479,0.001415384878,0.003388980791,0.006091619722,0.00941925206,0.01546531627,0.005907666398,0.002024960322,0.0006845734402,0.004911218333,0.0004883549367,0.001415384704,0.003388979419,0.006091615606,0.009419241374,0.0002217656503,6.065483664e-05,1.488606785e-05,3.697072653e-06,0.0001813621622,3.784269776e-06,1.734956518e-05,6.359520357e-05,0.0001554213676,0.0003128498099,0.0001517249557,4.149808751e-05,1.018456637e-05,2.529417068e-06,0.000166502009,3.784269088e-06,1.73495673e-05,6.359522931e-05,0.0001554214726,0.0003128501648,2.314088451e-07,2.939580236e-08,2.826220068e-09,2.540859374e-10,1.195056593e-05,4.55500088e-09,1.332175485e-07,2.268976131e-06,1.57751188e-05,7.280783052e-05,3.52181768e-10,2.864305156e-11,1.601307281e-12,8.012817648e-14,1.068983243e-06,8.658294878e-12,8.359357886e-10,3.882550215e-08,5.022819765e-07,3.809872569e-06,7.68109635e-10,1.04284926e-10,1.014217481e-11,8.775952379e-13,2.389127157e-06,1.249131356e-10,7.32944895e-09,2.243425753e-07,2.260604571e-06,1.403435017e-05,2.655013471e-10,4.197747818e-11,4.754197183e-12,4.734815785e-13,2.076733885e-06,1.057153296e-10,6.144243803e-09,1.864108861e-07,1.849172674e-06,1.129350363e-05,5.379043721e-11,1.030894483e-11,1.415254639e-12,1.6834195e-13,1.55584373e-06,6.572136722e-11,3.774129137e-09,1.132327774e-07,1.089759709e-06,6.447144015e-06,1.105310906e-12,2.194085021e-13,2.993818225e-14,3.413843616e-15,5.569453355e-07,3.817490042e-12,3.327854944e-10,1.405797047e-08,1.593017338e-07,1.056512049e-06,5.068864486e-17,5.696389098e-18,3.763285871e-19,1.912159825e-20,2.914550045e-08,1.608258741e-16,8.10929842e-14,1.469401312e-11,3.564280639e-10,4.209771345e-09,3.260538964e-16,3.760721941e-17,2.549949918e-18,1.327127999e-19,5.221159002e-08,4.993751382e-16,2.178459856e-13,3.450604454e-11,7.687626837e-10,8.422897338e-09,1.337356069e-15,1.563819425e-16,1.07499081e-17,5.666114515e-19,7.928742687e-08,1.042409013e-15,4.025163808e-13,5.692932337e-11,1.167692021e-09,1.186795134e-08,1.635265516e-18,1.25650923e-19,5.045361495e-21,1.458347791e-22,1.299749088e-08,5.88726056e-19,7.724756078e-16,2.981383752e-13,9.484488433e-12,1.31122509e-10
21,0.02271751282,0.01104264408,0.004816468952,0.00203393483,0.01448645009,0.004425031599,0.01238247215,0.02869742962,0.05246544922,0.08280229809,0.03219829371,0.01565111343,0.006826545949,0.002882765844,0.01567035615,0.004425032338,0.01238247076,0.02869741894,0.05246541663,0.08280221177,0.0004305926484,0.0001478732271,4.5567572e-05,1.39630945e-05,0.0005385423551,3.126936611e-05,0.0001409756914,0.0005087667806,0.001283186065,0.00267051861,0.0003038047326,0.0001043319649,3.21501968e-05,9.851658362e-06,0.0004978551141,3.126936088e-05,0.0001409757072,0.0005087669698,0.001283186861,0.002670521394,0.01058087405,0.004041835202,0.001385412357,0.0004683629068,0.004508810983,0.0004883548598,0.001415384936,0.003388980982,0.00609162016,0.009419252943,0.01546531619,0.005907666321,0.002024960279,0.0006845734206,0.004911218269,0.0004883549486,0.001415384762,0.00338897961,0.006091616043,0.009419242257,0.0002217656482,6.065483515e-05,1.488606725e-05,3.697072453e-06,0.0001813621562,3.78426975e-06,1.734956535e-05,6.359520517e-05,0.0001554213738,0.000312849829,0.0001517249542,4.149808648e-05,1.018456596e-05,2.529416932e-06,0.0001665020035,3.784269062e-06,1.734956747e-05,6.359523091e-05,0.0001554214789,0.000312850184,2.314088362e-07,2.939579939e-08,2.826219605e-09,2.540858812e-10,1.195056446e-05,4.555000087e-09,1.332175291e-07,2.268975859e-06,1.577511723e-05,7.280782496e-05,3.521817475e-10,2.864304718e-11,1.601306885e-12,8.012814966e-14,1.068983058e-06,8.658292292e-12,8.359355668e-10,3.882549305e-08,5.022818685e-07,3.80987182e-06,7.670666429e-10,1.041375841e-10,1.012728727e-11,8.762624719e-13,2.387731325e-06,1.247812201e-10,7.322474318e-09,2.24150858e-07,2.258803216e-06,1.402385795e-05,2.63774907e-10,4.169349996e-11,4.720787576e-12,4.70039592e-13,2.070915715e-06,1.051804318e-10,6.116225072e-09,1.856473493e-07,1.842109376e-06,1.125302767e-05,5.309313751e-11,1.01699326e-11,1.395432999e-12,1.659032709e-13,1.547138112e-06,6.505796152e-11,3.73978559e-09,1.123070566e-07,1.081450302e-06,6.401012689e-06,1.087219305e-12,2.155762369e-13,2.938242231e-14,3.347016503e-15,5.528533026e-07,3.765988403e-12,3.288214835e-10,1.391116593e-08,1.57790073e-07,1.047370272e-06,5.050254508e-17,5.65907683e-18,3.727833551e-19,1.889093771e-20,2.90197927e-08,1.59651443e-16,8.068600892e-14,1.465150072e-11,3.560685808e-10,4.21304927e-09,3.300020515e-16,3.790148026e-17,2.55902366e-18,1.326645475e-19,5.217098409e-08,5.002759683e-16,2.187921455e-13,3.473747554e-11,7.759181708e-10,8.522697882e-09,1.375172753e-15,1.598902567e-16,1.092862032e-17,5.730090673e-19,7.949653698e-08,1.053397373e-15,4.078933501e-13,5.783912633e-11,1.190236321e-09,1.213628151e-08,1.699311627e-18,1.296663249e-19,5.170476582e-21,1.484939363e-22,1.305553802e-08,5.991002392e-19,7.887792133e-16,3.053985548e-13,9.75827894e-12,1.355070065e-10
22,0.0227175126,0.0110426438,0.004816468748,0.002033934713,0.01448644955,0.004425031496,0.01238247203,0.02869742967,0.05246544991,0.08280230036,0.03219829339,0.01565111302,0.006826545661,0.002882765679,0.01567035556,0.004425032236,0.01238247064,0.028697419,0.05246541733,0.08280221404,0.0004305926421,0.0001478732214,4.556756916e-05,1.396309332e-05,0.0005385423232,3.126936434e-05,0.0001409756853,0.0005087667647,0.001283186038,0.002670518591,0.0003038047281,0.0001043319609,3.21501948e-05,9.851657531e-06,0.0004978550847,3.126935912e-05,0.0001409757011,0.000508766954,0.001283186835,0.002670521375,0.01058087399,0.004041835148,0.001385412328,0.0004683628931,0.004508810923,0.0004883548719,0.001415384995,0.003388981177,0.006091620607,0.009419253846,0.01546531611,0.005907666242,0.002024960235,0.0006845734005,0.004911218204,0.0004883549608,0.001415384822,0.003388979805,0.00609161649,0.00941924316,0.0002217656461,6.065483361e-05,1.488606665e-05,3.697072249e-06,0.00018136215,3.784269724e-06,1.734956552e-05,6.35952068e-05,0.0001554213802,0.0003128498486,0.0001517249528,4.149808543e-05,1.018456554e-05,2.529416792e-06,0.0001665019979,3.784269036e-06,1.734956765e-05,6.359523255e-05,0.0001554214852,0.0003128502036,2.314088271e-07,2.939579635e-08,2.826219132e-09,2.540858236e-10,1.195056295e-05,4.554999276e-09,1.332175092e-07,2.268975581e-06,1.577511562e-05,7.280781928e-05,3.521817266e-10,2.864304271e-11,1.60130648e-12,8.012812222e-14,1.06898287e-06,8.658289647e-12,8.359353398e-10,3.882548373e-08,5.022817579e-07,3.809871055e-06,7.660050995e-10,1.039875231e-10,1.011211586e-11,8.749035963e-13,2.386305452e-06,1.24646449e-10,7.315348434e-09,2.239549788e-07,2.256962808e-06,1.401313878e-05,2.620268967e-10,4.140584645e-11,4.686932418e-12,4.665506001e-13,2.064985662e-06,1.046361705e-10,6.087703293e-09,1.848697971e-07,1.834915027e-06,1.121179488e-05,5.239176061e-11,1.00300833e-11,1.375489618e-12,1.634494476e-13,1.538290218e-06,6.438639709e-11,3.70498667e-09,1.113682481e-07,1.073019417e-06,6.354189096e-06,1.069093739e-12,2.117373194e-13,2.882584279e-14,3.280112867e-15,5.487003374e-07,3.714012401e-12,3.248148721e-10,1.376257795e-08,1.562587696e-07,1.038103319e-06,5.031572355e-17,5.621358854e-18,3.691964327e-19,1.865775378e-20,2.889141054e-08,1.584528796e-16,8.026925791e-14,1.460776346e-11,3.556936214e-10,4.216332362e-09,3.340821004e-16,3.820310452e-17,2.568163701e-18,1.326034728e-19,5.212744104e-08,5.01148694e-16,2.197444055e-13,3.497299613e-11,7.832473859e-10,8.625395757e-09,1.414796864e-15,1.63537536e-16,1.111269536e-17,5.795216646e-19,7.970539775e-08,1.064571858e-15,4.134018161e-13,5.877622615e-11,1.21357675e-09,1.241534436e-08,1.767210887e-18,1.338868727e-19,5.300743845e-21,1.512339239e-22,1.311425069e-08,6.097862635e-19,8.056748538e-16,3.129597761e-13,1.004504502e-11,1.401239246e-10
23,0.02271751236,0.0110426435,0.00481646854,0.002033934595,0.01448644899,0.004425031391,0.0123824719,0.02869742973,0.05246545062,0.08280230268,0.03219829307,0.0156511126,0.006826545366,0.002882765511,0.01567035496,0.004425032131,0.01238247051,0.02869741905,0.05246541804,0.08280221636,0.0004305926357,0.0001478732156,4.556756626e-05,1.396309212e-05,0.0005385422907,3.126936254e-05,0.0001409756791,0.0005087667485,0.001283186011,0.002670518572,0.0003038047236,0.0001043319568,3.215019275e-05,9.851656684e-06,0.0004978550546,3.126935732e-05,0.0001409756949,0.0005087669378,0.001283186808,0.002670521356,0.01058087394,0.004041835093,0.001385412297,0.0004683628792,0.004508810862,0.0004883548844,0.001415385055,0.003388981376,0.006091621063,0.009419254767,0.01546531603,0.005907666162,0.00202496019,0.0006845733801,0.004911218137,0.0004883549732,0.001415384882,0.003388980004,0.006091616946,0.009419244082,0.0002217656439,6.065483205e-05,1.488606603e-05,3.69707204e-06,0.0001813621437,3.784269697e-06,1.73495657e-05,6.359520847e-05,0.0001554213866,0.0003128498686,0.0001517249513,4.149808436e-05,1.018456512e-05,2.529416649e-06,0.0001665019921,3.784269009e-06,1.734956782e-05,6.359523421e-05,0.0001554214917,0.0003128502235,2.314088178e-07,2.939579325e-08,2.826218649e-09,2.540857649e-10,1.195056141e-05,4.554998448e-09,1.332174889e-07,2.268975297e-06,1.577511398e-05,7.280781348e-05,3.521817052e-10,2.864303814e-11,1.601306067e-12,8.012809424e-14,1.068982677e-06,8.658286949e-12,8.359351083e-10,3.882547423e-08,5.022816451e-07,3.809870274e-06,7.649278509e-10,1.038351393e-10,1.00967001e-11,8.735221083e-13,2.384853049e-06,1.24509153e-10,7.308088761e-09,2.237554176e-07,2.255087859e-06,1.400221896e-05,2.60262412e-10,4.111535037e-11,4.652729145e-12,4.630245989e-13,2.058959096e-06,1.040840078e-10,6.058754402e-09,1.840802825e-07,1.827608545e-06,1.116991334e-05,5.16885032e-11,9.889834651e-12,1.355486934e-12,1.6098817e-13,1.529324318e-06,6.370864358e-11,3.669832974e-09,1.104190283e-07,1.064490894e-06,6.306804764e-06,1.050992323e-12,2.079040963e-13,2.827024204e-14,3.213350017e-15,5.444980892e-07,3.66172042e-12,3.207776218e-10,1.361264109e-08,1.547122401e-07,1.028737588e-06,5.012875813e-17,5.583341382e-18,3.655779702e-19,1.84227247e-20,2.876066273e-08,1.572331038e-16,7.984363106e-14,1.456287562e-11,3.553032096e-10,4.219602833e-09,3.382866779e-16,3.851131676e-17,2.57733243e-18,1.325287311e-19,5.208090444e-08,5.01986861e-16,2.20698823e-13,3.521185212e-11,7.907308693e-10,8.730759861e-09,1.456209082e-15,1.673187309e-16,1.130170549e-17,5.861272511e-19,7.991306449e-08,1.075893882e-15,4.190263219e-13,5.973846472e-11,1.23767098e-09,1.27047618e-08,1.839031124e-18,1.383118651e-19,5.435994355e-21,1.540482246e-22,1.317341999e-08,6.207585144e-19,8.231324017e-16,3.208126443e-13,1.034461466e-11,1.449735226e-10
24,0.02271751213,0.0110426432,0.004816468329,0.002033934474,0.01448644842,0.004425031284,0.01238247177,0.02869742979,0.05246545134,0.08280230504,0.03219829273,0.01565111218,0.006826545066,0.00288276534,0.01567035434,0.004425032024,0.01238247038,0.02869741911,0.05246541876,0.08280221872,0.0004305926291,0.0001478732097,4.556756331e-05,1.39630909e-05,0.0005385422577,3.126936071e-05,0.0001409756727,0.0005087667321,0.001283185984,0.002670518552,0.000303804719,0.0001043319526,3.215019067e-05,9.851655822e-06,0.0004978550241,3.126935549e-05,0.0001409756886,0.0005087669213,0.001283186781,0.002670521336,0.01058087388,0.004041835037,0.001385412266,0.0004683628649,0.0045088108,0.000488354897,0.001415385117,0.003388981578,0.006091621527,0.009419255705,0.01546531595,0.00590766608,0.002024960145,0.0006845733593,0.00491121807,0.0004883549858,0.001415384943,0.003388980206,0.00609161741,0.009419245019,0.0002217656417,6.065483046e-05,1.488606539e-05,3.697071828e-06,0.0001813621374,3.784269669e-06,1.734956588e-05,6.359521016e-05,0.0001554213932,0.000312849889,0.0001517249498,4.149808328e-05,1.018456469e-05,2.529416504e-06,0.0001665019863,3.784268981e-06,1.7349568e-05,6.359523591e-05,0.0001554214983,0.0003128502439,2.314088083e-07,2.939579009e-08,2.826218158e-09,2.540857051e-10,1.195055984e-05,4.554997606e-09,1.332174682e-07,2.268975008e-06,1.577511231e-05,7.280780757e-05,3.521816834e-10,2.864303349e-11,1.601305646e-12,8.012806577e-14,1.068982481e-06,8.658284204e-12,8.359348728e-10,3.882546457e-08,5.022815304e-07,3.80986948e-06,7.638376986e-10,1.036808237e-10,1.008107902e-11,8.721214699e-13,2.383377609e-06,1.243696617e-10,7.300712705e-09,2.235526527e-07,2.253182866e-06,1.399112471e-05,2.5848638e-10,4.082281805e-11,4.618272219e-12,4.5947129e-13,2.052851211e-06,1.035253809e-10,6.029453148e-09,1.832808293e-07,1.820208589e-06,1.112748973e-05,5.098544221e-11,9.749600797e-12,1.335484055e-12,1.585267205e-13,1.520264177e-06,6.302660489e-11,3.634422035e-09,1.094619991e-07,1.055887949e-06,6.258987927e-06,1.032969219e-12,2.040880706e-13,2.77172946e-14,3.146930144e-15,5.402579071e-07,3.609264007e-12,3.167212331e-10,1.346177496e-08,1.531547603e-07,1.019298691e-06,4.994218859e-17,5.545125839e-18,3.619377146e-19,1.818650142e-20,2.862785576e-08,1.559950079e-16,7.941002809e-14,1.451691243e-11,3.548973892e-10,4.222842851e-09,3.426079853e-16,3.882532168e-17,2.586492609e-18,1.324395549e-19,5.203133187e-08,5.027842953e-16,2.216515047e-13,3.545328401e-11,7.983486829e-10,8.838549492e-09,1.499383247e-15,1.71228202e-16,1.149520012e-17,5.928034948e-19,8.011862093e-08,1.087324367e-15,4.247509066e-13,6.072357036e-11,1.262473243e-09,1.300410963e-08,1.914829508e-18,1.429398189e-19,5.576035684e-21,1.569299333e-22,1.323283938e-08,6.319899024e-19,8.411189676e-16,3.289464285e-13,1.065676228e-11,1.500552035e-10
25,0.02271751189,0.0110426429,0.004816468114,0.002033934351,0.01448644785,0.004425031176,0.01238247164,0.02869742985,0.05246545207,0.08280230744,0.0321982924,0.01565111175,0.006826544762,0.002882765166,0.01567035372,0.004425031916,0.01238247024,0.02869741917,0.05246541949,0.08280222112,0.0004305926225,0.0001478732037,4.556756032e-05,1.396308966e-05,0.0005385422241,3.126935886e-05,0.0001409756663,0.0005087667154,0.001283185956,0.002670518532,0.0003038047143,0.0001043319484,3.215018856e-05,9.851654947e-06,0.000497854993,3.126935363e-05,0.0001409756821,0.0005087669046,0.001283186753,0.002670521316,0.01058087383,0.004041834981,0.001385412234,0.0004683628505,0.004508810737,0.0004883549098,0.001415385179,0.003388981784,0.006091621997,0.009419256656,0.01546531587,0.005907665997,0.002024960099,0.0006845733382,0.004911218001,0.0004883549986,0.001415385006,0.003388980412,0.006091617881,0.00941924597,0.0002217656394,6.065482885e-05,1.488606475e-05,3.697071612e-06,0.0001813621309,3.784269642e-06,1.734956606e-05,6.359521189e-05,0.0001554213999,0.0003128499096,0.0001517249482,4.149808217e-05,1.018456425e-05,2.529416357e-06,0.0001665019803,3.784268954e-06,1.734956818e-05,6.359523763e-05,0.000155421505,0.0003128502645,2.314087987e-07,2.939578689e-08,2.826217659e-09,2.540856445e-10,1.195055825e-05,4.554996751e-09,1.332174472e-07,2.268974715e-06,1.577511061e-05,7.280780159e-05,3.521816613e-10,2.864302878e-11,1.601305219e-12,8.012803688e-14,1.068982282e-06,8.658281418e-12,8.359346339e-10,3.882545476e-08,5.02281414e-07,3.809868674e-06,7.627373973e-10,1.035249614e-10,1.00652912e-11,8.707051049e-13,2.381882616e-06,1.242283032e-10,7.293237611e-09,2.233471606e-07,2.251252307e-06,1.397988214e-05,2.567035556e-10,4.052902867e-11,4.583653048e-12,4.559000715e-13,2.046677016e-06,1.029617009e-10,5.999873038e-09,1.824734305e-07,1.812733548e-06,1.108462919e-05,5.028453431e-11,9.609772154e-12,1.315536734e-12,1.560719711e-13,1.511133032e-06,6.234211724e-11,3.598848231e-09,1.084996861e-07,1.04723315e-06,6.210863408e-06,1.015074665e-12,2.002999089e-13,2.716855206e-14,3.081040418e-15,5.359908302e-07,3.556787752e-12,3.126567357e-10,1.331038389e-08,1.515904614e-07,1.009811428e-06,4.975651696e-17,5.506808913e-18,3.582850108e-19,1.794970746e-20,2.849329389e-08,1.547414572e-16,7.89693501e-14,1.446995045e-11,3.544762351e-10,4.226034678e-09,3.470377723e-16,3.914430534e-17,2.595607566e-18,1.323352646e-19,5.197869649e-08,5.035351528e-16,2.225986274e-13,3.569652959e-11,8.06080447e-10,8.948514395e-09,1.544285568e-15,1.752596828e-16,1.169270593e-17,5.995278169e-19,8.032118417e-08,1.098823912e-15,4.305591447e-13,6.172915875e-11,1.287934214e-09,1.331291466e-08,1.994650177e-18,1.477683667e-19,5.720650382e-21,1.598717616e-22,1.329230543e-08,6.434518839e-19,8.595988044e-16,3.373489694e-13,1.09812031e-11,1.553673898e-10
26,0.02271751165,0.01104264259,0.004816467897,0.002033934227,0.01448644727,0.004425031067,0.0123824715,0.0286974299,0.05246545281,0.08280230986,0.03219829205,0.01565111131,0.006826544455,0.00288276499,0.01567035309,0.004425031806,0.01238247011,0.02869741923,0.05246542023,0.08280222354,0.0004305926158,0.0001478731976,4.55675573e-05,1.39630884e-05,0.0005385421902,3.126935698e-05,0.0001409756598,0.0005087666985,0.001283185928,0.002670518512,0.0003038047095,0.0001043319441,3.215018643e-05,9.851654062e-06,0.0004978549617,3.126935175e-05,0.0001409756756,0.0005087668877,0.001283186725,0.002670521296,0.01058087377,0.004041834923,0.001385412202,0.0004683628359,0.004508810673,0.0004883549228,0.001415385242,0.003388981991,0.006091622474,0.009419257619,0.01546531579,0.005907665913,0.002024960052,0.0006845733169,0.004911217932,0.0004883550116,0.001415385069,0.003388980619,0.006091618357,0.009419246933,0.0002217656372,6.065482722e-05,1.48860641e-05,3.697071394e-06,0.0001813621243,3.784269614e-06,1.734956625e-05,6.359521363e-05,0.0001554214067,0.0003128499305,0.0001517249467,4.149808106e-05,1.018456381e-05,2.529416207e-06,0.0001665019743,3.784268925e-06,1.734956837e-05,6.359523937e-05,0.0001554215117,0.0003128502854,2.31408789e-07,2.939578365e-08,2.826217155e-09,2.540855831e-10,1.195055664e-05,4.554995886e-09,1.33217426e-07,2.268974418e-06,1.57751089e-05,7.280779552e-05,3.52181639e-10,2.864302401e-11,1.601304788e-12,8.012800764e-14,1.068982081e-06,8.658278599e-12,8.35934392e-10,3.882544483e-08,5.022812961e-07,3.809867858e-06,7.616296527e-10,1.033679316e-10,1.004937467e-11,8.692763977e-13,2.380371533e-06,1.240854046e-10,7.285680755e-09,2.23139416e-07,2.249300646e-06,1.396851726e-05,2.549185173e-10,4.023473375e-11,4.548959918e-12,4.523200313e-13,2.040451324e-06,1.023943517e-10,5.970086283e-09,1.816600466e-07,1.805201522e-06,1.104143532e-05,4.958761633e-11,9.470715495e-12,1.295697375e-12,1.536303834e-13,1.501953576e-06,6.165694783e-11,3.563202706e-09,1.075345357e-07,1.038548398e-06,6.162552517e-06,9.973550411e-13,1.965494542e-13,2.662544503e-14,3.01585322e-15,5.317075804e-07,3.504429223e-12,3.085946824e-10,1.315885667e-08,1.500233276e-07,1.000299777e-06,4.95722082e-17,5.468482652e-18,3.54628806e-19,1.7712939e-20,2.835727924e-08,1.534752915e-16,7.852250101e-14,1.442206798e-11,3.540398651e-10,4.229160816e-09,3.515673241e-16,3.946743689e-17,2.604641406e-18,1.322152791e-19,5.192298861e-08,5.042339695e-16,2.235364596e-13,3.594082687e-11,8.13905388e-10,9.060394954e-09,1.59087386e-15,1.794062497e-16,1.189372759e-17,6.06277497e-19,8.051990955e-08,1.110352982e-15,4.364341968e-13,6.275273575e-11,1.314000944e-09,1.363065219e-08,2.078521766e-18,1.527941565e-19,5.869594708e-21,1.628660496e-22,1.335161874e-08,6.551145088e-19,8.785332476e-16,3.460066003e-13,1.13175878e-11,1.609074005e-10
27,0.02271751141,0.01104264228,0.004816467678,0.002033934102,0.01448644668,0.004425030956,0.01238247137,0.02869742996,0.05246545356,0.08280231231,0.03219829171,0.01565111087,0.006826544144,0.002882764812,0.01567035246,0.004425031695,0.01238246997,0.02869741929,0.05246542097,0.08280222599,0.000430592609,0.0001478731915,4.556755424e-05,1.396308714e-05,0.0005385421559,3.126935508e-05,0.0001409756532,0.0005087666814,0.001283185899,0.002670518491,0.0003038047047,0.0001043319398,3.215018427e-05,9.851653167e-06,0.00049785493,3.126934985e-05,0.0001409756691,0.0005087668707,0.001283186696,0.002670521275,0.01058087371,0.004041834865,0.00138541217,0.0004683628212,0.004508810609,0.0004883549358,0.001415385306,0.003388982201,0.006091622955,0.009419258591,0.0154653157,0.005907665828,0.002024960005,0.0006845732953,0.004911217862,0.0004883550247,0.001415385133,0.003388980829,0.006091618838,0.009419247905,0.0002217656349,6.065482557e-05,1.488606345e-05,3.697071174e-06,0.0001813621177,3.784269585e-06,1.734956643e-05,6.359521539e-05,0.0001554214135,0.0003128499516,0.0001517249451,4.149807993e-05,1.018456336e-05,2.529416057e-06,0.0001665019682,3.784268897e-06,1.734956855e-05,6.359524113e-05,0.0001554215186,0.0003128503065,2.314087792e-07,2.939578038e-08,2.826216645e-09,2.540855211e-10,1.195055502e-05,4.554995013e-09,1.332174046e-07,2.268974119e-06,1.577510717e-05,7.28077894e-05,3.521816164e-10,2.864301919e-11,1.601304351e-12,8.012797811e-14,1.068981877e-06,8.658275751e-12,8.359341476e-10,3.88254348e-08,5.022811771e-07,3.809867034e-06,7.605171195e-10,1.032101072e-10,1.003336691e-11,8.678386907e-13,2.37884781e-06,1.239412912e-10,7.278059339e-09,2.229298917e-07,2.247332326e-06,1.395705597e-05,2.531356662e-10,3.994065688e-11,4.514277955e-12,4.487399429e-13,2.034188743e-06,1.018246892e-10,5.940163752e-09,1.808426047e-07,1.79763032e-06,1.099801007e-05,4.889640665e-11,9.332774195e-12,1.276015067e-12,1.512080124e-13,1.492747944e-06,6.0972794e-11,3.527573327e-09,1.065689146e-07,1.029854919e-06,6.11417298e-06,9.798529663e-13,1.928457459e-13,2.608928594e-14,2.951526479e-15,5.274185564e-07,3.452318952e-12,3.045451465e-10,1.300756644e-08,1.48457195e-07,9.907868819e-07,4.938969112e-17,5.430234589e-18,3.509776572e-19,1.74767651e-20,2.822011191e-08,1.521993257e-16,7.80703892e-14,1.437334546e-11,3.535884517e-10,4.232204163e-09,3.561874525e-16,3.97938705e-17,2.613559223e-18,1.32079126e-19,5.186421708e-08,5.048757096e-16,2.24461383e-13,3.618541731e-11,8.21802395e-10,9.173922544e-09,1.639096814e-15,1.836602977e-16,1.209774871e-17,6.130297913e-19,8.071399555e-08,1.121872119e-15,4.423588717e-13,6.379170221e-11,1.340616826e-09,1.395674409e-08,2.166454852e-18,1.58012755e-19,6.022597616e-21,1.659047848e-22,1.341058481e-08,6.669464952e-19,8.978806947e-16,3.549040827e-13,1.166549755e-11,1.666713306e-10
28,0.02271751116,0.01104264197,0.004816467457,0.002033933976,0.01448644609,0.004425030844,0.01238247123,0.02869743002,0.05246545431,0.08280231478,0.03219829136,0.01565111043,0.006826543831,0.002882764633,0.01567035182,0.004425031584,0.01238246984,0.02869741935,0.05246542173,0.08280222846,0.0004305926021,0.0001478731853,4.556755116e-05,1.396308586e-05,0.0005385421213,3.126935317e-05,0.0001409756466,0.0005087666642,0.001283185871,0.002670518471,0.0003038046999,0.0001043319354,3.21501821e-05,9.851652266e-06,0.000497854898,3.126934794e-05,0.0001409756624,0.0005087668535,0.001283186668,0.002670521255,0.01058087365,0.004041834806,0.001385412138,0.0004683628063,0.004508810544,0.000488354949,0.00141538537,0.003388982413,0.00609162344,0.009419259571,0.01546531562,0.005907665742,0.002024959958,0.0006845732736,0.004911217791,0.0004883550378,0.001415385197,0.003388981041,0.006091619323,0.009419248885,0.0002217656325,6.065482391e-05,1.488606279e-05,3.697070952e-06,0.000181362111,3.784269557e-06,1.734956662e-05,6.359521716e-05,0.0001554214204,0.0003128499728,0.0001517249435,4.149807879e-05,1.018456291e-05,2.529415905e-06,0.0001665019621,3.784268868e-06,1.734956874e-05,6.359524291e-05,0.0001554215255,0.0003128503278,2.314087693e-07,2.939577708e-08,2.826216132e-09,2.540854587e-10,1.195055338e-05,4.554994132e-09,1.33217383e-07,2.268973817e-06,1.577510542e-05,7.280778323e-05,3.521815936e-10,2.864301433e-11,1.601303912e-12,8.012794834e-14,1.068981672e-06,8.658272882e-12,8.359339015e-10,3.88254247e-08,5.022810571e-07,3.809866204e-06,7.594024001e-10,1.030518549e-10,1.001730487e-11,8.663952832e-13,2.377314876e-06,1.237962869e-10,7.270390485e-09,2.227190584e-07,2.245351769e-06,1.394552402e-05,2.513592251e-10,3.964749351e-11,4.479689108e-12,4.451682629e-13,2.027903671e-06,1.012540405e-10,5.910174938e-09,1.800229977e-07,1.790037445e-06,1.09544537e-05,4.821250737e-11,9.196268637e-12,1.256535637e-12,1.488105128e-13,1.483537704e-06,6.029128284e-11,3.492044654e-09,1.056051082e-07,1.02117325e-06,6.065838889e-06,9.626074138e-13,1.891970446e-13,2.556127263e-14,2.888204109e-15,5.231338304e-07,3.400580474e-12,3.005177228e-10,1.285687065e-08,1.468957509e-07,9.812950527e-07,4.920935971e-17,5.392147907e-18,3.473397409e-19,1.724172815e-20,2.808209005e-08,1.50916352e-16,7.761392893e-14,1.432386586e-11,3.531222348e-10,4.235148176e-09,3.608884928e-16,4.012274785e-17,2.622327322e-18,1.319264513e-19,5.180241066e-08,5.054558145e-16,2.25369916e-13,3.642954921e-11,8.297500875e-10,9.288820012e-09,1.688893317e-15,1.880135236e-16,1.230423331e-17,6.197620618e-19,8.090268863e-08,1.133342169e-15,4.483156987e-13,6.484336055e-11,1.367721629e-09,1.429055732e-08,2.258439339e-18,1.634185547e-19,6.179360052e-21,1.689796277e-22,1.346901494e-08,6.789153297e-19,9.175966252e-16,3.640245578e-13,1.202443955e-11,1.726539339e-10
29,0.02271751092,0.01104264165,0.004816467235,0.002033933849,0.01448644549,0.004425030732,0.01238247109,0.02869743009,0.05246545507,0.08280231726,0.03219829101,0.01565110998,0.006826543516,0.002882764453,0.01567035117,0.004425031471,0.0123824697,0.02869741941,0.05246542249,0.08280223094,0.0004305925952,0.0001478731791,4.556754806e-05,1.396308458e-05,0.0005385420866,3.126935124e-05,0.0001409756399,0.0005087666469,0.001283185842,0.00267051845,0.000303804695,0.000104331931,3.215017991e-05,9.85165136e-06,0.0004978548659,3.126934602e-05,0.0001409756558,0.0005087668362,0.001283186639,0.002670521234,0.01058087359,0.004041834747,0.001385412105,0.0004683627913,0.004508810479,0.0004883549623,0.001415385435,0.003388982626,0.006091623928,0.009419260556,0.01546531553,0.005907665656,0.00202495991,0.0006845732517,0.00491121772,0.0004883550511,0.001415385261,0.003388981254,0.006091619811,0.00941924987,0.0002217656302,6.065482224e-05,1.488606212e-05,3.697070729e-06,0.0001813621043,3.784269528e-06,1.734956681e-05,6.359521894e-05,0.0001554214274,0.0003128499942,0.0001517249419,4.149807765e-05,1.018456245e-05,2.529415752e-06,0.000166501956,3.78426884e-06,1.734956893e-05,6.359524469e-05,0.0001554215324,0.0003128503491,2.314087593e-07,2.939577376e-08,2.826215616e-09,2.540853959e-10,1.195055173e-05,4.554993247e-09,1.332173613e-07,2.268973513e-06,1.577510367e-05,7.280777703e-05,3.521815708e-10,2.864300945e-11,1.60130347e-12,8.012791842e-14,1.068981466e-06,8.658269997e-12,8.359336539e-10,3.882541454e-08,5.022809365e-07,3.809865369e-06,7.582880428e-10,1.028935344e-10,1.000122491e-11,8.6494943e-13,2.375776142e-06,1.23650714e-10,7.262691226e-09,2.225073842e-07,2.243363374e-06,1.393394706e-05,2.495932391e-10,3.935591108e-11,4.445272149e-12,4.416131311e-13,2.02161029e-06,1.006837039e-10,5.880187933e-09,1.792030831e-07,1.782440087e-06,1.091086476e-05,4.753740719e-11,9.061496768e-12,1.237301728e-12,1.464431476e-13,1.474343845e-06,5.96139713e-11,3.456697933e-09,1.046453209e-07,1.012523238e-06,6.017660681e-06,9.456538504e-13,1.856108612e-13,2.504249264e-14,2.826016528e-15,5.188631478e-07,3.349330412e-12,2.965215315e-10,1.270711114e-08,1.453425345e-07,9.718457663e-07,4.90315745e-17,5.354301624e-18,3.437228651e-19,1.700834447e-20,2.794351004e-08,1.496291404e-16,7.715404186e-14,1.427371509e-11,3.526415334e-10,4.237977032e-09,3.656603045e-16,4.045320075e-17,2.630913445e-18,1.317570288e-19,5.173761929e-08,5.059702484e-16,2.262587361e-13,3.667248135e-11,8.377268895e-10,9.404802313e-09,1.740191828e-15,1.92456916e-16,1.251262754e-17,6.264519147e-19,8.108528786e-08,1.144724529e-15,4.542870109e-13,6.59049234e-11,1.395251565e-09,1.463140319e-08,2.354441805e-18,1.69004688e-19,6.339554559e-21,1.720819446e-22,1.352672717e-08,6.909873953e-19,9.376336633e-16,3.733495152e-13,1.239384307e-11,1.788485128e-10
30,0.02271751067,0.01104264134,0.004816467012,0.002033933721,0.01448644489,0.004425030619,0.01238247095,0.02869743015,0.05246545583,0.08280231975,0.03219829066,0.01565110954,0.0068265432,0.002882764273,0.01567035053,0.004425031359,0.01238246956,0.02869741947,0.05246542325,0.08280223343,0.0004305925883,0.0001478731729,4.556754495e-05,1.396308329e-05,0.0005385420517,3.126934931e-05,0.0001409756332,0.0005087666295,0.001283185813,0.002670518429,0.0003038046902,0.0001043319266,3.215017772e-05,9.851650451e-06,0.0004978548337,3.126934409e-05,0.0001409756491,0.0005087668188,0.00128318661,0.002670521213,0.01058087353,0.004041834688,0.001385412072,0.0004683627763,0.004508810414,0.0004883549756,0.001415385499,0.003388982839,0.006091624417,0.009419261544,0.01546531544,0.00590766557,0.002024959862,0.0006845732298,0.004911217649,0.0004883550644,0.001415385326,0.003388981467,0.0060916203,0.009419250858,0.0002217656279,6.065482056e-05,1.488606146e-05,3.697070506e-06,0.0001813620976,3.784269499e-06,1.7349567e-05,6.359522073e-05,0.0001554214343,0.0003128500156,0.0001517249403,4.14980765e-05,1.0184562e-05,2.529415599e-06,0.0001665019498,3.784268811e-06,1.734956912e-05,6.359524648e-05,0.0001554215393,0.0003128503706,2.314087493e-07,2.939577043e-08,2.826215098e-09,2.540853329e-10,1.195055008e-05,4.554992359e-09,1.332173395e-07,2.268973209e-06,1.577510191e-05,7.280777081e-05,3.521815478e-10,2.864300455e-11,1.601303026e-12,8.01278884e-14,1.068981259e-06,8.658267103e-12,8.359334056e-10,3.882540435e-08,5.022808156e-07,3.809864532e-06,7.571765414e-10,1.02735499e-10,9.985162782e-12,8.635043399e-13,2.374234999e-06,1.235048929e-10,7.254978507e-09,2.22295335e-07,2.241371519e-06,1.392235056e-05,2.478415767e-10,3.906654917e-11,4.411102694e-12,4.380823717e-13,2.015322561e-06,1.001149475e-10,5.850269401e-09,1.783846828e-07,1.774855122e-06,1.086734004e-05,4.687248494e-11,8.928734772e-12,1.218352888e-12,1.441107995e-13,1.465186783e-06,5.894234674e-11,3.421611115e-09,1.036916756e-07,1.003924039e-06,5.969745127e-06,9.290243919e-13,1.820939901e-13,2.453392801e-14,2.765081239e-15,5.146159267e-07,3.298678595e-12,2.92565225e-10,1.255861435e-08,1.438009385e-07,9.62459675e-07,4.885666435e-17,5.316770809e-18,3.401344836e-19,1.6777105e-20,2.78046666e-08,1.483404408e-16,7.669165839e-14,1.422298237e-11,3.521467578e-10,4.2406758e-09,3.704922779e-16,4.078435426e-17,2.639286996e-18,1.315707681e-19,5.166991522e-08,5.064155421e-16,2.271247031e-13,3.691348682e-11,8.457111135e-10,9.521577272e-09,1.792909817e-15,1.969807545e-16,1.27223619e-17,6.330773459e-19,8.126114936e-08,1.155981396e-15,4.602550358e-13,6.697352386e-11,1.423139416e-09,1.49785371e-08,2.45440286e-18,1.747629491e-19,6.502825229e-21,1.752028469e-22,1.358354716e-08,7.031281238e-19,9.579416834e-16,3.828587814e-13,1.277305622e-11,1.852468146e-10
31,0.02271751042,0.01104264102,0.004816466789,0.002033933594,0.0144864443,0.004425030507,0.01238247082,0.02869743021,0.05246545659,0.08280232224,0.03219829031,0.01565110909,0.006826542883,0.002882764092,0.01567034988,0.004425031246,0.01238246942,0.02869741953,0.05246542401,0.08280223592,0.0004305925814,0.0001478731667,4.556754184e-05,1.3963082e-05,0.0005385420168,3.126934738e-05,0.0001409756265,0.0005087666122,0.001283185784,0.002670518408,0.0003038046853,0.0001043319222,3.215017552e-05,9.851649541e-06,0.0004978548014,3.126934216e-05,0.0001409756424,0.0005087668014,0.001283186581,0.002670521192,0.01058087348,0.004041834629,0.001385412039,0.0004683627613,0.004508810348,0.0004883549889,0.001415385564,0.003388983053,0.006091624907,0.009419262534,0.01546531536,0.005907665483,0.002024959814,0.0006845732079,0.004911217578,0.0004883550777,0.001415385391,0.003388981681,0.00609162079,0.009419251848,0.0002217656255,6.065481888e-05,1.488606079e-05,3.697070282e-06,0.0001813620909,3.78426947e-06,1.734956719e-05,6.359522252e-05,0.0001554214413,0.0003128500371,0.0001517249387,4.149807535e-05,1.018456154e-05,2.529415446e-06,0.0001665019436,3.784268782e-06,1.734956931e-05,6.359524827e-05,0.0001554215463,0.000312850392,2.314087393e-07,2.93957671e-08,2.826214579e-09,2.540852698e-10,1.195054843e-05,4.554991471e-09,1.332173177e-07,2.268972904e-06,1.577510015e-05,7.280776458e-05,3.521815249e-10,2.864299964e-11,1.601302582e-12,8.012785835e-14,1.068981053e-06,8.658264205e-12,8.35933157e-10,3.882539415e-08,5.022806945e-07,3.809863693e-06,7.56070334e-10,1.025780949e-10,9.969153672e-12,8.620631752e-13,2.372694815e-06,1.233591422e-10,7.247269177e-09,2.220833739e-07,2.239380554e-06,1.391075986e-05,2.461079331e-10,3.878001994e-11,4.377253244e-12,4.345834974e-13,2.009054221e-06,9.954901036e-11,5.820484577e-09,1.775695827e-07,1.767299107e-06,1.082397456e-05,4.621901363e-11,8.798237861e-12,1.199725681e-12,1.418179841e-13,1.456086351e-06,5.827782783e-11,3.38685889e-09,1.027462148e-07,9.953941229e-07,5.922195359e-06,9.127479727e-13,1.786525451e-13,2.403646053e-14,2.705503473e-15,5.10401262e-07,3.24872823e-12,2.886569974e-10,1.241169153e-08,1.42274211e-07,9.531566186e-07,4.868492817e-17,5.279626803e-18,3.36581711e-19,1.654847617e-20,2.766585292e-08,1.470529837e-16,7.622771894e-14,1.417176055e-11,3.516384213e-10,4.243230606e-09,3.753733452e-16,4.111532984e-17,2.64741926e-18,1.313677227e-19,5.159939402e-08,5.067888343e-16,2.27964881e-13,3.715185683e-11,8.536810496e-10,9.638846479e-09,1.846953293e-15,2.015746157e-16,1.293285372e-17,6.396168921e-19,8.142969056e-08,1.167076033e-15,4.662019947e-13,6.804622756e-11,1.451314708e-09,1.533115905e-08,2.558234528e-18,1.806837243e-19,6.668788011e-21,1.783332366e-22,1.363930911e-08,7.153021715e-19,9.784679585e-16,3.925305266e-13,1.316134333e-11,1.918389384e-10
32,0.02271751017,0.01104264071,0.004816466566,0.002033933466,0.0144864437,0.004425030394,0.01238247068,0.02869743027,0.05246545735,0.08280232473,0.03219828996,0.01565110864,0.006826542567,0.002882763912,0.01567034923,0.004425031134,0.01238246929,0.02869741959,0.05246542477,0.08280223841,0.0004305925745,0.0001478731604,4.556753873e-05,1.396308071e-05,0.000538541982,3.126934545e-05,0.0001409756199,0.0005087665948,0.001283185755,0.002670518388,0.0003038046804,0.0001043319178,3.215017333e-05,9.851648632e-06,0.0004978547692,3.126934023e-05,0.0001409756357,0.0005087667841,0.001283186552,0.002670521172,0.01058087342,0.00404183457,0.001385412007,0.0004683627463,0.004508810283,0.0004883550022,0.001415385629,0.003388983266,0.006091625396,0.009419263522,0.01546531527,0.005907665397,0.002024959766,0.000684573186,0.004911217506,0.0004883550911,0.001415385456,0.003388981894,0.006091621279,0.009419252836,0.0002217656232,6.065481721e-05,1.488606013e-05,3.697070058e-06,0.0001813620842,3.784269441e-06,1.734956738e-05,6.359522431e-05,0.0001554214482,0.0003128500585,0.0001517249371,4.149807421e-05,1.018456108e-05,2.529415293e-06,0.0001665019374,3.784268753e-06,1.73495695e-05,6.359525006e-05,0.0001554215532,0.0003128504135,2.314087294e-07,2.939576377e-08,2.826214061e-09,2.540852068e-10,1.195054678e-05,4.554990583e-09,1.33217296e-07,2.268972599e-06,1.577509838e-05,7.280775836e-05,3.521815019e-10,2.864299475e-11,1.601302139e-12,8.012782833e-14,1.068980846e-06,8.658261311e-12,8.359329087e-10,3.882538395e-08,5.022805735e-07,3.809862856e-06,7.54971803e-10,1.024216616e-10,9.953232138e-12,8.606290512e-13,2.371158935e-06,1.232137784e-10,7.239579983e-09,2.218719614e-07,2.237394805e-06,1.389920014e-05,2.443958332e-10,3.84969086e-11,4.343793238e-12,4.311237141e-13,2.002818781e-06,9.898710133e-11,5.790897258e-09,1.767595324e-07,1.759788277e-06,1.078086157e-05,4.557816501e-11,8.670241151e-12,1.181453812e-12,1.395688642e-13,1.447061812e-06,5.762176586e-11,3.352512738e-09,1.018109014e-07,9.869512821e-07,5.875110905e-06,8.968505253e-13,1.752919975e-13,2.355087738e-14,2.647376878e-15,5.062279286e-07,3.199576088e-12,2.848045961e-10,1.226663913e-08,1.40765459e-07,9.439556405e-07,4.851663697e-17,5.242937467e-18,3.330713398e-19,1.63229008e-20,2.752736082e-08,1.457694819e-16,7.576317511e-14,1.41201465e-11,3.511171508e-10,4.245628792e-09,3.802919968e-16,4.144524895e-17,2.655283623e-18,1.311480958e-19,5.152617546e-08,5.070879079e-16,2.287765601e-13,3.738690467e-11,8.616150607e-10,9.756306297e-09,1.902216414e-15,2.062273888e-16,1.314350996e-17,6.460497843e-19,8.159039399e-08,1.177973035e-15,4.72110208e-13,6.91200462e-11,1.479703935e-09,1.568841476e-08,2.665817713e-18,1.867559343e-19,6.837031372e-21,1.814638568e-22,1.369385661e-08,7.274736161e-19,9.991573501e-16,4.023412931e-13,1.355788324e-11,1.986132533e-10
33,0.02271750993,0.01104264039,0.004816466343,0.002033933339,0.0144864431,0.004425030282,0.01238247054,0.02869743033,0.05246545811,0.08280232721,0.03219828961,0.01565110819,0.006826542253,0.002882763732,0.01567034859,0.004425031021,0.01238246915,0.02869741965,0.05246542552,0.08280224089,0.0004305925676,0.0001478731542,4.556753564e-05,1.396307942e-05,0.0005385419472,3.126934353e-05,0.0001409756132,0.0005087665775,0.001283185726,0.002670518367,0.0003038046756,0.0001043319135,3.215017114e-05,9.851647726e-06,0.0004978547371,3.12693383e-05,0.0001409756291,0.0005087667668,0.001283186523,0.002670521151,0.01058087336,0.004041834511,0.001385411974,0.0004683627314,0.004508810218,0.0004883550155,0.001415385694,0.003388983479,0.006091625884,0.009419264507,0.01546531519,0.005907665311,0.002024959718,0.0006845731641,0.004911217435,0.0004883551043,0.00141538552,0.003388982107,0.006091621767,0.009419253821,0.0002217656209,6.065481554e-05,1.488605946e-05,3.697069835e-06,0.0001813620775,3.784269412e-06,1.734956756e-05,6.359522609e-05,0.0001554214551,0.0003128500799,0.0001517249355,4.149807306e-05,1.018456063e-05,2.52941514e-06,0.0001665019313,3.784268724e-06,1.734956969e-05,6.359525184e-05,0.0001554215602,0.0003128504348,2.314087194e-07,2.939576046e-08,2.826213545e-09,2.54085144e-10,1.195054513e-05,4.554989698e-09,1.332172743e-07,2.268972296e-06,1.577509663e-05,7.280775215e-05,3.52181479e-10,2.864298986e-11,1.601301697e-12,8.012779841e-14,1.06898064e-06,8.658258426e-12,8.359326612e-10,3.88253738e-08,5.022804529e-07,3.809862021e-06,7.538832747e-10,1.022665316e-10,9.937432137e-12,8.592050354e-13,2.369630683e-06,1.230691161e-10,7.231927569e-09,2.216615553e-07,2.235418571e-06,1.388769643e-05,2.42708636e-10,3.82177741e-11,4.310789127e-12,4.277099278e-13,1.996629526e-06,9.843039994e-11,5.761569808e-09,1.759562454e-07,1.752338544e-06,1.07380925e-05,4.495101444e-11,8.544960629e-12,1.163568258e-12,1.373672668e-13,1.438131857e-06,5.697544647e-11,3.318640998e-09,1.008876206e-07,9.786126425e-07,5.828587745e-06,8.81355169e-13,1.720172165e-13,2.307787699e-14,2.590784234e-15,5.021043884e-07,3.151312739e-12,2.81015336e-10,1.212373919e-08,1.392776517e-07,9.348750088e-07,4.835203587e-17,5.206767433e-18,3.296098581e-19,1.610079914e-20,2.738948088e-08,1.444926316e-16,7.529899066e-14,1.406824132e-11,3.505836975e-10,4.24785908e-09,3.852363014e-16,4.17732366e-17,2.662855772e-18,1.309122462e-19,5.14504042e-08,5.073112228e-16,2.295572773e-13,3.761796955e-11,8.694916813e-10,9.87364897e-09,1.958581193e-15,2.109272988e-16,1.335373026e-17,6.523561006e-19,8.174281082e-08,1.188638591e-15,4.779622043e-13,7.019195242e-11,1.508230828e-09,1.604939749e-08,2.776999789e-18,1.92966988e-19,7.007117339e-21,1.845853483e-22,1.374704342e-08,7.396061717e-19,1.019952538e-15,4.122660431e-13,1.396176843e-11,2.055563311e-10
34,0.02271750968,0.01104264008,0.004816466122,0.002033933213,0.01448644251,0.00442503017,0.0123824704,0.02869743039,0.05246545886,0.08280232968,0.03219828926,0.01565110775,0.006826541939,0.002882763553,0.01567034795,0.00442503091,0.01238246901,0.02869741971,0.05246542628,0.08280224336,0.0004305925607,0.0001478731481,4.556753255e-05,1.396307815e-05,0.0005385419127,3.126934161e-05,0.0001409756066,0.0005087665603,0.001283185698,0.002670518346,0.0003038046707,0.0001043319091,3.215016897e-05,9.851646825e-06,0.0004978547051,3.126933639e-05,0.0001409756224,0.0005087667496,0.001283186494,0.00267052113,0.0105808733,0.004041834453,0.001385411941,0.0004683627165,0.004508810153,0.0004883550287,0.001415385758,0.00338898369,0.006091626369,0.009419265487,0.0154653151,0.005907665225,0.002024959671,0.0006845731424,0.004911217365,0.0004883551175,0.001415385585,0.003388982318,0.006091622252,0.009419254801,0.0002217656186,6.065481387e-05,1.48860588e-05,3.697069613e-06,0.0001813620708,3.784269384e-06,1.734956775e-05,6.359522787e-05,0.000155421462,0.0003128501012,0.000151724934,4.149807193e-05,1.018456018e-05,2.529414988e-06,0.0001665019252,3.784268696e-06,1.734956988e-05,6.359525361e-05,0.0001554215671,0.0003128504561,2.314087095e-07,2.939575716e-08,2.826213032e-09,2.540850816e-10,1.19505435e-05,4.554988817e-09,1.332172527e-07,2.268971994e-06,1.577509488e-05,7.280774599e-05,3.521814563e-10,2.864298501e-11,1.601301257e-12,8.012776865e-14,1.068980435e-06,8.658255556e-12,8.35932415e-10,3.882536369e-08,5.022803329e-07,3.80986119e-06,7.528070198e-10,1.021130304e-10,9.921787016e-12,8.577941476e-13,2.368113358e-06,1.229254679e-10,7.224328472e-09,2.214526103e-07,2.233456121e-06,1.387627356e-05,2.410495399e-10,3.794314993e-11,4.278304458e-12,4.243487534e-13,1.990499513e-06,9.788005648e-11,5.732563177e-09,1.751613994e-07,1.744965505e-06,1.069575705e-05,4.433854617e-11,8.422594173e-12,1.146097414e-12,1.352166997e-13,1.429314623e-06,5.63400916e-11,3.285308958e-09,9.997818115e-08,9.703946794e-07,5.782718394e-06,8.662824028e-13,1.688325105e-13,2.261807515e-14,2.535798197e-15,4.98038798e-07,3.104022803e-12,2.772961157e-10,1.198325982e-08,1.378136255e-07,9.259322402e-07,4.819134628e-17,5.171178363e-18,3.262034678e-19,1.588256995e-20,2.725250259e-08,1.432251131e-16,7.483614238e-14,1.401615067e-11,3.50038946e-10,4.249911717e-09,3.901939322e-16,4.209842517e-17,2.670113889e-18,1.306606923e-19,5.137225036e-08,5.074579432e-16,2.303048345e-13,3.784442044e-11,8.772897188e-10,9.990563821e-09,2.01591732e-15,2.156619383e-16,1.356291031e-17,6.585169164e-19,8.18865638e-08,1.199040741e-15,4.837408326e-13,7.125889576e-11,1.53681667e-09,1.641315047e-08,2.891592349e-18,1.993027506e-19,7.178582882e-21,1.876883082e-22,1.37987343e-08,7.516634184e-19,1.040794288e-15,4.222782279e-13,1.437200496e-11,2.126528931e-10
35,0.02271750944,0.01104263977,0.004816465903,0.002033933088,0.01448644192,0.00442503006,0.01238247027,0.02869743045,0.05246545961,0.08280233213,0.03219828892,0.01565110731,0.006826541628,0.002882763375,0.01567034731,0.004425030799,0.01238246887,0.02869741977,0.05246542702,0.08280224581,0.0004305925539,0.0001478731419,4.55675295e-05,1.396307688e-05,0.0005385418784,3.126933972e-05,0.0001409756,0.0005087665432,0.001283185669,0.002670518326,0.0003038046659,0.0001043319048,3.215016681e-05,9.851645931e-06,0.0004978546734,3.126933449e-05,0.0001409756159,0.0005087667325,0.001283186466,0.00267052111,0.01058087324,0.004041834395,0.001385411909,0.0004683627018,0.004508810088,0.0004883550418,0.001415385821,0.0033889839,0.00609162685,0.009419266459,0.01546531501,0.00590766514,0.002024959624,0.0006845731208,0.004911217295,0.0004883551306,0.001415385648,0.003388982528,0.006091622733,0.009419255773,0.0002217656163,6.065481222e-05,1.488605815e-05,3.697069393e-06,0.0001813620642,3.784269355e-06,1.734956794e-05,6.359522963e-05,0.0001554214689,0.0003128501223,0.0001517249324,4.14980708e-05,1.018455973e-05,2.529414838e-06,0.0001665019191,3.784268667e-06,1.734957006e-05,6.359525537e-05,0.0001554215739,0.0003128504772,2.314086997e-07,2.939575389e-08,2.826212522e-09,2.540850196e-10,1.195054187e-05,4.554987944e-09,1.332172312e-07,2.268971694e-06,1.577509315e-05,7.280773986e-05,3.521814337e-10,2.864298019e-11,1.601300821e-12,8.012773912e-14,1.068980231e-06,8.658252709e-12,8.359321707e-10,3.882535366e-08,5.022802139e-07,3.809860366e-06,7.517452537e-10,1.019614768e-10,9.906329518e-12,8.563993605e-13,2.366610236e-06,1.227831441e-10,7.21679912e-09,2.212455783e-07,2.231511699e-06,1.386495623e-05,2.394215884e-10,3.767354499e-11,4.246399979e-12,4.210465238e-13,1.984441576e-06,9.733719252e-11,5.703936917e-09,1.743766368e-07,1.737684439e-06,1.065394314e-05,4.374165885e-11,8.303322637e-12,1.129067244e-12,1.331203708e-13,1.420627697e-06,5.571686181e-11,3.252578956e-09,9.908431841e-08,9.623132359e-07,5.737591994e-06,8.51650303e-13,1.657416689e-13,2.217201115e-14,2.48248206e-15,4.940390175e-07,3.05778523e-12,2.73653435e-10,1.184545577e-08,1.363760885e-07,9.171441277e-07,4.803476808e-17,5.136229208e-18,3.228581038e-19,1.566859165e-20,2.711671451e-08,1.419695921e-16,7.437562072e-14,1.396398493e-11,3.494839225e-10,4.251778613e-09,3.951521955e-16,4.241995815e-17,2.677038823e-18,1.303941149e-19,5.129190984e-08,5.075279594e-16,2.310173161e-13,3.806565965e-11,8.849883549e-10,1.01067385e-08,2.07408209e-15,2.204183074e-16,1.377044524e-17,6.645144492e-19,8.202134987e-08,1.209149625e-15,4.894293748e-13,7.231781949e-11,1.565380645e-09,1.677867007e-08,3.00936918e-18,2.057475261e-19,7.350941657e-21,1.907633533e-22,1.384880559e-08,7.636090423e-19,1.061621751e-15,4.323498766e-13,1.478751353e-11,2.198857759e-10
36,0.0227175092,0.01104263946,0.004816465686,0.002033932964,0.01448644134,0.00442502995,0.01238247013,0.02869743051,0.05246546035,0.08280233456,0.03219828858,0.01565110688,0.006826541321,0.002882763199,0.01567034668,0.004425030689,0.01238246874,0.02869741983,0.05246542776,0.08280224824,0.0004305925472,0.0001478731359,4.556752647e-05,1.396307562e-05,0.0005385418444,3.126933784e-05,0.0001409755935,0.0005087665263,0.001283185641,0.002670518306,0.0003038046612,0.0001043319005,3.215016468e-05,9.851645045e-06,0.000497854642,3.126933261e-05,0.0001409756093,0.0005087667156,0.001283186438,0.00267052109,0.01058087318,0.004041834337,0.001385411877,0.0004683626872,0.004508810025,0.0004883550548,0.001415385885,0.003388984108,0.006091627327,0.009419267422,0.01546531493,0.005907665056,0.002024959577,0.0006845730995,0.004911217225,0.0004883551436,0.001415385711,0.003388982736,0.00609162321,0.009419256736,0.000221765614,6.065481059e-05,1.48860575e-05,3.697069175e-06,0.0001813620576,3.784269327e-06,1.734956812e-05,6.359523137e-05,0.0001554214756,0.0003128501432,0.0001517249308,4.149806968e-05,1.018455929e-05,2.529414689e-06,0.0001665019131,3.784268639e-06,1.734957025e-05,6.359525711e-05,0.0001554215807,0.0003128504981,2.3140869e-07,2.939575064e-08,2.826212017e-09,2.540849582e-10,1.195054026e-05,4.554987079e-09,1.3321721e-07,2.268971397e-06,1.577509144e-05,7.28077338e-05,3.521814114e-10,2.864297541e-11,1.601300389e-12,8.012770988e-14,1.06898003e-06,8.658249889e-12,8.359319288e-10,3.882534374e-08,5.022800961e-07,3.809859551e-06,7.507001376e-10,1.018121828e-10,9.89109179e-12,8.550235993e-13,2.365124565e-06,1.22642453e-10,7.20935583e-09,2.21040908e-07,2.229589518e-06,1.385376894e-05,2.378276767e-10,3.740944466e-11,4.215133746e-12,4.178093013e-13,1.978468328e-06,9.680290161e-11,5.675749212e-09,1.73603565e-07,1.730510319e-06,1.061273698e-05,4.316117117e-11,8.187310971e-12,1.11250144e-12,1.31081207e-13,1.41208814e-06,5.510685886e-11,3.220510489e-09,9.820769648e-08,9.543835449e-07,5.693294427e-06,8.374747216e-13,1.627480049e-13,2.174015409e-14,2.430890518e-15,4.901126218e-07,3.012673598e-12,2.700934143e-10,1.171056903e-08,1.349676262e-07,9.085267711e-07,4.788248178e-17,5.10197648e-18,3.195794534e-19,1.545922349e-20,2.698240434e-08,1.407287206e-16,7.391843033e-14,1.391185941e-11,3.489198023e-10,4.253453467e-09,4.000980638e-16,4.273699387e-17,2.683614247e-18,1.301133588e-19,5.120960451e-08,5.075219038e-16,2.316931038e-13,3.828112623e-11,8.925672462e-10,1.022186032e-08,2.132920457e-15,2.251828603e-16,1.397573317e-17,6.703321931e-19,8.2146942e-08,1.218937708e-15,4.95011656e-13,7.33656779e-11,1.593840222e-09,1.714490944e-08,3.130064496e-18,2.122840554e-19,7.523686058e-21,1.938011834e-22,1.389714592e-08,7.75407081e-19,1.082372788e-15,4.424517033e-13,1.520713139e-11,2.272359139e-10
37,0.02271750896,0.01104263916,0.004816465471,0.002033932841,0.01448644077,0.004425029842,0.01238247,0.02869743057,0.05246546108,0.08280233695,0.03219828824,0.01565110644,0.006826541017,0.002882763026,0.01567034606,0.004425030581,0.01238246861,0.02869741989,0.05246542849,0.08280225063,0.0004305925406,0.0001478731299,4.556752348e-05,1.396307439e-05,0.0005385418109,3.126933598e-05,0.0001409755871,0.0005087665096,0.001283185613,0.002670518286,0.0003038046565,0.0001043318963,3.215016257e-05,9.85164417e-06,0.000497854611,3.126933075e-05,0.0001409756029,0.0005087666989,0.00128318641,0.00267052107,0.01058087313,0.00404183428,0.001385411846,0.0004683626727,0.004508809962,0.0004883550676,0.001415385947,0.003388984313,0.006091627797,0.009419268373,0.01546531485,0.005907664973,0.002024959531,0.0006845730784,0.004911217157,0.0004883551564,0.001415385774,0.003388982941,0.00609162368,0.009419257687,0.0002217656117,6.065480898e-05,1.488605686e-05,3.697068959e-06,0.0001813620511,3.784269299e-06,1.734956831e-05,6.359523309e-05,0.0001554214823,0.0003128501638,0.0001517249293,4.149806858e-05,1.018455885e-05,2.529414541e-06,0.0001665019071,3.784268611e-06,1.734957043e-05,6.359525883e-05,0.0001554215874,0.0003128505187,2.314086804e-07,2.939574744e-08,2.826211519e-09,2.540848976e-10,1.195053867e-05,4.554986224e-09,1.332171891e-07,2.268971104e-06,1.577508974e-05,7.280772781e-05,3.521813893e-10,2.86429707e-11,1.601299963e-12,8.012768099e-14,1.068979831e-06,8.658247104e-12,8.359316898e-10,3.882533393e-08,5.022799796e-07,3.809858745e-06,7.496737795e-10,1.016654538e-10,9.876105391e-12,8.536697434e-13,2.363659573e-06,1.225037006e-10,7.202014805e-09,2.208390452e-07,2.227693763e-06,1.384273602e-05,2.362705587e-10,3.715131185e-11,4.184561253e-12,4.146428898e-13,1.972592166e-06,9.627825003e-11,5.648056918e-09,1.728437578e-07,1.723457812e-06,1.057222311e-05,4.259782781e-11,8.074709375e-12,1.096421585e-12,1.291018744e-13,1.403712498e-06,5.451112859e-11,3.189160351e-09,9.734991142e-08,9.46620254e-07,5.649908443e-06,8.237694848e-13,1.598543978e-13,2.132290912e-14,2.381070436e-15,4.862669123e-07,2.968756434e-12,2.666218158e-10,1.157882945e-08,1.335907076e-07,9.000956112e-07,4.773465082e-17,5.068474502e-18,3.163729758e-19,1.525480684e-20,2.684985912e-08,1.39505137e-16,7.346559029e-14,1.385989445e-11,3.48347915e-10,4.254931874e-09,4.050182127e-16,4.304870923e-17,2.689826779e-18,1.298194325e-19,5.112558221e-08,5.074411594e-16,2.32330888e-13,3.849029906e-11,9.000066211e-10,1.033561751e-08,2.192265209e-15,2.299415594e-16,1.417817884e-17,6.759550427e-19,8.22631906e-08,1.228379992e-15,5.004721513e-13,7.439945377e-11,1.622111566e-09,1.75107828e-08,3.253371491e-18,2.188935313e-19,7.696289565e-21,1.967926459e-22,1.394365657e-08,7.87022171e-19,1.102984326e-15,4.525532314e-13,1.562961522e-11,2.346823437e-10
38,0.02271750872,0.01104263886,0.00481646526,0.00203393272,0.0144864402,0.004425029735,0.01238246987,0.02869743063,0.0524654618,0.08280233931,0.03219828791,0.01565110602,0.006826540717,0.002882762855,0.01567034545,0.004425030474,0.01238246848,0.02869741995,0.05246542921,0.08280225299,0.000430592534,0.000147873124,4.556752053e-05,1.396307316e-05,0.0005385417778,3.126933415e-05,0.0001409755807,0.0005087664932,0.001283185586,0.002670518266,0.0003038046519,0.0001043318921,3.215016049e-05,9.851643308e-06,0.0004978545805,3.126932892e-05,0.0001409755966,0.0005087666824,0.001283186383,0.00267052105,0.01058087307,0.004041834224,0.001385411815,0.0004683626585,0.0045088099,0.0004883550802,0.001415386008,0.003388984516,0.006091628261,0.00941926931,0.01546531477,0.005907664891,0.002024959485,0.0006845730576,0.004911217089,0.000488355169,0.001415385835,0.003388983144,0.006091624144,0.009419258624,0.0002217656095,6.065480739e-05,1.488605623e-05,3.697068747e-06,0.0001813620448,3.784269272e-06,1.734956848e-05,6.359523479e-05,0.0001554214889,0.0003128501841,0.0001517249278,4.149806749e-05,1.018455842e-05,2.529414396e-06,0.0001665019013,3.784268584e-06,1.734957061e-05,6.359526053e-05,0.0001554215939,0.000312850539,2.314086709e-07,2.939574429e-08,2.826211028e-09,2.540848379e-10,1.195053711e-05,4.554985382e-09,1.332171684e-07,2.268970815e-06,1.577508807e-05,7.280772191e-05,3.521813675e-10,2.864296605e-11,1.601299542e-12,8.012765252e-14,1.068979635e-06,8.658244359e-12,8.359314543e-10,3.882532426e-08,5.022798649e-07,3.80985795e-06,7.486682354e-10,1.015215886e-10,9.861401308e-12,8.523406266e-13,2.362218461e-06,1.22367191e-10,7.194792138e-09,2.206404326e-07,2.225828588e-06,1.383188164e-05,2.347528552e-10,3.689958826e-11,4.154735564e-12,4.115528481e-13,1.966825275e-06,9.576427781e-11,5.620915604e-09,1.720987563e-07,1.716541297e-06,1.053248441e-05,4.205230534e-11,7.965654481e-12,1.08084732e-12,1.271847985e-13,1.39551683e-06,5.393066396e-11,3.158582764e-09,9.651249455e-08,9.390374531e-07,5.607513805e-06,8.105465905e-13,1.570633355e-13,2.092062367e-14,2.333061616e-15,4.825089303e-07,2.926097547e-12,2.632440653e-10,1.145045548e-08,1.322476921e-07,8.918654655e-07,4.759142366e-17,5.035775676e-18,3.132439216e-19,1.505566637e-20,2.671936529e-08,1.383014674e-16,7.301813424e-14,1.380821547e-11,3.477697489e-10,4.256211418e-09,4.098990592e-16,4.335430311e-17,2.695666088e-18,1.295135072e-19,5.104011644e-08,5.072878624e-16,2.329296777e-13,3.869269954e-11,9.072873714e-10,1.044770062e-08,2.251937264e-15,2.346799347e-16,1.437719712e-17,6.813694013e-19,8.237002414e-08,1.237454193e-15,5.057960858e-13,7.541617571e-11,1.650109965e-09,1.787517015e-08,3.378941242e-18,2.255556304e-19,7.868209338e-21,1.997287989e-22,1.398825198e-08,7.984197895e-19,1.123392714e-15,4.626229339e-13,1.605364503e-11,2.422022268e-10
39,0.02271750849,0.01104263856,0.004816465052,0.002033932602,0.01448643964,0.00442502963,0.01238246974,0.02869743068,0.05246546251,0.08280234163,0.03219828758,0.0156511056,0.006826540422,0.002882762686,0.01567034485,0.004425030369,0.01238246835,0.02869742001,0.05246542992,0.08280225531,0.0004305925276,0.0001478731182,4.556751763e-05,1.396307196e-05,0.0005385417453,3.126933235e-05,0.0001409755745,0.000508766477,0.001283185559,0.002670518247,0.0003038046473,0.000104331888,3.215015844e-05,9.851642461e-06,0.0004978545504,3.126932713e-05,0.0001409755903,0.0005087666662,0.001283186356,0.002670521031,0.01058087302,0.004041834169,0.001385411784,0.0004683626445,0.004508809839,0.0004883550926,0.001415386069,0.003388984715,0.006091628717,0.009419270232,0.01546531469,0.005907664811,0.002024959441,0.0006845730372,0.004911217023,0.0004883551814,0.001415385896,0.003388983343,0.0060916246,0.009419259546,0.0002217656074,6.065480583e-05,1.48860556e-05,3.697068539e-06,0.0001813620385,3.784269245e-06,1.734956866e-05,6.359523645e-05,0.0001554214954,0.0003128502041,0.0001517249263,4.149806642e-05,1.018455799e-05,2.529414253e-06,0.0001665018955,3.784268557e-06,1.734957078e-05,6.35952622e-05,0.0001554216004,0.000312850559,2.314086616e-07,2.939574119e-08,2.826210545e-09,2.540847791e-10,1.195053557e-05,4.554984554e-09,1.332171481e-07,2.268970531e-06,1.577508643e-05,7.280771611e-05,3.521813461e-10,2.864296149e-11,1.601299129e-12,8.012762454e-14,1.068979442e-06,8.658241661e-12,8.359312228e-10,3.882531476e-08,5.022797521e-07,3.80985717e-06,7.476855116e-10,1.013808799e-10,9.847009976e-12,8.510390391e-13,2.360804405e-06,1.222332257e-10,7.187703811e-09,2.2044551e-07,2.223998121e-06,1.382122978e-05,2.332770614e-10,3.665469566e-11,4.12570746e-12,4.085445043e-13,1.961179636e-06,9.52619998e-11,5.594379605e-09,1.713700698e-07,1.709774868e-06,1.049360222e-05,4.152521827e-11,7.860270545e-12,1.065796513e-12,1.253321851e-13,1.387516725e-06,5.336640836e-11,3.128829537e-09,9.569691605e-08,9.316487045e-07,5.566187446e-06,7.97816403e-13,1.543769558e-13,2.053359363e-14,2.286897551e-15,4.788454715e-07,2.884756376e-12,2.599652754e-10,1.132565491e-08,1.309408357e-07,8.838505671e-07,4.745293601e-17,5.003930726e-18,3.101973524e-19,1.486211143e-20,2.659120884e-08,1.371203257e-16,7.257711034e-14,1.375695301e-11,3.471869536e-10,4.25729174e-09,4.147268028e-16,4.365299962e-17,2.701124966e-18,1.291969134e-19,5.0953506e-08,5.070648969e-16,2.334888065e-13,3.888789388e-11,9.143911371e-10,1.055780374e-08,2.311746099e-15,2.393831479e-16,1.457221638e-17,6.865632721e-19,8.246744913e-08,1.246140892e-15,5.109695258e-13,7.641293494e-11,1.677750269e-09,1.823692236e-08,3.506382026e-18,2.322485609e-19,8.038889012e-21,2.026009724e-22,1.403085989e-08,8.095664878e-19,1.143534102e-15,4.726283852e-13,1.647782886e-11,2.497708955e-10
40,0.02271750827,0.01104263827,0.004816464848,0.002033932485,0.0144864391,0.004425029527,0.01238246961,0.02869743074,0.0524654632,0.08280234391,0.03219828726,0.01565110519,0.006826540134,0.002882762521,0.01567034426,0.004425030267,0.01238246822,0.02869742006,0.05246543062,0.08280225759,0.0004305925213,0.0001478731125,4.556751479e-05,1.396307078e-05,0.0005385417135,3.126933059e-05,0.0001409755684,0.0005087664611,0.001283185532,0.002670518228,0.0003038046429,0.000104331884,3.215015644e-05,9.85164163e-06,0.000497854521,3.126932536e-05,0.0001409755842,0.0005087666504,0.001283186329,0.002670521012,0.01058087296,0.004041834115,0.001385411754,0.0004683626308,0.004508809779,0.0004883551048,0.001415386128,0.00338898491,0.006091629164,0.009419271135,0.01546531461,0.005907664732,0.002024959397,0.0006845730171,0.004911216958,0.0004883551936,0.001415385955,0.003388983538,0.006091625048,0.009419260449,0.0002217656052,6.06548043e-05,1.4886055e-05,3.697068334e-06,0.0001813620323,3.784269219e-06,1.734956883e-05,6.359523809e-05,0.0001554215017,0.0003128502237,0.0001517249248,4.149806537e-05,1.018455757e-05,2.529414114e-06,0.0001665018899,3.784268531e-06,1.734957096e-05,6.359526383e-05,0.0001554216068,0.0003128505786,2.314086525e-07,2.939573814e-08,2.826210072e-09,2.540847216e-10,1.195053406e-05,4.554983743e-09,1.332171282e-07,2.268970253e-06,1.577508482e-05,7.280771042e-05,3.521813252e-10,2.864295701e-11,1.601298723e-12,8.01275971e-14,1.068979254e-06,8.658239016e-12,8.359309959e-10,3.882530545e-08,5.022796416e-07,3.809856404e-06,7.467275665e-10,1.012436146e-10,9.832961293e-12,8.497677286e-13,2.359420558e-06,1.221021045e-10,7.180765695e-09,2.20254714e-07,2.222206458e-06,1.381080426e-05,2.318455564e-10,3.641703727e-11,4.097525593e-12,4.056229714e-13,1.955667035e-06,9.477240697e-11,5.568502081e-09,1.706591778e-07,1.703172351e-06,1.045565634e-05,4.101712518e-11,7.758670657e-12,1.051285432e-12,1.235460416e-13,1.379727332e-06,5.281925913e-11,3.099950223e-09,9.490458889e-08,9.244670761e-07,5.526003643e-06,7.855878449e-13,1.517970883e-13,2.01620694e-14,2.242606171e-15,4.752831016e-07,2.844788351e-12,2.567902699e-10,1.120462562e-08,1.29672299e-07,8.760646055e-07,4.731931285e-17,4.972988947e-18,3.072381603e-19,1.467443731e-20,2.646567537e-08,1.359643144e-16,7.21435809e-14,1.37062427e-11,3.466013408e-10,4.258174585e-09,4.194874682e-16,4.394405103e-17,2.70619936e-18,1.288711365e-19,5.086607429e-08,5.067758824e-16,2.340079345e-13,3.907549483e-11,9.213003811e-10,1.066562577e-08,2.371490292e-15,2.440360608e-16,1.476268178e-17,6.915263287e-19,8.255554935e-08,1.254423651e-15,5.159794596e-13,7.738690109e-11,1.704947323e-09,1.85948666e-08,3.635259071e-18,2.389491285e-19,8.207761638e-21,2.054008245e-22,1.407142156e-08,8.20430108e-19,1.16334481e-15,4.825364233e-13,1.690070835e-11,2.573619181e-10
41,0.02271750805,0.01104263799,0.004816464649,0.002033932372,0.01448643856,0.004425029427,0.01238246949,0.02869743079,0.05246546388,0.08280234613,0.03219828695,0.01565110479,0.006826539851,0.00288276236,0.01567034368,0.004425030166,0.0123824681,0.02869742012,0.0524654313,0.08280225981,0.0004305925151,0.0001478731069,4.556751202e-05,1.396306963e-05,0.0005385416823,3.126932886e-05,0.0001409755624,0.0005087664456,0.001283185506,0.002670518209,0.0003038046385,0.0001043318801,3.215015448e-05,9.851640818e-06,0.0004978544922,3.126932364e-05,0.0001409755783,0.0005087666349,0.001283186303,0.002670520993,0.01058087291,0.004041834062,0.001385411725,0.0004683626174,0.004508809721,0.0004883551167,0.001415386186,0.0033889851,0.006091629602,0.009419272018,0.01546531453,0.005907664655,0.002024959354,0.0006845729976,0.004911216894,0.0004883552055,0.001415386013,0.003388983728,0.006091625485,0.009419261332,0.0002217656031,6.06548028e-05,1.48860544e-05,3.697068134e-06,0.0001813620263,3.784269193e-06,1.7349569e-05,6.359523968e-05,0.0001554215079,0.0003128502429,0.0001517249234,4.149806435e-05,1.018455717e-05,2.529413977e-06,0.0001665018843,3.784268505e-06,1.734957113e-05,6.359526543e-05,0.000155421613,0.0003128505978,2.314086436e-07,2.939573517e-08,2.826209609e-09,2.540846653e-10,1.195053258e-05,4.55498295e-09,1.332171088e-07,2.268969981e-06,1.577508325e-05,7.280770487e-05,3.521813047e-10,2.864295263e-11,1.601298327e-12,8.012757028e-14,1.068979069e-06,8.65823643e-12,8.35930774e-10,3.882529634e-08,5.022795335e-07,3.809855656e-06,7.457963128e-10,1.011100734e-10,9.819284651e-12,8.485294022e-13,2.358070049e-06,1.219741249e-10,7.173993554e-09,2.200684784e-07,2.220457672e-06,1.380062873e-05,2.304606118e-10,3.618699917e-11,4.070236653e-12,4.027931634e-13,1.950299072e-06,9.429646775e-11,5.543335085e-09,1.699675312e-07,1.696747318e-06,1.04187252e-05,4.052853477e-11,7.660957944e-12,1.037328915e-12,1.218281978e-13,1.372163386e-06,5.229007119e-11,3.071992293e-09,9.413687298e-08,9.17505176e-07,5.487034199e-06,7.738685849e-13,1.493252937e-13,1.980626187e-14,2.200210573e-15,4.718281728e-07,2.806245261e-12,2.53723609e-10,1.108755645e-08,1.284441545e-07,8.685207699e-07,4.719067052e-17,4.94299844e-18,3.043710875e-19,1.449292656e-20,2.634305023e-08,1.348360244e-16,7.171862201e-14,1.365622512e-11,3.460148835e-10,4.258863828e-09,4.241669477e-16,4.422674028e-17,2.710888376e-18,1.285378108e-19,5.077816842e-08,5.064251537e-16,2.344870481e-13,3.925516292e-11,9.279984533e-10,1.077087152e-08,2.430958184e-15,2.486233047e-16,1.494805815e-17,6.962499647e-19,8.263448434e-08,1.262289086e-15,5.208138645e-13,7.833533676e-11,1.731616404e-09,1.894781189e-08,3.765094791e-18,2.456328166e-19,8.374252709e-21,2.081203934e-22,1.410989164e-08,8.309799802e-19,1.18276169e-15,4.923133186e-13,1.732076508e-11,2.649471854e-10
42,0.02271750783,0.01104263772,0.004816464455,0.002033932261,0.01448643804,0.004425029329,0.01238246937,0.02869743084,0.05246546454,0.0828023483,0.03219828664,0.0156511044,0.006826539576,0.002882762203,0.01567034312,0.004425030068,0.01238246798,0.02869742017,0.05246543196,0.08280226198,0.0004305925091,0.0001478731015,4.556750931e-05,1.396306851e-05,0.000538541652,3.126932718e-05,0.0001409755566,0.0005087664305,0.001283185481,0.002670518191,0.0003038046343,0.0001043318762,3.215015257e-05,9.851640026e-06,0.0004978544641,3.126932196e-05,0.0001409755724,0.0005087666198,0.001283186278,0.002670520975,0.01058087286,0.004041834011,0.001385411696,0.0004683626044,0.004508809664,0.0004883551282,0.001415386242,0.003388985286,0.006091630028,0.009419272879,0.01546531446,0.005907664579,0.002024959312,0.0006845729785,0.004911216832,0.0004883552171,0.001415386069,0.003388983914,0.006091625911,0.009419262193,0.0002217656011,6.065480134e-05,1.488605382e-05,3.697067939e-06,0.0001813620205,3.784269168e-06,1.734956917e-05,6.359524124e-05,0.000155421514,0.0003128502615,0.000151724922,4.149806335e-05,1.018455677e-05,2.529413843e-06,0.000166501879,3.78426848e-06,1.734957129e-05,6.359526699e-05,0.000155421619,0.0003128506165,2.314086349e-07,2.939573227e-08,2.826209158e-09,2.540846104e-10,1.195053114e-05,4.554982176e-09,1.332170898e-07,2.268969716e-06,1.577508172e-05,7.280769945e-05,3.521812847e-10,2.864294837e-11,1.601297941e-12,8.012754414e-14,1.068978889e-06,8.65823391e-12,8.359305577e-10,3.882528747e-08,5.022794281e-07,3.809854927e-06,7.448936206e-10,1.009805322e-10,9.806008962e-12,8.473267292e-13,2.356755985e-06,1.218495824e-10,7.167403047e-09,2.198872342e-07,2.218755804e-06,1.379072668e-05,2.291244015e-10,3.596495189e-11,4.043885536e-12,4.000598126e-13,1.945087174e-06,9.383512964e-11,5.518929632e-09,1.692965543e-07,1.690513102e-06,1.038288584e-05,4.005991199e-11,7.567226787e-12,1.023940543e-12,1.201803275e-13,1.364839241e-06,5.177966094e-11,3.045001317e-09,9.339507963e-08,9.107751904e-07,5.449348642e-06,7.626652213e-13,1.469629042e-13,1.946634818e-14,2.159729734e-15,4.684868418e-07,2.769175636e-12,2.507696149e-10,1.097462797e-08,1.272583947e-07,8.612317939e-07,4.706711862e-17,4.914006336e-18,3.016007447e-19,1.431785039e-20,2.622361855e-08,1.33738036e-16,7.130332287e-14,1.360704568e-11,3.454297132e-10,4.25936547e-09,4.287510442e-16,4.450038303e-17,2.715194247e-18,1.281987119e-19,5.069015817e-08,5.060177331e-16,2.349264547e-13,3.9426607e-11,9.344696414e-10,1.087325277e-08,2.489928647e-15,2.531293519e-16,1.512783259e-17,7.007273171e-19,8.270448705e-08,1.2697269e-15,5.254617591e-13,7.92556104e-11,1.757673625e-09,1.929455482e-08,3.895369515e-18,2.522738829e-19,8.53778321e-21,2.107521422e-22,1.41462381e-08,8.411870928e-19,1.201722477e-15,5.01924945e-13,1.773642751e-11,2.724970172e-10
43,0.02271750762,0.01104263745,0.004816464267,0.002033932153,0.01448643754,0.004425029233,0.01238246925,0.0286974309,0.05246546518,0.08280235041,0.03219828634,0.01565110403,0.006826539309,0.00288276205,0.01567034257,0.004425029973,0.01238246786,0.02869742022,0.0524654326,0.08280226409,0.0004305925032,0.0001478730962,4.556750668e-05,1.396306742e-05,0.0005385416225,3.126932555e-05,0.0001409755509,0.0005087664158,0.001283185457,0.002670518173,0.0003038046301,0.0001043318725,3.215015072e-05,9.851639257e-06,0.0004978544369,3.126932032e-05,0.0001409755668,0.0005087666051,0.001283186254,0.002670520957,0.01058087281,0.004041833961,0.001385411668,0.0004683625917,0.004508809608,0.0004883551395,0.001415386297,0.003388985467,0.006091630441,0.009419273715,0.01546531438,0.005907664506,0.002024959272,0.0006845729599,0.004911216772,0.0004883552283,0.001415386124,0.003388984095,0.006091626325,0.009419263029,0.0002217655991,6.065479992e-05,1.488605326e-05,3.69706775e-06,0.0001813620148,3.784269143e-06,1.734956933e-05,6.359524276e-05,0.0001554215199,0.0003128502797,0.0001517249207,4.149806238e-05,1.018455638e-05,2.529413714e-06,0.0001665018737,3.784268455e-06,1.734957145e-05,6.35952685e-05,0.0001554216249,0.0003128506346,2.314086265e-07,2.939572946e-08,2.82620872e-09,2.540845571e-10,1.195052975e-05,4.554981425e-09,1.332170714e-07,2.268969458e-06,1.577508023e-05,7.280769418e-05,3.521812653e-10,2.864294422e-11,1.601297566e-12,8.012751874e-14,1.068978714e-06,8.658231461e-12,8.359303476e-10,3.882527884e-08,5.022793257e-07,3.809854218e-06,7.440213201e-10,1.008552615e-10,9.793162691e-12,8.461623429e-13,2.355481452e-06,1.217287709e-10,7.161009738e-09,2.197114097e-07,2.217104872e-06,1.378112145e-05,2.278390117e-10,3.575125191e-11,4.018515525e-12,3.974274875e-13,1.940042601e-06,9.338932082e-11,5.495335785e-09,1.68647647e-07,1.684482815e-06,1.034821409e-05,3.961168409e-11,7.477564026e-12,1.011132813e-12,1.186039696e-13,1.357768901e-06,5.12888102e-11,3.019021153e-09,9.268047613e-08,9.042889231e-07,5.413014437e-06,7.519834618e-13,1.44711061e-13,1.914247747e-14,2.121179212e-15,4.652650882e-07,2.733625127e-12,2.479323986e-10,1.086601345e-08,1.261169408e-07,8.542100021e-07,4.694876186e-17,4.886059018e-18,2.989316304e-19,1.414946999e-20,2.610766537e-08,1.32672919e-16,7.0898785e-14,1.355885442e-11,3.448481149e-10,4.259687608e-09,4.332255134e-16,4.476432921e-17,2.719122255e-18,1.278557483e-19,5.060243464e-08,5.055592957e-16,2.353267737e-13,3.958958417e-11,9.406992072e-10,1.097248915e-08,2.548171953e-15,2.575385855e-16,1.530151661e-17,7.049532663e-19,8.276586079e-08,1.276729873e-15,5.299132387e-13,8.014520711e-11,1.783036319e-09,1.963388511e-08,4.025522753e-18,2.588454691e-19,8.697772613e-21,2.132889952e-22,1.418044181e-08,8.510242325e-19,1.220166101e-15,5.113369517e-13,1.81460784e-11,2.799802864e-10
44,0.02271750742,0.01104263719,0.004816464084,0.002033932049,0.01448643705,0.004425029141,0.01238246914,0.02869743095,0.05246546581,0.08280235245,0.03219828606,0.01565110366,0.00682653905,0.002882761902,0.01567034204,0.004425029881,0.01238246775,0.02869742027,0.05246543322,0.08280226613,0.0004305924976,0.0001478730911,4.556750414e-05,1.396306637e-05,0.0005385415939,3.126932397e-05,0.0001409755455,0.0005087664016,0.001283185433,0.002670518156,0.0003038046261,0.0001043318689,3.215014892e-05,9.851638513e-06,0.0004978544105,3.126931874e-05,0.0001409755613,0.0005087665909,0.00128318623,0.00267052094,0.01058087276,0.004041833912,0.001385411642,0.0004683625794,0.004508809555,0.0004883551504,0.00141538635,0.003388985642,0.006091630842,0.009419274524,0.01546531431,0.005907664436,0.002024959232,0.000684572942,0.004911216713,0.0004883552392,0.001415386177,0.00338898427,0.006091626725,0.009419263838,0.0002217655972,6.065479855e-05,1.488605271e-05,3.697067567e-06,0.0001813620093,3.78426912e-06,1.734956948e-05,6.359524422e-05,0.0001554215256,0.0003128502972,0.0001517249194,4.149806144e-05,1.018455601e-05,2.529413588e-06,0.0001665018687,3.784268432e-06,1.734957161e-05,6.359526996e-05,0.0001554216306,0.0003128506522,2.314086183e-07,2.939572673e-08,2.826208295e-09,2.540845055e-10,1.195052839e-05,4.554980698e-09,1.332170535e-07,2.268969208e-06,1.577507879e-05,7.280768908e-05,3.521812465e-10,2.864294021e-11,1.601297203e-12,8.012749415e-14,1.068978545e-06,8.65822909e-12,8.359301442e-10,3.882527049e-08,5.022792266e-07,3.809853532e-06,7.431812049e-10,1.007345274e-10,9.78077389e-12,8.450388434e-13,2.354249514e-06,1.216119821e-10,7.154829093e-09,2.195414306e-07,2.21550887e-06,1.377183623e-05,2.266064513e-10,3.554624334e-11,3.994168478e-12,3.949006117e-13,1.935176469e-06,9.295995198e-11,5.472602738e-09,1.680221864e-07,1.678669369e-06,1.031478467e-05,3.918424672e-11,7.392050169e-12,9.989173111e-13,1.171005493e-13,1.350966057e-06,5.081827041e-11,2.994094144e-09,9.19942907e-08,8.980578365e-07,5.378097201e-06,7.418282977e-13,1.425707528e-13,1.883477637e-14,2.084571821e-15,4.621687338e-07,2.699636907e-12,2.452158873e-10,1.076187968e-08,1.250216507e-07,8.474673588e-07,4.683570182e-17,4.85920232e-18,2.963681498e-19,1.398803791e-20,2.599547567e-08,1.316432333e-16,7.050612134e-14,1.351180571e-11,3.442725209e-10,4.259840379e-09,4.375761035e-16,4.501796398e-17,2.722680616e-18,1.275109501e-19,5.051540879e-08,5.050561265e-16,2.356889241e-13,3.974389903e-11,9.466734061e-10,1.106830886e-08,2.605450726e-15,2.618353682e-16,1.546864785e-17,7.089244071e-19,8.28189753e-08,1.283293801e-15,5.341594918e-13,8.100173717e-11,1.807623385e-09,1.996459113e-08,4.154954991e-18,2.653197224e-19,8.853641761e-21,2.157243661e-22,1.421249608e-08,8.604660885e-19,1.23803298e-15,5.205149288e-13,1.854806269e-11,2.873645609e-10
45,0.02271750722,0.01104263694,0.004816463908,0.002033931948,0.01448643658,0.004425029052,0.01238246903,0.02869743099,0.05246546641,0.08280235441,0.03219828578,0.01565110331,0.006826538801,0.00288276176,0.01567034153,0.004425029792,0.01238246764,0.02869742032,0.05246543382,0.08280226809,0.0004305924921,0.0001478730862,4.556750168e-05,1.396306535e-05,0.0005385415664,3.126932244e-05,0.0001409755402,0.0005087663879,0.00128318541,0.00267051814,0.0003038046223,0.0001043318654,3.215014719e-05,9.851637794e-06,0.000497854385,3.126931722e-05,0.000140975556,0.0005087665771,0.001283186207,0.002670520924,0.01058087271,0.004041833866,0.001385411616,0.0004683625676,0.004508809503,0.0004883551609,0.001415386401,0.00338898581,0.006091631229,0.009419275305,0.01546531424,0.005907664367,0.002024959195,0.0006845729247,0.004911216657,0.0004883552497,0.001415386228,0.003388984438,0.006091627112,0.009419264619,0.0002217655954,6.065479722e-05,1.488605219e-05,3.69706739e-06,0.000181362004,3.784269097e-06,1.734956963e-05,6.359524563e-05,0.0001554215311,0.0003128503142,0.0001517249181,4.149806053e-05,1.018455565e-05,2.529413467e-06,0.0001665018638,3.784268409e-06,1.734957176e-05,6.359527138e-05,0.0001554216361,0.0003128506691,2.314086104e-07,2.93957241e-08,2.826207886e-09,2.540844557e-10,1.195052709e-05,4.554979996e-09,1.332170363e-07,2.268968968e-06,1.57750774e-05,7.280768417e-05,3.521812283e-10,2.864293634e-11,1.601296852e-12,8.012747043e-14,1.068978381e-06,8.658226803e-12,8.35929948e-10,3.882526244e-08,5.022791311e-07,3.80985287e-06,7.423750359e-10,1.006185918e-10,9.76887024e-12,8.439588013e-13,2.353063217e-06,1.214995062e-10,7.148876494e-09,2.193777203e-07,2.213971769e-06,1.376289407e-05,2.254286625e-10,3.535025964e-11,3.97088502e-12,3.924834832e-13,1.930499756e-06,9.254791827e-11,5.450778909e-09,1.6742153e-07,1.673085493e-06,1.028267125e-05,3.877796994e-11,7.310760588e-12,9.87304882e-13,1.156713995e-13,1.344444119e-06,5.036876684e-11,2.97026132e-09,9.133771756e-08,8.920930961e-07,5.344660942e-06,7.322041755e-13,1.405428515e-13,1.85433544e-14,2.049918294e-15,4.592034633e-07,2.667252061e-12,2.426238521e-10,1.066238796e-08,1.239743283e-07,8.410155178e-07,4.67280386e-17,4.833481729e-18,2.939146325e-19,1.383379948e-20,2.588733443e-08,1.306515292e-16,7.012645515e-14,1.346605798e-11,3.437055023e-10,4.25983587e-09,4.41788593e-16,4.526070801e-17,2.725880331e-18,1.271664585e-19,5.042950966e-08,5.04515071e-16,2.360141072e-13,3.988940214e-11,9.523794899e-10,1.116044922e-08,2.66152097e-15,2.660041065e-16,1.562879115e-17,7.126389934e-19,8.286426206e-08,1.289417392e-15,5.381927978e-13,8.182294184e-11,1.831355585e-09,2.028546499e-08,4.28303003e-18,2.716679281e-19,9.004815572e-21,2.180521753e-22,1.4242406e-08,8.694893182e-19,1.25526526e-15,5.294245663e-13,1.89406955e-11,2.946162597e-10
46,0.02271750704,0.0110426367,0.004816463739,0.002033931851,0.01448643612,0.004425028967,0.01238246893,0.02869743104,0.05246546698,0.0828023563,0.03219828551,0.01565110297,0.006826538561,0.002882761623,0.01567034104,0.004425029706,0.01238246753,0.02869742037,0.0524654344,0.08280226998,0.0004305924869,0.0001478730814,4.556749932e-05,1.396306437e-05,0.0005385415399,3.126932098e-05,0.0001409755351,0.0005087663747,0.001283185388,0.002670518124,0.0003038046186,0.0001043318621,3.215014552e-05,9.851637104e-06,0.0004978543606,3.126931575e-05,0.000140975551,0.000508766564,0.001283186185,0.002670520908,0.01058087267,0.004041833821,0.001385411591,0.0004683625562,0.004508809453,0.000488355171,0.00141538645,0.003388985972,0.0060916316,0.009419276055,0.01546531418,0.005907664302,0.002024959158,0.000684572908,0.004911216603,0.0004883552598,0.001415386277,0.0033889846,0.006091627483,0.009419265369,0.0002217655936,6.065479595e-05,1.488605168e-05,3.69706722e-06,0.0001813619989,3.784269075e-06,1.734956978e-05,6.359524699e-05,0.0001554215363,0.0003128503304,0.0001517249169,4.149805966e-05,1.018455531e-05,2.529413351e-06,0.0001665018591,3.784268387e-06,1.73495719e-05,6.359527274e-05,0.0001554216414,0.0003128506854,2.314086028e-07,2.939572158e-08,2.826207493e-09,2.540844079e-10,1.195052584e-05,4.554979322e-09,1.332170198e-07,2.268968737e-06,1.577507606e-05,7.280767945e-05,3.521812109e-10,2.864293262e-11,1.601296516e-12,8.012744765e-14,1.068978224e-06,8.658224606e-12,8.359297595e-10,3.882525471e-08,5.022790392e-07,3.809852234e-06,7.41604545e-10,1.00507713e-10,9.757479092e-12,8.429247606e-13,2.35192559e-06,1.21391632e-10,7.143167242e-09,2.192206998e-07,2.212497517e-06,1.375431791e-05,2.243075318e-10,3.516362533e-11,3.948704746e-12,3.901802946e-13,1.926023322e-06,9.215410133e-11,5.429912045e-09,1.668470174e-07,1.667743759e-06,1.025194664e-05,3.83932042e-11,7.233766719e-12,9.763058009e-13,1.143177818e-13,1.338216265e-06,4.994100307e-11,2.947562617e-09,9.071192222e-08,8.864056152e-07,5.312768293e-06,7.231151629e-13,1.386281485e-13,1.826830929e-14,2.017227931e-15,4.563748456e-07,2.636509996e-12,2.401599365e-10,1.056769503e-08,1.229767324e-07,8.348658744e-07,4.662587237e-17,4.808942569e-18,2.915753515e-19,1.36869942e-20,2.57835267e-08,1.297003483e-16,6.976091882e-14,1.342177332e-11,3.43149758e-10,4.259688006e-09,4.458488258e-16,4.549201719e-17,2.728734987e-18,1.268245124e-19,5.034518251e-08,5.039434786e-16,2.363037857e-13,4.002598781e-11,9.578056901e-10,1.124865698e-08,2.71613316e-15,2.700293107e-16,1.578153909e-17,7.160968548e-19,8.290220881e-08,1.295102108e-15,5.420065033e-13,8.260669641e-11,1.854155786e-09,2.05953074e-08,4.40907787e-18,2.778606503e-19,9.15072549e-21,2.202668565e-22,1.427018757e-08,8.780725701e-19,1.271807014e-15,5.380318006e-13,1.932227036e-11,3.017008218e-10
47,0.02271750686,0.01104263647,0.004816463577,0.002033931759,0.01448643569,0.004425028885,0.01238246883,0.02869743108,0.05246546753,0.08280235811,0.03219828526,0.01565110264,0.006826538331,0.002882761492,0.01567034057,0.004425029624,0.01238246743,0.02869742041,0.05246543495,0.08280227179,0.0004305924818,0.0001478730769,4.556749707e-05,1.396306344e-05,0.0005385415147,3.126931958e-05,0.0001409755303,0.0005087663621,0.001283185367,0.002670518109,0.0003038046151,0.0001043318589,3.215014393e-05,9.851636445e-06,0.0004978543372,3.126931435e-05,0.0001409755461,0.0005087665514,0.001283186164,0.002670520893,0.01058087263,0.004041833778,0.001385411567,0.0004683625453,0.004508809406,0.0004883551807,0.001415386497,0.003388986127,0.006091631955,0.009419276772,0.01546531412,0.005907664239,0.002024959123,0.0006845728921,0.004911216551,0.0004883552695,0.001415386324,0.003388984755,0.006091627838,0.009419266086,0.0002217655919,6.065479473e-05,1.48860512e-05,3.697067058e-06,0.000181361994,3.784269054e-06,1.734956991e-05,6.359524829e-05,0.0001554215414,0.000312850346,0.0001517249157,4.149805883e-05,1.018455497e-05,2.52941324e-06,0.0001665018546,3.784268366e-06,1.734957204e-05,6.359527403e-05,0.0001554216464,0.0003128507009,2.314085956e-07,2.939571917e-08,2.826207117e-09,2.540843622e-10,1.195052464e-05,4.554978678e-09,1.33217004e-07,2.268968516e-06,1.577507478e-05,7.280767493e-05,3.521811943e-10,2.864292907e-11,1.601296194e-12,8.012742587e-14,1.068978074e-06,8.658222506e-12,8.359295794e-10,3.882524731e-08,5.022789515e-07,3.809851627e-06,7.408714394e-10,1.004021461e-10,9.746627514e-12,8.419392421e-13,2.350839647e-06,1.212886467e-10,7.137716569e-09,2.190707886e-07,2.211090047e-06,1.374613058e-05,2.232449016e-10,3.498665784e-11,3.927666426e-12,3.879951542e-13,1.921757927e-06,9.177937154e-11,5.410049324e-09,1.662999736e-07,1.662656607e-06,1.022268288e-05,3.803028639e-11,7.161137252e-12,9.659299442e-13,1.130409077e-13,1.332295471e-06,4.953566548e-11,2.926037091e-09,9.011804701e-08,8.810061024e-07,5.282480775e-06,7.145651127e-13,1.368273896e-13,1.800973209e-14,1.986509232e-15,4.536883554e-07,2.607448848e-12,2.378276854e-10,1.047795405e-08,1.220305866e-07,8.290296184e-07,4.652930477e-17,4.785630179e-18,2.893545413e-19,1.354785718e-20,2.568433764e-08,1.287922242e-16,6.941065263e-14,1.337911706e-11,3.426081031e-10,4.2594124e-09,4.497427419e-16,4.571138149e-17,2.731260523e-18,1.264874347e-19,5.026288665e-08,5.033491398e-16,2.365596592e-13,4.015359104e-11,9.629411822e-10,1.133268848e-08,2.769033372e-15,2.738956481e-16,1.592651193e-17,7.192992845e-19,8.293335332e-08,1.300351966e-15,5.455949773e-13,8.335101007e-11,1.875949145e-09,2.089293188e-08,4.532398117e-18,2.838678788e-19,9.290811639e-21,2.223633515e-22,1.429586674e-08,8.861964616e-19,1.287604377e-15,5.463029461e-13,1.96910672e-11,3.085828855e-10
48,0.02271750669,0.01104263626,0.004816463423,0.002033931671,0.01448643528,0.004425028807,0.01238246873,0.02869743113,0.05246546806,0.08280235983,0.03219828502,0.01565110233,0.006826538113,0.002882761367,0.01567034012,0.004425029547,0.01238246734,0.02869742045,0.05246543548,0.08280227351,0.0004305924771,0.0001478730726,4.556749492e-05,1.396306255e-05,0.0005385414906,3.126931825e-05,0.0001409755257,0.0005087663501,0.001283185347,0.002670518095,0.0003038046117,0.0001043318559,3.215014242e-05,9.851635818e-06,0.0004978543149,3.126931302e-05,0.0001409755415,0.0005087665394,0.001283186144,0.002670520879,0.01058087259,0.004041833737,0.001385411544,0.0004683625349,0.004508809361,0.0004883551899,0.001415386542,0.003388986274,0.006091632293,0.009419277454,0.01546531406,0.00590766418,0.00202495909,0.000684572877,0.004911216502,0.0004883552787,0.001415386369,0.003388984902,0.006091628176,0.009419266768,0.0002217655903,6.065479358e-05,1.488605074e-05,3.697066903e-06,0.0001813619893,3.784269034e-06,1.734957004e-05,6.359524952e-05,0.0001554215462,0.0003128503608,0.0001517249146,4.149805804e-05,1.018455466e-05,2.529413135e-06,0.0001665018504,3.784268346e-06,1.734957217e-05,6.359527527e-05,0.0001554216512,0.0003128507157,2.314085887e-07,2.939571687e-08,2.82620676e-09,2.540843187e-10,1.19505235e-05,4.554978065e-09,1.33216989e-07,2.268968305e-06,1.577507357e-05,7.280767064e-05,3.521811784e-10,2.864292569e-11,1.601295888e-12,8.012740516e-14,1.068977932e-06,8.658220509e-12,8.35929408e-10,3.882524028e-08,5.02278868e-07,3.809851049e-06,7.401774061e-10,1.003021437e-10,9.736342343e-12,8.410047483e-13,2.349808388e-06,1.211908365e-10,7.132539644e-09,2.189284041e-07,2.209753276e-06,1.373835481e-05,2.222425818e-10,3.481966935e-11,3.90780822e-12,3.859321073e-13,1.917714248e-06,9.142459027e-11,5.391237471e-09,1.657817116e-07,1.657836368e-06,1.01949514e-05,3.768954577e-11,7.092939328e-12,9.561869604e-13,1.118419597e-13,1.326694563e-06,4.915342791e-11,2.905723144e-09,8.955721679e-08,8.759051112e-07,5.253859052e-06,7.06557823e-13,1.351413091e-13,1.776771226e-14,1.957770511e-15,4.511493967e-07,2.580105897e-12,2.356305749e-10,1.039331562e-08,1.211375882e-07,8.235177893e-07,4.643844028e-17,4.76359008e-18,2.872564156e-19,1.341662062e-20,2.559005257e-08,1.279296832e-16,6.90768033e-14,1.333825734e-11,3.420834538e-10,4.25902618e-09,4.534564039e-16,4.591832323e-17,2.733474957e-18,1.261576171e-19,5.018309319e-08,5.027402171e-16,2.367836345e-13,4.027218378e-11,9.677760303e-10,1.141230947e-08,2.819964452e-15,2.775879892e-16,1.606335679e-17,7.222489002e-19,8.295827635e-08,1.305173283e-15,5.489535454e-13,8.405402258e-11,1.896663218e-09,2.117716845e-08,4.652263909e-18,2.896591805e-19,9.424524615e-21,2.243370932e-22,1.431947823e-08,8.938435113e-19,1.302605633e-15,5.542048093e-13,2.004536032e-11,3.152264756e-10
49,0.02271750652,0.01104263605,0.004816463278,0.002033931588,0.01448643489,0.004425028734,0.01238246864,0.02869743117,0.05246546855,0.08280236145,0.03219828479,0.01565110204,0.006826537907,0.002882761249,0.0156703397,0.004425029473,0.01238246725,0.02869742049,0.05246543597,0.08280227513,0.0004305924726,0.0001478730686,4.55674929e-05,1.396306171e-05,0.0005385414679,3.126931699e-05,0.0001409755213,0.0005087663388,0.001283185328,0.002670518081,0.0003038046085,0.000104331853,3.215014099e-05,9.851635225e-06,0.0004978542939,3.126931176e-05,0.0001409755371,0.0005087665281,0.001283186125,0.002670520865,0.01058087255,0.004041833699,0.001385411523,0.0004683625252,0.004508809318,0.0004883551986,0.001415386584,0.003388986413,0.006091632612,0.009419278099,0.015465314,0.005907664123,0.002024959059,0.0006845728627,0.004911216456,0.0004883552874,0.001415386411,0.003388985041,0.006091628495,0.009419267413,0.0002217655888,6.065479248e-05,1.48860503e-05,3.697066757e-06,0.0001813619849,3.784269015e-06,1.734957017e-05,6.359525069e-05,0.0001554215507,0.0003128503748,0.0001517249136,4.149805729e-05,1.018455436e-05,2.529413035e-06,0.0001665018463,3.784268327e-06,1.734957229e-05,6.359527643e-05,0.0001554216557,0.0003128507297,2.314085822e-07,2.93957147e-08,2.826206422e-09,2.540842776e-10,1.195052242e-05,4.554977486e-09,1.332169748e-07,2.268968107e-06,1.577507242e-05,7.280766658e-05,3.521811635e-10,2.864292249e-11,1.601295599e-12,8.012738557e-14,1.068977797e-06,8.658218621e-12,8.35929246e-10,3.882523363e-08,5.02278789e-07,3.809850502e-06,7.395241169e-10,1.002079564e-10,9.726650235e-12,8.401237666e-13,2.348834804e-06,1.210984867e-10,7.12765159e-09,2.187939626e-07,2.208491105e-06,1.373101326e-05,2.213023621e-10,3.466296876e-11,3.889167897e-12,3.83995159e-13,1.913902899e-06,9.109061235e-11,5.373522878e-09,1.652935357e-07,1.65329529e-06,1.01688232e-05,3.737130996e-11,7.029239729e-12,9.470864407e-13,1.107221124e-13,1.321426256e-06,4.879495649e-11,2.886658762e-09,8.903054485e-08,8.711130906e-07,5.22696321e-06,6.990971958e-13,1.335706642e-13,1.754234264e-14,1.931020514e-15,4.487633264e-07,2.554517991e-12,2.335720425e-10,1.031392879e-08,1.202994188e-07,8.183413324e-07,4.635338742e-17,4.742868137e-18,2.852851863e-19,1.329351525e-20,2.550095699e-08,1.271152461e-16,6.876052263e-14,1.329936456e-11,3.415788123e-10,4.258547782e-09,4.569760194e-16,4.611239448e-17,2.735398069e-18,1.258375048e-19,5.010628251e-08,5.0212517e-16,2.369777938e-13,4.038177042e-11,9.723011109e-10,1.148729479e-08,2.868667199e-15,2.81091446e-16,1.619174625e-17,7.249494784e-19,8.29775939e-08,1.309574382e-15,5.520784014e-13,8.47139977e-11,1.91622801e-09,2.144686669e-08,4.767926329e-18,2.952038535e-19,9.551326895e-21,2.261839763e-22,1.434106416e-08,9.009980233e-19,1.316761231e-15,5.617047819e-13,2.038342589e-11,3.21595196e-10
50,0.02271750637,0.01104263586,0.004816463141,0.00203393151,0.01448643452,0.004425028665,0.01238246856,0.0286974312,0.05246546902,0.08280236298,0.03219828457,0.01565110177,0.006826537714,0.002882761139,0.01567033931,0.004425029404,0.01238246716,0.02869742053,0.05246543644,0.08280227665,0.0004305924683,0.0001478730648,4.556749099e-05,1.396306092e-05,0.0005385414465,3.126931581e-05,0.0001409755172,0.0005087663282,0.001283185311,0.002670518068,0.0003038046055,0.0001043318503,3.215013965e-05,9.851634668e-06,0.0004978542742,3.126931058e-05,0.0001409755331,0.0005087665174,0.001283186108,0.002670520852,0.01058087251,0.004041833663,0.001385411503,0.000468362516,0.004508809278,0.0004883552067,0.001415386624,0.003388986544,0.006091632911,0.009419278705,0.01546531395,0.00590766407,0.00202495903,0.0006845728493,0.004911216412,0.0004883552955,0.001415386451,0.003388985172,0.006091628794,0.009419268018,0.0002217655873,6.065479146e-05,1.488604989e-05,3.69706662e-06,0.0001813619808,3.784268998e-06,1.734957028e-05,6.359525178e-05,0.000155421555,0.0003128503879,0.0001517249126,4.149805659e-05,1.018455408e-05,2.529412941e-06,0.0001665018426,3.78426831e-06,1.734957241e-05,6.359527753e-05,0.00015542166,0.0003128507428,2.314085761e-07,2.939571266e-08,2.826206105e-09,2.54084239e-10,1.195052141e-05,4.554976942e-09,1.332169614e-07,2.26896792e-06,1.577507134e-05,7.280766277e-05,3.521811494e-10,2.864291949e-11,1.601295327e-12,8.012736719e-14,1.06897767e-06,8.658216848e-12,8.359290939e-10,3.882522739e-08,5.022787149e-07,3.809849989e-06,7.389132333e-10,1.001198335e-10,9.717577728e-12,8.392987746e-13,2.347921875e-06,1.210118817e-10,7.123067487e-09,2.186678793e-07,2.207307428e-06,1.372412851e-05,2.204260241e-10,3.451686362e-11,3.871783068e-12,3.821882966e-13,1.910334454e-06,9.077828865e-11,5.356951727e-09,1.648367443e-07,1.649045574e-06,1.014436897e-05,3.707591102e-11,6.97010608e-12,9.386380915e-13,1.096825541e-13,1.316503207e-06,4.84609145e-11,2.868881753e-09,8.853913905e-08,8.666404382e-07,5.201853039e-06,6.921873943e-13,1.321162682e-13,1.733372445e-14,1.906269017e-15,4.465354786e-07,2.530721974e-12,2.316555178e-10,1.023994213e-08,1.195177546e-07,8.135111574e-07,4.62742599e-17,4.723510711e-18,2.834450812e-19,1.31787719e-20,2.541733666e-08,1.263514286e-16,6.84629659e-14,1.326261086e-11,3.410972482e-10,4.257996721e-09,4.602879577e-16,4.629317382e-17,2.737051051e-18,1.25529579e-19,5.00329416e-08,5.015126746e-16,2.371443579e-13,4.048238247e-11,9.765080174e-10,1.155742776e-08,2.914881556e-15,2.843914006e-16,1.631137624e-17,7.274057627e-19,8.29919488e-08,1.313565254e-15,5.54966499e-13,8.532931327e-11,1.934575939e-09,2.170089795e-08,4.878619278e-18,3.004710813e-19,9.670693807e-21,2.279003161e-22,1.436067264e-08,9.076459256e-19,1.330023734e-15,5.687709124e-13,2.070354911e-11,3.276524251e-10
51,0.02271750623,0.01104263568,0.004816463014,0.002033931437,0.01448643418,0.004425028601,0.01238246848,0.02869743124,0.05246546945,0.0828023644,0.03219828437,0.01565110151,0.006826537534,0.002882761036,0.01567033894,0.00442502934,0.01238246709,0.02869742056,0.05246543687,0.08280227808,0.0004305924644,0.0001478730612,4.556748922e-05,1.396306018e-05,0.0005385414266,3.126931471e-05,0.0001409755134,0.0005087663183,0.001283185294,0.002670518057,0.0003038046027,0.0001043318478,3.21501384e-05,9.851634149e-06,0.0004978542558,3.126930948e-05,0.0001409755292,0.0005087665075,0.001283186091,0.002670520841,0.01058087248,0.004041833629,0.001385411484,0.0004683625074,0.004508809241,0.0004883552143,0.001415386661,0.003388986666,0.006091633191,0.009419279268,0.0154653139,0.005907664021,0.002024959002,0.0006845728368,0.004911216371,0.0004883553031,0.001415386488,0.003388985294,0.006091629074,0.009419268582,0.000221765586,6.06547905e-05,1.488604951e-05,3.697066492e-06,0.000181361977,3.784268981e-06,1.734957039e-05,6.359525281e-05,0.0001554215589,0.0003128504002,0.0001517249117,4.149805594e-05,1.018455382e-05,2.529412854e-06,0.000166501839,3.784268293e-06,1.734957251e-05,6.359527855e-05,0.000155421664,0.0003128507551,2.314085704e-07,2.939571076e-08,2.826205809e-09,2.540842031e-10,1.195052047e-05,4.554976436e-09,1.33216949e-07,2.268967746e-06,1.577507034e-05,7.280765922e-05,3.521811363e-10,2.864291669e-11,1.601295074e-12,8.012735006e-14,1.068977552e-06,8.658215197e-12,8.359289522e-10,3.882522157e-08,5.022786459e-07,3.809849512e-06,7.383464122e-10,1.000380238e-10,9.709151298e-12,8.385322448e-13,2.347072578e-06,1.209313056e-10,7.118802395e-09,2.185505688e-07,2.206206131e-06,1.371772314e-05,2.196153545e-10,3.438166223e-11,3.855691416e-12,3.805155139e-13,1.907019465e-06,9.048846876e-11,5.341570128e-09,1.644126339e-07,1.645099395e-06,1.012165925e-05,3.680369148e-11,6.915608066e-12,9.308519078e-13,1.087245081e-13,1.31193806e-06,4.81519675e-11,2.852429994e-09,8.808410814e-08,8.624975551e-07,5.17858833e-06,6.858330001e-13,1.307790242e-13,1.714197215e-14,1.883527432e-15,4.444711907e-07,2.508755121e-12,2.298844543e-10,1.017150483e-08,1.187942763e-07,8.090381984e-07,4.620117769e-17,4.70556481e-18,2.817403632e-19,1.307262307e-20,2.53394776e-08,1.256407439e-16,6.81852904e-14,1.322816952e-11,3.406418794e-10,4.257393323e-09,4.633787622e-16,4.646026231e-17,2.738456126e-18,1.252363398e-19,4.996356126e-08,5.009115385e-16,2.372856464e-13,4.057407267e-11,9.803889442e-10,1.162249929e-08,2.958347795e-15,2.87473525e-16,1.642196326e-17,7.296232476e-19,8.300200152e-08,1.317157168e-15,5.576154225e-13,8.589844804e-11,1.951641732e-09,2.193815699e-08,4.983564777e-18,3.054300864e-19,9.782114074e-21,2.294827946e-22,1.437835604e-08,9.137745613e-19,1.342347712e-15,5.753719548e-13,2.100403082e-11,3.333615137e-10
52,0.0227175061,0.01104263551,0.004816462897,0.00203393137,0.01448643387,0.004425028542,0.01238246841,0.02869743127,0.05246546985,0.08280236571,0.03219828419,0.01565110128,0.006826537367,0.002882760941,0.0156703386,0.004425029281,0.01238246701,0.0286974206,0.05246543727,0.08280227939,0.0004305924608,0.0001478730579,4.556748758e-05,1.39630595e-05,0.0005385414083,3.126931369e-05,0.0001409755099,0.0005087663091,0.001283185279,0.002670518046,0.0003038046002,0.0001043318455,3.215013724e-05,9.851633671e-06,0.0004978542388,3.126930846e-05,0.0001409755257,0.0005087664984,0.001283186076,0.00267052083,0.01058087245,0.004041833598,0.001385411467,0.0004683624995,0.004508809206,0.0004883552213,0.001415386695,0.003388986778,0.006091633448,0.009419279789,0.01546531385,0.005907663976,0.002024958977,0.0006845728252,0.004911216334,0.0004883553101,0.001415386522,0.003388985406,0.006091629331,0.009419269103,0.0002217655848,6.065478962e-05,1.488604916e-05,3.697066375e-06,0.0001813619734,3.784268966e-06,1.734957049e-05,6.359525375e-05,0.0001554215626,0.0003128504114,0.0001517249109,4.149805533e-05,1.018455358e-05,2.529412773e-06,0.0001665018358,3.784268278e-06,1.734957261e-05,6.359527949e-05,0.0001554216676,0.0003128507664,2.314085651e-07,2.939570901e-08,2.826205537e-09,2.540841699e-10,1.19505196e-05,4.554975968e-09,1.332169375e-07,2.268967586e-06,1.577506941e-05,7.280765594e-05,3.521811242e-10,2.864291412e-11,1.601294841e-12,8.012733425e-14,1.068977443e-06,8.658213673e-12,8.359288215e-10,3.882521621e-08,5.022785822e-07,3.809849071e-06,7.378253118e-10,9.996277597e-11,9.701397427e-12,8.378266495e-13,2.346289888e-06,1.208570422e-10,7.114871359e-09,2.184424451e-07,2.205191099e-06,1.371181968e-05,2.188721583e-10,3.425767575e-11,3.84093094e-12,3.789808355e-13,1.90396849e-06,9.022200378e-11,5.327424252e-09,1.640225021e-07,1.641468943e-06,1.010076468e-05,3.655501054e-11,6.865818659e-12,9.237383497e-13,1.078492544e-13,1.3077435e-06,4.786878852e-11,2.837341693e-09,8.766656834e-08,8.586949029e-07,5.157229181e-06,6.800391708e-13,1.295599588e-13,1.696721846e-14,1.862809411e-15,4.425758295e-07,2.488655591e-12,2.282623621e-10,1.01087678e-08,1.181306806e-07,8.049334757e-07,4.613426799e-17,4.689078236e-18,2.801753487e-19,1.297530448e-20,2.526766616e-08,1.249857038e-16,6.792865377e-14,1.319621433e-11,3.402158512e-10,4.256758446e-09,4.662351565e-16,4.661327875e-17,2.739636118e-18,1.249602879e-19,4.989863308e-08,5.003306108e-16,2.374040351e-13,4.065690826e-11,9.839365525e-10,1.168230686e-08,2.998807696e-15,2.90323792e-16,1.652324095e-17,7.316079407e-19,8.300842044e-08,1.32036226e-15,5.600232377e-13,8.641996538e-11,1.967362247e-09,2.215756265e-08,5.081978668e-18,3.100502817e-19,9.885089905e-21,2.309283965e-22,1.439416928e-08,9.193724377e-19,1.353689563e-15,5.814773932e-13,2.128319356e-11,3.38685981e-10
53,0.02271750598,0.01104263536,0.00481646279,0.002033931309,0.01448643358,0.004425028487,0.01238246834,0.0286974313,0.05246547022,0.0828023669,0.03219828402,0.01565110106,0.006826537216,0.002882760854,0.01567033829,0.004425029227,0.01238246695,0.02869742062,0.05246543763,0.08280228058,0.0004305924574,0.0001478730549,4.556748609e-05,1.396305888e-05,0.0005385413915,3.126931276e-05,0.0001409755067,0.0005087663008,0.001283185265,0.002670518036,0.0003038045978,0.0001043318434,3.215013619e-05,9.851633234e-06,0.0004978542234,3.126930754e-05,0.0001409755225,0.0005087664901,0.001283186062,0.00267052082,0.01058087242,0.004041833569,0.001385411451,0.0004683624923,0.004508809175,0.0004883552277,0.001415386726,0.003388986881,0.006091633683,0.009419280263,0.01546531381,0.005907663934,0.002024958954,0.0006845728147,0.0049112163,0.0004883553165,0.001415386553,0.003388985509,0.006091629566,0.009419269577,0.0002217655837,6.065478881e-05,1.488604884e-05,3.697066267e-06,0.0001813619702,3.784268952e-06,1.734957058e-05,6.359525461e-05,0.0001554215659,0.0003128504217,0.0001517249101,4.149805478e-05,1.018455337e-05,2.529412699e-06,0.0001665018328,3.784268264e-06,1.73495727e-05,6.359528035e-05,0.000155421671,0.0003128507767,2.314085603e-07,2.939570741e-08,2.826205288e-09,2.540841397e-10,1.195051881e-05,4.554975542e-09,1.332169271e-07,2.26896744e-06,1.577506857e-05,7.280765295e-05,3.521811132e-10,2.864291176e-11,1.601294628e-12,8.012731984e-14,1.068977344e-06,8.658212283e-12,8.359287022e-10,3.882521131e-08,5.022785241e-07,3.809848668e-06,7.373515972e-10,9.989433977e-11,9.694342667e-12,8.371844664e-13,2.34557678e-06,1.207893753e-10,7.111289431e-09,2.183439226e-07,2.204266215e-06,1.370644067e-05,2.181982727e-10,3.414522037e-11,3.827540211e-12,3.775883427e-13,1.901192114e-06,8.997974932e-11,5.314560482e-09,1.636676518e-07,1.638166449e-06,1.008175611e-05,3.633025036e-11,6.820815376e-12,9.173085221e-13,1.070581525e-13,1.303932303e-06,4.761206343e-11,2.82365565e-09,8.728765012e-08,8.552430625e-07,5.137836314e-06,6.748118011e-13,1.284602565e-13,1.680961936e-14,1.844131457e-15,4.408548185e-07,2.47046288e-12,2.26792841e-10,1.005188484e-08,1.175286913e-07,8.012081602e-07,4.607366615e-17,4.674099726e-18,2.78754428e-19,1.288705679e-20,2.520218905e-08,1.243888211e-16,6.769421243e-14,1.316691894e-11,3.398223136e-10,4.25611316e-09,4.688440472e-16,4.675185434e-17,2.74061401e-18,1.247039055e-19,4.983864629e-08,4.997786877e-16,2.375019098e-13,4.073096376e-11,9.871438181e-10,1.173665313e-08,3.036005705e-15,2.929284759e-16,1.66149561e-17,7.333661027e-19,8.301187149e-08,1.323193067e-15,5.621883262e-13,8.689249398e-11,1.981676225e-09,2.235805801e-08,5.17307667e-18,3.143014194e-19,9.979136664e-21,2.322343336e-22,1.440816782e-08,9.244289327e-19,1.364007273e-15,5.870574441e-13,2.153938707e-11,3.435897107e-10
54,0.02271750588,0.01104263522,0.004816462693,0.002033931254,0.01448643332,0.004425028439,0.01238246828,0.02869743133,0.05246547055,0.08280236798,0.03219828387,0.01565110087,0.006826537079,0.002882760776,0.01567033801,0.004425029178,0.01238246689,0.02869742065,0.05246543796,0.08280228166,0.0004305924545,0.0001478730522,4.556748475e-05,1.396305833e-05,0.0005385413765,3.126931193e-05,0.0001409755038,0.0005087662933,0.001283185253,0.002670518027,0.0003038045957,0.0001043318415,3.215013524e-05,9.851632842e-06,0.0004978542095,3.12693067e-05,0.0001409755196,0.0005087664826,0.001283186049,0.002670520811,0.01058087239,0.004041833544,0.001385411437,0.0004683624859,0.004508809147,0.0004883552334,0.001415386754,0.003388986973,0.006091633894,0.00941928069,0.01546531377,0.005907663897,0.002024958934,0.0006845728052,0.004911216269,0.0004883553222,0.001415386581,0.003388985601,0.006091629777,0.009419270004,0.0002217655827,6.065478809e-05,1.488604856e-05,3.697066171e-06,0.0001813619673,3.78426894e-06,1.734957066e-05,6.359525538e-05,0.0001554215689,0.000312850431,0.0001517249094,4.149805429e-05,1.018455317e-05,2.529412633e-06,0.0001665018302,3.784268252e-06,1.734957279e-05,6.359528112e-05,0.000155421674,0.0003128507859,2.31408556e-07,2.939570598e-08,2.826205064e-09,2.540841125e-10,1.195051809e-05,4.554975158e-09,1.332169177e-07,2.268967308e-06,1.577506781e-05,7.280765026e-05,3.521811033e-10,2.864290965e-11,1.601294437e-12,8.012730688e-14,1.068977255e-06,8.658211034e-12,8.35928595e-10,3.882520691e-08,5.022784719e-07,3.809848307e-06,7.369269471e-10,9.98329665e-11,9.688013718e-12,8.366081845e-13,2.344936234e-06,1.207285894e-10,7.108071679e-09,2.182554161e-07,2.203435369e-06,1.370160871e-05,2.17595581e-10,3.40446196e-11,3.815558626e-12,3.763421994e-13,1.89870098e-06,8.976256851e-11,5.30302556e-09,1.633493948e-07,1.635204227e-06,1.006470486e-05,3.612982253e-11,6.780681565e-12,9.115743595e-13,1.063526637e-13,1.300517398e-06,4.738249655e-11,2.811411536e-09,8.694850525e-08,8.521527955e-07,5.120471409e-06,6.701576865e-13,1.274812946e-13,1.666935921e-14,1.827513552e-15,4.393136668e-07,2.454218297e-12,2.25479615e-10,1.000101383e-08,1.169900706e-07,7.978736399e-07,4.601951661e-17,4.660679099e-18,2.774820843e-19,1.280812729e-20,2.514333336e-08,1.238526117e-16,6.748311987e-14,1.314045616e-11,3.394643974e-10,4.255478417e-09,4.711925208e-16,4.687562661e-17,2.741412455e-18,1.244696365e-19,4.978408451e-08,4.992644144e-16,2.375816172e-13,4.079631308e-11,9.900038628e-10,1.178534449e-08,3.069690074e-15,2.952741462e-16,1.66968641e-17,7.349039697e-19,8.30130071e-08,1.325662046e-15,5.641092016e-13,8.73147059e-11,1.994523977e-09,2.253860963e-08,5.256080762e-18,3.181537363e-19,1.006378214e-20,2.333979601e-22,1.442040569e-08,9.289339655e-19,1.373260127e-15,5.920830378e-13,2.177099316e-11,3.480371438e-10
55,0.02271750578,0.0110426351,0.004816462608,0.002033931206,0.01448643309,0.004425028396,0.01238246823,0.02869743135,0.05246547083,0.08280236893,0.03219828374,0.0156511007,0.006826536959,0.002882760707,0.01567033776,0.004425029135,0.01238246683,0.02869742067,0.05246543825,0.0828022826,0.0004305924518,0.0001478730499,4.556748356e-05,1.396305784e-05,0.0005385413632,3.126931119e-05,0.0001409755012,0.0005087662867,0.001283185242,0.002670518019,0.0003038045939,0.0001043318398,3.215013441e-05,9.851632495e-06,0.0004978541972,3.126930597e-05,0.0001409755171,0.000508766476,0.001283186038,0.002670520803,0.01058087237,0.004041833521,0.001385411425,0.0004683624801,0.004508809122,0.0004883552385,0.001415386779,0.003388987054,0.006091634081,0.009419281067,0.01546531374,0.005907663864,0.002024958915,0.0006845727969,0.004911216242,0.0004883553273,0.001415386606,0.003388985682,0.006091629964,0.009419270381,0.0002217655818,6.065478745e-05,1.48860483e-05,3.697066085e-06,0.0001813619647,3.784268929e-06,1.734957074e-05,6.359525606e-05,0.0001554215716,0.0003128504392,0.0001517249088,4.149805385e-05,1.0184553e-05,2.529412575e-06,0.0001665018278,3.784268241e-06,1.734957286e-05,6.35952818e-05,0.0001554216766,0.0003128507941,2.314085522e-07,2.939570471e-08,2.826204867e-09,2.540840885e-10,1.195051746e-05,4.55497482e-09,1.332169094e-07,2.268967192e-06,1.577506713e-05,7.280764789e-05,3.521810946e-10,2.864290778e-11,1.601294268e-12,8.012729544e-14,1.068977176e-06,8.65820993e-12,8.359285004e-10,3.882520303e-08,5.022784258e-07,3.809847988e-06,7.365530605e-10,9.977890997e-11,9.682437498e-12,8.361003098e-13,2.344371237e-06,1.206749693e-10,7.105233213e-09,2.181773414e-07,2.202702461e-06,1.369734642e-05,2.170660277e-10,3.395620662e-11,3.805026683e-12,3.752466799e-13,1.896505811e-06,8.957133526e-11,5.29286675e-09,1.63069056e-07,1.632594704e-06,1.004968285e-05,3.595417478e-11,6.745507742e-12,9.065488162e-13,1.057343752e-13,1.297511919e-06,4.718081636e-11,2.800650173e-09,8.665031412e-08,8.494351079e-07,5.105197442e-06,6.660846928e-13,1.266246791e-13,1.65466561e-14,1.812979801e-15,4.379579985e-07,2.439965452e-12,2.243265683e-10,9.956317969e-09,1.165166317e-07,7.949415883e-07,4.597197375e-17,4.648867404e-18,2.763629157e-19,1.27387717e-20,2.509138667e-08,1.233795975e-16,6.729652502e-14,1.311699724e-11,3.39145189e-10,4.254874695e-09,4.732678375e-16,4.698423297e-17,2.742053275e-18,1.242598667e-19,4.973542224e-08,4.987961825e-16,2.376454136e-13,4.085302108e-11,9.925097712e-10,1.182818931e-08,3.099613993e-15,2.973476528e-16,1.676872389e-17,7.362274583e-19,8.30124548e-08,1.32778105e-15,5.657843129e-13,8.768529226e-11,2.005847012e-09,2.269820641e-08,5.330225858e-18,3.215780969e-19,1.013856548e-20,2.344166792e-22,1.443093326e-08,9.328776335e-19,1.381408358e-15,5.965257804e-13,2.197643018e-11,3.519934707e-10
56,0.0227175057,0.011042635,0.004816462535,0.002033931164,0.0144864329,0.004425028359,0.01238246818,0.02869743137,0.05246547108,0.08280236974,0.03219828362,0.01565110055,0.006826536855,0.002882760648,0.01567033755,0.004425029098,0.01238246679,0.02869742069,0.0524654385,0.08280228342,0.0004305924496,0.0001478730478,4.556748254e-05,1.396305741e-05,0.0005385413518,3.126931056e-05,0.000140975499,0.000508766281,0.001283185232,0.002670518012,0.0003038045923,0.0001043318384,3.215013369e-05,9.851632197e-06,0.0004978541866,3.126930534e-05,0.0001409755149,0.0005087664703,0.001283186029,0.002670520796,0.01058087235,0.004041833502,0.001385411414,0.0004683624752,0.0045088091,0.0004883552429,0.0014153868,0.003388987124,0.006091634241,0.009419281391,0.01546531371,0.005907663836,0.0020249589,0.0006845727897,0.004911216218,0.0004883553317,0.001415386627,0.003388985752,0.006091630124,0.009419270705,0.000221765581,6.06547869e-05,1.488604808e-05,3.697066012e-06,0.0001813619625,3.784268919e-06,1.73495708e-05,6.359525665e-05,0.0001554215739,0.0003128504462,0.0001517249083,4.149805347e-05,1.018455285e-05,2.529412525e-06,0.0001665018258,3.784268231e-06,1.734957292e-05,6.359528239e-05,0.0001554216789,0.0003128508011,2.31408549e-07,2.939570361e-08,2.826204697e-09,2.540840678e-10,1.195051692e-05,4.554974528e-09,1.332169022e-07,2.268967092e-06,1.577506656e-05,7.280764585e-05,3.52181087e-10,2.864290617e-11,1.601294122e-12,8.012728558e-14,1.068977108e-06,8.65820898e-12,8.359284188e-10,3.882519968e-08,5.02278386e-07,3.809847713e-06,7.362316637e-10,9.973242737e-11,9.677641223e-12,8.356633717e-13,2.34388479e-06,1.206288012e-10,7.102789192e-09,2.181101158e-07,2.202071404e-06,1.369367653e-05,2.166116339e-10,3.388032675e-11,3.795986263e-12,3.743061971e-13,1.894617439e-06,8.940693757e-11,5.284132002e-09,1.628279778e-07,1.630350464e-06,1.003676292e-05,3.580379789e-11,6.715392969e-12,9.02246065e-13,1.05205024e-13,1.294929269e-06,4.700778158e-11,2.791413838e-09,8.639429337e-08,8.471013163e-07,5.092079049e-06,6.626019331e-13,1.258922828e-13,1.64417673e-14,1.800559102e-15,4.367935836e-07,2.427750763e-12,2.233377822e-10,9.917967055e-09,1.161102509e-07,7.924240371e-07,4.59312028e-17,4.638717071e-18,2.754016563e-19,1.267925608e-20,2.504663704e-08,1.229723089e-16,6.713557053e-14,1.309671112e-11,3.388677042e-10,4.254321618e-09,4.750574217e-16,4.707730359e-17,2.742556923e-18,1.240769027e-19,4.969312132e-08,4.983820249e-16,2.376954116e-13,4.090113479e-11,9.946543953e-10,1.18649961e-08,3.12553671e-15,2.991361056e-16,1.683029251e-17,7.373418566e-19,8.301080516e-08,1.329560791e-15,5.672118342e-13,8.800293688e-11,2.015587628e-09,2.283585777e-08,5.394766743e-18,3.24546134e-19,1.020303578e-20,2.35287843e-22,1.443979497e-08,9.362498231e-19,1.388412773e-15,6.003579009e-13,2.215415703e-11,3.554248215e-10
57,0.02271750563,0.01104263491,0.004816462474,0.002033931129,0.01448643273,0.004425028328,0.01238246814,0.02869743139,0.05246547129,0.08280237043,0.03219828352,0.01565110043,0.006826536768,0.002882760599,0.01567033737,0.004425029068,0.01238246675,0.02869742071,0.05246543871,0.0828022841,0.0004305924477,0.0001478730461,4.556748169e-05,1.396305706e-05,0.0005385413422,3.126931003e-05,0.0001409754972,0.0005087662763,0.001283185224,0.002670518006,0.0003038045909,0.0001043318372,3.215013309e-05,9.851631948e-06,0.0004978541778,3.126930481e-05,0.0001409755131,0.0005087664655,0.001283186021,0.00267052079,0.01058087234,0.004041833486,0.001385411405,0.0004683624711,0.004508809082,0.0004883552465,0.001415386818,0.003388987183,0.006091634375,0.009419281662,0.01546531369,0.005907663812,0.002024958886,0.0006845727837,0.004911216199,0.0004883553353,0.001415386645,0.003388985811,0.006091630258,0.009419270976,0.0002217655804,6.065478644e-05,1.48860479e-05,3.697065951e-06,0.0001813619607,3.784268911e-06,1.734957085e-05,6.359525714e-05,0.0001554215758,0.0003128504521,0.0001517249078,4.149805316e-05,1.018455272e-05,2.529412483e-06,0.0001665018241,3.784268223e-06,1.734957297e-05,6.359528288e-05,0.0001554216808,0.000312850807,2.314085462e-07,2.93957027e-08,2.826204555e-09,2.540840505e-10,1.195051647e-05,4.554974285e-09,1.332168963e-07,2.268967009e-06,1.577506607e-05,7.280764415e-05,3.521810808e-10,2.864290483e-11,1.601294001e-12,8.012727737e-14,1.068977052e-06,8.658208188e-12,8.359283509e-10,3.882519689e-08,5.02278353e-07,3.809847484e-06,7.359645173e-10,9.969378022e-11,9.673652489e-12,8.352999298e-13,2.343479909e-06,1.205903725e-10,7.100754851e-09,2.180541586e-07,2.201546131e-06,1.369062187e-05,2.162345131e-10,3.381733997e-11,3.788480922e-12,3.735253327e-13,1.893046838e-06,8.927028101e-11,5.276870124e-09,1.626275244e-07,1.628484286e-06,1.002601894e-05,3.567923302e-11,6.690446311e-12,8.986817043e-13,1.047665236e-13,1.292783181e-06,4.686418734e-11,2.783746566e-09,8.618170383e-08,8.451631168e-07,5.081182896e-06,6.597199535e-13,1.252862846e-13,1.635499514e-14,1.790285856e-15,4.358263699e-07,2.417623991e-12,2.22517574e-10,9.886138845e-09,1.157728811e-07,7.903334503e-07,4.589738078e-17,4.630282076e-18,2.746031994e-19,1.262985872e-20,2.50093731e-08,1.226332877e-16,6.700139105e-14,1.307976366e-11,3.386348608e-10,4.25383757e-09,4.765488505e-16,4.71544541e-17,2.742941934e-18,1.2392295e-19,4.965762722e-08,4.980295059e-16,2.377335236e-13,4.09406741e-11,9.964301491e-10,1.189557155e-08,3.147224658e-15,3.006268505e-16,1.688131937e-17,7.382515035e-19,8.300859931e-08,1.331010273e-15,5.683894463e-13,8.826628846e-11,2.023688456e-09,2.295059162e-08,5.448985238e-18,3.2703039e-19,1.025675056e-20,2.360086468e-22,1.444702698e-08,9.390397993e-19,1.394234329e-15,6.035521876e-13,2.230267693e-11,3.58298457e-10
58,0.02271750558,0.01104263484,0.004816462426,0.002033931101,0.0144864326,0.004425028304,0.01238246811,0.0286974314,0.05246547146,0.08280237096,0.03219828345,0.01565110033,0.0068265367,0.00288276056,0.01567033723,0.004425029043,0.01238246672,0.02869742072,0.05246543887,0.08280228464,0.0004305924462,0.0001478730448,4.556748102e-05,1.396305678e-05,0.0005385413347,3.126930961e-05,0.0001409754958,0.0005087662725,0.001283185218,0.002670518002,0.0003038045899,0.0001043318362,3.215013261e-05,9.851631751e-06,0.0004978541708,3.126930439e-05,0.0001409755116,0.0005087664618,0.001283186015,0.002670520786,0.01058087232,0.004041833473,0.001385411398,0.0004683624679,0.004508809068,0.0004883552494,0.001415386832,0.003388987229,0.006091634481,0.009419281876,0.01546531367,0.005907663793,0.002024958876,0.0006845727789,0.004911216183,0.0004883553382,0.001415386659,0.003388985857,0.006091630364,0.00941927119,0.0002217655799,6.065478608e-05,1.488604776e-05,3.697065902e-06,0.0001813619592,3.784268905e-06,1.734957089e-05,6.359525752e-05,0.0001554215773,0.0003128504567,0.0001517249075,4.149805291e-05,1.018455262e-05,2.52941245e-06,0.0001665018227,3.784268217e-06,1.734957301e-05,6.359528327e-05,0.0001554216823,0.0003128508116,2.314085441e-07,2.939570198e-08,2.826204443e-09,2.540840369e-10,1.195051611e-05,4.554974093e-09,1.332168916e-07,2.268966943e-06,1.577506569e-05,7.28076428e-05,3.521810758e-10,2.864290377e-11,1.601293905e-12,8.012727087e-14,1.068977007e-06,8.658207561e-12,8.359282971e-10,3.882519469e-08,5.022783268e-07,3.809847302e-06,7.357534242e-10,9.966323525e-11,9.670499358e-12,8.350125802e-13,2.34315963e-06,1.205599725e-10,7.099145514e-09,2.180098915e-07,2.201130596e-06,1.368820541e-05,2.159368884e-10,3.376762366e-11,3.782556198e-12,3.729088679e-13,1.891805153e-06,8.91622924e-11,5.271130964e-09,1.624690864e-07,1.627009184e-06,1.001752615e-05,3.558107934e-11,6.67078836e-12,8.958729769e-13,1.044209898e-13,1.291087788e-06,4.675087181e-11,2.777694476e-09,8.601385877e-08,8.436326573e-07,5.072578065e-06,6.574509309e-13,1.248092116e-13,1.628669312e-14,1.782200717e-15,4.35062517e-07,2.409638789e-12,2.218705375e-10,9.861020457e-09,1.155065653e-07,7.886828031e-07,4.587069755e-17,4.623618114e-18,2.739726219e-19,1.259087228e-20,2.497988412e-08,1.223650906e-16,6.689511144e-14,1.306631685e-11,3.384494502e-10,4.25343929e-09,4.777298411e-16,4.721527789e-17,2.743224353e-18,1.238000916e-19,4.962936517e-08,4.977456086e-16,2.377614046e-13,4.097162224e-11,9.978287953e-10,1.191971847e-08,3.164452594e-15,3.018074422e-16,1.692154031e-17,7.389594579e-19,8.300631607e-08,1.332136216e-15,5.693141099e-13,8.847393171e-11,2.03009199e-09,2.304145207e-08,5.492197577e-18,3.290044585e-19,1.029927407e-20,2.365760198e-22,1.445265469e-08,9.412357808e-19,1.398833709e-15,6.06081919e-13,2.242054114e-11,3.605829623e-10
59,0.02271750554,0.01104263479,0.004816462391,0.002033931081,0.01448643251,0.004425028286,0.01238246809,0.02869743141,0.05246547158,0.08280237136,0.03219828339,0.01565110026,0.00682653665,0.002882760531,0.01567033713,0.004425029026,0.0123824667,0.02869742073,0.05246543899,0.08280228503,0.0004305924451,0.0001478730438,4.556748053e-05,1.396305658e-05,0.0005385413292,3.126930931e-05,0.0001409754947,0.0005087662698,0.001283185213,0.002670517998,0.0003038045891,0.0001043318355,3.215013227e-05,9.851631608e-06,0.0004978541657,3.126930409e-05,0.0001409755106,0.000508766459,0.00128318601,0.002670520782,0.01058087231,0.004041833464,0.001385411393,0.0004683624655,0.004508809058,0.0004883552515,0.001415386842,0.003388987262,0.006091634558,0.009419282031,0.01546531366,0.00590766378,0.002024958869,0.0006845727755,0.004911216172,0.0004883553403,0.001415386669,0.00338898589,0.006091630441,0.009419271345,0.0002217655795,6.065478582e-05,1.488604765e-05,3.697065867e-06,0.0001813619582,3.784268901e-06,1.734957092e-05,6.35952578e-05,0.0001554215784,0.0003128504601,0.0001517249072,4.149805273e-05,1.018455255e-05,2.529412426e-06,0.0001665018218,3.784268212e-06,1.734957304e-05,6.359528355e-05,0.0001554216834,0.000312850815,2.314085425e-07,2.939570146e-08,2.826204361e-09,2.54084027e-10,1.195051585e-05,4.554973954e-09,1.332168881e-07,2.268966895e-06,1.577506542e-05,7.280764182e-05,3.521810722e-10,2.8642903e-11,1.601293835e-12,8.012726615e-14,1.068976974e-06,8.658207106e-12,8.35928258e-10,3.882519308e-08,5.022783077e-07,3.80984717e-06,7.356002372e-10,9.964106543e-11,9.668210445e-12,8.348039629e-13,2.342927014e-06,1.205378925e-10,7.097976621e-09,2.179777392e-07,2.200828785e-06,1.368645032e-05,2.157211099e-10,3.373157536e-11,3.778259936e-12,3.724618163e-13,1.890903731e-06,8.908392352e-11,5.266965593e-09,1.623540858e-07,1.625938454e-06,1.001136131e-05,3.551000226e-11,6.656552862e-12,8.938390021e-13,1.041707707e-13,1.289857685e-06,4.6668723e-11,2.773306112e-09,8.589213264e-08,8.425226129e-07,5.066336469e-06,6.558088841e-13,1.244639842e-13,1.623727255e-14,1.776351393e-15,4.345084309e-07,2.403853297e-12,2.214015859e-10,9.842809848e-09,1.153134509e-07,7.874856638e-07,4.585135689e-17,4.618782788e-18,2.735152102e-19,1.256260591e-20,2.495846006e-08,1.221702921e-16,6.681784499e-14,1.305652797e-11,3.383141088e-10,4.253141454e-09,4.785882392e-16,4.725933833e-17,2.743417149e-18,1.237102644e-19,4.960873618e-08,4.975366193e-16,2.377803931e-13,4.099391601e-11,9.98841229e-10,1.193723373e-08,3.177004784e-15,3.026656187e-16,1.695067156e-17,7.394671625e-19,8.300435866e-08,1.332942463e-15,5.699818356e-13,8.862435813e-11,2.03474012e-09,2.310749728e-08,5.523761955e-18,3.304431313e-19,1.03301756e-20,2.36986515e-22,1.445669022e-08,9.428245105e-19,1.402170881e-15,6.079207954e-13,2.250635285e-11,3.622484451e-10
60,0.02271750552,0.01104263476,0.004816462369,0.002033931069,0.01448643245,0.004425028275,0.01238246808,0.02869743141,0.05246547165,0.08280237159,0.03219828336,0.01565110022,0.00682653662,0.002882760514,0.01567033707,0.004425029015,0.01238246669,0.02869742074,0.05246543907,0.08280228527,0.0004305924444,0.0001478730432,4.556748023e-05,1.396305646e-05,0.0005385413258,3.126930913e-05,0.0001409754941,0.0005087662681,0.001283185211,0.002670517996,0.0003038045886,0.0001043318351,3.215013206e-05,9.851631521e-06,0.0004978541626,3.12693039e-05,0.0001409755099,0.0005087664574,0.001283186007,0.00267052078,0.01058087231,0.004041833458,0.001385411389,0.0004683624641,0.004508809052,0.0004883552528,0.001415386848,0.003388987283,0.006091634605,0.009419282126,0.01546531365,0.005907663771,0.002024958864,0.0006845727734,0.004911216165,0.0004883553416,0.001415386675,0.003388985911,0.006091630488,0.00941927144,0.0002217655793,6.065478566e-05,1.488604759e-05,3.697065845e-06,0.0001813619575,3.784268898e-06,1.734957094e-05,6.359525798e-05,0.000155421579,0.0003128504621,0.0001517249071,4.149805262e-05,1.018455251e-05,2.529412411e-06,0.0001665018212,3.78426821e-06,1.734957306e-05,6.359528372e-05,0.0001554216841,0.0003128508171,2.314085415e-07,2.939570114e-08,2.826204312e-09,2.54084021e-10,1.195051569e-05,4.554973868e-09,1.332168861e-07,2.268966866e-06,1.577506525e-05,7.280764122e-05,3.5218107e-10,2.864290253e-11,1.601293792e-12,8.012726327e-14,1.068976955e-06,8.658206828e-12,8.359282342e-10,3.88251921e-08,5.022782961e-07,3.80984709e-06,7.355068673e-10,9.9627551e-11,9.666815014e-12,8.346767694e-13,2.342785151e-06,1.205244265e-10,7.097263738e-09,2.179581302e-07,2.200644718e-06,1.368537993e-05,2.155896732e-10,3.370961574e-11,3.775642623e-12,3.72189458e-13,1.890354155e-06,8.90361551e-11,5.264426505e-09,1.622839809e-07,1.625285714e-06,1.000760302e-05,3.546674207e-11,6.647888448e-12,8.926010235e-13,1.040184762e-13,1.289108008e-06,4.661868603e-11,2.770632797e-09,8.581797016e-08,8.418462651e-07,5.06253327e-06,6.548099028e-13,1.242539648e-13,1.620720968e-14,1.772793522e-15,4.341708016e-07,2.400330759e-12,2.211159968e-10,9.831717372e-09,1.151958051e-07,7.86756281e-07,4.58395778e-17,4.615835818e-18,2.732364878e-19,1.254538761e-20,2.494539167e-08,1.220514883e-16,6.677069154e-14,1.305054876e-11,3.382312877e-10,4.252956262e-09,4.791120095e-16,4.728616099e-17,2.74352962e-18,1.236552357e-19,4.959611295e-08,4.974080074e-16,2.377914507e-13,4.100743588e-11,9.994572605e-10,1.194790617e-08,3.184676245e-15,3.031892789e-16,1.696840374e-17,7.397741034e-19,8.300304105e-08,1.333429383e-15,5.703874533e-13,8.871593704e-11,2.037573666e-09,2.314779743e-08,5.543086243e-18,3.31322552e-19,1.034902797e-20,2.372361988e-22,1.445912985e-08,9.437908285e-19,1.404204677e-15,6.090428792e-13,2.255877147e-11,3.632667435e-10
61,0.02271750551,0.01104263475,0.004816462362,0.002033931065,0.01448643243,0.004425028272,0.01238246807,0.02869743142,0.05246547167,0.08280237168,0.03219828335,0.0156511002,0.00682653661,0.002882760508,0.01567033705,0.004425029011,0.01238246668,0.02869742074,0.05246543909,0.08280228535,0.0004305924442,0.000147873043,4.556748013e-05,1.396305641e-05,0.0005385413247,3.126930906e-05,0.0001409754939,0.0005087662675,0.00128318521,0.002670517996,0.0003038045885,0.000104331835,3.215013198e-05,9.851631491e-06,0.0004978541616,3.126930384e-05,0.0001409755097,0.0005087664568,0.001283186007,0.00267052078,0.01058087231,0.004041833456,0.001385411388,0.0004683624636,0.00450880905,0.0004883552532,0.001415386851,0.00338898729,0.006091634621,0.009419282158,0.01546531365,0.005907663769,0.002024958862,0.0006845727727,0.004911216163,0.000488355342,0.001415386677,0.003388985918,0.006091630504,0.009419271472,0.0002217655792,6.06547856e-05,1.488604757e-05,3.697065838e-06,0.0001813619573,3.784268897e-06,1.734957095e-05,6.359525803e-05,0.0001554215792,0.0003128504628,0.000151724907,4.149805258e-05,1.018455249e-05,2.529412406e-06,0.000166501821,3.784268209e-06,1.734957307e-05,6.359528378e-05,0.0001554216843,0.0003128508178,2.314085412e-07,2.939570103e-08,2.826204295e-09,2.540840189e-10,1.195051564e-05,4.55497384e-09,1.332168853e-07,2.268966856e-06,1.577506519e-05,7.280764102e-05,3.521810692e-10,2.864290237e-11,1.601293778e-12,8.012726229e-14,1.068976948e-06,8.658206734e-12,8.359282262e-10,3.882519177e-08,5.022782922e-07,3.809847063e-06,7.354752922e-10,9.962298053e-11,9.666343066e-12,8.346337495e-13,2.342737162e-06,1.205198713e-10,7.097022589e-09,2.17951497e-07,2.200582453e-06,1.368501785e-05,2.155452393e-10,3.370219174e-11,3.774757748e-12,3.720973758e-13,1.890168278e-06,8.902000093e-11,5.263567818e-09,1.622602717e-07,1.625064956e-06,1.000633195e-05,3.545212338e-11,6.644960501e-12,8.921826755e-13,1.039670118e-13,1.288854504e-06,4.660177076e-11,2.769729007e-09,8.57928959e-08,8.416175848e-07,5.061247332e-06,6.544723958e-13,1.24183011e-13,1.619705349e-14,1.771591614e-15,4.340566411e-07,2.399140189e-12,2.210194605e-10,9.827967439e-09,1.15156031e-07,7.865096743e-07,4.583559604e-17,4.614839275e-18,2.731422449e-19,1.253956666e-20,2.494097058e-08,1.220113e-16,6.675473555e-14,1.304852458e-11,3.382032236e-10,4.252893005e-09,4.792892301e-16,4.729522597e-17,2.743566787e-18,1.236365789e-19,4.959183562e-08,4.973643033e-16,2.377951013e-13,4.101199612e-11,9.996654013e-10,1.195151469e-08,3.187274067e-15,3.033664661e-16,1.697439614e-17,7.398774696e-19,8.300257407e-08,1.333593271e-15,5.705243852e-13,8.874688764e-11,2.038531961e-09,2.31614334e-08,5.549635831e-18,3.316203805e-19,1.035540626e-20,2.373205449e-22,1.445995141e-08,9.441172574e-19,1.4048924e-15,6.094225506e-13,2.257651766e-11,3.636116453e-10
