Step,DF_001,DF_002,DF_003,DF_004,DF_005,DF_006,DF_007,DF_008,DF_009,DF_010,DF_011,DF_012,DF_013,DF_014,DF_015,DF_016,DF_017,DF_018,DF_019,DF_020,DF_021,DF_022,DF_023,DF_024,DF_025,DF_026,DF_027,DF_028,DF_029,DF_030,DF_031,DF_032,DF_033,DF_034,DF_035,DF_036,DF_037,DF_038,DF_039,DF_040,DF_041,DF_042,DF_043,DF_044,DF_045,DF_046,DF_047,DF_048,DF_049,DF_050,DF_051,DF_052,DF_053,DF_054,DF_055,DF_056,DF_057,DF_058,DF_059,DF_060,DF_061,DF_062,DF_063,DF_064,DF_065,DF_066,DF_067,DF_068,DF_069,DF_070,DF_071,DF_072,DF_073,DF_074,DF_075,DF_076,DF_077,DF_078,DF_079,DF_080,DF_081,DF_082,DF_083,DF_084,DF_085,DF_086,DF_087,DF_088,DF_089,DF_090,DF_091,DF_092,DF_093,DF_094,DF_095,DF_096,DF_097,DF_098,DF_099,DF_100,DF_101,DF_102,DF_103,DF_104,DF_105,DF_106,DF_107,DF_108,DF_109,DF_110,DF_111,DF_112,DF_113,DF_114,DF_115,DF_116,DF_117,DF_118,DF_119,DF_120,DF_121,DF_122,DF_123,DF_124,DF_125,DF_126,DF_127,DF_128,DF_129,DF_130,DF_131,DF_132,DF_133,DF_134,DF_135,DF_136,DF_137,DF_138,DF_139,DF_140,DF_141,DF_142,DF_143,DF_144,DF_145,DF_146,DF_147,DF_148,DF_149,DF_150,DF_151,DF_152,DF_153,DF_154,DF_155,DF_156,DF_157,DF_158,DF_159,DF_160,DF_161,DF_162,DF_163,DF_164,DF_165,DF_166,DF_167,DF_168,DF_169,DF_170,DF_171,DF_172,DF_173,DF_174,DF_175,DF_176,DF_177,DF_178,DF_179,DF_180
0,0.02259734128,0.01088991049,0.004709064866,0.001972812066,0.01410341391,0.004222286895,0.01184532332,0.0275176662,0.05037253361,0.07986038318,0.0320279577,0.0154346415,0.006674323372,0.002796137967,0.01525603216,0.004222289785,0.01184531903,0.02751762948,0.05037241948,0.07986018802,0.0004272423178,0.0001448711801,4.407914183e-05,1.334959104e-05,0.0005173220943,2.905088975e-05,0.0001313016931,0.000474955608,0.001198668939,0.00250442363,0.0003014410271,0.0001022138534,3.110001217e-05,9.418789268e-06,0.0004782375617,2.905086986e-05,0.0001313017407,0.0004749562418,0.001198671655,0.002504429751,0.01055267399,0.00401359761,0.00136977279,0.0004612233423,0.004440185358,0.0004716052546,0.001364311932,0.003261081532,0.005847409138,0.009082648314,0.01542409143,0.00586639448,0.002002102618,0.00067413894,0.004836473337,0.0004716056058,0.001364311394,0.003261076796,0.005847394721,0.009082624159,0.0002206420068,5.985105749e-05,1.456796385e-05,3.590585562e-06,0.0001763147202,3.561886214e-06,1.629899774e-05,5.963895066e-05,0.0001453077053,0.000293645539,0.0001509562608,4.094816025e-05,9.96692193e-06,2.456558693e-06,0.0001618679531,3.561883561e-06,1.629900417e-05,5.963903727e-05,0.0001453080636,0.00029364632,2.265879358e-07,2.7814937e-08,2.584250871e-09,2.251068176e-10,1.101642566e-05,3.803900006e-09,1.126606733e-07,1.941423921e-06,1.357063276e-05,6.320301401e-05,3.4113967e-10,2.634478842e-11,1.398492635e-12,6.671305571e-14,9.575190982e-07,6.664647522e-12,6.581846582e-10,3.121905811e-08,4.082231317e-07,3.130827175e-06,3.773492197e-10,4.612840225e-11,4.039285945e-12,3.172488378e-13,1.461196505e-06,4.507593997e-11,2.915228671e-09,9.766944563e-08,1.037059382e-06,6.717554972e-06,9.617510004e-11,1.319486393e-11,1.296756447e-12,1.132963693e-13,1.030711378e-06,2.442375992e-11,1.634099954e-09,5.650023341e-08,6.04778054e-07,3.923715165e-06,1.326033437e-11,2.104761179e-12,2.393108586e-13,2.391973498e-14,5.931126369e-07,8.644806935e-12,6.037235885e-10,2.172184706e-08,2.324422274e-07,1.494402366e-06,8.307831061e-14,1.206500132e-14,1.20439812e-15,1.02919981e-16,1.063427004e-07,1.002487826e-13,1.237215868e-11,7.217708547e-10,9.79533695e-09,7.487743006e-08,5.313309973e-20,2.945810629e-21,9.601146448e-23,2.541174983e-24,7.856605715e-10,1.920680517e-20,2.258029947e-17,8.979941923e-15,3.169307891e-13,5.02801833e-12,1.89732115e-20,8.524331396e-22,2.251429747e-23,4.90765825e-25,3.471481726e-10,1.876565712e-21,2.613320171e-18,1.216289203e-15,4.507207545e-14,7.41101539e-13,2.193802499e-21,7.542588009e-23,1.524480393e-24,2.595848483e-26,9.450897214e-11,5.459608415e-23,9.79254145e-20,5.764934359e-17,2.290599642e-15,3.955523246e-14,7.909365657e-25,1.507407772e-26,1.501305402e-28,1.198189702e-30,1.383104322e-11,5.49064978e-27,4.131993033e-23,8.07372291e-20,5.189491376e-18,1.254020995e-16
1,0.02259734128,0.01088991048,0.00470906486,0.001972812063,0.01410341389,0.004222286893,0.01184532332,0.0275176662,0.05037253363,0.07986038325,0.03202795769,0.01543464149,0.006674323364,0.002796137963,0.01525603214,0.004222289783,0.01184531902,0.02751762948,0.0503724195,0.07986018808,0.0004272423176,0.0001448711799,4.407914175e-05,1.3349591e-05,0.0005173220934,2.90508897e-05,0.000131301693,0.0004749556076,0.001198668939,0.00250442363,0.000301441027,0.0001022138533,3.110001212e-05,9.418789246e-06,0.0004782375609,2.905086982e-05,0.0001313017406,0.0004749562414,0.001198671655,0.002504429751,0.01055267399,0.004013597608,0.001369772789,0.0004612233419,0.004440185357,0.000471605255,0.001364311934,0.003261081537,0.00584740915,0.00908264834,0.01542409142,0.005866394478,0.002002102617,0.0006741389395,0.004836473335,0.0004716056062,0.001364311396,0.003261076802,0.005847394733,0.009082624185,0.0002206420068,5.985105745e-05,1.456796383e-05,3.590585556e-06,0.00017631472,3.561886214e-06,1.629899775e-05,5.963895071e-05,0.0001453077055,0.0002936455396,0.0001509562607,4.094816023e-05,9.966921919e-06,2.456558689e-06,0.0001618679529,3.561883561e-06,1.629900417e-05,5.963903732e-05,0.0001453080638,0.0002936463205,2.265879355e-07,2.781493692e-08,2.584250858e-09,2.251068161e-10,1.101642562e-05,3.803899988e-09,1.126606728e-07,1.941423914e-06,1.357063273e-05,6.320301387e-05,3.411396694e-10,2.634478831e-11,1.398492625e-12,6.671305506e-14,9.575190934e-07,6.664647465e-12,6.581846532e-10,3.12190579e-08,4.082231292e-07,3.130827158e-06,3.773612028e-10,4.613001459e-11,4.039440047e-12,3.172618774e-13,1.461224957e-06,4.507776804e-11,2.915335895e-09,9.767269565e-08,1.037091828e-06,6.717753771e-06,9.618214517e-11,1.3195961e-11,1.29687709e-12,1.133079441e-13,1.030765607e-06,2.442655287e-11,1.634269531e-09,5.650554155e-08,6.048315157e-07,3.92404344e-06,1.326200084e-11,2.105064305e-12,2.393497144e-13,2.39240238e-14,5.931686731e-07,8.646601435e-12,6.038373317e-10,2.172555268e-08,2.32479545e-07,1.494629467e-06,8.309598723e-14,1.206796624e-14,1.204733813e-15,1.029518001e-16,1.063594155e-07,1.002849881e-13,1.237621503e-11,7.219851814e-10,9.798081666e-09,7.489734377e-08,5.315352813e-20,2.947134891e-21,9.606087292e-23,2.542635338e-24,7.85860298e-10,1.92196262e-20,2.259398951e-17,8.984875659e-15,3.170965478e-13,5.030536718e-12,1.898169376e-20,8.528825925e-22,2.252797398e-23,4.911002798e-25,3.472521222e-10,1.878037455e-21,2.615182333e-18,1.217074905e-15,4.509980395e-14,7.415382967e-13,2.195026954e-21,7.547712896e-23,1.525701185e-24,2.598217983e-26,9.454748859e-11,5.465474764e-23,9.802096631e-20,5.770031044e-17,2.292527039e-15,3.958708572e-14,7.913425445e-25,1.508260094e-26,1.502232546e-28,1.198987321e-30,1.383446383e-11,5.494382963e-27,4.134554568e-23,8.078278314e-20,5.192307249e-18,1.254679965e-16
2,0.02259734126,0.01088991045,0.004709064843,0.001972812054,0.01410341385,0.004222286885,0.01184532331,0.02751766621,0.05037253369,0.07986038344,0.03202795767,0.01543464145,0.00667432334,0.002796137949,0.01525603209,0.004222289775,0.01184531902,0.02751762949,0.05037241957,0.07986018828,0.0004272423171,0.0001448711795,4.407914152e-05,1.334959091e-05,0.0005173220909,2.905088957e-05,0.0001313016925,0.0004749556065,0.001198668937,0.002504423629,0.0003014410266,0.0001022138529,3.110001196e-05,9.41878918e-06,0.0004782375585,2.905086968e-05,0.0001313017401,0.0004749562402,0.001198671653,0.00250442975,0.01055267399,0.004013597604,0.001369772787,0.0004612233408,0.004440185352,0.000471605256,0.001364311939,0.003261081554,0.005847409188,0.009082648415,0.01542409142,0.005866394472,0.002002102613,0.0006741389379,0.00483647333,0.0004716056073,0.001364311401,0.003261076818,0.005847394771,0.00908262426,0.0002206420066,5.985105733e-05,1.456796379e-05,3.59058554e-06,0.0001763147195,3.561886213e-06,1.629899776e-05,5.963895086e-05,0.0001453077061,0.0002936455412,0.0001509562606,4.094816014e-05,9.966921886e-06,2.456558678e-06,0.0001618679525,3.56188356e-06,1.629900419e-05,5.963903746e-05,0.0001453080643,0.0002936463222,2.265879348e-07,2.781493668e-08,2.584250822e-09,2.251068119e-10,1.10164255e-05,3.803899932e-09,1.126606715e-07,1.941423895e-06,1.357063261e-05,6.320301348e-05,3.411396677e-10,2.634478796e-11,1.398492595e-12,6.671305314e-14,9.575190793e-07,6.664647296e-12,6.581846384e-10,3.121905728e-08,4.082231218e-07,3.130827106e-06,3.773966787e-10,4.613478794e-11,4.039896267e-12,3.173004815e-13,1.461309187e-06,4.508318008e-11,2.915653333e-09,9.768231729e-08,1.037187882e-06,6.718342311e-06,9.620300206e-11,1.319920889e-11,1.29723426e-12,1.133422126e-13,1.030926144e-06,2.443482202e-11,1.634771588e-09,5.652125684e-08,6.049897928e-07,3.925015313e-06,1.326693473e-11,2.105961795e-12,2.394647617e-13,2.393672289e-14,5.93334569e-07,8.651915311e-12,6.041741355e-10,2.173652499e-08,2.325900402e-07,1.495301887e-06,8.314833161e-14,1.207674659e-14,1.205727999e-15,1.030460408e-16,1.064089078e-07,1.003922337e-13,1.238822973e-11,7.226199671e-10,9.806210609e-09,7.495632002e-08,5.321404465e-20,2.951058346e-21,9.620727635e-23,2.546963066e-24,7.864518134e-10,1.925762859e-20,2.263456281e-17,8.999496187e-15,3.175877281e-13,5.037998953e-12,1.900682537e-20,8.5421446e-22,2.256850809e-23,4.920916729e-25,3.475600197e-10,1.882400944e-21,2.620702575e-18,1.219403757e-15,4.518198731e-14,7.428327198e-13,2.19865728e-21,7.562910013e-23,1.529321962e-24,2.605247069e-26,9.466162722e-11,5.482881564e-23,9.830443544e-20,5.785148426e-17,2.298243458e-15,3.9681552e-14,7.925441017e-25,1.510783137e-26,1.504977544e-28,1.201349182e-30,1.384458559e-11,5.505439744e-27,4.142140304e-23,8.091767203e-20,5.200644891e-18,1.25663107e-16
3,0.02259734123,0.01088991042,0.004709064816,0.001972812038,0.01410341378,0.004222286872,0.01184532329,0.02751766622,0.0503725338,0.07986038377,0.03202795762,0.0154346414,0.006674323302,0.002796137927,0.01525603201,0.004222289762,0.011845319,0.0275176295,0.05037241967,0.0798601886,0.0004272423163,0.0001448711787,4.407914115e-05,1.334959076e-05,0.0005173220867,2.905088935e-05,0.0001313016918,0.0004749556046,0.001198668934,0.002504423628,0.000301441026,0.0001022138524,3.110001169e-05,9.418789071e-06,0.0004782375547,2.905086947e-05,0.0001313017394,0.0004749562383,0.00119867165,0.002504429748,0.01055267398,0.004013597597,0.001369772783,0.000461223339,0.004440185345,0.0004716052578,0.001364311948,0.003261081581,0.005847409249,0.009082648539,0.01542409141,0.005866394461,0.002002102607,0.0006741389353,0.004836473322,0.0004716056091,0.001364311409,0.003261076845,0.005847394832,0.009082624384,0.0002206420063,5.985105712e-05,1.456796371e-05,3.590585513e-06,0.0001763147188,3.561886211e-06,1.629899779e-05,5.96389511e-05,0.0001453077069,0.0002936455439,0.0001509562604,4.094816e-05,9.966921831e-06,2.45655866e-06,0.0001618679517,3.561883558e-06,1.629900422e-05,5.96390377e-05,0.0001453080652,0.0002936463248,2.265879336e-07,2.781493628e-08,2.584250763e-09,2.251068049e-10,1.101642531e-05,3.80389984e-09,1.126606692e-07,1.941423863e-06,1.357063243e-05,6.320301284e-05,3.411396649e-10,2.634478739e-11,1.398492546e-12,6.671305e-14,9.57519056e-07,6.664647018e-12,6.581846141e-10,3.121905627e-08,4.082231097e-07,3.130827021e-06,3.774549397e-10,4.614262707e-11,4.040645509e-12,3.173638806e-13,1.461447505e-06,4.509206819e-11,2.916174648e-09,9.769811832e-08,1.037345625e-06,6.719308821e-06,9.62372537e-11,1.320454279e-11,1.297820847e-12,1.13398494e-13,1.031189758e-06,2.4448404e-11,1.635596179e-09,5.654706704e-08,6.052497359e-07,3.926611422e-06,1.327503845e-11,2.107435978e-12,2.396537464e-13,2.395758457e-14,5.93607015e-07,8.660646124e-12,6.047274708e-10,2.175455019e-08,2.327715537e-07,1.496406456e-06,8.323433576e-14,1.209117488e-14,1.207361896e-15,1.032009389e-16,1.064902093e-07,1.005685508e-13,1.240797993e-11,7.236633269e-10,9.819570823e-09,7.505324443e-08,5.331355229e-20,2.957511323e-21,9.64481294e-23,2.554084411e-24,7.874239627e-10,1.932018679e-20,2.270133726e-17,9.023552941e-15,3.183958387e-13,5.050275095e-12,1.904816242e-20,8.564058255e-22,2.263522092e-23,4.937238208e-25,3.480661681e-10,1.889587694e-21,2.629791979e-18,1.223237355e-15,4.531725589e-14,7.449630453e-13,2.204636512e-21,7.587948493e-23,1.535289749e-24,2.616836769e-26,9.484943137e-11,5.511596447e-23,9.877187722e-20,5.810068202e-17,2.307664975e-15,3.983722539e-14,7.945162338e-25,1.514925745e-26,1.509486098e-28,1.205229583e-30,1.386119186e-11,5.52361292e-27,4.154605452e-23,8.113927759e-20,5.214341409e-18,1.259835985e-16
4,0.02259734119,0.01088991036,0.004709064779,0.001972812017,0.01410341368,0.004222286855,0.01184532327,0.02751766624,0.05037253394,0.07986038421,0.03202795756,0.01543464132,0.006674323248,0.002796137897,0.01525603191,0.004222289745,0.01184531898,0.02751762952,0.05037241981,0.07986018904,0.0004272423151,0.0001448711777,4.407914063e-05,1.334959055e-05,0.000517322081,2.905088905e-05,0.0001313016908,0.000474955602,0.00119866893,0.002504423625,0.0003014410252,0.0001022138517,3.110001133e-05,9.418788922e-06,0.0004782375494,2.905086917e-05,0.0001313017383,0.0004749562357,0.001198671646,0.002504429746,0.01055267397,0.004013597587,0.001369772777,0.0004612233366,0.004440185335,0.0004716052602,0.001364311959,0.003261081618,0.005847409334,0.009082648709,0.01542409139,0.005866394447,0.002002102599,0.0006741389317,0.004836473311,0.0004716056115,0.001364311421,0.003261076883,0.005847394917,0.009082624554,0.0002206420059,5.985105684e-05,1.45679636e-05,3.590585476e-06,0.0001763147177,3.561886208e-06,1.629899783e-05,5.963895143e-05,0.0001453077082,0.0002936455476,0.0001509562601,4.094815981e-05,9.966921756e-06,2.456558635e-06,0.0001618679507,3.561883555e-06,1.629900426e-05,5.963903803e-05,0.0001453080664,0.0002936463285,2.265879319e-07,2.781493574e-08,2.584250681e-09,2.251067952e-10,1.101642505e-05,3.803899713e-09,1.126606661e-07,1.941423819e-06,1.357063218e-05,6.320301195e-05,3.41139661e-10,2.634478661e-11,1.398492479e-12,6.671304566e-14,9.575190239e-07,6.664646635e-12,6.581845805e-10,3.121905487e-08,4.082230929e-07,3.130826904e-06,3.7753528e-10,4.615343708e-11,4.041678704e-12,3.174513079e-13,1.461638221e-06,4.510432486e-11,2.916893525e-09,9.771990702e-08,1.03756314e-06,6.720641558e-06,9.628448394e-11,1.321189812e-11,1.298629772e-12,1.134761116e-13,1.031553212e-06,2.446713697e-11,1.63673343e-09,5.658266175e-08,6.056082114e-07,3.928812487e-06,1.328621521e-11,2.10946938e-12,2.399144461e-13,2.398636533e-14,5.939827126e-07,8.67269388e-12,6.054909421e-10,2.177941819e-08,2.330219601e-07,1.497930191e-06,8.335301632e-14,1.211108868e-14,1.209617403e-15,1.034148041e-16,1.066023672e-07,1.008120776e-13,1.243525346e-11,7.251038737e-10,9.83801528e-09,7.518704292e-08,5.345102271e-20,2.96642946e-21,9.678111678e-23,2.563933299e-24,7.887660075e-10,1.940675585e-20,2.279370829e-17,9.056820489e-15,3.195131889e-13,5.067246818e-12,1.910529639e-20,8.594360076e-22,2.272751267e-23,4.959827236e-25,3.487651517e-10,1.899540464e-21,2.642374497e-18,1.228542196e-15,4.550440438e-14,7.479099856e-13,2.21291708e-21,7.622641334e-23,1.543563241e-24,2.632913102e-26,9.510914056e-11,5.551456625e-23,9.942038275e-20,5.844622512e-17,2.32072591e-15,4.005299e-14,7.972333629e-25,1.52063635e-26,1.515704262e-28,1.210583718e-30,1.3884058e-11,5.548703552e-27,4.17180936e-23,8.144502989e-20,5.233236273e-18,1.26425682e-16
5,0.02259734113,0.01088991029,0.004709064731,0.00197281199,0.01410341355,0.004222286832,0.01184532325,0.02751766626,0.05037253412,0.07986038477,0.03202795749,0.01543464123,0.006674323181,0.002796137859,0.01525603177,0.004222289722,0.01184531896,0.02751762955,0.05037241999,0.0798601896,0.0004272423136,0.0001448711763,4.407913998e-05,1.334959028e-05,0.0005173220737,2.905088867e-05,0.0001313016895,0.0004749555987,0.001198668925,0.002504423623,0.0003014410242,0.0001022138507,3.110001086e-05,9.418788733e-06,0.0004782375427,2.905086879e-05,0.000131301737,0.0004749562324,0.00119867164,0.002504429743,0.01055267396,0.004013597575,0.001369772771,0.0004612233335,0.004440185322,0.0004716052633,0.001364311974,0.003261081665,0.005847409441,0.009082648925,0.01542409137,0.005866394429,0.002002102589,0.0006741389271,0.004836473297,0.0004716056146,0.001364311436,0.00326107693,0.005847395024,0.00908262477,0.0002206420054,5.985105649e-05,1.456796346e-05,3.59058543e-06,0.0001763147163,3.561886204e-06,1.629899789e-05,5.963895184e-05,0.0001453077097,0.0002936455523,0.0001509562598,4.094815957e-05,9.96692166e-06,2.456558603e-06,0.0001618679495,3.561883551e-06,1.629900431e-05,5.963903845e-05,0.000145308068,0.0002936463332,2.265879297e-07,2.781493505e-08,2.584250577e-09,2.25106783e-10,1.101642472e-05,3.803899553e-09,1.126606621e-07,1.941423764e-06,1.357063186e-05,6.320301082e-05,3.411396561e-10,2.634478562e-11,1.398492394e-12,6.671304017e-14,9.575189834e-07,6.66464615e-12,6.581845381e-10,3.121905309e-08,4.082230717e-07,3.130826756e-06,3.776369961e-10,4.616712334e-11,4.042986817e-12,3.175619993e-13,1.461879647e-06,4.511984296e-11,2.917803666e-09,9.774749211e-08,1.037838517e-06,6.722328798e-06,9.634427738e-11,1.322121045e-11,1.299653987e-12,1.13574392e-13,1.032013266e-06,2.449086039e-11,1.638173532e-09,5.662773215e-08,6.060620992e-07,3.931599302e-06,1.330036893e-11,2.112044702e-12,2.402446661e-13,2.402282534e-14,5.944583729e-07,8.687960745e-12,6.064582717e-10,2.181092216e-08,2.333391641e-07,1.499860274e-06,8.35034118e-14,1.213633008e-14,1.212477023e-15,1.036860117e-16,1.067444414e-07,1.01121048e-13,1.246984765e-11,7.26930664e-10,9.861402231e-09,7.535667724e-08,5.362548895e-20,2.977753147e-21,9.720412984e-23,2.576450567e-24,7.904675812e-10,1.951686355e-20,2.291114128e-17,9.099096003e-15,3.209328075e-13,5.088806226e-12,1.917785055e-20,8.632863364e-22,2.284485479e-23,4.988563544e-25,3.496518064e-10,1.912212213e-21,2.658385729e-18,1.235289203e-15,4.574237575e-14,7.516564849e-13,2.22345996e-21,7.666841549e-23,1.554111807e-24,2.653424998e-26,9.543917122e-11,5.602363278e-23,1.002479927e-19,5.888689627e-17,2.337377247e-15,4.032799465e-14,8.006693215e-25,1.52786286e-26,1.523578237e-28,1.217367452e-30,1.391295203e-11,5.580519648e-27,4.193614774e-23,8.183239704e-20,5.257170754e-18,1.269856002e-16
6,0.02259734107,0.01088991021,0.004709064674,0.001972811958,0.0141034134,0.004222286806,0.01184532322,0.02751766629,0.05037253434,0.07986038544,0.03202795739,0.01543464111,0.0066743231,0.002796137813,0.01525603161,0.004222289695,0.01184531893,0.02751762957,0.05037242021,0.07986019027,0.0004272423118,0.0001448711747,4.407913919e-05,1.334958995e-05,0.000517322065,2.905088821e-05,0.0001313016879,0.0004749555947,0.001198668918,0.002504423619,0.0003014410229,0.0001022138496,3.110001031e-05,9.418788505e-06,0.0004782375346,2.905086833e-05,0.0001313017355,0.0004749562285,0.001198671634,0.00250442974,0.01055267394,0.00401359756,0.001369772762,0.0004612233297,0.004440185306,0.000471605267,0.001364311991,0.003261081722,0.00584740957,0.009082649185,0.01542409135,0.005866394407,0.002002102577,0.0006741389216,0.00483647328,0.0004716056183,0.001364311453,0.003261076987,0.005847395153,0.00908262503,0.0002206420048,5.985105606e-05,1.456796329e-05,3.590585374e-06,0.0001763147146,3.5618862e-06,1.629899795e-05,5.963895235e-05,0.0001453077116,0.0002936455579,0.0001509562594,4.094815928e-05,9.966921545e-06,2.456558565e-06,0.0001618679479,3.561883547e-06,1.629900437e-05,5.963903895e-05,0.0001453080699,0.0002936463389,2.265879272e-07,2.781493422e-08,2.584250452e-09,2.251067683e-10,1.101642432e-05,3.80389936e-09,1.126606574e-07,1.941423697e-06,1.357063148e-05,6.320300947e-05,3.411396503e-10,2.634478443e-11,1.398492292e-12,6.671303357e-14,9.575189345e-07,6.664645567e-12,6.581844871e-10,3.121905096e-08,4.082230463e-07,3.130826578e-06,3.777593863e-10,4.618359148e-11,4.044560834e-12,3.176951931e-13,1.462170093e-06,4.513851565e-11,2.918898787e-09,9.778068267e-08,1.038169847e-06,6.724358835e-06,9.641621924e-11,1.323241555e-11,1.300886465e-12,1.13692665e-13,1.032566674e-06,2.45194149e-11,1.639906733e-09,5.668197078e-08,6.066082909e-07,3.934952717e-06,1.331740417e-11,2.115144791e-12,2.40642236e-13,2.406672795e-14,5.950307153e-07,8.706350784e-12,6.076232857e-10,2.184885816e-08,2.337210961e-07,1.502184032e-06,8.368457986e-14,1.21667451e-14,1.215923795e-15,1.040129954e-16,1.069155034e-07,1.014937807e-13,1.251156822e-11,7.291331455e-10,9.889594578e-09,7.556114071e-08,5.38360386e-20,2.99142701e-21,9.771524445e-23,2.591583239e-24,7.925186451e-10,1.965010312e-20,2.30531643e-17,9.150196893e-15,3.226483672e-13,5.114854742e-12,1.926547647e-20,8.679399415e-22,2.298678279e-23,5.023344639e-25,3.507211908e-10,1.927565135e-21,2.677771787e-18,1.243453281e-15,4.603024627e-14,7.561874918e-13,2.236233913e-21,7.720438715e-23,1.566914603e-24,2.678342473e-26,9.583809872e-11,5.664276713e-23,1.012536222e-19,5.942190127e-17,2.357585233e-15,4.066163021e-14,8.047973173e-25,1.53655251e-26,1.533054144e-28,1.225537064e-30,1.394763521e-11,5.618874769e-27,4.219887057e-23,8.229887399e-20,5.285987298e-18,1.276596135e-16
7,0.02259734099,0.01088991012,0.004709064608,0.00197281192,0.01410341322,0.004222286775,0.01184532319,0.02751766633,0.05037253459,0.07986038623,0.03202795729,0.01543464098,0.006674323006,0.00279613776,0.01525603142,0.004222289664,0.01184531889,0.02751762961,0.05037242047,0.07986019106,0.0004272423097,0.0001448711729,4.407913827e-05,1.334958958e-05,0.0005173220549,2.905088768e-05,0.0001313016861,0.0004749555901,0.001198668911,0.002504423615,0.0003014410214,0.0001022138483,3.110000966e-05,9.41878824e-06,0.0004782375252,2.90508678e-05,0.0001313017336,0.0004749562238,0.001198671627,0.002504429736,0.01055267392,0.004013597543,0.001369772753,0.0004612233253,0.004440185288,0.0004716052714,0.001364312011,0.003261081788,0.00584740972,0.009082649487,0.01542409133,0.005866394382,0.002002102563,0.0006741389152,0.00483647326,0.0004716056226,0.001364311473,0.003261077053,0.005847395303,0.009082625331,0.0002206420041,5.985105557e-05,1.456796309e-05,3.590585309e-06,0.0001763147127,3.561886195e-06,1.629899802e-05,5.963895293e-05,0.0001453077138,0.0002936455645,0.0001509562589,4.094815894e-05,9.966921412e-06,2.45655852e-06,0.0001618679462,3.561883542e-06,1.629900445e-05,5.963903953e-05,0.000145308072,0.0002936463454,2.265879242e-07,2.781493325e-08,2.584250307e-09,2.251067512e-10,1.101642385e-05,3.803899136e-09,1.126606518e-07,1.941423619e-06,1.357063103e-05,6.320300789e-05,3.411396434e-10,2.634478305e-11,1.398492173e-12,6.671302589e-14,9.575188777e-07,6.664644888e-12,6.581844277e-10,3.121904848e-08,4.082230166e-07,3.13082637e-06,3.779017502e-10,4.620274734e-11,4.046391766e-12,3.178501293e-13,1.46250787e-06,4.516023638e-11,2.920172619e-09,9.781928812e-08,1.038555224e-06,6.726719979e-06,9.649989524e-11,1.32454493e-11,1.302320202e-12,1.138302629e-13,1.033210185e-06,2.455264208e-11,1.641923329e-09,5.674507137e-08,6.072436879e-07,3.938853639e-06,1.333722599e-11,2.118752626e-12,2.411050061e-13,2.411783925e-14,5.956964655e-07,8.727769696e-12,6.089798988e-10,2.18930247e-08,2.341657091e-07,1.504888916e-06,8.389559467e-14,1.22021832e-14,1.219941214e-15,1.04394239e-16,1.071146343e-07,1.019286681e-13,1.256022823e-11,7.317011065e-10,9.922459273e-09,7.579945412e-08,5.408180714e-20,3.007399413e-21,9.831270001e-23,2.609283846e-24,7.949094463e-10,1.980612642e-20,2.321936138e-17,9.209958565e-15,3.246541119e-13,5.145302055e-12,1.936785083e-20,8.733815539e-22,2.315288935e-23,5.064083986e-25,3.519685591e-10,1.945569764e-21,2.700488246e-18,1.253012906e-15,4.636721151e-14,7.614897456e-13,2.251214786e-21,7.783355862e-23,1.581959786e-24,2.707655026e-26,9.630464049e-11,5.737212171e-23,1.02436994e-19,6.005083502e-17,2.381330115e-15,4.105350921e-14,8.095898853e-25,1.546651691e-26,1.544077764e-28,1.235048981e-30,1.398786261e-11,5.663586612e-27,4.250493372e-23,8.284197089e-20,5.319528873e-18,1.284439865e-16
8,0.02259734091,0.01088991001,0.004709064532,0.001972811877,0.01410341302,0.004222286739,0.01184532315,0.02751766636,0.05037253488,0.07986038711,0.03202795717,0.01543464082,0.006674322899,0.002796137699,0.0152560312,0.004222289629,0.01184531885,0.02751762964,0.05037242075,0.07986019195,0.0004272423073,0.0001448711708,4.407913723e-05,1.334958915e-05,0.0005173220433,2.905088707e-05,0.000131301684,0.0004749555848,0.001198668903,0.002504423611,0.0003014410197,0.0001022138468,3.110000893e-05,9.41878794e-06,0.0004782375146,2.905086719e-05,0.0001313017316,0.0004749562186,0.001198671619,0.002504429731,0.01055267391,0.004013597523,0.001369772742,0.0004612233204,0.004440185267,0.0004716052763,0.001364312034,0.003261081863,0.005847409891,0.009082649829,0.0154240913,0.005866394353,0.002002102548,0.000674138908,0.004836473238,0.0004716056275,0.001364311496,0.003261077128,0.005847395474,0.009082625674,0.0002206420034,5.985105501e-05,1.456796287e-05,3.590585235e-06,0.0001763147105,3.56188619e-06,1.62989981e-05,5.963895359e-05,0.0001453077162,0.0002936455719,0.0001509562584,4.094815855e-05,9.96692126e-06,2.45655847e-06,0.0001618679442,3.561883537e-06,1.629900453e-05,5.963904019e-05,0.0001453080745,0.0002936463528,2.265879208e-07,2.781493216e-08,2.584250142e-09,2.251067317e-10,1.101642332e-05,3.803898882e-09,1.126606456e-07,1.941423531e-06,1.357063052e-05,6.320300611e-05,3.411396357e-10,2.634478148e-11,1.398492038e-12,6.671301717e-14,9.575188133e-07,6.664644118e-12,6.581843603e-10,3.121904567e-08,4.08222983e-07,3.130826135e-06,3.78063389e-10,4.622449693e-11,4.048470638e-12,3.180260496e-13,1.46289129e-06,4.518489878e-11,2.921618903e-09,9.786311814e-08,1.038992746e-06,6.729400553e-06,9.659489148e-11,1.326024766e-11,1.30394821e-12,1.139865201e-13,1.033940545e-06,2.459038435e-11,1.644213654e-09,5.681672858e-08,6.079651997e-07,3.943283011e-06,1.335973989e-11,2.122851288e-12,2.416308439e-13,2.417592764e-14,5.964523546e-07,8.752124563e-12,6.10522101e-10,2.194322235e-08,2.346709747e-07,1.50796248e-06,8.413554435e-14,1.224249672e-14,1.224513175e-15,1.048282697e-16,1.073409234e-07,1.024241669e-13,1.261564706e-11,7.34624628e-10,9.959866733e-09,7.607066171e-08,5.436197168e-20,3.025621984e-21,9.899487958e-23,2.629509771e-24,7.976304773e-10,1.99846375e-20,2.34093662e-17,9.278232305e-15,3.269447886e-13,5.180065115e-12,1.948467226e-20,8.795973166e-22,2.334281799e-23,5.110709293e-25,3.533893345e-10,1.966204155e-21,2.726499155e-18,1.263949738e-15,4.675257315e-14,7.675515759e-13,2.268384883e-21,7.855546653e-23,1.599243807e-24,2.741370212e-26,9.683764021e-11,5.821236164e-23,1.037985803e-19,6.077365093e-17,2.408605005e-15,4.150344738e-14,8.150188297e-25,1.558105765e-26,1.556594268e-28,1.245859493e-30,1.403338362e-11,5.714475579e-27,4.28530186e-23,8.345920106e-20,5.357638283e-18,1.293349728e-16
9,0.02259734081,0.01088990989,0.004709064448,0.00197281183,0.0141034128,0.0042222867,0.0118453231,0.0275176664,0.0503725352,0.07986038811,0.03202795703,0.01543464065,0.00667432278,0.002796137632,0.01525603096,0.00422228959,0.01184531881,0.02751762968,0.05037242108,0.07986019294,0.0004272423047,0.0001448711684,4.407913607e-05,1.334958868e-05,0.0005173220305,2.90508864e-05,0.0001313016817,0.000474955579,0.001198668894,0.002504423606,0.0003014410179,0.0001022138451,3.110000811e-05,9.418787605e-06,0.0004782375027,2.905086652e-05,0.0001313017293,0.0004749562128,0.001198671609,0.002504429726,0.01055267388,0.004013597501,0.00136977273,0.0004612233149,0.004440185244,0.0004716052817,0.00136431206,0.003261081947,0.005847410081,0.009082650212,0.01542409127,0.005866394321,0.00200210253,0.0006741388999,0.004836473212,0.000471605633,0.001364311522,0.003261077211,0.005847395663,0.009082626056,0.0002206420025,5.985105438e-05,1.456796262e-05,3.590585153e-06,0.0001763147081,3.561886184e-06,1.629899819e-05,5.963895433e-05,0.000145307719,0.0002936455802,0.0001509562578,4.094815813e-05,9.966921091e-06,2.456558413e-06,0.0001618679419,3.561883531e-06,1.629900462e-05,5.963904093e-05,0.0001453080773,0.0002936463611,2.26587917e-07,2.781493094e-08,2.584249959e-09,2.251067101e-10,1.101642273e-05,3.803898598e-09,1.126606386e-07,1.941423433e-06,1.357062996e-05,6.320300411e-05,3.41139627e-10,2.634477972e-11,1.398491887e-12,6.671300745e-14,9.575187414e-07,6.664643259e-12,6.581842852e-10,3.121904253e-08,4.082229455e-07,3.130825872e-06,3.782436047e-10,4.624874641e-11,4.050788493e-12,3.182221971e-13,1.463318663e-06,4.521239671e-11,2.923231388e-09,9.791198263e-08,1.03948051e-06,6.732388889e-06,9.670079431e-11,1.327674671e-11,1.305763512e-12,1.141607724e-13,1.034754496e-06,2.463248477e-11,1.646768075e-09,5.689663781e-08,6.087697421e-07,3.948221812e-06,1.338485169e-11,2.127423942e-12,2.422176308e-13,2.424076332e-14,5.972951171e-07,8.779323611e-12,6.122439437e-10,2.199925338e-08,2.352348797e-07,1.511392361e-06,8.440352851e-14,1.228754043e-14,1.229623897e-15,1.053136507e-16,1.075934666e-07,1.029787876e-13,1.26776494e-11,7.378940365e-10,1.000169028e-08,7.637382737e-08,5.467574492e-20,3.046049165e-21,9.976029078e-23,2.652222644e-24,8.006724373e-10,2.01853865e-20,2.362285596e-17,9.354883257e-15,3.295155824e-13,5.219067179e-12,1.961565843e-20,8.865746056e-22,2.355625691e-23,5.163160903e-25,3.549790846e-10,1.989453102e-21,2.75577612e-18,1.276248256e-15,4.718572648e-14,7.74362711e-13,2.287732366e-21,7.936992785e-23,1.618770763e-24,2.779512369e-26,9.743605264e-11,5.916463256e-23,1.053395495e-19,6.159063313e-17,2.439414842e-15,4.20114467e-14,8.21055163e-25,1.570858865e-26,1.570547945e-28,1.257924472e-30,1.408394239e-11,5.771363348e-27,4.324180819e-23,8.414806912e-20,5.4001575e-18,1.303288007e-16
10,0.02259734071,0.01088990976,0.004709064356,0.001972811777,0.01410341255,0.004222286656,0.01184532305,0.02751766645,0.05037253555,0.0798603892,0.03202795688,0.01543464047,0.006674322649,0.002796137557,0.01525603069,0.004222289546,0.01184531876,0.02751762973,0.05037242143,0.07986019403,0.0004272423018,0.0001448711658,4.40791348e-05,1.334958816e-05,0.0005173220163,2.905088566e-05,0.0001313016792,0.0004749555726,0.001198668884,0.002504423601,0.0003014410158,0.0001022138433,3.110000721e-05,9.418787237e-06,0.0004782374896,2.905086578e-05,0.0001313017268,0.0004749562064,0.001198671599,0.002504429721,0.01055267386,0.004013597477,0.001369772716,0.0004612233088,0.004440185219,0.0004716052877,0.001364312089,0.003261082039,0.005847410289,0.009082650631,0.01542409123,0.005866394286,0.00200210251,0.000674138891,0.004836473185,0.000471605639,0.001364311551,0.003261077303,0.005847395872,0.009082626476,0.0002206420015,5.985105369e-05,1.456796235e-05,3.590585062e-06,0.0001763147054,3.561886177e-06,1.629899829e-05,5.963895514e-05,0.000145307722,0.0002936455893,0.0001509562571,4.094815765e-05,9.966920906e-06,2.456558351e-06,0.0001618679395,3.561883524e-06,1.629900472e-05,5.963904174e-05,0.0001453080803,0.0002936463702,2.265879128e-07,2.78149296e-08,2.584249757e-09,2.251066863e-10,1.101642209e-05,3.803898287e-09,1.126606309e-07,1.941423325e-06,1.357062934e-05,6.320300192e-05,3.411396175e-10,2.63447778e-11,1.398491722e-12,6.671299677e-14,9.575186625e-07,6.664642316e-12,6.581842026e-10,3.121903908e-08,4.082229043e-07,3.130825584e-06,3.784417e-10,4.627540206e-11,4.053336385e-12,3.184378158e-13,1.463788301e-06,4.524262415e-11,2.925003831e-09,9.796569164e-08,1.040016617e-06,6.735673329e-06,9.681719024e-11,1.329488254e-11,1.307759143e-12,1.143523571e-13,1.035648777e-06,2.467878692e-11,1.649576982e-09,5.698449503e-08,6.096542353e-07,3.953651041e-06,1.341246747e-11,2.132453818e-12,2.428632585e-13,2.431211798e-14,5.982214898e-07,8.809275965e-12,6.14139527e-10,2.206092136e-08,2.358554229e-07,1.515166263e-06,8.469865591e-14,1.233717099e-14,1.235257866e-15,1.058489747e-16,1.078713653e-07,1.035910859e-13,1.274606433e-11,7.414998594e-10,1.004780562e-08,7.670803092e-08,5.502236928e-20,3.06863777e-21,1.006075476e-22,2.677387743e-24,8.040261943e-10,2.040816391e-20,2.385954563e-17,9.439788486e-15,3.323620535e-13,5.262236895e-12,1.976054315e-20,8.94301857e-22,2.379293317e-23,5.221390248e-25,3.567334964e-10,2.015307406e-21,2.788297412e-18,1.289895404e-15,4.766614846e-14,7.819140959e-13,2.309250712e-21,8.027701583e-23,1.640551813e-24,2.822121456e-26,9.809892931e-11,6.023053198e-23,1.070617189e-19,6.250237097e-17,2.473775431e-15,4.257767968e-14,8.276690452e-25,1.584853712e-26,1.585881929e-28,1.271199096e-30,1.413927836e-11,5.834071489e-27,4.366997898e-23,8.490605927e-20,5.446926997e-18,1.314216584e-16
11,0.02259734059,0.01088990961,0.004709064255,0.00197281172,0.01410341229,0.004222286609,0.011845323,0.0275176665,0.05037253594,0.07986039038,0.03202795672,0.01543464026,0.006674322506,0.002796137477,0.0152560304,0.004222289499,0.01184531871,0.02751762978,0.05037242181,0.07986019521,0.0004272422986,0.000144871163,4.407913342e-05,1.334958759e-05,0.000517322001,2.905088486e-05,0.0001313016764,0.0004749555656,0.001198668873,0.002504423595,0.0003014410136,0.0001022138413,3.110000624e-05,9.418786837e-06,0.0004782374754,2.905086497e-05,0.000131301724,0.0004749561994,0.001198671588,0.002504429715,0.01055267383,0.004013597451,0.001369772702,0.0004612233022,0.004440185191,0.0004716052943,0.001364312119,0.003261082138,0.005847410516,0.009082651087,0.01542409119,0.005866394248,0.002002102489,0.0006741388814,0.004836473155,0.0004716056455,0.001364311581,0.003261077403,0.005847396099,0.009082626932,0.0002206420005,5.985105294e-05,1.456796206e-05,3.590584964e-06,0.0001763147025,3.56188617e-06,1.62989984e-05,5.963895602e-05,0.0001453077253,0.0002936455992,0.0001509562564,4.094815714e-05,9.966920704e-06,2.456558284e-06,0.0001618679368,3.561883517e-06,1.629900483e-05,5.963904262e-05,0.0001453080836,0.0002936463801,2.265879083e-07,2.781492814e-08,2.584249538e-09,2.251066605e-10,1.101642138e-05,3.803897948e-09,1.126606225e-07,1.941423208e-06,1.357062866e-05,6.320299955e-05,3.411396072e-10,2.634477571e-11,1.398491542e-12,6.671298517e-14,9.575185767e-07,6.664641291e-12,6.581841129e-10,3.121903533e-08,4.082228595e-07,3.130825271e-06,3.786569785e-10,4.630437023e-11,4.056105373e-12,3.186721505e-13,1.464298513e-06,4.527547516e-11,2.926929993e-09,9.802405535e-08,1.040599167e-06,6.739242216e-06,9.694366578e-11,1.331459129e-11,1.309928139e-12,1.145606118e-13,1.036620124e-06,2.47291347e-11,1.65263078e-09,5.707999657e-08,6.106156025e-07,3.959551713e-06,1.344249346e-11,2.137924187e-12,2.435656264e-13,2.438976428e-14,5.992282107e-07,8.841891434e-12,6.162029868e-10,2.212803084e-08,2.365306117e-07,1.519271936e-06,8.502004208e-14,1.239124658e-14,1.241399772e-15,1.064328571e-16,1.081737241e-07,1.042596531e-13,1.282072439e-11,7.454327812e-10,1.009809028e-08,7.707236458e-08,5.540111133e-20,3.093346572e-21,1.015353526e-22,2.704973427e-24,8.076827494e-10,2.065279492e-20,2.411918239e-17,9.532835121e-15,3.354800776e-13,5.30950742e-12,1.991907371e-20,9.027684018e-22,2.405260716e-23,5.28535838e-25,3.586483536e-10,2.043763173e-21,2.824047132e-18,1.30488026e-15,4.819338631e-14,7.901977172e-13,2.33293818e-21,8.127703734e-23,1.664604621e-24,2.869251991e-26,9.882540462e-11,6.14120833e-23,1.089675103e-19,6.350973517e-17,2.511712547e-15,4.320247462e-14,8.348297273e-25,1.600031424e-26,1.602537938e-28,1.285637575e-30,1.419912667e-11,5.902420115e-27,4.413619334e-23,8.573062418e-20,5.497785117e-18,1.326096804e-16
12,0.02259734047,0.01088990946,0.004709064147,0.001972811659,0.014103412,0.004222286559,0.01184532294,0.02751766655,0.05037253635,0.07986039165,0.03202795655,0.01543464004,0.006674322353,0.00279613739,0.01525603009,0.004222289449,0.01184531865,0.02751762983,0.05037242222,0.07986019648,0.0004272422952,0.00014487116,4.407913193e-05,1.334958698e-05,0.0005173219845,2.905088399e-05,0.0001313016735,0.0004749555581,0.001198668861,0.002504423588,0.0003014410112,0.0001022138392,3.110000519e-05,9.418786406e-06,0.0004782374602,2.905086411e-05,0.000131301721,0.0004749561919,0.001198671576,0.002504429709,0.0105526738,0.004013597422,0.001369772686,0.0004612232951,0.004440185162,0.0004716053013,0.001364312152,0.003261082246,0.00584741076,0.009082651578,0.01542409115,0.005866394206,0.002002102466,0.000674138871,0.004836473123,0.0004716056525,0.001364311614,0.00326107751,0.005847396343,0.009082627423,0.0002206419993,5.985105214e-05,1.456796174e-05,3.590584858e-06,0.0001763146993,3.561886162e-06,1.629899852e-05,5.963895697e-05,0.0001453077288,0.0002936456098,0.0001509562556,4.094815659e-05,9.966920487e-06,2.456558212e-06,0.0001618679339,3.561883509e-06,1.629900494e-05,5.963904357e-05,0.0001453080871,0.0002936463908,2.265879034e-07,2.781492657e-08,2.584249302e-09,2.251066327e-10,1.101642063e-05,3.803897584e-09,1.126606135e-07,1.941423081e-06,1.357062794e-05,6.320299699e-05,3.411395961e-10,2.634477346e-11,1.398491349e-12,6.671297269e-14,9.575184844e-07,6.664640188e-12,6.581840164e-10,3.12190313e-08,4.082228114e-07,3.130824934e-06,3.788887439e-10,4.633555732e-11,4.059086525e-12,3.189244465e-13,1.464847612e-06,4.53108439e-11,2.929003639e-09,9.808688399e-08,1.041226263e-06,6.743083901e-06,9.707980739e-11,1.333580908e-11,1.312263542e-12,1.147848749e-13,1.037665269e-06,2.478337225e-11,1.655919887e-09,5.718283893e-08,6.116507681e-07,3.965904847e-06,1.347483596e-11,2.143818345e-12,2.443226381e-13,2.447347554e-14,6.003120169e-07,8.877080286e-12,6.184284829e-10,2.220038699e-08,2.372584589e-07,1.523697158e-06,8.536680722e-14,1.244962634e-14,1.248034449e-15,1.0706393e-16,1.084996504e-07,1.049831074e-13,1.290146469e-11,7.496836022e-10,1.015242314e-08,7.746592952e-08,5.581125634e-20,3.120135894e-21,1.025424803e-22,2.734950589e-24,8.116332015e-10,2.091913408e-20,2.44015402e-17,9.633918547e-15,3.388657872e-13,5.36081556e-12,2.009100816e-20,9.119643058e-22,2.433506711e-23,5.355034539e-25,3.607195136e-10,2.074821138e-21,2.863014392e-18,1.321193712e-15,4.876704635e-14,7.992064335e-13,2.358797321e-21,8.237051128e-23,1.690952838e-24,2.920972043e-26,9.961468246e-11,6.271171188e-23,1.110599088e-19,6.46138553e-17,2.553261081e-15,4.38863015e-14,8.42505503e-25,1.616331361e-26,1.620456038e-28,1.301192907e-30,1.426321872e-11,5.976226608e-27,4.46390922e-23,8.661917455e-20,5.552567489e-18,1.338889351e-16
13,0.02259734034,0.0108899093,0.004709064032,0.001972811594,0.01410341169,0.004222286505,0.01184532288,0.02751766661,0.05037253679,0.07986039301,0.03202795637,0.01543463981,0.00667432219,0.002796137297,0.01525602976,0.004222289395,0.01184531859,0.02751762989,0.05037242267,0.07986019784,0.0004272422916,0.0001448711568,4.407913034e-05,1.334958633e-05,0.0005173219669,2.905088307e-05,0.0001313016703,0.0004749555501,0.001198668848,0.002504423582,0.0003014410086,0.0001022138369,3.110000406e-05,9.418785947e-06,0.0004782374439,2.905086318e-05,0.0001313017179,0.0004749561839,0.001198671564,0.002504429702,0.01055267377,0.004013597392,0.00136977267,0.0004612232875,0.00444018513,0.0004716053088,0.001364312188,0.003261082361,0.00584741102,0.009082652102,0.01542409111,0.005866394162,0.002002102442,0.00067413886,0.004836473088,0.00047160566,0.00136431165,0.003261077625,0.005847396603,0.009082627947,0.0002206419981,5.985105128e-05,1.45679614e-05,3.590584745e-06,0.000176314696,3.561886153e-06,1.629899864e-05,5.963895798e-05,0.0001453077326,0.0002936456212,0.0001509562548,4.0948156e-05,9.966920255e-06,2.456558134e-06,0.0001618679308,3.5618835e-06,1.629900507e-05,5.963904458e-05,0.0001453080909,0.0002936464022,2.265878982e-07,2.78149249e-08,2.58424905e-09,2.25106603e-10,1.101641982e-05,3.803897195e-09,1.126606039e-07,1.941422947e-06,1.357062716e-05,6.320299425e-05,3.411395843e-10,2.634477105e-11,1.398491142e-12,6.671295936e-14,9.575183858e-07,6.66463901e-12,6.581839134e-10,3.1219027e-08,4.082227599e-07,3.130824574e-06,3.791363002e-10,4.636886976e-11,4.062270909e-12,3.191939492e-13,1.465433906e-06,4.534862454e-11,2.931218532e-09,9.815398782e-08,1.041896007e-06,6.74718673e-06,9.722520136e-11,1.335847204e-11,1.314758389e-12,1.150244844e-13,1.038780943e-06,2.484134377e-11,1.659434718e-09,5.729271864e-08,6.127566564e-07,3.97269146e-06,1.35094013e-11,2.150119594e-12,2.451321991e-13,2.456302535e-14,6.014696442e-07,8.914753038e-12,6.208101876e-10,2.227779529e-08,2.380369799e-07,1.528429721e-06,8.573807399e-14,1.251217004e-14,1.255146821e-15,1.07740836e-16,1.088482527e-07,1.057600858e-13,1.298812209e-11,7.542431977e-10,1.021068394e-08,7.788783254e-08,5.625210306e-20,3.148967212e-21,1.036277601e-22,2.767292119e-24,8.15868714e-10,2.120706e-20,2.470641462e-17,9.742940656e-15,3.425155152e-13,5.416100948e-12,2.027611275e-20,9.218802134e-22,2.464012389e-23,5.430394763e-25,3.629428859e-10,2.108486004e-21,2.905192521e-18,1.338828139e-15,4.938678329e-14,8.089338105e-13,2.386834482e-21,8.355814771e-23,1.719625602e-24,2.977362286e-26,1.004660232e-10,6.41322224e-23,1.133424234e-19,6.581609801e-17,2.598464209e-15,4.462975841e-14,8.506636723e-25,1.633690976e-26,1.639574422e-28,1.31781664e-30,1.433128261e-11,6.055304428e-27,4.517728835e-23,8.756906969e-20,5.611106499e-18,1.352554131e-16
14,0.0225973402,0.01088990912,0.004709063909,0.001972811524,0.01410341137,0.004222286447,0.01184532282,0.02751766667,0.05037253726,0.07986039445,0.03202795617,0.01543463956,0.006674322016,0.002796137199,0.01525602941,0.004222289337,0.01184531853,0.02751762995,0.05037242313,0.07986019929,0.0004272422878,0.0001448711533,4.407912865e-05,1.334958564e-05,0.0005173219482,2.905088209e-05,0.000131301667,0.0004749555416,0.001198668835,0.002504423574,0.0003014410059,0.0001022138345,3.110000288e-05,9.418785459e-06,0.0004782374266,2.90508622e-05,0.0001313017145,0.0004749561754,0.00119867155,0.002504429695,0.01055267374,0.00401359736,0.001369772652,0.0004612232795,0.004440185096,0.0004716053167,0.001364312225,0.003261082482,0.005847411296,0.009082652658,0.01542409106,0.005866394116,0.002002102416,0.0006741388482,0.004836473052,0.000471605668,0.001364311687,0.003261077747,0.005847396879,0.009082628503,0.0002206419968,5.985105037e-05,1.456796104e-05,3.590584625e-06,0.0001763146924,3.561886144e-06,1.629899877e-05,5.963895905e-05,0.0001453077366,0.0002936456333,0.0001509562539,4.094815538e-05,9.966920009e-06,2.456558053e-06,0.0001618679276,3.561883491e-06,1.62990052e-05,5.963904566e-05,0.0001453080949,0.0002936464142,2.265878927e-07,2.781492312e-08,2.584248783e-09,2.251065715e-10,1.101641896e-05,3.803896782e-09,1.126605937e-07,1.941422804e-06,1.357062634e-05,6.320299135e-05,3.411395717e-10,2.63447685e-11,1.398490923e-12,6.671294522e-14,9.575182813e-07,6.664637761e-12,6.581838041e-10,3.121902243e-08,4.082227054e-07,3.130824192e-06,3.793989514e-10,4.640421397e-11,4.065649594e-12,3.194799041e-13,1.466055705e-06,4.538871122e-11,2.933568439e-09,9.822517709e-08,1.042606498e-06,6.751539052e-06,9.737943368e-11,1.338251623e-11,1.317405715e-12,1.152787781e-13,1.039963872e-06,2.49028934e-11,1.663165688e-09,5.740933207e-08,6.1393019e-07,3.979892558e-06,1.354609571e-11,2.156811224e-12,2.459922134e-13,2.465818719e-14,6.026978257e-07,8.954820264e-12,6.233422744e-10,2.236006122e-08,2.388641897e-07,1.533457416e-06,8.613296556e-14,1.257873761e-14,1.262721846e-15,1.084622223e-16,1.09218639e-07,1.065892357e-13,1.308053433e-11,7.591024792e-10,1.027275283e-08,7.833718291e-08,5.67229586e-20,3.17980278e-21,1.047900607e-22,2.80197238e-24,8.203804824e-10,2.151647024e-20,2.503361763e-17,9.859808137e-15,3.464257397e-13,5.475305229e-12,2.047415949e-20,9.325071958e-22,2.49676058e-23,5.511420526e-25,3.65314411e-10,2.144765792e-21,2.950578285e-18,1.357777103e-15,5.005228964e-14,8.193739599e-13,2.417059335e-21,8.484082729e-23,1.750657042e-24,3.03851506e-26,1.013787307e-10,6.5676777e-23,1.158190484e-19,6.711804568e-17,2.647372588e-15,4.543355809e-14,8.592705189e-25,1.65204571e-26,1.65982923e-28,1.335458672e-30,1.440304372e-11,6.139462023e-27,4.574936041e-23,8.857760914e-20,5.673230822e-18,1.367050173e-16
15,0.02259734006,0.01088990894,0.00470906378,0.001972811451,0.01410341103,0.004222286387,0.01184532275,0.02751766673,0.05037253775,0.07986039598,0.03202795596,0.0154346393,0.006674321833,0.002796137095,0.01525602904,0.004222289277,0.01184531846,0.02751763001,0.05037242362,0.07986020081,0.0004272422837,0.0001448711497,4.407912688e-05,1.334958491e-05,0.0005173219285,2.905088105e-05,0.0001313016634,0.0004749555327,0.00119866882,0.002504423567,0.0003014410031,0.000102213832,3.110000162e-05,9.418784946e-06,0.0004782374084,2.905086117e-05,0.000131301711,0.0004749561664,0.001198671536,0.002504429687,0.01055267371,0.004013597327,0.001369772634,0.000461223271,0.004440185061,0.0004716053251,0.001364312265,0.00326108261,0.005847411588,0.009082653244,0.01542409101,0.005866394066,0.002002102389,0.0006741388358,0.004836473013,0.0004716056764,0.001364311727,0.003261077875,0.005847397171,0.009082629089,0.0002206419955,5.985104941e-05,1.456796066e-05,3.590584499e-06,0.0001763146887,3.561886135e-06,1.629899891e-05,5.963896018e-05,0.0001453077408,0.000293645646,0.000150956253,4.094815472e-05,9.96691975e-06,2.456557966e-06,0.0001618679241,3.561883482e-06,1.629900534e-05,5.963904679e-05,0.0001453080991,0.0002936464269,2.265878869e-07,2.781492125e-08,2.584248501e-09,2.251065383e-10,1.101641806e-05,3.803896347e-09,1.12660583e-07,1.941422653e-06,1.357062548e-05,6.32029883e-05,3.411395584e-10,2.634476582e-11,1.398490692e-12,6.671293031e-14,9.57518171e-07,6.664636444e-12,6.581836888e-10,3.121901762e-08,4.082226479e-07,3.130823789e-06,3.796760011e-10,4.644149634e-11,4.069213644e-12,3.197815563e-13,1.46671132e-06,4.543099809e-11,2.93604712e-09,9.830026196e-08,1.04335584e-06,6.75612921e-06,9.754209002e-11,1.340787766e-11,1.320198547e-12,1.155470929e-13,1.041210784e-06,2.49678651e-11,1.667103199e-09,5.753237529e-08,6.151682888e-07,3.98748913e-06,1.35848253e-11,2.163876498e-12,2.469005813e-13,2.475873414e-14,6.039932906e-07,8.997192394e-12,6.260189079e-10,2.244698992e-08,2.397381003e-07,1.538768011e-06,8.65506036e-14,1.264918878e-14,1.270744463e-15,1.092267352e-16,1.096099163e-07,1.07469207e-13,1.317853926e-11,7.64252357e-10,1.033850988e-08,7.881308928e-08,5.722313351e-20,3.21260525e-21,1.060282738e-22,2.838966694e-24,8.25159703e-10,2.18472762e-20,2.538297259e-17,9.984430793e-15,3.505930299e-13,5.538371274e-12,2.068492363e-20,9.438366019e-22,2.531735353e-23,5.598097385e-25,3.6783004e-10,2.183671199e-21,2.999171115e-18,1.378035045e-15,5.07632853e-14,8.305213802e-13,2.449484397e-21,8.621958085e-23,1.784085792e-24,3.10453344e-26,1.0235214e-10,6.734887337e-23,1.184942246e-19,6.852147511e-17,2.700043541e-15,4.629851463e-14,8.682913054e-25,1.671328915e-26,1.681154402e-28,1.354067078e-30,1.447822526e-11,6.228501849e-27,4.635384755e-23,8.964202558e-20,5.738765044e-18,1.382335551e-16
16,0.02259733991,0.01088990874,0.004709063645,0.001972811374,0.01410341067,0.004222286324,0.01184532268,0.0275176668,0.05037253827,0.07986039757,0.03202795575,0.01543463903,0.006674321641,0.002796136986,0.01525602865,0.004222289213,0.01184531839,0.02751763008,0.05037242414,0.0798602024,0.0004272422795,0.0001448711459,4.407912501e-05,1.334958415e-05,0.0005173219078,2.905087997e-05,0.0001313016597,0.0004749555233,0.001198668806,0.002504423559,0.0003014410001,0.0001022138293,3.110000031e-05,9.418784406e-06,0.0004782373893,2.905086009e-05,0.0001313017073,0.000474956157,0.001198671521,0.002504429679,0.01055267367,0.004013597291,0.001369772614,0.0004612232621,0.004440185024,0.0004716053339,0.001364312306,0.003261082745,0.005847411893,0.009082653859,0.01542409096,0.005866394015,0.002002102361,0.0006741388228,0.004836472973,0.0004716056852,0.001364311768,0.003261078009,0.005847397476,0.009082629704,0.0002206419941,5.98510484e-05,1.456796027e-05,3.590584366e-06,0.0001763146847,3.561886125e-06,1.629899906e-05,5.963896137e-05,0.0001453077453,0.0002936456593,0.000150956252,4.094815403e-05,9.966919478e-06,2.456557875e-06,0.0001618679205,3.561883472e-06,1.629900549e-05,5.963904797e-05,0.0001453081035,0.0002936464403,2.265878808e-07,2.781491928e-08,2.584248206e-09,2.251065035e-10,1.101641711e-05,3.803895891e-09,1.126605717e-07,1.941422495e-06,1.357062457e-05,6.320298509e-05,3.411395445e-10,2.6344763e-11,1.39849045e-12,6.671291468e-14,9.575180554e-07,6.664635063e-12,6.58183568e-10,3.121901257e-08,4.082225876e-07,3.130823367e-06,3.799667526e-10,4.648062321e-11,4.07295412e-12,3.200981505e-13,1.467399059e-06,4.547537919e-11,2.938648337e-09,9.837905251e-08,1.04414213e-06,6.760945542e-06,9.771275563e-11,1.343449226e-11,1.323129901e-12,1.158287646e-13,1.042518402e-06,2.503610255e-11,1.67123764e-09,5.766154392e-08,6.164678684e-07,3.995462143e-06,1.362549597e-11,2.171298635e-12,2.47855197e-13,2.48644385e-14,6.053527635e-07,9.041779538e-12,6.28834233e-10,2.253838599e-08,2.406567183e-07,1.544349248e-06,8.699010653e-14,1.272338269e-14,1.279199544e-15,1.100330145e-16,1.10021189e-07,1.083986444e-13,1.328197409e-11,7.696837043e-10,1.04078347e-08,7.93146568e-08,5.775193696e-20,3.247337309e-21,1.073412991e-22,2.87825084e-24,8.301975429e-10,2.219939807e-20,2.575430927e-17,1.011671989e-14,3.550139929e-13,5.605242399e-12,2.090818131e-20,9.558599113e-22,2.568921511e-23,5.690413644e-25,3.704857144e-10,2.225214948e-21,3.050972337e-18,1.399596981e-15,5.151950726e-14,8.423708001e-13,2.484124554e-21,8.769556873e-23,1.819954489e-24,3.175530291e-26,1.033856048e-10,6.915232239e-23,1.213728001e-19,7.002833579e-17,2.756540238e-15,4.72255299e-14,8.776902868e-25,1.691471817e-26,1.703481575e-28,1.373587968e-30,1.455654888e-11,6.322219524e-27,4.698924501e-23,9.075947922e-20,5.807529356e-18,1.398367322e-16
17,0.02259733975,0.01088990854,0.004709063504,0.001972811294,0.01410341029,0.004222286257,0.01184532261,0.02751766687,0.05037253881,0.07986039924,0.03202795552,0.01543463874,0.006674321441,0.002796136873,0.01525602825,0.004222289147,0.01184531832,0.02751763015,0.05037242468,0.07986020407,0.000427242275,0.000144871142,4.407912306e-05,1.334958335e-05,0.0005173218862,2.905087884e-05,0.0001313016559,0.0004749555135,0.00119866879,0.002504423551,0.0003014409969,0.0001022138265,3.109999893e-05,9.418783844e-06,0.0004782373693,2.905085896e-05,0.0001313017034,0.0004749561472,0.001198671506,0.002504429671,0.01055267364,0.004013597255,0.001369772594,0.0004612232529,0.004440184985,0.0004716053431,0.001364312349,0.003261082885,0.005847412212,0.009082654501,0.01542409091,0.005866393961,0.002002102331,0.0006741388093,0.004836472931,0.0004716056944,0.001364311811,0.00326107815,0.005847397795,0.009082630346,0.0002206419926,5.985104734e-05,1.456795985e-05,3.590584228e-06,0.0001763146806,3.561886115e-06,1.629899921e-05,5.963896261e-05,0.0001453077499,0.0002936456733,0.000150956251,4.094815331e-05,9.966919194e-06,2.456557781e-06,0.0001618679167,3.561883462e-06,1.629900564e-05,5.963904921e-05,0.0001453081082,0.0002936464542,2.265878744e-07,2.781491723e-08,2.584247897e-09,2.251064671e-10,1.101641612e-05,3.803895415e-09,1.1266056e-07,1.94142233e-06,1.357062362e-05,6.320298175e-05,3.4113953e-10,2.634476005e-11,1.398490197e-12,6.671289835e-14,9.575179347e-07,6.66463362e-12,6.581834417e-10,3.12190073e-08,4.082225246e-07,3.130822926e-06,3.802705088e-10,4.652150084e-11,4.076862072e-12,3.204289307e-13,1.468117231e-06,4.552174848e-11,2.941365841e-09,9.846135869e-08,1.044963469e-06,6.76597638e-06,9.789101526e-11,1.346229588e-11,1.326192783e-12,1.161231279e-13,1.043883449e-06,2.510744902e-11,1.675559375e-09,5.779653302e-08,6.178258391e-07,4.003792534e-06,1.366801334e-11,2.179060799e-12,2.488539464e-13,2.497507155e-14,6.067729634e-07,9.088491314e-12,6.317823664e-10,2.263405317e-08,2.416180422e-07,1.550188817e-06,8.745058767e-14,1.280117753e-14,1.288071845e-15,1.108796885e-16,1.104515581e-07,1.093761802e-13,1.339067462e-11,7.753873222e-10,1.048060596e-08,7.984098424e-08,5.830867208e-20,3.283961325e-21,1.087280287e-22,2.919800551e-24,8.354851111e-10,2.257275982e-20,2.61474589e-17,1.025658653e-14,3.596852214e-13,5.675861601e-12,2.114370721e-20,9.685685896e-22,2.608304094e-23,5.788359012e-25,3.732773477e-10,2.269411144e-21,3.105984402e-18,1.4224582e-15,5.23206993e-14,8.549170221e-13,2.520996571e-21,8.927005957e-23,1.858309262e-24,3.251627282e-26,1.044784846e-10,7.109122466e-23,1.244599894e-19,7.164072758e-17,2.816930847e-15,4.821557964e-14,8.874307459e-25,1.712403523e-26,1.72674002e-28,1.393965396e-30,1.463773529e-11,6.420403115e-27,4.765400059e-23,9.192705366e-20,5.879339354e-18,1.415101487e-16
18,0.02259733958,0.01088990833,0.004709063357,0.001972811211,0.0141034099,0.004222286188,0.01184532253,0.02751766694,0.05037253937,0.07986040097,0.03202795529,0.01543463844,0.006674321233,0.002796136755,0.01525602782,0.004222289078,0.01184531824,0.02751763022,0.05037242524,0.0798602058,0.0004272422704,0.0001448711379,4.407912104e-05,1.334958252e-05,0.0005173218637,2.905087766e-05,0.0001313016518,0.0004749555033,0.001198668774,0.002504423542,0.0003014409937,0.0001022138236,3.10999975e-05,9.418783258e-06,0.0004782373485,2.905085778e-05,0.0001313016994,0.000474956137,0.00119867149,0.002504429662,0.0105526736,0.004013597216,0.001369772572,0.0004612232432,0.004440184945,0.0004716053527,0.001364312394,0.003261083031,0.005847412544,0.009082655168,0.01542409085,0.005866393905,0.0020021023,0.0006741387952,0.004836472887,0.0004716057039,0.001364311856,0.003261078296,0.005847398127,0.009082631013,0.0002206419911,5.985104625e-05,1.456795942e-05,3.590584084e-06,0.0001763146764,3.561886104e-06,1.629899937e-05,5.96389639e-05,0.0001453077547,0.0002936456877,0.00015095625,4.094815256e-05,9.966918899e-06,2.456557682e-06,0.0001618679128,3.561883451e-06,1.62990058e-05,5.96390505e-05,0.000145308113,0.0002936464687,2.265878678e-07,2.78149151e-08,2.584247576e-09,2.251064293e-10,1.10164151e-05,3.803894919e-09,1.126605477e-07,1.941422158e-06,1.357062263e-05,6.320297826e-05,3.411395149e-10,2.634475699e-11,1.398489934e-12,6.671288137e-14,9.575178091e-07,6.66463212e-12,6.581833105e-10,3.121900182e-08,4.082224591e-07,3.130822468e-06,3.805865717e-10,4.656403538e-11,4.080928544e-12,3.207731399e-13,1.468864144e-06,4.556999979e-11,2.94419338e-09,9.854699026e-08,1.045817953e-06,6.771210046e-06,9.807645312e-11,1.349122423e-11,1.329380182e-12,1.164295156e-13,1.045302648e-06,2.518174729e-11,1.680058746e-09,5.793703695e-08,6.192391052e-07,4.012461202e-06,1.371228273e-11,2.187146082e-12,2.498947045e-13,2.509040326e-14,6.08250603e-07,9.13723668e-12,6.34857387e-10,2.27337941e-08,2.426200601e-07,1.556274354e-06,8.793115369e-14,1.28824302e-14,1.297345959e-15,1.11765369e-16,1.109001201e-07,1.104004269e-13,1.350447454e-11,7.813539065e-10,1.055670109e-08,8.039116132e-08,5.889263137e-20,3.322438995e-21,1.101873323e-22,2.963591017e-24,8.410134308e-10,2.296728412e-20,2.656224918e-17,1.040394002e-14,3.646032417e-13,5.750170807e-12,2.139127224e-20,9.819539443e-22,2.649867877e-23,5.891923254e-25,3.762008061e-10,2.316274605e-21,3.164210103e-18,1.446613958e-15,5.316660178e-14,8.681547668e-13,2.560118595e-21,9.094440845e-23,1.899199198e-24,3.332953847e-26,1.056301329e-10,7.316994534e-23,1.2776133e-19,7.336087719e-17,2.881287656e-15,4.926969905e-14,8.974750512e-25,1.734051078e-26,1.750856641e-28,1.415141296e-30,1.472150499e-11,6.522832588e-27,4.834651212e-23,9.314175338e-20,5.954005928e-18,1.432492974e-16
19,0.02259733941,0.01088990811,0.004709063204,0.001972811125,0.0141034095,0.004222286117,0.01184532245,0.02751766701,0.05037253995,0.07986040276,0.03202795504,0.01543463814,0.006674321017,0.002796136632,0.01525602739,0.004222289007,0.01184531816,0.0275176303,0.05037242582,0.0798602076,0.0004272422656,0.0001448711336,4.407911894e-05,1.334958166e-05,0.0005173218405,2.905087644e-05,0.0001313016477,0.0004749554927,0.001198668757,0.002504423533,0.0003014409903,0.0001022138206,3.109999602e-05,9.418782652e-06,0.000478237327,2.905085656e-05,0.0001313016952,0.0004749561265,0.001198671473,0.002504429653,0.01055267356,0.004013597176,0.001369772551,0.0004612232332,0.004440184903,0.0004716053626,0.001364312441,0.003261083183,0.005847412888,0.00908265586,0.01542409079,0.005866393847,0.002002102268,0.0006741387806,0.004836472841,0.0004716057138,0.001364311903,0.003261078447,0.005847398471,0.009082631705,0.0002206419895,5.985104511e-05,1.456795897e-05,3.590583935e-06,0.0001763146719,3.561886093e-06,1.629899954e-05,5.963896524e-05,0.0001453077597,0.0002936457028,0.0001509562489,4.094815179e-05,9.966918593e-06,2.45655758e-06,0.0001618679088,3.56188344e-06,1.629900596e-05,5.963905184e-05,0.000145308118,0.0002936464837,2.26587861e-07,2.781491289e-08,2.584247244e-09,2.251063901e-10,1.101641403e-05,3.803894406e-09,1.12660535e-07,1.94142198e-06,1.357062161e-05,6.320297466e-05,3.411394993e-10,2.634475382e-11,1.398489661e-12,6.671286377e-14,9.57517679e-07,6.664630566e-12,6.581831744e-10,3.121899614e-08,4.082223912e-07,3.130821992e-06,3.809142424e-10,4.660813288e-11,4.085144564e-12,3.211300201e-13,1.469638106e-06,4.562002681e-11,2.947124695e-09,9.863575682e-08,1.046703677e-06,6.776634852e-06,9.826865282e-11,1.352121294e-11,1.332685072e-12,1.167472588e-13,1.046772719e-06,2.525883954e-11,1.684726061e-09,5.808274927e-08,6.207045634e-07,4.021449011e-06,1.375820909e-11,2.195537493e-12,2.509753341e-13,2.5210202e-14,6.097823881e-07,9.187923784e-12,6.380533278e-10,2.28374101e-08,2.43660748e-07,1.562593425e-06,8.843090296e-14,1.2966996e-14,1.307006274e-15,1.126886465e-16,1.113659659e-07,1.114699706e-13,1.362320474e-11,7.875740157e-10,1.06359958e-08,8.096426616e-08,5.950309234e-20,3.362731003e-21,1.117180424e-22,3.009596397e-24,8.467734126e-10,2.338288733e-20,2.699849944e-17,1.055868629e-14,3.697644628e-13,5.828110127e-12,2.165064125e-20,9.960069828e-22,2.693596878e-23,6.001094836e-25,3.792518907e-10,2.365820193e-21,3.225651789e-18,1.472059176e-15,5.405694129e-14,8.820785174e-13,2.601509631e-21,9.272003395e-23,1.942675769e-24,3.419646068e-26,1.068398844e-10,7.539308668e-23,1.312826359e-19,7.519111347e-17,2.949686142e-15,5.038896766e-14,9.077847376e-25,1.756339567e-26,1.775756015e-28,1.437055474e-30,1.480757892e-11,6.629279402e-27,4.906512588e-23,9.440050298e-20,6.031335259e-18,1.450495645e-16
20,0.02259733923,0.01088990789,0.004709063047,0.001972811036,0.01410340908,0.004222286043,0.01184532237,0.02751766709,0.05037254055,0.07986040462,0.03202795479,0.01543463782,0.006674320794,0.002796136506,0.01525602694,0.004222288933,0.01184531808,0.02751763037,0.05037242642,0.07986020945,0.0004272422607,0.0001448711292,4.407911677e-05,1.334958077e-05,0.0005173218164,2.905087518e-05,0.0001313016434,0.0004749554818,0.00119866874,0.002504423524,0.0003014409868,0.0001022138175,3.109999449e-05,9.418782025e-06,0.0004782373048,2.90508553e-05,0.0001313016909,0.0004749561156,0.001198671456,0.002504429644,0.01055267352,0.004013597135,0.001369772528,0.0004612232229,0.00444018486,0.0004716053728,0.001364312489,0.003261083339,0.005847413243,0.009082656575,0.01542409073,0.005866393787,0.002002102235,0.0006741387655,0.004836472794,0.000471605724,0.001364311951,0.003261078604,0.005847398826,0.009082632419,0.0002206419878,5.985104394e-05,1.456795851e-05,3.590583781e-06,0.0001763146674,3.561886081e-06,1.629899971e-05,5.963896662e-05,0.0001453077648,0.0002936457183,0.0001509562477,4.094815098e-05,9.966918277e-06,2.456557475e-06,0.0001618679046,3.561883428e-06,1.629900613e-05,5.963905322e-05,0.0001453081231,0.0002936464992,2.265878539e-07,2.78149106e-08,2.5842469e-09,2.251063496e-10,1.101641293e-05,3.803893875e-09,1.12660522e-07,1.941421796e-06,1.357062056e-05,6.320297093e-05,3.411394831e-10,2.634475054e-11,1.398489379e-12,6.67128456e-14,9.575175446e-07,6.66462896e-12,6.581830339e-10,3.121899027e-08,4.082223211e-07,3.130821502e-06,3.812528214e-10,4.665369924e-11,4.08950115e-12,3.214988122e-13,1.470437424e-06,4.567172304e-11,2.950153517e-09,9.87274677e-08,1.047618736e-06,6.7822391e-06,9.846719735e-11,1.355219749e-11,1.336100409e-12,1.170756865e-13,1.048290384e-06,2.533856729e-11,1.689551595e-09,5.823336264e-08,6.222191027e-07,4.030736778e-06,1.380569696e-11,2.204217951e-12,2.520936835e-13,2.533423433e-14,6.113650173e-07,9.240459818e-12,6.413641679e-10,2.294470095e-08,2.447380677e-07,1.569133513e-06,8.894892416e-14,1.30547283e-14,1.317036933e-15,1.136480857e-16,1.118481805e-07,1.125833639e-13,1.374669266e-11,7.940380406e-10,1.071836379e-08,8.155936279e-08,6.013931313e-20,3.404796684e-21,1.133189392e-22,3.057789325e-24,8.527558293e-10,2.381947431e-20,2.745601565e-17,1.072072624e-14,3.75165125e-13,5.909617117e-12,2.192157084e-20,1.01071827e-21,2.739473847e-23,6.115859548e-25,3.824263202e-10,2.418062115e-21,3.290310558e-18,1.498788132e-15,5.499142032e-14,8.96682363e-13,2.645189007e-21,9.459839397e-23,1.988792231e-24,3.511845478e-26,1.081070424e-10,7.776545772e-23,1.350299475e-19,7.713384088e-17,3.022203987e-15,5.157449338e-14,9.183206115e-25,1.779192268e-26,1.801360494e-28,1.45964564e-30,1.489567927e-11,6.73950628e-27,4.980813622e-23,9.570014813e-20,6.111128915e-18,1.469062328e-16
21,0.02259733905,0.01088990766,0.004709062885,0.001972810944,0.01410340865,0.004222285968,0.01184532228,0.02751766717,0.05037254117,0.07986040653,0.03202795453,0.01543463749,0.006674320564,0.002796136376,0.01525602647,0.004222288857,0.01184531799,0.02751763045,0.05037242704,0.07986021136,0.0004272422556,0.0001448711247,4.407911454e-05,1.334957986e-05,0.0005173217917,2.905087389e-05,0.0001313016389,0.0004749554705,0.001198668722,0.002504423514,0.0003014409832,0.0001022138143,3.109999292e-05,9.41878138e-06,0.0004782372819,2.9050854e-05,0.0001313016865,0.0004749561043,0.001198671438,0.002504429635,0.01055267347,0.004013597093,0.001369772504,0.0004612232122,0.004440184816,0.0004716053833,0.001364312539,0.0032610835,0.005847413608,0.00908265731,0.01542409067,0.005866393725,0.002002102201,0.0006741387499,0.004836472746,0.0004716057346,0.001364312001,0.003261078765,0.005847399191,0.009082633155,0.0002206419861,5.985104274e-05,1.456795804e-05,3.590583622e-06,0.0001763146627,3.561886069e-06,1.629899988e-05,5.963896804e-05,0.0001453077701,0.0002936457342,0.0001509562466,4.094815016e-05,9.966917952e-06,2.456557366e-06,0.0001618679002,3.561883416e-06,1.629900631e-05,5.963905464e-05,0.0001453081284,0.0002936465152,2.265878466e-07,2.781490825e-08,2.584246547e-09,2.25106308e-10,1.10164118e-05,3.803893329e-09,1.126605085e-07,1.941421607e-06,1.357061947e-05,6.320296709e-05,3.411394665e-10,2.634474717e-11,1.398489089e-12,6.671282688e-14,9.575174063e-07,6.664627307e-12,6.581828893e-10,3.121898423e-08,4.082222489e-07,3.130820996e-06,3.816016077e-10,4.670064023e-11,4.093989302e-12,3.218787556e-13,1.471260404e-06,4.572498181e-11,2.953273566e-09,9.882193203e-08,1.048561219e-06,6.788011079e-06,9.867166905e-11,1.358411321e-11,1.33961913e-12,1.174141253e-13,1.049852365e-06,2.542077129e-11,1.694525585e-09,5.838856873e-08,6.237796034e-07,4.040305274e-06,1.385465043e-11,2.21317027e-12,2.532475851e-13,2.546226479e-14,6.129951812e-07,9.294750882e-12,6.447838257e-10,2.305546471e-08,2.458499645e-07,1.575882013e-06,8.948429487e-14,1.314547829e-14,1.327421791e-15,1.146422211e-16,1.123458415e-07,1.137391199e-13,1.387476165e-11,8.007361751e-10,1.080367634e-08,8.217549882e-08,6.080052836e-20,3.448593695e-21,1.14988737e-22,3.108140422e-24,8.589512911e-10,2.427693334e-20,2.793458547e-17,1.088995424e-14,3.808012497e-13,5.994626048e-12,2.220380709e-20,1.026077788e-21,2.787479771e-23,6.236199107e-25,3.857197137e-10,2.473013215e-21,3.358185443e-18,1.526794143e-15,5.59697068e-14,9.119598416e-13,2.691175802e-21,9.65809602e-23,2.037602974e-24,3.609697741e-26,1.094308665e-10,8.029204059e-23,1.390094763e-19,7.919151102e-17,3.098920028e-15,5.282739542e-14,9.290428793e-25,1.802530857e-26,1.827590357e-28,1.482847496e-30,1.498553022e-11,6.853267144e-27,5.057378609e-23,9.703745825e-20,6.193184061e-18,1.488144874e-16
22,0.02259733886,0.01088990742,0.004709062719,0.00197281085,0.01410340821,0.00422228589,0.0118453222,0.02751766725,0.0503725418,0.07986040849,0.03202795427,0.01543463715,0.006674320329,0.002796136242,0.01525602599,0.004222288779,0.0118453179,0.02751763053,0.05037242768,0.07986021332,0.0004272422504,0.00014487112,4.407911225e-05,1.334957892e-05,0.0005173217663,2.905087255e-05,0.0001313016344,0.000474955459,0.001198668704,0.002504423505,0.0003014409795,0.000102213811,3.10999913e-05,9.418780718e-06,0.0004782372584,2.905085267e-05,0.0001313016819,0.0004749560928,0.00119867142,0.002504429625,0.01055267343,0.00401359705,0.001369772481,0.0004612232013,0.00444018477,0.0004716053941,0.00136431259,0.003261083665,0.005847413984,0.009082658066,0.01542409061,0.005866393662,0.002002102165,0.000674138734,0.004836472696,0.0004716057454,0.001364312052,0.00326107893,0.005847399567,0.00908263391,0.0002206419844,5.98510415e-05,1.456795755e-05,3.59058346e-06,0.0001763146578,3.561886057e-06,1.629900006e-05,5.96389695e-05,0.0001453077756,0.0002936457506,0.0001509562454,4.094814931e-05,9.966917618e-06,2.456557255e-06,0.0001618678958,3.561883404e-06,1.629900649e-05,5.96390561e-05,0.0001453081338,0.0002936465316,2.265878391e-07,2.781490584e-08,2.584246184e-09,2.251062652e-10,1.101641063e-05,3.803892769e-09,1.126604946e-07,1.941421413e-06,1.357061835e-05,6.320296315e-05,3.411394494e-10,2.634474371e-11,1.398488792e-12,6.671280767e-14,9.575172642e-07,6.66462561e-12,6.581827408e-10,3.121897802e-08,4.082221747e-07,3.130820477e-06,3.819598992e-10,4.674886142e-11,4.098600004e-12,3.222690881e-13,1.472105354e-06,4.577969623e-11,2.956478554e-09,9.891895864e-08,1.049529217e-06,6.793939064e-06,9.888164958e-11,1.361689531e-11,1.34323415e-12,1.177618997e-13,1.051455384e-06,2.55052915e-11,1.699638226e-09,5.854805818e-08,6.253829361e-07,4.050135218e-06,1.390497311e-11,2.222377151e-12,2.544348541e-13,2.559405566e-14,6.146695624e-07,9.350701862e-12,6.483061514e-10,2.316949749e-08,2.469943666e-07,1.582826221e-06,9.003608035e-14,1.323909469e-14,1.338144381e-15,1.156695529e-16,1.128580191e-07,1.149357057e-13,1.400723035e-11,8.076583881e-10,1.089180207e-08,8.281170329e-08,6.148594504e-20,3.494077692e-21,1.167260689e-22,3.160617808e-24,8.653502228e-10,2.475513084e-20,2.843397333e-17,1.106625644e-14,3.866685893e-13,6.083067186e-12,2.249708344e-20,1.042074793e-21,2.837593365e-23,6.36208974e-25,3.891275746e-10,2.530684238e-21,3.429272567e-18,1.556069259e-15,5.699142351e-14,9.279037819e-13,2.739488256e-21,9.866919079e-23,2.089162816e-24,3.713351216e-26,1.108105596e-10,8.297795272e-23,1.432275451e-19,8.136659192e-17,3.179913126e-15,5.414878627e-14,9.399112994e-25,1.826275662e-26,1.854364025e-28,1.506594856e-30,1.507685875e-11,6.970307229e-27,5.136026879e-23,9.840913097e-20,6.277293766e-18,1.507694233e-16
23,0.02259733867,0.01088990718,0.004709062548,0.001972810753,0.01410340776,0.00422228581,0.01184532211,0.02751766734,0.05037254245,0.07986041049,0.03202795399,0.01543463681,0.006674320087,0.002796136106,0.0152560255,0.0042222887,0.01184531782,0.02751763062,0.05037242833,0.07986021533,0.000427242245,0.0001448711153,4.407910991e-05,1.334957796e-05,0.0005173217403,2.905087119e-05,0.0001313016297,0.0004749554472,0.001198668685,0.002504423495,0.0003014409758,0.0001022138077,3.109998965e-05,9.41878004e-06,0.0004782372344,2.905085131e-05,0.0001313016773,0.000474956081,0.001198671401,0.002504429615,0.01055267339,0.004013597005,0.001369772456,0.0004612231901,0.004440184724,0.0004716054052,0.001364312642,0.003261083834,0.005847414368,0.009082658839,0.01542409054,0.005866393597,0.00200210213,0.0006741387176,0.004836472646,0.0004716057564,0.001364312104,0.003261079099,0.005847399951,0.009082634684,0.0002206419826,5.985104023e-05,1.456795705e-05,3.590583293e-06,0.0001763146529,3.561886045e-06,1.629900025e-05,5.963897099e-05,0.0001453077812,0.0002936457674,0.0001509562442,4.094814844e-05,9.966917276e-06,2.456557141e-06,0.0001618678913,3.561883392e-06,1.629900667e-05,5.963905759e-05,0.0001453081394,0.0002936465483,2.265878314e-07,2.781490337e-08,2.584245812e-09,2.251062214e-10,1.101640944e-05,3.803892195e-09,1.126604805e-07,1.941421214e-06,1.357061721e-05,6.320295912e-05,3.411394319e-10,2.634474016e-11,1.398488487e-12,6.6712788e-14,9.575171188e-07,6.664623872e-12,6.581825887e-10,3.121897167e-08,4.082220988e-07,3.130819946e-06,3.823269928e-10,4.679826822e-11,4.103324222e-12,3.226690459e-13,1.472970579e-06,4.583575917e-11,2.959762181e-09,9.901835607e-08,1.050520815e-06,6.800011316e-06,9.90967199e-11,1.365047884e-11,1.346938363e-12,1.181183313e-13,1.053096165e-06,2.559196696e-11,1.704879669e-09,5.871152046e-08,6.270259619e-07,4.060207277e-06,1.395656809e-11,2.231821179e-12,2.556532869e-13,2.572936684e-14,6.163848349e-07,9.408216311e-12,6.519249217e-10,2.328659333e-08,2.481691825e-07,1.589953322e-06,9.060333233e-14,1.333542349e-14,1.34918788e-15,1.167285435e-16,1.13383775e-07,1.161715366e-13,1.414391214e-11,8.147943978e-10,1.098260654e-08,8.346698452e-08,6.219473862e-20,3.541202011e-21,1.185294734e-22,3.215186619e-24,8.719428413e-10,2.525390609e-20,2.895391539e-17,1.124950928e-14,3.927625771e-13,6.174866073e-12,2.280111852e-20,1.058697679e-21,2.889790558e-23,6.493500744e-25,3.926452746e-10,2.591083065e-21,3.503564291e-18,1.586603931e-15,5.805613746e-14,9.445061439e-13,2.790143133e-21,1.008645013e-22,2.143526247e-24,3.822955371e-26,1.122452553e-10,8.582840456e-23,1.476905213e-19,8.366153473e-17,3.26526095e-15,5.553975221e-14,9.508853555e-25,1.850345964e-26,1.881598318e-28,1.530819835e-30,1.516939545e-11,7.090363356e-27,5.216573068e-23,9.981179823e-20,6.36324741e-18,1.527660556e-16
24,0.02259733847,0.01088990693,0.004709062374,0.001972810654,0.0141034073,0.004222285728,0.01184532202,0.02751766742,0.05037254312,0.07986041254,0.03202795371,0.01543463646,0.006674319841,0.002796135966,0.015256025,0.004222288618,0.01184531772,0.0275176307,0.05037242899,0.07986021738,0.0004272422395,0.0001448711104,4.407910751e-05,1.334957697e-05,0.0005173217137,2.90508698e-05,0.0001313016249,0.0004749554351,0.001198668666,0.002504423484,0.0003014409719,0.0001022138042,3.109998796e-05,9.418779347e-06,0.0004782372098,2.905084992e-05,0.0001313016725,0.0004749560689,0.001198671382,0.002504429605,0.01055267334,0.00401359696,0.001369772431,0.0004612231787,0.004440184676,0.0004716054165,0.001364312695,0.003261084007,0.005847414761,0.009082659629,0.01542409047,0.00586639353,0.002002102093,0.0006741387009,0.004836472594,0.0004716057677,0.001364312157,0.003261079272,0.005847400344,0.009082635474,0.0002206419808,5.985103893e-05,1.456795654e-05,3.590583123e-06,0.0001763146478,3.561886032e-06,1.629900044e-05,5.963897251e-05,0.0001453077868,0.0002936457845,0.0001509562429,4.094814756e-05,9.966916926e-06,2.456557024e-06,0.0001618678866,3.561883379e-06,1.629900686e-05,5.963905912e-05,0.0001453081451,0.0002936465655,2.265878236e-07,2.781490084e-08,2.584245432e-09,2.251061766e-10,1.101640822e-05,3.803891608e-09,1.12660466e-07,1.941421011e-06,1.357061604e-05,6.3202955e-05,3.41139414e-10,2.634473654e-11,1.398488176e-12,6.671276791e-14,9.575169702e-07,6.664622096e-12,6.581824334e-10,3.121896518e-08,4.082220213e-07,3.130819404e-06,3.827021836e-10,4.684876585e-11,4.108152902e-12,3.230778636e-13,1.473854385e-06,4.589306327e-11,2.963118133e-09,9.911993257e-08,1.051534096e-06,6.80621608e-06,9.931646032e-11,1.368479868e-11,1.350724642e-12,1.184827394e-13,1.054771434e-06,2.568063583e-11,1.710240017e-09,5.887864389e-08,6.287055316e-07,4.070502064e-06,1.400933793e-11,2.241484813e-12,2.5690066e-13,2.586795564e-14,6.181376648e-07,9.467196347e-12,6.556338337e-10,2.340654406e-08,2.493723004e-07,1.597250391e-06,9.1185088e-14,1.343430775e-14,1.360535074e-15,1.178176133e-16,1.139221618e-07,1.174449704e-13,1.428461459e-11,8.221336462e-10,1.107595201e-08,8.414032822e-08,6.292604917e-20,3.589917363e-21,1.203973797e-22,3.271808523e-24,8.787191353e-10,2.577306589e-20,2.949411457e-17,1.143957784e-14,3.990782781e-13,6.269942823e-12,2.311561401e-20,1.075933835e-21,2.944043982e-23,6.630393012e-25,3.962680387e-10,2.654213932e-21,3.581048333e-18,1.618386691e-15,5.91633491e-14,9.617578583e-13,2.843155067e-21,1.031682336e-22,2.200746602e-24,3.938659044e-26,1.13734005e-10,8.8848652e-23,1.524047445e-19,8.607873766e-17,3.355038672e-15,5.700133254e-14,9.619244515e-25,1.874660345e-26,1.909208775e-28,1.55545306e-30,1.526287536e-11,7.213164385e-27,5.298827499e-23,1.01242034e-19,6.450831195e-18,1.547993326e-16
25,0.02259733827,0.01088990668,0.004709062197,0.001972810554,0.01410340683,0.004222285645,0.01184532192,0.02751766751,0.05037254379,0.07986041463,0.03202795343,0.0154346361,0.00667431959,0.002796135823,0.0152560245,0.004222288535,0.01184531763,0.02751763079,0.05037242967,0.07986021947,0.000427242234,0.0001448711055,4.407910507e-05,1.334957597e-05,0.0005173216866,2.905086838e-05,0.0001313016201,0.0004749554228,0.001198668647,0.002504423474,0.000301440968,0.0001022138007,3.109998623e-05,9.418778641e-06,0.0004782371848,2.90508485e-05,0.0001313016677,0.0004749560566,0.001198671363,0.002504429594,0.0105526733,0.004013596914,0.001369772405,0.0004612231671,0.004440184627,0.000471605428,0.001364312749,0.003261084183,0.005847415161,0.009082660434,0.01542409041,0.005866393463,0.002002102056,0.0006741386839,0.004836472541,0.0004716057793,0.001364312211,0.003261079448,0.005847400744,0.009082636279,0.0002206419789,5.985103761e-05,1.456795602e-05,3.590582949e-06,0.0001763146427,3.561886019e-06,1.629900063e-05,5.963897407e-05,0.0001453077926,0.000293645802,0.0001509562417,4.094814665e-05,9.96691657e-06,2.456556906e-06,0.0001618678819,3.561883366e-06,1.629900705e-05,5.963906067e-05,0.0001453081509,0.000293646583,2.265878156e-07,2.781489827e-08,2.584245045e-09,2.25106131e-10,1.101640698e-05,3.803891011e-09,1.126604512e-07,1.941420804e-06,1.357061485e-05,6.32029508e-05,3.411393958e-10,2.634473285e-11,1.398487858e-12,6.671274743e-14,9.575168188e-07,6.664620287e-12,6.58182275e-10,3.121895857e-08,4.082219423e-07,3.130818851e-06,3.830847654e-10,4.69002593e-11,4.113076969e-12,3.234947737e-13,1.474755077e-06,4.595150091e-11,2.966540086e-09,9.922349605e-08,1.052567141e-06,6.812541587e-06,9.954045046e-11,1.371978958e-11,1.354585835e-12,1.188544402e-13,1.056477919e-06,2.577113525e-11,1.715709326e-09,5.904911559e-08,6.304184852e-07,4.081000133e-06,1.406318465e-11,2.251350378e-12,2.581747294e-13,2.600957668e-14,6.199247095e-07,9.527542555e-12,6.594265001e-10,2.35291391e-08,2.506015871e-07,1.604704381e-06,9.178036902e-14,1.353558737e-14,1.372168331e-15,1.189351378e-16,1.144722228e-07,1.18754302e-13,1.442913891e-11,8.296652763e-10,1.117169717e-08,8.483069565e-08,6.367897773e-20,3.640171528e-21,1.223280947e-22,3.330441235e-24,8.856688452e-10,2.631237915e-20,3.00542355e-17,1.163631433e-14,4.056103401e-13,6.368211418e-12,2.344025265e-20,1.093769506e-21,3.000322451e-23,6.772717544e-25,3.999909309e-10,2.720076612e-21,3.661706867e-18,1.651403824e-15,6.031248137e-14,9.796486649e-13,2.898535852e-21,1.055816224e-22,2.260875166e-24,4.060608521e-26,1.152757647e-10,9.204394323e-23,1.573764454e-19,8.862050687e-17,3.44931756e-15,5.853449731e-14,9.729881225e-25,1.899137077e-26,1.937110018e-28,1.580423947e-30,1.535703878e-11,7.338431816e-27,5.382596651e-23,1.026963636e-19,6.539828734e-18,1.568641492e-16
26,0.02259733807,0.01088990642,0.004709062017,0.001972810452,0.01410340635,0.004222285561,0.01184532183,0.0275176676,0.05037254448,0.07986041676,0.03202795314,0.01543463573,0.006674319334,0.002796135679,0.01525602398,0.004222288451,0.01184531754,0.02751763088,0.05037243036,0.07986022159,0.0004272422283,0.0001448711004,4.407910258e-05,1.334957496e-05,0.0005173216591,2.905086694e-05,0.0001313016152,0.0004749554103,0.001198668627,0.002504423463,0.000301440964,0.0001022137972,3.109998448e-05,9.418777923e-06,0.0004782371593,2.905084705e-05,0.0001313016627,0.0004749560441,0.001198671343,0.002504429584,0.01055267325,0.004013596867,0.001369772379,0.0004612231552,0.004440184578,0.0004716054397,0.001364312804,0.003261084363,0.005847415568,0.009082661253,0.01542409034,0.005866393394,0.002002102018,0.0006741386666,0.004836472487,0.000471605791,0.001364312266,0.003261079627,0.005847401151,0.009082637098,0.000220641977,5.985103627e-05,1.456795549e-05,3.590582772e-06,0.0001763146375,3.561886006e-06,1.629900082e-05,5.963897565e-05,0.0001453077985,0.0002936458198,0.0001509562404,4.094814573e-05,9.966916208e-06,2.456556785e-06,0.0001618678771,3.561883353e-06,1.629900725e-05,5.963906225e-05,0.0001453081568,0.0002936466007,2.265878075e-07,2.781489566e-08,2.584244652e-09,2.251060846e-10,1.101640572e-05,3.803890403e-09,1.126604362e-07,1.941420593e-06,1.357061364e-05,6.320294653e-05,3.411393773e-10,2.634472909e-11,1.398487536e-12,6.67127266e-14,9.575166648e-07,6.664618447e-12,6.58182114e-10,3.121895185e-08,4.08221862e-07,3.130818288e-06,3.834740307e-10,4.695265337e-11,4.118087328e-12,3.239190071e-13,1.47567096e-06,4.60109642e-11,2.970021701e-09,9.932885412e-08,1.053618028e-06,6.818976052e-06,9.976826928e-11,1.375538613e-11,1.358514769e-12,1.192327475e-13,1.05821235e-06,2.586330137e-11,1.721277601e-09,5.92226214e-08,6.321616521e-07,4.091681983e-06,1.411800967e-11,2.261400068e-12,2.594732293e-13,2.615398176e-14,6.217426182e-07,9.589153902e-12,6.632964449e-10,2.365416543e-08,2.518548863e-07,1.612302117e-06,9.238818066e-14,1.363909891e-14,1.384069572e-15,1.200794444e-16,1.150329914e-07,1.200977582e-13,1.457727951e-11,8.373781102e-10,1.126969687e-08,8.553702194e-08,6.445258271e-20,3.691909064e-21,1.243197887e-22,3.391038043e-24,8.927814446e-10,2.687157139e-20,3.063389952e-17,1.183955652e-14,4.123529449e-13,6.469579025e-12,2.37746961e-20,1.112189657e-21,3.058590445e-23,6.920413931e-25,4.038088397e-10,2.78866558e-21,3.745515606e-18,1.685639026e-15,6.150286881e-14,9.981669503e-13,2.956293707e-21,1.0810576e-22,2.323960206e-24,4.188945431e-26,1.168693819e-10,9.541945922e-23,1.626116585e-19,9.128901414e-17,3.548163454e-15,6.014012344e-14,9.840362633e-25,1.923694546e-26,1.965216151e-28,1.605660995e-30,1.545163208e-11,7.465880546e-27,5.467683721e-23,1.04171274e-19,6.630021724e-18,1.589553641e-16
27,0.02259733786,0.01088990616,0.004709061834,0.001972810348,0.01410340586,0.004222285475,0.01184532173,0.02751766769,0.05037254518,0.07986041891,0.03202795285,0.01543463536,0.006674319075,0.002796135532,0.01525602345,0.004222288365,0.01184531744,0.02751763097,0.05037243105,0.07986022375,0.0004272422226,0.0001448710953,4.407910006e-05,1.334957392e-05,0.0005173216311,2.905086547e-05,0.0001313016102,0.0004749553976,0.001198668607,0.002504423453,0.0003014409599,0.0001022137936,3.10999827e-05,9.418777195e-06,0.0004782371335,2.905084559e-05,0.0001313016577,0.0004749560314,0.001198671323,0.002504429573,0.0105526732,0.004013596819,0.001369772353,0.0004612231432,0.004440184528,0.0004716054516,0.00136431286,0.003261084544,0.005847415981,0.009082662084,0.01542409027,0.005866393324,0.002002101979,0.0006741386491,0.004836472432,0.0004716058029,0.001364312322,0.003261079809,0.005847401564,0.009082637928,0.0002206419751,5.985103491e-05,1.456795495e-05,3.590582593e-06,0.0001763146321,3.561885993e-06,1.629900102e-05,5.963897726e-05,0.0001453078045,0.0002936458378,0.0001509562391,4.09481448e-05,9.966915841e-06,2.456556662e-06,0.0001618678722,3.56188334e-06,1.629900745e-05,5.963906386e-05,0.0001453081628,0.0002936466188,2.265877992e-07,2.7814893e-08,2.584244252e-09,2.251060376e-10,1.101640444e-05,3.803889786e-09,1.12660421e-07,1.941420379e-06,1.357061241e-05,6.32029422e-05,3.411393585e-10,2.634472528e-11,1.398487208e-12,6.671270547e-14,9.575165085e-07,6.66461658e-12,6.581819507e-10,3.121894502e-08,4.082217804e-07,3.130817717e-06,3.8386927e-10,4.700585265e-11,4.123174859e-12,3.243497923e-13,1.47660034e-06,4.607134499e-11,2.973556626e-09,9.943581403e-08,1.054684831e-06,6.825507671e-06,9.999949513e-11,1.379152276e-11,1.362504245e-12,1.19616972e-13,1.059971463e-06,2.595696928e-11,1.726934796e-09,5.93988459e-08,6.339318507e-07,4.102528055e-06,1.417371388e-11,2.271615935e-12,2.607938718e-13,2.630091977e-14,6.23588032e-07,9.651927664e-12,6.672370993e-10,2.378140743e-08,2.531300185e-07,1.620030295e-06,9.300751106e-14,1.374467541e-14,1.396220248e-15,1.212488093e-16,1.156034907e-07,1.214734932e-13,1.47288235e-11,8.452606288e-10,1.136980188e-08,8.625821455e-08,6.524587654e-20,3.745071022e-21,1.263704825e-22,3.453547334e-24,9.000461236e-10,2.745031926e-20,3.123267966e-17,1.204912617e-14,4.192997611e-13,6.573945316e-12,2.411858303e-20,1.131177835e-21,3.118807585e-23,7.073408815e-25,4.077164653e-10,2.859969148e-21,3.832442863e-18,1.721073072e-15,6.273374639e-14,1.017299585e-12,3.016432491e-21,1.10741558e-22,2.390045922e-24,4.323804438e-26,1.18513583e-10,9.898024749e-23,1.681161246e-19,9.408625108e-17,3.651635148e-15,6.181896922e-14,9.950293674e-25,1.948251707e-26,1.993441214e-28,1.631092139e-30,1.554640849e-11,7.595219765e-27,5.55388927e-23,1.05663226e-19,6.721190696e-18,1.61067817e-16
28,0.02259733765,0.01088990589,0.004709061649,0.001972810243,0.01410340537,0.004222285388,0.01184532164,0.02751766778,0.05037254589,0.0798604211,0.03202795255,0.01543463499,0.006674318812,0.002796135383,0.01525602292,0.004222288278,0.01184531734,0.02751763106,0.05037243176,0.07986022593,0.0004272422167,0.0001448710901,4.407909751e-05,1.334957288e-05,0.0005173216028,2.905086399e-05,0.0001313016051,0.0004749553848,0.001198668587,0.002504423442,0.0003014409558,0.0001022137899,3.10999809e-05,9.418776457e-06,0.0004782371073,2.905084411e-05,0.0001313016527,0.0004749560185,0.001198671302,0.002504429562,0.01055267315,0.004013596771,0.001369772326,0.0004612231311,0.004440184477,0.0004716054636,0.001364312917,0.003261084728,0.005847416399,0.009082662925,0.0154240902,0.005866393254,0.00200210194,0.0006741386313,0.004836472377,0.0004716058149,0.001364312379,0.003261079993,0.005847401982,0.00908263877,0.0002206419732,5.985103353e-05,1.456795441e-05,3.590582412e-06,0.0001763146268,3.561885979e-06,1.629900122e-05,5.963897888e-05,0.0001453078106,0.0002936458561,0.0001509562377,4.094814386e-05,9.966915468e-06,2.456556538e-06,0.0001618678673,3.561883326e-06,1.629900765e-05,5.963906548e-05,0.0001453081689,0.000293646637,2.265877909e-07,2.781489031e-08,2.584243848e-09,2.251059899e-10,1.101640314e-05,3.803889162e-09,1.126604056e-07,1.941420163e-06,1.357061117e-05,6.320293781e-05,3.411393395e-10,2.634472142e-11,1.398486877e-12,6.671268407e-14,9.575163503e-07,6.66461469e-12,6.581817852e-10,3.121893811e-08,4.082216979e-07,3.13081714e-06,3.842697726e-10,4.705976147e-11,4.128330423e-12,3.24786356e-13,1.47754152e-06,4.613253481e-11,2.977138495e-09,9.954418267e-08,1.055765622e-06,6.832124626e-06,1.002337057e-10,1.382813377e-11,1.366547046e-12,1.200064218e-13,1.061751996e-06,2.605197303e-11,1.732670812e-09,5.957747241e-08,6.357258887e-07,4.113518733e-06,1.423019755e-11,2.281979894e-12,2.621343464e-13,2.645013661e-14,6.254575845e-07,9.715759356e-12,6.712417987e-10,2.391064683e-08,2.544247798e-07,1.627875477e-06,9.363733058e-14,1.385214624e-14,1.408601317e-15,1.22441455e-16,1.161827332e-07,1.228795834e-13,1.488355028e-11,8.533009533e-10,1.147185871e-08,8.699315187e-08,6.605782243e-20,3.799594671e-21,1.284780345e-22,3.517912127e-24,9.074517728e-10,2.804824497e-20,3.185009562e-17,1.226482758e-14,4.264438967e-13,6.681201802e-12,2.447152717e-20,1.150716034e-21,3.18092811e-23,7.231614339e-25,4.11708307e-10,2.933968569e-21,3.922448593e-18,1.757683468e-15,6.400423849e-14,1.03703176e-12,3.078950885e-21,1.134897068e-22,2.459171316e-24,4.465310714e-26,1.202069594e-10,1.027311487e-22,1.738951862e-19,9.701397995e-17,3.75978264e-15,6.357164713e-14,1.005928776e-24,1.972728565e-26,2.021699647e-28,1.656645109e-30,1.564112887e-11,7.726153963e-27,5.641011929e-23,1.071686666e-19,6.813115803e-18,1.631963481e-16
29,0.02259733744,0.01088990562,0.004709061462,0.001972810137,0.01410340487,0.004222285301,0.01184532154,0.02751766787,0.0503725466,0.0798604233,0.03202795225,0.01543463461,0.006674318547,0.002796135232,0.01525602238,0.00422228819,0.01184531725,0.02751763115,0.05037243248,0.07986022814,0.0004272422109,0.0001448710849,4.407909493e-05,1.334957182e-05,0.0005173215742,2.905086249e-05,0.0001313016,0.0004749553718,0.001198668566,0.002504423431,0.0003014409517,0.0001022137862,3.109997908e-05,9.418775711e-06,0.0004782370809,2.905084261e-05,0.0001313016475,0.0004749560055,0.001198671282,0.002504429551,0.0105526731,0.004013596722,0.001369772299,0.0004612231188,0.004440184426,0.0004716054758,0.001364312974,0.003261084914,0.005847416822,0.009082663775,0.01542409013,0.005866393182,0.002002101901,0.0006741386133,0.004836472321,0.0004716058271,0.001364312436,0.003261080179,0.005847402404,0.00908263962,0.0002206419712,5.985103213e-05,1.456795386e-05,3.590582229e-06,0.0001763146213,3.561885965e-06,1.629900142e-05,5.963898052e-05,0.0001453078167,0.0002936458745,0.0001509562364,4.09481429e-05,9.966915092e-06,2.456556413e-06,0.0001618678623,3.561883312e-06,1.629900785e-05,5.963906712e-05,0.000145308175,0.0002936466555,2.265877825e-07,2.781488759e-08,2.584243439e-09,2.251059417e-10,1.101640183e-05,3.803888531e-09,1.1266039e-07,1.941419944e-06,1.357060991e-05,6.320293338e-05,3.411393202e-10,2.634471752e-11,1.398486541e-12,6.671266243e-14,9.575161903e-07,6.664612778e-12,6.58181618e-10,3.121893113e-08,4.082216144e-07,3.130816555e-06,3.846748258e-10,4.711428395e-11,4.133544853e-12,3.252279226e-13,1.478492805e-06,4.619442493e-11,2.980760927e-09,9.96537666e-08,1.05685847e-06,6.83881508e-06,1.004704783e-10,1.386515329e-11,1.370635927e-12,1.204004021e-13,1.063550692e-06,2.614814556e-11,1.738475497e-09,5.975818294e-08,6.375405626e-07,4.124634343e-06,1.42873604e-11,2.292473717e-12,2.634923197e-13,2.660137515e-14,6.273479017e-07,9.780542682e-12,6.753037796e-10,2.404166263e-08,2.557369418e-07,1.635824089e-06,9.427659123e-14,1.3961337e-14,1.421193221e-15,1.236555481e-16,1.167697208e-07,1.243140241e-13,1.504123119e-11,8.614868286e-10,1.157570937e-08,8.774068195e-08,6.68873313e-20,3.855413234e-21,1.306401278e-22,3.584069615e-24,9.149869686e-10,2.866491078e-20,3.248560881e-17,1.248644602e-14,4.337778532e-13,6.791231193e-12,2.48331154e-20,1.170784563e-21,3.24490036e-23,7.394926578e-25,4.157786512e-10,3.010637133e-21,4.015483423e-18,1.795444116e-15,6.531334773e-14,1.057346826e-12,3.143841525e-21,1.163506331e-22,2.531368976e-24,4.613577194e-26,1.21947955e-10,1.066767157e-22,1.799536718e-19,1.000736807e-16,3.872645275e-15,6.539859498e-14,1.016696931e-24,1.997046667e-26,2.049906797e-28,1.682247835e-30,1.573556243e-11,7.858384051e-27,5.728849167e-23,1.086840427e-19,6.905577678e-18,1.653358177e-16
30,0.02259733723,0.01088990535,0.004709061273,0.00197281003,0.01410340437,0.004222285212,0.01184532144,0.02751766796,0.05037254732,0.07986042553,0.03202795195,0.01543463422,0.006674318279,0.002796135081,0.01525602184,0.004222288102,0.01184531715,0.02751763124,0.0503724332,0.07986023036,0.0004272422049,0.0001448710796,4.407909233e-05,1.334957075e-05,0.0005173215453,2.905086098e-05,0.0001313015948,0.0004749553587,0.001198668545,0.00250442342,0.0003014409475,0.0001022137825,3.109997725e-05,9.418774959e-06,0.0004782370542,2.905084109e-05,0.0001313016424,0.0004749559924,0.001198671261,0.00250442954,0.01055267305,0.004013596673,0.001369772272,0.0004612231064,0.004440184374,0.0004716054881,0.001364313032,0.003261085102,0.005847417248,0.009082664633,0.01542409005,0.00586639311,0.002002101861,0.0006741385952,0.004836472265,0.0004716058393,0.001364312494,0.003261080367,0.005847402831,0.009082640478,0.0002206419693,5.985103072e-05,1.45679533e-05,3.590582044e-06,0.0001763146158,3.561885951e-06,1.629900163e-05,5.963898218e-05,0.0001453078229,0.0002936458931,0.000150956235,4.094814194e-05,9.966914713e-06,2.456556286e-06,0.0001618678573,3.561883299e-06,1.629900805e-05,5.963906878e-05,0.0001453081812,0.0002936466741,2.26587774e-07,2.781488485e-08,2.584243027e-09,2.251058931e-10,1.101640051e-05,3.803887894e-09,1.126603743e-07,1.941419723e-06,1.357060865e-05,6.32029289e-05,3.411393008e-10,2.634471359e-11,1.398486203e-12,6.671264061e-14,9.57516029e-07,6.66461085e-12,6.581814493e-10,3.121892408e-08,4.082215302e-07,3.130815966e-06,3.850837154e-10,4.716932397e-11,4.138808963e-12,3.256737147e-13,1.4794525e-06,4.625690631e-11,2.984417529e-09,9.976437202e-08,1.057961439e-06,6.845567181e-06,1.007093895e-10,1.390251534e-11,1.374763626e-12,1.207982152e-13,1.0653643e-06,2.624531875e-11,1.744338648e-09,5.994065826e-08,6.393726584e-07,4.135855159e-06,1.434510156e-11,2.303079033e-12,2.648654349e-13,2.675437515e-14,6.292556028e-07,9.846169486e-12,6.794161779e-10,2.417423106e-08,2.570642508e-07,1.643862415e-06,9.492422627e-14,1.407206933e-14,1.433975876e-15,1.248891971e-16,1.17363444e-07,1.257747248e-13,1.520162909e-11,8.698056079e-10,1.168119124e-08,8.84996214e-08,6.773325895e-20,3.912455637e-21,1.328542579e-22,3.651950715e-24,9.226399605e-10,2.92998134e-20,3.313861748e-17,1.271374631e-14,4.412934814e-13,6.903906766e-12,2.520290595e-20,1.191361914e-21,3.31066626e-23,7.563223967e-25,4.199215608e-10,3.08993923e-21,4.111487673e-18,1.834324962e-15,6.665994387e-14,1.078226127e-12,3.211090106e-21,1.19324454e-22,2.606663776e-24,4.768701601e-26,1.237348532e-10,1.108211243e-22,1.862957725e-19,1.032664945e-16,3.990249766e-15,6.730004534e-14,1.027297629e-24,2.021129608e-26,2.077979425e-28,1.707828852e-30,1.582948741e-11,7.991608561e-27,5.817198101e-23,1.102058151e-19,6.998358296e-18,1.674811273e-16
31,0.02259733701,0.01088990508,0.004709061082,0.001972809922,0.01410340387,0.004222285123,0.01184532134,0.02751766806,0.05037254805,0.07986042777,0.03202795165,0.01543463384,0.006674318009,0.002796134928,0.0152560213,0.004222288013,0.01184531705,0.02751763134,0.05037243392,0.07986023261,0.000427242199,0.0001448710743,4.407908971e-05,1.334956968e-05,0.0005173215163,2.905085945e-05,0.0001313015896,0.0004749553455,0.001198668525,0.002504423409,0.0003014409433,0.0001022137787,3.10999754e-05,9.418774201e-06,0.0004782370273,2.905083957e-05,0.0001313016372,0.0004749559792,0.00119867124,0.002504429529,0.010552673,0.004013596623,0.001369772245,0.0004612230939,0.004440184322,0.0004716055005,0.00136431309,0.003261085291,0.005847417677,0.009082665498,0.01542408998,0.005866393038,0.002002101821,0.0006741385769,0.004836472208,0.0004716058517,0.001364312552,0.003261080556,0.00584740326,0.009082641342,0.0002206419673,5.985102931e-05,1.456795274e-05,3.590581857e-06,0.0001763146103,3.561885938e-06,1.629900183e-05,5.963898385e-05,0.0001453078291,0.0002936459119,0.0001509562337,4.094814097e-05,9.966914331e-06,2.456556159e-06,0.0001618678522,3.561883285e-06,1.629900826e-05,5.963907045e-05,0.0001453081874,0.0002936466928,2.265877654e-07,2.781488209e-08,2.584242611e-09,2.251058442e-10,1.101639918e-05,3.803887253e-09,1.126603585e-07,1.941419501e-06,1.357060737e-05,6.32029244e-05,3.411392813e-10,2.634470963e-11,1.398485863e-12,6.671261863e-14,9.575158664e-07,6.664608909e-12,6.581812794e-10,3.121891699e-08,4.082214454e-07,3.130815372e-06,3.854957255e-10,4.722478518e-11,4.144113539e-12,3.261229524e-13,1.480418909e-06,4.631986963e-11,2.98810189e-09,9.987580477e-08,1.059072593e-06,6.85236906e-06,1.009500156e-10,1.394015379e-11,1.378922855e-12,1.211991609e-13,1.067189574e-06,2.634332336e-11,1.750250008e-09,6.012457785e-08,6.412189514e-07,4.147161397e-06,1.440331961e-11,2.313777333e-12,2.662513122e-13,2.69088733e-14,6.311773005e-07,9.912529717e-12,6.835720273e-10,2.430812555e-08,2.584044277e-07,1.651976603e-06,9.557914979e-14,1.418416094e-14,1.44692865e-15,1.261404507e-16,1.179628827e-07,1.272595065e-13,1.536449811e-11,8.782442395e-10,1.178813692e-08,8.926875443e-08,6.859440334e-20,3.97064627e-21,1.351177214e-22,3.721479632e-24,9.30398659e-10,2.995237859e-20,3.380845187e-17,1.294647139e-14,4.489819373e-13,7.01909176e-12,2.558042671e-20,1.212424638e-21,3.378160806e-23,7.736365735e-25,4.241308645e-10,3.171829403e-21,4.210390368e-18,1.874291656e-15,6.804275288e-14,1.099648849e-12,3.28067444e-21,1.224109294e-22,2.685071486e-24,4.930763241e-26,1.255657638e-10,1.151680767e-22,1.92924908e-19,1.065931636e-16,4.1126081e-15,6.927599329e-14,1.037696273e-24,2.044903531e-26,2.105836232e-28,1.733317731e-30,1.592269166e-11,8.125524902e-27,5.905856331e-23,1.11730473e-19,7.091241873e-18,1.696272406e-16
32,0.0225973368,0.01088990481,0.004709060891,0.001972809814,0.01410340336,0.004222285033,0.01184532124,0.02751766815,0.05037254878,0.07986043003,0.03202795134,0.01543463345,0.006674317738,0.002796134774,0.01525602075,0.004222287923,0.01184531695,0.02751763143,0.05037243465,0.07986023486,0.0004272421929,0.0001448710689,4.407908707e-05,1.33495686e-05,0.0005173214871,2.905085792e-05,0.0001313015843,0.0004749553322,0.001198668504,0.002504423397,0.000301440939,0.000102213775,3.109997354e-05,9.418773439e-06,0.0004782370003,2.905083804e-05,0.0001313016319,0.000474955966,0.001198671219,0.002504429518,0.01055267295,0.004013596573,0.001369772217,0.0004612230813,0.00444018427,0.0004716055129,0.001364313149,0.003261085481,0.005847418109,0.009082666366,0.01542408991,0.005866392965,0.00200210178,0.0006741385586,0.004836472151,0.0004716058641,0.001364312611,0.003261080746,0.005847403692,0.009082642211,0.0002206419653,5.985102788e-05,1.456795218e-05,3.59058167e-06,0.0001763146048,3.561885924e-06,1.629900204e-05,5.963898553e-05,0.0001453078354,0.0002936459307,0.0001509562323,4.094814e-05,9.966913946e-06,2.456556031e-06,0.0001618678471,3.561883271e-06,1.629900847e-05,5.963907213e-05,0.0001453081936,0.0002936467117,2.265877568e-07,2.781487932e-08,2.584242194e-09,2.25105795e-10,1.101639784e-05,3.803886608e-09,1.126603425e-07,1.941419278e-06,1.357060608e-05,6.320291987e-05,3.411392616e-10,2.634470564e-11,1.39848552e-12,6.671259654e-14,9.575157031e-07,6.664606957e-12,6.581811086e-10,3.121890985e-08,4.082213602e-07,3.130814776e-06,3.859101384e-10,4.728057097e-11,4.149449344e-12,3.265748536e-13,1.481390338e-06,4.638320524e-11,2.991807587e-09,9.998787034e-08,1.06018999e-06,6.85920883e-06,1.011919324e-10,1.39780024e-11,1.383106308e-12,1.216025362e-13,1.069023276e-06,2.644198909e-11,1.756199268e-09,6.030962e-08,6.430762068e-07,4.158533224e-06,1.446191257e-11,2.324549967e-12,2.676475488e-13,2.706460318e-14,6.331096019e-07,9.979511405e-12,6.877642579e-10,2.444311668e-08,2.597551678e-07,1.660152659e-06,9.624025657e-14,1.429742542e-14,1.460030356e-15,1.274072962e-16,1.185670055e-07,1.287660977e-13,1.552958333e-11,8.867892554e-10,1.189637406e-08,9.004683201e-08,6.946950216e-20,4.029904765e-21,1.374276046e-22,3.792573442e-24,9.38250626e-10,3.062195565e-20,3.449436951e-17,1.318434097e-14,4.568336411e-13,7.136638803e-12,2.596517351e-20,1.233947221e-21,3.447311571e-23,7.914190342e-25,4.284001482e-10,3.256251394e-21,4.312108244e-18,1.915305216e-15,6.946034601e-14,1.121591856e-12,3.352563486e-21,1.256094117e-22,2.766597306e-24,5.099819561e-26,1.274386108e-10,1.197206956e-22,1.99843583e-19,1.100539676e-16,4.239715337e-15,7.132616278e-14,1.047860112e-24,2.068297626e-26,2.13339837e-28,1.758645499e-30,1.601497322e-11,8.259830665e-27,5.994622797e-23,1.132545482e-19,7.184015746e-18,1.71769204e-16
33,0.02259733658,0.01088990454,0.004709060699,0.001972809705,0.01410340285,0.004222284943,0.01184532114,0.02751766824,0.05037254951,0.07986043229,0.03202795103,0.01543463306,0.006674317466,0.00279613462,0.0152560202,0.004222287833,0.01184531685,0.02751763153,0.05037243539,0.07986023712,0.0004272421869,0.0001448710636,4.407908443e-05,1.334956752e-05,0.0005173214577,2.905085639e-05,0.0001313015791,0.0004749553189,0.001198668483,0.002504423386,0.0003014409348,0.0001022137712,3.109997167e-05,9.418772675e-06,0.0004782369732,2.90508365e-05,0.0001313016267,0.0004749559526,0.001198671198,0.002504429507,0.0105526729,0.004013596523,0.001369772189,0.0004612230687,0.004440184217,0.0004716055254,0.001364313208,0.003261085672,0.005847418542,0.009082667238,0.01542408983,0.005866392892,0.00200210174,0.0006741385401,0.004836472094,0.0004716058766,0.00136431267,0.003261080937,0.005847404125,0.009082643083,0.0002206419633,5.985102645e-05,1.456795162e-05,3.590581482e-06,0.0001763145992,3.56188591e-06,1.629900225e-05,5.963898721e-05,0.0001453078417,0.0002936459496,0.0001509562309,4.094813902e-05,9.966913561e-06,2.456555902e-06,0.000161867842,3.561883257e-06,1.629900867e-05,5.963907381e-05,0.0001453081999,0.0002936467306,2.265877481e-07,2.781487653e-08,2.584241775e-09,2.251057456e-10,1.10163965e-05,3.803885961e-09,1.126603266e-07,1.941419053e-06,1.35706048e-05,6.320291532e-05,3.411392419e-10,2.634470165e-11,1.398485177e-12,6.671257437e-14,9.575155392e-07,6.664604998e-12,6.581809372e-10,3.121890269e-08,4.082212746e-07,3.130814177e-06,3.863262347e-10,4.733658451e-11,4.154807118e-12,3.270286344e-13,1.48236509e-06,4.644680322e-11,2.995528183e-09,1.001003739e-07,1.061311686e-06,6.86607459e-06,1.014347154e-10,1.401599482e-11,1.387306662e-12,1.220076359e-13,1.070862173e-06,2.654114455e-11,1.762176067e-09,6.049546176e-08,6.4494118e-07,4.169950755e-06,1.452077793e-11,2.335378148e-12,2.690517188e-13,2.72212953e-14,6.350491089e-07,1.004700064e-11,6.919856959e-10,2.457897223e-08,2.611141413e-07,1.668376447e-06,9.690642185e-14,1.441167226e-14,1.473259244e-15,1.286876582e-16,1.191747698e-07,1.302921325e-13,1.569662054e-11,8.954267616e-10,1.200572531e-08,9.083257122e-08,7.035723061e-20,4.090145786e-21,1.397807727e-22,3.865141683e-24,9.461830656e-10,3.130781216e-20,3.51955507e-17,1.342705017e-14,4.648382371e-13,7.256389355e-12,2.63566086e-20,1.255901968e-21,3.518038211e-23,8.096513941e-25,4.327227457e-10,3.343137174e-21,4.416544771e-18,1.957321686e-15,7.091112919e-14,1.144029541e-12,3.426716344e-21,1.289187938e-22,2.851234311e-24,5.27590249e-26,1.2935112e-10,1.244814112e-22,2.070532355e-19,1.136486567e-16,4.371547303e-15,7.344997133e-14,1.057758476e-24,2.091244601e-26,2.160589952e-28,1.783745066e-30,1.610614078e-11,8.394224925e-27,6.08329862e-23,1.147746295e-19,7.276471254e-18,1.739021678e-16
34,0.02259733636,0.01088990426,0.004709060507,0.001972809596,0.01410340234,0.004222284853,0.01184532104,0.02751766834,0.05037255025,0.07986043455,0.03202795073,0.01543463267,0.006674317194,0.002796134466,0.01525601964,0.004222287743,0.01184531675,0.02751763162,0.05037243612,0.07986023939,0.0004272421809,0.0001448710582,4.407908178e-05,1.334956643e-05,0.0005173214284,2.905085485e-05,0.0001313015738,0.0004749553055,0.001198668461,0.002504423375,0.0003014409305,0.0001022137674,3.109996981e-05,9.41877191e-06,0.0004782369461,2.905083496e-05,0.0001313016214,0.0004749559393,0.001198671177,0.002504429495,0.01055267285,0.004013596473,0.001369772162,0.0004612230561,0.004440184164,0.0004716055378,0.001364313267,0.003261085863,0.005847418976,0.009082668111,0.01542408976,0.005866392818,0.0020021017,0.0006741385217,0.004836472037,0.0004716058891,0.001364312729,0.003261081128,0.005847404559,0.009082643956,0.0002206419612,5.985102502e-05,1.456795105e-05,3.590581294e-06,0.0001763145936,3.561885896e-06,1.629900246e-05,5.963898889e-05,0.0001453078479,0.0002936459686,0.0001509562296,4.094813804e-05,9.966913175e-06,2.456555774e-06,0.0001618678368,3.561883243e-06,1.629900888e-05,5.96390755e-05,0.0001453082062,0.0002936467495,2.265877395e-07,2.781487374e-08,2.584241355e-09,2.251056961e-10,1.101639515e-05,3.803885313e-09,1.126603106e-07,1.941418829e-06,1.357060351e-05,6.320291077e-05,3.411392221e-10,2.634469764e-11,1.398484833e-12,6.671255216e-14,9.575153749e-07,6.664603036e-12,6.581807655e-10,3.121889552e-08,4.08221189e-07,3.130813577e-06,3.867432934e-10,4.739272874e-11,4.160177577e-12,3.274835083e-13,1.483341472e-06,4.651055333e-11,2.999257224e-09,1.002131202e-07,1.062435736e-06,6.872954421e-06,1.016779399e-10,1.405406459e-11,1.39151657e-12,1.224137519e-13,1.072703041e-06,2.664061728e-11,1.768169997e-09,6.068177905e-08,6.468106166e-07,4.18139406e-06,1.457981266e-11,2.346242957e-12,2.704613743e-13,2.737867712e-14,6.369924188e-07,1.011488159e-11,6.962290637e-10,2.471545714e-08,2.624789927e-07,1.676633697e-06,9.757650132e-14,1.452670683e-14,1.486592989e-15,1.299793979e-16,1.197851221e-07,1.318351477e-13,1.586533609e-11,9.041424305e-10,1.211600818e-08,9.162465477e-08,7.125619937e-20,4.151278844e-21,1.421738603e-22,3.939085977e-24,9.541828171e-10,3.200912882e-20,3.591109411e-17,1.36742683e-14,4.729845566e-13,7.378173198e-12,2.675415921e-20,1.278258888e-21,3.590252001e-23,8.28312887e-25,4.370917322e-10,3.432405986e-21,4.523589172e-18,2.000291815e-15,7.239333272e-14,1.166933676e-12,3.503081231e-21,1.32337455e-22,2.938961831e-24,5.459014554e-26,1.313008075e-10,1.294518392e-22,2.145540748e-19,1.173763817e-16,4.508058194e-15,7.564649369e-14,1.06736299e-24,2.113681139e-26,2.18733854e-28,1.808551632e-30,1.619601408e-11,8.528409548e-27,6.17168794e-23,1.162873764e-19,7.368404573e-18,1.760214054e-16
35,0.02259733615,0.01088990399,0.004709060315,0.001972809487,0.01410340183,0.004222284763,0.01184532094,0.02751766843,0.05037255098,0.07986043682,0.03202795042,0.01543463229,0.006674316921,0.002796134311,0.01525601909,0.004222287653,0.01184531665,0.02751763171,0.05037243685,0.07986024165,0.0004272421748,0.0001448710528,4.407907913e-05,1.334956535e-05,0.000517321399,2.905085331e-05,0.0001313015686,0.0004749552922,0.00119866844,0.002504423364,0.0003014409263,0.0001022137636,3.109996794e-05,9.418771144e-06,0.0004782369189,2.905083342e-05,0.0001313016161,0.000474955926,0.001198671156,0.002504429484,0.0105526728,0.004013596423,0.001369772134,0.0004612230435,0.004440184112,0.0004716055503,0.001364313325,0.003261086054,0.00584741941,0.009082668984,0.01542408969,0.005866392745,0.002002101659,0.0006741385032,0.004836471979,0.0004716059016,0.001364312787,0.003261081319,0.005847404993,0.009082644829,0.0002206419592,5.985102359e-05,1.456795049e-05,3.590581106e-06,0.000176314588,3.561885881e-06,1.629900266e-05,5.963899058e-05,0.0001453078542,0.0002936459875,0.0001509562282,4.094813706e-05,9.966912789e-06,2.456555645e-06,0.0001618678317,3.561883229e-06,1.629900909e-05,5.963907718e-05,0.0001453082125,0.0002936467685,2.265877308e-07,2.781487095e-08,2.584240935e-09,2.251056467e-10,1.101639381e-05,3.803884665e-09,1.126602946e-07,1.941418604e-06,1.357060222e-05,6.320290621e-05,3.411392024e-10,2.634469364e-11,1.398484489e-12,6.671252995e-14,9.575152107e-07,6.664601074e-12,6.581805938e-10,3.121888835e-08,4.082211033e-07,3.130812978e-06,3.871605917e-10,4.744890634e-11,4.165551411e-12,3.279386869e-13,1.484317789e-06,4.657434506e-11,3.002988246e-09,1.003259137e-07,1.063560189e-06,6.879836389e-06,1.019211808e-10,1.409214517e-11,1.395728673e-12,1.228201742e-13,1.074542662e-06,2.674023381e-11,1.774170598e-09,6.086824667e-08,6.486812536e-07,4.192843164e-06,1.463891323e-11,2.357125345e-12,2.71874045e-13,2.753647312e-14,6.389361255e-07,1.018303646e-11,7.004869805e-10,2.485233357e-08,2.638473418e-07,1.68491e-06,9.824933118e-14,1.464233033e-14,1.500008694e-15,1.312803126e-16,1.203969979e-07,1.333925812e-13,1.603544669e-11,9.129214951e-10,1.222703505e-08,9.242173065e-08,7.216495294e-20,4.213208122e-21,1.446032621e-22,4.014299674e-24,9.6223635e-10,3.272499447e-20,3.66400126e-17,1.392563769e-14,4.812605829e-13,7.501807961e-12,2.715721622e-20,1.300985594e-21,3.663855378e-23,8.473802191e-25,4.414999177e-10,3.52396339e-21,4.633115479e-18,2.044160738e-15,7.390500128e-14,1.190273271e-12,3.58159444e-21,1.358632048e-22,3.029743759e-24,5.649124802e-26,1.332849684e-10,1.346326523e-22,2.223449132e-19,1.212356212e-16,4.649178095e-15,7.791442435e-14,1.076647766e-24,2.135548311e-26,2.213575596e-28,1.833003083e-30,1.628442419e-11,8.662090455e-27,6.25959871e-23,1.177895321e-19,7.459617517e-18,1.781223319e-16
36,0.02259733593,0.01088990371,0.004709060123,0.001972809378,0.01410340132,0.004222284673,0.01184532084,0.02751766853,0.05037255171,0.07986043908,0.03202795011,0.0154346319,0.006674316649,0.002796134157,0.01525601854,0.004222287563,0.01184531655,0.02751763181,0.05037243759,0.07986024391,0.0004272421688,0.0001448710475,4.407907649e-05,1.334956426e-05,0.0005173213697,2.905085177e-05,0.0001313015633,0.0004749552789,0.001198668419,0.002504423352,0.000301440922,0.0001022137598,3.109996607e-05,9.41877038e-06,0.0004782368918,2.905083189e-05,0.0001313016109,0.0004749559126,0.001198671135,0.002504429473,0.01055267275,0.004013596373,0.001369772106,0.0004612230309,0.004440184059,0.0004716055628,0.001364313384,0.003261086245,0.005847419843,0.009082669856,0.01542408961,0.005866392672,0.002002101619,0.0006741384848,0.004836471922,0.0004716059141,0.001364312846,0.003261081509,0.005847405426,0.0090826457,0.0002206419572,5.985102216e-05,1.456794993e-05,3.590580918e-06,0.0001763145824,3.561885867e-06,1.629900287e-05,5.963899226e-05,0.0001453078605,0.0002936460065,0.0001509562268,4.094813608e-05,9.966912403e-06,2.456555516e-06,0.0001618678266,3.561883215e-06,1.62990093e-05,5.963907887e-05,0.0001453082188,0.0002936467874,2.265877222e-07,2.781486817e-08,2.584240516e-09,2.251055973e-10,1.101639246e-05,3.803884018e-09,1.126602786e-07,1.94141838e-06,1.357060093e-05,6.320290167e-05,3.411391827e-10,2.634468964e-11,1.398484145e-12,6.671250778e-14,9.575150468e-07,6.664599115e-12,6.581804224e-10,3.121888119e-08,4.082210177e-07,3.130812379e-06,3.875774052e-10,4.750501977e-11,4.170919288e-12,3.283933796e-13,1.485292347e-06,4.663806759e-11,3.006714767e-09,1.004385586e-07,1.064683092e-06,6.886708547e-06,1.021640131e-10,1.413016994e-11,1.399935595e-12,1.232261904e-13,1.07637783e-06,2.683981964e-11,1.780167365e-09,6.105453837e-08,6.505498193e-07,4.204278051e-06,1.469797566e-11,2.368006139e-12,2.732872398e-13,2.769440483e-14,6.408768196e-07,1.025134555e-11,7.047519632e-10,2.498936091e-08,2.652167835e-07,1.693190813e-06,9.892372828e-14,1.47583398e-14,1.513482883e-15,1.325881349e-16,1.210093222e-07,1.349617702e-13,1.620665929e-11,9.217487456e-10,1.233861308e-08,9.322241191e-08,7.308196812e-20,4.275832328e-21,1.470651248e-22,4.090667517e-24,9.703297592e-10,3.34544014e-20,3.738122935e-17,1.418077259e-14,4.896534191e-13,7.627098681e-12,2.756513294e-20,1.3240472e-21,3.738741519e-23,8.668274282e-25,4.459398411e-10,3.617700324e-21,4.744981603e-18,2.088867671e-15,7.544398445e-14,1.214014443e-12,3.662179279e-21,1.394932267e-22,3.123526805e-24,5.846164549e-26,1.353006661e-10,1.400234435e-22,2.304229886e-19,1.252241069e-16,4.794810451e-15,8.025203934e-14,1.08558958e-24,2.156791953e-26,2.239236907e-28,1.857040351e-30,1.637121371e-11,8.794978822e-27,6.346843447e-23,1.192779357e-19,7.549918268e-18,1.802005217e-16
37,0.02259733571,0.01088990344,0.004709059932,0.00197280927,0.01410340081,0.004222284584,0.01184532074,0.02751766862,0.05037255244,0.07986044133,0.0320279498,0.01543463151,0.006674316378,0.002796134003,0.01525601799,0.004222287474,0.01184531645,0.0275176319,0.05037243832,0.07986024617,0.0004272421628,0.0001448710421,4.407907386e-05,1.334956318e-05,0.0005173213405,2.905085024e-05,0.0001313015581,0.0004749552656,0.001198668398,0.002504423341,0.0003014409178,0.000102213756,3.109996421e-05,9.418769618e-06,0.0004782368648,2.905083036e-05,0.0001313016057,0.0004749558994,0.001198671114,0.002504429461,0.0105526727,0.004013596323,0.001369772079,0.0004612230183,0.004440184007,0.0004716055752,0.001364313443,0.003261086435,0.005847420275,0.009082670724,0.01542408954,0.005866392599,0.002002101578,0.0006741384665,0.004836471865,0.0004716059265,0.001364312905,0.003261081699,0.005847405858,0.009082646569,0.0002206419552,5.985102073e-05,1.456794936e-05,3.590580731e-06,0.0001763145769,3.561885853e-06,1.629900308e-05,5.963899394e-05,0.0001453078668,0.0002936460253,0.0001509562254,4.09481351e-05,9.966912019e-06,2.456555388e-06,0.0001618678215,3.561883201e-06,1.629900951e-05,5.963908054e-05,0.000145308225,0.0002936468062,2.265877136e-07,2.781486539e-08,2.584240099e-09,2.251055481e-10,1.101639113e-05,3.803883373e-09,1.126602627e-07,1.941418157e-06,1.357059964e-05,6.320289714e-05,3.41139163e-10,2.634468566e-11,1.398483803e-12,6.671248568e-14,9.575148834e-07,6.664597163e-12,6.581802517e-10,3.121887406e-08,4.082209325e-07,3.130811782e-06,3.879930079e-10,4.756097128e-11,4.176271854e-12,3.288467938e-13,1.486263453e-06,4.670160984e-11,3.010430294e-09,1.005508586e-07,1.065802492e-06,6.893558933e-06,1.024060117e-10,1.416807221e-11,1.404129945e-12,1.236310861e-13,1.078205345e-06,2.69391993e-11,1.786149747e-09,6.124032689e-08,6.524130342e-07,4.215678667e-06,1.475689552e-11,2.378866047e-12,2.746984465e-13,2.785219095e-14,6.428110897e-07,1.031968724e-11,7.09016428e-10,2.512629589e-08,2.665848889e-07,1.701461462e-06,9.959849039e-14,1.487452821e-14,1.526991508e-15,1.339005331e-16,1.216210093e-07,1.365399507e-13,1.637867108e-11,9.306085274e-10,1.245054421e-08,9.402527667e-08,7.40056529e-20,4.339044567e-21,1.495553401e-22,4.168065353e-24,9.784487638e-10,3.419624087e-20,3.813357427e-17,1.44392582e-14,4.981492601e-13,7.753837421e-12,2.79772241e-20,1.34740624e-21,3.814793943e-23,8.86625751e-25,4.504037673e-10,3.713492199e-21,4.859028446e-18,2.134345626e-15,7.700792787e-14,1.238120285e-12,3.744745026e-21,1.432240206e-22,3.220238715e-24,6.050022975e-26,1.373447231e-10,1.456225841e-22,2.387837834e-19,1.293387474e-16,4.944829482e-15,8.265715754e-14,1.094168012e-24,2.177362994e-26,2.264262957e-28,1.880607751e-30,1.645623694e-11,8.926792212e-27,6.433239926e-23,1.207495328e-19,7.639122045e-18,1.822517236e-16
38,0.0225973355,0.01088990317,0.004709059741,0.001972809162,0.01410340031,0.004222284495,0.01184532064,0.02751766872,0.05037255317,0.07986044358,0.0320279495,0.01543463112,0.006674316109,0.002796133851,0.01525601745,0.004222287384,0.01184531635,0.027517632,0.05037243904,0.07986024841,0.0004272421568,0.0001448710368,4.407907124e-05,1.334956211e-05,0.0005173213114,2.905084872e-05,0.0001313015529,0.0004749552524,0.001198668378,0.00250442333,0.0003014409135,0.0001022137523,3.109996236e-05,9.41876886e-06,0.0004782368379,2.905082883e-05,0.0001313016005,0.0004749558862,0.001198671093,0.00250442945,0.01055267265,0.004013596273,0.001369772051,0.0004612230058,0.004440183955,0.0004716055876,0.001364313501,0.003261086624,0.005847420704,0.009082671588,0.01542408947,0.005866392527,0.002002101538,0.0006741384482,0.004836471808,0.0004716059389,0.001364312963,0.003261081888,0.005847406287,0.009082647433,0.0002206419532,5.985101931e-05,1.456794881e-05,3.590580545e-06,0.0001763145714,3.56188584e-06,1.629900328e-05,5.963899561e-05,0.000145307873,0.000293646044,0.0001509562241,4.094813413e-05,9.966911637e-06,2.456555261e-06,0.0001618678164,3.561883187e-06,1.629900971e-05,5.963908221e-05,0.0001453082313,0.000293646825,2.26587705e-07,2.781486263e-08,2.584239684e-09,2.251054991e-10,1.101638979e-05,3.803882732e-09,1.126602468e-07,1.941417934e-06,1.357059837e-05,6.320289263e-05,3.411391435e-10,2.63446817e-11,1.398483462e-12,6.671246371e-14,9.575147209e-07,6.664595222e-12,6.581800817e-10,3.121886696e-08,4.082208477e-07,3.130811189e-06,3.884066721e-10,4.761666286e-11,4.181599732e-12,3.292981349e-13,1.487229413e-06,4.676486042e-11,3.014128321e-09,1.006626174e-07,1.066916429e-06,6.900375569e-06,1.026467514e-10,1.420578525e-11,1.40830432e-12,1.240341451e-13,1.080022019e-06,2.703819639e-11,1.792107152e-09,6.142528402e-08,6.542676113e-07,4.227024924e-06,1.481556798e-11,2.389685664e-12,2.761051334e-13,2.800954745e-14,6.447355231e-07,1.038793807e-11,7.132726925e-10,2.526289256e-08,2.679492057e-07,1.709707147e-06,1.002723965e-13,1.499068445e-14,1.540509954e-15,1.352151114e-16,1.222309633e-07,1.381242565e-13,1.655116939e-11,9.394847416e-10,1.25626252e-08,9.48288683e-08,7.493434555e-20,4.402732241e-21,1.520695381e-22,4.246359863e-24,9.865787059e-10,3.494929908e-20,3.889578071e-17,1.470064983e-14,5.067333669e-13,7.881802937e-12,2.839276492e-20,1.371022583e-21,3.89188615e-23,9.067434985e-25,4.548836832e-10,3.811198024e-21,4.975079071e-18,2.180521145e-15,7.859426495e-14,1.262550755e-12,3.829185883e-21,1.470513447e-22,3.319786456e-24,6.260542612e-26,1.394137114e-10,1.514270765e-22,2.474208376e-19,1.335755509e-16,5.099077599e-15,8.512710208e-14,1.102365568e-24,2.197217732e-26,2.288599252e-28,1.90365327e-30,1.653935984e-11,9.057255599e-27,6.518611795e-23,1.222013857e-19,7.727051681e-18,1.842718744e-16
39,0.02259733528,0.0108899029,0.004709059552,0.001972809055,0.01410339981,0.004222284406,0.01184532054,0.02751766881,0.05037255389,0.0798604458,0.0320279492,0.01543463074,0.006674315841,0.002796133699,0.0152560169,0.004222287296,0.01184531625,0.02751763209,0.05037243976,0.07986025064,0.0004272421509,0.0001448710315,4.407906863e-05,1.334956104e-05,0.0005173212825,2.90508472e-05,0.0001313015477,0.0004749552393,0.001198668357,0.002504423319,0.0003014409094,0.0001022137486,3.109996053e-05,9.418768108e-06,0.0004782368112,2.905082732e-05,0.0001313015953,0.0004749558731,0.001198671073,0.002504429439,0.0105526726,0.004013596224,0.001369772024,0.0004612229934,0.004440183903,0.0004716055999,0.001364313559,0.003261086812,0.005847421131,0.009082672446,0.0154240894,0.005866392455,0.002002101498,0.0006741384301,0.004836471752,0.0004716059511,0.001364313021,0.003261082076,0.005847406714,0.009082648291,0.0002206419513,5.985101791e-05,1.456794825e-05,3.59058036e-06,0.0001763145659,3.561885826e-06,1.629900349e-05,5.963899727e-05,0.0001453078792,0.0002936460627,0.0001509562227,4.094813317e-05,9.966911257e-06,2.456555134e-06,0.0001618678114,3.561883173e-06,1.629900992e-05,5.963908387e-05,0.0001453082374,0.0002936468436,2.265876965e-07,2.781485989e-08,2.584239271e-09,2.251054505e-10,1.101638847e-05,3.803882095e-09,1.126602311e-07,1.941417714e-06,1.35705971e-05,6.320288816e-05,3.411391241e-10,2.634467776e-11,1.398483124e-12,6.671244188e-14,9.575145595e-07,6.664593294e-12,6.58179913e-10,3.121885992e-08,4.082207635e-07,3.130810599e-06,3.888176686e-10,4.767199633e-11,4.186893522e-12,3.297466061e-13,1.488188536e-06,4.682770772e-11,3.01780233e-09,1.00773638e-07,1.068022944e-06,6.907146468e-06,1.028858071e-10,1.424324227e-11,1.412451305e-12,1.244346495e-13,1.081824671e-06,2.713663359e-11,1.798028944e-09,6.16090807e-08,6.561102572e-07,4.238296704e-06,1.487388781e-11,2.400445478e-12,2.7750475e-13,2.816618761e-14,6.466467063e-07,1.045597271e-11,7.175129782e-10,2.539890245e-08,2.693072587e-07,1.717912945e-06,1.009442072e-13,1.510659342e-14,1.554013039e-15,1.365294106e-16,1.228380787e-07,1.397117193e-13,1.672383177e-11,9.483608477e-10,1.267464763e-08,9.563169563e-08,7.586631418e-20,4.466776972e-21,1.546030827e-22,4.325408344e-24,9.947045521e-10,3.571225347e-20,3.966648263e-17,1.496447212e-14,5.153900462e-13,8.010760402e-12,2.881099045e-20,1.39485337e-21,3.969881298e-23,9.271459427e-25,4.593712967e-10,3.910659585e-21,5.092937915e-18,2.227314054e-15,8.020020954e-14,1.287262575e-12,3.915379958e-21,1.509701591e-22,3.422054403e-24,6.477514772e-26,1.415039457e-10,1.57432403e-22,2.563255607e-19,1.379295479e-16,5.257362826e-15,8.765866201e-14,1.11016776e-24,2.216318048e-26,2.312196587e-28,1.926128822e-30,1.662045998e-11,9.186102271e-27,6.602789111e-23,1.236306812e-19,7.81353811e-18,1.862571099e-16
40,0.02259733507,0.01088990263,0.004709059365,0.001972808949,0.01410339931,0.004222284318,0.01184532044,0.0275176689,0.05037255461,0.07986044801,0.0320279489,0.01543463036,0.006674315576,0.002796133548,0.01525601637,0.004222287208,0.01184531615,0.02751763218,0.05037244048,0.07986025284,0.000427242145,0.0001448710263,4.407906605e-05,1.334955999e-05,0.0005173212539,2.90508457e-05,0.0001313015426,0.0004749552263,0.001198668336,0.002504423308,0.0003014409052,0.0001022137449,3.109995871e-05,9.418767362e-06,0.0004782367848,2.905082582e-05,0.0001313015902,0.0004749558601,0.001198671052,0.002504429428,0.01055267256,0.004013596175,0.001369771997,0.0004612229811,0.004440183852,0.000471605612,0.001364313616,0.003261086998,0.005847421553,0.009082673297,0.01542408933,0.005866392383,0.002002101459,0.0006741384121,0.004836471696,0.0004716059633,0.001364313078,0.003261082262,0.005847407136,0.009082649142,0.0002206419493,5.985101651e-05,1.45679477e-05,3.590580176e-06,0.0001763145604,3.561885812e-06,1.629900369e-05,5.963899891e-05,0.0001453078853,0.0002936460811,0.0001509562214,4.094813222e-05,9.966910881e-06,2.456555009e-06,0.0001618678064,3.561883159e-06,1.629901012e-05,5.963908551e-05,0.0001453082436,0.0002936468621,2.26587688e-07,2.781485717e-08,2.584238862e-09,2.251054024e-10,1.101638716e-05,3.803881464e-09,1.126602155e-07,1.941417495e-06,1.357059584e-05,6.320288372e-05,3.411391048e-10,2.634467386e-11,1.398482789e-12,6.671242025e-14,9.575143996e-07,6.664591383e-12,6.581797458e-10,3.121885293e-08,4.0822068e-07,3.130810015e-06,3.892252669e-10,4.772687327e-11,4.192143805e-12,3.301914089e-13,1.48913913e-06,4.689003982e-11,3.021445788e-09,1.008837235e-07,1.069120075e-06,6.913859627e-06,1.03122754e-10,1.428037646e-11,1.416563477e-12,1.248318798e-13,1.083610131e-06,2.723433273e-11,1.803904454e-09,6.179138704e-08,6.57937672e-07,4.249473861e-06,1.493174945e-11,2.411125877e-12,2.788947277e-13,2.832182224e-14,6.485412261e-07,1.052366408e-11,7.217294131e-10,2.55340746e-08,2.706565511e-07,1.726063817e-06,1.016126653e-13,1.522203614e-14,1.567475036e-15,1.378409088e-16,1.234412403e-07,1.412992693e-13,1.689632604e-11,9.572198684e-10,1.278639801e-08,9.643223352e-08,7.679975648e-20,4.53105455e-21,1.571510677e-22,4.405058528e-24,1.002810897e-09,3.648366953e-20,4.04442122e-17,1.523021846e-14,5.241026333e-13,8.140461194e-12,2.923109496e-20,1.41885296e-21,4.048631922e-23,9.477952156e-25,4.63858036e-10,4.011700681e-21,5.212390091e-18,2.274637249e-15,8.182274941e-14,1.312209138e-12,4.003188285e-21,1.549745697e-22,3.52690254e-24,6.700674962e-26,1.436114757e-10,1.636323729e-22,2.654870428e-19,1.423947153e-16,5.419456272e-15,9.024805496e-14,1.117563167e-24,2.234631561e-26,2.335011251e-28,1.947990446e-30,1.669942635e-11,9.313074609e-27,6.685608785e-23,1.250347372e-19,7.898420753e-18,1.88203774e-16
41,0.02259733486,0.01088990237,0.00470905918,0.001972808844,0.01410339882,0.004222284232,0.01184532035,0.02751766899,0.05037255531,0.07986045019,0.0320279486,0.01543462999,0.006674315313,0.002796133399,0.01525601583,0.004222287121,0.01184531605,0.02751763227,0.05037244119,0.07986025503,0.0004272421392,0.0001448710211,4.40790635e-05,1.334955894e-05,0.0005173212256,2.905084422e-05,0.0001313015375,0.0004749552134,0.001198668316,0.002504423297,0.0003014409011,0.0001022137412,3.109995691e-05,9.418766625e-06,0.0004782367586,2.905082434e-05,0.0001313015851,0.0004749558472,0.001198671032,0.002504429417,0.01055267251,0.004013596127,0.00136977197,0.000461222969,0.004440183801,0.0004716056241,0.001364313673,0.003261087182,0.005847421972,0.009082674138,0.01542408925,0.005866392313,0.00200210142,0.0006741383943,0.004836471641,0.0004716059753,0.001364313135,0.003261082446,0.005847407554,0.009082649983,0.0002206419474,5.985101513e-05,1.456794716e-05,3.590579995e-06,0.0001763145551,3.561885799e-06,1.629900389e-05,5.963900053e-05,0.0001453078914,0.0002936460994,0.0001509562201,4.094813127e-05,9.966910509e-06,2.456554885e-06,0.0001618678015,3.561883146e-06,1.629901032e-05,5.963908714e-05,0.0001453082496,0.0002936468803,2.265876797e-07,2.781485448e-08,2.584238458e-09,2.251053547e-10,1.101638587e-05,3.803880839e-09,1.126602001e-07,1.941417279e-06,1.35705946e-05,6.320287934e-05,3.411390858e-10,2.634467e-11,1.398482457e-12,6.671239885e-14,9.575142414e-07,6.664589492e-12,6.581795804e-10,3.121884602e-08,4.082205975e-07,3.130809437e-06,3.896287347e-10,4.778119508e-11,4.197341139e-12,3.30631743e-13,1.490079505e-06,4.69517446e-11,3.025052154e-09,1.009926765e-07,1.070205857e-06,6.920503036e-06,1.033571673e-10,1.4317121e-11,1.420633405e-12,1.252251153e-13,1.085375242e-06,2.733111484e-11,1.809722971e-09,6.197187243e-08,6.59746551e-07,4.260536226e-06,1.498904704e-11,2.421707157e-12,2.802724813e-13,2.847615971e-14,6.504156702e-07,1.059088337e-11,7.259140356e-10,2.56681557e-08,2.719945653e-07,1.734144609e-06,1.022764965e-13,1.533678983e-14,1.580869674e-15,1.391470228e-16,1.240393239e-07,1.428837358e-13,1.706831042e-11,9.660443963e-10,1.289765782e-08,9.722892344e-08,7.773279989e-20,4.59543492e-21,1.597083146e-22,4.485148457e-24,1.010881966e-09,3.726199815e-20,4.122739785e-17,1.549735056e-14,5.328534808e-13,8.270642756e-12,2.96522317e-20,1.442972887e-21,4.127979712e-23,9.686502226e-25,4.683350512e-10,4.114126441e-21,5.333200763e-18,2.322396512e-15,8.345864085e-14,1.33734044e-12,4.0924539e-21,1.590577747e-22,3.634164703e-24,6.929698351e-26,1.457320817e-10,1.700189695e-22,2.748918686e-19,1.469639022e-16,5.585089697e-15,9.289089132e-14,1.124543448e-24,2.252131719e-26,2.357005172e-28,1.969198459e-30,1.677615912e-11,9.437924713e-27,6.766914928e-23,1.264110073e-19,7.9815478e-18,1.901084251e-16
42,0.02259733466,0.0108899021,0.004709058997,0.00197280874,0.01410339833,0.004222284146,0.01184532025,0.02751766908,0.05037255601,0.07986045235,0.03202794831,0.01543462962,0.006674315054,0.002796133253,0.01525601531,0.004222287036,0.01184531596,0.02751763236,0.05037244188,0.07986025718,0.0004272421334,0.000144871016,4.407906098e-05,1.334955791e-05,0.0005173211977,2.905084276e-05,0.0001313015325,0.0004749552007,0.001198668296,0.002504423286,0.000301440897,0.0001022137376,3.109995513e-05,9.418765896e-06,0.0004782367328,2.905082287e-05,0.0001313015801,0.0004749558345,0.001198671012,0.002504429407,0.01055267246,0.004013596079,0.001369771944,0.000461222957,0.004440183751,0.000471605636,0.001364313729,0.003261087364,0.005847422384,0.009082674969,0.01542408918,0.005866392243,0.002002101381,0.0006741383768,0.004836471586,0.0004716059872,0.001364313191,0.003261082628,0.005847407967,0.009082650814,0.0002206419454,5.985101377e-05,1.456794662e-05,3.590579816e-06,0.0001763145497,3.561885785e-06,1.629900409e-05,5.963900214e-05,0.0001453078974,0.0002936461174,0.0001509562187,4.094813034e-05,9.966910142e-06,2.456554762e-06,0.0001618677966,3.561883132e-06,1.629901052e-05,5.963908874e-05,0.0001453082556,0.0002936468984,2.265876715e-07,2.781485183e-08,2.584238059e-09,2.251053076e-10,1.101638458e-05,3.803880223e-09,1.126601849e-07,1.941417065e-06,1.357059337e-05,6.3202875e-05,3.41139067e-10,2.634466619e-11,1.39848213e-12,6.671237772e-14,9.575140851e-07,6.664587625e-12,6.58179417e-10,3.12188392e-08,4.082205159e-07,3.130808867e-06,3.900273386e-10,4.783486295e-11,4.202476065e-12,3.310668063e-13,1.491007971e-06,4.701270966e-11,3.028614874e-09,1.011002994e-07,1.071278322e-06,6.92706467e-06,1.035886228e-10,1.435340906e-11,1.424653649e-12,1.256136339e-13,1.087116854e-06,2.742680018e-11,1.815473756e-09,6.21502056e-08,6.615335842e-07,4.271463612e-06,1.504567442e-11,2.43216953e-12,2.816354097e-13,2.862890616e-14,6.522666279e-07,1.065750008e-11,7.300587977e-10,2.580089017e-08,2.733187638e-07,1.742140064e-06,1.029344095e-13,1.545062805e-14,1.594170161e-15,1.404451096e-16,1.246311966e-07,1.444618492e-13,1.72394337e-11,9.748166027e-10,1.300820365e-08,9.80201743e-08,7.866350218e-20,4.659782192e-21,1.622693716e-22,4.565506396e-24,1.018901627e-09,3.804557348e-20,4.201436291e-17,1.576529814e-14,5.416239519e-13,8.401028527e-12,3.007351274e-20,1.467161833e-21,4.207755341e-23,9.896665724e-25,4.727932164e-10,4.217722718e-21,5.455114628e-18,2.370490364e-15,8.510440441e-14,1.362603019e-12,4.183000979e-21,1.632120141e-22,3.7436469e-24,7.164195368e-26,1.478612705e-10,1.765821998e-22,2.845239374e-19,1.516287592e-16,5.753953195e-15,9.558214049e-14,1.131103336e-24,2.268797823e-26,2.378145986e-28,1.989717553e-30,1.685056924e-11,9.560414879e-27,6.84655909e-23,1.277570843e-19,8.062776375e-18,1.919678394e-16
43,0.02259733445,0.01088990185,0.004709058817,0.001972808638,0.01410339785,0.004222284062,0.01184532016,0.02751766917,0.0503725567,0.07986045447,0.03202794802,0.01543462925,0.006674314798,0.002796133108,0.01525601479,0.004222286951,0.01184531586,0.02751763245,0.05037244257,0.07986025931,0.0004272421278,0.0001448710109,4.40790585e-05,1.334955689e-05,0.0005173211701,2.905084131e-05,0.0001313015276,0.0004749551882,0.001198668276,0.002504423276,0.0003014408931,0.000102213734,3.109995338e-05,9.418765178e-06,0.0004782367073,2.905082143e-05,0.0001313015751,0.000474955822,0.001198670992,0.002504429396,0.01055267241,0.004013596032,0.001369771918,0.0004612229451,0.004440183701,0.0004716056477,0.001364313784,0.003261087543,0.005847422791,0.009082675788,0.01542408912,0.005866392174,0.002002101343,0.0006741383595,0.004836471532,0.0004716059989,0.001364313246,0.003261082807,0.005847408374,0.009082651632,0.0002206419436,5.985101243e-05,1.456794609e-05,3.590579639e-06,0.0001763145445,3.561885772e-06,1.629900428e-05,5.963900372e-05,0.0001453079033,0.0002936461352,0.0001509562175,4.094812942e-05,9.96690978e-06,2.456554641e-06,0.0001618677918,3.561883119e-06,1.629901071e-05,5.963909032e-05,0.0001453082615,0.0002936469161,2.265876633e-07,2.781484921e-08,2.584237665e-09,2.251052613e-10,1.101638332e-05,3.803879615e-09,1.126601699e-07,1.941416854e-06,1.357059216e-05,6.320287073e-05,3.411390485e-10,2.634466244e-11,1.398481807e-12,6.671235689e-14,9.575139311e-07,6.664585785e-12,6.58179256e-10,3.121883248e-08,4.082204356e-07,3.130808304e-06,3.904203439e-10,4.78877779e-11,4.207539106e-12,3.31495795e-13,1.491922839e-06,4.707282241e-11,3.032127385e-09,1.012063945e-07,1.072335503e-06,6.933532497e-06,1.038166963e-10,1.438917382e-11,1.428616768e-12,1.259967126e-13,1.088831829e-06,2.752120832e-11,1.821146039e-09,6.232605467e-08,6.63295458e-07,4.282235815e-06,1.51015252e-11,2.442493127e-12,2.829808974e-13,2.877976561e-14,6.540906911e-07,1.072338217e-11,7.341555693e-10,2.593202029e-08,2.746265903e-07,1.750034823e-06,1.035850976e-13,1.556332083e-14,1.607349202e-15,1.417324683e-16,1.252157175e-07,1.460302425e-13,1.740933546e-11,9.835182492e-10,1.311780735e-08,9.88043634e-08,7.958985237e-20,4.723954686e-21,1.648285144e-22,4.645950816e-24,1.026853392e-09,3.883261158e-20,4.280332486e-17,1.60334589e-14,5.503944197e-13,8.531327951e-12,3.049400913e-20,1.491365623e-21,4.287778355e-23,1.010796525e-24,4.772231335e-10,4.322255602e-21,5.577855501e-18,2.418809957e-15,8.675632201e-14,1.387939927e-12,4.274634077e-21,1.674285232e-22,3.855125733e-24,7.403707501e-26,1.49994273e-10,1.833099486e-22,2.943642916e-19,1.563796727e-16,5.925693067e-15,9.831609994e-14,1.137240588e-24,2.284614988e-26,2.398407054e-28,2.009516841e-30,1.692257803e-11,9.680317913e-27,6.924400406e-23,1.29070701e-19,8.141972599e-18,1.937790125e-16
44,0.02259733425,0.01088990159,0.004709058639,0.001972808537,0.01410339738,0.004222283978,0.01184532006,0.02751766926,0.05037255738,0.07986045656,0.03202794774,0.01543462889,0.006674314547,0.002796132965,0.01525601428,0.004222286868,0.01184531577,0.02751763254,0.05037244325,0.0798602614,0.0004272421222,0.000144871006,4.407905606e-05,1.334955589e-05,0.000517321143,2.905083989e-05,0.0001313015227,0.0004749551759,0.001198668257,0.002504423265,0.0003014408891,0.0001022137305,3.109995166e-05,9.418764472e-06,0.0004782366823,2.905082001e-05,0.0001313015703,0.0004749558097,0.001198670972,0.002504429386,0.01055267237,0.004013595986,0.001369771893,0.0004612229335,0.004440183653,0.0004716056592,0.001364313838,0.003261087719,0.005847423191,0.009082676593,0.01542408905,0.005866392106,0.002002101306,0.0006741383425,0.004836471479,0.0004716060105,0.0013643133,0.003261082983,0.005847408774,0.009082652438,0.0002206419417,5.985101111e-05,1.456794557e-05,3.590579466e-06,0.0001763145394,3.561885759e-06,1.629900448e-05,5.963900527e-05,0.0001453079091,0.0002936461526,0.0001509562162,4.094812852e-05,9.966909424e-06,2.456554523e-06,0.000161867787,3.561883106e-06,1.62990109e-05,5.963909188e-05,0.0001453082673,0.0002936469336,2.265876554e-07,2.781484664e-08,2.584237278e-09,2.251052157e-10,1.101638208e-05,3.803879017e-09,1.126601551e-07,1.941416647e-06,1.357059097e-05,6.320286653e-05,3.411390303e-10,2.634465875e-11,1.39848149e-12,6.671233641e-14,9.575137797e-07,6.664583976e-12,6.581790977e-10,3.121882586e-08,4.082203566e-07,3.130807751e-06,3.908070144e-10,4.793984078e-11,4.212520766e-12,3.319179037e-13,1.492822421e-06,4.713197002e-11,3.035583113e-09,1.013107637e-07,1.073375428e-06,6.939894477e-06,1.040409643e-10,1.442434848e-11,1.432515315e-12,1.263736275e-13,1.090517042e-06,2.761415818e-11,1.82672902e-09,6.249908727e-08,6.650288551e-07,4.29283262e-06,1.515649278e-11,2.452658015e-12,2.843063154e-13,2.892844014e-14,6.558844544e-07,1.078839605e-11,7.38196143e-10,2.606128634e-08,2.759154711e-07,1.757813436e-06,1.04227239e-13,1.567463485e-14,1.620379014e-15,1.430063423e-16,1.257917381e-07,1.475854544e-13,1.757764635e-11,9.92130701e-10,1.322623616e-08,9.957983757e-08,8.050977202e-20,4.787805011e-21,1.673797483e-22,4.726290432e-24,1.034720434e-09,3.962120974e-20,4.359239522e-17,1.630119856e-14,5.591442723e-13,8.661236575e-12,3.091275124e-20,1.515527228e-21,4.367857136e-23,1.031988962e-24,4.816151386e-10,4.427471036e-21,5.701126038e-18,2.467239013e-15,8.841043546e-14,1.413290706e-12,4.367137462e-21,1.716974916e-22,3.96834696e-24,7.647703398e-26,1.521260441e-10,1.901878412e-22,3.043909578e-19,1.612057051e-16,6.099909902e-15,1.010863679e-13,1.142955911e-24,2.299574038e-26,2.417767396e-28,2.028569844e-30,1.699211667e-11,9.79741729e-27,7.00030562e-23,1.303497299e-19,8.219011533e-18,1.955391574e-16
45,0.02259733406,0.01088990134,0.004709058466,0.001972808439,0.01410339692,0.004222283897,0.01184531997,0.02751766934,0.05037255804,0.07986045861,0.03202794746,0.01543462854,0.0066743143,0.002796132826,0.01525601378,0.004222286787,0.01184531568,0.02751763262,0.05037244391,0.07986026345,0.0004272421167,0.0001448710011,4.407905366e-05,1.334955491e-05,0.0005173211165,2.90508385e-05,0.000131301518,0.0004749551639,0.001198668238,0.002504423255,0.0003014408853,0.0001022137271,3.109994996e-05,9.418763779e-06,0.0004782366577,2.905081862e-05,0.0001313015655,0.0004749557976,0.001198670953,0.002504429375,0.01055267232,0.00401359594,0.001369771868,0.0004612229221,0.004440183605,0.0004716056705,0.001364313891,0.003261087892,0.005847423584,0.009082677383,0.01542408898,0.00586639204,0.002002101269,0.0006741383258,0.004836471427,0.0004716060218,0.001364313353,0.003261083156,0.005847409167,0.009082653228,0.0002206419399,5.985100981e-05,1.456794506e-05,3.590579295e-06,0.0001763145343,3.561885746e-06,1.629900466e-05,5.96390068e-05,0.0001453079147,0.0002936461698,0.0001509562149,4.094812763e-05,9.966909074e-06,2.456554406e-06,0.0001618677824,3.561883093e-06,1.629901109e-05,5.96390934e-05,0.000145308273,0.0002936469507,2.265876475e-07,2.781484411e-08,2.584236898e-09,2.251051709e-10,1.101638087e-05,3.803878431e-09,1.126601407e-07,1.941416444e-06,1.35705898e-05,6.320286241e-05,3.411390124e-10,2.634465513e-11,1.398481179e-12,6.671231632e-14,9.575136311e-07,6.6645822e-12,6.581789423e-10,3.121881938e-08,4.082202791e-07,3.130807209e-06,3.91186613e-10,4.799095228e-11,4.217411534e-12,3.323323256e-13,1.49370503e-06,4.71900395e-11,3.038975475e-09,1.014132087e-07,1.074396126e-06,6.946138559e-06,1.042610034e-10,1.445886627e-11,1.436341843e-12,1.267436543e-13,1.092169374e-06,2.770546806e-11,1.832211879e-09,6.266897058e-08,6.667304556e-07,4.303233802e-06,1.521047039e-11,2.462644196e-12,2.85609023e-13,2.907463003e-14,6.576445161e-07,1.085240673e-11,7.421722382e-10,2.618842672e-08,2.771828163e-07,1.765460363e-06,1.048594975e-13,1.578433361e-14,1.633231356e-15,1.442639217e-16,1.263581026e-07,1.491239318e-13,1.774398842e-11,1.000634943e-09,1.333325291e-08,1.003449145e-07,8.142111699e-20,4.851180186e-21,1.699168127e-22,4.806324304e-24,1.042485595e-09,4.040934656e-20,4.437958007e-17,1.656785119e-14,5.678519243e-13,8.790436234e-12,3.132872939e-20,1.539586793e-21,4.447788933e-23,1.053189374e-24,4.85959308e-10,4.533094577e-21,5.824607589e-18,2.515653808e-15,9.006254662e-14,1.438591405e-12,4.460274586e-21,1.760080284e-22,4.083024235e-24,7.895575355e-26,1.542512639e-10,1.97199117e-22,3.145788053e-19,1.660945428e-16,6.276156951e-15,1.0388582e-13,1.148252852e-24,2.313671341e-26,2.436211574e-28,2.046854429e-30,1.705912554e-11,9.911507147e-27,7.074149018e-23,1.315921808e-19,8.29377702e-18,1.972457008e-16
46,0.02259733387,0.0108899011,0.004709058295,0.001972808342,0.01410339647,0.004222283817,0.01184531988,0.02751766943,0.05037255869,0.07986046062,0.03202794719,0.0154346282,0.006674314059,0.002796132689,0.01525601329,0.004222286707,0.01184531559,0.02751763271,0.05037244456,0.07986026545,0.0004272421114,0.0001448709963,4.407905131e-05,1.334955395e-05,0.0005173210905,2.905083714e-05,0.0001313015133,0.000474955152,0.001198668219,0.002504423245,0.0003014408815,0.0001022137237,3.109994831e-05,9.418763101e-06,0.0004782366337,2.905081725e-05,0.0001313015609,0.0004749557858,0.001198670935,0.002504429365,0.01055267228,0.004013595896,0.001369771843,0.0004612229109,0.004440183559,0.0004716056816,0.001364313943,0.003261088061,0.005847423968,0.009082678156,0.01542408892,0.005866391975,0.002002101234,0.0006741383094,0.004836471377,0.0004716060328,0.001364313405,0.003261083325,0.005847409551,0.009082654001,0.0002206419381,5.985100854e-05,1.456794456e-05,3.590579129e-06,0.0001763145294,3.561885734e-06,1.629900485e-05,5.963900829e-05,0.0001453079203,0.0002936461866,0.0001509562137,4.094812676e-05,9.966908732e-06,2.456554292e-06,0.0001618677779,3.561883081e-06,1.629901128e-05,5.96390949e-05,0.0001453082786,0.0002936469675,2.265876399e-07,2.781484164e-08,2.584236527e-09,2.251051271e-10,1.101637967e-05,3.803877857e-09,1.126601265e-07,1.941416245e-06,1.357058866e-05,6.320285838e-05,3.411389949e-10,2.634465158e-11,1.398480874e-12,6.671229664e-14,9.575134856e-07,6.664580462e-12,6.581787903e-10,3.121881302e-08,4.082202032e-07,3.130806677e-06,3.915584015e-10,4.804101293e-11,4.222201883e-12,3.327382526e-13,1.49456898e-06,4.724691763e-11,3.042297882e-09,1.015135312e-07,1.075395624e-06,6.952252688e-06,1.044763909e-10,1.449266046e-11,1.440088902e-12,1.271060677e-13,1.093785721e-06,2.779495576e-11,1.83758377e-09,6.283537141e-08,6.683969376e-07,4.313419133e-06,1.526335113e-11,2.472431618e-12,2.868863684e-13,2.921803394e-14,6.593674787e-07,1.091527788e-11,7.460755069e-10,2.631317809e-08,2.784260209e-07,1.77295999e-06,1.054805239e-13,1.589217763e-14,1.645877549e-15,1.455023457e-16,1.269136491e-07,1.506420342e-13,1.790797548e-11,1.009011595e-09,1.343861628e-08,1.010978841e-07,8.232167961e-20,4.913921788e-21,1.724331866e-22,4.885842006e-24,1.050131402e-09,4.119488293e-20,4.51627815e-17,1.683271979e-14,5.764948352e-13,8.918595334e-12,3.17408948e-20,1.563481684e-21,4.527359981e-23,1.074339884e-24,4.90245468e-10,4.6388313e-21,5.947960214e-18,2.56392322e-15,9.170821923e-14,1.46377461e-12,4.553787703e-21,1.803481345e-22,4.198838071e-24,8.146636314e-26,1.56364341e-10,2.043245183e-22,3.248994242e-19,1.710324545e-16,6.453938825e-15,1.06706592e-13,1.153137666e-24,2.326908581e-26,2.453729505e-28,2.06435269e-30,1.712355366e-11,1.002239213e-26,7.145812255e-23,1.327961967e-19,8.366161413e-18,1.988962762e-16
47,0.02259733368,0.01088990086,0.004709058129,0.001972808248,0.01410339603,0.004222283739,0.0118453198,0.02751766951,0.05037255932,0.07986046258,0.03202794692,0.01543462786,0.006674313823,0.002796132555,0.01525601282,0.004222286629,0.0118453155,0.02751763279,0.0503724452,0.07986026741,0.0004272421062,0.0001448709917,4.407904902e-05,1.334955301e-05,0.000517321065,2.905083581e-05,0.0001313015087,0.0004749551405,0.001198668201,0.002504423235,0.0003014408778,0.0001022137205,3.109994669e-05,9.418762439e-06,0.0004782366102,2.905081592e-05,0.0001313015563,0.0004749557743,0.001198670916,0.002504429356,0.01055267223,0.004013595853,0.001369771819,0.0004612229,0.004440183513,0.0004716056924,0.001364313994,0.003261088226,0.005847424344,0.009082678911,0.01542408885,0.005866391912,0.002002101199,0.0006741382935,0.004836471327,0.0004716060436,0.001364313456,0.003261083491,0.005847409927,0.009082654756,0.0002206419364,5.98510073e-05,1.456794407e-05,3.590578966e-06,0.0001763145245,3.561885722e-06,1.629900503e-05,5.963900975e-05,0.0001453079258,0.000293646203,0.0001509562125,4.094812592e-05,9.966908398e-06,2.456554181e-06,0.0001618677734,3.561883069e-06,1.629901146e-05,5.963909635e-05,0.000145308284,0.0002936469839,2.265876324e-07,2.781483923e-08,2.584236163e-09,2.251050843e-10,1.101637851e-05,3.803877296e-09,1.126601127e-07,1.941416051e-06,1.357058754e-05,6.320285444e-05,3.411389778e-10,2.634464812e-11,1.398480576e-12,6.671227743e-14,9.575133436e-07,6.664578765e-12,6.581786418e-10,3.121880682e-08,4.082201291e-07,3.130806159e-06,3.919216406e-10,4.808992315e-11,4.226882272e-12,3.331348751e-13,1.495412586e-06,4.730249107e-11,3.045543735e-09,1.016115326e-07,1.076371946e-06,6.958224801e-06,1.046867048e-10,1.452566436e-11,1.443749046e-12,1.274601426e-13,1.095362987e-06,2.788243858e-11,1.842833831e-09,6.299795629e-08,6.700249774e-07,4.323368383e-06,1.531502797e-11,2.482000188e-12,2.881356903e-13,2.935834905e-14,6.610499492e-07,1.097687194e-11,7.498975386e-10,2.643527555e-08,2.796424663e-07,1.780296629e-06,1.060889569e-13,1.599792462e-14,1.65828851e-15,1.467187064e-16,1.274572095e-07,1.521360373e-13,1.806921351e-11,1.017240937e-09,1.354208095e-08,1.018370103e-07,8.320919126e-20,4.975866147e-21,1.749220969e-22,4.964623875e-24,1.057640084e-09,4.197556397e-20,4.593979966e-17,1.709507701e-14,5.850495353e-13,9.045369231e-12,3.214816074e-20,1.587146555e-21,4.606345695e-23,1.095379282e-24,4.944632046e-10,4.74436587e-21,6.070822868e-18,2.611908821e-15,9.334278267e-14,1.488769502e-12,4.647397658e-21,1.84704685e-22,4.315435057e-24,8.400117461e-26,1.584594185e-10,2.115421974e-22,3.353210306e-19,1.760042598e-16,6.632710587e-15,1.095400671e-13,1.15761915e-24,2.339292485e-26,2.470316218e-28,2.081050786e-30,1.718535787e-11,1.012988706e-26,7.215184085e-23,1.339600483e-19,8.436065216e-18,2.004887151e-16
48,0.02259733349,0.01088990063,0.004709057967,0.001972808156,0.0141033956,0.004222283663,0.01184531971,0.02751766959,0.05037255994,0.07986046449,0.03202794666,0.01543462753,0.006674313594,0.002796132425,0.01525601235,0.004222286553,0.01184531542,0.02751763287,0.05037244582,0.07986026932,0.0004272421011,0.0001448709872,4.407904679e-05,1.33495521e-05,0.0005173210403,2.905083451e-05,0.0001313015043,0.0004749551293,0.001198668183,0.002504423226,0.0003014408742,0.0001022137173,3.109994512e-05,9.418761794e-06,0.0004782365873,2.905081463e-05,0.0001313015519,0.000474955763,0.001198670899,0.002504429346,0.01055267219,0.00401359581,0.001369771796,0.0004612228893,0.004440183469,0.0004716057029,0.001364314044,0.003261088387,0.005847424709,0.009082679647,0.01542408879,0.00586639185,0.002002101164,0.0006741382779,0.004836471279,0.0004716060542,0.001364313506,0.003261083652,0.005847410292,0.009082655492,0.0002206419347,5.98510061e-05,1.45679436e-05,3.590578807e-06,0.0001763145198,3.56188571e-06,1.62990052e-05,5.963901117e-05,0.0001453079311,0.0002936462189,0.0001509562114,4.094812509e-05,9.966908073e-06,2.456554072e-06,0.0001618677691,3.561883057e-06,1.629901163e-05,5.963909778e-05,0.0001453082893,0.0002936469999,2.265876251e-07,2.781483688e-08,2.58423581e-09,2.251050426e-10,1.101637738e-05,3.80387675e-09,1.126600992e-07,1.941415862e-06,1.357058646e-05,6.320285061e-05,3.411389612e-10,2.634464474e-11,1.398480286e-12,6.671225872e-14,9.575132052e-07,6.664577112e-12,6.581784971e-10,3.121880078e-08,4.082200569e-07,3.130805653e-06,3.922755902e-10,4.81375832e-11,4.231443149e-12,3.335213827e-13,1.496234164e-06,4.735664629e-11,3.04870643e-09,1.017070142e-07,1.077323117e-06,6.964042831e-06,1.048915233e-10,1.455781134e-11,1.447314828e-12,1.278051533e-13,1.096898087e-06,2.796773343e-11,1.847951184e-09,6.31563915e-08,6.716112508e-07,4.333061321e-06,1.536539383e-11,2.491329771e-12,2.893543194e-13,2.949527129e-14,6.626885396e-07,1.103705023e-11,7.536298665e-10,2.655445275e-08,2.808295218e-07,1.787454528e-06,1.066834239e-13,1.610132976e-14,1.670434775e-15,1.479100516e-16,1.279876104e-07,1.536021384e-13,1.822730118e-11,1.025302926e-09,1.364339794e-08,1.025605326e-07,8.408132545e-20,5.036844582e-21,1.773765277e-22,5.042441322e-24,1.064993589e-09,4.274902191e-20,4.670833582e-17,1.735416618e-14,5.934916583e-13,9.170400719e-12,3.254940403e-20,1.610513435e-21,4.684510969e-23,1.116243103e-24,4.986018764e-10,4.849362795e-21,6.192813767e-18,2.659465045e-15,9.496133766e-14,1.513501953e-12,4.740803871e-21,1.890634203e-22,4.432427386e-24,8.655166553e-26,1.605303815e-10,2.188276468e-22,3.458084009e-19,1.809933114e-16,6.811877294e-15,1.123768713e-13,1.161708462e-24,2.350834489e-26,2.485971556e-28,2.096938728e-30,1.724450214e-11,1.023381653e-26,7.282160007e-23,1.35082127e-19,8.503396621e-18,2.020210356e-16
49,0.02259733332,0.01088990041,0.00470905781,0.001972808067,0.01410339518,0.00422228359,0.01184531963,0.02751766966,0.05037256054,0.07986046634,0.03202794641,0.01543462721,0.006674313371,0.002796132299,0.0152560119,0.004222286479,0.01184531534,0.02751763295,0.05037244642,0.07986027118,0.0004272420961,0.0001448709828,4.407904463e-05,1.334955121e-05,0.0005173210163,2.905083325e-05,0.0001313015,0.0004749551184,0.001198668166,0.002504423217,0.0003014408707,0.0001022137142,3.109994359e-05,9.418761167e-06,0.0004782365651,2.905081337e-05,0.0001313015476,0.0004749557521,0.001198670881,0.002504429337,0.01055267215,0.004013595769,0.001369771773,0.000461222879,0.004440183426,0.0004716057131,0.001364314092,0.003261088543,0.005847425064,0.009082680361,0.01542408873,0.00586639179,0.002002101131,0.0006741382628,0.004836471232,0.0004716060644,0.001364313554,0.003261083808,0.005847410647,0.009082656206,0.000220641933,5.985100492e-05,1.456794313e-05,3.590578653e-06,0.0001763145153,3.561885698e-06,1.629900537e-05,5.963901255e-05,0.0001453079362,0.0002936462344,0.0001509562102,4.094812429e-05,9.966907757e-06,2.456553967e-06,0.0001618677649,3.561883045e-06,1.62990118e-05,5.963909916e-05,0.0001453082945,0.0002936470154,2.26587618e-07,2.781483459e-08,2.584235466e-09,2.251050022e-10,1.101637628e-05,3.80387622e-09,1.126600861e-07,1.941415678e-06,1.35705854e-05,6.320284688e-05,3.41138945e-10,2.634464147e-11,1.398480005e-12,6.671224055e-14,9.575130709e-07,6.664575507e-12,6.581783566e-10,3.121879491e-08,4.082199867e-07,3.130805163e-06,3.926195094e-10,4.818389326e-11,4.235874949e-12,3.338969637e-13,1.497032032e-06,4.740926965e-11,3.051779356e-09,1.017997771e-07,1.07824716e-06,6.969694705e-06,1.050904253e-10,1.458903483e-11,1.450778807e-12,1.281403742e-13,1.098387946e-06,2.805065684e-11,1.852924938e-09,6.331034319e-08,6.73152433e-07,4.342477723e-06,1.541434157e-11,2.500400205e-12,2.905395795e-13,2.962849547e-14,6.642798672e-07,1.109567306e-11,7.572639729e-10,2.667044209e-08,2.81984546e-07,1.794417882e-06,1.072625424e-13,1.620214591e-14,1.682286537e-15,1.490733884e-16,1.28503674e-07,1.550364613e-13,1.838183037e-11,1.033177222e-09,1.374231486e-08,1.032666682e-07,8.493570124e-20,5.096683669e-21,1.79789233e-22,5.119057233e-24,1.072173604e-09,4.351278003e-20,4.746599626e-17,1.760920264e-14,6.017959826e-13,9.29332062e-12,3.294346684e-20,1.633511845e-21,4.761610559e-23,1.136863727e-24,5.026506276e-10,4.953466872e-21,6.313530956e-18,2.706439412e-15,9.655876413e-14,1.537894637e-12,4.833684529e-21,1.9340895e-22,4.549392726e-24,8.910847093e-26,1.625708675e-10,2.261536555e-22,3.563228413e-19,1.859814925e-16,6.990794049e-15,1.152068757e-13,1.165418911e-24,2.361550364e-26,2.500699827e-28,2.112010126e-30,1.730095673e-11,1.03340143e-26,7.346641825e-23,1.361609362e-19,8.568070969e-18,2.0349143e-16
50,0.02259733314,0.01088990019,0.004709057657,0.001972807981,0.01410339478,0.004222283518,0.01184531955,0.02751766974,0.05037256112,0.07986046814,0.03202794617,0.01543462691,0.006674313155,0.002796132176,0.01525601146,0.004222286408,0.01184531526,0.02751763302,0.050372447,0.07986027297,0.0004272420913,0.0001448709785,4.407904253e-05,1.334955035e-05,0.000517320993,2.905083203e-05,0.0001313014958,0.0004749551078,0.001198668149,0.002504423208,0.0003014408674,0.0001022137112,3.109994211e-05,9.418760561e-06,0.0004782365436,2.905081215e-05,0.0001313015434,0.0004749557415,0.001198670865,0.002504429328,0.01055267211,0.00401359573,0.001369771751,0.000461222869,0.004440183384,0.000471605723,0.001364314139,0.003261088695,0.005847425408,0.009082681053,0.01542408867,0.005866391732,0.002002101099,0.0006741382482,0.004836471186,0.0004716060743,0.001364313601,0.003261083959,0.005847410991,0.009082656898,0.0002206419314,5.985100379e-05,1.456794269e-05,3.590578504e-06,0.0001763145108,3.561885687e-06,1.629900554e-05,5.963901389e-05,0.0001453079412,0.0002936462494,0.0001509562092,4.094812351e-05,9.966907451e-06,2.456553865e-06,0.0001618677609,3.561883034e-06,1.629901197e-05,5.963910049e-05,0.0001453082995,0.0002936470304,2.265876111e-07,2.781483238e-08,2.584235134e-09,2.25104963e-10,1.101637521e-05,3.803875707e-09,1.126600734e-07,1.9414155e-06,1.357058438e-05,6.320284327e-05,3.411389294e-10,2.634463829e-11,1.398479732e-12,6.671222295e-14,9.575129408e-07,6.664573952e-12,6.581782206e-10,3.121878923e-08,4.082199189e-07,3.130804687e-06,3.929526564e-10,4.822875339e-11,4.240168099e-12,3.342608056e-13,1.497804506e-06,4.746024737e-11,3.054755897e-09,1.018896225e-07,1.079142097e-06,6.975168349e-06,1.052829904e-10,1.461926833e-11,1.454133545e-12,1.284650798e-13,1.099829496e-06,2.813102507e-11,1.857744193e-09,6.345947738e-08,6.746451995e-07,4.351597369e-06,1.546176406e-11,2.509191306e-12,2.916887886e-13,2.975771549e-14,6.658205545e-07,1.115259982e-11,7.607912957e-10,2.678297487e-08,2.831048881e-07,1.801170835e-06,1.078249211e-13,1.630012383e-14,1.693813682e-15,1.502056873e-16,1.290042183e-07,1.564350627e-13,1.853238673e-11,1.040843218e-09,1.383857623e-08,1.039536138e-07,8.576988729e-20,5.155205559e-21,1.8215275e-22,5.194226448e-24,1.07916158e-09,4.426425769e-20,4.821029708e-17,1.78593752e-14,6.099364799e-13,9.41374849e-12,3.332915881e-20,1.656068931e-21,4.837389572e-23,1.157170512e-24,5.065984045e-10,5.05630385e-21,6.432553082e-18,2.752672833e-15,9.812973122e-14,1.561867192e-12,4.925697026e-21,1.977247682e-22,4.665874488e-24,9.16613846e-26,1.645742792e-10,2.334902974e-22,3.668221971e-19,1.909492304e-16,7.168766614e-15,1.18019208e-13,1.168765735e-24,2.371459806e-26,2.514509417e-28,2.126261897e-30,1.735469736e-11,1.043032259e-26,7.408537138e-23,1.371950819e-19,8.630010135e-18,2.048982488e-16
51,0.02259733298,0.01088989998,0.00470905751,0.001972807897,0.01410339439,0.004222283449,0.01184531947,0.02751766981,0.05037256169,0.07986046987,0.03202794593,0.01543462661,0.006674312947,0.002796132058,0.01525601104,0.004222286339,0.01184531518,0.02751763309,0.05037244756,0.0798602747,0.0004272420867,0.0001448709744,4.40790405e-05,1.334954952e-05,0.0005173209705,2.905083085e-05,0.0001313014918,0.0004749550976,0.001198668133,0.002504423199,0.0003014408641,0.0001022137083,3.109994068e-05,9.418759975e-06,0.0004782365228,2.905081097e-05,0.0001313015394,0.0004749557313,0.001198670849,0.002504429319,0.01055267207,0.004013595691,0.00136977173,0.0004612228593,0.004440183344,0.0004716057326,0.001364314184,0.003261088841,0.00584742574,0.009082681721,0.01542408862,0.005866391676,0.002002101068,0.0006741382341,0.004836471142,0.0004716060838,0.001364313646,0.003261084105,0.005847411323,0.009082657566,0.0002206419299,5.985100269e-05,1.456794226e-05,3.59057836e-06,0.0001763145066,3.561885676e-06,1.62990057e-05,5.963901518e-05,0.000145307946,0.0002936462639,0.0001509562081,4.094812276e-05,9.966907156e-06,2.456553766e-06,0.0001618677569,3.561883024e-06,1.629901212e-05,5.963910178e-05,0.0001453083043,0.0002936470449,2.265876045e-07,2.781483025e-08,2.584234813e-09,2.251049252e-10,1.101637418e-05,3.803875211e-09,1.126600612e-07,1.941415328e-06,1.357058339e-05,6.320283979e-05,3.411389143e-10,2.634463523e-11,1.398479469e-12,6.671220597e-14,9.575128152e-07,6.664572452e-12,6.581780893e-10,3.121878375e-08,4.082198533e-07,3.130804229e-06,3.932742892e-10,4.827206359e-11,4.244313016e-12,3.346120953e-13,1.498549906e-06,4.750946559e-11,3.057629434e-09,1.019763513e-07,1.080005951e-06,6.980451685e-06,1.054687986e-10,1.46484454e-11,1.457371608e-12,1.287785449e-13,1.101219682e-06,2.820865412e-11,1.862398039e-09,6.36034601e-08,6.760862264e-07,4.36040005e-06,1.550755415e-11,2.517682876e-12,2.927992607e-13,2.988262449e-14,6.673072299e-07,1.120768915e-11,7.642032346e-10,2.689178146e-08,2.841878897e-07,1.807697496e-06,1.083691611e-13,1.63950125e-14,1.704985819e-15,1.513038863e-16,1.294880579e-07,1.577939384e-13,1.86785503e-11,1.048280061e-09,1.393192381e-08,1.046195485e-07,8.658140619e-20,5.212228339e-21,1.844594158e-22,5.267696321e-24,1.085938751e-09,4.500077653e-20,4.893867001e-17,1.810384806e-14,6.178863728e-13,9.531293442e-12,3.37052595e-20,1.67810963e-21,4.911584062e-23,1.177089966e-24,5.104339729e-10,5.157481308e-21,6.549440399e-18,2.797999979e-15,9.966870974e-14,1.585336394e-12,5.016478647e-21,2.019932841e-22,4.781382524e-24,9.419937129e-26,1.665337994e-10,2.408049538e-22,3.772609066e-19,1.95875529e-16,7.345052652e-15,1.208022724e-13,1.171765861e-24,2.380585982e-26,2.527412354e-28,2.139693938e-30,1.740570433e-11,1.052259134e-26,7.467758766e-23,1.38183262e-19,8.689141846e-18,2.062399853e-16
52,0.02259733282,0.01088989978,0.004709057369,0.001972807817,0.01410339401,0.004222283383,0.0118453194,0.02751766988,0.05037256223,0.07986047154,0.0320279457,0.01543462632,0.006674312746,0.002796131945,0.01525601063,0.004222286273,0.01184531511,0.02751763316,0.0503724481,0.07986027637,0.0004272420823,0.0001448709704,4.407903856e-05,1.334954872e-05,0.0005173209489,2.905082972e-05,0.0001313014879,0.0004749550878,0.001198668117,0.002504423191,0.000301440861,0.0001022137055,3.109993931e-05,9.418759413e-06,0.0004782365029,2.905080984e-05,0.0001313015355,0.0004749557215,0.001198670833,0.002504429311,0.01055267203,0.004013595654,0.001369771709,0.0004612228501,0.004440183305,0.0004716057418,0.001364314227,0.003261088981,0.005847426059,0.009082682363,0.01542408856,0.005866391622,0.002002101038,0.0006741382205,0.0048364711,0.000471606093,0.001364313689,0.003261084246,0.005847411642,0.009082658208,0.0002206419284,5.985100164e-05,1.456794184e-05,3.590578222e-06,0.0001763145025,3.561885666e-06,1.629900585e-05,5.963901642e-05,0.0001453079506,0.0002936462779,0.0001509562071,4.094812204e-05,9.966906872e-06,2.456553672e-06,0.0001618677532,3.561883013e-06,1.629901228e-05,5.963910302e-05,0.0001453083089,0.0002936470588,2.265875981e-07,2.78148282e-08,2.584234504e-09,2.251048888e-10,1.101637319e-05,3.803874735e-09,1.126600494e-07,1.941415163e-06,1.357058244e-05,6.320283644e-05,3.411388998e-10,2.634463229e-11,1.398479216e-12,6.671218964e-14,9.575126945e-07,6.664571009e-12,6.581779631e-10,3.121877847e-08,4.082197903e-07,3.130803788e-06,3.935836648e-10,4.831372377e-11,4.248300112e-12,3.349500187e-13,1.499266552e-06,4.755681035e-11,3.060393343e-09,1.020597644e-07,1.080836742e-06,6.985532633e-06,1.056474306e-10,1.467649969e-11,1.460485569e-12,1.290800445e-13,1.102555452e-06,2.828335985e-11,1.866875566e-09,6.374195738e-08,6.774721909e-07,4.368865566e-06,1.555160477e-11,2.525854707e-12,2.938683066e-13,3.000291504e-14,6.687365271e-07,1.126079902e-11,7.674911581e-10,2.699659147e-08,2.852308863e-07,1.813981939e-06,1.08893857e-13,1.648655936e-14,1.715772327e-15,1.523648954e-16,1.29954005e-07,1.591090307e-13,1.881989625e-11,1.055466692e-09,1.402209698e-08,1.052626353e-07,8.736773941e-20,5.267566432e-21,1.867013858e-22,5.339207369e-24,1.092486164e-09,4.571956786e-20,4.96484692e-17,1.834176284e-14,6.256182005e-13,9.645555081e-12,3.407052114e-20,1.69955685e-21,4.983921731e-23,1.196545949e-24,5.141459369e-10,5.256589772e-21,6.663735994e-18,2.842249734e-15,1.011699869e-13,1.608216383e-12,5.105647533e-21,2.061958668e-22,4.895394306e-24,9.671059065e-26,1.684424091e-10,2.480623754e-22,3.875901037e-19,2.007380211e-16,7.518863641e-15,1.235437805e-13,1.174437654e-24,2.388955061e-26,2.539423851e-28,2.152308773e-30,1.745396166e-11,1.061067729e-26,7.524224121e-23,1.391242544e-19,8.745398944e-18,2.075152569e-16
53,0.02259733267,0.01088989959,0.004709057234,0.001972807741,0.01410339365,0.00422228332,0.01184531933,0.02751766995,0.05037256274,0.07986047313,0.03202794549,0.01543462605,0.006674312555,0.002796131836,0.01525601025,0.00422228621,0.01184531503,0.02751763323,0.05037244862,0.07986027797,0.000427242078,0.0001448709667,4.407903669e-05,1.334954796e-05,0.0005173209283,2.905082864e-05,0.0001313014842,0.0004749550784,0.001198668103,0.002504423183,0.000301440858,0.0001022137028,3.109993799e-05,9.418758874e-06,0.0004782364838,2.905080875e-05,0.0001313015318,0.0004749557121,0.001198670818,0.002504429303,0.010552672,0.004013595619,0.00136977169,0.0004612228412,0.004440183268,0.0004716057506,0.001364314268,0.003261089116,0.005847426365,0.009082682978,0.01542408851,0.005866391571,0.00200210101,0.0006741382076,0.00483647106,0.0004716061018,0.00136431373,0.00326108438,0.005847411947,0.009082658822,0.000220641927,5.985100063e-05,1.456794144e-05,3.590578089e-06,0.0001763144985,3.561885656e-06,1.6299006e-05,5.96390176e-05,0.0001453079551,0.0002936462912,0.0001509562061,4.094812135e-05,9.9669066e-06,2.456553581e-06,0.0001618677496,3.561883003e-06,1.629901242e-05,5.963910421e-05,0.0001453083133,0.0002936470721,2.26587592e-07,2.781482623e-08,2.584234209e-09,2.25104854e-10,1.101637224e-05,3.803874278e-09,1.126600381e-07,1.941415005e-06,1.357058153e-05,6.320283324e-05,3.411388858e-10,2.634462947e-11,1.398478974e-12,6.671217401e-14,9.575125788e-07,6.664569628e-12,6.581778422e-10,3.121877343e-08,4.0821973e-07,3.130803366e-06,3.938800403e-10,4.83536338e-11,4.25211979e-12,3.352737615e-13,1.499952764e-06,4.760216765e-11,3.063040998e-09,1.021396627e-07,1.081632493e-06,6.990399112e-06,1.058184676e-10,1.470336489e-11,1.463468007e-12,1.293688539e-13,1.103833764e-06,2.8354958e-11,1.871165859e-09,6.387463534e-08,6.787997717e-07,4.376973732e-06,1.559380886e-11,2.533686594e-12,2.948932355e-13,3.011827936e-14,6.701050855e-07,1.131178688e-11,7.706464099e-10,2.709713396e-08,2.862312086e-07,1.820008219e-06,1.093975987e-13,1.657451062e-14,1.726142389e-15,1.533856009e-16,1.304008696e-07,1.603762359e-13,1.895599555e-11,1.06238187e-09,1.410883308e-08,1.058810242e-07,8.812633264e-20,5.321031043e-21,1.888706545e-22,5.408494009e-24,1.098784705e-09,4.641778126e-20,5.033697908e-17,1.857224103e-14,6.331038932e-13,9.756124565e-12,3.442367179e-20,1.720331692e-21,5.054122745e-23,1.215459912e-24,5.177227606e-10,5.353204082e-21,6.774967262e-18,2.885245723e-15,1.026276838e-13,1.630418917e-12,5.192803933e-21,2.103129062e-22,5.007356613e-24,9.91824343e-26,1.702929081e-10,2.552247875e-22,3.977577733e-19,2.055130425e-16,7.689367505e-15,1.262307925e-13,1.176800659e-24,2.396595707e-26,2.550561806e-28,2.164111171e-30,1.749945617e-11,1.069444307e-26,7.57785454e-23,1.400169053e-19,8.7987186e-18,2.087227867e-16
54,0.02259733252,0.0108898994,0.004709057105,0.001972807667,0.01410339331,0.004222283259,0.01184531926,0.02751767001,0.05037256323,0.07986047465,0.03202794528,0.01543462579,0.006674312372,0.002796131732,0.01525600988,0.004222286149,0.01184531497,0.02751763329,0.05037244911,0.07986027949,0.000427242074,0.000144870963,4.407903491e-05,1.334954723e-05,0.0005173209086,2.90508276e-05,0.0001313014807,0.0004749550694,0.001198668088,0.002504423175,0.0003014408551,0.0001022137003,3.109993674e-05,9.41875836e-06,0.0004782364655,2.905080772e-05,0.0001313015283,0.0004749557032,0.001198670804,0.002504429296,0.01055267196,0.004013595585,0.001369771671,0.0004612228327,0.004440183232,0.000471605759,0.001364314308,0.003261089244,0.005847426656,0.009082683564,0.01542408846,0.005866391521,0.002002100983,0.0006741381952,0.004836471021,0.0004716061102,0.00136431377,0.003261084509,0.005847412239,0.009082659408,0.0002206419256,5.985099967e-05,1.456794106e-05,3.590577963e-06,0.0001763144948,3.561885647e-06,1.629900614e-05,5.963901874e-05,0.0001453079593,0.0002936463039,0.0001509562052,4.09481207e-05,9.966906341e-06,2.456553495e-06,0.0001618677461,3.561882994e-06,1.629901256e-05,5.963910534e-05,0.0001453083175,0.0002936470849,2.265875862e-07,2.781482436e-08,2.584233927e-09,2.251048208e-10,1.101637134e-05,3.803873843e-09,1.126600274e-07,1.941414854e-06,1.357058067e-05,6.320283018e-05,3.411388726e-10,2.634462678e-11,1.398478743e-12,6.67121591e-14,9.575124686e-07,6.664568311e-12,6.58177727e-10,3.121876861e-08,4.082196725e-07,3.130802963e-06,3.941626721e-10,4.839169351e-11,4.255762453e-12,3.35582509e-13,1.500606862e-06,4.764542342e-11,3.065565771e-09,1.022158471e-07,1.082391223e-06,6.995039042e-06,1.059814912e-10,1.47289748e-11,1.466311507e-12,1.296442492e-13,1.105051583e-06,2.842326424e-11,1.875258004e-09,6.400116023e-08,6.800656494e-07,4.384704373e-06,1.56340595e-11,2.541158336e-12,2.958713561e-13,3.022840942e-14,6.714095497e-07,1.136050982e-11,7.73660316e-10,2.719313757e-08,2.871861843e-07,1.825760375e-06,1.09878972e-13,1.665861152e-14,1.736065041e-15,1.54362871e-16,1.308274605e-07,1.615914128e-13,1.908641581e-11,1.069004214e-09,1.419186786e-08,1.064728549e-07,8.88546016e-20,5.372430646e-21,1.90959078e-22,5.475285382e-24,1.104815132e-09,4.709249439e-20,5.100142319e-17,1.879438665e-14,6.403148556e-13,9.862585778e-12,3.476341876e-20,1.740353684e-21,5.121900663e-23,1.233751179e-24,5.211527911e-10,5.446885002e-21,6.882647626e-18,2.926806925e-15,1.040357749e-13,1.651853661e-12,5.277531766e-21,2.143238919e-22,5.11668776e-24,1.016015766e-25,1.72077938e-10,2.622520412e-22,4.07708964e-19,2.101757292e-16,7.855692015e-15,1.288497695e-13,1.178875326e-24,2.403538566e-26,2.560846298e-28,2.175107746e-30,1.754217659e-11,1.07737562e-26,7.628574575e-23,1.408601159e-19,8.849041499e-18,2.098613833e-16
55,0.02259733238,0.01088989923,0.004709056982,0.001972807598,0.01410339299,0.004222283202,0.0118453192,0.02751767007,0.0503725637,0.07986047609,0.03202794509,0.01543462554,0.006674312198,0.002796131634,0.01525600952,0.004222286092,0.0118453149,0.02751763335,0.05037244958,0.07986028093,0.0004272420701,0.0001448709596,4.407903323e-05,1.334954654e-05,0.0005173208899,2.905082662e-05,0.0001313014774,0.0004749550609,0.001198668075,0.002504423168,0.0003014408524,0.0001022136978,3.109993555e-05,9.418757872e-06,0.0004782364482,2.905080674e-05,0.0001313015249,0.0004749556947,0.001198670791,0.002504429288,0.01055267193,0.004013595553,0.001369771654,0.0004612228247,0.004440183199,0.0004716057669,0.001364314345,0.003261089366,0.005847426932,0.009082684119,0.01542408842,0.005866391475,0.002002100957,0.0006741381834,0.004836470985,0.0004716061182,0.001364313807,0.00326108463,0.005847412515,0.009082659964,0.0002206419244,5.985099876e-05,1.45679407e-05,3.590577843e-06,0.0001763144912,3.561885638e-06,1.629900627e-05,5.963901981e-05,0.0001453079633,0.000293646316,0.0001509562043,4.094812007e-05,9.966906095e-06,2.456553413e-06,0.0001618677429,3.561882985e-06,1.62990127e-05,5.963910641e-05,0.0001453083215,0.0002936470969,2.265875807e-07,2.781482259e-08,2.58423366e-09,2.251047893e-10,1.101637048e-05,3.803873431e-09,1.126600172e-07,1.941414711e-06,1.357057985e-05,6.320282728e-05,3.4113886e-10,2.634462423e-11,1.398478524e-12,6.671214496e-14,9.575123641e-07,6.664567062e-12,6.581776177e-10,3.121876405e-08,4.08219618e-07,3.130802581e-06,3.944308166e-10,4.842780269e-11,4.2592185e-12,3.358754463e-13,1.50122717e-06,4.768646357e-11,3.067961035e-09,1.022881183e-07,1.083110954e-06,6.999440342e-06,1.061360837e-10,1.475326327e-11,1.469008661e-12,1.299055069e-13,1.106205876e-06,2.848809428e-11,1.879141091e-09,6.412119847e-08,6.812665068e-07,4.392037332e-06,1.567224981e-11,2.548249746e-12,2.967999777e-13,3.03329972e-14,6.726465692e-07,1.140682465e-11,7.765241919e-10,2.728433077e-08,2.8809314e-07,1.831222441e-06,1.103365608e-13,1.67386067e-14,1.745509214e-15,1.552935602e-16,1.312325858e-07,1.627503912e-13,1.921072205e-11,1.075312236e-09,1.427093587e-08,1.070362595e-07,8.954993835e-20,5.421571526e-21,1.929584001e-22,5.539306266e-24,1.1105581e-09,4.774072417e-20,5.163897409e-17,1.900728927e-14,6.472220588e-13,9.964516634e-12,3.508845241e-20,1.75954105e-21,5.186963479e-23,1.251337258e-24,5.24424283e-10,5.5371811e-21,6.986278513e-18,2.966748367e-15,1.053881109e-13,1.672428514e-12,5.359400495e-21,2.182075084e-22,5.222780406e-24,1.0395404e-25,1.737900083e-10,2.691018133e-22,4.173860596e-19,2.147001378e-16,8.016928977e-15,1.313866381e-13,1.180682741e-24,2.409815727e-26,2.570299044e-28,2.185306539e-30,1.758211269e-11,1.0848488e-26,7.676311265e-23,1.416528293e-19,8.896310988e-18,2.109299203e-16
56,0.02259733225,0.01088989906,0.004709056867,0.001972807533,0.01410339268,0.004222283148,0.01184531914,0.02751767013,0.05037256414,0.07986047745,0.0320279449,0.01543462531,0.006674312035,0.002796131541,0.01525600919,0.004222286038,0.01184531484,0.02751763341,0.05037245002,0.07986028229,0.0004272420665,0.0001448709564,4.407903164e-05,1.334954589e-05,0.0005173208722,2.90508257e-05,0.0001313014742,0.0004749550529,0.001198668062,0.002504423161,0.0003014408498,0.0001022136956,3.109993443e-05,9.418757413e-06,0.0004782364319,2.905080582e-05,0.0001313015218,0.0004749556867,0.001198670778,0.002504429282,0.0105526719,0.004013595523,0.001369771637,0.0004612228171,0.004440183167,0.0004716057744,0.001364314381,0.00326108948,0.005847427192,0.009082684643,0.01542408837,0.005866391431,0.002002100933,0.0006741381724,0.00483647095,0.0004716061257,0.001364313843,0.003261084745,0.005847412775,0.009082660488,0.0002206419232,5.98509979e-05,1.456794037e-05,3.59057773e-06,0.0001763144879,3.561885629e-06,1.629900639e-05,5.963902082e-05,0.0001453079671,0.0002936463273,0.0001509562035,4.094811948e-05,9.966905863e-06,2.456553335e-06,0.0001618677398,3.561882977e-06,1.629901282e-05,5.963910742e-05,0.0001453083253,0.0002936471083,2.265875755e-07,2.781482091e-08,2.584233408e-09,2.251047596e-10,1.101636968e-05,3.803873042e-09,1.126600076e-07,1.941414576e-06,1.357057907e-05,6.320282455e-05,3.411388482e-10,2.634462183e-11,1.398478317e-12,6.671213163e-14,9.575122655e-07,6.664565884e-12,6.581775146e-10,3.121875974e-08,4.082195665e-07,3.130802221e-06,3.946837304e-10,4.846186115e-11,4.262478328e-12,3.361517583e-13,1.501812008e-06,4.772517401e-11,3.070220161e-09,1.023562772e-07,1.083789708e-06,7.003590936e-06,1.062818277e-10,1.477616421e-11,1.47155207e-12,1.301519041e-13,1.107293617e-06,2.854926387e-11,1.882804217e-09,6.423441671e-08,6.823990288e-07,4.398952468e-06,1.570827308e-11,2.554940655e-12,2.976764116e-13,3.043173483e-14,6.738127982e-07,1.14505881e-11,7.792293503e-10,2.737044199e-08,2.889494022e-07,1.836378456e-06,1.10768948e-13,1.681424048e-14,1.75444378e-15,1.561745156e-16,1.316150539e-07,1.638489814e-13,1.932847765e-11,1.081284381e-09,1.434577094e-08,1.075693653e-07,9.020971806e-20,5.468258344e-21,1.948602793e-22,5.600278074e-24,1.115994204e-09,4.835943907e-20,5.224676435e-17,1.921002728e-14,6.537961414e-13,1.006149049e-11,3.539745034e-20,1.777811003e-21,5.249014782e-23,1.268134198e-24,5.275254252e-10,5.623630884e-21,7.08535158e-18,3.004881898e-15,1.066784434e-13,1.692049976e-12,5.437967316e-21,2.219417497e-22,5.325004944e-24,1.06225276e-25,1.754215251e-10,2.757298585e-22,4.267291134e-19,2.190593913e-16,8.172139242e-15,1.338268665e-13,1.182244351e-24,2.415460186e-26,2.578942861e-28,2.194716585e-30,1.761925432e-11,1.091851261e-26,7.720993383e-23,1.423940168e-19,8.940472207e-18,2.119273151e-16
57,0.02259733213,0.01088989891,0.004709056759,0.001972807471,0.01410339239,0.004222283097,0.01184531908,0.02751767018,0.05037256455,0.07986047873,0.03202794473,0.01543462509,0.006674311881,0.002796131455,0.01525600888,0.004222285987,0.01184531479,0.02751763346,0.05037245043,0.07986028356,0.0004272420631,0.0001448709534,4.407903015e-05,1.334954528e-05,0.0005173208557,2.905082484e-05,0.0001313014712,0.0004749550454,0.00119866805,0.002504423155,0.0003014408474,0.0001022136934,3.109993338e-05,9.418756982e-06,0.0004782364167,2.905080495e-05,0.0001313015188,0.0004749556792,0.001198670766,0.002504429275,0.01055267187,0.004013595495,0.001369771622,0.00046122281,0.004440183138,0.0004716057814,0.001364314414,0.003261089588,0.005847427436,0.009082685134,0.01542408833,0.005866391389,0.00200210091,0.000674138162,0.004836470918,0.0004716061327,0.001364313876,0.003261084852,0.005847413019,0.009082660979,0.000220641922,5.985099709e-05,1.456794005e-05,3.590577625e-06,0.0001763144847,3.561885622e-06,1.629900651e-05,5.963902177e-05,0.0001453079706,0.000293646338,0.0001509562027,4.094811893e-05,9.966905646e-06,2.456553263e-06,0.0001618677369,3.561882969e-06,1.629901294e-05,5.963910837e-05,0.0001453083289,0.0002936471189,2.265875707e-07,2.781481934e-08,2.584233172e-09,2.251047318e-10,1.101636892e-05,3.803872677e-09,1.126599986e-07,1.94141445e-06,1.357057835e-05,6.320282199e-05,3.411388371e-10,2.634461958e-11,1.398478124e-12,6.671211915e-14,9.575121732e-07,6.664564781e-12,6.581774181e-10,3.121875571e-08,4.082195184e-07,3.130801884e-06,3.949206697e-10,4.84937687e-11,4.265532339e-12,3.3641063e-13,1.502359701e-06,4.776144067e-11,3.072336522e-09,1.024201248e-07,1.084425505e-06,7.007478746e-06,1.064183063e-10,1.479761162e-11,1.473934339e-12,1.303827188e-13,1.108311782e-06,2.860658892e-11,1.886236485e-09,6.434048185e-08,6.834599034e-07,4.405429653e-06,1.57420227e-11,2.561210919e-12,2.984979724e-13,3.052431477e-14,6.74904895e-07,1.149165696e-11,7.817671079e-10,2.745119984e-08,2.897522996e-07,1.841212469e-06,1.11174717e-13,1.68852572e-14,1.762837605e-15,1.570025818e-16,1.31973674e-07,1.648829843e-13,1.943924522e-11,1.086899065e-09,1.441610663e-08,1.080702983e-07,9.083130621e-20,5.512294769e-21,1.966563184e-22,5.65791995e-24,1.121104007e-09,4.894557281e-20,5.282189852e-17,1.940167143e-14,6.600075189e-13,1.015307771e-11,3.56890818e-20,1.795080065e-21,5.307755032e-23,1.284056981e-24,5.304443697e-10,5.705765204e-21,7.1793512e-18,3.041017053e-15,1.079004527e-13,1.710623548e-12,5.51277969e-21,2.255040517e-22,5.422713491e-24,1.084002609e-25,1.76964822e-10,2.820903133e-22,4.356762449e-19,2.232258499e-16,8.320358534e-15,1.361555533e-13,1.183581681e-24,2.420505287e-26,2.586801101e-28,2.203347473e-30,1.765359057e-11,1.098370584e-26,7.762550683e-23,1.430826643e-19,8.981471209e-18,2.128525075e-16
58,0.02259733202,0.01088989876,0.004709056658,0.001972807415,0.01410339213,0.00422228305,0.01184531903,0.02751767023,0.05037256494,0.07986047991,0.03202794457,0.01543462488,0.006674311739,0.002796131374,0.01525600859,0.00422228594,0.01184531473,0.02751763351,0.05037245081,0.07986028475,0.00042724206,0.0001448709506,4.407902877e-05,1.334954471e-05,0.0005173208404,2.905082403e-05,0.0001313014685,0.0004749550385,0.001198668039,0.002504423149,0.0003014408452,0.0001022136915,3.10999324e-05,9.418756583e-06,0.0004782364025,2.905080415e-05,0.0001313015161,0.0004749556722,0.001198670755,0.002504429269,0.01055267185,0.004013595469,0.001369771607,0.0004612228034,0.00444018311,0.000471605788,0.001364314444,0.003261089687,0.005847427663,0.00908268559,0.01542408829,0.005866391351,0.002002100889,0.0006741381524,0.004836470888,0.0004716061392,0.001364313906,0.003261084952,0.005847413246,0.009082661435,0.000220641921,5.985099635e-05,1.456793975e-05,3.590577526e-06,0.0001763144818,3.561885614e-06,1.629900662e-05,5.963902265e-05,0.0001453079739,0.0002936463479,0.000150956202,4.094811842e-05,9.966905444e-06,2.456553196e-06,0.0001618677342,3.561882961e-06,1.629901305e-05,5.963910925e-05,0.0001453083321,0.0002936471288,2.265875661e-07,2.781481789e-08,2.584232953e-09,2.25104706e-10,1.101636822e-05,3.803872339e-09,1.126599903e-07,1.941414333e-06,1.357057767e-05,6.320281961e-05,3.411388267e-10,2.634461749e-11,1.398477944e-12,6.671210755e-14,9.575120874e-07,6.664563756e-12,6.581773285e-10,3.121875197e-08,4.082194736e-07,3.130801571e-06,3.951408912e-10,4.852342517e-11,4.268370933e-12,3.36651247e-13,1.502868571e-06,4.779514952e-11,3.074303491e-09,1.024794619e-07,1.085016368e-06,7.011091699e-06,1.065451027e-10,1.481753952e-11,1.476148082e-12,1.305972296e-13,1.109257348e-06,2.865988549e-11,1.88942701e-09,6.443906111e-08,6.844458211e-07,4.411448778e-06,1.577339221e-11,2.567040424e-12,2.992619788e-13,3.061042999e-14,6.759195215e-07,1.152988819e-11,7.84128794e-10,2.752633331e-08,2.904991642e-07,1.845708551e-06,1.115524536e-13,1.695140159e-14,1.770659594e-15,1.577746072e-16,1.323072567e-07,1.658482015e-13,1.954258759e-11,1.092134725e-09,1.448167674e-08,1.085371861e-07,9.141206628e-20,5.553484132e-21,1.983380971e-22,5.711949938e-24,1.125868082e-09,4.949603919e-20,5.336146619e-17,1.958128877e-14,6.65826502e-13,1.023884727e-11,3.596201257e-20,1.811264413e-21,5.362882943e-23,1.299019947e-24,5.331692613e-10,5.783109914e-21,7.267757197e-18,3.074961989e-15,1.090477778e-13,1.728054165e-12,5.583378178e-21,2.288714432e-22,5.515244486e-24,1.104636077e-25,1.784121946e-10,2.88136054e-22,4.441641001e-19,2.271713061e-16,8.460604116e-15,1.383575281e-13,1.184716058e-24,2.424984172e-26,2.593897093e-28,2.211208898e-30,1.768510885e-11,1.10439441e-26,7.800913128e-23,1.437177581e-19,9.019254063e-18,2.137044374e-16
59,0.02259733191,0.01088989863,0.004709056566,0.001972807362,0.01410339188,0.004222283007,0.01184531898,0.02751767028,0.05037256529,0.079860481,0.03202794442,0.0154346247,0.006674311608,0.0027961313,0.01525600833,0.004222285897,0.01184531469,0.02751763356,0.05037245117,0.07986028583,0.0004272420571,0.000144870948,4.407902749e-05,1.334954419e-05,0.0005173208263,2.905082329e-05,0.000131301466,0.000474955032,0.001198668029,0.002504423144,0.0003014408432,0.0001022136896,3.10999315e-05,9.418756214e-06,0.0004782363894,2.905080341e-05,0.0001313015135,0.0004749556658,0.001198670745,0.002504429264,0.01055267182,0.004013595445,0.001369771594,0.0004612227973,0.004440183085,0.000471605794,0.001364314473,0.003261089779,0.005847427872,0.00908268601,0.01542408826,0.005866391316,0.002002100869,0.0006741381435,0.004836470861,0.0004716061452,0.001364313935,0.003261085044,0.005847413455,0.009082661855,0.00022064192,5.985099566e-05,1.456793948e-05,3.590577436e-06,0.0001763144791,3.561885607e-06,1.629900672e-05,5.963902346e-05,0.0001453079769,0.000293646357,0.0001509562013,4.094811795e-05,9.966905259e-06,2.456553134e-06,0.0001618677318,3.561882955e-06,1.629901315e-05,5.963911006e-05,0.0001453083352,0.0002936471379,2.26587562e-07,2.781481654e-08,2.584232751e-09,2.251046822e-10,1.101636757e-05,3.803872027e-09,1.126599826e-07,1.941414225e-06,1.357057705e-05,6.320281742e-05,3.411388172e-10,2.634461556e-11,1.398477778e-12,6.671209687e-14,9.575120085e-07,6.664562813e-12,6.581772459e-10,3.121874852e-08,4.082194324e-07,3.130801282e-06,3.953436519e-10,4.855073045e-11,4.270984519e-12,3.368727948e-13,1.503336941e-06,4.782618655e-11,3.076114448e-09,1.025340896e-07,1.085560321e-06,7.014417727e-06,1.066618006e-10,1.483588201e-11,1.47818592e-12,1.307947158e-13,1.110127292e-06,2.870896991e-11,1.892364918e-09,6.452982201e-08,6.853534753e-07,4.416989749e-06,1.580227533e-11,2.572409091e-12,2.999657551e-13,3.068977418e-14,6.768533424e-07,1.156513913e-11,7.863057579e-10,2.759557197e-08,2.911873337e-07,1.849850804e-06,1.119007469e-13,1.70124191e-14,1.777878748e-15,1.584874502e-16,1.326146151e-07,1.667404468e-13,1.963806889e-11,1.096969857e-09,1.454221581e-08,1.089681617e-07,9.194936782e-20,5.591630133e-21,1.998972056e-22,5.762086244e-24,1.130267047e-09,5.000774816e-20,5.386255597e-17,1.974794672e-14,6.712234233e-13,1.031836859e-11,3.621491003e-20,1.826280248e-21,5.41409698e-23,1.312937265e-24,5.356882702e-10,5.855188779e-21,7.350047821e-18,3.106524511e-15,1.101140493e-13,1.744246672e-12,5.649299604e-21,2.320207153e-22,5.601927867e-24,1.123996934e-25,1.797559365e-10,2.938191063e-22,4.521283751e-19,2.308672056e-16,8.591882254e-15,1.404174643e-13,1.185668326e-24,2.428929218e-26,2.600253565e-28,2.218310202e-30,1.771379403e-11,1.109910336e-26,7.83601013e-23,1.442982715e-19,9.053765962e-18,2.144820236e-16
60,0.02259733182,0.01088989851,0.004709056482,0.001972807314,0.01410339166,0.004222282968,0.01184531893,0.02751767032,0.05037256561,0.07986048199,0.03202794428,0.01543462453,0.006674311489,0.002796131232,0.01525600809,0.004222285857,0.01184531464,0.0275176336,0.05037245149,0.07986028683,0.0004272420544,0.0001448709456,4.407902633e-05,1.334954371e-05,0.0005173208134,2.905082262e-05,0.0001313014637,0.0004749550262,0.00119866802,0.002504423139,0.0003014408413,0.000102213688,3.109993068e-05,9.418755879e-06,0.0004782363776,2.905080273e-05,0.0001313015112,0.00047495566,0.001198670736,0.002504429259,0.0105526718,0.004013595423,0.001369771582,0.0004612227918,0.004440183062,0.0004716057994,0.001364314499,0.003261089863,0.005847428062,0.009082686392,0.01542408822,0.005866391284,0.002002100852,0.0006741381354,0.004836470836,0.0004716061507,0.001364313961,0.003261085127,0.005847413644,0.009082662237,0.0002206419191,5.985099503e-05,1.456793924e-05,3.590577353e-06,0.0001763144767,3.561885601e-06,1.629900681e-05,5.96390242e-05,0.0001453079797,0.0002936463653,0.0001509562007,4.094811752e-05,9.96690509e-06,2.456553077e-06,0.0001618677295,3.561882948e-06,1.629901324e-05,5.96391108e-05,0.0001453083379,0.0002936471462,2.265875582e-07,2.781481532e-08,2.584232568e-09,2.251046605e-10,1.101636698e-05,3.803871744e-09,1.126599756e-07,1.941414127e-06,1.357057649e-05,6.320281543e-05,3.411388086e-10,2.634461381e-11,1.398477628e-12,6.671208715e-14,9.575119366e-07,6.664561955e-12,6.581771708e-10,3.121874538e-08,4.082193949e-07,3.13080102e-06,3.955282092e-10,4.857558449e-11,4.27336351e-12,3.370744599e-13,1.503763135e-06,4.785443788e-11,3.077762774e-09,1.02583809e-07,1.086055385e-06,7.017444764e-06,1.067679836e-10,1.485257321e-11,1.480040479e-12,1.309744577e-13,1.110918592e-06,2.875365882e-11,1.895039351e-09,6.461243246e-08,6.861795628e-07,4.422032489e-06,1.582856591e-11,2.577296881e-12,3.00606632e-13,3.076204188e-14,6.777030245e-07,1.159726764e-11,7.882893772e-10,2.765864616e-08,2.918141527e-07,1.853623367e-06,1.122181918e-13,1.706805627e-14,1.784464217e-15,1.591379855e-16,1.328945655e-07,1.675555571e-13,1.972525552e-11,1.101383065e-09,1.459745966e-08,1.093613665e-07,9.244059505e-20,5.626537584e-21,2.013252808e-22,5.808048573e-24,1.134281611e-09,5.047762302e-20,5.432227048e-17,1.990071749e-14,6.761687714e-13,1.039121337e-11,3.644644867e-20,1.840044193e-21,5.461096962e-23,1.32572343e-24,5.37989625e-10,5.921526639e-21,7.425702964e-18,3.135513164e-15,1.110929239e-13,1.759106329e-12,5.710080515e-21,2.349286068e-22,5.682090831e-24,1.141928008e-25,1.809883781e-10,2.990911071e-22,4.595043985e-19,2.342848902e-16,8.71319646e-15,1.423200028e-13,1.186458572e-24,2.432371471e-26,2.60589207e-28,2.224659917e-30,1.773962755e-11,1.114905798e-26,7.867769786e-23,1.448231505e-19,9.084950322e-18,2.15184141e-16
61,0.02259733173,0.0108898984,0.004709056406,0.001972807272,0.01410339146,0.004222282932,0.01184531889,0.02751767035,0.0503725659,0.07986048288,0.03202794416,0.01543462437,0.006674311382,0.002796131171,0.01525600787,0.004222285822,0.0118453146,0.02751763363,0.05037245177,0.07986028772,0.000427242052,0.0001448709435,4.407902529e-05,1.334954329e-05,0.0005173208019,2.905082201e-05,0.0001313014616,0.000474955021,0.001198668012,0.002504423134,0.0003014408396,0.0001022136865,3.109992995e-05,9.418755579e-06,0.0004782363669,2.905080213e-05,0.0001313015092,0.0004749556547,0.001198670728,0.002504429255,0.01055267178,0.004013595403,0.001369771571,0.0004612227869,0.004440183041,0.0004716058043,0.001364314522,0.003261089938,0.005847428232,0.009082686735,0.0154240882,0.005866391255,0.002002100836,0.0006741381282,0.004836470813,0.0004716061556,0.001364313984,0.003261085202,0.005847413815,0.00908266258,0.0002206419183,5.985099447e-05,1.456793901e-05,3.59057728e-06,0.0001763144745,3.561885596e-06,1.629900689e-05,5.963902486e-05,0.0001453079821,0.0002936463727,0.0001509562002,4.094811714e-05,9.966904938e-06,2.456553027e-06,0.0001618677275,3.561882943e-06,1.629901332e-05,5.963911146e-05,0.0001453083404,0.0002936471537,2.265875548e-07,2.781481423e-08,2.584232403e-09,2.251046411e-10,1.101636645e-05,3.803871489e-09,1.126599693e-07,1.941414038e-06,1.357057598e-05,6.320281364e-05,3.411388009e-10,2.634461224e-11,1.398477493e-12,6.671207843e-14,9.575118722e-07,6.664561184e-12,6.581771034e-10,3.121874257e-08,4.082193613e-07,3.130800785e-06,3.95693821e-10,4.85978873e-11,4.275498327e-12,3.372554293e-13,1.504145475e-06,4.787978972e-11,3.079241854e-09,1.026284213e-07,1.086499587e-06,7.020160753e-06,1.068632355e-10,1.486754729e-11,1.481704392e-12,1.311357362e-13,1.111628221e-06,2.879376922e-11,1.897439469e-09,6.468656074e-08,6.869207833e-07,4.426556935e-06,1.585215799e-11,2.581683802e-12,3.011819481e-13,3.082692871e-14,6.784652358e-07,1.162613228e-11,7.900710664e-10,2.771528722e-08,2.923769745e-07,1.857010429e-06,1.125033898e-13,1.711806115e-14,1.790385357e-15,1.597231106e-16,1.331459278e-07,1.682894049e-13,1.980371736e-11,1.105353111e-09,1.464714598e-08,1.097149546e-07,9.288315576e-20,5.658013191e-21,2.026140447e-22,5.849559544e-24,1.137892615e-09,5.090261875e-20,5.473774223e-17,2.00386828e-14,6.806333331e-13,1.045695762e-11,3.665531579e-20,1.852473709e-21,5.50358576e-23,1.337293797e-24,5.400616488e-10,5.981652782e-21,7.494207593e-18,3.161738402e-15,1.11978122e-13,1.772539343e-12,5.765260929e-21,2.375720079e-22,5.755064112e-24,1.158272749e-25,1.82101928e-10,3.039038129e-22,4.662277716e-19,2.373958645e-16,8.823556462e-15,1.440498872e-13,1.187105837e-24,2.435340085e-26,2.610832407e-28,2.230265299e-30,1.776258655e-11,1.119367973e-26,7.896118119e-23,1.452912999e-19,9.112747881e-18,2.158095987e-16
62,0.02259733166,0.01088989831,0.00470905634,0.001972807234,0.01410339128,0.004222282901,0.01184531886,0.02751767039,0.05037256615,0.07986048366,0.03202794406,0.01543462424,0.006674311288,0.002796131118,0.01525600768,0.004222285791,0.01184531457,0.02751763367,0.05037245203,0.0798602885,0.00042724205,0.0001448709417,4.407902438e-05,1.334954291e-05,0.0005173207917,2.905082148e-05,0.0001313014598,0.0004749550164,0.001198668005,0.00250442313,0.0003014408381,0.0001022136852,3.10999293e-05,9.418755314e-06,0.0004782363575,2.90508016e-05,0.0001313015074,0.0004749556501,0.00119867072,0.002504429251,0.01055267176,0.004013595386,0.001369771561,0.0004612227825,0.004440183023,0.0004716058087,0.001364314542,0.003261090004,0.005847428382,0.009082687037,0.01542408817,0.00586639123,0.002002100822,0.0006741381218,0.004836470793,0.0004716061599,0.001364314004,0.003261085268,0.005847413965,0.009082662882,0.0002206419176,5.985099397e-05,1.456793882e-05,3.590577214e-06,0.0001763144726,3.561885591e-06,1.629900696e-05,5.963902544e-05,0.0001453079843,0.0002936463793,0.0001509561997,4.09481168e-05,9.966904804e-06,2.456552982e-06,0.0001618677257,3.561882938e-06,1.629901339e-05,5.963911205e-05,0.0001453083426,0.0002936471602,2.265875518e-07,2.781481326e-08,2.584232258e-09,2.25104624e-10,1.101636599e-05,3.803871265e-09,1.126599638e-07,1.941413961e-06,1.357057554e-05,6.320281207e-05,3.41138794e-10,2.634461086e-11,1.398477374e-12,6.671207075e-14,9.575118154e-07,6.664560506e-12,6.58177044e-10,3.121874009e-08,4.082193317e-07,3.130800577e-06,3.958397462e-10,4.861753903e-11,4.277379402e-12,3.374148911e-13,1.504482285e-06,4.790212837e-11,3.080545082e-09,1.02667728e-07,1.086890953e-06,7.022553639e-06,1.069471401e-10,1.488073841e-11,1.483170297e-12,1.312778332e-13,1.112253147e-06,2.882911853e-11,1.899554451e-09,6.475187557e-08,6.875738397e-07,4.43054304e-06,1.58729458e-11,2.585549913e-12,3.016890511e-13,3.088413155e-14,6.791366449e-07,1.165159244e-11,7.916422854e-10,2.77652277e-08,2.928731636e-07,1.859996237e-06,1.12754951e-13,1.716218365e-14,1.795611786e-15,1.602397531e-16,1.333675268e-07,1.689379105e-13,1.987302889e-11,1.108858963e-09,1.469101485e-08,1.100270962e-07,9.32744907e-20,5.685866369e-21,2.037553441e-22,5.886346176e-24,1.141081076e-09,5.127974125e-20,5.510615029e-17,2.01609387e-14,6.845883427e-13,1.051518368e-11,3.684021754e-20,1.863487539e-21,5.541271091e-23,1.347565142e-24,5.418927956e-10,6.035104542e-21,7.555055378e-18,3.185013822e-15,1.127634666e-13,1.784453441e-12,5.814388333e-21,2.399281763e-22,5.820188751e-24,1.172876908e-25,1.830891159e-10,3.082096522e-22,4.722350588e-19,2.401720814e-16,8.921987835e-15,1.455921079e-13,1.187627839e-24,2.437861746e-26,2.615092028e-28,2.235131861e-30,1.778264298e-11,1.123283668e-26,7.92097832e-23,1.457015699e-19,9.137095797e-18,2.163571174e-16
63,0.02259733159,0.01088989823,0.004709056283,0.001972807202,0.01410339113,0.004222282874,0.01184531883,0.02751767041,0.05037256637,0.07986048434,0.03202794397,0.01543462412,0.006674311207,0.002796131072,0.01525600752,0.004222285764,0.01184531454,0.0275176337,0.05037245225,0.07986028917,0.0004272420482,0.0001448709401,4.407902359e-05,1.334954259e-05,0.000517320783,2.905082102e-05,0.0001313014582,0.0004749550124,0.001198667998,0.002504423127,0.0003014408369,0.000102213684,3.109992875e-05,9.418755086e-06,0.0004782363494,2.905080114e-05,0.0001313015058,0.0004749556462,0.001198670714,0.002504429247,0.01055267175,0.004013595371,0.001369771553,0.0004612227787,0.004440183007,0.0004716058124,0.001364314559,0.003261090061,0.005847428511,0.009082687297,0.01542408815,0.005866391208,0.00200210081,0.0006741381163,0.004836470776,0.0004716061636,0.001364314021,0.003261085325,0.005847414094,0.009082663141,0.000220641917,5.985099355e-05,1.456793865e-05,3.590577158e-06,0.0001763144709,3.561885587e-06,1.629900703e-05,5.963902595e-05,0.0001453079862,0.0002936463849,0.0001509561993,4.094811651e-05,9.96690469e-06,2.456552944e-06,0.0001618677242,3.561882934e-06,1.629901345e-05,5.963911255e-05,0.0001453083444,0.0002936471659,2.265875492e-07,2.781481243e-08,2.584232133e-09,2.251046093e-10,1.101636559e-05,3.803871073e-09,1.12659959e-07,1.941413894e-06,1.357057515e-05,6.320281071e-05,3.411387881e-10,2.634460966e-11,1.398477271e-12,6.671206415e-14,9.575117665e-07,6.664559922e-12,6.58176993e-10,3.121873795e-08,4.082193062e-07,3.130800399e-06,3.959652444e-10,4.863443992e-11,4.278997181e-12,3.375520344e-13,1.504771886e-06,4.792134034e-11,3.081665857e-09,1.027015305e-07,1.087227508e-06,7.024611378e-06,1.070192811e-10,1.489208078e-11,1.484430836e-12,1.314000313e-13,1.112790333e-06,2.885952468e-11,1.901373495e-09,6.48080461e-08,6.881354384e-07,4.433970772e-06,1.589082375e-11,2.588875328e-12,3.021252988e-13,3.09333487e-14,6.797139197e-07,1.16735086e-11,7.929945484e-10,2.780820158e-08,2.933000965e-07,1.862565106e-06,1.129714963e-13,1.720017596e-14,1.800113451e-15,1.606848774e-16,1.335581926e-07,1.694970551e-13,1.993277036e-11,1.111879851e-09,1.47288094e-08,1.102959816e-07,9.361208328e-20,5.709910098e-21,2.047411922e-22,5.918141439e-24,1.143828233e-09,5.160606758e-20,5.542473777e-17,2.026660074e-14,6.88005638e-13,1.056548246e-11,3.699988522e-20,1.87300616e-21,5.573867391e-23,1.356456255e-24,5.434716889e-10,6.081431064e-21,7.607752514e-18,3.205157457e-15,1.134429249e-13,1.794758455e-12,5.857021913e-21,2.419749683e-22,5.876823287e-24,1.185590338e-25,1.839426381e-10,3.119623155e-22,4.774645234e-19,2.425862456e-16,9.007542201e-15,1.469320548e-13,1.188040681e-24,2.439960092e-26,2.618685448e-28,2.239262895e-30,1.77997627e-11,1.126639215e-26,7.942269996e-23,1.460527415e-19,9.157926738e-18,2.168253073e-16
64,0.02259733154,0.01088989816,0.004709056235,0.001972807175,0.014103391,0.004222282852,0.0118453188,0.02751767044,0.05037256655,0.0798604849,0.03202794389,0.01543462403,0.006674311139,0.002796131034,0.01525600738,0.004222285742,0.01184531451,0.02751763372,0.05037245243,0.07986028973,0.0004272420467,0.0001448709387,4.407902294e-05,1.334954232e-05,0.0005173207757,2.905082064e-05,0.0001313014569,0.0004749550091,0.001198667993,0.002504423124,0.0003014408358,0.0001022136831,3.109992829e-05,9.418754897e-06,0.0004782363427,2.905080076e-05,0.0001313015045,0.0004749556429,0.001198670709,0.002504429245,0.01055267174,0.004013595359,0.001369771546,0.0004612227756,0.004440182994,0.0004716058155,0.001364314574,0.003261090108,0.005847428618,0.009082687512,0.01542408813,0.00586639119,0.0020021008,0.0006741381117,0.004836470762,0.0004716061667,0.001364314036,0.003261085372,0.005847414201,0.009082663357,0.0002206419165,5.985099319e-05,1.456793851e-05,3.590577112e-06,0.0001763144695,3.561885583e-06,1.629900708e-05,5.963902636e-05,0.0001453079877,0.0002936463896,0.000150956199,4.094811626e-05,9.966904594e-06,2.456552912e-06,0.0001618677229,3.56188293e-06,1.62990135e-05,5.963911296e-05,0.000145308346,0.0002936471705,2.265875471e-07,2.781481174e-08,2.584232029e-09,2.251045971e-10,1.101636526e-05,3.803870912e-09,1.126599551e-07,1.941413838e-06,1.357057483e-05,6.320280959e-05,3.411387833e-10,2.634460867e-11,1.398477186e-12,6.671205866e-14,9.575117259e-07,6.664559437e-12,6.581769505e-10,3.121873618e-08,4.08219285e-07,3.130800251e-06,3.960695761e-10,4.864849038e-11,4.280342123e-12,3.376660496e-13,1.505012601e-06,4.793731227e-11,3.082597587e-09,1.027296305e-07,1.087507283e-06,7.02632193e-06,1.070792418e-10,1.490150857e-11,1.485478658e-12,1.315016139e-13,1.113236735e-06,2.888480614e-11,1.902885827e-09,6.485474197e-08,6.886022892e-07,4.43682011e-06,1.590568645e-11,2.591640224e-12,3.024880603e-13,3.097428014e-14,6.801937266e-07,1.169174243e-11,7.941194333e-10,2.784394451e-08,2.93655165e-07,1.864701428e-06,1.131516585e-13,1.723179301e-14,1.803860683e-15,1.610554923e-16,1.337167618e-07,1.699628945e-13,1.998252913e-11,1.114395319e-09,1.476027642e-08,1.105198254e-07,9.389346969e-20,5.729961804e-21,2.055638123e-22,5.944685863e-24,1.146115598e-09,5.187876692e-20,5.569082999e-17,2.035480926e-14,6.908578212e-13,1.060745566e-11,3.713308177e-20,1.880952268e-21,5.601097764e-23,1.363888554e-24,5.447871617e-10,6.120197244e-21,7.651821684e-18,3.221993118e-15,1.140106505e-13,1.803366944e-12,5.892736971e-21,2.436910788e-22,5.924351285e-24,1.196268878e-25,1.846554037e-10,3.151173758e-22,4.818568984e-19,2.446121312e-16,9.079307907e-15,1.480556777e-13,1.188358564e-24,2.441655132e-26,2.621623646e-28,2.242658998e-30,1.781390459e-11,1.129420367e-26,7.959908414e-23,1.46343513e-19,9.175167969e-18,2.17212645e-16
65,0.0225973315,0.01088989811,0.004709056198,0.001972807153,0.0141033909,0.004222282834,0.01184531879,0.02751767046,0.0503725667,0.07986048534,0.03202794383,0.01543462395,0.006674311086,0.002796131004,0.01525600727,0.004222285724,0.01184531449,0.02751763374,0.05037245257,0.07986029018,0.0004272420455,0.0001448709377,4.407902242e-05,1.334954211e-05,0.00051732077,2.905082034e-05,0.0001313014559,0.0004749550065,0.001198667989,0.002504423122,0.000301440835,0.0001022136824,3.109992792e-05,9.418754748e-06,0.0004782363374,2.905080046e-05,0.0001313015035,0.0004749556403,0.001198670705,0.002504429242,0.01055267173,0.004013595349,0.001369771541,0.0004612227731,0.004440182984,0.0004716058179,0.001364314586,0.003261090145,0.005847428703,0.009082687683,0.01542408812,0.005866391176,0.002002100792,0.0006741381081,0.004836470751,0.0004716061691,0.001364314048,0.00326108541,0.005847414286,0.009082663528,0.0002206419162,5.985099291e-05,1.45679384e-05,3.590577075e-06,0.0001763144684,3.561885581e-06,1.629900712e-05,5.963902669e-05,0.000145307989,0.0002936463933,0.0001509561987,4.094811607e-05,9.966904519e-06,2.456552887e-06,0.0001618677219,3.561882928e-06,1.629901355e-05,5.963911329e-05,0.0001453083472,0.0002936471742,2.265875454e-07,2.78148112e-08,2.584231947e-09,2.251045874e-10,1.101636499e-05,3.803870786e-09,1.126599519e-07,1.941413795e-06,1.357057458e-05,6.32028087e-05,3.411387794e-10,2.634460789e-11,1.398477119e-12,6.671205432e-14,9.575116939e-07,6.664559054e-12,6.58176917e-10,3.121873478e-08,4.082192683e-07,3.130800134e-06,3.961520034e-10,4.865959097e-11,4.281404702e-12,3.377561288e-13,1.50520275e-06,4.794993104e-11,3.083333689e-09,1.027518301e-07,1.087728307e-06,7.027673267e-06,1.071266053e-10,1.490895597e-11,1.486306414e-12,1.315818656e-13,1.113589295e-06,2.890478201e-11,1.904080698e-09,6.489163333e-08,6.889711051e-07,4.439071049e-06,1.591742871e-11,2.593824843e-12,3.027747176e-13,3.100662769e-14,6.805727296e-07,1.170615704e-11,7.950085917e-10,2.787219404e-08,2.93935777e-07,1.866389685e-06,1.132940846e-13,1.725679284e-14,1.806824267e-15,1.613486586e-16,1.338420782e-07,1.703315725e-13,2.002190087e-11,1.116385281e-09,1.478516699e-08,1.10696871e-07,9.411624926e-20,5.745844269e-21,2.062156817e-22,5.965729199e-24,1.147925001e-09,5.209512223e-20,5.590185311e-17,2.042473488e-14,6.931184265e-13,1.064071811e-11,3.723860853e-20,1.887251264e-21,5.622695992e-23,1.369786713e-24,5.458282975e-10,6.150987772e-21,7.686806154e-18,3.235351782e-15,1.14461028e-13,1.810194827e-12,5.921129476e-21,2.450562899e-22,5.96218912e-24,1.204776302e-25,1.852205835e-10,3.176329306e-22,4.853561846e-19,2.462249097e-16,9.13642104e-15,1.489496507e-13,1.188593488e-24,2.442962637e-26,2.623913441e-28,2.245317581e-30,1.782501956e-11,1.131612194e-26,7.973803734e-23,1.465724856e-19,9.188740421e-18,2.175174504e-16
66,0.02259733147,0.01088989807,0.00470905617,0.001972807138,0.01410339083,0.004222282822,0.01184531877,0.02751767047,0.0503725668,0.07986048566,0.03202794379,0.0154346239,0.006674311048,0.002796130982,0.01525600719,0.004222285711,0.01184531448,0.02751763375,0.05037245267,0.0798602905,0.0004272420446,0.0001448709369,4.407902204e-05,1.334954195e-05,0.0005173207658,2.905082012e-05,0.0001313014551,0.0004749550046,0.001198667986,0.00250442312,0.0003014408344,0.0001022136818,3.109992766e-05,9.418754639e-06,0.0004782363336,2.905080024e-05,0.0001313015027,0.0004749556384,0.001198670702,0.002504429241,0.01055267172,0.004013595342,0.001369771537,0.0004612227714,0.004440182977,0.0004716058197,0.001364314594,0.003261090172,0.005847428764,0.009082687807,0.01542408811,0.005866391165,0.002002100786,0.0006741381055,0.004836470743,0.0004716061709,0.001364314056,0.003261085437,0.005847414347,0.009082663651,0.0002206419159,5.985099271e-05,1.456793832e-05,3.590577049e-06,0.0001763144677,3.561885579e-06,1.629900715e-05,5.963902693e-05,0.0001453079898,0.000293646396,0.0001509561985,4.094811593e-05,9.966904464e-06,2.456552869e-06,0.0001618677212,3.561882926e-06,1.629901357e-05,5.963911353e-05,0.0001453083481,0.0002936471769,2.265875442e-07,2.78148108e-08,2.584231888e-09,2.251045804e-10,1.10163648e-05,3.803870694e-09,1.126599497e-07,1.941413763e-06,1.35705744e-05,6.320280805e-05,3.411387766e-10,2.634460733e-11,1.39847707e-12,6.671205118e-14,9.575116706e-07,6.664558776e-12,6.581768927e-10,3.121873377e-08,4.082192561e-07,3.130800049e-06,3.962117892e-10,4.866764244e-11,4.282175415e-12,3.378214656e-13,1.505340654e-06,4.795908373e-11,3.08386759e-09,1.027679314e-07,1.087888614e-06,7.028653369e-06,1.071609542e-10,1.491435713e-11,1.486906757e-12,1.316400714e-13,1.113844948e-06,2.891927211e-11,1.904947388e-09,6.491839089e-08,6.892386029e-07,4.440703595e-06,1.592594557e-11,2.595409502e-12,3.029826668e-13,3.103009527e-14,6.808475893e-07,1.171661716e-11,7.956537582e-10,2.78926899e-08,2.941393595e-07,1.867614459e-06,1.133974379e-13,1.727493713e-14,1.808975509e-15,1.615614972e-16,1.339329938e-07,1.705993358e-13,2.005049093e-11,1.117830082e-09,1.480323716e-08,1.108253945e-07,9.427809527e-20,5.75738657e-21,2.06689578e-22,5.981032117e-24,1.149238649e-09,5.225255234e-20,5.605535334e-17,2.047558411e-14,6.947620906e-13,1.066490015e-11,3.731531213e-20,1.891831762e-21,5.638408589e-23,1.374079313e-24,5.465844728e-10,6.173411278e-21,7.71227395e-18,3.24507301e-15,1.147887177e-13,1.815162029e-12,5.941820711e-21,2.460517242e-22,5.989793905e-24,1.210986304e-25,1.856316589e-10,3.194702555e-22,4.879104624e-19,2.474014846e-16,9.178076662e-15,1.496015408e-13,1.188754942e-24,2.443893535e-26,2.625556874e-28,2.247232369e-30,1.783304963e-11,1.133198973e-26,7.983860238e-23,1.46738149e-19,9.19855774e-18,2.177378632e-16
67,0.02259733145,0.01088989804,0.004709056154,0.001972807129,0.01410339079,0.004222282814,0.01184531876,0.02751767048,0.05037256686,0.07986048586,0.03202794376,0.01543462386,0.006674311024,0.002796130969,0.01525600715,0.004222285704,0.01184531447,0.02751763376,0.05037245274,0.07986029069,0.0004272420441,0.0001448709365,4.407902182e-05,1.334954186e-05,0.0005173207633,2.905081999e-05,0.0001313014547,0.0004749550035,0.001198667984,0.002504423119,0.000301440834,0.0001022136815,3.10999275e-05,9.418754573e-06,0.0004782363312,2.905080011e-05,0.0001313015023,0.0004749556372,0.0011986707,0.00250442924,0.01055267172,0.004013595337,0.001369771534,0.0004612227703,0.004440182972,0.0004716058207,0.001364314599,0.003261090189,0.005847428802,0.009082687882,0.0154240881,0.005866391159,0.002002100783,0.0006741381039,0.004836470738,0.000471606172,0.001364314061,0.003261085453,0.005847414385,0.009082663727,0.0002206419157,5.985099259e-05,1.456793827e-05,3.590577032e-06,0.0001763144672,3.561885577e-06,1.629900717e-05,5.963902708e-05,0.0001453079904,0.0002936463976,0.0001509561984,4.094811585e-05,9.966904431e-06,2.456552858e-06,0.0001618677208,3.561882924e-06,1.629901359e-05,5.963911368e-05,0.0001453083486,0.0002936471786,2.265875434e-07,2.781481056e-08,2.584231852e-09,2.251045762e-10,1.101636469e-05,3.803870638e-09,1.126599483e-07,1.941413743e-06,1.357057429e-05,6.320280766e-05,3.411387749e-10,2.634460698e-11,1.398477041e-12,6.671204926e-14,9.575116565e-07,6.664558607e-12,6.581768779e-10,3.121873315e-08,4.082192487e-07,3.130799997e-06,3.962481985e-10,4.867254574e-11,4.282644777e-12,3.378612558e-13,1.50542463e-06,4.79646577e-11,3.084192731e-09,1.027777368e-07,1.087986237e-06,7.029250226e-06,1.071818705e-10,1.491764618e-11,1.487272346e-12,1.316755176e-13,1.114000613e-06,2.892809702e-11,1.905475209e-09,6.493468594e-08,6.894015032e-07,4.441697765e-06,1.593113228e-11,2.596374599e-12,3.031093198e-13,3.104438908e-14,6.810149617e-07,1.172298935e-11,7.960467618e-10,2.790517422e-08,2.942633607e-07,1.868360443e-06,1.134603997e-13,1.728599163e-14,1.810286305e-15,1.616911972e-16,1.339883697e-07,1.707625483e-13,2.006791576e-11,1.118710553e-09,1.481424863e-08,1.109037097e-07,9.437676586e-20,5.764425038e-21,2.069786255e-22,5.990367944e-24,1.150039171e-09,5.234863447e-20,5.61490164e-17,2.050660506e-14,6.957647269e-13,1.067965007e-11,3.736209154e-20,1.894626101e-21,5.647996892e-23,1.376699499e-24,5.470454007e-10,6.187104513e-21,7.727822102e-18,3.251006383e-15,1.149887013e-13,1.818193148e-12,5.954461954e-21,2.466600995e-22,6.006671447e-24,1.214784486e-25,1.858824725e-10,3.205944586e-22,4.89472706e-19,2.481208264e-16,9.203540087e-15,1.499999765e-13,1.188849589e-24,2.444453262e-26,2.626550557e-28,2.248392894e-30,1.783792682e-11,1.134164081e-26,7.989975536e-23,1.468388666e-19,9.204525317e-18,2.178718185e-16
68,0.02259733144,0.01088989804,0.004709056148,0.001972807125,0.01410339077,0.004222282811,0.01184531876,0.02751767048,0.05037256689,0.07986048592,0.03202794375,0.01543462385,0.006674311016,0.002796130964,0.01525600713,0.004222285701,0.01184531447,0.02751763376,0.05037245276,0.07986029076,0.0004272420439,0.0001448709363,4.407902174e-05,1.334954183e-05,0.0005173207624,2.905081995e-05,0.0001313014545,0.0004749550031,0.001198667984,0.002504423119,0.0003014408339,0.0001022136814,3.109992744e-05,9.418754551e-06,0.0004782363305,2.905080006e-05,0.0001313015021,0.0004749556368,0.001198670699,0.00250442924,0.01055267171,0.004013595336,0.001369771534,0.0004612227699,0.004440182971,0.0004716058211,0.001364314601,0.003261090194,0.005847428815,0.009082687907,0.0154240881,0.005866391157,0.002002100781,0.0006741381034,0.004836470736,0.0004716061724,0.001364314063,0.003261085459,0.005847414397,0.009082663752,0.0002206419156,5.985099255e-05,1.456793826e-05,3.590577027e-06,0.000176314467,3.561885577e-06,1.629900717e-05,5.963902712e-05,0.0001453079906,0.0002936463982,0.0001509561984,4.094811582e-05,9.966904419e-06,2.456552854e-06,0.0001618677206,3.561882924e-06,1.62990136e-05,5.963911373e-05,0.0001453083488,0.0002936471791,2.265875432e-07,2.781481048e-08,2.584231839e-09,2.251045747e-10,1.101636465e-05,3.803870619e-09,1.126599478e-07,1.941413737e-06,1.357057425e-05,6.320280753e-05,3.411387743e-10,2.634460686e-11,1.398477031e-12,6.671204861e-14,9.575116517e-07,6.66455855e-12,6.581768729e-10,3.121873294e-08,4.082192462e-07,3.130799979e-06,3.962604976e-10,4.867420209e-11,4.282803329e-12,3.37874697e-13,1.505452996e-06,4.796654061e-11,3.084302564e-09,1.02781049e-07,1.088019214e-06,7.029451843e-06,1.071889358e-10,1.491875719e-11,1.487395839e-12,1.316874912e-13,1.114053192e-06,2.893107817e-11,1.90565351e-09,6.494019041e-08,6.894565305e-07,4.442033591e-06,1.593288437e-11,2.596700619e-12,3.031521057e-13,3.104921793e-14,6.810714978e-07,1.172514224e-11,7.961795364e-10,2.790939188e-08,2.94305252e-07,1.868612456e-06,1.134816718e-13,1.728972667e-14,1.810729215e-15,1.617350242e-16,1.340070773e-07,1.708177069e-13,2.007380423e-11,1.11900808e-09,1.48179695e-08,1.109301724e-07,9.441011534e-20,5.766804234e-21,2.070763429e-22,5.993524419e-24,1.150309678e-09,5.238112684e-20,5.618068718e-17,2.051709325e-14,6.961037026e-13,1.068463659e-11,3.737790525e-20,1.895570862e-21,5.651239165e-23,1.377585633e-24,5.472011751e-10,6.191736532e-21,7.733080878e-18,3.25301295e-15,1.150563286e-13,1.819218114e-12,5.958739117e-21,2.468659806e-22,6.012384102e-24,1.216070321e-25,1.859672785e-10,3.209751233e-22,4.90001585e-19,2.483643042e-16,9.212158041e-15,1.501348156e-13,1.188880933e-24,2.444641111e-26,2.626885e-28,2.24878397e-30,1.783957212e-11,1.134489886e-26,7.992039747e-23,1.468728601e-19,9.206539276e-18,2.179170219e-16
