round,Step,A1,A2,A3,A4,A5,A6,B1,B2,B3,B4,B5,B6
1,0,-30.29106333,-21.77316453,21.21720257,-0.0001373749966,0.5560457946,0.0001099141608,-30.00139617,-23.19392394,-6.099128073,-0.0002681067767,29.2925377,0.0003295849811
1,1,-30.2788442,-21.77316451,21.21720254,-0.0001373787599,0.5560457812,0.0001099233096,-29.98916938,-23.19392379,-6.099127987,-0.0002681060085,29.29253757,0.0003295662885
1,2,-30.2424576,-21.77316445,21.21720247,-0.0001373899664,0.5560457413,0.0001099505532,-29.95275996,-23.19392334,-6.099127731,-0.0002681037211,29.29253717,0.0003295106251
1,3,-30.18230971,-21.77316435,21.21720235,-0.0001374084911,0.5560456754,0.0001099955876,-29.89257435,-23.1939226,-6.099127307,-0.0002680999398,29.29253652,0.0003294186123
1,4,-30.0988067,-21.7731642,21.21720218,-0.0001374342088,0.556045584,0.0001100581085,-29.80901897,-23.19392157,-6.099126718,-0.0002680946904,29.29253561,0.0003292908713
1,5,-29.99235475,-21.77316402,21.21720196,-0.0001374669945,0.5560454674,0.000110137812,-29.70250027,-23.19392025,-6.099125968,-0.0002680879982,29.29253445,0.0003291280235
1,6,-29.86336003,-21.7731638,21.2172017,-0.000137506723,0.5560453261,0.0001102343939,-29.57342465,-23.19391866,-6.099125058,-0.0002680798889,29.29253304,0.0003289306904
1,7,-29.71222872,-21.77316353,21.21720139,-0.0001375532693,0.5560451605,0.00011034755,-29.42219857,-23.1939168,-6.099123993,-0.0002680703879,29.2925314,0.0003286994932
1,8,-29.53936699,-21.77316324,21.21720104,-0.0001376065082,0.5560449712,0.0001104769762,-29.24922844,-23.19391467,-6.099122774,-0.0002680595209,29.29252951,0.0003284350533
1,9,-29.34518103,-21.7731629,21.21720065,-0.0001376663147,0.5560447584,0.0001106223686,-29.0549207,-23.19391227,-6.099121405,-0.0002680473133,29.2925274,0.000328137992
1,10,-29.130077,-21.77316253,21.21720021,-0.0001377325636,0.5560445228,0.0001107834228,-28.83968179,-23.19390962,-6.099119889,-0.0002680337907,29.29252506,0.0003278089308
1,11,-28.89446109,-21.77316212,21.21719973,-0.0001378051299,0.5560442647,0.0001109598348,-28.60391812,-23.19390671,-6.099118228,-0.0002680189786,29.29252249,0.000327448491
1,12,-28.63873947,-21.77316168,21.21719922,-0.0001378838885,0.5560439846,0.0001111513006,-28.34803613,-23.19390356,-6.099116425,-0.0002680029025,29.29251971,0.0003270572939
1,13,-28.36331831,-21.7731612,21.21719866,-0.0001379687143,0.5560436829,0.0001113575159,-28.07244226,-23.19390016,-6.099114484,-0.000267985588,29.29251671,0.000326635961
1,14,-28.06860379,-21.77316069,21.21719806,-0.0001380594821,0.5560433601,0.0001115781766,-27.77754293,-23.19389653,-6.099112406,-0.0002679670606,29.2925135,0.0003261851134
1,15,-27.75500209,-21.77316015,21.21719742,-0.0001381560669,0.5560430166,0.0001118129787,-27.46374457,-23.19389266,-6.099110195,-0.0002679473459,29.29251008,0.0003257053728
1,16,-27.42291939,-21.77315958,21.21719675,-0.0001382583436,0.5560426528,0.0001120616181,-27.13145361,-23.19388856,-6.099107854,-0.0002679264693,29.29250646,0.0003251973603
1,17,-27.07276185,-21.77315897,21.21719604,-0.0001383661871,0.5560422692,0.0001123237906,-26.78107649,-23.19388425,-6.099105386,-0.0002679044565,29.29250265,0.0003246616973
1,18,-26.70493566,-21.77315834,21.21719529,-0.0001384794722,0.5560418663,0.000112599192,-26.41301963,-23.19387971,-6.099102793,-0.0002678813329,29.29249864,0.0003240990052
1,19,-26.31984699,-21.77315767,21.21719451,-0.000138598074,0.5560414445,0.0001128875184,-26.02768947,-23.19387496,-6.099100078,-0.0002678571241,29.29249445,0.0003235099054
1,20,-25.91790201,-21.77315698,21.21719369,-0.0001387218673,0.5560410042,0.0001131884655,-25.62549244,-23.19387,-6.099097245,-0.0002678318556,29.29249007,0.0003228950192
1,21,-25.49950691,-21.77315626,21.21719284,-0.0001388507269,0.5560405459,0.0001135017293,-25.20683496,-23.19386484,-6.099094295,-0.000267805553,29.29248551,0.000322254968
1,22,-25.06506786,-21.77315551,21.21719196,-0.0001389845279,0.55604007,0.0001138270056,-24.77212347,-23.19385948,-6.099091232,-0.0002677782418,29.29248078,0.0003215903731
1,23,-24.61499103,-21.77315473,21.21719105,-0.0001391231451,0.556039577,0.0001141639904,-24.3217644,-23.19385393,-6.09908806,-0.0002677499475,29.29247588,0.0003209018559
1,24,-24.14968261,-21.77315392,21.2171901,-0.0001392664534,0.5560390673,0.0001145123794,-23.85616418,-23.19384819,-6.099084779,-0.0002677206956,29.29247081,0.0003201900377
1,25,-23.66954876,-21.7731531,21.21718913,-0.0001394143277,0.5560385414,0.0001148718687,-23.37572924,-23.19384227,-6.099081395,-0.0002676905117,29.29246558,0.00031945554
1,26,-23.17499566,-21.77315224,21.21718812,-0.0001395666429,0.5560379996,0.000115242154,-22.88086601,-23.19383617,-6.099077908,-0.0002676594214,29.2924602,0.000318698984
1,27,-22.6664295,-21.77315136,21.21718709,-0.000139723274,0.5560374426,0.0001156229313,-22.37198092,-23.1938299,-6.099074323,-0.0002676274501,29.29245466,0.0003179209911
1,28,-22.14425643,-21.77315046,21.21718603,-0.0001398840958,0.5560368706,0.0001160138965,-21.8494804,-23.19382346,-6.099070642,-0.0002675946235,29.29244897,0.0003171221827
1,29,-21.60888265,-21.77314954,21.21718494,-0.0001400489832,0.5560362841,0.0001164147454,-21.31377089,-23.19381685,-6.099066868,-0.0002675609669,29.29244314,0.0003163031802
1,30,-21.06071433,-21.77314859,21.21718383,-0.0001402178111,0.5560356837,0.0001168251739,-20.76525881,-23.19381009,-6.099063003,-0.000267526506,29.29243717,0.0003154646049
1,31,-20.50015764,-21.77314762,21.21718269,-0.0001403904545,0.5560350696,0.000117244878,-20.20435059,-23.19380318,-6.099059052,-0.0002674912663,29.29243106,0.0003146070781
1,32,-19.92761876,-21.77314663,21.21718153,-0.0001405667882,0.5560344425,0.0001176735534,-19.63145267,-23.19379612,-6.099055016,-0.0002674552734,29.29242483,0.0003137312213
1,33,-19.34350386,-21.77314562,21.21718034,-0.0001407466872,0.5560338026,0.0001181108961,-19.04697147,-23.19378891,-6.099050898,-0.0002674185527,29.29241846,0.0003128376557
1,34,-18.74821912,-21.77314459,21.21717914,-0.0001409300263,0.5560331506,0.0001185566019,-18.45131343,-23.19378157,-6.099046701,-0.0002673811298,29.29241198,0.0003119270028
1,35,-18.14217072,-21.77314355,21.2171779,-0.0001411166805,0.5560324867,0.0001190103668,-17.84488498,-23.1937741,-6.099042429,-0.0002673430303,29.29240538,0.0003109998838
1,36,-17.52576483,-21.77314248,21.21717665,-0.0001413065247,0.5560318115,0.0001194718867,-17.22809254,-23.19376649,-6.099038084,-0.0002673042796,29.29239867,0.0003100569202
1,37,-16.89940763,-21.7731414,21.21717538,-0.0001414994337,0.5560311254,0.0001199408573,-16.60134255,-23.19375877,-6.099033668,-0.0002672649033,29.29239184,0.0003090987333
1,38,-16.2635053,-21.7731403,21.21717409,-0.0001416952824,0.5560304288,0.0001204169747,-15.96504144,-23.19375093,-6.099029185,-0.000267224927,29.29238492,0.0003081259445
1,39,-15.618464,-21.77313919,21.21717278,-0.0001418939458,0.5560297222,0.0001208999347,-15.31959564,-23.19374297,-6.099024638,-0.0002671843761,29.29237789,0.0003071391752
1,40,-14.96468993,-21.77313806,21.21717145,-0.0001420952988,0.5560290061,0.0001213894331,-14.66541158,-23.19373491,-6.099020029,-0.0002671432763,29.29237077,0.0003061390466
1,41,-14.30258924,-21.77313691,21.21717011,-0.0001422992163,0.5560282808,0.0001218851659,-14.00289569,-23.19372674,-6.099015362,-0.000267101653,29.29236356,0.0003051261801
1,42,-14.00234517,-21.77017247,21.20788939,-0.0002485347991,0.5549917294,6.159531972e-06,-13.67764575,-23.17344288,-6.093182229,-0.0005905525292,29.29174629,0.0001886381262
1,43,-13.73089613,-21.76157469,21.181002,-0.000550455273,0.5519957913,-0.0003239139321,-13.33365212,-23.1146468,-6.076276595,-0.001526186066,29.28996945,-0.0001422823
1,44,-13.48704255,-21.74778524,21.13793813,-0.001023172311,0.547210006,-0.0008419724297,-12.97283213,-23.0204101,-6.049182447,-0.003021864212,29.28713519,-0.0006612653243
1,45,-13.26958488,-21.72924581,21.08012798,-0.001641797586,0.5408039126,-0.001521653164,-12.59710306,-22.89380438,-6.01278377,-0.005025448914,29.28334567,-0.001341941173
1,46,-13.07732354,-21.70639807,21.00900176,-0.002381442772,0.5329470504,-0.002336593339,-12.20838224,-22.73790124,-5.96796455,-0.007484802119,29.27870304,-0.002157940071
1,47,-12.90905897,-21.67968371,20.92598967,-0.003217219541,0.5238089587,-0.003260430157,-11.80858696,-22.55577228,-5.915608772,-0.01034778577,29.27330946,-0.003082892245
1,48,-12.7635916,-21.6495444,20.83252192,-0.004124239566,0.5135591767,-0.004266800823,-11.39963452,-22.35048909,-5.856600422,-0.01356226183,29.26726708,-0.00409042792
1,49,-12.63972187,-21.61642182,20.73002872,-0.005077614521,0.5023672437,-0.005329342539,-10.98344225,-22.12512327,-5.791823486,-0.01707609223,29.26067805,-0.005154177324
1,50,-12.53625021,-21.58075766,20.61994025,-0.006052456078,0.490402699,-0.006421692508,-10.56192743,-21.88274642,-5.722161949,-0.02083713892,29.25364454,-0.006247770681
1,51,-12.45197706,-21.54299359,20.50368673,-0.00702387591,0.4778350818,-0.007517487935,-10.13700738,-21.62643015,-5.648499798,-0.02479326385,29.2462687,-0.007344838217
1,52,-12.38570285,-21.50357128,20.38269836,-0.007966985691,0.4648339313,-0.008590366022,-9.710599399,-21.35924604,-5.571721018,-0.02889232897,29.23865267,-0.008419010159
1,53,-12.33622802,-21.46293243,20.25840535,-0.008856897094,0.4515687869,-0.009613963973,-9.284620795,-21.0842657,-5.492709594,-0.03308219622,29.23089863,-0.009443916732
1,54,-12.30235299,-21.4215187,20.13223789,-0.009668721791,0.4382091878,-0.01056191899,-8.860988872,-20.80456072,-5.412349513,-0.03731072756,29.22310871,-0.01039318816
1,55,-12.28287821,-21.37977179,20.00562619,-0.01037757146,0.4249246732,-0.01140786828,-8.441620935,-20.52320271,-5.33152476,-0.04152578493,29.21538508,-0.01124045468
1,56,-12.27621503,-21.33698667,19.87652991,-0.01097839431,0.4115197713,-0.01214886588,-8.017513747,-20.23556172,-5.2489067,-0.04578721695,29.20761832,-0.01198279766
1,57,-12.27980332,-21.294357,19.74857791,-0.01145795333,0.398365057,-0.01276682987,-7.600134606,-19.94978744,-5.166834841,-0.04995780634,29.20002598,-0.01260209594
1,58,-12.29000057,-21.25192405,19.62187669,-0.01182956374,0.3854532462,-0.01327383742,-7.189705612,-19.66625352,-5.085414047,-0.05401576859,29.19260522,-0.01311042202
1,59,-12.30316425,-21.20972906,19.49653279,-0.01210654075,0.3727770544,-0.01368196566,-6.786448864,-19.38533359,-5.00474918,-0.05793931921,29.18535317,-0.01351984844
1,60,-12.31565183,-21.16781331,19.37265273,-0.01230219959,0.3603291974,-0.01400329175,-6.39058646,-19.10740131,-4.924945105,-0.06170667369,29.17826697,-0.01384244773
1,61,-12.32382078,-21.12621806,19.25034303,-0.01242985547,0.3481023908,-0.01424989284,-6.0023405,-18.83283032,-4.846106686,-0.06529604753,29.17134376,-0.01409029242
1,62,-12.32402857,-21.08498456,19.12971021,-0.01250282362,0.3360893503,-0.01443384607,-5.621933084,-18.56199426,-4.768338785,-0.06868565622,29.16458069,-0.01427545502
1,63,-12.31263267,-21.04415409,19.01086079,-0.01253441925,0.3242827915,-0.01456722861,-5.249586309,-18.29526677,-4.691746267,-0.07185371525,29.15797489,-0.01441000807
1,64,-12.28599056,-21.00376791,18.8939013,-0.01253795759,0.3126754302,-0.01466211759,-4.885522275,-18.03302149,-4.616433996,-0.07477844013,29.15152351,-0.01450602409
1,65,-12.24045971,-20.96386727,18.77893825,-0.01252675384,0.301259982,-0.01473059018,-4.529963081,-17.77563208,-4.542506834,-0.07743804635,29.14522369,-0.01457557561
1,66,-12.1723976,-20.92449344,18.66607818,-0.01251412325,0.2900291626,-0.01478472351,-4.183130826,-17.52347217,-4.470069646,-0.07981074941,29.13907257,-0.01463073515
1,67,-12.07816168,-20.88568768,18.55542759,-0.01251338101,0.2789756876,-0.01483659474,-3.845247609,-17.27691541,-4.399227294,-0.08187476481,29.13306729,-0.01468357525
1,68,-11.95410944,-20.84749126,18.44709302,-0.01253784235,0.2680922727,-0.01489828103,-3.51653553,-17.03633545,-4.330084644,-0.08360830803,29.12720499,-0.01474616843
1,69,-11.79562665,-20.80956219,18.34010043,-0.01259904003,0.2572655902,-0.01498053299,-3.193866437,-16.79969003,-4.26205251,-0.08500790755,29.12142593,-0.01482927027
1,70,-11.60431561,-20.77235205,18.23571024,-0.01269719421,0.2466225003,-0.01508349544,-2.880455985,-16.56976464,-4.195931776,-0.08606101152,29.11579684,-0.01493301725
1,71,-11.38150356,-20.73591563,18.13405188,-0.01282994064,0.2361804307,-0.01520553087,-2.57597401,-16.34679665,-4.131791704,-0.08678071501,29.11032467,-0.01505577449
1,72,-11.12851771,-20.70030773,18.03525477,-0.01299491505,0.2259568092,-0.01534500178,-2.28009035,-16.13102345,-4.069701558,-0.08718011309,29.10501635,-0.01519590712
1,73,-10.84668528,-20.66558315,17.93944834,-0.01318975319,0.2159690636,-0.01550027067,-1.992474844,-15.92268241,-4.009730603,-0.08727230083,29.09987883,-0.01535178028
1,74,-10.5373335,-20.63179666,17.84676202,-0.01341209081,0.2062346217,-0.01566970003,-1.712797329,-15.72201091,-3.951948101,-0.08707037329,29.09491904,-0.01552175908
1,75,-10.20178958,-20.59900306,17.75732523,-0.01365956363,0.1967709113,-0.01585165235,-1.440727642,-15.52924632,-3.896423317,-0.08658742555,29.09014391,-0.01570420866
1,76,-9.841380749,-20.56725714,17.6712674,-0.01392980742,0.1875953601,-0.01604449013,-1.175935622,-15.34462603,-3.843225514,-0.08583655266,29.08556039,-0.01589749413
1,77,-9.457434228,-20.5366137,17.58871797,-0.01422045791,0.178725396,-0.01624657587,-0.918091106,-15.1683874,-3.792423956,-0.08483084971,29.08117541,-0.01609998063
1,78,-9.051277237,-20.50712752,17.50980635,-0.01452915084,0.1701784467,-0.01645627206,-0.666863932,-15.00076783,-3.744087907,-0.08358341176,29.07699592,-0.01631003329
1,79,-8.624236997,-20.47885339,17.43466197,-0.01485352195,0.1619719399,-0.0166719412,-0.4219239377,-14.84200467,-3.69828663,-0.08210733387,29.07302885,-0.01652601722
1,80,-8.177640729,-20.45184612,17.36341426,-0.015191207,0.1541233036,-0.01689194578,-0.182940961,-14.69233533,-3.65508939,-0.08041571111,29.06928113,-0.01674629756
1,81,-7.712815655,-20.42616048,17.29619265,-0.01553984172,0.1466499654,-0.0171146483,0.05041516061,-14.55199716,-3.614565449,-0.07852163856,29.06575971,-0.01696923944
1,82,-7.231088996,-20.40185128,17.23312657,-0.01589706185,0.1395693532,-0.01733841125,0.2784745892,-14.42122755,-3.576784072,-0.07643821127,29.06247153,-0.01719320797
1,83,-6.733787973,-20.37897329,17.17434543,-0.01626050314,0.1328988948,-0.01756159713,0.501567487,-14.30026387,-3.541814523,-0.07417852432,29.05942351,-0.01741656829
1,84,-6.222239807,-20.35758132,17.11997868,-0.01662780133,0.1266560178,-0.01778256843,0.7200240164,-14.18934351,-3.509726064,-0.07175567278,29.05662261,-0.01763768552
1,85,-5.69777172,-20.33773015,17.07015573,-0.01699659216,0.1208581501,-0.01799968765,0.9341743395,-14.08870384,-3.480587961,-0.06918275171,29.05407575,-0.0178549248
1,86,-5.161710933,-20.31947458,17.02500602,-0.01736451138,0.1155227196,-0.01821131729,1.144348619,-13.99858224,-3.454469475,-0.06647285618,29.05178988,-0.01806665124
1,87,-4.615384667,-20.30286939,16.98465897,-0.01772919473,0.1106671539,-0.01841581983,1.350877016,-13.91921608,-3.431439872,-0.06363908126,29.04977194,-0.01827122997
1,88,-4.060120144,-20.28796939,16.949244,-0.01808827794,0.1063088808,-0.01861155779,1.554089694,-13.85084274,-3.411568416,-0.06069452201,29.04802885,-0.01846702612
1,89,-3.497244584,-20.27482935,16.91889055,-0.01843939678,0.1024653282,-0.01879689364,1.754316815,-13.79369961,-3.394924368,-0.05765227352,29.04656757,-0.01865240482
1,90,-2.928085209,-20.26350407,16.89372804,-0.01878018697,0.09915392381,-0.01897018989,1.95188854,-13.74802405,-3.381576995,-0.05452543083,29.04539502,-0.01882573119
1,91,-2.353969241,-20.25404835,16.8738859,-0.01910828426,0.09639209542,-0.01912980903,2.147135033,-13.71405344,-3.371595558,-0.05132708903,29.04451815,-0.01898537036
1,92,-1.7762239,-20.24651697,16.85949356,-0.01942132439,0.09419727081,-0.01927411356,2.340386455,-13.69202517,-3.365049322,-0.04807034317,29.04394389,-0.01912968745
1,93,-1.196176407,-20.24096472,16.85068044,-0.01971694311,0.09258687778,-0.01940146597,2.53197297,-13.68217661,-3.362007551,-0.04476828833,29.04367918,-0.0192570476
1,94,-0.6151539847,-20.23744641,16.84757597,-0.01999277616,0.09157834409,-0.01951022876,2.722224738,-13.68474514,-3.362539508,-0.04143401958,29.04373096,-0.01936581593
1,95,-0.03448385343,-20.2360168,16.85030957,-0.02024645928,0.09118909755,-0.01959876442,2.911471922,-13.69996813,-3.366714458,-0.03808063198,29.04410617,-0.01945435757
1,96,0.5445067653,-20.23673071,16.85901069,-0.02047562821,0.09143656592,-0.01966543545,3.100044685,-13.72808297,-3.374601663,-0.0347212206,29.04481175,-0.01952103763
1,97,1.12049065,-20.23964292,16.87380873,-0.0206779187,0.09233817699,-0.01970860434,3.288273188,-13.76932702,-3.386270387,-0.03136888051,29.04585463,-0.01956422126
1,98,1.69214058,-20.24480822,16.89483314,-0.02085096649,0.09391135856,-0.0197266336,3.476487595,-13.82393767,-3.401789895,-0.02803670678,29.04724175,-0.01958227358
1,99,2.258129334,-20.2522814,16.92221333,-0.02099240732,0.09617353839,-0.0197178857,3.665018066,-13.8921523,-3.42122945,-0.02473779447,29.04898005,-0.0195735597
1,100,2.817129691,-20.26211726,16.95607873,-0.02109987693,0.09914214427,-0.01968072316,3.854194766,-13.97420828,-3.444658316,-0.02148523865,29.05107646,-0.01953644477
1,101,3.367814428,-20.27437058,16.99655878,-0.02117101108,0.102834604,-0.01961350847,4.044347854,-14.07034299,-3.472145756,-0.0182921344,29.05353793,-0.0194692939
1,102,3.908856326,-20.28909616,17.04378289,-0.0212034455,0.1072683453,-0.01951460411,4.235807495,-14.18079381,-3.503761034,-0.01517157677,29.0563714,-0.01937047222
1,103,4.438928162,-20.30634879,17.0978805,-0.02119481592,0.1124607961,-0.01938237259,4.42890385,-14.30579811,-3.539573414,-0.01213666084,29.05958379,-0.01923834487
1,104,4.956702716,-20.32618326,17.15898103,-0.02114275811,0.118429384,-0.01921517641,4.623967082,-14.44559327,-3.579652159,-0.009200481675,29.06318206,-0.01907127696
1,105,5.460852766,-20.34865436,17.2272139,-0.0210449078,0.1251915369,-0.01901137805,4.821327352,-14.60041668,-3.624066534,-0.006376134342,29.06717313,-0.01886763362
1,106,5.950051091,-20.37381688,17.30270856,-0.02089890072,0.1327646826,-0.01876934001,5.021314823,-14.7705057,-3.672885802,-0.00367671391,29.07156395,-0.01862577998
1,107,6.42297047,-20.40172562,17.38559442,-0.02070237264,0.1411662488,-0.01848742479,5.224259657,-14.95609772,-3.726179227,-0.001115315447,29.07636145,-0.01834408117
1,108,6.878283681,-20.43243536,17.47600091,-0.02045295928,0.1504136633,-0.01816399489,5.430492017,-15.15743011,-3.784016072,0.00129496598,29.08157257,-0.01802090231
1,109,7.314663503,-20.4660009,17.57405746,-0.02014829639,0.1605243539,-0.01779741279,5.640342065,-15.37474024,-3.846465602,0.003541035302,29.08720425,-0.01765460853
1,110,7.730782716,-20.50247702,17.67989349,-0.01978601971,0.1715157484,-0.017386041,5.854139962,-15.60826551,-3.913597079,0.005609797452,29.09326342,-0.01724356496
1,111,8.125314097,-20.54191853,17.79363843,-0.01936376499,0.1834052745,-0.016928242,6.072215871,-15.85824328,-3.985479769,0.007488157361,29.09975703,-0.01678613672
1,112,8.496930425,-20.5843802,17.91542172,-0.01887916797,0.1962103602,-0.0164223783,6.294899955,-16.12491093,-4.062182933,0.009163019962,29.10669202,-0.01628068894
1,113,8.84430448,-20.62991684,18.04537277,-0.01832986439,0.209948433,-0.0158668124,6.522522376,-16.40850585,-4.143775837,0.01062129019,29.11407531,-0.01572558674
1,114,9.16610904,-20.67858323,18.18362101,-0.01771349,0.2246369209,-0.01525990677,6.755413296,-16.7092654,-4.230327743,0.01184987297,29.12191386,-0.01511919526
1,115,9.461016883,-20.73043417,18.33029588,-0.01702768054,0.2402932516,-0.01460002393,6.993902876,-17.02742696,-4.321907917,0.01283567323,29.13021459,-0.01445987961
1,116,9.727700789,-20.78552444,18.48552679,-0.01627007174,0.2569348529,-0.01388552637,7.23832128,-17.36322792,-4.41858562,0.01356559592,29.13898444,-0.01374600493
1,117,9.964833536,-20.84390884,18.64944318,-0.01543829936,0.2745791525,-0.01311477658,7.48899867,-17.71690564,-4.520430118,0.01402654596,29.14823036,-0.01297593635
1,118,10.1710879,-20.90564216,18.82217447,-0.01452999913,0.2932435783,-0.01228613705,7.746265208,-18.08869752,-4.627510673,0.01420542828,29.15795928,-0.01214803898
1,119,10.34513667,-20.97077918,19.00385009,-0.0135428068,0.3129455581,-0.01139797029,8.010451056,-18.47884091,-4.73989655,0.01408914782,29.16817813,-0.01126067796
1,120,10.48742869,-21.03949526,19.1949491,-0.01247326675,0.3337386894,-0.01044737622,8.282967353,-18.88834571,-4.85787906,0.01367158419,29.17891381,-0.01031095776
1,121,10.60198211,-21.11063801,19.39231852,-0.01134186237,0.3552735514,-0.009451506946,8.56241623,-19.31053598,-4.979533008,0.01298692334,29.1899904,-0.009316019549
1,122,10.69488426,-21.18314541,19.59307567,-0.01016869598,0.3772276711,-0.008426786662,8.848417428,-19.73934582,-5.103108269,0.01207902039,29.20124762,-0.008292277936
1,123,10.77222246,-21.2559554,19.79433791,-0.008973869899,0.3992785758,-0.007389639556,9.140590686,-20.16870931,-5.226854714,0.01099173049,29.21252515,-0.007256147515
1,124,10.84008404,-21.32800593,19.99322257,-0.007777486428,0.4211037925,-0.006356489817,9.438555743,-20.59256055,-5.349022217,0.009768908777,29.22366271,-0.006224042881
1,125,10.90455634,-21.39823496,20.18684698,-0.006599647879,0.4423808486,-0.005343761634,9.741932339,-21.00483361,-5.467860652,0.008454410397,29.23449998,-0.005212378631
1,126,10.97172669,-21.46558045,20.37232848,-0.005460456564,0.462787271,-0.004367879197,10.05034021,-21.3994626,-5.581619891,0.007092090487,29.24487668,-0.004237569359
1,127,11.04768242,-21.52898033,20.5467844,-0.004380014793,0.482000587,-0.003445266695,10.36339911,-21.77038159,-5.688549809,0.005725804189,29.2546325,-0.003316029664
1,128,11.13851086,-21.58737257,20.70733209,-0.003378424877,0.4996983237,-0.002592348317,10.68072876,-22.11152468,-5.786900277,0.004399406643,29.26360713,-0.00246417414
1,129,11.25029934,-21.63969513,20.85108887,-0.002475789126,0.5155580083,-0.001825548254,11.0019489,-22.41682596,-5.87492117,0.00315675299,29.27164029,-0.001698417385
1,130,11.38913519,-21.68488594,20.97517209,-0.001692209852,0.5292571679,-0.001161290694,11.32667929,-22.6802195,-5.950862361,0.00204169837,29.27857167,-0.001035173993
1,131,11.56110574,-21.72188297,21.07669908,-0.001047789365,0.5404733298,-0.0006159998266,11.65453965,-22.89563941,-6.012973723,0.001098097924,29.28424097,-0.000490858562
1,132,11.77229833,-21.74962418,21.15278717,-0.000562629976,0.548884021,-0.0002060998414,11.98514973,-23.05701977,-6.059505129,0.0003698067938,29.2884879,-8.188568731e-05
1,133,12.02880027,-21.7670475,21.20055371,-0.0002568339952,0.5541667688,5.198507223e-05,12.31812926,-23.15829466,-6.088706452,-9.93198814e-05,29.29115214,0.0001753300348
1,134,12.33669892,-21.7730909,21.21711603,-0.0001505037334,0.5559991003,0.0001418307249,12.65309799,-23.19339818,-6.098827566,-0.0002654269604,29.29207341,0.0002643740081
1,135,13.01423429,-21.77308973,21.21711465,-0.0001507124045,0.5559983581,0.000142338014,13.33105824,-23.19338982,-6.09882279,-0.0002653843668,29.29206603,0.0002633375301
1,136,13.68425541,-21.77308857,21.21711329,-0.0001509187614,0.5559976242,0.0001428396771,14.00149953,-23.19338156,-6.098818067,-0.0002653422456,29.29205873,0.0002623125471
1,137,14.34635609,-21.77308743,21.21711195,-0.0001511226789,0.5559968989,0.0001433354098,14.66401542,-23.19337339,-6.098813399,-0.0002653006223,29.29205152,0.0002612996807
1,138,15.00013017,-21.7730863,21.21711062,-0.0001513240319,0.5559961827,0.0001438249083,15.31819948,-23.19336533,-6.09880879,-0.0002652595224,29.2920444,0.0002602995521
1,139,15.64517146,-21.77308518,21.21710931,-0.0001515226953,0.5559954762,0.0001443078682,15.96364528,-23.19335737,-6.098804243,-0.0002652189716,29.29203737,0.0002593127827
1,140,16.2810738,-21.77308408,21.21710802,-0.0001517185441,0.5559947796,0.0001447839856,16.59994639,-23.19334953,-6.09879976,-0.0002651789952,29.29203045,0.0002583399939
1,141,16.907431,-21.773083,21.21710675,-0.0001519114531,0.5559940935,0.0001452529562,17.22669637,-23.1933418,-6.098795345,-0.000265139619,29.29202363,0.000257381807
1,142,17.52383688,-21.77308194,21.21710549,-0.0001521012972,0.5559934183,0.0001457144761,17.84348881,-23.1933342,-6.098790999,-0.0002651008683,29.29201691,0.0002564388434
1,143,18.12988528,-21.77308089,21.21710426,-0.0001522879514,0.5559927544,0.000146168241,18.44991726,-23.19332673,-6.098786727,-0.0002650627687,29.29201031,0.0002555117245
1,144,18.72517002,-21.77307986,21.21710306,-0.0001524712905,0.5559921024,0.0001466139468,19.04557531,-23.19331938,-6.098782531,-0.0002650253459,29.29200383,0.0002546010716
1,145,19.30928492,-21.77307885,21.21710187,-0.0001526511895,0.5559914625,0.0001470512895,19.6300565,-23.19331218,-6.098778413,-0.0002649886252,29.29199747,0.000253707506
1,146,19.8818238,-21.77307786,21.21710071,-0.0001528275232,0.5559908354,0.000147479965,20.20295442,-23.19330512,-6.098774377,-0.0002649526322,29.29199123,0.0002528316491
1,147,20.44238049,-21.77307689,21.21709957,-0.0001530001666,0.5559902213,0.000147899669,20.76386264,-23.1932982,-6.098770425,-0.0002649173925,29.29198512,0.0002519741224
1,148,20.99054882,-21.77307595,21.21709846,-0.0001531689945,0.5559896209,0.0001483100975,21.31237472,-23.19329144,-6.098766561,-0.0002648829317,29.29197915,0.000251135547
1,149,21.5259226,-21.77307502,21.21709737,-0.000153333882,0.5559890344,0.0001487109464,21.84808424,-23.19328484,-6.098762786,-0.0002648492751,29.29197332,0.0002503165445
1,150,22.04809566,-21.77307412,21.21709631,-0.0001534947037,0.5559884624,0.0001491019116,22.37058475,-23.1932784,-6.098759105,-0.0002648164484,29.29196764,0.0002495177361
1,151,22.55666183,-21.77307324,21.21709528,-0.0001536513348,0.5559879054,0.0001494826889,22.87946984,-23.19327213,-6.09875552,-0.0002647844771,29.2919621,0.0002487397433
1,152,23.05121492,-21.77307239,21.21709427,-0.00015380365,0.5559873636,0.0001498529742,23.37433307,-23.19326603,-6.098752034,-0.0002647533868,29.29195671,0.0002479831873
1,153,23.53134877,-21.77307156,21.2170933,-0.0001539515243,0.5559868377,0.0001502124635,23.85476802,-23.1932601,-6.098748649,-0.000264723203,29.29195148,0.0002472486895
1,154,23.9966572,-21.77307075,21.21709235,-0.0001540948326,0.555986328,0.0001505608526,24.32036824,-23.19325437,-6.098745369,-0.0002646939511,29.29194641,0.0002465368714
1,155,24.44673402,-21.77306998,21.21709144,-0.0001542334498,0.555985835,0.0001508978373,24.77072731,-23.19324881,-6.098742196,-0.0002646656568,29.29194151,0.0002458483542
1,156,24.88117308,-21.77306923,21.21709056,-0.0001543672508,0.5559853591,0.0001512231136,25.2054388,-23.19324346,-6.098739133,-0.0002646383455,29.29193678,0.0002451837593
1,157,25.29956818,-21.7730685,21.21708971,-0.0001544961105,0.5559849008,0.0001515363774,25.62409627,-23.1932383,-6.098736184,-0.0002646120429,29.29193222,0.0002445437081
1,158,25.70151315,-21.77306781,21.21708889,-0.0001546199037,0.5559844605,0.0001518373245,26.02629331,-23.19323334,-6.09873335,-0.0002645867744,29.29192784,0.0002439288219
1,159,26.08660182,-21.77306714,21.21708811,-0.0001547385055,0.5559840387,0.0001521256509,26.41162347,-23.19322859,-6.098730636,-0.0002645625656,29.29192365,0.000243339722
1,160,26.45442801,-21.77306651,21.21708736,-0.0001548517906,0.5559836358,0.0001524010524,26.77968032,-23.19322405,-6.098728043,-0.0002645394421,29.29191964,0.00024277703
1,161,26.80458555,-21.7730659,21.21708665,-0.0001549596341,0.5559832522,0.0001526632248,27.13005744,-23.19321973,-6.098725574,-0.0002645174292,29.29191583,0.000242241367
1,162,27.13666826,-21.77306533,21.21708598,-0.0001550619108,0.5559828884,0.0001529118642,27.4623484,-23.19321564,-6.098723233,-0.0002644965527,29.29191221,0.0002417333545
1,163,27.45026996,-21.77306479,21.21708534,-0.0001551584956,0.5559825449,0.0001531466663,27.77614676,-23.19321177,-6.098721022,-0.0002644768379,29.2919088,0.0002412536138
1,164,27.74498447,-21.77306428,21.21708474,-0.0001552492635,0.5559822221,0.0001533673271,28.07104609,-23.19320813,-6.098718945,-0.0002644583106,29.29190559,0.0002408027663
1,165,28.02040563,-21.7730638,21.21708418,-0.0001553340892,0.5559819204,0.0001535735424,28.34663997,-23.19320474,-6.098717003,-0.0002644409961,29.29190259,0.0002403814333
1,166,28.27612726,-21.77306336,21.21708366,-0.0001554128478,0.5559816403,0.0001537650081,28.60252195,-23.19320158,-6.098715201,-0.00026442492,29.2918998,0.0002399902363
1,167,28.51174317,-21.77306296,21.21708319,-0.0001554854141,0.5559813822,0.0001539414201,28.83828562,-23.19319868,-6.09871354,-0.0002644101079,29.29189723,0.0002396297964
1,168,28.72684719,-21.77306258,21.21708275,-0.000155551663,0.5559811466,0.0001541024744,29.05352454,-23.19319602,-6.098712023,-0.0002643965853,29.29189489,0.0002393007352
1,169,28.92103316,-21.77306225,21.21708236,-0.0001556114695,0.5559809338,0.0001542478667,29.24783228,-23.19319363,-6.098710654,-0.0002643843777,29.29189278,0.000239003674
1,170,29.09389488,-21.77306195,21.217082,-0.0001556647084,0.5559807445,0.0001543772929,29.4208024,-23.1931915,-6.098709436,-0.0002643735106,29.29189089,0.0002387392341
1,171,29.24502619,-21.77306169,21.2170817,-0.0001557112547,0.5559805789,0.0001544904491,29.57202849,-23.19318963,-6.09870837,-0.0002643640097,29.29188925,0.0002385080369
1,172,29.37402091,-21.77306147,21.21708144,-0.0001557509832,0.5559804376,0.0001545870309,29.7011041,-23.19318804,-6.098707461,-0.0002643559003,29.29188784,0.0002383107037
1,173,29.48047286,-21.77306128,21.21708122,-0.0001557837689,0.555980321,0.0001546667344,29.80762281,-23.19318673,-6.09870671,-0.0002643492082,29.29188668,0.000238147856
1,174,29.56397588,-21.77306114,21.21708105,-0.0001558094866,0.5559802296,0.0001547292554,29.89117818,-23.1931857,-6.098706122,-0.0002643439587,29.29188577,0.000238020115
1,175,29.62412377,-21.77306103,21.21708093,-0.0001558280113,0.5559801637,0.0001547742897,29.95136379,-23.19318496,-6.098705698,-0.0002643401775,29.29188512,0.0002379281021
1,176,29.66051036,-21.77306097,21.21708085,-0.0001558392178,0.5559801238,0.0001548015333,29.98777321,-23.19318451,-6.098705441,-0.00026433789,29.29188472,0.0002378724387
1,177,29.67272949,-21.77306095,21.21708083,-0.0001558429812,0.5559801104,0.0001548106821,30,-23.19318436,-6.098705355,-0.0002643371219,29.29188459,0.0002378537462
2,0,-30.29106333,-21.77316453,21.21720257,-0.0001373749966,0.5560457946,0.0001099141608,-30.00139617,-23.19392394,-6.099128073,-0.0002681067767,29.2925377,0.0003295849811
2,1,-30.2788442,-21.77316451,21.21720254,-0.0001373787599,0.5560457812,0.0001099233096,-29.98916938,-23.19392379,-6.099127987,-0.0002681060085,29.29253757,0.0003295662885
2,2,-30.2424576,-21.77316445,21.21720247,-0.0001373899664,0.5560457413,0.0001099505532,-29.95275996,-23.19392334,-6.099127731,-0.0002681037211,29.29253717,0.0003295106251
2,3,-30.18230971,-21.77316435,21.21720235,-0.0001374084911,0.5560456754,0.0001099955876,-29.89257435,-23.1939226,-6.099127307,-0.0002680999398,29.29253652,0.0003294186123
2,4,-30.0988067,-21.7731642,21.21720218,-0.0001374342088,0.556045584,0.0001100581085,-29.80901897,-23.19392157,-6.099126718,-0.0002680946904,29.29253561,0.0003292908713
2,5,-29.99235475,-21.77316402,21.21720196,-0.0001374669945,0.5560454674,0.000110137812,-29.70250027,-23.19392025,-6.099125968,-0.0002680879982,29.29253445,0.0003291280235
2,6,-29.86336003,-21.7731638,21.2172017,-0.000137506723,0.5560453261,0.0001102343939,-29.57342465,-23.19391866,-6.099125058,-0.0002680798889,29.29253304,0.0003289306904
2,7,-29.71222872,-21.77316353,21.21720139,-0.0001375532693,0.5560451605,0.00011034755,-29.42219857,-23.1939168,-6.099123993,-0.0002680703879,29.2925314,0.0003286994932
2,8,-29.53936699,-21.77316324,21.21720104,-0.0001376065082,0.5560449712,0.0001104769762,-29.24922844,-23.19391467,-6.099122774,-0.0002680595209,29.29252951,0.0003284350533
2,9,-29.34518103,-21.7731629,21.21720065,-0.0001376663147,0.5560447584,0.0001106223686,-29.0549207,-23.19391227,-6.099121405,-0.0002680473133,29.2925274,0.000328137992
2,10,-29.130077,-21.77316253,21.21720021,-0.0001377325636,0.5560445228,0.0001107834228,-28.83968179,-23.19390962,-6.099119889,-0.0002680337907,29.29252506,0.0003278089308
2,11,-28.89446109,-21.77316212,21.21719973,-0.0001378051299,0.5560442647,0.0001109598348,-28.60391812,-23.19390671,-6.099118228,-0.0002680189786,29.29252249,0.000327448491
2,12,-28.63873947,-21.77316168,21.21719922,-0.0001378838885,0.5560439846,0.0001111513006,-28.34803613,-23.19390356,-6.099116425,-0.0002680029025,29.29251971,0.0003270572939
2,13,-28.36331831,-21.7731612,21.21719866,-0.0001379687143,0.5560436829,0.0001113575159,-28.07244226,-23.19390016,-6.099114484,-0.000267985588,29.29251671,0.000326635961
2,14,-28.06860379,-21.77316069,21.21719806,-0.0001380594821,0.5560433601,0.0001115781766,-27.77754293,-23.19389653,-6.099112406,-0.0002679670606,29.2925135,0.0003261851134
2,15,-27.75500209,-21.77316015,21.21719742,-0.0001381560669,0.5560430166,0.0001118129787,-27.46374457,-23.19389266,-6.099110195,-0.0002679473459,29.29251008,0.0003257053728
2,16,-27.42291939,-21.77315958,21.21719675,-0.0001382583436,0.5560426528,0.0001120616181,-27.13145361,-23.19388856,-6.099107854,-0.0002679264693,29.29250646,0.0003251973603
2,17,-27.07276185,-21.77315897,21.21719604,-0.0001383661871,0.5560422692,0.0001123237906,-26.78107649,-23.19388425,-6.099105386,-0.0002679044565,29.29250265,0.0003246616973
2,18,-26.70493566,-21.77315834,21.21719529,-0.0001384794722,0.5560418663,0.000112599192,-26.41301963,-23.19387971,-6.099102793,-0.0002678813329,29.29249864,0.0003240990052
2,19,-26.31984699,-21.77315767,21.21719451,-0.000138598074,0.5560414445,0.0001128875184,-26.02768947,-23.19387496,-6.099100078,-0.0002678571241,29.29249445,0.0003235099054
2,20,-25.91790201,-21.77315698,21.21719369,-0.0001387218673,0.5560410042,0.0001131884655,-25.62549244,-23.19387,-6.099097245,-0.0002678318556,29.29249007,0.0003228950192
2,21,-25.49950691,-21.77315626,21.21719284,-0.0001388507269,0.5560405459,0.0001135017293,-25.20683496,-23.19386484,-6.099094295,-0.000267805553,29.29248551,0.000322254968
2,22,-25.06506786,-21.77315551,21.21719196,-0.0001389845279,0.55604007,0.0001138270056,-24.77212347,-23.19385948,-6.099091232,-0.0002677782418,29.29248078,0.0003215903731
2,23,-24.61499103,-21.77315473,21.21719105,-0.0001391231451,0.556039577,0.0001141639904,-24.3217644,-23.19385393,-6.09908806,-0.0002677499475,29.29247588,0.0003209018559
2,24,-24.14968261,-21.77315392,21.2171901,-0.0001392664534,0.5560390673,0.0001145123794,-23.85616418,-23.19384819,-6.099084779,-0.0002677206956,29.29247081,0.0003201900377
2,25,-23.66954876,-21.7731531,21.21718913,-0.0001394143277,0.5560385414,0.0001148718687,-23.37572924,-23.19384227,-6.099081395,-0.0002676905117,29.29246558,0.00031945554
2,26,-23.17499566,-21.77315224,21.21718812,-0.0001395666429,0.5560379996,0.000115242154,-22.88086601,-23.19383617,-6.099077908,-0.0002676594214,29.2924602,0.000318698984
2,27,-22.6664295,-21.77315136,21.21718709,-0.000139723274,0.5560374426,0.0001156229313,-22.37198092,-23.1938299,-6.099074323,-0.0002676274501,29.29245466,0.0003179209911
2,28,-22.14425643,-21.77315046,21.21718603,-0.0001398840958,0.5560368706,0.0001160138965,-21.8494804,-23.19382346,-6.099070642,-0.0002675946235,29.29244897,0.0003171221827
2,29,-21.60888265,-21.77314954,21.21718494,-0.0001400489832,0.5560362841,0.0001164147454,-21.31377089,-23.19381685,-6.099066868,-0.0002675609669,29.29244314,0.0003163031802
2,30,-21.06071433,-21.77314859,21.21718383,-0.0001402178111,0.5560356837,0.0001168251739,-20.76525881,-23.19381009,-6.099063003,-0.000267526506,29.29243717,0.0003154646049
2,31,-20.50015764,-21.77314762,21.21718269,-0.0001403904545,0.5560350696,0.000117244878,-20.20435059,-23.19380318,-6.099059052,-0.0002674912663,29.29243106,0.0003146070781
2,32,-19.92761876,-21.77314663,21.21718153,-0.0001405667882,0.5560344425,0.0001176735534,-19.63145267,-23.19379612,-6.099055016,-0.0002674552734,29.29242483,0.0003137312213
2,33,-19.34350386,-21.77314562,21.21718034,-0.0001407466872,0.5560338026,0.0001181108961,-19.04697147,-23.19378891,-6.099050898,-0.0002674185527,29.29241846,0.0003128376557
2,34,-18.74821912,-21.77314459,21.21717914,-0.0001409300263,0.5560331506,0.0001185566019,-18.45131343,-23.19378157,-6.099046701,-0.0002673811298,29.29241198,0.0003119270028
2,35,-18.14217072,-21.77314355,21.2171779,-0.0001411166805,0.5560324867,0.0001190103668,-17.84488498,-23.1937741,-6.099042429,-0.0002673430303,29.29240538,0.0003109998838
2,36,-17.52576483,-21.77314248,21.21717665,-0.0001413065247,0.5560318115,0.0001194718867,-17.22809254,-23.19376649,-6.099038084,-0.0002673042796,29.29239867,0.0003100569202
2,37,-16.89940763,-21.7731414,21.21717538,-0.0001414994337,0.5560311254,0.0001199408573,-16.60134255,-23.19375877,-6.099033668,-0.0002672649033,29.29239184,0.0003090987333
2,38,-16.2635053,-21.7731403,21.21717409,-0.0001416952824,0.5560304288,0.0001204169747,-15.96504144,-23.19375093,-6.099029185,-0.000267224927,29.29238492,0.0003081259445
2,39,-15.618464,-21.77313919,21.21717278,-0.0001418939458,0.5560297222,0.0001208999347,-15.31959564,-23.19374297,-6.099024638,-0.0002671843761,29.29237789,0.0003071391752
2,40,-14.96468993,-21.77313806,21.21717145,-0.0001420952988,0.5560290061,0.0001213894331,-14.66541158,-23.19373491,-6.099020029,-0.0002671432763,29.29237077,0.0003061390466
2,41,-14.30258924,-21.77313691,21.21717011,-0.0001422992163,0.5560282808,0.0001218851659,-14.00289569,-23.19372674,-6.099015362,-0.000267101653,29.29236356,0.0003051261801
2,42,-14.00234517,-21.77017247,21.20788939,-0.0002485347991,0.5549917294,6.159531972e-06,-13.67764575,-23.17344288,-6.093182229,-0.0005905525292,29.29174629,0.0001886381262
2,43,-13.73089613,-21.76157469,21.181002,-0.000550455273,0.5519957913,-0.0003239139321,-13.33365212,-23.1146468,-6.076276595,-0.001526186066,29.28996945,-0.0001422823
2,44,-13.48704255,-21.74778524,21.13793813,-0.001023172311,0.547210006,-0.0008419724297,-12.97283213,-23.0204101,-6.049182447,-0.003021864212,29.28713519,-0.0006612653243
2,45,-13.26958488,-21.72924581,21.08012798,-0.001641797586,0.5408039126,-0.001521653164,-12.59710306,-22.89380438,-6.01278377,-0.005025448914,29.28334567,-0.001341941173
2,46,-13.07732354,-21.70639807,21.00900176,-0.002381442772,0.5329470504,-0.002336593339,-12.20838224,-22.73790124,-5.96796455,-0.007484802119,29.27870304,-0.002157940071
2,47,-12.90905897,-21.67968371,20.92598967,-0.003217219541,0.5238089587,-0.003260430157,-11.80858696,-22.55577228,-5.915608772,-0.01034778577,29.27330946,-0.003082892245
2,48,-12.7635916,-21.6495444,20.83252192,-0.004124239566,0.5135591767,-0.004266800823,-11.39963452,-22.35048909,-5.856600422,-0.01356226183,29.26726708,-0.00409042792
2,49,-12.63972187,-21.61642182,20.73002872,-0.005077614521,0.5023672437,-0.005329342539,-10.98344225,-22.12512327,-5.791823486,-0.01707609223,29.26067805,-0.005154177324
2,50,-12.53625021,-21.58075766,20.61994025,-0.006052456078,0.490402699,-0.006421692508,-10.56192743,-21.88274642,-5.722161949,-0.02083713892,29.25364454,-0.006247770681
2,51,-12.45197706,-21.54299359,20.50368673,-0.00702387591,0.4778350818,-0.007517487935,-10.13700738,-21.62643015,-5.648499798,-0.02479326385,29.2462687,-0.007344838217
2,52,-12.38570285,-21.50357128,20.38269836,-0.007966985691,0.4648339313,-0.008590366022,-9.710599399,-21.35924604,-5.571721018,-0.02889232897,29.23865267,-0.008419010159
2,53,-12.33622802,-21.46293243,20.25840535,-0.008856897094,0.4515687869,-0.009613963973,-9.284620795,-21.0842657,-5.492709594,-0.03308219622,29.23089863,-0.009443916732
2,54,-12.30235299,-21.4215187,20.13223789,-0.009668721791,0.4382091878,-0.01056191899,-8.860988872,-20.80456072,-5.412349513,-0.03731072756,29.22310871,-0.01039318816
2,55,-12.28287821,-21.37977179,20.00562619,-0.01037757146,0.4249246732,-0.01140786828,-8.441620935,-20.52320271,-5.33152476,-0.04152578493,29.21538508,-0.01124045468
2,56,-12.27621503,-21.33698667,19.87652991,-0.01097839431,0.4115197713,-0.01214886588,-8.017513747,-20.23556172,-5.2489067,-0.04578721695,29.20761832,-0.01198279766
2,57,-12.27980332,-21.294357,19.74857791,-0.01145795333,0.398365057,-0.01276682987,-7.600134606,-19.94978744,-5.166834841,-0.04995780634,29.20002598,-0.01260209594
2,58,-12.29000057,-21.25192405,19.62187669,-0.01182956374,0.3854532462,-0.01327383742,-7.189705612,-19.66625352,-5.085414047,-0.05401576859,29.19260522,-0.01311042202
2,59,-12.30316425,-21.20972906,19.49653279,-0.01210654075,0.3727770544,-0.01368196566,-6.786448864,-19.38533359,-5.00474918,-0.05793931921,29.18535317,-0.01351984844
2,60,-12.31565183,-21.16781331,19.37265273,-0.01230219959,0.3603291974,-0.01400329175,-6.39058646,-19.10740131,-4.924945105,-0.06170667369,29.17826697,-0.01384244773
2,61,-12.32382078,-21.12621806,19.25034303,-0.01242985547,0.3481023908,-0.01424989284,-6.0023405,-18.83283032,-4.846106686,-0.06529604753,29.17134376,-0.01409029242
2,62,-12.32402857,-21.08498456,19.12971021,-0.01250282362,0.3360893503,-0.01443384607,-5.621933084,-18.56199426,-4.768338785,-0.06868565622,29.16458069,-0.01427545502
2,63,-12.31263267,-21.04415409,19.01086079,-0.01253441925,0.3242827915,-0.01456722861,-5.249586309,-18.29526677,-4.691746267,-0.07185371525,29.15797489,-0.01441000807
2,64,-12.30605476,-21.01143389,18.94589088,-0.01260188742,0.3179516209,-0.01468033713,-5.068244814,-18.13981663,-4.645992544,-0.07342438668,29.15402432,-0.01452367982
2,65,-12.29670424,-20.95476678,18.86888355,-0.01276817075,0.310661745,-0.01488338333,-4.891425264,-17.9390299,-4.585067889,-0.0750011807,29.14875857,-0.01472726113
2,66,-12.28328634,-20.8759509,18.78075737,-0.01302585912,0.3024911487,-0.01516939682,-4.718743172,-17.69641041,-4.51009574,-0.076571004,29.14227797,-0.01501378248
2,67,-12.26450631,-20.77678438,18.68243092,-0.0133675424,0.2935178166,-0.0155314072,-4.549814048,-17.41546202,-4.422199533,-0.07812076321,29.13468279,-0.01537627435
2,68,-12.23906938,-20.65906536,18.57482277,-0.01378581044,0.2838197332,-0.0159624441,-4.384253405,-17.09968854,-4.322502707,-0.07963736502,29.12607334,-0.01580776721
2,69,-12.20568082,-20.52459198,18.45885152,-0.01427325313,0.2734748834,-0.01645553711,-4.221676753,-16.75259383,-4.212128698,-0.08110771607,29.11654993,-0.01630129155
2,70,-12.16304584,-20.37516236,18.33543572,-0.01482246032,0.2625612518,-0.01700371585,-4.061699605,-16.37768172,-4.092200944,-0.08251872303,29.10621284,-0.01684987785
2,71,-12.1098697,-20.21257464,18.20549397,-0.01542602189,0.251156823,-0.01760000992,-3.903937471,-15.97845605,-3.963842881,-0.08385729255,29.09516238,-0.01744655657
2,72,-12.04485765,-20.03862696,18.06994483,-0.01607652769,0.2393395817,-0.01823744895,-3.748005864,-15.55842066,-3.828177948,-0.0851103313,29.08349885,-0.01808435822
2,73,-11.96671491,-19.85511746,17.92970688,-0.01676656761,0.2271875126,-0.01890906253,-3.593520295,-15.12107939,-3.68632958,-0.08626474593,29.07132254,-0.01875631325
2,74,-11.87414674,-19.66384426,17.78569871,-0.0174887315,0.2147786003,-0.01960788028,-3.440096276,-14.66993607,-3.539421215,-0.08730744312,29.05873375,-0.01945545216
2,75,-11.76585838,-19.46660551,17.63883888,-0.01823560923,0.2021908294,-0.02032693182,-3.287349317,-14.20849454,-3.388576291,-0.08822532951,29.04583278,-0.02017480541
2,76,-11.64055507,-19.26519933,17.49004598,-0.01899979067,0.1895021847,-0.02105924674,-3.134894931,-13.74025865,-3.234918245,-0.08900531177,29.03271994,-0.02090740349
2,77,-11.49694205,-19.06142387,17.34023859,-0.01977386569,0.1767906509,-0.02179785465,-2.982348629,-13.26873223,-3.079570513,-0.08963429655,29.01949551,-0.02164627689
2,78,-11.33372456,-18.85707725,17.19033527,-0.02055042416,0.1641342125,-0.02253578518,-2.829325923,-12.79741912,-2.923656534,-0.09009919053,29.0062598,-0.02238445607
2,79,-11.14960785,-18.65395762,17.04125461,-0.02132205593,0.1516108543,-0.02326606793,-2.675442324,-12.32982315,-2.768299743,-0.09038690035,28.99311311,-0.02311497151
2,80,-10.94329716,-18.45386311,16.89391519,-0.02208135088,0.1392985608,-0.02398173251,-2.520313343,-11.86944817,-2.614623579,-0.09048433269,28.98015573,-0.0238308537
2,81,-10.71349773,-18.25859185,16.74923557,-0.02282089888,0.1272753169,-0.02467580852,-2.363554493,-11.41979802,-2.463751479,-0.09037839419,28.96748797,-0.02452513311
2,82,-10.4589148,-18.06994197,16.60813435,-0.0235332898,0.1156191071,-0.02534132559,-2.204781285,-10.98437653,-2.316806879,-0.09005599152,28.95521012,-0.02519084023
2,83,-10.17825362,-17.88971163,16.47153009,-0.02421111349,0.1044079161,-0.02597131331,-2.04360923,-10.56668754,-2.174913217,-0.08950403134,28.94342248,-0.02582100553
2,84,-9.870738805,-17.71940768,16.34021824,-0.02484826275,0.0937084532,-0.026560043,-1.879773868,-10.16969767,-2.039031581,-0.08871375746,28.93220994,-0.02640990113
2,85,-9.53730231,-17.55917224,16.21434709,-0.02544458863,0.0835297496,-0.02710744184,-1.7132961,-9.793758365,-1.909313841,-0.08769277545,28.92158263,-0.02695745504
2,86,-9.17938466,-17.40886016,16.09394395,-0.02600122856,0.07386976759,-0.02761466194,-1.544315755,-9.438692241,-1.785751956,-0.08645293217,28.91153549,-0.0274648201
2,87,-8.798426378,-17.26832632,15.97903612,-0.02651931993,0.06472646951,-0.0280828554,-1.372972665,-9.104321909,-1.668337885,-0.08500607451,28.90206346,-0.02793314917
2,88,-8.395867986,-17.1374256,15.86965091,-0.02700000014,0.05609781772,-0.02851317433,-1.199406657,-8.790469984,-1.557063587,-0.08336404935,28.8931615,-0.02836359511
2,89,-7.973150008,-17.01601287,15.76581562,-0.0274444066,0.04798177456,-0.02890677082,-1.023757563,-8.496959078,-1.451921021,-0.08153870355,28.88482454,-0.02875731077
2,90,-7.531712967,-16.90394299,15.66755754,-0.02785367672,0.04037630237,-0.02926479697,-0.8461652112,-8.223611806,-1.352902147,-0.079541884,28.87704753,-0.02911544899
2,91,-7.072997385,-16.80107085,15.57490399,-0.0282289479,0.03327936349,-0.02958840489,-0.6667694324,-7.970250779,-1.259998924,-0.07738543758,28.86982542,-0.02943916265
2,92,-6.598443785,-16.70725132,15.48788226,-0.02857135755,0.02668892026,-0.02987874669,-0.485710056,-7.736698612,-1.17320331,-0.07508121117,28.86315316,-0.02972960458
2,93,-6.10949269,-16.62233926,15.40651966,-0.02888204307,0.02060293504,-0.03013697445,-0.303126912,-7.522777917,-1.092507264,-0.07264105163,28.85702569,-0.02998792764
2,94,-5.607584624,-16.54618956,15.33084349,-0.02916214187,0.01501937016,-0.03036424029,-0.11915983,-7.328311308,-1.017902747,-0.07007680585,28.85143795,-0.03021528469
2,95,-5.094160108,-16.47865708,15.26088105,-0.02941279134,0.009936187972,-0.0305616963,0.06605136008,-7.153121398,-0.9493817172,-0.06740032071,28.8463849,-0.03041282858
2,96,-4.570659665,-16.4195967,15.19665965,-0.02963512891,0.005351350813,-0.03073049459,0.2523668285,-6.9970308,-0.8869361334,-0.06462344309,28.84186148,-0.03058171216
2,97,-4.038523819,-16.36886329,15.13820658,-0.02983029196,0.001262821027,-0.03087178726,0.4396467455,-6.859862127,-0.830557955,-0.06175801985,28.83786263,-0.03072308829
2,98,-3.499193093,-16.32631172,15.08554915,-0.02999941791,-0.002331439039,-0.03098672641,0.6277512812,-6.741437994,-0.7802391411,-0.05881589789,28.83438331,-0.03083810982
2,99,-2.954108009,-16.29179687,15.03871466,-0.03014364417,-0.005433467044,-0.03107646415,0.8165406059,-6.641581012,-0.7359716508,-0.05580892407,28.83141845,-0.0309279296
2,100,-2.404709089,-16.26517361,14.99773042,-0.03026410813,-0.008045300644,-0.03114215257,1.00587489,-6.560113796,-0.6977474434,-0.05274894528,28.82896301,-0.03099370049
2,101,-1.852436858,-16.24629682,14.96262372,-0.0303619472,-0.01016897749,-0.03118494378,1.195614303,-6.496858958,-0.6655584779,-0.04964780839,28.82701192,-0.03103657534
2,102,-1.298731838,-16.23502135,14.93342188,-0.03043829879,-0.01180653525,-0.03120598987,1.385619016,-6.451639112,-0.6393967135,-0.04651736028,28.82556015,-0.031057707
2,103,-0.7450345506,-16.2312021,14.91015218,-0.03049430029,-0.01296001157,-0.03120644296,1.575749198,-6.424276871,-0.6192541093,-0.04336944783,28.82460262,-0.03105824833
2,104,-0.1927855202,-16.23469393,14.89284194,-0.03053108913,-0.01363144412,-0.03118745514,1.765865021,-6.414594848,-0.6051226244,-0.04021591792,28.82413429,-0.03103935218
2,105,0.3565747309,-16.24535171,14.88151846,-0.0305498027,-0.01382287053,-0.03115017851,1.955826654,-6.422415656,-0.596994218,-0.03706861741,28.82415011,-0.0310021714
2,106,0.9016056799,-16.26303032,14.87620903,-0.0305515784,-0.01353632849,-0.03109576518,2.145494267,-6.447561909,-0.5948608493,-0.0339393932,28.82464501,-0.03094785886
2,107,1.440866804,-16.28758463,14.87694097,-0.03053755365,-0.01277385563,-0.03102536725,2.33472803,-6.48985622,-0.5987144773,-0.03084009216,28.82561395,-0.03087756739
2,108,1.97291758,-16.31886951,14.88374157,-0.03050886584,-0.01153748962,-0.03094013681,2.523388115,-6.549121202,-0.6085470611,-0.02778256116,28.82705188,-0.03079244986
2,109,2.496317485,-16.35673984,14.89663813,-0.03046665238,-0.009829268106,-0.03084122598,2.71133469,-6.625179469,-0.6243505601,-0.02477864709,28.82895373,-0.03069365912
2,110,3.009625997,-16.40105049,14.91565797,-0.03041205068,-0.007651228754,-0.03072978686,2.898427927,-6.717853633,-0.6461169332,-0.02184019681,28.83131446,-0.03058234802
2,111,3.511402592,-16.45165632,14.94082838,-0.03034619814,-0.005005409219,-0.03060697154,3.084527995,-6.826966308,-0.6738381396,-0.01897905722,28.834129,-0.03045966941
2,112,4.000206748,-16.50841223,14.97217666,-0.03027023217,-0.001893847155,-0.03047393213,3.269495065,-6.952340108,-0.7075061384,-0.01620707518,28.83739232,-0.03032677616
2,113,4.474597941,-16.57117307,15.00973011,-0.03018529017,0.001681419781,-0.03033182072,3.453189307,-7.093797644,-0.7471128889,-0.01353609758,28.84109934,-0.0301848211
2,114,4.93313565,-16.63979372,15.05351605,-0.03009250954,0.005718353932,-0.03018178943,3.635470891,-7.251161531,-0.79265035,-0.01097797128,28.84524503,-0.03003495711
2,115,5.374379351,-16.71412905,15.10356177,-0.0299930277,0.01021491764,-0.03002499036,3.816199986,-7.424254383,-0.8441104811,-0.008544543182,28.84982432,-0.02987833702
2,116,5.796888521,-16.79403395,15.15989457,-0.02988798204,0.01516907326,-0.02986257559,3.995236765,-7.612898811,-0.9014852411,-0.006247660146,28.85483216,-0.02971611369
2,117,6.199222637,-16.87936327,15.22254176,-0.02977850998,0.02057878311,-0.02969569725,4.172441396,-7.816917429,-0.9647665892,-0.004099169055,28.8602635,-0.02954943999
2,118,6.579941177,-16.96997189,15.29153063,-0.02966574891,0.02644200956,-0.02952550742,4.34767405,-8.036132851,-1.033946485,-0.002110916787,28.86611328,-0.02937946875
2,119,6.937603618,-17.06571469,15.3668885,-0.02955083625,0.03275671494,-0.02935315822,4.520794897,-8.27036769,-1.109016886,-0.0002947502178,28.87237645,-0.02920735284
2,120,7.270769436,-17.16644653,15.44864266,-0.02943490939,0.0395208616,-0.02917980174,4.691664107,-8.519444559,-1.189969754,0.001337483773,28.87904795,-0.0290342451
2,121,7.577998109,-17.2720223,15.53682041,-0.02931910574,0.04673241188,-0.02900659008,4.860141851,-8.783186072,-1.276797046,0.00277393831,28.88612273,-0.02886129839
2,122,7.857849115,-17.38229686,15.63144907,-0.02920456271,0.05438932812,-0.02883467535,5.026088298,-9.061414841,-1.369490722,0.004002766513,28.89359575,-0.02868966557
2,123,8.10888193,-17.49712509,15.73255593,-0.0290924177,0.06248957267,-0.02866520965,5.18936362,-9.353953479,-1.468042741,0.005012121506,28.90146193,-0.02852049949
2,124,8.330705092,-17.61657012,15.84031761,-0.02898196825,0.07104582977,-0.02849739887,5.350166091,-9.661138974,-1.57259819,0.005797588918,28.90973173,-0.02835300701
2,125,8.524862429,-17.74027177,15.95437003,-0.0288662853,0.08003946828,-0.02832439637,5.508371087,-9.982130016,-1.682811359,0.006376723057,28.91839045,-0.02818033993
2,126,8.694052521,-17.86806272,16.07447571,-0.02873658758,0.08946503759,-0.02813739668,5.66420191,-10.3165503,-1.798469231,0.006775318716,28.92743755,-0.02799369142
2,127,8.840973949,-17.99977566,16.20039716,-0.02858409383,0.09931708706,-0.02792759436,5.817881857,-10.66402354,-1.91935879,0.007019170692,28.93687246,-0.02778425464
2,128,8.968325291,-18.13524328,16.33189689,-0.02840002277,0.1095901661,-0.02768618398,5.969634229,-11.02417342,-2.045267019,0.00713407378,28.94669463,-0.02754322276
2,129,9.078805129,-18.27429826,16.46873742,-0.02817559313,0.120278824,-0.02740436009,6.119682326,-11.39662366,-2.175980901,0.007145822777,28.95690352,-0.02726178896
2,130,9.175112042,-18.41677328,16.61068127,-0.02790202364,0.1313776102,-0.02707331723,6.268249448,-11.78099794,-2.311287419,0.007080212478,28.96749857,-0.02693114639
2,131,9.259944611,-18.56250103,16.75749094,-0.02757053302,0.1428810741,-0.02668424997,6.415558895,-12.17691996,-2.450973556,0.00696303768,28.97847923,-0.02654248822
2,132,9.336001415,-18.71131418,16.90892895,-0.02717234002,0.154783765,-0.02622835287,6.561833966,-12.58401344,-2.594826296,0.006820093176,28.98984494,-0.02608700762
2,133,9.405981034,-18.86304543,17.06475781,-0.02669866335,0.1670802324,-0.02569682048,6.707297961,-13.00190206,-2.742632622,0.006677173765,29.00159516,-0.02555589776
2,134,9.472582049,-19.01752746,17.22474005,-0.02614072174,0.1797650255,-0.02508084734,6.85217418,-13.43020954,-2.894179517,0.006560074241,29.01372933,-0.0249403518
2,135,9.538503039,-19.17459295,17.38863817,-0.02548973393,0.1928326938,-0.02437162803,6.996685923,-13.86855956,-3.049253965,0.0064945894,29.0262469,-0.02423156291
2,136,9.606442584,-19.33407459,17.55621468,-0.02473691864,0.2062777867,-0.0235603571,7.14105649,-14.31657583,-3.207642949,0.006506514038,29.03914732,-0.02342072426
2,137,9.679099265,-19.49580505,17.72723211,-0.02387349461,0.2200948534,-0.02263822909,7.285509181,-14.77388205,-3.369133451,0.006621642951,29.05243003,-0.02249902901
2,138,9.756484556,-19.65542159,17.89705366,-0.0229203485,0.2339185627,-0.02162775133,7.426721456,-15.2282005,-3.529318574,0.006850214418,29.06573919,-0.02148897302
2,139,9.839607058,-19.81564474,18.06885101,-0.02187162934,0.2480144834,-0.02052269371,7.568232264,-15.68763586,-3.690983103,0.007178078061,29.07929294,-0.02038433723
2,140,9.927143252,-19.97509926,18.24154991,-0.020745439,0.2623058486,-0.01934241077,7.710049332,-16.14881808,-3.852856213,0.007581702045,29.09297241,-0.01920447709
2,141,10.01776962,-20.13240987,18.41407607,-0.01955987935,0.2767158916,-0.01810625704,7.852180389,-16.6083771,-4.013667078,0.008037554537,29.10665874,-0.01796874807
2,142,10.11016263,-20.28620133,18.58535524,-0.01833305229,0.2911678456,-0.01683358706,7.994633165,-17.06294287,-4.172144872,0.008522103701,29.12023304,-0.01669650562
2,143,10.20299878,-20.43509838,18.75431314,-0.01708305967,0.3055849437,-0.01554375534,8.137415387,-17.50914535,-4.327018769,0.009011817703,29.13357644,-0.01540710519
2,144,10.29495453,-20.57772577,18.9198755,-0.01582800339,0.3198904193,-0.01425611643,8.280534786,-17.94361447,-4.477017943,0.009483164709,29.14657008,-0.01411990225
2,145,10.38470637,-20.71270822,19.08096805,-0.01458598532,0.3340075053,-0.01299002485,8.423999088,-18.36298019,-4.620871569,0.009912612885,29.15909507,-0.01285425225
2,146,10.47093079,-20.8386705,19.23651653,-0.01337510734,0.3478594352,-0.01176483513,8.567816024,-18.76387245,-4.75730882,0.0102766304,29.17103255,-0.01162951064
2,147,10.55230424,-20.95423734,19.38544665,-0.01221347132,0.361369442,-0.01059990182,8.711993321,-19.14292121,-4.885058871,0.01055168541,29.18226364,-0.01046503288
2,148,10.62750323,-21.05803348,19.52668415,-0.01111917914,0.374460759,-0.009514579435,8.856538709,-19.49675641,-5.002850896,0.01071424609,29.19266946,-0.009380174439
2,149,10.69520422,-21.14868366,19.65915477,-0.01011033269,0.3870566193,-0.00852822251,9.001459917,-19.82200799,-5.109414069,0.0107407806,29.20213116,-0.008394290759
2,150,10.7540837,-21.22481264,19.78178422,-0.009205033833,0.3990802562,-0.007660185578,9.146764672,-20.11530591,-5.203477564,0.0106077571,29.21052985,-0.007526737302
2,151,10.80281815,-21.28504515,19.89349825,-0.008421384453,0.4104549029,-0.00692982317,9.292460705,-20.37328011,-5.283770555,0.01029164378,29.21774665,-0.006796869523
2,152,10.84008404,-21.32800593,19.99322257,-0.007777486428,0.4211037925,-0.006356489817,9.438555743,-20.59256055,-5.349022217,0.009768908777,29.22366271,-0.006224042881
2,153,10.90455634,-21.39823496,20.18684698,-0.006599647879,0.4423808486,-0.005343761634,9.741932339,-21.00483361,-5.467860652,0.008454410397,29.23449998,-0.005212378631
2,154,10.97172669,-21.46558045,20.37232848,-0.005460456564,0.462787271,-0.004367879197,10.05034021,-21.3994626,-5.581619891,0.007092090487,29.24487668,-0.004237569359
2,155,11.04768242,-21.52898033,20.5467844,-0.004380014793,0.482000587,-0.003445266695,10.36339911,-21.77038159,-5.688549809,0.005725804189,29.2546325,-0.003316029664
2,156,11.13851086,-21.58737257,20.70733209,-0.003378424877,0.4996983237,-0.002592348317,10.68072876,-22.11152468,-5.786900277,0.004399406643,29.26360713,-0.00246417414
2,157,11.25029934,-21.63969513,20.85108887,-0.002475789126,0.5155580083,-0.001825548254,11.0019489,-22.41682596,-5.87492117,0.00315675299,29.27164029,-0.001698417385
2,158,11.38913519,-21.68488594,20.97517209,-0.001692209852,0.5292571679,-0.001161290694,11.32667929,-22.6802195,-5.950862361,0.00204169837,29.27857167,-0.001035173993
2,159,11.56110574,-21.72188297,21.07669908,-0.001047789365,0.5404733298,-0.0006159998266,11.65453965,-22.89563941,-6.012973723,0.001098097924,29.28424097,-0.000490858562
2,160,11.77229833,-21.74962418,21.15278717,-0.000562629976,0.548884021,-0.0002060998414,11.98514973,-23.05701977,-6.059505129,0.0003698067938,29.2884879,-8.188568731e-05
2,161,12.02880027,-21.7670475,21.20055371,-0.0002568339952,0.5541667688,5.198507223e-05,12.31812926,-23.15829466,-6.088706452,-9.93198814e-05,29.29115214,0.0001753300348
2,162,12.33669892,-21.7730909,21.21711603,-0.0001505037334,0.5559991003,0.0001418307249,12.65309799,-23.19339818,-6.098827566,-0.0002654269604,29.29207341,0.0002643740081
2,163,13.01423429,-21.77308973,21.21711465,-0.0001507124045,0.5559983581,0.000142338014,13.33105824,-23.19338982,-6.09882279,-0.0002653843668,29.29206603,0.0002633375301
2,164,13.68425541,-21.77308857,21.21711329,-0.0001509187614,0.5559976242,0.0001428396771,14.00149953,-23.19338156,-6.098818067,-0.0002653422456,29.29205873,0.0002623125471
2,165,14.34635609,-21.77308743,21.21711195,-0.0001511226789,0.5559968989,0.0001433354098,14.66401542,-23.19337339,-6.098813399,-0.0002653006223,29.29205152,0.0002612996807
2,166,15.00013017,-21.7730863,21.21711062,-0.0001513240319,0.5559961827,0.0001438249083,15.31819948,-23.19336533,-6.09880879,-0.0002652595224,29.2920444,0.0002602995521
2,167,15.64517146,-21.77308518,21.21710931,-0.0001515226953,0.5559954762,0.0001443078682,15.96364528,-23.19335737,-6.098804243,-0.0002652189716,29.29203737,0.0002593127827
2,168,16.2810738,-21.77308408,21.21710802,-0.0001517185441,0.5559947796,0.0001447839856,16.59994639,-23.19334953,-6.09879976,-0.0002651789952,29.29203045,0.0002583399939
2,169,16.907431,-21.773083,21.21710675,-0.0001519114531,0.5559940935,0.0001452529562,17.22669637,-23.1933418,-6.098795345,-0.000265139619,29.29202363,0.000257381807
2,170,17.52383688,-21.77308194,21.21710549,-0.0001521012972,0.5559934183,0.0001457144761,17.84348881,-23.1933342,-6.098790999,-0.0002651008683,29.29201691,0.0002564388434
2,171,18.12988528,-21.77308089,21.21710426,-0.0001522879514,0.5559927544,0.000146168241,18.44991726,-23.19332673,-6.098786727,-0.0002650627687,29.29201031,0.0002555117245
2,172,18.72517002,-21.77307986,21.21710306,-0.0001524712905,0.5559921024,0.0001466139468,19.04557531,-23.19331938,-6.098782531,-0.0002650253459,29.29200383,0.0002546010716
2,173,19.30928492,-21.77307885,21.21710187,-0.0001526511895,0.5559914625,0.0001470512895,19.6300565,-23.19331218,-6.098778413,-0.0002649886252,29.29199747,0.000253707506
2,174,19.8818238,-21.77307786,21.21710071,-0.0001528275232,0.5559908354,0.000147479965,20.20295442,-23.19330512,-6.098774377,-0.0002649526322,29.29199123,0.0002528316491
2,175,20.44238049,-21.77307689,21.21709957,-0.0001530001666,0.5559902213,0.000147899669,20.76386264,-23.1932982,-6.098770425,-0.0002649173925,29.29198512,0.0002519741224
2,176,20.99054882,-21.77307595,21.21709846,-0.0001531689945,0.5559896209,0.0001483100975,21.31237472,-23.19329144,-6.098766561,-0.0002648829317,29.29197915,0.000251135547
2,177,21.5259226,-21.77307502,21.21709737,-0.000153333882,0.5559890344,0.0001487109464,21.84808424,-23.19328484,-6.098762786,-0.0002648492751,29.29197332,0.0002503165445
2,178,22.04809566,-21.77307412,21.21709631,-0.0001534947037,0.5559884624,0.0001491019116,22.37058475,-23.1932784,-6.098759105,-0.0002648164484,29.29196764,0.0002495177361
2,179,22.55666183,-21.77307324,21.21709528,-0.0001536513348,0.5559879054,0.0001494826889,22.87946984,-23.19327213,-6.09875552,-0.0002647844771,29.2919621,0.0002487397433
2,180,23.05121492,-21.77307239,21.21709427,-0.00015380365,0.5559873636,0.0001498529742,23.37433307,-23.19326603,-6.098752034,-0.0002647533868,29.29195671,0.0002479831873
2,181,23.53134877,-21.77307156,21.2170933,-0.0001539515243,0.5559868377,0.0001502124635,23.85476802,-23.1932601,-6.098748649,-0.000264723203,29.29195148,0.0002472486895
2,182,23.9966572,-21.77307075,21.21709235,-0.0001540948326,0.555986328,0.0001505608526,24.32036824,-23.19325437,-6.098745369,-0.0002646939511,29.29194641,0.0002465368714
2,183,24.44673402,-21.77306998,21.21709144,-0.0001542334498,0.555985835,0.0001508978373,24.77072731,-23.19324881,-6.098742196,-0.0002646656568,29.29194151,0.0002458483542
2,184,24.88117308,-21.77306923,21.21709056,-0.0001543672508,0.5559853591,0.0001512231136,25.2054388,-23.19324346,-6.098739133,-0.0002646383455,29.29193678,0.0002451837593
2,185,25.29956818,-21.7730685,21.21708971,-0.0001544961105,0.5559849008,0.0001515363774,25.62409627,-23.1932383,-6.098736184,-0.0002646120429,29.29193222,0.0002445437081
2,186,25.70151315,-21.77306781,21.21708889,-0.0001546199037,0.5559844605,0.0001518373245,26.02629331,-23.19323334,-6.09873335,-0.0002645867744,29.29192784,0.0002439288219
2,187,26.08660182,-21.77306714,21.21708811,-0.0001547385055,0.5559840387,0.0001521256509,26.41162347,-23.19322859,-6.098730636,-0.0002645625656,29.29192365,0.000243339722
2,188,26.45442801,-21.77306651,21.21708736,-0.0001548517906,0.5559836358,0.0001524010524,26.77968032,-23.19322405,-6.098728043,-0.0002645394421,29.29191964,0.00024277703
2,189,26.80458555,-21.7730659,21.21708665,-0.0001549596341,0.5559832522,0.0001526632248,27.13005744,-23.19321973,-6.098725574,-0.0002645174292,29.29191583,0.000242241367
2,190,27.13666826,-21.77306533,21.21708598,-0.0001550619108,0.5559828884,0.0001529118642,27.4623484,-23.19321564,-6.098723233,-0.0002644965527,29.29191221,0.0002417333545
2,191,27.45026996,-21.77306479,21.21708534,-0.0001551584956,0.5559825449,0.0001531466663,27.77614676,-23.19321177,-6.098721022,-0.0002644768379,29.2919088,0.0002412536138
2,192,27.74498447,-21.77306428,21.21708474,-0.0001552492635,0.5559822221,0.0001533673271,28.07104609,-23.19320813,-6.098718945,-0.0002644583106,29.29190559,0.0002408027663
2,193,28.02040563,-21.7730638,21.21708418,-0.0001553340892,0.5559819204,0.0001535735424,28.34663997,-23.19320474,-6.098717003,-0.0002644409961,29.29190259,0.0002403814333
2,194,28.27612726,-21.77306336,21.21708366,-0.0001554128478,0.5559816403,0.0001537650081,28.60252195,-23.19320158,-6.098715201,-0.00026442492,29.2918998,0.0002399902363
2,195,28.51174317,-21.77306296,21.21708319,-0.0001554854141,0.5559813822,0.0001539414201,28.83828562,-23.19319868,-6.09871354,-0.0002644101079,29.29189723,0.0002396297964
2,196,28.72684719,-21.77306258,21.21708275,-0.000155551663,0.5559811466,0.0001541024744,29.05352454,-23.19319602,-6.098712023,-0.0002643965853,29.29189489,0.0002393007352
2,197,28.92103316,-21.77306225,21.21708236,-0.0001556114695,0.5559809338,0.0001542478667,29.24783228,-23.19319363,-6.098710654,-0.0002643843777,29.29189278,0.000239003674
2,198,29.09389488,-21.77306195,21.217082,-0.0001556647084,0.5559807445,0.0001543772929,29.4208024,-23.1931915,-6.098709436,-0.0002643735106,29.29189089,0.0002387392341
2,199,29.24502619,-21.77306169,21.2170817,-0.0001557112547,0.5559805789,0.0001544904491,29.57202849,-23.19318963,-6.09870837,-0.0002643640097,29.29188925,0.0002385080369
2,200,29.37402091,-21.77306147,21.21708144,-0.0001557509832,0.5559804376,0.0001545870309,29.7011041,-23.19318804,-6.098707461,-0.0002643559003,29.29188784,0.0002383107037
2,201,29.48047286,-21.77306128,21.21708122,-0.0001557837689,0.555980321,0.0001546667344,29.80762281,-23.19318673,-6.09870671,-0.0002643492082,29.29188668,0.000238147856
2,202,29.56397588,-21.77306114,21.21708105,-0.0001558094866,0.5559802296,0.0001547292554,29.89117818,-23.1931857,-6.098706122,-0.0002643439587,29.29188577,0.000238020115
2,203,29.62412377,-21.77306103,21.21708093,-0.0001558280113,0.5559801637,0.0001547742897,29.95136379,-23.19318496,-6.098705698,-0.0002643401775,29.29188512,0.0002379281021
2,204,29.66051036,-21.77306097,21.21708085,-0.0001558392178,0.5559801238,0.0001548015333,29.98777321,-23.19318451,-6.098705441,-0.00026433789,29.29188472,0.0002378724387
2,205,29.67272949,-21.77306095,21.21708083,-0.0001558429812,0.5559801104,0.0001548106821,30,-23.19318436,-6.098705355,-0.0002643371219,29.29188459,0.0002378537462
3,0,-30.29106333,-21.77316453,21.21720257,-0.0001373749966,0.5560457946,0.0001099141608,-30.00139617,-23.19392394,-6.099128073,-0.0002681067767,29.2925377,0.0003295849811
3,1,-30.2788442,-21.77316451,21.21720254,-0.0001373787599,0.5560457812,0.0001099233096,-29.98916938,-23.19392379,-6.099127987,-0.0002681060085,29.29253757,0.0003295662885
3,2,-30.2424576,-21.77316445,21.21720247,-0.0001373899664,0.5560457413,0.0001099505532,-29.95275996,-23.19392334,-6.099127731,-0.0002681037211,29.29253717,0.0003295106251
3,3,-30.18230971,-21.77316435,21.21720235,-0.0001374084911,0.5560456754,0.0001099955876,-29.89257435,-23.1939226,-6.099127307,-0.0002680999398,29.29253652,0.0003294186123
3,4,-30.0988067,-21.7731642,21.21720218,-0.0001374342088,0.556045584,0.0001100581085,-29.80901897,-23.19392157,-6.099126718,-0.0002680946904,29.29253561,0.0003292908713
3,5,-29.99235475,-21.77316402,21.21720196,-0.0001374669945,0.5560454674,0.000110137812,-29.70250027,-23.19392025,-6.099125968,-0.0002680879982,29.29253445,0.0003291280235
3,6,-29.86336003,-21.7731638,21.2172017,-0.000137506723,0.5560453261,0.0001102343939,-29.57342465,-23.19391866,-6.099125058,-0.0002680798889,29.29253304,0.0003289306904
3,7,-29.71222872,-21.77316353,21.21720139,-0.0001375532693,0.5560451605,0.00011034755,-29.42219857,-23.1939168,-6.099123993,-0.0002680703879,29.2925314,0.0003286994932
3,8,-29.53936699,-21.77316324,21.21720104,-0.0001376065082,0.5560449712,0.0001104769762,-29.24922844,-23.19391467,-6.099122774,-0.0002680595209,29.29252951,0.0003284350533
3,9,-29.34518103,-21.7731629,21.21720065,-0.0001376663147,0.5560447584,0.0001106223686,-29.0549207,-23.19391227,-6.099121405,-0.0002680473133,29.2925274,0.000328137992
3,10,-29.130077,-21.77316253,21.21720021,-0.0001377325636,0.5560445228,0.0001107834228,-28.83968179,-23.19390962,-6.099119889,-0.0002680337907,29.29252506,0.0003278089308
3,11,-28.89446109,-21.77316212,21.21719973,-0.0001378051299,0.5560442647,0.0001109598348,-28.60391812,-23.19390671,-6.099118228,-0.0002680189786,29.29252249,0.000327448491
3,12,-28.63873947,-21.77316168,21.21719922,-0.0001378838885,0.5560439846,0.0001111513006,-28.34803613,-23.19390356,-6.099116425,-0.0002680029025,29.29251971,0.0003270572939
3,13,-28.36331831,-21.7731612,21.21719866,-0.0001379687143,0.5560436829,0.0001113575159,-28.07244226,-23.19390016,-6.099114484,-0.000267985588,29.29251671,0.000326635961
3,14,-28.06860379,-21.77316069,21.21719806,-0.0001380594821,0.5560433601,0.0001115781766,-27.77754293,-23.19389653,-6.099112406,-0.0002679670606,29.2925135,0.0003261851134
3,15,-27.75500209,-21.77316015,21.21719742,-0.0001381560669,0.5560430166,0.0001118129787,-27.46374457,-23.19389266,-6.099110195,-0.0002679473459,29.29251008,0.0003257053728
3,16,-27.42291939,-21.77315958,21.21719675,-0.0001382583436,0.5560426528,0.0001120616181,-27.13145361,-23.19388856,-6.099107854,-0.0002679264693,29.29250646,0.0003251973603
3,17,-27.07276185,-21.77315897,21.21719604,-0.0001383661871,0.5560422692,0.0001123237906,-26.78107649,-23.19388425,-6.099105386,-0.0002679044565,29.29250265,0.0003246616973
3,18,-26.70493566,-21.77315834,21.21719529,-0.0001384794722,0.5560418663,0.000112599192,-26.41301963,-23.19387971,-6.099102793,-0.0002678813329,29.29249864,0.0003240990052
3,19,-26.31984699,-21.77315767,21.21719451,-0.000138598074,0.5560414445,0.0001128875184,-26.02768947,-23.19387496,-6.099100078,-0.0002678571241,29.29249445,0.0003235099054
3,20,-25.91790201,-21.77315698,21.21719369,-0.0001387218673,0.5560410042,0.0001131884655,-25.62549244,-23.19387,-6.099097245,-0.0002678318556,29.29249007,0.0003228950192
3,21,-25.49950691,-21.77315626,21.21719284,-0.0001388507269,0.5560405459,0.0001135017293,-25.20683496,-23.19386484,-6.099094295,-0.000267805553,29.29248551,0.000322254968
3,22,-25.06506786,-21.77315551,21.21719196,-0.0001389845279,0.55604007,0.0001138270056,-24.77212347,-23.19385948,-6.099091232,-0.0002677782418,29.29248078,0.0003215903731
3,23,-24.61499103,-21.77315473,21.21719105,-0.0001391231451,0.556039577,0.0001141639904,-24.3217644,-23.19385393,-6.09908806,-0.0002677499475,29.29247588,0.0003209018559
3,24,-24.14968261,-21.77315392,21.2171901,-0.0001392664534,0.5560390673,0.0001145123794,-23.85616418,-23.19384819,-6.099084779,-0.0002677206956,29.29247081,0.0003201900377
3,25,-23.66954876,-21.7731531,21.21718913,-0.0001394143277,0.5560385414,0.0001148718687,-23.37572924,-23.19384227,-6.099081395,-0.0002676905117,29.29246558,0.00031945554
3,26,-23.17499566,-21.77315224,21.21718812,-0.0001395666429,0.5560379996,0.000115242154,-22.88086601,-23.19383617,-6.099077908,-0.0002676594214,29.2924602,0.000318698984
3,27,-22.6664295,-21.77315136,21.21718709,-0.000139723274,0.5560374426,0.0001156229313,-22.37198092,-23.1938299,-6.099074323,-0.0002676274501,29.29245466,0.0003179209911
3,28,-22.14425643,-21.77315046,21.21718603,-0.0001398840958,0.5560368706,0.0001160138965,-21.8494804,-23.19382346,-6.099070642,-0.0002675946235,29.29244897,0.0003171221827
3,29,-21.60888265,-21.77314954,21.21718494,-0.0001400489832,0.5560362841,0.0001164147454,-21.31377089,-23.19381685,-6.099066868,-0.0002675609669,29.29244314,0.0003163031802
3,30,-21.06071433,-21.77314859,21.21718383,-0.0001402178111,0.5560356837,0.0001168251739,-20.76525881,-23.19381009,-6.099063003,-0.000267526506,29.29243717,0.0003154646049
3,31,-20.50015764,-21.77314762,21.21718269,-0.0001403904545,0.5560350696,0.000117244878,-20.20435059,-23.19380318,-6.099059052,-0.0002674912663,29.29243106,0.0003146070781
3,32,-19.92761876,-21.77314663,21.21718153,-0.0001405667882,0.5560344425,0.0001176735534,-19.63145267,-23.19379612,-6.099055016,-0.0002674552734,29.29242483,0.0003137312213
3,33,-19.34350386,-21.77314562,21.21718034,-0.0001407466872,0.5560338026,0.0001181108961,-19.04697147,-23.19378891,-6.099050898,-0.0002674185527,29.29241846,0.0003128376557
3,34,-18.74821912,-21.77314459,21.21717914,-0.0001409300263,0.5560331506,0.0001185566019,-18.45131343,-23.19378157,-6.099046701,-0.0002673811298,29.29241198,0.0003119270028
3,35,-18.14217072,-21.77314355,21.2171779,-0.0001411166805,0.5560324867,0.0001190103668,-17.84488498,-23.1937741,-6.099042429,-0.0002673430303,29.29240538,0.0003109998838
3,36,-17.52576483,-21.77314248,21.21717665,-0.0001413065247,0.5560318115,0.0001194718867,-17.22809254,-23.19376649,-6.099038084,-0.0002673042796,29.29239867,0.0003100569202
3,37,-16.89940763,-21.7731414,21.21717538,-0.0001414994337,0.5560311254,0.0001199408573,-16.60134255,-23.19375877,-6.099033668,-0.0002672649033,29.29239184,0.0003090987333
3,38,-16.2635053,-21.7731403,21.21717409,-0.0001416952824,0.5560304288,0.0001204169747,-15.96504144,-23.19375093,-6.099029185,-0.000267224927,29.29238492,0.0003081259445
3,39,-15.618464,-21.77313919,21.21717278,-0.0001418939458,0.5560297222,0.0001208999347,-15.31959564,-23.19374297,-6.099024638,-0.0002671843761,29.29237789,0.0003071391752
3,40,-14.96468993,-21.77313806,21.21717145,-0.0001420952988,0.5560290061,0.0001213894331,-14.66541158,-23.19373491,-6.099020029,-0.0002671432763,29.29237077,0.0003061390466
3,41,-14.30258924,-21.77313691,21.21717011,-0.0001422992163,0.5560282808,0.0001218851659,-14.00289569,-23.19372674,-6.099015362,-0.000267101653,29.29236356,0.0003051261801
3,42,-14.00234517,-21.77017247,21.20788939,-0.0002485347991,0.5549917294,6.159531972e-06,-13.67764575,-23.17344288,-6.093182229,-0.0005905525292,29.29174629,0.0001886381262
3,43,-13.73089613,-21.76157469,21.181002,-0.000550455273,0.5519957913,-0.0003239139321,-13.33365212,-23.1146468,-6.076276595,-0.001526186066,29.28996945,-0.0001422823
3,44,-13.48704255,-21.74778524,21.13793813,-0.001023172311,0.547210006,-0.0008419724297,-12.97283213,-23.0204101,-6.049182447,-0.003021864212,29.28713519,-0.0006612653243
3,45,-13.26958488,-21.72924581,21.08012798,-0.001641797586,0.5408039126,-0.001521653164,-12.59710306,-22.89380438,-6.01278377,-0.005025448914,29.28334567,-0.001341941173
3,46,-13.07732354,-21.70639807,21.00900176,-0.002381442772,0.5329470504,-0.002336593339,-12.20838224,-22.73790124,-5.96796455,-0.007484802119,29.27870304,-0.002157940071
3,47,-12.90905897,-21.67968371,20.92598967,-0.003217219541,0.5238089587,-0.003260430157,-11.80858696,-22.55577228,-5.915608772,-0.01034778577,29.27330946,-0.003082892245
3,48,-12.7635916,-21.6495444,20.83252192,-0.004124239566,0.5135591767,-0.004266800823,-11.39963452,-22.35048909,-5.856600422,-0.01356226183,29.26726708,-0.00409042792
3,49,-12.63972187,-21.61642182,20.73002872,-0.005077614521,0.5023672437,-0.005329342539,-10.98344225,-22.12512327,-5.791823486,-0.01707609223,29.26067805,-0.005154177324
3,50,-12.53625021,-21.58075766,20.61994025,-0.006052456078,0.490402699,-0.006421692508,-10.56192743,-21.88274642,-5.722161949,-0.02083713892,29.25364454,-0.006247770681
3,51,-12.45197706,-21.54299359,20.50368673,-0.00702387591,0.4778350818,-0.007517487935,-10.13700738,-21.62643015,-5.648499798,-0.02479326385,29.2462687,-0.007344838217
3,52,-12.38570285,-21.50357128,20.38269836,-0.007966985691,0.4648339313,-0.008590366022,-9.710599399,-21.35924604,-5.571721018,-0.02889232897,29.23865267,-0.008419010159
3,53,-12.33622802,-21.46293243,20.25840535,-0.008856897094,0.4515687869,-0.009613963973,-9.284620795,-21.0842657,-5.492709594,-0.03308219622,29.23089863,-0.009443916732
3,54,-12.30235299,-21.4215187,20.13223789,-0.009668721791,0.4382091878,-0.01056191899,-8.860988872,-20.80456072,-5.412349513,-0.03731072756,29.22310871,-0.01039318816
3,55,-12.28287821,-21.37977179,20.00562619,-0.01037757146,0.4249246732,-0.01140786828,-8.441620935,-20.52320271,-5.33152476,-0.04152578493,29.21538508,-0.01124045468
3,56,-12.27621503,-21.33698667,19.87652991,-0.01097839431,0.4115197713,-0.01214886588,-8.017513747,-20.23556172,-5.2489067,-0.04578721695,29.20761832,-0.01198279766
3,57,-12.27980332,-21.294357,19.74857791,-0.01145795333,0.398365057,-0.01276682987,-7.600134606,-19.94978744,-5.166834841,-0.04995780634,29.20002598,-0.01260209594
3,58,-12.29000057,-21.25192405,19.62187669,-0.01182956374,0.3854532462,-0.01327383742,-7.189705612,-19.66625352,-5.085414047,-0.05401576859,29.19260522,-0.01311042202
3,59,-12.30316425,-21.20972906,19.49653279,-0.01210654075,0.3727770544,-0.01368196566,-6.786448864,-19.38533359,-5.00474918,-0.05793931921,29.18535317,-0.01351984844
3,60,-12.31565183,-21.16781331,19.37265273,-0.01230219959,0.3603291974,-0.01400329175,-6.39058646,-19.10740131,-4.924945105,-0.06170667369,29.17826697,-0.01384244773
3,61,-12.32382078,-21.12621806,19.25034303,-0.01242985547,0.3481023908,-0.01424989284,-6.0023405,-18.83283032,-4.846106686,-0.06529604753,29.17134376,-0.01409029242
3,62,-12.32402857,-21.08498456,19.12971021,-0.01250282362,0.3360893503,-0.01443384607,-5.621933084,-18.56199426,-4.768338785,-0.06868565622,29.16458069,-0.01427545502
3,63,-12.31263267,-21.04415409,19.01086079,-0.01253441925,0.3242827915,-0.01456722861,-5.249586309,-18.29526677,-4.691746267,-0.07185371525,29.15797489,-0.01441000807
3,64,-12.30605476,-21.01143389,18.94589088,-0.01260188742,0.3179516209,-0.01468033713,-5.068244814,-18.13981663,-4.645992544,-0.07342438668,29.15402432,-0.01452367982
3,65,-12.29670424,-20.95476678,18.86888355,-0.01276817075,0.310661745,-0.01488338333,-4.891425264,-17.9390299,-4.585067889,-0.0750011807,29.14875857,-0.01472726113
3,66,-12.28328634,-20.8759509,18.78075737,-0.01302585912,0.3024911487,-0.01516939682,-4.718743172,-17.69641041,-4.51009574,-0.076571004,29.14227797,-0.01501378248
3,67,-12.26450631,-20.77678438,18.68243092,-0.0133675424,0.2935178166,-0.0155314072,-4.549814048,-17.41546202,-4.422199533,-0.07812076321,29.13468279,-0.01537627435
3,68,-12.23906938,-20.65906536,18.57482277,-0.01378581044,0.2838197332,-0.0159624441,-4.384253405,-17.09968854,-4.322502707,-0.07963736502,29.12607334,-0.01580776721
3,69,-12.20568082,-20.52459198,18.45885152,-0.01427325313,0.2734748834,-0.01645553711,-4.221676753,-16.75259383,-4.212128698,-0.08110771607,29.11654993,-0.01630129155
3,70,-12.16304584,-20.37516236,18.33543572,-0.01482246032,0.2625612518,-0.01700371585,-4.061699605,-16.37768172,-4.092200944,-0.08251872303,29.10621284,-0.01684987785
3,71,-12.1098697,-20.21257464,18.20549397,-0.01542602189,0.251156823,-0.01760000992,-3.903937471,-15.97845605,-3.963842881,-0.08385729255,29.09516238,-0.01744655657
3,72,-12.04485765,-20.03862696,18.06994483,-0.01607652769,0.2393395817,-0.01823744895,-3.748005864,-15.55842066,-3.828177948,-0.0851103313,29.08349885,-0.01808435822
3,73,-11.96671491,-19.85511746,17.92970688,-0.01676656761,0.2271875126,-0.01890906253,-3.593520295,-15.12107939,-3.68632958,-0.08626474593,29.07132254,-0.01875631325
3,74,-11.87414674,-19.66384426,17.78569871,-0.0174887315,0.2147786003,-0.01960788028,-3.440096276,-14.66993607,-3.539421215,-0.08730744312,29.05873375,-0.01945545216
3,75,-11.76585838,-19.46660551,17.63883888,-0.01823560923,0.2021908294,-0.02032693182,-3.287349317,-14.20849454,-3.388576291,-0.08822532951,29.04583278,-0.02017480541
3,76,-11.64055507,-19.26519933,17.49004598,-0.01899979067,0.1895021847,-0.02105924674,-3.134894931,-13.74025865,-3.234918245,-0.08900531177,29.03271994,-0.02090740349
3,77,-11.49694205,-19.06142387,17.34023859,-0.01977386569,0.1767906509,-0.02179785465,-2.982348629,-13.26873223,-3.079570513,-0.08963429655,29.01949551,-0.02164627689
3,78,-11.33372456,-18.85707725,17.19033527,-0.02055042416,0.1641342125,-0.02253578518,-2.829325923,-12.79741912,-2.923656534,-0.09009919053,29.0062598,-0.02238445607
3,79,-11.14960785,-18.65395762,17.04125461,-0.02132205593,0.1516108543,-0.02326606793,-2.675442324,-12.32982315,-2.768299743,-0.09038690035,28.99311311,-0.02311497151
3,80,-11.05362311,-18.54959,16.96179182,-0.02177293143,0.1456359287,-0.02369538203,-2.598013825,-12.08525319,-2.681357765,-0.09059983007,28.98589426,-0.02354440012
3,81,-10.94753485,-18.43705647,16.87094973,-0.0223551938,0.1400314752,-0.0242538038,-2.517486093,-11.81382199,-2.574692092,-0.09094356081,28.97727234,-0.02410293605
3,82,-10.83193306,-18.31690713,16.76963824,-0.02305412227,0.1347627141,-0.02492674507,-2.43398527,-11.51762636,-2.449854566,-0.09140087202,28.96736245,-0.02477599121
3,83,-10.70740777,-18.18969208,16.65876721,-0.02385499613,0.1297948659,-0.02569961769,-2.347637502,-11.19876314,-2.308397028,-0.0919545431,28.95627969,-0.02554897747
3,84,-10.57454899,-18.0559614,16.53924654,-0.02474309461,0.1250931509,-0.02655783349,-2.25856893,-10.85932915,-2.151871319,-0.09258735348,28.94413916,-0.02640730671
3,85,-10.43394673,-17.91626518,16.4119861,-0.02570369699,0.1206227895,-0.02748680432,-2.166905701,-10.50142122,-1.981829282,-0.09328208258,28.93105597,-0.02733639082
3,86,-10.28619101,-17.77115352,16.27789578,-0.02672208252,0.1163490023,-0.02847194203,-2.072773956,-10.12713617,-1.799822756,-0.09402150982,28.91714521,-0.02832164168
3,87,-10.13187184,-17.62117651,16.13788546,-0.02778353046,0.1122370096,-0.02949865844,-1.976299841,-9.738570831,-1.607403583,-0.09478841463,28.90252199,-0.02934847118
3,88,-9.971579235,-17.46688424,15.99286502,-0.02887332007,0.1082520317,-0.03055236541,-1.8776095,-9.337822028,-1.406123605,-0.09556557642,28.88730141,-0.03040229119
3,89,-9.805903205,-17.3088268,15.84374435,-0.0299767306,0.1043592892,-0.03161847478,-1.776829075,-8.926986587,-1.197534663,-0.09633577462,28.87159857,-0.03146851361
3,90,-9.635433766,-17.14755429,15.69143332,-0.03107904132,0.1005240025,-0.03268239838,-1.674084711,-8.508161334,-0.9831885978,-0.09708178865,28.85552858,-0.03253255032
3,91,-9.46076093,-16.98361679,15.53684182,-0.03216553148,0.09671139191,-0.03372954806,-1.569502552,-8.083443094,-0.7646372512,-0.09778639793,28.83920653,-0.03357981319
3,92,-9.282474713,-16.81756441,15.38087974,-0.03322148034,0.0928866779,-0.03474533567,-1.463208742,-7.654928694,-0.5434324642,-0.09843238189,28.82274752,-0.03459571412
3,93,-9.101165127,-16.64994722,15.22445695,-0.03423216717,0.08901508088,-0.03571517303,-1.355329424,-7.22471496,-0.3211260782,-0.09900251993,28.80626667,-0.03556566498
3,94,-8.917422186,-16.48131533,15.06848333,-0.03518287121,0.08506182127,-0.036624472,-1.245990743,-6.794898718,-0.09926993456,-0.09947959149,28.78987906,-0.03647507767
3,95,-8.731835903,-16.31221882,14.91386878,-0.03605887173,0.08099211948,-0.03745864442,-1.135318842,-6.367576793,0.1205841256,-0.09984637599,28.7736998,-0.03730936406
3,96,-8.551084946,-16.14896727,14.76657584,-0.03682341959,0.07692837808,-0.03818249189,-1.027212309,-5.958997408,0.3297618967,-0.1000818718,28.75836405,-0.03803332189
3,97,-8.368082899,-15.98646398,14.62178531,-0.03750955091,0.07275830394,-0.03882768043,-0.9178268087,-5.555976447,0.5351011735,-0.1001952441,28.74336358,-0.03867862093
3,98,-8.181748343,-15.82537743,14.47988207,-0.03812230442,0.06851669221,-0.03939927747,-0.8070098809,-5.159787645,0.7360801666,-0.1001833664,28.7287318,-0.03925032848
3,99,-7.990999855,-15.6663761,14.34125104,-0.03866671888,0.06423833804,-0.03990235044,-0.6946090636,-4.771704736,0.9321770865,-0.1000431118,28.71450213,-0.03975351186
3,100,-7.794756018,-15.51012849,14.20627711,-0.03914783305,0.0599580366,-0.04034196679,-0.5804718954,-4.393001454,1.122870144,-0.09977135364,28.700708,-0.04019323834
3,101,-7.591935411,-15.35730307,14.0753452,-0.03957068567,0.05571058305,-0.04072319396,-0.4644459148,-4.024951533,1.307637549,-0.09936496517,28.68738282,-0.04057457525
3,102,-7.381456612,-15.20856832,13.94884021,-0.03994031551,0.05153077253,-0.04105109936,-0.3463786602,-3.668828707,1.485957513,-0.09882081967,28.67456,-0.04090258987
3,103,-7.162238204,-15.06459274,13.82714704,-0.04026176131,0.04745340021,-0.04133075045,-0.2261176702,-3.325906711,1.657308245,-0.09813579041,28.66227297,-0.04118234952
3,104,-6.933198765,-14.92604482,13.71065059,-0.04054006182,0.04351326124,-0.04156721465,-0.1035104833,-2.997459278,1.821167958,-0.09730675066,28.65055514,-0.04141892149
3,105,-6.693256875,-14.79359302,13.59973578,-0.04078025581,0.03974515078,-0.04176555941,0.02159536214,-2.684760143,1.97701486,-0.09633057371,28.63943992,-0.04161737308
3,106,-6.441331114,-14.66790584,13.49478749,-0.04098738202,0.03618386399,-0.04193085216,0.1493523275,-2.389083039,2.124327164,-0.09520413282,28.62896074,-0.0417827716
3,107,-6.176340062,-14.54965177,13.39619065,-0.0411664792,0.03286419602,-0.04206816032,0.2799128742,-2.111701701,2.262583078,-0.09392430126,28.61915101,-0.04192018435
3,108,-5.8972023,-14.43949928,13.30433015,-0.04132258612,0.02982094204,-0.04218255135,0.4134294639,-1.853889863,2.391260815,-0.09248795231,28.61004415,-0.04203467862
3,109,-5.602836406,-14.33811686,13.21959089,-0.04146074151,0.02708889719,-0.04227909268,0.5500545581,-1.616921258,2.509838584,-0.09089195923,28.60167357,-0.04213132173
3,110,-5.292160961,-14.246173,13.14235778,-0.04158598414,0.02470285663,-0.04236285173,0.6899406181,-1.402069621,2.617794596,-0.08913319532,28.5940727,-0.04221518096
3,111,-4.964094545,-14.16433619,13.07301573,-0.04170335276,0.02269761552,-0.04243889595,0.8332401056,-1.210608687,2.714607061,-0.08720853383,28.58727495,-0.04229132363
3,112,-4.617555738,-14.0932749,13.01194964,-0.04181788612,0.02110796903,-0.04251229277,0.9801054821,-1.043812188,2.799754191,-0.08511484803,28.58131373,-0.04236481703
3,113,-4.234480296,-14.03100684,12.95723133,-0.04193876715,0.01991575901,-0.04259035527,1.137667486,-0.8967424219,2.875920844,-0.08274260823,28.57599998,-0.0424429785
3,114,-3.831947207,-13.98102788,12.91187787,-0.04205931101,0.01918756867,-0.0426683406,1.298778826,-0.7776530938,2.938859467,-0.08019739034,28.57163234,-0.04252106077
3,115,-3.411913257,-13.94309416,12.87576911,-0.04217676737,0.01889417162,-0.04274352127,1.462916673,-0.6861183526,2.988688806,-0.07749474814,28.56820417,-0.04259633652
3,116,-2.976335232,-13.91696184,12.84878492,-0.04228838588,0.01900634142,-0.0428131698,1.629558198,-0.6217123477,3.02552761,-0.07465023542,28.56570885,-0.04266607841
3,117,-2.527169917,-13.90238705,12.83080517,-0.0423914162,0.01949485165,-0.04287455872,1.798180572,-0.5840092284,3.049494625,-0.07167940596,28.56413975,-0.04272755913
3,118,-2.0663741,-13.89912594,12.82170971,-0.04248310801,0.0203304759,-0.04292496052,1.968260965,-0.572583144,3.060708598,-0.06859781354,28.56349024,-0.04277805136
3,119,-1.595904565,-13.90693466,12.82137842,-0.04256071097,0.02148398775,-0.04296164774,2.139276547,-0.5870082439,3.059288278,-0.06542101194,28.56375369,-0.04281482776
3,120,-1.117718099,-13.92556935,12.82969116,-0.04262147473,0.02292616078,-0.04298189288,2.31070449,-0.6268586772,3.04535241,-0.06216455496,28.56492347,-0.04283516103
3,121,-0.6337714873,-13.95478617,12.84652778,-0.04266264896,0.02462776857,-0.04298296846,2.482021963,-0.6917085934,3.019019744,-0.05884399636,28.56699295,-0.04283632383
3,122,-0.1460215165,-13.99434124,12.87176817,-0.04268148333,0.02655958471,-0.04296214701,2.652706138,-0.7811321417,2.980409025,-0.05547488994,28.56995551,-0.04281558884
3,123,0.3435750277,-14.04399073,12.90529217,-0.04267522749,0.02869238276,-0.04291670102,2.822234185,-0.8947034715,2.929639001,-0.05207278947,28.57380451,-0.04277022873
3,124,0.8330613593,-14.10349078,12.94697966,-0.04264113111,0.03099693633,-0.04284390303,2.990083275,-1.031996732,2.86682842,-0.04865324874,28.57853333,-0.04269751619
3,125,1.320480692,-14.17259752,12.9967105,-0.04257644386,0.03344401897,-0.04274102554,3.155730578,-1.192586073,2.792096029,-0.04523182153,28.58413534,-0.0425947239
3,126,1.803876241,-14.25106712,13.05436455,-0.0424784154,0.03600440429,-0.04260534107,3.318653266,-1.376045643,2.705560574,-0.04182406163,28.59060391,-0.04245912451
3,127,2.281291219,-14.3386557,13.11982168,-0.04234429538,0.03864886586,-0.04243412214,3.478328507,-1.581949591,2.607340805,-0.03844552281,28.5979324,-0.04228799073
3,128,2.750768841,-14.43511943,13.19296175,-0.04217133348,0.04134817725,-0.04222464127,3.634233474,-1.809872068,2.497555467,-0.03511175886,28.6061142,-0.04207859521
3,129,3.210352321,-14.54021444,13.27366462,-0.04195677935,0.04407311206,-0.04197417096,3.785845337,-2.059387222,2.376323308,-0.03183832356,28.61514267,-0.04182821064
3,130,3.658084872,-14.65369688,13.36181017,-0.04169788267,0.04679444386,-0.04167998374,3.932641266,-2.330069203,2.243763075,-0.02864077069,28.62501118,-0.0415341097
3,131,4.092009709,-14.7753229,13.45727824,-0.04139189309,0.04948294623,-0.04133935213,4.074098432,-2.621492159,2.099993517,-0.02553465404,28.6357131,-0.04119356505
3,132,4.510170045,-14.90484863,13.55994872,-0.04103606027,0.05210939276,-0.04094954863,4.209694005,-2.933230241,1.945133379,-0.02253552739,28.64724181,-0.04080384938
3,133,4.910609096,-15.04203024,13.66970146,-0.04062763388,0.05464455703,-0.04050784576,4.338905157,-3.264857597,1.77930141,-0.01965894452,28.65959068,-0.04036223537
3,134,5.291370074,-15.18662386,13.78641632,-0.04016386359,0.05705921262,-0.04001151604,4.461209058,-3.615948377,1.602616356,-0.01692045922,28.67275307,-0.03986599569
3,135,5.650496195,-15.33838564,13.90997318,-0.03964199905,0.0593241331,-0.03945783199,4.576082878,-3.986076731,1.415196965,-0.01433562526,28.68672236,-0.03931240301
3,136,5.983969807,-15.49565015,14.03906048,-0.03906597545,0.06140533211,-0.0388509764,4.682391857,-4.371286415,1.219027084,-0.01193496198,28.70135249,-0.0387056396
3,137,6.295054359,-15.65854125,14.17374569,-0.03843877597,0.06334618206,-0.03819363245,4.78149642,-4.77182404,1.014208056,-0.009697067937,28.71663649,-0.03804838973
3,138,6.584586135,-15.82586872,14.31300922,-0.0377691246,0.06518251674,-0.03749446074,4.874021578,-5.184694802,0.8025414988,-0.007618134425,28.73244041,-0.03734931438
3,139,6.85340142,-15.99644236,14.45583148,-0.03706574534,0.06695016993,-0.03676212186,4.960592341,-5.606903897,0.5858290304,-0.005694352738,28.74863027,-0.03661707457
3,140,7.102336497,-16.16907194,14.6011929,-0.03633736217,0.06868497542,-0.03600527642,5.041833722,-6.035456521,0.3658722691,-0.00392191417,28.76507211,-0.0358603313
3,141,7.332227653,-16.34256727,14.74807388,-0.03559269909,0.07042276701,-0.03523258501,5.118370731,-6.467357869,0.1444728328,-0.002297010016,28.78163196,-0.03508774556
3,142,7.543911172,-16.51573813,14.89545485,-0.03484048008,0.07219937849,-0.03445270822,5.190828381,-6.899613137,-0.07656766032,-0.0008158315675,28.79817586,-0.03430797836
3,143,7.738223337,-16.68739431,15.04231622,-0.03408942914,0.07405064363,-0.03367430664,5.259831682,-7.329227521,-0.2954475921,0.0005254298802,28.81456984,-0.03352969071
3,144,7.916000435,-16.8563456,15.18763841,-0.03334827026,0.07601239623,-0.03290604088,5.326005645,-7.753206217,-0.5103653445,0.001730583034,28.83067993,-0.0327615436
3,145,8.078078749,-17.02140179,15.33040184,-0.03262572743,0.07812047008,-0.03215657153,5.389975283,-8.168554421,-0.7195192994,0.0028034366,28.84637218,-0.03201219803
3,146,8.225294564,-17.18137267,15.46958691,-0.03193052465,0.08041069897,-0.03143455918,5.452365606,-8.572277329,-0.9211078387,0.003747799284,28.8615126,-0.03129031501
3,147,8.358484165,-17.33506803,15.60417405,-0.03127138589,0.08291891669,-0.03074866443,5.513801626,-8.961380136,-1.113329344,0.004567479793,28.87596724,-0.03060455554
3,148,8.478483837,-17.48129765,15.73314368,-0.03065703516,0.08568095702,-0.03010754787,5.574908354,-9.332868039,-1.294382198,0.005266286834,28.88960214,-0.02996358062
3,149,8.586129864,-17.61887134,15.8554762,-0.03009619644,0.08873265375,-0.02951987011,5.636310802,-9.683746233,-1.462464782,0.005848029111,28.90228331,-0.02937605125
3,150,8.682258531,-17.74659887,15.97015204,-0.02959759373,0.09210984068,-0.02899429173,5.69863398,-10.01101991,-1.615775478,0.006316515333,28.91387681,-0.02885062844
3,151,8.767706123,-17.86329005,16.07615162,-0.02916995102,0.09584835158,-0.02853947333,5.762502901,-10.31169428,-1.752512668,0.006675554204,28.92424865,-0.02839597318
3,152,8.843308924,-17.96775464,16.17245534,-0.02882199229,0.09998402026,-0.02816407551,5.828542575,-10.58277452,-1.870874733,0.006928954431,28.93326488,-0.02802074648
3,153,8.909903218,-18.05880246,16.25804362,-0.02856244154,0.1045526805,-0.02787675886,5.897378014,-10.82126584,-1.969060056,0.007080524721,28.94079153,-0.02773360934
3,154,8.968325291,-18.13524328,16.33189689,-0.02840002277,0.1095901661,-0.02768618398,5.969634229,-11.02417342,-2.045267019,0.00713407378,28.94669463,-0.02754322276
3,155,9.078805129,-18.27429826,16.46873742,-0.02817559313,0.120278824,-0.02740436009,6.119682326,-11.39662366,-2.175980901,0.007145822777,28.95690352,-0.02726178896
3,156,9.175112042,-18.41677328,16.61068127,-0.02790202364,0.1313776102,-0.02707331723,6.268249448,-11.78099794,-2.311287419,0.007080212478,28.96749857,-0.02693114639
3,157,9.259944611,-18.56250103,16.75749094,-0.02757053302,0.1428810741,-0.02668424997,6.415558895,-12.17691996,-2.450973556,0.00696303768,28.97847923,-0.02654248822
3,158,9.336001415,-18.71131418,16.90892895,-0.02717234002,0.154783765,-0.02622835287,6.561833966,-12.58401344,-2.594826296,0.006820093176,28.98984494,-0.02608700762
3,159,9.405981034,-18.86304543,17.06475781,-0.02669866335,0.1670802324,-0.02569682048,6.707297961,-13.00190206,-2.742632622,0.006677173765,29.00159516,-0.02555589776
3,160,9.472582049,-19.01752746,17.22474005,-0.02614072174,0.1797650255,-0.02508084734,6.85217418,-13.43020954,-2.894179517,0.006560074241,29.01372933,-0.0249403518
3,161,9.538503039,-19.17459295,17.38863817,-0.02548973393,0.1928326938,-0.02437162803,6.996685923,-13.86855956,-3.049253965,0.0064945894,29.0262469,-0.02423156291
3,162,9.606442584,-19.33407459,17.55621468,-0.02473691864,0.2062777867,-0.0235603571,7.14105649,-14.31657583,-3.207642949,0.006506514038,29.03914732,-0.02342072426
3,163,9.679099265,-19.49580505,17.72723211,-0.02387349461,0.2200948534,-0.02263822909,7.285509181,-14.77388205,-3.369133451,0.006621642951,29.05243003,-0.02249902901
3,164,9.756484556,-19.65542159,17.89705366,-0.0229203485,0.2339185627,-0.02162775133,7.426721456,-15.2282005,-3.529318574,0.006850214418,29.06573919,-0.02148897302
3,165,9.839607058,-19.81564474,18.06885101,-0.02187162934,0.2480144834,-0.02052269371,7.568232264,-15.68763586,-3.690983103,0.007178078061,29.07929294,-0.02038433723
3,166,9.927143252,-19.97509926,18.24154991,-0.020745439,0.2623058486,-0.01934241077,7.710049332,-16.14881808,-3.852856213,0.007581702045,29.09297241,-0.01920447709
3,167,10.01776962,-20.13240987,18.41407607,-0.01955987935,0.2767158916,-0.01810625704,7.852180389,-16.6083771,-4.013667078,0.008037554537,29.10665874,-0.01796874807
3,168,10.11016263,-20.28620133,18.58535524,-0.01833305229,0.2911678456,-0.01683358706,7.994633165,-17.06294287,-4.172144872,0.008522103701,29.12023304,-0.01669650562
3,169,10.20299878,-20.43509838,18.75431314,-0.01708305967,0.3055849437,-0.01554375534,8.137415387,-17.50914535,-4.327018769,0.009011817703,29.13357644,-0.01540710519
3,170,10.29495453,-20.57772577,18.9198755,-0.01582800339,0.3198904193,-0.01425611643,8.280534786,-17.94361447,-4.477017943,0.009483164709,29.14657008,-0.01411990225
3,171,10.38470637,-20.71270822,19.08096805,-0.01458598532,0.3340075053,-0.01299002485,8.423999088,-18.36298019,-4.620871569,0.009912612885,29.15909507,-0.01285425225
3,172,10.47093079,-20.8386705,19.23651653,-0.01337510734,0.3478594352,-0.01176483513,8.567816024,-18.76387245,-4.75730882,0.0102766304,29.17103255,-0.01162951064
3,173,10.55230424,-20.95423734,19.38544665,-0.01221347132,0.361369442,-0.01059990182,8.711993321,-19.14292121,-4.885058871,0.01055168541,29.18226364,-0.01046503288
3,174,10.62750323,-21.05803348,19.52668415,-0.01111917914,0.374460759,-0.009514579435,8.856538709,-19.49675641,-5.002850896,0.01071424609,29.19266946,-0.009380174439
3,175,10.69520422,-21.14868366,19.65915477,-0.01011033269,0.3870566193,-0.00852822251,9.001459917,-19.82200799,-5.109414069,0.0107407806,29.20213116,-0.008394290759
3,176,10.7540837,-21.22481264,19.78178422,-0.009205033833,0.3990802562,-0.007660185578,9.146764672,-20.11530591,-5.203477564,0.0106077571,29.21052985,-0.007526737302
3,177,10.80281815,-21.28504515,19.89349825,-0.008421384453,0.4104549029,-0.00692982317,9.292460705,-20.37328011,-5.283770555,0.01029164378,29.21774665,-0.006796869523
3,178,10.84008404,-21.32800593,19.99322257,-0.007777486428,0.4211037925,-0.006356489817,9.438555743,-20.59256055,-5.349022217,0.009768908777,29.22366271,-0.006224042881
3,179,10.90455634,-21.39823496,20.18684698,-0.006599647879,0.4423808486,-0.005343761634,9.741932339,-21.00483361,-5.467860652,0.008454410397,29.23449998,-0.005212378631
3,180,10.97172669,-21.46558045,20.37232848,-0.005460456564,0.462787271,-0.004367879197,10.05034021,-21.3994626,-5.581619891,0.007092090487,29.24487668,-0.004237569359
3,181,11.04768242,-21.52898033,20.5467844,-0.004380014793,0.482000587,-0.003445266695,10.36339911,-21.77038159,-5.688549809,0.005725804189,29.2546325,-0.003316029664
3,182,11.13851086,-21.58737257,20.70733209,-0.003378424877,0.4996983237,-0.002592348317,10.68072876,-22.11152468,-5.786900277,0.004399406643,29.26360713,-0.00246417414
3,183,11.25029934,-21.63969513,20.85108887,-0.002475789126,0.5155580083,-0.001825548254,11.0019489,-22.41682596,-5.87492117,0.00315675299,29.27164029,-0.001698417385
3,184,11.38913519,-21.68488594,20.97517209,-0.001692209852,0.5292571679,-0.001161290694,11.32667929,-22.6802195,-5.950862361,0.00204169837,29.27857167,-0.001035173993
3,185,11.56110574,-21.72188297,21.07669908,-0.001047789365,0.5404733298,-0.0006159998266,11.65453965,-22.89563941,-6.012973723,0.001098097924,29.28424097,-0.000490858562
3,186,11.77229833,-21.74962418,21.15278717,-0.000562629976,0.548884021,-0.0002060998414,11.98514973,-23.05701977,-6.059505129,0.0003698067938,29.2884879,-8.188568731e-05
3,187,12.02880027,-21.7670475,21.20055371,-0.0002568339952,0.5541667688,5.198507223e-05,12.31812926,-23.15829466,-6.088706452,-9.93198814e-05,29.29115214,0.0001753300348
3,188,12.33669892,-21.7730909,21.21711603,-0.0001505037334,0.5559991003,0.0001418307249,12.65309799,-23.19339818,-6.098827566,-0.0002654269604,29.29207341,0.0002643740081
3,189,13.01423429,-21.77308973,21.21711465,-0.0001507124045,0.5559983581,0.000142338014,13.33105824,-23.19338982,-6.09882279,-0.0002653843668,29.29206603,0.0002633375301
3,190,13.68425541,-21.77308857,21.21711329,-0.0001509187614,0.5559976242,0.0001428396771,14.00149953,-23.19338156,-6.098818067,-0.0002653422456,29.29205873,0.0002623125471
3,191,14.34635609,-21.77308743,21.21711195,-0.0001511226789,0.5559968989,0.0001433354098,14.66401542,-23.19337339,-6.098813399,-0.0002653006223,29.29205152,0.0002612996807
3,192,15.00013017,-21.7730863,21.21711062,-0.0001513240319,0.5559961827,0.0001438249083,15.31819948,-23.19336533,-6.09880879,-0.0002652595224,29.2920444,0.0002602995521
3,193,15.64517146,-21.77308518,21.21710931,-0.0001515226953,0.5559954762,0.0001443078682,15.96364528,-23.19335737,-6.098804243,-0.0002652189716,29.29203737,0.0002593127827
3,194,16.2810738,-21.77308408,21.21710802,-0.0001517185441,0.5559947796,0.0001447839856,16.59994639,-23.19334953,-6.09879976,-0.0002651789952,29.29203045,0.0002583399939
3,195,16.907431,-21.773083,21.21710675,-0.0001519114531,0.5559940935,0.0001452529562,17.22669637,-23.1933418,-6.098795345,-0.000265139619,29.29202363,0.000257381807
3,196,17.52383688,-21.77308194,21.21710549,-0.0001521012972,0.5559934183,0.0001457144761,17.84348881,-23.1933342,-6.098790999,-0.0002651008683,29.29201691,0.0002564388434
3,197,18.12988528,-21.77308089,21.21710426,-0.0001522879514,0.5559927544,0.000146168241,18.44991726,-23.19332673,-6.098786727,-0.0002650627687,29.29201031,0.0002555117245
3,198,18.72517002,-21.77307986,21.21710306,-0.0001524712905,0.5559921024,0.0001466139468,19.04557531,-23.19331938,-6.098782531,-0.0002650253459,29.29200383,0.0002546010716
3,199,19.30928492,-21.77307885,21.21710187,-0.0001526511895,0.5559914625,0.0001470512895,19.6300565,-23.19331218,-6.098778413,-0.0002649886252,29.29199747,0.000253707506
3,200,19.8818238,-21.77307786,21.21710071,-0.0001528275232,0.5559908354,0.000147479965,20.20295442,-23.19330512,-6.098774377,-0.0002649526322,29.29199123,0.0002528316491
3,201,20.44238049,-21.77307689,21.21709957,-0.0001530001666,0.5559902213,0.000147899669,20.76386264,-23.1932982,-6.098770425,-0.0002649173925,29.29198512,0.0002519741224
3,202,20.99054882,-21.77307595,21.21709846,-0.0001531689945,0.5559896209,0.0001483100975,21.31237472,-23.19329144,-6.098766561,-0.0002648829317,29.29197915,0.000251135547
3,203,21.5259226,-21.77307502,21.21709737,-0.000153333882,0.5559890344,0.0001487109464,21.84808424,-23.19328484,-6.098762786,-0.0002648492751,29.29197332,0.0002503165445
3,204,22.04809566,-21.77307412,21.21709631,-0.0001534947037,0.5559884624,0.0001491019116,22.37058475,-23.1932784,-6.098759105,-0.0002648164484,29.29196764,0.0002495177361
3,205,22.55666183,-21.77307324,21.21709528,-0.0001536513348,0.5559879054,0.0001494826889,22.87946984,-23.19327213,-6.09875552,-0.0002647844771,29.2919621,0.0002487397433
3,206,23.05121492,-21.77307239,21.21709427,-0.00015380365,0.5559873636,0.0001498529742,23.37433307,-23.19326603,-6.098752034,-0.0002647533868,29.29195671,0.0002479831873
3,207,23.53134877,-21.77307156,21.2170933,-0.0001539515243,0.5559868377,0.0001502124635,23.85476802,-23.1932601,-6.098748649,-0.000264723203,29.29195148,0.0002472486895
3,208,23.9966572,-21.77307075,21.21709235,-0.0001540948326,0.555986328,0.0001505608526,24.32036824,-23.19325437,-6.098745369,-0.0002646939511,29.29194641,0.0002465368714
3,209,24.44673402,-21.77306998,21.21709144,-0.0001542334498,0.555985835,0.0001508978373,24.77072731,-23.19324881,-6.098742196,-0.0002646656568,29.29194151,0.0002458483542
3,210,24.88117308,-21.77306923,21.21709056,-0.0001543672508,0.5559853591,0.0001512231136,25.2054388,-23.19324346,-6.098739133,-0.0002646383455,29.29193678,0.0002451837593
3,211,25.29956818,-21.7730685,21.21708971,-0.0001544961105,0.5559849008,0.0001515363774,25.62409627,-23.1932383,-6.098736184,-0.0002646120429,29.29193222,0.0002445437081
3,212,25.70151315,-21.77306781,21.21708889,-0.0001546199037,0.5559844605,0.0001518373245,26.02629331,-23.19323334,-6.09873335,-0.0002645867744,29.29192784,0.0002439288219
3,213,26.08660182,-21.77306714,21.21708811,-0.0001547385055,0.5559840387,0.0001521256509,26.41162347,-23.19322859,-6.098730636,-0.0002645625656,29.29192365,0.000243339722
3,214,26.45442801,-21.77306651,21.21708736,-0.0001548517906,0.5559836358,0.0001524010524,26.77968032,-23.19322405,-6.098728043,-0.0002645394421,29.29191964,0.00024277703
3,215,26.80458555,-21.7730659,21.21708665,-0.0001549596341,0.5559832522,0.0001526632248,27.13005744,-23.19321973,-6.098725574,-0.0002645174292,29.29191583,0.000242241367
3,216,27.13666826,-21.77306533,21.21708598,-0.0001550619108,0.5559828884,0.0001529118642,27.4623484,-23.19321564,-6.098723233,-0.0002644965527,29.29191221,0.0002417333545
3,217,27.45026996,-21.77306479,21.21708534,-0.0001551584956,0.5559825449,0.0001531466663,27.77614676,-23.19321177,-6.098721022,-0.0002644768379,29.2919088,0.0002412536138
3,218,27.74498447,-21.77306428,21.21708474,-0.0001552492635,0.5559822221,0.0001533673271,28.07104609,-23.19320813,-6.098718945,-0.0002644583106,29.29190559,0.0002408027663
3,219,28.02040563,-21.7730638,21.21708418,-0.0001553340892,0.5559819204,0.0001535735424,28.34663997,-23.19320474,-6.098717003,-0.0002644409961,29.29190259,0.0002403814333
3,220,28.27612726,-21.77306336,21.21708366,-0.0001554128478,0.5559816403,0.0001537650081,28.60252195,-23.19320158,-6.098715201,-0.00026442492,29.2918998,0.0002399902363
3,221,28.51174317,-21.77306296,21.21708319,-0.0001554854141,0.5559813822,0.0001539414201,28.83828562,-23.19319868,-6.09871354,-0.0002644101079,29.29189723,0.0002396297964
3,222,28.72684719,-21.77306258,21.21708275,-0.000155551663,0.5559811466,0.0001541024744,29.05352454,-23.19319602,-6.098712023,-0.0002643965853,29.29189489,0.0002393007352
3,223,28.92103316,-21.77306225,21.21708236,-0.0001556114695,0.5559809338,0.0001542478667,29.24783228,-23.19319363,-6.098710654,-0.0002643843777,29.29189278,0.000239003674
3,224,29.09389488,-21.77306195,21.217082,-0.0001556647084,0.5559807445,0.0001543772929,29.4208024,-23.1931915,-6.098709436,-0.0002643735106,29.29189089,0.0002387392341
3,225,29.24502619,-21.77306169,21.2170817,-0.0001557112547,0.5559805789,0.0001544904491,29.57202849,-23.19318963,-6.09870837,-0.0002643640097,29.29188925,0.0002385080369
3,226,29.37402091,-21.77306147,21.21708144,-0.0001557509832,0.5559804376,0.0001545870309,29.7011041,-23.19318804,-6.098707461,-0.0002643559003,29.29188784,0.0002383107037
3,227,29.48047286,-21.77306128,21.21708122,-0.0001557837689,0.555980321,0.0001546667344,29.80762281,-23.19318673,-6.09870671,-0.0002643492082,29.29188668,0.000238147856
3,228,29.56397588,-21.77306114,21.21708105,-0.0001558094866,0.5559802296,0.0001547292554,29.89117818,-23.1931857,-6.098706122,-0.0002643439587,29.29188577,0.000238020115
3,229,29.62412377,-21.77306103,21.21708093,-0.0001558280113,0.5559801637,0.0001547742897,29.95136379,-23.19318496,-6.098705698,-0.0002643401775,29.29188512,0.0002379281021
3,230,29.66051036,-21.77306097,21.21708085,-0.0001558392178,0.5559801238,0.0001548015333,29.98777321,-23.19318451,-6.098705441,-0.00026433789,29.29188472,0.0002378724387
3,231,29.67272949,-21.77306095,21.21708083,-0.0001558429812,0.5559801104,0.0001548106821,30,-23.19318436,-6.098705355,-0.0002643371219,29.29188459,0.0002378537462
