[0.095s] DEBUG:colcon:Command line arguments: ['/usr/bin/colcon', 'build', '--mixin', 'release', '--parallel-workers', '2', '--packages-select', 'hiwin_robot_client_library']
[0.095s] DEBUG:colcon:Parsed command line arguments: Namespace(log_base=None, log_level=None, verb_name='build', build_base='build', install_base='install', merge_install=False, symlink_install=False, test_result_base=None, continue_on_error=False, executor='parallel', parallel_workers=2, event_handlers=None, ignore_user_meta=False, metas=['./colcon.meta'], base_paths=['.'], packages_ignore=None, packages_ignore_regex=None, paths=None, packages_up_to=None, packages_up_to_regex=None, packages_above=None, packages_above_and_dependencies=None, packages_above_depth=None, packages_select_by_dep=None, packages_skip_by_dep=None, packages_skip_up_to=None, packages_select_build_failed=False, packages_skip_build_finished=False, packages_select_test_failures=False, packages_skip_test_passed=False, packages_select=['hiwin_robot_client_library'], packages_skip=None, packages_select_regex=None, packages_skip_regex=None, packages_start=None, packages_end=None, allow_overriding=[], cmake_args=['-DCMAKE_BUILD_TYPE=Release'], cmake_target=None, cmake_target_skip_unavailable=False, cmake_clean_cache=False, cmake_clean_first=False, cmake_force_configure=False, ament_cmake_args=None, catkin_cmake_args=None, catkin_skip_building_tests=False, mixin_files=None, mixin=['release'], verb_parser=<colcon_mixin.mixin.mixin_argument.MixinArgumentDecorator object at 0x72d75d54fb80>, verb_extension=<colcon_core.verb.build.BuildVerb object at 0x72d75d69ca90>, main=<bound method BuildVerb.main of <colcon_core.verb.build.BuildVerb object at 0x72d75d69ca90>>, mixin_verb=('build',))
[0.225s] Level 1:colcon.colcon_core.package_discovery:discover_packages(colcon_meta) check parameters
[0.225s] Level 1:colcon.colcon_core.package_discovery:discover_packages(recursive) check parameters
[0.225s] Level 1:colcon.colcon_core.package_discovery:discover_packages(ignore) check parameters
[0.225s] Level 1:colcon.colcon_core.package_discovery:discover_packages(path) check parameters
[0.225s] Level 1:colcon.colcon_core.package_discovery:discover_packages(colcon_meta) discover
[0.225s] Level 1:colcon.colcon_core.package_discovery:discover_packages(recursive) discover
[0.225s] INFO:colcon.colcon_core.package_discovery:Crawling recursively for packages in '/home/dualarm/hiwin_ws'
[0.225s] Level 1:colcon.colcon_core.package_identification:_identify(.) by extensions ['ignore', 'ignore_ament_install']
[0.225s] Level 1:colcon.colcon_core.package_identification:_identify(.) by extension 'ignore'
[0.225s] Level 1:colcon.colcon_core.package_identification:_identify(.) by extension 'ignore_ament_install'
[0.225s] Level 1:colcon.colcon_core.package_identification:_identify(.) by extensions ['colcon_pkg']
[0.225s] Level 1:colcon.colcon_core.package_identification:_identify(.) by extension 'colcon_pkg'
[0.225s] Level 1:colcon.colcon_core.package_identification:_identify(.) by extensions ['colcon_meta']
[0.225s] Level 1:colcon.colcon_core.package_identification:_identify(.) by extension 'colcon_meta'
[0.225s] Level 1:colcon.colcon_core.package_identification:_identify(.) by extensions ['ros']
[0.225s] Level 1:colcon.colcon_core.package_identification:_identify(.) by extension 'ros'
[0.233s] Level 1:colcon.colcon_core.package_identification:_identify(.) by extensions ['cmake', 'python']
[0.233s] Level 1:colcon.colcon_core.package_identification:_identify(.) by extension 'cmake'
[0.233s] Level 1:colcon.colcon_core.package_identification:_identify(.) by extension 'python'
[0.233s] Level 1:colcon.colcon_core.package_identification:_identify(.) by extensions ['python_setup_py']
[0.233s] Level 1:colcon.colcon_core.package_identification:_identify(.) by extension 'python_setup_py'
[0.233s] Level 1:colcon.colcon_core.package_identification:_identify(alm_data) by extensions ['ignore', 'ignore_ament_install']
[0.233s] Level 1:colcon.colcon_core.package_identification:_identify(alm_data) by extension 'ignore'
[0.233s] Level 1:colcon.colcon_core.package_identification:_identify(alm_data) by extension 'ignore_ament_install'
[0.233s] Level 1:colcon.colcon_core.package_identification:_identify(alm_data) by extensions ['colcon_pkg']
[0.233s] Level 1:colcon.colcon_core.package_identification:_identify(alm_data) by extension 'colcon_pkg'
[0.233s] Level 1:colcon.colcon_core.package_identification:_identify(alm_data) by extensions ['colcon_meta']
[0.233s] Level 1:colcon.colcon_core.package_identification:_identify(alm_data) by extension 'colcon_meta'
[0.233s] Level 1:colcon.colcon_core.package_identification:_identify(alm_data) by extensions ['ros']
[0.233s] Level 1:colcon.colcon_core.package_identification:_identify(alm_data) by extension 'ros'
[0.233s] Level 1:colcon.colcon_core.package_identification:_identify(alm_data) by extensions ['cmake', 'python']
[0.233s] Level 1:colcon.colcon_core.package_identification:_identify(alm_data) by extension 'cmake'
[0.233s] Level 1:colcon.colcon_core.package_identification:_identify(alm_data) by extension 'python'
[0.234s] Level 1:colcon.colcon_core.package_identification:_identify(alm_data) by extensions ['python_setup_py']
[0.234s] Level 1:colcon.colcon_core.package_identification:_identify(alm_data) by extension 'python_setup_py'
[0.234s] Level 1:colcon.colcon_core.package_identification:_identify(alm_data/1784326007_CG) by extensions ['ignore', 'ignore_ament_install']
[0.234s] Level 1:colcon.colcon_core.package_identification:_identify(alm_data/1784326007_CG) by extension 'ignore'
[0.234s] Level 1:colcon.colcon_core.package_identification:_identify(alm_data/1784326007_CG) by extension 'ignore_ament_install'
[0.234s] Level 1:colcon.colcon_core.package_identification:_identify(alm_data/1784326007_CG) by extensions ['colcon_pkg']
[0.234s] Level 1:colcon.colcon_core.package_identification:_identify(alm_data/1784326007_CG) by extension 'colcon_pkg'
[0.234s] Level 1:colcon.colcon_core.package_identification:_identify(alm_data/1784326007_CG) by extensions ['colcon_meta']
[0.234s] Level 1:colcon.colcon_core.package_identification:_identify(alm_data/1784326007_CG) by extension 'colcon_meta'
[0.234s] Level 1:colcon.colcon_core.package_identification:_identify(alm_data/1784326007_CG) by extensions ['ros']
[0.234s] Level 1:colcon.colcon_core.package_identification:_identify(alm_data/1784326007_CG) by extension 'ros'
[0.234s] Level 1:colcon.colcon_core.package_identification:_identify(alm_data/1784326007_CG) by extensions ['cmake', 'python']
[0.234s] Level 1:colcon.colcon_core.package_identification:_identify(alm_data/1784326007_CG) by extension 'cmake'
[0.234s] Level 1:colcon.colcon_core.package_identification:_identify(alm_data/1784326007_CG) by extension 'python'
[0.234s] Level 1:colcon.colcon_core.package_identification:_identify(alm_data/1784326007_CG) by extensions ['python_setup_py']
[0.234s] Level 1:colcon.colcon_core.package_identification:_identify(alm_data/1784326007_CG) by extension 'python_setup_py'
[0.234s] Level 1:colcon.colcon_core.package_identification:_identify(alm_data/1784326035_CG) by extensions ['ignore', 'ignore_ament_install']
[0.234s] Level 1:colcon.colcon_core.package_identification:_identify(alm_data/1784326035_CG) by extension 'ignore'
[0.234s] Level 1:colcon.colcon_core.package_identification:_identify(alm_data/1784326035_CG) by extension 'ignore_ament_install'
[0.234s] Level 1:colcon.colcon_core.package_identification:_identify(alm_data/1784326035_CG) by extensions ['colcon_pkg']
[0.234s] Level 1:colcon.colcon_core.package_identification:_identify(alm_data/1784326035_CG) by extension 'colcon_pkg'
[0.234s] Level 1:colcon.colcon_core.package_identification:_identify(alm_data/1784326035_CG) by extensions ['colcon_meta']
[0.234s] Level 1:colcon.colcon_core.package_identification:_identify(alm_data/1784326035_CG) by extension 'colcon_meta'
[0.234s] Level 1:colcon.colcon_core.package_identification:_identify(alm_data/1784326035_CG) by extensions ['ros']
[0.234s] Level 1:colcon.colcon_core.package_identification:_identify(alm_data/1784326035_CG) by extension 'ros'
[0.234s] Level 1:colcon.colcon_core.package_identification:_identify(alm_data/1784326035_CG) by extensions ['cmake', 'python']
[0.234s] Level 1:colcon.colcon_core.package_identification:_identify(alm_data/1784326035_CG) by extension 'cmake'
[0.235s] Level 1:colcon.colcon_core.package_identification:_identify(alm_data/1784326035_CG) by extension 'python'
[0.235s] Level 1:colcon.colcon_core.package_identification:_identify(alm_data/1784326035_CG) by extensions ['python_setup_py']
[0.235s] Level 1:colcon.colcon_core.package_identification:_identify(alm_data/1784326035_CG) by extension 'python_setup_py'
[0.235s] Level 1:colcon.colcon_core.package_identification:_identify(build) by extensions ['ignore', 'ignore_ament_install']
[0.235s] Level 1:colcon.colcon_core.package_identification:_identify(build) by extension 'ignore'
[0.235s] Level 1:colcon.colcon_core.package_identification:_identify(build) ignored
[0.235s] Level 1:colcon.colcon_core.package_identification:_identify(data) by extensions ['ignore', 'ignore_ament_install']
[0.235s] Level 1:colcon.colcon_core.package_identification:_identify(data) by extension 'ignore'
[0.235s] Level 1:colcon.colcon_core.package_identification:_identify(data) by extension 'ignore_ament_install'
[0.235s] Level 1:colcon.colcon_core.package_identification:_identify(data) by extensions ['colcon_pkg']
[0.235s] Level 1:colcon.colcon_core.package_identification:_identify(data) by extension 'colcon_pkg'
[0.235s] Level 1:colcon.colcon_core.package_identification:_identify(data) by extensions ['colcon_meta']
[0.235s] Level 1:colcon.colcon_core.package_identification:_identify(data) by extension 'colcon_meta'
[0.235s] Level 1:colcon.colcon_core.package_identification:_identify(data) by extensions ['ros']
[0.235s] Level 1:colcon.colcon_core.package_identification:_identify(data) by extension 'ros'
[0.235s] Level 1:colcon.colcon_core.package_identification:_identify(data) by extensions ['cmake', 'python']
[0.235s] Level 1:colcon.colcon_core.package_identification:_identify(data) by extension 'cmake'
[0.235s] Level 1:colcon.colcon_core.package_identification:_identify(data) by extension 'python'
[0.235s] Level 1:colcon.colcon_core.package_identification:_identify(data) by extensions ['python_setup_py']
[0.235s] Level 1:colcon.colcon_core.package_identification:_identify(data) by extension 'python_setup_py'
[0.235s] Level 1:colcon.colcon_core.package_identification:_identify(data/1781534542_CG) by extensions ['ignore', 'ignore_ament_install']
[0.235s] Level 1:colcon.colcon_core.package_identification:_identify(data/1781534542_CG) by extension 'ignore'
[0.235s] Level 1:colcon.colcon_core.package_identification:_identify(data/1781534542_CG) by extension 'ignore_ament_install'
[0.236s] Level 1:colcon.colcon_core.package_identification:_identify(data/1781534542_CG) by extensions ['colcon_pkg']
[0.236s] Level 1:colcon.colcon_core.package_identification:_identify(data/1781534542_CG) by extension 'colcon_pkg'
[0.236s] Level 1:colcon.colcon_core.package_identification:_identify(data/1781534542_CG) by extensions ['colcon_meta']
[0.236s] Level 1:colcon.colcon_core.package_identification:_identify(data/1781534542_CG) by extension 'colcon_meta'
[0.236s] Level 1:colcon.colcon_core.package_identification:_identify(data/1781534542_CG) by extensions ['ros']
[0.236s] Level 1:colcon.colcon_core.package_identification:_identify(data/1781534542_CG) by extension 'ros'
[0.236s] Level 1:colcon.colcon_core.package_identification:_identify(data/1781534542_CG) by extensions ['cmake', 'python']
[0.236s] Level 1:colcon.colcon_core.package_identification:_identify(data/1781534542_CG) by extension 'cmake'
[0.236s] Level 1:colcon.colcon_core.package_identification:_identify(data/1781534542_CG) by extension 'python'
[0.236s] Level 1:colcon.colcon_core.package_identification:_identify(data/1781534542_CG) by extensions ['python_setup_py']
[0.236s] Level 1:colcon.colcon_core.package_identification:_identify(data/1781534542_CG) by extension 'python_setup_py'
[0.236s] Level 1:colcon.colcon_core.package_identification:_identify(data/1781534590_CG) by extensions ['ignore', 'ignore_ament_install']
[0.236s] Level 1:colcon.colcon_core.package_identification:_identify(data/1781534590_CG) by extension 'ignore'
[0.236s] Level 1:colcon.colcon_core.package_identification:_identify(data/1781534590_CG) by extension 'ignore_ament_install'
[0.236s] Level 1:colcon.colcon_core.package_identification:_identify(data/1781534590_CG) by extensions ['colcon_pkg']
[0.236s] Level 1:colcon.colcon_core.package_identification:_identify(data/1781534590_CG) by extension 'colcon_pkg'
[0.236s] Level 1:colcon.colcon_core.package_identification:_identify(data/1781534590_CG) by extensions ['colcon_meta']
[0.236s] Level 1:colcon.colcon_core.package_identification:_identify(data/1781534590_CG) by extension 'colcon_meta'
[0.236s] Level 1:colcon.colcon_core.package_identification:_identify(data/1781534590_CG) by extensions ['ros']
[0.236s] Level 1:colcon.colcon_core.package_identification:_identify(data/1781534590_CG) by extension 'ros'
[0.236s] Level 1:colcon.colcon_core.package_identification:_identify(data/1781534590_CG) by extensions ['cmake', 'python']
[0.236s] Level 1:colcon.colcon_core.package_identification:_identify(data/1781534590_CG) by extension 'cmake'
[0.236s] Level 1:colcon.colcon_core.package_identification:_identify(data/1781534590_CG) by extension 'python'
[0.236s] Level 1:colcon.colcon_core.package_identification:_identify(data/1781534590_CG) by extensions ['python_setup_py']
[0.236s] Level 1:colcon.colcon_core.package_identification:_identify(data/1781534590_CG) by extension 'python_setup_py'
[0.236s] Level 1:colcon.colcon_core.package_identification:_identify(data/1781534638_GD) by extensions ['ignore', 'ignore_ament_install']
[0.236s] Level 1:colcon.colcon_core.package_identification:_identify(data/1781534638_GD) by extension 'ignore'
[0.236s] Level 1:colcon.colcon_core.package_identification:_identify(data/1781534638_GD) by extension 'ignore_ament_install'
[0.237s] Level 1:colcon.colcon_core.package_identification:_identify(data/1781534638_GD) by extensions ['colcon_pkg']
[0.237s] Level 1:colcon.colcon_core.package_identification:_identify(data/1781534638_GD) by extension 'colcon_pkg'
[0.237s] Level 1:colcon.colcon_core.package_identification:_identify(data/1781534638_GD) by extensions ['colcon_meta']
[0.237s] Level 1:colcon.colcon_core.package_identification:_identify(data/1781534638_GD) by extension 'colcon_meta'
[0.237s] Level 1:colcon.colcon_core.package_identification:_identify(data/1781534638_GD) by extensions ['ros']
[0.237s] Level 1:colcon.colcon_core.package_identification:_identify(data/1781534638_GD) by extension 'ros'
[0.237s] Level 1:colcon.colcon_core.package_identification:_identify(data/1781534638_GD) by extensions ['cmake', 'python']
[0.237s] Level 1:colcon.colcon_core.package_identification:_identify(data/1781534638_GD) by extension 'cmake'
[0.237s] Level 1:colcon.colcon_core.package_identification:_identify(data/1781534638_GD) by extension 'python'
[0.237s] Level 1:colcon.colcon_core.package_identification:_identify(data/1781534638_GD) by extensions ['python_setup_py']
[0.237s] Level 1:colcon.colcon_core.package_identification:_identify(data/1781534638_GD) by extension 'python_setup_py'
[0.237s] Level 1:colcon.colcon_core.package_identification:_identify(data/1781534698_GD) by extensions ['ignore', 'ignore_ament_install']
[0.237s] Level 1:colcon.colcon_core.package_identification:_identify(data/1781534698_GD) by extension 'ignore'
[0.237s] Level 1:colcon.colcon_core.package_identification:_identify(data/1781534698_GD) by extension 'ignore_ament_install'
[0.237s] Level 1:colcon.colcon_core.package_identification:_identify(data/1781534698_GD) by extensions ['colcon_pkg']
[0.237s] Level 1:colcon.colcon_core.package_identification:_identify(data/1781534698_GD) by extension 'colcon_pkg'
[0.237s] Level 1:colcon.colcon_core.package_identification:_identify(data/1781534698_GD) by extensions ['colcon_meta']
[0.237s] Level 1:colcon.colcon_core.package_identification:_identify(data/1781534698_GD) by extension 'colcon_meta'
[0.237s] Level 1:colcon.colcon_core.package_identification:_identify(data/1781534698_GD) by extensions ['ros']
[0.237s] Level 1:colcon.colcon_core.package_identification:_identify(data/1781534698_GD) by extension 'ros'
[0.237s] Level 1:colcon.colcon_core.package_identification:_identify(data/1781534698_GD) by extensions ['cmake', 'python']
[0.237s] Level 1:colcon.colcon_core.package_identification:_identify(data/1781534698_GD) by extension 'cmake'
[0.237s] Level 1:colcon.colcon_core.package_identification:_identify(data/1781534698_GD) by extension 'python'
[0.237s] Level 1:colcon.colcon_core.package_identification:_identify(data/1781534698_GD) by extensions ['python_setup_py']
[0.237s] Level 1:colcon.colcon_core.package_identification:_identify(data/1781534698_GD) by extension 'python_setup_py'
[0.237s] Level 1:colcon.colcon_core.package_identification:_identify(data/1781534757_Newton) by extensions ['ignore', 'ignore_ament_install']
[0.237s] Level 1:colcon.colcon_core.package_identification:_identify(data/1781534757_Newton) by extension 'ignore'
[0.237s] Level 1:colcon.colcon_core.package_identification:_identify(data/1781534757_Newton) by extension 'ignore_ament_install'
[0.238s] Level 1:colcon.colcon_core.package_identification:_identify(data/1781534757_Newton) by extensions ['colcon_pkg']
[0.238s] Level 1:colcon.colcon_core.package_identification:_identify(data/1781534757_Newton) by extension 'colcon_pkg'
[0.238s] Level 1:colcon.colcon_core.package_identification:_identify(data/1781534757_Newton) by extensions ['colcon_meta']
[0.238s] Level 1:colcon.colcon_core.package_identification:_identify(data/1781534757_Newton) by extension 'colcon_meta'
[0.238s] Level 1:colcon.colcon_core.package_identification:_identify(data/1781534757_Newton) by extensions ['ros']
[0.238s] Level 1:colcon.colcon_core.package_identification:_identify(data/1781534757_Newton) by extension 'ros'
[0.238s] Level 1:colcon.colcon_core.package_identification:_identify(data/1781534757_Newton) by extensions ['cmake', 'python']
[0.238s] Level 1:colcon.colcon_core.package_identification:_identify(data/1781534757_Newton) by extension 'cmake'
[0.238s] Level 1:colcon.colcon_core.package_identification:_identify(data/1781534757_Newton) by extension 'python'
[0.238s] Level 1:colcon.colcon_core.package_identification:_identify(data/1781534757_Newton) by extensions ['python_setup_py']
[0.238s] Level 1:colcon.colcon_core.package_identification:_identify(data/1781534757_Newton) by extension 'python_setup_py'
[0.238s] Level 1:colcon.colcon_core.package_identification:_identify(data/1781534820_Newton) by extensions ['ignore', 'ignore_ament_install']
[0.238s] Level 1:colcon.colcon_core.package_identification:_identify(data/1781534820_Newton) by extension 'ignore'
[0.238s] Level 1:colcon.colcon_core.package_identification:_identify(data/1781534820_Newton) by extension 'ignore_ament_install'
[0.238s] Level 1:colcon.colcon_core.package_identification:_identify(data/1781534820_Newton) by extensions ['colcon_pkg']
[0.238s] Level 1:colcon.colcon_core.package_identification:_identify(data/1781534820_Newton) by extension 'colcon_pkg'
[0.238s] Level 1:colcon.colcon_core.package_identification:_identify(data/1781534820_Newton) by extensions ['colcon_meta']
[0.238s] Level 1:colcon.colcon_core.package_identification:_identify(data/1781534820_Newton) by extension 'colcon_meta'
[0.238s] Level 1:colcon.colcon_core.package_identification:_identify(data/1781534820_Newton) by extensions ['ros']
[0.238s] Level 1:colcon.colcon_core.package_identification:_identify(data/1781534820_Newton) by extension 'ros'
[0.238s] Level 1:colcon.colcon_core.package_identification:_identify(data/1781534820_Newton) by extensions ['cmake', 'python']
[0.238s] Level 1:colcon.colcon_core.package_identification:_identify(data/1781534820_Newton) by extension 'cmake'
[0.238s] Level 1:colcon.colcon_core.package_identification:_identify(data/1781534820_Newton) by extension 'python'
[0.238s] Level 1:colcon.colcon_core.package_identification:_identify(data/1781534820_Newton) by extensions ['python_setup_py']
[0.238s] Level 1:colcon.colcon_core.package_identification:_identify(data/1781534820_Newton) by extension 'python_setup_py'
[0.238s] Level 1:colcon.colcon_core.package_identification:_identify(data/1781534983_CG) by extensions ['ignore', 'ignore_ament_install']
[0.238s] Level 1:colcon.colcon_core.package_identification:_identify(data/1781534983_CG) by extension 'ignore'
[0.238s] Level 1:colcon.colcon_core.package_identification:_identify(data/1781534983_CG) by extension 'ignore_ament_install'
[0.239s] Level 1:colcon.colcon_core.package_identification:_identify(data/1781534983_CG) by extensions ['colcon_pkg']
[0.239s] Level 1:colcon.colcon_core.package_identification:_identify(data/1781534983_CG) by extension 'colcon_pkg'
[0.239s] Level 1:colcon.colcon_core.package_identification:_identify(data/1781534983_CG) by extensions ['colcon_meta']
[0.239s] Level 1:colcon.colcon_core.package_identification:_identify(data/1781534983_CG) by extension 'colcon_meta'
[0.239s] Level 1:colcon.colcon_core.package_identification:_identify(data/1781534983_CG) by extensions ['ros']
[0.239s] Level 1:colcon.colcon_core.package_identification:_identify(data/1781534983_CG) by extension 'ros'
[0.239s] Level 1:colcon.colcon_core.package_identification:_identify(data/1781534983_CG) by extensions ['cmake', 'python']
[0.239s] Level 1:colcon.colcon_core.package_identification:_identify(data/1781534983_CG) by extension 'cmake'
[0.239s] Level 1:colcon.colcon_core.package_identification:_identify(data/1781534983_CG) by extension 'python'
[0.239s] Level 1:colcon.colcon_core.package_identification:_identify(data/1781534983_CG) by extensions ['python_setup_py']
[0.239s] Level 1:colcon.colcon_core.package_identification:_identify(data/1781534983_CG) by extension 'python_setup_py'
[0.239s] Level 1:colcon.colcon_core.package_identification:_identify(data/1781535027_CG) by extensions ['ignore', 'ignore_ament_install']
[0.239s] Level 1:colcon.colcon_core.package_identification:_identify(data/1781535027_CG) by extension 'ignore'
[0.239s] Level 1:colcon.colcon_core.package_identification:_identify(data/1781535027_CG) by extension 'ignore_ament_install'
[0.239s] Level 1:colcon.colcon_core.package_identification:_identify(data/1781535027_CG) by extensions ['colcon_pkg']
[0.239s] Level 1:colcon.colcon_core.package_identification:_identify(data/1781535027_CG) by extension 'colcon_pkg'
[0.239s] Level 1:colcon.colcon_core.package_identification:_identify(data/1781535027_CG) by extensions ['colcon_meta']
[0.239s] Level 1:colcon.colcon_core.package_identification:_identify(data/1781535027_CG) by extension 'colcon_meta'
[0.239s] Level 1:colcon.colcon_core.package_identification:_identify(data/1781535027_CG) by extensions ['ros']
[0.239s] Level 1:colcon.colcon_core.package_identification:_identify(data/1781535027_CG) by extension 'ros'
[0.239s] Level 1:colcon.colcon_core.package_identification:_identify(data/1781535027_CG) by extensions ['cmake', 'python']
[0.239s] Level 1:colcon.colcon_core.package_identification:_identify(data/1781535027_CG) by extension 'cmake'
[0.239s] Level 1:colcon.colcon_core.package_identification:_identify(data/1781535027_CG) by extension 'python'
[0.239s] Level 1:colcon.colcon_core.package_identification:_identify(data/1781535027_CG) by extensions ['python_setup_py']
[0.239s] Level 1:colcon.colcon_core.package_identification:_identify(data/1781535027_CG) by extension 'python_setup_py'
[0.239s] Level 1:colcon.colcon_core.package_identification:_identify(data/1781535079_GD) by extensions ['ignore', 'ignore_ament_install']
[0.239s] Level 1:colcon.colcon_core.package_identification:_identify(data/1781535079_GD) by extension 'ignore'
[0.239s] Level 1:colcon.colcon_core.package_identification:_identify(data/1781535079_GD) by extension 'ignore_ament_install'
[0.240s] Level 1:colcon.colcon_core.package_identification:_identify(data/1781535079_GD) by extensions ['colcon_pkg']
[0.240s] Level 1:colcon.colcon_core.package_identification:_identify(data/1781535079_GD) by extension 'colcon_pkg'
[0.240s] Level 1:colcon.colcon_core.package_identification:_identify(data/1781535079_GD) by extensions ['colcon_meta']
[0.240s] Level 1:colcon.colcon_core.package_identification:_identify(data/1781535079_GD) by extension 'colcon_meta'
[0.240s] Level 1:colcon.colcon_core.package_identification:_identify(data/1781535079_GD) by extensions ['ros']
[0.240s] Level 1:colcon.colcon_core.package_identification:_identify(data/1781535079_GD) by extension 'ros'
[0.240s] Level 1:colcon.colcon_core.package_identification:_identify(data/1781535079_GD) by extensions ['cmake', 'python']
[0.240s] Level 1:colcon.colcon_core.package_identification:_identify(data/1781535079_GD) by extension 'cmake'
[0.240s] Level 1:colcon.colcon_core.package_identification:_identify(data/1781535079_GD) by extension 'python'
[0.240s] Level 1:colcon.colcon_core.package_identification:_identify(data/1781535079_GD) by extensions ['python_setup_py']
[0.240s] Level 1:colcon.colcon_core.package_identification:_identify(data/1781535079_GD) by extension 'python_setup_py'
[0.240s] Level 1:colcon.colcon_core.package_identification:_identify(data/1781535113_GD) by extensions ['ignore', 'ignore_ament_install']
[0.240s] Level 1:colcon.colcon_core.package_identification:_identify(data/1781535113_GD) by extension 'ignore'
[0.240s] Level 1:colcon.colcon_core.package_identification:_identify(data/1781535113_GD) by extension 'ignore_ament_install'
[0.240s] Level 1:colcon.colcon_core.package_identification:_identify(data/1781535113_GD) by extensions ['colcon_pkg']
[0.240s] Level 1:colcon.colcon_core.package_identification:_identify(data/1781535113_GD) by extension 'colcon_pkg'
[0.240s] Level 1:colcon.colcon_core.package_identification:_identify(data/1781535113_GD) by extensions ['colcon_meta']
[0.240s] Level 1:colcon.colcon_core.package_identification:_identify(data/1781535113_GD) by extension 'colcon_meta'
[0.240s] Level 1:colcon.colcon_core.package_identification:_identify(data/1781535113_GD) by extensions ['ros']
[0.240s] Level 1:colcon.colcon_core.package_identification:_identify(data/1781535113_GD) by extension 'ros'
[0.240s] Level 1:colcon.colcon_core.package_identification:_identify(data/1781535113_GD) by extensions ['cmake', 'python']
[0.240s] Level 1:colcon.colcon_core.package_identification:_identify(data/1781535113_GD) by extension 'cmake'
[0.240s] Level 1:colcon.colcon_core.package_identification:_identify(data/1781535113_GD) by extension 'python'
[0.240s] Level 1:colcon.colcon_core.package_identification:_identify(data/1781535113_GD) by extensions ['python_setup_py']
[0.240s] Level 1:colcon.colcon_core.package_identification:_identify(data/1781535113_GD) by extension 'python_setup_py'
[0.240s] Level 1:colcon.colcon_core.package_identification:_identify(data/1781535153_Newton) by extensions ['ignore', 'ignore_ament_install']
[0.240s] Level 1:colcon.colcon_core.package_identification:_identify(data/1781535153_Newton) by extension 'ignore'
[0.240s] Level 1:colcon.colcon_core.package_identification:_identify(data/1781535153_Newton) by extension 'ignore_ament_install'
[0.241s] Level 1:colcon.colcon_core.package_identification:_identify(data/1781535153_Newton) by extensions ['colcon_pkg']
[0.241s] Level 1:colcon.colcon_core.package_identification:_identify(data/1781535153_Newton) by extension 'colcon_pkg'
[0.241s] Level 1:colcon.colcon_core.package_identification:_identify(data/1781535153_Newton) by extensions ['colcon_meta']
[0.241s] Level 1:colcon.colcon_core.package_identification:_identify(data/1781535153_Newton) by extension 'colcon_meta'
[0.241s] Level 1:colcon.colcon_core.package_identification:_identify(data/1781535153_Newton) by extensions ['ros']
[0.241s] Level 1:colcon.colcon_core.package_identification:_identify(data/1781535153_Newton) by extension 'ros'
[0.241s] Level 1:colcon.colcon_core.package_identification:_identify(data/1781535153_Newton) by extensions ['cmake', 'python']
[0.241s] Level 1:colcon.colcon_core.package_identification:_identify(data/1781535153_Newton) by extension 'cmake'
[0.241s] Level 1:colcon.colcon_core.package_identification:_identify(data/1781535153_Newton) by extension 'python'
[0.241s] Level 1:colcon.colcon_core.package_identification:_identify(data/1781535153_Newton) by extensions ['python_setup_py']
[0.241s] Level 1:colcon.colcon_core.package_identification:_identify(data/1781535153_Newton) by extension 'python_setup_py'
[0.241s] Level 1:colcon.colcon_core.package_identification:_identify(data/1781535190_Newton) by extensions ['ignore', 'ignore_ament_install']
[0.241s] Level 1:colcon.colcon_core.package_identification:_identify(data/1781535190_Newton) by extension 'ignore'
[0.241s] Level 1:colcon.colcon_core.package_identification:_identify(data/1781535190_Newton) by extension 'ignore_ament_install'
[0.241s] Level 1:colcon.colcon_core.package_identification:_identify(data/1781535190_Newton) by extensions ['colcon_pkg']
[0.241s] Level 1:colcon.colcon_core.package_identification:_identify(data/1781535190_Newton) by extension 'colcon_pkg'
[0.241s] Level 1:colcon.colcon_core.package_identification:_identify(data/1781535190_Newton) by extensions ['colcon_meta']
[0.241s] Level 1:colcon.colcon_core.package_identification:_identify(data/1781535190_Newton) by extension 'colcon_meta'
[0.241s] Level 1:colcon.colcon_core.package_identification:_identify(data/1781535190_Newton) by extensions ['ros']
[0.241s] Level 1:colcon.colcon_core.package_identification:_identify(data/1781535190_Newton) by extension 'ros'
[0.241s] Level 1:colcon.colcon_core.package_identification:_identify(data/1781535190_Newton) by extensions ['cmake', 'python']
[0.241s] Level 1:colcon.colcon_core.package_identification:_identify(data/1781535190_Newton) by extension 'cmake'
[0.241s] Level 1:colcon.colcon_core.package_identification:_identify(data/1781535190_Newton) by extension 'python'
[0.241s] Level 1:colcon.colcon_core.package_identification:_identify(data/1781535190_Newton) by extensions ['python_setup_py']
[0.241s] Level 1:colcon.colcon_core.package_identification:_identify(data/1781535190_Newton) by extension 'python_setup_py'
[0.241s] Level 1:colcon.colcon_core.package_identification:_identify(data/1781535472_CG) by extensions ['ignore', 'ignore_ament_install']
[0.241s] Level 1:colcon.colcon_core.package_identification:_identify(data/1781535472_CG) by extension 'ignore'
[0.242s] Level 1:colcon.colcon_core.package_identification:_identify(data/1781535472_CG) by extension 'ignore_ament_install'
[0.242s] Level 1:colcon.colcon_core.package_identification:_identify(data/1781535472_CG) by extensions ['colcon_pkg']
[0.242s] Level 1:colcon.colcon_core.package_identification:_identify(data/1781535472_CG) by extension 'colcon_pkg'
[0.242s] Level 1:colcon.colcon_core.package_identification:_identify(data/1781535472_CG) by extensions ['colcon_meta']
[0.242s] Level 1:colcon.colcon_core.package_identification:_identify(data/1781535472_CG) by extension 'colcon_meta'
[0.242s] Level 1:colcon.colcon_core.package_identification:_identify(data/1781535472_CG) by extensions ['ros']
[0.242s] Level 1:colcon.colcon_core.package_identification:_identify(data/1781535472_CG) by extension 'ros'
[0.242s] Level 1:colcon.colcon_core.package_identification:_identify(data/1781535472_CG) by extensions ['cmake', 'python']
[0.242s] Level 1:colcon.colcon_core.package_identification:_identify(data/1781535472_CG) by extension 'cmake'
[0.242s] Level 1:colcon.colcon_core.package_identification:_identify(data/1781535472_CG) by extension 'python'
[0.242s] Level 1:colcon.colcon_core.package_identification:_identify(data/1781535472_CG) by extensions ['python_setup_py']
[0.242s] Level 1:colcon.colcon_core.package_identification:_identify(data/1781535472_CG) by extension 'python_setup_py'
[0.242s] Level 1:colcon.colcon_core.package_identification:_identify(data/1781535518_CG) by extensions ['ignore', 'ignore_ament_install']
[0.242s] Level 1:colcon.colcon_core.package_identification:_identify(data/1781535518_CG) by extension 'ignore'
[0.242s] Level 1:colcon.colcon_core.package_identification:_identify(data/1781535518_CG) by extension 'ignore_ament_install'
[0.242s] Level 1:colcon.colcon_core.package_identification:_identify(data/1781535518_CG) by extensions ['colcon_pkg']
[0.242s] Level 1:colcon.colcon_core.package_identification:_identify(data/1781535518_CG) by extension 'colcon_pkg'
[0.242s] Level 1:colcon.colcon_core.package_identification:_identify(data/1781535518_CG) by extensions ['colcon_meta']
[0.242s] Level 1:colcon.colcon_core.package_identification:_identify(data/1781535518_CG) by extension 'colcon_meta'
[0.242s] Level 1:colcon.colcon_core.package_identification:_identify(data/1781535518_CG) by extensions ['ros']
[0.242s] Level 1:colcon.colcon_core.package_identification:_identify(data/1781535518_CG) by extension 'ros'
[0.242s] Level 1:colcon.colcon_core.package_identification:_identify(data/1781535518_CG) by extensions ['cmake', 'python']
[0.242s] Level 1:colcon.colcon_core.package_identification:_identify(data/1781535518_CG) by extension 'cmake'
[0.242s] Level 1:colcon.colcon_core.package_identification:_identify(data/1781535518_CG) by extension 'python'
[0.242s] Level 1:colcon.colcon_core.package_identification:_identify(data/1781535518_CG) by extensions ['python_setup_py']
[0.242s] Level 1:colcon.colcon_core.package_identification:_identify(data/1781535518_CG) by extension 'python_setup_py'
[0.242s] Level 1:colcon.colcon_core.package_identification:_identify(data/1781535577_GD) by extensions ['ignore', 'ignore_ament_install']
[0.243s] Level 1:colcon.colcon_core.package_identification:_identify(data/1781535577_GD) by extension 'ignore'
[0.243s] Level 1:colcon.colcon_core.package_identification:_identify(data/1781535577_GD) by extension 'ignore_ament_install'
[0.243s] Level 1:colcon.colcon_core.package_identification:_identify(data/1781535577_GD) by extensions ['colcon_pkg']
[0.243s] Level 1:colcon.colcon_core.package_identification:_identify(data/1781535577_GD) by extension 'colcon_pkg'
[0.243s] Level 1:colcon.colcon_core.package_identification:_identify(data/1781535577_GD) by extensions ['colcon_meta']
[0.243s] Level 1:colcon.colcon_core.package_identification:_identify(data/1781535577_GD) by extension 'colcon_meta'
[0.243s] Level 1:colcon.colcon_core.package_identification:_identify(data/1781535577_GD) by extensions ['ros']
[0.243s] Level 1:colcon.colcon_core.package_identification:_identify(data/1781535577_GD) by extension 'ros'
[0.243s] Level 1:colcon.colcon_core.package_identification:_identify(data/1781535577_GD) by extensions ['cmake', 'python']
[0.243s] Level 1:colcon.colcon_core.package_identification:_identify(data/1781535577_GD) by extension 'cmake'
[0.243s] Level 1:colcon.colcon_core.package_identification:_identify(data/1781535577_GD) by extension 'python'
[0.243s] Level 1:colcon.colcon_core.package_identification:_identify(data/1781535577_GD) by extensions ['python_setup_py']
[0.243s] Level 1:colcon.colcon_core.package_identification:_identify(data/1781535577_GD) by extension 'python_setup_py'
[0.243s] Level 1:colcon.colcon_core.package_identification:_identify(data/1781535619_GD) by extensions ['ignore', 'ignore_ament_install']
[0.243s] Level 1:colcon.colcon_core.package_identification:_identify(data/1781535619_GD) by extension 'ignore'
[0.243s] Level 1:colcon.colcon_core.package_identification:_identify(data/1781535619_GD) by extension 'ignore_ament_install'
[0.243s] Level 1:colcon.colcon_core.package_identification:_identify(data/1781535619_GD) by extensions ['colcon_pkg']
[0.243s] Level 1:colcon.colcon_core.package_identification:_identify(data/1781535619_GD) by extension 'colcon_pkg'
[0.243s] Level 1:colcon.colcon_core.package_identification:_identify(data/1781535619_GD) by extensions ['colcon_meta']
[0.243s] Level 1:colcon.colcon_core.package_identification:_identify(data/1781535619_GD) by extension 'colcon_meta'
[0.243s] Level 1:colcon.colcon_core.package_identification:_identify(data/1781535619_GD) by extensions ['ros']
[0.243s] Level 1:colcon.colcon_core.package_identification:_identify(data/1781535619_GD) by extension 'ros'
[0.243s] Level 1:colcon.colcon_core.package_identification:_identify(data/1781535619_GD) by extensions ['cmake', 'python']
[0.243s] Level 1:colcon.colcon_core.package_identification:_identify(data/1781535619_GD) by extension 'cmake'
[0.243s] Level 1:colcon.colcon_core.package_identification:_identify(data/1781535619_GD) by extension 'python'
[0.243s] Level 1:colcon.colcon_core.package_identification:_identify(data/1781535619_GD) by extensions ['python_setup_py']
[0.243s] Level 1:colcon.colcon_core.package_identification:_identify(data/1781535619_GD) by extension 'python_setup_py'
[0.243s] Level 1:colcon.colcon_core.package_identification:_identify(data/1781535675_Newton) by extensions ['ignore', 'ignore_ament_install']
[0.244s] Level 1:colcon.colcon_core.package_identification:_identify(data/1781535675_Newton) by extension 'ignore'
[0.244s] Level 1:colcon.colcon_core.package_identification:_identify(data/1781535675_Newton) by extension 'ignore_ament_install'
[0.244s] Level 1:colcon.colcon_core.package_identification:_identify(data/1781535675_Newton) by extensions ['colcon_pkg']
[0.244s] Level 1:colcon.colcon_core.package_identification:_identify(data/1781535675_Newton) by extension 'colcon_pkg'
[0.244s] Level 1:colcon.colcon_core.package_identification:_identify(data/1781535675_Newton) by extensions ['colcon_meta']
[0.244s] Level 1:colcon.colcon_core.package_identification:_identify(data/1781535675_Newton) by extension 'colcon_meta'
[0.244s] Level 1:colcon.colcon_core.package_identification:_identify(data/1781535675_Newton) by extensions ['ros']
[0.244s] Level 1:colcon.colcon_core.package_identification:_identify(data/1781535675_Newton) by extension 'ros'
[0.244s] Level 1:colcon.colcon_core.package_identification:_identify(data/1781535675_Newton) by extensions ['cmake', 'python']
[0.244s] Level 1:colcon.colcon_core.package_identification:_identify(data/1781535675_Newton) by extension 'cmake'
[0.244s] Level 1:colcon.colcon_core.package_identification:_identify(data/1781535675_Newton) by extension 'python'
[0.244s] Level 1:colcon.colcon_core.package_identification:_identify(data/1781535675_Newton) by extensions ['python_setup_py']
[0.244s] Level 1:colcon.colcon_core.package_identification:_identify(data/1781535675_Newton) by extension 'python_setup_py'
[0.244s] Level 1:colcon.colcon_core.package_identification:_identify(data/1781535712_Newton) by extensions ['ignore', 'ignore_ament_install']
[0.244s] Level 1:colcon.colcon_core.package_identification:_identify(data/1781535712_Newton) by extension 'ignore'
[0.244s] Level 1:colcon.colcon_core.package_identification:_identify(data/1781535712_Newton) by extension 'ignore_ament_install'
[0.244s] Level 1:colcon.colcon_core.package_identification:_identify(data/1781535712_Newton) by extensions ['colcon_pkg']
[0.244s] Level 1:colcon.colcon_core.package_identification:_identify(data/1781535712_Newton) by extension 'colcon_pkg'
[0.244s] Level 1:colcon.colcon_core.package_identification:_identify(data/1781535712_Newton) by extensions ['colcon_meta']
[0.244s] Level 1:colcon.colcon_core.package_identification:_identify(data/1781535712_Newton) by extension 'colcon_meta'
[0.244s] Level 1:colcon.colcon_core.package_identification:_identify(data/1781535712_Newton) by extensions ['ros']
[0.244s] Level 1:colcon.colcon_core.package_identification:_identify(data/1781535712_Newton) by extension 'ros'
[0.244s] Level 1:colcon.colcon_core.package_identification:_identify(data/1781535712_Newton) by extensions ['cmake', 'python']
[0.244s] Level 1:colcon.colcon_core.package_identification:_identify(data/1781535712_Newton) by extension 'cmake'
[0.244s] Level 1:colcon.colcon_core.package_identification:_identify(data/1781535712_Newton) by extension 'python'
[0.244s] Level 1:colcon.colcon_core.package_identification:_identify(data/1781535712_Newton) by extensions ['python_setup_py']
[0.244s] Level 1:colcon.colcon_core.package_identification:_identify(data/1781535712_Newton) by extension 'python_setup_py'
[0.244s] Level 1:colcon.colcon_core.package_identification:_identify(data/1781537397_CG) by extensions ['ignore', 'ignore_ament_install']
[0.245s] Level 1:colcon.colcon_core.package_identification:_identify(data/1781537397_CG) by extension 'ignore'
[0.245s] Level 1:colcon.colcon_core.package_identification:_identify(data/1781537397_CG) by extension 'ignore_ament_install'
[0.245s] Level 1:colcon.colcon_core.package_identification:_identify(data/1781537397_CG) by extensions ['colcon_pkg']
[0.245s] Level 1:colcon.colcon_core.package_identification:_identify(data/1781537397_CG) by extension 'colcon_pkg'
[0.245s] Level 1:colcon.colcon_core.package_identification:_identify(data/1781537397_CG) by extensions ['colcon_meta']
[0.245s] Level 1:colcon.colcon_core.package_identification:_identify(data/1781537397_CG) by extension 'colcon_meta'
[0.245s] Level 1:colcon.colcon_core.package_identification:_identify(data/1781537397_CG) by extensions ['ros']
[0.245s] Level 1:colcon.colcon_core.package_identification:_identify(data/1781537397_CG) by extension 'ros'
[0.245s] Level 1:colcon.colcon_core.package_identification:_identify(data/1781537397_CG) by extensions ['cmake', 'python']
[0.245s] Level 1:colcon.colcon_core.package_identification:_identify(data/1781537397_CG) by extension 'cmake'
[0.245s] Level 1:colcon.colcon_core.package_identification:_identify(data/1781537397_CG) by extension 'python'
[0.245s] Level 1:colcon.colcon_core.package_identification:_identify(data/1781537397_CG) by extensions ['python_setup_py']
[0.245s] Level 1:colcon.colcon_core.package_identification:_identify(data/1781537397_CG) by extension 'python_setup_py'
[0.245s] Level 1:colcon.colcon_core.package_identification:_identify(data/1781537444_CG) by extensions ['ignore', 'ignore_ament_install']
[0.245s] Level 1:colcon.colcon_core.package_identification:_identify(data/1781537444_CG) by extension 'ignore'
[0.245s] Level 1:colcon.colcon_core.package_identification:_identify(data/1781537444_CG) by extension 'ignore_ament_install'
[0.245s] Level 1:colcon.colcon_core.package_identification:_identify(data/1781537444_CG) by extensions ['colcon_pkg']
[0.245s] Level 1:colcon.colcon_core.package_identification:_identify(data/1781537444_CG) by extension 'colcon_pkg'
[0.245s] Level 1:colcon.colcon_core.package_identification:_identify(data/1781537444_CG) by extensions ['colcon_meta']
[0.245s] Level 1:colcon.colcon_core.package_identification:_identify(data/1781537444_CG) by extension 'colcon_meta'
[0.245s] Level 1:colcon.colcon_core.package_identification:_identify(data/1781537444_CG) by extensions ['ros']
[0.245s] Level 1:colcon.colcon_core.package_identification:_identify(data/1781537444_CG) by extension 'ros'
[0.245s] Level 1:colcon.colcon_core.package_identification:_identify(data/1781537444_CG) by extensions ['cmake', 'python']
[0.245s] Level 1:colcon.colcon_core.package_identification:_identify(data/1781537444_CG) by extension 'cmake'
[0.245s] Level 1:colcon.colcon_core.package_identification:_identify(data/1781537444_CG) by extension 'python'
[0.245s] Level 1:colcon.colcon_core.package_identification:_identify(data/1781537444_CG) by extensions ['python_setup_py']
[0.245s] Level 1:colcon.colcon_core.package_identification:_identify(data/1781537444_CG) by extension 'python_setup_py'
[0.245s] Level 1:colcon.colcon_core.package_identification:_identify(data/1781537491_GD) by extensions ['ignore', 'ignore_ament_install']
[0.246s] Level 1:colcon.colcon_core.package_identification:_identify(data/1781537491_GD) by extension 'ignore'
[0.246s] Level 1:colcon.colcon_core.package_identification:_identify(data/1781537491_GD) by extension 'ignore_ament_install'
[0.246s] Level 1:colcon.colcon_core.package_identification:_identify(data/1781537491_GD) by extensions ['colcon_pkg']
[0.246s] Level 1:colcon.colcon_core.package_identification:_identify(data/1781537491_GD) by extension 'colcon_pkg'
[0.246s] Level 1:colcon.colcon_core.package_identification:_identify(data/1781537491_GD) by extensions ['colcon_meta']
[0.246s] Level 1:colcon.colcon_core.package_identification:_identify(data/1781537491_GD) by extension 'colcon_meta'
[0.246s] Level 1:colcon.colcon_core.package_identification:_identify(data/1781537491_GD) by extensions ['ros']
[0.246s] Level 1:colcon.colcon_core.package_identification:_identify(data/1781537491_GD) by extension 'ros'
[0.246s] Level 1:colcon.colcon_core.package_identification:_identify(data/1781537491_GD) by extensions ['cmake', 'python']
[0.246s] Level 1:colcon.colcon_core.package_identification:_identify(data/1781537491_GD) by extension 'cmake'
[0.246s] Level 1:colcon.colcon_core.package_identification:_identify(data/1781537491_GD) by extension 'python'
[0.246s] Level 1:colcon.colcon_core.package_identification:_identify(data/1781537491_GD) by extensions ['python_setup_py']
[0.246s] Level 1:colcon.colcon_core.package_identification:_identify(data/1781537491_GD) by extension 'python_setup_py'
[0.246s] Level 1:colcon.colcon_core.package_identification:_identify(data/1781537523_GD) by extensions ['ignore', 'ignore_ament_install']
[0.246s] Level 1:colcon.colcon_core.package_identification:_identify(data/1781537523_GD) by extension 'ignore'
[0.246s] Level 1:colcon.colcon_core.package_identification:_identify(data/1781537523_GD) by extension 'ignore_ament_install'
[0.246s] Level 1:colcon.colcon_core.package_identification:_identify(data/1781537523_GD) by extensions ['colcon_pkg']
[0.246s] Level 1:colcon.colcon_core.package_identification:_identify(data/1781537523_GD) by extension 'colcon_pkg'
[0.246s] Level 1:colcon.colcon_core.package_identification:_identify(data/1781537523_GD) by extensions ['colcon_meta']
[0.246s] Level 1:colcon.colcon_core.package_identification:_identify(data/1781537523_GD) by extension 'colcon_meta'
[0.246s] Level 1:colcon.colcon_core.package_identification:_identify(data/1781537523_GD) by extensions ['ros']
[0.246s] Level 1:colcon.colcon_core.package_identification:_identify(data/1781537523_GD) by extension 'ros'
[0.246s] Level 1:colcon.colcon_core.package_identification:_identify(data/1781537523_GD) by extensions ['cmake', 'python']
[0.246s] Level 1:colcon.colcon_core.package_identification:_identify(data/1781537523_GD) by extension 'cmake'
[0.246s] Level 1:colcon.colcon_core.package_identification:_identify(data/1781537523_GD) by extension 'python'
[0.246s] Level 1:colcon.colcon_core.package_identification:_identify(data/1781537523_GD) by extensions ['python_setup_py']
[0.246s] Level 1:colcon.colcon_core.package_identification:_identify(data/1781537523_GD) by extension 'python_setup_py'
[0.247s] Level 1:colcon.colcon_core.package_identification:_identify(data/1781537678_Newton) by extensions ['ignore', 'ignore_ament_install']
[0.247s] Level 1:colcon.colcon_core.package_identification:_identify(data/1781537678_Newton) by extension 'ignore'
[0.247s] Level 1:colcon.colcon_core.package_identification:_identify(data/1781537678_Newton) by extension 'ignore_ament_install'
[0.247s] Level 1:colcon.colcon_core.package_identification:_identify(data/1781537678_Newton) by extensions ['colcon_pkg']
[0.247s] Level 1:colcon.colcon_core.package_identification:_identify(data/1781537678_Newton) by extension 'colcon_pkg'
[0.247s] Level 1:colcon.colcon_core.package_identification:_identify(data/1781537678_Newton) by extensions ['colcon_meta']
[0.247s] Level 1:colcon.colcon_core.package_identification:_identify(data/1781537678_Newton) by extension 'colcon_meta'
[0.247s] Level 1:colcon.colcon_core.package_identification:_identify(data/1781537678_Newton) by extensions ['ros']
[0.247s] Level 1:colcon.colcon_core.package_identification:_identify(data/1781537678_Newton) by extension 'ros'
[0.247s] Level 1:colcon.colcon_core.package_identification:_identify(data/1781537678_Newton) by extensions ['cmake', 'python']
[0.247s] Level 1:colcon.colcon_core.package_identification:_identify(data/1781537678_Newton) by extension 'cmake'
[0.247s] Level 1:colcon.colcon_core.package_identification:_identify(data/1781537678_Newton) by extension 'python'
[0.247s] Level 1:colcon.colcon_core.package_identification:_identify(data/1781537678_Newton) by extensions ['python_setup_py']
[0.247s] Level 1:colcon.colcon_core.package_identification:_identify(data/1781537678_Newton) by extension 'python_setup_py'
[0.247s] Level 1:colcon.colcon_core.package_identification:_identify(data/1781537718_Newton) by extensions ['ignore', 'ignore_ament_install']
[0.247s] Level 1:colcon.colcon_core.package_identification:_identify(data/1781537718_Newton) by extension 'ignore'
[0.247s] Level 1:colcon.colcon_core.package_identification:_identify(data/1781537718_Newton) by extension 'ignore_ament_install'
[0.247s] Level 1:colcon.colcon_core.package_identification:_identify(data/1781537718_Newton) by extensions ['colcon_pkg']
[0.247s] Level 1:colcon.colcon_core.package_identification:_identify(data/1781537718_Newton) by extension 'colcon_pkg'
[0.247s] Level 1:colcon.colcon_core.package_identification:_identify(data/1781537718_Newton) by extensions ['colcon_meta']
[0.247s] Level 1:colcon.colcon_core.package_identification:_identify(data/1781537718_Newton) by extension 'colcon_meta'
[0.247s] Level 1:colcon.colcon_core.package_identification:_identify(data/1781537718_Newton) by extensions ['ros']
[0.247s] Level 1:colcon.colcon_core.package_identification:_identify(data/1781537718_Newton) by extension 'ros'
[0.247s] Level 1:colcon.colcon_core.package_identification:_identify(data/1781537718_Newton) by extensions ['cmake', 'python']
[0.247s] Level 1:colcon.colcon_core.package_identification:_identify(data/1781537718_Newton) by extension 'cmake'
[0.247s] Level 1:colcon.colcon_core.package_identification:_identify(data/1781537718_Newton) by extension 'python'
[0.247s] Level 1:colcon.colcon_core.package_identification:_identify(data/1781537718_Newton) by extensions ['python_setup_py']
[0.247s] Level 1:colcon.colcon_core.package_identification:_identify(data/1781537718_Newton) by extension 'python_setup_py'
[0.248s] Level 1:colcon.colcon_core.package_identification:_identify(data/1781537897_CG) by extensions ['ignore', 'ignore_ament_install']
[0.248s] Level 1:colcon.colcon_core.package_identification:_identify(data/1781537897_CG) by extension 'ignore'
[0.248s] Level 1:colcon.colcon_core.package_identification:_identify(data/1781537897_CG) by extension 'ignore_ament_install'
[0.248s] Level 1:colcon.colcon_core.package_identification:_identify(data/1781537897_CG) by extensions ['colcon_pkg']
[0.248s] Level 1:colcon.colcon_core.package_identification:_identify(data/1781537897_CG) by extension 'colcon_pkg'
[0.248s] Level 1:colcon.colcon_core.package_identification:_identify(data/1781537897_CG) by extensions ['colcon_meta']
[0.248s] Level 1:colcon.colcon_core.package_identification:_identify(data/1781537897_CG) by extension 'colcon_meta'
[0.248s] Level 1:colcon.colcon_core.package_identification:_identify(data/1781537897_CG) by extensions ['ros']
[0.248s] Level 1:colcon.colcon_core.package_identification:_identify(data/1781537897_CG) by extension 'ros'
[0.248s] Level 1:colcon.colcon_core.package_identification:_identify(data/1781537897_CG) by extensions ['cmake', 'python']
[0.248s] Level 1:colcon.colcon_core.package_identification:_identify(data/1781537897_CG) by extension 'cmake'
[0.248s] Level 1:colcon.colcon_core.package_identification:_identify(data/1781537897_CG) by extension 'python'
[0.248s] Level 1:colcon.colcon_core.package_identification:_identify(data/1781537897_CG) by extensions ['python_setup_py']
[0.248s] Level 1:colcon.colcon_core.package_identification:_identify(data/1781537897_CG) by extension 'python_setup_py'
[0.248s] Level 1:colcon.colcon_core.package_identification:_identify(data/1781537933_CG) by extensions ['ignore', 'ignore_ament_install']
[0.248s] Level 1:colcon.colcon_core.package_identification:_identify(data/1781537933_CG) by extension 'ignore'
[0.248s] Level 1:colcon.colcon_core.package_identification:_identify(data/1781537933_CG) by extension 'ignore_ament_install'
[0.248s] Level 1:colcon.colcon_core.package_identification:_identify(data/1781537933_CG) by extensions ['colcon_pkg']
[0.248s] Level 1:colcon.colcon_core.package_identification:_identify(data/1781537933_CG) by extension 'colcon_pkg'
[0.248s] Level 1:colcon.colcon_core.package_identification:_identify(data/1781537933_CG) by extensions ['colcon_meta']
[0.248s] Level 1:colcon.colcon_core.package_identification:_identify(data/1781537933_CG) by extension 'colcon_meta'
[0.248s] Level 1:colcon.colcon_core.package_identification:_identify(data/1781537933_CG) by extensions ['ros']
[0.248s] Level 1:colcon.colcon_core.package_identification:_identify(data/1781537933_CG) by extension 'ros'
[0.248s] Level 1:colcon.colcon_core.package_identification:_identify(data/1781537933_CG) by extensions ['cmake', 'python']
[0.248s] Level 1:colcon.colcon_core.package_identification:_identify(data/1781537933_CG) by extension 'cmake'
[0.248s] Level 1:colcon.colcon_core.package_identification:_identify(data/1781537933_CG) by extension 'python'
[0.248s] Level 1:colcon.colcon_core.package_identification:_identify(data/1781537933_CG) by extensions ['python_setup_py']
[0.248s] Level 1:colcon.colcon_core.package_identification:_identify(data/1781537933_CG) by extension 'python_setup_py'
[0.249s] Level 1:colcon.colcon_core.package_identification:_identify(data/1781537979_GD) by extensions ['ignore', 'ignore_ament_install']
[0.249s] Level 1:colcon.colcon_core.package_identification:_identify(data/1781537979_GD) by extension 'ignore'
[0.249s] Level 1:colcon.colcon_core.package_identification:_identify(data/1781537979_GD) by extension 'ignore_ament_install'
[0.249s] Level 1:colcon.colcon_core.package_identification:_identify(data/1781537979_GD) by extensions ['colcon_pkg']
[0.249s] Level 1:colcon.colcon_core.package_identification:_identify(data/1781537979_GD) by extension 'colcon_pkg'
[0.249s] Level 1:colcon.colcon_core.package_identification:_identify(data/1781537979_GD) by extensions ['colcon_meta']
[0.249s] Level 1:colcon.colcon_core.package_identification:_identify(data/1781537979_GD) by extension 'colcon_meta'
[0.249s] Level 1:colcon.colcon_core.package_identification:_identify(data/1781537979_GD) by extensions ['ros']
[0.249s] Level 1:colcon.colcon_core.package_identification:_identify(data/1781537979_GD) by extension 'ros'
[0.249s] Level 1:colcon.colcon_core.package_identification:_identify(data/1781537979_GD) by extensions ['cmake', 'python']
[0.249s] Level 1:colcon.colcon_core.package_identification:_identify(data/1781537979_GD) by extension 'cmake'
[0.249s] Level 1:colcon.colcon_core.package_identification:_identify(data/1781537979_GD) by extension 'python'
[0.249s] Level 1:colcon.colcon_core.package_identification:_identify(data/1781537979_GD) by extensions ['python_setup_py']
[0.249s] Level 1:colcon.colcon_core.package_identification:_identify(data/1781537979_GD) by extension 'python_setup_py'
[0.249s] Level 1:colcon.colcon_core.package_identification:_identify(data/1781538010_GD) by extensions ['ignore', 'ignore_ament_install']
[0.249s] Level 1:colcon.colcon_core.package_identification:_identify(data/1781538010_GD) by extension 'ignore'
[0.249s] Level 1:colcon.colcon_core.package_identification:_identify(data/1781538010_GD) by extension 'ignore_ament_install'
[0.249s] Level 1:colcon.colcon_core.package_identification:_identify(data/1781538010_GD) by extensions ['colcon_pkg']
[0.249s] Level 1:colcon.colcon_core.package_identification:_identify(data/1781538010_GD) by extension 'colcon_pkg'
[0.249s] Level 1:colcon.colcon_core.package_identification:_identify(data/1781538010_GD) by extensions ['colcon_meta']
[0.249s] Level 1:colcon.colcon_core.package_identification:_identify(data/1781538010_GD) by extension 'colcon_meta'
[0.249s] Level 1:colcon.colcon_core.package_identification:_identify(data/1781538010_GD) by extensions ['ros']
[0.249s] Level 1:colcon.colcon_core.package_identification:_identify(data/1781538010_GD) by extension 'ros'
[0.249s] Level 1:colcon.colcon_core.package_identification:_identify(data/1781538010_GD) by extensions ['cmake', 'python']
[0.249s] Level 1:colcon.colcon_core.package_identification:_identify(data/1781538010_GD) by extension 'cmake'
[0.249s] Level 1:colcon.colcon_core.package_identification:_identify(data/1781538010_GD) by extension 'python'
[0.249s] Level 1:colcon.colcon_core.package_identification:_identify(data/1781538010_GD) by extensions ['python_setup_py']
[0.249s] Level 1:colcon.colcon_core.package_identification:_identify(data/1781538010_GD) by extension 'python_setup_py'
[0.250s] Level 1:colcon.colcon_core.package_identification:_identify(data/1781538069_Newton) by extensions ['ignore', 'ignore_ament_install']
[0.250s] Level 1:colcon.colcon_core.package_identification:_identify(data/1781538069_Newton) by extension 'ignore'
[0.250s] Level 1:colcon.colcon_core.package_identification:_identify(data/1781538069_Newton) by extension 'ignore_ament_install'
[0.250s] Level 1:colcon.colcon_core.package_identification:_identify(data/1781538069_Newton) by extensions ['colcon_pkg']
[0.250s] Level 1:colcon.colcon_core.package_identification:_identify(data/1781538069_Newton) by extension 'colcon_pkg'
[0.250s] Level 1:colcon.colcon_core.package_identification:_identify(data/1781538069_Newton) by extensions ['colcon_meta']
[0.250s] Level 1:colcon.colcon_core.package_identification:_identify(data/1781538069_Newton) by extension 'colcon_meta'
[0.250s] Level 1:colcon.colcon_core.package_identification:_identify(data/1781538069_Newton) by extensions ['ros']
[0.250s] Level 1:colcon.colcon_core.package_identification:_identify(data/1781538069_Newton) by extension 'ros'
[0.250s] Level 1:colcon.colcon_core.package_identification:_identify(data/1781538069_Newton) by extensions ['cmake', 'python']
[0.250s] Level 1:colcon.colcon_core.package_identification:_identify(data/1781538069_Newton) by extension 'cmake'
[0.250s] Level 1:colcon.colcon_core.package_identification:_identify(data/1781538069_Newton) by extension 'python'
[0.250s] Level 1:colcon.colcon_core.package_identification:_identify(data/1781538069_Newton) by extensions ['python_setup_py']
[0.250s] Level 1:colcon.colcon_core.package_identification:_identify(data/1781538069_Newton) by extension 'python_setup_py'
[0.250s] Level 1:colcon.colcon_core.package_identification:_identify(data/1781538106_Newton) by extensions ['ignore', 'ignore_ament_install']
[0.250s] Level 1:colcon.colcon_core.package_identification:_identify(data/1781538106_Newton) by extension 'ignore'
[0.250s] Level 1:colcon.colcon_core.package_identification:_identify(data/1781538106_Newton) by extension 'ignore_ament_install'
[0.250s] Level 1:colcon.colcon_core.package_identification:_identify(data/1781538106_Newton) by extensions ['colcon_pkg']
[0.250s] Level 1:colcon.colcon_core.package_identification:_identify(data/1781538106_Newton) by extension 'colcon_pkg'
[0.250s] Level 1:colcon.colcon_core.package_identification:_identify(data/1781538106_Newton) by extensions ['colcon_meta']
[0.250s] Level 1:colcon.colcon_core.package_identification:_identify(data/1781538106_Newton) by extension 'colcon_meta'
[0.250s] Level 1:colcon.colcon_core.package_identification:_identify(data/1781538106_Newton) by extensions ['ros']
[0.250s] Level 1:colcon.colcon_core.package_identification:_identify(data/1781538106_Newton) by extension 'ros'
[0.250s] Level 1:colcon.colcon_core.package_identification:_identify(data/1781538106_Newton) by extensions ['cmake', 'python']
[0.250s] Level 1:colcon.colcon_core.package_identification:_identify(data/1781538106_Newton) by extension 'cmake'
[0.250s] Level 1:colcon.colcon_core.package_identification:_identify(data/1781538106_Newton) by extension 'python'
[0.250s] Level 1:colcon.colcon_core.package_identification:_identify(data/1781538106_Newton) by extensions ['python_setup_py']
[0.250s] Level 1:colcon.colcon_core.package_identification:_identify(data/1781538106_Newton) by extension 'python_setup_py'
[0.251s] Level 1:colcon.colcon_core.package_identification:_identify(data/1781538266_CG) by extensions ['ignore', 'ignore_ament_install']
[0.251s] Level 1:colcon.colcon_core.package_identification:_identify(data/1781538266_CG) by extension 'ignore'
[0.251s] Level 1:colcon.colcon_core.package_identification:_identify(data/1781538266_CG) by extension 'ignore_ament_install'
[0.251s] Level 1:colcon.colcon_core.package_identification:_identify(data/1781538266_CG) by extensions ['colcon_pkg']
[0.251s] Level 1:colcon.colcon_core.package_identification:_identify(data/1781538266_CG) by extension 'colcon_pkg'
[0.251s] Level 1:colcon.colcon_core.package_identification:_identify(data/1781538266_CG) by extensions ['colcon_meta']
[0.251s] Level 1:colcon.colcon_core.package_identification:_identify(data/1781538266_CG) by extension 'colcon_meta'
[0.251s] Level 1:colcon.colcon_core.package_identification:_identify(data/1781538266_CG) by extensions ['ros']
[0.251s] Level 1:colcon.colcon_core.package_identification:_identify(data/1781538266_CG) by extension 'ros'
[0.251s] Level 1:colcon.colcon_core.package_identification:_identify(data/1781538266_CG) by extensions ['cmake', 'python']
[0.251s] Level 1:colcon.colcon_core.package_identification:_identify(data/1781538266_CG) by extension 'cmake'
[0.251s] Level 1:colcon.colcon_core.package_identification:_identify(data/1781538266_CG) by extension 'python'
[0.251s] Level 1:colcon.colcon_core.package_identification:_identify(data/1781538266_CG) by extensions ['python_setup_py']
[0.251s] Level 1:colcon.colcon_core.package_identification:_identify(data/1781538266_CG) by extension 'python_setup_py'
[0.251s] Level 1:colcon.colcon_core.package_identification:_identify(data/1781538302_CG) by extensions ['ignore', 'ignore_ament_install']
[0.251s] Level 1:colcon.colcon_core.package_identification:_identify(data/1781538302_CG) by extension 'ignore'
[0.251s] Level 1:colcon.colcon_core.package_identification:_identify(data/1781538302_CG) by extension 'ignore_ament_install'
[0.251s] Level 1:colcon.colcon_core.package_identification:_identify(data/1781538302_CG) by extensions ['colcon_pkg']
[0.251s] Level 1:colcon.colcon_core.package_identification:_identify(data/1781538302_CG) by extension 'colcon_pkg'
[0.251s] Level 1:colcon.colcon_core.package_identification:_identify(data/1781538302_CG) by extensions ['colcon_meta']
[0.251s] Level 1:colcon.colcon_core.package_identification:_identify(data/1781538302_CG) by extension 'colcon_meta'
[0.251s] Level 1:colcon.colcon_core.package_identification:_identify(data/1781538302_CG) by extensions ['ros']
[0.251s] Level 1:colcon.colcon_core.package_identification:_identify(data/1781538302_CG) by extension 'ros'
[0.251s] Level 1:colcon.colcon_core.package_identification:_identify(data/1781538302_CG) by extensions ['cmake', 'python']
[0.251s] Level 1:colcon.colcon_core.package_identification:_identify(data/1781538302_CG) by extension 'cmake'
[0.251s] Level 1:colcon.colcon_core.package_identification:_identify(data/1781538302_CG) by extension 'python'
[0.252s] Level 1:colcon.colcon_core.package_identification:_identify(data/1781538302_CG) by extensions ['python_setup_py']
[0.252s] Level 1:colcon.colcon_core.package_identification:_identify(data/1781538302_CG) by extension 'python_setup_py'
[0.252s] Level 1:colcon.colcon_core.package_identification:_identify(data/1781538342_GD) by extensions ['ignore', 'ignore_ament_install']
[0.252s] Level 1:colcon.colcon_core.package_identification:_identify(data/1781538342_GD) by extension 'ignore'
[0.252s] Level 1:colcon.colcon_core.package_identification:_identify(data/1781538342_GD) by extension 'ignore_ament_install'
[0.252s] Level 1:colcon.colcon_core.package_identification:_identify(data/1781538342_GD) by extensions ['colcon_pkg']
[0.252s] Level 1:colcon.colcon_core.package_identification:_identify(data/1781538342_GD) by extension 'colcon_pkg'
[0.252s] Level 1:colcon.colcon_core.package_identification:_identify(data/1781538342_GD) by extensions ['colcon_meta']
[0.252s] Level 1:colcon.colcon_core.package_identification:_identify(data/1781538342_GD) by extension 'colcon_meta'
[0.252s] Level 1:colcon.colcon_core.package_identification:_identify(data/1781538342_GD) by extensions ['ros']
[0.252s] Level 1:colcon.colcon_core.package_identification:_identify(data/1781538342_GD) by extension 'ros'
[0.252s] Level 1:colcon.colcon_core.package_identification:_identify(data/1781538342_GD) by extensions ['cmake', 'python']
[0.252s] Level 1:colcon.colcon_core.package_identification:_identify(data/1781538342_GD) by extension 'cmake'
[0.252s] Level 1:colcon.colcon_core.package_identification:_identify(data/1781538342_GD) by extension 'python'
[0.252s] Level 1:colcon.colcon_core.package_identification:_identify(data/1781538342_GD) by extensions ['python_setup_py']
[0.252s] Level 1:colcon.colcon_core.package_identification:_identify(data/1781538342_GD) by extension 'python_setup_py'
[0.252s] Level 1:colcon.colcon_core.package_identification:_identify(data/1781538380_GD) by extensions ['ignore', 'ignore_ament_install']
[0.252s] Level 1:colcon.colcon_core.package_identification:_identify(data/1781538380_GD) by extension 'ignore'
[0.252s] Level 1:colcon.colcon_core.package_identification:_identify(data/1781538380_GD) by extension 'ignore_ament_install'
[0.252s] Level 1:colcon.colcon_core.package_identification:_identify(data/1781538380_GD) by extensions ['colcon_pkg']
[0.252s] Level 1:colcon.colcon_core.package_identification:_identify(data/1781538380_GD) by extension 'colcon_pkg'
[0.252s] Level 1:colcon.colcon_core.package_identification:_identify(data/1781538380_GD) by extensions ['colcon_meta']
[0.252s] Level 1:colcon.colcon_core.package_identification:_identify(data/1781538380_GD) by extension 'colcon_meta'
[0.252s] Level 1:colcon.colcon_core.package_identification:_identify(data/1781538380_GD) by extensions ['ros']
[0.252s] Level 1:colcon.colcon_core.package_identification:_identify(data/1781538380_GD) by extension 'ros'
[0.252s] Level 1:colcon.colcon_core.package_identification:_identify(data/1781538380_GD) by extensions ['cmake', 'python']
[0.252s] Level 1:colcon.colcon_core.package_identification:_identify(data/1781538380_GD) by extension 'cmake'
[0.252s] Level 1:colcon.colcon_core.package_identification:_identify(data/1781538380_GD) by extension 'python'
[0.253s] Level 1:colcon.colcon_core.package_identification:_identify(data/1781538380_GD) by extensions ['python_setup_py']
[0.253s] Level 1:colcon.colcon_core.package_identification:_identify(data/1781538380_GD) by extension 'python_setup_py'
[0.253s] Level 1:colcon.colcon_core.package_identification:_identify(data/1781538434_Newton) by extensions ['ignore', 'ignore_ament_install']
[0.253s] Level 1:colcon.colcon_core.package_identification:_identify(data/1781538434_Newton) by extension 'ignore'
[0.253s] Level 1:colcon.colcon_core.package_identification:_identify(data/1781538434_Newton) by extension 'ignore_ament_install'
[0.253s] Level 1:colcon.colcon_core.package_identification:_identify(data/1781538434_Newton) by extensions ['colcon_pkg']
[0.253s] Level 1:colcon.colcon_core.package_identification:_identify(data/1781538434_Newton) by extension 'colcon_pkg'
[0.253s] Level 1:colcon.colcon_core.package_identification:_identify(data/1781538434_Newton) by extensions ['colcon_meta']
[0.253s] Level 1:colcon.colcon_core.package_identification:_identify(data/1781538434_Newton) by extension 'colcon_meta'
[0.253s] Level 1:colcon.colcon_core.package_identification:_identify(data/1781538434_Newton) by extensions ['ros']
[0.253s] Level 1:colcon.colcon_core.package_identification:_identify(data/1781538434_Newton) by extension 'ros'
[0.253s] Level 1:colcon.colcon_core.package_identification:_identify(data/1781538434_Newton) by extensions ['cmake', 'python']
[0.253s] Level 1:colcon.colcon_core.package_identification:_identify(data/1781538434_Newton) by extension 'cmake'
[0.253s] Level 1:colcon.colcon_core.package_identification:_identify(data/1781538434_Newton) by extension 'python'
[0.253s] Level 1:colcon.colcon_core.package_identification:_identify(data/1781538434_Newton) by extensions ['python_setup_py']
[0.253s] Level 1:colcon.colcon_core.package_identification:_identify(data/1781538434_Newton) by extension 'python_setup_py'
[0.253s] Level 1:colcon.colcon_core.package_identification:_identify(data/1781538471_Newton) by extensions ['ignore', 'ignore_ament_install']
[0.253s] Level 1:colcon.colcon_core.package_identification:_identify(data/1781538471_Newton) by extension 'ignore'
[0.253s] Level 1:colcon.colcon_core.package_identification:_identify(data/1781538471_Newton) by extension 'ignore_ament_install'
[0.253s] Level 1:colcon.colcon_core.package_identification:_identify(data/1781538471_Newton) by extensions ['colcon_pkg']
[0.253s] Level 1:colcon.colcon_core.package_identification:_identify(data/1781538471_Newton) by extension 'colcon_pkg'
[0.253s] Level 1:colcon.colcon_core.package_identification:_identify(data/1781538471_Newton) by extensions ['colcon_meta']
[0.253s] Level 1:colcon.colcon_core.package_identification:_identify(data/1781538471_Newton) by extension 'colcon_meta'
[0.253s] Level 1:colcon.colcon_core.package_identification:_identify(data/1781538471_Newton) by extensions ['ros']
[0.253s] Level 1:colcon.colcon_core.package_identification:_identify(data/1781538471_Newton) by extension 'ros'
[0.253s] Level 1:colcon.colcon_core.package_identification:_identify(data/1781538471_Newton) by extensions ['cmake', 'python']
[0.253s] Level 1:colcon.colcon_core.package_identification:_identify(data/1781538471_Newton) by extension 'cmake'
[0.253s] Level 1:colcon.colcon_core.package_identification:_identify(data/1781538471_Newton) by extension 'python'
[0.253s] Level 1:colcon.colcon_core.package_identification:_identify(data/1781538471_Newton) by extensions ['python_setup_py']
[0.254s] Level 1:colcon.colcon_core.package_identification:_identify(data/1781538471_Newton) by extension 'python_setup_py'
[0.254s] Level 1:colcon.colcon_core.package_identification:_identify(data/1781538552_Newton) by extensions ['ignore', 'ignore_ament_install']
[0.254s] Level 1:colcon.colcon_core.package_identification:_identify(data/1781538552_Newton) by extension 'ignore'
[0.254s] Level 1:colcon.colcon_core.package_identification:_identify(data/1781538552_Newton) by extension 'ignore_ament_install'
[0.254s] Level 1:colcon.colcon_core.package_identification:_identify(data/1781538552_Newton) by extensions ['colcon_pkg']
[0.254s] Level 1:colcon.colcon_core.package_identification:_identify(data/1781538552_Newton) by extension 'colcon_pkg'
[0.254s] Level 1:colcon.colcon_core.package_identification:_identify(data/1781538552_Newton) by extensions ['colcon_meta']
[0.254s] Level 1:colcon.colcon_core.package_identification:_identify(data/1781538552_Newton) by extension 'colcon_meta'
[0.254s] Level 1:colcon.colcon_core.package_identification:_identify(data/1781538552_Newton) by extensions ['ros']
[0.254s] Level 1:colcon.colcon_core.package_identification:_identify(data/1781538552_Newton) by extension 'ros'
[0.254s] Level 1:colcon.colcon_core.package_identification:_identify(data/1781538552_Newton) by extensions ['cmake', 'python']
[0.254s] Level 1:colcon.colcon_core.package_identification:_identify(data/1781538552_Newton) by extension 'cmake'
[0.254s] Level 1:colcon.colcon_core.package_identification:_identify(data/1781538552_Newton) by extension 'python'
[0.254s] Level 1:colcon.colcon_core.package_identification:_identify(data/1781538552_Newton) by extensions ['python_setup_py']
[0.254s] Level 1:colcon.colcon_core.package_identification:_identify(data/1781538552_Newton) by extension 'python_setup_py'
[0.254s] Level 1:colcon.colcon_core.package_identification:_identify(data/1781538704_Newton) by extensions ['ignore', 'ignore_ament_install']
[0.254s] Level 1:colcon.colcon_core.package_identification:_identify(data/1781538704_Newton) by extension 'ignore'
[0.254s] Level 1:colcon.colcon_core.package_identification:_identify(data/1781538704_Newton) by extension 'ignore_ament_install'
[0.254s] Level 1:colcon.colcon_core.package_identification:_identify(data/1781538704_Newton) by extensions ['colcon_pkg']
[0.254s] Level 1:colcon.colcon_core.package_identification:_identify(data/1781538704_Newton) by extension 'colcon_pkg'
[0.254s] Level 1:colcon.colcon_core.package_identification:_identify(data/1781538704_Newton) by extensions ['colcon_meta']
[0.254s] Level 1:colcon.colcon_core.package_identification:_identify(data/1781538704_Newton) by extension 'colcon_meta'
[0.254s] Level 1:colcon.colcon_core.package_identification:_identify(data/1781538704_Newton) by extensions ['ros']
[0.254s] Level 1:colcon.colcon_core.package_identification:_identify(data/1781538704_Newton) by extension 'ros'
[0.254s] Level 1:colcon.colcon_core.package_identification:_identify(data/1781538704_Newton) by extensions ['cmake', 'python']
[0.254s] Level 1:colcon.colcon_core.package_identification:_identify(data/1781538704_Newton) by extension 'cmake'
[0.254s] Level 1:colcon.colcon_core.package_identification:_identify(data/1781538704_Newton) by extension 'python'
[0.254s] Level 1:colcon.colcon_core.package_identification:_identify(data/1781538704_Newton) by extensions ['python_setup_py']
[0.255s] Level 1:colcon.colcon_core.package_identification:_identify(data/1781538704_Newton) by extension 'python_setup_py'
[0.255s] Level 1:colcon.colcon_core.package_identification:_identify(data/1781538725_Newton) by extensions ['ignore', 'ignore_ament_install']
[0.255s] Level 1:colcon.colcon_core.package_identification:_identify(data/1781538725_Newton) by extension 'ignore'
[0.255s] Level 1:colcon.colcon_core.package_identification:_identify(data/1781538725_Newton) by extension 'ignore_ament_install'
[0.255s] Level 1:colcon.colcon_core.package_identification:_identify(data/1781538725_Newton) by extensions ['colcon_pkg']
[0.255s] Level 1:colcon.colcon_core.package_identification:_identify(data/1781538725_Newton) by extension 'colcon_pkg'
[0.255s] Level 1:colcon.colcon_core.package_identification:_identify(data/1781538725_Newton) by extensions ['colcon_meta']
[0.255s] Level 1:colcon.colcon_core.package_identification:_identify(data/1781538725_Newton) by extension 'colcon_meta'
[0.255s] Level 1:colcon.colcon_core.package_identification:_identify(data/1781538725_Newton) by extensions ['ros']
[0.255s] Level 1:colcon.colcon_core.package_identification:_identify(data/1781538725_Newton) by extension 'ros'
[0.255s] Level 1:colcon.colcon_core.package_identification:_identify(data/1781538725_Newton) by extensions ['cmake', 'python']
[0.255s] Level 1:colcon.colcon_core.package_identification:_identify(data/1781538725_Newton) by extension 'cmake'
[0.255s] Level 1:colcon.colcon_core.package_identification:_identify(data/1781538725_Newton) by extension 'python'
[0.255s] Level 1:colcon.colcon_core.package_identification:_identify(data/1781538725_Newton) by extensions ['python_setup_py']
[0.255s] Level 1:colcon.colcon_core.package_identification:_identify(data/1781538725_Newton) by extension 'python_setup_py'
[0.255s] Level 1:colcon.colcon_core.package_identification:_identify(data/1781538779_CG) by extensions ['ignore', 'ignore_ament_install']
[0.255s] Level 1:colcon.colcon_core.package_identification:_identify(data/1781538779_CG) by extension 'ignore'
[0.255s] Level 1:colcon.colcon_core.package_identification:_identify(data/1781538779_CG) by extension 'ignore_ament_install'
[0.255s] Level 1:colcon.colcon_core.package_identification:_identify(data/1781538779_CG) by extensions ['colcon_pkg']
[0.255s] Level 1:colcon.colcon_core.package_identification:_identify(data/1781538779_CG) by extension 'colcon_pkg'
[0.255s] Level 1:colcon.colcon_core.package_identification:_identify(data/1781538779_CG) by extensions ['colcon_meta']
[0.255s] Level 1:colcon.colcon_core.package_identification:_identify(data/1781538779_CG) by extension 'colcon_meta'
[0.255s] Level 1:colcon.colcon_core.package_identification:_identify(data/1781538779_CG) by extensions ['ros']
[0.255s] Level 1:colcon.colcon_core.package_identification:_identify(data/1781538779_CG) by extension 'ros'
[0.256s] Level 1:colcon.colcon_core.package_identification:_identify(data/1781538779_CG) by extensions ['cmake', 'python']
[0.256s] Level 1:colcon.colcon_core.package_identification:_identify(data/1781538779_CG) by extension 'cmake'
[0.256s] Level 1:colcon.colcon_core.package_identification:_identify(data/1781538779_CG) by extension 'python'
[0.256s] Level 1:colcon.colcon_core.package_identification:_identify(data/1781538779_CG) by extensions ['python_setup_py']
[0.256s] Level 1:colcon.colcon_core.package_identification:_identify(data/1781538779_CG) by extension 'python_setup_py'
[0.256s] Level 1:colcon.colcon_core.package_identification:_identify(data/1781938802_CG) by extensions ['ignore', 'ignore_ament_install']
[0.256s] Level 1:colcon.colcon_core.package_identification:_identify(data/1781938802_CG) by extension 'ignore'
[0.256s] Level 1:colcon.colcon_core.package_identification:_identify(data/1781938802_CG) by extension 'ignore_ament_install'
[0.256s] Level 1:colcon.colcon_core.package_identification:_identify(data/1781938802_CG) by extensions ['colcon_pkg']
[0.256s] Level 1:colcon.colcon_core.package_identification:_identify(data/1781938802_CG) by extension 'colcon_pkg'
[0.256s] Level 1:colcon.colcon_core.package_identification:_identify(data/1781938802_CG) by extensions ['colcon_meta']
[0.256s] Level 1:colcon.colcon_core.package_identification:_identify(data/1781938802_CG) by extension 'colcon_meta'
[0.256s] Level 1:colcon.colcon_core.package_identification:_identify(data/1781938802_CG) by extensions ['ros']
[0.256s] Level 1:colcon.colcon_core.package_identification:_identify(data/1781938802_CG) by extension 'ros'
[0.256s] Level 1:colcon.colcon_core.package_identification:_identify(data/1781938802_CG) by extensions ['cmake', 'python']
[0.256s] Level 1:colcon.colcon_core.package_identification:_identify(data/1781938802_CG) by extension 'cmake'
[0.256s] Level 1:colcon.colcon_core.package_identification:_identify(data/1781938802_CG) by extension 'python'
[0.256s] Level 1:colcon.colcon_core.package_identification:_identify(data/1781938802_CG) by extensions ['python_setup_py']
[0.256s] Level 1:colcon.colcon_core.package_identification:_identify(data/1781938802_CG) by extension 'python_setup_py'
[0.256s] Level 1:colcon.colcon_core.package_identification:_identify(data/1781938827_GD) by extensions ['ignore', 'ignore_ament_install']
[0.256s] Level 1:colcon.colcon_core.package_identification:_identify(data/1781938827_GD) by extension 'ignore'
[0.256s] Level 1:colcon.colcon_core.package_identification:_identify(data/1781938827_GD) by extension 'ignore_ament_install'
[0.256s] Level 1:colcon.colcon_core.package_identification:_identify(data/1781938827_GD) by extensions ['colcon_pkg']
[0.256s] Level 1:colcon.colcon_core.package_identification:_identify(data/1781938827_GD) by extension 'colcon_pkg'
[0.256s] Level 1:colcon.colcon_core.package_identification:_identify(data/1781938827_GD) by extensions ['colcon_meta']
[0.256s] Level 1:colcon.colcon_core.package_identification:_identify(data/1781938827_GD) by extension 'colcon_meta'
[0.256s] Level 1:colcon.colcon_core.package_identification:_identify(data/1781938827_GD) by extensions ['ros']
[0.256s] Level 1:colcon.colcon_core.package_identification:_identify(data/1781938827_GD) by extension 'ros'
[0.257s] Level 1:colcon.colcon_core.package_identification:_identify(data/1781938827_GD) by extensions ['cmake', 'python']
[0.257s] Level 1:colcon.colcon_core.package_identification:_identify(data/1781938827_GD) by extension 'cmake'
[0.257s] Level 1:colcon.colcon_core.package_identification:_identify(data/1781938827_GD) by extension 'python'
[0.257s] Level 1:colcon.colcon_core.package_identification:_identify(data/1781938827_GD) by extensions ['python_setup_py']
[0.257s] Level 1:colcon.colcon_core.package_identification:_identify(data/1781938827_GD) by extension 'python_setup_py'
[0.257s] Level 1:colcon.colcon_core.package_identification:_identify(data/1781940018_CG) by extensions ['ignore', 'ignore_ament_install']
[0.257s] Level 1:colcon.colcon_core.package_identification:_identify(data/1781940018_CG) by extension 'ignore'
[0.257s] Level 1:colcon.colcon_core.package_identification:_identify(data/1781940018_CG) by extension 'ignore_ament_install'
[0.257s] Level 1:colcon.colcon_core.package_identification:_identify(data/1781940018_CG) by extensions ['colcon_pkg']
[0.257s] Level 1:colcon.colcon_core.package_identification:_identify(data/1781940018_CG) by extension 'colcon_pkg'
[0.257s] Level 1:colcon.colcon_core.package_identification:_identify(data/1781940018_CG) by extensions ['colcon_meta']
[0.257s] Level 1:colcon.colcon_core.package_identification:_identify(data/1781940018_CG) by extension 'colcon_meta'
[0.257s] Level 1:colcon.colcon_core.package_identification:_identify(data/1781940018_CG) by extensions ['ros']
[0.257s] Level 1:colcon.colcon_core.package_identification:_identify(data/1781940018_CG) by extension 'ros'
[0.257s] Level 1:colcon.colcon_core.package_identification:_identify(data/1781940018_CG) by extensions ['cmake', 'python']
[0.257s] Level 1:colcon.colcon_core.package_identification:_identify(data/1781940018_CG) by extension 'cmake'
[0.257s] Level 1:colcon.colcon_core.package_identification:_identify(data/1781940018_CG) by extension 'python'
[0.257s] Level 1:colcon.colcon_core.package_identification:_identify(data/1781940018_CG) by extensions ['python_setup_py']
[0.257s] Level 1:colcon.colcon_core.package_identification:_identify(data/1781940018_CG) by extension 'python_setup_py'
[0.257s] Level 1:colcon.colcon_core.package_identification:_identify(data/1781940037_CG) by extensions ['ignore', 'ignore_ament_install']
[0.257s] Level 1:colcon.colcon_core.package_identification:_identify(data/1781940037_CG) by extension 'ignore'
[0.257s] Level 1:colcon.colcon_core.package_identification:_identify(data/1781940037_CG) by extension 'ignore_ament_install'
[0.257s] Level 1:colcon.colcon_core.package_identification:_identify(data/1781940037_CG) by extensions ['colcon_pkg']
[0.257s] Level 1:colcon.colcon_core.package_identification:_identify(data/1781940037_CG) by extension 'colcon_pkg'
[0.257s] Level 1:colcon.colcon_core.package_identification:_identify(data/1781940037_CG) by extensions ['colcon_meta']
[0.257s] Level 1:colcon.colcon_core.package_identification:_identify(data/1781940037_CG) by extension 'colcon_meta'
[0.257s] Level 1:colcon.colcon_core.package_identification:_identify(data/1781940037_CG) by extensions ['ros']
[0.257s] Level 1:colcon.colcon_core.package_identification:_identify(data/1781940037_CG) by extension 'ros'
[0.258s] Level 1:colcon.colcon_core.package_identification:_identify(data/1781940037_CG) by extensions ['cmake', 'python']
[0.258s] Level 1:colcon.colcon_core.package_identification:_identify(data/1781940037_CG) by extension 'cmake'
[0.258s] Level 1:colcon.colcon_core.package_identification:_identify(data/1781940037_CG) by extension 'python'
[0.258s] Level 1:colcon.colcon_core.package_identification:_identify(data/1781940037_CG) by extensions ['python_setup_py']
[0.258s] Level 1:colcon.colcon_core.package_identification:_identify(data/1781940037_CG) by extension 'python_setup_py'
[0.258s] Level 1:colcon.colcon_core.package_identification:_identify(data/1781941084_CG) by extensions ['ignore', 'ignore_ament_install']
[0.258s] Level 1:colcon.colcon_core.package_identification:_identify(data/1781941084_CG) by extension 'ignore'
[0.258s] Level 1:colcon.colcon_core.package_identification:_identify(data/1781941084_CG) by extension 'ignore_ament_install'
[0.258s] Level 1:colcon.colcon_core.package_identification:_identify(data/1781941084_CG) by extensions ['colcon_pkg']
[0.258s] Level 1:colcon.colcon_core.package_identification:_identify(data/1781941084_CG) by extension 'colcon_pkg'
[0.258s] Level 1:colcon.colcon_core.package_identification:_identify(data/1781941084_CG) by extensions ['colcon_meta']
[0.258s] Level 1:colcon.colcon_core.package_identification:_identify(data/1781941084_CG) by extension 'colcon_meta'
[0.258s] Level 1:colcon.colcon_core.package_identification:_identify(data/1781941084_CG) by extensions ['ros']
[0.258s] Level 1:colcon.colcon_core.package_identification:_identify(data/1781941084_CG) by extension 'ros'
[0.258s] Level 1:colcon.colcon_core.package_identification:_identify(data/1781941084_CG) by extensions ['cmake', 'python']
[0.258s] Level 1:colcon.colcon_core.package_identification:_identify(data/1781941084_CG) by extension 'cmake'
[0.258s] Level 1:colcon.colcon_core.package_identification:_identify(data/1781941084_CG) by extension 'python'
[0.258s] Level 1:colcon.colcon_core.package_identification:_identify(data/1781941084_CG) by extensions ['python_setup_py']
[0.258s] Level 1:colcon.colcon_core.package_identification:_identify(data/1781941084_CG) by extension 'python_setup_py'
[0.258s] Level 1:colcon.colcon_core.package_identification:_identify(data/1781941140_CG) by extensions ['ignore', 'ignore_ament_install']
[0.258s] Level 1:colcon.colcon_core.package_identification:_identify(data/1781941140_CG) by extension 'ignore'
[0.258s] Level 1:colcon.colcon_core.package_identification:_identify(data/1781941140_CG) by extension 'ignore_ament_install'
[0.258s] Level 1:colcon.colcon_core.package_identification:_identify(data/1781941140_CG) by extensions ['colcon_pkg']
[0.258s] Level 1:colcon.colcon_core.package_identification:_identify(data/1781941140_CG) by extension 'colcon_pkg'
[0.258s] Level 1:colcon.colcon_core.package_identification:_identify(data/1781941140_CG) by extensions ['colcon_meta']
[0.258s] Level 1:colcon.colcon_core.package_identification:_identify(data/1781941140_CG) by extension 'colcon_meta'
[0.258s] Level 1:colcon.colcon_core.package_identification:_identify(data/1781941140_CG) by extensions ['ros']
[0.258s] Level 1:colcon.colcon_core.package_identification:_identify(data/1781941140_CG) by extension 'ros'
[0.259s] Level 1:colcon.colcon_core.package_identification:_identify(data/1781941140_CG) by extensions ['cmake', 'python']
[0.259s] Level 1:colcon.colcon_core.package_identification:_identify(data/1781941140_CG) by extension 'cmake'
[0.259s] Level 1:colcon.colcon_core.package_identification:_identify(data/1781941140_CG) by extension 'python'
[0.259s] Level 1:colcon.colcon_core.package_identification:_identify(data/1781941140_CG) by extensions ['python_setup_py']
[0.259s] Level 1:colcon.colcon_core.package_identification:_identify(data/1781941140_CG) by extension 'python_setup_py'
[0.259s] Level 1:colcon.colcon_core.package_identification:_identify(data/1781941150_CG) by extensions ['ignore', 'ignore_ament_install']
[0.259s] Level 1:colcon.colcon_core.package_identification:_identify(data/1781941150_CG) by extension 'ignore'
[0.259s] Level 1:colcon.colcon_core.package_identification:_identify(data/1781941150_CG) by extension 'ignore_ament_install'
[0.259s] Level 1:colcon.colcon_core.package_identification:_identify(data/1781941150_CG) by extensions ['colcon_pkg']
[0.259s] Level 1:colcon.colcon_core.package_identification:_identify(data/1781941150_CG) by extension 'colcon_pkg'
[0.259s] Level 1:colcon.colcon_core.package_identification:_identify(data/1781941150_CG) by extensions ['colcon_meta']
[0.259s] Level 1:colcon.colcon_core.package_identification:_identify(data/1781941150_CG) by extension 'colcon_meta'
[0.259s] Level 1:colcon.colcon_core.package_identification:_identify(data/1781941150_CG) by extensions ['ros']
[0.259s] Level 1:colcon.colcon_core.package_identification:_identify(data/1781941150_CG) by extension 'ros'
[0.259s] Level 1:colcon.colcon_core.package_identification:_identify(data/1781941150_CG) by extensions ['cmake', 'python']
[0.259s] Level 1:colcon.colcon_core.package_identification:_identify(data/1781941150_CG) by extension 'cmake'
[0.259s] Level 1:colcon.colcon_core.package_identification:_identify(data/1781941150_CG) by extension 'python'
[0.259s] Level 1:colcon.colcon_core.package_identification:_identify(data/1781941150_CG) by extensions ['python_setup_py']
[0.259s] Level 1:colcon.colcon_core.package_identification:_identify(data/1781941150_CG) by extension 'python_setup_py'
[0.259s] Level 1:colcon.colcon_core.package_identification:_identify(data/1781941159_GD) by extensions ['ignore', 'ignore_ament_install']
[0.259s] Level 1:colcon.colcon_core.package_identification:_identify(data/1781941159_GD) by extension 'ignore'
[0.259s] Level 1:colcon.colcon_core.package_identification:_identify(data/1781941159_GD) by extension 'ignore_ament_install'
[0.259s] Level 1:colcon.colcon_core.package_identification:_identify(data/1781941159_GD) by extensions ['colcon_pkg']
[0.259s] Level 1:colcon.colcon_core.package_identification:_identify(data/1781941159_GD) by extension 'colcon_pkg'
[0.259s] Level 1:colcon.colcon_core.package_identification:_identify(data/1781941159_GD) by extensions ['colcon_meta']
[0.259s] Level 1:colcon.colcon_core.package_identification:_identify(data/1781941159_GD) by extension 'colcon_meta'
[0.259s] Level 1:colcon.colcon_core.package_identification:_identify(data/1781941159_GD) by extensions ['ros']
[0.259s] Level 1:colcon.colcon_core.package_identification:_identify(data/1781941159_GD) by extension 'ros'
[0.260s] Level 1:colcon.colcon_core.package_identification:_identify(data/1781941159_GD) by extensions ['cmake', 'python']
[0.260s] Level 1:colcon.colcon_core.package_identification:_identify(data/1781941159_GD) by extension 'cmake'
[0.260s] Level 1:colcon.colcon_core.package_identification:_identify(data/1781941159_GD) by extension 'python'
[0.260s] Level 1:colcon.colcon_core.package_identification:_identify(data/1781941159_GD) by extensions ['python_setup_py']
[0.260s] Level 1:colcon.colcon_core.package_identification:_identify(data/1781941159_GD) by extension 'python_setup_py'
[0.260s] Level 1:colcon.colcon_core.package_identification:_identify(data/1781941177_Newton) by extensions ['ignore', 'ignore_ament_install']
[0.260s] Level 1:colcon.colcon_core.package_identification:_identify(data/1781941177_Newton) by extension 'ignore'
[0.260s] Level 1:colcon.colcon_core.package_identification:_identify(data/1781941177_Newton) by extension 'ignore_ament_install'
[0.260s] Level 1:colcon.colcon_core.package_identification:_identify(data/1781941177_Newton) by extensions ['colcon_pkg']
[0.260s] Level 1:colcon.colcon_core.package_identification:_identify(data/1781941177_Newton) by extension 'colcon_pkg'
[0.260s] Level 1:colcon.colcon_core.package_identification:_identify(data/1781941177_Newton) by extensions ['colcon_meta']
[0.260s] Level 1:colcon.colcon_core.package_identification:_identify(data/1781941177_Newton) by extension 'colcon_meta'
[0.260s] Level 1:colcon.colcon_core.package_identification:_identify(data/1781941177_Newton) by extensions ['ros']
[0.260s] Level 1:colcon.colcon_core.package_identification:_identify(data/1781941177_Newton) by extension 'ros'
[0.260s] Level 1:colcon.colcon_core.package_identification:_identify(data/1781941177_Newton) by extensions ['cmake', 'python']
[0.260s] Level 1:colcon.colcon_core.package_identification:_identify(data/1781941177_Newton) by extension 'cmake'
[0.260s] Level 1:colcon.colcon_core.package_identification:_identify(data/1781941177_Newton) by extension 'python'
[0.260s] Level 1:colcon.colcon_core.package_identification:_identify(data/1781941177_Newton) by extensions ['python_setup_py']
[0.260s] Level 1:colcon.colcon_core.package_identification:_identify(data/1781941177_Newton) by extension 'python_setup_py'
[0.260s] Level 1:colcon.colcon_core.package_identification:_identify(data/1781941243_GD) by extensions ['ignore', 'ignore_ament_install']
[0.260s] Level 1:colcon.colcon_core.package_identification:_identify(data/1781941243_GD) by extension 'ignore'
[0.260s] Level 1:colcon.colcon_core.package_identification:_identify(data/1781941243_GD) by extension 'ignore_ament_install'
[0.260s] Level 1:colcon.colcon_core.package_identification:_identify(data/1781941243_GD) by extensions ['colcon_pkg']
[0.260s] Level 1:colcon.colcon_core.package_identification:_identify(data/1781941243_GD) by extension 'colcon_pkg'
[0.260s] Level 1:colcon.colcon_core.package_identification:_identify(data/1781941243_GD) by extensions ['colcon_meta']
[0.260s] Level 1:colcon.colcon_core.package_identification:_identify(data/1781941243_GD) by extension 'colcon_meta'
[0.260s] Level 1:colcon.colcon_core.package_identification:_identify(data/1781941243_GD) by extensions ['ros']
[0.260s] Level 1:colcon.colcon_core.package_identification:_identify(data/1781941243_GD) by extension 'ros'
[0.261s] Level 1:colcon.colcon_core.package_identification:_identify(data/1781941243_GD) by extensions ['cmake', 'python']
[0.261s] Level 1:colcon.colcon_core.package_identification:_identify(data/1781941243_GD) by extension 'cmake'
[0.261s] Level 1:colcon.colcon_core.package_identification:_identify(data/1781941243_GD) by extension 'python'
[0.261s] Level 1:colcon.colcon_core.package_identification:_identify(data/1781941243_GD) by extensions ['python_setup_py']
[0.261s] Level 1:colcon.colcon_core.package_identification:_identify(data/1781941243_GD) by extension 'python_setup_py'
[0.261s] Level 1:colcon.colcon_core.package_identification:_identify(data/1781941308_CG) by extensions ['ignore', 'ignore_ament_install']
[0.261s] Level 1:colcon.colcon_core.package_identification:_identify(data/1781941308_CG) by extension 'ignore'
[0.261s] Level 1:colcon.colcon_core.package_identification:_identify(data/1781941308_CG) by extension 'ignore_ament_install'
[0.261s] Level 1:colcon.colcon_core.package_identification:_identify(data/1781941308_CG) by extensions ['colcon_pkg']
[0.261s] Level 1:colcon.colcon_core.package_identification:_identify(data/1781941308_CG) by extension 'colcon_pkg'
[0.261s] Level 1:colcon.colcon_core.package_identification:_identify(data/1781941308_CG) by extensions ['colcon_meta']
[0.261s] Level 1:colcon.colcon_core.package_identification:_identify(data/1781941308_CG) by extension 'colcon_meta'
[0.261s] Level 1:colcon.colcon_core.package_identification:_identify(data/1781941308_CG) by extensions ['ros']
[0.261s] Level 1:colcon.colcon_core.package_identification:_identify(data/1781941308_CG) by extension 'ros'
[0.261s] Level 1:colcon.colcon_core.package_identification:_identify(data/1781941308_CG) by extensions ['cmake', 'python']
[0.261s] Level 1:colcon.colcon_core.package_identification:_identify(data/1781941308_CG) by extension 'cmake'
[0.261s] Level 1:colcon.colcon_core.package_identification:_identify(data/1781941308_CG) by extension 'python'
[0.261s] Level 1:colcon.colcon_core.package_identification:_identify(data/1781941308_CG) by extensions ['python_setup_py']
[0.261s] Level 1:colcon.colcon_core.package_identification:_identify(data/1781941308_CG) by extension 'python_setup_py'
[0.261s] Level 1:colcon.colcon_core.package_identification:_identify(data/1784272002_CG) by extensions ['ignore', 'ignore_ament_install']
[0.261s] Level 1:colcon.colcon_core.package_identification:_identify(data/1784272002_CG) by extension 'ignore'
[0.261s] Level 1:colcon.colcon_core.package_identification:_identify(data/1784272002_CG) by extension 'ignore_ament_install'
[0.261s] Level 1:colcon.colcon_core.package_identification:_identify(data/1784272002_CG) by extensions ['colcon_pkg']
[0.261s] Level 1:colcon.colcon_core.package_identification:_identify(data/1784272002_CG) by extension 'colcon_pkg'
[0.261s] Level 1:colcon.colcon_core.package_identification:_identify(data/1784272002_CG) by extensions ['colcon_meta']
[0.261s] Level 1:colcon.colcon_core.package_identification:_identify(data/1784272002_CG) by extension 'colcon_meta'
[0.261s] Level 1:colcon.colcon_core.package_identification:_identify(data/1784272002_CG) by extensions ['ros']
[0.261s] Level 1:colcon.colcon_core.package_identification:_identify(data/1784272002_CG) by extension 'ros'
[0.262s] Level 1:colcon.colcon_core.package_identification:_identify(data/1784272002_CG) by extensions ['cmake', 'python']
[0.262s] Level 1:colcon.colcon_core.package_identification:_identify(data/1784272002_CG) by extension 'cmake'
[0.262s] Level 1:colcon.colcon_core.package_identification:_identify(data/1784272002_CG) by extension 'python'
[0.262s] Level 1:colcon.colcon_core.package_identification:_identify(data/1784272002_CG) by extensions ['python_setup_py']
[0.262s] Level 1:colcon.colcon_core.package_identification:_identify(data/1784272002_CG) by extension 'python_setup_py'
[0.262s] Level 1:colcon.colcon_core.package_identification:_identify(data/1784272012_CG) by extensions ['ignore', 'ignore_ament_install']
[0.262s] Level 1:colcon.colcon_core.package_identification:_identify(data/1784272012_CG) by extension 'ignore'
[0.262s] Level 1:colcon.colcon_core.package_identification:_identify(data/1784272012_CG) by extension 'ignore_ament_install'
[0.262s] Level 1:colcon.colcon_core.package_identification:_identify(data/1784272012_CG) by extensions ['colcon_pkg']
[0.262s] Level 1:colcon.colcon_core.package_identification:_identify(data/1784272012_CG) by extension 'colcon_pkg'
[0.262s] Level 1:colcon.colcon_core.package_identification:_identify(data/1784272012_CG) by extensions ['colcon_meta']
[0.262s] Level 1:colcon.colcon_core.package_identification:_identify(data/1784272012_CG) by extension 'colcon_meta'
[0.262s] Level 1:colcon.colcon_core.package_identification:_identify(data/1784272012_CG) by extensions ['ros']
[0.262s] Level 1:colcon.colcon_core.package_identification:_identify(data/1784272012_CG) by extension 'ros'
[0.262s] Level 1:colcon.colcon_core.package_identification:_identify(data/1784272012_CG) by extensions ['cmake', 'python']
[0.262s] Level 1:colcon.colcon_core.package_identification:_identify(data/1784272012_CG) by extension 'cmake'
[0.262s] Level 1:colcon.colcon_core.package_identification:_identify(data/1784272012_CG) by extension 'python'
[0.262s] Level 1:colcon.colcon_core.package_identification:_identify(data/1784272012_CG) by extensions ['python_setup_py']
[0.262s] Level 1:colcon.colcon_core.package_identification:_identify(data/1784272012_CG) by extension 'python_setup_py'
[0.262s] Level 1:colcon.colcon_core.package_identification:_identify(data/1784272105_CG) by extensions ['ignore', 'ignore_ament_install']
[0.262s] Level 1:colcon.colcon_core.package_identification:_identify(data/1784272105_CG) by extension 'ignore'
[0.262s] Level 1:colcon.colcon_core.package_identification:_identify(data/1784272105_CG) by extension 'ignore_ament_install'
[0.262s] Level 1:colcon.colcon_core.package_identification:_identify(data/1784272105_CG) by extensions ['colcon_pkg']
[0.262s] Level 1:colcon.colcon_core.package_identification:_identify(data/1784272105_CG) by extension 'colcon_pkg'
[0.262s] Level 1:colcon.colcon_core.package_identification:_identify(data/1784272105_CG) by extensions ['colcon_meta']
[0.262s] Level 1:colcon.colcon_core.package_identification:_identify(data/1784272105_CG) by extension 'colcon_meta'
[0.262s] Level 1:colcon.colcon_core.package_identification:_identify(data/1784272105_CG) by extensions ['ros']
[0.262s] Level 1:colcon.colcon_core.package_identification:_identify(data/1784272105_CG) by extension 'ros'
[0.263s] Level 1:colcon.colcon_core.package_identification:_identify(data/1784272105_CG) by extensions ['cmake', 'python']
[0.263s] Level 1:colcon.colcon_core.package_identification:_identify(data/1784272105_CG) by extension 'cmake'
[0.263s] Level 1:colcon.colcon_core.package_identification:_identify(data/1784272105_CG) by extension 'python'
[0.263s] Level 1:colcon.colcon_core.package_identification:_identify(data/1784272105_CG) by extensions ['python_setup_py']
[0.263s] Level 1:colcon.colcon_core.package_identification:_identify(data/1784272105_CG) by extension 'python_setup_py'
[0.263s] Level 1:colcon.colcon_core.package_identification:_identify(data/1784272150_CG) by extensions ['ignore', 'ignore_ament_install']
[0.263s] Level 1:colcon.colcon_core.package_identification:_identify(data/1784272150_CG) by extension 'ignore'
[0.263s] Level 1:colcon.colcon_core.package_identification:_identify(data/1784272150_CG) by extension 'ignore_ament_install'
[0.263s] Level 1:colcon.colcon_core.package_identification:_identify(data/1784272150_CG) by extensions ['colcon_pkg']
[0.263s] Level 1:colcon.colcon_core.package_identification:_identify(data/1784272150_CG) by extension 'colcon_pkg'
[0.263s] Level 1:colcon.colcon_core.package_identification:_identify(data/1784272150_CG) by extensions ['colcon_meta']
[0.263s] Level 1:colcon.colcon_core.package_identification:_identify(data/1784272150_CG) by extension 'colcon_meta'
[0.263s] Level 1:colcon.colcon_core.package_identification:_identify(data/1784272150_CG) by extensions ['ros']
[0.263s] Level 1:colcon.colcon_core.package_identification:_identify(data/1784272150_CG) by extension 'ros'
[0.263s] Level 1:colcon.colcon_core.package_identification:_identify(data/1784272150_CG) by extensions ['cmake', 'python']
[0.263s] Level 1:colcon.colcon_core.package_identification:_identify(data/1784272150_CG) by extension 'cmake'
[0.263s] Level 1:colcon.colcon_core.package_identification:_identify(data/1784272150_CG) by extension 'python'
[0.263s] Level 1:colcon.colcon_core.package_identification:_identify(data/1784272150_CG) by extensions ['python_setup_py']
[0.263s] Level 1:colcon.colcon_core.package_identification:_identify(data/1784272150_CG) by extension 'python_setup_py'
[0.263s] Level 1:colcon.colcon_core.package_identification:_identify(data/1784272233_CG) by extensions ['ignore', 'ignore_ament_install']
[0.263s] Level 1:colcon.colcon_core.package_identification:_identify(data/1784272233_CG) by extension 'ignore'
[0.263s] Level 1:colcon.colcon_core.package_identification:_identify(data/1784272233_CG) by extension 'ignore_ament_install'
[0.263s] Level 1:colcon.colcon_core.package_identification:_identify(data/1784272233_CG) by extensions ['colcon_pkg']
[0.263s] Level 1:colcon.colcon_core.package_identification:_identify(data/1784272233_CG) by extension 'colcon_pkg'
[0.263s] Level 1:colcon.colcon_core.package_identification:_identify(data/1784272233_CG) by extensions ['colcon_meta']
[0.263s] Level 1:colcon.colcon_core.package_identification:_identify(data/1784272233_CG) by extension 'colcon_meta'
[0.263s] Level 1:colcon.colcon_core.package_identification:_identify(data/1784272233_CG) by extensions ['ros']
[0.263s] Level 1:colcon.colcon_core.package_identification:_identify(data/1784272233_CG) by extension 'ros'
[0.264s] Level 1:colcon.colcon_core.package_identification:_identify(data/1784272233_CG) by extensions ['cmake', 'python']
[0.264s] Level 1:colcon.colcon_core.package_identification:_identify(data/1784272233_CG) by extension 'cmake'
[0.264s] Level 1:colcon.colcon_core.package_identification:_identify(data/1784272233_CG) by extension 'python'
[0.264s] Level 1:colcon.colcon_core.package_identification:_identify(data/1784272233_CG) by extensions ['python_setup_py']
[0.264s] Level 1:colcon.colcon_core.package_identification:_identify(data/1784272233_CG) by extension 'python_setup_py'
[0.264s] Level 1:colcon.colcon_core.package_identification:_identify(data/1784272263_CG) by extensions ['ignore', 'ignore_ament_install']
[0.264s] Level 1:colcon.colcon_core.package_identification:_identify(data/1784272263_CG) by extension 'ignore'
[0.264s] Level 1:colcon.colcon_core.package_identification:_identify(data/1784272263_CG) by extension 'ignore_ament_install'
[0.264s] Level 1:colcon.colcon_core.package_identification:_identify(data/1784272263_CG) by extensions ['colcon_pkg']
[0.264s] Level 1:colcon.colcon_core.package_identification:_identify(data/1784272263_CG) by extension 'colcon_pkg'
[0.264s] Level 1:colcon.colcon_core.package_identification:_identify(data/1784272263_CG) by extensions ['colcon_meta']
[0.264s] Level 1:colcon.colcon_core.package_identification:_identify(data/1784272263_CG) by extension 'colcon_meta'
[0.264s] Level 1:colcon.colcon_core.package_identification:_identify(data/1784272263_CG) by extensions ['ros']
[0.264s] Level 1:colcon.colcon_core.package_identification:_identify(data/1784272263_CG) by extension 'ros'
[0.264s] Level 1:colcon.colcon_core.package_identification:_identify(data/1784272263_CG) by extensions ['cmake', 'python']
[0.264s] Level 1:colcon.colcon_core.package_identification:_identify(data/1784272263_CG) by extension 'cmake'
[0.264s] Level 1:colcon.colcon_core.package_identification:_identify(data/1784272263_CG) by extension 'python'
[0.264s] Level 1:colcon.colcon_core.package_identification:_identify(data/1784272263_CG) by extensions ['python_setup_py']
[0.264s] Level 1:colcon.colcon_core.package_identification:_identify(data/1784272263_CG) by extension 'python_setup_py'
[0.264s] Level 1:colcon.colcon_core.package_identification:_identify(data/1784274854_CG) by extensions ['ignore', 'ignore_ament_install']
[0.264s] Level 1:colcon.colcon_core.package_identification:_identify(data/1784274854_CG) by extension 'ignore'
[0.264s] Level 1:colcon.colcon_core.package_identification:_identify(data/1784274854_CG) by extension 'ignore_ament_install'
[0.264s] Level 1:colcon.colcon_core.package_identification:_identify(data/1784274854_CG) by extensions ['colcon_pkg']
[0.264s] Level 1:colcon.colcon_core.package_identification:_identify(data/1784274854_CG) by extension 'colcon_pkg'
[0.264s] Level 1:colcon.colcon_core.package_identification:_identify(data/1784274854_CG) by extensions ['colcon_meta']
[0.264s] Level 1:colcon.colcon_core.package_identification:_identify(data/1784274854_CG) by extension 'colcon_meta'
[0.264s] Level 1:colcon.colcon_core.package_identification:_identify(data/1784274854_CG) by extensions ['ros']
[0.265s] Level 1:colcon.colcon_core.package_identification:_identify(data/1784274854_CG) by extension 'ros'
[0.265s] Level 1:colcon.colcon_core.package_identification:_identify(data/1784274854_CG) by extensions ['cmake', 'python']
[0.265s] Level 1:colcon.colcon_core.package_identification:_identify(data/1784274854_CG) by extension 'cmake'
[0.265s] Level 1:colcon.colcon_core.package_identification:_identify(data/1784274854_CG) by extension 'python'
[0.265s] Level 1:colcon.colcon_core.package_identification:_identify(data/1784274854_CG) by extensions ['python_setup_py']
[0.265s] Level 1:colcon.colcon_core.package_identification:_identify(data/1784274854_CG) by extension 'python_setup_py'
[0.265s] Level 1:colcon.colcon_core.package_identification:_identify(data/1784275994_CG) by extensions ['ignore', 'ignore_ament_install']
[0.265s] Level 1:colcon.colcon_core.package_identification:_identify(data/1784275994_CG) by extension 'ignore'
[0.265s] Level 1:colcon.colcon_core.package_identification:_identify(data/1784275994_CG) by extension 'ignore_ament_install'
[0.265s] Level 1:colcon.colcon_core.package_identification:_identify(data/1784275994_CG) by extensions ['colcon_pkg']
[0.265s] Level 1:colcon.colcon_core.package_identification:_identify(data/1784275994_CG) by extension 'colcon_pkg'
[0.265s] Level 1:colcon.colcon_core.package_identification:_identify(data/1784275994_CG) by extensions ['colcon_meta']
[0.265s] Level 1:colcon.colcon_core.package_identification:_identify(data/1784275994_CG) by extension 'colcon_meta'
[0.265s] Level 1:colcon.colcon_core.package_identification:_identify(data/1784275994_CG) by extensions ['ros']
[0.265s] Level 1:colcon.colcon_core.package_identification:_identify(data/1784275994_CG) by extension 'ros'
[0.265s] Level 1:colcon.colcon_core.package_identification:_identify(data/1784275994_CG) by extensions ['cmake', 'python']
[0.265s] Level 1:colcon.colcon_core.package_identification:_identify(data/1784275994_CG) by extension 'cmake'
[0.265s] Level 1:colcon.colcon_core.package_identification:_identify(data/1784275994_CG) by extension 'python'
[0.265s] Level 1:colcon.colcon_core.package_identification:_identify(data/1784275994_CG) by extensions ['python_setup_py']
[0.265s] Level 1:colcon.colcon_core.package_identification:_identify(data/1784275994_CG) by extension 'python_setup_py'
[0.265s] Level 1:colcon.colcon_core.package_identification:_identify(data/1784276030_CG) by extensions ['ignore', 'ignore_ament_install']
[0.265s] Level 1:colcon.colcon_core.package_identification:_identify(data/1784276030_CG) by extension 'ignore'
[0.265s] Level 1:colcon.colcon_core.package_identification:_identify(data/1784276030_CG) by extension 'ignore_ament_install'
[0.265s] Level 1:colcon.colcon_core.package_identification:_identify(data/1784276030_CG) by extensions ['colcon_pkg']
[0.265s] Level 1:colcon.colcon_core.package_identification:_identify(data/1784276030_CG) by extension 'colcon_pkg'
[0.265s] Level 1:colcon.colcon_core.package_identification:_identify(data/1784276030_CG) by extensions ['colcon_meta']
[0.265s] Level 1:colcon.colcon_core.package_identification:_identify(data/1784276030_CG) by extension 'colcon_meta'
[0.265s] Level 1:colcon.colcon_core.package_identification:_identify(data/1784276030_CG) by extensions ['ros']
[0.266s] Level 1:colcon.colcon_core.package_identification:_identify(data/1784276030_CG) by extension 'ros'
[0.266s] Level 1:colcon.colcon_core.package_identification:_identify(data/1784276030_CG) by extensions ['cmake', 'python']
[0.266s] Level 1:colcon.colcon_core.package_identification:_identify(data/1784276030_CG) by extension 'cmake'
[0.266s] Level 1:colcon.colcon_core.package_identification:_identify(data/1784276030_CG) by extension 'python'
[0.266s] Level 1:colcon.colcon_core.package_identification:_identify(data/1784276030_CG) by extensions ['python_setup_py']
[0.266s] Level 1:colcon.colcon_core.package_identification:_identify(data/1784276030_CG) by extension 'python_setup_py'
[0.266s] Level 1:colcon.colcon_core.package_identification:_identify(data/1784276114_CG) by extensions ['ignore', 'ignore_ament_install']
[0.266s] Level 1:colcon.colcon_core.package_identification:_identify(data/1784276114_CG) by extension 'ignore'
[0.266s] Level 1:colcon.colcon_core.package_identification:_identify(data/1784276114_CG) by extension 'ignore_ament_install'
[0.266s] Level 1:colcon.colcon_core.package_identification:_identify(data/1784276114_CG) by extensions ['colcon_pkg']
[0.266s] Level 1:colcon.colcon_core.package_identification:_identify(data/1784276114_CG) by extension 'colcon_pkg'
[0.266s] Level 1:colcon.colcon_core.package_identification:_identify(data/1784276114_CG) by extensions ['colcon_meta']
[0.266s] Level 1:colcon.colcon_core.package_identification:_identify(data/1784276114_CG) by extension 'colcon_meta'
[0.266s] Level 1:colcon.colcon_core.package_identification:_identify(data/1784276114_CG) by extensions ['ros']
[0.266s] Level 1:colcon.colcon_core.package_identification:_identify(data/1784276114_CG) by extension 'ros'
[0.266s] Level 1:colcon.colcon_core.package_identification:_identify(data/1784276114_CG) by extensions ['cmake', 'python']
[0.266s] Level 1:colcon.colcon_core.package_identification:_identify(data/1784276114_CG) by extension 'cmake'
[0.266s] Level 1:colcon.colcon_core.package_identification:_identify(data/1784276114_CG) by extension 'python'
[0.266s] Level 1:colcon.colcon_core.package_identification:_identify(data/1784276114_CG) by extensions ['python_setup_py']
[0.266s] Level 1:colcon.colcon_core.package_identification:_identify(data/1784276114_CG) by extension 'python_setup_py'
[0.266s] Level 1:colcon.colcon_core.package_identification:_identify(data/1784276145_CG) by extensions ['ignore', 'ignore_ament_install']
[0.266s] Level 1:colcon.colcon_core.package_identification:_identify(data/1784276145_CG) by extension 'ignore'
[0.266s] Level 1:colcon.colcon_core.package_identification:_identify(data/1784276145_CG) by extension 'ignore_ament_install'
[0.266s] Level 1:colcon.colcon_core.package_identification:_identify(data/1784276145_CG) by extensions ['colcon_pkg']
[0.266s] Level 1:colcon.colcon_core.package_identification:_identify(data/1784276145_CG) by extension 'colcon_pkg'
[0.266s] Level 1:colcon.colcon_core.package_identification:_identify(data/1784276145_CG) by extensions ['colcon_meta']
[0.266s] Level 1:colcon.colcon_core.package_identification:_identify(data/1784276145_CG) by extension 'colcon_meta'
[0.266s] Level 1:colcon.colcon_core.package_identification:_identify(data/1784276145_CG) by extensions ['ros']
[0.267s] Level 1:colcon.colcon_core.package_identification:_identify(data/1784276145_CG) by extension 'ros'
[0.267s] Level 1:colcon.colcon_core.package_identification:_identify(data/1784276145_CG) by extensions ['cmake', 'python']
[0.267s] Level 1:colcon.colcon_core.package_identification:_identify(data/1784276145_CG) by extension 'cmake'
[0.267s] Level 1:colcon.colcon_core.package_identification:_identify(data/1784276145_CG) by extension 'python'
[0.267s] Level 1:colcon.colcon_core.package_identification:_identify(data/1784276145_CG) by extensions ['python_setup_py']
[0.267s] Level 1:colcon.colcon_core.package_identification:_identify(data/1784276145_CG) by extension 'python_setup_py'
[0.267s] Level 1:colcon.colcon_core.package_identification:_identify(data/1784276255_CG) by extensions ['ignore', 'ignore_ament_install']
[0.267s] Level 1:colcon.colcon_core.package_identification:_identify(data/1784276255_CG) by extension 'ignore'
[0.267s] Level 1:colcon.colcon_core.package_identification:_identify(data/1784276255_CG) by extension 'ignore_ament_install'
[0.267s] Level 1:colcon.colcon_core.package_identification:_identify(data/1784276255_CG) by extensions ['colcon_pkg']
[0.267s] Level 1:colcon.colcon_core.package_identification:_identify(data/1784276255_CG) by extension 'colcon_pkg'
[0.267s] Level 1:colcon.colcon_core.package_identification:_identify(data/1784276255_CG) by extensions ['colcon_meta']
[0.267s] Level 1:colcon.colcon_core.package_identification:_identify(data/1784276255_CG) by extension 'colcon_meta'
[0.267s] Level 1:colcon.colcon_core.package_identification:_identify(data/1784276255_CG) by extensions ['ros']
[0.267s] Level 1:colcon.colcon_core.package_identification:_identify(data/1784276255_CG) by extension 'ros'
[0.267s] Level 1:colcon.colcon_core.package_identification:_identify(data/1784276255_CG) by extensions ['cmake', 'python']
[0.267s] Level 1:colcon.colcon_core.package_identification:_identify(data/1784276255_CG) by extension 'cmake'
[0.267s] Level 1:colcon.colcon_core.package_identification:_identify(data/1784276255_CG) by extension 'python'
[0.267s] Level 1:colcon.colcon_core.package_identification:_identify(data/1784276255_CG) by extensions ['python_setup_py']
[0.267s] Level 1:colcon.colcon_core.package_identification:_identify(data/1784276255_CG) by extension 'python_setup_py'
[0.267s] Level 1:colcon.colcon_core.package_identification:_identify(data/1784276276_CG) by extensions ['ignore', 'ignore_ament_install']
[0.267s] Level 1:colcon.colcon_core.package_identification:_identify(data/1784276276_CG) by extension 'ignore'
[0.267s] Level 1:colcon.colcon_core.package_identification:_identify(data/1784276276_CG) by extension 'ignore_ament_install'
[0.267s] Level 1:colcon.colcon_core.package_identification:_identify(data/1784276276_CG) by extensions ['colcon_pkg']
[0.267s] Level 1:colcon.colcon_core.package_identification:_identify(data/1784276276_CG) by extension 'colcon_pkg'
[0.267s] Level 1:colcon.colcon_core.package_identification:_identify(data/1784276276_CG) by extensions ['colcon_meta']
[0.267s] Level 1:colcon.colcon_core.package_identification:_identify(data/1784276276_CG) by extension 'colcon_meta'
[0.267s] Level 1:colcon.colcon_core.package_identification:_identify(data/1784276276_CG) by extensions ['ros']
[0.267s] Level 1:colcon.colcon_core.package_identification:_identify(data/1784276276_CG) by extension 'ros'
[0.268s] Level 1:colcon.colcon_core.package_identification:_identify(data/1784276276_CG) by extensions ['cmake', 'python']
[0.268s] Level 1:colcon.colcon_core.package_identification:_identify(data/1784276276_CG) by extension 'cmake'
[0.268s] Level 1:colcon.colcon_core.package_identification:_identify(data/1784276276_CG) by extension 'python'
[0.268s] Level 1:colcon.colcon_core.package_identification:_identify(data/1784276276_CG) by extensions ['python_setup_py']
[0.268s] Level 1:colcon.colcon_core.package_identification:_identify(data/1784276276_CG) by extension 'python_setup_py'
[0.268s] Level 1:colcon.colcon_core.package_identification:_identify(data/1784276370_CG) by extensions ['ignore', 'ignore_ament_install']
[0.268s] Level 1:colcon.colcon_core.package_identification:_identify(data/1784276370_CG) by extension 'ignore'
[0.268s] Level 1:colcon.colcon_core.package_identification:_identify(data/1784276370_CG) by extension 'ignore_ament_install'
[0.268s] Level 1:colcon.colcon_core.package_identification:_identify(data/1784276370_CG) by extensions ['colcon_pkg']
[0.268s] Level 1:colcon.colcon_core.package_identification:_identify(data/1784276370_CG) by extension 'colcon_pkg'
[0.268s] Level 1:colcon.colcon_core.package_identification:_identify(data/1784276370_CG) by extensions ['colcon_meta']
[0.268s] Level 1:colcon.colcon_core.package_identification:_identify(data/1784276370_CG) by extension 'colcon_meta'
[0.268s] Level 1:colcon.colcon_core.package_identification:_identify(data/1784276370_CG) by extensions ['ros']
[0.268s] Level 1:colcon.colcon_core.package_identification:_identify(data/1784276370_CG) by extension 'ros'
[0.268s] Level 1:colcon.colcon_core.package_identification:_identify(data/1784276370_CG) by extensions ['cmake', 'python']
[0.268s] Level 1:colcon.colcon_core.package_identification:_identify(data/1784276370_CG) by extension 'cmake'
[0.268s] Level 1:colcon.colcon_core.package_identification:_identify(data/1784276370_CG) by extension 'python'
[0.268s] Level 1:colcon.colcon_core.package_identification:_identify(data/1784276370_CG) by extensions ['python_setup_py']
[0.268s] Level 1:colcon.colcon_core.package_identification:_identify(data/1784276370_CG) by extension 'python_setup_py'
[0.268s] Level 1:colcon.colcon_core.package_identification:_identify(data/1784276475_CG) by extensions ['ignore', 'ignore_ament_install']
[0.268s] Level 1:colcon.colcon_core.package_identification:_identify(data/1784276475_CG) by extension 'ignore'
[0.268s] Level 1:colcon.colcon_core.package_identification:_identify(data/1784276475_CG) by extension 'ignore_ament_install'
[0.268s] Level 1:colcon.colcon_core.package_identification:_identify(data/1784276475_CG) by extensions ['colcon_pkg']
[0.268s] Level 1:colcon.colcon_core.package_identification:_identify(data/1784276475_CG) by extension 'colcon_pkg'
[0.268s] Level 1:colcon.colcon_core.package_identification:_identify(data/1784276475_CG) by extensions ['colcon_meta']
[0.268s] Level 1:colcon.colcon_core.package_identification:_identify(data/1784276475_CG) by extension 'colcon_meta'
[0.269s] Level 1:colcon.colcon_core.package_identification:_identify(data/1784276475_CG) by extensions ['ros']
[0.269s] Level 1:colcon.colcon_core.package_identification:_identify(data/1784276475_CG) by extension 'ros'
[0.269s] Level 1:colcon.colcon_core.package_identification:_identify(data/1784276475_CG) by extensions ['cmake', 'python']
[0.269s] Level 1:colcon.colcon_core.package_identification:_identify(data/1784276475_CG) by extension 'cmake'
[0.269s] Level 1:colcon.colcon_core.package_identification:_identify(data/1784276475_CG) by extension 'python'
[0.269s] Level 1:colcon.colcon_core.package_identification:_identify(data/1784276475_CG) by extensions ['python_setup_py']
[0.269s] Level 1:colcon.colcon_core.package_identification:_identify(data/1784276475_CG) by extension 'python_setup_py'
[0.269s] Level 1:colcon.colcon_core.package_identification:_identify(data/1784277047_CG) by extensions ['ignore', 'ignore_ament_install']
[0.269s] Level 1:colcon.colcon_core.package_identification:_identify(data/1784277047_CG) by extension 'ignore'
[0.269s] Level 1:colcon.colcon_core.package_identification:_identify(data/1784277047_CG) by extension 'ignore_ament_install'
[0.269s] Level 1:colcon.colcon_core.package_identification:_identify(data/1784277047_CG) by extensions ['colcon_pkg']
[0.269s] Level 1:colcon.colcon_core.package_identification:_identify(data/1784277047_CG) by extension 'colcon_pkg'
[0.269s] Level 1:colcon.colcon_core.package_identification:_identify(data/1784277047_CG) by extensions ['colcon_meta']
[0.269s] Level 1:colcon.colcon_core.package_identification:_identify(data/1784277047_CG) by extension 'colcon_meta'
[0.269s] Level 1:colcon.colcon_core.package_identification:_identify(data/1784277047_CG) by extensions ['ros']
[0.269s] Level 1:colcon.colcon_core.package_identification:_identify(data/1784277047_CG) by extension 'ros'
[0.269s] Level 1:colcon.colcon_core.package_identification:_identify(data/1784277047_CG) by extensions ['cmake', 'python']
[0.269s] Level 1:colcon.colcon_core.package_identification:_identify(data/1784277047_CG) by extension 'cmake'
[0.269s] Level 1:colcon.colcon_core.package_identification:_identify(data/1784277047_CG) by extension 'python'
[0.269s] Level 1:colcon.colcon_core.package_identification:_identify(data/1784277047_CG) by extensions ['python_setup_py']
[0.269s] Level 1:colcon.colcon_core.package_identification:_identify(data/1784277047_CG) by extension 'python_setup_py'
[0.269s] Level 1:colcon.colcon_core.package_identification:_identify(data/1784277064_CG) by extensions ['ignore', 'ignore_ament_install']
[0.269s] Level 1:colcon.colcon_core.package_identification:_identify(data/1784277064_CG) by extension 'ignore'
[0.269s] Level 1:colcon.colcon_core.package_identification:_identify(data/1784277064_CG) by extension 'ignore_ament_install'
[0.269s] Level 1:colcon.colcon_core.package_identification:_identify(data/1784277064_CG) by extensions ['colcon_pkg']
[0.269s] Level 1:colcon.colcon_core.package_identification:_identify(data/1784277064_CG) by extension 'colcon_pkg'
[0.269s] Level 1:colcon.colcon_core.package_identification:_identify(data/1784277064_CG) by extensions ['colcon_meta']
[0.269s] Level 1:colcon.colcon_core.package_identification:_identify(data/1784277064_CG) by extension 'colcon_meta'
[0.270s] Level 1:colcon.colcon_core.package_identification:_identify(data/1784277064_CG) by extensions ['ros']
[0.270s] Level 1:colcon.colcon_core.package_identification:_identify(data/1784277064_CG) by extension 'ros'
[0.270s] Level 1:colcon.colcon_core.package_identification:_identify(data/1784277064_CG) by extensions ['cmake', 'python']
[0.270s] Level 1:colcon.colcon_core.package_identification:_identify(data/1784277064_CG) by extension 'cmake'
[0.270s] Level 1:colcon.colcon_core.package_identification:_identify(data/1784277064_CG) by extension 'python'
[0.270s] Level 1:colcon.colcon_core.package_identification:_identify(data/1784277064_CG) by extensions ['python_setup_py']
[0.270s] Level 1:colcon.colcon_core.package_identification:_identify(data/1784277064_CG) by extension 'python_setup_py'
[0.270s] Level 1:colcon.colcon_core.package_identification:_identify(data/1784277327_CG) by extensions ['ignore', 'ignore_ament_install']
[0.270s] Level 1:colcon.colcon_core.package_identification:_identify(data/1784277327_CG) by extension 'ignore'
[0.270s] Level 1:colcon.colcon_core.package_identification:_identify(data/1784277327_CG) by extension 'ignore_ament_install'
[0.270s] Level 1:colcon.colcon_core.package_identification:_identify(data/1784277327_CG) by extensions ['colcon_pkg']
[0.270s] Level 1:colcon.colcon_core.package_identification:_identify(data/1784277327_CG) by extension 'colcon_pkg'
[0.270s] Level 1:colcon.colcon_core.package_identification:_identify(data/1784277327_CG) by extensions ['colcon_meta']
[0.270s] Level 1:colcon.colcon_core.package_identification:_identify(data/1784277327_CG) by extension 'colcon_meta'
[0.270s] Level 1:colcon.colcon_core.package_identification:_identify(data/1784277327_CG) by extensions ['ros']
[0.270s] Level 1:colcon.colcon_core.package_identification:_identify(data/1784277327_CG) by extension 'ros'
[0.270s] Level 1:colcon.colcon_core.package_identification:_identify(data/1784277327_CG) by extensions ['cmake', 'python']
[0.270s] Level 1:colcon.colcon_core.package_identification:_identify(data/1784277327_CG) by extension 'cmake'
[0.270s] Level 1:colcon.colcon_core.package_identification:_identify(data/1784277327_CG) by extension 'python'
[0.270s] Level 1:colcon.colcon_core.package_identification:_identify(data/1784277327_CG) by extensions ['python_setup_py']
[0.270s] Level 1:colcon.colcon_core.package_identification:_identify(data/1784277327_CG) by extension 'python_setup_py'
[0.270s] Level 1:colcon.colcon_core.package_identification:_identify(data/1784277345_CG) by extensions ['ignore', 'ignore_ament_install']
[0.270s] Level 1:colcon.colcon_core.package_identification:_identify(data/1784277345_CG) by extension 'ignore'
[0.270s] Level 1:colcon.colcon_core.package_identification:_identify(data/1784277345_CG) by extension 'ignore_ament_install'
[0.270s] Level 1:colcon.colcon_core.package_identification:_identify(data/1784277345_CG) by extensions ['colcon_pkg']
[0.270s] Level 1:colcon.colcon_core.package_identification:_identify(data/1784277345_CG) by extension 'colcon_pkg'
[0.270s] Level 1:colcon.colcon_core.package_identification:_identify(data/1784277345_CG) by extensions ['colcon_meta']
[0.271s] Level 1:colcon.colcon_core.package_identification:_identify(data/1784277345_CG) by extension 'colcon_meta'
[0.271s] Level 1:colcon.colcon_core.package_identification:_identify(data/1784277345_CG) by extensions ['ros']
[0.271s] Level 1:colcon.colcon_core.package_identification:_identify(data/1784277345_CG) by extension 'ros'
[0.271s] Level 1:colcon.colcon_core.package_identification:_identify(data/1784277345_CG) by extensions ['cmake', 'python']
[0.271s] Level 1:colcon.colcon_core.package_identification:_identify(data/1784277345_CG) by extension 'cmake'
[0.271s] Level 1:colcon.colcon_core.package_identification:_identify(data/1784277345_CG) by extension 'python'
[0.271s] Level 1:colcon.colcon_core.package_identification:_identify(data/1784277345_CG) by extensions ['python_setup_py']
[0.271s] Level 1:colcon.colcon_core.package_identification:_identify(data/1784277345_CG) by extension 'python_setup_py'
[0.271s] Level 1:colcon.colcon_core.package_identification:_identify(data/1784277402_CG) by extensions ['ignore', 'ignore_ament_install']
[0.271s] Level 1:colcon.colcon_core.package_identification:_identify(data/1784277402_CG) by extension 'ignore'
[0.271s] Level 1:colcon.colcon_core.package_identification:_identify(data/1784277402_CG) by extension 'ignore_ament_install'
[0.271s] Level 1:colcon.colcon_core.package_identification:_identify(data/1784277402_CG) by extensions ['colcon_pkg']
[0.271s] Level 1:colcon.colcon_core.package_identification:_identify(data/1784277402_CG) by extension 'colcon_pkg'
[0.271s] Level 1:colcon.colcon_core.package_identification:_identify(data/1784277402_CG) by extensions ['colcon_meta']
[0.271s] Level 1:colcon.colcon_core.package_identification:_identify(data/1784277402_CG) by extension 'colcon_meta'
[0.271s] Level 1:colcon.colcon_core.package_identification:_identify(data/1784277402_CG) by extensions ['ros']
[0.271s] Level 1:colcon.colcon_core.package_identification:_identify(data/1784277402_CG) by extension 'ros'
[0.271s] Level 1:colcon.colcon_core.package_identification:_identify(data/1784277402_CG) by extensions ['cmake', 'python']
[0.271s] Level 1:colcon.colcon_core.package_identification:_identify(data/1784277402_CG) by extension 'cmake'
[0.271s] Level 1:colcon.colcon_core.package_identification:_identify(data/1784277402_CG) by extension 'python'
[0.271s] Level 1:colcon.colcon_core.package_identification:_identify(data/1784277402_CG) by extensions ['python_setup_py']
[0.271s] Level 1:colcon.colcon_core.package_identification:_identify(data/1784277402_CG) by extension 'python_setup_py'
[0.271s] Level 1:colcon.colcon_core.package_identification:_identify(data/1784277416_CG) by extensions ['ignore', 'ignore_ament_install']
[0.271s] Level 1:colcon.colcon_core.package_identification:_identify(data/1784277416_CG) by extension 'ignore'
[0.271s] Level 1:colcon.colcon_core.package_identification:_identify(data/1784277416_CG) by extension 'ignore_ament_install'
[0.271s] Level 1:colcon.colcon_core.package_identification:_identify(data/1784277416_CG) by extensions ['colcon_pkg']
[0.271s] Level 1:colcon.colcon_core.package_identification:_identify(data/1784277416_CG) by extension 'colcon_pkg'
[0.271s] Level 1:colcon.colcon_core.package_identification:_identify(data/1784277416_CG) by extensions ['colcon_meta']
[0.271s] Level 1:colcon.colcon_core.package_identification:_identify(data/1784277416_CG) by extension 'colcon_meta'
[0.272s] Level 1:colcon.colcon_core.package_identification:_identify(data/1784277416_CG) by extensions ['ros']
[0.272s] Level 1:colcon.colcon_core.package_identification:_identify(data/1784277416_CG) by extension 'ros'
[0.272s] Level 1:colcon.colcon_core.package_identification:_identify(data/1784277416_CG) by extensions ['cmake', 'python']
[0.272s] Level 1:colcon.colcon_core.package_identification:_identify(data/1784277416_CG) by extension 'cmake'
[0.272s] Level 1:colcon.colcon_core.package_identification:_identify(data/1784277416_CG) by extension 'python'
[0.272s] Level 1:colcon.colcon_core.package_identification:_identify(data/1784277416_CG) by extensions ['python_setup_py']
[0.272s] Level 1:colcon.colcon_core.package_identification:_identify(data/1784277416_CG) by extension 'python_setup_py'
[0.272s] Level 1:colcon.colcon_core.package_identification:_identify(data/1784277479_CG) by extensions ['ignore', 'ignore_ament_install']
[0.272s] Level 1:colcon.colcon_core.package_identification:_identify(data/1784277479_CG) by extension 'ignore'
[0.272s] Level 1:colcon.colcon_core.package_identification:_identify(data/1784277479_CG) by extension 'ignore_ament_install'
[0.272s] Level 1:colcon.colcon_core.package_identification:_identify(data/1784277479_CG) by extensions ['colcon_pkg']
[0.272s] Level 1:colcon.colcon_core.package_identification:_identify(data/1784277479_CG) by extension 'colcon_pkg'
[0.272s] Level 1:colcon.colcon_core.package_identification:_identify(data/1784277479_CG) by extensions ['colcon_meta']
[0.272s] Level 1:colcon.colcon_core.package_identification:_identify(data/1784277479_CG) by extension 'colcon_meta'
[0.272s] Level 1:colcon.colcon_core.package_identification:_identify(data/1784277479_CG) by extensions ['ros']
[0.272s] Level 1:colcon.colcon_core.package_identification:_identify(data/1784277479_CG) by extension 'ros'
[0.272s] Level 1:colcon.colcon_core.package_identification:_identify(data/1784277479_CG) by extensions ['cmake', 'python']
[0.272s] Level 1:colcon.colcon_core.package_identification:_identify(data/1784277479_CG) by extension 'cmake'
[0.272s] Level 1:colcon.colcon_core.package_identification:_identify(data/1784277479_CG) by extension 'python'
[0.272s] Level 1:colcon.colcon_core.package_identification:_identify(data/1784277479_CG) by extensions ['python_setup_py']
[0.272s] Level 1:colcon.colcon_core.package_identification:_identify(data/1784277479_CG) by extension 'python_setup_py'
[0.272s] Level 1:colcon.colcon_core.package_identification:_identify(data/1784277520_CG) by extensions ['ignore', 'ignore_ament_install']
[0.272s] Level 1:colcon.colcon_core.package_identification:_identify(data/1784277520_CG) by extension 'ignore'
[0.272s] Level 1:colcon.colcon_core.package_identification:_identify(data/1784277520_CG) by extension 'ignore_ament_install'
[0.272s] Level 1:colcon.colcon_core.package_identification:_identify(data/1784277520_CG) by extensions ['colcon_pkg']
[0.272s] Level 1:colcon.colcon_core.package_identification:_identify(data/1784277520_CG) by extension 'colcon_pkg'
[0.272s] Level 1:colcon.colcon_core.package_identification:_identify(data/1784277520_CG) by extensions ['colcon_meta']
[0.272s] Level 1:colcon.colcon_core.package_identification:_identify(data/1784277520_CG) by extension 'colcon_meta'
[0.273s] Level 1:colcon.colcon_core.package_identification:_identify(data/1784277520_CG) by extensions ['ros']
[0.273s] Level 1:colcon.colcon_core.package_identification:_identify(data/1784277520_CG) by extension 'ros'
[0.273s] Level 1:colcon.colcon_core.package_identification:_identify(data/1784277520_CG) by extensions ['cmake', 'python']
[0.273s] Level 1:colcon.colcon_core.package_identification:_identify(data/1784277520_CG) by extension 'cmake'
[0.273s] Level 1:colcon.colcon_core.package_identification:_identify(data/1784277520_CG) by extension 'python'
[0.273s] Level 1:colcon.colcon_core.package_identification:_identify(data/1784277520_CG) by extensions ['python_setup_py']
[0.273s] Level 1:colcon.colcon_core.package_identification:_identify(data/1784277520_CG) by extension 'python_setup_py'
[0.273s] Level 1:colcon.colcon_core.package_identification:_identify(data/1784277545_CG) by extensions ['ignore', 'ignore_ament_install']
[0.273s] Level 1:colcon.colcon_core.package_identification:_identify(data/1784277545_CG) by extension 'ignore'
[0.273s] Level 1:colcon.colcon_core.package_identification:_identify(data/1784277545_CG) by extension 'ignore_ament_install'
[0.273s] Level 1:colcon.colcon_core.package_identification:_identify(data/1784277545_CG) by extensions ['colcon_pkg']
[0.273s] Level 1:colcon.colcon_core.package_identification:_identify(data/1784277545_CG) by extension 'colcon_pkg'
[0.273s] Level 1:colcon.colcon_core.package_identification:_identify(data/1784277545_CG) by extensions ['colcon_meta']
[0.273s] Level 1:colcon.colcon_core.package_identification:_identify(data/1784277545_CG) by extension 'colcon_meta'
[0.273s] Level 1:colcon.colcon_core.package_identification:_identify(data/1784277545_CG) by extensions ['ros']
[0.273s] Level 1:colcon.colcon_core.package_identification:_identify(data/1784277545_CG) by extension 'ros'
[0.273s] Level 1:colcon.colcon_core.package_identification:_identify(data/1784277545_CG) by extensions ['cmake', 'python']
[0.273s] Level 1:colcon.colcon_core.package_identification:_identify(data/1784277545_CG) by extension 'cmake'
[0.273s] Level 1:colcon.colcon_core.package_identification:_identify(data/1784277545_CG) by extension 'python'
[0.273s] Level 1:colcon.colcon_core.package_identification:_identify(data/1784277545_CG) by extensions ['python_setup_py']
[0.273s] Level 1:colcon.colcon_core.package_identification:_identify(data/1784277545_CG) by extension 'python_setup_py'
[0.273s] Level 1:colcon.colcon_core.package_identification:_identify(data/1784277976_CG) by extensions ['ignore', 'ignore_ament_install']
[0.273s] Level 1:colcon.colcon_core.package_identification:_identify(data/1784277976_CG) by extension 'ignore'
[0.273s] Level 1:colcon.colcon_core.package_identification:_identify(data/1784277976_CG) by extension 'ignore_ament_install'
[0.273s] Level 1:colcon.colcon_core.package_identification:_identify(data/1784277976_CG) by extensions ['colcon_pkg']
[0.273s] Level 1:colcon.colcon_core.package_identification:_identify(data/1784277976_CG) by extension 'colcon_pkg'
[0.273s] Level 1:colcon.colcon_core.package_identification:_identify(data/1784277976_CG) by extensions ['colcon_meta']
[0.273s] Level 1:colcon.colcon_core.package_identification:_identify(data/1784277976_CG) by extension 'colcon_meta'
[0.273s] Level 1:colcon.colcon_core.package_identification:_identify(data/1784277976_CG) by extensions ['ros']
[0.274s] Level 1:colcon.colcon_core.package_identification:_identify(data/1784277976_CG) by extension 'ros'
[0.274s] Level 1:colcon.colcon_core.package_identification:_identify(data/1784277976_CG) by extensions ['cmake', 'python']
[0.274s] Level 1:colcon.colcon_core.package_identification:_identify(data/1784277976_CG) by extension 'cmake'
[0.274s] Level 1:colcon.colcon_core.package_identification:_identify(data/1784277976_CG) by extension 'python'
[0.274s] Level 1:colcon.colcon_core.package_identification:_identify(data/1784277976_CG) by extensions ['python_setup_py']
[0.274s] Level 1:colcon.colcon_core.package_identification:_identify(data/1784277976_CG) by extension 'python_setup_py'
[0.274s] Level 1:colcon.colcon_core.package_identification:_identify(data/1784277995_CG) by extensions ['ignore', 'ignore_ament_install']
[0.274s] Level 1:colcon.colcon_core.package_identification:_identify(data/1784277995_CG) by extension 'ignore'
[0.274s] Level 1:colcon.colcon_core.package_identification:_identify(data/1784277995_CG) by extension 'ignore_ament_install'
[0.274s] Level 1:colcon.colcon_core.package_identification:_identify(data/1784277995_CG) by extensions ['colcon_pkg']
[0.274s] Level 1:colcon.colcon_core.package_identification:_identify(data/1784277995_CG) by extension 'colcon_pkg'
[0.274s] Level 1:colcon.colcon_core.package_identification:_identify(data/1784277995_CG) by extensions ['colcon_meta']
[0.274s] Level 1:colcon.colcon_core.package_identification:_identify(data/1784277995_CG) by extension 'colcon_meta'
[0.274s] Level 1:colcon.colcon_core.package_identification:_identify(data/1784277995_CG) by extensions ['ros']
[0.274s] Level 1:colcon.colcon_core.package_identification:_identify(data/1784277995_CG) by extension 'ros'
[0.274s] Level 1:colcon.colcon_core.package_identification:_identify(data/1784277995_CG) by extensions ['cmake', 'python']
[0.274s] Level 1:colcon.colcon_core.package_identification:_identify(data/1784277995_CG) by extension 'cmake'
[0.274s] Level 1:colcon.colcon_core.package_identification:_identify(data/1784277995_CG) by extension 'python'
[0.274s] Level 1:colcon.colcon_core.package_identification:_identify(data/1784277995_CG) by extensions ['python_setup_py']
[0.274s] Level 1:colcon.colcon_core.package_identification:_identify(data/1784277995_CG) by extension 'python_setup_py'
[0.274s] Level 1:colcon.colcon_core.package_identification:_identify(data/1784278058_CG) by extensions ['ignore', 'ignore_ament_install']
[0.274s] Level 1:colcon.colcon_core.package_identification:_identify(data/1784278058_CG) by extension 'ignore'
[0.274s] Level 1:colcon.colcon_core.package_identification:_identify(data/1784278058_CG) by extension 'ignore_ament_install'
[0.274s] Level 1:colcon.colcon_core.package_identification:_identify(data/1784278058_CG) by extensions ['colcon_pkg']
[0.274s] Level 1:colcon.colcon_core.package_identification:_identify(data/1784278058_CG) by extension 'colcon_pkg'
[0.274s] Level 1:colcon.colcon_core.package_identification:_identify(data/1784278058_CG) by extensions ['colcon_meta']
[0.274s] Level 1:colcon.colcon_core.package_identification:_identify(data/1784278058_CG) by extension 'colcon_meta'
[0.274s] Level 1:colcon.colcon_core.package_identification:_identify(data/1784278058_CG) by extensions ['ros']
[0.274s] Level 1:colcon.colcon_core.package_identification:_identify(data/1784278058_CG) by extension 'ros'
[0.275s] Level 1:colcon.colcon_core.package_identification:_identify(data/1784278058_CG) by extensions ['cmake', 'python']
[0.275s] Level 1:colcon.colcon_core.package_identification:_identify(data/1784278058_CG) by extension 'cmake'
[0.275s] Level 1:colcon.colcon_core.package_identification:_identify(data/1784278058_CG) by extension 'python'
[0.275s] Level 1:colcon.colcon_core.package_identification:_identify(data/1784278058_CG) by extensions ['python_setup_py']
[0.275s] Level 1:colcon.colcon_core.package_identification:_identify(data/1784278058_CG) by extension 'python_setup_py'
[0.275s] Level 1:colcon.colcon_core.package_identification:_identify(data/1784278084_CG) by extensions ['ignore', 'ignore_ament_install']
[0.275s] Level 1:colcon.colcon_core.package_identification:_identify(data/1784278084_CG) by extension 'ignore'
[0.275s] Level 1:colcon.colcon_core.package_identification:_identify(data/1784278084_CG) by extension 'ignore_ament_install'
[0.275s] Level 1:colcon.colcon_core.package_identification:_identify(data/1784278084_CG) by extensions ['colcon_pkg']
[0.275s] Level 1:colcon.colcon_core.package_identification:_identify(data/1784278084_CG) by extension 'colcon_pkg'
[0.275s] Level 1:colcon.colcon_core.package_identification:_identify(data/1784278084_CG) by extensions ['colcon_meta']
[0.275s] Level 1:colcon.colcon_core.package_identification:_identify(data/1784278084_CG) by extension 'colcon_meta'
[0.275s] Level 1:colcon.colcon_core.package_identification:_identify(data/1784278084_CG) by extensions ['ros']
[0.275s] Level 1:colcon.colcon_core.package_identification:_identify(data/1784278084_CG) by extension 'ros'
[0.275s] Level 1:colcon.colcon_core.package_identification:_identify(data/1784278084_CG) by extensions ['cmake', 'python']
[0.275s] Level 1:colcon.colcon_core.package_identification:_identify(data/1784278084_CG) by extension 'cmake'
[0.275s] Level 1:colcon.colcon_core.package_identification:_identify(data/1784278084_CG) by extension 'python'
[0.275s] Level 1:colcon.colcon_core.package_identification:_identify(data/1784278084_CG) by extensions ['python_setup_py']
[0.275s] Level 1:colcon.colcon_core.package_identification:_identify(data/1784278084_CG) by extension 'python_setup_py'
[0.275s] Level 1:colcon.colcon_core.package_identification:_identify(data/1784278139_CG) by extensions ['ignore', 'ignore_ament_install']
[0.275s] Level 1:colcon.colcon_core.package_identification:_identify(data/1784278139_CG) by extension 'ignore'
[0.275s] Level 1:colcon.colcon_core.package_identification:_identify(data/1784278139_CG) by extension 'ignore_ament_install'
[0.275s] Level 1:colcon.colcon_core.package_identification:_identify(data/1784278139_CG) by extensions ['colcon_pkg']
[0.275s] Level 1:colcon.colcon_core.package_identification:_identify(data/1784278139_CG) by extension 'colcon_pkg'
[0.275s] Level 1:colcon.colcon_core.package_identification:_identify(data/1784278139_CG) by extensions ['colcon_meta']
[0.275s] Level 1:colcon.colcon_core.package_identification:_identify(data/1784278139_CG) by extension 'colcon_meta'
[0.275s] Level 1:colcon.colcon_core.package_identification:_identify(data/1784278139_CG) by extensions ['ros']
[0.275s] Level 1:colcon.colcon_core.package_identification:_identify(data/1784278139_CG) by extension 'ros'
[0.275s] Level 1:colcon.colcon_core.package_identification:_identify(data/1784278139_CG) by extensions ['cmake', 'python']
[0.276s] Level 1:colcon.colcon_core.package_identification:_identify(data/1784278139_CG) by extension 'cmake'
[0.276s] Level 1:colcon.colcon_core.package_identification:_identify(data/1784278139_CG) by extension 'python'
[0.276s] Level 1:colcon.colcon_core.package_identification:_identify(data/1784278139_CG) by extensions ['python_setup_py']
[0.276s] Level 1:colcon.colcon_core.package_identification:_identify(data/1784278139_CG) by extension 'python_setup_py'
[0.276s] Level 1:colcon.colcon_core.package_identification:_identify(data/1784278218_CG) by extensions ['ignore', 'ignore_ament_install']
[0.276s] Level 1:colcon.colcon_core.package_identification:_identify(data/1784278218_CG) by extension 'ignore'
[0.276s] Level 1:colcon.colcon_core.package_identification:_identify(data/1784278218_CG) by extension 'ignore_ament_install'
[0.276s] Level 1:colcon.colcon_core.package_identification:_identify(data/1784278218_CG) by extensions ['colcon_pkg']
[0.276s] Level 1:colcon.colcon_core.package_identification:_identify(data/1784278218_CG) by extension 'colcon_pkg'
[0.276s] Level 1:colcon.colcon_core.package_identification:_identify(data/1784278218_CG) by extensions ['colcon_meta']
[0.276s] Level 1:colcon.colcon_core.package_identification:_identify(data/1784278218_CG) by extension 'colcon_meta'
[0.276s] Level 1:colcon.colcon_core.package_identification:_identify(data/1784278218_CG) by extensions ['ros']
[0.276s] Level 1:colcon.colcon_core.package_identification:_identify(data/1784278218_CG) by extension 'ros'
[0.276s] Level 1:colcon.colcon_core.package_identification:_identify(data/1784278218_CG) by extensions ['cmake', 'python']
[0.276s] Level 1:colcon.colcon_core.package_identification:_identify(data/1784278218_CG) by extension 'cmake'
[0.276s] Level 1:colcon.colcon_core.package_identification:_identify(data/1784278218_CG) by extension 'python'
[0.276s] Level 1:colcon.colcon_core.package_identification:_identify(data/1784278218_CG) by extensions ['python_setup_py']
[0.276s] Level 1:colcon.colcon_core.package_identification:_identify(data/1784278218_CG) by extension 'python_setup_py'
[0.276s] Level 1:colcon.colcon_core.package_identification:_identify(data/1784278265_CG) by extensions ['ignore', 'ignore_ament_install']
[0.276s] Level 1:colcon.colcon_core.package_identification:_identify(data/1784278265_CG) by extension 'ignore'
[0.276s] Level 1:colcon.colcon_core.package_identification:_identify(data/1784278265_CG) by extension 'ignore_ament_install'
[0.276s] Level 1:colcon.colcon_core.package_identification:_identify(data/1784278265_CG) by extensions ['colcon_pkg']
[0.276s] Level 1:colcon.colcon_core.package_identification:_identify(data/1784278265_CG) by extension 'colcon_pkg'
[0.276s] Level 1:colcon.colcon_core.package_identification:_identify(data/1784278265_CG) by extensions ['colcon_meta']
[0.276s] Level 1:colcon.colcon_core.package_identification:_identify(data/1784278265_CG) by extension 'colcon_meta'
[0.276s] Level 1:colcon.colcon_core.package_identification:_identify(data/1784278265_CG) by extensions ['ros']
[0.276s] Level 1:colcon.colcon_core.package_identification:_identify(data/1784278265_CG) by extension 'ros'
[0.277s] Level 1:colcon.colcon_core.package_identification:_identify(data/1784278265_CG) by extensions ['cmake', 'python']
[0.277s] Level 1:colcon.colcon_core.package_identification:_identify(data/1784278265_CG) by extension 'cmake'
[0.277s] Level 1:colcon.colcon_core.package_identification:_identify(data/1784278265_CG) by extension 'python'
[0.277s] Level 1:colcon.colcon_core.package_identification:_identify(data/1784278265_CG) by extensions ['python_setup_py']
[0.277s] Level 1:colcon.colcon_core.package_identification:_identify(data/1784278265_CG) by extension 'python_setup_py'
[0.277s] Level 1:colcon.colcon_core.package_identification:_identify(data/1784278384_CG) by extensions ['ignore', 'ignore_ament_install']
[0.277s] Level 1:colcon.colcon_core.package_identification:_identify(data/1784278384_CG) by extension 'ignore'
[0.277s] Level 1:colcon.colcon_core.package_identification:_identify(data/1784278384_CG) by extension 'ignore_ament_install'
[0.277s] Level 1:colcon.colcon_core.package_identification:_identify(data/1784278384_CG) by extensions ['colcon_pkg']
[0.277s] Level 1:colcon.colcon_core.package_identification:_identify(data/1784278384_CG) by extension 'colcon_pkg'
[0.277s] Level 1:colcon.colcon_core.package_identification:_identify(data/1784278384_CG) by extensions ['colcon_meta']
[0.277s] Level 1:colcon.colcon_core.package_identification:_identify(data/1784278384_CG) by extension 'colcon_meta'
[0.277s] Level 1:colcon.colcon_core.package_identification:_identify(data/1784278384_CG) by extensions ['ros']
[0.277s] Level 1:colcon.colcon_core.package_identification:_identify(data/1784278384_CG) by extension 'ros'
[0.277s] Level 1:colcon.colcon_core.package_identification:_identify(data/1784278384_CG) by extensions ['cmake', 'python']
[0.277s] Level 1:colcon.colcon_core.package_identification:_identify(data/1784278384_CG) by extension 'cmake'
[0.277s] Level 1:colcon.colcon_core.package_identification:_identify(data/1784278384_CG) by extension 'python'
[0.277s] Level 1:colcon.colcon_core.package_identification:_identify(data/1784278384_CG) by extensions ['python_setup_py']
[0.277s] Level 1:colcon.colcon_core.package_identification:_identify(data/1784278384_CG) by extension 'python_setup_py'
[0.277s] Level 1:colcon.colcon_core.package_identification:_identify(data/1784278527_CG) by extensions ['ignore', 'ignore_ament_install']
[0.277s] Level 1:colcon.colcon_core.package_identification:_identify(data/1784278527_CG) by extension 'ignore'
[0.277s] Level 1:colcon.colcon_core.package_identification:_identify(data/1784278527_CG) by extension 'ignore_ament_install'
[0.277s] Level 1:colcon.colcon_core.package_identification:_identify(data/1784278527_CG) by extensions ['colcon_pkg']
[0.277s] Level 1:colcon.colcon_core.package_identification:_identify(data/1784278527_CG) by extension 'colcon_pkg'
[0.277s] Level 1:colcon.colcon_core.package_identification:_identify(data/1784278527_CG) by extensions ['colcon_meta']
[0.277s] Level 1:colcon.colcon_core.package_identification:_identify(data/1784278527_CG) by extension 'colcon_meta'
[0.277s] Level 1:colcon.colcon_core.package_identification:_identify(data/1784278527_CG) by extensions ['ros']
[0.277s] Level 1:colcon.colcon_core.package_identification:_identify(data/1784278527_CG) by extension 'ros'
[0.277s] Level 1:colcon.colcon_core.package_identification:_identify(data/1784278527_CG) by extensions ['cmake', 'python']
[0.278s] Level 1:colcon.colcon_core.package_identification:_identify(data/1784278527_CG) by extension 'cmake'
[0.278s] Level 1:colcon.colcon_core.package_identification:_identify(data/1784278527_CG) by extension 'python'
[0.278s] Level 1:colcon.colcon_core.package_identification:_identify(data/1784278527_CG) by extensions ['python_setup_py']
[0.278s] Level 1:colcon.colcon_core.package_identification:_identify(data/1784278527_CG) by extension 'python_setup_py'
[0.278s] Level 1:colcon.colcon_core.package_identification:_identify(data/1784278633_CG) by extensions ['ignore', 'ignore_ament_install']
[0.278s] Level 1:colcon.colcon_core.package_identification:_identify(data/1784278633_CG) by extension 'ignore'
[0.278s] Level 1:colcon.colcon_core.package_identification:_identify(data/1784278633_CG) by extension 'ignore_ament_install'
[0.278s] Level 1:colcon.colcon_core.package_identification:_identify(data/1784278633_CG) by extensions ['colcon_pkg']
[0.278s] Level 1:colcon.colcon_core.package_identification:_identify(data/1784278633_CG) by extension 'colcon_pkg'
[0.278s] Level 1:colcon.colcon_core.package_identification:_identify(data/1784278633_CG) by extensions ['colcon_meta']
[0.278s] Level 1:colcon.colcon_core.package_identification:_identify(data/1784278633_CG) by extension 'colcon_meta'
[0.278s] Level 1:colcon.colcon_core.package_identification:_identify(data/1784278633_CG) by extensions ['ros']
[0.278s] Level 1:colcon.colcon_core.package_identification:_identify(data/1784278633_CG) by extension 'ros'
[0.278s] Level 1:colcon.colcon_core.package_identification:_identify(data/1784278633_CG) by extensions ['cmake', 'python']
[0.278s] Level 1:colcon.colcon_core.package_identification:_identify(data/1784278633_CG) by extension 'cmake'
[0.278s] Level 1:colcon.colcon_core.package_identification:_identify(data/1784278633_CG) by extension 'python'
[0.278s] Level 1:colcon.colcon_core.package_identification:_identify(data/1784278633_CG) by extensions ['python_setup_py']
[0.278s] Level 1:colcon.colcon_core.package_identification:_identify(data/1784278633_CG) by extension 'python_setup_py'
[0.278s] Level 1:colcon.colcon_core.package_identification:_identify(data/1784278808_CG) by extensions ['ignore', 'ignore_ament_install']
[0.278s] Level 1:colcon.colcon_core.package_identification:_identify(data/1784278808_CG) by extension 'ignore'
[0.278s] Level 1:colcon.colcon_core.package_identification:_identify(data/1784278808_CG) by extension 'ignore_ament_install'
[0.278s] Level 1:colcon.colcon_core.package_identification:_identify(data/1784278808_CG) by extensions ['colcon_pkg']
[0.278s] Level 1:colcon.colcon_core.package_identification:_identify(data/1784278808_CG) by extension 'colcon_pkg'
[0.278s] Level 1:colcon.colcon_core.package_identification:_identify(data/1784278808_CG) by extensions ['colcon_meta']
[0.278s] Level 1:colcon.colcon_core.package_identification:_identify(data/1784278808_CG) by extension 'colcon_meta'
[0.278s] Level 1:colcon.colcon_core.package_identification:_identify(data/1784278808_CG) by extensions ['ros']
[0.278s] Level 1:colcon.colcon_core.package_identification:_identify(data/1784278808_CG) by extension 'ros'
[0.278s] Level 1:colcon.colcon_core.package_identification:_identify(data/1784278808_CG) by extensions ['cmake', 'python']
[0.278s] Level 1:colcon.colcon_core.package_identification:_identify(data/1784278808_CG) by extension 'cmake'
[0.279s] Level 1:colcon.colcon_core.package_identification:_identify(data/1784278808_CG) by extension 'python'
[0.279s] Level 1:colcon.colcon_core.package_identification:_identify(data/1784278808_CG) by extensions ['python_setup_py']
[0.279s] Level 1:colcon.colcon_core.package_identification:_identify(data/1784278808_CG) by extension 'python_setup_py'
[0.279s] Level 1:colcon.colcon_core.package_identification:_identify(data/1784279279_CG) by extensions ['ignore', 'ignore_ament_install']
[0.279s] Level 1:colcon.colcon_core.package_identification:_identify(data/1784279279_CG) by extension 'ignore'
[0.279s] Level 1:colcon.colcon_core.package_identification:_identify(data/1784279279_CG) by extension 'ignore_ament_install'
[0.279s] Level 1:colcon.colcon_core.package_identification:_identify(data/1784279279_CG) by extensions ['colcon_pkg']
[0.279s] Level 1:colcon.colcon_core.package_identification:_identify(data/1784279279_CG) by extension 'colcon_pkg'
[0.279s] Level 1:colcon.colcon_core.package_identification:_identify(data/1784279279_CG) by extensions ['colcon_meta']
[0.279s] Level 1:colcon.colcon_core.package_identification:_identify(data/1784279279_CG) by extension 'colcon_meta'
[0.279s] Level 1:colcon.colcon_core.package_identification:_identify(data/1784279279_CG) by extensions ['ros']
[0.279s] Level 1:colcon.colcon_core.package_identification:_identify(data/1784279279_CG) by extension 'ros'
[0.279s] Level 1:colcon.colcon_core.package_identification:_identify(data/1784279279_CG) by extensions ['cmake', 'python']
[0.279s] Level 1:colcon.colcon_core.package_identification:_identify(data/1784279279_CG) by extension 'cmake'
[0.279s] Level 1:colcon.colcon_core.package_identification:_identify(data/1784279279_CG) by extension 'python'
[0.279s] Level 1:colcon.colcon_core.package_identification:_identify(data/1784279279_CG) by extensions ['python_setup_py']
[0.279s] Level 1:colcon.colcon_core.package_identification:_identify(data/1784279279_CG) by extension 'python_setup_py'
[0.279s] Level 1:colcon.colcon_core.package_identification:_identify(data/1784279491_CG) by extensions ['ignore', 'ignore_ament_install']
[0.279s] Level 1:colcon.colcon_core.package_identification:_identify(data/1784279491_CG) by extension 'ignore'
[0.279s] Level 1:colcon.colcon_core.package_identification:_identify(data/1784279491_CG) by extension 'ignore_ament_install'
[0.279s] Level 1:colcon.colcon_core.package_identification:_identify(data/1784279491_CG) by extensions ['colcon_pkg']
[0.279s] Level 1:colcon.colcon_core.package_identification:_identify(data/1784279491_CG) by extension 'colcon_pkg'
[0.279s] Level 1:colcon.colcon_core.package_identification:_identify(data/1784279491_CG) by extensions ['colcon_meta']
[0.279s] Level 1:colcon.colcon_core.package_identification:_identify(data/1784279491_CG) by extension 'colcon_meta'
[0.279s] Level 1:colcon.colcon_core.package_identification:_identify(data/1784279491_CG) by extensions ['ros']
[0.279s] Level 1:colcon.colcon_core.package_identification:_identify(data/1784279491_CG) by extension 'ros'
[0.279s] Level 1:colcon.colcon_core.package_identification:_identify(data/1784279491_CG) by extensions ['cmake', 'python']
[0.279s] Level 1:colcon.colcon_core.package_identification:_identify(data/1784279491_CG) by extension 'cmake'
[0.279s] Level 1:colcon.colcon_core.package_identification:_identify(data/1784279491_CG) by extension 'python'
[0.280s] Level 1:colcon.colcon_core.package_identification:_identify(data/1784279491_CG) by extensions ['python_setup_py']
[0.280s] Level 1:colcon.colcon_core.package_identification:_identify(data/1784279491_CG) by extension 'python_setup_py'
[0.280s] Level 1:colcon.colcon_core.package_identification:_identify(data/1784279586_CG) by extensions ['ignore', 'ignore_ament_install']
[0.280s] Level 1:colcon.colcon_core.package_identification:_identify(data/1784279586_CG) by extension 'ignore'
[0.280s] Level 1:colcon.colcon_core.package_identification:_identify(data/1784279586_CG) by extension 'ignore_ament_install'
[0.280s] Level 1:colcon.colcon_core.package_identification:_identify(data/1784279586_CG) by extensions ['colcon_pkg']
[0.280s] Level 1:colcon.colcon_core.package_identification:_identify(data/1784279586_CG) by extension 'colcon_pkg'
[0.280s] Level 1:colcon.colcon_core.package_identification:_identify(data/1784279586_CG) by extensions ['colcon_meta']
[0.280s] Level 1:colcon.colcon_core.package_identification:_identify(data/1784279586_CG) by extension 'colcon_meta'
[0.280s] Level 1:colcon.colcon_core.package_identification:_identify(data/1784279586_CG) by extensions ['ros']
[0.280s] Level 1:colcon.colcon_core.package_identification:_identify(data/1784279586_CG) by extension 'ros'
[0.280s] Level 1:colcon.colcon_core.package_identification:_identify(data/1784279586_CG) by extensions ['cmake', 'python']
[0.280s] Level 1:colcon.colcon_core.package_identification:_identify(data/1784279586_CG) by extension 'cmake'
[0.280s] Level 1:colcon.colcon_core.package_identification:_identify(data/1784279586_CG) by extension 'python'
[0.280s] Level 1:colcon.colcon_core.package_identification:_identify(data/1784279586_CG) by extensions ['python_setup_py']
[0.280s] Level 1:colcon.colcon_core.package_identification:_identify(data/1784279586_CG) by extension 'python_setup_py'
[0.280s] Level 1:colcon.colcon_core.package_identification:_identify(data/1784279697_CG) by extensions ['ignore', 'ignore_ament_install']
[0.280s] Level 1:colcon.colcon_core.package_identification:_identify(data/1784279697_CG) by extension 'ignore'
[0.280s] Level 1:colcon.colcon_core.package_identification:_identify(data/1784279697_CG) by extension 'ignore_ament_install'
[0.280s] Level 1:colcon.colcon_core.package_identification:_identify(data/1784279697_CG) by extensions ['colcon_pkg']
[0.280s] Level 1:colcon.colcon_core.package_identification:_identify(data/1784279697_CG) by extension 'colcon_pkg'
[0.280s] Level 1:colcon.colcon_core.package_identification:_identify(data/1784279697_CG) by extensions ['colcon_meta']
[0.280s] Level 1:colcon.colcon_core.package_identification:_identify(data/1784279697_CG) by extension 'colcon_meta'
[0.280s] Level 1:colcon.colcon_core.package_identification:_identify(data/1784279697_CG) by extensions ['ros']
[0.280s] Level 1:colcon.colcon_core.package_identification:_identify(data/1784279697_CG) by extension 'ros'
[0.280s] Level 1:colcon.colcon_core.package_identification:_identify(data/1784279697_CG) by extensions ['cmake', 'python']
[0.280s] Level 1:colcon.colcon_core.package_identification:_identify(data/1784279697_CG) by extension 'cmake'
[0.280s] Level 1:colcon.colcon_core.package_identification:_identify(data/1784279697_CG) by extension 'python'
[0.280s] Level 1:colcon.colcon_core.package_identification:_identify(data/1784279697_CG) by extensions ['python_setup_py']
[0.280s] Level 1:colcon.colcon_core.package_identification:_identify(data/1784279697_CG) by extension 'python_setup_py'
[0.281s] Level 1:colcon.colcon_core.package_identification:_identify(data/1784280266_CG) by extensions ['ignore', 'ignore_ament_install']
[0.281s] Level 1:colcon.colcon_core.package_identification:_identify(data/1784280266_CG) by extension 'ignore'
[0.281s] Level 1:colcon.colcon_core.package_identification:_identify(data/1784280266_CG) by extension 'ignore_ament_install'
[0.281s] Level 1:colcon.colcon_core.package_identification:_identify(data/1784280266_CG) by extensions ['colcon_pkg']
[0.281s] Level 1:colcon.colcon_core.package_identification:_identify(data/1784280266_CG) by extension 'colcon_pkg'
[0.281s] Level 1:colcon.colcon_core.package_identification:_identify(data/1784280266_CG) by extensions ['colcon_meta']
[0.281s] Level 1:colcon.colcon_core.package_identification:_identify(data/1784280266_CG) by extension 'colcon_meta'
[0.281s] Level 1:colcon.colcon_core.package_identification:_identify(data/1784280266_CG) by extensions ['ros']
[0.281s] Level 1:colcon.colcon_core.package_identification:_identify(data/1784280266_CG) by extension 'ros'
[0.281s] Level 1:colcon.colcon_core.package_identification:_identify(data/1784280266_CG) by extensions ['cmake', 'python']
[0.281s] Level 1:colcon.colcon_core.package_identification:_identify(data/1784280266_CG) by extension 'cmake'
[0.281s] Level 1:colcon.colcon_core.package_identification:_identify(data/1784280266_CG) by extension 'python'
[0.281s] Level 1:colcon.colcon_core.package_identification:_identify(data/1784280266_CG) by extensions ['python_setup_py']
[0.281s] Level 1:colcon.colcon_core.package_identification:_identify(data/1784280266_CG) by extension 'python_setup_py'
[0.281s] Level 1:colcon.colcon_core.package_identification:_identify(data/1784280290_CG) by extensions ['ignore', 'ignore_ament_install']
[0.281s] Level 1:colcon.colcon_core.package_identification:_identify(data/1784280290_CG) by extension 'ignore'
[0.281s] Level 1:colcon.colcon_core.package_identification:_identify(data/1784280290_CG) by extension 'ignore_ament_install'
[0.281s] Level 1:colcon.colcon_core.package_identification:_identify(data/1784280290_CG) by extensions ['colcon_pkg']
[0.281s] Level 1:colcon.colcon_core.package_identification:_identify(data/1784280290_CG) by extension 'colcon_pkg'
[0.281s] Level 1:colcon.colcon_core.package_identification:_identify(data/1784280290_CG) by extensions ['colcon_meta']
[0.281s] Level 1:colcon.colcon_core.package_identification:_identify(data/1784280290_CG) by extension 'colcon_meta'
[0.281s] Level 1:colcon.colcon_core.package_identification:_identify(data/1784280290_CG) by extensions ['ros']
[0.281s] Level 1:colcon.colcon_core.package_identification:_identify(data/1784280290_CG) by extension 'ros'
[0.281s] Level 1:colcon.colcon_core.package_identification:_identify(data/1784280290_CG) by extensions ['cmake', 'python']
[0.281s] Level 1:colcon.colcon_core.package_identification:_identify(data/1784280290_CG) by extension 'cmake'
[0.281s] Level 1:colcon.colcon_core.package_identification:_identify(data/1784280290_CG) by extension 'python'
[0.281s] Level 1:colcon.colcon_core.package_identification:_identify(data/1784280290_CG) by extensions ['python_setup_py']
[0.281s] Level 1:colcon.colcon_core.package_identification:_identify(data/1784280290_CG) by extension 'python_setup_py'
[0.282s] Level 1:colcon.colcon_core.package_identification:_identify(data/1784280309_CG) by extensions ['ignore', 'ignore_ament_install']
[0.282s] Level 1:colcon.colcon_core.package_identification:_identify(data/1784280309_CG) by extension 'ignore'
[0.282s] Level 1:colcon.colcon_core.package_identification:_identify(data/1784280309_CG) by extension 'ignore_ament_install'
[0.282s] Level 1:colcon.colcon_core.package_identification:_identify(data/1784280309_CG) by extensions ['colcon_pkg']
[0.282s] Level 1:colcon.colcon_core.package_identification:_identify(data/1784280309_CG) by extension 'colcon_pkg'
[0.282s] Level 1:colcon.colcon_core.package_identification:_identify(data/1784280309_CG) by extensions ['colcon_meta']
[0.282s] Level 1:colcon.colcon_core.package_identification:_identify(data/1784280309_CG) by extension 'colcon_meta'
[0.282s] Level 1:colcon.colcon_core.package_identification:_identify(data/1784280309_CG) by extensions ['ros']
[0.282s] Level 1:colcon.colcon_core.package_identification:_identify(data/1784280309_CG) by extension 'ros'
[0.282s] Level 1:colcon.colcon_core.package_identification:_identify(data/1784280309_CG) by extensions ['cmake', 'python']
[0.282s] Level 1:colcon.colcon_core.package_identification:_identify(data/1784280309_CG) by extension 'cmake'
[0.282s] Level 1:colcon.colcon_core.package_identification:_identify(data/1784280309_CG) by extension 'python'
[0.282s] Level 1:colcon.colcon_core.package_identification:_identify(data/1784280309_CG) by extensions ['python_setup_py']
[0.282s] Level 1:colcon.colcon_core.package_identification:_identify(data/1784280309_CG) by extension 'python_setup_py'
[0.282s] Level 1:colcon.colcon_core.package_identification:_identify(data/1784280339_CG) by extensions ['ignore', 'ignore_ament_install']
[0.282s] Level 1:colcon.colcon_core.package_identification:_identify(data/1784280339_CG) by extension 'ignore'
[0.282s] Level 1:colcon.colcon_core.package_identification:_identify(data/1784280339_CG) by extension 'ignore_ament_install'
[0.282s] Level 1:colcon.colcon_core.package_identification:_identify(data/1784280339_CG) by extensions ['colcon_pkg']
[0.282s] Level 1:colcon.colcon_core.package_identification:_identify(data/1784280339_CG) by extension 'colcon_pkg'
[0.282s] Level 1:colcon.colcon_core.package_identification:_identify(data/1784280339_CG) by extensions ['colcon_meta']
[0.282s] Level 1:colcon.colcon_core.package_identification:_identify(data/1784280339_CG) by extension 'colcon_meta'
[0.282s] Level 1:colcon.colcon_core.package_identification:_identify(data/1784280339_CG) by extensions ['ros']
[0.282s] Level 1:colcon.colcon_core.package_identification:_identify(data/1784280339_CG) by extension 'ros'
[0.282s] Level 1:colcon.colcon_core.package_identification:_identify(data/1784280339_CG) by extensions ['cmake', 'python']
[0.282s] Level 1:colcon.colcon_core.package_identification:_identify(data/1784280339_CG) by extension 'cmake'
[0.282s] Level 1:colcon.colcon_core.package_identification:_identify(data/1784280339_CG) by extension 'python'
[0.282s] Level 1:colcon.colcon_core.package_identification:_identify(data/1784280339_CG) by extensions ['python_setup_py']
[0.282s] Level 1:colcon.colcon_core.package_identification:_identify(data/1784280339_CG) by extension 'python_setup_py'
[0.283s] Level 1:colcon.colcon_core.package_identification:_identify(data/1784280354_CG) by extensions ['ignore', 'ignore_ament_install']
[0.283s] Level 1:colcon.colcon_core.package_identification:_identify(data/1784280354_CG) by extension 'ignore'
[0.283s] Level 1:colcon.colcon_core.package_identification:_identify(data/1784280354_CG) by extension 'ignore_ament_install'
[0.283s] Level 1:colcon.colcon_core.package_identification:_identify(data/1784280354_CG) by extensions ['colcon_pkg']
[0.283s] Level 1:colcon.colcon_core.package_identification:_identify(data/1784280354_CG) by extension 'colcon_pkg'
[0.283s] Level 1:colcon.colcon_core.package_identification:_identify(data/1784280354_CG) by extensions ['colcon_meta']
[0.283s] Level 1:colcon.colcon_core.package_identification:_identify(data/1784280354_CG) by extension 'colcon_meta'
[0.283s] Level 1:colcon.colcon_core.package_identification:_identify(data/1784280354_CG) by extensions ['ros']
[0.283s] Level 1:colcon.colcon_core.package_identification:_identify(data/1784280354_CG) by extension 'ros'
[0.283s] Level 1:colcon.colcon_core.package_identification:_identify(data/1784280354_CG) by extensions ['cmake', 'python']
[0.283s] Level 1:colcon.colcon_core.package_identification:_identify(data/1784280354_CG) by extension 'cmake'
[0.283s] Level 1:colcon.colcon_core.package_identification:_identify(data/1784280354_CG) by extension 'python'
[0.283s] Level 1:colcon.colcon_core.package_identification:_identify(data/1784280354_CG) by extensions ['python_setup_py']
[0.283s] Level 1:colcon.colcon_core.package_identification:_identify(data/1784280354_CG) by extension 'python_setup_py'
[0.283s] Level 1:colcon.colcon_core.package_identification:_identify(data/1784280447_CG) by extensions ['ignore', 'ignore_ament_install']
[0.283s] Level 1:colcon.colcon_core.package_identification:_identify(data/1784280447_CG) by extension 'ignore'
[0.283s] Level 1:colcon.colcon_core.package_identification:_identify(data/1784280447_CG) by extension 'ignore_ament_install'
[0.283s] Level 1:colcon.colcon_core.package_identification:_identify(data/1784280447_CG) by extensions ['colcon_pkg']
[0.283s] Level 1:colcon.colcon_core.package_identification:_identify(data/1784280447_CG) by extension 'colcon_pkg'
[0.283s] Level 1:colcon.colcon_core.package_identification:_identify(data/1784280447_CG) by extensions ['colcon_meta']
[0.283s] Level 1:colcon.colcon_core.package_identification:_identify(data/1784280447_CG) by extension 'colcon_meta'
[0.283s] Level 1:colcon.colcon_core.package_identification:_identify(data/1784280447_CG) by extensions ['ros']
[0.283s] Level 1:colcon.colcon_core.package_identification:_identify(data/1784280447_CG) by extension 'ros'
[0.283s] Level 1:colcon.colcon_core.package_identification:_identify(data/1784280447_CG) by extensions ['cmake', 'python']
[0.283s] Level 1:colcon.colcon_core.package_identification:_identify(data/1784280447_CG) by extension 'cmake'
[0.283s] Level 1:colcon.colcon_core.package_identification:_identify(data/1784280447_CG) by extension 'python'
[0.283s] Level 1:colcon.colcon_core.package_identification:_identify(data/1784280447_CG) by extensions ['python_setup_py']
[0.283s] Level 1:colcon.colcon_core.package_identification:_identify(data/1784280447_CG) by extension 'python_setup_py'
[0.283s] Level 1:colcon.colcon_core.package_identification:_identify(data/1784280536_CG) by extensions ['ignore', 'ignore_ament_install']
[0.284s] Level 1:colcon.colcon_core.package_identification:_identify(data/1784280536_CG) by extension 'ignore'
[0.284s] Level 1:colcon.colcon_core.package_identification:_identify(data/1784280536_CG) by extension 'ignore_ament_install'
[0.284s] Level 1:colcon.colcon_core.package_identification:_identify(data/1784280536_CG) by extensions ['colcon_pkg']
[0.284s] Level 1:colcon.colcon_core.package_identification:_identify(data/1784280536_CG) by extension 'colcon_pkg'
[0.284s] Level 1:colcon.colcon_core.package_identification:_identify(data/1784280536_CG) by extensions ['colcon_meta']
[0.284s] Level 1:colcon.colcon_core.package_identification:_identify(data/1784280536_CG) by extension 'colcon_meta'
[0.284s] Level 1:colcon.colcon_core.package_identification:_identify(data/1784280536_CG) by extensions ['ros']
[0.284s] Level 1:colcon.colcon_core.package_identification:_identify(data/1784280536_CG) by extension 'ros'
[0.284s] Level 1:colcon.colcon_core.package_identification:_identify(data/1784280536_CG) by extensions ['cmake', 'python']
[0.284s] Level 1:colcon.colcon_core.package_identification:_identify(data/1784280536_CG) by extension 'cmake'
[0.284s] Level 1:colcon.colcon_core.package_identification:_identify(data/1784280536_CG) by extension 'python'
[0.284s] Level 1:colcon.colcon_core.package_identification:_identify(data/1784280536_CG) by extensions ['python_setup_py']
[0.284s] Level 1:colcon.colcon_core.package_identification:_identify(data/1784280536_CG) by extension 'python_setup_py'
[0.284s] Level 1:colcon.colcon_core.package_identification:_identify(data/1784280626_CG) by extensions ['ignore', 'ignore_ament_install']
[0.284s] Level 1:colcon.colcon_core.package_identification:_identify(data/1784280626_CG) by extension 'ignore'
[0.284s] Level 1:colcon.colcon_core.package_identification:_identify(data/1784280626_CG) by extension 'ignore_ament_install'
[0.284s] Level 1:colcon.colcon_core.package_identification:_identify(data/1784280626_CG) by extensions ['colcon_pkg']
[0.284s] Level 1:colcon.colcon_core.package_identification:_identify(data/1784280626_CG) by extension 'colcon_pkg'
[0.284s] Level 1:colcon.colcon_core.package_identification:_identify(data/1784280626_CG) by extensions ['colcon_meta']
[0.284s] Level 1:colcon.colcon_core.package_identification:_identify(data/1784280626_CG) by extension 'colcon_meta'
[0.284s] Level 1:colcon.colcon_core.package_identification:_identify(data/1784280626_CG) by extensions ['ros']
[0.284s] Level 1:colcon.colcon_core.package_identification:_identify(data/1784280626_CG) by extension 'ros'
[0.284s] Level 1:colcon.colcon_core.package_identification:_identify(data/1784280626_CG) by extensions ['cmake', 'python']
[0.284s] Level 1:colcon.colcon_core.package_identification:_identify(data/1784280626_CG) by extension 'cmake'
[0.284s] Level 1:colcon.colcon_core.package_identification:_identify(data/1784280626_CG) by extension 'python'
[0.284s] Level 1:colcon.colcon_core.package_identification:_identify(data/1784280626_CG) by extensions ['python_setup_py']
[0.284s] Level 1:colcon.colcon_core.package_identification:_identify(data/1784280626_CG) by extension 'python_setup_py'
[0.285s] Level 1:colcon.colcon_core.package_identification:_identify(data/tmp) by extensions ['ignore', 'ignore_ament_install']
[0.285s] Level 1:colcon.colcon_core.package_identification:_identify(data/tmp) by extension 'ignore'
[0.285s] Level 1:colcon.colcon_core.package_identification:_identify(data/tmp) by extension 'ignore_ament_install'
[0.285s] Level 1:colcon.colcon_core.package_identification:_identify(data/tmp) by extensions ['colcon_pkg']
[0.285s] Level 1:colcon.colcon_core.package_identification:_identify(data/tmp) by extension 'colcon_pkg'
[0.285s] Level 1:colcon.colcon_core.package_identification:_identify(data/tmp) by extensions ['colcon_meta']
[0.285s] Level 1:colcon.colcon_core.package_identification:_identify(data/tmp) by extension 'colcon_meta'
[0.285s] Level 1:colcon.colcon_core.package_identification:_identify(data/tmp) by extensions ['ros']
[0.285s] Level 1:colcon.colcon_core.package_identification:_identify(data/tmp) by extension 'ros'
[0.285s] Level 1:colcon.colcon_core.package_identification:_identify(data/tmp) by extensions ['cmake', 'python']
[0.285s] Level 1:colcon.colcon_core.package_identification:_identify(data/tmp) by extension 'cmake'
[0.285s] Level 1:colcon.colcon_core.package_identification:_identify(data/tmp) by extension 'python'
[0.285s] Level 1:colcon.colcon_core.package_identification:_identify(data/tmp) by extensions ['python_setup_py']
[0.285s] Level 1:colcon.colcon_core.package_identification:_identify(data/tmp) by extension 'python_setup_py'
[0.285s] Level 1:colcon.colcon_core.package_identification:_identify(data/tmp/1781165612_CG) by extensions ['ignore', 'ignore_ament_install']
[0.285s] Level 1:colcon.colcon_core.package_identification:_identify(data/tmp/1781165612_CG) by extension 'ignore'
[0.285s] Level 1:colcon.colcon_core.package_identification:_identify(data/tmp/1781165612_CG) by extension 'ignore_ament_install'
[0.285s] Level 1:colcon.colcon_core.package_identification:_identify(data/tmp/1781165612_CG) by extensions ['colcon_pkg']
[0.285s] Level 1:colcon.colcon_core.package_identification:_identify(data/tmp/1781165612_CG) by extension 'colcon_pkg'
[0.285s] Level 1:colcon.colcon_core.package_identification:_identify(data/tmp/1781165612_CG) by extensions ['colcon_meta']
[0.285s] Level 1:colcon.colcon_core.package_identification:_identify(data/tmp/1781165612_CG) by extension 'colcon_meta'
[0.286s] Level 1:colcon.colcon_core.package_identification:_identify(data/tmp/1781165612_CG) by extensions ['ros']
[0.286s] Level 1:colcon.colcon_core.package_identification:_identify(data/tmp/1781165612_CG) by extension 'ros'
[0.286s] Level 1:colcon.colcon_core.package_identification:_identify(data/tmp/1781165612_CG) by extensions ['cmake', 'python']
[0.286s] Level 1:colcon.colcon_core.package_identification:_identify(data/tmp/1781165612_CG) by extension 'cmake'
[0.286s] Level 1:colcon.colcon_core.package_identification:_identify(data/tmp/1781165612_CG) by extension 'python'
[0.286s] Level 1:colcon.colcon_core.package_identification:_identify(data/tmp/1781165612_CG) by extensions ['python_setup_py']
[0.286s] Level 1:colcon.colcon_core.package_identification:_identify(data/tmp/1781165612_CG) by extension 'python_setup_py'
[0.286s] Level 1:colcon.colcon_core.package_identification:_identify(data/tmp/1781165623_CG) by extensions ['ignore', 'ignore_ament_install']
[0.286s] Level 1:colcon.colcon_core.package_identification:_identify(data/tmp/1781165623_CG) by extension 'ignore'
[0.286s] Level 1:colcon.colcon_core.package_identification:_identify(data/tmp/1781165623_CG) by extension 'ignore_ament_install'
[0.286s] Level 1:colcon.colcon_core.package_identification:_identify(data/tmp/1781165623_CG) by extensions ['colcon_pkg']
[0.286s] Level 1:colcon.colcon_core.package_identification:_identify(data/tmp/1781165623_CG) by extension 'colcon_pkg'
[0.286s] Level 1:colcon.colcon_core.package_identification:_identify(data/tmp/1781165623_CG) by extensions ['colcon_meta']
[0.286s] Level 1:colcon.colcon_core.package_identification:_identify(data/tmp/1781165623_CG) by extension 'colcon_meta'
[0.286s] Level 1:colcon.colcon_core.package_identification:_identify(data/tmp/1781165623_CG) by extensions ['ros']
[0.286s] Level 1:colcon.colcon_core.package_identification:_identify(data/tmp/1781165623_CG) by extension 'ros'
[0.286s] Level 1:colcon.colcon_core.package_identification:_identify(data/tmp/1781165623_CG) by extensions ['cmake', 'python']
[0.286s] Level 1:colcon.colcon_core.package_identification:_identify(data/tmp/1781165623_CG) by extension 'cmake'
[0.286s] Level 1:colcon.colcon_core.package_identification:_identify(data/tmp/1781165623_CG) by extension 'python'
[0.286s] Level 1:colcon.colcon_core.package_identification:_identify(data/tmp/1781165623_CG) by extensions ['python_setup_py']
[0.286s] Level 1:colcon.colcon_core.package_identification:_identify(data/tmp/1781165623_CG) by extension 'python_setup_py'
[0.286s] Level 1:colcon.colcon_core.package_identification:_identify(data/tmp/1781165669_CG) by extensions ['ignore', 'ignore_ament_install']
[0.286s] Level 1:colcon.colcon_core.package_identification:_identify(data/tmp/1781165669_CG) by extension 'ignore'
[0.286s] Level 1:colcon.colcon_core.package_identification:_identify(data/tmp/1781165669_CG) by extension 'ignore_ament_install'
[0.286s] Level 1:colcon.colcon_core.package_identification:_identify(data/tmp/1781165669_CG) by extensions ['colcon_pkg']
[0.286s] Level 1:colcon.colcon_core.package_identification:_identify(data/tmp/1781165669_CG) by extension 'colcon_pkg'
[0.286s] Level 1:colcon.colcon_core.package_identification:_identify(data/tmp/1781165669_CG) by extensions ['colcon_meta']
[0.286s] Level 1:colcon.colcon_core.package_identification:_identify(data/tmp/1781165669_CG) by extension 'colcon_meta'
[0.287s] Level 1:colcon.colcon_core.package_identification:_identify(data/tmp/1781165669_CG) by extensions ['ros']
[0.287s] Level 1:colcon.colcon_core.package_identification:_identify(data/tmp/1781165669_CG) by extension 'ros'
[0.287s] Level 1:colcon.colcon_core.package_identification:_identify(data/tmp/1781165669_CG) by extensions ['cmake', 'python']
[0.287s] Level 1:colcon.colcon_core.package_identification:_identify(data/tmp/1781165669_CG) by extension 'cmake'
[0.287s] Level 1:colcon.colcon_core.package_identification:_identify(data/tmp/1781165669_CG) by extension 'python'
[0.287s] Level 1:colcon.colcon_core.package_identification:_identify(data/tmp/1781165669_CG) by extensions ['python_setup_py']
[0.287s] Level 1:colcon.colcon_core.package_identification:_identify(data/tmp/1781165669_CG) by extension 'python_setup_py'
[0.287s] Level 1:colcon.colcon_core.package_identification:_identify(data/tmp/1781165713_CG) by extensions ['ignore', 'ignore_ament_install']
[0.287s] Level 1:colcon.colcon_core.package_identification:_identify(data/tmp/1781165713_CG) by extension 'ignore'
[0.287s] Level 1:colcon.colcon_core.package_identification:_identify(data/tmp/1781165713_CG) by extension 'ignore_ament_install'
[0.287s] Level 1:colcon.colcon_core.package_identification:_identify(data/tmp/1781165713_CG) by extensions ['colcon_pkg']
[0.287s] Level 1:colcon.colcon_core.package_identification:_identify(data/tmp/1781165713_CG) by extension 'colcon_pkg'
[0.287s] Level 1:colcon.colcon_core.package_identification:_identify(data/tmp/1781165713_CG) by extensions ['colcon_meta']
[0.287s] Level 1:colcon.colcon_core.package_identification:_identify(data/tmp/1781165713_CG) by extension 'colcon_meta'
[0.287s] Level 1:colcon.colcon_core.package_identification:_identify(data/tmp/1781165713_CG) by extensions ['ros']
[0.287s] Level 1:colcon.colcon_core.package_identification:_identify(data/tmp/1781165713_CG) by extension 'ros'
[0.287s] Level 1:colcon.colcon_core.package_identification:_identify(data/tmp/1781165713_CG) by extensions ['cmake', 'python']
[0.287s] Level 1:colcon.colcon_core.package_identification:_identify(data/tmp/1781165713_CG) by extension 'cmake'
[0.287s] Level 1:colcon.colcon_core.package_identification:_identify(data/tmp/1781165713_CG) by extension 'python'
[0.287s] Level 1:colcon.colcon_core.package_identification:_identify(data/tmp/1781165713_CG) by extensions ['python_setup_py']
[0.287s] Level 1:colcon.colcon_core.package_identification:_identify(data/tmp/1781165713_CG) by extension 'python_setup_py'
[0.287s] Level 1:colcon.colcon_core.package_identification:_identify(data/tmp/1781165726_CG) by extensions ['ignore', 'ignore_ament_install']
[0.287s] Level 1:colcon.colcon_core.package_identification:_identify(data/tmp/1781165726_CG) by extension 'ignore'
[0.287s] Level 1:colcon.colcon_core.package_identification:_identify(data/tmp/1781165726_CG) by extension 'ignore_ament_install'
[0.287s] Level 1:colcon.colcon_core.package_identification:_identify(data/tmp/1781165726_CG) by extensions ['colcon_pkg']
[0.287s] Level 1:colcon.colcon_core.package_identification:_identify(data/tmp/1781165726_CG) by extension 'colcon_pkg'
[0.288s] Level 1:colcon.colcon_core.package_identification:_identify(data/tmp/1781165726_CG) by extensions ['colcon_meta']
[0.288s] Level 1:colcon.colcon_core.package_identification:_identify(data/tmp/1781165726_CG) by extension 'colcon_meta'
[0.288s] Level 1:colcon.colcon_core.package_identification:_identify(data/tmp/1781165726_CG) by extensions ['ros']
[0.288s] Level 1:colcon.colcon_core.package_identification:_identify(data/tmp/1781165726_CG) by extension 'ros'
[0.288s] Level 1:colcon.colcon_core.package_identification:_identify(data/tmp/1781165726_CG) by extensions ['cmake', 'python']
[0.288s] Level 1:colcon.colcon_core.package_identification:_identify(data/tmp/1781165726_CG) by extension 'cmake'
[0.288s] Level 1:colcon.colcon_core.package_identification:_identify(data/tmp/1781165726_CG) by extension 'python'
[0.288s] Level 1:colcon.colcon_core.package_identification:_identify(data/tmp/1781165726_CG) by extensions ['python_setup_py']
[0.288s] Level 1:colcon.colcon_core.package_identification:_identify(data/tmp/1781165726_CG) by extension 'python_setup_py'
[0.288s] Level 1:colcon.colcon_core.package_identification:_identify(data/tmp/1781165952_CG) by extensions ['ignore', 'ignore_ament_install']
[0.288s] Level 1:colcon.colcon_core.package_identification:_identify(data/tmp/1781165952_CG) by extension 'ignore'
[0.288s] Level 1:colcon.colcon_core.package_identification:_identify(data/tmp/1781165952_CG) by extension 'ignore_ament_install'
[0.288s] Level 1:colcon.colcon_core.package_identification:_identify(data/tmp/1781165952_CG) by extensions ['colcon_pkg']
[0.288s] Level 1:colcon.colcon_core.package_identification:_identify(data/tmp/1781165952_CG) by extension 'colcon_pkg'
[0.288s] Level 1:colcon.colcon_core.package_identification:_identify(data/tmp/1781165952_CG) by extensions ['colcon_meta']
[0.288s] Level 1:colcon.colcon_core.package_identification:_identify(data/tmp/1781165952_CG) by extension 'colcon_meta'
[0.288s] Level 1:colcon.colcon_core.package_identification:_identify(data/tmp/1781165952_CG) by extensions ['ros']
[0.288s] Level 1:colcon.colcon_core.package_identification:_identify(data/tmp/1781165952_CG) by extension 'ros'
[0.288s] Level 1:colcon.colcon_core.package_identification:_identify(data/tmp/1781165952_CG) by extensions ['cmake', 'python']
[0.288s] Level 1:colcon.colcon_core.package_identification:_identify(data/tmp/1781165952_CG) by extension 'cmake'
[0.288s] Level 1:colcon.colcon_core.package_identification:_identify(data/tmp/1781165952_CG) by extension 'python'
[0.288s] Level 1:colcon.colcon_core.package_identification:_identify(data/tmp/1781165952_CG) by extensions ['python_setup_py']
[0.288s] Level 1:colcon.colcon_core.package_identification:_identify(data/tmp/1781165952_CG) by extension 'python_setup_py'
[0.288s] Level 1:colcon.colcon_core.package_identification:_identify(data/tmp/1781165960_CG) by extensions ['ignore', 'ignore_ament_install']
[0.288s] Level 1:colcon.colcon_core.package_identification:_identify(data/tmp/1781165960_CG) by extension 'ignore'
[0.288s] Level 1:colcon.colcon_core.package_identification:_identify(data/tmp/1781165960_CG) by extension 'ignore_ament_install'
[0.288s] Level 1:colcon.colcon_core.package_identification:_identify(data/tmp/1781165960_CG) by extensions ['colcon_pkg']
[0.289s] Level 1:colcon.colcon_core.package_identification:_identify(data/tmp/1781165960_CG) by extension 'colcon_pkg'
[0.289s] Level 1:colcon.colcon_core.package_identification:_identify(data/tmp/1781165960_CG) by extensions ['colcon_meta']
[0.289s] Level 1:colcon.colcon_core.package_identification:_identify(data/tmp/1781165960_CG) by extension 'colcon_meta'
[0.289s] Level 1:colcon.colcon_core.package_identification:_identify(data/tmp/1781165960_CG) by extensions ['ros']
[0.289s] Level 1:colcon.colcon_core.package_identification:_identify(data/tmp/1781165960_CG) by extension 'ros'
[0.289s] Level 1:colcon.colcon_core.package_identification:_identify(data/tmp/1781165960_CG) by extensions ['cmake', 'python']
[0.289s] Level 1:colcon.colcon_core.package_identification:_identify(data/tmp/1781165960_CG) by extension 'cmake'
[0.289s] Level 1:colcon.colcon_core.package_identification:_identify(data/tmp/1781165960_CG) by extension 'python'
[0.289s] Level 1:colcon.colcon_core.package_identification:_identify(data/tmp/1781165960_CG) by extensions ['python_setup_py']
[0.289s] Level 1:colcon.colcon_core.package_identification:_identify(data/tmp/1781165960_CG) by extension 'python_setup_py'
[0.289s] Level 1:colcon.colcon_core.package_identification:_identify(data/tmp/1781167422_CG) by extensions ['ignore', 'ignore_ament_install']
[0.289s] Level 1:colcon.colcon_core.package_identification:_identify(data/tmp/1781167422_CG) by extension 'ignore'
[0.289s] Level 1:colcon.colcon_core.package_identification:_identify(data/tmp/1781167422_CG) by extension 'ignore_ament_install'
[0.289s] Level 1:colcon.colcon_core.package_identification:_identify(data/tmp/1781167422_CG) by extensions ['colcon_pkg']
[0.289s] Level 1:colcon.colcon_core.package_identification:_identify(data/tmp/1781167422_CG) by extension 'colcon_pkg'
[0.289s] Level 1:colcon.colcon_core.package_identification:_identify(data/tmp/1781167422_CG) by extensions ['colcon_meta']
[0.289s] Level 1:colcon.colcon_core.package_identification:_identify(data/tmp/1781167422_CG) by extension 'colcon_meta'
[0.289s] Level 1:colcon.colcon_core.package_identification:_identify(data/tmp/1781167422_CG) by extensions ['ros']
[0.289s] Level 1:colcon.colcon_core.package_identification:_identify(data/tmp/1781167422_CG) by extension 'ros'
[0.289s] Level 1:colcon.colcon_core.package_identification:_identify(data/tmp/1781167422_CG) by extensions ['cmake', 'python']
[0.289s] Level 1:colcon.colcon_core.package_identification:_identify(data/tmp/1781167422_CG) by extension 'cmake'
[0.289s] Level 1:colcon.colcon_core.package_identification:_identify(data/tmp/1781167422_CG) by extension 'python'
[0.289s] Level 1:colcon.colcon_core.package_identification:_identify(data/tmp/1781167422_CG) by extensions ['python_setup_py']
[0.289s] Level 1:colcon.colcon_core.package_identification:_identify(data/tmp/1781167422_CG) by extension 'python_setup_py'
[0.289s] Level 1:colcon.colcon_core.package_identification:_identify(data/tmp/1781167445_CG) by extensions ['ignore', 'ignore_ament_install']
[0.289s] Level 1:colcon.colcon_core.package_identification:_identify(data/tmp/1781167445_CG) by extension 'ignore'
[0.289s] Level 1:colcon.colcon_core.package_identification:_identify(data/tmp/1781167445_CG) by extension 'ignore_ament_install'
[0.290s] Level 1:colcon.colcon_core.package_identification:_identify(data/tmp/1781167445_CG) by extensions ['colcon_pkg']
[0.290s] Level 1:colcon.colcon_core.package_identification:_identify(data/tmp/1781167445_CG) by extension 'colcon_pkg'
[0.290s] Level 1:colcon.colcon_core.package_identification:_identify(data/tmp/1781167445_CG) by extensions ['colcon_meta']
[0.290s] Level 1:colcon.colcon_core.package_identification:_identify(data/tmp/1781167445_CG) by extension 'colcon_meta'
[0.290s] Level 1:colcon.colcon_core.package_identification:_identify(data/tmp/1781167445_CG) by extensions ['ros']
[0.290s] Level 1:colcon.colcon_core.package_identification:_identify(data/tmp/1781167445_CG) by extension 'ros'
[0.290s] Level 1:colcon.colcon_core.package_identification:_identify(data/tmp/1781167445_CG) by extensions ['cmake', 'python']
[0.290s] Level 1:colcon.colcon_core.package_identification:_identify(data/tmp/1781167445_CG) by extension 'cmake'
[0.290s] Level 1:colcon.colcon_core.package_identification:_identify(data/tmp/1781167445_CG) by extension 'python'
[0.290s] Level 1:colcon.colcon_core.package_identification:_identify(data/tmp/1781167445_CG) by extensions ['python_setup_py']
[0.290s] Level 1:colcon.colcon_core.package_identification:_identify(data/tmp/1781167445_CG) by extension 'python_setup_py'
[0.290s] Level 1:colcon.colcon_core.package_identification:_identify(data/tmp/1781167636_CG) by extensions ['ignore', 'ignore_ament_install']
[0.290s] Level 1:colcon.colcon_core.package_identification:_identify(data/tmp/1781167636_CG) by extension 'ignore'
[0.290s] Level 1:colcon.colcon_core.package_identification:_identify(data/tmp/1781167636_CG) by extension 'ignore_ament_install'
[0.290s] Level 1:colcon.colcon_core.package_identification:_identify(data/tmp/1781167636_CG) by extensions ['colcon_pkg']
[0.290s] Level 1:colcon.colcon_core.package_identification:_identify(data/tmp/1781167636_CG) by extension 'colcon_pkg'
[0.290s] Level 1:colcon.colcon_core.package_identification:_identify(data/tmp/1781167636_CG) by extensions ['colcon_meta']
[0.290s] Level 1:colcon.colcon_core.package_identification:_identify(data/tmp/1781167636_CG) by extension 'colcon_meta'
[0.290s] Level 1:colcon.colcon_core.package_identification:_identify(data/tmp/1781167636_CG) by extensions ['ros']
[0.290s] Level 1:colcon.colcon_core.package_identification:_identify(data/tmp/1781167636_CG) by extension 'ros'
[0.290s] Level 1:colcon.colcon_core.package_identification:_identify(data/tmp/1781167636_CG) by extensions ['cmake', 'python']
[0.290s] Level 1:colcon.colcon_core.package_identification:_identify(data/tmp/1781167636_CG) by extension 'cmake'
[0.290s] Level 1:colcon.colcon_core.package_identification:_identify(data/tmp/1781167636_CG) by extension 'python'
[0.290s] Level 1:colcon.colcon_core.package_identification:_identify(data/tmp/1781167636_CG) by extensions ['python_setup_py']
[0.290s] Level 1:colcon.colcon_core.package_identification:_identify(data/tmp/1781167636_CG) by extension 'python_setup_py'
[0.290s] Level 1:colcon.colcon_core.package_identification:_identify(data/tmp/1781169233_CG) by extensions ['ignore', 'ignore_ament_install']
[0.290s] Level 1:colcon.colcon_core.package_identification:_identify(data/tmp/1781169233_CG) by extension 'ignore'
[0.290s] Level 1:colcon.colcon_core.package_identification:_identify(data/tmp/1781169233_CG) by extension 'ignore_ament_install'
[0.291s] Level 1:colcon.colcon_core.package_identification:_identify(data/tmp/1781169233_CG) by extensions ['colcon_pkg']
[0.291s] Level 1:colcon.colcon_core.package_identification:_identify(data/tmp/1781169233_CG) by extension 'colcon_pkg'
[0.291s] Level 1:colcon.colcon_core.package_identification:_identify(data/tmp/1781169233_CG) by extensions ['colcon_meta']
[0.291s] Level 1:colcon.colcon_core.package_identification:_identify(data/tmp/1781169233_CG) by extension 'colcon_meta'
[0.291s] Level 1:colcon.colcon_core.package_identification:_identify(data/tmp/1781169233_CG) by extensions ['ros']
[0.291s] Level 1:colcon.colcon_core.package_identification:_identify(data/tmp/1781169233_CG) by extension 'ros'
[0.291s] Level 1:colcon.colcon_core.package_identification:_identify(data/tmp/1781169233_CG) by extensions ['cmake', 'python']
[0.291s] Level 1:colcon.colcon_core.package_identification:_identify(data/tmp/1781169233_CG) by extension 'cmake'
[0.291s] Level 1:colcon.colcon_core.package_identification:_identify(data/tmp/1781169233_CG) by extension 'python'
[0.291s] Level 1:colcon.colcon_core.package_identification:_identify(data/tmp/1781169233_CG) by extensions ['python_setup_py']
[0.291s] Level 1:colcon.colcon_core.package_identification:_identify(data/tmp/1781169233_CG) by extension 'python_setup_py'
[0.291s] Level 1:colcon.colcon_core.package_identification:_identify(data/tmp/1781169299_CG) by extensions ['ignore', 'ignore_ament_install']
[0.291s] Level 1:colcon.colcon_core.package_identification:_identify(data/tmp/1781169299_CG) by extension 'ignore'
[0.291s] Level 1:colcon.colcon_core.package_identification:_identify(data/tmp/1781169299_CG) by extension 'ignore_ament_install'
[0.291s] Level 1:colcon.colcon_core.package_identification:_identify(data/tmp/1781169299_CG) by extensions ['colcon_pkg']
[0.291s] Level 1:colcon.colcon_core.package_identification:_identify(data/tmp/1781169299_CG) by extension 'colcon_pkg'
[0.291s] Level 1:colcon.colcon_core.package_identification:_identify(data/tmp/1781169299_CG) by extensions ['colcon_meta']
[0.291s] Level 1:colcon.colcon_core.package_identification:_identify(data/tmp/1781169299_CG) by extension 'colcon_meta'
[0.291s] Level 1:colcon.colcon_core.package_identification:_identify(data/tmp/1781169299_CG) by extensions ['ros']
[0.291s] Level 1:colcon.colcon_core.package_identification:_identify(data/tmp/1781169299_CG) by extension 'ros'
[0.291s] Level 1:colcon.colcon_core.package_identification:_identify(data/tmp/1781169299_CG) by extensions ['cmake', 'python']
[0.291s] Level 1:colcon.colcon_core.package_identification:_identify(data/tmp/1781169299_CG) by extension 'cmake'
[0.291s] Level 1:colcon.colcon_core.package_identification:_identify(data/tmp/1781169299_CG) by extension 'python'
[0.291s] Level 1:colcon.colcon_core.package_identification:_identify(data/tmp/1781169299_CG) by extensions ['python_setup_py']
[0.291s] Level 1:colcon.colcon_core.package_identification:_identify(data/tmp/1781169299_CG) by extension 'python_setup_py'
[0.291s] Level 1:colcon.colcon_core.package_identification:_identify(data/tmp/1781169307_CG) by extensions ['ignore', 'ignore_ament_install']
[0.291s] Level 1:colcon.colcon_core.package_identification:_identify(data/tmp/1781169307_CG) by extension 'ignore'
[0.291s] Level 1:colcon.colcon_core.package_identification:_identify(data/tmp/1781169307_CG) by extension 'ignore_ament_install'
[0.292s] Level 1:colcon.colcon_core.package_identification:_identify(data/tmp/1781169307_CG) by extensions ['colcon_pkg']
[0.292s] Level 1:colcon.colcon_core.package_identification:_identify(data/tmp/1781169307_CG) by extension 'colcon_pkg'
[0.292s] Level 1:colcon.colcon_core.package_identification:_identify(data/tmp/1781169307_CG) by extensions ['colcon_meta']
[0.292s] Level 1:colcon.colcon_core.package_identification:_identify(data/tmp/1781169307_CG) by extension 'colcon_meta'
[0.292s] Level 1:colcon.colcon_core.package_identification:_identify(data/tmp/1781169307_CG) by extensions ['ros']
[0.292s] Level 1:colcon.colcon_core.package_identification:_identify(data/tmp/1781169307_CG) by extension 'ros'
[0.292s] Level 1:colcon.colcon_core.package_identification:_identify(data/tmp/1781169307_CG) by extensions ['cmake', 'python']
[0.292s] Level 1:colcon.colcon_core.package_identification:_identify(data/tmp/1781169307_CG) by extension 'cmake'
[0.292s] Level 1:colcon.colcon_core.package_identification:_identify(data/tmp/1781169307_CG) by extension 'python'
[0.292s] Level 1:colcon.colcon_core.package_identification:_identify(data/tmp/1781169307_CG) by extensions ['python_setup_py']
[0.292s] Level 1:colcon.colcon_core.package_identification:_identify(data/tmp/1781169307_CG) by extension 'python_setup_py'
[0.292s] Level 1:colcon.colcon_core.package_identification:_identify(data/tmp/1781169325_CG) by extensions ['ignore', 'ignore_ament_install']
[0.292s] Level 1:colcon.colcon_core.package_identification:_identify(data/tmp/1781169325_CG) by extension 'ignore'
[0.292s] Level 1:colcon.colcon_core.package_identification:_identify(data/tmp/1781169325_CG) by extension 'ignore_ament_install'
[0.292s] Level 1:colcon.colcon_core.package_identification:_identify(data/tmp/1781169325_CG) by extensions ['colcon_pkg']
[0.292s] Level 1:colcon.colcon_core.package_identification:_identify(data/tmp/1781169325_CG) by extension 'colcon_pkg'
[0.292s] Level 1:colcon.colcon_core.package_identification:_identify(data/tmp/1781169325_CG) by extensions ['colcon_meta']
[0.292s] Level 1:colcon.colcon_core.package_identification:_identify(data/tmp/1781169325_CG) by extension 'colcon_meta'
[0.292s] Level 1:colcon.colcon_core.package_identification:_identify(data/tmp/1781169325_CG) by extensions ['ros']
[0.292s] Level 1:colcon.colcon_core.package_identification:_identify(data/tmp/1781169325_CG) by extension 'ros'
[0.292s] Level 1:colcon.colcon_core.package_identification:_identify(data/tmp/1781169325_CG) by extensions ['cmake', 'python']
[0.292s] Level 1:colcon.colcon_core.package_identification:_identify(data/tmp/1781169325_CG) by extension 'cmake'
[0.292s] Level 1:colcon.colcon_core.package_identification:_identify(data/tmp/1781169325_CG) by extension 'python'
[0.292s] Level 1:colcon.colcon_core.package_identification:_identify(data/tmp/1781169325_CG) by extensions ['python_setup_py']
[0.292s] Level 1:colcon.colcon_core.package_identification:_identify(data/tmp/1781169325_CG) by extension 'python_setup_py'
[0.292s] Level 1:colcon.colcon_core.package_identification:_identify(data/tmp/1781169361_CG) by extensions ['ignore', 'ignore_ament_install']
[0.292s] Level 1:colcon.colcon_core.package_identification:_identify(data/tmp/1781169361_CG) by extension 'ignore'
[0.292s] Level 1:colcon.colcon_core.package_identification:_identify(data/tmp/1781169361_CG) by extension 'ignore_ament_install'
[0.293s] Level 1:colcon.colcon_core.package_identification:_identify(data/tmp/1781169361_CG) by extensions ['colcon_pkg']
[0.293s] Level 1:colcon.colcon_core.package_identification:_identify(data/tmp/1781169361_CG) by extension 'colcon_pkg'
[0.293s] Level 1:colcon.colcon_core.package_identification:_identify(data/tmp/1781169361_CG) by extensions ['colcon_meta']
[0.293s] Level 1:colcon.colcon_core.package_identification:_identify(data/tmp/1781169361_CG) by extension 'colcon_meta'
[0.293s] Level 1:colcon.colcon_core.package_identification:_identify(data/tmp/1781169361_CG) by extensions ['ros']
[0.293s] Level 1:colcon.colcon_core.package_identification:_identify(data/tmp/1781169361_CG) by extension 'ros'
[0.293s] Level 1:colcon.colcon_core.package_identification:_identify(data/tmp/1781169361_CG) by extensions ['cmake', 'python']
[0.293s] Level 1:colcon.colcon_core.package_identification:_identify(data/tmp/1781169361_CG) by extension 'cmake'
[0.293s] Level 1:colcon.colcon_core.package_identification:_identify(data/tmp/1781169361_CG) by extension 'python'
[0.293s] Level 1:colcon.colcon_core.package_identification:_identify(data/tmp/1781169361_CG) by extensions ['python_setup_py']
[0.293s] Level 1:colcon.colcon_core.package_identification:_identify(data/tmp/1781169361_CG) by extension 'python_setup_py'
[0.293s] Level 1:colcon.colcon_core.package_identification:_identify(data/tmp/1781169374_CG) by extensions ['ignore', 'ignore_ament_install']
[0.293s] Level 1:colcon.colcon_core.package_identification:_identify(data/tmp/1781169374_CG) by extension 'ignore'
[0.293s] Level 1:colcon.colcon_core.package_identification:_identify(data/tmp/1781169374_CG) by extension 'ignore_ament_install'
[0.293s] Level 1:colcon.colcon_core.package_identification:_identify(data/tmp/1781169374_CG) by extensions ['colcon_pkg']
[0.293s] Level 1:colcon.colcon_core.package_identification:_identify(data/tmp/1781169374_CG) by extension 'colcon_pkg'
[0.293s] Level 1:colcon.colcon_core.package_identification:_identify(data/tmp/1781169374_CG) by extensions ['colcon_meta']
[0.293s] Level 1:colcon.colcon_core.package_identification:_identify(data/tmp/1781169374_CG) by extension 'colcon_meta'
[0.293s] Level 1:colcon.colcon_core.package_identification:_identify(data/tmp/1781169374_CG) by extensions ['ros']
[0.293s] Level 1:colcon.colcon_core.package_identification:_identify(data/tmp/1781169374_CG) by extension 'ros'
[0.293s] Level 1:colcon.colcon_core.package_identification:_identify(data/tmp/1781169374_CG) by extensions ['cmake', 'python']
[0.293s] Level 1:colcon.colcon_core.package_identification:_identify(data/tmp/1781169374_CG) by extension 'cmake'
[0.293s] Level 1:colcon.colcon_core.package_identification:_identify(data/tmp/1781169374_CG) by extension 'python'
[0.293s] Level 1:colcon.colcon_core.package_identification:_identify(data/tmp/1781169374_CG) by extensions ['python_setup_py']
[0.293s] Level 1:colcon.colcon_core.package_identification:_identify(data/tmp/1781169374_CG) by extension 'python_setup_py'
[0.293s] Level 1:colcon.colcon_core.package_identification:_identify(data/tmp/1781169392_CG) by extensions ['ignore', 'ignore_ament_install']
[0.293s] Level 1:colcon.colcon_core.package_identification:_identify(data/tmp/1781169392_CG) by extension 'ignore'
[0.293s] Level 1:colcon.colcon_core.package_identification:_identify(data/tmp/1781169392_CG) by extension 'ignore_ament_install'
[0.293s] Level 1:colcon.colcon_core.package_identification:_identify(data/tmp/1781169392_CG) by extensions ['colcon_pkg']
[0.294s] Level 1:colcon.colcon_core.package_identification:_identify(data/tmp/1781169392_CG) by extension 'colcon_pkg'
[0.294s] Level 1:colcon.colcon_core.package_identification:_identify(data/tmp/1781169392_CG) by extensions ['colcon_meta']
[0.294s] Level 1:colcon.colcon_core.package_identification:_identify(data/tmp/1781169392_CG) by extension 'colcon_meta'
[0.294s] Level 1:colcon.colcon_core.package_identification:_identify(data/tmp/1781169392_CG) by extensions ['ros']
[0.294s] Level 1:colcon.colcon_core.package_identification:_identify(data/tmp/1781169392_CG) by extension 'ros'
[0.294s] Level 1:colcon.colcon_core.package_identification:_identify(data/tmp/1781169392_CG) by extensions ['cmake', 'python']
[0.294s] Level 1:colcon.colcon_core.package_identification:_identify(data/tmp/1781169392_CG) by extension 'cmake'
[0.294s] Level 1:colcon.colcon_core.package_identification:_identify(data/tmp/1781169392_CG) by extension 'python'
[0.294s] Level 1:colcon.colcon_core.package_identification:_identify(data/tmp/1781169392_CG) by extensions ['python_setup_py']
[0.294s] Level 1:colcon.colcon_core.package_identification:_identify(data/tmp/1781169392_CG) by extension 'python_setup_py'
[0.294s] Level 1:colcon.colcon_core.package_identification:_identify(data/tmp/1781169402_CG) by extensions ['ignore', 'ignore_ament_install']
[0.294s] Level 1:colcon.colcon_core.package_identification:_identify(data/tmp/1781169402_CG) by extension 'ignore'
[0.294s] Level 1:colcon.colcon_core.package_identification:_identify(data/tmp/1781169402_CG) by extension 'ignore_ament_install'
[0.294s] Level 1:colcon.colcon_core.package_identification:_identify(data/tmp/1781169402_CG) by extensions ['colcon_pkg']
[0.294s] Level 1:colcon.colcon_core.package_identification:_identify(data/tmp/1781169402_CG) by extension 'colcon_pkg'
[0.294s] Level 1:colcon.colcon_core.package_identification:_identify(data/tmp/1781169402_CG) by extensions ['colcon_meta']
[0.294s] Level 1:colcon.colcon_core.package_identification:_identify(data/tmp/1781169402_CG) by extension 'colcon_meta'
[0.294s] Level 1:colcon.colcon_core.package_identification:_identify(data/tmp/1781169402_CG) by extensions ['ros']
[0.294s] Level 1:colcon.colcon_core.package_identification:_identify(data/tmp/1781169402_CG) by extension 'ros'
[0.294s] Level 1:colcon.colcon_core.package_identification:_identify(data/tmp/1781169402_CG) by extensions ['cmake', 'python']
[0.294s] Level 1:colcon.colcon_core.package_identification:_identify(data/tmp/1781169402_CG) by extension 'cmake'
[0.294s] Level 1:colcon.colcon_core.package_identification:_identify(data/tmp/1781169402_CG) by extension 'python'
[0.294s] Level 1:colcon.colcon_core.package_identification:_identify(data/tmp/1781169402_CG) by extensions ['python_setup_py']
[0.294s] Level 1:colcon.colcon_core.package_identification:_identify(data/tmp/1781169402_CG) by extension 'python_setup_py'
[0.294s] Level 1:colcon.colcon_core.package_identification:_identify(data/tmp/1781169932_CG) by extensions ['ignore', 'ignore_ament_install']
[0.294s] Level 1:colcon.colcon_core.package_identification:_identify(data/tmp/1781169932_CG) by extension 'ignore'
[0.294s] Level 1:colcon.colcon_core.package_identification:_identify(data/tmp/1781169932_CG) by extension 'ignore_ament_install'
[0.294s] Level 1:colcon.colcon_core.package_identification:_identify(data/tmp/1781169932_CG) by extensions ['colcon_pkg']
[0.294s] Level 1:colcon.colcon_core.package_identification:_identify(data/tmp/1781169932_CG) by extension 'colcon_pkg'
[0.295s] Level 1:colcon.colcon_core.package_identification:_identify(data/tmp/1781169932_CG) by extensions ['colcon_meta']
[0.295s] Level 1:colcon.colcon_core.package_identification:_identify(data/tmp/1781169932_CG) by extension 'colcon_meta'
[0.295s] Level 1:colcon.colcon_core.package_identification:_identify(data/tmp/1781169932_CG) by extensions ['ros']
[0.295s] Level 1:colcon.colcon_core.package_identification:_identify(data/tmp/1781169932_CG) by extension 'ros'
[0.295s] Level 1:colcon.colcon_core.package_identification:_identify(data/tmp/1781169932_CG) by extensions ['cmake', 'python']
[0.295s] Level 1:colcon.colcon_core.package_identification:_identify(data/tmp/1781169932_CG) by extension 'cmake'
[0.295s] Level 1:colcon.colcon_core.package_identification:_identify(data/tmp/1781169932_CG) by extension 'python'
[0.295s] Level 1:colcon.colcon_core.package_identification:_identify(data/tmp/1781169932_CG) by extensions ['python_setup_py']
[0.295s] Level 1:colcon.colcon_core.package_identification:_identify(data/tmp/1781169932_CG) by extension 'python_setup_py'
[0.295s] Level 1:colcon.colcon_core.package_identification:_identify(data/tmp/1781170022_CG) by extensions ['ignore', 'ignore_ament_install']
[0.295s] Level 1:colcon.colcon_core.package_identification:_identify(data/tmp/1781170022_CG) by extension 'ignore'
[0.295s] Level 1:colcon.colcon_core.package_identification:_identify(data/tmp/1781170022_CG) by extension 'ignore_ament_install'
[0.295s] Level 1:colcon.colcon_core.package_identification:_identify(data/tmp/1781170022_CG) by extensions ['colcon_pkg']
[0.295s] Level 1:colcon.colcon_core.package_identification:_identify(data/tmp/1781170022_CG) by extension 'colcon_pkg'
[0.295s] Level 1:colcon.colcon_core.package_identification:_identify(data/tmp/1781170022_CG) by extensions ['colcon_meta']
[0.295s] Level 1:colcon.colcon_core.package_identification:_identify(data/tmp/1781170022_CG) by extension 'colcon_meta'
[0.295s] Level 1:colcon.colcon_core.package_identification:_identify(data/tmp/1781170022_CG) by extensions ['ros']
[0.295s] Level 1:colcon.colcon_core.package_identification:_identify(data/tmp/1781170022_CG) by extension 'ros'
[0.295s] Level 1:colcon.colcon_core.package_identification:_identify(data/tmp/1781170022_CG) by extensions ['cmake', 'python']
[0.295s] Level 1:colcon.colcon_core.package_identification:_identify(data/tmp/1781170022_CG) by extension 'cmake'
[0.295s] Level 1:colcon.colcon_core.package_identification:_identify(data/tmp/1781170022_CG) by extension 'python'
[0.295s] Level 1:colcon.colcon_core.package_identification:_identify(data/tmp/1781170022_CG) by extensions ['python_setup_py']
[0.295s] Level 1:colcon.colcon_core.package_identification:_identify(data/tmp/1781170022_CG) by extension 'python_setup_py'
[0.295s] Level 1:colcon.colcon_core.package_identification:_identify(data/tmp/1781170039_CG) by extensions ['ignore', 'ignore_ament_install']
[0.295s] Level 1:colcon.colcon_core.package_identification:_identify(data/tmp/1781170039_CG) by extension 'ignore'
[0.295s] Level 1:colcon.colcon_core.package_identification:_identify(data/tmp/1781170039_CG) by extension 'ignore_ament_install'
[0.295s] Level 1:colcon.colcon_core.package_identification:_identify(data/tmp/1781170039_CG) by extensions ['colcon_pkg']
[0.295s] Level 1:colcon.colcon_core.package_identification:_identify(data/tmp/1781170039_CG) by extension 'colcon_pkg'
[0.295s] Level 1:colcon.colcon_core.package_identification:_identify(data/tmp/1781170039_CG) by extensions ['colcon_meta']
[0.296s] Level 1:colcon.colcon_core.package_identification:_identify(data/tmp/1781170039_CG) by extension 'colcon_meta'
[0.296s] Level 1:colcon.colcon_core.package_identification:_identify(data/tmp/1781170039_CG) by extensions ['ros']
[0.296s] Level 1:colcon.colcon_core.package_identification:_identify(data/tmp/1781170039_CG) by extension 'ros'
[0.296s] Level 1:colcon.colcon_core.package_identification:_identify(data/tmp/1781170039_CG) by extensions ['cmake', 'python']
[0.296s] Level 1:colcon.colcon_core.package_identification:_identify(data/tmp/1781170039_CG) by extension 'cmake'
[0.296s] Level 1:colcon.colcon_core.package_identification:_identify(data/tmp/1781170039_CG) by extension 'python'
[0.296s] Level 1:colcon.colcon_core.package_identification:_identify(data/tmp/1781170039_CG) by extensions ['python_setup_py']
[0.296s] Level 1:colcon.colcon_core.package_identification:_identify(data/tmp/1781170039_CG) by extension 'python_setup_py'
[0.296s] Level 1:colcon.colcon_core.package_identification:_identify(data/tmp/1781170052_CG) by extensions ['ignore', 'ignore_ament_install']
[0.296s] Level 1:colcon.colcon_core.package_identification:_identify(data/tmp/1781170052_CG) by extension 'ignore'
[0.296s] Level 1:colcon.colcon_core.package_identification:_identify(data/tmp/1781170052_CG) by extension 'ignore_ament_install'
[0.296s] Level 1:colcon.colcon_core.package_identification:_identify(data/tmp/1781170052_CG) by extensions ['colcon_pkg']
[0.296s] Level 1:colcon.colcon_core.package_identification:_identify(data/tmp/1781170052_CG) by extension 'colcon_pkg'
[0.296s] Level 1:colcon.colcon_core.package_identification:_identify(data/tmp/1781170052_CG) by extensions ['colcon_meta']
[0.296s] Level 1:colcon.colcon_core.package_identification:_identify(data/tmp/1781170052_CG) by extension 'colcon_meta'
[0.296s] Level 1:colcon.colcon_core.package_identification:_identify(data/tmp/1781170052_CG) by extensions ['ros']
[0.296s] Level 1:colcon.colcon_core.package_identification:_identify(data/tmp/1781170052_CG) by extension 'ros'
[0.296s] Level 1:colcon.colcon_core.package_identification:_identify(data/tmp/1781170052_CG) by extensions ['cmake', 'python']
[0.296s] Level 1:colcon.colcon_core.package_identification:_identify(data/tmp/1781170052_CG) by extension 'cmake'
[0.296s] Level 1:colcon.colcon_core.package_identification:_identify(data/tmp/1781170052_CG) by extension 'python'
[0.296s] Level 1:colcon.colcon_core.package_identification:_identify(data/tmp/1781170052_CG) by extensions ['python_setup_py']
[0.296s] Level 1:colcon.colcon_core.package_identification:_identify(data/tmp/1781170052_CG) by extension 'python_setup_py'
[0.296s] Level 1:colcon.colcon_core.package_identification:_identify(data/tmp/1781170139_CG) by extensions ['ignore', 'ignore_ament_install']
[0.296s] Level 1:colcon.colcon_core.package_identification:_identify(data/tmp/1781170139_CG) by extension 'ignore'
[0.296s] Level 1:colcon.colcon_core.package_identification:_identify(data/tmp/1781170139_CG) by extension 'ignore_ament_install'
[0.296s] Level 1:colcon.colcon_core.package_identification:_identify(data/tmp/1781170139_CG) by extensions ['colcon_pkg']
[0.296s] Level 1:colcon.colcon_core.package_identification:_identify(data/tmp/1781170139_CG) by extension 'colcon_pkg'
[0.297s] Level 1:colcon.colcon_core.package_identification:_identify(data/tmp/1781170139_CG) by extensions ['colcon_meta']
[0.297s] Level 1:colcon.colcon_core.package_identification:_identify(data/tmp/1781170139_CG) by extension 'colcon_meta'
[0.297s] Level 1:colcon.colcon_core.package_identification:_identify(data/tmp/1781170139_CG) by extensions ['ros']
[0.297s] Level 1:colcon.colcon_core.package_identification:_identify(data/tmp/1781170139_CG) by extension 'ros'
[0.297s] Level 1:colcon.colcon_core.package_identification:_identify(data/tmp/1781170139_CG) by extensions ['cmake', 'python']
[0.297s] Level 1:colcon.colcon_core.package_identification:_identify(data/tmp/1781170139_CG) by extension 'cmake'
[0.297s] Level 1:colcon.colcon_core.package_identification:_identify(data/tmp/1781170139_CG) by extension 'python'
[0.297s] Level 1:colcon.colcon_core.package_identification:_identify(data/tmp/1781170139_CG) by extensions ['python_setup_py']
[0.297s] Level 1:colcon.colcon_core.package_identification:_identify(data/tmp/1781170139_CG) by extension 'python_setup_py'
[0.297s] Level 1:colcon.colcon_core.package_identification:_identify(data/tmp/1781170258_CG) by extensions ['ignore', 'ignore_ament_install']
[0.297s] Level 1:colcon.colcon_core.package_identification:_identify(data/tmp/1781170258_CG) by extension 'ignore'
[0.297s] Level 1:colcon.colcon_core.package_identification:_identify(data/tmp/1781170258_CG) by extension 'ignore_ament_install'
[0.297s] Level 1:colcon.colcon_core.package_identification:_identify(data/tmp/1781170258_CG) by extensions ['colcon_pkg']
[0.297s] Level 1:colcon.colcon_core.package_identification:_identify(data/tmp/1781170258_CG) by extension 'colcon_pkg'
[0.297s] Level 1:colcon.colcon_core.package_identification:_identify(data/tmp/1781170258_CG) by extensions ['colcon_meta']
[0.297s] Level 1:colcon.colcon_core.package_identification:_identify(data/tmp/1781170258_CG) by extension 'colcon_meta'
[0.297s] Level 1:colcon.colcon_core.package_identification:_identify(data/tmp/1781170258_CG) by extensions ['ros']
[0.297s] Level 1:colcon.colcon_core.package_identification:_identify(data/tmp/1781170258_CG) by extension 'ros'
[0.297s] Level 1:colcon.colcon_core.package_identification:_identify(data/tmp/1781170258_CG) by extensions ['cmake', 'python']
[0.297s] Level 1:colcon.colcon_core.package_identification:_identify(data/tmp/1781170258_CG) by extension 'cmake'
[0.297s] Level 1:colcon.colcon_core.package_identification:_identify(data/tmp/1781170258_CG) by extension 'python'
[0.297s] Level 1:colcon.colcon_core.package_identification:_identify(data/tmp/1781170258_CG) by extensions ['python_setup_py']
[0.297s] Level 1:colcon.colcon_core.package_identification:_identify(data/tmp/1781170258_CG) by extension 'python_setup_py'
[0.297s] Level 1:colcon.colcon_core.package_identification:_identify(data/tmp/1781170274_CG) by extensions ['ignore', 'ignore_ament_install']
[0.297s] Level 1:colcon.colcon_core.package_identification:_identify(data/tmp/1781170274_CG) by extension 'ignore'
[0.297s] Level 1:colcon.colcon_core.package_identification:_identify(data/tmp/1781170274_CG) by extension 'ignore_ament_install'
[0.297s] Level 1:colcon.colcon_core.package_identification:_identify(data/tmp/1781170274_CG) by extensions ['colcon_pkg']
[0.297s] Level 1:colcon.colcon_core.package_identification:_identify(data/tmp/1781170274_CG) by extension 'colcon_pkg'
[0.297s] Level 1:colcon.colcon_core.package_identification:_identify(data/tmp/1781170274_CG) by extensions ['colcon_meta']
[0.297s] Level 1:colcon.colcon_core.package_identification:_identify(data/tmp/1781170274_CG) by extension 'colcon_meta'
[0.298s] Level 1:colcon.colcon_core.package_identification:_identify(data/tmp/1781170274_CG) by extensions ['ros']
[0.298s] Level 1:colcon.colcon_core.package_identification:_identify(data/tmp/1781170274_CG) by extension 'ros'
[0.298s] Level 1:colcon.colcon_core.package_identification:_identify(data/tmp/1781170274_CG) by extensions ['cmake', 'python']
[0.298s] Level 1:colcon.colcon_core.package_identification:_identify(data/tmp/1781170274_CG) by extension 'cmake'
[0.298s] Level 1:colcon.colcon_core.package_identification:_identify(data/tmp/1781170274_CG) by extension 'python'
[0.298s] Level 1:colcon.colcon_core.package_identification:_identify(data/tmp/1781170274_CG) by extensions ['python_setup_py']
[0.298s] Level 1:colcon.colcon_core.package_identification:_identify(data/tmp/1781170274_CG) by extension 'python_setup_py'
[0.298s] Level 1:colcon.colcon_core.package_identification:_identify(data/tmp/1781170289_CG) by extensions ['ignore', 'ignore_ament_install']
[0.298s] Level 1:colcon.colcon_core.package_identification:_identify(data/tmp/1781170289_CG) by extension 'ignore'
[0.298s] Level 1:colcon.colcon_core.package_identification:_identify(data/tmp/1781170289_CG) by extension 'ignore_ament_install'
[0.298s] Level 1:colcon.colcon_core.package_identification:_identify(data/tmp/1781170289_CG) by extensions ['colcon_pkg']
[0.298s] Level 1:colcon.colcon_core.package_identification:_identify(data/tmp/1781170289_CG) by extension 'colcon_pkg'
[0.298s] Level 1:colcon.colcon_core.package_identification:_identify(data/tmp/1781170289_CG) by extensions ['colcon_meta']
[0.298s] Level 1:colcon.colcon_core.package_identification:_identify(data/tmp/1781170289_CG) by extension 'colcon_meta'
[0.298s] Level 1:colcon.colcon_core.package_identification:_identify(data/tmp/1781170289_CG) by extensions ['ros']
[0.298s] Level 1:colcon.colcon_core.package_identification:_identify(data/tmp/1781170289_CG) by extension 'ros'
[0.298s] Level 1:colcon.colcon_core.package_identification:_identify(data/tmp/1781170289_CG) by extensions ['cmake', 'python']
[0.298s] Level 1:colcon.colcon_core.package_identification:_identify(data/tmp/1781170289_CG) by extension 'cmake'
[0.298s] Level 1:colcon.colcon_core.package_identification:_identify(data/tmp/1781170289_CG) by extension 'python'
[0.298s] Level 1:colcon.colcon_core.package_identification:_identify(data/tmp/1781170289_CG) by extensions ['python_setup_py']
[0.298s] Level 1:colcon.colcon_core.package_identification:_identify(data/tmp/1781170289_CG) by extension 'python_setup_py'
[0.298s] Level 1:colcon.colcon_core.package_identification:_identify(data/tmp/1781170717_CG) by extensions ['ignore', 'ignore_ament_install']
[0.298s] Level 1:colcon.colcon_core.package_identification:_identify(data/tmp/1781170717_CG) by extension 'ignore'
[0.298s] Level 1:colcon.colcon_core.package_identification:_identify(data/tmp/1781170717_CG) by extension 'ignore_ament_install'
[0.298s] Level 1:colcon.colcon_core.package_identification:_identify(data/tmp/1781170717_CG) by extensions ['colcon_pkg']
[0.298s] Level 1:colcon.colcon_core.package_identification:_identify(data/tmp/1781170717_CG) by extension 'colcon_pkg'
[0.298s] Level 1:colcon.colcon_core.package_identification:_identify(data/tmp/1781170717_CG) by extensions ['colcon_meta']
[0.298s] Level 1:colcon.colcon_core.package_identification:_identify(data/tmp/1781170717_CG) by extension 'colcon_meta'
[0.299s] Level 1:colcon.colcon_core.package_identification:_identify(data/tmp/1781170717_CG) by extensions ['ros']
[0.299s] Level 1:colcon.colcon_core.package_identification:_identify(data/tmp/1781170717_CG) by extension 'ros'
[0.299s] Level 1:colcon.colcon_core.package_identification:_identify(data/tmp/1781170717_CG) by extensions ['cmake', 'python']
[0.299s] Level 1:colcon.colcon_core.package_identification:_identify(data/tmp/1781170717_CG) by extension 'cmake'
[0.299s] Level 1:colcon.colcon_core.package_identification:_identify(data/tmp/1781170717_CG) by extension 'python'
[0.299s] Level 1:colcon.colcon_core.package_identification:_identify(data/tmp/1781170717_CG) by extensions ['python_setup_py']
[0.299s] Level 1:colcon.colcon_core.package_identification:_identify(data/tmp/1781170717_CG) by extension 'python_setup_py'
[0.299s] Level 1:colcon.colcon_core.package_identification:_identify(data/tmp/1781170894_CG) by extensions ['ignore', 'ignore_ament_install']
[0.299s] Level 1:colcon.colcon_core.package_identification:_identify(data/tmp/1781170894_CG) by extension 'ignore'
[0.299s] Level 1:colcon.colcon_core.package_identification:_identify(data/tmp/1781170894_CG) by extension 'ignore_ament_install'
[0.299s] Level 1:colcon.colcon_core.package_identification:_identify(data/tmp/1781170894_CG) by extensions ['colcon_pkg']
[0.299s] Level 1:colcon.colcon_core.package_identification:_identify(data/tmp/1781170894_CG) by extension 'colcon_pkg'
[0.299s] Level 1:colcon.colcon_core.package_identification:_identify(data/tmp/1781170894_CG) by extensions ['colcon_meta']
[0.299s] Level 1:colcon.colcon_core.package_identification:_identify(data/tmp/1781170894_CG) by extension 'colcon_meta'
[0.299s] Level 1:colcon.colcon_core.package_identification:_identify(data/tmp/1781170894_CG) by extensions ['ros']
[0.299s] Level 1:colcon.colcon_core.package_identification:_identify(data/tmp/1781170894_CG) by extension 'ros'
[0.299s] Level 1:colcon.colcon_core.package_identification:_identify(data/tmp/1781170894_CG) by extensions ['cmake', 'python']
[0.299s] Level 1:colcon.colcon_core.package_identification:_identify(data/tmp/1781170894_CG) by extension 'cmake'
[0.299s] Level 1:colcon.colcon_core.package_identification:_identify(data/tmp/1781170894_CG) by extension 'python'
[0.299s] Level 1:colcon.colcon_core.package_identification:_identify(data/tmp/1781170894_CG) by extensions ['python_setup_py']
[0.299s] Level 1:colcon.colcon_core.package_identification:_identify(data/tmp/1781170894_CG) by extension 'python_setup_py'
[0.299s] Level 1:colcon.colcon_core.package_identification:_identify(data/tmp/1781171044_CG) by extensions ['ignore', 'ignore_ament_install']
[0.299s] Level 1:colcon.colcon_core.package_identification:_identify(data/tmp/1781171044_CG) by extension 'ignore'
[0.299s] Level 1:colcon.colcon_core.package_identification:_identify(data/tmp/1781171044_CG) by extension 'ignore_ament_install'
[0.299s] Level 1:colcon.colcon_core.package_identification:_identify(data/tmp/1781171044_CG) by extensions ['colcon_pkg']
[0.300s] Level 1:colcon.colcon_core.package_identification:_identify(data/tmp/1781171044_CG) by extension 'colcon_pkg'
[0.300s] Level 1:colcon.colcon_core.package_identification:_identify(data/tmp/1781171044_CG) by extensions ['colcon_meta']
[0.300s] Level 1:colcon.colcon_core.package_identification:_identify(data/tmp/1781171044_CG) by extension 'colcon_meta'
[0.300s] Level 1:colcon.colcon_core.package_identification:_identify(data/tmp/1781171044_CG) by extensions ['ros']
[0.300s] Level 1:colcon.colcon_core.package_identification:_identify(data/tmp/1781171044_CG) by extension 'ros'
[0.300s] Level 1:colcon.colcon_core.package_identification:_identify(data/tmp/1781171044_CG) by extensions ['cmake', 'python']
[0.300s] Level 1:colcon.colcon_core.package_identification:_identify(data/tmp/1781171044_CG) by extension 'cmake'
[0.300s] Level 1:colcon.colcon_core.package_identification:_identify(data/tmp/1781171044_CG) by extension 'python'
[0.300s] Level 1:colcon.colcon_core.package_identification:_identify(data/tmp/1781171044_CG) by extensions ['python_setup_py']
[0.300s] Level 1:colcon.colcon_core.package_identification:_identify(data/tmp/1781171044_CG) by extension 'python_setup_py'
[0.300s] Level 1:colcon.colcon_core.package_identification:_identify(data/tmp/1781171133_CG) by extensions ['ignore', 'ignore_ament_install']
[0.300s] Level 1:colcon.colcon_core.package_identification:_identify(data/tmp/1781171133_CG) by extension 'ignore'
[0.300s] Level 1:colcon.colcon_core.package_identification:_identify(data/tmp/1781171133_CG) by extension 'ignore_ament_install'
[0.300s] Level 1:colcon.colcon_core.package_identification:_identify(data/tmp/1781171133_CG) by extensions ['colcon_pkg']
[0.300s] Level 1:colcon.colcon_core.package_identification:_identify(data/tmp/1781171133_CG) by extension 'colcon_pkg'
[0.300s] Level 1:colcon.colcon_core.package_identification:_identify(data/tmp/1781171133_CG) by extensions ['colcon_meta']
[0.300s] Level 1:colcon.colcon_core.package_identification:_identify(data/tmp/1781171133_CG) by extension 'colcon_meta'
[0.300s] Level 1:colcon.colcon_core.package_identification:_identify(data/tmp/1781171133_CG) by extensions ['ros']
[0.300s] Level 1:colcon.colcon_core.package_identification:_identify(data/tmp/1781171133_CG) by extension 'ros'
[0.300s] Level 1:colcon.colcon_core.package_identification:_identify(data/tmp/1781171133_CG) by extensions ['cmake', 'python']
[0.300s] Level 1:colcon.colcon_core.package_identification:_identify(data/tmp/1781171133_CG) by extension 'cmake'
[0.300s] Level 1:colcon.colcon_core.package_identification:_identify(data/tmp/1781171133_CG) by extension 'python'
[0.300s] Level 1:colcon.colcon_core.package_identification:_identify(data/tmp/1781171133_CG) by extensions ['python_setup_py']
[0.300s] Level 1:colcon.colcon_core.package_identification:_identify(data/tmp/1781171133_CG) by extension 'python_setup_py'
[0.300s] Level 1:colcon.colcon_core.package_identification:_identify(data/tmp/1781182653_CG) by extensions ['ignore', 'ignore_ament_install']
[0.300s] Level 1:colcon.colcon_core.package_identification:_identify(data/tmp/1781182653_CG) by extension 'ignore'
[0.300s] Level 1:colcon.colcon_core.package_identification:_identify(data/tmp/1781182653_CG) by extension 'ignore_ament_install'
[0.301s] Level 1:colcon.colcon_core.package_identification:_identify(data/tmp/1781182653_CG) by extensions ['colcon_pkg']
[0.301s] Level 1:colcon.colcon_core.package_identification:_identify(data/tmp/1781182653_CG) by extension 'colcon_pkg'
[0.301s] Level 1:colcon.colcon_core.package_identification:_identify(data/tmp/1781182653_CG) by extensions ['colcon_meta']
[0.301s] Level 1:colcon.colcon_core.package_identification:_identify(data/tmp/1781182653_CG) by extension 'colcon_meta'
[0.301s] Level 1:colcon.colcon_core.package_identification:_identify(data/tmp/1781182653_CG) by extensions ['ros']
[0.301s] Level 1:colcon.colcon_core.package_identification:_identify(data/tmp/1781182653_CG) by extension 'ros'
[0.301s] Level 1:colcon.colcon_core.package_identification:_identify(data/tmp/1781182653_CG) by extensions ['cmake', 'python']
[0.301s] Level 1:colcon.colcon_core.package_identification:_identify(data/tmp/1781182653_CG) by extension 'cmake'
[0.301s] Level 1:colcon.colcon_core.package_identification:_identify(data/tmp/1781182653_CG) by extension 'python'
[0.301s] Level 1:colcon.colcon_core.package_identification:_identify(data/tmp/1781182653_CG) by extensions ['python_setup_py']
[0.301s] Level 1:colcon.colcon_core.package_identification:_identify(data/tmp/1781182653_CG) by extension 'python_setup_py'
[0.301s] Level 1:colcon.colcon_core.package_identification:_identify(data/tmp/1781182682_CG) by extensions ['ignore', 'ignore_ament_install']
[0.301s] Level 1:colcon.colcon_core.package_identification:_identify(data/tmp/1781182682_CG) by extension 'ignore'
[0.301s] Level 1:colcon.colcon_core.package_identification:_identify(data/tmp/1781182682_CG) by extension 'ignore_ament_install'
[0.301s] Level 1:colcon.colcon_core.package_identification:_identify(data/tmp/1781182682_CG) by extensions ['colcon_pkg']
[0.301s] Level 1:colcon.colcon_core.package_identification:_identify(data/tmp/1781182682_CG) by extension 'colcon_pkg'
[0.301s] Level 1:colcon.colcon_core.package_identification:_identify(data/tmp/1781182682_CG) by extensions ['colcon_meta']
[0.301s] Level 1:colcon.colcon_core.package_identification:_identify(data/tmp/1781182682_CG) by extension 'colcon_meta'
[0.301s] Level 1:colcon.colcon_core.package_identification:_identify(data/tmp/1781182682_CG) by extensions ['ros']
[0.301s] Level 1:colcon.colcon_core.package_identification:_identify(data/tmp/1781182682_CG) by extension 'ros'
[0.301s] Level 1:colcon.colcon_core.package_identification:_identify(data/tmp/1781182682_CG) by extensions ['cmake', 'python']
[0.301s] Level 1:colcon.colcon_core.package_identification:_identify(data/tmp/1781182682_CG) by extension 'cmake'
[0.301s] Level 1:colcon.colcon_core.package_identification:_identify(data/tmp/1781182682_CG) by extension 'python'
[0.301s] Level 1:colcon.colcon_core.package_identification:_identify(data/tmp/1781182682_CG) by extensions ['python_setup_py']
[0.301s] Level 1:colcon.colcon_core.package_identification:_identify(data/tmp/1781182682_CG) by extension 'python_setup_py'
[0.301s] Level 1:colcon.colcon_core.package_identification:_identify(data/tmp/1781182724_CG) by extensions ['ignore', 'ignore_ament_install']
[0.301s] Level 1:colcon.colcon_core.package_identification:_identify(data/tmp/1781182724_CG) by extension 'ignore'
[0.301s] Level 1:colcon.colcon_core.package_identification:_identify(data/tmp/1781182724_CG) by extension 'ignore_ament_install'
[0.301s] Level 1:colcon.colcon_core.package_identification:_identify(data/tmp/1781182724_CG) by extensions ['colcon_pkg']
[0.302s] Level 1:colcon.colcon_core.package_identification:_identify(data/tmp/1781182724_CG) by extension 'colcon_pkg'
[0.302s] Level 1:colcon.colcon_core.package_identification:_identify(data/tmp/1781182724_CG) by extensions ['colcon_meta']
[0.302s] Level 1:colcon.colcon_core.package_identification:_identify(data/tmp/1781182724_CG) by extension 'colcon_meta'
[0.302s] Level 1:colcon.colcon_core.package_identification:_identify(data/tmp/1781182724_CG) by extensions ['ros']
[0.302s] Level 1:colcon.colcon_core.package_identification:_identify(data/tmp/1781182724_CG) by extension 'ros'
[0.302s] Level 1:colcon.colcon_core.package_identification:_identify(data/tmp/1781182724_CG) by extensions ['cmake', 'python']
[0.302s] Level 1:colcon.colcon_core.package_identification:_identify(data/tmp/1781182724_CG) by extension 'cmake'
[0.302s] Level 1:colcon.colcon_core.package_identification:_identify(data/tmp/1781182724_CG) by extension 'python'
[0.302s] Level 1:colcon.colcon_core.package_identification:_identify(data/tmp/1781182724_CG) by extensions ['python_setup_py']
[0.302s] Level 1:colcon.colcon_core.package_identification:_identify(data/tmp/1781182724_CG) by extension 'python_setup_py'
[0.302s] Level 1:colcon.colcon_core.package_identification:_identify(data/tmp/1781182796_CG) by extensions ['ignore', 'ignore_ament_install']
[0.302s] Level 1:colcon.colcon_core.package_identification:_identify(data/tmp/1781182796_CG) by extension 'ignore'
[0.302s] Level 1:colcon.colcon_core.package_identification:_identify(data/tmp/1781182796_CG) by extension 'ignore_ament_install'
[0.302s] Level 1:colcon.colcon_core.package_identification:_identify(data/tmp/1781182796_CG) by extensions ['colcon_pkg']
[0.302s] Level 1:colcon.colcon_core.package_identification:_identify(data/tmp/1781182796_CG) by extension 'colcon_pkg'
[0.302s] Level 1:colcon.colcon_core.package_identification:_identify(data/tmp/1781182796_CG) by extensions ['colcon_meta']
[0.302s] Level 1:colcon.colcon_core.package_identification:_identify(data/tmp/1781182796_CG) by extension 'colcon_meta'
[0.302s] Level 1:colcon.colcon_core.package_identification:_identify(data/tmp/1781182796_CG) by extensions ['ros']
[0.302s] Level 1:colcon.colcon_core.package_identification:_identify(data/tmp/1781182796_CG) by extension 'ros'
[0.302s] Level 1:colcon.colcon_core.package_identification:_identify(data/tmp/1781182796_CG) by extensions ['cmake', 'python']
[0.302s] Level 1:colcon.colcon_core.package_identification:_identify(data/tmp/1781182796_CG) by extension 'cmake'
[0.302s] Level 1:colcon.colcon_core.package_identification:_identify(data/tmp/1781182796_CG) by extension 'python'
[0.302s] Level 1:colcon.colcon_core.package_identification:_identify(data/tmp/1781182796_CG) by extensions ['python_setup_py']
[0.302s] Level 1:colcon.colcon_core.package_identification:_identify(data/tmp/1781182796_CG) by extension 'python_setup_py'
[0.302s] Level 1:colcon.colcon_core.package_identification:_identify(data/tmp/1781182903_CG) by extensions ['ignore', 'ignore_ament_install']
[0.302s] Level 1:colcon.colcon_core.package_identification:_identify(data/tmp/1781182903_CG) by extension 'ignore'
[0.302s] Level 1:colcon.colcon_core.package_identification:_identify(data/tmp/1781182903_CG) by extension 'ignore_ament_install'
[0.302s] Level 1:colcon.colcon_core.package_identification:_identify(data/tmp/1781182903_CG) by extensions ['colcon_pkg']
[0.303s] Level 1:colcon.colcon_core.package_identification:_identify(data/tmp/1781182903_CG) by extension 'colcon_pkg'
[0.303s] Level 1:colcon.colcon_core.package_identification:_identify(data/tmp/1781182903_CG) by extensions ['colcon_meta']
[0.303s] Level 1:colcon.colcon_core.package_identification:_identify(data/tmp/1781182903_CG) by extension 'colcon_meta'
[0.303s] Level 1:colcon.colcon_core.package_identification:_identify(data/tmp/1781182903_CG) by extensions ['ros']
[0.303s] Level 1:colcon.colcon_core.package_identification:_identify(data/tmp/1781182903_CG) by extension 'ros'
[0.303s] Level 1:colcon.colcon_core.package_identification:_identify(data/tmp/1781182903_CG) by extensions ['cmake', 'python']
[0.303s] Level 1:colcon.colcon_core.package_identification:_identify(data/tmp/1781182903_CG) by extension 'cmake'
[0.303s] Level 1:colcon.colcon_core.package_identification:_identify(data/tmp/1781182903_CG) by extension 'python'
[0.303s] Level 1:colcon.colcon_core.package_identification:_identify(data/tmp/1781182903_CG) by extensions ['python_setup_py']
[0.303s] Level 1:colcon.colcon_core.package_identification:_identify(data/tmp/1781182903_CG) by extension 'python_setup_py'
[0.303s] Level 1:colcon.colcon_core.package_identification:_identify(data/tmp/1781182957_CG) by extensions ['ignore', 'ignore_ament_install']
[0.303s] Level 1:colcon.colcon_core.package_identification:_identify(data/tmp/1781182957_CG) by extension 'ignore'
[0.303s] Level 1:colcon.colcon_core.package_identification:_identify(data/tmp/1781182957_CG) by extension 'ignore_ament_install'
[0.303s] Level 1:colcon.colcon_core.package_identification:_identify(data/tmp/1781182957_CG) by extensions ['colcon_pkg']
[0.303s] Level 1:colcon.colcon_core.package_identification:_identify(data/tmp/1781182957_CG) by extension 'colcon_pkg'
[0.303s] Level 1:colcon.colcon_core.package_identification:_identify(data/tmp/1781182957_CG) by extensions ['colcon_meta']
[0.303s] Level 1:colcon.colcon_core.package_identification:_identify(data/tmp/1781182957_CG) by extension 'colcon_meta'
[0.303s] Level 1:colcon.colcon_core.package_identification:_identify(data/tmp/1781182957_CG) by extensions ['ros']
[0.303s] Level 1:colcon.colcon_core.package_identification:_identify(data/tmp/1781182957_CG) by extension 'ros'
[0.303s] Level 1:colcon.colcon_core.package_identification:_identify(data/tmp/1781182957_CG) by extensions ['cmake', 'python']
[0.303s] Level 1:colcon.colcon_core.package_identification:_identify(data/tmp/1781182957_CG) by extension 'cmake'
[0.303s] Level 1:colcon.colcon_core.package_identification:_identify(data/tmp/1781182957_CG) by extension 'python'
[0.303s] Level 1:colcon.colcon_core.package_identification:_identify(data/tmp/1781182957_CG) by extensions ['python_setup_py']
[0.303s] Level 1:colcon.colcon_core.package_identification:_identify(data/tmp/1781182957_CG) by extension 'python_setup_py'
[0.303s] Level 1:colcon.colcon_core.package_identification:_identify(data/tmp/1781182971_CG) by extensions ['ignore', 'ignore_ament_install']
[0.303s] Level 1:colcon.colcon_core.package_identification:_identify(data/tmp/1781182971_CG) by extension 'ignore'
[0.303s] Level 1:colcon.colcon_core.package_identification:_identify(data/tmp/1781182971_CG) by extension 'ignore_ament_install'
[0.303s] Level 1:colcon.colcon_core.package_identification:_identify(data/tmp/1781182971_CG) by extensions ['colcon_pkg']
[0.303s] Level 1:colcon.colcon_core.package_identification:_identify(data/tmp/1781182971_CG) by extension 'colcon_pkg'
[0.304s] Level 1:colcon.colcon_core.package_identification:_identify(data/tmp/1781182971_CG) by extensions ['colcon_meta']
[0.304s] Level 1:colcon.colcon_core.package_identification:_identify(data/tmp/1781182971_CG) by extension 'colcon_meta'
[0.304s] Level 1:colcon.colcon_core.package_identification:_identify(data/tmp/1781182971_CG) by extensions ['ros']
[0.304s] Level 1:colcon.colcon_core.package_identification:_identify(data/tmp/1781182971_CG) by extension 'ros'
[0.304s] Level 1:colcon.colcon_core.package_identification:_identify(data/tmp/1781182971_CG) by extensions ['cmake', 'python']
[0.304s] Level 1:colcon.colcon_core.package_identification:_identify(data/tmp/1781182971_CG) by extension 'cmake'
[0.304s] Level 1:colcon.colcon_core.package_identification:_identify(data/tmp/1781182971_CG) by extension 'python'
[0.304s] Level 1:colcon.colcon_core.package_identification:_identify(data/tmp/1781182971_CG) by extensions ['python_setup_py']
[0.304s] Level 1:colcon.colcon_core.package_identification:_identify(data/tmp/1781182971_CG) by extension 'python_setup_py'
[0.304s] Level 1:colcon.colcon_core.package_identification:_identify(data/tmp/1781182986_CG) by extensions ['ignore', 'ignore_ament_install']
[0.304s] Level 1:colcon.colcon_core.package_identification:_identify(data/tmp/1781182986_CG) by extension 'ignore'
[0.304s] Level 1:colcon.colcon_core.package_identification:_identify(data/tmp/1781182986_CG) by extension 'ignore_ament_install'
[0.304s] Level 1:colcon.colcon_core.package_identification:_identify(data/tmp/1781182986_CG) by extensions ['colcon_pkg']
[0.304s] Level 1:colcon.colcon_core.package_identification:_identify(data/tmp/1781182986_CG) by extension 'colcon_pkg'
[0.304s] Level 1:colcon.colcon_core.package_identification:_identify(data/tmp/1781182986_CG) by extensions ['colcon_meta']
[0.304s] Level 1:colcon.colcon_core.package_identification:_identify(data/tmp/1781182986_CG) by extension 'colcon_meta'
[0.304s] Level 1:colcon.colcon_core.package_identification:_identify(data/tmp/1781182986_CG) by extensions ['ros']
[0.304s] Level 1:colcon.colcon_core.package_identification:_identify(data/tmp/1781182986_CG) by extension 'ros'
[0.304s] Level 1:colcon.colcon_core.package_identification:_identify(data/tmp/1781182986_CG) by extensions ['cmake', 'python']
[0.304s] Level 1:colcon.colcon_core.package_identification:_identify(data/tmp/1781182986_CG) by extension 'cmake'
[0.304s] Level 1:colcon.colcon_core.package_identification:_identify(data/tmp/1781182986_CG) by extension 'python'
[0.304s] Level 1:colcon.colcon_core.package_identification:_identify(data/tmp/1781182986_CG) by extensions ['python_setup_py']
[0.304s] Level 1:colcon.colcon_core.package_identification:_identify(data/tmp/1781182986_CG) by extension 'python_setup_py'
[0.304s] Level 1:colcon.colcon_core.package_identification:_identify(data/tmp/1781183033_CG) by extensions ['ignore', 'ignore_ament_install']
[0.304s] Level 1:colcon.colcon_core.package_identification:_identify(data/tmp/1781183033_CG) by extension 'ignore'
[0.304s] Level 1:colcon.colcon_core.package_identification:_identify(data/tmp/1781183033_CG) by extension 'ignore_ament_install'
[0.304s] Level 1:colcon.colcon_core.package_identification:_identify(data/tmp/1781183033_CG) by extensions ['colcon_pkg']
[0.305s] Level 1:colcon.colcon_core.package_identification:_identify(data/tmp/1781183033_CG) by extension 'colcon_pkg'
[0.305s] Level 1:colcon.colcon_core.package_identification:_identify(data/tmp/1781183033_CG) by extensions ['colcon_meta']
[0.305s] Level 1:colcon.colcon_core.package_identification:_identify(data/tmp/1781183033_CG) by extension 'colcon_meta'
[0.305s] Level 1:colcon.colcon_core.package_identification:_identify(data/tmp/1781183033_CG) by extensions ['ros']
[0.305s] Level 1:colcon.colcon_core.package_identification:_identify(data/tmp/1781183033_CG) by extension 'ros'
[0.305s] Level 1:colcon.colcon_core.package_identification:_identify(data/tmp/1781183033_CG) by extensions ['cmake', 'python']
[0.305s] Level 1:colcon.colcon_core.package_identification:_identify(data/tmp/1781183033_CG) by extension 'cmake'
[0.305s] Level 1:colcon.colcon_core.package_identification:_identify(data/tmp/1781183033_CG) by extension 'python'
[0.305s] Level 1:colcon.colcon_core.package_identification:_identify(data/tmp/1781183033_CG) by extensions ['python_setup_py']
[0.305s] Level 1:colcon.colcon_core.package_identification:_identify(data/tmp/1781183033_CG) by extension 'python_setup_py'
[0.305s] Level 1:colcon.colcon_core.package_identification:_identify(data/tmp/1781186189_CG) by extensions ['ignore', 'ignore_ament_install']
[0.305s] Level 1:colcon.colcon_core.package_identification:_identify(data/tmp/1781186189_CG) by extension 'ignore'
[0.305s] Level 1:colcon.colcon_core.package_identification:_identify(data/tmp/1781186189_CG) by extension 'ignore_ament_install'
[0.305s] Level 1:colcon.colcon_core.package_identification:_identify(data/tmp/1781186189_CG) by extensions ['colcon_pkg']
[0.305s] Level 1:colcon.colcon_core.package_identification:_identify(data/tmp/1781186189_CG) by extension 'colcon_pkg'
[0.305s] Level 1:colcon.colcon_core.package_identification:_identify(data/tmp/1781186189_CG) by extensions ['colcon_meta']
[0.305s] Level 1:colcon.colcon_core.package_identification:_identify(data/tmp/1781186189_CG) by extension 'colcon_meta'
[0.305s] Level 1:colcon.colcon_core.package_identification:_identify(data/tmp/1781186189_CG) by extensions ['ros']
[0.305s] Level 1:colcon.colcon_core.package_identification:_identify(data/tmp/1781186189_CG) by extension 'ros'
[0.305s] Level 1:colcon.colcon_core.package_identification:_identify(data/tmp/1781186189_CG) by extensions ['cmake', 'python']
[0.305s] Level 1:colcon.colcon_core.package_identification:_identify(data/tmp/1781186189_CG) by extension 'cmake'
[0.305s] Level 1:colcon.colcon_core.package_identification:_identify(data/tmp/1781186189_CG) by extension 'python'
[0.305s] Level 1:colcon.colcon_core.package_identification:_identify(data/tmp/1781186189_CG) by extensions ['python_setup_py']
[0.305s] Level 1:colcon.colcon_core.package_identification:_identify(data/tmp/1781186189_CG) by extension 'python_setup_py'
[0.305s] Level 1:colcon.colcon_core.package_identification:_identify(data/tmp/1781186227_CG) by extensions ['ignore', 'ignore_ament_install']
[0.305s] Level 1:colcon.colcon_core.package_identification:_identify(data/tmp/1781186227_CG) by extension 'ignore'
[0.305s] Level 1:colcon.colcon_core.package_identification:_identify(data/tmp/1781186227_CG) by extension 'ignore_ament_install'
[0.305s] Level 1:colcon.colcon_core.package_identification:_identify(data/tmp/1781186227_CG) by extensions ['colcon_pkg']
[0.305s] Level 1:colcon.colcon_core.package_identification:_identify(data/tmp/1781186227_CG) by extension 'colcon_pkg'
[0.306s] Level 1:colcon.colcon_core.package_identification:_identify(data/tmp/1781186227_CG) by extensions ['colcon_meta']
[0.306s] Level 1:colcon.colcon_core.package_identification:_identify(data/tmp/1781186227_CG) by extension 'colcon_meta'
[0.306s] Level 1:colcon.colcon_core.package_identification:_identify(data/tmp/1781186227_CG) by extensions ['ros']
[0.306s] Level 1:colcon.colcon_core.package_identification:_identify(data/tmp/1781186227_CG) by extension 'ros'
[0.306s] Level 1:colcon.colcon_core.package_identification:_identify(data/tmp/1781186227_CG) by extensions ['cmake', 'python']
[0.306s] Level 1:colcon.colcon_core.package_identification:_identify(data/tmp/1781186227_CG) by extension 'cmake'
[0.306s] Level 1:colcon.colcon_core.package_identification:_identify(data/tmp/1781186227_CG) by extension 'python'
[0.306s] Level 1:colcon.colcon_core.package_identification:_identify(data/tmp/1781186227_CG) by extensions ['python_setup_py']
[0.306s] Level 1:colcon.colcon_core.package_identification:_identify(data/tmp/1781186227_CG) by extension 'python_setup_py'
[0.306s] Level 1:colcon.colcon_core.package_identification:_identify(data/tmp/1781186433_CG) by extensions ['ignore', 'ignore_ament_install']
[0.306s] Level 1:colcon.colcon_core.package_identification:_identify(data/tmp/1781186433_CG) by extension 'ignore'
[0.306s] Level 1:colcon.colcon_core.package_identification:_identify(data/tmp/1781186433_CG) by extension 'ignore_ament_install'
[0.306s] Level 1:colcon.colcon_core.package_identification:_identify(data/tmp/1781186433_CG) by extensions ['colcon_pkg']
[0.306s] Level 1:colcon.colcon_core.package_identification:_identify(data/tmp/1781186433_CG) by extension 'colcon_pkg'
[0.306s] Level 1:colcon.colcon_core.package_identification:_identify(data/tmp/1781186433_CG) by extensions ['colcon_meta']
[0.306s] Level 1:colcon.colcon_core.package_identification:_identify(data/tmp/1781186433_CG) by extension 'colcon_meta'
[0.306s] Level 1:colcon.colcon_core.package_identification:_identify(data/tmp/1781186433_CG) by extensions ['ros']
[0.306s] Level 1:colcon.colcon_core.package_identification:_identify(data/tmp/1781186433_CG) by extension 'ros'
[0.306s] Level 1:colcon.colcon_core.package_identification:_identify(data/tmp/1781186433_CG) by extensions ['cmake', 'python']
[0.306s] Level 1:colcon.colcon_core.package_identification:_identify(data/tmp/1781186433_CG) by extension 'cmake'
[0.306s] Level 1:colcon.colcon_core.package_identification:_identify(data/tmp/1781186433_CG) by extension 'python'
[0.306s] Level 1:colcon.colcon_core.package_identification:_identify(data/tmp/1781186433_CG) by extensions ['python_setup_py']
[0.306s] Level 1:colcon.colcon_core.package_identification:_identify(data/tmp/1781186433_CG) by extension 'python_setup_py'
[0.306s] Level 1:colcon.colcon_core.package_identification:_identify(data/tmp/1781186441_CG) by extensions ['ignore', 'ignore_ament_install']
[0.306s] Level 1:colcon.colcon_core.package_identification:_identify(data/tmp/1781186441_CG) by extension 'ignore'
[0.306s] Level 1:colcon.colcon_core.package_identification:_identify(data/tmp/1781186441_CG) by extension 'ignore_ament_install'
[0.306s] Level 1:colcon.colcon_core.package_identification:_identify(data/tmp/1781186441_CG) by extensions ['colcon_pkg']
[0.306s] Level 1:colcon.colcon_core.package_identification:_identify(data/tmp/1781186441_CG) by extension 'colcon_pkg'
[0.306s] Level 1:colcon.colcon_core.package_identification:_identify(data/tmp/1781186441_CG) by extensions ['colcon_meta']
[0.307s] Level 1:colcon.colcon_core.package_identification:_identify(data/tmp/1781186441_CG) by extension 'colcon_meta'
[0.307s] Level 1:colcon.colcon_core.package_identification:_identify(data/tmp/1781186441_CG) by extensions ['ros']
[0.307s] Level 1:colcon.colcon_core.package_identification:_identify(data/tmp/1781186441_CG) by extension 'ros'
[0.307s] Level 1:colcon.colcon_core.package_identification:_identify(data/tmp/1781186441_CG) by extensions ['cmake', 'python']
[0.307s] Level 1:colcon.colcon_core.package_identification:_identify(data/tmp/1781186441_CG) by extension 'cmake'
[0.307s] Level 1:colcon.colcon_core.package_identification:_identify(data/tmp/1781186441_CG) by extension 'python'
[0.307s] Level 1:colcon.colcon_core.package_identification:_identify(data/tmp/1781186441_CG) by extensions ['python_setup_py']
[0.307s] Level 1:colcon.colcon_core.package_identification:_identify(data/tmp/1781186441_CG) by extension 'python_setup_py'
[0.307s] Level 1:colcon.colcon_core.package_identification:_identify(data/tmp/1781186708_CG) by extensions ['ignore', 'ignore_ament_install']
[0.307s] Level 1:colcon.colcon_core.package_identification:_identify(data/tmp/1781186708_CG) by extension 'ignore'
[0.307s] Level 1:colcon.colcon_core.package_identification:_identify(data/tmp/1781186708_CG) by extension 'ignore_ament_install'
[0.307s] Level 1:colcon.colcon_core.package_identification:_identify(data/tmp/1781186708_CG) by extensions ['colcon_pkg']
[0.307s] Level 1:colcon.colcon_core.package_identification:_identify(data/tmp/1781186708_CG) by extension 'colcon_pkg'
[0.307s] Level 1:colcon.colcon_core.package_identification:_identify(data/tmp/1781186708_CG) by extensions ['colcon_meta']
[0.307s] Level 1:colcon.colcon_core.package_identification:_identify(data/tmp/1781186708_CG) by extension 'colcon_meta'
[0.307s] Level 1:colcon.colcon_core.package_identification:_identify(data/tmp/1781186708_CG) by extensions ['ros']
[0.307s] Level 1:colcon.colcon_core.package_identification:_identify(data/tmp/1781186708_CG) by extension 'ros'
[0.307s] Level 1:colcon.colcon_core.package_identification:_identify(data/tmp/1781186708_CG) by extensions ['cmake', 'python']
[0.307s] Level 1:colcon.colcon_core.package_identification:_identify(data/tmp/1781186708_CG) by extension 'cmake'
[0.307s] Level 1:colcon.colcon_core.package_identification:_identify(data/tmp/1781186708_CG) by extension 'python'
[0.307s] Level 1:colcon.colcon_core.package_identification:_identify(data/tmp/1781186708_CG) by extensions ['python_setup_py']
[0.307s] Level 1:colcon.colcon_core.package_identification:_identify(data/tmp/1781186708_CG) by extension 'python_setup_py'
[0.307s] Level 1:colcon.colcon_core.package_identification:_identify(data/tmp/1781186744_CG) by extensions ['ignore', 'ignore_ament_install']
[0.307s] Level 1:colcon.colcon_core.package_identification:_identify(data/tmp/1781186744_CG) by extension 'ignore'
[0.307s] Level 1:colcon.colcon_core.package_identification:_identify(data/tmp/1781186744_CG) by extension 'ignore_ament_install'
[0.307s] Level 1:colcon.colcon_core.package_identification:_identify(data/tmp/1781186744_CG) by extensions ['colcon_pkg']
[0.307s] Level 1:colcon.colcon_core.package_identification:_identify(data/tmp/1781186744_CG) by extension 'colcon_pkg'
[0.307s] Level 1:colcon.colcon_core.package_identification:_identify(data/tmp/1781186744_CG) by extensions ['colcon_meta']
[0.308s] Level 1:colcon.colcon_core.package_identification:_identify(data/tmp/1781186744_CG) by extension 'colcon_meta'
[0.308s] Level 1:colcon.colcon_core.package_identification:_identify(data/tmp/1781186744_CG) by extensions ['ros']
[0.308s] Level 1:colcon.colcon_core.package_identification:_identify(data/tmp/1781186744_CG) by extension 'ros'
[0.308s] Level 1:colcon.colcon_core.package_identification:_identify(data/tmp/1781186744_CG) by extensions ['cmake', 'python']
[0.308s] Level 1:colcon.colcon_core.package_identification:_identify(data/tmp/1781186744_CG) by extension 'cmake'
[0.308s] Level 1:colcon.colcon_core.package_identification:_identify(data/tmp/1781186744_CG) by extension 'python'
[0.308s] Level 1:colcon.colcon_core.package_identification:_identify(data/tmp/1781186744_CG) by extensions ['python_setup_py']
[0.308s] Level 1:colcon.colcon_core.package_identification:_identify(data/tmp/1781186744_CG) by extension 'python_setup_py'
[0.308s] Level 1:colcon.colcon_core.package_identification:_identify(data/tmp/1781186792_CG) by extensions ['ignore', 'ignore_ament_install']
[0.308s] Level 1:colcon.colcon_core.package_identification:_identify(data/tmp/1781186792_CG) by extension 'ignore'
[0.308s] Level 1:colcon.colcon_core.package_identification:_identify(data/tmp/1781186792_CG) by extension 'ignore_ament_install'
[0.308s] Level 1:colcon.colcon_core.package_identification:_identify(data/tmp/1781186792_CG) by extensions ['colcon_pkg']
[0.308s] Level 1:colcon.colcon_core.package_identification:_identify(data/tmp/1781186792_CG) by extension 'colcon_pkg'
[0.308s] Level 1:colcon.colcon_core.package_identification:_identify(data/tmp/1781186792_CG) by extensions ['colcon_meta']
[0.308s] Level 1:colcon.colcon_core.package_identification:_identify(data/tmp/1781186792_CG) by extension 'colcon_meta'
[0.308s] Level 1:colcon.colcon_core.package_identification:_identify(data/tmp/1781186792_CG) by extensions ['ros']
[0.308s] Level 1:colcon.colcon_core.package_identification:_identify(data/tmp/1781186792_CG) by extension 'ros'
[0.308s] Level 1:colcon.colcon_core.package_identification:_identify(data/tmp/1781186792_CG) by extensions ['cmake', 'python']
[0.308s] Level 1:colcon.colcon_core.package_identification:_identify(data/tmp/1781186792_CG) by extension 'cmake'
[0.308s] Level 1:colcon.colcon_core.package_identification:_identify(data/tmp/1781186792_CG) by extension 'python'
[0.308s] Level 1:colcon.colcon_core.package_identification:_identify(data/tmp/1781186792_CG) by extensions ['python_setup_py']
[0.308s] Level 1:colcon.colcon_core.package_identification:_identify(data/tmp/1781186792_CG) by extension 'python_setup_py'
[0.308s] Level 1:colcon.colcon_core.package_identification:_identify(data/tmp/1781186851_CG) by extensions ['ignore', 'ignore_ament_install']
[0.308s] Level 1:colcon.colcon_core.package_identification:_identify(data/tmp/1781186851_CG) by extension 'ignore'
[0.308s] Level 1:colcon.colcon_core.package_identification:_identify(data/tmp/1781186851_CG) by extension 'ignore_ament_install'
[0.308s] Level 1:colcon.colcon_core.package_identification:_identify(data/tmp/1781186851_CG) by extensions ['colcon_pkg']
[0.308s] Level 1:colcon.colcon_core.package_identification:_identify(data/tmp/1781186851_CG) by extension 'colcon_pkg'
[0.308s] Level 1:colcon.colcon_core.package_identification:_identify(data/tmp/1781186851_CG) by extensions ['colcon_meta']
[0.308s] Level 1:colcon.colcon_core.package_identification:_identify(data/tmp/1781186851_CG) by extension 'colcon_meta'
[0.309s] Level 1:colcon.colcon_core.package_identification:_identify(data/tmp/1781186851_CG) by extensions ['ros']
[0.309s] Level 1:colcon.colcon_core.package_identification:_identify(data/tmp/1781186851_CG) by extension 'ros'
[0.309s] Level 1:colcon.colcon_core.package_identification:_identify(data/tmp/1781186851_CG) by extensions ['cmake', 'python']
[0.309s] Level 1:colcon.colcon_core.package_identification:_identify(data/tmp/1781186851_CG) by extension 'cmake'
[0.309s] Level 1:colcon.colcon_core.package_identification:_identify(data/tmp/1781186851_CG) by extension 'python'
[0.309s] Level 1:colcon.colcon_core.package_identification:_identify(data/tmp/1781186851_CG) by extensions ['python_setup_py']
[0.309s] Level 1:colcon.colcon_core.package_identification:_identify(data/tmp/1781186851_CG) by extension 'python_setup_py'
[0.309s] Level 1:colcon.colcon_core.package_identification:_identify(data/tmp/1781186880_CG) by extensions ['ignore', 'ignore_ament_install']
[0.309s] Level 1:colcon.colcon_core.package_identification:_identify(data/tmp/1781186880_CG) by extension 'ignore'
[0.309s] Level 1:colcon.colcon_core.package_identification:_identify(data/tmp/1781186880_CG) by extension 'ignore_ament_install'
[0.309s] Level 1:colcon.colcon_core.package_identification:_identify(data/tmp/1781186880_CG) by extensions ['colcon_pkg']
[0.309s] Level 1:colcon.colcon_core.package_identification:_identify(data/tmp/1781186880_CG) by extension 'colcon_pkg'
[0.309s] Level 1:colcon.colcon_core.package_identification:_identify(data/tmp/1781186880_CG) by extensions ['colcon_meta']
[0.309s] Level 1:colcon.colcon_core.package_identification:_identify(data/tmp/1781186880_CG) by extension 'colcon_meta'
[0.309s] Level 1:colcon.colcon_core.package_identification:_identify(data/tmp/1781186880_CG) by extensions ['ros']
[0.309s] Level 1:colcon.colcon_core.package_identification:_identify(data/tmp/1781186880_CG) by extension 'ros'
[0.309s] Level 1:colcon.colcon_core.package_identification:_identify(data/tmp/1781186880_CG) by extensions ['cmake', 'python']
[0.309s] Level 1:colcon.colcon_core.package_identification:_identify(data/tmp/1781186880_CG) by extension 'cmake'
[0.309s] Level 1:colcon.colcon_core.package_identification:_identify(data/tmp/1781186880_CG) by extension 'python'
[0.309s] Level 1:colcon.colcon_core.package_identification:_identify(data/tmp/1781186880_CG) by extensions ['python_setup_py']
[0.309s] Level 1:colcon.colcon_core.package_identification:_identify(data/tmp/1781186880_CG) by extension 'python_setup_py'
[0.309s] Level 1:colcon.colcon_core.package_identification:_identify(data/tmp/1781186918_CG) by extensions ['ignore', 'ignore_ament_install']
[0.309s] Level 1:colcon.colcon_core.package_identification:_identify(data/tmp/1781186918_CG) by extension 'ignore'
[0.309s] Level 1:colcon.colcon_core.package_identification:_identify(data/tmp/1781186918_CG) by extension 'ignore_ament_install'
[0.309s] Level 1:colcon.colcon_core.package_identification:_identify(data/tmp/1781186918_CG) by extensions ['colcon_pkg']
[0.309s] Level 1:colcon.colcon_core.package_identification:_identify(data/tmp/1781186918_CG) by extension 'colcon_pkg'
[0.309s] Level 1:colcon.colcon_core.package_identification:_identify(data/tmp/1781186918_CG) by extensions ['colcon_meta']
[0.310s] Level 1:colcon.colcon_core.package_identification:_identify(data/tmp/1781186918_CG) by extension 'colcon_meta'
[0.310s] Level 1:colcon.colcon_core.package_identification:_identify(data/tmp/1781186918_CG) by extensions ['ros']
[0.310s] Level 1:colcon.colcon_core.package_identification:_identify(data/tmp/1781186918_CG) by extension 'ros'
[0.310s] Level 1:colcon.colcon_core.package_identification:_identify(data/tmp/1781186918_CG) by extensions ['cmake', 'python']
[0.310s] Level 1:colcon.colcon_core.package_identification:_identify(data/tmp/1781186918_CG) by extension 'cmake'
[0.310s] Level 1:colcon.colcon_core.package_identification:_identify(data/tmp/1781186918_CG) by extension 'python'
[0.310s] Level 1:colcon.colcon_core.package_identification:_identify(data/tmp/1781186918_CG) by extensions ['python_setup_py']
[0.310s] Level 1:colcon.colcon_core.package_identification:_identify(data/tmp/1781186918_CG) by extension 'python_setup_py'
[0.310s] Level 1:colcon.colcon_core.package_identification:_identify(data/tmp/1781187032_CG) by extensions ['ignore', 'ignore_ament_install']
[0.310s] Level 1:colcon.colcon_core.package_identification:_identify(data/tmp/1781187032_CG) by extension 'ignore'
[0.310s] Level 1:colcon.colcon_core.package_identification:_identify(data/tmp/1781187032_CG) by extension 'ignore_ament_install'
[0.310s] Level 1:colcon.colcon_core.package_identification:_identify(data/tmp/1781187032_CG) by extensions ['colcon_pkg']
[0.310s] Level 1:colcon.colcon_core.package_identification:_identify(data/tmp/1781187032_CG) by extension 'colcon_pkg'
[0.310s] Level 1:colcon.colcon_core.package_identification:_identify(data/tmp/1781187032_CG) by extensions ['colcon_meta']
[0.310s] Level 1:colcon.colcon_core.package_identification:_identify(data/tmp/1781187032_CG) by extension 'colcon_meta'
[0.310s] Level 1:colcon.colcon_core.package_identification:_identify(data/tmp/1781187032_CG) by extensions ['ros']
[0.310s] Level 1:colcon.colcon_core.package_identification:_identify(data/tmp/1781187032_CG) by extension 'ros'
[0.310s] Level 1:colcon.colcon_core.package_identification:_identify(data/tmp/1781187032_CG) by extensions ['cmake', 'python']
[0.310s] Level 1:colcon.colcon_core.package_identification:_identify(data/tmp/1781187032_CG) by extension 'cmake'
[0.310s] Level 1:colcon.colcon_core.package_identification:_identify(data/tmp/1781187032_CG) by extension 'python'
[0.310s] Level 1:colcon.colcon_core.package_identification:_identify(data/tmp/1781187032_CG) by extensions ['python_setup_py']
[0.310s] Level 1:colcon.colcon_core.package_identification:_identify(data/tmp/1781187032_CG) by extension 'python_setup_py'
[0.310s] Level 1:colcon.colcon_core.package_identification:_identify(data/tmp/1781187128_CG) by extensions ['ignore', 'ignore_ament_install']
[0.310s] Level 1:colcon.colcon_core.package_identification:_identify(data/tmp/1781187128_CG) by extension 'ignore'
[0.310s] Level 1:colcon.colcon_core.package_identification:_identify(data/tmp/1781187128_CG) by extension 'ignore_ament_install'
[0.310s] Level 1:colcon.colcon_core.package_identification:_identify(data/tmp/1781187128_CG) by extensions ['colcon_pkg']
[0.310s] Level 1:colcon.colcon_core.package_identification:_identify(data/tmp/1781187128_CG) by extension 'colcon_pkg'
[0.310s] Level 1:colcon.colcon_core.package_identification:_identify(data/tmp/1781187128_CG) by extensions ['colcon_meta']
[0.310s] Level 1:colcon.colcon_core.package_identification:_identify(data/tmp/1781187128_CG) by extension 'colcon_meta'
[0.311s] Level 1:colcon.colcon_core.package_identification:_identify(data/tmp/1781187128_CG) by extensions ['ros']
[0.311s] Level 1:colcon.colcon_core.package_identification:_identify(data/tmp/1781187128_CG) by extension 'ros'
[0.311s] Level 1:colcon.colcon_core.package_identification:_identify(data/tmp/1781187128_CG) by extensions ['cmake', 'python']
[0.311s] Level 1:colcon.colcon_core.package_identification:_identify(data/tmp/1781187128_CG) by extension 'cmake'
[0.311s] Level 1:colcon.colcon_core.package_identification:_identify(data/tmp/1781187128_CG) by extension 'python'
[0.311s] Level 1:colcon.colcon_core.package_identification:_identify(data/tmp/1781187128_CG) by extensions ['python_setup_py']
[0.311s] Level 1:colcon.colcon_core.package_identification:_identify(data/tmp/1781187128_CG) by extension 'python_setup_py'
[0.311s] Level 1:colcon.colcon_core.package_identification:_identify(data/tmp/1781187140_CG) by extensions ['ignore', 'ignore_ament_install']
[0.311s] Level 1:colcon.colcon_core.package_identification:_identify(data/tmp/1781187140_CG) by extension 'ignore'
[0.311s] Level 1:colcon.colcon_core.package_identification:_identify(data/tmp/1781187140_CG) by extension 'ignore_ament_install'
[0.311s] Level 1:colcon.colcon_core.package_identification:_identify(data/tmp/1781187140_CG) by extensions ['colcon_pkg']
[0.311s] Level 1:colcon.colcon_core.package_identification:_identify(data/tmp/1781187140_CG) by extension 'colcon_pkg'
[0.311s] Level 1:colcon.colcon_core.package_identification:_identify(data/tmp/1781187140_CG) by extensions ['colcon_meta']
[0.311s] Level 1:colcon.colcon_core.package_identification:_identify(data/tmp/1781187140_CG) by extension 'colcon_meta'
[0.311s] Level 1:colcon.colcon_core.package_identification:_identify(data/tmp/1781187140_CG) by extensions ['ros']
[0.311s] Level 1:colcon.colcon_core.package_identification:_identify(data/tmp/1781187140_CG) by extension 'ros'
[0.311s] Level 1:colcon.colcon_core.package_identification:_identify(data/tmp/1781187140_CG) by extensions ['cmake', 'python']
[0.311s] Level 1:colcon.colcon_core.package_identification:_identify(data/tmp/1781187140_CG) by extension 'cmake'
[0.311s] Level 1:colcon.colcon_core.package_identification:_identify(data/tmp/1781187140_CG) by extension 'python'
[0.311s] Level 1:colcon.colcon_core.package_identification:_identify(data/tmp/1781187140_CG) by extensions ['python_setup_py']
[0.311s] Level 1:colcon.colcon_core.package_identification:_identify(data/tmp/1781187140_CG) by extension 'python_setup_py'
[0.311s] Level 1:colcon.colcon_core.package_identification:_identify(data/tmp/1781187154_CG) by extensions ['ignore', 'ignore_ament_install']
[0.311s] Level 1:colcon.colcon_core.package_identification:_identify(data/tmp/1781187154_CG) by extension 'ignore'
[0.311s] Level 1:colcon.colcon_core.package_identification:_identify(data/tmp/1781187154_CG) by extension 'ignore_ament_install'
[0.311s] Level 1:colcon.colcon_core.package_identification:_identify(data/tmp/1781187154_CG) by extensions ['colcon_pkg']
[0.311s] Level 1:colcon.colcon_core.package_identification:_identify(data/tmp/1781187154_CG) by extension 'colcon_pkg'
[0.312s] Level 1:colcon.colcon_core.package_identification:_identify(data/tmp/1781187154_CG) by extensions ['colcon_meta']
[0.312s] Level 1:colcon.colcon_core.package_identification:_identify(data/tmp/1781187154_CG) by extension 'colcon_meta'
[0.312s] Level 1:colcon.colcon_core.package_identification:_identify(data/tmp/1781187154_CG) by extensions ['ros']
[0.312s] Level 1:colcon.colcon_core.package_identification:_identify(data/tmp/1781187154_CG) by extension 'ros'
[0.312s] Level 1:colcon.colcon_core.package_identification:_identify(data/tmp/1781187154_CG) by extensions ['cmake', 'python']
[0.312s] Level 1:colcon.colcon_core.package_identification:_identify(data/tmp/1781187154_CG) by extension 'cmake'
[0.312s] Level 1:colcon.colcon_core.package_identification:_identify(data/tmp/1781187154_CG) by extension 'python'
[0.312s] Level 1:colcon.colcon_core.package_identification:_identify(data/tmp/1781187154_CG) by extensions ['python_setup_py']
[0.312s] Level 1:colcon.colcon_core.package_identification:_identify(data/tmp/1781187154_CG) by extension 'python_setup_py'
[0.312s] Level 1:colcon.colcon_core.package_identification:_identify(data/tmp/1781187222_CG) by extensions ['ignore', 'ignore_ament_install']
[0.312s] Level 1:colcon.colcon_core.package_identification:_identify(data/tmp/1781187222_CG) by extension 'ignore'
[0.312s] Level 1:colcon.colcon_core.package_identification:_identify(data/tmp/1781187222_CG) by extension 'ignore_ament_install'
[0.312s] Level 1:colcon.colcon_core.package_identification:_identify(data/tmp/1781187222_CG) by extensions ['colcon_pkg']
[0.312s] Level 1:colcon.colcon_core.package_identification:_identify(data/tmp/1781187222_CG) by extension 'colcon_pkg'
[0.312s] Level 1:colcon.colcon_core.package_identification:_identify(data/tmp/1781187222_CG) by extensions ['colcon_meta']
[0.312s] Level 1:colcon.colcon_core.package_identification:_identify(data/tmp/1781187222_CG) by extension 'colcon_meta'
[0.312s] Level 1:colcon.colcon_core.package_identification:_identify(data/tmp/1781187222_CG) by extensions ['ros']
[0.312s] Level 1:colcon.colcon_core.package_identification:_identify(data/tmp/1781187222_CG) by extension 'ros'
[0.312s] Level 1:colcon.colcon_core.package_identification:_identify(data/tmp/1781187222_CG) by extensions ['cmake', 'python']
[0.312s] Level 1:colcon.colcon_core.package_identification:_identify(data/tmp/1781187222_CG) by extension 'cmake'
[0.312s] Level 1:colcon.colcon_core.package_identification:_identify(data/tmp/1781187222_CG) by extension 'python'
[0.312s] Level 1:colcon.colcon_core.package_identification:_identify(data/tmp/1781187222_CG) by extensions ['python_setup_py']
[0.312s] Level 1:colcon.colcon_core.package_identification:_identify(data/tmp/1781187222_CG) by extension 'python_setup_py'
[0.312s] Level 1:colcon.colcon_core.package_identification:_identify(data/tmp/1781187232_CG) by extensions ['ignore', 'ignore_ament_install']
[0.312s] Level 1:colcon.colcon_core.package_identification:_identify(data/tmp/1781187232_CG) by extension 'ignore'
[0.312s] Level 1:colcon.colcon_core.package_identification:_identify(data/tmp/1781187232_CG) by extension 'ignore_ament_install'
[0.313s] Level 1:colcon.colcon_core.package_identification:_identify(data/tmp/1781187232_CG) by extensions ['colcon_pkg']
[0.313s] Level 1:colcon.colcon_core.package_identification:_identify(data/tmp/1781187232_CG) by extension 'colcon_pkg'
[0.313s] Level 1:colcon.colcon_core.package_identification:_identify(data/tmp/1781187232_CG) by extensions ['colcon_meta']
[0.313s] Level 1:colcon.colcon_core.package_identification:_identify(data/tmp/1781187232_CG) by extension 'colcon_meta'
[0.313s] Level 1:colcon.colcon_core.package_identification:_identify(data/tmp/1781187232_CG) by extensions ['ros']
[0.313s] Level 1:colcon.colcon_core.package_identification:_identify(data/tmp/1781187232_CG) by extension 'ros'
[0.313s] Level 1:colcon.colcon_core.package_identification:_identify(data/tmp/1781187232_CG) by extensions ['cmake', 'python']
[0.313s] Level 1:colcon.colcon_core.package_identification:_identify(data/tmp/1781187232_CG) by extension 'cmake'
[0.313s] Level 1:colcon.colcon_core.package_identification:_identify(data/tmp/1781187232_CG) by extension 'python'
[0.313s] Level 1:colcon.colcon_core.package_identification:_identify(data/tmp/1781187232_CG) by extensions ['python_setup_py']
[0.313s] Level 1:colcon.colcon_core.package_identification:_identify(data/tmp/1781187232_CG) by extension 'python_setup_py'
[0.313s] Level 1:colcon.colcon_core.package_identification:_identify(data/tmp/1781187243_CG) by extensions ['ignore', 'ignore_ament_install']
[0.313s] Level 1:colcon.colcon_core.package_identification:_identify(data/tmp/1781187243_CG) by extension 'ignore'
[0.313s] Level 1:colcon.colcon_core.package_identification:_identify(data/tmp/1781187243_CG) by extension 'ignore_ament_install'
[0.313s] Level 1:colcon.colcon_core.package_identification:_identify(data/tmp/1781187243_CG) by extensions ['colcon_pkg']
[0.313s] Level 1:colcon.colcon_core.package_identification:_identify(data/tmp/1781187243_CG) by extension 'colcon_pkg'
[0.313s] Level 1:colcon.colcon_core.package_identification:_identify(data/tmp/1781187243_CG) by extensions ['colcon_meta']
[0.313s] Level 1:colcon.colcon_core.package_identification:_identify(data/tmp/1781187243_CG) by extension 'colcon_meta'
[0.313s] Level 1:colcon.colcon_core.package_identification:_identify(data/tmp/1781187243_CG) by extensions ['ros']
[0.313s] Level 1:colcon.colcon_core.package_identification:_identify(data/tmp/1781187243_CG) by extension 'ros'
[0.313s] Level 1:colcon.colcon_core.package_identification:_identify(data/tmp/1781187243_CG) by extensions ['cmake', 'python']
[0.313s] Level 1:colcon.colcon_core.package_identification:_identify(data/tmp/1781187243_CG) by extension 'cmake'
[0.313s] Level 1:colcon.colcon_core.package_identification:_identify(data/tmp/1781187243_CG) by extension 'python'
[0.313s] Level 1:colcon.colcon_core.package_identification:_identify(data/tmp/1781187243_CG) by extensions ['python_setup_py']
[0.313s] Level 1:colcon.colcon_core.package_identification:_identify(data/tmp/1781187243_CG) by extension 'python_setup_py'
[0.313s] Level 1:colcon.colcon_core.package_identification:_identify(data/tmp/1781187257_CG) by extensions ['ignore', 'ignore_ament_install']
[0.313s] Level 1:colcon.colcon_core.package_identification:_identify(data/tmp/1781187257_CG) by extension 'ignore'
[0.314s] Level 1:colcon.colcon_core.package_identification:_identify(data/tmp/1781187257_CG) by extension 'ignore_ament_install'
[0.314s] Level 1:colcon.colcon_core.package_identification:_identify(data/tmp/1781187257_CG) by extensions ['colcon_pkg']
[0.314s] Level 1:colcon.colcon_core.package_identification:_identify(data/tmp/1781187257_CG) by extension 'colcon_pkg'
[0.314s] Level 1:colcon.colcon_core.package_identification:_identify(data/tmp/1781187257_CG) by extensions ['colcon_meta']
[0.314s] Level 1:colcon.colcon_core.package_identification:_identify(data/tmp/1781187257_CG) by extension 'colcon_meta'
[0.314s] Level 1:colcon.colcon_core.package_identification:_identify(data/tmp/1781187257_CG) by extensions ['ros']
[0.314s] Level 1:colcon.colcon_core.package_identification:_identify(data/tmp/1781187257_CG) by extension 'ros'
[0.314s] Level 1:colcon.colcon_core.package_identification:_identify(data/tmp/1781187257_CG) by extensions ['cmake', 'python']
[0.314s] Level 1:colcon.colcon_core.package_identification:_identify(data/tmp/1781187257_CG) by extension 'cmake'
[0.314s] Level 1:colcon.colcon_core.package_identification:_identify(data/tmp/1781187257_CG) by extension 'python'
[0.314s] Level 1:colcon.colcon_core.package_identification:_identify(data/tmp/1781187257_CG) by extensions ['python_setup_py']
[0.314s] Level 1:colcon.colcon_core.package_identification:_identify(data/tmp/1781187257_CG) by extension 'python_setup_py'
[0.314s] Level 1:colcon.colcon_core.package_identification:_identify(data/tmp/1781187290_CG) by extensions ['ignore', 'ignore_ament_install']
[0.314s] Level 1:colcon.colcon_core.package_identification:_identify(data/tmp/1781187290_CG) by extension 'ignore'
[0.314s] Level 1:colcon.colcon_core.package_identification:_identify(data/tmp/1781187290_CG) by extension 'ignore_ament_install'
[0.314s] Level 1:colcon.colcon_core.package_identification:_identify(data/tmp/1781187290_CG) by extensions ['colcon_pkg']
[0.314s] Level 1:colcon.colcon_core.package_identification:_identify(data/tmp/1781187290_CG) by extension 'colcon_pkg'
[0.314s] Level 1:colcon.colcon_core.package_identification:_identify(data/tmp/1781187290_CG) by extensions ['colcon_meta']
[0.314s] Level 1:colcon.colcon_core.package_identification:_identify(data/tmp/1781187290_CG) by extension 'colcon_meta'
[0.314s] Level 1:colcon.colcon_core.package_identification:_identify(data/tmp/1781187290_CG) by extensions ['ros']
[0.314s] Level 1:colcon.colcon_core.package_identification:_identify(data/tmp/1781187290_CG) by extension 'ros'
[0.314s] Level 1:colcon.colcon_core.package_identification:_identify(data/tmp/1781187290_CG) by extensions ['cmake', 'python']
[0.314s] Level 1:colcon.colcon_core.package_identification:_identify(data/tmp/1781187290_CG) by extension 'cmake'
[0.314s] Level 1:colcon.colcon_core.package_identification:_identify(data/tmp/1781187290_CG) by extension 'python'
[0.314s] Level 1:colcon.colcon_core.package_identification:_identify(data/tmp/1781187290_CG) by extensions ['python_setup_py']
[0.314s] Level 1:colcon.colcon_core.package_identification:_identify(data/tmp/1781187290_CG) by extension 'python_setup_py'
[0.314s] Level 1:colcon.colcon_core.package_identification:_identify(data/tmp/1781187302_CG) by extensions ['ignore', 'ignore_ament_install']
[0.315s] Level 1:colcon.colcon_core.package_identification:_identify(data/tmp/1781187302_CG) by extension 'ignore'
[0.315s] Level 1:colcon.colcon_core.package_identification:_identify(data/tmp/1781187302_CG) by extension 'ignore_ament_install'
[0.315s] Level 1:colcon.colcon_core.package_identification:_identify(data/tmp/1781187302_CG) by extensions ['colcon_pkg']
[0.315s] Level 1:colcon.colcon_core.package_identification:_identify(data/tmp/1781187302_CG) by extension 'colcon_pkg'
[0.315s] Level 1:colcon.colcon_core.package_identification:_identify(data/tmp/1781187302_CG) by extensions ['colcon_meta']
[0.315s] Level 1:colcon.colcon_core.package_identification:_identify(data/tmp/1781187302_CG) by extension 'colcon_meta'
[0.315s] Level 1:colcon.colcon_core.package_identification:_identify(data/tmp/1781187302_CG) by extensions ['ros']
[0.315s] Level 1:colcon.colcon_core.package_identification:_identify(data/tmp/1781187302_CG) by extension 'ros'
[0.315s] Level 1:colcon.colcon_core.package_identification:_identify(data/tmp/1781187302_CG) by extensions ['cmake', 'python']
[0.315s] Level 1:colcon.colcon_core.package_identification:_identify(data/tmp/1781187302_CG) by extension 'cmake'
[0.315s] Level 1:colcon.colcon_core.package_identification:_identify(data/tmp/1781187302_CG) by extension 'python'
[0.315s] Level 1:colcon.colcon_core.package_identification:_identify(data/tmp/1781187302_CG) by extensions ['python_setup_py']
[0.315s] Level 1:colcon.colcon_core.package_identification:_identify(data/tmp/1781187302_CG) by extension 'python_setup_py'
[0.315s] Level 1:colcon.colcon_core.package_identification:_identify(data/tmp/1781187319_CG) by extensions ['ignore', 'ignore_ament_install']
[0.315s] Level 1:colcon.colcon_core.package_identification:_identify(data/tmp/1781187319_CG) by extension 'ignore'
[0.315s] Level 1:colcon.colcon_core.package_identification:_identify(data/tmp/1781187319_CG) by extension 'ignore_ament_install'
[0.315s] Level 1:colcon.colcon_core.package_identification:_identify(data/tmp/1781187319_CG) by extensions ['colcon_pkg']
[0.315s] Level 1:colcon.colcon_core.package_identification:_identify(data/tmp/1781187319_CG) by extension 'colcon_pkg'
[0.315s] Level 1:colcon.colcon_core.package_identification:_identify(data/tmp/1781187319_CG) by extensions ['colcon_meta']
[0.315s] Level 1:colcon.colcon_core.package_identification:_identify(data/tmp/1781187319_CG) by extension 'colcon_meta'
[0.315s] Level 1:colcon.colcon_core.package_identification:_identify(data/tmp/1781187319_CG) by extensions ['ros']
[0.315s] Level 1:colcon.colcon_core.package_identification:_identify(data/tmp/1781187319_CG) by extension 'ros'
[0.315s] Level 1:colcon.colcon_core.package_identification:_identify(data/tmp/1781187319_CG) by extensions ['cmake', 'python']
[0.315s] Level 1:colcon.colcon_core.package_identification:_identify(data/tmp/1781187319_CG) by extension 'cmake'
[0.315s] Level 1:colcon.colcon_core.package_identification:_identify(data/tmp/1781187319_CG) by extension 'python'
[0.315s] Level 1:colcon.colcon_core.package_identification:_identify(data/tmp/1781187319_CG) by extensions ['python_setup_py']
[0.315s] Level 1:colcon.colcon_core.package_identification:_identify(data/tmp/1781187319_CG) by extension 'python_setup_py'
[0.316s] Level 1:colcon.colcon_core.package_identification:_identify(data/tmp/1781187358_CG) by extensions ['ignore', 'ignore_ament_install']
[0.316s] Level 1:colcon.colcon_core.package_identification:_identify(data/tmp/1781187358_CG) by extension 'ignore'
[0.316s] Level 1:colcon.colcon_core.package_identification:_identify(data/tmp/1781187358_CG) by extension 'ignore_ament_install'
[0.316s] Level 1:colcon.colcon_core.package_identification:_identify(data/tmp/1781187358_CG) by extensions ['colcon_pkg']
[0.316s] Level 1:colcon.colcon_core.package_identification:_identify(data/tmp/1781187358_CG) by extension 'colcon_pkg'
[0.316s] Level 1:colcon.colcon_core.package_identification:_identify(data/tmp/1781187358_CG) by extensions ['colcon_meta']
[0.316s] Level 1:colcon.colcon_core.package_identification:_identify(data/tmp/1781187358_CG) by extension 'colcon_meta'
[0.316s] Level 1:colcon.colcon_core.package_identification:_identify(data/tmp/1781187358_CG) by extensions ['ros']
[0.316s] Level 1:colcon.colcon_core.package_identification:_identify(data/tmp/1781187358_CG) by extension 'ros'
[0.316s] Level 1:colcon.colcon_core.package_identification:_identify(data/tmp/1781187358_CG) by extensions ['cmake', 'python']
[0.316s] Level 1:colcon.colcon_core.package_identification:_identify(data/tmp/1781187358_CG) by extension 'cmake'
[0.316s] Level 1:colcon.colcon_core.package_identification:_identify(data/tmp/1781187358_CG) by extension 'python'
[0.316s] Level 1:colcon.colcon_core.package_identification:_identify(data/tmp/1781187358_CG) by extensions ['python_setup_py']
[0.316s] Level 1:colcon.colcon_core.package_identification:_identify(data/tmp/1781187358_CG) by extension 'python_setup_py'
[0.316s] Level 1:colcon.colcon_core.package_identification:_identify(data/tmp/1781187571_CG) by extensions ['ignore', 'ignore_ament_install']
[0.316s] Level 1:colcon.colcon_core.package_identification:_identify(data/tmp/1781187571_CG) by extension 'ignore'
[0.316s] Level 1:colcon.colcon_core.package_identification:_identify(data/tmp/1781187571_CG) by extension 'ignore_ament_install'
[0.316s] Level 1:colcon.colcon_core.package_identification:_identify(data/tmp/1781187571_CG) by extensions ['colcon_pkg']
[0.316s] Level 1:colcon.colcon_core.package_identification:_identify(data/tmp/1781187571_CG) by extension 'colcon_pkg'
[0.316s] Level 1:colcon.colcon_core.package_identification:_identify(data/tmp/1781187571_CG) by extensions ['colcon_meta']
[0.316s] Level 1:colcon.colcon_core.package_identification:_identify(data/tmp/1781187571_CG) by extension 'colcon_meta'
[0.316s] Level 1:colcon.colcon_core.package_identification:_identify(data/tmp/1781187571_CG) by extensions ['ros']
[0.316s] Level 1:colcon.colcon_core.package_identification:_identify(data/tmp/1781187571_CG) by extension 'ros'
[0.316s] Level 1:colcon.colcon_core.package_identification:_identify(data/tmp/1781187571_CG) by extensions ['cmake', 'python']
[0.316s] Level 1:colcon.colcon_core.package_identification:_identify(data/tmp/1781187571_CG) by extension 'cmake'
[0.316s] Level 1:colcon.colcon_core.package_identification:_identify(data/tmp/1781187571_CG) by extension 'python'
[0.316s] Level 1:colcon.colcon_core.package_identification:_identify(data/tmp/1781187571_CG) by extensions ['python_setup_py']
[0.316s] Level 1:colcon.colcon_core.package_identification:_identify(data/tmp/1781187571_CG) by extension 'python_setup_py'
[0.317s] Level 1:colcon.colcon_core.package_identification:_identify(data/tmp/1781188039_CG) by extensions ['ignore', 'ignore_ament_install']
[0.317s] Level 1:colcon.colcon_core.package_identification:_identify(data/tmp/1781188039_CG) by extension 'ignore'
[0.317s] Level 1:colcon.colcon_core.package_identification:_identify(data/tmp/1781188039_CG) by extension 'ignore_ament_install'
[0.317s] Level 1:colcon.colcon_core.package_identification:_identify(data/tmp/1781188039_CG) by extensions ['colcon_pkg']
[0.317s] Level 1:colcon.colcon_core.package_identification:_identify(data/tmp/1781188039_CG) by extension 'colcon_pkg'
[0.317s] Level 1:colcon.colcon_core.package_identification:_identify(data/tmp/1781188039_CG) by extensions ['colcon_meta']
[0.317s] Level 1:colcon.colcon_core.package_identification:_identify(data/tmp/1781188039_CG) by extension 'colcon_meta'
[0.317s] Level 1:colcon.colcon_core.package_identification:_identify(data/tmp/1781188039_CG) by extensions ['ros']
[0.317s] Level 1:colcon.colcon_core.package_identification:_identify(data/tmp/1781188039_CG) by extension 'ros'
[0.317s] Level 1:colcon.colcon_core.package_identification:_identify(data/tmp/1781188039_CG) by extensions ['cmake', 'python']
[0.317s] Level 1:colcon.colcon_core.package_identification:_identify(data/tmp/1781188039_CG) by extension 'cmake'
[0.317s] Level 1:colcon.colcon_core.package_identification:_identify(data/tmp/1781188039_CG) by extension 'python'
[0.317s] Level 1:colcon.colcon_core.package_identification:_identify(data/tmp/1781188039_CG) by extensions ['python_setup_py']
[0.317s] Level 1:colcon.colcon_core.package_identification:_identify(data/tmp/1781188039_CG) by extension 'python_setup_py'
[0.317s] Level 1:colcon.colcon_core.package_identification:_identify(data/tmp/1781188102_CG) by extensions ['ignore', 'ignore_ament_install']
[0.317s] Level 1:colcon.colcon_core.package_identification:_identify(data/tmp/1781188102_CG) by extension 'ignore'
[0.317s] Level 1:colcon.colcon_core.package_identification:_identify(data/tmp/1781188102_CG) by extension 'ignore_ament_install'
[0.317s] Level 1:colcon.colcon_core.package_identification:_identify(data/tmp/1781188102_CG) by extensions ['colcon_pkg']
[0.317s] Level 1:colcon.colcon_core.package_identification:_identify(data/tmp/1781188102_CG) by extension 'colcon_pkg'
[0.317s] Level 1:colcon.colcon_core.package_identification:_identify(data/tmp/1781188102_CG) by extensions ['colcon_meta']
[0.317s] Level 1:colcon.colcon_core.package_identification:_identify(data/tmp/1781188102_CG) by extension 'colcon_meta'
[0.317s] Level 1:colcon.colcon_core.package_identification:_identify(data/tmp/1781188102_CG) by extensions ['ros']
[0.317s] Level 1:colcon.colcon_core.package_identification:_identify(data/tmp/1781188102_CG) by extension 'ros'
[0.317s] Level 1:colcon.colcon_core.package_identification:_identify(data/tmp/1781188102_CG) by extensions ['cmake', 'python']
[0.317s] Level 1:colcon.colcon_core.package_identification:_identify(data/tmp/1781188102_CG) by extension 'cmake'
[0.317s] Level 1:colcon.colcon_core.package_identification:_identify(data/tmp/1781188102_CG) by extension 'python'
[0.318s] Level 1:colcon.colcon_core.package_identification:_identify(data/tmp/1781188102_CG) by extensions ['python_setup_py']
[0.318s] Level 1:colcon.colcon_core.package_identification:_identify(data/tmp/1781188102_CG) by extension 'python_setup_py'
[0.318s] Level 1:colcon.colcon_core.package_identification:_identify(data/tmp/1781188118_CG) by extensions ['ignore', 'ignore_ament_install']
[0.318s] Level 1:colcon.colcon_core.package_identification:_identify(data/tmp/1781188118_CG) by extension 'ignore'
[0.318s] Level 1:colcon.colcon_core.package_identification:_identify(data/tmp/1781188118_CG) by extension 'ignore_ament_install'
[0.318s] Level 1:colcon.colcon_core.package_identification:_identify(data/tmp/1781188118_CG) by extensions ['colcon_pkg']
[0.318s] Level 1:colcon.colcon_core.package_identification:_identify(data/tmp/1781188118_CG) by extension 'colcon_pkg'
[0.318s] Level 1:colcon.colcon_core.package_identification:_identify(data/tmp/1781188118_CG) by extensions ['colcon_meta']
[0.318s] Level 1:colcon.colcon_core.package_identification:_identify(data/tmp/1781188118_CG) by extension 'colcon_meta'
[0.318s] Level 1:colcon.colcon_core.package_identification:_identify(data/tmp/1781188118_CG) by extensions ['ros']
[0.318s] Level 1:colcon.colcon_core.package_identification:_identify(data/tmp/1781188118_CG) by extension 'ros'
[0.318s] Level 1:colcon.colcon_core.package_identification:_identify(data/tmp/1781188118_CG) by extensions ['cmake', 'python']
[0.318s] Level 1:colcon.colcon_core.package_identification:_identify(data/tmp/1781188118_CG) by extension 'cmake'
[0.318s] Level 1:colcon.colcon_core.package_identification:_identify(data/tmp/1781188118_CG) by extension 'python'
[0.318s] Level 1:colcon.colcon_core.package_identification:_identify(data/tmp/1781188118_CG) by extensions ['python_setup_py']
[0.318s] Level 1:colcon.colcon_core.package_identification:_identify(data/tmp/1781188118_CG) by extension 'python_setup_py'
[0.318s] Level 1:colcon.colcon_core.package_identification:_identify(data/tmp/1781188281_CG) by extensions ['ignore', 'ignore_ament_install']
[0.318s] Level 1:colcon.colcon_core.package_identification:_identify(data/tmp/1781188281_CG) by extension 'ignore'
[0.318s] Level 1:colcon.colcon_core.package_identification:_identify(data/tmp/1781188281_CG) by extension 'ignore_ament_install'
[0.318s] Level 1:colcon.colcon_core.package_identification:_identify(data/tmp/1781188281_CG) by extensions ['colcon_pkg']
[0.318s] Level 1:colcon.colcon_core.package_identification:_identify(data/tmp/1781188281_CG) by extension 'colcon_pkg'
[0.318s] Level 1:colcon.colcon_core.package_identification:_identify(data/tmp/1781188281_CG) by extensions ['colcon_meta']
[0.318s] Level 1:colcon.colcon_core.package_identification:_identify(data/tmp/1781188281_CG) by extension 'colcon_meta'
[0.318s] Level 1:colcon.colcon_core.package_identification:_identify(data/tmp/1781188281_CG) by extensions ['ros']
[0.318s] Level 1:colcon.colcon_core.package_identification:_identify(data/tmp/1781188281_CG) by extension 'ros'
[0.318s] Level 1:colcon.colcon_core.package_identification:_identify(data/tmp/1781188281_CG) by extensions ['cmake', 'python']
[0.318s] Level 1:colcon.colcon_core.package_identification:_identify(data/tmp/1781188281_CG) by extension 'cmake'
[0.318s] Level 1:colcon.colcon_core.package_identification:_identify(data/tmp/1781188281_CG) by extension 'python'
[0.319s] Level 1:colcon.colcon_core.package_identification:_identify(data/tmp/1781188281_CG) by extensions ['python_setup_py']
[0.319s] Level 1:colcon.colcon_core.package_identification:_identify(data/tmp/1781188281_CG) by extension 'python_setup_py'
[0.319s] Level 1:colcon.colcon_core.package_identification:_identify(data/tmp/1781188299_CG) by extensions ['ignore', 'ignore_ament_install']
[0.319s] Level 1:colcon.colcon_core.package_identification:_identify(data/tmp/1781188299_CG) by extension 'ignore'
[0.319s] Level 1:colcon.colcon_core.package_identification:_identify(data/tmp/1781188299_CG) by extension 'ignore_ament_install'
[0.319s] Level 1:colcon.colcon_core.package_identification:_identify(data/tmp/1781188299_CG) by extensions ['colcon_pkg']
[0.319s] Level 1:colcon.colcon_core.package_identification:_identify(data/tmp/1781188299_CG) by extension 'colcon_pkg'
[0.319s] Level 1:colcon.colcon_core.package_identification:_identify(data/tmp/1781188299_CG) by extensions ['colcon_meta']
[0.319s] Level 1:colcon.colcon_core.package_identification:_identify(data/tmp/1781188299_CG) by extension 'colcon_meta'
[0.319s] Level 1:colcon.colcon_core.package_identification:_identify(data/tmp/1781188299_CG) by extensions ['ros']
[0.319s] Level 1:colcon.colcon_core.package_identification:_identify(data/tmp/1781188299_CG) by extension 'ros'
[0.319s] Level 1:colcon.colcon_core.package_identification:_identify(data/tmp/1781188299_CG) by extensions ['cmake', 'python']
[0.319s] Level 1:colcon.colcon_core.package_identification:_identify(data/tmp/1781188299_CG) by extension 'cmake'
[0.319s] Level 1:colcon.colcon_core.package_identification:_identify(data/tmp/1781188299_CG) by extension 'python'
[0.319s] Level 1:colcon.colcon_core.package_identification:_identify(data/tmp/1781188299_CG) by extensions ['python_setup_py']
[0.319s] Level 1:colcon.colcon_core.package_identification:_identify(data/tmp/1781188299_CG) by extension 'python_setup_py'
[0.319s] Level 1:colcon.colcon_core.package_identification:_identify(data/tmp/1781188305_CG) by extensions ['ignore', 'ignore_ament_install']
[0.319s] Level 1:colcon.colcon_core.package_identification:_identify(data/tmp/1781188305_CG) by extension 'ignore'
[0.319s] Level 1:colcon.colcon_core.package_identification:_identify(data/tmp/1781188305_CG) by extension 'ignore_ament_install'
[0.319s] Level 1:colcon.colcon_core.package_identification:_identify(data/tmp/1781188305_CG) by extensions ['colcon_pkg']
[0.319s] Level 1:colcon.colcon_core.package_identification:_identify(data/tmp/1781188305_CG) by extension 'colcon_pkg'
[0.319s] Level 1:colcon.colcon_core.package_identification:_identify(data/tmp/1781188305_CG) by extensions ['colcon_meta']
[0.319s] Level 1:colcon.colcon_core.package_identification:_identify(data/tmp/1781188305_CG) by extension 'colcon_meta'
[0.319s] Level 1:colcon.colcon_core.package_identification:_identify(data/tmp/1781188305_CG) by extensions ['ros']
[0.319s] Level 1:colcon.colcon_core.package_identification:_identify(data/tmp/1781188305_CG) by extension 'ros'
[0.319s] Level 1:colcon.colcon_core.package_identification:_identify(data/tmp/1781188305_CG) by extensions ['cmake', 'python']
[0.319s] Level 1:colcon.colcon_core.package_identification:_identify(data/tmp/1781188305_CG) by extension 'cmake'
[0.319s] Level 1:colcon.colcon_core.package_identification:_identify(data/tmp/1781188305_CG) by extension 'python'
[0.320s] Level 1:colcon.colcon_core.package_identification:_identify(data/tmp/1781188305_CG) by extensions ['python_setup_py']
[0.320s] Level 1:colcon.colcon_core.package_identification:_identify(data/tmp/1781188305_CG) by extension 'python_setup_py'
[0.320s] Level 1:colcon.colcon_core.package_identification:_identify(data/tmp/1781188343_CG) by extensions ['ignore', 'ignore_ament_install']
[0.320s] Level 1:colcon.colcon_core.package_identification:_identify(data/tmp/1781188343_CG) by extension 'ignore'
[0.320s] Level 1:colcon.colcon_core.package_identification:_identify(data/tmp/1781188343_CG) by extension 'ignore_ament_install'
[0.320s] Level 1:colcon.colcon_core.package_identification:_identify(data/tmp/1781188343_CG) by extensions ['colcon_pkg']
[0.320s] Level 1:colcon.colcon_core.package_identification:_identify(data/tmp/1781188343_CG) by extension 'colcon_pkg'
[0.320s] Level 1:colcon.colcon_core.package_identification:_identify(data/tmp/1781188343_CG) by extensions ['colcon_meta']
[0.320s] Level 1:colcon.colcon_core.package_identification:_identify(data/tmp/1781188343_CG) by extension 'colcon_meta'
[0.320s] Level 1:colcon.colcon_core.package_identification:_identify(data/tmp/1781188343_CG) by extensions ['ros']
[0.320s] Level 1:colcon.colcon_core.package_identification:_identify(data/tmp/1781188343_CG) by extension 'ros'
[0.320s] Level 1:colcon.colcon_core.package_identification:_identify(data/tmp/1781188343_CG) by extensions ['cmake', 'python']
[0.320s] Level 1:colcon.colcon_core.package_identification:_identify(data/tmp/1781188343_CG) by extension 'cmake'
[0.320s] Level 1:colcon.colcon_core.package_identification:_identify(data/tmp/1781188343_CG) by extension 'python'
[0.320s] Level 1:colcon.colcon_core.package_identification:_identify(data/tmp/1781188343_CG) by extensions ['python_setup_py']
[0.320s] Level 1:colcon.colcon_core.package_identification:_identify(data/tmp/1781188343_CG) by extension 'python_setup_py'
[0.320s] Level 1:colcon.colcon_core.package_identification:_identify(data/tmp/1781188471_CG) by extensions ['ignore', 'ignore_ament_install']
[0.320s] Level 1:colcon.colcon_core.package_identification:_identify(data/tmp/1781188471_CG) by extension 'ignore'
[0.320s] Level 1:colcon.colcon_core.package_identification:_identify(data/tmp/1781188471_CG) by extension 'ignore_ament_install'
[0.320s] Level 1:colcon.colcon_core.package_identification:_identify(data/tmp/1781188471_CG) by extensions ['colcon_pkg']
[0.320s] Level 1:colcon.colcon_core.package_identification:_identify(data/tmp/1781188471_CG) by extension 'colcon_pkg'
[0.320s] Level 1:colcon.colcon_core.package_identification:_identify(data/tmp/1781188471_CG) by extensions ['colcon_meta']
[0.320s] Level 1:colcon.colcon_core.package_identification:_identify(data/tmp/1781188471_CG) by extension 'colcon_meta'
[0.320s] Level 1:colcon.colcon_core.package_identification:_identify(data/tmp/1781188471_CG) by extensions ['ros']
[0.320s] Level 1:colcon.colcon_core.package_identification:_identify(data/tmp/1781188471_CG) by extension 'ros'
[0.320s] Level 1:colcon.colcon_core.package_identification:_identify(data/tmp/1781188471_CG) by extensions ['cmake', 'python']
[0.320s] Level 1:colcon.colcon_core.package_identification:_identify(data/tmp/1781188471_CG) by extension 'cmake'
[0.320s] Level 1:colcon.colcon_core.package_identification:_identify(data/tmp/1781188471_CG) by extension 'python'
[0.320s] Level 1:colcon.colcon_core.package_identification:_identify(data/tmp/1781188471_CG) by extensions ['python_setup_py']
[0.321s] Level 1:colcon.colcon_core.package_identification:_identify(data/tmp/1781188471_CG) by extension 'python_setup_py'
[0.321s] Level 1:colcon.colcon_core.package_identification:_identify(data/tmp/1781188509_CG) by extensions ['ignore', 'ignore_ament_install']
[0.321s] Level 1:colcon.colcon_core.package_identification:_identify(data/tmp/1781188509_CG) by extension 'ignore'
[0.321s] Level 1:colcon.colcon_core.package_identification:_identify(data/tmp/1781188509_CG) by extension 'ignore_ament_install'
[0.321s] Level 1:colcon.colcon_core.package_identification:_identify(data/tmp/1781188509_CG) by extensions ['colcon_pkg']
[0.321s] Level 1:colcon.colcon_core.package_identification:_identify(data/tmp/1781188509_CG) by extension 'colcon_pkg'
[0.321s] Level 1:colcon.colcon_core.package_identification:_identify(data/tmp/1781188509_CG) by extensions ['colcon_meta']
[0.321s] Level 1:colcon.colcon_core.package_identification:_identify(data/tmp/1781188509_CG) by extension 'colcon_meta'
[0.321s] Level 1:colcon.colcon_core.package_identification:_identify(data/tmp/1781188509_CG) by extensions ['ros']
[0.321s] Level 1:colcon.colcon_core.package_identification:_identify(data/tmp/1781188509_CG) by extension 'ros'
[0.321s] Level 1:colcon.colcon_core.package_identification:_identify(data/tmp/1781188509_CG) by extensions ['cmake', 'python']
[0.321s] Level 1:colcon.colcon_core.package_identification:_identify(data/tmp/1781188509_CG) by extension 'cmake'
[0.321s] Level 1:colcon.colcon_core.package_identification:_identify(data/tmp/1781188509_CG) by extension 'python'
[0.321s] Level 1:colcon.colcon_core.package_identification:_identify(data/tmp/1781188509_CG) by extensions ['python_setup_py']
[0.321s] Level 1:colcon.colcon_core.package_identification:_identify(data/tmp/1781188509_CG) by extension 'python_setup_py'
[0.321s] Level 1:colcon.colcon_core.package_identification:_identify(data/tmp/1781188564_CG) by extensions ['ignore', 'ignore_ament_install']
[0.321s] Level 1:colcon.colcon_core.package_identification:_identify(data/tmp/1781188564_CG) by extension 'ignore'
[0.321s] Level 1:colcon.colcon_core.package_identification:_identify(data/tmp/1781188564_CG) by extension 'ignore_ament_install'
[0.321s] Level 1:colcon.colcon_core.package_identification:_identify(data/tmp/1781188564_CG) by extensions ['colcon_pkg']
[0.321s] Level 1:colcon.colcon_core.package_identification:_identify(data/tmp/1781188564_CG) by extension 'colcon_pkg'
[0.321s] Level 1:colcon.colcon_core.package_identification:_identify(data/tmp/1781188564_CG) by extensions ['colcon_meta']
[0.321s] Level 1:colcon.colcon_core.package_identification:_identify(data/tmp/1781188564_CG) by extension 'colcon_meta'
[0.321s] Level 1:colcon.colcon_core.package_identification:_identify(data/tmp/1781188564_CG) by extensions ['ros']
[0.321s] Level 1:colcon.colcon_core.package_identification:_identify(data/tmp/1781188564_CG) by extension 'ros'
[0.321s] Level 1:colcon.colcon_core.package_identification:_identify(data/tmp/1781188564_CG) by extensions ['cmake', 'python']
[0.321s] Level 1:colcon.colcon_core.package_identification:_identify(data/tmp/1781188564_CG) by extension 'cmake'
[0.321s] Level 1:colcon.colcon_core.package_identification:_identify(data/tmp/1781188564_CG) by extension 'python'
[0.321s] Level 1:colcon.colcon_core.package_identification:_identify(data/tmp/1781188564_CG) by extensions ['python_setup_py']
[0.321s] Level 1:colcon.colcon_core.package_identification:_identify(data/tmp/1781188564_CG) by extension 'python_setup_py'
[0.322s] Level 1:colcon.colcon_core.package_identification:_identify(data/tmp/1781188574_CG) by extensions ['ignore', 'ignore_ament_install']
[0.322s] Level 1:colcon.colcon_core.package_identification:_identify(data/tmp/1781188574_CG) by extension 'ignore'
[0.322s] Level 1:colcon.colcon_core.package_identification:_identify(data/tmp/1781188574_CG) by extension 'ignore_ament_install'
[0.322s] Level 1:colcon.colcon_core.package_identification:_identify(data/tmp/1781188574_CG) by extensions ['colcon_pkg']
[0.322s] Level 1:colcon.colcon_core.package_identification:_identify(data/tmp/1781188574_CG) by extension 'colcon_pkg'
[0.322s] Level 1:colcon.colcon_core.package_identification:_identify(data/tmp/1781188574_CG) by extensions ['colcon_meta']
[0.322s] Level 1:colcon.colcon_core.package_identification:_identify(data/tmp/1781188574_CG) by extension 'colcon_meta'
[0.322s] Level 1:colcon.colcon_core.package_identification:_identify(data/tmp/1781188574_CG) by extensions ['ros']
[0.322s] Level 1:colcon.colcon_core.package_identification:_identify(data/tmp/1781188574_CG) by extension 'ros'
[0.322s] Level 1:colcon.colcon_core.package_identification:_identify(data/tmp/1781188574_CG) by extensions ['cmake', 'python']
[0.322s] Level 1:colcon.colcon_core.package_identification:_identify(data/tmp/1781188574_CG) by extension 'cmake'
[0.322s] Level 1:colcon.colcon_core.package_identification:_identify(data/tmp/1781188574_CG) by extension 'python'
[0.322s] Level 1:colcon.colcon_core.package_identification:_identify(data/tmp/1781188574_CG) by extensions ['python_setup_py']
[0.322s] Level 1:colcon.colcon_core.package_identification:_identify(data/tmp/1781188574_CG) by extension 'python_setup_py'
[0.322s] Level 1:colcon.colcon_core.package_identification:_identify(data/tmp/1781188607_CG) by extensions ['ignore', 'ignore_ament_install']
[0.322s] Level 1:colcon.colcon_core.package_identification:_identify(data/tmp/1781188607_CG) by extension 'ignore'
[0.322s] Level 1:colcon.colcon_core.package_identification:_identify(data/tmp/1781188607_CG) by extension 'ignore_ament_install'
[0.322s] Level 1:colcon.colcon_core.package_identification:_identify(data/tmp/1781188607_CG) by extensions ['colcon_pkg']
[0.322s] Level 1:colcon.colcon_core.package_identification:_identify(data/tmp/1781188607_CG) by extension 'colcon_pkg'
[0.322s] Level 1:colcon.colcon_core.package_identification:_identify(data/tmp/1781188607_CG) by extensions ['colcon_meta']
[0.322s] Level 1:colcon.colcon_core.package_identification:_identify(data/tmp/1781188607_CG) by extension 'colcon_meta'
[0.322s] Level 1:colcon.colcon_core.package_identification:_identify(data/tmp/1781188607_CG) by extensions ['ros']
[0.322s] Level 1:colcon.colcon_core.package_identification:_identify(data/tmp/1781188607_CG) by extension 'ros'
[0.322s] Level 1:colcon.colcon_core.package_identification:_identify(data/tmp/1781188607_CG) by extensions ['cmake', 'python']
[0.322s] Level 1:colcon.colcon_core.package_identification:_identify(data/tmp/1781188607_CG) by extension 'cmake'
[0.322s] Level 1:colcon.colcon_core.package_identification:_identify(data/tmp/1781188607_CG) by extension 'python'
[0.322s] Level 1:colcon.colcon_core.package_identification:_identify(data/tmp/1781188607_CG) by extensions ['python_setup_py']
[0.322s] Level 1:colcon.colcon_core.package_identification:_identify(data/tmp/1781188607_CG) by extension 'python_setup_py'
[0.323s] Level 1:colcon.colcon_core.package_identification:_identify(data/tmp/1781188632_CG) by extensions ['ignore', 'ignore_ament_install']
[0.323s] Level 1:colcon.colcon_core.package_identification:_identify(data/tmp/1781188632_CG) by extension 'ignore'
[0.323s] Level 1:colcon.colcon_core.package_identification:_identify(data/tmp/1781188632_CG) by extension 'ignore_ament_install'
[0.323s] Level 1:colcon.colcon_core.package_identification:_identify(data/tmp/1781188632_CG) by extensions ['colcon_pkg']
[0.323s] Level 1:colcon.colcon_core.package_identification:_identify(data/tmp/1781188632_CG) by extension 'colcon_pkg'
[0.323s] Level 1:colcon.colcon_core.package_identification:_identify(data/tmp/1781188632_CG) by extensions ['colcon_meta']
[0.323s] Level 1:colcon.colcon_core.package_identification:_identify(data/tmp/1781188632_CG) by extension 'colcon_meta'
[0.323s] Level 1:colcon.colcon_core.package_identification:_identify(data/tmp/1781188632_CG) by extensions ['ros']
[0.323s] Level 1:colcon.colcon_core.package_identification:_identify(data/tmp/1781188632_CG) by extension 'ros'
[0.323s] Level 1:colcon.colcon_core.package_identification:_identify(data/tmp/1781188632_CG) by extensions ['cmake', 'python']
[0.323s] Level 1:colcon.colcon_core.package_identification:_identify(data/tmp/1781188632_CG) by extension 'cmake'
[0.323s] Level 1:colcon.colcon_core.package_identification:_identify(data/tmp/1781188632_CG) by extension 'python'
[0.323s] Level 1:colcon.colcon_core.package_identification:_identify(data/tmp/1781188632_CG) by extensions ['python_setup_py']
[0.323s] Level 1:colcon.colcon_core.package_identification:_identify(data/tmp/1781188632_CG) by extension 'python_setup_py'
[0.323s] Level 1:colcon.colcon_core.package_identification:_identify(data/tmp/1781188648_CG) by extensions ['ignore', 'ignore_ament_install']
[0.323s] Level 1:colcon.colcon_core.package_identification:_identify(data/tmp/1781188648_CG) by extension 'ignore'
[0.323s] Level 1:colcon.colcon_core.package_identification:_identify(data/tmp/1781188648_CG) by extension 'ignore_ament_install'
[0.323s] Level 1:colcon.colcon_core.package_identification:_identify(data/tmp/1781188648_CG) by extensions ['colcon_pkg']
[0.323s] Level 1:colcon.colcon_core.package_identification:_identify(data/tmp/1781188648_CG) by extension 'colcon_pkg'
[0.323s] Level 1:colcon.colcon_core.package_identification:_identify(data/tmp/1781188648_CG) by extensions ['colcon_meta']
[0.323s] Level 1:colcon.colcon_core.package_identification:_identify(data/tmp/1781188648_CG) by extension 'colcon_meta'
[0.323s] Level 1:colcon.colcon_core.package_identification:_identify(data/tmp/1781188648_CG) by extensions ['ros']
[0.323s] Level 1:colcon.colcon_core.package_identification:_identify(data/tmp/1781188648_CG) by extension 'ros'
[0.323s] Level 1:colcon.colcon_core.package_identification:_identify(data/tmp/1781188648_CG) by extensions ['cmake', 'python']
[0.323s] Level 1:colcon.colcon_core.package_identification:_identify(data/tmp/1781188648_CG) by extension 'cmake'
[0.323s] Level 1:colcon.colcon_core.package_identification:_identify(data/tmp/1781188648_CG) by extension 'python'
[0.323s] Level 1:colcon.colcon_core.package_identification:_identify(data/tmp/1781188648_CG) by extensions ['python_setup_py']
[0.324s] Level 1:colcon.colcon_core.package_identification:_identify(data/tmp/1781188648_CG) by extension 'python_setup_py'
[0.324s] Level 1:colcon.colcon_core.package_identification:_identify(data/tmp/1781188655_CG) by extensions ['ignore', 'ignore_ament_install']
[0.324s] Level 1:colcon.colcon_core.package_identification:_identify(data/tmp/1781188655_CG) by extension 'ignore'
[0.324s] Level 1:colcon.colcon_core.package_identification:_identify(data/tmp/1781188655_CG) by extension 'ignore_ament_install'
[0.324s] Level 1:colcon.colcon_core.package_identification:_identify(data/tmp/1781188655_CG) by extensions ['colcon_pkg']
[0.324s] Level 1:colcon.colcon_core.package_identification:_identify(data/tmp/1781188655_CG) by extension 'colcon_pkg'
[0.324s] Level 1:colcon.colcon_core.package_identification:_identify(data/tmp/1781188655_CG) by extensions ['colcon_meta']
[0.324s] Level 1:colcon.colcon_core.package_identification:_identify(data/tmp/1781188655_CG) by extension 'colcon_meta'
[0.324s] Level 1:colcon.colcon_core.package_identification:_identify(data/tmp/1781188655_CG) by extensions ['ros']
[0.324s] Level 1:colcon.colcon_core.package_identification:_identify(data/tmp/1781188655_CG) by extension 'ros'
[0.324s] Level 1:colcon.colcon_core.package_identification:_identify(data/tmp/1781188655_CG) by extensions ['cmake', 'python']
[0.324s] Level 1:colcon.colcon_core.package_identification:_identify(data/tmp/1781188655_CG) by extension 'cmake'
[0.324s] Level 1:colcon.colcon_core.package_identification:_identify(data/tmp/1781188655_CG) by extension 'python'
[0.324s] Level 1:colcon.colcon_core.package_identification:_identify(data/tmp/1781188655_CG) by extensions ['python_setup_py']
[0.324s] Level 1:colcon.colcon_core.package_identification:_identify(data/tmp/1781188655_CG) by extension 'python_setup_py'
[0.324s] Level 1:colcon.colcon_core.package_identification:_identify(data/tmp/1781188657_CG) by extensions ['ignore', 'ignore_ament_install']
[0.324s] Level 1:colcon.colcon_core.package_identification:_identify(data/tmp/1781188657_CG) by extension 'ignore'
[0.324s] Level 1:colcon.colcon_core.package_identification:_identify(data/tmp/1781188657_CG) by extension 'ignore_ament_install'
[0.324s] Level 1:colcon.colcon_core.package_identification:_identify(data/tmp/1781188657_CG) by extensions ['colcon_pkg']
[0.324s] Level 1:colcon.colcon_core.package_identification:_identify(data/tmp/1781188657_CG) by extension 'colcon_pkg'
[0.324s] Level 1:colcon.colcon_core.package_identification:_identify(data/tmp/1781188657_CG) by extensions ['colcon_meta']
[0.324s] Level 1:colcon.colcon_core.package_identification:_identify(data/tmp/1781188657_CG) by extension 'colcon_meta'
[0.324s] Level 1:colcon.colcon_core.package_identification:_identify(data/tmp/1781188657_CG) by extensions ['ros']
[0.324s] Level 1:colcon.colcon_core.package_identification:_identify(data/tmp/1781188657_CG) by extension 'ros'
[0.324s] Level 1:colcon.colcon_core.package_identification:_identify(data/tmp/1781188657_CG) by extensions ['cmake', 'python']
[0.324s] Level 1:colcon.colcon_core.package_identification:_identify(data/tmp/1781188657_CG) by extension 'cmake'
[0.324s] Level 1:colcon.colcon_core.package_identification:_identify(data/tmp/1781188657_CG) by extension 'python'
[0.324s] Level 1:colcon.colcon_core.package_identification:_identify(data/tmp/1781188657_CG) by extensions ['python_setup_py']
[0.324s] Level 1:colcon.colcon_core.package_identification:_identify(data/tmp/1781188657_CG) by extension 'python_setup_py'
[0.325s] Level 1:colcon.colcon_core.package_identification:_identify(data/tmp/1781188658_CG) by extensions ['ignore', 'ignore_ament_install']
[0.325s] Level 1:colcon.colcon_core.package_identification:_identify(data/tmp/1781188658_CG) by extension 'ignore'
[0.325s] Level 1:colcon.colcon_core.package_identification:_identify(data/tmp/1781188658_CG) by extension 'ignore_ament_install'
[0.325s] Level 1:colcon.colcon_core.package_identification:_identify(data/tmp/1781188658_CG) by extensions ['colcon_pkg']
[0.325s] Level 1:colcon.colcon_core.package_identification:_identify(data/tmp/1781188658_CG) by extension 'colcon_pkg'
[0.325s] Level 1:colcon.colcon_core.package_identification:_identify(data/tmp/1781188658_CG) by extensions ['colcon_meta']
[0.325s] Level 1:colcon.colcon_core.package_identification:_identify(data/tmp/1781188658_CG) by extension 'colcon_meta'
[0.325s] Level 1:colcon.colcon_core.package_identification:_identify(data/tmp/1781188658_CG) by extensions ['ros']
[0.325s] Level 1:colcon.colcon_core.package_identification:_identify(data/tmp/1781188658_CG) by extension 'ros'
[0.325s] Level 1:colcon.colcon_core.package_identification:_identify(data/tmp/1781188658_CG) by extensions ['cmake', 'python']
[0.325s] Level 1:colcon.colcon_core.package_identification:_identify(data/tmp/1781188658_CG) by extension 'cmake'
[0.325s] Level 1:colcon.colcon_core.package_identification:_identify(data/tmp/1781188658_CG) by extension 'python'
[0.325s] Level 1:colcon.colcon_core.package_identification:_identify(data/tmp/1781188658_CG) by extensions ['python_setup_py']
[0.325s] Level 1:colcon.colcon_core.package_identification:_identify(data/tmp/1781188658_CG) by extension 'python_setup_py'
[0.325s] Level 1:colcon.colcon_core.package_identification:_identify(data/tmp/1781188659_CG) by extensions ['ignore', 'ignore_ament_install']
[0.325s] Level 1:colcon.colcon_core.package_identification:_identify(data/tmp/1781188659_CG) by extension 'ignore'
[0.325s] Level 1:colcon.colcon_core.package_identification:_identify(data/tmp/1781188659_CG) by extension 'ignore_ament_install'
[0.325s] Level 1:colcon.colcon_core.package_identification:_identify(data/tmp/1781188659_CG) by extensions ['colcon_pkg']
[0.325s] Level 1:colcon.colcon_core.package_identification:_identify(data/tmp/1781188659_CG) by extension 'colcon_pkg'
[0.325s] Level 1:colcon.colcon_core.package_identification:_identify(data/tmp/1781188659_CG) by extensions ['colcon_meta']
[0.325s] Level 1:colcon.colcon_core.package_identification:_identify(data/tmp/1781188659_CG) by extension 'colcon_meta'
[0.325s] Level 1:colcon.colcon_core.package_identification:_identify(data/tmp/1781188659_CG) by extensions ['ros']
[0.325s] Level 1:colcon.colcon_core.package_identification:_identify(data/tmp/1781188659_CG) by extension 'ros'
[0.325s] Level 1:colcon.colcon_core.package_identification:_identify(data/tmp/1781188659_CG) by extensions ['cmake', 'python']
[0.325s] Level 1:colcon.colcon_core.package_identification:_identify(data/tmp/1781188659_CG) by extension 'cmake'
[0.325s] Level 1:colcon.colcon_core.package_identification:_identify(data/tmp/1781188659_CG) by extension 'python'
[0.325s] Level 1:colcon.colcon_core.package_identification:_identify(data/tmp/1781188659_CG) by extensions ['python_setup_py']
[0.325s] Level 1:colcon.colcon_core.package_identification:_identify(data/tmp/1781188659_CG) by extension 'python_setup_py'
[0.326s] Level 1:colcon.colcon_core.package_identification:_identify(data/tmp/1781188660_CG) by extensions ['ignore', 'ignore_ament_install']
[0.326s] Level 1:colcon.colcon_core.package_identification:_identify(data/tmp/1781188660_CG) by extension 'ignore'
[0.326s] Level 1:colcon.colcon_core.package_identification:_identify(data/tmp/1781188660_CG) by extension 'ignore_ament_install'
[0.326s] Level 1:colcon.colcon_core.package_identification:_identify(data/tmp/1781188660_CG) by extensions ['colcon_pkg']
[0.326s] Level 1:colcon.colcon_core.package_identification:_identify(data/tmp/1781188660_CG) by extension 'colcon_pkg'
[0.326s] Level 1:colcon.colcon_core.package_identification:_identify(data/tmp/1781188660_CG) by extensions ['colcon_meta']
[0.326s] Level 1:colcon.colcon_core.package_identification:_identify(data/tmp/1781188660_CG) by extension 'colcon_meta'
[0.326s] Level 1:colcon.colcon_core.package_identification:_identify(data/tmp/1781188660_CG) by extensions ['ros']
[0.326s] Level 1:colcon.colcon_core.package_identification:_identify(data/tmp/1781188660_CG) by extension 'ros'
[0.326s] Level 1:colcon.colcon_core.package_identification:_identify(data/tmp/1781188660_CG) by extensions ['cmake', 'python']
[0.326s] Level 1:colcon.colcon_core.package_identification:_identify(data/tmp/1781188660_CG) by extension 'cmake'
[0.326s] Level 1:colcon.colcon_core.package_identification:_identify(data/tmp/1781188660_CG) by extension 'python'
[0.326s] Level 1:colcon.colcon_core.package_identification:_identify(data/tmp/1781188660_CG) by extensions ['python_setup_py']
[0.326s] Level 1:colcon.colcon_core.package_identification:_identify(data/tmp/1781188660_CG) by extension 'python_setup_py'
[0.326s] Level 1:colcon.colcon_core.package_identification:_identify(data/tmp/1781188662_CG) by extensions ['ignore', 'ignore_ament_install']
[0.326s] Level 1:colcon.colcon_core.package_identification:_identify(data/tmp/1781188662_CG) by extension 'ignore'
[0.326s] Level 1:colcon.colcon_core.package_identification:_identify(data/tmp/1781188662_CG) by extension 'ignore_ament_install'
[0.326s] Level 1:colcon.colcon_core.package_identification:_identify(data/tmp/1781188662_CG) by extensions ['colcon_pkg']
[0.326s] Level 1:colcon.colcon_core.package_identification:_identify(data/tmp/1781188662_CG) by extension 'colcon_pkg'
[0.326s] Level 1:colcon.colcon_core.package_identification:_identify(data/tmp/1781188662_CG) by extensions ['colcon_meta']
[0.326s] Level 1:colcon.colcon_core.package_identification:_identify(data/tmp/1781188662_CG) by extension 'colcon_meta'
[0.326s] Level 1:colcon.colcon_core.package_identification:_identify(data/tmp/1781188662_CG) by extensions ['ros']
[0.326s] Level 1:colcon.colcon_core.package_identification:_identify(data/tmp/1781188662_CG) by extension 'ros'
[0.326s] Level 1:colcon.colcon_core.package_identification:_identify(data/tmp/1781188662_CG) by extensions ['cmake', 'python']
[0.326s] Level 1:colcon.colcon_core.package_identification:_identify(data/tmp/1781188662_CG) by extension 'cmake'
[0.326s] Level 1:colcon.colcon_core.package_identification:_identify(data/tmp/1781188662_CG) by extension 'python'
[0.326s] Level 1:colcon.colcon_core.package_identification:_identify(data/tmp/1781188662_CG) by extensions ['python_setup_py']
[0.326s] Level 1:colcon.colcon_core.package_identification:_identify(data/tmp/1781188662_CG) by extension 'python_setup_py'
[0.327s] Level 1:colcon.colcon_core.package_identification:_identify(data/tmp/1781188663_CG) by extensions ['ignore', 'ignore_ament_install']
[0.327s] Level 1:colcon.colcon_core.package_identification:_identify(data/tmp/1781188663_CG) by extension 'ignore'
[0.327s] Level 1:colcon.colcon_core.package_identification:_identify(data/tmp/1781188663_CG) by extension 'ignore_ament_install'
[0.327s] Level 1:colcon.colcon_core.package_identification:_identify(data/tmp/1781188663_CG) by extensions ['colcon_pkg']
[0.327s] Level 1:colcon.colcon_core.package_identification:_identify(data/tmp/1781188663_CG) by extension 'colcon_pkg'
[0.327s] Level 1:colcon.colcon_core.package_identification:_identify(data/tmp/1781188663_CG) by extensions ['colcon_meta']
[0.327s] Level 1:colcon.colcon_core.package_identification:_identify(data/tmp/1781188663_CG) by extension 'colcon_meta'
[0.327s] Level 1:colcon.colcon_core.package_identification:_identify(data/tmp/1781188663_CG) by extensions ['ros']
[0.327s] Level 1:colcon.colcon_core.package_identification:_identify(data/tmp/1781188663_CG) by extension 'ros'
[0.327s] Level 1:colcon.colcon_core.package_identification:_identify(data/tmp/1781188663_CG) by extensions ['cmake', 'python']
[0.327s] Level 1:colcon.colcon_core.package_identification:_identify(data/tmp/1781188663_CG) by extension 'cmake'
[0.327s] Level 1:colcon.colcon_core.package_identification:_identify(data/tmp/1781188663_CG) by extension 'python'
[0.327s] Level 1:colcon.colcon_core.package_identification:_identify(data/tmp/1781188663_CG) by extensions ['python_setup_py']
[0.327s] Level 1:colcon.colcon_core.package_identification:_identify(data/tmp/1781188663_CG) by extension 'python_setup_py'
[0.327s] Level 1:colcon.colcon_core.package_identification:_identify(data/tmp/1781188668_CG) by extensions ['ignore', 'ignore_ament_install']
[0.327s] Level 1:colcon.colcon_core.package_identification:_identify(data/tmp/1781188668_CG) by extension 'ignore'
[0.327s] Level 1:colcon.colcon_core.package_identification:_identify(data/tmp/1781188668_CG) by extension 'ignore_ament_install'
[0.327s] Level 1:colcon.colcon_core.package_identification:_identify(data/tmp/1781188668_CG) by extensions ['colcon_pkg']
[0.327s] Level 1:colcon.colcon_core.package_identification:_identify(data/tmp/1781188668_CG) by extension 'colcon_pkg'
[0.327s] Level 1:colcon.colcon_core.package_identification:_identify(data/tmp/1781188668_CG) by extensions ['colcon_meta']
[0.327s] Level 1:colcon.colcon_core.package_identification:_identify(data/tmp/1781188668_CG) by extension 'colcon_meta'
[0.327s] Level 1:colcon.colcon_core.package_identification:_identify(data/tmp/1781188668_CG) by extensions ['ros']
[0.327s] Level 1:colcon.colcon_core.package_identification:_identify(data/tmp/1781188668_CG) by extension 'ros'
[0.327s] Level 1:colcon.colcon_core.package_identification:_identify(data/tmp/1781188668_CG) by extensions ['cmake', 'python']
[0.327s] Level 1:colcon.colcon_core.package_identification:_identify(data/tmp/1781188668_CG) by extension 'cmake'
[0.327s] Level 1:colcon.colcon_core.package_identification:_identify(data/tmp/1781188668_CG) by extension 'python'
[0.327s] Level 1:colcon.colcon_core.package_identification:_identify(data/tmp/1781188668_CG) by extensions ['python_setup_py']
[0.327s] Level 1:colcon.colcon_core.package_identification:_identify(data/tmp/1781188668_CG) by extension 'python_setup_py'
[0.328s] Level 1:colcon.colcon_core.package_identification:_identify(data/tmp/1781188669_CG) by extensions ['ignore', 'ignore_ament_install']
[0.328s] Level 1:colcon.colcon_core.package_identification:_identify(data/tmp/1781188669_CG) by extension 'ignore'
[0.328s] Level 1:colcon.colcon_core.package_identification:_identify(data/tmp/1781188669_CG) by extension 'ignore_ament_install'
[0.328s] Level 1:colcon.colcon_core.package_identification:_identify(data/tmp/1781188669_CG) by extensions ['colcon_pkg']
[0.328s] Level 1:colcon.colcon_core.package_identification:_identify(data/tmp/1781188669_CG) by extension 'colcon_pkg'
[0.328s] Level 1:colcon.colcon_core.package_identification:_identify(data/tmp/1781188669_CG) by extensions ['colcon_meta']
[0.328s] Level 1:colcon.colcon_core.package_identification:_identify(data/tmp/1781188669_CG) by extension 'colcon_meta'
[0.328s] Level 1:colcon.colcon_core.package_identification:_identify(data/tmp/1781188669_CG) by extensions ['ros']
[0.328s] Level 1:colcon.colcon_core.package_identification:_identify(data/tmp/1781188669_CG) by extension 'ros'
[0.328s] Level 1:colcon.colcon_core.package_identification:_identify(data/tmp/1781188669_CG) by extensions ['cmake', 'python']
[0.328s] Level 1:colcon.colcon_core.package_identification:_identify(data/tmp/1781188669_CG) by extension 'cmake'
[0.328s] Level 1:colcon.colcon_core.package_identification:_identify(data/tmp/1781188669_CG) by extension 'python'
[0.328s] Level 1:colcon.colcon_core.package_identification:_identify(data/tmp/1781188669_CG) by extensions ['python_setup_py']
[0.328s] Level 1:colcon.colcon_core.package_identification:_identify(data/tmp/1781188669_CG) by extension 'python_setup_py'
[0.328s] Level 1:colcon.colcon_core.package_identification:_identify(data/tmp/1781188740_CG) by extensions ['ignore', 'ignore_ament_install']
[0.328s] Level 1:colcon.colcon_core.package_identification:_identify(data/tmp/1781188740_CG) by extension 'ignore'
[0.328s] Level 1:colcon.colcon_core.package_identification:_identify(data/tmp/1781188740_CG) by extension 'ignore_ament_install'
[0.328s] Level 1:colcon.colcon_core.package_identification:_identify(data/tmp/1781188740_CG) by extensions ['colcon_pkg']
[0.328s] Level 1:colcon.colcon_core.package_identification:_identify(data/tmp/1781188740_CG) by extension 'colcon_pkg'
[0.328s] Level 1:colcon.colcon_core.package_identification:_identify(data/tmp/1781188740_CG) by extensions ['colcon_meta']
[0.328s] Level 1:colcon.colcon_core.package_identification:_identify(data/tmp/1781188740_CG) by extension 'colcon_meta'
[0.328s] Level 1:colcon.colcon_core.package_identification:_identify(data/tmp/1781188740_CG) by extensions ['ros']
[0.328s] Level 1:colcon.colcon_core.package_identification:_identify(data/tmp/1781188740_CG) by extension 'ros'
[0.328s] Level 1:colcon.colcon_core.package_identification:_identify(data/tmp/1781188740_CG) by extensions ['cmake', 'python']
[0.328s] Level 1:colcon.colcon_core.package_identification:_identify(data/tmp/1781188740_CG) by extension 'cmake'
[0.328s] Level 1:colcon.colcon_core.package_identification:_identify(data/tmp/1781188740_CG) by extension 'python'
[0.328s] Level 1:colcon.colcon_core.package_identification:_identify(data/tmp/1781188740_CG) by extensions ['python_setup_py']
[0.328s] Level 1:colcon.colcon_core.package_identification:_identify(data/tmp/1781188740_CG) by extension 'python_setup_py'
[0.329s] Level 1:colcon.colcon_core.package_identification:_identify(data/tmp/1781188777_CG) by extensions ['ignore', 'ignore_ament_install']
[0.329s] Level 1:colcon.colcon_core.package_identification:_identify(data/tmp/1781188777_CG) by extension 'ignore'
[0.329s] Level 1:colcon.colcon_core.package_identification:_identify(data/tmp/1781188777_CG) by extension 'ignore_ament_install'
[0.329s] Level 1:colcon.colcon_core.package_identification:_identify(data/tmp/1781188777_CG) by extensions ['colcon_pkg']
[0.329s] Level 1:colcon.colcon_core.package_identification:_identify(data/tmp/1781188777_CG) by extension 'colcon_pkg'
[0.329s] Level 1:colcon.colcon_core.package_identification:_identify(data/tmp/1781188777_CG) by extensions ['colcon_meta']
[0.329s] Level 1:colcon.colcon_core.package_identification:_identify(data/tmp/1781188777_CG) by extension 'colcon_meta'
[0.329s] Level 1:colcon.colcon_core.package_identification:_identify(data/tmp/1781188777_CG) by extensions ['ros']
[0.329s] Level 1:colcon.colcon_core.package_identification:_identify(data/tmp/1781188777_CG) by extension 'ros'
[0.329s] Level 1:colcon.colcon_core.package_identification:_identify(data/tmp/1781188777_CG) by extensions ['cmake', 'python']
[0.329s] Level 1:colcon.colcon_core.package_identification:_identify(data/tmp/1781188777_CG) by extension 'cmake'
[0.329s] Level 1:colcon.colcon_core.package_identification:_identify(data/tmp/1781188777_CG) by extension 'python'
[0.329s] Level 1:colcon.colcon_core.package_identification:_identify(data/tmp/1781188777_CG) by extensions ['python_setup_py']
[0.329s] Level 1:colcon.colcon_core.package_identification:_identify(data/tmp/1781188777_CG) by extension 'python_setup_py'
[0.329s] Level 1:colcon.colcon_core.package_identification:_identify(data/tmp/1781188783_CG) by extensions ['ignore', 'ignore_ament_install']
[0.329s] Level 1:colcon.colcon_core.package_identification:_identify(data/tmp/1781188783_CG) by extension 'ignore'
[0.329s] Level 1:colcon.colcon_core.package_identification:_identify(data/tmp/1781188783_CG) by extension 'ignore_ament_install'
[0.329s] Level 1:colcon.colcon_core.package_identification:_identify(data/tmp/1781188783_CG) by extensions ['colcon_pkg']
[0.329s] Level 1:colcon.colcon_core.package_identification:_identify(data/tmp/1781188783_CG) by extension 'colcon_pkg'
[0.329s] Level 1:colcon.colcon_core.package_identification:_identify(data/tmp/1781188783_CG) by extensions ['colcon_meta']
[0.329s] Level 1:colcon.colcon_core.package_identification:_identify(data/tmp/1781188783_CG) by extension 'colcon_meta'
[0.329s] Level 1:colcon.colcon_core.package_identification:_identify(data/tmp/1781188783_CG) by extensions ['ros']
[0.329s] Level 1:colcon.colcon_core.package_identification:_identify(data/tmp/1781188783_CG) by extension 'ros'
[0.329s] Level 1:colcon.colcon_core.package_identification:_identify(data/tmp/1781188783_CG) by extensions ['cmake', 'python']
[0.329s] Level 1:colcon.colcon_core.package_identification:_identify(data/tmp/1781188783_CG) by extension 'cmake'
[0.329s] Level 1:colcon.colcon_core.package_identification:_identify(data/tmp/1781188783_CG) by extension 'python'
[0.329s] Level 1:colcon.colcon_core.package_identification:_identify(data/tmp/1781188783_CG) by extensions ['python_setup_py']
[0.329s] Level 1:colcon.colcon_core.package_identification:_identify(data/tmp/1781188783_CG) by extension 'python_setup_py'
[0.330s] Level 1:colcon.colcon_core.package_identification:_identify(data/tmp/1781188790_CG) by extensions ['ignore', 'ignore_ament_install']
[0.330s] Level 1:colcon.colcon_core.package_identification:_identify(data/tmp/1781188790_CG) by extension 'ignore'
[0.330s] Level 1:colcon.colcon_core.package_identification:_identify(data/tmp/1781188790_CG) by extension 'ignore_ament_install'
[0.330s] Level 1:colcon.colcon_core.package_identification:_identify(data/tmp/1781188790_CG) by extensions ['colcon_pkg']
[0.330s] Level 1:colcon.colcon_core.package_identification:_identify(data/tmp/1781188790_CG) by extension 'colcon_pkg'
[0.330s] Level 1:colcon.colcon_core.package_identification:_identify(data/tmp/1781188790_CG) by extensions ['colcon_meta']
[0.330s] Level 1:colcon.colcon_core.package_identification:_identify(data/tmp/1781188790_CG) by extension 'colcon_meta'
[0.330s] Level 1:colcon.colcon_core.package_identification:_identify(data/tmp/1781188790_CG) by extensions ['ros']
[0.330s] Level 1:colcon.colcon_core.package_identification:_identify(data/tmp/1781188790_CG) by extension 'ros'
[0.330s] Level 1:colcon.colcon_core.package_identification:_identify(data/tmp/1781188790_CG) by extensions ['cmake', 'python']
[0.330s] Level 1:colcon.colcon_core.package_identification:_identify(data/tmp/1781188790_CG) by extension 'cmake'
[0.330s] Level 1:colcon.colcon_core.package_identification:_identify(data/tmp/1781188790_CG) by extension 'python'
[0.330s] Level 1:colcon.colcon_core.package_identification:_identify(data/tmp/1781188790_CG) by extensions ['python_setup_py']
[0.330s] Level 1:colcon.colcon_core.package_identification:_identify(data/tmp/1781188790_CG) by extension 'python_setup_py'
[0.330s] Level 1:colcon.colcon_core.package_identification:_identify(data/tmp/1781188808_CG) by extensions ['ignore', 'ignore_ament_install']
[0.330s] Level 1:colcon.colcon_core.package_identification:_identify(data/tmp/1781188808_CG) by extension 'ignore'
[0.330s] Level 1:colcon.colcon_core.package_identification:_identify(data/tmp/1781188808_CG) by extension 'ignore_ament_install'
[0.330s] Level 1:colcon.colcon_core.package_identification:_identify(data/tmp/1781188808_CG) by extensions ['colcon_pkg']
[0.330s] Level 1:colcon.colcon_core.package_identification:_identify(data/tmp/1781188808_CG) by extension 'colcon_pkg'
[0.330s] Level 1:colcon.colcon_core.package_identification:_identify(data/tmp/1781188808_CG) by extensions ['colcon_meta']
[0.330s] Level 1:colcon.colcon_core.package_identification:_identify(data/tmp/1781188808_CG) by extension 'colcon_meta'
[0.330s] Level 1:colcon.colcon_core.package_identification:_identify(data/tmp/1781188808_CG) by extensions ['ros']
[0.330s] Level 1:colcon.colcon_core.package_identification:_identify(data/tmp/1781188808_CG) by extension 'ros'
[0.330s] Level 1:colcon.colcon_core.package_identification:_identify(data/tmp/1781188808_CG) by extensions ['cmake', 'python']
[0.330s] Level 1:colcon.colcon_core.package_identification:_identify(data/tmp/1781188808_CG) by extension 'cmake'
[0.330s] Level 1:colcon.colcon_core.package_identification:_identify(data/tmp/1781188808_CG) by extension 'python'
[0.330s] Level 1:colcon.colcon_core.package_identification:_identify(data/tmp/1781188808_CG) by extensions ['python_setup_py']
[0.330s] Level 1:colcon.colcon_core.package_identification:_identify(data/tmp/1781188808_CG) by extension 'python_setup_py'
[0.331s] Level 1:colcon.colcon_core.package_identification:_identify(data/tmp/1781188809_CG) by extensions ['ignore', 'ignore_ament_install']
[0.331s] Level 1:colcon.colcon_core.package_identification:_identify(data/tmp/1781188809_CG) by extension 'ignore'
[0.331s] Level 1:colcon.colcon_core.package_identification:_identify(data/tmp/1781188809_CG) by extension 'ignore_ament_install'
[0.331s] Level 1:colcon.colcon_core.package_identification:_identify(data/tmp/1781188809_CG) by extensions ['colcon_pkg']
[0.331s] Level 1:colcon.colcon_core.package_identification:_identify(data/tmp/1781188809_CG) by extension 'colcon_pkg'
[0.331s] Level 1:colcon.colcon_core.package_identification:_identify(data/tmp/1781188809_CG) by extensions ['colcon_meta']
[0.331s] Level 1:colcon.colcon_core.package_identification:_identify(data/tmp/1781188809_CG) by extension 'colcon_meta'
[0.331s] Level 1:colcon.colcon_core.package_identification:_identify(data/tmp/1781188809_CG) by extensions ['ros']
[0.331s] Level 1:colcon.colcon_core.package_identification:_identify(data/tmp/1781188809_CG) by extension 'ros'
[0.331s] Level 1:colcon.colcon_core.package_identification:_identify(data/tmp/1781188809_CG) by extensions ['cmake', 'python']
[0.331s] Level 1:colcon.colcon_core.package_identification:_identify(data/tmp/1781188809_CG) by extension 'cmake'
[0.331s] Level 1:colcon.colcon_core.package_identification:_identify(data/tmp/1781188809_CG) by extension 'python'
[0.331s] Level 1:colcon.colcon_core.package_identification:_identify(data/tmp/1781188809_CG) by extensions ['python_setup_py']
[0.331s] Level 1:colcon.colcon_core.package_identification:_identify(data/tmp/1781188809_CG) by extension 'python_setup_py'
[0.331s] Level 1:colcon.colcon_core.package_identification:_identify(data/tmp/1781188813_CG) by extensions ['ignore', 'ignore_ament_install']
[0.331s] Level 1:colcon.colcon_core.package_identification:_identify(data/tmp/1781188813_CG) by extension 'ignore'
[0.331s] Level 1:colcon.colcon_core.package_identification:_identify(data/tmp/1781188813_CG) by extension 'ignore_ament_install'
[0.331s] Level 1:colcon.colcon_core.package_identification:_identify(data/tmp/1781188813_CG) by extensions ['colcon_pkg']
[0.331s] Level 1:colcon.colcon_core.package_identification:_identify(data/tmp/1781188813_CG) by extension 'colcon_pkg'
[0.331s] Level 1:colcon.colcon_core.package_identification:_identify(data/tmp/1781188813_CG) by extensions ['colcon_meta']
[0.331s] Level 1:colcon.colcon_core.package_identification:_identify(data/tmp/1781188813_CG) by extension 'colcon_meta'
[0.331s] Level 1:colcon.colcon_core.package_identification:_identify(data/tmp/1781188813_CG) by extensions ['ros']
[0.331s] Level 1:colcon.colcon_core.package_identification:_identify(data/tmp/1781188813_CG) by extension 'ros'
[0.331s] Level 1:colcon.colcon_core.package_identification:_identify(data/tmp/1781188813_CG) by extensions ['cmake', 'python']
[0.331s] Level 1:colcon.colcon_core.package_identification:_identify(data/tmp/1781188813_CG) by extension 'cmake'
[0.331s] Level 1:colcon.colcon_core.package_identification:_identify(data/tmp/1781188813_CG) by extension 'python'
[0.331s] Level 1:colcon.colcon_core.package_identification:_identify(data/tmp/1781188813_CG) by extensions ['python_setup_py']
[0.331s] Level 1:colcon.colcon_core.package_identification:_identify(data/tmp/1781188813_CG) by extension 'python_setup_py'
[0.332s] Level 1:colcon.colcon_core.package_identification:_identify(data/tmp/1781188814_CG) by extensions ['ignore', 'ignore_ament_install']
[0.332s] Level 1:colcon.colcon_core.package_identification:_identify(data/tmp/1781188814_CG) by extension 'ignore'
[0.332s] Level 1:colcon.colcon_core.package_identification:_identify(data/tmp/1781188814_CG) by extension 'ignore_ament_install'
[0.332s] Level 1:colcon.colcon_core.package_identification:_identify(data/tmp/1781188814_CG) by extensions ['colcon_pkg']
[0.332s] Level 1:colcon.colcon_core.package_identification:_identify(data/tmp/1781188814_CG) by extension 'colcon_pkg'
[0.332s] Level 1:colcon.colcon_core.package_identification:_identify(data/tmp/1781188814_CG) by extensions ['colcon_meta']
[0.332s] Level 1:colcon.colcon_core.package_identification:_identify(data/tmp/1781188814_CG) by extension 'colcon_meta'
[0.332s] Level 1:colcon.colcon_core.package_identification:_identify(data/tmp/1781188814_CG) by extensions ['ros']
[0.332s] Level 1:colcon.colcon_core.package_identification:_identify(data/tmp/1781188814_CG) by extension 'ros'
[0.332s] Level 1:colcon.colcon_core.package_identification:_identify(data/tmp/1781188814_CG) by extensions ['cmake', 'python']
[0.332s] Level 1:colcon.colcon_core.package_identification:_identify(data/tmp/1781188814_CG) by extension 'cmake'
[0.332s] Level 1:colcon.colcon_core.package_identification:_identify(data/tmp/1781188814_CG) by extension 'python'
[0.332s] Level 1:colcon.colcon_core.package_identification:_identify(data/tmp/1781188814_CG) by extensions ['python_setup_py']
[0.332s] Level 1:colcon.colcon_core.package_identification:_identify(data/tmp/1781188814_CG) by extension 'python_setup_py'
[0.332s] Level 1:colcon.colcon_core.package_identification:_identify(data/tmp/1781188815_CG) by extensions ['ignore', 'ignore_ament_install']
[0.332s] Level 1:colcon.colcon_core.package_identification:_identify(data/tmp/1781188815_CG) by extension 'ignore'
[0.332s] Level 1:colcon.colcon_core.package_identification:_identify(data/tmp/1781188815_CG) by extension 'ignore_ament_install'
[0.332s] Level 1:colcon.colcon_core.package_identification:_identify(data/tmp/1781188815_CG) by extensions ['colcon_pkg']
[0.332s] Level 1:colcon.colcon_core.package_identification:_identify(data/tmp/1781188815_CG) by extension 'colcon_pkg'
[0.332s] Level 1:colcon.colcon_core.package_identification:_identify(data/tmp/1781188815_CG) by extensions ['colcon_meta']
[0.332s] Level 1:colcon.colcon_core.package_identification:_identify(data/tmp/1781188815_CG) by extension 'colcon_meta'
[0.332s] Level 1:colcon.colcon_core.package_identification:_identify(data/tmp/1781188815_CG) by extensions ['ros']
[0.332s] Level 1:colcon.colcon_core.package_identification:_identify(data/tmp/1781188815_CG) by extension 'ros'
[0.332s] Level 1:colcon.colcon_core.package_identification:_identify(data/tmp/1781188815_CG) by extensions ['cmake', 'python']
[0.332s] Level 1:colcon.colcon_core.package_identification:_identify(data/tmp/1781188815_CG) by extension 'cmake'
[0.332s] Level 1:colcon.colcon_core.package_identification:_identify(data/tmp/1781188815_CG) by extension 'python'
[0.332s] Level 1:colcon.colcon_core.package_identification:_identify(data/tmp/1781188815_CG) by extensions ['python_setup_py']
[0.332s] Level 1:colcon.colcon_core.package_identification:_identify(data/tmp/1781188815_CG) by extension 'python_setup_py'
[0.332s] Level 1:colcon.colcon_core.package_identification:_identify(data/tmp/1781188866_CG) by extensions ['ignore', 'ignore_ament_install']
[0.333s] Level 1:colcon.colcon_core.package_identification:_identify(data/tmp/1781188866_CG) by extension 'ignore'
[0.333s] Level 1:colcon.colcon_core.package_identification:_identify(data/tmp/1781188866_CG) by extension 'ignore_ament_install'
[0.333s] Level 1:colcon.colcon_core.package_identification:_identify(data/tmp/1781188866_CG) by extensions ['colcon_pkg']
[0.333s] Level 1:colcon.colcon_core.package_identification:_identify(data/tmp/1781188866_CG) by extension 'colcon_pkg'
[0.333s] Level 1:colcon.colcon_core.package_identification:_identify(data/tmp/1781188866_CG) by extensions ['colcon_meta']
[0.333s] Level 1:colcon.colcon_core.package_identification:_identify(data/tmp/1781188866_CG) by extension 'colcon_meta'
[0.333s] Level 1:colcon.colcon_core.package_identification:_identify(data/tmp/1781188866_CG) by extensions ['ros']
[0.333s] Level 1:colcon.colcon_core.package_identification:_identify(data/tmp/1781188866_CG) by extension 'ros'
[0.333s] Level 1:colcon.colcon_core.package_identification:_identify(data/tmp/1781188866_CG) by extensions ['cmake', 'python']
[0.333s] Level 1:colcon.colcon_core.package_identification:_identify(data/tmp/1781188866_CG) by extension 'cmake'
[0.333s] Level 1:colcon.colcon_core.package_identification:_identify(data/tmp/1781188866_CG) by extension 'python'
[0.333s] Level 1:colcon.colcon_core.package_identification:_identify(data/tmp/1781188866_CG) by extensions ['python_setup_py']
[0.333s] Level 1:colcon.colcon_core.package_identification:_identify(data/tmp/1781188866_CG) by extension 'python_setup_py'
[0.333s] Level 1:colcon.colcon_core.package_identification:_identify(data/tmp/1781188881_CG) by extensions ['ignore', 'ignore_ament_install']
[0.333s] Level 1:colcon.colcon_core.package_identification:_identify(data/tmp/1781188881_CG) by extension 'ignore'
[0.333s] Level 1:colcon.colcon_core.package_identification:_identify(data/tmp/1781188881_CG) by extension 'ignore_ament_install'
[0.333s] Level 1:colcon.colcon_core.package_identification:_identify(data/tmp/1781188881_CG) by extensions ['colcon_pkg']
[0.333s] Level 1:colcon.colcon_core.package_identification:_identify(data/tmp/1781188881_CG) by extension 'colcon_pkg'
[0.333s] Level 1:colcon.colcon_core.package_identification:_identify(data/tmp/1781188881_CG) by extensions ['colcon_meta']
[0.333s] Level 1:colcon.colcon_core.package_identification:_identify(data/tmp/1781188881_CG) by extension 'colcon_meta'
[0.333s] Level 1:colcon.colcon_core.package_identification:_identify(data/tmp/1781188881_CG) by extensions ['ros']
[0.333s] Level 1:colcon.colcon_core.package_identification:_identify(data/tmp/1781188881_CG) by extension 'ros'
[0.333s] Level 1:colcon.colcon_core.package_identification:_identify(data/tmp/1781188881_CG) by extensions ['cmake', 'python']
[0.333s] Level 1:colcon.colcon_core.package_identification:_identify(data/tmp/1781188881_CG) by extension 'cmake'
[0.333s] Level 1:colcon.colcon_core.package_identification:_identify(data/tmp/1781188881_CG) by extension 'python'
[0.333s] Level 1:colcon.colcon_core.package_identification:_identify(data/tmp/1781188881_CG) by extensions ['python_setup_py']
[0.333s] Level 1:colcon.colcon_core.package_identification:_identify(data/tmp/1781188881_CG) by extension 'python_setup_py'
[0.333s] Level 1:colcon.colcon_core.package_identification:_identify(data/tmp/1781188882_CG) by extensions ['ignore', 'ignore_ament_install']
[0.334s] Level 1:colcon.colcon_core.package_identification:_identify(data/tmp/1781188882_CG) by extension 'ignore'
[0.334s] Level 1:colcon.colcon_core.package_identification:_identify(data/tmp/1781188882_CG) by extension 'ignore_ament_install'
[0.334s] Level 1:colcon.colcon_core.package_identification:_identify(data/tmp/1781188882_CG) by extensions ['colcon_pkg']
[0.334s] Level 1:colcon.colcon_core.package_identification:_identify(data/tmp/1781188882_CG) by extension 'colcon_pkg'
[0.334s] Level 1:colcon.colcon_core.package_identification:_identify(data/tmp/1781188882_CG) by extensions ['colcon_meta']
[0.334s] Level 1:colcon.colcon_core.package_identification:_identify(data/tmp/1781188882_CG) by extension 'colcon_meta'
[0.334s] Level 1:colcon.colcon_core.package_identification:_identify(data/tmp/1781188882_CG) by extensions ['ros']
[0.334s] Level 1:colcon.colcon_core.package_identification:_identify(data/tmp/1781188882_CG) by extension 'ros'
[0.334s] Level 1:colcon.colcon_core.package_identification:_identify(data/tmp/1781188882_CG) by extensions ['cmake', 'python']
[0.334s] Level 1:colcon.colcon_core.package_identification:_identify(data/tmp/1781188882_CG) by extension 'cmake'
[0.334s] Level 1:colcon.colcon_core.package_identification:_identify(data/tmp/1781188882_CG) by extension 'python'
[0.334s] Level 1:colcon.colcon_core.package_identification:_identify(data/tmp/1781188882_CG) by extensions ['python_setup_py']
[0.334s] Level 1:colcon.colcon_core.package_identification:_identify(data/tmp/1781188882_CG) by extension 'python_setup_py'
[0.334s] Level 1:colcon.colcon_core.package_identification:_identify(data/tmp/1781188883_CG) by extensions ['ignore', 'ignore_ament_install']
[0.334s] Level 1:colcon.colcon_core.package_identification:_identify(data/tmp/1781188883_CG) by extension 'ignore'
[0.334s] Level 1:colcon.colcon_core.package_identification:_identify(data/tmp/1781188883_CG) by extension 'ignore_ament_install'
[0.334s] Level 1:colcon.colcon_core.package_identification:_identify(data/tmp/1781188883_CG) by extensions ['colcon_pkg']
[0.334s] Level 1:colcon.colcon_core.package_identification:_identify(data/tmp/1781188883_CG) by extension 'colcon_pkg'
[0.334s] Level 1:colcon.colcon_core.package_identification:_identify(data/tmp/1781188883_CG) by extensions ['colcon_meta']
[0.334s] Level 1:colcon.colcon_core.package_identification:_identify(data/tmp/1781188883_CG) by extension 'colcon_meta'
[0.334s] Level 1:colcon.colcon_core.package_identification:_identify(data/tmp/1781188883_CG) by extensions ['ros']
[0.334s] Level 1:colcon.colcon_core.package_identification:_identify(data/tmp/1781188883_CG) by extension 'ros'
[0.334s] Level 1:colcon.colcon_core.package_identification:_identify(data/tmp/1781188883_CG) by extensions ['cmake', 'python']
[0.334s] Level 1:colcon.colcon_core.package_identification:_identify(data/tmp/1781188883_CG) by extension 'cmake'
[0.334s] Level 1:colcon.colcon_core.package_identification:_identify(data/tmp/1781188883_CG) by extension 'python'
[0.334s] Level 1:colcon.colcon_core.package_identification:_identify(data/tmp/1781188883_CG) by extensions ['python_setup_py']
[0.334s] Level 1:colcon.colcon_core.package_identification:_identify(data/tmp/1781188883_CG) by extension 'python_setup_py'
[0.334s] Level 1:colcon.colcon_core.package_identification:_identify(data/tmp/1781188884_CG) by extensions ['ignore', 'ignore_ament_install']
[0.335s] Level 1:colcon.colcon_core.package_identification:_identify(data/tmp/1781188884_CG) by extension 'ignore'
[0.335s] Level 1:colcon.colcon_core.package_identification:_identify(data/tmp/1781188884_CG) by extension 'ignore_ament_install'
[0.335s] Level 1:colcon.colcon_core.package_identification:_identify(data/tmp/1781188884_CG) by extensions ['colcon_pkg']
[0.335s] Level 1:colcon.colcon_core.package_identification:_identify(data/tmp/1781188884_CG) by extension 'colcon_pkg'
[0.335s] Level 1:colcon.colcon_core.package_identification:_identify(data/tmp/1781188884_CG) by extensions ['colcon_meta']
[0.335s] Level 1:colcon.colcon_core.package_identification:_identify(data/tmp/1781188884_CG) by extension 'colcon_meta'
[0.335s] Level 1:colcon.colcon_core.package_identification:_identify(data/tmp/1781188884_CG) by extensions ['ros']
[0.335s] Level 1:colcon.colcon_core.package_identification:_identify(data/tmp/1781188884_CG) by extension 'ros'
[0.335s] Level 1:colcon.colcon_core.package_identification:_identify(data/tmp/1781188884_CG) by extensions ['cmake', 'python']
[0.335s] Level 1:colcon.colcon_core.package_identification:_identify(data/tmp/1781188884_CG) by extension 'cmake'
[0.335s] Level 1:colcon.colcon_core.package_identification:_identify(data/tmp/1781188884_CG) by extension 'python'
[0.335s] Level 1:colcon.colcon_core.package_identification:_identify(data/tmp/1781188884_CG) by extensions ['python_setup_py']
[0.335s] Level 1:colcon.colcon_core.package_identification:_identify(data/tmp/1781188884_CG) by extension 'python_setup_py'
[0.335s] Level 1:colcon.colcon_core.package_identification:_identify(data/tmp/1781188955_CG) by extensions ['ignore', 'ignore_ament_install']
[0.335s] Level 1:colcon.colcon_core.package_identification:_identify(data/tmp/1781188955_CG) by extension 'ignore'
[0.335s] Level 1:colcon.colcon_core.package_identification:_identify(data/tmp/1781188955_CG) by extension 'ignore_ament_install'
[0.335s] Level 1:colcon.colcon_core.package_identification:_identify(data/tmp/1781188955_CG) by extensions ['colcon_pkg']
[0.335s] Level 1:colcon.colcon_core.package_identification:_identify(data/tmp/1781188955_CG) by extension 'colcon_pkg'
[0.335s] Level 1:colcon.colcon_core.package_identification:_identify(data/tmp/1781188955_CG) by extensions ['colcon_meta']
[0.335s] Level 1:colcon.colcon_core.package_identification:_identify(data/tmp/1781188955_CG) by extension 'colcon_meta'
[0.335s] Level 1:colcon.colcon_core.package_identification:_identify(data/tmp/1781188955_CG) by extensions ['ros']
[0.335s] Level 1:colcon.colcon_core.package_identification:_identify(data/tmp/1781188955_CG) by extension 'ros'
[0.335s] Level 1:colcon.colcon_core.package_identification:_identify(data/tmp/1781188955_CG) by extensions ['cmake', 'python']
[0.335s] Level 1:colcon.colcon_core.package_identification:_identify(data/tmp/1781188955_CG) by extension 'cmake'
[0.335s] Level 1:colcon.colcon_core.package_identification:_identify(data/tmp/1781188955_CG) by extension 'python'
[0.335s] Level 1:colcon.colcon_core.package_identification:_identify(data/tmp/1781188955_CG) by extensions ['python_setup_py']
[0.335s] Level 1:colcon.colcon_core.package_identification:_identify(data/tmp/1781188955_CG) by extension 'python_setup_py'
[0.335s] Level 1:colcon.colcon_core.package_identification:_identify(data/tmp/1781188999_CG) by extensions ['ignore', 'ignore_ament_install']
[0.336s] Level 1:colcon.colcon_core.package_identification:_identify(data/tmp/1781188999_CG) by extension 'ignore'
[0.336s] Level 1:colcon.colcon_core.package_identification:_identify(data/tmp/1781188999_CG) by extension 'ignore_ament_install'
[0.336s] Level 1:colcon.colcon_core.package_identification:_identify(data/tmp/1781188999_CG) by extensions ['colcon_pkg']
[0.336s] Level 1:colcon.colcon_core.package_identification:_identify(data/tmp/1781188999_CG) by extension 'colcon_pkg'
[0.336s] Level 1:colcon.colcon_core.package_identification:_identify(data/tmp/1781188999_CG) by extensions ['colcon_meta']
[0.336s] Level 1:colcon.colcon_core.package_identification:_identify(data/tmp/1781188999_CG) by extension 'colcon_meta'
[0.336s] Level 1:colcon.colcon_core.package_identification:_identify(data/tmp/1781188999_CG) by extensions ['ros']
[0.336s] Level 1:colcon.colcon_core.package_identification:_identify(data/tmp/1781188999_CG) by extension 'ros'
[0.336s] Level 1:colcon.colcon_core.package_identification:_identify(data/tmp/1781188999_CG) by extensions ['cmake', 'python']
[0.336s] Level 1:colcon.colcon_core.package_identification:_identify(data/tmp/1781188999_CG) by extension 'cmake'
[0.336s] Level 1:colcon.colcon_core.package_identification:_identify(data/tmp/1781188999_CG) by extension 'python'
[0.336s] Level 1:colcon.colcon_core.package_identification:_identify(data/tmp/1781188999_CG) by extensions ['python_setup_py']
[0.336s] Level 1:colcon.colcon_core.package_identification:_identify(data/tmp/1781188999_CG) by extension 'python_setup_py'
[0.336s] Level 1:colcon.colcon_core.package_identification:_identify(data/tmp/1781189008_CG) by extensions ['ignore', 'ignore_ament_install']
[0.336s] Level 1:colcon.colcon_core.package_identification:_identify(data/tmp/1781189008_CG) by extension 'ignore'
[0.336s] Level 1:colcon.colcon_core.package_identification:_identify(data/tmp/1781189008_CG) by extension 'ignore_ament_install'
[0.336s] Level 1:colcon.colcon_core.package_identification:_identify(data/tmp/1781189008_CG) by extensions ['colcon_pkg']
[0.336s] Level 1:colcon.colcon_core.package_identification:_identify(data/tmp/1781189008_CG) by extension 'colcon_pkg'
[0.336s] Level 1:colcon.colcon_core.package_identification:_identify(data/tmp/1781189008_CG) by extensions ['colcon_meta']
[0.336s] Level 1:colcon.colcon_core.package_identification:_identify(data/tmp/1781189008_CG) by extension 'colcon_meta'
[0.336s] Level 1:colcon.colcon_core.package_identification:_identify(data/tmp/1781189008_CG) by extensions ['ros']
[0.336s] Level 1:colcon.colcon_core.package_identification:_identify(data/tmp/1781189008_CG) by extension 'ros'
[0.336s] Level 1:colcon.colcon_core.package_identification:_identify(data/tmp/1781189008_CG) by extensions ['cmake', 'python']
[0.336s] Level 1:colcon.colcon_core.package_identification:_identify(data/tmp/1781189008_CG) by extension 'cmake'
[0.336s] Level 1:colcon.colcon_core.package_identification:_identify(data/tmp/1781189008_CG) by extension 'python'
[0.336s] Level 1:colcon.colcon_core.package_identification:_identify(data/tmp/1781189008_CG) by extensions ['python_setup_py']
[0.336s] Level 1:colcon.colcon_core.package_identification:_identify(data/tmp/1781189008_CG) by extension 'python_setup_py'
[0.336s] Level 1:colcon.colcon_core.package_identification:_identify(data/tmp/1781189009_CG) by extensions ['ignore', 'ignore_ament_install']
[0.337s] Level 1:colcon.colcon_core.package_identification:_identify(data/tmp/1781189009_CG) by extension 'ignore'
[0.337s] Level 1:colcon.colcon_core.package_identification:_identify(data/tmp/1781189009_CG) by extension 'ignore_ament_install'
[0.337s] Level 1:colcon.colcon_core.package_identification:_identify(data/tmp/1781189009_CG) by extensions ['colcon_pkg']
[0.337s] Level 1:colcon.colcon_core.package_identification:_identify(data/tmp/1781189009_CG) by extension 'colcon_pkg'
[0.337s] Level 1:colcon.colcon_core.package_identification:_identify(data/tmp/1781189009_CG) by extensions ['colcon_meta']
[0.337s] Level 1:colcon.colcon_core.package_identification:_identify(data/tmp/1781189009_CG) by extension 'colcon_meta'
[0.337s] Level 1:colcon.colcon_core.package_identification:_identify(data/tmp/1781189009_CG) by extensions ['ros']
[0.337s] Level 1:colcon.colcon_core.package_identification:_identify(data/tmp/1781189009_CG) by extension 'ros'
[0.337s] Level 1:colcon.colcon_core.package_identification:_identify(data/tmp/1781189009_CG) by extensions ['cmake', 'python']
[0.337s] Level 1:colcon.colcon_core.package_identification:_identify(data/tmp/1781189009_CG) by extension 'cmake'
[0.337s] Level 1:colcon.colcon_core.package_identification:_identify(data/tmp/1781189009_CG) by extension 'python'
[0.337s] Level 1:colcon.colcon_core.package_identification:_identify(data/tmp/1781189009_CG) by extensions ['python_setup_py']
[0.337s] Level 1:colcon.colcon_core.package_identification:_identify(data/tmp/1781189009_CG) by extension 'python_setup_py'
[0.337s] Level 1:colcon.colcon_core.package_identification:_identify(data/tmp/1781189010_CG) by extensions ['ignore', 'ignore_ament_install']
[0.337s] Level 1:colcon.colcon_core.package_identification:_identify(data/tmp/1781189010_CG) by extension 'ignore'
[0.337s] Level 1:colcon.colcon_core.package_identification:_identify(data/tmp/1781189010_CG) by extension 'ignore_ament_install'
[0.337s] Level 1:colcon.colcon_core.package_identification:_identify(data/tmp/1781189010_CG) by extensions ['colcon_pkg']
[0.337s] Level 1:colcon.colcon_core.package_identification:_identify(data/tmp/1781189010_CG) by extension 'colcon_pkg'
[0.337s] Level 1:colcon.colcon_core.package_identification:_identify(data/tmp/1781189010_CG) by extensions ['colcon_meta']
[0.337s] Level 1:colcon.colcon_core.package_identification:_identify(data/tmp/1781189010_CG) by extension 'colcon_meta'
[0.337s] Level 1:colcon.colcon_core.package_identification:_identify(data/tmp/1781189010_CG) by extensions ['ros']
[0.337s] Level 1:colcon.colcon_core.package_identification:_identify(data/tmp/1781189010_CG) by extension 'ros'
[0.337s] Level 1:colcon.colcon_core.package_identification:_identify(data/tmp/1781189010_CG) by extensions ['cmake', 'python']
[0.337s] Level 1:colcon.colcon_core.package_identification:_identify(data/tmp/1781189010_CG) by extension 'cmake'
[0.337s] Level 1:colcon.colcon_core.package_identification:_identify(data/tmp/1781189010_CG) by extension 'python'
[0.337s] Level 1:colcon.colcon_core.package_identification:_identify(data/tmp/1781189010_CG) by extensions ['python_setup_py']
[0.337s] Level 1:colcon.colcon_core.package_identification:_identify(data/tmp/1781189010_CG) by extension 'python_setup_py'
[0.337s] Level 1:colcon.colcon_core.package_identification:_identify(data/tmp/1781189011_CG) by extensions ['ignore', 'ignore_ament_install']
[0.337s] Level 1:colcon.colcon_core.package_identification:_identify(data/tmp/1781189011_CG) by extension 'ignore'
[0.338s] Level 1:colcon.colcon_core.package_identification:_identify(data/tmp/1781189011_CG) by extension 'ignore_ament_install'
[0.338s] Level 1:colcon.colcon_core.package_identification:_identify(data/tmp/1781189011_CG) by extensions ['colcon_pkg']
[0.338s] Level 1:colcon.colcon_core.package_identification:_identify(data/tmp/1781189011_CG) by extension 'colcon_pkg'
[0.338s] Level 1:colcon.colcon_core.package_identification:_identify(data/tmp/1781189011_CG) by extensions ['colcon_meta']
[0.338s] Level 1:colcon.colcon_core.package_identification:_identify(data/tmp/1781189011_CG) by extension 'colcon_meta'
[0.338s] Level 1:colcon.colcon_core.package_identification:_identify(data/tmp/1781189011_CG) by extensions ['ros']
[0.338s] Level 1:colcon.colcon_core.package_identification:_identify(data/tmp/1781189011_CG) by extension 'ros'
[0.338s] Level 1:colcon.colcon_core.package_identification:_identify(data/tmp/1781189011_CG) by extensions ['cmake', 'python']
[0.338s] Level 1:colcon.colcon_core.package_identification:_identify(data/tmp/1781189011_CG) by extension 'cmake'
[0.338s] Level 1:colcon.colcon_core.package_identification:_identify(data/tmp/1781189011_CG) by extension 'python'
[0.338s] Level 1:colcon.colcon_core.package_identification:_identify(data/tmp/1781189011_CG) by extensions ['python_setup_py']
[0.338s] Level 1:colcon.colcon_core.package_identification:_identify(data/tmp/1781189011_CG) by extension 'python_setup_py'
[0.338s] Level 1:colcon.colcon_core.package_identification:_identify(data/tmp/1781189071_CG) by extensions ['ignore', 'ignore_ament_install']
[0.338s] Level 1:colcon.colcon_core.package_identification:_identify(data/tmp/1781189071_CG) by extension 'ignore'
[0.338s] Level 1:colcon.colcon_core.package_identification:_identify(data/tmp/1781189071_CG) by extension 'ignore_ament_install'
[0.338s] Level 1:colcon.colcon_core.package_identification:_identify(data/tmp/1781189071_CG) by extensions ['colcon_pkg']
[0.338s] Level 1:colcon.colcon_core.package_identification:_identify(data/tmp/1781189071_CG) by extension 'colcon_pkg'
[0.338s] Level 1:colcon.colcon_core.package_identification:_identify(data/tmp/1781189071_CG) by extensions ['colcon_meta']
[0.338s] Level 1:colcon.colcon_core.package_identification:_identify(data/tmp/1781189071_CG) by extension 'colcon_meta'
[0.338s] Level 1:colcon.colcon_core.package_identification:_identify(data/tmp/1781189071_CG) by extensions ['ros']
[0.338s] Level 1:colcon.colcon_core.package_identification:_identify(data/tmp/1781189071_CG) by extension 'ros'
[0.338s] Level 1:colcon.colcon_core.package_identification:_identify(data/tmp/1781189071_CG) by extensions ['cmake', 'python']
[0.338s] Level 1:colcon.colcon_core.package_identification:_identify(data/tmp/1781189071_CG) by extension 'cmake'
[0.338s] Level 1:colcon.colcon_core.package_identification:_identify(data/tmp/1781189071_CG) by extension 'python'
[0.338s] Level 1:colcon.colcon_core.package_identification:_identify(data/tmp/1781189071_CG) by extensions ['python_setup_py']
[0.338s] Level 1:colcon.colcon_core.package_identification:_identify(data/tmp/1781189071_CG) by extension 'python_setup_py'
[0.338s] Level 1:colcon.colcon_core.package_identification:_identify(data/tmp/1781189081_CG) by extensions ['ignore', 'ignore_ament_install']
[0.338s] Level 1:colcon.colcon_core.package_identification:_identify(data/tmp/1781189081_CG) by extension 'ignore'
[0.339s] Level 1:colcon.colcon_core.package_identification:_identify(data/tmp/1781189081_CG) by extension 'ignore_ament_install'
[0.339s] Level 1:colcon.colcon_core.package_identification:_identify(data/tmp/1781189081_CG) by extensions ['colcon_pkg']
[0.339s] Level 1:colcon.colcon_core.package_identification:_identify(data/tmp/1781189081_CG) by extension 'colcon_pkg'
[0.339s] Level 1:colcon.colcon_core.package_identification:_identify(data/tmp/1781189081_CG) by extensions ['colcon_meta']
[0.339s] Level 1:colcon.colcon_core.package_identification:_identify(data/tmp/1781189081_CG) by extension 'colcon_meta'
[0.339s] Level 1:colcon.colcon_core.package_identification:_identify(data/tmp/1781189081_CG) by extensions ['ros']
[0.339s] Level 1:colcon.colcon_core.package_identification:_identify(data/tmp/1781189081_CG) by extension 'ros'
[0.339s] Level 1:colcon.colcon_core.package_identification:_identify(data/tmp/1781189081_CG) by extensions ['cmake', 'python']
[0.339s] Level 1:colcon.colcon_core.package_identification:_identify(data/tmp/1781189081_CG) by extension 'cmake'
[0.339s] Level 1:colcon.colcon_core.package_identification:_identify(data/tmp/1781189081_CG) by extension 'python'
[0.339s] Level 1:colcon.colcon_core.package_identification:_identify(data/tmp/1781189081_CG) by extensions ['python_setup_py']
[0.339s] Level 1:colcon.colcon_core.package_identification:_identify(data/tmp/1781189081_CG) by extension 'python_setup_py'
[0.339s] Level 1:colcon.colcon_core.package_identification:_identify(data/tmp/1781189311_CG) by extensions ['ignore', 'ignore_ament_install']
[0.339s] Level 1:colcon.colcon_core.package_identification:_identify(data/tmp/1781189311_CG) by extension 'ignore'
[0.339s] Level 1:colcon.colcon_core.package_identification:_identify(data/tmp/1781189311_CG) by extension 'ignore_ament_install'
[0.339s] Level 1:colcon.colcon_core.package_identification:_identify(data/tmp/1781189311_CG) by extensions ['colcon_pkg']
[0.339s] Level 1:colcon.colcon_core.package_identification:_identify(data/tmp/1781189311_CG) by extension 'colcon_pkg'
[0.339s] Level 1:colcon.colcon_core.package_identification:_identify(data/tmp/1781189311_CG) by extensions ['colcon_meta']
[0.339s] Level 1:colcon.colcon_core.package_identification:_identify(data/tmp/1781189311_CG) by extension 'colcon_meta'
[0.339s] Level 1:colcon.colcon_core.package_identification:_identify(data/tmp/1781189311_CG) by extensions ['ros']
[0.339s] Level 1:colcon.colcon_core.package_identification:_identify(data/tmp/1781189311_CG) by extension 'ros'
[0.339s] Level 1:colcon.colcon_core.package_identification:_identify(data/tmp/1781189311_CG) by extensions ['cmake', 'python']
[0.339s] Level 1:colcon.colcon_core.package_identification:_identify(data/tmp/1781189311_CG) by extension 'cmake'
[0.339s] Level 1:colcon.colcon_core.package_identification:_identify(data/tmp/1781189311_CG) by extension 'python'
[0.339s] Level 1:colcon.colcon_core.package_identification:_identify(data/tmp/1781189311_CG) by extensions ['python_setup_py']
[0.339s] Level 1:colcon.colcon_core.package_identification:_identify(data/tmp/1781189311_CG) by extension 'python_setup_py'
[0.339s] Level 1:colcon.colcon_core.package_identification:_identify(data/tmp/1781189440_CG) by extensions ['ignore', 'ignore_ament_install']
[0.339s] Level 1:colcon.colcon_core.package_identification:_identify(data/tmp/1781189440_CG) by extension 'ignore'
[0.339s] Level 1:colcon.colcon_core.package_identification:_identify(data/tmp/1781189440_CG) by extension 'ignore_ament_install'
[0.340s] Level 1:colcon.colcon_core.package_identification:_identify(data/tmp/1781189440_CG) by extensions ['colcon_pkg']
[0.340s] Level 1:colcon.colcon_core.package_identification:_identify(data/tmp/1781189440_CG) by extension 'colcon_pkg'
[0.340s] Level 1:colcon.colcon_core.package_identification:_identify(data/tmp/1781189440_CG) by extensions ['colcon_meta']
[0.340s] Level 1:colcon.colcon_core.package_identification:_identify(data/tmp/1781189440_CG) by extension 'colcon_meta'
[0.340s] Level 1:colcon.colcon_core.package_identification:_identify(data/tmp/1781189440_CG) by extensions ['ros']
[0.340s] Level 1:colcon.colcon_core.package_identification:_identify(data/tmp/1781189440_CG) by extension 'ros'
[0.340s] Level 1:colcon.colcon_core.package_identification:_identify(data/tmp/1781189440_CG) by extensions ['cmake', 'python']
[0.340s] Level 1:colcon.colcon_core.package_identification:_identify(data/tmp/1781189440_CG) by extension 'cmake'
[0.340s] Level 1:colcon.colcon_core.package_identification:_identify(data/tmp/1781189440_CG) by extension 'python'
[0.340s] Level 1:colcon.colcon_core.package_identification:_identify(data/tmp/1781189440_CG) by extensions ['python_setup_py']
[0.340s] Level 1:colcon.colcon_core.package_identification:_identify(data/tmp/1781189440_CG) by extension 'python_setup_py'
[0.340s] Level 1:colcon.colcon_core.package_identification:_identify(data/tmp/1781243657_CG) by extensions ['ignore', 'ignore_ament_install']
[0.340s] Level 1:colcon.colcon_core.package_identification:_identify(data/tmp/1781243657_CG) by extension 'ignore'
[0.340s] Level 1:colcon.colcon_core.package_identification:_identify(data/tmp/1781243657_CG) by extension 'ignore_ament_install'
[0.340s] Level 1:colcon.colcon_core.package_identification:_identify(data/tmp/1781243657_CG) by extensions ['colcon_pkg']
[0.340s] Level 1:colcon.colcon_core.package_identification:_identify(data/tmp/1781243657_CG) by extension 'colcon_pkg'
[0.340s] Level 1:colcon.colcon_core.package_identification:_identify(data/tmp/1781243657_CG) by extensions ['colcon_meta']
[0.340s] Level 1:colcon.colcon_core.package_identification:_identify(data/tmp/1781243657_CG) by extension 'colcon_meta'
[0.340s] Level 1:colcon.colcon_core.package_identification:_identify(data/tmp/1781243657_CG) by extensions ['ros']
[0.340s] Level 1:colcon.colcon_core.package_identification:_identify(data/tmp/1781243657_CG) by extension 'ros'
[0.340s] Level 1:colcon.colcon_core.package_identification:_identify(data/tmp/1781243657_CG) by extensions ['cmake', 'python']
[0.340s] Level 1:colcon.colcon_core.package_identification:_identify(data/tmp/1781243657_CG) by extension 'cmake'
[0.340s] Level 1:colcon.colcon_core.package_identification:_identify(data/tmp/1781243657_CG) by extension 'python'
[0.340s] Level 1:colcon.colcon_core.package_identification:_identify(data/tmp/1781243657_CG) by extensions ['python_setup_py']
[0.340s] Level 1:colcon.colcon_core.package_identification:_identify(data/tmp/1781243657_CG) by extension 'python_setup_py'
[0.340s] Level 1:colcon.colcon_core.package_identification:_identify(data/tmp/1781243828_CG) by extensions ['ignore', 'ignore_ament_install']
[0.340s] Level 1:colcon.colcon_core.package_identification:_identify(data/tmp/1781243828_CG) by extension 'ignore'
[0.340s] Level 1:colcon.colcon_core.package_identification:_identify(data/tmp/1781243828_CG) by extension 'ignore_ament_install'
[0.341s] Level 1:colcon.colcon_core.package_identification:_identify(data/tmp/1781243828_CG) by extensions ['colcon_pkg']
[0.341s] Level 1:colcon.colcon_core.package_identification:_identify(data/tmp/1781243828_CG) by extension 'colcon_pkg'
[0.341s] Level 1:colcon.colcon_core.package_identification:_identify(data/tmp/1781243828_CG) by extensions ['colcon_meta']
[0.341s] Level 1:colcon.colcon_core.package_identification:_identify(data/tmp/1781243828_CG) by extension 'colcon_meta'
[0.341s] Level 1:colcon.colcon_core.package_identification:_identify(data/tmp/1781243828_CG) by extensions ['ros']
[0.341s] Level 1:colcon.colcon_core.package_identification:_identify(data/tmp/1781243828_CG) by extension 'ros'
[0.341s] Level 1:colcon.colcon_core.package_identification:_identify(data/tmp/1781243828_CG) by extensions ['cmake', 'python']
[0.341s] Level 1:colcon.colcon_core.package_identification:_identify(data/tmp/1781243828_CG) by extension 'cmake'
[0.341s] Level 1:colcon.colcon_core.package_identification:_identify(data/tmp/1781243828_CG) by extension 'python'
[0.341s] Level 1:colcon.colcon_core.package_identification:_identify(data/tmp/1781243828_CG) by extensions ['python_setup_py']
[0.341s] Level 1:colcon.colcon_core.package_identification:_identify(data/tmp/1781243828_CG) by extension 'python_setup_py'
[0.341s] Level 1:colcon.colcon_core.package_identification:_identify(data/tmp/1781243878_CG) by extensions ['ignore', 'ignore_ament_install']
[0.341s] Level 1:colcon.colcon_core.package_identification:_identify(data/tmp/1781243878_CG) by extension 'ignore'
[0.341s] Level 1:colcon.colcon_core.package_identification:_identify(data/tmp/1781243878_CG) by extension 'ignore_ament_install'
[0.341s] Level 1:colcon.colcon_core.package_identification:_identify(data/tmp/1781243878_CG) by extensions ['colcon_pkg']
[0.341s] Level 1:colcon.colcon_core.package_identification:_identify(data/tmp/1781243878_CG) by extension 'colcon_pkg'
[0.341s] Level 1:colcon.colcon_core.package_identification:_identify(data/tmp/1781243878_CG) by extensions ['colcon_meta']
[0.341s] Level 1:colcon.colcon_core.package_identification:_identify(data/tmp/1781243878_CG) by extension 'colcon_meta'
[0.341s] Level 1:colcon.colcon_core.package_identification:_identify(data/tmp/1781243878_CG) by extensions ['ros']
[0.341s] Level 1:colcon.colcon_core.package_identification:_identify(data/tmp/1781243878_CG) by extension 'ros'
[0.341s] Level 1:colcon.colcon_core.package_identification:_identify(data/tmp/1781243878_CG) by extensions ['cmake', 'python']
[0.341s] Level 1:colcon.colcon_core.package_identification:_identify(data/tmp/1781243878_CG) by extension 'cmake'
[0.341s] Level 1:colcon.colcon_core.package_identification:_identify(data/tmp/1781243878_CG) by extension 'python'
[0.341s] Level 1:colcon.colcon_core.package_identification:_identify(data/tmp/1781243878_CG) by extensions ['python_setup_py']
[0.341s] Level 1:colcon.colcon_core.package_identification:_identify(data/tmp/1781243878_CG) by extension 'python_setup_py'
[0.341s] Level 1:colcon.colcon_core.package_identification:_identify(data/tmp/1781243935_CG) by extensions ['ignore', 'ignore_ament_install']
[0.341s] Level 1:colcon.colcon_core.package_identification:_identify(data/tmp/1781243935_CG) by extension 'ignore'
[0.341s] Level 1:colcon.colcon_core.package_identification:_identify(data/tmp/1781243935_CG) by extension 'ignore_ament_install'
[0.342s] Level 1:colcon.colcon_core.package_identification:_identify(data/tmp/1781243935_CG) by extensions ['colcon_pkg']
[0.342s] Level 1:colcon.colcon_core.package_identification:_identify(data/tmp/1781243935_CG) by extension 'colcon_pkg'
[0.342s] Level 1:colcon.colcon_core.package_identification:_identify(data/tmp/1781243935_CG) by extensions ['colcon_meta']
[0.342s] Level 1:colcon.colcon_core.package_identification:_identify(data/tmp/1781243935_CG) by extension 'colcon_meta'
[0.342s] Level 1:colcon.colcon_core.package_identification:_identify(data/tmp/1781243935_CG) by extensions ['ros']
[0.342s] Level 1:colcon.colcon_core.package_identification:_identify(data/tmp/1781243935_CG) by extension 'ros'
[0.342s] Level 1:colcon.colcon_core.package_identification:_identify(data/tmp/1781243935_CG) by extensions ['cmake', 'python']
[0.342s] Level 1:colcon.colcon_core.package_identification:_identify(data/tmp/1781243935_CG) by extension 'cmake'
[0.342s] Level 1:colcon.colcon_core.package_identification:_identify(data/tmp/1781243935_CG) by extension 'python'
[0.342s] Level 1:colcon.colcon_core.package_identification:_identify(data/tmp/1781243935_CG) by extensions ['python_setup_py']
[0.342s] Level 1:colcon.colcon_core.package_identification:_identify(data/tmp/1781243935_CG) by extension 'python_setup_py'
[0.342s] Level 1:colcon.colcon_core.package_identification:_identify(data/tmp/1781243938_CG) by extensions ['ignore', 'ignore_ament_install']
[0.342s] Level 1:colcon.colcon_core.package_identification:_identify(data/tmp/1781243938_CG) by extension 'ignore'
[0.342s] Level 1:colcon.colcon_core.package_identification:_identify(data/tmp/1781243938_CG) by extension 'ignore_ament_install'
[0.342s] Level 1:colcon.colcon_core.package_identification:_identify(data/tmp/1781243938_CG) by extensions ['colcon_pkg']
[0.342s] Level 1:colcon.colcon_core.package_identification:_identify(data/tmp/1781243938_CG) by extension 'colcon_pkg'
[0.342s] Level 1:colcon.colcon_core.package_identification:_identify(data/tmp/1781243938_CG) by extensions ['colcon_meta']
[0.342s] Level 1:colcon.colcon_core.package_identification:_identify(data/tmp/1781243938_CG) by extension 'colcon_meta'
[0.342s] Level 1:colcon.colcon_core.package_identification:_identify(data/tmp/1781243938_CG) by extensions ['ros']
[0.342s] Level 1:colcon.colcon_core.package_identification:_identify(data/tmp/1781243938_CG) by extension 'ros'
[0.342s] Level 1:colcon.colcon_core.package_identification:_identify(data/tmp/1781243938_CG) by extensions ['cmake', 'python']
[0.342s] Level 1:colcon.colcon_core.package_identification:_identify(data/tmp/1781243938_CG) by extension 'cmake'
[0.342s] Level 1:colcon.colcon_core.package_identification:_identify(data/tmp/1781243938_CG) by extension 'python'
[0.342s] Level 1:colcon.colcon_core.package_identification:_identify(data/tmp/1781243938_CG) by extensions ['python_setup_py']
[0.342s] Level 1:colcon.colcon_core.package_identification:_identify(data/tmp/1781243938_CG) by extension 'python_setup_py'
[0.342s] Level 1:colcon.colcon_core.package_identification:_identify(data/tmp/1781243939_CG) by extensions ['ignore', 'ignore_ament_install']
[0.342s] Level 1:colcon.colcon_core.package_identification:_identify(data/tmp/1781243939_CG) by extension 'ignore'
[0.342s] Level 1:colcon.colcon_core.package_identification:_identify(data/tmp/1781243939_CG) by extension 'ignore_ament_install'
[0.343s] Level 1:colcon.colcon_core.package_identification:_identify(data/tmp/1781243939_CG) by extensions ['colcon_pkg']
[0.343s] Level 1:colcon.colcon_core.package_identification:_identify(data/tmp/1781243939_CG) by extension 'colcon_pkg'
[0.343s] Level 1:colcon.colcon_core.package_identification:_identify(data/tmp/1781243939_CG) by extensions ['colcon_meta']
[0.343s] Level 1:colcon.colcon_core.package_identification:_identify(data/tmp/1781243939_CG) by extension 'colcon_meta'
[0.343s] Level 1:colcon.colcon_core.package_identification:_identify(data/tmp/1781243939_CG) by extensions ['ros']
[0.343s] Level 1:colcon.colcon_core.package_identification:_identify(data/tmp/1781243939_CG) by extension 'ros'
[0.343s] Level 1:colcon.colcon_core.package_identification:_identify(data/tmp/1781243939_CG) by extensions ['cmake', 'python']
[0.343s] Level 1:colcon.colcon_core.package_identification:_identify(data/tmp/1781243939_CG) by extension 'cmake'
[0.343s] Level 1:colcon.colcon_core.package_identification:_identify(data/tmp/1781243939_CG) by extension 'python'
[0.343s] Level 1:colcon.colcon_core.package_identification:_identify(data/tmp/1781243939_CG) by extensions ['python_setup_py']
[0.343s] Level 1:colcon.colcon_core.package_identification:_identify(data/tmp/1781243939_CG) by extension 'python_setup_py'
[0.343s] Level 1:colcon.colcon_core.package_identification:_identify(data/tmp/1781243940_CG) by extensions ['ignore', 'ignore_ament_install']
[0.343s] Level 1:colcon.colcon_core.package_identification:_identify(data/tmp/1781243940_CG) by extension 'ignore'
[0.343s] Level 1:colcon.colcon_core.package_identification:_identify(data/tmp/1781243940_CG) by extension 'ignore_ament_install'
[0.343s] Level 1:colcon.colcon_core.package_identification:_identify(data/tmp/1781243940_CG) by extensions ['colcon_pkg']
[0.343s] Level 1:colcon.colcon_core.package_identification:_identify(data/tmp/1781243940_CG) by extension 'colcon_pkg'
[0.343s] Level 1:colcon.colcon_core.package_identification:_identify(data/tmp/1781243940_CG) by extensions ['colcon_meta']
[0.343s] Level 1:colcon.colcon_core.package_identification:_identify(data/tmp/1781243940_CG) by extension 'colcon_meta'
[0.343s] Level 1:colcon.colcon_core.package_identification:_identify(data/tmp/1781243940_CG) by extensions ['ros']
[0.343s] Level 1:colcon.colcon_core.package_identification:_identify(data/tmp/1781243940_CG) by extension 'ros'
[0.343s] Level 1:colcon.colcon_core.package_identification:_identify(data/tmp/1781243940_CG) by extensions ['cmake', 'python']
[0.343s] Level 1:colcon.colcon_core.package_identification:_identify(data/tmp/1781243940_CG) by extension 'cmake'
[0.343s] Level 1:colcon.colcon_core.package_identification:_identify(data/tmp/1781243940_CG) by extension 'python'
[0.343s] Level 1:colcon.colcon_core.package_identification:_identify(data/tmp/1781243940_CG) by extensions ['python_setup_py']
[0.343s] Level 1:colcon.colcon_core.package_identification:_identify(data/tmp/1781243940_CG) by extension 'python_setup_py'
[0.343s] Level 1:colcon.colcon_core.package_identification:_identify(data/tmp/1781243941_CG) by extensions ['ignore', 'ignore_ament_install']
[0.343s] Level 1:colcon.colcon_core.package_identification:_identify(data/tmp/1781243941_CG) by extension 'ignore'
[0.343s] Level 1:colcon.colcon_core.package_identification:_identify(data/tmp/1781243941_CG) by extension 'ignore_ament_install'
[0.344s] Level 1:colcon.colcon_core.package_identification:_identify(data/tmp/1781243941_CG) by extensions ['colcon_pkg']
[0.344s] Level 1:colcon.colcon_core.package_identification:_identify(data/tmp/1781243941_CG) by extension 'colcon_pkg'
[0.344s] Level 1:colcon.colcon_core.package_identification:_identify(data/tmp/1781243941_CG) by extensions ['colcon_meta']
[0.344s] Level 1:colcon.colcon_core.package_identification:_identify(data/tmp/1781243941_CG) by extension 'colcon_meta'
[0.344s] Level 1:colcon.colcon_core.package_identification:_identify(data/tmp/1781243941_CG) by extensions ['ros']
[0.344s] Level 1:colcon.colcon_core.package_identification:_identify(data/tmp/1781243941_CG) by extension 'ros'
[0.344s] Level 1:colcon.colcon_core.package_identification:_identify(data/tmp/1781243941_CG) by extensions ['cmake', 'python']
[0.344s] Level 1:colcon.colcon_core.package_identification:_identify(data/tmp/1781243941_CG) by extension 'cmake'
[0.344s] Level 1:colcon.colcon_core.package_identification:_identify(data/tmp/1781243941_CG) by extension 'python'
[0.344s] Level 1:colcon.colcon_core.package_identification:_identify(data/tmp/1781243941_CG) by extensions ['python_setup_py']
[0.344s] Level 1:colcon.colcon_core.package_identification:_identify(data/tmp/1781243941_CG) by extension 'python_setup_py'
[0.344s] Level 1:colcon.colcon_core.package_identification:_identify(data/tmp/1781243956_CG) by extensions ['ignore', 'ignore_ament_install']
[0.344s] Level 1:colcon.colcon_core.package_identification:_identify(data/tmp/1781243956_CG) by extension 'ignore'
[0.344s] Level 1:colcon.colcon_core.package_identification:_identify(data/tmp/1781243956_CG) by extension 'ignore_ament_install'
[0.344s] Level 1:colcon.colcon_core.package_identification:_identify(data/tmp/1781243956_CG) by extensions ['colcon_pkg']
[0.344s] Level 1:colcon.colcon_core.package_identification:_identify(data/tmp/1781243956_CG) by extension 'colcon_pkg'
[0.344s] Level 1:colcon.colcon_core.package_identification:_identify(data/tmp/1781243956_CG) by extensions ['colcon_meta']
[0.344s] Level 1:colcon.colcon_core.package_identification:_identify(data/tmp/1781243956_CG) by extension 'colcon_meta'
[0.344s] Level 1:colcon.colcon_core.package_identification:_identify(data/tmp/1781243956_CG) by extensions ['ros']
[0.344s] Level 1:colcon.colcon_core.package_identification:_identify(data/tmp/1781243956_CG) by extension 'ros'
[0.344s] Level 1:colcon.colcon_core.package_identification:_identify(data/tmp/1781243956_CG) by extensions ['cmake', 'python']
[0.344s] Level 1:colcon.colcon_core.package_identification:_identify(data/tmp/1781243956_CG) by extension 'cmake'
[0.344s] Level 1:colcon.colcon_core.package_identification:_identify(data/tmp/1781243956_CG) by extension 'python'
[0.344s] Level 1:colcon.colcon_core.package_identification:_identify(data/tmp/1781243956_CG) by extensions ['python_setup_py']
[0.344s] Level 1:colcon.colcon_core.package_identification:_identify(data/tmp/1781243956_CG) by extension 'python_setup_py'
[0.344s] Level 1:colcon.colcon_core.package_identification:_identify(data/tmp/1781244000_CG) by extensions ['ignore', 'ignore_ament_install']
[0.344s] Level 1:colcon.colcon_core.package_identification:_identify(data/tmp/1781244000_CG) by extension 'ignore'
[0.344s] Level 1:colcon.colcon_core.package_identification:_identify(data/tmp/1781244000_CG) by extension 'ignore_ament_install'
[0.344s] Level 1:colcon.colcon_core.package_identification:_identify(data/tmp/1781244000_CG) by extensions ['colcon_pkg']
[0.345s] Level 1:colcon.colcon_core.package_identification:_identify(data/tmp/1781244000_CG) by extension 'colcon_pkg'
[0.345s] Level 1:colcon.colcon_core.package_identification:_identify(data/tmp/1781244000_CG) by extensions ['colcon_meta']
[0.345s] Level 1:colcon.colcon_core.package_identification:_identify(data/tmp/1781244000_CG) by extension 'colcon_meta'
[0.345s] Level 1:colcon.colcon_core.package_identification:_identify(data/tmp/1781244000_CG) by extensions ['ros']
[0.345s] Level 1:colcon.colcon_core.package_identification:_identify(data/tmp/1781244000_CG) by extension 'ros'
[0.345s] Level 1:colcon.colcon_core.package_identification:_identify(data/tmp/1781244000_CG) by extensions ['cmake', 'python']
[0.345s] Level 1:colcon.colcon_core.package_identification:_identify(data/tmp/1781244000_CG) by extension 'cmake'
[0.345s] Level 1:colcon.colcon_core.package_identification:_identify(data/tmp/1781244000_CG) by extension 'python'
[0.345s] Level 1:colcon.colcon_core.package_identification:_identify(data/tmp/1781244000_CG) by extensions ['python_setup_py']
[0.345s] Level 1:colcon.colcon_core.package_identification:_identify(data/tmp/1781244000_CG) by extension 'python_setup_py'
[0.345s] Level 1:colcon.colcon_core.package_identification:_identify(data/tmp/1781244011_CG) by extensions ['ignore', 'ignore_ament_install']
[0.345s] Level 1:colcon.colcon_core.package_identification:_identify(data/tmp/1781244011_CG) by extension 'ignore'
[0.345s] Level 1:colcon.colcon_core.package_identification:_identify(data/tmp/1781244011_CG) by extension 'ignore_ament_install'
[0.345s] Level 1:colcon.colcon_core.package_identification:_identify(data/tmp/1781244011_CG) by extensions ['colcon_pkg']
[0.345s] Level 1:colcon.colcon_core.package_identification:_identify(data/tmp/1781244011_CG) by extension 'colcon_pkg'
[0.345s] Level 1:colcon.colcon_core.package_identification:_identify(data/tmp/1781244011_CG) by extensions ['colcon_meta']
[0.345s] Level 1:colcon.colcon_core.package_identification:_identify(data/tmp/1781244011_CG) by extension 'colcon_meta'
[0.345s] Level 1:colcon.colcon_core.package_identification:_identify(data/tmp/1781244011_CG) by extensions ['ros']
[0.345s] Level 1:colcon.colcon_core.package_identification:_identify(data/tmp/1781244011_CG) by extension 'ros'
[0.345s] Level 1:colcon.colcon_core.package_identification:_identify(data/tmp/1781244011_CG) by extensions ['cmake', 'python']
[0.345s] Level 1:colcon.colcon_core.package_identification:_identify(data/tmp/1781244011_CG) by extension 'cmake'
[0.345s] Level 1:colcon.colcon_core.package_identification:_identify(data/tmp/1781244011_CG) by extension 'python'
[0.345s] Level 1:colcon.colcon_core.package_identification:_identify(data/tmp/1781244011_CG) by extensions ['python_setup_py']
[0.345s] Level 1:colcon.colcon_core.package_identification:_identify(data/tmp/1781244011_CG) by extension 'python_setup_py'
[0.345s] Level 1:colcon.colcon_core.package_identification:_identify(data/tmp/1781244012_CG) by extensions ['ignore', 'ignore_ament_install']
[0.345s] Level 1:colcon.colcon_core.package_identification:_identify(data/tmp/1781244012_CG) by extension 'ignore'
[0.345s] Level 1:colcon.colcon_core.package_identification:_identify(data/tmp/1781244012_CG) by extension 'ignore_ament_install'
[0.346s] Level 1:colcon.colcon_core.package_identification:_identify(data/tmp/1781244012_CG) by extensions ['colcon_pkg']
[0.346s] Level 1:colcon.colcon_core.package_identification:_identify(data/tmp/1781244012_CG) by extension 'colcon_pkg'
[0.346s] Level 1:colcon.colcon_core.package_identification:_identify(data/tmp/1781244012_CG) by extensions ['colcon_meta']
[0.346s] Level 1:colcon.colcon_core.package_identification:_identify(data/tmp/1781244012_CG) by extension 'colcon_meta'
[0.346s] Level 1:colcon.colcon_core.package_identification:_identify(data/tmp/1781244012_CG) by extensions ['ros']
[0.346s] Level 1:colcon.colcon_core.package_identification:_identify(data/tmp/1781244012_CG) by extension 'ros'
[0.346s] Level 1:colcon.colcon_core.package_identification:_identify(data/tmp/1781244012_CG) by extensions ['cmake', 'python']
[0.346s] Level 1:colcon.colcon_core.package_identification:_identify(data/tmp/1781244012_CG) by extension 'cmake'
[0.346s] Level 1:colcon.colcon_core.package_identification:_identify(data/tmp/1781244012_CG) by extension 'python'
[0.346s] Level 1:colcon.colcon_core.package_identification:_identify(data/tmp/1781244012_CG) by extensions ['python_setup_py']
[0.346s] Level 1:colcon.colcon_core.package_identification:_identify(data/tmp/1781244012_CG) by extension 'python_setup_py'
[0.346s] Level 1:colcon.colcon_core.package_identification:_identify(data/tmp/1781244013_CG) by extensions ['ignore', 'ignore_ament_install']
[0.346s] Level 1:colcon.colcon_core.package_identification:_identify(data/tmp/1781244013_CG) by extension 'ignore'
[0.346s] Level 1:colcon.colcon_core.package_identification:_identify(data/tmp/1781244013_CG) by extension 'ignore_ament_install'
[0.346s] Level 1:colcon.colcon_core.package_identification:_identify(data/tmp/1781244013_CG) by extensions ['colcon_pkg']
[0.346s] Level 1:colcon.colcon_core.package_identification:_identify(data/tmp/1781244013_CG) by extension 'colcon_pkg'
[0.346s] Level 1:colcon.colcon_core.package_identification:_identify(data/tmp/1781244013_CG) by extensions ['colcon_meta']
[0.346s] Level 1:colcon.colcon_core.package_identification:_identify(data/tmp/1781244013_CG) by extension 'colcon_meta'
[0.346s] Level 1:colcon.colcon_core.package_identification:_identify(data/tmp/1781244013_CG) by extensions ['ros']
[0.346s] Level 1:colcon.colcon_core.package_identification:_identify(data/tmp/1781244013_CG) by extension 'ros'
[0.346s] Level 1:colcon.colcon_core.package_identification:_identify(data/tmp/1781244013_CG) by extensions ['cmake', 'python']
[0.346s] Level 1:colcon.colcon_core.package_identification:_identify(data/tmp/1781244013_CG) by extension 'cmake'
[0.346s] Level 1:colcon.colcon_core.package_identification:_identify(data/tmp/1781244013_CG) by extension 'python'
[0.346s] Level 1:colcon.colcon_core.package_identification:_identify(data/tmp/1781244013_CG) by extensions ['python_setup_py']
[0.346s] Level 1:colcon.colcon_core.package_identification:_identify(data/tmp/1781244013_CG) by extension 'python_setup_py'
[0.346s] Level 1:colcon.colcon_core.package_identification:_identify(data/tmp/1781244014_CG) by extensions ['ignore', 'ignore_ament_install']
[0.346s] Level 1:colcon.colcon_core.package_identification:_identify(data/tmp/1781244014_CG) by extension 'ignore'
[0.346s] Level 1:colcon.colcon_core.package_identification:_identify(data/tmp/1781244014_CG) by extension 'ignore_ament_install'
[0.346s] Level 1:colcon.colcon_core.package_identification:_identify(data/tmp/1781244014_CG) by extensions ['colcon_pkg']
[0.347s] Level 1:colcon.colcon_core.package_identification:_identify(data/tmp/1781244014_CG) by extension 'colcon_pkg'
[0.347s] Level 1:colcon.colcon_core.package_identification:_identify(data/tmp/1781244014_CG) by extensions ['colcon_meta']
[0.347s] Level 1:colcon.colcon_core.package_identification:_identify(data/tmp/1781244014_CG) by extension 'colcon_meta'
[0.347s] Level 1:colcon.colcon_core.package_identification:_identify(data/tmp/1781244014_CG) by extensions ['ros']
[0.347s] Level 1:colcon.colcon_core.package_identification:_identify(data/tmp/1781244014_CG) by extension 'ros'
[0.347s] Level 1:colcon.colcon_core.package_identification:_identify(data/tmp/1781244014_CG) by extensions ['cmake', 'python']
[0.347s] Level 1:colcon.colcon_core.package_identification:_identify(data/tmp/1781244014_CG) by extension 'cmake'
[0.347s] Level 1:colcon.colcon_core.package_identification:_identify(data/tmp/1781244014_CG) by extension 'python'
[0.347s] Level 1:colcon.colcon_core.package_identification:_identify(data/tmp/1781244014_CG) by extensions ['python_setup_py']
[0.347s] Level 1:colcon.colcon_core.package_identification:_identify(data/tmp/1781244014_CG) by extension 'python_setup_py'
[0.347s] Level 1:colcon.colcon_core.package_identification:_identify(data/tmp/1781244076_GD) by extensions ['ignore', 'ignore_ament_install']
[0.347s] Level 1:colcon.colcon_core.package_identification:_identify(data/tmp/1781244076_GD) by extension 'ignore'
[0.347s] Level 1:colcon.colcon_core.package_identification:_identify(data/tmp/1781244076_GD) by extension 'ignore_ament_install'
[0.347s] Level 1:colcon.colcon_core.package_identification:_identify(data/tmp/1781244076_GD) by extensions ['colcon_pkg']
[0.347s] Level 1:colcon.colcon_core.package_identification:_identify(data/tmp/1781244076_GD) by extension 'colcon_pkg'
[0.347s] Level 1:colcon.colcon_core.package_identification:_identify(data/tmp/1781244076_GD) by extensions ['colcon_meta']
[0.347s] Level 1:colcon.colcon_core.package_identification:_identify(data/tmp/1781244076_GD) by extension 'colcon_meta'
[0.347s] Level 1:colcon.colcon_core.package_identification:_identify(data/tmp/1781244076_GD) by extensions ['ros']
[0.347s] Level 1:colcon.colcon_core.package_identification:_identify(data/tmp/1781244076_GD) by extension 'ros'
[0.347s] Level 1:colcon.colcon_core.package_identification:_identify(data/tmp/1781244076_GD) by extensions ['cmake', 'python']
[0.347s] Level 1:colcon.colcon_core.package_identification:_identify(data/tmp/1781244076_GD) by extension 'cmake'
[0.347s] Level 1:colcon.colcon_core.package_identification:_identify(data/tmp/1781244076_GD) by extension 'python'
[0.347s] Level 1:colcon.colcon_core.package_identification:_identify(data/tmp/1781244076_GD) by extensions ['python_setup_py']
[0.347s] Level 1:colcon.colcon_core.package_identification:_identify(data/tmp/1781244076_GD) by extension 'python_setup_py'
[0.347s] Level 1:colcon.colcon_core.package_identification:_identify(data/tmp/1781244125_GD) by extensions ['ignore', 'ignore_ament_install']
[0.347s] Level 1:colcon.colcon_core.package_identification:_identify(data/tmp/1781244125_GD) by extension 'ignore'
[0.347s] Level 1:colcon.colcon_core.package_identification:_identify(data/tmp/1781244125_GD) by extension 'ignore_ament_install'
[0.347s] Level 1:colcon.colcon_core.package_identification:_identify(data/tmp/1781244125_GD) by extensions ['colcon_pkg']
[0.348s] Level 1:colcon.colcon_core.package_identification:_identify(data/tmp/1781244125_GD) by extension 'colcon_pkg'
[0.348s] Level 1:colcon.colcon_core.package_identification:_identify(data/tmp/1781244125_GD) by extensions ['colcon_meta']
[0.348s] Level 1:colcon.colcon_core.package_identification:_identify(data/tmp/1781244125_GD) by extension 'colcon_meta'
[0.348s] Level 1:colcon.colcon_core.package_identification:_identify(data/tmp/1781244125_GD) by extensions ['ros']
[0.348s] Level 1:colcon.colcon_core.package_identification:_identify(data/tmp/1781244125_GD) by extension 'ros'
[0.348s] Level 1:colcon.colcon_core.package_identification:_identify(data/tmp/1781244125_GD) by extensions ['cmake', 'python']
[0.348s] Level 1:colcon.colcon_core.package_identification:_identify(data/tmp/1781244125_GD) by extension 'cmake'
[0.348s] Level 1:colcon.colcon_core.package_identification:_identify(data/tmp/1781244125_GD) by extension 'python'
[0.348s] Level 1:colcon.colcon_core.package_identification:_identify(data/tmp/1781244125_GD) by extensions ['python_setup_py']
[0.348s] Level 1:colcon.colcon_core.package_identification:_identify(data/tmp/1781244125_GD) by extension 'python_setup_py'
[0.348s] Level 1:colcon.colcon_core.package_identification:_identify(data/tmp/1781244175_Newton) by extensions ['ignore', 'ignore_ament_install']
[0.348s] Level 1:colcon.colcon_core.package_identification:_identify(data/tmp/1781244175_Newton) by extension 'ignore'
[0.348s] Level 1:colcon.colcon_core.package_identification:_identify(data/tmp/1781244175_Newton) by extension 'ignore_ament_install'
[0.348s] Level 1:colcon.colcon_core.package_identification:_identify(data/tmp/1781244175_Newton) by extensions ['colcon_pkg']
[0.348s] Level 1:colcon.colcon_core.package_identification:_identify(data/tmp/1781244175_Newton) by extension 'colcon_pkg'
[0.348s] Level 1:colcon.colcon_core.package_identification:_identify(data/tmp/1781244175_Newton) by extensions ['colcon_meta']
[0.348s] Level 1:colcon.colcon_core.package_identification:_identify(data/tmp/1781244175_Newton) by extension 'colcon_meta'
[0.348s] Level 1:colcon.colcon_core.package_identification:_identify(data/tmp/1781244175_Newton) by extensions ['ros']
[0.348s] Level 1:colcon.colcon_core.package_identification:_identify(data/tmp/1781244175_Newton) by extension 'ros'
[0.348s] Level 1:colcon.colcon_core.package_identification:_identify(data/tmp/1781244175_Newton) by extensions ['cmake', 'python']
[0.348s] Level 1:colcon.colcon_core.package_identification:_identify(data/tmp/1781244175_Newton) by extension 'cmake'
[0.348s] Level 1:colcon.colcon_core.package_identification:_identify(data/tmp/1781244175_Newton) by extension 'python'
[0.348s] Level 1:colcon.colcon_core.package_identification:_identify(data/tmp/1781244175_Newton) by extensions ['python_setup_py']
[0.348s] Level 1:colcon.colcon_core.package_identification:_identify(data/tmp/1781244175_Newton) by extension 'python_setup_py'
[0.348s] Level 1:colcon.colcon_core.package_identification:_identify(data/tmp/1781244236_Newton) by extensions ['ignore', 'ignore_ament_install']
[0.348s] Level 1:colcon.colcon_core.package_identification:_identify(data/tmp/1781244236_Newton) by extension 'ignore'
[0.348s] Level 1:colcon.colcon_core.package_identification:_identify(data/tmp/1781244236_Newton) by extension 'ignore_ament_install'
[0.348s] Level 1:colcon.colcon_core.package_identification:_identify(data/tmp/1781244236_Newton) by extensions ['colcon_pkg']
[0.348s] Level 1:colcon.colcon_core.package_identification:_identify(data/tmp/1781244236_Newton) by extension 'colcon_pkg'
[0.349s] Level 1:colcon.colcon_core.package_identification:_identify(data/tmp/1781244236_Newton) by extensions ['colcon_meta']
[0.349s] Level 1:colcon.colcon_core.package_identification:_identify(data/tmp/1781244236_Newton) by extension 'colcon_meta'
[0.349s] Level 1:colcon.colcon_core.package_identification:_identify(data/tmp/1781244236_Newton) by extensions ['ros']
[0.349s] Level 1:colcon.colcon_core.package_identification:_identify(data/tmp/1781244236_Newton) by extension 'ros'
[0.349s] Level 1:colcon.colcon_core.package_identification:_identify(data/tmp/1781244236_Newton) by extensions ['cmake', 'python']
[0.349s] Level 1:colcon.colcon_core.package_identification:_identify(data/tmp/1781244236_Newton) by extension 'cmake'
[0.349s] Level 1:colcon.colcon_core.package_identification:_identify(data/tmp/1781244236_Newton) by extension 'python'
[0.349s] Level 1:colcon.colcon_core.package_identification:_identify(data/tmp/1781244236_Newton) by extensions ['python_setup_py']
[0.349s] Level 1:colcon.colcon_core.package_identification:_identify(data/tmp/1781244236_Newton) by extension 'python_setup_py'
[0.349s] Level 1:colcon.colcon_core.package_identification:_identify(data/tmp/1781244278_Newton) by extensions ['ignore', 'ignore_ament_install']
[0.349s] Level 1:colcon.colcon_core.package_identification:_identify(data/tmp/1781244278_Newton) by extension 'ignore'
[0.349s] Level 1:colcon.colcon_core.package_identification:_identify(data/tmp/1781244278_Newton) by extension 'ignore_ament_install'
[0.349s] Level 1:colcon.colcon_core.package_identification:_identify(data/tmp/1781244278_Newton) by extensions ['colcon_pkg']
[0.349s] Level 1:colcon.colcon_core.package_identification:_identify(data/tmp/1781244278_Newton) by extension 'colcon_pkg'
[0.349s] Level 1:colcon.colcon_core.package_identification:_identify(data/tmp/1781244278_Newton) by extensions ['colcon_meta']
[0.349s] Level 1:colcon.colcon_core.package_identification:_identify(data/tmp/1781244278_Newton) by extension 'colcon_meta'
[0.349s] Level 1:colcon.colcon_core.package_identification:_identify(data/tmp/1781244278_Newton) by extensions ['ros']
[0.349s] Level 1:colcon.colcon_core.package_identification:_identify(data/tmp/1781244278_Newton) by extension 'ros'
[0.349s] Level 1:colcon.colcon_core.package_identification:_identify(data/tmp/1781244278_Newton) by extensions ['cmake', 'python']
[0.349s] Level 1:colcon.colcon_core.package_identification:_identify(data/tmp/1781244278_Newton) by extension 'cmake'
[0.349s] Level 1:colcon.colcon_core.package_identification:_identify(data/tmp/1781244278_Newton) by extension 'python'
[0.349s] Level 1:colcon.colcon_core.package_identification:_identify(data/tmp/1781244278_Newton) by extensions ['python_setup_py']
[0.349s] Level 1:colcon.colcon_core.package_identification:_identify(data/tmp/1781244278_Newton) by extension 'python_setup_py'
[0.349s] Level 1:colcon.colcon_core.package_identification:_identify(data/tmp/1781244488_CG) by extensions ['ignore', 'ignore_ament_install']
[0.349s] Level 1:colcon.colcon_core.package_identification:_identify(data/tmp/1781244488_CG) by extension 'ignore'
[0.349s] Level 1:colcon.colcon_core.package_identification:_identify(data/tmp/1781244488_CG) by extension 'ignore_ament_install'
[0.349s] Level 1:colcon.colcon_core.package_identification:_identify(data/tmp/1781244488_CG) by extensions ['colcon_pkg']
[0.350s] Level 1:colcon.colcon_core.package_identification:_identify(data/tmp/1781244488_CG) by extension 'colcon_pkg'
[0.350s] Level 1:colcon.colcon_core.package_identification:_identify(data/tmp/1781244488_CG) by extensions ['colcon_meta']
[0.350s] Level 1:colcon.colcon_core.package_identification:_identify(data/tmp/1781244488_CG) by extension 'colcon_meta'
[0.350s] Level 1:colcon.colcon_core.package_identification:_identify(data/tmp/1781244488_CG) by extensions ['ros']
[0.350s] Level 1:colcon.colcon_core.package_identification:_identify(data/tmp/1781244488_CG) by extension 'ros'
[0.350s] Level 1:colcon.colcon_core.package_identification:_identify(data/tmp/1781244488_CG) by extensions ['cmake', 'python']
[0.350s] Level 1:colcon.colcon_core.package_identification:_identify(data/tmp/1781244488_CG) by extension 'cmake'
[0.350s] Level 1:colcon.colcon_core.package_identification:_identify(data/tmp/1781244488_CG) by extension 'python'
[0.350s] Level 1:colcon.colcon_core.package_identification:_identify(data/tmp/1781244488_CG) by extensions ['python_setup_py']
[0.350s] Level 1:colcon.colcon_core.package_identification:_identify(data/tmp/1781244488_CG) by extension 'python_setup_py'
[0.350s] Level 1:colcon.colcon_core.package_identification:_identify(data/tmp/1781244516_CG) by extensions ['ignore', 'ignore_ament_install']
[0.350s] Level 1:colcon.colcon_core.package_identification:_identify(data/tmp/1781244516_CG) by extension 'ignore'
[0.350s] Level 1:colcon.colcon_core.package_identification:_identify(data/tmp/1781244516_CG) by extension 'ignore_ament_install'
[0.350s] Level 1:colcon.colcon_core.package_identification:_identify(data/tmp/1781244516_CG) by extensions ['colcon_pkg']
[0.350s] Level 1:colcon.colcon_core.package_identification:_identify(data/tmp/1781244516_CG) by extension 'colcon_pkg'
[0.350s] Level 1:colcon.colcon_core.package_identification:_identify(data/tmp/1781244516_CG) by extensions ['colcon_meta']
[0.350s] Level 1:colcon.colcon_core.package_identification:_identify(data/tmp/1781244516_CG) by extension 'colcon_meta'
[0.350s] Level 1:colcon.colcon_core.package_identification:_identify(data/tmp/1781244516_CG) by extensions ['ros']
[0.350s] Level 1:colcon.colcon_core.package_identification:_identify(data/tmp/1781244516_CG) by extension 'ros'
[0.350s] Level 1:colcon.colcon_core.package_identification:_identify(data/tmp/1781244516_CG) by extensions ['cmake', 'python']
[0.350s] Level 1:colcon.colcon_core.package_identification:_identify(data/tmp/1781244516_CG) by extension 'cmake'
[0.350s] Level 1:colcon.colcon_core.package_identification:_identify(data/tmp/1781244516_CG) by extension 'python'
[0.350s] Level 1:colcon.colcon_core.package_identification:_identify(data/tmp/1781244516_CG) by extensions ['python_setup_py']
[0.350s] Level 1:colcon.colcon_core.package_identification:_identify(data/tmp/1781244516_CG) by extension 'python_setup_py'
[0.350s] Level 1:colcon.colcon_core.package_identification:_identify(data/tmp/1781244528_CG) by extensions ['ignore', 'ignore_ament_install']
[0.350s] Level 1:colcon.colcon_core.package_identification:_identify(data/tmp/1781244528_CG) by extension 'ignore'
[0.350s] Level 1:colcon.colcon_core.package_identification:_identify(data/tmp/1781244528_CG) by extension 'ignore_ament_install'
[0.350s] Level 1:colcon.colcon_core.package_identification:_identify(data/tmp/1781244528_CG) by extensions ['colcon_pkg']
[0.350s] Level 1:colcon.colcon_core.package_identification:_identify(data/tmp/1781244528_CG) by extension 'colcon_pkg'
[0.351s] Level 1:colcon.colcon_core.package_identification:_identify(data/tmp/1781244528_CG) by extensions ['colcon_meta']
[0.351s] Level 1:colcon.colcon_core.package_identification:_identify(data/tmp/1781244528_CG) by extension 'colcon_meta'
[0.351s] Level 1:colcon.colcon_core.package_identification:_identify(data/tmp/1781244528_CG) by extensions ['ros']
[0.351s] Level 1:colcon.colcon_core.package_identification:_identify(data/tmp/1781244528_CG) by extension 'ros'
[0.351s] Level 1:colcon.colcon_core.package_identification:_identify(data/tmp/1781244528_CG) by extensions ['cmake', 'python']
[0.351s] Level 1:colcon.colcon_core.package_identification:_identify(data/tmp/1781244528_CG) by extension 'cmake'
[0.351s] Level 1:colcon.colcon_core.package_identification:_identify(data/tmp/1781244528_CG) by extension 'python'
[0.351s] Level 1:colcon.colcon_core.package_identification:_identify(data/tmp/1781244528_CG) by extensions ['python_setup_py']
[0.351s] Level 1:colcon.colcon_core.package_identification:_identify(data/tmp/1781244528_CG) by extension 'python_setup_py'
[0.351s] Level 1:colcon.colcon_core.package_identification:_identify(data/tmp/1781244539_CG) by extensions ['ignore', 'ignore_ament_install']
[0.351s] Level 1:colcon.colcon_core.package_identification:_identify(data/tmp/1781244539_CG) by extension 'ignore'
[0.351s] Level 1:colcon.colcon_core.package_identification:_identify(data/tmp/1781244539_CG) by extension 'ignore_ament_install'
[0.351s] Level 1:colcon.colcon_core.package_identification:_identify(data/tmp/1781244539_CG) by extensions ['colcon_pkg']
[0.351s] Level 1:colcon.colcon_core.package_identification:_identify(data/tmp/1781244539_CG) by extension 'colcon_pkg'
[0.351s] Level 1:colcon.colcon_core.package_identification:_identify(data/tmp/1781244539_CG) by extensions ['colcon_meta']
[0.351s] Level 1:colcon.colcon_core.package_identification:_identify(data/tmp/1781244539_CG) by extension 'colcon_meta'
[0.351s] Level 1:colcon.colcon_core.package_identification:_identify(data/tmp/1781244539_CG) by extensions ['ros']
[0.351s] Level 1:colcon.colcon_core.package_identification:_identify(data/tmp/1781244539_CG) by extension 'ros'
[0.351s] Level 1:colcon.colcon_core.package_identification:_identify(data/tmp/1781244539_CG) by extensions ['cmake', 'python']
[0.351s] Level 1:colcon.colcon_core.package_identification:_identify(data/tmp/1781244539_CG) by extension 'cmake'
[0.351s] Level 1:colcon.colcon_core.package_identification:_identify(data/tmp/1781244539_CG) by extension 'python'
[0.351s] Level 1:colcon.colcon_core.package_identification:_identify(data/tmp/1781244539_CG) by extensions ['python_setup_py']
[0.351s] Level 1:colcon.colcon_core.package_identification:_identify(data/tmp/1781244539_CG) by extension 'python_setup_py'
[0.351s] Level 1:colcon.colcon_core.package_identification:_identify(data/tmp/1781244548_CG) by extensions ['ignore', 'ignore_ament_install']
[0.351s] Level 1:colcon.colcon_core.package_identification:_identify(data/tmp/1781244548_CG) by extension 'ignore'
[0.351s] Level 1:colcon.colcon_core.package_identification:_identify(data/tmp/1781244548_CG) by extension 'ignore_ament_install'
[0.351s] Level 1:colcon.colcon_core.package_identification:_identify(data/tmp/1781244548_CG) by extensions ['colcon_pkg']
[0.351s] Level 1:colcon.colcon_core.package_identification:_identify(data/tmp/1781244548_CG) by extension 'colcon_pkg'
[0.352s] Level 1:colcon.colcon_core.package_identification:_identify(data/tmp/1781244548_CG) by extensions ['colcon_meta']
[0.352s] Level 1:colcon.colcon_core.package_identification:_identify(data/tmp/1781244548_CG) by extension 'colcon_meta'
[0.352s] Level 1:colcon.colcon_core.package_identification:_identify(data/tmp/1781244548_CG) by extensions ['ros']
[0.352s] Level 1:colcon.colcon_core.package_identification:_identify(data/tmp/1781244548_CG) by extension 'ros'
[0.352s] Level 1:colcon.colcon_core.package_identification:_identify(data/tmp/1781244548_CG) by extensions ['cmake', 'python']
[0.352s] Level 1:colcon.colcon_core.package_identification:_identify(data/tmp/1781244548_CG) by extension 'cmake'
[0.352s] Level 1:colcon.colcon_core.package_identification:_identify(data/tmp/1781244548_CG) by extension 'python'
[0.352s] Level 1:colcon.colcon_core.package_identification:_identify(data/tmp/1781244548_CG) by extensions ['python_setup_py']
[0.352s] Level 1:colcon.colcon_core.package_identification:_identify(data/tmp/1781244548_CG) by extension 'python_setup_py'
[0.352s] Level 1:colcon.colcon_core.package_identification:_identify(data/tmp/1781244556_CG) by extensions ['ignore', 'ignore_ament_install']
[0.352s] Level 1:colcon.colcon_core.package_identification:_identify(data/tmp/1781244556_CG) by extension 'ignore'
[0.352s] Level 1:colcon.colcon_core.package_identification:_identify(data/tmp/1781244556_CG) by extension 'ignore_ament_install'
[0.352s] Level 1:colcon.colcon_core.package_identification:_identify(data/tmp/1781244556_CG) by extensions ['colcon_pkg']
[0.352s] Level 1:colcon.colcon_core.package_identification:_identify(data/tmp/1781244556_CG) by extension 'colcon_pkg'
[0.352s] Level 1:colcon.colcon_core.package_identification:_identify(data/tmp/1781244556_CG) by extensions ['colcon_meta']
[0.352s] Level 1:colcon.colcon_core.package_identification:_identify(data/tmp/1781244556_CG) by extension 'colcon_meta'
[0.352s] Level 1:colcon.colcon_core.package_identification:_identify(data/tmp/1781244556_CG) by extensions ['ros']
[0.352s] Level 1:colcon.colcon_core.package_identification:_identify(data/tmp/1781244556_CG) by extension 'ros'
[0.352s] Level 1:colcon.colcon_core.package_identification:_identify(data/tmp/1781244556_CG) by extensions ['cmake', 'python']
[0.352s] Level 1:colcon.colcon_core.package_identification:_identify(data/tmp/1781244556_CG) by extension 'cmake'
[0.352s] Level 1:colcon.colcon_core.package_identification:_identify(data/tmp/1781244556_CG) by extension 'python'
[0.352s] Level 1:colcon.colcon_core.package_identification:_identify(data/tmp/1781244556_CG) by extensions ['python_setup_py']
[0.352s] Level 1:colcon.colcon_core.package_identification:_identify(data/tmp/1781244556_CG) by extension 'python_setup_py'
[0.352s] Level 1:colcon.colcon_core.package_identification:_identify(data/tmp/1781244557_CG) by extensions ['ignore', 'ignore_ament_install']
[0.352s] Level 1:colcon.colcon_core.package_identification:_identify(data/tmp/1781244557_CG) by extension 'ignore'
[0.352s] Level 1:colcon.colcon_core.package_identification:_identify(data/tmp/1781244557_CG) by extension 'ignore_ament_install'
[0.352s] Level 1:colcon.colcon_core.package_identification:_identify(data/tmp/1781244557_CG) by extensions ['colcon_pkg']
[0.352s] Level 1:colcon.colcon_core.package_identification:_identify(data/tmp/1781244557_CG) by extension 'colcon_pkg'
[0.352s] Level 1:colcon.colcon_core.package_identification:_identify(data/tmp/1781244557_CG) by extensions ['colcon_meta']
[0.353s] Level 1:colcon.colcon_core.package_identification:_identify(data/tmp/1781244557_CG) by extension 'colcon_meta'
[0.353s] Level 1:colcon.colcon_core.package_identification:_identify(data/tmp/1781244557_CG) by extensions ['ros']
[0.353s] Level 1:colcon.colcon_core.package_identification:_identify(data/tmp/1781244557_CG) by extension 'ros'
[0.353s] Level 1:colcon.colcon_core.package_identification:_identify(data/tmp/1781244557_CG) by extensions ['cmake', 'python']
[0.353s] Level 1:colcon.colcon_core.package_identification:_identify(data/tmp/1781244557_CG) by extension 'cmake'
[0.353s] Level 1:colcon.colcon_core.package_identification:_identify(data/tmp/1781244557_CG) by extension 'python'
[0.353s] Level 1:colcon.colcon_core.package_identification:_identify(data/tmp/1781244557_CG) by extensions ['python_setup_py']
[0.353s] Level 1:colcon.colcon_core.package_identification:_identify(data/tmp/1781244557_CG) by extension 'python_setup_py'
[0.353s] Level 1:colcon.colcon_core.package_identification:_identify(data/tmp/1781244558_CG) by extensions ['ignore', 'ignore_ament_install']
[0.353s] Level 1:colcon.colcon_core.package_identification:_identify(data/tmp/1781244558_CG) by extension 'ignore'
[0.353s] Level 1:colcon.colcon_core.package_identification:_identify(data/tmp/1781244558_CG) by extension 'ignore_ament_install'
[0.353s] Level 1:colcon.colcon_core.package_identification:_identify(data/tmp/1781244558_CG) by extensions ['colcon_pkg']
[0.353s] Level 1:colcon.colcon_core.package_identification:_identify(data/tmp/1781244558_CG) by extension 'colcon_pkg'
[0.353s] Level 1:colcon.colcon_core.package_identification:_identify(data/tmp/1781244558_CG) by extensions ['colcon_meta']
[0.353s] Level 1:colcon.colcon_core.package_identification:_identify(data/tmp/1781244558_CG) by extension 'colcon_meta'
[0.353s] Level 1:colcon.colcon_core.package_identification:_identify(data/tmp/1781244558_CG) by extensions ['ros']
[0.353s] Level 1:colcon.colcon_core.package_identification:_identify(data/tmp/1781244558_CG) by extension 'ros'
[0.353s] Level 1:colcon.colcon_core.package_identification:_identify(data/tmp/1781244558_CG) by extensions ['cmake', 'python']
[0.353s] Level 1:colcon.colcon_core.package_identification:_identify(data/tmp/1781244558_CG) by extension 'cmake'
[0.353s] Level 1:colcon.colcon_core.package_identification:_identify(data/tmp/1781244558_CG) by extension 'python'
[0.353s] Level 1:colcon.colcon_core.package_identification:_identify(data/tmp/1781244558_CG) by extensions ['python_setup_py']
[0.353s] Level 1:colcon.colcon_core.package_identification:_identify(data/tmp/1781244558_CG) by extension 'python_setup_py'
[0.353s] Level 1:colcon.colcon_core.package_identification:_identify(data/tmp/1781244559_CG) by extensions ['ignore', 'ignore_ament_install']
[0.353s] Level 1:colcon.colcon_core.package_identification:_identify(data/tmp/1781244559_CG) by extension 'ignore'
[0.353s] Level 1:colcon.colcon_core.package_identification:_identify(data/tmp/1781244559_CG) by extension 'ignore_ament_install'
[0.353s] Level 1:colcon.colcon_core.package_identification:_identify(data/tmp/1781244559_CG) by extensions ['colcon_pkg']
[0.353s] Level 1:colcon.colcon_core.package_identification:_identify(data/tmp/1781244559_CG) by extension 'colcon_pkg'
[0.353s] Level 1:colcon.colcon_core.package_identification:_identify(data/tmp/1781244559_CG) by extensions ['colcon_meta']
[0.353s] Level 1:colcon.colcon_core.package_identification:_identify(data/tmp/1781244559_CG) by extension 'colcon_meta'
[0.354s] Level 1:colcon.colcon_core.package_identification:_identify(data/tmp/1781244559_CG) by extensions ['ros']
[0.354s] Level 1:colcon.colcon_core.package_identification:_identify(data/tmp/1781244559_CG) by extension 'ros'
[0.354s] Level 1:colcon.colcon_core.package_identification:_identify(data/tmp/1781244559_CG) by extensions ['cmake', 'python']
[0.354s] Level 1:colcon.colcon_core.package_identification:_identify(data/tmp/1781244559_CG) by extension 'cmake'
[0.354s] Level 1:colcon.colcon_core.package_identification:_identify(data/tmp/1781244559_CG) by extension 'python'
[0.354s] Level 1:colcon.colcon_core.package_identification:_identify(data/tmp/1781244559_CG) by extensions ['python_setup_py']
[0.354s] Level 1:colcon.colcon_core.package_identification:_identify(data/tmp/1781244559_CG) by extension 'python_setup_py'
[0.354s] Level 1:colcon.colcon_core.package_identification:_identify(data/tmp/1781244560_CG) by extensions ['ignore', 'ignore_ament_install']
[0.354s] Level 1:colcon.colcon_core.package_identification:_identify(data/tmp/1781244560_CG) by extension 'ignore'
[0.354s] Level 1:colcon.colcon_core.package_identification:_identify(data/tmp/1781244560_CG) by extension 'ignore_ament_install'
[0.354s] Level 1:colcon.colcon_core.package_identification:_identify(data/tmp/1781244560_CG) by extensions ['colcon_pkg']
[0.354s] Level 1:colcon.colcon_core.package_identification:_identify(data/tmp/1781244560_CG) by extension 'colcon_pkg'
[0.354s] Level 1:colcon.colcon_core.package_identification:_identify(data/tmp/1781244560_CG) by extensions ['colcon_meta']
[0.354s] Level 1:colcon.colcon_core.package_identification:_identify(data/tmp/1781244560_CG) by extension 'colcon_meta'
[0.354s] Level 1:colcon.colcon_core.package_identification:_identify(data/tmp/1781244560_CG) by extensions ['ros']
[0.354s] Level 1:colcon.colcon_core.package_identification:_identify(data/tmp/1781244560_CG) by extension 'ros'
[0.354s] Level 1:colcon.colcon_core.package_identification:_identify(data/tmp/1781244560_CG) by extensions ['cmake', 'python']
[0.354s] Level 1:colcon.colcon_core.package_identification:_identify(data/tmp/1781244560_CG) by extension 'cmake'
[0.354s] Level 1:colcon.colcon_core.package_identification:_identify(data/tmp/1781244560_CG) by extension 'python'
[0.354s] Level 1:colcon.colcon_core.package_identification:_identify(data/tmp/1781244560_CG) by extensions ['python_setup_py']
[0.354s] Level 1:colcon.colcon_core.package_identification:_identify(data/tmp/1781244560_CG) by extension 'python_setup_py'
[0.354s] Level 1:colcon.colcon_core.package_identification:_identify(data/tmp/1781244677_CG) by extensions ['ignore', 'ignore_ament_install']
[0.354s] Level 1:colcon.colcon_core.package_identification:_identify(data/tmp/1781244677_CG) by extension 'ignore'
[0.354s] Level 1:colcon.colcon_core.package_identification:_identify(data/tmp/1781244677_CG) by extension 'ignore_ament_install'
[0.354s] Level 1:colcon.colcon_core.package_identification:_identify(data/tmp/1781244677_CG) by extensions ['colcon_pkg']
[0.354s] Level 1:colcon.colcon_core.package_identification:_identify(data/tmp/1781244677_CG) by extension 'colcon_pkg'
[0.354s] Level 1:colcon.colcon_core.package_identification:_identify(data/tmp/1781244677_CG) by extensions ['colcon_meta']
[0.354s] Level 1:colcon.colcon_core.package_identification:_identify(data/tmp/1781244677_CG) by extension 'colcon_meta'
[0.355s] Level 1:colcon.colcon_core.package_identification:_identify(data/tmp/1781244677_CG) by extensions ['ros']
[0.355s] Level 1:colcon.colcon_core.package_identification:_identify(data/tmp/1781244677_CG) by extension 'ros'
[0.355s] Level 1:colcon.colcon_core.package_identification:_identify(data/tmp/1781244677_CG) by extensions ['cmake', 'python']
[0.355s] Level 1:colcon.colcon_core.package_identification:_identify(data/tmp/1781244677_CG) by extension 'cmake'
[0.355s] Level 1:colcon.colcon_core.package_identification:_identify(data/tmp/1781244677_CG) by extension 'python'
[0.355s] Level 1:colcon.colcon_core.package_identification:_identify(data/tmp/1781244677_CG) by extensions ['python_setup_py']
[0.355s] Level 1:colcon.colcon_core.package_identification:_identify(data/tmp/1781244677_CG) by extension 'python_setup_py'
[0.355s] Level 1:colcon.colcon_core.package_identification:_identify(data/tmp/1781254866_CG) by extensions ['ignore', 'ignore_ament_install']
[0.355s] Level 1:colcon.colcon_core.package_identification:_identify(data/tmp/1781254866_CG) by extension 'ignore'
[0.355s] Level 1:colcon.colcon_core.package_identification:_identify(data/tmp/1781254866_CG) by extension 'ignore_ament_install'
[0.355s] Level 1:colcon.colcon_core.package_identification:_identify(data/tmp/1781254866_CG) by extensions ['colcon_pkg']
[0.355s] Level 1:colcon.colcon_core.package_identification:_identify(data/tmp/1781254866_CG) by extension 'colcon_pkg'
[0.355s] Level 1:colcon.colcon_core.package_identification:_identify(data/tmp/1781254866_CG) by extensions ['colcon_meta']
[0.355s] Level 1:colcon.colcon_core.package_identification:_identify(data/tmp/1781254866_CG) by extension 'colcon_meta'
[0.355s] Level 1:colcon.colcon_core.package_identification:_identify(data/tmp/1781254866_CG) by extensions ['ros']
[0.355s] Level 1:colcon.colcon_core.package_identification:_identify(data/tmp/1781254866_CG) by extension 'ros'
[0.355s] Level 1:colcon.colcon_core.package_identification:_identify(data/tmp/1781254866_CG) by extensions ['cmake', 'python']
[0.355s] Level 1:colcon.colcon_core.package_identification:_identify(data/tmp/1781254866_CG) by extension 'cmake'
[0.355s] Level 1:colcon.colcon_core.package_identification:_identify(data/tmp/1781254866_CG) by extension 'python'
[0.355s] Level 1:colcon.colcon_core.package_identification:_identify(data/tmp/1781254866_CG) by extensions ['python_setup_py']
[0.355s] Level 1:colcon.colcon_core.package_identification:_identify(data/tmp/1781254866_CG) by extension 'python_setup_py'
[0.355s] Level 1:colcon.colcon_core.package_identification:_identify(data/tmp/1781254999_CG) by extensions ['ignore', 'ignore_ament_install']
[0.355s] Level 1:colcon.colcon_core.package_identification:_identify(data/tmp/1781254999_CG) by extension 'ignore'
[0.355s] Level 1:colcon.colcon_core.package_identification:_identify(data/tmp/1781254999_CG) by extension 'ignore_ament_install'
[0.355s] Level 1:colcon.colcon_core.package_identification:_identify(data/tmp/1781254999_CG) by extensions ['colcon_pkg']
[0.355s] Level 1:colcon.colcon_core.package_identification:_identify(data/tmp/1781254999_CG) by extension 'colcon_pkg'
[0.355s] Level 1:colcon.colcon_core.package_identification:_identify(data/tmp/1781254999_CG) by extensions ['colcon_meta']
[0.355s] Level 1:colcon.colcon_core.package_identification:_identify(data/tmp/1781254999_CG) by extension 'colcon_meta'
[0.355s] Level 1:colcon.colcon_core.package_identification:_identify(data/tmp/1781254999_CG) by extensions ['ros']
[0.356s] Level 1:colcon.colcon_core.package_identification:_identify(data/tmp/1781254999_CG) by extension 'ros'
[0.356s] Level 1:colcon.colcon_core.package_identification:_identify(data/tmp/1781254999_CG) by extensions ['cmake', 'python']
[0.356s] Level 1:colcon.colcon_core.package_identification:_identify(data/tmp/1781254999_CG) by extension 'cmake'
[0.356s] Level 1:colcon.colcon_core.package_identification:_identify(data/tmp/1781254999_CG) by extension 'python'
[0.356s] Level 1:colcon.colcon_core.package_identification:_identify(data/tmp/1781254999_CG) by extensions ['python_setup_py']
[0.356s] Level 1:colcon.colcon_core.package_identification:_identify(data/tmp/1781254999_CG) by extension 'python_setup_py'
[0.356s] Level 1:colcon.colcon_core.package_identification:_identify(data/tmp/1781255043_CG) by extensions ['ignore', 'ignore_ament_install']
[0.356s] Level 1:colcon.colcon_core.package_identification:_identify(data/tmp/1781255043_CG) by extension 'ignore'
[0.356s] Level 1:colcon.colcon_core.package_identification:_identify(data/tmp/1781255043_CG) by extension 'ignore_ament_install'
[0.356s] Level 1:colcon.colcon_core.package_identification:_identify(data/tmp/1781255043_CG) by extensions ['colcon_pkg']
[0.356s] Level 1:colcon.colcon_core.package_identification:_identify(data/tmp/1781255043_CG) by extension 'colcon_pkg'
[0.356s] Level 1:colcon.colcon_core.package_identification:_identify(data/tmp/1781255043_CG) by extensions ['colcon_meta']
[0.356s] Level 1:colcon.colcon_core.package_identification:_identify(data/tmp/1781255043_CG) by extension 'colcon_meta'
[0.356s] Level 1:colcon.colcon_core.package_identification:_identify(data/tmp/1781255043_CG) by extensions ['ros']
[0.356s] Level 1:colcon.colcon_core.package_identification:_identify(data/tmp/1781255043_CG) by extension 'ros'
[0.356s] Level 1:colcon.colcon_core.package_identification:_identify(data/tmp/1781255043_CG) by extensions ['cmake', 'python']
[0.356s] Level 1:colcon.colcon_core.package_identification:_identify(data/tmp/1781255043_CG) by extension 'cmake'
[0.356s] Level 1:colcon.colcon_core.package_identification:_identify(data/tmp/1781255043_CG) by extension 'python'
[0.356s] Level 1:colcon.colcon_core.package_identification:_identify(data/tmp/1781255043_CG) by extensions ['python_setup_py']
[0.356s] Level 1:colcon.colcon_core.package_identification:_identify(data/tmp/1781255043_CG) by extension 'python_setup_py'
[0.356s] Level 1:colcon.colcon_core.package_identification:_identify(data/tmp/1781255152_GD) by extensions ['ignore', 'ignore_ament_install']
[0.356s] Level 1:colcon.colcon_core.package_identification:_identify(data/tmp/1781255152_GD) by extension 'ignore'
[0.356s] Level 1:colcon.colcon_core.package_identification:_identify(data/tmp/1781255152_GD) by extension 'ignore_ament_install'
[0.356s] Level 1:colcon.colcon_core.package_identification:_identify(data/tmp/1781255152_GD) by extensions ['colcon_pkg']
[0.356s] Level 1:colcon.colcon_core.package_identification:_identify(data/tmp/1781255152_GD) by extension 'colcon_pkg'
[0.356s] Level 1:colcon.colcon_core.package_identification:_identify(data/tmp/1781255152_GD) by extensions ['colcon_meta']
[0.356s] Level 1:colcon.colcon_core.package_identification:_identify(data/tmp/1781255152_GD) by extension 'colcon_meta'
[0.356s] Level 1:colcon.colcon_core.package_identification:_identify(data/tmp/1781255152_GD) by extensions ['ros']
[0.356s] Level 1:colcon.colcon_core.package_identification:_identify(data/tmp/1781255152_GD) by extension 'ros'
[0.357s] Level 1:colcon.colcon_core.package_identification:_identify(data/tmp/1781255152_GD) by extensions ['cmake', 'python']
[0.357s] Level 1:colcon.colcon_core.package_identification:_identify(data/tmp/1781255152_GD) by extension 'cmake'
[0.357s] Level 1:colcon.colcon_core.package_identification:_identify(data/tmp/1781255152_GD) by extension 'python'
[0.357s] Level 1:colcon.colcon_core.package_identification:_identify(data/tmp/1781255152_GD) by extensions ['python_setup_py']
[0.357s] Level 1:colcon.colcon_core.package_identification:_identify(data/tmp/1781255152_GD) by extension 'python_setup_py'
[0.357s] Level 1:colcon.colcon_core.package_identification:_identify(data/tmp/1781255174_GD) by extensions ['ignore', 'ignore_ament_install']
[0.357s] Level 1:colcon.colcon_core.package_identification:_identify(data/tmp/1781255174_GD) by extension 'ignore'
[0.357s] Level 1:colcon.colcon_core.package_identification:_identify(data/tmp/1781255174_GD) by extension 'ignore_ament_install'
[0.357s] Level 1:colcon.colcon_core.package_identification:_identify(data/tmp/1781255174_GD) by extensions ['colcon_pkg']
[0.357s] Level 1:colcon.colcon_core.package_identification:_identify(data/tmp/1781255174_GD) by extension 'colcon_pkg'
[0.357s] Level 1:colcon.colcon_core.package_identification:_identify(data/tmp/1781255174_GD) by extensions ['colcon_meta']
[0.357s] Level 1:colcon.colcon_core.package_identification:_identify(data/tmp/1781255174_GD) by extension 'colcon_meta'
[0.357s] Level 1:colcon.colcon_core.package_identification:_identify(data/tmp/1781255174_GD) by extensions ['ros']
[0.357s] Level 1:colcon.colcon_core.package_identification:_identify(data/tmp/1781255174_GD) by extension 'ros'
[0.357s] Level 1:colcon.colcon_core.package_identification:_identify(data/tmp/1781255174_GD) by extensions ['cmake', 'python']
[0.357s] Level 1:colcon.colcon_core.package_identification:_identify(data/tmp/1781255174_GD) by extension 'cmake'
[0.357s] Level 1:colcon.colcon_core.package_identification:_identify(data/tmp/1781255174_GD) by extension 'python'
[0.357s] Level 1:colcon.colcon_core.package_identification:_identify(data/tmp/1781255174_GD) by extensions ['python_setup_py']
[0.357s] Level 1:colcon.colcon_core.package_identification:_identify(data/tmp/1781255174_GD) by extension 'python_setup_py'
[0.357s] Level 1:colcon.colcon_core.package_identification:_identify(data/tmp/1781255234_Newton) by extensions ['ignore', 'ignore_ament_install']
[0.357s] Level 1:colcon.colcon_core.package_identification:_identify(data/tmp/1781255234_Newton) by extension 'ignore'
[0.357s] Level 1:colcon.colcon_core.package_identification:_identify(data/tmp/1781255234_Newton) by extension 'ignore_ament_install'
[0.357s] Level 1:colcon.colcon_core.package_identification:_identify(data/tmp/1781255234_Newton) by extensions ['colcon_pkg']
[0.357s] Level 1:colcon.colcon_core.package_identification:_identify(data/tmp/1781255234_Newton) by extension 'colcon_pkg'
[0.357s] Level 1:colcon.colcon_core.package_identification:_identify(data/tmp/1781255234_Newton) by extensions ['colcon_meta']
[0.357s] Level 1:colcon.colcon_core.package_identification:_identify(data/tmp/1781255234_Newton) by extension 'colcon_meta'
[0.357s] Level 1:colcon.colcon_core.package_identification:_identify(data/tmp/1781255234_Newton) by extensions ['ros']
[0.357s] Level 1:colcon.colcon_core.package_identification:_identify(data/tmp/1781255234_Newton) by extension 'ros'
[0.358s] Level 1:colcon.colcon_core.package_identification:_identify(data/tmp/1781255234_Newton) by extensions ['cmake', 'python']
[0.358s] Level 1:colcon.colcon_core.package_identification:_identify(data/tmp/1781255234_Newton) by extension 'cmake'
[0.358s] Level 1:colcon.colcon_core.package_identification:_identify(data/tmp/1781255234_Newton) by extension 'python'
[0.358s] Level 1:colcon.colcon_core.package_identification:_identify(data/tmp/1781255234_Newton) by extensions ['python_setup_py']
[0.358s] Level 1:colcon.colcon_core.package_identification:_identify(data/tmp/1781255234_Newton) by extension 'python_setup_py'
[0.358s] Level 1:colcon.colcon_core.package_identification:_identify(data/tmp/1781255366_CG) by extensions ['ignore', 'ignore_ament_install']
[0.358s] Level 1:colcon.colcon_core.package_identification:_identify(data/tmp/1781255366_CG) by extension 'ignore'
[0.358s] Level 1:colcon.colcon_core.package_identification:_identify(data/tmp/1781255366_CG) by extension 'ignore_ament_install'
[0.358s] Level 1:colcon.colcon_core.package_identification:_identify(data/tmp/1781255366_CG) by extensions ['colcon_pkg']
[0.358s] Level 1:colcon.colcon_core.package_identification:_identify(data/tmp/1781255366_CG) by extension 'colcon_pkg'
[0.358s] Level 1:colcon.colcon_core.package_identification:_identify(data/tmp/1781255366_CG) by extensions ['colcon_meta']
[0.358s] Level 1:colcon.colcon_core.package_identification:_identify(data/tmp/1781255366_CG) by extension 'colcon_meta'
[0.358s] Level 1:colcon.colcon_core.package_identification:_identify(data/tmp/1781255366_CG) by extensions ['ros']
[0.358s] Level 1:colcon.colcon_core.package_identification:_identify(data/tmp/1781255366_CG) by extension 'ros'
[0.358s] Level 1:colcon.colcon_core.package_identification:_identify(data/tmp/1781255366_CG) by extensions ['cmake', 'python']
[0.358s] Level 1:colcon.colcon_core.package_identification:_identify(data/tmp/1781255366_CG) by extension 'cmake'
[0.358s] Level 1:colcon.colcon_core.package_identification:_identify(data/tmp/1781255366_CG) by extension 'python'
[0.358s] Level 1:colcon.colcon_core.package_identification:_identify(data/tmp/1781255366_CG) by extensions ['python_setup_py']
[0.358s] Level 1:colcon.colcon_core.package_identification:_identify(data/tmp/1781255366_CG) by extension 'python_setup_py'
[0.358s] Level 1:colcon.colcon_core.package_identification:_identify(data/tmp/1781255414_CG) by extensions ['ignore', 'ignore_ament_install']
[0.358s] Level 1:colcon.colcon_core.package_identification:_identify(data/tmp/1781255414_CG) by extension 'ignore'
[0.358s] Level 1:colcon.colcon_core.package_identification:_identify(data/tmp/1781255414_CG) by extension 'ignore_ament_install'
[0.358s] Level 1:colcon.colcon_core.package_identification:_identify(data/tmp/1781255414_CG) by extensions ['colcon_pkg']
[0.358s] Level 1:colcon.colcon_core.package_identification:_identify(data/tmp/1781255414_CG) by extension 'colcon_pkg'
[0.358s] Level 1:colcon.colcon_core.package_identification:_identify(data/tmp/1781255414_CG) by extensions ['colcon_meta']
[0.358s] Level 1:colcon.colcon_core.package_identification:_identify(data/tmp/1781255414_CG) by extension 'colcon_meta'
[0.358s] Level 1:colcon.colcon_core.package_identification:_identify(data/tmp/1781255414_CG) by extensions ['ros']
[0.358s] Level 1:colcon.colcon_core.package_identification:_identify(data/tmp/1781255414_CG) by extension 'ros'
[0.359s] Level 1:colcon.colcon_core.package_identification:_identify(data/tmp/1781255414_CG) by extensions ['cmake', 'python']
[0.359s] Level 1:colcon.colcon_core.package_identification:_identify(data/tmp/1781255414_CG) by extension 'cmake'
[0.359s] Level 1:colcon.colcon_core.package_identification:_identify(data/tmp/1781255414_CG) by extension 'python'
[0.359s] Level 1:colcon.colcon_core.package_identification:_identify(data/tmp/1781255414_CG) by extensions ['python_setup_py']
[0.359s] Level 1:colcon.colcon_core.package_identification:_identify(data/tmp/1781255414_CG) by extension 'python_setup_py'
[0.359s] Level 1:colcon.colcon_core.package_identification:_identify(data/tmp/1781256125_CG) by extensions ['ignore', 'ignore_ament_install']
[0.359s] Level 1:colcon.colcon_core.package_identification:_identify(data/tmp/1781256125_CG) by extension 'ignore'
[0.359s] Level 1:colcon.colcon_core.package_identification:_identify(data/tmp/1781256125_CG) by extension 'ignore_ament_install'
[0.359s] Level 1:colcon.colcon_core.package_identification:_identify(data/tmp/1781256125_CG) by extensions ['colcon_pkg']
[0.359s] Level 1:colcon.colcon_core.package_identification:_identify(data/tmp/1781256125_CG) by extension 'colcon_pkg'
[0.359s] Level 1:colcon.colcon_core.package_identification:_identify(data/tmp/1781256125_CG) by extensions ['colcon_meta']
[0.359s] Level 1:colcon.colcon_core.package_identification:_identify(data/tmp/1781256125_CG) by extension 'colcon_meta'
[0.359s] Level 1:colcon.colcon_core.package_identification:_identify(data/tmp/1781256125_CG) by extensions ['ros']
[0.359s] Level 1:colcon.colcon_core.package_identification:_identify(data/tmp/1781256125_CG) by extension 'ros'
[0.359s] Level 1:colcon.colcon_core.package_identification:_identify(data/tmp/1781256125_CG) by extensions ['cmake', 'python']
[0.359s] Level 1:colcon.colcon_core.package_identification:_identify(data/tmp/1781256125_CG) by extension 'cmake'
[0.359s] Level 1:colcon.colcon_core.package_identification:_identify(data/tmp/1781256125_CG) by extension 'python'
[0.359s] Level 1:colcon.colcon_core.package_identification:_identify(data/tmp/1781256125_CG) by extensions ['python_setup_py']
[0.359s] Level 1:colcon.colcon_core.package_identification:_identify(data/tmp/1781256125_CG) by extension 'python_setup_py'
[0.359s] Level 1:colcon.colcon_core.package_identification:_identify(data/tmp/1781256450_CG) by extensions ['ignore', 'ignore_ament_install']
[0.359s] Level 1:colcon.colcon_core.package_identification:_identify(data/tmp/1781256450_CG) by extension 'ignore'
[0.359s] Level 1:colcon.colcon_core.package_identification:_identify(data/tmp/1781256450_CG) by extension 'ignore_ament_install'
[0.359s] Level 1:colcon.colcon_core.package_identification:_identify(data/tmp/1781256450_CG) by extensions ['colcon_pkg']
[0.359s] Level 1:colcon.colcon_core.package_identification:_identify(data/tmp/1781256450_CG) by extension 'colcon_pkg'
[0.359s] Level 1:colcon.colcon_core.package_identification:_identify(data/tmp/1781256450_CG) by extensions ['colcon_meta']
[0.359s] Level 1:colcon.colcon_core.package_identification:_identify(data/tmp/1781256450_CG) by extension 'colcon_meta'
[0.359s] Level 1:colcon.colcon_core.package_identification:_identify(data/tmp/1781256450_CG) by extensions ['ros']
[0.359s] Level 1:colcon.colcon_core.package_identification:_identify(data/tmp/1781256450_CG) by extension 'ros'
[0.360s] Level 1:colcon.colcon_core.package_identification:_identify(data/tmp/1781256450_CG) by extensions ['cmake', 'python']
[0.360s] Level 1:colcon.colcon_core.package_identification:_identify(data/tmp/1781256450_CG) by extension 'cmake'
[0.360s] Level 1:colcon.colcon_core.package_identification:_identify(data/tmp/1781256450_CG) by extension 'python'
[0.360s] Level 1:colcon.colcon_core.package_identification:_identify(data/tmp/1781256450_CG) by extensions ['python_setup_py']
[0.360s] Level 1:colcon.colcon_core.package_identification:_identify(data/tmp/1781256450_CG) by extension 'python_setup_py'
[0.360s] Level 1:colcon.colcon_core.package_identification:_identify(data/tmp/1781256476_CG) by extensions ['ignore', 'ignore_ament_install']
[0.360s] Level 1:colcon.colcon_core.package_identification:_identify(data/tmp/1781256476_CG) by extension 'ignore'
[0.360s] Level 1:colcon.colcon_core.package_identification:_identify(data/tmp/1781256476_CG) by extension 'ignore_ament_install'
[0.360s] Level 1:colcon.colcon_core.package_identification:_identify(data/tmp/1781256476_CG) by extensions ['colcon_pkg']
[0.360s] Level 1:colcon.colcon_core.package_identification:_identify(data/tmp/1781256476_CG) by extension 'colcon_pkg'
[0.360s] Level 1:colcon.colcon_core.package_identification:_identify(data/tmp/1781256476_CG) by extensions ['colcon_meta']
[0.360s] Level 1:colcon.colcon_core.package_identification:_identify(data/tmp/1781256476_CG) by extension 'colcon_meta'
[0.360s] Level 1:colcon.colcon_core.package_identification:_identify(data/tmp/1781256476_CG) by extensions ['ros']
[0.360s] Level 1:colcon.colcon_core.package_identification:_identify(data/tmp/1781256476_CG) by extension 'ros'
[0.360s] Level 1:colcon.colcon_core.package_identification:_identify(data/tmp/1781256476_CG) by extensions ['cmake', 'python']
[0.360s] Level 1:colcon.colcon_core.package_identification:_identify(data/tmp/1781256476_CG) by extension 'cmake'
[0.360s] Level 1:colcon.colcon_core.package_identification:_identify(data/tmp/1781256476_CG) by extension 'python'
[0.360s] Level 1:colcon.colcon_core.package_identification:_identify(data/tmp/1781256476_CG) by extensions ['python_setup_py']
[0.360s] Level 1:colcon.colcon_core.package_identification:_identify(data/tmp/1781256476_CG) by extension 'python_setup_py'
[0.360s] Level 1:colcon.colcon_core.package_identification:_identify(data/tmp/1781256535_CG) by extensions ['ignore', 'ignore_ament_install']
[0.360s] Level 1:colcon.colcon_core.package_identification:_identify(data/tmp/1781256535_CG) by extension 'ignore'
[0.360s] Level 1:colcon.colcon_core.package_identification:_identify(data/tmp/1781256535_CG) by extension 'ignore_ament_install'
[0.360s] Level 1:colcon.colcon_core.package_identification:_identify(data/tmp/1781256535_CG) by extensions ['colcon_pkg']
[0.360s] Level 1:colcon.colcon_core.package_identification:_identify(data/tmp/1781256535_CG) by extension 'colcon_pkg'
[0.360s] Level 1:colcon.colcon_core.package_identification:_identify(data/tmp/1781256535_CG) by extensions ['colcon_meta']
[0.360s] Level 1:colcon.colcon_core.package_identification:_identify(data/tmp/1781256535_CG) by extension 'colcon_meta'
[0.360s] Level 1:colcon.colcon_core.package_identification:_identify(data/tmp/1781256535_CG) by extensions ['ros']
[0.360s] Level 1:colcon.colcon_core.package_identification:_identify(data/tmp/1781256535_CG) by extension 'ros'
[0.361s] Level 1:colcon.colcon_core.package_identification:_identify(data/tmp/1781256535_CG) by extensions ['cmake', 'python']
[0.361s] Level 1:colcon.colcon_core.package_identification:_identify(data/tmp/1781256535_CG) by extension 'cmake'
[0.361s] Level 1:colcon.colcon_core.package_identification:_identify(data/tmp/1781256535_CG) by extension 'python'
[0.361s] Level 1:colcon.colcon_core.package_identification:_identify(data/tmp/1781256535_CG) by extensions ['python_setup_py']
[0.361s] Level 1:colcon.colcon_core.package_identification:_identify(data/tmp/1781256535_CG) by extension 'python_setup_py'
[0.361s] Level 1:colcon.colcon_core.package_identification:_identify(data/tmp/1781256727_CG) by extensions ['ignore', 'ignore_ament_install']
[0.361s] Level 1:colcon.colcon_core.package_identification:_identify(data/tmp/1781256727_CG) by extension 'ignore'
[0.361s] Level 1:colcon.colcon_core.package_identification:_identify(data/tmp/1781256727_CG) by extension 'ignore_ament_install'
[0.361s] Level 1:colcon.colcon_core.package_identification:_identify(data/tmp/1781256727_CG) by extensions ['colcon_pkg']
[0.361s] Level 1:colcon.colcon_core.package_identification:_identify(data/tmp/1781256727_CG) by extension 'colcon_pkg'
[0.361s] Level 1:colcon.colcon_core.package_identification:_identify(data/tmp/1781256727_CG) by extensions ['colcon_meta']
[0.361s] Level 1:colcon.colcon_core.package_identification:_identify(data/tmp/1781256727_CG) by extension 'colcon_meta'
[0.361s] Level 1:colcon.colcon_core.package_identification:_identify(data/tmp/1781256727_CG) by extensions ['ros']
[0.361s] Level 1:colcon.colcon_core.package_identification:_identify(data/tmp/1781256727_CG) by extension 'ros'
[0.361s] Level 1:colcon.colcon_core.package_identification:_identify(data/tmp/1781256727_CG) by extensions ['cmake', 'python']
[0.361s] Level 1:colcon.colcon_core.package_identification:_identify(data/tmp/1781256727_CG) by extension 'cmake'
[0.361s] Level 1:colcon.colcon_core.package_identification:_identify(data/tmp/1781256727_CG) by extension 'python'
[0.361s] Level 1:colcon.colcon_core.package_identification:_identify(data/tmp/1781256727_CG) by extensions ['python_setup_py']
[0.361s] Level 1:colcon.colcon_core.package_identification:_identify(data/tmp/1781256727_CG) by extension 'python_setup_py'
[0.361s] Level 1:colcon.colcon_core.package_identification:_identify(data/tmp/1781256746_CG) by extensions ['ignore', 'ignore_ament_install']
[0.361s] Level 1:colcon.colcon_core.package_identification:_identify(data/tmp/1781256746_CG) by extension 'ignore'
[0.361s] Level 1:colcon.colcon_core.package_identification:_identify(data/tmp/1781256746_CG) by extension 'ignore_ament_install'
[0.361s] Level 1:colcon.colcon_core.package_identification:_identify(data/tmp/1781256746_CG) by extensions ['colcon_pkg']
[0.361s] Level 1:colcon.colcon_core.package_identification:_identify(data/tmp/1781256746_CG) by extension 'colcon_pkg'
[0.361s] Level 1:colcon.colcon_core.package_identification:_identify(data/tmp/1781256746_CG) by extensions ['colcon_meta']
[0.361s] Level 1:colcon.colcon_core.package_identification:_identify(data/tmp/1781256746_CG) by extension 'colcon_meta'
[0.361s] Level 1:colcon.colcon_core.package_identification:_identify(data/tmp/1781256746_CG) by extensions ['ros']
[0.361s] Level 1:colcon.colcon_core.package_identification:_identify(data/tmp/1781256746_CG) by extension 'ros'
[0.362s] Level 1:colcon.colcon_core.package_identification:_identify(data/tmp/1781256746_CG) by extensions ['cmake', 'python']
[0.362s] Level 1:colcon.colcon_core.package_identification:_identify(data/tmp/1781256746_CG) by extension 'cmake'
[0.362s] Level 1:colcon.colcon_core.package_identification:_identify(data/tmp/1781256746_CG) by extension 'python'
[0.362s] Level 1:colcon.colcon_core.package_identification:_identify(data/tmp/1781256746_CG) by extensions ['python_setup_py']
[0.362s] Level 1:colcon.colcon_core.package_identification:_identify(data/tmp/1781256746_CG) by extension 'python_setup_py'
[0.362s] Level 1:colcon.colcon_core.package_identification:_identify(data/tmp/1781256825_CG) by extensions ['ignore', 'ignore_ament_install']
[0.362s] Level 1:colcon.colcon_core.package_identification:_identify(data/tmp/1781256825_CG) by extension 'ignore'
[0.362s] Level 1:colcon.colcon_core.package_identification:_identify(data/tmp/1781256825_CG) by extension 'ignore_ament_install'
[0.362s] Level 1:colcon.colcon_core.package_identification:_identify(data/tmp/1781256825_CG) by extensions ['colcon_pkg']
[0.362s] Level 1:colcon.colcon_core.package_identification:_identify(data/tmp/1781256825_CG) by extension 'colcon_pkg'
[0.362s] Level 1:colcon.colcon_core.package_identification:_identify(data/tmp/1781256825_CG) by extensions ['colcon_meta']
[0.362s] Level 1:colcon.colcon_core.package_identification:_identify(data/tmp/1781256825_CG) by extension 'colcon_meta'
[0.362s] Level 1:colcon.colcon_core.package_identification:_identify(data/tmp/1781256825_CG) by extensions ['ros']
[0.362s] Level 1:colcon.colcon_core.package_identification:_identify(data/tmp/1781256825_CG) by extension 'ros'
[0.362s] Level 1:colcon.colcon_core.package_identification:_identify(data/tmp/1781256825_CG) by extensions ['cmake', 'python']
[0.362s] Level 1:colcon.colcon_core.package_identification:_identify(data/tmp/1781256825_CG) by extension 'cmake'
[0.362s] Level 1:colcon.colcon_core.package_identification:_identify(data/tmp/1781256825_CG) by extension 'python'
[0.362s] Level 1:colcon.colcon_core.package_identification:_identify(data/tmp/1781256825_CG) by extensions ['python_setup_py']
[0.362s] Level 1:colcon.colcon_core.package_identification:_identify(data/tmp/1781256825_CG) by extension 'python_setup_py'
[0.362s] Level 1:colcon.colcon_core.package_identification:_identify(data/tmp/1781256852_CG) by extensions ['ignore', 'ignore_ament_install']
[0.362s] Level 1:colcon.colcon_core.package_identification:_identify(data/tmp/1781256852_CG) by extension 'ignore'
[0.362s] Level 1:colcon.colcon_core.package_identification:_identify(data/tmp/1781256852_CG) by extension 'ignore_ament_install'
[0.362s] Level 1:colcon.colcon_core.package_identification:_identify(data/tmp/1781256852_CG) by extensions ['colcon_pkg']
[0.362s] Level 1:colcon.colcon_core.package_identification:_identify(data/tmp/1781256852_CG) by extension 'colcon_pkg'
[0.362s] Level 1:colcon.colcon_core.package_identification:_identify(data/tmp/1781256852_CG) by extensions ['colcon_meta']
[0.362s] Level 1:colcon.colcon_core.package_identification:_identify(data/tmp/1781256852_CG) by extension 'colcon_meta'
[0.362s] Level 1:colcon.colcon_core.package_identification:_identify(data/tmp/1781256852_CG) by extensions ['ros']
[0.362s] Level 1:colcon.colcon_core.package_identification:_identify(data/tmp/1781256852_CG) by extension 'ros'
[0.362s] Level 1:colcon.colcon_core.package_identification:_identify(data/tmp/1781256852_CG) by extensions ['cmake', 'python']
[0.363s] Level 1:colcon.colcon_core.package_identification:_identify(data/tmp/1781256852_CG) by extension 'cmake'
[0.363s] Level 1:colcon.colcon_core.package_identification:_identify(data/tmp/1781256852_CG) by extension 'python'
[0.363s] Level 1:colcon.colcon_core.package_identification:_identify(data/tmp/1781256852_CG) by extensions ['python_setup_py']
[0.363s] Level 1:colcon.colcon_core.package_identification:_identify(data/tmp/1781256852_CG) by extension 'python_setup_py'
[0.363s] Level 1:colcon.colcon_core.package_identification:_identify(data/tmp/1781257170_CG) by extensions ['ignore', 'ignore_ament_install']
[0.363s] Level 1:colcon.colcon_core.package_identification:_identify(data/tmp/1781257170_CG) by extension 'ignore'
[0.363s] Level 1:colcon.colcon_core.package_identification:_identify(data/tmp/1781257170_CG) by extension 'ignore_ament_install'
[0.363s] Level 1:colcon.colcon_core.package_identification:_identify(data/tmp/1781257170_CG) by extensions ['colcon_pkg']
[0.363s] Level 1:colcon.colcon_core.package_identification:_identify(data/tmp/1781257170_CG) by extension 'colcon_pkg'
[0.363s] Level 1:colcon.colcon_core.package_identification:_identify(data/tmp/1781257170_CG) by extensions ['colcon_meta']
[0.363s] Level 1:colcon.colcon_core.package_identification:_identify(data/tmp/1781257170_CG) by extension 'colcon_meta'
[0.363s] Level 1:colcon.colcon_core.package_identification:_identify(data/tmp/1781257170_CG) by extensions ['ros']
[0.363s] Level 1:colcon.colcon_core.package_identification:_identify(data/tmp/1781257170_CG) by extension 'ros'
[0.363s] Level 1:colcon.colcon_core.package_identification:_identify(data/tmp/1781257170_CG) by extensions ['cmake', 'python']
[0.363s] Level 1:colcon.colcon_core.package_identification:_identify(data/tmp/1781257170_CG) by extension 'cmake'
[0.363s] Level 1:colcon.colcon_core.package_identification:_identify(data/tmp/1781257170_CG) by extension 'python'
[0.363s] Level 1:colcon.colcon_core.package_identification:_identify(data/tmp/1781257170_CG) by extensions ['python_setup_py']
[0.363s] Level 1:colcon.colcon_core.package_identification:_identify(data/tmp/1781257170_CG) by extension 'python_setup_py'
[0.363s] Level 1:colcon.colcon_core.package_identification:_identify(data/tmp/1781257240_CG) by extensions ['ignore', 'ignore_ament_install']
[0.363s] Level 1:colcon.colcon_core.package_identification:_identify(data/tmp/1781257240_CG) by extension 'ignore'
[0.363s] Level 1:colcon.colcon_core.package_identification:_identify(data/tmp/1781257240_CG) by extension 'ignore_ament_install'
[0.363s] Level 1:colcon.colcon_core.package_identification:_identify(data/tmp/1781257240_CG) by extensions ['colcon_pkg']
[0.363s] Level 1:colcon.colcon_core.package_identification:_identify(data/tmp/1781257240_CG) by extension 'colcon_pkg'
[0.363s] Level 1:colcon.colcon_core.package_identification:_identify(data/tmp/1781257240_CG) by extensions ['colcon_meta']
[0.363s] Level 1:colcon.colcon_core.package_identification:_identify(data/tmp/1781257240_CG) by extension 'colcon_meta'
[0.363s] Level 1:colcon.colcon_core.package_identification:_identify(data/tmp/1781257240_CG) by extensions ['ros']
[0.363s] Level 1:colcon.colcon_core.package_identification:_identify(data/tmp/1781257240_CG) by extension 'ros'
[0.363s] Level 1:colcon.colcon_core.package_identification:_identify(data/tmp/1781257240_CG) by extensions ['cmake', 'python']
[0.363s] Level 1:colcon.colcon_core.package_identification:_identify(data/tmp/1781257240_CG) by extension 'cmake'
[0.364s] Level 1:colcon.colcon_core.package_identification:_identify(data/tmp/1781257240_CG) by extension 'python'
[0.364s] Level 1:colcon.colcon_core.package_identification:_identify(data/tmp/1781257240_CG) by extensions ['python_setup_py']
[0.364s] Level 1:colcon.colcon_core.package_identification:_identify(data/tmp/1781257240_CG) by extension 'python_setup_py'
[0.364s] Level 1:colcon.colcon_core.package_identification:_identify(data/tmp/1781257299_CG) by extensions ['ignore', 'ignore_ament_install']
[0.364s] Level 1:colcon.colcon_core.package_identification:_identify(data/tmp/1781257299_CG) by extension 'ignore'
[0.364s] Level 1:colcon.colcon_core.package_identification:_identify(data/tmp/1781257299_CG) by extension 'ignore_ament_install'
[0.364s] Level 1:colcon.colcon_core.package_identification:_identify(data/tmp/1781257299_CG) by extensions ['colcon_pkg']
[0.364s] Level 1:colcon.colcon_core.package_identification:_identify(data/tmp/1781257299_CG) by extension 'colcon_pkg'
[0.364s] Level 1:colcon.colcon_core.package_identification:_identify(data/tmp/1781257299_CG) by extensions ['colcon_meta']
[0.364s] Level 1:colcon.colcon_core.package_identification:_identify(data/tmp/1781257299_CG) by extension 'colcon_meta'
[0.364s] Level 1:colcon.colcon_core.package_identification:_identify(data/tmp/1781257299_CG) by extensions ['ros']
[0.364s] Level 1:colcon.colcon_core.package_identification:_identify(data/tmp/1781257299_CG) by extension 'ros'
[0.364s] Level 1:colcon.colcon_core.package_identification:_identify(data/tmp/1781257299_CG) by extensions ['cmake', 'python']
[0.364s] Level 1:colcon.colcon_core.package_identification:_identify(data/tmp/1781257299_CG) by extension 'cmake'
[0.364s] Level 1:colcon.colcon_core.package_identification:_identify(data/tmp/1781257299_CG) by extension 'python'
[0.364s] Level 1:colcon.colcon_core.package_identification:_identify(data/tmp/1781257299_CG) by extensions ['python_setup_py']
[0.364s] Level 1:colcon.colcon_core.package_identification:_identify(data/tmp/1781257299_CG) by extension 'python_setup_py'
[0.364s] Level 1:colcon.colcon_core.package_identification:_identify(data/tmp/1781257412_CG) by extensions ['ignore', 'ignore_ament_install']
[0.364s] Level 1:colcon.colcon_core.package_identification:_identify(data/tmp/1781257412_CG) by extension 'ignore'
[0.364s] Level 1:colcon.colcon_core.package_identification:_identify(data/tmp/1781257412_CG) by extension 'ignore_ament_install'
[0.364s] Level 1:colcon.colcon_core.package_identification:_identify(data/tmp/1781257412_CG) by extensions ['colcon_pkg']
[0.364s] Level 1:colcon.colcon_core.package_identification:_identify(data/tmp/1781257412_CG) by extension 'colcon_pkg'
[0.364s] Level 1:colcon.colcon_core.package_identification:_identify(data/tmp/1781257412_CG) by extensions ['colcon_meta']
[0.364s] Level 1:colcon.colcon_core.package_identification:_identify(data/tmp/1781257412_CG) by extension 'colcon_meta'
[0.364s] Level 1:colcon.colcon_core.package_identification:_identify(data/tmp/1781257412_CG) by extensions ['ros']
[0.364s] Level 1:colcon.colcon_core.package_identification:_identify(data/tmp/1781257412_CG) by extension 'ros'
[0.365s] Level 1:colcon.colcon_core.package_identification:_identify(data/tmp/1781257412_CG) by extensions ['cmake', 'python']
[0.365s] Level 1:colcon.colcon_core.package_identification:_identify(data/tmp/1781257412_CG) by extension 'cmake'
[0.365s] Level 1:colcon.colcon_core.package_identification:_identify(data/tmp/1781257412_CG) by extension 'python'
[0.365s] Level 1:colcon.colcon_core.package_identification:_identify(data/tmp/1781257412_CG) by extensions ['python_setup_py']
[0.365s] Level 1:colcon.colcon_core.package_identification:_identify(data/tmp/1781257412_CG) by extension 'python_setup_py'
[0.365s] Level 1:colcon.colcon_core.package_identification:_identify(data/tmp/1781257423_CG) by extensions ['ignore', 'ignore_ament_install']
[0.365s] Level 1:colcon.colcon_core.package_identification:_identify(data/tmp/1781257423_CG) by extension 'ignore'
[0.365s] Level 1:colcon.colcon_core.package_identification:_identify(data/tmp/1781257423_CG) by extension 'ignore_ament_install'
[0.365s] Level 1:colcon.colcon_core.package_identification:_identify(data/tmp/1781257423_CG) by extensions ['colcon_pkg']
[0.365s] Level 1:colcon.colcon_core.package_identification:_identify(data/tmp/1781257423_CG) by extension 'colcon_pkg'
[0.365s] Level 1:colcon.colcon_core.package_identification:_identify(data/tmp/1781257423_CG) by extensions ['colcon_meta']
[0.365s] Level 1:colcon.colcon_core.package_identification:_identify(data/tmp/1781257423_CG) by extension 'colcon_meta'
[0.365s] Level 1:colcon.colcon_core.package_identification:_identify(data/tmp/1781257423_CG) by extensions ['ros']
[0.365s] Level 1:colcon.colcon_core.package_identification:_identify(data/tmp/1781257423_CG) by extension 'ros'
[0.365s] Level 1:colcon.colcon_core.package_identification:_identify(data/tmp/1781257423_CG) by extensions ['cmake', 'python']
[0.365s] Level 1:colcon.colcon_core.package_identification:_identify(data/tmp/1781257423_CG) by extension 'cmake'
[0.365s] Level 1:colcon.colcon_core.package_identification:_identify(data/tmp/1781257423_CG) by extension 'python'
[0.365s] Level 1:colcon.colcon_core.package_identification:_identify(data/tmp/1781257423_CG) by extensions ['python_setup_py']
[0.365s] Level 1:colcon.colcon_core.package_identification:_identify(data/tmp/1781257423_CG) by extension 'python_setup_py'
[0.365s] Level 1:colcon.colcon_core.package_identification:_identify(data/tmp/1781257495_CG) by extensions ['ignore', 'ignore_ament_install']
[0.365s] Level 1:colcon.colcon_core.package_identification:_identify(data/tmp/1781257495_CG) by extension 'ignore'
[0.365s] Level 1:colcon.colcon_core.package_identification:_identify(data/tmp/1781257495_CG) by extension 'ignore_ament_install'
[0.365s] Level 1:colcon.colcon_core.package_identification:_identify(data/tmp/1781257495_CG) by extensions ['colcon_pkg']
[0.365s] Level 1:colcon.colcon_core.package_identification:_identify(data/tmp/1781257495_CG) by extension 'colcon_pkg'
[0.365s] Level 1:colcon.colcon_core.package_identification:_identify(data/tmp/1781257495_CG) by extensions ['colcon_meta']
[0.365s] Level 1:colcon.colcon_core.package_identification:_identify(data/tmp/1781257495_CG) by extension 'colcon_meta'
[0.365s] Level 1:colcon.colcon_core.package_identification:_identify(data/tmp/1781257495_CG) by extensions ['ros']
[0.365s] Level 1:colcon.colcon_core.package_identification:_identify(data/tmp/1781257495_CG) by extension 'ros'
[0.365s] Level 1:colcon.colcon_core.package_identification:_identify(data/tmp/1781257495_CG) by extensions ['cmake', 'python']
[0.366s] Level 1:colcon.colcon_core.package_identification:_identify(data/tmp/1781257495_CG) by extension 'cmake'
[0.366s] Level 1:colcon.colcon_core.package_identification:_identify(data/tmp/1781257495_CG) by extension 'python'
[0.366s] Level 1:colcon.colcon_core.package_identification:_identify(data/tmp/1781257495_CG) by extensions ['python_setup_py']
[0.366s] Level 1:colcon.colcon_core.package_identification:_identify(data/tmp/1781257495_CG) by extension 'python_setup_py'
[0.366s] Level 1:colcon.colcon_core.package_identification:_identify(data/tmp/1781257513_CG) by extensions ['ignore', 'ignore_ament_install']
[0.366s] Level 1:colcon.colcon_core.package_identification:_identify(data/tmp/1781257513_CG) by extension 'ignore'
[0.366s] Level 1:colcon.colcon_core.package_identification:_identify(data/tmp/1781257513_CG) by extension 'ignore_ament_install'
[0.366s] Level 1:colcon.colcon_core.package_identification:_identify(data/tmp/1781257513_CG) by extensions ['colcon_pkg']
[0.366s] Level 1:colcon.colcon_core.package_identification:_identify(data/tmp/1781257513_CG) by extension 'colcon_pkg'
[0.366s] Level 1:colcon.colcon_core.package_identification:_identify(data/tmp/1781257513_CG) by extensions ['colcon_meta']
[0.366s] Level 1:colcon.colcon_core.package_identification:_identify(data/tmp/1781257513_CG) by extension 'colcon_meta'
[0.366s] Level 1:colcon.colcon_core.package_identification:_identify(data/tmp/1781257513_CG) by extensions ['ros']
[0.366s] Level 1:colcon.colcon_core.package_identification:_identify(data/tmp/1781257513_CG) by extension 'ros'
[0.366s] Level 1:colcon.colcon_core.package_identification:_identify(data/tmp/1781257513_CG) by extensions ['cmake', 'python']
[0.366s] Level 1:colcon.colcon_core.package_identification:_identify(data/tmp/1781257513_CG) by extension 'cmake'
[0.366s] Level 1:colcon.colcon_core.package_identification:_identify(data/tmp/1781257513_CG) by extension 'python'
[0.366s] Level 1:colcon.colcon_core.package_identification:_identify(data/tmp/1781257513_CG) by extensions ['python_setup_py']
[0.366s] Level 1:colcon.colcon_core.package_identification:_identify(data/tmp/1781257513_CG) by extension 'python_setup_py'
[0.366s] Level 1:colcon.colcon_core.package_identification:_identify(data/tmp/1781257528_CG) by extensions ['ignore', 'ignore_ament_install']
[0.366s] Level 1:colcon.colcon_core.package_identification:_identify(data/tmp/1781257528_CG) by extension 'ignore'
[0.366s] Level 1:colcon.colcon_core.package_identification:_identify(data/tmp/1781257528_CG) by extension 'ignore_ament_install'
[0.366s] Level 1:colcon.colcon_core.package_identification:_identify(data/tmp/1781257528_CG) by extensions ['colcon_pkg']
[0.366s] Level 1:colcon.colcon_core.package_identification:_identify(data/tmp/1781257528_CG) by extension 'colcon_pkg'
[0.366s] Level 1:colcon.colcon_core.package_identification:_identify(data/tmp/1781257528_CG) by extensions ['colcon_meta']
[0.366s] Level 1:colcon.colcon_core.package_identification:_identify(data/tmp/1781257528_CG) by extension 'colcon_meta'
[0.366s] Level 1:colcon.colcon_core.package_identification:_identify(data/tmp/1781257528_CG) by extensions ['ros']
[0.366s] Level 1:colcon.colcon_core.package_identification:_identify(data/tmp/1781257528_CG) by extension 'ros'
[0.366s] Level 1:colcon.colcon_core.package_identification:_identify(data/tmp/1781257528_CG) by extensions ['cmake', 'python']
[0.366s] Level 1:colcon.colcon_core.package_identification:_identify(data/tmp/1781257528_CG) by extension 'cmake'
[0.367s] Level 1:colcon.colcon_core.package_identification:_identify(data/tmp/1781257528_CG) by extension 'python'
[0.367s] Level 1:colcon.colcon_core.package_identification:_identify(data/tmp/1781257528_CG) by extensions ['python_setup_py']
[0.367s] Level 1:colcon.colcon_core.package_identification:_identify(data/tmp/1781257528_CG) by extension 'python_setup_py'
[0.367s] Level 1:colcon.colcon_core.package_identification:_identify(data/tmp/1781257550_CG) by extensions ['ignore', 'ignore_ament_install']
[0.367s] Level 1:colcon.colcon_core.package_identification:_identify(data/tmp/1781257550_CG) by extension 'ignore'
[0.367s] Level 1:colcon.colcon_core.package_identification:_identify(data/tmp/1781257550_CG) by extension 'ignore_ament_install'
[0.367s] Level 1:colcon.colcon_core.package_identification:_identify(data/tmp/1781257550_CG) by extensions ['colcon_pkg']
[0.367s] Level 1:colcon.colcon_core.package_identification:_identify(data/tmp/1781257550_CG) by extension 'colcon_pkg'
[0.367s] Level 1:colcon.colcon_core.package_identification:_identify(data/tmp/1781257550_CG) by extensions ['colcon_meta']
[0.367s] Level 1:colcon.colcon_core.package_identification:_identify(data/tmp/1781257550_CG) by extension 'colcon_meta'
[0.367s] Level 1:colcon.colcon_core.package_identification:_identify(data/tmp/1781257550_CG) by extensions ['ros']
[0.367s] Level 1:colcon.colcon_core.package_identification:_identify(data/tmp/1781257550_CG) by extension 'ros'
[0.367s] Level 1:colcon.colcon_core.package_identification:_identify(data/tmp/1781257550_CG) by extensions ['cmake', 'python']
[0.367s] Level 1:colcon.colcon_core.package_identification:_identify(data/tmp/1781257550_CG) by extension 'cmake'
[0.367s] Level 1:colcon.colcon_core.package_identification:_identify(data/tmp/1781257550_CG) by extension 'python'
[0.367s] Level 1:colcon.colcon_core.package_identification:_identify(data/tmp/1781257550_CG) by extensions ['python_setup_py']
[0.367s] Level 1:colcon.colcon_core.package_identification:_identify(data/tmp/1781257550_CG) by extension 'python_setup_py'
[0.367s] Level 1:colcon.colcon_core.package_identification:_identify(data/tmp/1781257564_CG) by extensions ['ignore', 'ignore_ament_install']
[0.367s] Level 1:colcon.colcon_core.package_identification:_identify(data/tmp/1781257564_CG) by extension 'ignore'
[0.367s] Level 1:colcon.colcon_core.package_identification:_identify(data/tmp/1781257564_CG) by extension 'ignore_ament_install'
[0.367s] Level 1:colcon.colcon_core.package_identification:_identify(data/tmp/1781257564_CG) by extensions ['colcon_pkg']
[0.367s] Level 1:colcon.colcon_core.package_identification:_identify(data/tmp/1781257564_CG) by extension 'colcon_pkg'
[0.367s] Level 1:colcon.colcon_core.package_identification:_identify(data/tmp/1781257564_CG) by extensions ['colcon_meta']
[0.367s] Level 1:colcon.colcon_core.package_identification:_identify(data/tmp/1781257564_CG) by extension 'colcon_meta'
[0.367s] Level 1:colcon.colcon_core.package_identification:_identify(data/tmp/1781257564_CG) by extensions ['ros']
[0.367s] Level 1:colcon.colcon_core.package_identification:_identify(data/tmp/1781257564_CG) by extension 'ros'
[0.367s] Level 1:colcon.colcon_core.package_identification:_identify(data/tmp/1781257564_CG) by extensions ['cmake', 'python']
[0.367s] Level 1:colcon.colcon_core.package_identification:_identify(data/tmp/1781257564_CG) by extension 'cmake'
[0.367s] Level 1:colcon.colcon_core.package_identification:_identify(data/tmp/1781257564_CG) by extension 'python'
[0.368s] Level 1:colcon.colcon_core.package_identification:_identify(data/tmp/1781257564_CG) by extensions ['python_setup_py']
[0.368s] Level 1:colcon.colcon_core.package_identification:_identify(data/tmp/1781257564_CG) by extension 'python_setup_py'
[0.368s] Level 1:colcon.colcon_core.package_identification:_identify(data/tmp/1781257577_CG) by extensions ['ignore', 'ignore_ament_install']
[0.368s] Level 1:colcon.colcon_core.package_identification:_identify(data/tmp/1781257577_CG) by extension 'ignore'
[0.368s] Level 1:colcon.colcon_core.package_identification:_identify(data/tmp/1781257577_CG) by extension 'ignore_ament_install'
[0.368s] Level 1:colcon.colcon_core.package_identification:_identify(data/tmp/1781257577_CG) by extensions ['colcon_pkg']
[0.368s] Level 1:colcon.colcon_core.package_identification:_identify(data/tmp/1781257577_CG) by extension 'colcon_pkg'
[0.368s] Level 1:colcon.colcon_core.package_identification:_identify(data/tmp/1781257577_CG) by extensions ['colcon_meta']
[0.368s] Level 1:colcon.colcon_core.package_identification:_identify(data/tmp/1781257577_CG) by extension 'colcon_meta'
[0.368s] Level 1:colcon.colcon_core.package_identification:_identify(data/tmp/1781257577_CG) by extensions ['ros']
[0.368s] Level 1:colcon.colcon_core.package_identification:_identify(data/tmp/1781257577_CG) by extension 'ros'
[0.368s] Level 1:colcon.colcon_core.package_identification:_identify(data/tmp/1781257577_CG) by extensions ['cmake', 'python']
[0.368s] Level 1:colcon.colcon_core.package_identification:_identify(data/tmp/1781257577_CG) by extension 'cmake'
[0.368s] Level 1:colcon.colcon_core.package_identification:_identify(data/tmp/1781257577_CG) by extension 'python'
[0.368s] Level 1:colcon.colcon_core.package_identification:_identify(data/tmp/1781257577_CG) by extensions ['python_setup_py']
[0.368s] Level 1:colcon.colcon_core.package_identification:_identify(data/tmp/1781257577_CG) by extension 'python_setup_py'
[0.368s] Level 1:colcon.colcon_core.package_identification:_identify(data/tmp/1781257589_CG) by extensions ['ignore', 'ignore_ament_install']
[0.368s] Level 1:colcon.colcon_core.package_identification:_identify(data/tmp/1781257589_CG) by extension 'ignore'
[0.368s] Level 1:colcon.colcon_core.package_identification:_identify(data/tmp/1781257589_CG) by extension 'ignore_ament_install'
[0.368s] Level 1:colcon.colcon_core.package_identification:_identify(data/tmp/1781257589_CG) by extensions ['colcon_pkg']
[0.368s] Level 1:colcon.colcon_core.package_identification:_identify(data/tmp/1781257589_CG) by extension 'colcon_pkg'
[0.368s] Level 1:colcon.colcon_core.package_identification:_identify(data/tmp/1781257589_CG) by extensions ['colcon_meta']
[0.368s] Level 1:colcon.colcon_core.package_identification:_identify(data/tmp/1781257589_CG) by extension 'colcon_meta'
[0.368s] Level 1:colcon.colcon_core.package_identification:_identify(data/tmp/1781257589_CG) by extensions ['ros']
[0.368s] Level 1:colcon.colcon_core.package_identification:_identify(data/tmp/1781257589_CG) by extension 'ros'
[0.368s] Level 1:colcon.colcon_core.package_identification:_identify(data/tmp/1781257589_CG) by extensions ['cmake', 'python']
[0.368s] Level 1:colcon.colcon_core.package_identification:_identify(data/tmp/1781257589_CG) by extension 'cmake'
[0.369s] Level 1:colcon.colcon_core.package_identification:_identify(data/tmp/1781257589_CG) by extension 'python'
[0.369s] Level 1:colcon.colcon_core.package_identification:_identify(data/tmp/1781257589_CG) by extensions ['python_setup_py']
[0.369s] Level 1:colcon.colcon_core.package_identification:_identify(data/tmp/1781257589_CG) by extension 'python_setup_py'
[0.369s] Level 1:colcon.colcon_core.package_identification:_identify(data/tmp/1781257603_CG) by extensions ['ignore', 'ignore_ament_install']
[0.369s] Level 1:colcon.colcon_core.package_identification:_identify(data/tmp/1781257603_CG) by extension 'ignore'
[0.369s] Level 1:colcon.colcon_core.package_identification:_identify(data/tmp/1781257603_CG) by extension 'ignore_ament_install'
[0.369s] Level 1:colcon.colcon_core.package_identification:_identify(data/tmp/1781257603_CG) by extensions ['colcon_pkg']
[0.369s] Level 1:colcon.colcon_core.package_identification:_identify(data/tmp/1781257603_CG) by extension 'colcon_pkg'
[0.369s] Level 1:colcon.colcon_core.package_identification:_identify(data/tmp/1781257603_CG) by extensions ['colcon_meta']
[0.369s] Level 1:colcon.colcon_core.package_identification:_identify(data/tmp/1781257603_CG) by extension 'colcon_meta'
[0.369s] Level 1:colcon.colcon_core.package_identification:_identify(data/tmp/1781257603_CG) by extensions ['ros']
[0.369s] Level 1:colcon.colcon_core.package_identification:_identify(data/tmp/1781257603_CG) by extension 'ros'
[0.369s] Level 1:colcon.colcon_core.package_identification:_identify(data/tmp/1781257603_CG) by extensions ['cmake', 'python']
[0.369s] Level 1:colcon.colcon_core.package_identification:_identify(data/tmp/1781257603_CG) by extension 'cmake'
[0.369s] Level 1:colcon.colcon_core.package_identification:_identify(data/tmp/1781257603_CG) by extension 'python'
[0.369s] Level 1:colcon.colcon_core.package_identification:_identify(data/tmp/1781257603_CG) by extensions ['python_setup_py']
[0.369s] Level 1:colcon.colcon_core.package_identification:_identify(data/tmp/1781257603_CG) by extension 'python_setup_py'
[0.369s] Level 1:colcon.colcon_core.package_identification:_identify(data/tmp/1781257613_CG) by extensions ['ignore', 'ignore_ament_install']
[0.369s] Level 1:colcon.colcon_core.package_identification:_identify(data/tmp/1781257613_CG) by extension 'ignore'
[0.369s] Level 1:colcon.colcon_core.package_identification:_identify(data/tmp/1781257613_CG) by extension 'ignore_ament_install'
[0.369s] Level 1:colcon.colcon_core.package_identification:_identify(data/tmp/1781257613_CG) by extensions ['colcon_pkg']
[0.369s] Level 1:colcon.colcon_core.package_identification:_identify(data/tmp/1781257613_CG) by extension 'colcon_pkg'
[0.369s] Level 1:colcon.colcon_core.package_identification:_identify(data/tmp/1781257613_CG) by extensions ['colcon_meta']
[0.369s] Level 1:colcon.colcon_core.package_identification:_identify(data/tmp/1781257613_CG) by extension 'colcon_meta'
[0.369s] Level 1:colcon.colcon_core.package_identification:_identify(data/tmp/1781257613_CG) by extensions ['ros']
[0.369s] Level 1:colcon.colcon_core.package_identification:_identify(data/tmp/1781257613_CG) by extension 'ros'
[0.369s] Level 1:colcon.colcon_core.package_identification:_identify(data/tmp/1781257613_CG) by extensions ['cmake', 'python']
[0.369s] Level 1:colcon.colcon_core.package_identification:_identify(data/tmp/1781257613_CG) by extension 'cmake'
[0.370s] Level 1:colcon.colcon_core.package_identification:_identify(data/tmp/1781257613_CG) by extension 'python'
[0.370s] Level 1:colcon.colcon_core.package_identification:_identify(data/tmp/1781257613_CG) by extensions ['python_setup_py']
[0.370s] Level 1:colcon.colcon_core.package_identification:_identify(data/tmp/1781257613_CG) by extension 'python_setup_py'
[0.370s] Level 1:colcon.colcon_core.package_identification:_identify(data/tmp/1781257622_CG) by extensions ['ignore', 'ignore_ament_install']
[0.370s] Level 1:colcon.colcon_core.package_identification:_identify(data/tmp/1781257622_CG) by extension 'ignore'
[0.370s] Level 1:colcon.colcon_core.package_identification:_identify(data/tmp/1781257622_CG) by extension 'ignore_ament_install'
[0.370s] Level 1:colcon.colcon_core.package_identification:_identify(data/tmp/1781257622_CG) by extensions ['colcon_pkg']
[0.370s] Level 1:colcon.colcon_core.package_identification:_identify(data/tmp/1781257622_CG) by extension 'colcon_pkg'
[0.370s] Level 1:colcon.colcon_core.package_identification:_identify(data/tmp/1781257622_CG) by extensions ['colcon_meta']
[0.370s] Level 1:colcon.colcon_core.package_identification:_identify(data/tmp/1781257622_CG) by extension 'colcon_meta'
[0.370s] Level 1:colcon.colcon_core.package_identification:_identify(data/tmp/1781257622_CG) by extensions ['ros']
[0.370s] Level 1:colcon.colcon_core.package_identification:_identify(data/tmp/1781257622_CG) by extension 'ros'
[0.370s] Level 1:colcon.colcon_core.package_identification:_identify(data/tmp/1781257622_CG) by extensions ['cmake', 'python']
[0.370s] Level 1:colcon.colcon_core.package_identification:_identify(data/tmp/1781257622_CG) by extension 'cmake'
[0.370s] Level 1:colcon.colcon_core.package_identification:_identify(data/tmp/1781257622_CG) by extension 'python'
[0.370s] Level 1:colcon.colcon_core.package_identification:_identify(data/tmp/1781257622_CG) by extensions ['python_setup_py']
[0.370s] Level 1:colcon.colcon_core.package_identification:_identify(data/tmp/1781257622_CG) by extension 'python_setup_py'
[0.370s] Level 1:colcon.colcon_core.package_identification:_identify(data/tmp/1781257673_CG) by extensions ['ignore', 'ignore_ament_install']
[0.370s] Level 1:colcon.colcon_core.package_identification:_identify(data/tmp/1781257673_CG) by extension 'ignore'
[0.370s] Level 1:colcon.colcon_core.package_identification:_identify(data/tmp/1781257673_CG) by extension 'ignore_ament_install'
[0.370s] Level 1:colcon.colcon_core.package_identification:_identify(data/tmp/1781257673_CG) by extensions ['colcon_pkg']
[0.370s] Level 1:colcon.colcon_core.package_identification:_identify(data/tmp/1781257673_CG) by extension 'colcon_pkg'
[0.370s] Level 1:colcon.colcon_core.package_identification:_identify(data/tmp/1781257673_CG) by extensions ['colcon_meta']
[0.370s] Level 1:colcon.colcon_core.package_identification:_identify(data/tmp/1781257673_CG) by extension 'colcon_meta'
[0.370s] Level 1:colcon.colcon_core.package_identification:_identify(data/tmp/1781257673_CG) by extensions ['ros']
[0.370s] Level 1:colcon.colcon_core.package_identification:_identify(data/tmp/1781257673_CG) by extension 'ros'
[0.370s] Level 1:colcon.colcon_core.package_identification:_identify(data/tmp/1781257673_CG) by extensions ['cmake', 'python']
[0.370s] Level 1:colcon.colcon_core.package_identification:_identify(data/tmp/1781257673_CG) by extension 'cmake'
[0.370s] Level 1:colcon.colcon_core.package_identification:_identify(data/tmp/1781257673_CG) by extension 'python'
[0.371s] Level 1:colcon.colcon_core.package_identification:_identify(data/tmp/1781257673_CG) by extensions ['python_setup_py']
[0.371s] Level 1:colcon.colcon_core.package_identification:_identify(data/tmp/1781257673_CG) by extension 'python_setup_py'
[0.371s] Level 1:colcon.colcon_core.package_identification:_identify(data/tmp/1781257683_CG) by extensions ['ignore', 'ignore_ament_install']
[0.371s] Level 1:colcon.colcon_core.package_identification:_identify(data/tmp/1781257683_CG) by extension 'ignore'
[0.371s] Level 1:colcon.colcon_core.package_identification:_identify(data/tmp/1781257683_CG) by extension 'ignore_ament_install'
[0.371s] Level 1:colcon.colcon_core.package_identification:_identify(data/tmp/1781257683_CG) by extensions ['colcon_pkg']
[0.371s] Level 1:colcon.colcon_core.package_identification:_identify(data/tmp/1781257683_CG) by extension 'colcon_pkg'
[0.371s] Level 1:colcon.colcon_core.package_identification:_identify(data/tmp/1781257683_CG) by extensions ['colcon_meta']
[0.371s] Level 1:colcon.colcon_core.package_identification:_identify(data/tmp/1781257683_CG) by extension 'colcon_meta'
[0.371s] Level 1:colcon.colcon_core.package_identification:_identify(data/tmp/1781257683_CG) by extensions ['ros']
[0.371s] Level 1:colcon.colcon_core.package_identification:_identify(data/tmp/1781257683_CG) by extension 'ros'
[0.371s] Level 1:colcon.colcon_core.package_identification:_identify(data/tmp/1781257683_CG) by extensions ['cmake', 'python']
[0.371s] Level 1:colcon.colcon_core.package_identification:_identify(data/tmp/1781257683_CG) by extension 'cmake'
[0.371s] Level 1:colcon.colcon_core.package_identification:_identify(data/tmp/1781257683_CG) by extension 'python'
[0.371s] Level 1:colcon.colcon_core.package_identification:_identify(data/tmp/1781257683_CG) by extensions ['python_setup_py']
[0.371s] Level 1:colcon.colcon_core.package_identification:_identify(data/tmp/1781257683_CG) by extension 'python_setup_py'
[0.371s] Level 1:colcon.colcon_core.package_identification:_identify(data/tmp/1781257809_CG) by extensions ['ignore', 'ignore_ament_install']
[0.371s] Level 1:colcon.colcon_core.package_identification:_identify(data/tmp/1781257809_CG) by extension 'ignore'
[0.371s] Level 1:colcon.colcon_core.package_identification:_identify(data/tmp/1781257809_CG) by extension 'ignore_ament_install'
[0.371s] Level 1:colcon.colcon_core.package_identification:_identify(data/tmp/1781257809_CG) by extensions ['colcon_pkg']
[0.371s] Level 1:colcon.colcon_core.package_identification:_identify(data/tmp/1781257809_CG) by extension 'colcon_pkg'
[0.371s] Level 1:colcon.colcon_core.package_identification:_identify(data/tmp/1781257809_CG) by extensions ['colcon_meta']
[0.371s] Level 1:colcon.colcon_core.package_identification:_identify(data/tmp/1781257809_CG) by extension 'colcon_meta'
[0.371s] Level 1:colcon.colcon_core.package_identification:_identify(data/tmp/1781257809_CG) by extensions ['ros']
[0.371s] Level 1:colcon.colcon_core.package_identification:_identify(data/tmp/1781257809_CG) by extension 'ros'
[0.371s] Level 1:colcon.colcon_core.package_identification:_identify(data/tmp/1781257809_CG) by extensions ['cmake', 'python']
[0.371s] Level 1:colcon.colcon_core.package_identification:_identify(data/tmp/1781257809_CG) by extension 'cmake'
[0.371s] Level 1:colcon.colcon_core.package_identification:_identify(data/tmp/1781257809_CG) by extension 'python'
[0.372s] Level 1:colcon.colcon_core.package_identification:_identify(data/tmp/1781257809_CG) by extensions ['python_setup_py']
[0.372s] Level 1:colcon.colcon_core.package_identification:_identify(data/tmp/1781257809_CG) by extension 'python_setup_py'
[0.372s] Level 1:colcon.colcon_core.package_identification:_identify(data/tmp/1781257861_CG) by extensions ['ignore', 'ignore_ament_install']
[0.372s] Level 1:colcon.colcon_core.package_identification:_identify(data/tmp/1781257861_CG) by extension 'ignore'
[0.372s] Level 1:colcon.colcon_core.package_identification:_identify(data/tmp/1781257861_CG) by extension 'ignore_ament_install'
[0.372s] Level 1:colcon.colcon_core.package_identification:_identify(data/tmp/1781257861_CG) by extensions ['colcon_pkg']
[0.372s] Level 1:colcon.colcon_core.package_identification:_identify(data/tmp/1781257861_CG) by extension 'colcon_pkg'
[0.372s] Level 1:colcon.colcon_core.package_identification:_identify(data/tmp/1781257861_CG) by extensions ['colcon_meta']
[0.372s] Level 1:colcon.colcon_core.package_identification:_identify(data/tmp/1781257861_CG) by extension 'colcon_meta'
[0.372s] Level 1:colcon.colcon_core.package_identification:_identify(data/tmp/1781257861_CG) by extensions ['ros']
[0.372s] Level 1:colcon.colcon_core.package_identification:_identify(data/tmp/1781257861_CG) by extension 'ros'
[0.372s] Level 1:colcon.colcon_core.package_identification:_identify(data/tmp/1781257861_CG) by extensions ['cmake', 'python']
[0.372s] Level 1:colcon.colcon_core.package_identification:_identify(data/tmp/1781257861_CG) by extension 'cmake'
[0.372s] Level 1:colcon.colcon_core.package_identification:_identify(data/tmp/1781257861_CG) by extension 'python'
[0.372s] Level 1:colcon.colcon_core.package_identification:_identify(data/tmp/1781257861_CG) by extensions ['python_setup_py']
[0.372s] Level 1:colcon.colcon_core.package_identification:_identify(data/tmp/1781257861_CG) by extension 'python_setup_py'
[0.372s] Level 1:colcon.colcon_core.package_identification:_identify(data/tmp/1781257910_CG) by extensions ['ignore', 'ignore_ament_install']
[0.372s] Level 1:colcon.colcon_core.package_identification:_identify(data/tmp/1781257910_CG) by extension 'ignore'
[0.372s] Level 1:colcon.colcon_core.package_identification:_identify(data/tmp/1781257910_CG) by extension 'ignore_ament_install'
[0.372s] Level 1:colcon.colcon_core.package_identification:_identify(data/tmp/1781257910_CG) by extensions ['colcon_pkg']
[0.372s] Level 1:colcon.colcon_core.package_identification:_identify(data/tmp/1781257910_CG) by extension 'colcon_pkg'
[0.372s] Level 1:colcon.colcon_core.package_identification:_identify(data/tmp/1781257910_CG) by extensions ['colcon_meta']
[0.372s] Level 1:colcon.colcon_core.package_identification:_identify(data/tmp/1781257910_CG) by extension 'colcon_meta'
[0.372s] Level 1:colcon.colcon_core.package_identification:_identify(data/tmp/1781257910_CG) by extensions ['ros']
[0.372s] Level 1:colcon.colcon_core.package_identification:_identify(data/tmp/1781257910_CG) by extension 'ros'
[0.372s] Level 1:colcon.colcon_core.package_identification:_identify(data/tmp/1781257910_CG) by extensions ['cmake', 'python']
[0.372s] Level 1:colcon.colcon_core.package_identification:_identify(data/tmp/1781257910_CG) by extension 'cmake'
[0.373s] Level 1:colcon.colcon_core.package_identification:_identify(data/tmp/1781257910_CG) by extension 'python'
[0.373s] Level 1:colcon.colcon_core.package_identification:_identify(data/tmp/1781257910_CG) by extensions ['python_setup_py']
[0.373s] Level 1:colcon.colcon_core.package_identification:_identify(data/tmp/1781257910_CG) by extension 'python_setup_py'
[0.373s] Level 1:colcon.colcon_core.package_identification:_identify(data/tmp/1781257940_CG) by extensions ['ignore', 'ignore_ament_install']
[0.373s] Level 1:colcon.colcon_core.package_identification:_identify(data/tmp/1781257940_CG) by extension 'ignore'
[0.373s] Level 1:colcon.colcon_core.package_identification:_identify(data/tmp/1781257940_CG) by extension 'ignore_ament_install'
[0.373s] Level 1:colcon.colcon_core.package_identification:_identify(data/tmp/1781257940_CG) by extensions ['colcon_pkg']
[0.373s] Level 1:colcon.colcon_core.package_identification:_identify(data/tmp/1781257940_CG) by extension 'colcon_pkg'
[0.373s] Level 1:colcon.colcon_core.package_identification:_identify(data/tmp/1781257940_CG) by extensions ['colcon_meta']
[0.373s] Level 1:colcon.colcon_core.package_identification:_identify(data/tmp/1781257940_CG) by extension 'colcon_meta'
[0.373s] Level 1:colcon.colcon_core.package_identification:_identify(data/tmp/1781257940_CG) by extensions ['ros']
[0.373s] Level 1:colcon.colcon_core.package_identification:_identify(data/tmp/1781257940_CG) by extension 'ros'
[0.373s] Level 1:colcon.colcon_core.package_identification:_identify(data/tmp/1781257940_CG) by extensions ['cmake', 'python']
[0.373s] Level 1:colcon.colcon_core.package_identification:_identify(data/tmp/1781257940_CG) by extension 'cmake'
[0.373s] Level 1:colcon.colcon_core.package_identification:_identify(data/tmp/1781257940_CG) by extension 'python'
[0.373s] Level 1:colcon.colcon_core.package_identification:_identify(data/tmp/1781257940_CG) by extensions ['python_setup_py']
[0.373s] Level 1:colcon.colcon_core.package_identification:_identify(data/tmp/1781257940_CG) by extension 'python_setup_py'
[0.373s] Level 1:colcon.colcon_core.package_identification:_identify(data/tmp/1781257970_CG) by extensions ['ignore', 'ignore_ament_install']
[0.373s] Level 1:colcon.colcon_core.package_identification:_identify(data/tmp/1781257970_CG) by extension 'ignore'
[0.373s] Level 1:colcon.colcon_core.package_identification:_identify(data/tmp/1781257970_CG) by extension 'ignore_ament_install'
[0.373s] Level 1:colcon.colcon_core.package_identification:_identify(data/tmp/1781257970_CG) by extensions ['colcon_pkg']
[0.373s] Level 1:colcon.colcon_core.package_identification:_identify(data/tmp/1781257970_CG) by extension 'colcon_pkg'
[0.373s] Level 1:colcon.colcon_core.package_identification:_identify(data/tmp/1781257970_CG) by extensions ['colcon_meta']
[0.373s] Level 1:colcon.colcon_core.package_identification:_identify(data/tmp/1781257970_CG) by extension 'colcon_meta'
[0.373s] Level 1:colcon.colcon_core.package_identification:_identify(data/tmp/1781257970_CG) by extensions ['ros']
[0.373s] Level 1:colcon.colcon_core.package_identification:_identify(data/tmp/1781257970_CG) by extension 'ros'
[0.373s] Level 1:colcon.colcon_core.package_identification:_identify(data/tmp/1781257970_CG) by extensions ['cmake', 'python']
[0.373s] Level 1:colcon.colcon_core.package_identification:_identify(data/tmp/1781257970_CG) by extension 'cmake'
[0.374s] Level 1:colcon.colcon_core.package_identification:_identify(data/tmp/1781257970_CG) by extension 'python'
[0.374s] Level 1:colcon.colcon_core.package_identification:_identify(data/tmp/1781257970_CG) by extensions ['python_setup_py']
[0.374s] Level 1:colcon.colcon_core.package_identification:_identify(data/tmp/1781257970_CG) by extension 'python_setup_py'
[0.374s] Level 1:colcon.colcon_core.package_identification:_identify(data/tmp/1781258042_CG) by extensions ['ignore', 'ignore_ament_install']
[0.374s] Level 1:colcon.colcon_core.package_identification:_identify(data/tmp/1781258042_CG) by extension 'ignore'
[0.374s] Level 1:colcon.colcon_core.package_identification:_identify(data/tmp/1781258042_CG) by extension 'ignore_ament_install'
[0.374s] Level 1:colcon.colcon_core.package_identification:_identify(data/tmp/1781258042_CG) by extensions ['colcon_pkg']
[0.374s] Level 1:colcon.colcon_core.package_identification:_identify(data/tmp/1781258042_CG) by extension 'colcon_pkg'
[0.374s] Level 1:colcon.colcon_core.package_identification:_identify(data/tmp/1781258042_CG) by extensions ['colcon_meta']
[0.374s] Level 1:colcon.colcon_core.package_identification:_identify(data/tmp/1781258042_CG) by extension 'colcon_meta'
[0.374s] Level 1:colcon.colcon_core.package_identification:_identify(data/tmp/1781258042_CG) by extensions ['ros']
[0.374s] Level 1:colcon.colcon_core.package_identification:_identify(data/tmp/1781258042_CG) by extension 'ros'
[0.374s] Level 1:colcon.colcon_core.package_identification:_identify(data/tmp/1781258042_CG) by extensions ['cmake', 'python']
[0.374s] Level 1:colcon.colcon_core.package_identification:_identify(data/tmp/1781258042_CG) by extension 'cmake'
[0.374s] Level 1:colcon.colcon_core.package_identification:_identify(data/tmp/1781258042_CG) by extension 'python'
[0.374s] Level 1:colcon.colcon_core.package_identification:_identify(data/tmp/1781258042_CG) by extensions ['python_setup_py']
[0.374s] Level 1:colcon.colcon_core.package_identification:_identify(data/tmp/1781258042_CG) by extension 'python_setup_py'
[0.374s] Level 1:colcon.colcon_core.package_identification:_identify(data/tmp/1781258057_CG) by extensions ['ignore', 'ignore_ament_install']
[0.374s] Level 1:colcon.colcon_core.package_identification:_identify(data/tmp/1781258057_CG) by extension 'ignore'
[0.374s] Level 1:colcon.colcon_core.package_identification:_identify(data/tmp/1781258057_CG) by extension 'ignore_ament_install'
[0.374s] Level 1:colcon.colcon_core.package_identification:_identify(data/tmp/1781258057_CG) by extensions ['colcon_pkg']
[0.374s] Level 1:colcon.colcon_core.package_identification:_identify(data/tmp/1781258057_CG) by extension 'colcon_pkg'
[0.374s] Level 1:colcon.colcon_core.package_identification:_identify(data/tmp/1781258057_CG) by extensions ['colcon_meta']
[0.374s] Level 1:colcon.colcon_core.package_identification:_identify(data/tmp/1781258057_CG) by extension 'colcon_meta'
[0.374s] Level 1:colcon.colcon_core.package_identification:_identify(data/tmp/1781258057_CG) by extensions ['ros']
[0.374s] Level 1:colcon.colcon_core.package_identification:_identify(data/tmp/1781258057_CG) by extension 'ros'
[0.374s] Level 1:colcon.colcon_core.package_identification:_identify(data/tmp/1781258057_CG) by extensions ['cmake', 'python']
[0.374s] Level 1:colcon.colcon_core.package_identification:_identify(data/tmp/1781258057_CG) by extension 'cmake'
[0.374s] Level 1:colcon.colcon_core.package_identification:_identify(data/tmp/1781258057_CG) by extension 'python'
[0.375s] Level 1:colcon.colcon_core.package_identification:_identify(data/tmp/1781258057_CG) by extensions ['python_setup_py']
[0.375s] Level 1:colcon.colcon_core.package_identification:_identify(data/tmp/1781258057_CG) by extension 'python_setup_py'
[0.375s] Level 1:colcon.colcon_core.package_identification:_identify(data/tmp/1781259179_CG) by extensions ['ignore', 'ignore_ament_install']
[0.375s] Level 1:colcon.colcon_core.package_identification:_identify(data/tmp/1781259179_CG) by extension 'ignore'
[0.375s] Level 1:colcon.colcon_core.package_identification:_identify(data/tmp/1781259179_CG) by extension 'ignore_ament_install'
[0.375s] Level 1:colcon.colcon_core.package_identification:_identify(data/tmp/1781259179_CG) by extensions ['colcon_pkg']
[0.375s] Level 1:colcon.colcon_core.package_identification:_identify(data/tmp/1781259179_CG) by extension 'colcon_pkg'
[0.375s] Level 1:colcon.colcon_core.package_identification:_identify(data/tmp/1781259179_CG) by extensions ['colcon_meta']
[0.375s] Level 1:colcon.colcon_core.package_identification:_identify(data/tmp/1781259179_CG) by extension 'colcon_meta'
[0.375s] Level 1:colcon.colcon_core.package_identification:_identify(data/tmp/1781259179_CG) by extensions ['ros']
[0.375s] Level 1:colcon.colcon_core.package_identification:_identify(data/tmp/1781259179_CG) by extension 'ros'
[0.375s] Level 1:colcon.colcon_core.package_identification:_identify(data/tmp/1781259179_CG) by extensions ['cmake', 'python']
[0.375s] Level 1:colcon.colcon_core.package_identification:_identify(data/tmp/1781259179_CG) by extension 'cmake'
[0.375s] Level 1:colcon.colcon_core.package_identification:_identify(data/tmp/1781259179_CG) by extension 'python'
[0.375s] Level 1:colcon.colcon_core.package_identification:_identify(data/tmp/1781259179_CG) by extensions ['python_setup_py']
[0.375s] Level 1:colcon.colcon_core.package_identification:_identify(data/tmp/1781259179_CG) by extension 'python_setup_py'
[0.375s] Level 1:colcon.colcon_core.package_identification:_identify(data/tmp/1781431391_CG) by extensions ['ignore', 'ignore_ament_install']
[0.375s] Level 1:colcon.colcon_core.package_identification:_identify(data/tmp/1781431391_CG) by extension 'ignore'
[0.375s] Level 1:colcon.colcon_core.package_identification:_identify(data/tmp/1781431391_CG) by extension 'ignore_ament_install'
[0.375s] Level 1:colcon.colcon_core.package_identification:_identify(data/tmp/1781431391_CG) by extensions ['colcon_pkg']
[0.375s] Level 1:colcon.colcon_core.package_identification:_identify(data/tmp/1781431391_CG) by extension 'colcon_pkg'
[0.375s] Level 1:colcon.colcon_core.package_identification:_identify(data/tmp/1781431391_CG) by extensions ['colcon_meta']
[0.375s] Level 1:colcon.colcon_core.package_identification:_identify(data/tmp/1781431391_CG) by extension 'colcon_meta'
[0.375s] Level 1:colcon.colcon_core.package_identification:_identify(data/tmp/1781431391_CG) by extensions ['ros']
[0.375s] Level 1:colcon.colcon_core.package_identification:_identify(data/tmp/1781431391_CG) by extension 'ros'
[0.375s] Level 1:colcon.colcon_core.package_identification:_identify(data/tmp/1781431391_CG) by extensions ['cmake', 'python']
[0.375s] Level 1:colcon.colcon_core.package_identification:_identify(data/tmp/1781431391_CG) by extension 'cmake'
[0.375s] Level 1:colcon.colcon_core.package_identification:_identify(data/tmp/1781431391_CG) by extension 'python'
[0.376s] Level 1:colcon.colcon_core.package_identification:_identify(data/tmp/1781431391_CG) by extensions ['python_setup_py']
[0.376s] Level 1:colcon.colcon_core.package_identification:_identify(data/tmp/1781431391_CG) by extension 'python_setup_py'
[0.376s] Level 1:colcon.colcon_core.package_identification:_identify(data/tmp/1781431796_CG) by extensions ['ignore', 'ignore_ament_install']
[0.376s] Level 1:colcon.colcon_core.package_identification:_identify(data/tmp/1781431796_CG) by extension 'ignore'
[0.376s] Level 1:colcon.colcon_core.package_identification:_identify(data/tmp/1781431796_CG) by extension 'ignore_ament_install'
[0.376s] Level 1:colcon.colcon_core.package_identification:_identify(data/tmp/1781431796_CG) by extensions ['colcon_pkg']
[0.376s] Level 1:colcon.colcon_core.package_identification:_identify(data/tmp/1781431796_CG) by extension 'colcon_pkg'
[0.376s] Level 1:colcon.colcon_core.package_identification:_identify(data/tmp/1781431796_CG) by extensions ['colcon_meta']
[0.376s] Level 1:colcon.colcon_core.package_identification:_identify(data/tmp/1781431796_CG) by extension 'colcon_meta'
[0.376s] Level 1:colcon.colcon_core.package_identification:_identify(data/tmp/1781431796_CG) by extensions ['ros']
[0.376s] Level 1:colcon.colcon_core.package_identification:_identify(data/tmp/1781431796_CG) by extension 'ros'
[0.376s] Level 1:colcon.colcon_core.package_identification:_identify(data/tmp/1781431796_CG) by extensions ['cmake', 'python']
[0.376s] Level 1:colcon.colcon_core.package_identification:_identify(data/tmp/1781431796_CG) by extension 'cmake'
[0.376s] Level 1:colcon.colcon_core.package_identification:_identify(data/tmp/1781431796_CG) by extension 'python'
[0.376s] Level 1:colcon.colcon_core.package_identification:_identify(data/tmp/1781431796_CG) by extensions ['python_setup_py']
[0.376s] Level 1:colcon.colcon_core.package_identification:_identify(data/tmp/1781431796_CG) by extension 'python_setup_py'
[0.376s] Level 1:colcon.colcon_core.package_identification:_identify(data/tmp/1781431882_CG) by extensions ['ignore', 'ignore_ament_install']
[0.376s] Level 1:colcon.colcon_core.package_identification:_identify(data/tmp/1781431882_CG) by extension 'ignore'
[0.376s] Level 1:colcon.colcon_core.package_identification:_identify(data/tmp/1781431882_CG) by extension 'ignore_ament_install'
[0.376s] Level 1:colcon.colcon_core.package_identification:_identify(data/tmp/1781431882_CG) by extensions ['colcon_pkg']
[0.376s] Level 1:colcon.colcon_core.package_identification:_identify(data/tmp/1781431882_CG) by extension 'colcon_pkg'
[0.376s] Level 1:colcon.colcon_core.package_identification:_identify(data/tmp/1781431882_CG) by extensions ['colcon_meta']
[0.376s] Level 1:colcon.colcon_core.package_identification:_identify(data/tmp/1781431882_CG) by extension 'colcon_meta'
[0.376s] Level 1:colcon.colcon_core.package_identification:_identify(data/tmp/1781431882_CG) by extensions ['ros']
[0.376s] Level 1:colcon.colcon_core.package_identification:_identify(data/tmp/1781431882_CG) by extension 'ros'
[0.376s] Level 1:colcon.colcon_core.package_identification:_identify(data/tmp/1781431882_CG) by extensions ['cmake', 'python']
[0.376s] Level 1:colcon.colcon_core.package_identification:_identify(data/tmp/1781431882_CG) by extension 'cmake'
[0.376s] Level 1:colcon.colcon_core.package_identification:_identify(data/tmp/1781431882_CG) by extension 'python'
[0.376s] Level 1:colcon.colcon_core.package_identification:_identify(data/tmp/1781431882_CG) by extensions ['python_setup_py']
[0.377s] Level 1:colcon.colcon_core.package_identification:_identify(data/tmp/1781431882_CG) by extension 'python_setup_py'
[0.377s] Level 1:colcon.colcon_core.package_identification:_identify(data/tmp/1781433859_CG) by extensions ['ignore', 'ignore_ament_install']
[0.377s] Level 1:colcon.colcon_core.package_identification:_identify(data/tmp/1781433859_CG) by extension 'ignore'
[0.377s] Level 1:colcon.colcon_core.package_identification:_identify(data/tmp/1781433859_CG) by extension 'ignore_ament_install'
[0.377s] Level 1:colcon.colcon_core.package_identification:_identify(data/tmp/1781433859_CG) by extensions ['colcon_pkg']
[0.377s] Level 1:colcon.colcon_core.package_identification:_identify(data/tmp/1781433859_CG) by extension 'colcon_pkg'
[0.377s] Level 1:colcon.colcon_core.package_identification:_identify(data/tmp/1781433859_CG) by extensions ['colcon_meta']
[0.377s] Level 1:colcon.colcon_core.package_identification:_identify(data/tmp/1781433859_CG) by extension 'colcon_meta'
[0.377s] Level 1:colcon.colcon_core.package_identification:_identify(data/tmp/1781433859_CG) by extensions ['ros']
[0.377s] Level 1:colcon.colcon_core.package_identification:_identify(data/tmp/1781433859_CG) by extension 'ros'
[0.377s] Level 1:colcon.colcon_core.package_identification:_identify(data/tmp/1781433859_CG) by extensions ['cmake', 'python']
[0.377s] Level 1:colcon.colcon_core.package_identification:_identify(data/tmp/1781433859_CG) by extension 'cmake'
[0.377s] Level 1:colcon.colcon_core.package_identification:_identify(data/tmp/1781433859_CG) by extension 'python'
[0.377s] Level 1:colcon.colcon_core.package_identification:_identify(data/tmp/1781433859_CG) by extensions ['python_setup_py']
[0.377s] Level 1:colcon.colcon_core.package_identification:_identify(data/tmp/1781433859_CG) by extension 'python_setup_py'
[0.377s] Level 1:colcon.colcon_core.package_identification:_identify(data/tmp/1781433919_CG) by extensions ['ignore', 'ignore_ament_install']
[0.377s] Level 1:colcon.colcon_core.package_identification:_identify(data/tmp/1781433919_CG) by extension 'ignore'
[0.377s] Level 1:colcon.colcon_core.package_identification:_identify(data/tmp/1781433919_CG) by extension 'ignore_ament_install'
[0.377s] Level 1:colcon.colcon_core.package_identification:_identify(data/tmp/1781433919_CG) by extensions ['colcon_pkg']
[0.377s] Level 1:colcon.colcon_core.package_identification:_identify(data/tmp/1781433919_CG) by extension 'colcon_pkg'
[0.377s] Level 1:colcon.colcon_core.package_identification:_identify(data/tmp/1781433919_CG) by extensions ['colcon_meta']
[0.377s] Level 1:colcon.colcon_core.package_identification:_identify(data/tmp/1781433919_CG) by extension 'colcon_meta'
[0.377s] Level 1:colcon.colcon_core.package_identification:_identify(data/tmp/1781433919_CG) by extensions ['ros']
[0.377s] Level 1:colcon.colcon_core.package_identification:_identify(data/tmp/1781433919_CG) by extension 'ros'
[0.377s] Level 1:colcon.colcon_core.package_identification:_identify(data/tmp/1781433919_CG) by extensions ['cmake', 'python']
[0.377s] Level 1:colcon.colcon_core.package_identification:_identify(data/tmp/1781433919_CG) by extension 'cmake'
[0.377s] Level 1:colcon.colcon_core.package_identification:_identify(data/tmp/1781433919_CG) by extension 'python'
[0.377s] Level 1:colcon.colcon_core.package_identification:_identify(data/tmp/1781433919_CG) by extensions ['python_setup_py']
[0.377s] Level 1:colcon.colcon_core.package_identification:_identify(data/tmp/1781433919_CG) by extension 'python_setup_py'
[0.378s] Level 1:colcon.colcon_core.package_identification:_identify(data/tmp/1781434362_CG) by extensions ['ignore', 'ignore_ament_install']
[0.378s] Level 1:colcon.colcon_core.package_identification:_identify(data/tmp/1781434362_CG) by extension 'ignore'
[0.378s] Level 1:colcon.colcon_core.package_identification:_identify(data/tmp/1781434362_CG) by extension 'ignore_ament_install'
[0.378s] Level 1:colcon.colcon_core.package_identification:_identify(data/tmp/1781434362_CG) by extensions ['colcon_pkg']
[0.378s] Level 1:colcon.colcon_core.package_identification:_identify(data/tmp/1781434362_CG) by extension 'colcon_pkg'
[0.378s] Level 1:colcon.colcon_core.package_identification:_identify(data/tmp/1781434362_CG) by extensions ['colcon_meta']
[0.378s] Level 1:colcon.colcon_core.package_identification:_identify(data/tmp/1781434362_CG) by extension 'colcon_meta'
[0.378s] Level 1:colcon.colcon_core.package_identification:_identify(data/tmp/1781434362_CG) by extensions ['ros']
[0.378s] Level 1:colcon.colcon_core.package_identification:_identify(data/tmp/1781434362_CG) by extension 'ros'
[0.378s] Level 1:colcon.colcon_core.package_identification:_identify(data/tmp/1781434362_CG) by extensions ['cmake', 'python']
[0.378s] Level 1:colcon.colcon_core.package_identification:_identify(data/tmp/1781434362_CG) by extension 'cmake'
[0.378s] Level 1:colcon.colcon_core.package_identification:_identify(data/tmp/1781434362_CG) by extension 'python'
[0.378s] Level 1:colcon.colcon_core.package_identification:_identify(data/tmp/1781434362_CG) by extensions ['python_setup_py']
[0.378s] Level 1:colcon.colcon_core.package_identification:_identify(data/tmp/1781434362_CG) by extension 'python_setup_py'
[0.378s] Level 1:colcon.colcon_core.package_identification:_identify(data/tmp/1781434487_CG) by extensions ['ignore', 'ignore_ament_install']
[0.378s] Level 1:colcon.colcon_core.package_identification:_identify(data/tmp/1781434487_CG) by extension 'ignore'
[0.378s] Level 1:colcon.colcon_core.package_identification:_identify(data/tmp/1781434487_CG) by extension 'ignore_ament_install'
[0.378s] Level 1:colcon.colcon_core.package_identification:_identify(data/tmp/1781434487_CG) by extensions ['colcon_pkg']
[0.378s] Level 1:colcon.colcon_core.package_identification:_identify(data/tmp/1781434487_CG) by extension 'colcon_pkg'
[0.378s] Level 1:colcon.colcon_core.package_identification:_identify(data/tmp/1781434487_CG) by extensions ['colcon_meta']
[0.378s] Level 1:colcon.colcon_core.package_identification:_identify(data/tmp/1781434487_CG) by extension 'colcon_meta'
[0.378s] Level 1:colcon.colcon_core.package_identification:_identify(data/tmp/1781434487_CG) by extensions ['ros']
[0.378s] Level 1:colcon.colcon_core.package_identification:_identify(data/tmp/1781434487_CG) by extension 'ros'
[0.378s] Level 1:colcon.colcon_core.package_identification:_identify(data/tmp/1781434487_CG) by extensions ['cmake', 'python']
[0.378s] Level 1:colcon.colcon_core.package_identification:_identify(data/tmp/1781434487_CG) by extension 'cmake'
[0.378s] Level 1:colcon.colcon_core.package_identification:_identify(data/tmp/1781434487_CG) by extension 'python'
[0.378s] Level 1:colcon.colcon_core.package_identification:_identify(data/tmp/1781434487_CG) by extensions ['python_setup_py']
[0.378s] Level 1:colcon.colcon_core.package_identification:_identify(data/tmp/1781434487_CG) by extension 'python_setup_py'
[0.379s] Level 1:colcon.colcon_core.package_identification:_identify(data/tmp/1781436038_CG) by extensions ['ignore', 'ignore_ament_install']
[0.379s] Level 1:colcon.colcon_core.package_identification:_identify(data/tmp/1781436038_CG) by extension 'ignore'
[0.379s] Level 1:colcon.colcon_core.package_identification:_identify(data/tmp/1781436038_CG) by extension 'ignore_ament_install'
[0.379s] Level 1:colcon.colcon_core.package_identification:_identify(data/tmp/1781436038_CG) by extensions ['colcon_pkg']
[0.379s] Level 1:colcon.colcon_core.package_identification:_identify(data/tmp/1781436038_CG) by extension 'colcon_pkg'
[0.379s] Level 1:colcon.colcon_core.package_identification:_identify(data/tmp/1781436038_CG) by extensions ['colcon_meta']
[0.379s] Level 1:colcon.colcon_core.package_identification:_identify(data/tmp/1781436038_CG) by extension 'colcon_meta'
[0.379s] Level 1:colcon.colcon_core.package_identification:_identify(data/tmp/1781436038_CG) by extensions ['ros']
[0.379s] Level 1:colcon.colcon_core.package_identification:_identify(data/tmp/1781436038_CG) by extension 'ros'
[0.379s] Level 1:colcon.colcon_core.package_identification:_identify(data/tmp/1781436038_CG) by extensions ['cmake', 'python']
[0.379s] Level 1:colcon.colcon_core.package_identification:_identify(data/tmp/1781436038_CG) by extension 'cmake'
[0.379s] Level 1:colcon.colcon_core.package_identification:_identify(data/tmp/1781436038_CG) by extension 'python'
[0.379s] Level 1:colcon.colcon_core.package_identification:_identify(data/tmp/1781436038_CG) by extensions ['python_setup_py']
[0.379s] Level 1:colcon.colcon_core.package_identification:_identify(data/tmp/1781436038_CG) by extension 'python_setup_py'
[0.379s] Level 1:colcon.colcon_core.package_identification:_identify(data/tmp/1781436892_CG) by extensions ['ignore', 'ignore_ament_install']
[0.379s] Level 1:colcon.colcon_core.package_identification:_identify(data/tmp/1781436892_CG) by extension 'ignore'
[0.379s] Level 1:colcon.colcon_core.package_identification:_identify(data/tmp/1781436892_CG) by extension 'ignore_ament_install'
[0.379s] Level 1:colcon.colcon_core.package_identification:_identify(data/tmp/1781436892_CG) by extensions ['colcon_pkg']
[0.379s] Level 1:colcon.colcon_core.package_identification:_identify(data/tmp/1781436892_CG) by extension 'colcon_pkg'
[0.379s] Level 1:colcon.colcon_core.package_identification:_identify(data/tmp/1781436892_CG) by extensions ['colcon_meta']
[0.379s] Level 1:colcon.colcon_core.package_identification:_identify(data/tmp/1781436892_CG) by extension 'colcon_meta'
[0.379s] Level 1:colcon.colcon_core.package_identification:_identify(data/tmp/1781436892_CG) by extensions ['ros']
[0.379s] Level 1:colcon.colcon_core.package_identification:_identify(data/tmp/1781436892_CG) by extension 'ros'
[0.379s] Level 1:colcon.colcon_core.package_identification:_identify(data/tmp/1781436892_CG) by extensions ['cmake', 'python']
[0.379s] Level 1:colcon.colcon_core.package_identification:_identify(data/tmp/1781436892_CG) by extension 'cmake'
[0.379s] Level 1:colcon.colcon_core.package_identification:_identify(data/tmp/1781436892_CG) by extension 'python'
[0.379s] Level 1:colcon.colcon_core.package_identification:_identify(data/tmp/1781436892_CG) by extensions ['python_setup_py']
[0.379s] Level 1:colcon.colcon_core.package_identification:_identify(data/tmp/1781436892_CG) by extension 'python_setup_py'
[0.380s] Level 1:colcon.colcon_core.package_identification:_identify(data/tmp/1781437355_CG) by extensions ['ignore', 'ignore_ament_install']
[0.380s] Level 1:colcon.colcon_core.package_identification:_identify(data/tmp/1781437355_CG) by extension 'ignore'
[0.380s] Level 1:colcon.colcon_core.package_identification:_identify(data/tmp/1781437355_CG) by extension 'ignore_ament_install'
[0.380s] Level 1:colcon.colcon_core.package_identification:_identify(data/tmp/1781437355_CG) by extensions ['colcon_pkg']
[0.380s] Level 1:colcon.colcon_core.package_identification:_identify(data/tmp/1781437355_CG) by extension 'colcon_pkg'
[0.380s] Level 1:colcon.colcon_core.package_identification:_identify(data/tmp/1781437355_CG) by extensions ['colcon_meta']
[0.380s] Level 1:colcon.colcon_core.package_identification:_identify(data/tmp/1781437355_CG) by extension 'colcon_meta'
[0.380s] Level 1:colcon.colcon_core.package_identification:_identify(data/tmp/1781437355_CG) by extensions ['ros']
[0.380s] Level 1:colcon.colcon_core.package_identification:_identify(data/tmp/1781437355_CG) by extension 'ros'
[0.380s] Level 1:colcon.colcon_core.package_identification:_identify(data/tmp/1781437355_CG) by extensions ['cmake', 'python']
[0.380s] Level 1:colcon.colcon_core.package_identification:_identify(data/tmp/1781437355_CG) by extension 'cmake'
[0.380s] Level 1:colcon.colcon_core.package_identification:_identify(data/tmp/1781437355_CG) by extension 'python'
[0.380s] Level 1:colcon.colcon_core.package_identification:_identify(data/tmp/1781437355_CG) by extensions ['python_setup_py']
[0.380s] Level 1:colcon.colcon_core.package_identification:_identify(data/tmp/1781437355_CG) by extension 'python_setup_py'
[0.380s] Level 1:colcon.colcon_core.package_identification:_identify(data/tmp/1781437399_CG) by extensions ['ignore', 'ignore_ament_install']
[0.380s] Level 1:colcon.colcon_core.package_identification:_identify(data/tmp/1781437399_CG) by extension 'ignore'
[0.380s] Level 1:colcon.colcon_core.package_identification:_identify(data/tmp/1781437399_CG) by extension 'ignore_ament_install'
[0.380s] Level 1:colcon.colcon_core.package_identification:_identify(data/tmp/1781437399_CG) by extensions ['colcon_pkg']
[0.380s] Level 1:colcon.colcon_core.package_identification:_identify(data/tmp/1781437399_CG) by extension 'colcon_pkg'
[0.380s] Level 1:colcon.colcon_core.package_identification:_identify(data/tmp/1781437399_CG) by extensions ['colcon_meta']
[0.380s] Level 1:colcon.colcon_core.package_identification:_identify(data/tmp/1781437399_CG) by extension 'colcon_meta'
[0.380s] Level 1:colcon.colcon_core.package_identification:_identify(data/tmp/1781437399_CG) by extensions ['ros']
[0.380s] Level 1:colcon.colcon_core.package_identification:_identify(data/tmp/1781437399_CG) by extension 'ros'
[0.380s] Level 1:colcon.colcon_core.package_identification:_identify(data/tmp/1781437399_CG) by extensions ['cmake', 'python']
[0.380s] Level 1:colcon.colcon_core.package_identification:_identify(data/tmp/1781437399_CG) by extension 'cmake'
[0.380s] Level 1:colcon.colcon_core.package_identification:_identify(data/tmp/1781437399_CG) by extension 'python'
[0.380s] Level 1:colcon.colcon_core.package_identification:_identify(data/tmp/1781437399_CG) by extensions ['python_setup_py']
[0.380s] Level 1:colcon.colcon_core.package_identification:_identify(data/tmp/1781437399_CG) by extension 'python_setup_py'
[0.381s] Level 1:colcon.colcon_core.package_identification:_identify(data/tmp/1781437512_CG) by extensions ['ignore', 'ignore_ament_install']
[0.381s] Level 1:colcon.colcon_core.package_identification:_identify(data/tmp/1781437512_CG) by extension 'ignore'
[0.381s] Level 1:colcon.colcon_core.package_identification:_identify(data/tmp/1781437512_CG) by extension 'ignore_ament_install'
[0.381s] Level 1:colcon.colcon_core.package_identification:_identify(data/tmp/1781437512_CG) by extensions ['colcon_pkg']
[0.381s] Level 1:colcon.colcon_core.package_identification:_identify(data/tmp/1781437512_CG) by extension 'colcon_pkg'
[0.381s] Level 1:colcon.colcon_core.package_identification:_identify(data/tmp/1781437512_CG) by extensions ['colcon_meta']
[0.381s] Level 1:colcon.colcon_core.package_identification:_identify(data/tmp/1781437512_CG) by extension 'colcon_meta'
[0.381s] Level 1:colcon.colcon_core.package_identification:_identify(data/tmp/1781437512_CG) by extensions ['ros']
[0.381s] Level 1:colcon.colcon_core.package_identification:_identify(data/tmp/1781437512_CG) by extension 'ros'
[0.381s] Level 1:colcon.colcon_core.package_identification:_identify(data/tmp/1781437512_CG) by extensions ['cmake', 'python']
[0.381s] Level 1:colcon.colcon_core.package_identification:_identify(data/tmp/1781437512_CG) by extension 'cmake'
[0.381s] Level 1:colcon.colcon_core.package_identification:_identify(data/tmp/1781437512_CG) by extension 'python'
[0.381s] Level 1:colcon.colcon_core.package_identification:_identify(data/tmp/1781437512_CG) by extensions ['python_setup_py']
[0.381s] Level 1:colcon.colcon_core.package_identification:_identify(data/tmp/1781437512_CG) by extension 'python_setup_py'
[0.381s] Level 1:colcon.colcon_core.package_identification:_identify(data/tmp/1781437549_CG) by extensions ['ignore', 'ignore_ament_install']
[0.381s] Level 1:colcon.colcon_core.package_identification:_identify(data/tmp/1781437549_CG) by extension 'ignore'
[0.381s] Level 1:colcon.colcon_core.package_identification:_identify(data/tmp/1781437549_CG) by extension 'ignore_ament_install'
[0.381s] Level 1:colcon.colcon_core.package_identification:_identify(data/tmp/1781437549_CG) by extensions ['colcon_pkg']
[0.381s] Level 1:colcon.colcon_core.package_identification:_identify(data/tmp/1781437549_CG) by extension 'colcon_pkg'
[0.381s] Level 1:colcon.colcon_core.package_identification:_identify(data/tmp/1781437549_CG) by extensions ['colcon_meta']
[0.381s] Level 1:colcon.colcon_core.package_identification:_identify(data/tmp/1781437549_CG) by extension 'colcon_meta'
[0.381s] Level 1:colcon.colcon_core.package_identification:_identify(data/tmp/1781437549_CG) by extensions ['ros']
[0.381s] Level 1:colcon.colcon_core.package_identification:_identify(data/tmp/1781437549_CG) by extension 'ros'
[0.381s] Level 1:colcon.colcon_core.package_identification:_identify(data/tmp/1781437549_CG) by extensions ['cmake', 'python']
[0.381s] Level 1:colcon.colcon_core.package_identification:_identify(data/tmp/1781437549_CG) by extension 'cmake'
[0.381s] Level 1:colcon.colcon_core.package_identification:_identify(data/tmp/1781437549_CG) by extension 'python'
[0.381s] Level 1:colcon.colcon_core.package_identification:_identify(data/tmp/1781437549_CG) by extensions ['python_setup_py']
[0.381s] Level 1:colcon.colcon_core.package_identification:_identify(data/tmp/1781437549_CG) by extension 'python_setup_py'
[0.381s] Level 1:colcon.colcon_core.package_identification:_identify(data/tmp/1781437589_CG) by extensions ['ignore', 'ignore_ament_install']
[0.382s] Level 1:colcon.colcon_core.package_identification:_identify(data/tmp/1781437589_CG) by extension 'ignore'
[0.382s] Level 1:colcon.colcon_core.package_identification:_identify(data/tmp/1781437589_CG) by extension 'ignore_ament_install'
[0.382s] Level 1:colcon.colcon_core.package_identification:_identify(data/tmp/1781437589_CG) by extensions ['colcon_pkg']
[0.382s] Level 1:colcon.colcon_core.package_identification:_identify(data/tmp/1781437589_CG) by extension 'colcon_pkg'
[0.382s] Level 1:colcon.colcon_core.package_identification:_identify(data/tmp/1781437589_CG) by extensions ['colcon_meta']
[0.382s] Level 1:colcon.colcon_core.package_identification:_identify(data/tmp/1781437589_CG) by extension 'colcon_meta'
[0.382s] Level 1:colcon.colcon_core.package_identification:_identify(data/tmp/1781437589_CG) by extensions ['ros']
[0.382s] Level 1:colcon.colcon_core.package_identification:_identify(data/tmp/1781437589_CG) by extension 'ros'
[0.382s] Level 1:colcon.colcon_core.package_identification:_identify(data/tmp/1781437589_CG) by extensions ['cmake', 'python']
[0.382s] Level 1:colcon.colcon_core.package_identification:_identify(data/tmp/1781437589_CG) by extension 'cmake'
[0.382s] Level 1:colcon.colcon_core.package_identification:_identify(data/tmp/1781437589_CG) by extension 'python'
[0.382s] Level 1:colcon.colcon_core.package_identification:_identify(data/tmp/1781437589_CG) by extensions ['python_setup_py']
[0.382s] Level 1:colcon.colcon_core.package_identification:_identify(data/tmp/1781437589_CG) by extension 'python_setup_py'
[0.382s] Level 1:colcon.colcon_core.package_identification:_identify(data/tmp/1781437618_CG) by extensions ['ignore', 'ignore_ament_install']
[0.382s] Level 1:colcon.colcon_core.package_identification:_identify(data/tmp/1781437618_CG) by extension 'ignore'
[0.382s] Level 1:colcon.colcon_core.package_identification:_identify(data/tmp/1781437618_CG) by extension 'ignore_ament_install'
[0.382s] Level 1:colcon.colcon_core.package_identification:_identify(data/tmp/1781437618_CG) by extensions ['colcon_pkg']
[0.382s] Level 1:colcon.colcon_core.package_identification:_identify(data/tmp/1781437618_CG) by extension 'colcon_pkg'
[0.382s] Level 1:colcon.colcon_core.package_identification:_identify(data/tmp/1781437618_CG) by extensions ['colcon_meta']
[0.382s] Level 1:colcon.colcon_core.package_identification:_identify(data/tmp/1781437618_CG) by extension 'colcon_meta'
[0.382s] Level 1:colcon.colcon_core.package_identification:_identify(data/tmp/1781437618_CG) by extensions ['ros']
[0.382s] Level 1:colcon.colcon_core.package_identification:_identify(data/tmp/1781437618_CG) by extension 'ros'
[0.382s] Level 1:colcon.colcon_core.package_identification:_identify(data/tmp/1781437618_CG) by extensions ['cmake', 'python']
[0.382s] Level 1:colcon.colcon_core.package_identification:_identify(data/tmp/1781437618_CG) by extension 'cmake'
[0.382s] Level 1:colcon.colcon_core.package_identification:_identify(data/tmp/1781437618_CG) by extension 'python'
[0.382s] Level 1:colcon.colcon_core.package_identification:_identify(data/tmp/1781437618_CG) by extensions ['python_setup_py']
[0.382s] Level 1:colcon.colcon_core.package_identification:_identify(data/tmp/1781437618_CG) by extension 'python_setup_py'
[0.382s] Level 1:colcon.colcon_core.package_identification:_identify(data/tmp/1781437644_CG) by extensions ['ignore', 'ignore_ament_install']
[0.383s] Level 1:colcon.colcon_core.package_identification:_identify(data/tmp/1781437644_CG) by extension 'ignore'
[0.383s] Level 1:colcon.colcon_core.package_identification:_identify(data/tmp/1781437644_CG) by extension 'ignore_ament_install'
[0.383s] Level 1:colcon.colcon_core.package_identification:_identify(data/tmp/1781437644_CG) by extensions ['colcon_pkg']
[0.383s] Level 1:colcon.colcon_core.package_identification:_identify(data/tmp/1781437644_CG) by extension 'colcon_pkg'
[0.383s] Level 1:colcon.colcon_core.package_identification:_identify(data/tmp/1781437644_CG) by extensions ['colcon_meta']
[0.383s] Level 1:colcon.colcon_core.package_identification:_identify(data/tmp/1781437644_CG) by extension 'colcon_meta'
[0.383s] Level 1:colcon.colcon_core.package_identification:_identify(data/tmp/1781437644_CG) by extensions ['ros']
[0.383s] Level 1:colcon.colcon_core.package_identification:_identify(data/tmp/1781437644_CG) by extension 'ros'
[0.383s] Level 1:colcon.colcon_core.package_identification:_identify(data/tmp/1781437644_CG) by extensions ['cmake', 'python']
[0.383s] Level 1:colcon.colcon_core.package_identification:_identify(data/tmp/1781437644_CG) by extension 'cmake'
[0.383s] Level 1:colcon.colcon_core.package_identification:_identify(data/tmp/1781437644_CG) by extension 'python'
[0.383s] Level 1:colcon.colcon_core.package_identification:_identify(data/tmp/1781437644_CG) by extensions ['python_setup_py']
[0.383s] Level 1:colcon.colcon_core.package_identification:_identify(data/tmp/1781437644_CG) by extension 'python_setup_py'
[0.383s] Level 1:colcon.colcon_core.package_identification:_identify(data/tmp/1781437720_CG) by extensions ['ignore', 'ignore_ament_install']
[0.383s] Level 1:colcon.colcon_core.package_identification:_identify(data/tmp/1781437720_CG) by extension 'ignore'
[0.383s] Level 1:colcon.colcon_core.package_identification:_identify(data/tmp/1781437720_CG) by extension 'ignore_ament_install'
[0.383s] Level 1:colcon.colcon_core.package_identification:_identify(data/tmp/1781437720_CG) by extensions ['colcon_pkg']
[0.383s] Level 1:colcon.colcon_core.package_identification:_identify(data/tmp/1781437720_CG) by extension 'colcon_pkg'
[0.383s] Level 1:colcon.colcon_core.package_identification:_identify(data/tmp/1781437720_CG) by extensions ['colcon_meta']
[0.383s] Level 1:colcon.colcon_core.package_identification:_identify(data/tmp/1781437720_CG) by extension 'colcon_meta'
[0.383s] Level 1:colcon.colcon_core.package_identification:_identify(data/tmp/1781437720_CG) by extensions ['ros']
[0.383s] Level 1:colcon.colcon_core.package_identification:_identify(data/tmp/1781437720_CG) by extension 'ros'
[0.383s] Level 1:colcon.colcon_core.package_identification:_identify(data/tmp/1781437720_CG) by extensions ['cmake', 'python']
[0.383s] Level 1:colcon.colcon_core.package_identification:_identify(data/tmp/1781437720_CG) by extension 'cmake'
[0.383s] Level 1:colcon.colcon_core.package_identification:_identify(data/tmp/1781437720_CG) by extension 'python'
[0.383s] Level 1:colcon.colcon_core.package_identification:_identify(data/tmp/1781437720_CG) by extensions ['python_setup_py']
[0.383s] Level 1:colcon.colcon_core.package_identification:_identify(data/tmp/1781437720_CG) by extension 'python_setup_py'
[0.383s] Level 1:colcon.colcon_core.package_identification:_identify(data/tmp/1781437934_CG) by extensions ['ignore', 'ignore_ament_install']
[0.384s] Level 1:colcon.colcon_core.package_identification:_identify(data/tmp/1781437934_CG) by extension 'ignore'
[0.384s] Level 1:colcon.colcon_core.package_identification:_identify(data/tmp/1781437934_CG) by extension 'ignore_ament_install'
[0.384s] Level 1:colcon.colcon_core.package_identification:_identify(data/tmp/1781437934_CG) by extensions ['colcon_pkg']
[0.384s] Level 1:colcon.colcon_core.package_identification:_identify(data/tmp/1781437934_CG) by extension 'colcon_pkg'
[0.384s] Level 1:colcon.colcon_core.package_identification:_identify(data/tmp/1781437934_CG) by extensions ['colcon_meta']
[0.384s] Level 1:colcon.colcon_core.package_identification:_identify(data/tmp/1781437934_CG) by extension 'colcon_meta'
[0.384s] Level 1:colcon.colcon_core.package_identification:_identify(data/tmp/1781437934_CG) by extensions ['ros']
[0.384s] Level 1:colcon.colcon_core.package_identification:_identify(data/tmp/1781437934_CG) by extension 'ros'
[0.384s] Level 1:colcon.colcon_core.package_identification:_identify(data/tmp/1781437934_CG) by extensions ['cmake', 'python']
[0.384s] Level 1:colcon.colcon_core.package_identification:_identify(data/tmp/1781437934_CG) by extension 'cmake'
[0.384s] Level 1:colcon.colcon_core.package_identification:_identify(data/tmp/1781437934_CG) by extension 'python'
[0.384s] Level 1:colcon.colcon_core.package_identification:_identify(data/tmp/1781437934_CG) by extensions ['python_setup_py']
[0.384s] Level 1:colcon.colcon_core.package_identification:_identify(data/tmp/1781437934_CG) by extension 'python_setup_py'
[0.384s] Level 1:colcon.colcon_core.package_identification:_identify(data/tmp/1781438294_CG) by extensions ['ignore', 'ignore_ament_install']
[0.384s] Level 1:colcon.colcon_core.package_identification:_identify(data/tmp/1781438294_CG) by extension 'ignore'
[0.384s] Level 1:colcon.colcon_core.package_identification:_identify(data/tmp/1781438294_CG) by extension 'ignore_ament_install'
[0.384s] Level 1:colcon.colcon_core.package_identification:_identify(data/tmp/1781438294_CG) by extensions ['colcon_pkg']
[0.384s] Level 1:colcon.colcon_core.package_identification:_identify(data/tmp/1781438294_CG) by extension 'colcon_pkg'
[0.384s] Level 1:colcon.colcon_core.package_identification:_identify(data/tmp/1781438294_CG) by extensions ['colcon_meta']
[0.384s] Level 1:colcon.colcon_core.package_identification:_identify(data/tmp/1781438294_CG) by extension 'colcon_meta'
[0.384s] Level 1:colcon.colcon_core.package_identification:_identify(data/tmp/1781438294_CG) by extensions ['ros']
[0.384s] Level 1:colcon.colcon_core.package_identification:_identify(data/tmp/1781438294_CG) by extension 'ros'
[0.384s] Level 1:colcon.colcon_core.package_identification:_identify(data/tmp/1781438294_CG) by extensions ['cmake', 'python']
[0.384s] Level 1:colcon.colcon_core.package_identification:_identify(data/tmp/1781438294_CG) by extension 'cmake'
[0.384s] Level 1:colcon.colcon_core.package_identification:_identify(data/tmp/1781438294_CG) by extension 'python'
[0.384s] Level 1:colcon.colcon_core.package_identification:_identify(data/tmp/1781438294_CG) by extensions ['python_setup_py']
[0.384s] Level 1:colcon.colcon_core.package_identification:_identify(data/tmp/1781438294_CG) by extension 'python_setup_py'
[0.384s] Level 1:colcon.colcon_core.package_identification:_identify(data/tmp/1781438323_CG) by extensions ['ignore', 'ignore_ament_install']
[0.385s] Level 1:colcon.colcon_core.package_identification:_identify(data/tmp/1781438323_CG) by extension 'ignore'
[0.385s] Level 1:colcon.colcon_core.package_identification:_identify(data/tmp/1781438323_CG) by extension 'ignore_ament_install'
[0.385s] Level 1:colcon.colcon_core.package_identification:_identify(data/tmp/1781438323_CG) by extensions ['colcon_pkg']
[0.385s] Level 1:colcon.colcon_core.package_identification:_identify(data/tmp/1781438323_CG) by extension 'colcon_pkg'
[0.385s] Level 1:colcon.colcon_core.package_identification:_identify(data/tmp/1781438323_CG) by extensions ['colcon_meta']
[0.385s] Level 1:colcon.colcon_core.package_identification:_identify(data/tmp/1781438323_CG) by extension 'colcon_meta'
[0.385s] Level 1:colcon.colcon_core.package_identification:_identify(data/tmp/1781438323_CG) by extensions ['ros']
[0.385s] Level 1:colcon.colcon_core.package_identification:_identify(data/tmp/1781438323_CG) by extension 'ros'
[0.385s] Level 1:colcon.colcon_core.package_identification:_identify(data/tmp/1781438323_CG) by extensions ['cmake', 'python']
[0.385s] Level 1:colcon.colcon_core.package_identification:_identify(data/tmp/1781438323_CG) by extension 'cmake'
[0.385s] Level 1:colcon.colcon_core.package_identification:_identify(data/tmp/1781438323_CG) by extension 'python'
[0.385s] Level 1:colcon.colcon_core.package_identification:_identify(data/tmp/1781438323_CG) by extensions ['python_setup_py']
[0.385s] Level 1:colcon.colcon_core.package_identification:_identify(data/tmp/1781438323_CG) by extension 'python_setup_py'
[0.385s] Level 1:colcon.colcon_core.package_identification:_identify(data/tmp/1781438347_CG) by extensions ['ignore', 'ignore_ament_install']
[0.385s] Level 1:colcon.colcon_core.package_identification:_identify(data/tmp/1781438347_CG) by extension 'ignore'
[0.385s] Level 1:colcon.colcon_core.package_identification:_identify(data/tmp/1781438347_CG) by extension 'ignore_ament_install'
[0.385s] Level 1:colcon.colcon_core.package_identification:_identify(data/tmp/1781438347_CG) by extensions ['colcon_pkg']
[0.385s] Level 1:colcon.colcon_core.package_identification:_identify(data/tmp/1781438347_CG) by extension 'colcon_pkg'
[0.385s] Level 1:colcon.colcon_core.package_identification:_identify(data/tmp/1781438347_CG) by extensions ['colcon_meta']
[0.385s] Level 1:colcon.colcon_core.package_identification:_identify(data/tmp/1781438347_CG) by extension 'colcon_meta'
[0.385s] Level 1:colcon.colcon_core.package_identification:_identify(data/tmp/1781438347_CG) by extensions ['ros']
[0.385s] Level 1:colcon.colcon_core.package_identification:_identify(data/tmp/1781438347_CG) by extension 'ros'
[0.385s] Level 1:colcon.colcon_core.package_identification:_identify(data/tmp/1781438347_CG) by extensions ['cmake', 'python']
[0.385s] Level 1:colcon.colcon_core.package_identification:_identify(data/tmp/1781438347_CG) by extension 'cmake'
[0.385s] Level 1:colcon.colcon_core.package_identification:_identify(data/tmp/1781438347_CG) by extension 'python'
[0.385s] Level 1:colcon.colcon_core.package_identification:_identify(data/tmp/1781438347_CG) by extensions ['python_setup_py']
[0.385s] Level 1:colcon.colcon_core.package_identification:_identify(data/tmp/1781438347_CG) by extension 'python_setup_py'
[0.385s] Level 1:colcon.colcon_core.package_identification:_identify(data/tmp/1781438375_CG) by extensions ['ignore', 'ignore_ament_install']
[0.386s] Level 1:colcon.colcon_core.package_identification:_identify(data/tmp/1781438375_CG) by extension 'ignore'
[0.386s] Level 1:colcon.colcon_core.package_identification:_identify(data/tmp/1781438375_CG) by extension 'ignore_ament_install'
[0.386s] Level 1:colcon.colcon_core.package_identification:_identify(data/tmp/1781438375_CG) by extensions ['colcon_pkg']
[0.386s] Level 1:colcon.colcon_core.package_identification:_identify(data/tmp/1781438375_CG) by extension 'colcon_pkg'
[0.386s] Level 1:colcon.colcon_core.package_identification:_identify(data/tmp/1781438375_CG) by extensions ['colcon_meta']
[0.386s] Level 1:colcon.colcon_core.package_identification:_identify(data/tmp/1781438375_CG) by extension 'colcon_meta'
[0.386s] Level 1:colcon.colcon_core.package_identification:_identify(data/tmp/1781438375_CG) by extensions ['ros']
[0.386s] Level 1:colcon.colcon_core.package_identification:_identify(data/tmp/1781438375_CG) by extension 'ros'
[0.386s] Level 1:colcon.colcon_core.package_identification:_identify(data/tmp/1781438375_CG) by extensions ['cmake', 'python']
[0.386s] Level 1:colcon.colcon_core.package_identification:_identify(data/tmp/1781438375_CG) by extension 'cmake'
[0.386s] Level 1:colcon.colcon_core.package_identification:_identify(data/tmp/1781438375_CG) by extension 'python'
[0.386s] Level 1:colcon.colcon_core.package_identification:_identify(data/tmp/1781438375_CG) by extensions ['python_setup_py']
[0.386s] Level 1:colcon.colcon_core.package_identification:_identify(data/tmp/1781438375_CG) by extension 'python_setup_py'
[0.386s] Level 1:colcon.colcon_core.package_identification:_identify(data/tmp/1781438406_CG) by extensions ['ignore', 'ignore_ament_install']
[0.386s] Level 1:colcon.colcon_core.package_identification:_identify(data/tmp/1781438406_CG) by extension 'ignore'
[0.386s] Level 1:colcon.colcon_core.package_identification:_identify(data/tmp/1781438406_CG) by extension 'ignore_ament_install'
[0.386s] Level 1:colcon.colcon_core.package_identification:_identify(data/tmp/1781438406_CG) by extensions ['colcon_pkg']
[0.386s] Level 1:colcon.colcon_core.package_identification:_identify(data/tmp/1781438406_CG) by extension 'colcon_pkg'
[0.386s] Level 1:colcon.colcon_core.package_identification:_identify(data/tmp/1781438406_CG) by extensions ['colcon_meta']
[0.386s] Level 1:colcon.colcon_core.package_identification:_identify(data/tmp/1781438406_CG) by extension 'colcon_meta'
[0.386s] Level 1:colcon.colcon_core.package_identification:_identify(data/tmp/1781438406_CG) by extensions ['ros']
[0.386s] Level 1:colcon.colcon_core.package_identification:_identify(data/tmp/1781438406_CG) by extension 'ros'
[0.386s] Level 1:colcon.colcon_core.package_identification:_identify(data/tmp/1781438406_CG) by extensions ['cmake', 'python']
[0.386s] Level 1:colcon.colcon_core.package_identification:_identify(data/tmp/1781438406_CG) by extension 'cmake'
[0.386s] Level 1:colcon.colcon_core.package_identification:_identify(data/tmp/1781438406_CG) by extension 'python'
[0.386s] Level 1:colcon.colcon_core.package_identification:_identify(data/tmp/1781438406_CG) by extensions ['python_setup_py']
[0.386s] Level 1:colcon.colcon_core.package_identification:_identify(data/tmp/1781438406_CG) by extension 'python_setup_py'
[0.386s] Level 1:colcon.colcon_core.package_identification:_identify(data/tmp/1781438485_CG) by extensions ['ignore', 'ignore_ament_install']
[0.386s] Level 1:colcon.colcon_core.package_identification:_identify(data/tmp/1781438485_CG) by extension 'ignore'
[0.387s] Level 1:colcon.colcon_core.package_identification:_identify(data/tmp/1781438485_CG) by extension 'ignore_ament_install'
[0.387s] Level 1:colcon.colcon_core.package_identification:_identify(data/tmp/1781438485_CG) by extensions ['colcon_pkg']
[0.387s] Level 1:colcon.colcon_core.package_identification:_identify(data/tmp/1781438485_CG) by extension 'colcon_pkg'
[0.387s] Level 1:colcon.colcon_core.package_identification:_identify(data/tmp/1781438485_CG) by extensions ['colcon_meta']
[0.387s] Level 1:colcon.colcon_core.package_identification:_identify(data/tmp/1781438485_CG) by extension 'colcon_meta'
[0.387s] Level 1:colcon.colcon_core.package_identification:_identify(data/tmp/1781438485_CG) by extensions ['ros']
[0.387s] Level 1:colcon.colcon_core.package_identification:_identify(data/tmp/1781438485_CG) by extension 'ros'
[0.387s] Level 1:colcon.colcon_core.package_identification:_identify(data/tmp/1781438485_CG) by extensions ['cmake', 'python']
[0.387s] Level 1:colcon.colcon_core.package_identification:_identify(data/tmp/1781438485_CG) by extension 'cmake'
[0.387s] Level 1:colcon.colcon_core.package_identification:_identify(data/tmp/1781438485_CG) by extension 'python'
[0.387s] Level 1:colcon.colcon_core.package_identification:_identify(data/tmp/1781438485_CG) by extensions ['python_setup_py']
[0.387s] Level 1:colcon.colcon_core.package_identification:_identify(data/tmp/1781438485_CG) by extension 'python_setup_py'
[0.387s] Level 1:colcon.colcon_core.package_identification:_identify(data/tmp/1781438512_CG) by extensions ['ignore', 'ignore_ament_install']
[0.387s] Level 1:colcon.colcon_core.package_identification:_identify(data/tmp/1781438512_CG) by extension 'ignore'
[0.387s] Level 1:colcon.colcon_core.package_identification:_identify(data/tmp/1781438512_CG) by extension 'ignore_ament_install'
[0.387s] Level 1:colcon.colcon_core.package_identification:_identify(data/tmp/1781438512_CG) by extensions ['colcon_pkg']
[0.387s] Level 1:colcon.colcon_core.package_identification:_identify(data/tmp/1781438512_CG) by extension 'colcon_pkg'
[0.387s] Level 1:colcon.colcon_core.package_identification:_identify(data/tmp/1781438512_CG) by extensions ['colcon_meta']
[0.387s] Level 1:colcon.colcon_core.package_identification:_identify(data/tmp/1781438512_CG) by extension 'colcon_meta'
[0.387s] Level 1:colcon.colcon_core.package_identification:_identify(data/tmp/1781438512_CG) by extensions ['ros']
[0.387s] Level 1:colcon.colcon_core.package_identification:_identify(data/tmp/1781438512_CG) by extension 'ros'
[0.387s] Level 1:colcon.colcon_core.package_identification:_identify(data/tmp/1781438512_CG) by extensions ['cmake', 'python']
[0.387s] Level 1:colcon.colcon_core.package_identification:_identify(data/tmp/1781438512_CG) by extension 'cmake'
[0.387s] Level 1:colcon.colcon_core.package_identification:_identify(data/tmp/1781438512_CG) by extension 'python'
[0.387s] Level 1:colcon.colcon_core.package_identification:_identify(data/tmp/1781438512_CG) by extensions ['python_setup_py']
[0.387s] Level 1:colcon.colcon_core.package_identification:_identify(data/tmp/1781438512_CG) by extension 'python_setup_py'
[0.387s] Level 1:colcon.colcon_core.package_identification:_identify(data/tmp/1781438574_CG) by extensions ['ignore', 'ignore_ament_install']
[0.387s] Level 1:colcon.colcon_core.package_identification:_identify(data/tmp/1781438574_CG) by extension 'ignore'
[0.388s] Level 1:colcon.colcon_core.package_identification:_identify(data/tmp/1781438574_CG) by extension 'ignore_ament_install'
[0.388s] Level 1:colcon.colcon_core.package_identification:_identify(data/tmp/1781438574_CG) by extensions ['colcon_pkg']
[0.388s] Level 1:colcon.colcon_core.package_identification:_identify(data/tmp/1781438574_CG) by extension 'colcon_pkg'
[0.388s] Level 1:colcon.colcon_core.package_identification:_identify(data/tmp/1781438574_CG) by extensions ['colcon_meta']
[0.388s] Level 1:colcon.colcon_core.package_identification:_identify(data/tmp/1781438574_CG) by extension 'colcon_meta'
[0.388s] Level 1:colcon.colcon_core.package_identification:_identify(data/tmp/1781438574_CG) by extensions ['ros']
[0.388s] Level 1:colcon.colcon_core.package_identification:_identify(data/tmp/1781438574_CG) by extension 'ros'
[0.388s] Level 1:colcon.colcon_core.package_identification:_identify(data/tmp/1781438574_CG) by extensions ['cmake', 'python']
[0.388s] Level 1:colcon.colcon_core.package_identification:_identify(data/tmp/1781438574_CG) by extension 'cmake'
[0.388s] Level 1:colcon.colcon_core.package_identification:_identify(data/tmp/1781438574_CG) by extension 'python'
[0.388s] Level 1:colcon.colcon_core.package_identification:_identify(data/tmp/1781438574_CG) by extensions ['python_setup_py']
[0.388s] Level 1:colcon.colcon_core.package_identification:_identify(data/tmp/1781438574_CG) by extension 'python_setup_py'
[0.388s] Level 1:colcon.colcon_core.package_identification:_identify(data/tmp/1781438602_CG) by extensions ['ignore', 'ignore_ament_install']
[0.388s] Level 1:colcon.colcon_core.package_identification:_identify(data/tmp/1781438602_CG) by extension 'ignore'
[0.388s] Level 1:colcon.colcon_core.package_identification:_identify(data/tmp/1781438602_CG) by extension 'ignore_ament_install'
[0.388s] Level 1:colcon.colcon_core.package_identification:_identify(data/tmp/1781438602_CG) by extensions ['colcon_pkg']
[0.388s] Level 1:colcon.colcon_core.package_identification:_identify(data/tmp/1781438602_CG) by extension 'colcon_pkg'
[0.388s] Level 1:colcon.colcon_core.package_identification:_identify(data/tmp/1781438602_CG) by extensions ['colcon_meta']
[0.388s] Level 1:colcon.colcon_core.package_identification:_identify(data/tmp/1781438602_CG) by extension 'colcon_meta'
[0.388s] Level 1:colcon.colcon_core.package_identification:_identify(data/tmp/1781438602_CG) by extensions ['ros']
[0.388s] Level 1:colcon.colcon_core.package_identification:_identify(data/tmp/1781438602_CG) by extension 'ros'
[0.388s] Level 1:colcon.colcon_core.package_identification:_identify(data/tmp/1781438602_CG) by extensions ['cmake', 'python']
[0.388s] Level 1:colcon.colcon_core.package_identification:_identify(data/tmp/1781438602_CG) by extension 'cmake'
[0.388s] Level 1:colcon.colcon_core.package_identification:_identify(data/tmp/1781438602_CG) by extension 'python'
[0.388s] Level 1:colcon.colcon_core.package_identification:_identify(data/tmp/1781438602_CG) by extensions ['python_setup_py']
[0.388s] Level 1:colcon.colcon_core.package_identification:_identify(data/tmp/1781438602_CG) by extension 'python_setup_py'
[0.388s] Level 1:colcon.colcon_core.package_identification:_identify(data/tmp/1781438664_CG) by extensions ['ignore', 'ignore_ament_install']
[0.388s] Level 1:colcon.colcon_core.package_identification:_identify(data/tmp/1781438664_CG) by extension 'ignore'
[0.389s] Level 1:colcon.colcon_core.package_identification:_identify(data/tmp/1781438664_CG) by extension 'ignore_ament_install'
[0.389s] Level 1:colcon.colcon_core.package_identification:_identify(data/tmp/1781438664_CG) by extensions ['colcon_pkg']
[0.389s] Level 1:colcon.colcon_core.package_identification:_identify(data/tmp/1781438664_CG) by extension 'colcon_pkg'
[0.389s] Level 1:colcon.colcon_core.package_identification:_identify(data/tmp/1781438664_CG) by extensions ['colcon_meta']
[0.389s] Level 1:colcon.colcon_core.package_identification:_identify(data/tmp/1781438664_CG) by extension 'colcon_meta'
[0.389s] Level 1:colcon.colcon_core.package_identification:_identify(data/tmp/1781438664_CG) by extensions ['ros']
[0.389s] Level 1:colcon.colcon_core.package_identification:_identify(data/tmp/1781438664_CG) by extension 'ros'
[0.389s] Level 1:colcon.colcon_core.package_identification:_identify(data/tmp/1781438664_CG) by extensions ['cmake', 'python']
[0.389s] Level 1:colcon.colcon_core.package_identification:_identify(data/tmp/1781438664_CG) by extension 'cmake'
[0.389s] Level 1:colcon.colcon_core.package_identification:_identify(data/tmp/1781438664_CG) by extension 'python'
[0.389s] Level 1:colcon.colcon_core.package_identification:_identify(data/tmp/1781438664_CG) by extensions ['python_setup_py']
[0.389s] Level 1:colcon.colcon_core.package_identification:_identify(data/tmp/1781438664_CG) by extension 'python_setup_py'
[0.389s] Level 1:colcon.colcon_core.package_identification:_identify(data/tmp/1781438766_CG) by extensions ['ignore', 'ignore_ament_install']
[0.389s] Level 1:colcon.colcon_core.package_identification:_identify(data/tmp/1781438766_CG) by extension 'ignore'
[0.389s] Level 1:colcon.colcon_core.package_identification:_identify(data/tmp/1781438766_CG) by extension 'ignore_ament_install'
[0.389s] Level 1:colcon.colcon_core.package_identification:_identify(data/tmp/1781438766_CG) by extensions ['colcon_pkg']
[0.389s] Level 1:colcon.colcon_core.package_identification:_identify(data/tmp/1781438766_CG) by extension 'colcon_pkg'
[0.389s] Level 1:colcon.colcon_core.package_identification:_identify(data/tmp/1781438766_CG) by extensions ['colcon_meta']
[0.389s] Level 1:colcon.colcon_core.package_identification:_identify(data/tmp/1781438766_CG) by extension 'colcon_meta'
[0.389s] Level 1:colcon.colcon_core.package_identification:_identify(data/tmp/1781438766_CG) by extensions ['ros']
[0.389s] Level 1:colcon.colcon_core.package_identification:_identify(data/tmp/1781438766_CG) by extension 'ros'
[0.389s] Level 1:colcon.colcon_core.package_identification:_identify(data/tmp/1781438766_CG) by extensions ['cmake', 'python']
[0.389s] Level 1:colcon.colcon_core.package_identification:_identify(data/tmp/1781438766_CG) by extension 'cmake'
[0.389s] Level 1:colcon.colcon_core.package_identification:_identify(data/tmp/1781438766_CG) by extension 'python'
[0.389s] Level 1:colcon.colcon_core.package_identification:_identify(data/tmp/1781438766_CG) by extensions ['python_setup_py']
[0.389s] Level 1:colcon.colcon_core.package_identification:_identify(data/tmp/1781438766_CG) by extension 'python_setup_py'
[0.390s] Level 1:colcon.colcon_core.package_identification:_identify(data/tmp/1781438821_CG) by extensions ['ignore', 'ignore_ament_install']
[0.390s] Level 1:colcon.colcon_core.package_identification:_identify(data/tmp/1781438821_CG) by extension 'ignore'
[0.390s] Level 1:colcon.colcon_core.package_identification:_identify(data/tmp/1781438821_CG) by extension 'ignore_ament_install'
[0.390s] Level 1:colcon.colcon_core.package_identification:_identify(data/tmp/1781438821_CG) by extensions ['colcon_pkg']
[0.390s] Level 1:colcon.colcon_core.package_identification:_identify(data/tmp/1781438821_CG) by extension 'colcon_pkg'
[0.390s] Level 1:colcon.colcon_core.package_identification:_identify(data/tmp/1781438821_CG) by extensions ['colcon_meta']
[0.390s] Level 1:colcon.colcon_core.package_identification:_identify(data/tmp/1781438821_CG) by extension 'colcon_meta'
[0.390s] Level 1:colcon.colcon_core.package_identification:_identify(data/tmp/1781438821_CG) by extensions ['ros']
[0.390s] Level 1:colcon.colcon_core.package_identification:_identify(data/tmp/1781438821_CG) by extension 'ros'
[0.390s] Level 1:colcon.colcon_core.package_identification:_identify(data/tmp/1781438821_CG) by extensions ['cmake', 'python']
[0.390s] Level 1:colcon.colcon_core.package_identification:_identify(data/tmp/1781438821_CG) by extension 'cmake'
[0.390s] Level 1:colcon.colcon_core.package_identification:_identify(data/tmp/1781438821_CG) by extension 'python'
[0.390s] Level 1:colcon.colcon_core.package_identification:_identify(data/tmp/1781438821_CG) by extensions ['python_setup_py']
[0.390s] Level 1:colcon.colcon_core.package_identification:_identify(data/tmp/1781438821_CG) by extension 'python_setup_py'
[0.390s] Level 1:colcon.colcon_core.package_identification:_identify(data/tmp/1781438869_CG) by extensions ['ignore', 'ignore_ament_install']
[0.390s] Level 1:colcon.colcon_core.package_identification:_identify(data/tmp/1781438869_CG) by extension 'ignore'
[0.390s] Level 1:colcon.colcon_core.package_identification:_identify(data/tmp/1781438869_CG) by extension 'ignore_ament_install'
[0.390s] Level 1:colcon.colcon_core.package_identification:_identify(data/tmp/1781438869_CG) by extensions ['colcon_pkg']
[0.390s] Level 1:colcon.colcon_core.package_identification:_identify(data/tmp/1781438869_CG) by extension 'colcon_pkg'
[0.390s] Level 1:colcon.colcon_core.package_identification:_identify(data/tmp/1781438869_CG) by extensions ['colcon_meta']
[0.390s] Level 1:colcon.colcon_core.package_identification:_identify(data/tmp/1781438869_CG) by extension 'colcon_meta'
[0.390s] Level 1:colcon.colcon_core.package_identification:_identify(data/tmp/1781438869_CG) by extensions ['ros']
[0.390s] Level 1:colcon.colcon_core.package_identification:_identify(data/tmp/1781438869_CG) by extension 'ros'
[0.390s] Level 1:colcon.colcon_core.package_identification:_identify(data/tmp/1781438869_CG) by extensions ['cmake', 'python']
[0.390s] Level 1:colcon.colcon_core.package_identification:_identify(data/tmp/1781438869_CG) by extension 'cmake'
[0.390s] Level 1:colcon.colcon_core.package_identification:_identify(data/tmp/1781438869_CG) by extension 'python'
[0.391s] Level 1:colcon.colcon_core.package_identification:_identify(data/tmp/1781438869_CG) by extensions ['python_setup_py']
[0.391s] Level 1:colcon.colcon_core.package_identification:_identify(data/tmp/1781438869_CG) by extension 'python_setup_py'
[0.391s] Level 1:colcon.colcon_core.package_identification:_identify(data/tmp/1781438929_CG) by extensions ['ignore', 'ignore_ament_install']
[0.391s] Level 1:colcon.colcon_core.package_identification:_identify(data/tmp/1781438929_CG) by extension 'ignore'
[0.391s] Level 1:colcon.colcon_core.package_identification:_identify(data/tmp/1781438929_CG) by extension 'ignore_ament_install'
[0.391s] Level 1:colcon.colcon_core.package_identification:_identify(data/tmp/1781438929_CG) by extensions ['colcon_pkg']
[0.391s] Level 1:colcon.colcon_core.package_identification:_identify(data/tmp/1781438929_CG) by extension 'colcon_pkg'
[0.391s] Level 1:colcon.colcon_core.package_identification:_identify(data/tmp/1781438929_CG) by extensions ['colcon_meta']
[0.391s] Level 1:colcon.colcon_core.package_identification:_identify(data/tmp/1781438929_CG) by extension 'colcon_meta'
[0.391s] Level 1:colcon.colcon_core.package_identification:_identify(data/tmp/1781438929_CG) by extensions ['ros']
[0.391s] Level 1:colcon.colcon_core.package_identification:_identify(data/tmp/1781438929_CG) by extension 'ros'
[0.391s] Level 1:colcon.colcon_core.package_identification:_identify(data/tmp/1781438929_CG) by extensions ['cmake', 'python']
[0.391s] Level 1:colcon.colcon_core.package_identification:_identify(data/tmp/1781438929_CG) by extension 'cmake'
[0.391s] Level 1:colcon.colcon_core.package_identification:_identify(data/tmp/1781438929_CG) by extension 'python'
[0.391s] Level 1:colcon.colcon_core.package_identification:_identify(data/tmp/1781438929_CG) by extensions ['python_setup_py']
[0.391s] Level 1:colcon.colcon_core.package_identification:_identify(data/tmp/1781438929_CG) by extension 'python_setup_py'
[0.391s] Level 1:colcon.colcon_core.package_identification:_identify(data/tmp/1781441198_CG) by extensions ['ignore', 'ignore_ament_install']
[0.391s] Level 1:colcon.colcon_core.package_identification:_identify(data/tmp/1781441198_CG) by extension 'ignore'
[0.391s] Level 1:colcon.colcon_core.package_identification:_identify(data/tmp/1781441198_CG) by extension 'ignore_ament_install'
[0.391s] Level 1:colcon.colcon_core.package_identification:_identify(data/tmp/1781441198_CG) by extensions ['colcon_pkg']
[0.391s] Level 1:colcon.colcon_core.package_identification:_identify(data/tmp/1781441198_CG) by extension 'colcon_pkg'
[0.391s] Level 1:colcon.colcon_core.package_identification:_identify(data/tmp/1781441198_CG) by extensions ['colcon_meta']
[0.391s] Level 1:colcon.colcon_core.package_identification:_identify(data/tmp/1781441198_CG) by extension 'colcon_meta'
[0.391s] Level 1:colcon.colcon_core.package_identification:_identify(data/tmp/1781441198_CG) by extensions ['ros']
[0.391s] Level 1:colcon.colcon_core.package_identification:_identify(data/tmp/1781441198_CG) by extension 'ros'
[0.391s] Level 1:colcon.colcon_core.package_identification:_identify(data/tmp/1781441198_CG) by extensions ['cmake', 'python']
[0.391s] Level 1:colcon.colcon_core.package_identification:_identify(data/tmp/1781441198_CG) by extension 'cmake'
[0.392s] Level 1:colcon.colcon_core.package_identification:_identify(data/tmp/1781441198_CG) by extension 'python'
[0.392s] Level 1:colcon.colcon_core.package_identification:_identify(data/tmp/1781441198_CG) by extensions ['python_setup_py']
[0.392s] Level 1:colcon.colcon_core.package_identification:_identify(data/tmp/1781441198_CG) by extension 'python_setup_py'
[0.392s] Level 1:colcon.colcon_core.package_identification:_identify(data/tmp/1781442153_CG) by extensions ['ignore', 'ignore_ament_install']
[0.392s] Level 1:colcon.colcon_core.package_identification:_identify(data/tmp/1781442153_CG) by extension 'ignore'
[0.392s] Level 1:colcon.colcon_core.package_identification:_identify(data/tmp/1781442153_CG) by extension 'ignore_ament_install'
[0.392s] Level 1:colcon.colcon_core.package_identification:_identify(data/tmp/1781442153_CG) by extensions ['colcon_pkg']
[0.392s] Level 1:colcon.colcon_core.package_identification:_identify(data/tmp/1781442153_CG) by extension 'colcon_pkg'
[0.392s] Level 1:colcon.colcon_core.package_identification:_identify(data/tmp/1781442153_CG) by extensions ['colcon_meta']
[0.392s] Level 1:colcon.colcon_core.package_identification:_identify(data/tmp/1781442153_CG) by extension 'colcon_meta'
[0.392s] Level 1:colcon.colcon_core.package_identification:_identify(data/tmp/1781442153_CG) by extensions ['ros']
[0.392s] Level 1:colcon.colcon_core.package_identification:_identify(data/tmp/1781442153_CG) by extension 'ros'
[0.392s] Level 1:colcon.colcon_core.package_identification:_identify(data/tmp/1781442153_CG) by extensions ['cmake', 'python']
[0.392s] Level 1:colcon.colcon_core.package_identification:_identify(data/tmp/1781442153_CG) by extension 'cmake'
[0.392s] Level 1:colcon.colcon_core.package_identification:_identify(data/tmp/1781442153_CG) by extension 'python'
[0.392s] Level 1:colcon.colcon_core.package_identification:_identify(data/tmp/1781442153_CG) by extensions ['python_setup_py']
[0.392s] Level 1:colcon.colcon_core.package_identification:_identify(data/tmp/1781442153_CG) by extension 'python_setup_py'
[0.392s] Level 1:colcon.colcon_core.package_identification:_identify(data/tmp/1781442471_CG) by extensions ['ignore', 'ignore_ament_install']
[0.392s] Level 1:colcon.colcon_core.package_identification:_identify(data/tmp/1781442471_CG) by extension 'ignore'
[0.392s] Level 1:colcon.colcon_core.package_identification:_identify(data/tmp/1781442471_CG) by extension 'ignore_ament_install'
[0.392s] Level 1:colcon.colcon_core.package_identification:_identify(data/tmp/1781442471_CG) by extensions ['colcon_pkg']
[0.392s] Level 1:colcon.colcon_core.package_identification:_identify(data/tmp/1781442471_CG) by extension 'colcon_pkg'
[0.392s] Level 1:colcon.colcon_core.package_identification:_identify(data/tmp/1781442471_CG) by extensions ['colcon_meta']
[0.392s] Level 1:colcon.colcon_core.package_identification:_identify(data/tmp/1781442471_CG) by extension 'colcon_meta'
[0.392s] Level 1:colcon.colcon_core.package_identification:_identify(data/tmp/1781442471_CG) by extensions ['ros']
[0.392s] Level 1:colcon.colcon_core.package_identification:_identify(data/tmp/1781442471_CG) by extension 'ros'
[0.392s] Level 1:colcon.colcon_core.package_identification:_identify(data/tmp/1781442471_CG) by extensions ['cmake', 'python']
[0.393s] Level 1:colcon.colcon_core.package_identification:_identify(data/tmp/1781442471_CG) by extension 'cmake'
[0.393s] Level 1:colcon.colcon_core.package_identification:_identify(data/tmp/1781442471_CG) by extension 'python'
[0.393s] Level 1:colcon.colcon_core.package_identification:_identify(data/tmp/1781442471_CG) by extensions ['python_setup_py']
[0.393s] Level 1:colcon.colcon_core.package_identification:_identify(data/tmp/1781442471_CG) by extension 'python_setup_py'
[0.393s] Level 1:colcon.colcon_core.package_identification:_identify(data/tmp/1781442485_CG) by extensions ['ignore', 'ignore_ament_install']
[0.393s] Level 1:colcon.colcon_core.package_identification:_identify(data/tmp/1781442485_CG) by extension 'ignore'
[0.393s] Level 1:colcon.colcon_core.package_identification:_identify(data/tmp/1781442485_CG) by extension 'ignore_ament_install'
[0.393s] Level 1:colcon.colcon_core.package_identification:_identify(data/tmp/1781442485_CG) by extensions ['colcon_pkg']
[0.393s] Level 1:colcon.colcon_core.package_identification:_identify(data/tmp/1781442485_CG) by extension 'colcon_pkg'
[0.393s] Level 1:colcon.colcon_core.package_identification:_identify(data/tmp/1781442485_CG) by extensions ['colcon_meta']
[0.393s] Level 1:colcon.colcon_core.package_identification:_identify(data/tmp/1781442485_CG) by extension 'colcon_meta'
[0.393s] Level 1:colcon.colcon_core.package_identification:_identify(data/tmp/1781442485_CG) by extensions ['ros']
[0.393s] Level 1:colcon.colcon_core.package_identification:_identify(data/tmp/1781442485_CG) by extension 'ros'
[0.393s] Level 1:colcon.colcon_core.package_identification:_identify(data/tmp/1781442485_CG) by extensions ['cmake', 'python']
[0.393s] Level 1:colcon.colcon_core.package_identification:_identify(data/tmp/1781442485_CG) by extension 'cmake'
[0.393s] Level 1:colcon.colcon_core.package_identification:_identify(data/tmp/1781442485_CG) by extension 'python'
[0.393s] Level 1:colcon.colcon_core.package_identification:_identify(data/tmp/1781442485_CG) by extensions ['python_setup_py']
[0.393s] Level 1:colcon.colcon_core.package_identification:_identify(data/tmp/1781442485_CG) by extension 'python_setup_py'
[0.393s] Level 1:colcon.colcon_core.package_identification:_identify(data/tmp/1781442499_CG) by extensions ['ignore', 'ignore_ament_install']
[0.393s] Level 1:colcon.colcon_core.package_identification:_identify(data/tmp/1781442499_CG) by extension 'ignore'
[0.393s] Level 1:colcon.colcon_core.package_identification:_identify(data/tmp/1781442499_CG) by extension 'ignore_ament_install'
[0.393s] Level 1:colcon.colcon_core.package_identification:_identify(data/tmp/1781442499_CG) by extensions ['colcon_pkg']
[0.393s] Level 1:colcon.colcon_core.package_identification:_identify(data/tmp/1781442499_CG) by extension 'colcon_pkg'
[0.393s] Level 1:colcon.colcon_core.package_identification:_identify(data/tmp/1781442499_CG) by extensions ['colcon_meta']
[0.393s] Level 1:colcon.colcon_core.package_identification:_identify(data/tmp/1781442499_CG) by extension 'colcon_meta'
[0.393s] Level 1:colcon.colcon_core.package_identification:_identify(data/tmp/1781442499_CG) by extensions ['ros']
[0.393s] Level 1:colcon.colcon_core.package_identification:_identify(data/tmp/1781442499_CG) by extension 'ros'
[0.394s] Level 1:colcon.colcon_core.package_identification:_identify(data/tmp/1781442499_CG) by extensions ['cmake', 'python']
[0.394s] Level 1:colcon.colcon_core.package_identification:_identify(data/tmp/1781442499_CG) by extension 'cmake'
[0.394s] Level 1:colcon.colcon_core.package_identification:_identify(data/tmp/1781442499_CG) by extension 'python'
[0.394s] Level 1:colcon.colcon_core.package_identification:_identify(data/tmp/1781442499_CG) by extensions ['python_setup_py']
[0.394s] Level 1:colcon.colcon_core.package_identification:_identify(data/tmp/1781442499_CG) by extension 'python_setup_py'
[0.394s] Level 1:colcon.colcon_core.package_identification:_identify(data/tmp/1781442509_CG) by extensions ['ignore', 'ignore_ament_install']
[0.394s] Level 1:colcon.colcon_core.package_identification:_identify(data/tmp/1781442509_CG) by extension 'ignore'
[0.394s] Level 1:colcon.colcon_core.package_identification:_identify(data/tmp/1781442509_CG) by extension 'ignore_ament_install'
[0.394s] Level 1:colcon.colcon_core.package_identification:_identify(data/tmp/1781442509_CG) by extensions ['colcon_pkg']
[0.394s] Level 1:colcon.colcon_core.package_identification:_identify(data/tmp/1781442509_CG) by extension 'colcon_pkg'
[0.394s] Level 1:colcon.colcon_core.package_identification:_identify(data/tmp/1781442509_CG) by extensions ['colcon_meta']
[0.394s] Level 1:colcon.colcon_core.package_identification:_identify(data/tmp/1781442509_CG) by extension 'colcon_meta'
[0.394s] Level 1:colcon.colcon_core.package_identification:_identify(data/tmp/1781442509_CG) by extensions ['ros']
[0.394s] Level 1:colcon.colcon_core.package_identification:_identify(data/tmp/1781442509_CG) by extension 'ros'
[0.394s] Level 1:colcon.colcon_core.package_identification:_identify(data/tmp/1781442509_CG) by extensions ['cmake', 'python']
[0.394s] Level 1:colcon.colcon_core.package_identification:_identify(data/tmp/1781442509_CG) by extension 'cmake'
[0.394s] Level 1:colcon.colcon_core.package_identification:_identify(data/tmp/1781442509_CG) by extension 'python'
[0.394s] Level 1:colcon.colcon_core.package_identification:_identify(data/tmp/1781442509_CG) by extensions ['python_setup_py']
[0.394s] Level 1:colcon.colcon_core.package_identification:_identify(data/tmp/1781442509_CG) by extension 'python_setup_py'
[0.394s] Level 1:colcon.colcon_core.package_identification:_identify(data/tmp/1781442517_CG) by extensions ['ignore', 'ignore_ament_install']
[0.394s] Level 1:colcon.colcon_core.package_identification:_identify(data/tmp/1781442517_CG) by extension 'ignore'
[0.394s] Level 1:colcon.colcon_core.package_identification:_identify(data/tmp/1781442517_CG) by extension 'ignore_ament_install'
[0.394s] Level 1:colcon.colcon_core.package_identification:_identify(data/tmp/1781442517_CG) by extensions ['colcon_pkg']
[0.394s] Level 1:colcon.colcon_core.package_identification:_identify(data/tmp/1781442517_CG) by extension 'colcon_pkg'
[0.394s] Level 1:colcon.colcon_core.package_identification:_identify(data/tmp/1781442517_CG) by extensions ['colcon_meta']
[0.394s] Level 1:colcon.colcon_core.package_identification:_identify(data/tmp/1781442517_CG) by extension 'colcon_meta'
[0.394s] Level 1:colcon.colcon_core.package_identification:_identify(data/tmp/1781442517_CG) by extensions ['ros']
[0.394s] Level 1:colcon.colcon_core.package_identification:_identify(data/tmp/1781442517_CG) by extension 'ros'
[0.395s] Level 1:colcon.colcon_core.package_identification:_identify(data/tmp/1781442517_CG) by extensions ['cmake', 'python']
[0.395s] Level 1:colcon.colcon_core.package_identification:_identify(data/tmp/1781442517_CG) by extension 'cmake'
[0.395s] Level 1:colcon.colcon_core.package_identification:_identify(data/tmp/1781442517_CG) by extension 'python'
[0.395s] Level 1:colcon.colcon_core.package_identification:_identify(data/tmp/1781442517_CG) by extensions ['python_setup_py']
[0.395s] Level 1:colcon.colcon_core.package_identification:_identify(data/tmp/1781442517_CG) by extension 'python_setup_py'
[0.395s] Level 1:colcon.colcon_core.package_identification:_identify(data/tmp/1781442526_CG) by extensions ['ignore', 'ignore_ament_install']
[0.395s] Level 1:colcon.colcon_core.package_identification:_identify(data/tmp/1781442526_CG) by extension 'ignore'
[0.395s] Level 1:colcon.colcon_core.package_identification:_identify(data/tmp/1781442526_CG) by extension 'ignore_ament_install'
[0.395s] Level 1:colcon.colcon_core.package_identification:_identify(data/tmp/1781442526_CG) by extensions ['colcon_pkg']
[0.395s] Level 1:colcon.colcon_core.package_identification:_identify(data/tmp/1781442526_CG) by extension 'colcon_pkg'
[0.395s] Level 1:colcon.colcon_core.package_identification:_identify(data/tmp/1781442526_CG) by extensions ['colcon_meta']
[0.395s] Level 1:colcon.colcon_core.package_identification:_identify(data/tmp/1781442526_CG) by extension 'colcon_meta'
[0.395s] Level 1:colcon.colcon_core.package_identification:_identify(data/tmp/1781442526_CG) by extensions ['ros']
[0.395s] Level 1:colcon.colcon_core.package_identification:_identify(data/tmp/1781442526_CG) by extension 'ros'
[0.395s] Level 1:colcon.colcon_core.package_identification:_identify(data/tmp/1781442526_CG) by extensions ['cmake', 'python']
[0.395s] Level 1:colcon.colcon_core.package_identification:_identify(data/tmp/1781442526_CG) by extension 'cmake'
[0.395s] Level 1:colcon.colcon_core.package_identification:_identify(data/tmp/1781442526_CG) by extension 'python'
[0.395s] Level 1:colcon.colcon_core.package_identification:_identify(data/tmp/1781442526_CG) by extensions ['python_setup_py']
[0.395s] Level 1:colcon.colcon_core.package_identification:_identify(data/tmp/1781442526_CG) by extension 'python_setup_py'
[0.395s] Level 1:colcon.colcon_core.package_identification:_identify(data/tmp/1781442556_CG) by extensions ['ignore', 'ignore_ament_install']
[0.395s] Level 1:colcon.colcon_core.package_identification:_identify(data/tmp/1781442556_CG) by extension 'ignore'
[0.395s] Level 1:colcon.colcon_core.package_identification:_identify(data/tmp/1781442556_CG) by extension 'ignore_ament_install'
[0.395s] Level 1:colcon.colcon_core.package_identification:_identify(data/tmp/1781442556_CG) by extensions ['colcon_pkg']
[0.395s] Level 1:colcon.colcon_core.package_identification:_identify(data/tmp/1781442556_CG) by extension 'colcon_pkg'
[0.395s] Level 1:colcon.colcon_core.package_identification:_identify(data/tmp/1781442556_CG) by extensions ['colcon_meta']
[0.395s] Level 1:colcon.colcon_core.package_identification:_identify(data/tmp/1781442556_CG) by extension 'colcon_meta'
[0.395s] Level 1:colcon.colcon_core.package_identification:_identify(data/tmp/1781442556_CG) by extensions ['ros']
[0.396s] Level 1:colcon.colcon_core.package_identification:_identify(data/tmp/1781442556_CG) by extension 'ros'
[0.396s] Level 1:colcon.colcon_core.package_identification:_identify(data/tmp/1781442556_CG) by extensions ['cmake', 'python']
[0.396s] Level 1:colcon.colcon_core.package_identification:_identify(data/tmp/1781442556_CG) by extension 'cmake'
[0.396s] Level 1:colcon.colcon_core.package_identification:_identify(data/tmp/1781442556_CG) by extension 'python'
[0.396s] Level 1:colcon.colcon_core.package_identification:_identify(data/tmp/1781442556_CG) by extensions ['python_setup_py']
[0.396s] Level 1:colcon.colcon_core.package_identification:_identify(data/tmp/1781442556_CG) by extension 'python_setup_py'
[0.396s] Level 1:colcon.colcon_core.package_identification:_identify(data/tmp/1781442570_CG) by extensions ['ignore', 'ignore_ament_install']
[0.396s] Level 1:colcon.colcon_core.package_identification:_identify(data/tmp/1781442570_CG) by extension 'ignore'
[0.396s] Level 1:colcon.colcon_core.package_identification:_identify(data/tmp/1781442570_CG) by extension 'ignore_ament_install'
[0.396s] Level 1:colcon.colcon_core.package_identification:_identify(data/tmp/1781442570_CG) by extensions ['colcon_pkg']
[0.396s] Level 1:colcon.colcon_core.package_identification:_identify(data/tmp/1781442570_CG) by extension 'colcon_pkg'
[0.396s] Level 1:colcon.colcon_core.package_identification:_identify(data/tmp/1781442570_CG) by extensions ['colcon_meta']
[0.396s] Level 1:colcon.colcon_core.package_identification:_identify(data/tmp/1781442570_CG) by extension 'colcon_meta'
[0.396s] Level 1:colcon.colcon_core.package_identification:_identify(data/tmp/1781442570_CG) by extensions ['ros']
[0.396s] Level 1:colcon.colcon_core.package_identification:_identify(data/tmp/1781442570_CG) by extension 'ros'
[0.396s] Level 1:colcon.colcon_core.package_identification:_identify(data/tmp/1781442570_CG) by extensions ['cmake', 'python']
[0.396s] Level 1:colcon.colcon_core.package_identification:_identify(data/tmp/1781442570_CG) by extension 'cmake'
[0.396s] Level 1:colcon.colcon_core.package_identification:_identify(data/tmp/1781442570_CG) by extension 'python'
[0.396s] Level 1:colcon.colcon_core.package_identification:_identify(data/tmp/1781442570_CG) by extensions ['python_setup_py']
[0.396s] Level 1:colcon.colcon_core.package_identification:_identify(data/tmp/1781442570_CG) by extension 'python_setup_py'
[0.396s] Level 1:colcon.colcon_core.package_identification:_identify(data/tmp/1781442592_CG) by extensions ['ignore', 'ignore_ament_install']
[0.396s] Level 1:colcon.colcon_core.package_identification:_identify(data/tmp/1781442592_CG) by extension 'ignore'
[0.396s] Level 1:colcon.colcon_core.package_identification:_identify(data/tmp/1781442592_CG) by extension 'ignore_ament_install'
[0.396s] Level 1:colcon.colcon_core.package_identification:_identify(data/tmp/1781442592_CG) by extensions ['colcon_pkg']
[0.396s] Level 1:colcon.colcon_core.package_identification:_identify(data/tmp/1781442592_CG) by extension 'colcon_pkg'
[0.397s] Level 1:colcon.colcon_core.package_identification:_identify(data/tmp/1781442592_CG) by extensions ['colcon_meta']
[0.397s] Level 1:colcon.colcon_core.package_identification:_identify(data/tmp/1781442592_CG) by extension 'colcon_meta'
[0.397s] Level 1:colcon.colcon_core.package_identification:_identify(data/tmp/1781442592_CG) by extensions ['ros']
[0.397s] Level 1:colcon.colcon_core.package_identification:_identify(data/tmp/1781442592_CG) by extension 'ros'
[0.397s] Level 1:colcon.colcon_core.package_identification:_identify(data/tmp/1781442592_CG) by extensions ['cmake', 'python']
[0.397s] Level 1:colcon.colcon_core.package_identification:_identify(data/tmp/1781442592_CG) by extension 'cmake'
[0.397s] Level 1:colcon.colcon_core.package_identification:_identify(data/tmp/1781442592_CG) by extension 'python'
[0.397s] Level 1:colcon.colcon_core.package_identification:_identify(data/tmp/1781442592_CG) by extensions ['python_setup_py']
[0.397s] Level 1:colcon.colcon_core.package_identification:_identify(data/tmp/1781442592_CG) by extension 'python_setup_py'
[0.397s] Level 1:colcon.colcon_core.package_identification:_identify(data/tmp/1781442715_CG) by extensions ['ignore', 'ignore_ament_install']
[0.397s] Level 1:colcon.colcon_core.package_identification:_identify(data/tmp/1781442715_CG) by extension 'ignore'
[0.397s] Level 1:colcon.colcon_core.package_identification:_identify(data/tmp/1781442715_CG) by extension 'ignore_ament_install'
[0.397s] Level 1:colcon.colcon_core.package_identification:_identify(data/tmp/1781442715_CG) by extensions ['colcon_pkg']
[0.397s] Level 1:colcon.colcon_core.package_identification:_identify(data/tmp/1781442715_CG) by extension 'colcon_pkg'
[0.397s] Level 1:colcon.colcon_core.package_identification:_identify(data/tmp/1781442715_CG) by extensions ['colcon_meta']
[0.397s] Level 1:colcon.colcon_core.package_identification:_identify(data/tmp/1781442715_CG) by extension 'colcon_meta'
[0.397s] Level 1:colcon.colcon_core.package_identification:_identify(data/tmp/1781442715_CG) by extensions ['ros']
[0.397s] Level 1:colcon.colcon_core.package_identification:_identify(data/tmp/1781442715_CG) by extension 'ros'
[0.397s] Level 1:colcon.colcon_core.package_identification:_identify(data/tmp/1781442715_CG) by extensions ['cmake', 'python']
[0.397s] Level 1:colcon.colcon_core.package_identification:_identify(data/tmp/1781442715_CG) by extension 'cmake'
[0.397s] Level 1:colcon.colcon_core.package_identification:_identify(data/tmp/1781442715_CG) by extension 'python'
[0.397s] Level 1:colcon.colcon_core.package_identification:_identify(data/tmp/1781442715_CG) by extensions ['python_setup_py']
[0.397s] Level 1:colcon.colcon_core.package_identification:_identify(data/tmp/1781442715_CG) by extension 'python_setup_py'
[0.397s] Level 1:colcon.colcon_core.package_identification:_identify(data/tmp/1781442728_CG) by extensions ['ignore', 'ignore_ament_install']
[0.398s] Level 1:colcon.colcon_core.package_identification:_identify(data/tmp/1781442728_CG) by extension 'ignore'
[0.398s] Level 1:colcon.colcon_core.package_identification:_identify(data/tmp/1781442728_CG) by extension 'ignore_ament_install'
[0.398s] Level 1:colcon.colcon_core.package_identification:_identify(data/tmp/1781442728_CG) by extensions ['colcon_pkg']
[0.398s] Level 1:colcon.colcon_core.package_identification:_identify(data/tmp/1781442728_CG) by extension 'colcon_pkg'
[0.398s] Level 1:colcon.colcon_core.package_identification:_identify(data/tmp/1781442728_CG) by extensions ['colcon_meta']
[0.398s] Level 1:colcon.colcon_core.package_identification:_identify(data/tmp/1781442728_CG) by extension 'colcon_meta'
[0.398s] Level 1:colcon.colcon_core.package_identification:_identify(data/tmp/1781442728_CG) by extensions ['ros']
[0.398s] Level 1:colcon.colcon_core.package_identification:_identify(data/tmp/1781442728_CG) by extension 'ros'
[0.398s] Level 1:colcon.colcon_core.package_identification:_identify(data/tmp/1781442728_CG) by extensions ['cmake', 'python']
[0.398s] Level 1:colcon.colcon_core.package_identification:_identify(data/tmp/1781442728_CG) by extension 'cmake'
[0.398s] Level 1:colcon.colcon_core.package_identification:_identify(data/tmp/1781442728_CG) by extension 'python'
[0.398s] Level 1:colcon.colcon_core.package_identification:_identify(data/tmp/1781442728_CG) by extensions ['python_setup_py']
[0.398s] Level 1:colcon.colcon_core.package_identification:_identify(data/tmp/1781442728_CG) by extension 'python_setup_py'
[0.398s] Level 1:colcon.colcon_core.package_identification:_identify(data/tmp/1781442735_CG) by extensions ['ignore', 'ignore_ament_install']
[0.398s] Level 1:colcon.colcon_core.package_identification:_identify(data/tmp/1781442735_CG) by extension 'ignore'
[0.398s] Level 1:colcon.colcon_core.package_identification:_identify(data/tmp/1781442735_CG) by extension 'ignore_ament_install'
[0.398s] Level 1:colcon.colcon_core.package_identification:_identify(data/tmp/1781442735_CG) by extensions ['colcon_pkg']
[0.398s] Level 1:colcon.colcon_core.package_identification:_identify(data/tmp/1781442735_CG) by extension 'colcon_pkg'
[0.398s] Level 1:colcon.colcon_core.package_identification:_identify(data/tmp/1781442735_CG) by extensions ['colcon_meta']
[0.398s] Level 1:colcon.colcon_core.package_identification:_identify(data/tmp/1781442735_CG) by extension 'colcon_meta'
[0.398s] Level 1:colcon.colcon_core.package_identification:_identify(data/tmp/1781442735_CG) by extensions ['ros']
[0.398s] Level 1:colcon.colcon_core.package_identification:_identify(data/tmp/1781442735_CG) by extension 'ros'
[0.398s] Level 1:colcon.colcon_core.package_identification:_identify(data/tmp/1781442735_CG) by extensions ['cmake', 'python']
[0.398s] Level 1:colcon.colcon_core.package_identification:_identify(data/tmp/1781442735_CG) by extension 'cmake'
[0.398s] Level 1:colcon.colcon_core.package_identification:_identify(data/tmp/1781442735_CG) by extension 'python'
[0.398s] Level 1:colcon.colcon_core.package_identification:_identify(data/tmp/1781442735_CG) by extensions ['python_setup_py']
[0.398s] Level 1:colcon.colcon_core.package_identification:_identify(data/tmp/1781442735_CG) by extension 'python_setup_py'
[0.398s] Level 1:colcon.colcon_core.package_identification:_identify(data/tmp/1781442744_CG) by extensions ['ignore', 'ignore_ament_install']
[0.399s] Level 1:colcon.colcon_core.package_identification:_identify(data/tmp/1781442744_CG) by extension 'ignore'
[0.399s] Level 1:colcon.colcon_core.package_identification:_identify(data/tmp/1781442744_CG) by extension 'ignore_ament_install'
[0.399s] Level 1:colcon.colcon_core.package_identification:_identify(data/tmp/1781442744_CG) by extensions ['colcon_pkg']
[0.399s] Level 1:colcon.colcon_core.package_identification:_identify(data/tmp/1781442744_CG) by extension 'colcon_pkg'
[0.399s] Level 1:colcon.colcon_core.package_identification:_identify(data/tmp/1781442744_CG) by extensions ['colcon_meta']
[0.399s] Level 1:colcon.colcon_core.package_identification:_identify(data/tmp/1781442744_CG) by extension 'colcon_meta'
[0.399s] Level 1:colcon.colcon_core.package_identification:_identify(data/tmp/1781442744_CG) by extensions ['ros']
[0.399s] Level 1:colcon.colcon_core.package_identification:_identify(data/tmp/1781442744_CG) by extension 'ros'
[0.399s] Level 1:colcon.colcon_core.package_identification:_identify(data/tmp/1781442744_CG) by extensions ['cmake', 'python']
[0.399s] Level 1:colcon.colcon_core.package_identification:_identify(data/tmp/1781442744_CG) by extension 'cmake'
[0.399s] Level 1:colcon.colcon_core.package_identification:_identify(data/tmp/1781442744_CG) by extension 'python'
[0.399s] Level 1:colcon.colcon_core.package_identification:_identify(data/tmp/1781442744_CG) by extensions ['python_setup_py']
[0.399s] Level 1:colcon.colcon_core.package_identification:_identify(data/tmp/1781442744_CG) by extension 'python_setup_py'
[0.399s] Level 1:colcon.colcon_core.package_identification:_identify(data/tmp/1781442758_CG) by extensions ['ignore', 'ignore_ament_install']
[0.399s] Level 1:colcon.colcon_core.package_identification:_identify(data/tmp/1781442758_CG) by extension 'ignore'
[0.399s] Level 1:colcon.colcon_core.package_identification:_identify(data/tmp/1781442758_CG) by extension 'ignore_ament_install'
[0.399s] Level 1:colcon.colcon_core.package_identification:_identify(data/tmp/1781442758_CG) by extensions ['colcon_pkg']
[0.399s] Level 1:colcon.colcon_core.package_identification:_identify(data/tmp/1781442758_CG) by extension 'colcon_pkg'
[0.399s] Level 1:colcon.colcon_core.package_identification:_identify(data/tmp/1781442758_CG) by extensions ['colcon_meta']
[0.399s] Level 1:colcon.colcon_core.package_identification:_identify(data/tmp/1781442758_CG) by extension 'colcon_meta'
[0.399s] Level 1:colcon.colcon_core.package_identification:_identify(data/tmp/1781442758_CG) by extensions ['ros']
[0.399s] Level 1:colcon.colcon_core.package_identification:_identify(data/tmp/1781442758_CG) by extension 'ros'
[0.399s] Level 1:colcon.colcon_core.package_identification:_identify(data/tmp/1781442758_CG) by extensions ['cmake', 'python']
[0.399s] Level 1:colcon.colcon_core.package_identification:_identify(data/tmp/1781442758_CG) by extension 'cmake'
[0.399s] Level 1:colcon.colcon_core.package_identification:_identify(data/tmp/1781442758_CG) by extension 'python'
[0.399s] Level 1:colcon.colcon_core.package_identification:_identify(data/tmp/1781442758_CG) by extensions ['python_setup_py']
[0.399s] Level 1:colcon.colcon_core.package_identification:_identify(data/tmp/1781442758_CG) by extension 'python_setup_py'
[0.399s] Level 1:colcon.colcon_core.package_identification:_identify(data/tmp/1781442772_CG) by extensions ['ignore', 'ignore_ament_install']
[0.399s] Level 1:colcon.colcon_core.package_identification:_identify(data/tmp/1781442772_CG) by extension 'ignore'
[0.400s] Level 1:colcon.colcon_core.package_identification:_identify(data/tmp/1781442772_CG) by extension 'ignore_ament_install'
[0.400s] Level 1:colcon.colcon_core.package_identification:_identify(data/tmp/1781442772_CG) by extensions ['colcon_pkg']
[0.400s] Level 1:colcon.colcon_core.package_identification:_identify(data/tmp/1781442772_CG) by extension 'colcon_pkg'
[0.400s] Level 1:colcon.colcon_core.package_identification:_identify(data/tmp/1781442772_CG) by extensions ['colcon_meta']
[0.400s] Level 1:colcon.colcon_core.package_identification:_identify(data/tmp/1781442772_CG) by extension 'colcon_meta'
[0.400s] Level 1:colcon.colcon_core.package_identification:_identify(data/tmp/1781442772_CG) by extensions ['ros']
[0.400s] Level 1:colcon.colcon_core.package_identification:_identify(data/tmp/1781442772_CG) by extension 'ros'
[0.400s] Level 1:colcon.colcon_core.package_identification:_identify(data/tmp/1781442772_CG) by extensions ['cmake', 'python']
[0.400s] Level 1:colcon.colcon_core.package_identification:_identify(data/tmp/1781442772_CG) by extension 'cmake'
[0.400s] Level 1:colcon.colcon_core.package_identification:_identify(data/tmp/1781442772_CG) by extension 'python'
[0.400s] Level 1:colcon.colcon_core.package_identification:_identify(data/tmp/1781442772_CG) by extensions ['python_setup_py']
[0.400s] Level 1:colcon.colcon_core.package_identification:_identify(data/tmp/1781442772_CG) by extension 'python_setup_py'
[0.400s] Level 1:colcon.colcon_core.package_identification:_identify(data/tmp/1781442899_CG) by extensions ['ignore', 'ignore_ament_install']
[0.400s] Level 1:colcon.colcon_core.package_identification:_identify(data/tmp/1781442899_CG) by extension 'ignore'
[0.400s] Level 1:colcon.colcon_core.package_identification:_identify(data/tmp/1781442899_CG) by extension 'ignore_ament_install'
[0.400s] Level 1:colcon.colcon_core.package_identification:_identify(data/tmp/1781442899_CG) by extensions ['colcon_pkg']
[0.400s] Level 1:colcon.colcon_core.package_identification:_identify(data/tmp/1781442899_CG) by extension 'colcon_pkg'
[0.400s] Level 1:colcon.colcon_core.package_identification:_identify(data/tmp/1781442899_CG) by extensions ['colcon_meta']
[0.400s] Level 1:colcon.colcon_core.package_identification:_identify(data/tmp/1781442899_CG) by extension 'colcon_meta'
[0.400s] Level 1:colcon.colcon_core.package_identification:_identify(data/tmp/1781442899_CG) by extensions ['ros']
[0.400s] Level 1:colcon.colcon_core.package_identification:_identify(data/tmp/1781442899_CG) by extension 'ros'
[0.400s] Level 1:colcon.colcon_core.package_identification:_identify(data/tmp/1781442899_CG) by extensions ['cmake', 'python']
[0.400s] Level 1:colcon.colcon_core.package_identification:_identify(data/tmp/1781442899_CG) by extension 'cmake'
[0.400s] Level 1:colcon.colcon_core.package_identification:_identify(data/tmp/1781442899_CG) by extension 'python'
[0.400s] Level 1:colcon.colcon_core.package_identification:_identify(data/tmp/1781442899_CG) by extensions ['python_setup_py']
[0.400s] Level 1:colcon.colcon_core.package_identification:_identify(data/tmp/1781442899_CG) by extension 'python_setup_py'
[0.400s] Level 1:colcon.colcon_core.package_identification:_identify(data/tmp/1781442918_CG) by extensions ['ignore', 'ignore_ament_install']
[0.400s] Level 1:colcon.colcon_core.package_identification:_identify(data/tmp/1781442918_CG) by extension 'ignore'
[0.401s] Level 1:colcon.colcon_core.package_identification:_identify(data/tmp/1781442918_CG) by extension 'ignore_ament_install'
[0.401s] Level 1:colcon.colcon_core.package_identification:_identify(data/tmp/1781442918_CG) by extensions ['colcon_pkg']
[0.401s] Level 1:colcon.colcon_core.package_identification:_identify(data/tmp/1781442918_CG) by extension 'colcon_pkg'
[0.401s] Level 1:colcon.colcon_core.package_identification:_identify(data/tmp/1781442918_CG) by extensions ['colcon_meta']
[0.401s] Level 1:colcon.colcon_core.package_identification:_identify(data/tmp/1781442918_CG) by extension 'colcon_meta'
[0.401s] Level 1:colcon.colcon_core.package_identification:_identify(data/tmp/1781442918_CG) by extensions ['ros']
[0.401s] Level 1:colcon.colcon_core.package_identification:_identify(data/tmp/1781442918_CG) by extension 'ros'
[0.401s] Level 1:colcon.colcon_core.package_identification:_identify(data/tmp/1781442918_CG) by extensions ['cmake', 'python']
[0.401s] Level 1:colcon.colcon_core.package_identification:_identify(data/tmp/1781442918_CG) by extension 'cmake'
[0.401s] Level 1:colcon.colcon_core.package_identification:_identify(data/tmp/1781442918_CG) by extension 'python'
[0.401s] Level 1:colcon.colcon_core.package_identification:_identify(data/tmp/1781442918_CG) by extensions ['python_setup_py']
[0.401s] Level 1:colcon.colcon_core.package_identification:_identify(data/tmp/1781442918_CG) by extension 'python_setup_py'
[0.401s] Level 1:colcon.colcon_core.package_identification:_identify(data/tmp/1781442943_CG) by extensions ['ignore', 'ignore_ament_install']
[0.401s] Level 1:colcon.colcon_core.package_identification:_identify(data/tmp/1781442943_CG) by extension 'ignore'
[0.401s] Level 1:colcon.colcon_core.package_identification:_identify(data/tmp/1781442943_CG) by extension 'ignore_ament_install'
[0.401s] Level 1:colcon.colcon_core.package_identification:_identify(data/tmp/1781442943_CG) by extensions ['colcon_pkg']
[0.401s] Level 1:colcon.colcon_core.package_identification:_identify(data/tmp/1781442943_CG) by extension 'colcon_pkg'
[0.401s] Level 1:colcon.colcon_core.package_identification:_identify(data/tmp/1781442943_CG) by extensions ['colcon_meta']
[0.401s] Level 1:colcon.colcon_core.package_identification:_identify(data/tmp/1781442943_CG) by extension 'colcon_meta'
[0.401s] Level 1:colcon.colcon_core.package_identification:_identify(data/tmp/1781442943_CG) by extensions ['ros']
[0.401s] Level 1:colcon.colcon_core.package_identification:_identify(data/tmp/1781442943_CG) by extension 'ros'
[0.401s] Level 1:colcon.colcon_core.package_identification:_identify(data/tmp/1781442943_CG) by extensions ['cmake', 'python']
[0.401s] Level 1:colcon.colcon_core.package_identification:_identify(data/tmp/1781442943_CG) by extension 'cmake'
[0.401s] Level 1:colcon.colcon_core.package_identification:_identify(data/tmp/1781442943_CG) by extension 'python'
[0.401s] Level 1:colcon.colcon_core.package_identification:_identify(data/tmp/1781442943_CG) by extensions ['python_setup_py']
[0.401s] Level 1:colcon.colcon_core.package_identification:_identify(data/tmp/1781442943_CG) by extension 'python_setup_py'
[0.401s] Level 1:colcon.colcon_core.package_identification:_identify(data/tmp/1781442969_CG) by extensions ['ignore', 'ignore_ament_install']
[0.401s] Level 1:colcon.colcon_core.package_identification:_identify(data/tmp/1781442969_CG) by extension 'ignore'
[0.401s] Level 1:colcon.colcon_core.package_identification:_identify(data/tmp/1781442969_CG) by extension 'ignore_ament_install'
[0.402s] Level 1:colcon.colcon_core.package_identification:_identify(data/tmp/1781442969_CG) by extensions ['colcon_pkg']
[0.402s] Level 1:colcon.colcon_core.package_identification:_identify(data/tmp/1781442969_CG) by extension 'colcon_pkg'
[0.402s] Level 1:colcon.colcon_core.package_identification:_identify(data/tmp/1781442969_CG) by extensions ['colcon_meta']
[0.402s] Level 1:colcon.colcon_core.package_identification:_identify(data/tmp/1781442969_CG) by extension 'colcon_meta'
[0.402s] Level 1:colcon.colcon_core.package_identification:_identify(data/tmp/1781442969_CG) by extensions ['ros']
[0.402s] Level 1:colcon.colcon_core.package_identification:_identify(data/tmp/1781442969_CG) by extension 'ros'
[0.402s] Level 1:colcon.colcon_core.package_identification:_identify(data/tmp/1781442969_CG) by extensions ['cmake', 'python']
[0.402s] Level 1:colcon.colcon_core.package_identification:_identify(data/tmp/1781442969_CG) by extension 'cmake'
[0.402s] Level 1:colcon.colcon_core.package_identification:_identify(data/tmp/1781442969_CG) by extension 'python'
[0.402s] Level 1:colcon.colcon_core.package_identification:_identify(data/tmp/1781442969_CG) by extensions ['python_setup_py']
[0.402s] Level 1:colcon.colcon_core.package_identification:_identify(data/tmp/1781442969_CG) by extension 'python_setup_py'
[0.402s] Level 1:colcon.colcon_core.package_identification:_identify(data/tmp/1781443068_CG) by extensions ['ignore', 'ignore_ament_install']
[0.402s] Level 1:colcon.colcon_core.package_identification:_identify(data/tmp/1781443068_CG) by extension 'ignore'
[0.402s] Level 1:colcon.colcon_core.package_identification:_identify(data/tmp/1781443068_CG) by extension 'ignore_ament_install'
[0.402s] Level 1:colcon.colcon_core.package_identification:_identify(data/tmp/1781443068_CG) by extensions ['colcon_pkg']
[0.402s] Level 1:colcon.colcon_core.package_identification:_identify(data/tmp/1781443068_CG) by extension 'colcon_pkg'
[0.402s] Level 1:colcon.colcon_core.package_identification:_identify(data/tmp/1781443068_CG) by extensions ['colcon_meta']
[0.402s] Level 1:colcon.colcon_core.package_identification:_identify(data/tmp/1781443068_CG) by extension 'colcon_meta'
[0.402s] Level 1:colcon.colcon_core.package_identification:_identify(data/tmp/1781443068_CG) by extensions ['ros']
[0.402s] Level 1:colcon.colcon_core.package_identification:_identify(data/tmp/1781443068_CG) by extension 'ros'
[0.402s] Level 1:colcon.colcon_core.package_identification:_identify(data/tmp/1781443068_CG) by extensions ['cmake', 'python']
[0.402s] Level 1:colcon.colcon_core.package_identification:_identify(data/tmp/1781443068_CG) by extension 'cmake'
[0.402s] Level 1:colcon.colcon_core.package_identification:_identify(data/tmp/1781443068_CG) by extension 'python'
[0.402s] Level 1:colcon.colcon_core.package_identification:_identify(data/tmp/1781443068_CG) by extensions ['python_setup_py']
[0.402s] Level 1:colcon.colcon_core.package_identification:_identify(data/tmp/1781443068_CG) by extension 'python_setup_py'
[0.402s] Level 1:colcon.colcon_core.package_identification:_identify(data/tmp/1781443088_CG) by extensions ['ignore', 'ignore_ament_install']
[0.402s] Level 1:colcon.colcon_core.package_identification:_identify(data/tmp/1781443088_CG) by extension 'ignore'
[0.402s] Level 1:colcon.colcon_core.package_identification:_identify(data/tmp/1781443088_CG) by extension 'ignore_ament_install'
[0.403s] Level 1:colcon.colcon_core.package_identification:_identify(data/tmp/1781443088_CG) by extensions ['colcon_pkg']
[0.403s] Level 1:colcon.colcon_core.package_identification:_identify(data/tmp/1781443088_CG) by extension 'colcon_pkg'
[0.403s] Level 1:colcon.colcon_core.package_identification:_identify(data/tmp/1781443088_CG) by extensions ['colcon_meta']
[0.403s] Level 1:colcon.colcon_core.package_identification:_identify(data/tmp/1781443088_CG) by extension 'colcon_meta'
[0.403s] Level 1:colcon.colcon_core.package_identification:_identify(data/tmp/1781443088_CG) by extensions ['ros']
[0.403s] Level 1:colcon.colcon_core.package_identification:_identify(data/tmp/1781443088_CG) by extension 'ros'
[0.403s] Level 1:colcon.colcon_core.package_identification:_identify(data/tmp/1781443088_CG) by extensions ['cmake', 'python']
[0.403s] Level 1:colcon.colcon_core.package_identification:_identify(data/tmp/1781443088_CG) by extension 'cmake'
[0.403s] Level 1:colcon.colcon_core.package_identification:_identify(data/tmp/1781443088_CG) by extension 'python'
[0.403s] Level 1:colcon.colcon_core.package_identification:_identify(data/tmp/1781443088_CG) by extensions ['python_setup_py']
[0.403s] Level 1:colcon.colcon_core.package_identification:_identify(data/tmp/1781443088_CG) by extension 'python_setup_py'
[0.403s] Level 1:colcon.colcon_core.package_identification:_identify(data/tmp/1781443109_CG) by extensions ['ignore', 'ignore_ament_install']
[0.403s] Level 1:colcon.colcon_core.package_identification:_identify(data/tmp/1781443109_CG) by extension 'ignore'
[0.403s] Level 1:colcon.colcon_core.package_identification:_identify(data/tmp/1781443109_CG) by extension 'ignore_ament_install'
[0.403s] Level 1:colcon.colcon_core.package_identification:_identify(data/tmp/1781443109_CG) by extensions ['colcon_pkg']
[0.403s] Level 1:colcon.colcon_core.package_identification:_identify(data/tmp/1781443109_CG) by extension 'colcon_pkg'
[0.403s] Level 1:colcon.colcon_core.package_identification:_identify(data/tmp/1781443109_CG) by extensions ['colcon_meta']
[0.403s] Level 1:colcon.colcon_core.package_identification:_identify(data/tmp/1781443109_CG) by extension 'colcon_meta'
[0.403s] Level 1:colcon.colcon_core.package_identification:_identify(data/tmp/1781443109_CG) by extensions ['ros']
[0.403s] Level 1:colcon.colcon_core.package_identification:_identify(data/tmp/1781443109_CG) by extension 'ros'
[0.403s] Level 1:colcon.colcon_core.package_identification:_identify(data/tmp/1781443109_CG) by extensions ['cmake', 'python']
[0.403s] Level 1:colcon.colcon_core.package_identification:_identify(data/tmp/1781443109_CG) by extension 'cmake'
[0.403s] Level 1:colcon.colcon_core.package_identification:_identify(data/tmp/1781443109_CG) by extension 'python'
[0.403s] Level 1:colcon.colcon_core.package_identification:_identify(data/tmp/1781443109_CG) by extensions ['python_setup_py']
[0.403s] Level 1:colcon.colcon_core.package_identification:_identify(data/tmp/1781443109_CG) by extension 'python_setup_py'
[0.403s] Level 1:colcon.colcon_core.package_identification:_identify(data/tmp/1781443134_CG) by extensions ['ignore', 'ignore_ament_install']
[0.403s] Level 1:colcon.colcon_core.package_identification:_identify(data/tmp/1781443134_CG) by extension 'ignore'
[0.403s] Level 1:colcon.colcon_core.package_identification:_identify(data/tmp/1781443134_CG) by extension 'ignore_ament_install'
[0.403s] Level 1:colcon.colcon_core.package_identification:_identify(data/tmp/1781443134_CG) by extensions ['colcon_pkg']
[0.404s] Level 1:colcon.colcon_core.package_identification:_identify(data/tmp/1781443134_CG) by extension 'colcon_pkg'
[0.404s] Level 1:colcon.colcon_core.package_identification:_identify(data/tmp/1781443134_CG) by extensions ['colcon_meta']
[0.404s] Level 1:colcon.colcon_core.package_identification:_identify(data/tmp/1781443134_CG) by extension 'colcon_meta'
[0.404s] Level 1:colcon.colcon_core.package_identification:_identify(data/tmp/1781443134_CG) by extensions ['ros']
[0.404s] Level 1:colcon.colcon_core.package_identification:_identify(data/tmp/1781443134_CG) by extension 'ros'
[0.404s] Level 1:colcon.colcon_core.package_identification:_identify(data/tmp/1781443134_CG) by extensions ['cmake', 'python']
[0.404s] Level 1:colcon.colcon_core.package_identification:_identify(data/tmp/1781443134_CG) by extension 'cmake'
[0.404s] Level 1:colcon.colcon_core.package_identification:_identify(data/tmp/1781443134_CG) by extension 'python'
[0.404s] Level 1:colcon.colcon_core.package_identification:_identify(data/tmp/1781443134_CG) by extensions ['python_setup_py']
[0.404s] Level 1:colcon.colcon_core.package_identification:_identify(data/tmp/1781443134_CG) by extension 'python_setup_py'
[0.404s] Level 1:colcon.colcon_core.package_identification:_identify(data/tmp/1781443157_CG) by extensions ['ignore', 'ignore_ament_install']
[0.404s] Level 1:colcon.colcon_core.package_identification:_identify(data/tmp/1781443157_CG) by extension 'ignore'
[0.404s] Level 1:colcon.colcon_core.package_identification:_identify(data/tmp/1781443157_CG) by extension 'ignore_ament_install'
[0.404s] Level 1:colcon.colcon_core.package_identification:_identify(data/tmp/1781443157_CG) by extensions ['colcon_pkg']
[0.404s] Level 1:colcon.colcon_core.package_identification:_identify(data/tmp/1781443157_CG) by extension 'colcon_pkg'
[0.404s] Level 1:colcon.colcon_core.package_identification:_identify(data/tmp/1781443157_CG) by extensions ['colcon_meta']
[0.404s] Level 1:colcon.colcon_core.package_identification:_identify(data/tmp/1781443157_CG) by extension 'colcon_meta'
[0.404s] Level 1:colcon.colcon_core.package_identification:_identify(data/tmp/1781443157_CG) by extensions ['ros']
[0.404s] Level 1:colcon.colcon_core.package_identification:_identify(data/tmp/1781443157_CG) by extension 'ros'
[0.404s] Level 1:colcon.colcon_core.package_identification:_identify(data/tmp/1781443157_CG) by extensions ['cmake', 'python']
[0.404s] Level 1:colcon.colcon_core.package_identification:_identify(data/tmp/1781443157_CG) by extension 'cmake'
[0.404s] Level 1:colcon.colcon_core.package_identification:_identify(data/tmp/1781443157_CG) by extension 'python'
[0.404s] Level 1:colcon.colcon_core.package_identification:_identify(data/tmp/1781443157_CG) by extensions ['python_setup_py']
[0.404s] Level 1:colcon.colcon_core.package_identification:_identify(data/tmp/1781443157_CG) by extension 'python_setup_py'
[0.404s] Level 1:colcon.colcon_core.package_identification:_identify(data/tmp/1781443169_CG) by extensions ['ignore', 'ignore_ament_install']
[0.404s] Level 1:colcon.colcon_core.package_identification:_identify(data/tmp/1781443169_CG) by extension 'ignore'
[0.404s] Level 1:colcon.colcon_core.package_identification:_identify(data/tmp/1781443169_CG) by extension 'ignore_ament_install'
[0.404s] Level 1:colcon.colcon_core.package_identification:_identify(data/tmp/1781443169_CG) by extensions ['colcon_pkg']
[0.404s] Level 1:colcon.colcon_core.package_identification:_identify(data/tmp/1781443169_CG) by extension 'colcon_pkg'
[0.405s] Level 1:colcon.colcon_core.package_identification:_identify(data/tmp/1781443169_CG) by extensions ['colcon_meta']
[0.405s] Level 1:colcon.colcon_core.package_identification:_identify(data/tmp/1781443169_CG) by extension 'colcon_meta'
[0.405s] Level 1:colcon.colcon_core.package_identification:_identify(data/tmp/1781443169_CG) by extensions ['ros']
[0.405s] Level 1:colcon.colcon_core.package_identification:_identify(data/tmp/1781443169_CG) by extension 'ros'
[0.405s] Level 1:colcon.colcon_core.package_identification:_identify(data/tmp/1781443169_CG) by extensions ['cmake', 'python']
[0.405s] Level 1:colcon.colcon_core.package_identification:_identify(data/tmp/1781443169_CG) by extension 'cmake'
[0.405s] Level 1:colcon.colcon_core.package_identification:_identify(data/tmp/1781443169_CG) by extension 'python'
[0.405s] Level 1:colcon.colcon_core.package_identification:_identify(data/tmp/1781443169_CG) by extensions ['python_setup_py']
[0.405s] Level 1:colcon.colcon_core.package_identification:_identify(data/tmp/1781443169_CG) by extension 'python_setup_py'
[0.405s] Level 1:colcon.colcon_core.package_identification:_identify(data/tmp/1781443177_CG) by extensions ['ignore', 'ignore_ament_install']
[0.405s] Level 1:colcon.colcon_core.package_identification:_identify(data/tmp/1781443177_CG) by extension 'ignore'
[0.405s] Level 1:colcon.colcon_core.package_identification:_identify(data/tmp/1781443177_CG) by extension 'ignore_ament_install'
[0.405s] Level 1:colcon.colcon_core.package_identification:_identify(data/tmp/1781443177_CG) by extensions ['colcon_pkg']
[0.405s] Level 1:colcon.colcon_core.package_identification:_identify(data/tmp/1781443177_CG) by extension 'colcon_pkg'
[0.405s] Level 1:colcon.colcon_core.package_identification:_identify(data/tmp/1781443177_CG) by extensions ['colcon_meta']
[0.405s] Level 1:colcon.colcon_core.package_identification:_identify(data/tmp/1781443177_CG) by extension 'colcon_meta'
[0.405s] Level 1:colcon.colcon_core.package_identification:_identify(data/tmp/1781443177_CG) by extensions ['ros']
[0.405s] Level 1:colcon.colcon_core.package_identification:_identify(data/tmp/1781443177_CG) by extension 'ros'
[0.405s] Level 1:colcon.colcon_core.package_identification:_identify(data/tmp/1781443177_CG) by extensions ['cmake', 'python']
[0.405s] Level 1:colcon.colcon_core.package_identification:_identify(data/tmp/1781443177_CG) by extension 'cmake'
[0.405s] Level 1:colcon.colcon_core.package_identification:_identify(data/tmp/1781443177_CG) by extension 'python'
[0.405s] Level 1:colcon.colcon_core.package_identification:_identify(data/tmp/1781443177_CG) by extensions ['python_setup_py']
[0.405s] Level 1:colcon.colcon_core.package_identification:_identify(data/tmp/1781443177_CG) by extension 'python_setup_py'
[0.405s] Level 1:colcon.colcon_core.package_identification:_identify(data/tmp/1781443184_CG) by extensions ['ignore', 'ignore_ament_install']
[0.406s] Level 1:colcon.colcon_core.package_identification:_identify(data/tmp/1781443184_CG) by extension 'ignore'
[0.406s] Level 1:colcon.colcon_core.package_identification:_identify(data/tmp/1781443184_CG) by extension 'ignore_ament_install'
[0.406s] Level 1:colcon.colcon_core.package_identification:_identify(data/tmp/1781443184_CG) by extensions ['colcon_pkg']
[0.406s] Level 1:colcon.colcon_core.package_identification:_identify(data/tmp/1781443184_CG) by extension 'colcon_pkg'
[0.406s] Level 1:colcon.colcon_core.package_identification:_identify(data/tmp/1781443184_CG) by extensions ['colcon_meta']
[0.406s] Level 1:colcon.colcon_core.package_identification:_identify(data/tmp/1781443184_CG) by extension 'colcon_meta'
[0.406s] Level 1:colcon.colcon_core.package_identification:_identify(data/tmp/1781443184_CG) by extensions ['ros']
[0.406s] Level 1:colcon.colcon_core.package_identification:_identify(data/tmp/1781443184_CG) by extension 'ros'
[0.406s] Level 1:colcon.colcon_core.package_identification:_identify(data/tmp/1781443184_CG) by extensions ['cmake', 'python']
[0.406s] Level 1:colcon.colcon_core.package_identification:_identify(data/tmp/1781443184_CG) by extension 'cmake'
[0.406s] Level 1:colcon.colcon_core.package_identification:_identify(data/tmp/1781443184_CG) by extension 'python'
[0.406s] Level 1:colcon.colcon_core.package_identification:_identify(data/tmp/1781443184_CG) by extensions ['python_setup_py']
[0.406s] Level 1:colcon.colcon_core.package_identification:_identify(data/tmp/1781443184_CG) by extension 'python_setup_py'
[0.406s] Level 1:colcon.colcon_core.package_identification:_identify(data/tmp/1781443217_CG) by extensions ['ignore', 'ignore_ament_install']
[0.406s] Level 1:colcon.colcon_core.package_identification:_identify(data/tmp/1781443217_CG) by extension 'ignore'
[0.406s] Level 1:colcon.colcon_core.package_identification:_identify(data/tmp/1781443217_CG) by extension 'ignore_ament_install'
[0.406s] Level 1:colcon.colcon_core.package_identification:_identify(data/tmp/1781443217_CG) by extensions ['colcon_pkg']
[0.406s] Level 1:colcon.colcon_core.package_identification:_identify(data/tmp/1781443217_CG) by extension 'colcon_pkg'
[0.406s] Level 1:colcon.colcon_core.package_identification:_identify(data/tmp/1781443217_CG) by extensions ['colcon_meta']
[0.406s] Level 1:colcon.colcon_core.package_identification:_identify(data/tmp/1781443217_CG) by extension 'colcon_meta'
[0.406s] Level 1:colcon.colcon_core.package_identification:_identify(data/tmp/1781443217_CG) by extensions ['ros']
[0.406s] Level 1:colcon.colcon_core.package_identification:_identify(data/tmp/1781443217_CG) by extension 'ros'
[0.406s] Level 1:colcon.colcon_core.package_identification:_identify(data/tmp/1781443217_CG) by extensions ['cmake', 'python']
[0.406s] Level 1:colcon.colcon_core.package_identification:_identify(data/tmp/1781443217_CG) by extension 'cmake'
[0.406s] Level 1:colcon.colcon_core.package_identification:_identify(data/tmp/1781443217_CG) by extension 'python'
[0.406s] Level 1:colcon.colcon_core.package_identification:_identify(data/tmp/1781443217_CG) by extensions ['python_setup_py']
[0.406s] Level 1:colcon.colcon_core.package_identification:_identify(data/tmp/1781443217_CG) by extension 'python_setup_py'
[0.407s] Level 1:colcon.colcon_core.package_identification:_identify(data/tmp/1781443232_CG) by extensions ['ignore', 'ignore_ament_install']
[0.407s] Level 1:colcon.colcon_core.package_identification:_identify(data/tmp/1781443232_CG) by extension 'ignore'
[0.407s] Level 1:colcon.colcon_core.package_identification:_identify(data/tmp/1781443232_CG) by extension 'ignore_ament_install'
[0.407s] Level 1:colcon.colcon_core.package_identification:_identify(data/tmp/1781443232_CG) by extensions ['colcon_pkg']
[0.407s] Level 1:colcon.colcon_core.package_identification:_identify(data/tmp/1781443232_CG) by extension 'colcon_pkg'
[0.407s] Level 1:colcon.colcon_core.package_identification:_identify(data/tmp/1781443232_CG) by extensions ['colcon_meta']
[0.407s] Level 1:colcon.colcon_core.package_identification:_identify(data/tmp/1781443232_CG) by extension 'colcon_meta'
[0.407s] Level 1:colcon.colcon_core.package_identification:_identify(data/tmp/1781443232_CG) by extensions ['ros']
[0.407s] Level 1:colcon.colcon_core.package_identification:_identify(data/tmp/1781443232_CG) by extension 'ros'
[0.407s] Level 1:colcon.colcon_core.package_identification:_identify(data/tmp/1781443232_CG) by extensions ['cmake', 'python']
[0.407s] Level 1:colcon.colcon_core.package_identification:_identify(data/tmp/1781443232_CG) by extension 'cmake'
[0.407s] Level 1:colcon.colcon_core.package_identification:_identify(data/tmp/1781443232_CG) by extension 'python'
[0.407s] Level 1:colcon.colcon_core.package_identification:_identify(data/tmp/1781443232_CG) by extensions ['python_setup_py']
[0.407s] Level 1:colcon.colcon_core.package_identification:_identify(data/tmp/1781443232_CG) by extension 'python_setup_py'
[0.407s] Level 1:colcon.colcon_core.package_identification:_identify(data/tmp/1781443254_CG) by extensions ['ignore', 'ignore_ament_install']
[0.407s] Level 1:colcon.colcon_core.package_identification:_identify(data/tmp/1781443254_CG) by extension 'ignore'
[0.407s] Level 1:colcon.colcon_core.package_identification:_identify(data/tmp/1781443254_CG) by extension 'ignore_ament_install'
[0.407s] Level 1:colcon.colcon_core.package_identification:_identify(data/tmp/1781443254_CG) by extensions ['colcon_pkg']
[0.407s] Level 1:colcon.colcon_core.package_identification:_identify(data/tmp/1781443254_CG) by extension 'colcon_pkg'
[0.407s] Level 1:colcon.colcon_core.package_identification:_identify(data/tmp/1781443254_CG) by extensions ['colcon_meta']
[0.407s] Level 1:colcon.colcon_core.package_identification:_identify(data/tmp/1781443254_CG) by extension 'colcon_meta'
[0.407s] Level 1:colcon.colcon_core.package_identification:_identify(data/tmp/1781443254_CG) by extensions ['ros']
[0.407s] Level 1:colcon.colcon_core.package_identification:_identify(data/tmp/1781443254_CG) by extension 'ros'
[0.407s] Level 1:colcon.colcon_core.package_identification:_identify(data/tmp/1781443254_CG) by extensions ['cmake', 'python']
[0.407s] Level 1:colcon.colcon_core.package_identification:_identify(data/tmp/1781443254_CG) by extension 'cmake'
[0.407s] Level 1:colcon.colcon_core.package_identification:_identify(data/tmp/1781443254_CG) by extension 'python'
[0.407s] Level 1:colcon.colcon_core.package_identification:_identify(data/tmp/1781443254_CG) by extensions ['python_setup_py']
[0.407s] Level 1:colcon.colcon_core.package_identification:_identify(data/tmp/1781443254_CG) by extension 'python_setup_py'
[0.408s] Level 1:colcon.colcon_core.package_identification:_identify(data/tmp/1781443259_CG) by extensions ['ignore', 'ignore_ament_install']
[0.408s] Level 1:colcon.colcon_core.package_identification:_identify(data/tmp/1781443259_CG) by extension 'ignore'
[0.408s] Level 1:colcon.colcon_core.package_identification:_identify(data/tmp/1781443259_CG) by extension 'ignore_ament_install'
[0.408s] Level 1:colcon.colcon_core.package_identification:_identify(data/tmp/1781443259_CG) by extensions ['colcon_pkg']
[0.408s] Level 1:colcon.colcon_core.package_identification:_identify(data/tmp/1781443259_CG) by extension 'colcon_pkg'
[0.408s] Level 1:colcon.colcon_core.package_identification:_identify(data/tmp/1781443259_CG) by extensions ['colcon_meta']
[0.408s] Level 1:colcon.colcon_core.package_identification:_identify(data/tmp/1781443259_CG) by extension 'colcon_meta'
[0.408s] Level 1:colcon.colcon_core.package_identification:_identify(data/tmp/1781443259_CG) by extensions ['ros']
[0.408s] Level 1:colcon.colcon_core.package_identification:_identify(data/tmp/1781443259_CG) by extension 'ros'
[0.408s] Level 1:colcon.colcon_core.package_identification:_identify(data/tmp/1781443259_CG) by extensions ['cmake', 'python']
[0.408s] Level 1:colcon.colcon_core.package_identification:_identify(data/tmp/1781443259_CG) by extension 'cmake'
[0.408s] Level 1:colcon.colcon_core.package_identification:_identify(data/tmp/1781443259_CG) by extension 'python'
[0.408s] Level 1:colcon.colcon_core.package_identification:_identify(data/tmp/1781443259_CG) by extensions ['python_setup_py']
[0.408s] Level 1:colcon.colcon_core.package_identification:_identify(data/tmp/1781443259_CG) by extension 'python_setup_py'
[0.408s] Level 1:colcon.colcon_core.package_identification:_identify(data/tmp/1781443265_CG) by extensions ['ignore', 'ignore_ament_install']
[0.408s] Level 1:colcon.colcon_core.package_identification:_identify(data/tmp/1781443265_CG) by extension 'ignore'
[0.408s] Level 1:colcon.colcon_core.package_identification:_identify(data/tmp/1781443265_CG) by extension 'ignore_ament_install'
[0.408s] Level 1:colcon.colcon_core.package_identification:_identify(data/tmp/1781443265_CG) by extensions ['colcon_pkg']
[0.408s] Level 1:colcon.colcon_core.package_identification:_identify(data/tmp/1781443265_CG) by extension 'colcon_pkg'
[0.408s] Level 1:colcon.colcon_core.package_identification:_identify(data/tmp/1781443265_CG) by extensions ['colcon_meta']
[0.408s] Level 1:colcon.colcon_core.package_identification:_identify(data/tmp/1781443265_CG) by extension 'colcon_meta'
[0.408s] Level 1:colcon.colcon_core.package_identification:_identify(data/tmp/1781443265_CG) by extensions ['ros']
[0.408s] Level 1:colcon.colcon_core.package_identification:_identify(data/tmp/1781443265_CG) by extension 'ros'
[0.408s] Level 1:colcon.colcon_core.package_identification:_identify(data/tmp/1781443265_CG) by extensions ['cmake', 'python']
[0.408s] Level 1:colcon.colcon_core.package_identification:_identify(data/tmp/1781443265_CG) by extension 'cmake'
[0.408s] Level 1:colcon.colcon_core.package_identification:_identify(data/tmp/1781443265_CG) by extension 'python'
[0.408s] Level 1:colcon.colcon_core.package_identification:_identify(data/tmp/1781443265_CG) by extensions ['python_setup_py']
[0.409s] Level 1:colcon.colcon_core.package_identification:_identify(data/tmp/1781443265_CG) by extension 'python_setup_py'
[0.409s] Level 1:colcon.colcon_core.package_identification:_identify(data/tmp/1781443270_CG) by extensions ['ignore', 'ignore_ament_install']
[0.409s] Level 1:colcon.colcon_core.package_identification:_identify(data/tmp/1781443270_CG) by extension 'ignore'
[0.409s] Level 1:colcon.colcon_core.package_identification:_identify(data/tmp/1781443270_CG) by extension 'ignore_ament_install'
[0.409s] Level 1:colcon.colcon_core.package_identification:_identify(data/tmp/1781443270_CG) by extensions ['colcon_pkg']
[0.409s] Level 1:colcon.colcon_core.package_identification:_identify(data/tmp/1781443270_CG) by extension 'colcon_pkg'
[0.409s] Level 1:colcon.colcon_core.package_identification:_identify(data/tmp/1781443270_CG) by extensions ['colcon_meta']
[0.409s] Level 1:colcon.colcon_core.package_identification:_identify(data/tmp/1781443270_CG) by extension 'colcon_meta'
[0.409s] Level 1:colcon.colcon_core.package_identification:_identify(data/tmp/1781443270_CG) by extensions ['ros']
[0.409s] Level 1:colcon.colcon_core.package_identification:_identify(data/tmp/1781443270_CG) by extension 'ros'
[0.409s] Level 1:colcon.colcon_core.package_identification:_identify(data/tmp/1781443270_CG) by extensions ['cmake', 'python']
[0.409s] Level 1:colcon.colcon_core.package_identification:_identify(data/tmp/1781443270_CG) by extension 'cmake'
[0.409s] Level 1:colcon.colcon_core.package_identification:_identify(data/tmp/1781443270_CG) by extension 'python'
[0.409s] Level 1:colcon.colcon_core.package_identification:_identify(data/tmp/1781443270_CG) by extensions ['python_setup_py']
[0.409s] Level 1:colcon.colcon_core.package_identification:_identify(data/tmp/1781443270_CG) by extension 'python_setup_py'
[0.409s] Level 1:colcon.colcon_core.package_identification:_identify(data/tmp/1781443296_CG) by extensions ['ignore', 'ignore_ament_install']
[0.409s] Level 1:colcon.colcon_core.package_identification:_identify(data/tmp/1781443296_CG) by extension 'ignore'
[0.409s] Level 1:colcon.colcon_core.package_identification:_identify(data/tmp/1781443296_CG) by extension 'ignore_ament_install'
[0.409s] Level 1:colcon.colcon_core.package_identification:_identify(data/tmp/1781443296_CG) by extensions ['colcon_pkg']
[0.409s] Level 1:colcon.colcon_core.package_identification:_identify(data/tmp/1781443296_CG) by extension 'colcon_pkg'
[0.409s] Level 1:colcon.colcon_core.package_identification:_identify(data/tmp/1781443296_CG) by extensions ['colcon_meta']
[0.409s] Level 1:colcon.colcon_core.package_identification:_identify(data/tmp/1781443296_CG) by extension 'colcon_meta'
[0.409s] Level 1:colcon.colcon_core.package_identification:_identify(data/tmp/1781443296_CG) by extensions ['ros']
[0.409s] Level 1:colcon.colcon_core.package_identification:_identify(data/tmp/1781443296_CG) by extension 'ros'
[0.409s] Level 1:colcon.colcon_core.package_identification:_identify(data/tmp/1781443296_CG) by extensions ['cmake', 'python']
[0.409s] Level 1:colcon.colcon_core.package_identification:_identify(data/tmp/1781443296_CG) by extension 'cmake'
[0.409s] Level 1:colcon.colcon_core.package_identification:_identify(data/tmp/1781443296_CG) by extension 'python'
[0.410s] Level 1:colcon.colcon_core.package_identification:_identify(data/tmp/1781443296_CG) by extensions ['python_setup_py']
[0.410s] Level 1:colcon.colcon_core.package_identification:_identify(data/tmp/1781443296_CG) by extension 'python_setup_py'
[0.410s] Level 1:colcon.colcon_core.package_identification:_identify(data/tmp/1781443332_CG) by extensions ['ignore', 'ignore_ament_install']
[0.410s] Level 1:colcon.colcon_core.package_identification:_identify(data/tmp/1781443332_CG) by extension 'ignore'
[0.410s] Level 1:colcon.colcon_core.package_identification:_identify(data/tmp/1781443332_CG) by extension 'ignore_ament_install'
[0.410s] Level 1:colcon.colcon_core.package_identification:_identify(data/tmp/1781443332_CG) by extensions ['colcon_pkg']
[0.410s] Level 1:colcon.colcon_core.package_identification:_identify(data/tmp/1781443332_CG) by extension 'colcon_pkg'
[0.410s] Level 1:colcon.colcon_core.package_identification:_identify(data/tmp/1781443332_CG) by extensions ['colcon_meta']
[0.410s] Level 1:colcon.colcon_core.package_identification:_identify(data/tmp/1781443332_CG) by extension 'colcon_meta'
[0.410s] Level 1:colcon.colcon_core.package_identification:_identify(data/tmp/1781443332_CG) by extensions ['ros']
[0.410s] Level 1:colcon.colcon_core.package_identification:_identify(data/tmp/1781443332_CG) by extension 'ros'
[0.410s] Level 1:colcon.colcon_core.package_identification:_identify(data/tmp/1781443332_CG) by extensions ['cmake', 'python']
[0.410s] Level 1:colcon.colcon_core.package_identification:_identify(data/tmp/1781443332_CG) by extension 'cmake'
[0.410s] Level 1:colcon.colcon_core.package_identification:_identify(data/tmp/1781443332_CG) by extension 'python'
[0.410s] Level 1:colcon.colcon_core.package_identification:_identify(data/tmp/1781443332_CG) by extensions ['python_setup_py']
[0.410s] Level 1:colcon.colcon_core.package_identification:_identify(data/tmp/1781443332_CG) by extension 'python_setup_py'
[0.410s] Level 1:colcon.colcon_core.package_identification:_identify(data/tmp/1781443366_CG) by extensions ['ignore', 'ignore_ament_install']
[0.410s] Level 1:colcon.colcon_core.package_identification:_identify(data/tmp/1781443366_CG) by extension 'ignore'
[0.410s] Level 1:colcon.colcon_core.package_identification:_identify(data/tmp/1781443366_CG) by extension 'ignore_ament_install'
[0.410s] Level 1:colcon.colcon_core.package_identification:_identify(data/tmp/1781443366_CG) by extensions ['colcon_pkg']
[0.410s] Level 1:colcon.colcon_core.package_identification:_identify(data/tmp/1781443366_CG) by extension 'colcon_pkg'
[0.410s] Level 1:colcon.colcon_core.package_identification:_identify(data/tmp/1781443366_CG) by extensions ['colcon_meta']
[0.410s] Level 1:colcon.colcon_core.package_identification:_identify(data/tmp/1781443366_CG) by extension 'colcon_meta'
[0.410s] Level 1:colcon.colcon_core.package_identification:_identify(data/tmp/1781443366_CG) by extensions ['ros']
[0.410s] Level 1:colcon.colcon_core.package_identification:_identify(data/tmp/1781443366_CG) by extension 'ros'
[0.410s] Level 1:colcon.colcon_core.package_identification:_identify(data/tmp/1781443366_CG) by extensions ['cmake', 'python']
[0.410s] Level 1:colcon.colcon_core.package_identification:_identify(data/tmp/1781443366_CG) by extension 'cmake'
[0.411s] Level 1:colcon.colcon_core.package_identification:_identify(data/tmp/1781443366_CG) by extension 'python'
[0.411s] Level 1:colcon.colcon_core.package_identification:_identify(data/tmp/1781443366_CG) by extensions ['python_setup_py']
[0.411s] Level 1:colcon.colcon_core.package_identification:_identify(data/tmp/1781443366_CG) by extension 'python_setup_py'
[0.411s] Level 1:colcon.colcon_core.package_identification:_identify(data/tmp/1781443375_CG) by extensions ['ignore', 'ignore_ament_install']
[0.411s] Level 1:colcon.colcon_core.package_identification:_identify(data/tmp/1781443375_CG) by extension 'ignore'
[0.411s] Level 1:colcon.colcon_core.package_identification:_identify(data/tmp/1781443375_CG) by extension 'ignore_ament_install'
[0.411s] Level 1:colcon.colcon_core.package_identification:_identify(data/tmp/1781443375_CG) by extensions ['colcon_pkg']
[0.411s] Level 1:colcon.colcon_core.package_identification:_identify(data/tmp/1781443375_CG) by extension 'colcon_pkg'
[0.411s] Level 1:colcon.colcon_core.package_identification:_identify(data/tmp/1781443375_CG) by extensions ['colcon_meta']
[0.411s] Level 1:colcon.colcon_core.package_identification:_identify(data/tmp/1781443375_CG) by extension 'colcon_meta'
[0.411s] Level 1:colcon.colcon_core.package_identification:_identify(data/tmp/1781443375_CG) by extensions ['ros']
[0.411s] Level 1:colcon.colcon_core.package_identification:_identify(data/tmp/1781443375_CG) by extension 'ros'
[0.411s] Level 1:colcon.colcon_core.package_identification:_identify(data/tmp/1781443375_CG) by extensions ['cmake', 'python']
[0.411s] Level 1:colcon.colcon_core.package_identification:_identify(data/tmp/1781443375_CG) by extension 'cmake'
[0.411s] Level 1:colcon.colcon_core.package_identification:_identify(data/tmp/1781443375_CG) by extension 'python'
[0.411s] Level 1:colcon.colcon_core.package_identification:_identify(data/tmp/1781443375_CG) by extensions ['python_setup_py']
[0.411s] Level 1:colcon.colcon_core.package_identification:_identify(data/tmp/1781443375_CG) by extension 'python_setup_py'
[0.411s] Level 1:colcon.colcon_core.package_identification:_identify(data/tmp/1781443380_CG) by extensions ['ignore', 'ignore_ament_install']
[0.411s] Level 1:colcon.colcon_core.package_identification:_identify(data/tmp/1781443380_CG) by extension 'ignore'
[0.411s] Level 1:colcon.colcon_core.package_identification:_identify(data/tmp/1781443380_CG) by extension 'ignore_ament_install'
[0.411s] Level 1:colcon.colcon_core.package_identification:_identify(data/tmp/1781443380_CG) by extensions ['colcon_pkg']
[0.411s] Level 1:colcon.colcon_core.package_identification:_identify(data/tmp/1781443380_CG) by extension 'colcon_pkg'
[0.411s] Level 1:colcon.colcon_core.package_identification:_identify(data/tmp/1781443380_CG) by extensions ['colcon_meta']
[0.411s] Level 1:colcon.colcon_core.package_identification:_identify(data/tmp/1781443380_CG) by extension 'colcon_meta'
[0.411s] Level 1:colcon.colcon_core.package_identification:_identify(data/tmp/1781443380_CG) by extensions ['ros']
[0.411s] Level 1:colcon.colcon_core.package_identification:_identify(data/tmp/1781443380_CG) by extension 'ros'
[0.412s] Level 1:colcon.colcon_core.package_identification:_identify(data/tmp/1781443380_CG) by extensions ['cmake', 'python']
[0.412s] Level 1:colcon.colcon_core.package_identification:_identify(data/tmp/1781443380_CG) by extension 'cmake'
[0.412s] Level 1:colcon.colcon_core.package_identification:_identify(data/tmp/1781443380_CG) by extension 'python'
[0.412s] Level 1:colcon.colcon_core.package_identification:_identify(data/tmp/1781443380_CG) by extensions ['python_setup_py']
[0.412s] Level 1:colcon.colcon_core.package_identification:_identify(data/tmp/1781443380_CG) by extension 'python_setup_py'
[0.412s] Level 1:colcon.colcon_core.package_identification:_identify(data/tmp/1781443396_CG) by extensions ['ignore', 'ignore_ament_install']
[0.412s] Level 1:colcon.colcon_core.package_identification:_identify(data/tmp/1781443396_CG) by extension 'ignore'
[0.412s] Level 1:colcon.colcon_core.package_identification:_identify(data/tmp/1781443396_CG) by extension 'ignore_ament_install'
[0.412s] Level 1:colcon.colcon_core.package_identification:_identify(data/tmp/1781443396_CG) by extensions ['colcon_pkg']
[0.412s] Level 1:colcon.colcon_core.package_identification:_identify(data/tmp/1781443396_CG) by extension 'colcon_pkg'
[0.412s] Level 1:colcon.colcon_core.package_identification:_identify(data/tmp/1781443396_CG) by extensions ['colcon_meta']
[0.412s] Level 1:colcon.colcon_core.package_identification:_identify(data/tmp/1781443396_CG) by extension 'colcon_meta'
[0.412s] Level 1:colcon.colcon_core.package_identification:_identify(data/tmp/1781443396_CG) by extensions ['ros']
[0.412s] Level 1:colcon.colcon_core.package_identification:_identify(data/tmp/1781443396_CG) by extension 'ros'
[0.412s] Level 1:colcon.colcon_core.package_identification:_identify(data/tmp/1781443396_CG) by extensions ['cmake', 'python']
[0.412s] Level 1:colcon.colcon_core.package_identification:_identify(data/tmp/1781443396_CG) by extension 'cmake'
[0.412s] Level 1:colcon.colcon_core.package_identification:_identify(data/tmp/1781443396_CG) by extension 'python'
[0.412s] Level 1:colcon.colcon_core.package_identification:_identify(data/tmp/1781443396_CG) by extensions ['python_setup_py']
[0.412s] Level 1:colcon.colcon_core.package_identification:_identify(data/tmp/1781443396_CG) by extension 'python_setup_py'
[0.412s] Level 1:colcon.colcon_core.package_identification:_identify(data/tmp/1781443439_CG) by extensions ['ignore', 'ignore_ament_install']
[0.412s] Level 1:colcon.colcon_core.package_identification:_identify(data/tmp/1781443439_CG) by extension 'ignore'
[0.412s] Level 1:colcon.colcon_core.package_identification:_identify(data/tmp/1781443439_CG) by extension 'ignore_ament_install'
[0.412s] Level 1:colcon.colcon_core.package_identification:_identify(data/tmp/1781443439_CG) by extensions ['colcon_pkg']
[0.412s] Level 1:colcon.colcon_core.package_identification:_identify(data/tmp/1781443439_CG) by extension 'colcon_pkg'
[0.412s] Level 1:colcon.colcon_core.package_identification:_identify(data/tmp/1781443439_CG) by extensions ['colcon_meta']
[0.412s] Level 1:colcon.colcon_core.package_identification:_identify(data/tmp/1781443439_CG) by extension 'colcon_meta'
[0.412s] Level 1:colcon.colcon_core.package_identification:_identify(data/tmp/1781443439_CG) by extensions ['ros']
[0.413s] Level 1:colcon.colcon_core.package_identification:_identify(data/tmp/1781443439_CG) by extension 'ros'
[0.413s] Level 1:colcon.colcon_core.package_identification:_identify(data/tmp/1781443439_CG) by extensions ['cmake', 'python']
[0.413s] Level 1:colcon.colcon_core.package_identification:_identify(data/tmp/1781443439_CG) by extension 'cmake'
[0.413s] Level 1:colcon.colcon_core.package_identification:_identify(data/tmp/1781443439_CG) by extension 'python'
[0.413s] Level 1:colcon.colcon_core.package_identification:_identify(data/tmp/1781443439_CG) by extensions ['python_setup_py']
[0.413s] Level 1:colcon.colcon_core.package_identification:_identify(data/tmp/1781443439_CG) by extension 'python_setup_py'
[0.413s] Level 1:colcon.colcon_core.package_identification:_identify(data/tmp/1781443448_CG) by extensions ['ignore', 'ignore_ament_install']
[0.413s] Level 1:colcon.colcon_core.package_identification:_identify(data/tmp/1781443448_CG) by extension 'ignore'
[0.413s] Level 1:colcon.colcon_core.package_identification:_identify(data/tmp/1781443448_CG) by extension 'ignore_ament_install'
[0.413s] Level 1:colcon.colcon_core.package_identification:_identify(data/tmp/1781443448_CG) by extensions ['colcon_pkg']
[0.413s] Level 1:colcon.colcon_core.package_identification:_identify(data/tmp/1781443448_CG) by extension 'colcon_pkg'
[0.413s] Level 1:colcon.colcon_core.package_identification:_identify(data/tmp/1781443448_CG) by extensions ['colcon_meta']
[0.413s] Level 1:colcon.colcon_core.package_identification:_identify(data/tmp/1781443448_CG) by extension 'colcon_meta'
[0.413s] Level 1:colcon.colcon_core.package_identification:_identify(data/tmp/1781443448_CG) by extensions ['ros']
[0.413s] Level 1:colcon.colcon_core.package_identification:_identify(data/tmp/1781443448_CG) by extension 'ros'
[0.413s] Level 1:colcon.colcon_core.package_identification:_identify(data/tmp/1781443448_CG) by extensions ['cmake', 'python']
[0.413s] Level 1:colcon.colcon_core.package_identification:_identify(data/tmp/1781443448_CG) by extension 'cmake'
[0.413s] Level 1:colcon.colcon_core.package_identification:_identify(data/tmp/1781443448_CG) by extension 'python'
[0.413s] Level 1:colcon.colcon_core.package_identification:_identify(data/tmp/1781443448_CG) by extensions ['python_setup_py']
[0.413s] Level 1:colcon.colcon_core.package_identification:_identify(data/tmp/1781443448_CG) by extension 'python_setup_py'
[0.413s] Level 1:colcon.colcon_core.package_identification:_identify(data/tmp/1781443503_CG) by extensions ['ignore', 'ignore_ament_install']
[0.413s] Level 1:colcon.colcon_core.package_identification:_identify(data/tmp/1781443503_CG) by extension 'ignore'
[0.413s] Level 1:colcon.colcon_core.package_identification:_identify(data/tmp/1781443503_CG) by extension 'ignore_ament_install'
[0.413s] Level 1:colcon.colcon_core.package_identification:_identify(data/tmp/1781443503_CG) by extensions ['colcon_pkg']
[0.413s] Level 1:colcon.colcon_core.package_identification:_identify(data/tmp/1781443503_CG) by extension 'colcon_pkg'
[0.413s] Level 1:colcon.colcon_core.package_identification:_identify(data/tmp/1781443503_CG) by extensions ['colcon_meta']
[0.413s] Level 1:colcon.colcon_core.package_identification:_identify(data/tmp/1781443503_CG) by extension 'colcon_meta'
[0.414s] Level 1:colcon.colcon_core.package_identification:_identify(data/tmp/1781443503_CG) by extensions ['ros']
[0.414s] Level 1:colcon.colcon_core.package_identification:_identify(data/tmp/1781443503_CG) by extension 'ros'
[0.414s] Level 1:colcon.colcon_core.package_identification:_identify(data/tmp/1781443503_CG) by extensions ['cmake', 'python']
[0.414s] Level 1:colcon.colcon_core.package_identification:_identify(data/tmp/1781443503_CG) by extension 'cmake'
[0.414s] Level 1:colcon.colcon_core.package_identification:_identify(data/tmp/1781443503_CG) by extension 'python'
[0.414s] Level 1:colcon.colcon_core.package_identification:_identify(data/tmp/1781443503_CG) by extensions ['python_setup_py']
[0.414s] Level 1:colcon.colcon_core.package_identification:_identify(data/tmp/1781443503_CG) by extension 'python_setup_py'
[0.414s] Level 1:colcon.colcon_core.package_identification:_identify(data/tmp/1781443529_CG) by extensions ['ignore', 'ignore_ament_install']
[0.414s] Level 1:colcon.colcon_core.package_identification:_identify(data/tmp/1781443529_CG) by extension 'ignore'
[0.414s] Level 1:colcon.colcon_core.package_identification:_identify(data/tmp/1781443529_CG) by extension 'ignore_ament_install'
[0.414s] Level 1:colcon.colcon_core.package_identification:_identify(data/tmp/1781443529_CG) by extensions ['colcon_pkg']
[0.414s] Level 1:colcon.colcon_core.package_identification:_identify(data/tmp/1781443529_CG) by extension 'colcon_pkg'
[0.414s] Level 1:colcon.colcon_core.package_identification:_identify(data/tmp/1781443529_CG) by extensions ['colcon_meta']
[0.414s] Level 1:colcon.colcon_core.package_identification:_identify(data/tmp/1781443529_CG) by extension 'colcon_meta'
[0.414s] Level 1:colcon.colcon_core.package_identification:_identify(data/tmp/1781443529_CG) by extensions ['ros']
[0.414s] Level 1:colcon.colcon_core.package_identification:_identify(data/tmp/1781443529_CG) by extension 'ros'
[0.414s] Level 1:colcon.colcon_core.package_identification:_identify(data/tmp/1781443529_CG) by extensions ['cmake', 'python']
[0.414s] Level 1:colcon.colcon_core.package_identification:_identify(data/tmp/1781443529_CG) by extension 'cmake'
[0.414s] Level 1:colcon.colcon_core.package_identification:_identify(data/tmp/1781443529_CG) by extension 'python'
[0.414s] Level 1:colcon.colcon_core.package_identification:_identify(data/tmp/1781443529_CG) by extensions ['python_setup_py']
[0.414s] Level 1:colcon.colcon_core.package_identification:_identify(data/tmp/1781443529_CG) by extension 'python_setup_py'
[0.414s] Level 1:colcon.colcon_core.package_identification:_identify(data/tmp/1781443539_CG) by extensions ['ignore', 'ignore_ament_install']
[0.414s] Level 1:colcon.colcon_core.package_identification:_identify(data/tmp/1781443539_CG) by extension 'ignore'
[0.414s] Level 1:colcon.colcon_core.package_identification:_identify(data/tmp/1781443539_CG) by extension 'ignore_ament_install'
[0.415s] Level 1:colcon.colcon_core.package_identification:_identify(data/tmp/1781443539_CG) by extensions ['colcon_pkg']
[0.415s] Level 1:colcon.colcon_core.package_identification:_identify(data/tmp/1781443539_CG) by extension 'colcon_pkg'
[0.415s] Level 1:colcon.colcon_core.package_identification:_identify(data/tmp/1781443539_CG) by extensions ['colcon_meta']
[0.415s] Level 1:colcon.colcon_core.package_identification:_identify(data/tmp/1781443539_CG) by extension 'colcon_meta'
[0.415s] Level 1:colcon.colcon_core.package_identification:_identify(data/tmp/1781443539_CG) by extensions ['ros']
[0.415s] Level 1:colcon.colcon_core.package_identification:_identify(data/tmp/1781443539_CG) by extension 'ros'
[0.415s] Level 1:colcon.colcon_core.package_identification:_identify(data/tmp/1781443539_CG) by extensions ['cmake', 'python']
[0.415s] Level 1:colcon.colcon_core.package_identification:_identify(data/tmp/1781443539_CG) by extension 'cmake'
[0.415s] Level 1:colcon.colcon_core.package_identification:_identify(data/tmp/1781443539_CG) by extension 'python'
[0.415s] Level 1:colcon.colcon_core.package_identification:_identify(data/tmp/1781443539_CG) by extensions ['python_setup_py']
[0.415s] Level 1:colcon.colcon_core.package_identification:_identify(data/tmp/1781443539_CG) by extension 'python_setup_py'
[0.415s] Level 1:colcon.colcon_core.package_identification:_identify(data/tmp/1781443564_CG) by extensions ['ignore', 'ignore_ament_install']
[0.415s] Level 1:colcon.colcon_core.package_identification:_identify(data/tmp/1781443564_CG) by extension 'ignore'
[0.415s] Level 1:colcon.colcon_core.package_identification:_identify(data/tmp/1781443564_CG) by extension 'ignore_ament_install'
[0.415s] Level 1:colcon.colcon_core.package_identification:_identify(data/tmp/1781443564_CG) by extensions ['colcon_pkg']
[0.415s] Level 1:colcon.colcon_core.package_identification:_identify(data/tmp/1781443564_CG) by extension 'colcon_pkg'
[0.415s] Level 1:colcon.colcon_core.package_identification:_identify(data/tmp/1781443564_CG) by extensions ['colcon_meta']
[0.415s] Level 1:colcon.colcon_core.package_identification:_identify(data/tmp/1781443564_CG) by extension 'colcon_meta'
[0.415s] Level 1:colcon.colcon_core.package_identification:_identify(data/tmp/1781443564_CG) by extensions ['ros']
[0.415s] Level 1:colcon.colcon_core.package_identification:_identify(data/tmp/1781443564_CG) by extension 'ros'
[0.415s] Level 1:colcon.colcon_core.package_identification:_identify(data/tmp/1781443564_CG) by extensions ['cmake', 'python']
[0.415s] Level 1:colcon.colcon_core.package_identification:_identify(data/tmp/1781443564_CG) by extension 'cmake'
[0.415s] Level 1:colcon.colcon_core.package_identification:_identify(data/tmp/1781443564_CG) by extension 'python'
[0.415s] Level 1:colcon.colcon_core.package_identification:_identify(data/tmp/1781443564_CG) by extensions ['python_setup_py']
[0.415s] Level 1:colcon.colcon_core.package_identification:_identify(data/tmp/1781443564_CG) by extension 'python_setup_py'
[0.415s] Level 1:colcon.colcon_core.package_identification:_identify(data/tmp/1781443580_CG) by extensions ['ignore', 'ignore_ament_install']
[0.415s] Level 1:colcon.colcon_core.package_identification:_identify(data/tmp/1781443580_CG) by extension 'ignore'
[0.415s] Level 1:colcon.colcon_core.package_identification:_identify(data/tmp/1781443580_CG) by extension 'ignore_ament_install'
[0.416s] Level 1:colcon.colcon_core.package_identification:_identify(data/tmp/1781443580_CG) by extensions ['colcon_pkg']
[0.416s] Level 1:colcon.colcon_core.package_identification:_identify(data/tmp/1781443580_CG) by extension 'colcon_pkg'
[0.416s] Level 1:colcon.colcon_core.package_identification:_identify(data/tmp/1781443580_CG) by extensions ['colcon_meta']
[0.416s] Level 1:colcon.colcon_core.package_identification:_identify(data/tmp/1781443580_CG) by extension 'colcon_meta'
[0.416s] Level 1:colcon.colcon_core.package_identification:_identify(data/tmp/1781443580_CG) by extensions ['ros']
[0.416s] Level 1:colcon.colcon_core.package_identification:_identify(data/tmp/1781443580_CG) by extension 'ros'
[0.416s] Level 1:colcon.colcon_core.package_identification:_identify(data/tmp/1781443580_CG) by extensions ['cmake', 'python']
[0.416s] Level 1:colcon.colcon_core.package_identification:_identify(data/tmp/1781443580_CG) by extension 'cmake'
[0.416s] Level 1:colcon.colcon_core.package_identification:_identify(data/tmp/1781443580_CG) by extension 'python'
[0.416s] Level 1:colcon.colcon_core.package_identification:_identify(data/tmp/1781443580_CG) by extensions ['python_setup_py']
[0.416s] Level 1:colcon.colcon_core.package_identification:_identify(data/tmp/1781443580_CG) by extension 'python_setup_py'
[0.416s] Level 1:colcon.colcon_core.package_identification:_identify(data/tmp/1781443608_CG) by extensions ['ignore', 'ignore_ament_install']
[0.416s] Level 1:colcon.colcon_core.package_identification:_identify(data/tmp/1781443608_CG) by extension 'ignore'
[0.416s] Level 1:colcon.colcon_core.package_identification:_identify(data/tmp/1781443608_CG) by extension 'ignore_ament_install'
[0.416s] Level 1:colcon.colcon_core.package_identification:_identify(data/tmp/1781443608_CG) by extensions ['colcon_pkg']
[0.416s] Level 1:colcon.colcon_core.package_identification:_identify(data/tmp/1781443608_CG) by extension 'colcon_pkg'
[0.416s] Level 1:colcon.colcon_core.package_identification:_identify(data/tmp/1781443608_CG) by extensions ['colcon_meta']
[0.416s] Level 1:colcon.colcon_core.package_identification:_identify(data/tmp/1781443608_CG) by extension 'colcon_meta'
[0.416s] Level 1:colcon.colcon_core.package_identification:_identify(data/tmp/1781443608_CG) by extensions ['ros']
[0.416s] Level 1:colcon.colcon_core.package_identification:_identify(data/tmp/1781443608_CG) by extension 'ros'
[0.416s] Level 1:colcon.colcon_core.package_identification:_identify(data/tmp/1781443608_CG) by extensions ['cmake', 'python']
[0.416s] Level 1:colcon.colcon_core.package_identification:_identify(data/tmp/1781443608_CG) by extension 'cmake'
[0.416s] Level 1:colcon.colcon_core.package_identification:_identify(data/tmp/1781443608_CG) by extension 'python'
[0.416s] Level 1:colcon.colcon_core.package_identification:_identify(data/tmp/1781443608_CG) by extensions ['python_setup_py']
[0.416s] Level 1:colcon.colcon_core.package_identification:_identify(data/tmp/1781443608_CG) by extension 'python_setup_py'
[0.416s] Level 1:colcon.colcon_core.package_identification:_identify(data/tmp/1781443619_CG) by extensions ['ignore', 'ignore_ament_install']
[0.416s] Level 1:colcon.colcon_core.package_identification:_identify(data/tmp/1781443619_CG) by extension 'ignore'
[0.417s] Level 1:colcon.colcon_core.package_identification:_identify(data/tmp/1781443619_CG) by extension 'ignore_ament_install'
[0.417s] Level 1:colcon.colcon_core.package_identification:_identify(data/tmp/1781443619_CG) by extensions ['colcon_pkg']
[0.417s] Level 1:colcon.colcon_core.package_identification:_identify(data/tmp/1781443619_CG) by extension 'colcon_pkg'
[0.417s] Level 1:colcon.colcon_core.package_identification:_identify(data/tmp/1781443619_CG) by extensions ['colcon_meta']
[0.417s] Level 1:colcon.colcon_core.package_identification:_identify(data/tmp/1781443619_CG) by extension 'colcon_meta'
[0.417s] Level 1:colcon.colcon_core.package_identification:_identify(data/tmp/1781443619_CG) by extensions ['ros']
[0.417s] Level 1:colcon.colcon_core.package_identification:_identify(data/tmp/1781443619_CG) by extension 'ros'
[0.417s] Level 1:colcon.colcon_core.package_identification:_identify(data/tmp/1781443619_CG) by extensions ['cmake', 'python']
[0.417s] Level 1:colcon.colcon_core.package_identification:_identify(data/tmp/1781443619_CG) by extension 'cmake'
[0.417s] Level 1:colcon.colcon_core.package_identification:_identify(data/tmp/1781443619_CG) by extension 'python'
[0.417s] Level 1:colcon.colcon_core.package_identification:_identify(data/tmp/1781443619_CG) by extensions ['python_setup_py']
[0.417s] Level 1:colcon.colcon_core.package_identification:_identify(data/tmp/1781443619_CG) by extension 'python_setup_py'
[0.417s] Level 1:colcon.colcon_core.package_identification:_identify(data/tmp/1781443654_CG) by extensions ['ignore', 'ignore_ament_install']
[0.417s] Level 1:colcon.colcon_core.package_identification:_identify(data/tmp/1781443654_CG) by extension 'ignore'
[0.417s] Level 1:colcon.colcon_core.package_identification:_identify(data/tmp/1781443654_CG) by extension 'ignore_ament_install'
[0.417s] Level 1:colcon.colcon_core.package_identification:_identify(data/tmp/1781443654_CG) by extensions ['colcon_pkg']
[0.417s] Level 1:colcon.colcon_core.package_identification:_identify(data/tmp/1781443654_CG) by extension 'colcon_pkg'
[0.417s] Level 1:colcon.colcon_core.package_identification:_identify(data/tmp/1781443654_CG) by extensions ['colcon_meta']
[0.417s] Level 1:colcon.colcon_core.package_identification:_identify(data/tmp/1781443654_CG) by extension 'colcon_meta'
[0.417s] Level 1:colcon.colcon_core.package_identification:_identify(data/tmp/1781443654_CG) by extensions ['ros']
[0.417s] Level 1:colcon.colcon_core.package_identification:_identify(data/tmp/1781443654_CG) by extension 'ros'
[0.417s] Level 1:colcon.colcon_core.package_identification:_identify(data/tmp/1781443654_CG) by extensions ['cmake', 'python']
[0.417s] Level 1:colcon.colcon_core.package_identification:_identify(data/tmp/1781443654_CG) by extension 'cmake'
[0.417s] Level 1:colcon.colcon_core.package_identification:_identify(data/tmp/1781443654_CG) by extension 'python'
[0.417s] Level 1:colcon.colcon_core.package_identification:_identify(data/tmp/1781443654_CG) by extensions ['python_setup_py']
[0.417s] Level 1:colcon.colcon_core.package_identification:_identify(data/tmp/1781443654_CG) by extension 'python_setup_py'
[0.417s] Level 1:colcon.colcon_core.package_identification:_identify(data/tmp/1781443666_CG) by extensions ['ignore', 'ignore_ament_install']
[0.418s] Level 1:colcon.colcon_core.package_identification:_identify(data/tmp/1781443666_CG) by extension 'ignore'
[0.418s] Level 1:colcon.colcon_core.package_identification:_identify(data/tmp/1781443666_CG) by extension 'ignore_ament_install'
[0.418s] Level 1:colcon.colcon_core.package_identification:_identify(data/tmp/1781443666_CG) by extensions ['colcon_pkg']
[0.418s] Level 1:colcon.colcon_core.package_identification:_identify(data/tmp/1781443666_CG) by extension 'colcon_pkg'
[0.418s] Level 1:colcon.colcon_core.package_identification:_identify(data/tmp/1781443666_CG) by extensions ['colcon_meta']
[0.418s] Level 1:colcon.colcon_core.package_identification:_identify(data/tmp/1781443666_CG) by extension 'colcon_meta'
[0.418s] Level 1:colcon.colcon_core.package_identification:_identify(data/tmp/1781443666_CG) by extensions ['ros']
[0.418s] Level 1:colcon.colcon_core.package_identification:_identify(data/tmp/1781443666_CG) by extension 'ros'
[0.418s] Level 1:colcon.colcon_core.package_identification:_identify(data/tmp/1781443666_CG) by extensions ['cmake', 'python']
[0.418s] Level 1:colcon.colcon_core.package_identification:_identify(data/tmp/1781443666_CG) by extension 'cmake'
[0.418s] Level 1:colcon.colcon_core.package_identification:_identify(data/tmp/1781443666_CG) by extension 'python'
[0.418s] Level 1:colcon.colcon_core.package_identification:_identify(data/tmp/1781443666_CG) by extensions ['python_setup_py']
[0.418s] Level 1:colcon.colcon_core.package_identification:_identify(data/tmp/1781443666_CG) by extension 'python_setup_py'
[0.418s] Level 1:colcon.colcon_core.package_identification:_identify(data/tmp/1781443671_CG) by extensions ['ignore', 'ignore_ament_install']
[0.418s] Level 1:colcon.colcon_core.package_identification:_identify(data/tmp/1781443671_CG) by extension 'ignore'
[0.418s] Level 1:colcon.colcon_core.package_identification:_identify(data/tmp/1781443671_CG) by extension 'ignore_ament_install'
[0.418s] Level 1:colcon.colcon_core.package_identification:_identify(data/tmp/1781443671_CG) by extensions ['colcon_pkg']
[0.418s] Level 1:colcon.colcon_core.package_identification:_identify(data/tmp/1781443671_CG) by extension 'colcon_pkg'
[0.418s] Level 1:colcon.colcon_core.package_identification:_identify(data/tmp/1781443671_CG) by extensions ['colcon_meta']
[0.418s] Level 1:colcon.colcon_core.package_identification:_identify(data/tmp/1781443671_CG) by extension 'colcon_meta'
[0.418s] Level 1:colcon.colcon_core.package_identification:_identify(data/tmp/1781443671_CG) by extensions ['ros']
[0.418s] Level 1:colcon.colcon_core.package_identification:_identify(data/tmp/1781443671_CG) by extension 'ros'
[0.418s] Level 1:colcon.colcon_core.package_identification:_identify(data/tmp/1781443671_CG) by extensions ['cmake', 'python']
[0.418s] Level 1:colcon.colcon_core.package_identification:_identify(data/tmp/1781443671_CG) by extension 'cmake'
[0.418s] Level 1:colcon.colcon_core.package_identification:_identify(data/tmp/1781443671_CG) by extension 'python'
[0.418s] Level 1:colcon.colcon_core.package_identification:_identify(data/tmp/1781443671_CG) by extensions ['python_setup_py']
[0.418s] Level 1:colcon.colcon_core.package_identification:_identify(data/tmp/1781443671_CG) by extension 'python_setup_py'
[0.418s] Level 1:colcon.colcon_core.package_identification:_identify(data/tmp/1781443680_CG) by extensions ['ignore', 'ignore_ament_install']
[0.419s] Level 1:colcon.colcon_core.package_identification:_identify(data/tmp/1781443680_CG) by extension 'ignore'
[0.419s] Level 1:colcon.colcon_core.package_identification:_identify(data/tmp/1781443680_CG) by extension 'ignore_ament_install'
[0.419s] Level 1:colcon.colcon_core.package_identification:_identify(data/tmp/1781443680_CG) by extensions ['colcon_pkg']
[0.419s] Level 1:colcon.colcon_core.package_identification:_identify(data/tmp/1781443680_CG) by extension 'colcon_pkg'
[0.419s] Level 1:colcon.colcon_core.package_identification:_identify(data/tmp/1781443680_CG) by extensions ['colcon_meta']
[0.419s] Level 1:colcon.colcon_core.package_identification:_identify(data/tmp/1781443680_CG) by extension 'colcon_meta'
[0.419s] Level 1:colcon.colcon_core.package_identification:_identify(data/tmp/1781443680_CG) by extensions ['ros']
[0.419s] Level 1:colcon.colcon_core.package_identification:_identify(data/tmp/1781443680_CG) by extension 'ros'
[0.419s] Level 1:colcon.colcon_core.package_identification:_identify(data/tmp/1781443680_CG) by extensions ['cmake', 'python']
[0.419s] Level 1:colcon.colcon_core.package_identification:_identify(data/tmp/1781443680_CG) by extension 'cmake'
[0.419s] Level 1:colcon.colcon_core.package_identification:_identify(data/tmp/1781443680_CG) by extension 'python'
[0.419s] Level 1:colcon.colcon_core.package_identification:_identify(data/tmp/1781443680_CG) by extensions ['python_setup_py']
[0.419s] Level 1:colcon.colcon_core.package_identification:_identify(data/tmp/1781443680_CG) by extension 'python_setup_py'
[0.419s] Level 1:colcon.colcon_core.package_identification:_identify(data/tmp/1781443739_CG) by extensions ['ignore', 'ignore_ament_install']
[0.419s] Level 1:colcon.colcon_core.package_identification:_identify(data/tmp/1781443739_CG) by extension 'ignore'
[0.419s] Level 1:colcon.colcon_core.package_identification:_identify(data/tmp/1781443739_CG) by extension 'ignore_ament_install'
[0.419s] Level 1:colcon.colcon_core.package_identification:_identify(data/tmp/1781443739_CG) by extensions ['colcon_pkg']
[0.419s] Level 1:colcon.colcon_core.package_identification:_identify(data/tmp/1781443739_CG) by extension 'colcon_pkg'
[0.419s] Level 1:colcon.colcon_core.package_identification:_identify(data/tmp/1781443739_CG) by extensions ['colcon_meta']
[0.419s] Level 1:colcon.colcon_core.package_identification:_identify(data/tmp/1781443739_CG) by extension 'colcon_meta'
[0.419s] Level 1:colcon.colcon_core.package_identification:_identify(data/tmp/1781443739_CG) by extensions ['ros']
[0.419s] Level 1:colcon.colcon_core.package_identification:_identify(data/tmp/1781443739_CG) by extension 'ros'
[0.419s] Level 1:colcon.colcon_core.package_identification:_identify(data/tmp/1781443739_CG) by extensions ['cmake', 'python']
[0.419s] Level 1:colcon.colcon_core.package_identification:_identify(data/tmp/1781443739_CG) by extension 'cmake'
[0.419s] Level 1:colcon.colcon_core.package_identification:_identify(data/tmp/1781443739_CG) by extension 'python'
[0.419s] Level 1:colcon.colcon_core.package_identification:_identify(data/tmp/1781443739_CG) by extensions ['python_setup_py']
[0.419s] Level 1:colcon.colcon_core.package_identification:_identify(data/tmp/1781443739_CG) by extension 'python_setup_py'
[0.420s] Level 1:colcon.colcon_core.package_identification:_identify(data/tmp/1781443764_CG) by extensions ['ignore', 'ignore_ament_install']
[0.420s] Level 1:colcon.colcon_core.package_identification:_identify(data/tmp/1781443764_CG) by extension 'ignore'
[0.420s] Level 1:colcon.colcon_core.package_identification:_identify(data/tmp/1781443764_CG) by extension 'ignore_ament_install'
[0.420s] Level 1:colcon.colcon_core.package_identification:_identify(data/tmp/1781443764_CG) by extensions ['colcon_pkg']
[0.420s] Level 1:colcon.colcon_core.package_identification:_identify(data/tmp/1781443764_CG) by extension 'colcon_pkg'
[0.420s] Level 1:colcon.colcon_core.package_identification:_identify(data/tmp/1781443764_CG) by extensions ['colcon_meta']
[0.420s] Level 1:colcon.colcon_core.package_identification:_identify(data/tmp/1781443764_CG) by extension 'colcon_meta'
[0.420s] Level 1:colcon.colcon_core.package_identification:_identify(data/tmp/1781443764_CG) by extensions ['ros']
[0.420s] Level 1:colcon.colcon_core.package_identification:_identify(data/tmp/1781443764_CG) by extension 'ros'
[0.420s] Level 1:colcon.colcon_core.package_identification:_identify(data/tmp/1781443764_CG) by extensions ['cmake', 'python']
[0.420s] Level 1:colcon.colcon_core.package_identification:_identify(data/tmp/1781443764_CG) by extension 'cmake'
[0.420s] Level 1:colcon.colcon_core.package_identification:_identify(data/tmp/1781443764_CG) by extension 'python'
[0.420s] Level 1:colcon.colcon_core.package_identification:_identify(data/tmp/1781443764_CG) by extensions ['python_setup_py']
[0.420s] Level 1:colcon.colcon_core.package_identification:_identify(data/tmp/1781443764_CG) by extension 'python_setup_py'
[0.420s] Level 1:colcon.colcon_core.package_identification:_identify(data/tmp/1781443783_CG) by extensions ['ignore', 'ignore_ament_install']
[0.420s] Level 1:colcon.colcon_core.package_identification:_identify(data/tmp/1781443783_CG) by extension 'ignore'
[0.420s] Level 1:colcon.colcon_core.package_identification:_identify(data/tmp/1781443783_CG) by extension 'ignore_ament_install'
[0.420s] Level 1:colcon.colcon_core.package_identification:_identify(data/tmp/1781443783_CG) by extensions ['colcon_pkg']
[0.420s] Level 1:colcon.colcon_core.package_identification:_identify(data/tmp/1781443783_CG) by extension 'colcon_pkg'
[0.420s] Level 1:colcon.colcon_core.package_identification:_identify(data/tmp/1781443783_CG) by extensions ['colcon_meta']
[0.420s] Level 1:colcon.colcon_core.package_identification:_identify(data/tmp/1781443783_CG) by extension 'colcon_meta'
[0.420s] Level 1:colcon.colcon_core.package_identification:_identify(data/tmp/1781443783_CG) by extensions ['ros']
[0.420s] Level 1:colcon.colcon_core.package_identification:_identify(data/tmp/1781443783_CG) by extension 'ros'
[0.420s] Level 1:colcon.colcon_core.package_identification:_identify(data/tmp/1781443783_CG) by extensions ['cmake', 'python']
[0.420s] Level 1:colcon.colcon_core.package_identification:_identify(data/tmp/1781443783_CG) by extension 'cmake'
[0.420s] Level 1:colcon.colcon_core.package_identification:_identify(data/tmp/1781443783_CG) by extension 'python'
[0.420s] Level 1:colcon.colcon_core.package_identification:_identify(data/tmp/1781443783_CG) by extensions ['python_setup_py']
[0.420s] Level 1:colcon.colcon_core.package_identification:_identify(data/tmp/1781443783_CG) by extension 'python_setup_py'
[0.420s] Level 1:colcon.colcon_core.package_identification:_identify(data/tmp/1781443800_CG) by extensions ['ignore', 'ignore_ament_install']
[0.421s] Level 1:colcon.colcon_core.package_identification:_identify(data/tmp/1781443800_CG) by extension 'ignore'
[0.421s] Level 1:colcon.colcon_core.package_identification:_identify(data/tmp/1781443800_CG) by extension 'ignore_ament_install'
[0.421s] Level 1:colcon.colcon_core.package_identification:_identify(data/tmp/1781443800_CG) by extensions ['colcon_pkg']
[0.421s] Level 1:colcon.colcon_core.package_identification:_identify(data/tmp/1781443800_CG) by extension 'colcon_pkg'
[0.421s] Level 1:colcon.colcon_core.package_identification:_identify(data/tmp/1781443800_CG) by extensions ['colcon_meta']
[0.421s] Level 1:colcon.colcon_core.package_identification:_identify(data/tmp/1781443800_CG) by extension 'colcon_meta'
[0.421s] Level 1:colcon.colcon_core.package_identification:_identify(data/tmp/1781443800_CG) by extensions ['ros']
[0.421s] Level 1:colcon.colcon_core.package_identification:_identify(data/tmp/1781443800_CG) by extension 'ros'
[0.421s] Level 1:colcon.colcon_core.package_identification:_identify(data/tmp/1781443800_CG) by extensions ['cmake', 'python']
[0.421s] Level 1:colcon.colcon_core.package_identification:_identify(data/tmp/1781443800_CG) by extension 'cmake'
[0.421s] Level 1:colcon.colcon_core.package_identification:_identify(data/tmp/1781443800_CG) by extension 'python'
[0.421s] Level 1:colcon.colcon_core.package_identification:_identify(data/tmp/1781443800_CG) by extensions ['python_setup_py']
[0.421s] Level 1:colcon.colcon_core.package_identification:_identify(data/tmp/1781443800_CG) by extension 'python_setup_py'
[0.421s] Level 1:colcon.colcon_core.package_identification:_identify(data/tmp/1781443811_CG) by extensions ['ignore', 'ignore_ament_install']
[0.421s] Level 1:colcon.colcon_core.package_identification:_identify(data/tmp/1781443811_CG) by extension 'ignore'
[0.421s] Level 1:colcon.colcon_core.package_identification:_identify(data/tmp/1781443811_CG) by extension 'ignore_ament_install'
[0.421s] Level 1:colcon.colcon_core.package_identification:_identify(data/tmp/1781443811_CG) by extensions ['colcon_pkg']
[0.421s] Level 1:colcon.colcon_core.package_identification:_identify(data/tmp/1781443811_CG) by extension 'colcon_pkg'
[0.421s] Level 1:colcon.colcon_core.package_identification:_identify(data/tmp/1781443811_CG) by extensions ['colcon_meta']
[0.421s] Level 1:colcon.colcon_core.package_identification:_identify(data/tmp/1781443811_CG) by extension 'colcon_meta'
[0.421s] Level 1:colcon.colcon_core.package_identification:_identify(data/tmp/1781443811_CG) by extensions ['ros']
[0.421s] Level 1:colcon.colcon_core.package_identification:_identify(data/tmp/1781443811_CG) by extension 'ros'
[0.421s] Level 1:colcon.colcon_core.package_identification:_identify(data/tmp/1781443811_CG) by extensions ['cmake', 'python']
[0.421s] Level 1:colcon.colcon_core.package_identification:_identify(data/tmp/1781443811_CG) by extension 'cmake'
[0.421s] Level 1:colcon.colcon_core.package_identification:_identify(data/tmp/1781443811_CG) by extension 'python'
[0.421s] Level 1:colcon.colcon_core.package_identification:_identify(data/tmp/1781443811_CG) by extensions ['python_setup_py']
[0.421s] Level 1:colcon.colcon_core.package_identification:_identify(data/tmp/1781443811_CG) by extension 'python_setup_py'
[0.421s] Level 1:colcon.colcon_core.package_identification:_identify(data/tmp/1781443827_CG) by extensions ['ignore', 'ignore_ament_install']
[0.422s] Level 1:colcon.colcon_core.package_identification:_identify(data/tmp/1781443827_CG) by extension 'ignore'
[0.422s] Level 1:colcon.colcon_core.package_identification:_identify(data/tmp/1781443827_CG) by extension 'ignore_ament_install'
[0.422s] Level 1:colcon.colcon_core.package_identification:_identify(data/tmp/1781443827_CG) by extensions ['colcon_pkg']
[0.422s] Level 1:colcon.colcon_core.package_identification:_identify(data/tmp/1781443827_CG) by extension 'colcon_pkg'
[0.422s] Level 1:colcon.colcon_core.package_identification:_identify(data/tmp/1781443827_CG) by extensions ['colcon_meta']
[0.422s] Level 1:colcon.colcon_core.package_identification:_identify(data/tmp/1781443827_CG) by extension 'colcon_meta'
[0.422s] Level 1:colcon.colcon_core.package_identification:_identify(data/tmp/1781443827_CG) by extensions ['ros']
[0.422s] Level 1:colcon.colcon_core.package_identification:_identify(data/tmp/1781443827_CG) by extension 'ros'
[0.422s] Level 1:colcon.colcon_core.package_identification:_identify(data/tmp/1781443827_CG) by extensions ['cmake', 'python']
[0.422s] Level 1:colcon.colcon_core.package_identification:_identify(data/tmp/1781443827_CG) by extension 'cmake'
[0.422s] Level 1:colcon.colcon_core.package_identification:_identify(data/tmp/1781443827_CG) by extension 'python'
[0.422s] Level 1:colcon.colcon_core.package_identification:_identify(data/tmp/1781443827_CG) by extensions ['python_setup_py']
[0.422s] Level 1:colcon.colcon_core.package_identification:_identify(data/tmp/1781443827_CG) by extension 'python_setup_py'
[0.422s] Level 1:colcon.colcon_core.package_identification:_identify(data/tmp/1781443902_CG) by extensions ['ignore', 'ignore_ament_install']
[0.422s] Level 1:colcon.colcon_core.package_identification:_identify(data/tmp/1781443902_CG) by extension 'ignore'
[0.422s] Level 1:colcon.colcon_core.package_identification:_identify(data/tmp/1781443902_CG) by extension 'ignore_ament_install'
[0.422s] Level 1:colcon.colcon_core.package_identification:_identify(data/tmp/1781443902_CG) by extensions ['colcon_pkg']
[0.422s] Level 1:colcon.colcon_core.package_identification:_identify(data/tmp/1781443902_CG) by extension 'colcon_pkg'
[0.422s] Level 1:colcon.colcon_core.package_identification:_identify(data/tmp/1781443902_CG) by extensions ['colcon_meta']
[0.422s] Level 1:colcon.colcon_core.package_identification:_identify(data/tmp/1781443902_CG) by extension 'colcon_meta'
[0.422s] Level 1:colcon.colcon_core.package_identification:_identify(data/tmp/1781443902_CG) by extensions ['ros']
[0.422s] Level 1:colcon.colcon_core.package_identification:_identify(data/tmp/1781443902_CG) by extension 'ros'
[0.422s] Level 1:colcon.colcon_core.package_identification:_identify(data/tmp/1781443902_CG) by extensions ['cmake', 'python']
[0.422s] Level 1:colcon.colcon_core.package_identification:_identify(data/tmp/1781443902_CG) by extension 'cmake'
[0.422s] Level 1:colcon.colcon_core.package_identification:_identify(data/tmp/1781443902_CG) by extension 'python'
[0.422s] Level 1:colcon.colcon_core.package_identification:_identify(data/tmp/1781443902_CG) by extensions ['python_setup_py']
[0.422s] Level 1:colcon.colcon_core.package_identification:_identify(data/tmp/1781443902_CG) by extension 'python_setup_py'
[0.422s] Level 1:colcon.colcon_core.package_identification:_identify(data/tmp/1781443916_CG) by extensions ['ignore', 'ignore_ament_install']
[0.423s] Level 1:colcon.colcon_core.package_identification:_identify(data/tmp/1781443916_CG) by extension 'ignore'
[0.423s] Level 1:colcon.colcon_core.package_identification:_identify(data/tmp/1781443916_CG) by extension 'ignore_ament_install'
[0.423s] Level 1:colcon.colcon_core.package_identification:_identify(data/tmp/1781443916_CG) by extensions ['colcon_pkg']
[0.423s] Level 1:colcon.colcon_core.package_identification:_identify(data/tmp/1781443916_CG) by extension 'colcon_pkg'
[0.423s] Level 1:colcon.colcon_core.package_identification:_identify(data/tmp/1781443916_CG) by extensions ['colcon_meta']
[0.423s] Level 1:colcon.colcon_core.package_identification:_identify(data/tmp/1781443916_CG) by extension 'colcon_meta'
[0.423s] Level 1:colcon.colcon_core.package_identification:_identify(data/tmp/1781443916_CG) by extensions ['ros']
[0.423s] Level 1:colcon.colcon_core.package_identification:_identify(data/tmp/1781443916_CG) by extension 'ros'
[0.423s] Level 1:colcon.colcon_core.package_identification:_identify(data/tmp/1781443916_CG) by extensions ['cmake', 'python']
[0.423s] Level 1:colcon.colcon_core.package_identification:_identify(data/tmp/1781443916_CG) by extension 'cmake'
[0.423s] Level 1:colcon.colcon_core.package_identification:_identify(data/tmp/1781443916_CG) by extension 'python'
[0.423s] Level 1:colcon.colcon_core.package_identification:_identify(data/tmp/1781443916_CG) by extensions ['python_setup_py']
[0.423s] Level 1:colcon.colcon_core.package_identification:_identify(data/tmp/1781443916_CG) by extension 'python_setup_py'
[0.423s] Level 1:colcon.colcon_core.package_identification:_identify(data/tmp/1781443960_CG) by extensions ['ignore', 'ignore_ament_install']
[0.423s] Level 1:colcon.colcon_core.package_identification:_identify(data/tmp/1781443960_CG) by extension 'ignore'
[0.423s] Level 1:colcon.colcon_core.package_identification:_identify(data/tmp/1781443960_CG) by extension 'ignore_ament_install'
[0.423s] Level 1:colcon.colcon_core.package_identification:_identify(data/tmp/1781443960_CG) by extensions ['colcon_pkg']
[0.423s] Level 1:colcon.colcon_core.package_identification:_identify(data/tmp/1781443960_CG) by extension 'colcon_pkg'
[0.423s] Level 1:colcon.colcon_core.package_identification:_identify(data/tmp/1781443960_CG) by extensions ['colcon_meta']
[0.423s] Level 1:colcon.colcon_core.package_identification:_identify(data/tmp/1781443960_CG) by extension 'colcon_meta'
[0.423s] Level 1:colcon.colcon_core.package_identification:_identify(data/tmp/1781443960_CG) by extensions ['ros']
[0.423s] Level 1:colcon.colcon_core.package_identification:_identify(data/tmp/1781443960_CG) by extension 'ros'
[0.423s] Level 1:colcon.colcon_core.package_identification:_identify(data/tmp/1781443960_CG) by extensions ['cmake', 'python']
[0.423s] Level 1:colcon.colcon_core.package_identification:_identify(data/tmp/1781443960_CG) by extension 'cmake'
[0.423s] Level 1:colcon.colcon_core.package_identification:_identify(data/tmp/1781443960_CG) by extension 'python'
[0.423s] Level 1:colcon.colcon_core.package_identification:_identify(data/tmp/1781443960_CG) by extensions ['python_setup_py']
[0.423s] Level 1:colcon.colcon_core.package_identification:_identify(data/tmp/1781443960_CG) by extension 'python_setup_py'
[0.423s] Level 1:colcon.colcon_core.package_identification:_identify(data/tmp/1781443972_CG) by extensions ['ignore', 'ignore_ament_install']
[0.424s] Level 1:colcon.colcon_core.package_identification:_identify(data/tmp/1781443972_CG) by extension 'ignore'
[0.424s] Level 1:colcon.colcon_core.package_identification:_identify(data/tmp/1781443972_CG) by extension 'ignore_ament_install'
[0.424s] Level 1:colcon.colcon_core.package_identification:_identify(data/tmp/1781443972_CG) by extensions ['colcon_pkg']
[0.424s] Level 1:colcon.colcon_core.package_identification:_identify(data/tmp/1781443972_CG) by extension 'colcon_pkg'
[0.424s] Level 1:colcon.colcon_core.package_identification:_identify(data/tmp/1781443972_CG) by extensions ['colcon_meta']
[0.424s] Level 1:colcon.colcon_core.package_identification:_identify(data/tmp/1781443972_CG) by extension 'colcon_meta'
[0.424s] Level 1:colcon.colcon_core.package_identification:_identify(data/tmp/1781443972_CG) by extensions ['ros']
[0.424s] Level 1:colcon.colcon_core.package_identification:_identify(data/tmp/1781443972_CG) by extension 'ros'
[0.424s] Level 1:colcon.colcon_core.package_identification:_identify(data/tmp/1781443972_CG) by extensions ['cmake', 'python']
[0.424s] Level 1:colcon.colcon_core.package_identification:_identify(data/tmp/1781443972_CG) by extension 'cmake'
[0.424s] Level 1:colcon.colcon_core.package_identification:_identify(data/tmp/1781443972_CG) by extension 'python'
[0.424s] Level 1:colcon.colcon_core.package_identification:_identify(data/tmp/1781443972_CG) by extensions ['python_setup_py']
[0.424s] Level 1:colcon.colcon_core.package_identification:_identify(data/tmp/1781443972_CG) by extension 'python_setup_py'
[0.424s] Level 1:colcon.colcon_core.package_identification:_identify(data/tmp/1781443984_CG) by extensions ['ignore', 'ignore_ament_install']
[0.424s] Level 1:colcon.colcon_core.package_identification:_identify(data/tmp/1781443984_CG) by extension 'ignore'
[0.424s] Level 1:colcon.colcon_core.package_identification:_identify(data/tmp/1781443984_CG) by extension 'ignore_ament_install'
[0.424s] Level 1:colcon.colcon_core.package_identification:_identify(data/tmp/1781443984_CG) by extensions ['colcon_pkg']
[0.424s] Level 1:colcon.colcon_core.package_identification:_identify(data/tmp/1781443984_CG) by extension 'colcon_pkg'
[0.424s] Level 1:colcon.colcon_core.package_identification:_identify(data/tmp/1781443984_CG) by extensions ['colcon_meta']
[0.424s] Level 1:colcon.colcon_core.package_identification:_identify(data/tmp/1781443984_CG) by extension 'colcon_meta'
[0.424s] Level 1:colcon.colcon_core.package_identification:_identify(data/tmp/1781443984_CG) by extensions ['ros']
[0.424s] Level 1:colcon.colcon_core.package_identification:_identify(data/tmp/1781443984_CG) by extension 'ros'
[0.424s] Level 1:colcon.colcon_core.package_identification:_identify(data/tmp/1781443984_CG) by extensions ['cmake', 'python']
[0.424s] Level 1:colcon.colcon_core.package_identification:_identify(data/tmp/1781443984_CG) by extension 'cmake'
[0.424s] Level 1:colcon.colcon_core.package_identification:_identify(data/tmp/1781443984_CG) by extension 'python'
[0.424s] Level 1:colcon.colcon_core.package_identification:_identify(data/tmp/1781443984_CG) by extensions ['python_setup_py']
[0.424s] Level 1:colcon.colcon_core.package_identification:_identify(data/tmp/1781443984_CG) by extension 'python_setup_py'
[0.424s] Level 1:colcon.colcon_core.package_identification:_identify(data/tmp/1781443994_CG) by extensions ['ignore', 'ignore_ament_install']
[0.425s] Level 1:colcon.colcon_core.package_identification:_identify(data/tmp/1781443994_CG) by extension 'ignore'
[0.425s] Level 1:colcon.colcon_core.package_identification:_identify(data/tmp/1781443994_CG) by extension 'ignore_ament_install'
[0.425s] Level 1:colcon.colcon_core.package_identification:_identify(data/tmp/1781443994_CG) by extensions ['colcon_pkg']
[0.425s] Level 1:colcon.colcon_core.package_identification:_identify(data/tmp/1781443994_CG) by extension 'colcon_pkg'
[0.425s] Level 1:colcon.colcon_core.package_identification:_identify(data/tmp/1781443994_CG) by extensions ['colcon_meta']
[0.425s] Level 1:colcon.colcon_core.package_identification:_identify(data/tmp/1781443994_CG) by extension 'colcon_meta'
[0.425s] Level 1:colcon.colcon_core.package_identification:_identify(data/tmp/1781443994_CG) by extensions ['ros']
[0.425s] Level 1:colcon.colcon_core.package_identification:_identify(data/tmp/1781443994_CG) by extension 'ros'
[0.425s] Level 1:colcon.colcon_core.package_identification:_identify(data/tmp/1781443994_CG) by extensions ['cmake', 'python']
[0.425s] Level 1:colcon.colcon_core.package_identification:_identify(data/tmp/1781443994_CG) by extension 'cmake'
[0.425s] Level 1:colcon.colcon_core.package_identification:_identify(data/tmp/1781443994_CG) by extension 'python'
[0.425s] Level 1:colcon.colcon_core.package_identification:_identify(data/tmp/1781443994_CG) by extensions ['python_setup_py']
[0.425s] Level 1:colcon.colcon_core.package_identification:_identify(data/tmp/1781443994_CG) by extension 'python_setup_py'
[0.425s] Level 1:colcon.colcon_core.package_identification:_identify(data/tmp/1781444046_CG) by extensions ['ignore', 'ignore_ament_install']
[0.425s] Level 1:colcon.colcon_core.package_identification:_identify(data/tmp/1781444046_CG) by extension 'ignore'
[0.425s] Level 1:colcon.colcon_core.package_identification:_identify(data/tmp/1781444046_CG) by extension 'ignore_ament_install'
[0.425s] Level 1:colcon.colcon_core.package_identification:_identify(data/tmp/1781444046_CG) by extensions ['colcon_pkg']
[0.425s] Level 1:colcon.colcon_core.package_identification:_identify(data/tmp/1781444046_CG) by extension 'colcon_pkg'
[0.425s] Level 1:colcon.colcon_core.package_identification:_identify(data/tmp/1781444046_CG) by extensions ['colcon_meta']
[0.425s] Level 1:colcon.colcon_core.package_identification:_identify(data/tmp/1781444046_CG) by extension 'colcon_meta'
[0.425s] Level 1:colcon.colcon_core.package_identification:_identify(data/tmp/1781444046_CG) by extensions ['ros']
[0.425s] Level 1:colcon.colcon_core.package_identification:_identify(data/tmp/1781444046_CG) by extension 'ros'
[0.425s] Level 1:colcon.colcon_core.package_identification:_identify(data/tmp/1781444046_CG) by extensions ['cmake', 'python']
[0.425s] Level 1:colcon.colcon_core.package_identification:_identify(data/tmp/1781444046_CG) by extension 'cmake'
[0.425s] Level 1:colcon.colcon_core.package_identification:_identify(data/tmp/1781444046_CG) by extension 'python'
[0.425s] Level 1:colcon.colcon_core.package_identification:_identify(data/tmp/1781444046_CG) by extensions ['python_setup_py']
[0.425s] Level 1:colcon.colcon_core.package_identification:_identify(data/tmp/1781444046_CG) by extension 'python_setup_py'
[0.426s] Level 1:colcon.colcon_core.package_identification:_identify(data/tmp/1781444058_CG) by extensions ['ignore', 'ignore_ament_install']
[0.426s] Level 1:colcon.colcon_core.package_identification:_identify(data/tmp/1781444058_CG) by extension 'ignore'
[0.426s] Level 1:colcon.colcon_core.package_identification:_identify(data/tmp/1781444058_CG) by extension 'ignore_ament_install'
[0.426s] Level 1:colcon.colcon_core.package_identification:_identify(data/tmp/1781444058_CG) by extensions ['colcon_pkg']
[0.426s] Level 1:colcon.colcon_core.package_identification:_identify(data/tmp/1781444058_CG) by extension 'colcon_pkg'
[0.426s] Level 1:colcon.colcon_core.package_identification:_identify(data/tmp/1781444058_CG) by extensions ['colcon_meta']
[0.426s] Level 1:colcon.colcon_core.package_identification:_identify(data/tmp/1781444058_CG) by extension 'colcon_meta'
[0.426s] Level 1:colcon.colcon_core.package_identification:_identify(data/tmp/1781444058_CG) by extensions ['ros']
[0.426s] Level 1:colcon.colcon_core.package_identification:_identify(data/tmp/1781444058_CG) by extension 'ros'
[0.426s] Level 1:colcon.colcon_core.package_identification:_identify(data/tmp/1781444058_CG) by extensions ['cmake', 'python']
[0.426s] Level 1:colcon.colcon_core.package_identification:_identify(data/tmp/1781444058_CG) by extension 'cmake'
[0.426s] Level 1:colcon.colcon_core.package_identification:_identify(data/tmp/1781444058_CG) by extension 'python'
[0.426s] Level 1:colcon.colcon_core.package_identification:_identify(data/tmp/1781444058_CG) by extensions ['python_setup_py']
[0.426s] Level 1:colcon.colcon_core.package_identification:_identify(data/tmp/1781444058_CG) by extension 'python_setup_py'
[0.426s] Level 1:colcon.colcon_core.package_identification:_identify(data/tmp/1781444079_CG) by extensions ['ignore', 'ignore_ament_install']
[0.426s] Level 1:colcon.colcon_core.package_identification:_identify(data/tmp/1781444079_CG) by extension 'ignore'
[0.426s] Level 1:colcon.colcon_core.package_identification:_identify(data/tmp/1781444079_CG) by extension 'ignore_ament_install'
[0.426s] Level 1:colcon.colcon_core.package_identification:_identify(data/tmp/1781444079_CG) by extensions ['colcon_pkg']
[0.426s] Level 1:colcon.colcon_core.package_identification:_identify(data/tmp/1781444079_CG) by extension 'colcon_pkg'
[0.426s] Level 1:colcon.colcon_core.package_identification:_identify(data/tmp/1781444079_CG) by extensions ['colcon_meta']
[0.426s] Level 1:colcon.colcon_core.package_identification:_identify(data/tmp/1781444079_CG) by extension 'colcon_meta'
[0.426s] Level 1:colcon.colcon_core.package_identification:_identify(data/tmp/1781444079_CG) by extensions ['ros']
[0.426s] Level 1:colcon.colcon_core.package_identification:_identify(data/tmp/1781444079_CG) by extension 'ros'
[0.426s] Level 1:colcon.colcon_core.package_identification:_identify(data/tmp/1781444079_CG) by extensions ['cmake', 'python']
[0.426s] Level 1:colcon.colcon_core.package_identification:_identify(data/tmp/1781444079_CG) by extension 'cmake'
[0.426s] Level 1:colcon.colcon_core.package_identification:_identify(data/tmp/1781444079_CG) by extension 'python'
[0.426s] Level 1:colcon.colcon_core.package_identification:_identify(data/tmp/1781444079_CG) by extensions ['python_setup_py']
[0.426s] Level 1:colcon.colcon_core.package_identification:_identify(data/tmp/1781444079_CG) by extension 'python_setup_py'
[0.427s] Level 1:colcon.colcon_core.package_identification:_identify(data/tmp/1781444092_CG) by extensions ['ignore', 'ignore_ament_install']
[0.427s] Level 1:colcon.colcon_core.package_identification:_identify(data/tmp/1781444092_CG) by extension 'ignore'
[0.427s] Level 1:colcon.colcon_core.package_identification:_identify(data/tmp/1781444092_CG) by extension 'ignore_ament_install'
[0.427s] Level 1:colcon.colcon_core.package_identification:_identify(data/tmp/1781444092_CG) by extensions ['colcon_pkg']
[0.427s] Level 1:colcon.colcon_core.package_identification:_identify(data/tmp/1781444092_CG) by extension 'colcon_pkg'
[0.427s] Level 1:colcon.colcon_core.package_identification:_identify(data/tmp/1781444092_CG) by extensions ['colcon_meta']
[0.427s] Level 1:colcon.colcon_core.package_identification:_identify(data/tmp/1781444092_CG) by extension 'colcon_meta'
[0.427s] Level 1:colcon.colcon_core.package_identification:_identify(data/tmp/1781444092_CG) by extensions ['ros']
[0.427s] Level 1:colcon.colcon_core.package_identification:_identify(data/tmp/1781444092_CG) by extension 'ros'
[0.427s] Level 1:colcon.colcon_core.package_identification:_identify(data/tmp/1781444092_CG) by extensions ['cmake', 'python']
[0.427s] Level 1:colcon.colcon_core.package_identification:_identify(data/tmp/1781444092_CG) by extension 'cmake'
[0.427s] Level 1:colcon.colcon_core.package_identification:_identify(data/tmp/1781444092_CG) by extension 'python'
[0.427s] Level 1:colcon.colcon_core.package_identification:_identify(data/tmp/1781444092_CG) by extensions ['python_setup_py']
[0.427s] Level 1:colcon.colcon_core.package_identification:_identify(data/tmp/1781444092_CG) by extension 'python_setup_py'
[0.427s] Level 1:colcon.colcon_core.package_identification:_identify(data/tmp/1781444096_CG) by extensions ['ignore', 'ignore_ament_install']
[0.427s] Level 1:colcon.colcon_core.package_identification:_identify(data/tmp/1781444096_CG) by extension 'ignore'
[0.427s] Level 1:colcon.colcon_core.package_identification:_identify(data/tmp/1781444096_CG) by extension 'ignore_ament_install'
[0.427s] Level 1:colcon.colcon_core.package_identification:_identify(data/tmp/1781444096_CG) by extensions ['colcon_pkg']
[0.427s] Level 1:colcon.colcon_core.package_identification:_identify(data/tmp/1781444096_CG) by extension 'colcon_pkg'
[0.427s] Level 1:colcon.colcon_core.package_identification:_identify(data/tmp/1781444096_CG) by extensions ['colcon_meta']
[0.427s] Level 1:colcon.colcon_core.package_identification:_identify(data/tmp/1781444096_CG) by extension 'colcon_meta'
[0.427s] Level 1:colcon.colcon_core.package_identification:_identify(data/tmp/1781444096_CG) by extensions ['ros']
[0.427s] Level 1:colcon.colcon_core.package_identification:_identify(data/tmp/1781444096_CG) by extension 'ros'
[0.427s] Level 1:colcon.colcon_core.package_identification:_identify(data/tmp/1781444096_CG) by extensions ['cmake', 'python']
[0.427s] Level 1:colcon.colcon_core.package_identification:_identify(data/tmp/1781444096_CG) by extension 'cmake'
[0.427s] Level 1:colcon.colcon_core.package_identification:_identify(data/tmp/1781444096_CG) by extension 'python'
[0.427s] Level 1:colcon.colcon_core.package_identification:_identify(data/tmp/1781444096_CG) by extensions ['python_setup_py']
[0.427s] Level 1:colcon.colcon_core.package_identification:_identify(data/tmp/1781444096_CG) by extension 'python_setup_py'
[0.428s] Level 1:colcon.colcon_core.package_identification:_identify(data/tmp/1781444103_CG) by extensions ['ignore', 'ignore_ament_install']
[0.428s] Level 1:colcon.colcon_core.package_identification:_identify(data/tmp/1781444103_CG) by extension 'ignore'
[0.428s] Level 1:colcon.colcon_core.package_identification:_identify(data/tmp/1781444103_CG) by extension 'ignore_ament_install'
[0.428s] Level 1:colcon.colcon_core.package_identification:_identify(data/tmp/1781444103_CG) by extensions ['colcon_pkg']
[0.428s] Level 1:colcon.colcon_core.package_identification:_identify(data/tmp/1781444103_CG) by extension 'colcon_pkg'
[0.428s] Level 1:colcon.colcon_core.package_identification:_identify(data/tmp/1781444103_CG) by extensions ['colcon_meta']
[0.428s] Level 1:colcon.colcon_core.package_identification:_identify(data/tmp/1781444103_CG) by extension 'colcon_meta'
[0.428s] Level 1:colcon.colcon_core.package_identification:_identify(data/tmp/1781444103_CG) by extensions ['ros']
[0.428s] Level 1:colcon.colcon_core.package_identification:_identify(data/tmp/1781444103_CG) by extension 'ros'
[0.428s] Level 1:colcon.colcon_core.package_identification:_identify(data/tmp/1781444103_CG) by extensions ['cmake', 'python']
[0.428s] Level 1:colcon.colcon_core.package_identification:_identify(data/tmp/1781444103_CG) by extension 'cmake'
[0.428s] Level 1:colcon.colcon_core.package_identification:_identify(data/tmp/1781444103_CG) by extension 'python'
[0.428s] Level 1:colcon.colcon_core.package_identification:_identify(data/tmp/1781444103_CG) by extensions ['python_setup_py']
[0.428s] Level 1:colcon.colcon_core.package_identification:_identify(data/tmp/1781444103_CG) by extension 'python_setup_py'
[0.428s] Level 1:colcon.colcon_core.package_identification:_identify(data/tmp/1781444118_CG) by extensions ['ignore', 'ignore_ament_install']
[0.428s] Level 1:colcon.colcon_core.package_identification:_identify(data/tmp/1781444118_CG) by extension 'ignore'
[0.428s] Level 1:colcon.colcon_core.package_identification:_identify(data/tmp/1781444118_CG) by extension 'ignore_ament_install'
[0.428s] Level 1:colcon.colcon_core.package_identification:_identify(data/tmp/1781444118_CG) by extensions ['colcon_pkg']
[0.428s] Level 1:colcon.colcon_core.package_identification:_identify(data/tmp/1781444118_CG) by extension 'colcon_pkg'
[0.428s] Level 1:colcon.colcon_core.package_identification:_identify(data/tmp/1781444118_CG) by extensions ['colcon_meta']
[0.428s] Level 1:colcon.colcon_core.package_identification:_identify(data/tmp/1781444118_CG) by extension 'colcon_meta'
[0.428s] Level 1:colcon.colcon_core.package_identification:_identify(data/tmp/1781444118_CG) by extensions ['ros']
[0.428s] Level 1:colcon.colcon_core.package_identification:_identify(data/tmp/1781444118_CG) by extension 'ros'
[0.428s] Level 1:colcon.colcon_core.package_identification:_identify(data/tmp/1781444118_CG) by extensions ['cmake', 'python']
[0.428s] Level 1:colcon.colcon_core.package_identification:_identify(data/tmp/1781444118_CG) by extension 'cmake'
[0.428s] Level 1:colcon.colcon_core.package_identification:_identify(data/tmp/1781444118_CG) by extension 'python'
[0.428s] Level 1:colcon.colcon_core.package_identification:_identify(data/tmp/1781444118_CG) by extensions ['python_setup_py']
[0.428s] Level 1:colcon.colcon_core.package_identification:_identify(data/tmp/1781444118_CG) by extension 'python_setup_py'
[0.429s] Level 1:colcon.colcon_core.package_identification:_identify(data/tmp/1781444128_CG) by extensions ['ignore', 'ignore_ament_install']
[0.429s] Level 1:colcon.colcon_core.package_identification:_identify(data/tmp/1781444128_CG) by extension 'ignore'
[0.429s] Level 1:colcon.colcon_core.package_identification:_identify(data/tmp/1781444128_CG) by extension 'ignore_ament_install'
[0.429s] Level 1:colcon.colcon_core.package_identification:_identify(data/tmp/1781444128_CG) by extensions ['colcon_pkg']
[0.429s] Level 1:colcon.colcon_core.package_identification:_identify(data/tmp/1781444128_CG) by extension 'colcon_pkg'
[0.429s] Level 1:colcon.colcon_core.package_identification:_identify(data/tmp/1781444128_CG) by extensions ['colcon_meta']
[0.429s] Level 1:colcon.colcon_core.package_identification:_identify(data/tmp/1781444128_CG) by extension 'colcon_meta'
[0.429s] Level 1:colcon.colcon_core.package_identification:_identify(data/tmp/1781444128_CG) by extensions ['ros']
[0.429s] Level 1:colcon.colcon_core.package_identification:_identify(data/tmp/1781444128_CG) by extension 'ros'
[0.429s] Level 1:colcon.colcon_core.package_identification:_identify(data/tmp/1781444128_CG) by extensions ['cmake', 'python']
[0.429s] Level 1:colcon.colcon_core.package_identification:_identify(data/tmp/1781444128_CG) by extension 'cmake'
[0.429s] Level 1:colcon.colcon_core.package_identification:_identify(data/tmp/1781444128_CG) by extension 'python'
[0.429s] Level 1:colcon.colcon_core.package_identification:_identify(data/tmp/1781444128_CG) by extensions ['python_setup_py']
[0.429s] Level 1:colcon.colcon_core.package_identification:_identify(data/tmp/1781444128_CG) by extension 'python_setup_py'
[0.429s] Level 1:colcon.colcon_core.package_identification:_identify(data/tmp/1781444138_CG) by extensions ['ignore', 'ignore_ament_install']
[0.429s] Level 1:colcon.colcon_core.package_identification:_identify(data/tmp/1781444138_CG) by extension 'ignore'
[0.429s] Level 1:colcon.colcon_core.package_identification:_identify(data/tmp/1781444138_CG) by extension 'ignore_ament_install'
[0.429s] Level 1:colcon.colcon_core.package_identification:_identify(data/tmp/1781444138_CG) by extensions ['colcon_pkg']
[0.429s] Level 1:colcon.colcon_core.package_identification:_identify(data/tmp/1781444138_CG) by extension 'colcon_pkg'
[0.429s] Level 1:colcon.colcon_core.package_identification:_identify(data/tmp/1781444138_CG) by extensions ['colcon_meta']
[0.429s] Level 1:colcon.colcon_core.package_identification:_identify(data/tmp/1781444138_CG) by extension 'colcon_meta'
[0.429s] Level 1:colcon.colcon_core.package_identification:_identify(data/tmp/1781444138_CG) by extensions ['ros']
[0.429s] Level 1:colcon.colcon_core.package_identification:_identify(data/tmp/1781444138_CG) by extension 'ros'
[0.429s] Level 1:colcon.colcon_core.package_identification:_identify(data/tmp/1781444138_CG) by extensions ['cmake', 'python']
[0.429s] Level 1:colcon.colcon_core.package_identification:_identify(data/tmp/1781444138_CG) by extension 'cmake'
[0.429s] Level 1:colcon.colcon_core.package_identification:_identify(data/tmp/1781444138_CG) by extension 'python'
[0.429s] Level 1:colcon.colcon_core.package_identification:_identify(data/tmp/1781444138_CG) by extensions ['python_setup_py']
[0.429s] Level 1:colcon.colcon_core.package_identification:_identify(data/tmp/1781444138_CG) by extension 'python_setup_py'
[0.430s] Level 1:colcon.colcon_core.package_identification:_identify(data/tmp/1781444144_CG) by extensions ['ignore', 'ignore_ament_install']
[0.430s] Level 1:colcon.colcon_core.package_identification:_identify(data/tmp/1781444144_CG) by extension 'ignore'
[0.430s] Level 1:colcon.colcon_core.package_identification:_identify(data/tmp/1781444144_CG) by extension 'ignore_ament_install'
[0.430s] Level 1:colcon.colcon_core.package_identification:_identify(data/tmp/1781444144_CG) by extensions ['colcon_pkg']
[0.430s] Level 1:colcon.colcon_core.package_identification:_identify(data/tmp/1781444144_CG) by extension 'colcon_pkg'
[0.430s] Level 1:colcon.colcon_core.package_identification:_identify(data/tmp/1781444144_CG) by extensions ['colcon_meta']
[0.430s] Level 1:colcon.colcon_core.package_identification:_identify(data/tmp/1781444144_CG) by extension 'colcon_meta'
[0.430s] Level 1:colcon.colcon_core.package_identification:_identify(data/tmp/1781444144_CG) by extensions ['ros']
[0.430s] Level 1:colcon.colcon_core.package_identification:_identify(data/tmp/1781444144_CG) by extension 'ros'
[0.430s] Level 1:colcon.colcon_core.package_identification:_identify(data/tmp/1781444144_CG) by extensions ['cmake', 'python']
[0.430s] Level 1:colcon.colcon_core.package_identification:_identify(data/tmp/1781444144_CG) by extension 'cmake'
[0.430s] Level 1:colcon.colcon_core.package_identification:_identify(data/tmp/1781444144_CG) by extension 'python'
[0.430s] Level 1:colcon.colcon_core.package_identification:_identify(data/tmp/1781444144_CG) by extensions ['python_setup_py']
[0.430s] Level 1:colcon.colcon_core.package_identification:_identify(data/tmp/1781444144_CG) by extension 'python_setup_py'
[0.430s] Level 1:colcon.colcon_core.package_identification:_identify(data/tmp/1781444154_CG) by extensions ['ignore', 'ignore_ament_install']
[0.430s] Level 1:colcon.colcon_core.package_identification:_identify(data/tmp/1781444154_CG) by extension 'ignore'
[0.430s] Level 1:colcon.colcon_core.package_identification:_identify(data/tmp/1781444154_CG) by extension 'ignore_ament_install'
[0.430s] Level 1:colcon.colcon_core.package_identification:_identify(data/tmp/1781444154_CG) by extensions ['colcon_pkg']
[0.430s] Level 1:colcon.colcon_core.package_identification:_identify(data/tmp/1781444154_CG) by extension 'colcon_pkg'
[0.430s] Level 1:colcon.colcon_core.package_identification:_identify(data/tmp/1781444154_CG) by extensions ['colcon_meta']
[0.430s] Level 1:colcon.colcon_core.package_identification:_identify(data/tmp/1781444154_CG) by extension 'colcon_meta'
[0.430s] Level 1:colcon.colcon_core.package_identification:_identify(data/tmp/1781444154_CG) by extensions ['ros']
[0.430s] Level 1:colcon.colcon_core.package_identification:_identify(data/tmp/1781444154_CG) by extension 'ros'
[0.430s] Level 1:colcon.colcon_core.package_identification:_identify(data/tmp/1781444154_CG) by extensions ['cmake', 'python']
[0.430s] Level 1:colcon.colcon_core.package_identification:_identify(data/tmp/1781444154_CG) by extension 'cmake'
[0.430s] Level 1:colcon.colcon_core.package_identification:_identify(data/tmp/1781444154_CG) by extension 'python'
[0.430s] Level 1:colcon.colcon_core.package_identification:_identify(data/tmp/1781444154_CG) by extensions ['python_setup_py']
[0.430s] Level 1:colcon.colcon_core.package_identification:_identify(data/tmp/1781444154_CG) by extension 'python_setup_py'
[0.431s] Level 1:colcon.colcon_core.package_identification:_identify(data/tmp/1781444161_CG) by extensions ['ignore', 'ignore_ament_install']
[0.431s] Level 1:colcon.colcon_core.package_identification:_identify(data/tmp/1781444161_CG) by extension 'ignore'
[0.431s] Level 1:colcon.colcon_core.package_identification:_identify(data/tmp/1781444161_CG) by extension 'ignore_ament_install'
[0.431s] Level 1:colcon.colcon_core.package_identification:_identify(data/tmp/1781444161_CG) by extensions ['colcon_pkg']
[0.431s] Level 1:colcon.colcon_core.package_identification:_identify(data/tmp/1781444161_CG) by extension 'colcon_pkg'
[0.431s] Level 1:colcon.colcon_core.package_identification:_identify(data/tmp/1781444161_CG) by extensions ['colcon_meta']
[0.431s] Level 1:colcon.colcon_core.package_identification:_identify(data/tmp/1781444161_CG) by extension 'colcon_meta'
[0.431s] Level 1:colcon.colcon_core.package_identification:_identify(data/tmp/1781444161_CG) by extensions ['ros']
[0.431s] Level 1:colcon.colcon_core.package_identification:_identify(data/tmp/1781444161_CG) by extension 'ros'
[0.431s] Level 1:colcon.colcon_core.package_identification:_identify(data/tmp/1781444161_CG) by extensions ['cmake', 'python']
[0.431s] Level 1:colcon.colcon_core.package_identification:_identify(data/tmp/1781444161_CG) by extension 'cmake'
[0.431s] Level 1:colcon.colcon_core.package_identification:_identify(data/tmp/1781444161_CG) by extension 'python'
[0.431s] Level 1:colcon.colcon_core.package_identification:_identify(data/tmp/1781444161_CG) by extensions ['python_setup_py']
[0.431s] Level 1:colcon.colcon_core.package_identification:_identify(data/tmp/1781444161_CG) by extension 'python_setup_py'
[0.431s] Level 1:colcon.colcon_core.package_identification:_identify(data/tmp/1781444169_CG) by extensions ['ignore', 'ignore_ament_install']
[0.431s] Level 1:colcon.colcon_core.package_identification:_identify(data/tmp/1781444169_CG) by extension 'ignore'
[0.431s] Level 1:colcon.colcon_core.package_identification:_identify(data/tmp/1781444169_CG) by extension 'ignore_ament_install'
[0.431s] Level 1:colcon.colcon_core.package_identification:_identify(data/tmp/1781444169_CG) by extensions ['colcon_pkg']
[0.431s] Level 1:colcon.colcon_core.package_identification:_identify(data/tmp/1781444169_CG) by extension 'colcon_pkg'
[0.431s] Level 1:colcon.colcon_core.package_identification:_identify(data/tmp/1781444169_CG) by extensions ['colcon_meta']
[0.431s] Level 1:colcon.colcon_core.package_identification:_identify(data/tmp/1781444169_CG) by extension 'colcon_meta'
[0.431s] Level 1:colcon.colcon_core.package_identification:_identify(data/tmp/1781444169_CG) by extensions ['ros']
[0.431s] Level 1:colcon.colcon_core.package_identification:_identify(data/tmp/1781444169_CG) by extension 'ros'
[0.431s] Level 1:colcon.colcon_core.package_identification:_identify(data/tmp/1781444169_CG) by extensions ['cmake', 'python']
[0.431s] Level 1:colcon.colcon_core.package_identification:_identify(data/tmp/1781444169_CG) by extension 'cmake'
[0.431s] Level 1:colcon.colcon_core.package_identification:_identify(data/tmp/1781444169_CG) by extension 'python'
[0.431s] Level 1:colcon.colcon_core.package_identification:_identify(data/tmp/1781444169_CG) by extensions ['python_setup_py']
[0.431s] Level 1:colcon.colcon_core.package_identification:_identify(data/tmp/1781444169_CG) by extension 'python_setup_py'
[0.432s] Level 1:colcon.colcon_core.package_identification:_identify(data/tmp/1781444179_CG) by extensions ['ignore', 'ignore_ament_install']
[0.432s] Level 1:colcon.colcon_core.package_identification:_identify(data/tmp/1781444179_CG) by extension 'ignore'
[0.432s] Level 1:colcon.colcon_core.package_identification:_identify(data/tmp/1781444179_CG) by extension 'ignore_ament_install'
[0.432s] Level 1:colcon.colcon_core.package_identification:_identify(data/tmp/1781444179_CG) by extensions ['colcon_pkg']
[0.432s] Level 1:colcon.colcon_core.package_identification:_identify(data/tmp/1781444179_CG) by extension 'colcon_pkg'
[0.432s] Level 1:colcon.colcon_core.package_identification:_identify(data/tmp/1781444179_CG) by extensions ['colcon_meta']
[0.432s] Level 1:colcon.colcon_core.package_identification:_identify(data/tmp/1781444179_CG) by extension 'colcon_meta'
[0.432s] Level 1:colcon.colcon_core.package_identification:_identify(data/tmp/1781444179_CG) by extensions ['ros']
[0.432s] Level 1:colcon.colcon_core.package_identification:_identify(data/tmp/1781444179_CG) by extension 'ros'
[0.432s] Level 1:colcon.colcon_core.package_identification:_identify(data/tmp/1781444179_CG) by extensions ['cmake', 'python']
[0.432s] Level 1:colcon.colcon_core.package_identification:_identify(data/tmp/1781444179_CG) by extension 'cmake'
[0.432s] Level 1:colcon.colcon_core.package_identification:_identify(data/tmp/1781444179_CG) by extension 'python'
[0.432s] Level 1:colcon.colcon_core.package_identification:_identify(data/tmp/1781444179_CG) by extensions ['python_setup_py']
[0.432s] Level 1:colcon.colcon_core.package_identification:_identify(data/tmp/1781444179_CG) by extension 'python_setup_py'
[0.432s] Level 1:colcon.colcon_core.package_identification:_identify(data/tmp/1781444222_CG) by extensions ['ignore', 'ignore_ament_install']
[0.432s] Level 1:colcon.colcon_core.package_identification:_identify(data/tmp/1781444222_CG) by extension 'ignore'
[0.432s] Level 1:colcon.colcon_core.package_identification:_identify(data/tmp/1781444222_CG) by extension 'ignore_ament_install'
[0.432s] Level 1:colcon.colcon_core.package_identification:_identify(data/tmp/1781444222_CG) by extensions ['colcon_pkg']
[0.432s] Level 1:colcon.colcon_core.package_identification:_identify(data/tmp/1781444222_CG) by extension 'colcon_pkg'
[0.432s] Level 1:colcon.colcon_core.package_identification:_identify(data/tmp/1781444222_CG) by extensions ['colcon_meta']
[0.432s] Level 1:colcon.colcon_core.package_identification:_identify(data/tmp/1781444222_CG) by extension 'colcon_meta'
[0.432s] Level 1:colcon.colcon_core.package_identification:_identify(data/tmp/1781444222_CG) by extensions ['ros']
[0.432s] Level 1:colcon.colcon_core.package_identification:_identify(data/tmp/1781444222_CG) by extension 'ros'
[0.432s] Level 1:colcon.colcon_core.package_identification:_identify(data/tmp/1781444222_CG) by extensions ['cmake', 'python']
[0.432s] Level 1:colcon.colcon_core.package_identification:_identify(data/tmp/1781444222_CG) by extension 'cmake'
[0.432s] Level 1:colcon.colcon_core.package_identification:_identify(data/tmp/1781444222_CG) by extension 'python'
[0.432s] Level 1:colcon.colcon_core.package_identification:_identify(data/tmp/1781444222_CG) by extensions ['python_setup_py']
[0.432s] Level 1:colcon.colcon_core.package_identification:_identify(data/tmp/1781444222_CG) by extension 'python_setup_py'
[0.433s] Level 1:colcon.colcon_core.package_identification:_identify(data/tmp/1781444242_CG) by extensions ['ignore', 'ignore_ament_install']
[0.433s] Level 1:colcon.colcon_core.package_identification:_identify(data/tmp/1781444242_CG) by extension 'ignore'
[0.433s] Level 1:colcon.colcon_core.package_identification:_identify(data/tmp/1781444242_CG) by extension 'ignore_ament_install'
[0.433s] Level 1:colcon.colcon_core.package_identification:_identify(data/tmp/1781444242_CG) by extensions ['colcon_pkg']
[0.433s] Level 1:colcon.colcon_core.package_identification:_identify(data/tmp/1781444242_CG) by extension 'colcon_pkg'
[0.433s] Level 1:colcon.colcon_core.package_identification:_identify(data/tmp/1781444242_CG) by extensions ['colcon_meta']
[0.433s] Level 1:colcon.colcon_core.package_identification:_identify(data/tmp/1781444242_CG) by extension 'colcon_meta'
[0.433s] Level 1:colcon.colcon_core.package_identification:_identify(data/tmp/1781444242_CG) by extensions ['ros']
[0.433s] Level 1:colcon.colcon_core.package_identification:_identify(data/tmp/1781444242_CG) by extension 'ros'
[0.433s] Level 1:colcon.colcon_core.package_identification:_identify(data/tmp/1781444242_CG) by extensions ['cmake', 'python']
[0.433s] Level 1:colcon.colcon_core.package_identification:_identify(data/tmp/1781444242_CG) by extension 'cmake'
[0.433s] Level 1:colcon.colcon_core.package_identification:_identify(data/tmp/1781444242_CG) by extension 'python'
[0.433s] Level 1:colcon.colcon_core.package_identification:_identify(data/tmp/1781444242_CG) by extensions ['python_setup_py']
[0.433s] Level 1:colcon.colcon_core.package_identification:_identify(data/tmp/1781444242_CG) by extension 'python_setup_py'
[0.433s] Level 1:colcon.colcon_core.package_identification:_identify(data/tmp/1781444284_CG) by extensions ['ignore', 'ignore_ament_install']
[0.433s] Level 1:colcon.colcon_core.package_identification:_identify(data/tmp/1781444284_CG) by extension 'ignore'
[0.433s] Level 1:colcon.colcon_core.package_identification:_identify(data/tmp/1781444284_CG) by extension 'ignore_ament_install'
[0.433s] Level 1:colcon.colcon_core.package_identification:_identify(data/tmp/1781444284_CG) by extensions ['colcon_pkg']
[0.433s] Level 1:colcon.colcon_core.package_identification:_identify(data/tmp/1781444284_CG) by extension 'colcon_pkg'
[0.433s] Level 1:colcon.colcon_core.package_identification:_identify(data/tmp/1781444284_CG) by extensions ['colcon_meta']
[0.433s] Level 1:colcon.colcon_core.package_identification:_identify(data/tmp/1781444284_CG) by extension 'colcon_meta'
[0.433s] Level 1:colcon.colcon_core.package_identification:_identify(data/tmp/1781444284_CG) by extensions ['ros']
[0.433s] Level 1:colcon.colcon_core.package_identification:_identify(data/tmp/1781444284_CG) by extension 'ros'
[0.433s] Level 1:colcon.colcon_core.package_identification:_identify(data/tmp/1781444284_CG) by extensions ['cmake', 'python']
[0.433s] Level 1:colcon.colcon_core.package_identification:_identify(data/tmp/1781444284_CG) by extension 'cmake'
[0.433s] Level 1:colcon.colcon_core.package_identification:_identify(data/tmp/1781444284_CG) by extension 'python'
[0.433s] Level 1:colcon.colcon_core.package_identification:_identify(data/tmp/1781444284_CG) by extensions ['python_setup_py']
[0.433s] Level 1:colcon.colcon_core.package_identification:_identify(data/tmp/1781444284_CG) by extension 'python_setup_py'
[0.434s] Level 1:colcon.colcon_core.package_identification:_identify(data/tmp/1781444290_CG) by extensions ['ignore', 'ignore_ament_install']
[0.434s] Level 1:colcon.colcon_core.package_identification:_identify(data/tmp/1781444290_CG) by extension 'ignore'
[0.434s] Level 1:colcon.colcon_core.package_identification:_identify(data/tmp/1781444290_CG) by extension 'ignore_ament_install'
[0.434s] Level 1:colcon.colcon_core.package_identification:_identify(data/tmp/1781444290_CG) by extensions ['colcon_pkg']
[0.434s] Level 1:colcon.colcon_core.package_identification:_identify(data/tmp/1781444290_CG) by extension 'colcon_pkg'
[0.434s] Level 1:colcon.colcon_core.package_identification:_identify(data/tmp/1781444290_CG) by extensions ['colcon_meta']
[0.434s] Level 1:colcon.colcon_core.package_identification:_identify(data/tmp/1781444290_CG) by extension 'colcon_meta'
[0.434s] Level 1:colcon.colcon_core.package_identification:_identify(data/tmp/1781444290_CG) by extensions ['ros']
[0.434s] Level 1:colcon.colcon_core.package_identification:_identify(data/tmp/1781444290_CG) by extension 'ros'
[0.434s] Level 1:colcon.colcon_core.package_identification:_identify(data/tmp/1781444290_CG) by extensions ['cmake', 'python']
[0.434s] Level 1:colcon.colcon_core.package_identification:_identify(data/tmp/1781444290_CG) by extension 'cmake'
[0.434s] Level 1:colcon.colcon_core.package_identification:_identify(data/tmp/1781444290_CG) by extension 'python'
[0.434s] Level 1:colcon.colcon_core.package_identification:_identify(data/tmp/1781444290_CG) by extensions ['python_setup_py']
[0.434s] Level 1:colcon.colcon_core.package_identification:_identify(data/tmp/1781444290_CG) by extension 'python_setup_py'
[0.434s] Level 1:colcon.colcon_core.package_identification:_identify(data/tmp/1781444296_CG) by extensions ['ignore', 'ignore_ament_install']
[0.434s] Level 1:colcon.colcon_core.package_identification:_identify(data/tmp/1781444296_CG) by extension 'ignore'
[0.434s] Level 1:colcon.colcon_core.package_identification:_identify(data/tmp/1781444296_CG) by extension 'ignore_ament_install'
[0.434s] Level 1:colcon.colcon_core.package_identification:_identify(data/tmp/1781444296_CG) by extensions ['colcon_pkg']
[0.434s] Level 1:colcon.colcon_core.package_identification:_identify(data/tmp/1781444296_CG) by extension 'colcon_pkg'
[0.434s] Level 1:colcon.colcon_core.package_identification:_identify(data/tmp/1781444296_CG) by extensions ['colcon_meta']
[0.434s] Level 1:colcon.colcon_core.package_identification:_identify(data/tmp/1781444296_CG) by extension 'colcon_meta'
[0.434s] Level 1:colcon.colcon_core.package_identification:_identify(data/tmp/1781444296_CG) by extensions ['ros']
[0.434s] Level 1:colcon.colcon_core.package_identification:_identify(data/tmp/1781444296_CG) by extension 'ros'
[0.434s] Level 1:colcon.colcon_core.package_identification:_identify(data/tmp/1781444296_CG) by extensions ['cmake', 'python']
[0.434s] Level 1:colcon.colcon_core.package_identification:_identify(data/tmp/1781444296_CG) by extension 'cmake'
[0.434s] Level 1:colcon.colcon_core.package_identification:_identify(data/tmp/1781444296_CG) by extension 'python'
[0.434s] Level 1:colcon.colcon_core.package_identification:_identify(data/tmp/1781444296_CG) by extensions ['python_setup_py']
[0.434s] Level 1:colcon.colcon_core.package_identification:_identify(data/tmp/1781444296_CG) by extension 'python_setup_py'
[0.435s] Level 1:colcon.colcon_core.package_identification:_identify(data/tmp/1781444325_CG) by extensions ['ignore', 'ignore_ament_install']
[0.435s] Level 1:colcon.colcon_core.package_identification:_identify(data/tmp/1781444325_CG) by extension 'ignore'
[0.435s] Level 1:colcon.colcon_core.package_identification:_identify(data/tmp/1781444325_CG) by extension 'ignore_ament_install'
[0.435s] Level 1:colcon.colcon_core.package_identification:_identify(data/tmp/1781444325_CG) by extensions ['colcon_pkg']
[0.435s] Level 1:colcon.colcon_core.package_identification:_identify(data/tmp/1781444325_CG) by extension 'colcon_pkg'
[0.435s] Level 1:colcon.colcon_core.package_identification:_identify(data/tmp/1781444325_CG) by extensions ['colcon_meta']
[0.435s] Level 1:colcon.colcon_core.package_identification:_identify(data/tmp/1781444325_CG) by extension 'colcon_meta'
[0.435s] Level 1:colcon.colcon_core.package_identification:_identify(data/tmp/1781444325_CG) by extensions ['ros']
[0.435s] Level 1:colcon.colcon_core.package_identification:_identify(data/tmp/1781444325_CG) by extension 'ros'
[0.435s] Level 1:colcon.colcon_core.package_identification:_identify(data/tmp/1781444325_CG) by extensions ['cmake', 'python']
[0.435s] Level 1:colcon.colcon_core.package_identification:_identify(data/tmp/1781444325_CG) by extension 'cmake'
[0.435s] Level 1:colcon.colcon_core.package_identification:_identify(data/tmp/1781444325_CG) by extension 'python'
[0.435s] Level 1:colcon.colcon_core.package_identification:_identify(data/tmp/1781444325_CG) by extensions ['python_setup_py']
[0.435s] Level 1:colcon.colcon_core.package_identification:_identify(data/tmp/1781444325_CG) by extension 'python_setup_py'
[0.435s] Level 1:colcon.colcon_core.package_identification:_identify(data/tmp/1781444362_CG) by extensions ['ignore', 'ignore_ament_install']
[0.435s] Level 1:colcon.colcon_core.package_identification:_identify(data/tmp/1781444362_CG) by extension 'ignore'
[0.435s] Level 1:colcon.colcon_core.package_identification:_identify(data/tmp/1781444362_CG) by extension 'ignore_ament_install'
[0.435s] Level 1:colcon.colcon_core.package_identification:_identify(data/tmp/1781444362_CG) by extensions ['colcon_pkg']
[0.435s] Level 1:colcon.colcon_core.package_identification:_identify(data/tmp/1781444362_CG) by extension 'colcon_pkg'
[0.435s] Level 1:colcon.colcon_core.package_identification:_identify(data/tmp/1781444362_CG) by extensions ['colcon_meta']
[0.435s] Level 1:colcon.colcon_core.package_identification:_identify(data/tmp/1781444362_CG) by extension 'colcon_meta'
[0.435s] Level 1:colcon.colcon_core.package_identification:_identify(data/tmp/1781444362_CG) by extensions ['ros']
[0.435s] Level 1:colcon.colcon_core.package_identification:_identify(data/tmp/1781444362_CG) by extension 'ros'
[0.435s] Level 1:colcon.colcon_core.package_identification:_identify(data/tmp/1781444362_CG) by extensions ['cmake', 'python']
[0.435s] Level 1:colcon.colcon_core.package_identification:_identify(data/tmp/1781444362_CG) by extension 'cmake'
[0.435s] Level 1:colcon.colcon_core.package_identification:_identify(data/tmp/1781444362_CG) by extension 'python'
[0.435s] Level 1:colcon.colcon_core.package_identification:_identify(data/tmp/1781444362_CG) by extensions ['python_setup_py']
[0.435s] Level 1:colcon.colcon_core.package_identification:_identify(data/tmp/1781444362_CG) by extension 'python_setup_py'
[0.436s] Level 1:colcon.colcon_core.package_identification:_identify(data/tmp/1781444378_CG) by extensions ['ignore', 'ignore_ament_install']
[0.436s] Level 1:colcon.colcon_core.package_identification:_identify(data/tmp/1781444378_CG) by extension 'ignore'
[0.436s] Level 1:colcon.colcon_core.package_identification:_identify(data/tmp/1781444378_CG) by extension 'ignore_ament_install'
[0.436s] Level 1:colcon.colcon_core.package_identification:_identify(data/tmp/1781444378_CG) by extensions ['colcon_pkg']
[0.436s] Level 1:colcon.colcon_core.package_identification:_identify(data/tmp/1781444378_CG) by extension 'colcon_pkg'
[0.436s] Level 1:colcon.colcon_core.package_identification:_identify(data/tmp/1781444378_CG) by extensions ['colcon_meta']
[0.436s] Level 1:colcon.colcon_core.package_identification:_identify(data/tmp/1781444378_CG) by extension 'colcon_meta'
[0.436s] Level 1:colcon.colcon_core.package_identification:_identify(data/tmp/1781444378_CG) by extensions ['ros']
[0.436s] Level 1:colcon.colcon_core.package_identification:_identify(data/tmp/1781444378_CG) by extension 'ros'
[0.436s] Level 1:colcon.colcon_core.package_identification:_identify(data/tmp/1781444378_CG) by extensions ['cmake', 'python']
[0.436s] Level 1:colcon.colcon_core.package_identification:_identify(data/tmp/1781444378_CG) by extension 'cmake'
[0.436s] Level 1:colcon.colcon_core.package_identification:_identify(data/tmp/1781444378_CG) by extension 'python'
[0.436s] Level 1:colcon.colcon_core.package_identification:_identify(data/tmp/1781444378_CG) by extensions ['python_setup_py']
[0.436s] Level 1:colcon.colcon_core.package_identification:_identify(data/tmp/1781444378_CG) by extension 'python_setup_py'
[0.436s] Level 1:colcon.colcon_core.package_identification:_identify(data/tmp/1781444403_CG) by extensions ['ignore', 'ignore_ament_install']
[0.436s] Level 1:colcon.colcon_core.package_identification:_identify(data/tmp/1781444403_CG) by extension 'ignore'
[0.436s] Level 1:colcon.colcon_core.package_identification:_identify(data/tmp/1781444403_CG) by extension 'ignore_ament_install'
[0.436s] Level 1:colcon.colcon_core.package_identification:_identify(data/tmp/1781444403_CG) by extensions ['colcon_pkg']
[0.436s] Level 1:colcon.colcon_core.package_identification:_identify(data/tmp/1781444403_CG) by extension 'colcon_pkg'
[0.436s] Level 1:colcon.colcon_core.package_identification:_identify(data/tmp/1781444403_CG) by extensions ['colcon_meta']
[0.436s] Level 1:colcon.colcon_core.package_identification:_identify(data/tmp/1781444403_CG) by extension 'colcon_meta'
[0.436s] Level 1:colcon.colcon_core.package_identification:_identify(data/tmp/1781444403_CG) by extensions ['ros']
[0.436s] Level 1:colcon.colcon_core.package_identification:_identify(data/tmp/1781444403_CG) by extension 'ros'
[0.436s] Level 1:colcon.colcon_core.package_identification:_identify(data/tmp/1781444403_CG) by extensions ['cmake', 'python']
[0.436s] Level 1:colcon.colcon_core.package_identification:_identify(data/tmp/1781444403_CG) by extension 'cmake'
[0.436s] Level 1:colcon.colcon_core.package_identification:_identify(data/tmp/1781444403_CG) by extension 'python'
[0.436s] Level 1:colcon.colcon_core.package_identification:_identify(data/tmp/1781444403_CG) by extensions ['python_setup_py']
[0.436s] Level 1:colcon.colcon_core.package_identification:_identify(data/tmp/1781444403_CG) by extension 'python_setup_py'
[0.437s] Level 1:colcon.colcon_core.package_identification:_identify(data/tmp/1781444420_CG) by extensions ['ignore', 'ignore_ament_install']
[0.437s] Level 1:colcon.colcon_core.package_identification:_identify(data/tmp/1781444420_CG) by extension 'ignore'
[0.437s] Level 1:colcon.colcon_core.package_identification:_identify(data/tmp/1781444420_CG) by extension 'ignore_ament_install'
[0.437s] Level 1:colcon.colcon_core.package_identification:_identify(data/tmp/1781444420_CG) by extensions ['colcon_pkg']
[0.437s] Level 1:colcon.colcon_core.package_identification:_identify(data/tmp/1781444420_CG) by extension 'colcon_pkg'
[0.437s] Level 1:colcon.colcon_core.package_identification:_identify(data/tmp/1781444420_CG) by extensions ['colcon_meta']
[0.437s] Level 1:colcon.colcon_core.package_identification:_identify(data/tmp/1781444420_CG) by extension 'colcon_meta'
[0.437s] Level 1:colcon.colcon_core.package_identification:_identify(data/tmp/1781444420_CG) by extensions ['ros']
[0.437s] Level 1:colcon.colcon_core.package_identification:_identify(data/tmp/1781444420_CG) by extension 'ros'
[0.437s] Level 1:colcon.colcon_core.package_identification:_identify(data/tmp/1781444420_CG) by extensions ['cmake', 'python']
[0.437s] Level 1:colcon.colcon_core.package_identification:_identify(data/tmp/1781444420_CG) by extension 'cmake'
[0.437s] Level 1:colcon.colcon_core.package_identification:_identify(data/tmp/1781444420_CG) by extension 'python'
[0.437s] Level 1:colcon.colcon_core.package_identification:_identify(data/tmp/1781444420_CG) by extensions ['python_setup_py']
[0.437s] Level 1:colcon.colcon_core.package_identification:_identify(data/tmp/1781444420_CG) by extension 'python_setup_py'
[0.437s] Level 1:colcon.colcon_core.package_identification:_identify(data/tmp/1781444425_CG) by extensions ['ignore', 'ignore_ament_install']
[0.437s] Level 1:colcon.colcon_core.package_identification:_identify(data/tmp/1781444425_CG) by extension 'ignore'
[0.437s] Level 1:colcon.colcon_core.package_identification:_identify(data/tmp/1781444425_CG) by extension 'ignore_ament_install'
[0.437s] Level 1:colcon.colcon_core.package_identification:_identify(data/tmp/1781444425_CG) by extensions ['colcon_pkg']
[0.437s] Level 1:colcon.colcon_core.package_identification:_identify(data/tmp/1781444425_CG) by extension 'colcon_pkg'
[0.437s] Level 1:colcon.colcon_core.package_identification:_identify(data/tmp/1781444425_CG) by extensions ['colcon_meta']
[0.437s] Level 1:colcon.colcon_core.package_identification:_identify(data/tmp/1781444425_CG) by extension 'colcon_meta'
[0.437s] Level 1:colcon.colcon_core.package_identification:_identify(data/tmp/1781444425_CG) by extensions ['ros']
[0.437s] Level 1:colcon.colcon_core.package_identification:_identify(data/tmp/1781444425_CG) by extension 'ros'
[0.437s] Level 1:colcon.colcon_core.package_identification:_identify(data/tmp/1781444425_CG) by extensions ['cmake', 'python']
[0.437s] Level 1:colcon.colcon_core.package_identification:_identify(data/tmp/1781444425_CG) by extension 'cmake'
[0.437s] Level 1:colcon.colcon_core.package_identification:_identify(data/tmp/1781444425_CG) by extension 'python'
[0.437s] Level 1:colcon.colcon_core.package_identification:_identify(data/tmp/1781444425_CG) by extensions ['python_setup_py']
[0.437s] Level 1:colcon.colcon_core.package_identification:_identify(data/tmp/1781444425_CG) by extension 'python_setup_py'
[0.438s] Level 1:colcon.colcon_core.package_identification:_identify(data/tmp/1781444431_CG) by extensions ['ignore', 'ignore_ament_install']
[0.438s] Level 1:colcon.colcon_core.package_identification:_identify(data/tmp/1781444431_CG) by extension 'ignore'
[0.438s] Level 1:colcon.colcon_core.package_identification:_identify(data/tmp/1781444431_CG) by extension 'ignore_ament_install'
[0.438s] Level 1:colcon.colcon_core.package_identification:_identify(data/tmp/1781444431_CG) by extensions ['colcon_pkg']
[0.438s] Level 1:colcon.colcon_core.package_identification:_identify(data/tmp/1781444431_CG) by extension 'colcon_pkg'
[0.438s] Level 1:colcon.colcon_core.package_identification:_identify(data/tmp/1781444431_CG) by extensions ['colcon_meta']
[0.438s] Level 1:colcon.colcon_core.package_identification:_identify(data/tmp/1781444431_CG) by extension 'colcon_meta'
[0.438s] Level 1:colcon.colcon_core.package_identification:_identify(data/tmp/1781444431_CG) by extensions ['ros']
[0.438s] Level 1:colcon.colcon_core.package_identification:_identify(data/tmp/1781444431_CG) by extension 'ros'
[0.438s] Level 1:colcon.colcon_core.package_identification:_identify(data/tmp/1781444431_CG) by extensions ['cmake', 'python']
[0.438s] Level 1:colcon.colcon_core.package_identification:_identify(data/tmp/1781444431_CG) by extension 'cmake'
[0.438s] Level 1:colcon.colcon_core.package_identification:_identify(data/tmp/1781444431_CG) by extension 'python'
[0.438s] Level 1:colcon.colcon_core.package_identification:_identify(data/tmp/1781444431_CG) by extensions ['python_setup_py']
[0.438s] Level 1:colcon.colcon_core.package_identification:_identify(data/tmp/1781444431_CG) by extension 'python_setup_py'
[0.438s] Level 1:colcon.colcon_core.package_identification:_identify(data/tmp/1781444437_CG) by extensions ['ignore', 'ignore_ament_install']
[0.438s] Level 1:colcon.colcon_core.package_identification:_identify(data/tmp/1781444437_CG) by extension 'ignore'
[0.438s] Level 1:colcon.colcon_core.package_identification:_identify(data/tmp/1781444437_CG) by extension 'ignore_ament_install'
[0.438s] Level 1:colcon.colcon_core.package_identification:_identify(data/tmp/1781444437_CG) by extensions ['colcon_pkg']
[0.438s] Level 1:colcon.colcon_core.package_identification:_identify(data/tmp/1781444437_CG) by extension 'colcon_pkg'
[0.438s] Level 1:colcon.colcon_core.package_identification:_identify(data/tmp/1781444437_CG) by extensions ['colcon_meta']
[0.438s] Level 1:colcon.colcon_core.package_identification:_identify(data/tmp/1781444437_CG) by extension 'colcon_meta'
[0.438s] Level 1:colcon.colcon_core.package_identification:_identify(data/tmp/1781444437_CG) by extensions ['ros']
[0.438s] Level 1:colcon.colcon_core.package_identification:_identify(data/tmp/1781444437_CG) by extension 'ros'
[0.438s] Level 1:colcon.colcon_core.package_identification:_identify(data/tmp/1781444437_CG) by extensions ['cmake', 'python']
[0.438s] Level 1:colcon.colcon_core.package_identification:_identify(data/tmp/1781444437_CG) by extension 'cmake'
[0.438s] Level 1:colcon.colcon_core.package_identification:_identify(data/tmp/1781444437_CG) by extension 'python'
[0.438s] Level 1:colcon.colcon_core.package_identification:_identify(data/tmp/1781444437_CG) by extensions ['python_setup_py']
[0.438s] Level 1:colcon.colcon_core.package_identification:_identify(data/tmp/1781444437_CG) by extension 'python_setup_py'
[0.439s] Level 1:colcon.colcon_core.package_identification:_identify(data/tmp/1781444467_CG) by extensions ['ignore', 'ignore_ament_install']
[0.439s] Level 1:colcon.colcon_core.package_identification:_identify(data/tmp/1781444467_CG) by extension 'ignore'
[0.439s] Level 1:colcon.colcon_core.package_identification:_identify(data/tmp/1781444467_CG) by extension 'ignore_ament_install'
[0.439s] Level 1:colcon.colcon_core.package_identification:_identify(data/tmp/1781444467_CG) by extensions ['colcon_pkg']
[0.439s] Level 1:colcon.colcon_core.package_identification:_identify(data/tmp/1781444467_CG) by extension 'colcon_pkg'
[0.439s] Level 1:colcon.colcon_core.package_identification:_identify(data/tmp/1781444467_CG) by extensions ['colcon_meta']
[0.439s] Level 1:colcon.colcon_core.package_identification:_identify(data/tmp/1781444467_CG) by extension 'colcon_meta'
[0.439s] Level 1:colcon.colcon_core.package_identification:_identify(data/tmp/1781444467_CG) by extensions ['ros']
[0.439s] Level 1:colcon.colcon_core.package_identification:_identify(data/tmp/1781444467_CG) by extension 'ros'
[0.439s] Level 1:colcon.colcon_core.package_identification:_identify(data/tmp/1781444467_CG) by extensions ['cmake', 'python']
[0.439s] Level 1:colcon.colcon_core.package_identification:_identify(data/tmp/1781444467_CG) by extension 'cmake'
[0.439s] Level 1:colcon.colcon_core.package_identification:_identify(data/tmp/1781444467_CG) by extension 'python'
[0.439s] Level 1:colcon.colcon_core.package_identification:_identify(data/tmp/1781444467_CG) by extensions ['python_setup_py']
[0.439s] Level 1:colcon.colcon_core.package_identification:_identify(data/tmp/1781444467_CG) by extension 'python_setup_py'
[0.439s] Level 1:colcon.colcon_core.package_identification:_identify(data/tmp/1781444476_CG) by extensions ['ignore', 'ignore_ament_install']
[0.439s] Level 1:colcon.colcon_core.package_identification:_identify(data/tmp/1781444476_CG) by extension 'ignore'
[0.439s] Level 1:colcon.colcon_core.package_identification:_identify(data/tmp/1781444476_CG) by extension 'ignore_ament_install'
[0.439s] Level 1:colcon.colcon_core.package_identification:_identify(data/tmp/1781444476_CG) by extensions ['colcon_pkg']
[0.439s] Level 1:colcon.colcon_core.package_identification:_identify(data/tmp/1781444476_CG) by extension 'colcon_pkg'
[0.439s] Level 1:colcon.colcon_core.package_identification:_identify(data/tmp/1781444476_CG) by extensions ['colcon_meta']
[0.439s] Level 1:colcon.colcon_core.package_identification:_identify(data/tmp/1781444476_CG) by extension 'colcon_meta'
[0.439s] Level 1:colcon.colcon_core.package_identification:_identify(data/tmp/1781444476_CG) by extensions ['ros']
[0.439s] Level 1:colcon.colcon_core.package_identification:_identify(data/tmp/1781444476_CG) by extension 'ros'
[0.439s] Level 1:colcon.colcon_core.package_identification:_identify(data/tmp/1781444476_CG) by extensions ['cmake', 'python']
[0.439s] Level 1:colcon.colcon_core.package_identification:_identify(data/tmp/1781444476_CG) by extension 'cmake'
[0.439s] Level 1:colcon.colcon_core.package_identification:_identify(data/tmp/1781444476_CG) by extension 'python'
[0.439s] Level 1:colcon.colcon_core.package_identification:_identify(data/tmp/1781444476_CG) by extensions ['python_setup_py']
[0.439s] Level 1:colcon.colcon_core.package_identification:_identify(data/tmp/1781444476_CG) by extension 'python_setup_py'
[0.440s] Level 1:colcon.colcon_core.package_identification:_identify(data/tmp/1781444483_CG) by extensions ['ignore', 'ignore_ament_install']
[0.440s] Level 1:colcon.colcon_core.package_identification:_identify(data/tmp/1781444483_CG) by extension 'ignore'
[0.440s] Level 1:colcon.colcon_core.package_identification:_identify(data/tmp/1781444483_CG) by extension 'ignore_ament_install'
[0.440s] Level 1:colcon.colcon_core.package_identification:_identify(data/tmp/1781444483_CG) by extensions ['colcon_pkg']
[0.440s] Level 1:colcon.colcon_core.package_identification:_identify(data/tmp/1781444483_CG) by extension 'colcon_pkg'
[0.440s] Level 1:colcon.colcon_core.package_identification:_identify(data/tmp/1781444483_CG) by extensions ['colcon_meta']
[0.440s] Level 1:colcon.colcon_core.package_identification:_identify(data/tmp/1781444483_CG) by extension 'colcon_meta'
[0.440s] Level 1:colcon.colcon_core.package_identification:_identify(data/tmp/1781444483_CG) by extensions ['ros']
[0.440s] Level 1:colcon.colcon_core.package_identification:_identify(data/tmp/1781444483_CG) by extension 'ros'
[0.440s] Level 1:colcon.colcon_core.package_identification:_identify(data/tmp/1781444483_CG) by extensions ['cmake', 'python']
[0.440s] Level 1:colcon.colcon_core.package_identification:_identify(data/tmp/1781444483_CG) by extension 'cmake'
[0.440s] Level 1:colcon.colcon_core.package_identification:_identify(data/tmp/1781444483_CG) by extension 'python'
[0.440s] Level 1:colcon.colcon_core.package_identification:_identify(data/tmp/1781444483_CG) by extensions ['python_setup_py']
[0.440s] Level 1:colcon.colcon_core.package_identification:_identify(data/tmp/1781444483_CG) by extension 'python_setup_py'
[0.440s] Level 1:colcon.colcon_core.package_identification:_identify(data/tmp/1781444491_CG) by extensions ['ignore', 'ignore_ament_install']
[0.440s] Level 1:colcon.colcon_core.package_identification:_identify(data/tmp/1781444491_CG) by extension 'ignore'
[0.440s] Level 1:colcon.colcon_core.package_identification:_identify(data/tmp/1781444491_CG) by extension 'ignore_ament_install'
[0.440s] Level 1:colcon.colcon_core.package_identification:_identify(data/tmp/1781444491_CG) by extensions ['colcon_pkg']
[0.440s] Level 1:colcon.colcon_core.package_identification:_identify(data/tmp/1781444491_CG) by extension 'colcon_pkg'
[0.440s] Level 1:colcon.colcon_core.package_identification:_identify(data/tmp/1781444491_CG) by extensions ['colcon_meta']
[0.440s] Level 1:colcon.colcon_core.package_identification:_identify(data/tmp/1781444491_CG) by extension 'colcon_meta'
[0.440s] Level 1:colcon.colcon_core.package_identification:_identify(data/tmp/1781444491_CG) by extensions ['ros']
[0.440s] Level 1:colcon.colcon_core.package_identification:_identify(data/tmp/1781444491_CG) by extension 'ros'
[0.440s] Level 1:colcon.colcon_core.package_identification:_identify(data/tmp/1781444491_CG) by extensions ['cmake', 'python']
[0.440s] Level 1:colcon.colcon_core.package_identification:_identify(data/tmp/1781444491_CG) by extension 'cmake'
[0.440s] Level 1:colcon.colcon_core.package_identification:_identify(data/tmp/1781444491_CG) by extension 'python'
[0.440s] Level 1:colcon.colcon_core.package_identification:_identify(data/tmp/1781444491_CG) by extensions ['python_setup_py']
[0.440s] Level 1:colcon.colcon_core.package_identification:_identify(data/tmp/1781444491_CG) by extension 'python_setup_py'
[0.440s] Level 1:colcon.colcon_core.package_identification:_identify(data/tmp/1781444502_CG) by extensions ['ignore', 'ignore_ament_install']
[0.441s] Level 1:colcon.colcon_core.package_identification:_identify(data/tmp/1781444502_CG) by extension 'ignore'
[0.441s] Level 1:colcon.colcon_core.package_identification:_identify(data/tmp/1781444502_CG) by extension 'ignore_ament_install'
[0.441s] Level 1:colcon.colcon_core.package_identification:_identify(data/tmp/1781444502_CG) by extensions ['colcon_pkg']
[0.441s] Level 1:colcon.colcon_core.package_identification:_identify(data/tmp/1781444502_CG) by extension 'colcon_pkg'
[0.441s] Level 1:colcon.colcon_core.package_identification:_identify(data/tmp/1781444502_CG) by extensions ['colcon_meta']
[0.441s] Level 1:colcon.colcon_core.package_identification:_identify(data/tmp/1781444502_CG) by extension 'colcon_meta'
[0.441s] Level 1:colcon.colcon_core.package_identification:_identify(data/tmp/1781444502_CG) by extensions ['ros']
[0.441s] Level 1:colcon.colcon_core.package_identification:_identify(data/tmp/1781444502_CG) by extension 'ros'
[0.441s] Level 1:colcon.colcon_core.package_identification:_identify(data/tmp/1781444502_CG) by extensions ['cmake', 'python']
[0.441s] Level 1:colcon.colcon_core.package_identification:_identify(data/tmp/1781444502_CG) by extension 'cmake'
[0.441s] Level 1:colcon.colcon_core.package_identification:_identify(data/tmp/1781444502_CG) by extension 'python'
[0.441s] Level 1:colcon.colcon_core.package_identification:_identify(data/tmp/1781444502_CG) by extensions ['python_setup_py']
[0.441s] Level 1:colcon.colcon_core.package_identification:_identify(data/tmp/1781444502_CG) by extension 'python_setup_py'
[0.441s] Level 1:colcon.colcon_core.package_identification:_identify(data/tmp/1781444514_CG) by extensions ['ignore', 'ignore_ament_install']
[0.441s] Level 1:colcon.colcon_core.package_identification:_identify(data/tmp/1781444514_CG) by extension 'ignore'
[0.441s] Level 1:colcon.colcon_core.package_identification:_identify(data/tmp/1781444514_CG) by extension 'ignore_ament_install'
[0.441s] Level 1:colcon.colcon_core.package_identification:_identify(data/tmp/1781444514_CG) by extensions ['colcon_pkg']
[0.441s] Level 1:colcon.colcon_core.package_identification:_identify(data/tmp/1781444514_CG) by extension 'colcon_pkg'
[0.441s] Level 1:colcon.colcon_core.package_identification:_identify(data/tmp/1781444514_CG) by extensions ['colcon_meta']
[0.441s] Level 1:colcon.colcon_core.package_identification:_identify(data/tmp/1781444514_CG) by extension 'colcon_meta'
[0.441s] Level 1:colcon.colcon_core.package_identification:_identify(data/tmp/1781444514_CG) by extensions ['ros']
[0.441s] Level 1:colcon.colcon_core.package_identification:_identify(data/tmp/1781444514_CG) by extension 'ros'
[0.441s] Level 1:colcon.colcon_core.package_identification:_identify(data/tmp/1781444514_CG) by extensions ['cmake', 'python']
[0.441s] Level 1:colcon.colcon_core.package_identification:_identify(data/tmp/1781444514_CG) by extension 'cmake'
[0.441s] Level 1:colcon.colcon_core.package_identification:_identify(data/tmp/1781444514_CG) by extension 'python'
[0.441s] Level 1:colcon.colcon_core.package_identification:_identify(data/tmp/1781444514_CG) by extensions ['python_setup_py']
[0.441s] Level 1:colcon.colcon_core.package_identification:_identify(data/tmp/1781444514_CG) by extension 'python_setup_py'
[0.441s] Level 1:colcon.colcon_core.package_identification:_identify(data/tmp/1781444521_CG) by extensions ['ignore', 'ignore_ament_install']
[0.442s] Level 1:colcon.colcon_core.package_identification:_identify(data/tmp/1781444521_CG) by extension 'ignore'
[0.442s] Level 1:colcon.colcon_core.package_identification:_identify(data/tmp/1781444521_CG) by extension 'ignore_ament_install'
[0.442s] Level 1:colcon.colcon_core.package_identification:_identify(data/tmp/1781444521_CG) by extensions ['colcon_pkg']
[0.442s] Level 1:colcon.colcon_core.package_identification:_identify(data/tmp/1781444521_CG) by extension 'colcon_pkg'
[0.442s] Level 1:colcon.colcon_core.package_identification:_identify(data/tmp/1781444521_CG) by extensions ['colcon_meta']
[0.442s] Level 1:colcon.colcon_core.package_identification:_identify(data/tmp/1781444521_CG) by extension 'colcon_meta'
[0.442s] Level 1:colcon.colcon_core.package_identification:_identify(data/tmp/1781444521_CG) by extensions ['ros']
[0.442s] Level 1:colcon.colcon_core.package_identification:_identify(data/tmp/1781444521_CG) by extension 'ros'
[0.442s] Level 1:colcon.colcon_core.package_identification:_identify(data/tmp/1781444521_CG) by extensions ['cmake', 'python']
[0.442s] Level 1:colcon.colcon_core.package_identification:_identify(data/tmp/1781444521_CG) by extension 'cmake'
[0.442s] Level 1:colcon.colcon_core.package_identification:_identify(data/tmp/1781444521_CG) by extension 'python'
[0.442s] Level 1:colcon.colcon_core.package_identification:_identify(data/tmp/1781444521_CG) by extensions ['python_setup_py']
[0.442s] Level 1:colcon.colcon_core.package_identification:_identify(data/tmp/1781444521_CG) by extension 'python_setup_py'
[0.442s] Level 1:colcon.colcon_core.package_identification:_identify(data/tmp/1781444529_CG) by extensions ['ignore', 'ignore_ament_install']
[0.442s] Level 1:colcon.colcon_core.package_identification:_identify(data/tmp/1781444529_CG) by extension 'ignore'
[0.442s] Level 1:colcon.colcon_core.package_identification:_identify(data/tmp/1781444529_CG) by extension 'ignore_ament_install'
[0.442s] Level 1:colcon.colcon_core.package_identification:_identify(data/tmp/1781444529_CG) by extensions ['colcon_pkg']
[0.442s] Level 1:colcon.colcon_core.package_identification:_identify(data/tmp/1781444529_CG) by extension 'colcon_pkg'
[0.442s] Level 1:colcon.colcon_core.package_identification:_identify(data/tmp/1781444529_CG) by extensions ['colcon_meta']
[0.442s] Level 1:colcon.colcon_core.package_identification:_identify(data/tmp/1781444529_CG) by extension 'colcon_meta'
[0.442s] Level 1:colcon.colcon_core.package_identification:_identify(data/tmp/1781444529_CG) by extensions ['ros']
[0.442s] Level 1:colcon.colcon_core.package_identification:_identify(data/tmp/1781444529_CG) by extension 'ros'
[0.442s] Level 1:colcon.colcon_core.package_identification:_identify(data/tmp/1781444529_CG) by extensions ['cmake', 'python']
[0.442s] Level 1:colcon.colcon_core.package_identification:_identify(data/tmp/1781444529_CG) by extension 'cmake'
[0.442s] Level 1:colcon.colcon_core.package_identification:_identify(data/tmp/1781444529_CG) by extension 'python'
[0.442s] Level 1:colcon.colcon_core.package_identification:_identify(data/tmp/1781444529_CG) by extensions ['python_setup_py']
[0.442s] Level 1:colcon.colcon_core.package_identification:_identify(data/tmp/1781444529_CG) by extension 'python_setup_py'
[0.442s] Level 1:colcon.colcon_core.package_identification:_identify(data/tmp/1781444536_CG) by extensions ['ignore', 'ignore_ament_install']
[0.443s] Level 1:colcon.colcon_core.package_identification:_identify(data/tmp/1781444536_CG) by extension 'ignore'
[0.443s] Level 1:colcon.colcon_core.package_identification:_identify(data/tmp/1781444536_CG) by extension 'ignore_ament_install'
[0.443s] Level 1:colcon.colcon_core.package_identification:_identify(data/tmp/1781444536_CG) by extensions ['colcon_pkg']
[0.443s] Level 1:colcon.colcon_core.package_identification:_identify(data/tmp/1781444536_CG) by extension 'colcon_pkg'
[0.443s] Level 1:colcon.colcon_core.package_identification:_identify(data/tmp/1781444536_CG) by extensions ['colcon_meta']
[0.443s] Level 1:colcon.colcon_core.package_identification:_identify(data/tmp/1781444536_CG) by extension 'colcon_meta'
[0.443s] Level 1:colcon.colcon_core.package_identification:_identify(data/tmp/1781444536_CG) by extensions ['ros']
[0.443s] Level 1:colcon.colcon_core.package_identification:_identify(data/tmp/1781444536_CG) by extension 'ros'
[0.443s] Level 1:colcon.colcon_core.package_identification:_identify(data/tmp/1781444536_CG) by extensions ['cmake', 'python']
[0.443s] Level 1:colcon.colcon_core.package_identification:_identify(data/tmp/1781444536_CG) by extension 'cmake'
[0.443s] Level 1:colcon.colcon_core.package_identification:_identify(data/tmp/1781444536_CG) by extension 'python'
[0.443s] Level 1:colcon.colcon_core.package_identification:_identify(data/tmp/1781444536_CG) by extensions ['python_setup_py']
[0.443s] Level 1:colcon.colcon_core.package_identification:_identify(data/tmp/1781444536_CG) by extension 'python_setup_py'
[0.443s] Level 1:colcon.colcon_core.package_identification:_identify(data/tmp/1781444584_CG) by extensions ['ignore', 'ignore_ament_install']
[0.443s] Level 1:colcon.colcon_core.package_identification:_identify(data/tmp/1781444584_CG) by extension 'ignore'
[0.443s] Level 1:colcon.colcon_core.package_identification:_identify(data/tmp/1781444584_CG) by extension 'ignore_ament_install'
[0.443s] Level 1:colcon.colcon_core.package_identification:_identify(data/tmp/1781444584_CG) by extensions ['colcon_pkg']
[0.443s] Level 1:colcon.colcon_core.package_identification:_identify(data/tmp/1781444584_CG) by extension 'colcon_pkg'
[0.443s] Level 1:colcon.colcon_core.package_identification:_identify(data/tmp/1781444584_CG) by extensions ['colcon_meta']
[0.443s] Level 1:colcon.colcon_core.package_identification:_identify(data/tmp/1781444584_CG) by extension 'colcon_meta'
[0.443s] Level 1:colcon.colcon_core.package_identification:_identify(data/tmp/1781444584_CG) by extensions ['ros']
[0.443s] Level 1:colcon.colcon_core.package_identification:_identify(data/tmp/1781444584_CG) by extension 'ros'
[0.443s] Level 1:colcon.colcon_core.package_identification:_identify(data/tmp/1781444584_CG) by extensions ['cmake', 'python']
[0.443s] Level 1:colcon.colcon_core.package_identification:_identify(data/tmp/1781444584_CG) by extension 'cmake'
[0.443s] Level 1:colcon.colcon_core.package_identification:_identify(data/tmp/1781444584_CG) by extension 'python'
[0.443s] Level 1:colcon.colcon_core.package_identification:_identify(data/tmp/1781444584_CG) by extensions ['python_setup_py']
[0.443s] Level 1:colcon.colcon_core.package_identification:_identify(data/tmp/1781444584_CG) by extension 'python_setup_py'
[0.443s] Level 1:colcon.colcon_core.package_identification:_identify(data/tmp/1781444604_CG) by extensions ['ignore', 'ignore_ament_install']
[0.443s] Level 1:colcon.colcon_core.package_identification:_identify(data/tmp/1781444604_CG) by extension 'ignore'
[0.444s] Level 1:colcon.colcon_core.package_identification:_identify(data/tmp/1781444604_CG) by extension 'ignore_ament_install'
[0.444s] Level 1:colcon.colcon_core.package_identification:_identify(data/tmp/1781444604_CG) by extensions ['colcon_pkg']
[0.444s] Level 1:colcon.colcon_core.package_identification:_identify(data/tmp/1781444604_CG) by extension 'colcon_pkg'
[0.444s] Level 1:colcon.colcon_core.package_identification:_identify(data/tmp/1781444604_CG) by extensions ['colcon_meta']
[0.444s] Level 1:colcon.colcon_core.package_identification:_identify(data/tmp/1781444604_CG) by extension 'colcon_meta'
[0.444s] Level 1:colcon.colcon_core.package_identification:_identify(data/tmp/1781444604_CG) by extensions ['ros']
[0.444s] Level 1:colcon.colcon_core.package_identification:_identify(data/tmp/1781444604_CG) by extension 'ros'
[0.444s] Level 1:colcon.colcon_core.package_identification:_identify(data/tmp/1781444604_CG) by extensions ['cmake', 'python']
[0.444s] Level 1:colcon.colcon_core.package_identification:_identify(data/tmp/1781444604_CG) by extension 'cmake'
[0.444s] Level 1:colcon.colcon_core.package_identification:_identify(data/tmp/1781444604_CG) by extension 'python'
[0.444s] Level 1:colcon.colcon_core.package_identification:_identify(data/tmp/1781444604_CG) by extensions ['python_setup_py']
[0.444s] Level 1:colcon.colcon_core.package_identification:_identify(data/tmp/1781444604_CG) by extension 'python_setup_py'
[0.444s] Level 1:colcon.colcon_core.package_identification:_identify(data/tmp/1781444610_CG) by extensions ['ignore', 'ignore_ament_install']
[0.444s] Level 1:colcon.colcon_core.package_identification:_identify(data/tmp/1781444610_CG) by extension 'ignore'
[0.444s] Level 1:colcon.colcon_core.package_identification:_identify(data/tmp/1781444610_CG) by extension 'ignore_ament_install'
[0.444s] Level 1:colcon.colcon_core.package_identification:_identify(data/tmp/1781444610_CG) by extensions ['colcon_pkg']
[0.444s] Level 1:colcon.colcon_core.package_identification:_identify(data/tmp/1781444610_CG) by extension 'colcon_pkg'
[0.444s] Level 1:colcon.colcon_core.package_identification:_identify(data/tmp/1781444610_CG) by extensions ['colcon_meta']
[0.444s] Level 1:colcon.colcon_core.package_identification:_identify(data/tmp/1781444610_CG) by extension 'colcon_meta'
[0.444s] Level 1:colcon.colcon_core.package_identification:_identify(data/tmp/1781444610_CG) by extensions ['ros']
[0.444s] Level 1:colcon.colcon_core.package_identification:_identify(data/tmp/1781444610_CG) by extension 'ros'
[0.444s] Level 1:colcon.colcon_core.package_identification:_identify(data/tmp/1781444610_CG) by extensions ['cmake', 'python']
[0.444s] Level 1:colcon.colcon_core.package_identification:_identify(data/tmp/1781444610_CG) by extension 'cmake'
[0.444s] Level 1:colcon.colcon_core.package_identification:_identify(data/tmp/1781444610_CG) by extension 'python'
[0.444s] Level 1:colcon.colcon_core.package_identification:_identify(data/tmp/1781444610_CG) by extensions ['python_setup_py']
[0.444s] Level 1:colcon.colcon_core.package_identification:_identify(data/tmp/1781444610_CG) by extension 'python_setup_py'
[0.444s] Level 1:colcon.colcon_core.package_identification:_identify(data/tmp/1781444616_CG) by extensions ['ignore', 'ignore_ament_install']
[0.444s] Level 1:colcon.colcon_core.package_identification:_identify(data/tmp/1781444616_CG) by extension 'ignore'
[0.445s] Level 1:colcon.colcon_core.package_identification:_identify(data/tmp/1781444616_CG) by extension 'ignore_ament_install'
[0.445s] Level 1:colcon.colcon_core.package_identification:_identify(data/tmp/1781444616_CG) by extensions ['colcon_pkg']
[0.445s] Level 1:colcon.colcon_core.package_identification:_identify(data/tmp/1781444616_CG) by extension 'colcon_pkg'
[0.445s] Level 1:colcon.colcon_core.package_identification:_identify(data/tmp/1781444616_CG) by extensions ['colcon_meta']
[0.445s] Level 1:colcon.colcon_core.package_identification:_identify(data/tmp/1781444616_CG) by extension 'colcon_meta'
[0.445s] Level 1:colcon.colcon_core.package_identification:_identify(data/tmp/1781444616_CG) by extensions ['ros']
[0.445s] Level 1:colcon.colcon_core.package_identification:_identify(data/tmp/1781444616_CG) by extension 'ros'
[0.445s] Level 1:colcon.colcon_core.package_identification:_identify(data/tmp/1781444616_CG) by extensions ['cmake', 'python']
[0.445s] Level 1:colcon.colcon_core.package_identification:_identify(data/tmp/1781444616_CG) by extension 'cmake'
[0.445s] Level 1:colcon.colcon_core.package_identification:_identify(data/tmp/1781444616_CG) by extension 'python'
[0.445s] Level 1:colcon.colcon_core.package_identification:_identify(data/tmp/1781444616_CG) by extensions ['python_setup_py']
[0.445s] Level 1:colcon.colcon_core.package_identification:_identify(data/tmp/1781444616_CG) by extension 'python_setup_py'
[0.445s] Level 1:colcon.colcon_core.package_identification:_identify(data/tmp/1781444629_CG) by extensions ['ignore', 'ignore_ament_install']
[0.445s] Level 1:colcon.colcon_core.package_identification:_identify(data/tmp/1781444629_CG) by extension 'ignore'
[0.445s] Level 1:colcon.colcon_core.package_identification:_identify(data/tmp/1781444629_CG) by extension 'ignore_ament_install'
[0.445s] Level 1:colcon.colcon_core.package_identification:_identify(data/tmp/1781444629_CG) by extensions ['colcon_pkg']
[0.445s] Level 1:colcon.colcon_core.package_identification:_identify(data/tmp/1781444629_CG) by extension 'colcon_pkg'
[0.445s] Level 1:colcon.colcon_core.package_identification:_identify(data/tmp/1781444629_CG) by extensions ['colcon_meta']
[0.445s] Level 1:colcon.colcon_core.package_identification:_identify(data/tmp/1781444629_CG) by extension 'colcon_meta'
[0.445s] Level 1:colcon.colcon_core.package_identification:_identify(data/tmp/1781444629_CG) by extensions ['ros']
[0.445s] Level 1:colcon.colcon_core.package_identification:_identify(data/tmp/1781444629_CG) by extension 'ros'
[0.445s] Level 1:colcon.colcon_core.package_identification:_identify(data/tmp/1781444629_CG) by extensions ['cmake', 'python']
[0.445s] Level 1:colcon.colcon_core.package_identification:_identify(data/tmp/1781444629_CG) by extension 'cmake'
[0.445s] Level 1:colcon.colcon_core.package_identification:_identify(data/tmp/1781444629_CG) by extension 'python'
[0.445s] Level 1:colcon.colcon_core.package_identification:_identify(data/tmp/1781444629_CG) by extensions ['python_setup_py']
[0.445s] Level 1:colcon.colcon_core.package_identification:_identify(data/tmp/1781444629_CG) by extension 'python_setup_py'
[0.445s] Level 1:colcon.colcon_core.package_identification:_identify(data/tmp/1781444650_CG) by extensions ['ignore', 'ignore_ament_install']
[0.446s] Level 1:colcon.colcon_core.package_identification:_identify(data/tmp/1781444650_CG) by extension 'ignore'
[0.446s] Level 1:colcon.colcon_core.package_identification:_identify(data/tmp/1781444650_CG) by extension 'ignore_ament_install'
[0.446s] Level 1:colcon.colcon_core.package_identification:_identify(data/tmp/1781444650_CG) by extensions ['colcon_pkg']
[0.446s] Level 1:colcon.colcon_core.package_identification:_identify(data/tmp/1781444650_CG) by extension 'colcon_pkg'
[0.446s] Level 1:colcon.colcon_core.package_identification:_identify(data/tmp/1781444650_CG) by extensions ['colcon_meta']
[0.446s] Level 1:colcon.colcon_core.package_identification:_identify(data/tmp/1781444650_CG) by extension 'colcon_meta'
[0.446s] Level 1:colcon.colcon_core.package_identification:_identify(data/tmp/1781444650_CG) by extensions ['ros']
[0.446s] Level 1:colcon.colcon_core.package_identification:_identify(data/tmp/1781444650_CG) by extension 'ros'
[0.446s] Level 1:colcon.colcon_core.package_identification:_identify(data/tmp/1781444650_CG) by extensions ['cmake', 'python']
[0.446s] Level 1:colcon.colcon_core.package_identification:_identify(data/tmp/1781444650_CG) by extension 'cmake'
[0.446s] Level 1:colcon.colcon_core.package_identification:_identify(data/tmp/1781444650_CG) by extension 'python'
[0.446s] Level 1:colcon.colcon_core.package_identification:_identify(data/tmp/1781444650_CG) by extensions ['python_setup_py']
[0.446s] Level 1:colcon.colcon_core.package_identification:_identify(data/tmp/1781444650_CG) by extension 'python_setup_py'
[0.446s] Level 1:colcon.colcon_core.package_identification:_identify(data/tmp/1781444656_CG) by extensions ['ignore', 'ignore_ament_install']
[0.446s] Level 1:colcon.colcon_core.package_identification:_identify(data/tmp/1781444656_CG) by extension 'ignore'
[0.446s] Level 1:colcon.colcon_core.package_identification:_identify(data/tmp/1781444656_CG) by extension 'ignore_ament_install'
[0.446s] Level 1:colcon.colcon_core.package_identification:_identify(data/tmp/1781444656_CG) by extensions ['colcon_pkg']
[0.446s] Level 1:colcon.colcon_core.package_identification:_identify(data/tmp/1781444656_CG) by extension 'colcon_pkg'
[0.446s] Level 1:colcon.colcon_core.package_identification:_identify(data/tmp/1781444656_CG) by extensions ['colcon_meta']
[0.446s] Level 1:colcon.colcon_core.package_identification:_identify(data/tmp/1781444656_CG) by extension 'colcon_meta'
[0.446s] Level 1:colcon.colcon_core.package_identification:_identify(data/tmp/1781444656_CG) by extensions ['ros']
[0.446s] Level 1:colcon.colcon_core.package_identification:_identify(data/tmp/1781444656_CG) by extension 'ros'
[0.446s] Level 1:colcon.colcon_core.package_identification:_identify(data/tmp/1781444656_CG) by extensions ['cmake', 'python']
[0.446s] Level 1:colcon.colcon_core.package_identification:_identify(data/tmp/1781444656_CG) by extension 'cmake'
[0.447s] Level 1:colcon.colcon_core.package_identification:_identify(data/tmp/1781444656_CG) by extension 'python'
[0.447s] Level 1:colcon.colcon_core.package_identification:_identify(data/tmp/1781444656_CG) by extensions ['python_setup_py']
[0.447s] Level 1:colcon.colcon_core.package_identification:_identify(data/tmp/1781444656_CG) by extension 'python_setup_py'
[0.447s] Level 1:colcon.colcon_core.package_identification:_identify(data/tmp/1781444672_CG) by extensions ['ignore', 'ignore_ament_install']
[0.447s] Level 1:colcon.colcon_core.package_identification:_identify(data/tmp/1781444672_CG) by extension 'ignore'
[0.447s] Level 1:colcon.colcon_core.package_identification:_identify(data/tmp/1781444672_CG) by extension 'ignore_ament_install'
[0.447s] Level 1:colcon.colcon_core.package_identification:_identify(data/tmp/1781444672_CG) by extensions ['colcon_pkg']
[0.447s] Level 1:colcon.colcon_core.package_identification:_identify(data/tmp/1781444672_CG) by extension 'colcon_pkg'
[0.447s] Level 1:colcon.colcon_core.package_identification:_identify(data/tmp/1781444672_CG) by extensions ['colcon_meta']
[0.447s] Level 1:colcon.colcon_core.package_identification:_identify(data/tmp/1781444672_CG) by extension 'colcon_meta'
[0.447s] Level 1:colcon.colcon_core.package_identification:_identify(data/tmp/1781444672_CG) by extensions ['ros']
[0.447s] Level 1:colcon.colcon_core.package_identification:_identify(data/tmp/1781444672_CG) by extension 'ros'
[0.447s] Level 1:colcon.colcon_core.package_identification:_identify(data/tmp/1781444672_CG) by extensions ['cmake', 'python']
[0.447s] Level 1:colcon.colcon_core.package_identification:_identify(data/tmp/1781444672_CG) by extension 'cmake'
[0.447s] Level 1:colcon.colcon_core.package_identification:_identify(data/tmp/1781444672_CG) by extension 'python'
[0.447s] Level 1:colcon.colcon_core.package_identification:_identify(data/tmp/1781444672_CG) by extensions ['python_setup_py']
[0.447s] Level 1:colcon.colcon_core.package_identification:_identify(data/tmp/1781444672_CG) by extension 'python_setup_py'
[0.447s] Level 1:colcon.colcon_core.package_identification:_identify(data/tmp/1781444678_CG) by extensions ['ignore', 'ignore_ament_install']
[0.447s] Level 1:colcon.colcon_core.package_identification:_identify(data/tmp/1781444678_CG) by extension 'ignore'
[0.447s] Level 1:colcon.colcon_core.package_identification:_identify(data/tmp/1781444678_CG) by extension 'ignore_ament_install'
[0.447s] Level 1:colcon.colcon_core.package_identification:_identify(data/tmp/1781444678_CG) by extensions ['colcon_pkg']
[0.447s] Level 1:colcon.colcon_core.package_identification:_identify(data/tmp/1781444678_CG) by extension 'colcon_pkg'
[0.447s] Level 1:colcon.colcon_core.package_identification:_identify(data/tmp/1781444678_CG) by extensions ['colcon_meta']
[0.447s] Level 1:colcon.colcon_core.package_identification:_identify(data/tmp/1781444678_CG) by extension 'colcon_meta'
[0.447s] Level 1:colcon.colcon_core.package_identification:_identify(data/tmp/1781444678_CG) by extensions ['ros']
[0.447s] Level 1:colcon.colcon_core.package_identification:_identify(data/tmp/1781444678_CG) by extension 'ros'
[0.447s] Level 1:colcon.colcon_core.package_identification:_identify(data/tmp/1781444678_CG) by extensions ['cmake', 'python']
[0.447s] Level 1:colcon.colcon_core.package_identification:_identify(data/tmp/1781444678_CG) by extension 'cmake'
[0.448s] Level 1:colcon.colcon_core.package_identification:_identify(data/tmp/1781444678_CG) by extension 'python'
[0.448s] Level 1:colcon.colcon_core.package_identification:_identify(data/tmp/1781444678_CG) by extensions ['python_setup_py']
[0.448s] Level 1:colcon.colcon_core.package_identification:_identify(data/tmp/1781444678_CG) by extension 'python_setup_py'
[0.448s] Level 1:colcon.colcon_core.package_identification:_identify(data/tmp/1781444683_CG) by extensions ['ignore', 'ignore_ament_install']
[0.448s] Level 1:colcon.colcon_core.package_identification:_identify(data/tmp/1781444683_CG) by extension 'ignore'
[0.448s] Level 1:colcon.colcon_core.package_identification:_identify(data/tmp/1781444683_CG) by extension 'ignore_ament_install'
[0.448s] Level 1:colcon.colcon_core.package_identification:_identify(data/tmp/1781444683_CG) by extensions ['colcon_pkg']
[0.448s] Level 1:colcon.colcon_core.package_identification:_identify(data/tmp/1781444683_CG) by extension 'colcon_pkg'
[0.448s] Level 1:colcon.colcon_core.package_identification:_identify(data/tmp/1781444683_CG) by extensions ['colcon_meta']
[0.448s] Level 1:colcon.colcon_core.package_identification:_identify(data/tmp/1781444683_CG) by extension 'colcon_meta'
[0.448s] Level 1:colcon.colcon_core.package_identification:_identify(data/tmp/1781444683_CG) by extensions ['ros']
[0.448s] Level 1:colcon.colcon_core.package_identification:_identify(data/tmp/1781444683_CG) by extension 'ros'
[0.448s] Level 1:colcon.colcon_core.package_identification:_identify(data/tmp/1781444683_CG) by extensions ['cmake', 'python']
[0.448s] Level 1:colcon.colcon_core.package_identification:_identify(data/tmp/1781444683_CG) by extension 'cmake'
[0.448s] Level 1:colcon.colcon_core.package_identification:_identify(data/tmp/1781444683_CG) by extension 'python'
[0.448s] Level 1:colcon.colcon_core.package_identification:_identify(data/tmp/1781444683_CG) by extensions ['python_setup_py']
[0.448s] Level 1:colcon.colcon_core.package_identification:_identify(data/tmp/1781444683_CG) by extension 'python_setup_py'
[0.448s] Level 1:colcon.colcon_core.package_identification:_identify(data/tmp/1781444690_CG) by extensions ['ignore', 'ignore_ament_install']
[0.448s] Level 1:colcon.colcon_core.package_identification:_identify(data/tmp/1781444690_CG) by extension 'ignore'
[0.448s] Level 1:colcon.colcon_core.package_identification:_identify(data/tmp/1781444690_CG) by extension 'ignore_ament_install'
[0.448s] Level 1:colcon.colcon_core.package_identification:_identify(data/tmp/1781444690_CG) by extensions ['colcon_pkg']
[0.448s] Level 1:colcon.colcon_core.package_identification:_identify(data/tmp/1781444690_CG) by extension 'colcon_pkg'
[0.448s] Level 1:colcon.colcon_core.package_identification:_identify(data/tmp/1781444690_CG) by extensions ['colcon_meta']
[0.448s] Level 1:colcon.colcon_core.package_identification:_identify(data/tmp/1781444690_CG) by extension 'colcon_meta'
[0.448s] Level 1:colcon.colcon_core.package_identification:_identify(data/tmp/1781444690_CG) by extensions ['ros']
[0.448s] Level 1:colcon.colcon_core.package_identification:_identify(data/tmp/1781444690_CG) by extension 'ros'
[0.448s] Level 1:colcon.colcon_core.package_identification:_identify(data/tmp/1781444690_CG) by extensions ['cmake', 'python']
[0.449s] Level 1:colcon.colcon_core.package_identification:_identify(data/tmp/1781444690_CG) by extension 'cmake'
[0.449s] Level 1:colcon.colcon_core.package_identification:_identify(data/tmp/1781444690_CG) by extension 'python'
[0.449s] Level 1:colcon.colcon_core.package_identification:_identify(data/tmp/1781444690_CG) by extensions ['python_setup_py']
[0.449s] Level 1:colcon.colcon_core.package_identification:_identify(data/tmp/1781444690_CG) by extension 'python_setup_py'
[0.449s] Level 1:colcon.colcon_core.package_identification:_identify(data/tmp/1781444715_CG) by extensions ['ignore', 'ignore_ament_install']
[0.449s] Level 1:colcon.colcon_core.package_identification:_identify(data/tmp/1781444715_CG) by extension 'ignore'
[0.449s] Level 1:colcon.colcon_core.package_identification:_identify(data/tmp/1781444715_CG) by extension 'ignore_ament_install'
[0.449s] Level 1:colcon.colcon_core.package_identification:_identify(data/tmp/1781444715_CG) by extensions ['colcon_pkg']
[0.449s] Level 1:colcon.colcon_core.package_identification:_identify(data/tmp/1781444715_CG) by extension 'colcon_pkg'
[0.449s] Level 1:colcon.colcon_core.package_identification:_identify(data/tmp/1781444715_CG) by extensions ['colcon_meta']
[0.449s] Level 1:colcon.colcon_core.package_identification:_identify(data/tmp/1781444715_CG) by extension 'colcon_meta'
[0.449s] Level 1:colcon.colcon_core.package_identification:_identify(data/tmp/1781444715_CG) by extensions ['ros']
[0.449s] Level 1:colcon.colcon_core.package_identification:_identify(data/tmp/1781444715_CG) by extension 'ros'
[0.449s] Level 1:colcon.colcon_core.package_identification:_identify(data/tmp/1781444715_CG) by extensions ['cmake', 'python']
[0.449s] Level 1:colcon.colcon_core.package_identification:_identify(data/tmp/1781444715_CG) by extension 'cmake'
[0.449s] Level 1:colcon.colcon_core.package_identification:_identify(data/tmp/1781444715_CG) by extension 'python'
[0.449s] Level 1:colcon.colcon_core.package_identification:_identify(data/tmp/1781444715_CG) by extensions ['python_setup_py']
[0.449s] Level 1:colcon.colcon_core.package_identification:_identify(data/tmp/1781444715_CG) by extension 'python_setup_py'
[0.449s] Level 1:colcon.colcon_core.package_identification:_identify(data/tmp/1781444731_CG) by extensions ['ignore', 'ignore_ament_install']
[0.449s] Level 1:colcon.colcon_core.package_identification:_identify(data/tmp/1781444731_CG) by extension 'ignore'
[0.449s] Level 1:colcon.colcon_core.package_identification:_identify(data/tmp/1781444731_CG) by extension 'ignore_ament_install'
[0.449s] Level 1:colcon.colcon_core.package_identification:_identify(data/tmp/1781444731_CG) by extensions ['colcon_pkg']
[0.449s] Level 1:colcon.colcon_core.package_identification:_identify(data/tmp/1781444731_CG) by extension 'colcon_pkg'
[0.449s] Level 1:colcon.colcon_core.package_identification:_identify(data/tmp/1781444731_CG) by extensions ['colcon_meta']
[0.449s] Level 1:colcon.colcon_core.package_identification:_identify(data/tmp/1781444731_CG) by extension 'colcon_meta'
[0.449s] Level 1:colcon.colcon_core.package_identification:_identify(data/tmp/1781444731_CG) by extensions ['ros']
[0.449s] Level 1:colcon.colcon_core.package_identification:_identify(data/tmp/1781444731_CG) by extension 'ros'
[0.450s] Level 1:colcon.colcon_core.package_identification:_identify(data/tmp/1781444731_CG) by extensions ['cmake', 'python']
[0.450s] Level 1:colcon.colcon_core.package_identification:_identify(data/tmp/1781444731_CG) by extension 'cmake'
[0.450s] Level 1:colcon.colcon_core.package_identification:_identify(data/tmp/1781444731_CG) by extension 'python'
[0.450s] Level 1:colcon.colcon_core.package_identification:_identify(data/tmp/1781444731_CG) by extensions ['python_setup_py']
[0.450s] Level 1:colcon.colcon_core.package_identification:_identify(data/tmp/1781444731_CG) by extension 'python_setup_py'
[0.450s] Level 1:colcon.colcon_core.package_identification:_identify(data/tmp/1781444742_CG) by extensions ['ignore', 'ignore_ament_install']
[0.450s] Level 1:colcon.colcon_core.package_identification:_identify(data/tmp/1781444742_CG) by extension 'ignore'
[0.450s] Level 1:colcon.colcon_core.package_identification:_identify(data/tmp/1781444742_CG) by extension 'ignore_ament_install'
[0.450s] Level 1:colcon.colcon_core.package_identification:_identify(data/tmp/1781444742_CG) by extensions ['colcon_pkg']
[0.450s] Level 1:colcon.colcon_core.package_identification:_identify(data/tmp/1781444742_CG) by extension 'colcon_pkg'
[0.450s] Level 1:colcon.colcon_core.package_identification:_identify(data/tmp/1781444742_CG) by extensions ['colcon_meta']
[0.450s] Level 1:colcon.colcon_core.package_identification:_identify(data/tmp/1781444742_CG) by extension 'colcon_meta'
[0.450s] Level 1:colcon.colcon_core.package_identification:_identify(data/tmp/1781444742_CG) by extensions ['ros']
[0.450s] Level 1:colcon.colcon_core.package_identification:_identify(data/tmp/1781444742_CG) by extension 'ros'
[0.450s] Level 1:colcon.colcon_core.package_identification:_identify(data/tmp/1781444742_CG) by extensions ['cmake', 'python']
[0.450s] Level 1:colcon.colcon_core.package_identification:_identify(data/tmp/1781444742_CG) by extension 'cmake'
[0.450s] Level 1:colcon.colcon_core.package_identification:_identify(data/tmp/1781444742_CG) by extension 'python'
[0.450s] Level 1:colcon.colcon_core.package_identification:_identify(data/tmp/1781444742_CG) by extensions ['python_setup_py']
[0.450s] Level 1:colcon.colcon_core.package_identification:_identify(data/tmp/1781444742_CG) by extension 'python_setup_py'
[0.450s] Level 1:colcon.colcon_core.package_identification:_identify(data/tmp/1781444753_CG) by extensions ['ignore', 'ignore_ament_install']
[0.450s] Level 1:colcon.colcon_core.package_identification:_identify(data/tmp/1781444753_CG) by extension 'ignore'
[0.450s] Level 1:colcon.colcon_core.package_identification:_identify(data/tmp/1781444753_CG) by extension 'ignore_ament_install'
[0.450s] Level 1:colcon.colcon_core.package_identification:_identify(data/tmp/1781444753_CG) by extensions ['colcon_pkg']
[0.450s] Level 1:colcon.colcon_core.package_identification:_identify(data/tmp/1781444753_CG) by extension 'colcon_pkg'
[0.450s] Level 1:colcon.colcon_core.package_identification:_identify(data/tmp/1781444753_CG) by extensions ['colcon_meta']
[0.450s] Level 1:colcon.colcon_core.package_identification:_identify(data/tmp/1781444753_CG) by extension 'colcon_meta'
[0.450s] Level 1:colcon.colcon_core.package_identification:_identify(data/tmp/1781444753_CG) by extensions ['ros']
[0.451s] Level 1:colcon.colcon_core.package_identification:_identify(data/tmp/1781444753_CG) by extension 'ros'
[0.451s] Level 1:colcon.colcon_core.package_identification:_identify(data/tmp/1781444753_CG) by extensions ['cmake', 'python']
[0.451s] Level 1:colcon.colcon_core.package_identification:_identify(data/tmp/1781444753_CG) by extension 'cmake'
[0.451s] Level 1:colcon.colcon_core.package_identification:_identify(data/tmp/1781444753_CG) by extension 'python'
[0.451s] Level 1:colcon.colcon_core.package_identification:_identify(data/tmp/1781444753_CG) by extensions ['python_setup_py']
[0.451s] Level 1:colcon.colcon_core.package_identification:_identify(data/tmp/1781444753_CG) by extension 'python_setup_py'
[0.451s] Level 1:colcon.colcon_core.package_identification:_identify(data/tmp/1781444763_CG) by extensions ['ignore', 'ignore_ament_install']
[0.451s] Level 1:colcon.colcon_core.package_identification:_identify(data/tmp/1781444763_CG) by extension 'ignore'
[0.451s] Level 1:colcon.colcon_core.package_identification:_identify(data/tmp/1781444763_CG) by extension 'ignore_ament_install'
[0.451s] Level 1:colcon.colcon_core.package_identification:_identify(data/tmp/1781444763_CG) by extensions ['colcon_pkg']
[0.451s] Level 1:colcon.colcon_core.package_identification:_identify(data/tmp/1781444763_CG) by extension 'colcon_pkg'
[0.451s] Level 1:colcon.colcon_core.package_identification:_identify(data/tmp/1781444763_CG) by extensions ['colcon_meta']
[0.451s] Level 1:colcon.colcon_core.package_identification:_identify(data/tmp/1781444763_CG) by extension 'colcon_meta'
[0.451s] Level 1:colcon.colcon_core.package_identification:_identify(data/tmp/1781444763_CG) by extensions ['ros']
[0.451s] Level 1:colcon.colcon_core.package_identification:_identify(data/tmp/1781444763_CG) by extension 'ros'
[0.451s] Level 1:colcon.colcon_core.package_identification:_identify(data/tmp/1781444763_CG) by extensions ['cmake', 'python']
[0.451s] Level 1:colcon.colcon_core.package_identification:_identify(data/tmp/1781444763_CG) by extension 'cmake'
[0.451s] Level 1:colcon.colcon_core.package_identification:_identify(data/tmp/1781444763_CG) by extension 'python'
[0.451s] Level 1:colcon.colcon_core.package_identification:_identify(data/tmp/1781444763_CG) by extensions ['python_setup_py']
[0.451s] Level 1:colcon.colcon_core.package_identification:_identify(data/tmp/1781444763_CG) by extension 'python_setup_py'
[0.451s] Level 1:colcon.colcon_core.package_identification:_identify(data/tmp/1781444769_CG) by extensions ['ignore', 'ignore_ament_install']
[0.451s] Level 1:colcon.colcon_core.package_identification:_identify(data/tmp/1781444769_CG) by extension 'ignore'
[0.451s] Level 1:colcon.colcon_core.package_identification:_identify(data/tmp/1781444769_CG) by extension 'ignore_ament_install'
[0.451s] Level 1:colcon.colcon_core.package_identification:_identify(data/tmp/1781444769_CG) by extensions ['colcon_pkg']
[0.451s] Level 1:colcon.colcon_core.package_identification:_identify(data/tmp/1781444769_CG) by extension 'colcon_pkg'
[0.451s] Level 1:colcon.colcon_core.package_identification:_identify(data/tmp/1781444769_CG) by extensions ['colcon_meta']
[0.451s] Level 1:colcon.colcon_core.package_identification:_identify(data/tmp/1781444769_CG) by extension 'colcon_meta'
[0.451s] Level 1:colcon.colcon_core.package_identification:_identify(data/tmp/1781444769_CG) by extensions ['ros']
[0.452s] Level 1:colcon.colcon_core.package_identification:_identify(data/tmp/1781444769_CG) by extension 'ros'
[0.452s] Level 1:colcon.colcon_core.package_identification:_identify(data/tmp/1781444769_CG) by extensions ['cmake', 'python']
[0.452s] Level 1:colcon.colcon_core.package_identification:_identify(data/tmp/1781444769_CG) by extension 'cmake'
[0.452s] Level 1:colcon.colcon_core.package_identification:_identify(data/tmp/1781444769_CG) by extension 'python'
[0.452s] Level 1:colcon.colcon_core.package_identification:_identify(data/tmp/1781444769_CG) by extensions ['python_setup_py']
[0.452s] Level 1:colcon.colcon_core.package_identification:_identify(data/tmp/1781444769_CG) by extension 'python_setup_py'
[0.452s] Level 1:colcon.colcon_core.package_identification:_identify(data/tmp/1781444775_CG) by extensions ['ignore', 'ignore_ament_install']
[0.452s] Level 1:colcon.colcon_core.package_identification:_identify(data/tmp/1781444775_CG) by extension 'ignore'
[0.452s] Level 1:colcon.colcon_core.package_identification:_identify(data/tmp/1781444775_CG) by extension 'ignore_ament_install'
[0.452s] Level 1:colcon.colcon_core.package_identification:_identify(data/tmp/1781444775_CG) by extensions ['colcon_pkg']
[0.452s] Level 1:colcon.colcon_core.package_identification:_identify(data/tmp/1781444775_CG) by extension 'colcon_pkg'
[0.452s] Level 1:colcon.colcon_core.package_identification:_identify(data/tmp/1781444775_CG) by extensions ['colcon_meta']
[0.452s] Level 1:colcon.colcon_core.package_identification:_identify(data/tmp/1781444775_CG) by extension 'colcon_meta'
[0.452s] Level 1:colcon.colcon_core.package_identification:_identify(data/tmp/1781444775_CG) by extensions ['ros']
[0.452s] Level 1:colcon.colcon_core.package_identification:_identify(data/tmp/1781444775_CG) by extension 'ros'
[0.452s] Level 1:colcon.colcon_core.package_identification:_identify(data/tmp/1781444775_CG) by extensions ['cmake', 'python']
[0.452s] Level 1:colcon.colcon_core.package_identification:_identify(data/tmp/1781444775_CG) by extension 'cmake'
[0.452s] Level 1:colcon.colcon_core.package_identification:_identify(data/tmp/1781444775_CG) by extension 'python'
[0.452s] Level 1:colcon.colcon_core.package_identification:_identify(data/tmp/1781444775_CG) by extensions ['python_setup_py']
[0.452s] Level 1:colcon.colcon_core.package_identification:_identify(data/tmp/1781444775_CG) by extension 'python_setup_py'
[0.452s] Level 1:colcon.colcon_core.package_identification:_identify(data/tmp/1781444815_CG) by extensions ['ignore', 'ignore_ament_install']
[0.452s] Level 1:colcon.colcon_core.package_identification:_identify(data/tmp/1781444815_CG) by extension 'ignore'
[0.452s] Level 1:colcon.colcon_core.package_identification:_identify(data/tmp/1781444815_CG) by extension 'ignore_ament_install'
[0.452s] Level 1:colcon.colcon_core.package_identification:_identify(data/tmp/1781444815_CG) by extensions ['colcon_pkg']
[0.452s] Level 1:colcon.colcon_core.package_identification:_identify(data/tmp/1781444815_CG) by extension 'colcon_pkg'
[0.452s] Level 1:colcon.colcon_core.package_identification:_identify(data/tmp/1781444815_CG) by extensions ['colcon_meta']
[0.452s] Level 1:colcon.colcon_core.package_identification:_identify(data/tmp/1781444815_CG) by extension 'colcon_meta'
[0.453s] Level 1:colcon.colcon_core.package_identification:_identify(data/tmp/1781444815_CG) by extensions ['ros']
[0.453s] Level 1:colcon.colcon_core.package_identification:_identify(data/tmp/1781444815_CG) by extension 'ros'
[0.453s] Level 1:colcon.colcon_core.package_identification:_identify(data/tmp/1781444815_CG) by extensions ['cmake', 'python']
[0.453s] Level 1:colcon.colcon_core.package_identification:_identify(data/tmp/1781444815_CG) by extension 'cmake'
[0.453s] Level 1:colcon.colcon_core.package_identification:_identify(data/tmp/1781444815_CG) by extension 'python'
[0.453s] Level 1:colcon.colcon_core.package_identification:_identify(data/tmp/1781444815_CG) by extensions ['python_setup_py']
[0.453s] Level 1:colcon.colcon_core.package_identification:_identify(data/tmp/1781444815_CG) by extension 'python_setup_py'
[0.453s] Level 1:colcon.colcon_core.package_identification:_identify(data/tmp/1781444822_CG) by extensions ['ignore', 'ignore_ament_install']
[0.453s] Level 1:colcon.colcon_core.package_identification:_identify(data/tmp/1781444822_CG) by extension 'ignore'
[0.453s] Level 1:colcon.colcon_core.package_identification:_identify(data/tmp/1781444822_CG) by extension 'ignore_ament_install'
[0.453s] Level 1:colcon.colcon_core.package_identification:_identify(data/tmp/1781444822_CG) by extensions ['colcon_pkg']
[0.453s] Level 1:colcon.colcon_core.package_identification:_identify(data/tmp/1781444822_CG) by extension 'colcon_pkg'
[0.453s] Level 1:colcon.colcon_core.package_identification:_identify(data/tmp/1781444822_CG) by extensions ['colcon_meta']
[0.453s] Level 1:colcon.colcon_core.package_identification:_identify(data/tmp/1781444822_CG) by extension 'colcon_meta'
[0.453s] Level 1:colcon.colcon_core.package_identification:_identify(data/tmp/1781444822_CG) by extensions ['ros']
[0.453s] Level 1:colcon.colcon_core.package_identification:_identify(data/tmp/1781444822_CG) by extension 'ros'
[0.453s] Level 1:colcon.colcon_core.package_identification:_identify(data/tmp/1781444822_CG) by extensions ['cmake', 'python']
[0.453s] Level 1:colcon.colcon_core.package_identification:_identify(data/tmp/1781444822_CG) by extension 'cmake'
[0.453s] Level 1:colcon.colcon_core.package_identification:_identify(data/tmp/1781444822_CG) by extension 'python'
[0.453s] Level 1:colcon.colcon_core.package_identification:_identify(data/tmp/1781444822_CG) by extensions ['python_setup_py']
[0.453s] Level 1:colcon.colcon_core.package_identification:_identify(data/tmp/1781444822_CG) by extension 'python_setup_py'
[0.453s] Level 1:colcon.colcon_core.package_identification:_identify(data/tmp/1781444841_CG) by extensions ['ignore', 'ignore_ament_install']
[0.453s] Level 1:colcon.colcon_core.package_identification:_identify(data/tmp/1781444841_CG) by extension 'ignore'
[0.453s] Level 1:colcon.colcon_core.package_identification:_identify(data/tmp/1781444841_CG) by extension 'ignore_ament_install'
[0.453s] Level 1:colcon.colcon_core.package_identification:_identify(data/tmp/1781444841_CG) by extensions ['colcon_pkg']
[0.453s] Level 1:colcon.colcon_core.package_identification:_identify(data/tmp/1781444841_CG) by extension 'colcon_pkg'
[0.453s] Level 1:colcon.colcon_core.package_identification:_identify(data/tmp/1781444841_CG) by extensions ['colcon_meta']
[0.454s] Level 1:colcon.colcon_core.package_identification:_identify(data/tmp/1781444841_CG) by extension 'colcon_meta'
[0.454s] Level 1:colcon.colcon_core.package_identification:_identify(data/tmp/1781444841_CG) by extensions ['ros']
[0.454s] Level 1:colcon.colcon_core.package_identification:_identify(data/tmp/1781444841_CG) by extension 'ros'
[0.454s] Level 1:colcon.colcon_core.package_identification:_identify(data/tmp/1781444841_CG) by extensions ['cmake', 'python']
[0.454s] Level 1:colcon.colcon_core.package_identification:_identify(data/tmp/1781444841_CG) by extension 'cmake'
[0.454s] Level 1:colcon.colcon_core.package_identification:_identify(data/tmp/1781444841_CG) by extension 'python'
[0.454s] Level 1:colcon.colcon_core.package_identification:_identify(data/tmp/1781444841_CG) by extensions ['python_setup_py']
[0.454s] Level 1:colcon.colcon_core.package_identification:_identify(data/tmp/1781444841_CG) by extension 'python_setup_py'
[0.454s] Level 1:colcon.colcon_core.package_identification:_identify(data/tmp/1781444847_CG) by extensions ['ignore', 'ignore_ament_install']
[0.454s] Level 1:colcon.colcon_core.package_identification:_identify(data/tmp/1781444847_CG) by extension 'ignore'
[0.454s] Level 1:colcon.colcon_core.package_identification:_identify(data/tmp/1781444847_CG) by extension 'ignore_ament_install'
[0.454s] Level 1:colcon.colcon_core.package_identification:_identify(data/tmp/1781444847_CG) by extensions ['colcon_pkg']
[0.454s] Level 1:colcon.colcon_core.package_identification:_identify(data/tmp/1781444847_CG) by extension 'colcon_pkg'
[0.454s] Level 1:colcon.colcon_core.package_identification:_identify(data/tmp/1781444847_CG) by extensions ['colcon_meta']
[0.454s] Level 1:colcon.colcon_core.package_identification:_identify(data/tmp/1781444847_CG) by extension 'colcon_meta'
[0.454s] Level 1:colcon.colcon_core.package_identification:_identify(data/tmp/1781444847_CG) by extensions ['ros']
[0.454s] Level 1:colcon.colcon_core.package_identification:_identify(data/tmp/1781444847_CG) by extension 'ros'
[0.454s] Level 1:colcon.colcon_core.package_identification:_identify(data/tmp/1781444847_CG) by extensions ['cmake', 'python']
[0.454s] Level 1:colcon.colcon_core.package_identification:_identify(data/tmp/1781444847_CG) by extension 'cmake'
[0.454s] Level 1:colcon.colcon_core.package_identification:_identify(data/tmp/1781444847_CG) by extension 'python'
[0.454s] Level 1:colcon.colcon_core.package_identification:_identify(data/tmp/1781444847_CG) by extensions ['python_setup_py']
[0.454s] Level 1:colcon.colcon_core.package_identification:_identify(data/tmp/1781444847_CG) by extension 'python_setup_py'
[0.454s] Level 1:colcon.colcon_core.package_identification:_identify(data/tmp/1781444853_CG) by extensions ['ignore', 'ignore_ament_install']
[0.454s] Level 1:colcon.colcon_core.package_identification:_identify(data/tmp/1781444853_CG) by extension 'ignore'
[0.454s] Level 1:colcon.colcon_core.package_identification:_identify(data/tmp/1781444853_CG) by extension 'ignore_ament_install'
[0.454s] Level 1:colcon.colcon_core.package_identification:_identify(data/tmp/1781444853_CG) by extensions ['colcon_pkg']
[0.454s] Level 1:colcon.colcon_core.package_identification:_identify(data/tmp/1781444853_CG) by extension 'colcon_pkg'
[0.455s] Level 1:colcon.colcon_core.package_identification:_identify(data/tmp/1781444853_CG) by extensions ['colcon_meta']
[0.455s] Level 1:colcon.colcon_core.package_identification:_identify(data/tmp/1781444853_CG) by extension 'colcon_meta'
[0.455s] Level 1:colcon.colcon_core.package_identification:_identify(data/tmp/1781444853_CG) by extensions ['ros']
[0.455s] Level 1:colcon.colcon_core.package_identification:_identify(data/tmp/1781444853_CG) by extension 'ros'
[0.455s] Level 1:colcon.colcon_core.package_identification:_identify(data/tmp/1781444853_CG) by extensions ['cmake', 'python']
[0.455s] Level 1:colcon.colcon_core.package_identification:_identify(data/tmp/1781444853_CG) by extension 'cmake'
[0.455s] Level 1:colcon.colcon_core.package_identification:_identify(data/tmp/1781444853_CG) by extension 'python'
[0.455s] Level 1:colcon.colcon_core.package_identification:_identify(data/tmp/1781444853_CG) by extensions ['python_setup_py']
[0.455s] Level 1:colcon.colcon_core.package_identification:_identify(data/tmp/1781444853_CG) by extension 'python_setup_py'
[0.455s] Level 1:colcon.colcon_core.package_identification:_identify(data/tmp/1781445353_CG) by extensions ['ignore', 'ignore_ament_install']
[0.455s] Level 1:colcon.colcon_core.package_identification:_identify(data/tmp/1781445353_CG) by extension 'ignore'
[0.455s] Level 1:colcon.colcon_core.package_identification:_identify(data/tmp/1781445353_CG) by extension 'ignore_ament_install'
[0.455s] Level 1:colcon.colcon_core.package_identification:_identify(data/tmp/1781445353_CG) by extensions ['colcon_pkg']
[0.455s] Level 1:colcon.colcon_core.package_identification:_identify(data/tmp/1781445353_CG) by extension 'colcon_pkg'
[0.455s] Level 1:colcon.colcon_core.package_identification:_identify(data/tmp/1781445353_CG) by extensions ['colcon_meta']
[0.455s] Level 1:colcon.colcon_core.package_identification:_identify(data/tmp/1781445353_CG) by extension 'colcon_meta'
[0.455s] Level 1:colcon.colcon_core.package_identification:_identify(data/tmp/1781445353_CG) by extensions ['ros']
[0.455s] Level 1:colcon.colcon_core.package_identification:_identify(data/tmp/1781445353_CG) by extension 'ros'
[0.455s] Level 1:colcon.colcon_core.package_identification:_identify(data/tmp/1781445353_CG) by extensions ['cmake', 'python']
[0.455s] Level 1:colcon.colcon_core.package_identification:_identify(data/tmp/1781445353_CG) by extension 'cmake'
[0.455s] Level 1:colcon.colcon_core.package_identification:_identify(data/tmp/1781445353_CG) by extension 'python'
[0.455s] Level 1:colcon.colcon_core.package_identification:_identify(data/tmp/1781445353_CG) by extensions ['python_setup_py']
[0.455s] Level 1:colcon.colcon_core.package_identification:_identify(data/tmp/1781445353_CG) by extension 'python_setup_py'
[0.455s] Level 1:colcon.colcon_core.package_identification:_identify(data/tmp/1781448937_CG) by extensions ['ignore', 'ignore_ament_install']
[0.456s] Level 1:colcon.colcon_core.package_identification:_identify(data/tmp/1781448937_CG) by extension 'ignore'
[0.456s] Level 1:colcon.colcon_core.package_identification:_identify(data/tmp/1781448937_CG) by extension 'ignore_ament_install'
[0.456s] Level 1:colcon.colcon_core.package_identification:_identify(data/tmp/1781448937_CG) by extensions ['colcon_pkg']
[0.456s] Level 1:colcon.colcon_core.package_identification:_identify(data/tmp/1781448937_CG) by extension 'colcon_pkg'
[0.456s] Level 1:colcon.colcon_core.package_identification:_identify(data/tmp/1781448937_CG) by extensions ['colcon_meta']
[0.456s] Level 1:colcon.colcon_core.package_identification:_identify(data/tmp/1781448937_CG) by extension 'colcon_meta'
[0.456s] Level 1:colcon.colcon_core.package_identification:_identify(data/tmp/1781448937_CG) by extensions ['ros']
[0.456s] Level 1:colcon.colcon_core.package_identification:_identify(data/tmp/1781448937_CG) by extension 'ros'
[0.456s] Level 1:colcon.colcon_core.package_identification:_identify(data/tmp/1781448937_CG) by extensions ['cmake', 'python']
[0.456s] Level 1:colcon.colcon_core.package_identification:_identify(data/tmp/1781448937_CG) by extension 'cmake'
[0.456s] Level 1:colcon.colcon_core.package_identification:_identify(data/tmp/1781448937_CG) by extension 'python'
[0.456s] Level 1:colcon.colcon_core.package_identification:_identify(data/tmp/1781448937_CG) by extensions ['python_setup_py']
[0.456s] Level 1:colcon.colcon_core.package_identification:_identify(data/tmp/1781448937_CG) by extension 'python_setup_py'
[0.456s] Level 1:colcon.colcon_core.package_identification:_identify(data/tmp/1781510657_CG) by extensions ['ignore', 'ignore_ament_install']
[0.456s] Level 1:colcon.colcon_core.package_identification:_identify(data/tmp/1781510657_CG) by extension 'ignore'
[0.456s] Level 1:colcon.colcon_core.package_identification:_identify(data/tmp/1781510657_CG) by extension 'ignore_ament_install'
[0.456s] Level 1:colcon.colcon_core.package_identification:_identify(data/tmp/1781510657_CG) by extensions ['colcon_pkg']
[0.456s] Level 1:colcon.colcon_core.package_identification:_identify(data/tmp/1781510657_CG) by extension 'colcon_pkg'
[0.456s] Level 1:colcon.colcon_core.package_identification:_identify(data/tmp/1781510657_CG) by extensions ['colcon_meta']
[0.456s] Level 1:colcon.colcon_core.package_identification:_identify(data/tmp/1781510657_CG) by extension 'colcon_meta'
[0.456s] Level 1:colcon.colcon_core.package_identification:_identify(data/tmp/1781510657_CG) by extensions ['ros']
[0.456s] Level 1:colcon.colcon_core.package_identification:_identify(data/tmp/1781510657_CG) by extension 'ros'
[0.456s] Level 1:colcon.colcon_core.package_identification:_identify(data/tmp/1781510657_CG) by extensions ['cmake', 'python']
[0.456s] Level 1:colcon.colcon_core.package_identification:_identify(data/tmp/1781510657_CG) by extension 'cmake'
[0.456s] Level 1:colcon.colcon_core.package_identification:_identify(data/tmp/1781510657_CG) by extension 'python'
[0.456s] Level 1:colcon.colcon_core.package_identification:_identify(data/tmp/1781510657_CG) by extensions ['python_setup_py']
[0.456s] Level 1:colcon.colcon_core.package_identification:_identify(data/tmp/1781510657_CG) by extension 'python_setup_py'
[0.456s] Level 1:colcon.colcon_core.package_identification:_identify(data/tmp/1781510723_CG) by extensions ['ignore', 'ignore_ament_install']
[0.456s] Level 1:colcon.colcon_core.package_identification:_identify(data/tmp/1781510723_CG) by extension 'ignore'
[0.457s] Level 1:colcon.colcon_core.package_identification:_identify(data/tmp/1781510723_CG) by extension 'ignore_ament_install'
[0.457s] Level 1:colcon.colcon_core.package_identification:_identify(data/tmp/1781510723_CG) by extensions ['colcon_pkg']
[0.457s] Level 1:colcon.colcon_core.package_identification:_identify(data/tmp/1781510723_CG) by extension 'colcon_pkg'
[0.457s] Level 1:colcon.colcon_core.package_identification:_identify(data/tmp/1781510723_CG) by extensions ['colcon_meta']
[0.457s] Level 1:colcon.colcon_core.package_identification:_identify(data/tmp/1781510723_CG) by extension 'colcon_meta'
[0.457s] Level 1:colcon.colcon_core.package_identification:_identify(data/tmp/1781510723_CG) by extensions ['ros']
[0.457s] Level 1:colcon.colcon_core.package_identification:_identify(data/tmp/1781510723_CG) by extension 'ros'
[0.457s] Level 1:colcon.colcon_core.package_identification:_identify(data/tmp/1781510723_CG) by extensions ['cmake', 'python']
[0.457s] Level 1:colcon.colcon_core.package_identification:_identify(data/tmp/1781510723_CG) by extension 'cmake'
[0.457s] Level 1:colcon.colcon_core.package_identification:_identify(data/tmp/1781510723_CG) by extension 'python'
[0.457s] Level 1:colcon.colcon_core.package_identification:_identify(data/tmp/1781510723_CG) by extensions ['python_setup_py']
[0.457s] Level 1:colcon.colcon_core.package_identification:_identify(data/tmp/1781510723_CG) by extension 'python_setup_py'
[0.457s] Level 1:colcon.colcon_core.package_identification:_identify(data/tmp/1781510772_CG) by extensions ['ignore', 'ignore_ament_install']
[0.457s] Level 1:colcon.colcon_core.package_identification:_identify(data/tmp/1781510772_CG) by extension 'ignore'
[0.457s] Level 1:colcon.colcon_core.package_identification:_identify(data/tmp/1781510772_CG) by extension 'ignore_ament_install'
[0.457s] Level 1:colcon.colcon_core.package_identification:_identify(data/tmp/1781510772_CG) by extensions ['colcon_pkg']
[0.457s] Level 1:colcon.colcon_core.package_identification:_identify(data/tmp/1781510772_CG) by extension 'colcon_pkg'
[0.457s] Level 1:colcon.colcon_core.package_identification:_identify(data/tmp/1781510772_CG) by extensions ['colcon_meta']
[0.457s] Level 1:colcon.colcon_core.package_identification:_identify(data/tmp/1781510772_CG) by extension 'colcon_meta'
[0.457s] Level 1:colcon.colcon_core.package_identification:_identify(data/tmp/1781510772_CG) by extensions ['ros']
[0.457s] Level 1:colcon.colcon_core.package_identification:_identify(data/tmp/1781510772_CG) by extension 'ros'
[0.457s] Level 1:colcon.colcon_core.package_identification:_identify(data/tmp/1781510772_CG) by extensions ['cmake', 'python']
[0.457s] Level 1:colcon.colcon_core.package_identification:_identify(data/tmp/1781510772_CG) by extension 'cmake'
[0.457s] Level 1:colcon.colcon_core.package_identification:_identify(data/tmp/1781510772_CG) by extension 'python'
[0.457s] Level 1:colcon.colcon_core.package_identification:_identify(data/tmp/1781510772_CG) by extensions ['python_setup_py']
[0.457s] Level 1:colcon.colcon_core.package_identification:_identify(data/tmp/1781510772_CG) by extension 'python_setup_py'
[0.457s] Level 1:colcon.colcon_core.package_identification:_identify(data/tmp/1781511889_CG) by extensions ['ignore', 'ignore_ament_install']
[0.457s] Level 1:colcon.colcon_core.package_identification:_identify(data/tmp/1781511889_CG) by extension 'ignore'
[0.458s] Level 1:colcon.colcon_core.package_identification:_identify(data/tmp/1781511889_CG) by extension 'ignore_ament_install'
[0.458s] Level 1:colcon.colcon_core.package_identification:_identify(data/tmp/1781511889_CG) by extensions ['colcon_pkg']
[0.458s] Level 1:colcon.colcon_core.package_identification:_identify(data/tmp/1781511889_CG) by extension 'colcon_pkg'
[0.458s] Level 1:colcon.colcon_core.package_identification:_identify(data/tmp/1781511889_CG) by extensions ['colcon_meta']
[0.458s] Level 1:colcon.colcon_core.package_identification:_identify(data/tmp/1781511889_CG) by extension 'colcon_meta'
[0.458s] Level 1:colcon.colcon_core.package_identification:_identify(data/tmp/1781511889_CG) by extensions ['ros']
[0.458s] Level 1:colcon.colcon_core.package_identification:_identify(data/tmp/1781511889_CG) by extension 'ros'
[0.458s] Level 1:colcon.colcon_core.package_identification:_identify(data/tmp/1781511889_CG) by extensions ['cmake', 'python']
[0.458s] Level 1:colcon.colcon_core.package_identification:_identify(data/tmp/1781511889_CG) by extension 'cmake'
[0.458s] Level 1:colcon.colcon_core.package_identification:_identify(data/tmp/1781511889_CG) by extension 'python'
[0.458s] Level 1:colcon.colcon_core.package_identification:_identify(data/tmp/1781511889_CG) by extensions ['python_setup_py']
[0.458s] Level 1:colcon.colcon_core.package_identification:_identify(data/tmp/1781511889_CG) by extension 'python_setup_py'
[0.458s] Level 1:colcon.colcon_core.package_identification:_identify(data/tmp/1781511930_CG) by extensions ['ignore', 'ignore_ament_install']
[0.458s] Level 1:colcon.colcon_core.package_identification:_identify(data/tmp/1781511930_CG) by extension 'ignore'
[0.458s] Level 1:colcon.colcon_core.package_identification:_identify(data/tmp/1781511930_CG) by extension 'ignore_ament_install'
[0.458s] Level 1:colcon.colcon_core.package_identification:_identify(data/tmp/1781511930_CG) by extensions ['colcon_pkg']
[0.458s] Level 1:colcon.colcon_core.package_identification:_identify(data/tmp/1781511930_CG) by extension 'colcon_pkg'
[0.458s] Level 1:colcon.colcon_core.package_identification:_identify(data/tmp/1781511930_CG) by extensions ['colcon_meta']
[0.458s] Level 1:colcon.colcon_core.package_identification:_identify(data/tmp/1781511930_CG) by extension 'colcon_meta'
[0.458s] Level 1:colcon.colcon_core.package_identification:_identify(data/tmp/1781511930_CG) by extensions ['ros']
[0.458s] Level 1:colcon.colcon_core.package_identification:_identify(data/tmp/1781511930_CG) by extension 'ros'
[0.458s] Level 1:colcon.colcon_core.package_identification:_identify(data/tmp/1781511930_CG) by extensions ['cmake', 'python']
[0.458s] Level 1:colcon.colcon_core.package_identification:_identify(data/tmp/1781511930_CG) by extension 'cmake'
[0.458s] Level 1:colcon.colcon_core.package_identification:_identify(data/tmp/1781511930_CG) by extension 'python'
[0.458s] Level 1:colcon.colcon_core.package_identification:_identify(data/tmp/1781511930_CG) by extensions ['python_setup_py']
[0.458s] Level 1:colcon.colcon_core.package_identification:_identify(data/tmp/1781511930_CG) by extension 'python_setup_py'
[0.458s] Level 1:colcon.colcon_core.package_identification:_identify(data/tmp/1781512007_CG) by extensions ['ignore', 'ignore_ament_install']
[0.458s] Level 1:colcon.colcon_core.package_identification:_identify(data/tmp/1781512007_CG) by extension 'ignore'
[0.459s] Level 1:colcon.colcon_core.package_identification:_identify(data/tmp/1781512007_CG) by extension 'ignore_ament_install'
[0.459s] Level 1:colcon.colcon_core.package_identification:_identify(data/tmp/1781512007_CG) by extensions ['colcon_pkg']
[0.459s] Level 1:colcon.colcon_core.package_identification:_identify(data/tmp/1781512007_CG) by extension 'colcon_pkg'
[0.459s] Level 1:colcon.colcon_core.package_identification:_identify(data/tmp/1781512007_CG) by extensions ['colcon_meta']
[0.459s] Level 1:colcon.colcon_core.package_identification:_identify(data/tmp/1781512007_CG) by extension 'colcon_meta'
[0.459s] Level 1:colcon.colcon_core.package_identification:_identify(data/tmp/1781512007_CG) by extensions ['ros']
[0.459s] Level 1:colcon.colcon_core.package_identification:_identify(data/tmp/1781512007_CG) by extension 'ros'
[0.459s] Level 1:colcon.colcon_core.package_identification:_identify(data/tmp/1781512007_CG) by extensions ['cmake', 'python']
[0.459s] Level 1:colcon.colcon_core.package_identification:_identify(data/tmp/1781512007_CG) by extension 'cmake'
[0.459s] Level 1:colcon.colcon_core.package_identification:_identify(data/tmp/1781512007_CG) by extension 'python'
[0.459s] Level 1:colcon.colcon_core.package_identification:_identify(data/tmp/1781512007_CG) by extensions ['python_setup_py']
[0.459s] Level 1:colcon.colcon_core.package_identification:_identify(data/tmp/1781512007_CG) by extension 'python_setup_py'
[0.459s] Level 1:colcon.colcon_core.package_identification:_identify(data/tmp/1781512044_CG) by extensions ['ignore', 'ignore_ament_install']
[0.459s] Level 1:colcon.colcon_core.package_identification:_identify(data/tmp/1781512044_CG) by extension 'ignore'
[0.459s] Level 1:colcon.colcon_core.package_identification:_identify(data/tmp/1781512044_CG) by extension 'ignore_ament_install'
[0.459s] Level 1:colcon.colcon_core.package_identification:_identify(data/tmp/1781512044_CG) by extensions ['colcon_pkg']
[0.459s] Level 1:colcon.colcon_core.package_identification:_identify(data/tmp/1781512044_CG) by extension 'colcon_pkg'
[0.459s] Level 1:colcon.colcon_core.package_identification:_identify(data/tmp/1781512044_CG) by extensions ['colcon_meta']
[0.459s] Level 1:colcon.colcon_core.package_identification:_identify(data/tmp/1781512044_CG) by extension 'colcon_meta'
[0.459s] Level 1:colcon.colcon_core.package_identification:_identify(data/tmp/1781512044_CG) by extensions ['ros']
[0.459s] Level 1:colcon.colcon_core.package_identification:_identify(data/tmp/1781512044_CG) by extension 'ros'
[0.459s] Level 1:colcon.colcon_core.package_identification:_identify(data/tmp/1781512044_CG) by extensions ['cmake', 'python']
[0.459s] Level 1:colcon.colcon_core.package_identification:_identify(data/tmp/1781512044_CG) by extension 'cmake'
[0.459s] Level 1:colcon.colcon_core.package_identification:_identify(data/tmp/1781512044_CG) by extension 'python'
[0.459s] Level 1:colcon.colcon_core.package_identification:_identify(data/tmp/1781512044_CG) by extensions ['python_setup_py']
[0.459s] Level 1:colcon.colcon_core.package_identification:_identify(data/tmp/1781512044_CG) by extension 'python_setup_py'
[0.459s] Level 1:colcon.colcon_core.package_identification:_identify(data/tmp/1781512057_CG) by extensions ['ignore', 'ignore_ament_install']
[0.459s] Level 1:colcon.colcon_core.package_identification:_identify(data/tmp/1781512057_CG) by extension 'ignore'
[0.460s] Level 1:colcon.colcon_core.package_identification:_identify(data/tmp/1781512057_CG) by extension 'ignore_ament_install'
[0.460s] Level 1:colcon.colcon_core.package_identification:_identify(data/tmp/1781512057_CG) by extensions ['colcon_pkg']
[0.460s] Level 1:colcon.colcon_core.package_identification:_identify(data/tmp/1781512057_CG) by extension 'colcon_pkg'
[0.460s] Level 1:colcon.colcon_core.package_identification:_identify(data/tmp/1781512057_CG) by extensions ['colcon_meta']
[0.460s] Level 1:colcon.colcon_core.package_identification:_identify(data/tmp/1781512057_CG) by extension 'colcon_meta'
[0.460s] Level 1:colcon.colcon_core.package_identification:_identify(data/tmp/1781512057_CG) by extensions ['ros']
[0.460s] Level 1:colcon.colcon_core.package_identification:_identify(data/tmp/1781512057_CG) by extension 'ros'
[0.460s] Level 1:colcon.colcon_core.package_identification:_identify(data/tmp/1781512057_CG) by extensions ['cmake', 'python']
[0.460s] Level 1:colcon.colcon_core.package_identification:_identify(data/tmp/1781512057_CG) by extension 'cmake'
[0.460s] Level 1:colcon.colcon_core.package_identification:_identify(data/tmp/1781512057_CG) by extension 'python'
[0.460s] Level 1:colcon.colcon_core.package_identification:_identify(data/tmp/1781512057_CG) by extensions ['python_setup_py']
[0.460s] Level 1:colcon.colcon_core.package_identification:_identify(data/tmp/1781512057_CG) by extension 'python_setup_py'
[0.460s] Level 1:colcon.colcon_core.package_identification:_identify(data/tmp/1781512110_CG) by extensions ['ignore', 'ignore_ament_install']
[0.460s] Level 1:colcon.colcon_core.package_identification:_identify(data/tmp/1781512110_CG) by extension 'ignore'
[0.460s] Level 1:colcon.colcon_core.package_identification:_identify(data/tmp/1781512110_CG) by extension 'ignore_ament_install'
[0.460s] Level 1:colcon.colcon_core.package_identification:_identify(data/tmp/1781512110_CG) by extensions ['colcon_pkg']
[0.460s] Level 1:colcon.colcon_core.package_identification:_identify(data/tmp/1781512110_CG) by extension 'colcon_pkg'
[0.460s] Level 1:colcon.colcon_core.package_identification:_identify(data/tmp/1781512110_CG) by extensions ['colcon_meta']
[0.460s] Level 1:colcon.colcon_core.package_identification:_identify(data/tmp/1781512110_CG) by extension 'colcon_meta'
[0.460s] Level 1:colcon.colcon_core.package_identification:_identify(data/tmp/1781512110_CG) by extensions ['ros']
[0.460s] Level 1:colcon.colcon_core.package_identification:_identify(data/tmp/1781512110_CG) by extension 'ros'
[0.460s] Level 1:colcon.colcon_core.package_identification:_identify(data/tmp/1781512110_CG) by extensions ['cmake', 'python']
[0.460s] Level 1:colcon.colcon_core.package_identification:_identify(data/tmp/1781512110_CG) by extension 'cmake'
[0.460s] Level 1:colcon.colcon_core.package_identification:_identify(data/tmp/1781512110_CG) by extension 'python'
[0.460s] Level 1:colcon.colcon_core.package_identification:_identify(data/tmp/1781512110_CG) by extensions ['python_setup_py']
[0.460s] Level 1:colcon.colcon_core.package_identification:_identify(data/tmp/1781512110_CG) by extension 'python_setup_py'
[0.460s] Level 1:colcon.colcon_core.package_identification:_identify(data/tmp/1781512168_CG) by extensions ['ignore', 'ignore_ament_install']
[0.460s] Level 1:colcon.colcon_core.package_identification:_identify(data/tmp/1781512168_CG) by extension 'ignore'
[0.460s] Level 1:colcon.colcon_core.package_identification:_identify(data/tmp/1781512168_CG) by extension 'ignore_ament_install'
[0.461s] Level 1:colcon.colcon_core.package_identification:_identify(data/tmp/1781512168_CG) by extensions ['colcon_pkg']
[0.461s] Level 1:colcon.colcon_core.package_identification:_identify(data/tmp/1781512168_CG) by extension 'colcon_pkg'
[0.461s] Level 1:colcon.colcon_core.package_identification:_identify(data/tmp/1781512168_CG) by extensions ['colcon_meta']
[0.461s] Level 1:colcon.colcon_core.package_identification:_identify(data/tmp/1781512168_CG) by extension 'colcon_meta'
[0.461s] Level 1:colcon.colcon_core.package_identification:_identify(data/tmp/1781512168_CG) by extensions ['ros']
[0.461s] Level 1:colcon.colcon_core.package_identification:_identify(data/tmp/1781512168_CG) by extension 'ros'
[0.461s] Level 1:colcon.colcon_core.package_identification:_identify(data/tmp/1781512168_CG) by extensions ['cmake', 'python']
[0.461s] Level 1:colcon.colcon_core.package_identification:_identify(data/tmp/1781512168_CG) by extension 'cmake'
[0.461s] Level 1:colcon.colcon_core.package_identification:_identify(data/tmp/1781512168_CG) by extension 'python'
[0.461s] Level 1:colcon.colcon_core.package_identification:_identify(data/tmp/1781512168_CG) by extensions ['python_setup_py']
[0.461s] Level 1:colcon.colcon_core.package_identification:_identify(data/tmp/1781512168_CG) by extension 'python_setup_py'
[0.461s] Level 1:colcon.colcon_core.package_identification:_identify(data/tmp/1781512233_CG) by extensions ['ignore', 'ignore_ament_install']
[0.461s] Level 1:colcon.colcon_core.package_identification:_identify(data/tmp/1781512233_CG) by extension 'ignore'
[0.461s] Level 1:colcon.colcon_core.package_identification:_identify(data/tmp/1781512233_CG) by extension 'ignore_ament_install'
[0.461s] Level 1:colcon.colcon_core.package_identification:_identify(data/tmp/1781512233_CG) by extensions ['colcon_pkg']
[0.461s] Level 1:colcon.colcon_core.package_identification:_identify(data/tmp/1781512233_CG) by extension 'colcon_pkg'
[0.461s] Level 1:colcon.colcon_core.package_identification:_identify(data/tmp/1781512233_CG) by extensions ['colcon_meta']
[0.461s] Level 1:colcon.colcon_core.package_identification:_identify(data/tmp/1781512233_CG) by extension 'colcon_meta'
[0.461s] Level 1:colcon.colcon_core.package_identification:_identify(data/tmp/1781512233_CG) by extensions ['ros']
[0.461s] Level 1:colcon.colcon_core.package_identification:_identify(data/tmp/1781512233_CG) by extension 'ros'
[0.461s] Level 1:colcon.colcon_core.package_identification:_identify(data/tmp/1781512233_CG) by extensions ['cmake', 'python']
[0.461s] Level 1:colcon.colcon_core.package_identification:_identify(data/tmp/1781512233_CG) by extension 'cmake'
[0.461s] Level 1:colcon.colcon_core.package_identification:_identify(data/tmp/1781512233_CG) by extension 'python'
[0.461s] Level 1:colcon.colcon_core.package_identification:_identify(data/tmp/1781512233_CG) by extensions ['python_setup_py']
[0.461s] Level 1:colcon.colcon_core.package_identification:_identify(data/tmp/1781512233_CG) by extension 'python_setup_py'
[0.461s] Level 1:colcon.colcon_core.package_identification:_identify(data/tmp/1781512267_CG) by extensions ['ignore', 'ignore_ament_install']
[0.461s] Level 1:colcon.colcon_core.package_identification:_identify(data/tmp/1781512267_CG) by extension 'ignore'
[0.461s] Level 1:colcon.colcon_core.package_identification:_identify(data/tmp/1781512267_CG) by extension 'ignore_ament_install'
[0.462s] Level 1:colcon.colcon_core.package_identification:_identify(data/tmp/1781512267_CG) by extensions ['colcon_pkg']
[0.462s] Level 1:colcon.colcon_core.package_identification:_identify(data/tmp/1781512267_CG) by extension 'colcon_pkg'
[0.462s] Level 1:colcon.colcon_core.package_identification:_identify(data/tmp/1781512267_CG) by extensions ['colcon_meta']
[0.462s] Level 1:colcon.colcon_core.package_identification:_identify(data/tmp/1781512267_CG) by extension 'colcon_meta'
[0.462s] Level 1:colcon.colcon_core.package_identification:_identify(data/tmp/1781512267_CG) by extensions ['ros']
[0.462s] Level 1:colcon.colcon_core.package_identification:_identify(data/tmp/1781512267_CG) by extension 'ros'
[0.462s] Level 1:colcon.colcon_core.package_identification:_identify(data/tmp/1781512267_CG) by extensions ['cmake', 'python']
[0.462s] Level 1:colcon.colcon_core.package_identification:_identify(data/tmp/1781512267_CG) by extension 'cmake'
[0.462s] Level 1:colcon.colcon_core.package_identification:_identify(data/tmp/1781512267_CG) by extension 'python'
[0.462s] Level 1:colcon.colcon_core.package_identification:_identify(data/tmp/1781512267_CG) by extensions ['python_setup_py']
[0.462s] Level 1:colcon.colcon_core.package_identification:_identify(data/tmp/1781512267_CG) by extension 'python_setup_py'
[0.462s] Level 1:colcon.colcon_core.package_identification:_identify(data/tmp/1781512285_CG) by extensions ['ignore', 'ignore_ament_install']
[0.462s] Level 1:colcon.colcon_core.package_identification:_identify(data/tmp/1781512285_CG) by extension 'ignore'
[0.462s] Level 1:colcon.colcon_core.package_identification:_identify(data/tmp/1781512285_CG) by extension 'ignore_ament_install'
[0.462s] Level 1:colcon.colcon_core.package_identification:_identify(data/tmp/1781512285_CG) by extensions ['colcon_pkg']
[0.462s] Level 1:colcon.colcon_core.package_identification:_identify(data/tmp/1781512285_CG) by extension 'colcon_pkg'
[0.462s] Level 1:colcon.colcon_core.package_identification:_identify(data/tmp/1781512285_CG) by extensions ['colcon_meta']
[0.462s] Level 1:colcon.colcon_core.package_identification:_identify(data/tmp/1781512285_CG) by extension 'colcon_meta'
[0.462s] Level 1:colcon.colcon_core.package_identification:_identify(data/tmp/1781512285_CG) by extensions ['ros']
[0.462s] Level 1:colcon.colcon_core.package_identification:_identify(data/tmp/1781512285_CG) by extension 'ros'
[0.462s] Level 1:colcon.colcon_core.package_identification:_identify(data/tmp/1781512285_CG) by extensions ['cmake', 'python']
[0.462s] Level 1:colcon.colcon_core.package_identification:_identify(data/tmp/1781512285_CG) by extension 'cmake'
[0.462s] Level 1:colcon.colcon_core.package_identification:_identify(data/tmp/1781512285_CG) by extension 'python'
[0.462s] Level 1:colcon.colcon_core.package_identification:_identify(data/tmp/1781512285_CG) by extensions ['python_setup_py']
[0.462s] Level 1:colcon.colcon_core.package_identification:_identify(data/tmp/1781512285_CG) by extension 'python_setup_py'
[0.463s] Level 1:colcon.colcon_core.package_identification:_identify(data/tmp/1781512358_CG) by extensions ['ignore', 'ignore_ament_install']
[0.463s] Level 1:colcon.colcon_core.package_identification:_identify(data/tmp/1781512358_CG) by extension 'ignore'
[0.463s] Level 1:colcon.colcon_core.package_identification:_identify(data/tmp/1781512358_CG) by extension 'ignore_ament_install'
[0.463s] Level 1:colcon.colcon_core.package_identification:_identify(data/tmp/1781512358_CG) by extensions ['colcon_pkg']
[0.463s] Level 1:colcon.colcon_core.package_identification:_identify(data/tmp/1781512358_CG) by extension 'colcon_pkg'
[0.463s] Level 1:colcon.colcon_core.package_identification:_identify(data/tmp/1781512358_CG) by extensions ['colcon_meta']
[0.463s] Level 1:colcon.colcon_core.package_identification:_identify(data/tmp/1781512358_CG) by extension 'colcon_meta'
[0.463s] Level 1:colcon.colcon_core.package_identification:_identify(data/tmp/1781512358_CG) by extensions ['ros']
[0.463s] Level 1:colcon.colcon_core.package_identification:_identify(data/tmp/1781512358_CG) by extension 'ros'
[0.463s] Level 1:colcon.colcon_core.package_identification:_identify(data/tmp/1781512358_CG) by extensions ['cmake', 'python']
[0.463s] Level 1:colcon.colcon_core.package_identification:_identify(data/tmp/1781512358_CG) by extension 'cmake'
[0.463s] Level 1:colcon.colcon_core.package_identification:_identify(data/tmp/1781512358_CG) by extension 'python'
[0.463s] Level 1:colcon.colcon_core.package_identification:_identify(data/tmp/1781512358_CG) by extensions ['python_setup_py']
[0.463s] Level 1:colcon.colcon_core.package_identification:_identify(data/tmp/1781512358_CG) by extension 'python_setup_py'
[0.463s] Level 1:colcon.colcon_core.package_identification:_identify(data/tmp/1781512411_CG) by extensions ['ignore', 'ignore_ament_install']
[0.463s] Level 1:colcon.colcon_core.package_identification:_identify(data/tmp/1781512411_CG) by extension 'ignore'
[0.463s] Level 1:colcon.colcon_core.package_identification:_identify(data/tmp/1781512411_CG) by extension 'ignore_ament_install'
[0.463s] Level 1:colcon.colcon_core.package_identification:_identify(data/tmp/1781512411_CG) by extensions ['colcon_pkg']
[0.463s] Level 1:colcon.colcon_core.package_identification:_identify(data/tmp/1781512411_CG) by extension 'colcon_pkg'
[0.463s] Level 1:colcon.colcon_core.package_identification:_identify(data/tmp/1781512411_CG) by extensions ['colcon_meta']
[0.463s] Level 1:colcon.colcon_core.package_identification:_identify(data/tmp/1781512411_CG) by extension 'colcon_meta'
[0.463s] Level 1:colcon.colcon_core.package_identification:_identify(data/tmp/1781512411_CG) by extensions ['ros']
[0.463s] Level 1:colcon.colcon_core.package_identification:_identify(data/tmp/1781512411_CG) by extension 'ros'
[0.463s] Level 1:colcon.colcon_core.package_identification:_identify(data/tmp/1781512411_CG) by extensions ['cmake', 'python']
[0.463s] Level 1:colcon.colcon_core.package_identification:_identify(data/tmp/1781512411_CG) by extension 'cmake'
[0.463s] Level 1:colcon.colcon_core.package_identification:_identify(data/tmp/1781512411_CG) by extension 'python'
[0.463s] Level 1:colcon.colcon_core.package_identification:_identify(data/tmp/1781512411_CG) by extensions ['python_setup_py']
[0.463s] Level 1:colcon.colcon_core.package_identification:_identify(data/tmp/1781512411_CG) by extension 'python_setup_py'
[0.464s] Level 1:colcon.colcon_core.package_identification:_identify(data/tmp/1781513359_CG) by extensions ['ignore', 'ignore_ament_install']
[0.464s] Level 1:colcon.colcon_core.package_identification:_identify(data/tmp/1781513359_CG) by extension 'ignore'
[0.464s] Level 1:colcon.colcon_core.package_identification:_identify(data/tmp/1781513359_CG) by extension 'ignore_ament_install'
[0.464s] Level 1:colcon.colcon_core.package_identification:_identify(data/tmp/1781513359_CG) by extensions ['colcon_pkg']
[0.464s] Level 1:colcon.colcon_core.package_identification:_identify(data/tmp/1781513359_CG) by extension 'colcon_pkg'
[0.464s] Level 1:colcon.colcon_core.package_identification:_identify(data/tmp/1781513359_CG) by extensions ['colcon_meta']
[0.464s] Level 1:colcon.colcon_core.package_identification:_identify(data/tmp/1781513359_CG) by extension 'colcon_meta'
[0.464s] Level 1:colcon.colcon_core.package_identification:_identify(data/tmp/1781513359_CG) by extensions ['ros']
[0.464s] Level 1:colcon.colcon_core.package_identification:_identify(data/tmp/1781513359_CG) by extension 'ros'
[0.464s] Level 1:colcon.colcon_core.package_identification:_identify(data/tmp/1781513359_CG) by extensions ['cmake', 'python']
[0.464s] Level 1:colcon.colcon_core.package_identification:_identify(data/tmp/1781513359_CG) by extension 'cmake'
[0.464s] Level 1:colcon.colcon_core.package_identification:_identify(data/tmp/1781513359_CG) by extension 'python'
[0.464s] Level 1:colcon.colcon_core.package_identification:_identify(data/tmp/1781513359_CG) by extensions ['python_setup_py']
[0.464s] Level 1:colcon.colcon_core.package_identification:_identify(data/tmp/1781513359_CG) by extension 'python_setup_py'
[0.464s] Level 1:colcon.colcon_core.package_identification:_identify(data/tmp/1781513362_CG) by extensions ['ignore', 'ignore_ament_install']
[0.464s] Level 1:colcon.colcon_core.package_identification:_identify(data/tmp/1781513362_CG) by extension 'ignore'
[0.464s] Level 1:colcon.colcon_core.package_identification:_identify(data/tmp/1781513362_CG) by extension 'ignore_ament_install'
[0.464s] Level 1:colcon.colcon_core.package_identification:_identify(data/tmp/1781513362_CG) by extensions ['colcon_pkg']
[0.464s] Level 1:colcon.colcon_core.package_identification:_identify(data/tmp/1781513362_CG) by extension 'colcon_pkg'
[0.464s] Level 1:colcon.colcon_core.package_identification:_identify(data/tmp/1781513362_CG) by extensions ['colcon_meta']
[0.464s] Level 1:colcon.colcon_core.package_identification:_identify(data/tmp/1781513362_CG) by extension 'colcon_meta'
[0.464s] Level 1:colcon.colcon_core.package_identification:_identify(data/tmp/1781513362_CG) by extensions ['ros']
[0.464s] Level 1:colcon.colcon_core.package_identification:_identify(data/tmp/1781513362_CG) by extension 'ros'
[0.464s] Level 1:colcon.colcon_core.package_identification:_identify(data/tmp/1781513362_CG) by extensions ['cmake', 'python']
[0.464s] Level 1:colcon.colcon_core.package_identification:_identify(data/tmp/1781513362_CG) by extension 'cmake'
[0.464s] Level 1:colcon.colcon_core.package_identification:_identify(data/tmp/1781513362_CG) by extension 'python'
[0.464s] Level 1:colcon.colcon_core.package_identification:_identify(data/tmp/1781513362_CG) by extensions ['python_setup_py']
[0.465s] Level 1:colcon.colcon_core.package_identification:_identify(data/tmp/1781513362_CG) by extension 'python_setup_py'
[0.465s] Level 1:colcon.colcon_core.package_identification:_identify(data/tmp/1781513469_CG) by extensions ['ignore', 'ignore_ament_install']
[0.465s] Level 1:colcon.colcon_core.package_identification:_identify(data/tmp/1781513469_CG) by extension 'ignore'
[0.465s] Level 1:colcon.colcon_core.package_identification:_identify(data/tmp/1781513469_CG) by extension 'ignore_ament_install'
[0.465s] Level 1:colcon.colcon_core.package_identification:_identify(data/tmp/1781513469_CG) by extensions ['colcon_pkg']
[0.465s] Level 1:colcon.colcon_core.package_identification:_identify(data/tmp/1781513469_CG) by extension 'colcon_pkg'
[0.465s] Level 1:colcon.colcon_core.package_identification:_identify(data/tmp/1781513469_CG) by extensions ['colcon_meta']
[0.465s] Level 1:colcon.colcon_core.package_identification:_identify(data/tmp/1781513469_CG) by extension 'colcon_meta'
[0.465s] Level 1:colcon.colcon_core.package_identification:_identify(data/tmp/1781513469_CG) by extensions ['ros']
[0.465s] Level 1:colcon.colcon_core.package_identification:_identify(data/tmp/1781513469_CG) by extension 'ros'
[0.465s] Level 1:colcon.colcon_core.package_identification:_identify(data/tmp/1781513469_CG) by extensions ['cmake', 'python']
[0.465s] Level 1:colcon.colcon_core.package_identification:_identify(data/tmp/1781513469_CG) by extension 'cmake'
[0.465s] Level 1:colcon.colcon_core.package_identification:_identify(data/tmp/1781513469_CG) by extension 'python'
[0.465s] Level 1:colcon.colcon_core.package_identification:_identify(data/tmp/1781513469_CG) by extensions ['python_setup_py']
[0.465s] Level 1:colcon.colcon_core.package_identification:_identify(data/tmp/1781513469_CG) by extension 'python_setup_py'
[0.465s] Level 1:colcon.colcon_core.package_identification:_identify(data/tmp/1781513504_CG) by extensions ['ignore', 'ignore_ament_install']
[0.465s] Level 1:colcon.colcon_core.package_identification:_identify(data/tmp/1781513504_CG) by extension 'ignore'
[0.465s] Level 1:colcon.colcon_core.package_identification:_identify(data/tmp/1781513504_CG) by extension 'ignore_ament_install'
[0.465s] Level 1:colcon.colcon_core.package_identification:_identify(data/tmp/1781513504_CG) by extensions ['colcon_pkg']
[0.465s] Level 1:colcon.colcon_core.package_identification:_identify(data/tmp/1781513504_CG) by extension 'colcon_pkg'
[0.465s] Level 1:colcon.colcon_core.package_identification:_identify(data/tmp/1781513504_CG) by extensions ['colcon_meta']
[0.465s] Level 1:colcon.colcon_core.package_identification:_identify(data/tmp/1781513504_CG) by extension 'colcon_meta'
[0.465s] Level 1:colcon.colcon_core.package_identification:_identify(data/tmp/1781513504_CG) by extensions ['ros']
[0.465s] Level 1:colcon.colcon_core.package_identification:_identify(data/tmp/1781513504_CG) by extension 'ros'
[0.465s] Level 1:colcon.colcon_core.package_identification:_identify(data/tmp/1781513504_CG) by extensions ['cmake', 'python']
[0.465s] Level 1:colcon.colcon_core.package_identification:_identify(data/tmp/1781513504_CG) by extension 'cmake'
[0.465s] Level 1:colcon.colcon_core.package_identification:_identify(data/tmp/1781513504_CG) by extension 'python'
[0.466s] Level 1:colcon.colcon_core.package_identification:_identify(data/tmp/1781513504_CG) by extensions ['python_setup_py']
[0.466s] Level 1:colcon.colcon_core.package_identification:_identify(data/tmp/1781513504_CG) by extension 'python_setup_py'
[0.466s] Level 1:colcon.colcon_core.package_identification:_identify(data/tmp/1781518099_CG) by extensions ['ignore', 'ignore_ament_install']
[0.466s] Level 1:colcon.colcon_core.package_identification:_identify(data/tmp/1781518099_CG) by extension 'ignore'
[0.466s] Level 1:colcon.colcon_core.package_identification:_identify(data/tmp/1781518099_CG) by extension 'ignore_ament_install'
[0.466s] Level 1:colcon.colcon_core.package_identification:_identify(data/tmp/1781518099_CG) by extensions ['colcon_pkg']
[0.466s] Level 1:colcon.colcon_core.package_identification:_identify(data/tmp/1781518099_CG) by extension 'colcon_pkg'
[0.466s] Level 1:colcon.colcon_core.package_identification:_identify(data/tmp/1781518099_CG) by extensions ['colcon_meta']
[0.466s] Level 1:colcon.colcon_core.package_identification:_identify(data/tmp/1781518099_CG) by extension 'colcon_meta'
[0.466s] Level 1:colcon.colcon_core.package_identification:_identify(data/tmp/1781518099_CG) by extensions ['ros']
[0.466s] Level 1:colcon.colcon_core.package_identification:_identify(data/tmp/1781518099_CG) by extension 'ros'
[0.466s] Level 1:colcon.colcon_core.package_identification:_identify(data/tmp/1781518099_CG) by extensions ['cmake', 'python']
[0.466s] Level 1:colcon.colcon_core.package_identification:_identify(data/tmp/1781518099_CG) by extension 'cmake'
[0.466s] Level 1:colcon.colcon_core.package_identification:_identify(data/tmp/1781518099_CG) by extension 'python'
[0.466s] Level 1:colcon.colcon_core.package_identification:_identify(data/tmp/1781518099_CG) by extensions ['python_setup_py']
[0.466s] Level 1:colcon.colcon_core.package_identification:_identify(data/tmp/1781518099_CG) by extension 'python_setup_py'
[0.466s] Level 1:colcon.colcon_core.package_identification:_identify(data/tmp/1781518171_CG) by extensions ['ignore', 'ignore_ament_install']
[0.466s] Level 1:colcon.colcon_core.package_identification:_identify(data/tmp/1781518171_CG) by extension 'ignore'
[0.466s] Level 1:colcon.colcon_core.package_identification:_identify(data/tmp/1781518171_CG) by extension 'ignore_ament_install'
[0.466s] Level 1:colcon.colcon_core.package_identification:_identify(data/tmp/1781518171_CG) by extensions ['colcon_pkg']
[0.466s] Level 1:colcon.colcon_core.package_identification:_identify(data/tmp/1781518171_CG) by extension 'colcon_pkg'
[0.466s] Level 1:colcon.colcon_core.package_identification:_identify(data/tmp/1781518171_CG) by extensions ['colcon_meta']
[0.466s] Level 1:colcon.colcon_core.package_identification:_identify(data/tmp/1781518171_CG) by extension 'colcon_meta'
[0.466s] Level 1:colcon.colcon_core.package_identification:_identify(data/tmp/1781518171_CG) by extensions ['ros']
[0.466s] Level 1:colcon.colcon_core.package_identification:_identify(data/tmp/1781518171_CG) by extension 'ros'
[0.466s] Level 1:colcon.colcon_core.package_identification:_identify(data/tmp/1781518171_CG) by extensions ['cmake', 'python']
[0.466s] Level 1:colcon.colcon_core.package_identification:_identify(data/tmp/1781518171_CG) by extension 'cmake'
[0.467s] Level 1:colcon.colcon_core.package_identification:_identify(data/tmp/1781518171_CG) by extension 'python'
[0.467s] Level 1:colcon.colcon_core.package_identification:_identify(data/tmp/1781518171_CG) by extensions ['python_setup_py']
[0.467s] Level 1:colcon.colcon_core.package_identification:_identify(data/tmp/1781518171_CG) by extension 'python_setup_py'
[0.467s] Level 1:colcon.colcon_core.package_identification:_identify(data/tmp/1781518182_CG) by extensions ['ignore', 'ignore_ament_install']
[0.467s] Level 1:colcon.colcon_core.package_identification:_identify(data/tmp/1781518182_CG) by extension 'ignore'
[0.467s] Level 1:colcon.colcon_core.package_identification:_identify(data/tmp/1781518182_CG) by extension 'ignore_ament_install'
[0.467s] Level 1:colcon.colcon_core.package_identification:_identify(data/tmp/1781518182_CG) by extensions ['colcon_pkg']
[0.467s] Level 1:colcon.colcon_core.package_identification:_identify(data/tmp/1781518182_CG) by extension 'colcon_pkg'
[0.467s] Level 1:colcon.colcon_core.package_identification:_identify(data/tmp/1781518182_CG) by extensions ['colcon_meta']
[0.467s] Level 1:colcon.colcon_core.package_identification:_identify(data/tmp/1781518182_CG) by extension 'colcon_meta'
[0.467s] Level 1:colcon.colcon_core.package_identification:_identify(data/tmp/1781518182_CG) by extensions ['ros']
[0.467s] Level 1:colcon.colcon_core.package_identification:_identify(data/tmp/1781518182_CG) by extension 'ros'
[0.467s] Level 1:colcon.colcon_core.package_identification:_identify(data/tmp/1781518182_CG) by extensions ['cmake', 'python']
[0.467s] Level 1:colcon.colcon_core.package_identification:_identify(data/tmp/1781518182_CG) by extension 'cmake'
[0.467s] Level 1:colcon.colcon_core.package_identification:_identify(data/tmp/1781518182_CG) by extension 'python'
[0.467s] Level 1:colcon.colcon_core.package_identification:_identify(data/tmp/1781518182_CG) by extensions ['python_setup_py']
[0.467s] Level 1:colcon.colcon_core.package_identification:_identify(data/tmp/1781518182_CG) by extension 'python_setup_py'
[0.467s] Level 1:colcon.colcon_core.package_identification:_identify(data/tmp/1781518223_CG) by extensions ['ignore', 'ignore_ament_install']
[0.467s] Level 1:colcon.colcon_core.package_identification:_identify(data/tmp/1781518223_CG) by extension 'ignore'
[0.467s] Level 1:colcon.colcon_core.package_identification:_identify(data/tmp/1781518223_CG) by extension 'ignore_ament_install'
[0.467s] Level 1:colcon.colcon_core.package_identification:_identify(data/tmp/1781518223_CG) by extensions ['colcon_pkg']
[0.467s] Level 1:colcon.colcon_core.package_identification:_identify(data/tmp/1781518223_CG) by extension 'colcon_pkg'
[0.467s] Level 1:colcon.colcon_core.package_identification:_identify(data/tmp/1781518223_CG) by extensions ['colcon_meta']
[0.467s] Level 1:colcon.colcon_core.package_identification:_identify(data/tmp/1781518223_CG) by extension 'colcon_meta'
[0.467s] Level 1:colcon.colcon_core.package_identification:_identify(data/tmp/1781518223_CG) by extensions ['ros']
[0.467s] Level 1:colcon.colcon_core.package_identification:_identify(data/tmp/1781518223_CG) by extension 'ros'
[0.467s] Level 1:colcon.colcon_core.package_identification:_identify(data/tmp/1781518223_CG) by extensions ['cmake', 'python']
[0.468s] Level 1:colcon.colcon_core.package_identification:_identify(data/tmp/1781518223_CG) by extension 'cmake'
[0.468s] Level 1:colcon.colcon_core.package_identification:_identify(data/tmp/1781518223_CG) by extension 'python'
[0.468s] Level 1:colcon.colcon_core.package_identification:_identify(data/tmp/1781518223_CG) by extensions ['python_setup_py']
[0.468s] Level 1:colcon.colcon_core.package_identification:_identify(data/tmp/1781518223_CG) by extension 'python_setup_py'
[0.468s] Level 1:colcon.colcon_core.package_identification:_identify(data/tmp/1781518284_CG) by extensions ['ignore', 'ignore_ament_install']
[0.468s] Level 1:colcon.colcon_core.package_identification:_identify(data/tmp/1781518284_CG) by extension 'ignore'
[0.468s] Level 1:colcon.colcon_core.package_identification:_identify(data/tmp/1781518284_CG) by extension 'ignore_ament_install'
[0.468s] Level 1:colcon.colcon_core.package_identification:_identify(data/tmp/1781518284_CG) by extensions ['colcon_pkg']
[0.468s] Level 1:colcon.colcon_core.package_identification:_identify(data/tmp/1781518284_CG) by extension 'colcon_pkg'
[0.468s] Level 1:colcon.colcon_core.package_identification:_identify(data/tmp/1781518284_CG) by extensions ['colcon_meta']
[0.468s] Level 1:colcon.colcon_core.package_identification:_identify(data/tmp/1781518284_CG) by extension 'colcon_meta'
[0.468s] Level 1:colcon.colcon_core.package_identification:_identify(data/tmp/1781518284_CG) by extensions ['ros']
[0.468s] Level 1:colcon.colcon_core.package_identification:_identify(data/tmp/1781518284_CG) by extension 'ros'
[0.468s] Level 1:colcon.colcon_core.package_identification:_identify(data/tmp/1781518284_CG) by extensions ['cmake', 'python']
[0.468s] Level 1:colcon.colcon_core.package_identification:_identify(data/tmp/1781518284_CG) by extension 'cmake'
[0.468s] Level 1:colcon.colcon_core.package_identification:_identify(data/tmp/1781518284_CG) by extension 'python'
[0.468s] Level 1:colcon.colcon_core.package_identification:_identify(data/tmp/1781518284_CG) by extensions ['python_setup_py']
[0.468s] Level 1:colcon.colcon_core.package_identification:_identify(data/tmp/1781518284_CG) by extension 'python_setup_py'
[0.468s] Level 1:colcon.colcon_core.package_identification:_identify(data/tmp/1781518340_CG) by extensions ['ignore', 'ignore_ament_install']
[0.468s] Level 1:colcon.colcon_core.package_identification:_identify(data/tmp/1781518340_CG) by extension 'ignore'
[0.468s] Level 1:colcon.colcon_core.package_identification:_identify(data/tmp/1781518340_CG) by extension 'ignore_ament_install'
[0.468s] Level 1:colcon.colcon_core.package_identification:_identify(data/tmp/1781518340_CG) by extensions ['colcon_pkg']
[0.468s] Level 1:colcon.colcon_core.package_identification:_identify(data/tmp/1781518340_CG) by extension 'colcon_pkg'
[0.468s] Level 1:colcon.colcon_core.package_identification:_identify(data/tmp/1781518340_CG) by extensions ['colcon_meta']
[0.468s] Level 1:colcon.colcon_core.package_identification:_identify(data/tmp/1781518340_CG) by extension 'colcon_meta'
[0.468s] Level 1:colcon.colcon_core.package_identification:_identify(data/tmp/1781518340_CG) by extensions ['ros']
[0.468s] Level 1:colcon.colcon_core.package_identification:_identify(data/tmp/1781518340_CG) by extension 'ros'
[0.469s] Level 1:colcon.colcon_core.package_identification:_identify(data/tmp/1781518340_CG) by extensions ['cmake', 'python']
[0.469s] Level 1:colcon.colcon_core.package_identification:_identify(data/tmp/1781518340_CG) by extension 'cmake'
[0.469s] Level 1:colcon.colcon_core.package_identification:_identify(data/tmp/1781518340_CG) by extension 'python'
[0.469s] Level 1:colcon.colcon_core.package_identification:_identify(data/tmp/1781518340_CG) by extensions ['python_setup_py']
[0.469s] Level 1:colcon.colcon_core.package_identification:_identify(data/tmp/1781518340_CG) by extension 'python_setup_py'
[0.469s] Level 1:colcon.colcon_core.package_identification:_identify(data/tmp/1781518354_CG) by extensions ['ignore', 'ignore_ament_install']
[0.469s] Level 1:colcon.colcon_core.package_identification:_identify(data/tmp/1781518354_CG) by extension 'ignore'
[0.469s] Level 1:colcon.colcon_core.package_identification:_identify(data/tmp/1781518354_CG) by extension 'ignore_ament_install'
[0.469s] Level 1:colcon.colcon_core.package_identification:_identify(data/tmp/1781518354_CG) by extensions ['colcon_pkg']
[0.469s] Level 1:colcon.colcon_core.package_identification:_identify(data/tmp/1781518354_CG) by extension 'colcon_pkg'
[0.469s] Level 1:colcon.colcon_core.package_identification:_identify(data/tmp/1781518354_CG) by extensions ['colcon_meta']
[0.469s] Level 1:colcon.colcon_core.package_identification:_identify(data/tmp/1781518354_CG) by extension 'colcon_meta'
[0.469s] Level 1:colcon.colcon_core.package_identification:_identify(data/tmp/1781518354_CG) by extensions ['ros']
[0.469s] Level 1:colcon.colcon_core.package_identification:_identify(data/tmp/1781518354_CG) by extension 'ros'
[0.469s] Level 1:colcon.colcon_core.package_identification:_identify(data/tmp/1781518354_CG) by extensions ['cmake', 'python']
[0.469s] Level 1:colcon.colcon_core.package_identification:_identify(data/tmp/1781518354_CG) by extension 'cmake'
[0.469s] Level 1:colcon.colcon_core.package_identification:_identify(data/tmp/1781518354_CG) by extension 'python'
[0.469s] Level 1:colcon.colcon_core.package_identification:_identify(data/tmp/1781518354_CG) by extensions ['python_setup_py']
[0.469s] Level 1:colcon.colcon_core.package_identification:_identify(data/tmp/1781518354_CG) by extension 'python_setup_py'
[0.469s] Level 1:colcon.colcon_core.package_identification:_identify(data/tmp/1781518412_CG) by extensions ['ignore', 'ignore_ament_install']
[0.469s] Level 1:colcon.colcon_core.package_identification:_identify(data/tmp/1781518412_CG) by extension 'ignore'
[0.469s] Level 1:colcon.colcon_core.package_identification:_identify(data/tmp/1781518412_CG) by extension 'ignore_ament_install'
[0.469s] Level 1:colcon.colcon_core.package_identification:_identify(data/tmp/1781518412_CG) by extensions ['colcon_pkg']
[0.469s] Level 1:colcon.colcon_core.package_identification:_identify(data/tmp/1781518412_CG) by extension 'colcon_pkg'
[0.469s] Level 1:colcon.colcon_core.package_identification:_identify(data/tmp/1781518412_CG) by extensions ['colcon_meta']
[0.469s] Level 1:colcon.colcon_core.package_identification:_identify(data/tmp/1781518412_CG) by extension 'colcon_meta'
[0.469s] Level 1:colcon.colcon_core.package_identification:_identify(data/tmp/1781518412_CG) by extensions ['ros']
[0.469s] Level 1:colcon.colcon_core.package_identification:_identify(data/tmp/1781518412_CG) by extension 'ros'
[0.470s] Level 1:colcon.colcon_core.package_identification:_identify(data/tmp/1781518412_CG) by extensions ['cmake', 'python']
[0.470s] Level 1:colcon.colcon_core.package_identification:_identify(data/tmp/1781518412_CG) by extension 'cmake'
[0.470s] Level 1:colcon.colcon_core.package_identification:_identify(data/tmp/1781518412_CG) by extension 'python'
[0.470s] Level 1:colcon.colcon_core.package_identification:_identify(data/tmp/1781518412_CG) by extensions ['python_setup_py']
[0.470s] Level 1:colcon.colcon_core.package_identification:_identify(data/tmp/1781518412_CG) by extension 'python_setup_py'
[0.470s] Level 1:colcon.colcon_core.package_identification:_identify(data/tmp/1781518430_CG) by extensions ['ignore', 'ignore_ament_install']
[0.470s] Level 1:colcon.colcon_core.package_identification:_identify(data/tmp/1781518430_CG) by extension 'ignore'
[0.470s] Level 1:colcon.colcon_core.package_identification:_identify(data/tmp/1781518430_CG) by extension 'ignore_ament_install'
[0.470s] Level 1:colcon.colcon_core.package_identification:_identify(data/tmp/1781518430_CG) by extensions ['colcon_pkg']
[0.470s] Level 1:colcon.colcon_core.package_identification:_identify(data/tmp/1781518430_CG) by extension 'colcon_pkg'
[0.470s] Level 1:colcon.colcon_core.package_identification:_identify(data/tmp/1781518430_CG) by extensions ['colcon_meta']
[0.470s] Level 1:colcon.colcon_core.package_identification:_identify(data/tmp/1781518430_CG) by extension 'colcon_meta'
[0.470s] Level 1:colcon.colcon_core.package_identification:_identify(data/tmp/1781518430_CG) by extensions ['ros']
[0.470s] Level 1:colcon.colcon_core.package_identification:_identify(data/tmp/1781518430_CG) by extension 'ros'
[0.470s] Level 1:colcon.colcon_core.package_identification:_identify(data/tmp/1781518430_CG) by extensions ['cmake', 'python']
[0.470s] Level 1:colcon.colcon_core.package_identification:_identify(data/tmp/1781518430_CG) by extension 'cmake'
[0.470s] Level 1:colcon.colcon_core.package_identification:_identify(data/tmp/1781518430_CG) by extension 'python'
[0.470s] Level 1:colcon.colcon_core.package_identification:_identify(data/tmp/1781518430_CG) by extensions ['python_setup_py']
[0.470s] Level 1:colcon.colcon_core.package_identification:_identify(data/tmp/1781518430_CG) by extension 'python_setup_py'
[0.470s] Level 1:colcon.colcon_core.package_identification:_identify(data/tmp/1781518482_CG) by extensions ['ignore', 'ignore_ament_install']
[0.470s] Level 1:colcon.colcon_core.package_identification:_identify(data/tmp/1781518482_CG) by extension 'ignore'
[0.470s] Level 1:colcon.colcon_core.package_identification:_identify(data/tmp/1781518482_CG) by extension 'ignore_ament_install'
[0.470s] Level 1:colcon.colcon_core.package_identification:_identify(data/tmp/1781518482_CG) by extensions ['colcon_pkg']
[0.470s] Level 1:colcon.colcon_core.package_identification:_identify(data/tmp/1781518482_CG) by extension 'colcon_pkg'
[0.470s] Level 1:colcon.colcon_core.package_identification:_identify(data/tmp/1781518482_CG) by extensions ['colcon_meta']
[0.470s] Level 1:colcon.colcon_core.package_identification:_identify(data/tmp/1781518482_CG) by extension 'colcon_meta'
[0.470s] Level 1:colcon.colcon_core.package_identification:_identify(data/tmp/1781518482_CG) by extensions ['ros']
[0.471s] Level 1:colcon.colcon_core.package_identification:_identify(data/tmp/1781518482_CG) by extension 'ros'
[0.471s] Level 1:colcon.colcon_core.package_identification:_identify(data/tmp/1781518482_CG) by extensions ['cmake', 'python']
[0.471s] Level 1:colcon.colcon_core.package_identification:_identify(data/tmp/1781518482_CG) by extension 'cmake'
[0.471s] Level 1:colcon.colcon_core.package_identification:_identify(data/tmp/1781518482_CG) by extension 'python'
[0.471s] Level 1:colcon.colcon_core.package_identification:_identify(data/tmp/1781518482_CG) by extensions ['python_setup_py']
[0.471s] Level 1:colcon.colcon_core.package_identification:_identify(data/tmp/1781518482_CG) by extension 'python_setup_py'
[0.471s] Level 1:colcon.colcon_core.package_identification:_identify(data/tmp/1781518496_CG) by extensions ['ignore', 'ignore_ament_install']
[0.471s] Level 1:colcon.colcon_core.package_identification:_identify(data/tmp/1781518496_CG) by extension 'ignore'
[0.471s] Level 1:colcon.colcon_core.package_identification:_identify(data/tmp/1781518496_CG) by extension 'ignore_ament_install'
[0.471s] Level 1:colcon.colcon_core.package_identification:_identify(data/tmp/1781518496_CG) by extensions ['colcon_pkg']
[0.471s] Level 1:colcon.colcon_core.package_identification:_identify(data/tmp/1781518496_CG) by extension 'colcon_pkg'
[0.471s] Level 1:colcon.colcon_core.package_identification:_identify(data/tmp/1781518496_CG) by extensions ['colcon_meta']
[0.471s] Level 1:colcon.colcon_core.package_identification:_identify(data/tmp/1781518496_CG) by extension 'colcon_meta'
[0.471s] Level 1:colcon.colcon_core.package_identification:_identify(data/tmp/1781518496_CG) by extensions ['ros']
[0.471s] Level 1:colcon.colcon_core.package_identification:_identify(data/tmp/1781518496_CG) by extension 'ros'
[0.471s] Level 1:colcon.colcon_core.package_identification:_identify(data/tmp/1781518496_CG) by extensions ['cmake', 'python']
[0.471s] Level 1:colcon.colcon_core.package_identification:_identify(data/tmp/1781518496_CG) by extension 'cmake'
[0.471s] Level 1:colcon.colcon_core.package_identification:_identify(data/tmp/1781518496_CG) by extension 'python'
[0.471s] Level 1:colcon.colcon_core.package_identification:_identify(data/tmp/1781518496_CG) by extensions ['python_setup_py']
[0.471s] Level 1:colcon.colcon_core.package_identification:_identify(data/tmp/1781518496_CG) by extension 'python_setup_py'
[0.471s] Level 1:colcon.colcon_core.package_identification:_identify(data/tmp/1781518513_CG) by extensions ['ignore', 'ignore_ament_install']
[0.471s] Level 1:colcon.colcon_core.package_identification:_identify(data/tmp/1781518513_CG) by extension 'ignore'
[0.471s] Level 1:colcon.colcon_core.package_identification:_identify(data/tmp/1781518513_CG) by extension 'ignore_ament_install'
[0.471s] Level 1:colcon.colcon_core.package_identification:_identify(data/tmp/1781518513_CG) by extensions ['colcon_pkg']
[0.471s] Level 1:colcon.colcon_core.package_identification:_identify(data/tmp/1781518513_CG) by extension 'colcon_pkg'
[0.472s] Level 1:colcon.colcon_core.package_identification:_identify(data/tmp/1781518513_CG) by extensions ['colcon_meta']
[0.472s] Level 1:colcon.colcon_core.package_identification:_identify(data/tmp/1781518513_CG) by extension 'colcon_meta'
[0.472s] Level 1:colcon.colcon_core.package_identification:_identify(data/tmp/1781518513_CG) by extensions ['ros']
[0.472s] Level 1:colcon.colcon_core.package_identification:_identify(data/tmp/1781518513_CG) by extension 'ros'
[0.472s] Level 1:colcon.colcon_core.package_identification:_identify(data/tmp/1781518513_CG) by extensions ['cmake', 'python']
[0.472s] Level 1:colcon.colcon_core.package_identification:_identify(data/tmp/1781518513_CG) by extension 'cmake'
[0.472s] Level 1:colcon.colcon_core.package_identification:_identify(data/tmp/1781518513_CG) by extension 'python'
[0.472s] Level 1:colcon.colcon_core.package_identification:_identify(data/tmp/1781518513_CG) by extensions ['python_setup_py']
[0.472s] Level 1:colcon.colcon_core.package_identification:_identify(data/tmp/1781518513_CG) by extension 'python_setup_py'
[0.472s] Level 1:colcon.colcon_core.package_identification:_identify(data/tmp/1781519395_CG) by extensions ['ignore', 'ignore_ament_install']
[0.472s] Level 1:colcon.colcon_core.package_identification:_identify(data/tmp/1781519395_CG) by extension 'ignore'
[0.472s] Level 1:colcon.colcon_core.package_identification:_identify(data/tmp/1781519395_CG) by extension 'ignore_ament_install'
[0.472s] Level 1:colcon.colcon_core.package_identification:_identify(data/tmp/1781519395_CG) by extensions ['colcon_pkg']
[0.472s] Level 1:colcon.colcon_core.package_identification:_identify(data/tmp/1781519395_CG) by extension 'colcon_pkg'
[0.472s] Level 1:colcon.colcon_core.package_identification:_identify(data/tmp/1781519395_CG) by extensions ['colcon_meta']
[0.472s] Level 1:colcon.colcon_core.package_identification:_identify(data/tmp/1781519395_CG) by extension 'colcon_meta'
[0.472s] Level 1:colcon.colcon_core.package_identification:_identify(data/tmp/1781519395_CG) by extensions ['ros']
[0.472s] Level 1:colcon.colcon_core.package_identification:_identify(data/tmp/1781519395_CG) by extension 'ros'
[0.472s] Level 1:colcon.colcon_core.package_identification:_identify(data/tmp/1781519395_CG) by extensions ['cmake', 'python']
[0.472s] Level 1:colcon.colcon_core.package_identification:_identify(data/tmp/1781519395_CG) by extension 'cmake'
[0.472s] Level 1:colcon.colcon_core.package_identification:_identify(data/tmp/1781519395_CG) by extension 'python'
[0.472s] Level 1:colcon.colcon_core.package_identification:_identify(data/tmp/1781519395_CG) by extensions ['python_setup_py']
[0.472s] Level 1:colcon.colcon_core.package_identification:_identify(data/tmp/1781519395_CG) by extension 'python_setup_py'
[0.472s] Level 1:colcon.colcon_core.package_identification:_identify(data/tmp/1781519550_CG) by extensions ['ignore', 'ignore_ament_install']
[0.472s] Level 1:colcon.colcon_core.package_identification:_identify(data/tmp/1781519550_CG) by extension 'ignore'
[0.472s] Level 1:colcon.colcon_core.package_identification:_identify(data/tmp/1781519550_CG) by extension 'ignore_ament_install'
[0.472s] Level 1:colcon.colcon_core.package_identification:_identify(data/tmp/1781519550_CG) by extensions ['colcon_pkg']
[0.473s] Level 1:colcon.colcon_core.package_identification:_identify(data/tmp/1781519550_CG) by extension 'colcon_pkg'
[0.473s] Level 1:colcon.colcon_core.package_identification:_identify(data/tmp/1781519550_CG) by extensions ['colcon_meta']
[0.473s] Level 1:colcon.colcon_core.package_identification:_identify(data/tmp/1781519550_CG) by extension 'colcon_meta'
[0.473s] Level 1:colcon.colcon_core.package_identification:_identify(data/tmp/1781519550_CG) by extensions ['ros']
[0.473s] Level 1:colcon.colcon_core.package_identification:_identify(data/tmp/1781519550_CG) by extension 'ros'
[0.473s] Level 1:colcon.colcon_core.package_identification:_identify(data/tmp/1781519550_CG) by extensions ['cmake', 'python']
[0.473s] Level 1:colcon.colcon_core.package_identification:_identify(data/tmp/1781519550_CG) by extension 'cmake'
[0.473s] Level 1:colcon.colcon_core.package_identification:_identify(data/tmp/1781519550_CG) by extension 'python'
[0.473s] Level 1:colcon.colcon_core.package_identification:_identify(data/tmp/1781519550_CG) by extensions ['python_setup_py']
[0.473s] Level 1:colcon.colcon_core.package_identification:_identify(data/tmp/1781519550_CG) by extension 'python_setup_py'
[0.473s] Level 1:colcon.colcon_core.package_identification:_identify(data/tmp/1781519563_CG) by extensions ['ignore', 'ignore_ament_install']
[0.473s] Level 1:colcon.colcon_core.package_identification:_identify(data/tmp/1781519563_CG) by extension 'ignore'
[0.473s] Level 1:colcon.colcon_core.package_identification:_identify(data/tmp/1781519563_CG) by extension 'ignore_ament_install'
[0.473s] Level 1:colcon.colcon_core.package_identification:_identify(data/tmp/1781519563_CG) by extensions ['colcon_pkg']
[0.473s] Level 1:colcon.colcon_core.package_identification:_identify(data/tmp/1781519563_CG) by extension 'colcon_pkg'
[0.473s] Level 1:colcon.colcon_core.package_identification:_identify(data/tmp/1781519563_CG) by extensions ['colcon_meta']
[0.473s] Level 1:colcon.colcon_core.package_identification:_identify(data/tmp/1781519563_CG) by extension 'colcon_meta'
[0.473s] Level 1:colcon.colcon_core.package_identification:_identify(data/tmp/1781519563_CG) by extensions ['ros']
[0.473s] Level 1:colcon.colcon_core.package_identification:_identify(data/tmp/1781519563_CG) by extension 'ros'
[0.473s] Level 1:colcon.colcon_core.package_identification:_identify(data/tmp/1781519563_CG) by extensions ['cmake', 'python']
[0.473s] Level 1:colcon.colcon_core.package_identification:_identify(data/tmp/1781519563_CG) by extension 'cmake'
[0.473s] Level 1:colcon.colcon_core.package_identification:_identify(data/tmp/1781519563_CG) by extension 'python'
[0.473s] Level 1:colcon.colcon_core.package_identification:_identify(data/tmp/1781519563_CG) by extensions ['python_setup_py']
[0.473s] Level 1:colcon.colcon_core.package_identification:_identify(data/tmp/1781519563_CG) by extension 'python_setup_py'
[0.473s] Level 1:colcon.colcon_core.package_identification:_identify(data/tmp/1781519736_CG) by extensions ['ignore', 'ignore_ament_install']
[0.473s] Level 1:colcon.colcon_core.package_identification:_identify(data/tmp/1781519736_CG) by extension 'ignore'
[0.473s] Level 1:colcon.colcon_core.package_identification:_identify(data/tmp/1781519736_CG) by extension 'ignore_ament_install'
[0.473s] Level 1:colcon.colcon_core.package_identification:_identify(data/tmp/1781519736_CG) by extensions ['colcon_pkg']
[0.474s] Level 1:colcon.colcon_core.package_identification:_identify(data/tmp/1781519736_CG) by extension 'colcon_pkg'
[0.474s] Level 1:colcon.colcon_core.package_identification:_identify(data/tmp/1781519736_CG) by extensions ['colcon_meta']
[0.474s] Level 1:colcon.colcon_core.package_identification:_identify(data/tmp/1781519736_CG) by extension 'colcon_meta'
[0.474s] Level 1:colcon.colcon_core.package_identification:_identify(data/tmp/1781519736_CG) by extensions ['ros']
[0.474s] Level 1:colcon.colcon_core.package_identification:_identify(data/tmp/1781519736_CG) by extension 'ros'
[0.474s] Level 1:colcon.colcon_core.package_identification:_identify(data/tmp/1781519736_CG) by extensions ['cmake', 'python']
[0.474s] Level 1:colcon.colcon_core.package_identification:_identify(data/tmp/1781519736_CG) by extension 'cmake'
[0.474s] Level 1:colcon.colcon_core.package_identification:_identify(data/tmp/1781519736_CG) by extension 'python'
[0.474s] Level 1:colcon.colcon_core.package_identification:_identify(data/tmp/1781519736_CG) by extensions ['python_setup_py']
[0.474s] Level 1:colcon.colcon_core.package_identification:_identify(data/tmp/1781519736_CG) by extension 'python_setup_py'
[0.474s] Level 1:colcon.colcon_core.package_identification:_identify(data/tmp/1781519831_CG) by extensions ['ignore', 'ignore_ament_install']
[0.474s] Level 1:colcon.colcon_core.package_identification:_identify(data/tmp/1781519831_CG) by extension 'ignore'
[0.474s] Level 1:colcon.colcon_core.package_identification:_identify(data/tmp/1781519831_CG) by extension 'ignore_ament_install'
[0.474s] Level 1:colcon.colcon_core.package_identification:_identify(data/tmp/1781519831_CG) by extensions ['colcon_pkg']
[0.474s] Level 1:colcon.colcon_core.package_identification:_identify(data/tmp/1781519831_CG) by extension 'colcon_pkg'
[0.474s] Level 1:colcon.colcon_core.package_identification:_identify(data/tmp/1781519831_CG) by extensions ['colcon_meta']
[0.474s] Level 1:colcon.colcon_core.package_identification:_identify(data/tmp/1781519831_CG) by extension 'colcon_meta'
[0.474s] Level 1:colcon.colcon_core.package_identification:_identify(data/tmp/1781519831_CG) by extensions ['ros']
[0.474s] Level 1:colcon.colcon_core.package_identification:_identify(data/tmp/1781519831_CG) by extension 'ros'
[0.474s] Level 1:colcon.colcon_core.package_identification:_identify(data/tmp/1781519831_CG) by extensions ['cmake', 'python']
[0.474s] Level 1:colcon.colcon_core.package_identification:_identify(data/tmp/1781519831_CG) by extension 'cmake'
[0.474s] Level 1:colcon.colcon_core.package_identification:_identify(data/tmp/1781519831_CG) by extension 'python'
[0.474s] Level 1:colcon.colcon_core.package_identification:_identify(data/tmp/1781519831_CG) by extensions ['python_setup_py']
[0.474s] Level 1:colcon.colcon_core.package_identification:_identify(data/tmp/1781519831_CG) by extension 'python_setup_py'
[0.474s] Level 1:colcon.colcon_core.package_identification:_identify(data/tmp/1781519836_CG) by extensions ['ignore', 'ignore_ament_install']
[0.474s] Level 1:colcon.colcon_core.package_identification:_identify(data/tmp/1781519836_CG) by extension 'ignore'
[0.474s] Level 1:colcon.colcon_core.package_identification:_identify(data/tmp/1781519836_CG) by extension 'ignore_ament_install'
[0.475s] Level 1:colcon.colcon_core.package_identification:_identify(data/tmp/1781519836_CG) by extensions ['colcon_pkg']
[0.475s] Level 1:colcon.colcon_core.package_identification:_identify(data/tmp/1781519836_CG) by extension 'colcon_pkg'
[0.475s] Level 1:colcon.colcon_core.package_identification:_identify(data/tmp/1781519836_CG) by extensions ['colcon_meta']
[0.475s] Level 1:colcon.colcon_core.package_identification:_identify(data/tmp/1781519836_CG) by extension 'colcon_meta'
[0.475s] Level 1:colcon.colcon_core.package_identification:_identify(data/tmp/1781519836_CG) by extensions ['ros']
[0.475s] Level 1:colcon.colcon_core.package_identification:_identify(data/tmp/1781519836_CG) by extension 'ros'
[0.475s] Level 1:colcon.colcon_core.package_identification:_identify(data/tmp/1781519836_CG) by extensions ['cmake', 'python']
[0.475s] Level 1:colcon.colcon_core.package_identification:_identify(data/tmp/1781519836_CG) by extension 'cmake'
[0.475s] Level 1:colcon.colcon_core.package_identification:_identify(data/tmp/1781519836_CG) by extension 'python'
[0.475s] Level 1:colcon.colcon_core.package_identification:_identify(data/tmp/1781519836_CG) by extensions ['python_setup_py']
[0.475s] Level 1:colcon.colcon_core.package_identification:_identify(data/tmp/1781519836_CG) by extension 'python_setup_py'
[0.475s] Level 1:colcon.colcon_core.package_identification:_identify(data/tmp/1781519879_CG) by extensions ['ignore', 'ignore_ament_install']
[0.475s] Level 1:colcon.colcon_core.package_identification:_identify(data/tmp/1781519879_CG) by extension 'ignore'
[0.475s] Level 1:colcon.colcon_core.package_identification:_identify(data/tmp/1781519879_CG) by extension 'ignore_ament_install'
[0.475s] Level 1:colcon.colcon_core.package_identification:_identify(data/tmp/1781519879_CG) by extensions ['colcon_pkg']
[0.475s] Level 1:colcon.colcon_core.package_identification:_identify(data/tmp/1781519879_CG) by extension 'colcon_pkg'
[0.475s] Level 1:colcon.colcon_core.package_identification:_identify(data/tmp/1781519879_CG) by extensions ['colcon_meta']
[0.475s] Level 1:colcon.colcon_core.package_identification:_identify(data/tmp/1781519879_CG) by extension 'colcon_meta'
[0.475s] Level 1:colcon.colcon_core.package_identification:_identify(data/tmp/1781519879_CG) by extensions ['ros']
[0.475s] Level 1:colcon.colcon_core.package_identification:_identify(data/tmp/1781519879_CG) by extension 'ros'
[0.475s] Level 1:colcon.colcon_core.package_identification:_identify(data/tmp/1781519879_CG) by extensions ['cmake', 'python']
[0.475s] Level 1:colcon.colcon_core.package_identification:_identify(data/tmp/1781519879_CG) by extension 'cmake'
[0.475s] Level 1:colcon.colcon_core.package_identification:_identify(data/tmp/1781519879_CG) by extension 'python'
[0.475s] Level 1:colcon.colcon_core.package_identification:_identify(data/tmp/1781519879_CG) by extensions ['python_setup_py']
[0.475s] Level 1:colcon.colcon_core.package_identification:_identify(data/tmp/1781519879_CG) by extension 'python_setup_py'
[0.475s] Level 1:colcon.colcon_core.package_identification:_identify(data/tmp/1781519958_CG) by extensions ['ignore', 'ignore_ament_install']
[0.475s] Level 1:colcon.colcon_core.package_identification:_identify(data/tmp/1781519958_CG) by extension 'ignore'
[0.476s] Level 1:colcon.colcon_core.package_identification:_identify(data/tmp/1781519958_CG) by extension 'ignore_ament_install'
[0.476s] Level 1:colcon.colcon_core.package_identification:_identify(data/tmp/1781519958_CG) by extensions ['colcon_pkg']
[0.476s] Level 1:colcon.colcon_core.package_identification:_identify(data/tmp/1781519958_CG) by extension 'colcon_pkg'
[0.476s] Level 1:colcon.colcon_core.package_identification:_identify(data/tmp/1781519958_CG) by extensions ['colcon_meta']
[0.476s] Level 1:colcon.colcon_core.package_identification:_identify(data/tmp/1781519958_CG) by extension 'colcon_meta'
[0.476s] Level 1:colcon.colcon_core.package_identification:_identify(data/tmp/1781519958_CG) by extensions ['ros']
[0.476s] Level 1:colcon.colcon_core.package_identification:_identify(data/tmp/1781519958_CG) by extension 'ros'
[0.476s] Level 1:colcon.colcon_core.package_identification:_identify(data/tmp/1781519958_CG) by extensions ['cmake', 'python']
[0.476s] Level 1:colcon.colcon_core.package_identification:_identify(data/tmp/1781519958_CG) by extension 'cmake'
[0.476s] Level 1:colcon.colcon_core.package_identification:_identify(data/tmp/1781519958_CG) by extension 'python'
[0.476s] Level 1:colcon.colcon_core.package_identification:_identify(data/tmp/1781519958_CG) by extensions ['python_setup_py']
[0.476s] Level 1:colcon.colcon_core.package_identification:_identify(data/tmp/1781519958_CG) by extension 'python_setup_py'
[0.476s] Level 1:colcon.colcon_core.package_identification:_identify(data/tmp/1781519971_CG) by extensions ['ignore', 'ignore_ament_install']
[0.476s] Level 1:colcon.colcon_core.package_identification:_identify(data/tmp/1781519971_CG) by extension 'ignore'
[0.476s] Level 1:colcon.colcon_core.package_identification:_identify(data/tmp/1781519971_CG) by extension 'ignore_ament_install'
[0.476s] Level 1:colcon.colcon_core.package_identification:_identify(data/tmp/1781519971_CG) by extensions ['colcon_pkg']
[0.476s] Level 1:colcon.colcon_core.package_identification:_identify(data/tmp/1781519971_CG) by extension 'colcon_pkg'
[0.476s] Level 1:colcon.colcon_core.package_identification:_identify(data/tmp/1781519971_CG) by extensions ['colcon_meta']
[0.476s] Level 1:colcon.colcon_core.package_identification:_identify(data/tmp/1781519971_CG) by extension 'colcon_meta'
[0.476s] Level 1:colcon.colcon_core.package_identification:_identify(data/tmp/1781519971_CG) by extensions ['ros']
[0.476s] Level 1:colcon.colcon_core.package_identification:_identify(data/tmp/1781519971_CG) by extension 'ros'
[0.476s] Level 1:colcon.colcon_core.package_identification:_identify(data/tmp/1781519971_CG) by extensions ['cmake', 'python']
[0.476s] Level 1:colcon.colcon_core.package_identification:_identify(data/tmp/1781519971_CG) by extension 'cmake'
[0.476s] Level 1:colcon.colcon_core.package_identification:_identify(data/tmp/1781519971_CG) by extension 'python'
[0.476s] Level 1:colcon.colcon_core.package_identification:_identify(data/tmp/1781519971_CG) by extensions ['python_setup_py']
[0.476s] Level 1:colcon.colcon_core.package_identification:_identify(data/tmp/1781519971_CG) by extension 'python_setup_py'
[0.476s] Level 1:colcon.colcon_core.package_identification:_identify(data/tmp/1781519984_CG) by extensions ['ignore', 'ignore_ament_install']
[0.476s] Level 1:colcon.colcon_core.package_identification:_identify(data/tmp/1781519984_CG) by extension 'ignore'
[0.477s] Level 1:colcon.colcon_core.package_identification:_identify(data/tmp/1781519984_CG) by extension 'ignore_ament_install'
[0.477s] Level 1:colcon.colcon_core.package_identification:_identify(data/tmp/1781519984_CG) by extensions ['colcon_pkg']
[0.477s] Level 1:colcon.colcon_core.package_identification:_identify(data/tmp/1781519984_CG) by extension 'colcon_pkg'
[0.477s] Level 1:colcon.colcon_core.package_identification:_identify(data/tmp/1781519984_CG) by extensions ['colcon_meta']
[0.477s] Level 1:colcon.colcon_core.package_identification:_identify(data/tmp/1781519984_CG) by extension 'colcon_meta'
[0.477s] Level 1:colcon.colcon_core.package_identification:_identify(data/tmp/1781519984_CG) by extensions ['ros']
[0.477s] Level 1:colcon.colcon_core.package_identification:_identify(data/tmp/1781519984_CG) by extension 'ros'
[0.477s] Level 1:colcon.colcon_core.package_identification:_identify(data/tmp/1781519984_CG) by extensions ['cmake', 'python']
[0.477s] Level 1:colcon.colcon_core.package_identification:_identify(data/tmp/1781519984_CG) by extension 'cmake'
[0.477s] Level 1:colcon.colcon_core.package_identification:_identify(data/tmp/1781519984_CG) by extension 'python'
[0.477s] Level 1:colcon.colcon_core.package_identification:_identify(data/tmp/1781519984_CG) by extensions ['python_setup_py']
[0.477s] Level 1:colcon.colcon_core.package_identification:_identify(data/tmp/1781519984_CG) by extension 'python_setup_py'
[0.477s] Level 1:colcon.colcon_core.package_identification:_identify(data/tmp/1781520072_CG) by extensions ['ignore', 'ignore_ament_install']
[0.477s] Level 1:colcon.colcon_core.package_identification:_identify(data/tmp/1781520072_CG) by extension 'ignore'
[0.477s] Level 1:colcon.colcon_core.package_identification:_identify(data/tmp/1781520072_CG) by extension 'ignore_ament_install'
[0.477s] Level 1:colcon.colcon_core.package_identification:_identify(data/tmp/1781520072_CG) by extensions ['colcon_pkg']
[0.477s] Level 1:colcon.colcon_core.package_identification:_identify(data/tmp/1781520072_CG) by extension 'colcon_pkg'
[0.477s] Level 1:colcon.colcon_core.package_identification:_identify(data/tmp/1781520072_CG) by extensions ['colcon_meta']
[0.477s] Level 1:colcon.colcon_core.package_identification:_identify(data/tmp/1781520072_CG) by extension 'colcon_meta'
[0.477s] Level 1:colcon.colcon_core.package_identification:_identify(data/tmp/1781520072_CG) by extensions ['ros']
[0.477s] Level 1:colcon.colcon_core.package_identification:_identify(data/tmp/1781520072_CG) by extension 'ros'
[0.477s] Level 1:colcon.colcon_core.package_identification:_identify(data/tmp/1781520072_CG) by extensions ['cmake', 'python']
[0.477s] Level 1:colcon.colcon_core.package_identification:_identify(data/tmp/1781520072_CG) by extension 'cmake'
[0.477s] Level 1:colcon.colcon_core.package_identification:_identify(data/tmp/1781520072_CG) by extension 'python'
[0.477s] Level 1:colcon.colcon_core.package_identification:_identify(data/tmp/1781520072_CG) by extensions ['python_setup_py']
[0.477s] Level 1:colcon.colcon_core.package_identification:_identify(data/tmp/1781520072_CG) by extension 'python_setup_py'
[0.477s] Level 1:colcon.colcon_core.package_identification:_identify(data/tmp/1781520108_CG) by extensions ['ignore', 'ignore_ament_install']
[0.477s] Level 1:colcon.colcon_core.package_identification:_identify(data/tmp/1781520108_CG) by extension 'ignore'
[0.478s] Level 1:colcon.colcon_core.package_identification:_identify(data/tmp/1781520108_CG) by extension 'ignore_ament_install'
[0.478s] Level 1:colcon.colcon_core.package_identification:_identify(data/tmp/1781520108_CG) by extensions ['colcon_pkg']
[0.478s] Level 1:colcon.colcon_core.package_identification:_identify(data/tmp/1781520108_CG) by extension 'colcon_pkg'
[0.478s] Level 1:colcon.colcon_core.package_identification:_identify(data/tmp/1781520108_CG) by extensions ['colcon_meta']
[0.478s] Level 1:colcon.colcon_core.package_identification:_identify(data/tmp/1781520108_CG) by extension 'colcon_meta'
[0.478s] Level 1:colcon.colcon_core.package_identification:_identify(data/tmp/1781520108_CG) by extensions ['ros']
[0.478s] Level 1:colcon.colcon_core.package_identification:_identify(data/tmp/1781520108_CG) by extension 'ros'
[0.478s] Level 1:colcon.colcon_core.package_identification:_identify(data/tmp/1781520108_CG) by extensions ['cmake', 'python']
[0.478s] Level 1:colcon.colcon_core.package_identification:_identify(data/tmp/1781520108_CG) by extension 'cmake'
[0.478s] Level 1:colcon.colcon_core.package_identification:_identify(data/tmp/1781520108_CG) by extension 'python'
[0.478s] Level 1:colcon.colcon_core.package_identification:_identify(data/tmp/1781520108_CG) by extensions ['python_setup_py']
[0.478s] Level 1:colcon.colcon_core.package_identification:_identify(data/tmp/1781520108_CG) by extension 'python_setup_py'
[0.478s] Level 1:colcon.colcon_core.package_identification:_identify(data/tmp/1781520127_CG) by extensions ['ignore', 'ignore_ament_install']
[0.478s] Level 1:colcon.colcon_core.package_identification:_identify(data/tmp/1781520127_CG) by extension 'ignore'
[0.478s] Level 1:colcon.colcon_core.package_identification:_identify(data/tmp/1781520127_CG) by extension 'ignore_ament_install'
[0.478s] Level 1:colcon.colcon_core.package_identification:_identify(data/tmp/1781520127_CG) by extensions ['colcon_pkg']
[0.478s] Level 1:colcon.colcon_core.package_identification:_identify(data/tmp/1781520127_CG) by extension 'colcon_pkg'
[0.478s] Level 1:colcon.colcon_core.package_identification:_identify(data/tmp/1781520127_CG) by extensions ['colcon_meta']
[0.478s] Level 1:colcon.colcon_core.package_identification:_identify(data/tmp/1781520127_CG) by extension 'colcon_meta'
[0.478s] Level 1:colcon.colcon_core.package_identification:_identify(data/tmp/1781520127_CG) by extensions ['ros']
[0.478s] Level 1:colcon.colcon_core.package_identification:_identify(data/tmp/1781520127_CG) by extension 'ros'
[0.478s] Level 1:colcon.colcon_core.package_identification:_identify(data/tmp/1781520127_CG) by extensions ['cmake', 'python']
[0.478s] Level 1:colcon.colcon_core.package_identification:_identify(data/tmp/1781520127_CG) by extension 'cmake'
[0.478s] Level 1:colcon.colcon_core.package_identification:_identify(data/tmp/1781520127_CG) by extension 'python'
[0.478s] Level 1:colcon.colcon_core.package_identification:_identify(data/tmp/1781520127_CG) by extensions ['python_setup_py']
[0.478s] Level 1:colcon.colcon_core.package_identification:_identify(data/tmp/1781520127_CG) by extension 'python_setup_py'
[0.478s] Level 1:colcon.colcon_core.package_identification:_identify(data/tmp/1781520152_CG) by extensions ['ignore', 'ignore_ament_install']
[0.478s] Level 1:colcon.colcon_core.package_identification:_identify(data/tmp/1781520152_CG) by extension 'ignore'
[0.479s] Level 1:colcon.colcon_core.package_identification:_identify(data/tmp/1781520152_CG) by extension 'ignore_ament_install'
[0.479s] Level 1:colcon.colcon_core.package_identification:_identify(data/tmp/1781520152_CG) by extensions ['colcon_pkg']
[0.479s] Level 1:colcon.colcon_core.package_identification:_identify(data/tmp/1781520152_CG) by extension 'colcon_pkg'
[0.479s] Level 1:colcon.colcon_core.package_identification:_identify(data/tmp/1781520152_CG) by extensions ['colcon_meta']
[0.479s] Level 1:colcon.colcon_core.package_identification:_identify(data/tmp/1781520152_CG) by extension 'colcon_meta'
[0.479s] Level 1:colcon.colcon_core.package_identification:_identify(data/tmp/1781520152_CG) by extensions ['ros']
[0.479s] Level 1:colcon.colcon_core.package_identification:_identify(data/tmp/1781520152_CG) by extension 'ros'
[0.479s] Level 1:colcon.colcon_core.package_identification:_identify(data/tmp/1781520152_CG) by extensions ['cmake', 'python']
[0.479s] Level 1:colcon.colcon_core.package_identification:_identify(data/tmp/1781520152_CG) by extension 'cmake'
[0.479s] Level 1:colcon.colcon_core.package_identification:_identify(data/tmp/1781520152_CG) by extension 'python'
[0.479s] Level 1:colcon.colcon_core.package_identification:_identify(data/tmp/1781520152_CG) by extensions ['python_setup_py']
[0.479s] Level 1:colcon.colcon_core.package_identification:_identify(data/tmp/1781520152_CG) by extension 'python_setup_py'
[0.479s] Level 1:colcon.colcon_core.package_identification:_identify(data/tmp/1781520304_CG) by extensions ['ignore', 'ignore_ament_install']
[0.479s] Level 1:colcon.colcon_core.package_identification:_identify(data/tmp/1781520304_CG) by extension 'ignore'
[0.479s] Level 1:colcon.colcon_core.package_identification:_identify(data/tmp/1781520304_CG) by extension 'ignore_ament_install'
[0.479s] Level 1:colcon.colcon_core.package_identification:_identify(data/tmp/1781520304_CG) by extensions ['colcon_pkg']
[0.479s] Level 1:colcon.colcon_core.package_identification:_identify(data/tmp/1781520304_CG) by extension 'colcon_pkg'
[0.479s] Level 1:colcon.colcon_core.package_identification:_identify(data/tmp/1781520304_CG) by extensions ['colcon_meta']
[0.479s] Level 1:colcon.colcon_core.package_identification:_identify(data/tmp/1781520304_CG) by extension 'colcon_meta'
[0.479s] Level 1:colcon.colcon_core.package_identification:_identify(data/tmp/1781520304_CG) by extensions ['ros']
[0.479s] Level 1:colcon.colcon_core.package_identification:_identify(data/tmp/1781520304_CG) by extension 'ros'
[0.479s] Level 1:colcon.colcon_core.package_identification:_identify(data/tmp/1781520304_CG) by extensions ['cmake', 'python']
[0.479s] Level 1:colcon.colcon_core.package_identification:_identify(data/tmp/1781520304_CG) by extension 'cmake'
[0.479s] Level 1:colcon.colcon_core.package_identification:_identify(data/tmp/1781520304_CG) by extension 'python'
[0.479s] Level 1:colcon.colcon_core.package_identification:_identify(data/tmp/1781520304_CG) by extensions ['python_setup_py']
[0.479s] Level 1:colcon.colcon_core.package_identification:_identify(data/tmp/1781520304_CG) by extension 'python_setup_py'
[0.479s] Level 1:colcon.colcon_core.package_identification:_identify(data/tmp/1781528666_CG) by extensions ['ignore', 'ignore_ament_install']
[0.479s] Level 1:colcon.colcon_core.package_identification:_identify(data/tmp/1781528666_CG) by extension 'ignore'
[0.479s] Level 1:colcon.colcon_core.package_identification:_identify(data/tmp/1781528666_CG) by extension 'ignore_ament_install'
[0.480s] Level 1:colcon.colcon_core.package_identification:_identify(data/tmp/1781528666_CG) by extensions ['colcon_pkg']
[0.480s] Level 1:colcon.colcon_core.package_identification:_identify(data/tmp/1781528666_CG) by extension 'colcon_pkg'
[0.480s] Level 1:colcon.colcon_core.package_identification:_identify(data/tmp/1781528666_CG) by extensions ['colcon_meta']
[0.480s] Level 1:colcon.colcon_core.package_identification:_identify(data/tmp/1781528666_CG) by extension 'colcon_meta'
[0.480s] Level 1:colcon.colcon_core.package_identification:_identify(data/tmp/1781528666_CG) by extensions ['ros']
[0.480s] Level 1:colcon.colcon_core.package_identification:_identify(data/tmp/1781528666_CG) by extension 'ros'
[0.480s] Level 1:colcon.colcon_core.package_identification:_identify(data/tmp/1781528666_CG) by extensions ['cmake', 'python']
[0.480s] Level 1:colcon.colcon_core.package_identification:_identify(data/tmp/1781528666_CG) by extension 'cmake'
[0.480s] Level 1:colcon.colcon_core.package_identification:_identify(data/tmp/1781528666_CG) by extension 'python'
[0.480s] Level 1:colcon.colcon_core.package_identification:_identify(data/tmp/1781528666_CG) by extensions ['python_setup_py']
[0.480s] Level 1:colcon.colcon_core.package_identification:_identify(data/tmp/1781528666_CG) by extension 'python_setup_py'
[0.480s] Level 1:colcon.colcon_core.package_identification:_identify(data/tmp/1781529274_CG) by extensions ['ignore', 'ignore_ament_install']
[0.480s] Level 1:colcon.colcon_core.package_identification:_identify(data/tmp/1781529274_CG) by extension 'ignore'
[0.480s] Level 1:colcon.colcon_core.package_identification:_identify(data/tmp/1781529274_CG) by extension 'ignore_ament_install'
[0.480s] Level 1:colcon.colcon_core.package_identification:_identify(data/tmp/1781529274_CG) by extensions ['colcon_pkg']
[0.480s] Level 1:colcon.colcon_core.package_identification:_identify(data/tmp/1781529274_CG) by extension 'colcon_pkg'
[0.480s] Level 1:colcon.colcon_core.package_identification:_identify(data/tmp/1781529274_CG) by extensions ['colcon_meta']
[0.480s] Level 1:colcon.colcon_core.package_identification:_identify(data/tmp/1781529274_CG) by extension 'colcon_meta'
[0.480s] Level 1:colcon.colcon_core.package_identification:_identify(data/tmp/1781529274_CG) by extensions ['ros']
[0.480s] Level 1:colcon.colcon_core.package_identification:_identify(data/tmp/1781529274_CG) by extension 'ros'
[0.480s] Level 1:colcon.colcon_core.package_identification:_identify(data/tmp/1781529274_CG) by extensions ['cmake', 'python']
[0.480s] Level 1:colcon.colcon_core.package_identification:_identify(data/tmp/1781529274_CG) by extension 'cmake'
[0.480s] Level 1:colcon.colcon_core.package_identification:_identify(data/tmp/1781529274_CG) by extension 'python'
[0.480s] Level 1:colcon.colcon_core.package_identification:_identify(data/tmp/1781529274_CG) by extensions ['python_setup_py']
[0.480s] Level 1:colcon.colcon_core.package_identification:_identify(data/tmp/1781529274_CG) by extension 'python_setup_py'
[0.480s] Level 1:colcon.colcon_core.package_identification:_identify(data/tmp/1781529284_CG) by extensions ['ignore', 'ignore_ament_install']
[0.480s] Level 1:colcon.colcon_core.package_identification:_identify(data/tmp/1781529284_CG) by extension 'ignore'
[0.480s] Level 1:colcon.colcon_core.package_identification:_identify(data/tmp/1781529284_CG) by extension 'ignore_ament_install'
[0.481s] Level 1:colcon.colcon_core.package_identification:_identify(data/tmp/1781529284_CG) by extensions ['colcon_pkg']
[0.481s] Level 1:colcon.colcon_core.package_identification:_identify(data/tmp/1781529284_CG) by extension 'colcon_pkg'
[0.481s] Level 1:colcon.colcon_core.package_identification:_identify(data/tmp/1781529284_CG) by extensions ['colcon_meta']
[0.481s] Level 1:colcon.colcon_core.package_identification:_identify(data/tmp/1781529284_CG) by extension 'colcon_meta'
[0.481s] Level 1:colcon.colcon_core.package_identification:_identify(data/tmp/1781529284_CG) by extensions ['ros']
[0.481s] Level 1:colcon.colcon_core.package_identification:_identify(data/tmp/1781529284_CG) by extension 'ros'
[0.481s] Level 1:colcon.colcon_core.package_identification:_identify(data/tmp/1781529284_CG) by extensions ['cmake', 'python']
[0.481s] Level 1:colcon.colcon_core.package_identification:_identify(data/tmp/1781529284_CG) by extension 'cmake'
[0.481s] Level 1:colcon.colcon_core.package_identification:_identify(data/tmp/1781529284_CG) by extension 'python'
[0.481s] Level 1:colcon.colcon_core.package_identification:_identify(data/tmp/1781529284_CG) by extensions ['python_setup_py']
[0.481s] Level 1:colcon.colcon_core.package_identification:_identify(data/tmp/1781529284_CG) by extension 'python_setup_py'
[0.481s] Level 1:colcon.colcon_core.package_identification:_identify(data/tmp/1781529353_CG) by extensions ['ignore', 'ignore_ament_install']
[0.481s] Level 1:colcon.colcon_core.package_identification:_identify(data/tmp/1781529353_CG) by extension 'ignore'
[0.481s] Level 1:colcon.colcon_core.package_identification:_identify(data/tmp/1781529353_CG) by extension 'ignore_ament_install'
[0.481s] Level 1:colcon.colcon_core.package_identification:_identify(data/tmp/1781529353_CG) by extensions ['colcon_pkg']
[0.481s] Level 1:colcon.colcon_core.package_identification:_identify(data/tmp/1781529353_CG) by extension 'colcon_pkg'
[0.481s] Level 1:colcon.colcon_core.package_identification:_identify(data/tmp/1781529353_CG) by extensions ['colcon_meta']
[0.481s] Level 1:colcon.colcon_core.package_identification:_identify(data/tmp/1781529353_CG) by extension 'colcon_meta'
[0.481s] Level 1:colcon.colcon_core.package_identification:_identify(data/tmp/1781529353_CG) by extensions ['ros']
[0.481s] Level 1:colcon.colcon_core.package_identification:_identify(data/tmp/1781529353_CG) by extension 'ros'
[0.481s] Level 1:colcon.colcon_core.package_identification:_identify(data/tmp/1781529353_CG) by extensions ['cmake', 'python']
[0.481s] Level 1:colcon.colcon_core.package_identification:_identify(data/tmp/1781529353_CG) by extension 'cmake'
[0.481s] Level 1:colcon.colcon_core.package_identification:_identify(data/tmp/1781529353_CG) by extension 'python'
[0.481s] Level 1:colcon.colcon_core.package_identification:_identify(data/tmp/1781529353_CG) by extensions ['python_setup_py']
[0.481s] Level 1:colcon.colcon_core.package_identification:_identify(data/tmp/1781529353_CG) by extension 'python_setup_py'
[0.481s] Level 1:colcon.colcon_core.package_identification:_identify(data/tmp/1781529364_CG) by extensions ['ignore', 'ignore_ament_install']
[0.481s] Level 1:colcon.colcon_core.package_identification:_identify(data/tmp/1781529364_CG) by extension 'ignore'
[0.481s] Level 1:colcon.colcon_core.package_identification:_identify(data/tmp/1781529364_CG) by extension 'ignore_ament_install'
[0.481s] Level 1:colcon.colcon_core.package_identification:_identify(data/tmp/1781529364_CG) by extensions ['colcon_pkg']
[0.482s] Level 1:colcon.colcon_core.package_identification:_identify(data/tmp/1781529364_CG) by extension 'colcon_pkg'
[0.482s] Level 1:colcon.colcon_core.package_identification:_identify(data/tmp/1781529364_CG) by extensions ['colcon_meta']
[0.482s] Level 1:colcon.colcon_core.package_identification:_identify(data/tmp/1781529364_CG) by extension 'colcon_meta'
[0.482s] Level 1:colcon.colcon_core.package_identification:_identify(data/tmp/1781529364_CG) by extensions ['ros']
[0.482s] Level 1:colcon.colcon_core.package_identification:_identify(data/tmp/1781529364_CG) by extension 'ros'
[0.482s] Level 1:colcon.colcon_core.package_identification:_identify(data/tmp/1781529364_CG) by extensions ['cmake', 'python']
[0.482s] Level 1:colcon.colcon_core.package_identification:_identify(data/tmp/1781529364_CG) by extension 'cmake'
[0.482s] Level 1:colcon.colcon_core.package_identification:_identify(data/tmp/1781529364_CG) by extension 'python'
[0.482s] Level 1:colcon.colcon_core.package_identification:_identify(data/tmp/1781529364_CG) by extensions ['python_setup_py']
[0.482s] Level 1:colcon.colcon_core.package_identification:_identify(data/tmp/1781529364_CG) by extension 'python_setup_py'
[0.482s] Level 1:colcon.colcon_core.package_identification:_identify(data/tmp/1781529402_CG) by extensions ['ignore', 'ignore_ament_install']
[0.482s] Level 1:colcon.colcon_core.package_identification:_identify(data/tmp/1781529402_CG) by extension 'ignore'
[0.482s] Level 1:colcon.colcon_core.package_identification:_identify(data/tmp/1781529402_CG) by extension 'ignore_ament_install'
[0.482s] Level 1:colcon.colcon_core.package_identification:_identify(data/tmp/1781529402_CG) by extensions ['colcon_pkg']
[0.482s] Level 1:colcon.colcon_core.package_identification:_identify(data/tmp/1781529402_CG) by extension 'colcon_pkg'
[0.482s] Level 1:colcon.colcon_core.package_identification:_identify(data/tmp/1781529402_CG) by extensions ['colcon_meta']
[0.482s] Level 1:colcon.colcon_core.package_identification:_identify(data/tmp/1781529402_CG) by extension 'colcon_meta'
[0.482s] Level 1:colcon.colcon_core.package_identification:_identify(data/tmp/1781529402_CG) by extensions ['ros']
[0.482s] Level 1:colcon.colcon_core.package_identification:_identify(data/tmp/1781529402_CG) by extension 'ros'
[0.482s] Level 1:colcon.colcon_core.package_identification:_identify(data/tmp/1781529402_CG) by extensions ['cmake', 'python']
[0.482s] Level 1:colcon.colcon_core.package_identification:_identify(data/tmp/1781529402_CG) by extension 'cmake'
[0.482s] Level 1:colcon.colcon_core.package_identification:_identify(data/tmp/1781529402_CG) by extension 'python'
[0.482s] Level 1:colcon.colcon_core.package_identification:_identify(data/tmp/1781529402_CG) by extensions ['python_setup_py']
[0.482s] Level 1:colcon.colcon_core.package_identification:_identify(data/tmp/1781529402_CG) by extension 'python_setup_py'
[0.482s] Level 1:colcon.colcon_core.package_identification:_identify(data/tmp/1781529482_CG) by extensions ['ignore', 'ignore_ament_install']
[0.482s] Level 1:colcon.colcon_core.package_identification:_identify(data/tmp/1781529482_CG) by extension 'ignore'
[0.482s] Level 1:colcon.colcon_core.package_identification:_identify(data/tmp/1781529482_CG) by extension 'ignore_ament_install'
[0.482s] Level 1:colcon.colcon_core.package_identification:_identify(data/tmp/1781529482_CG) by extensions ['colcon_pkg']
[0.483s] Level 1:colcon.colcon_core.package_identification:_identify(data/tmp/1781529482_CG) by extension 'colcon_pkg'
[0.483s] Level 1:colcon.colcon_core.package_identification:_identify(data/tmp/1781529482_CG) by extensions ['colcon_meta']
[0.483s] Level 1:colcon.colcon_core.package_identification:_identify(data/tmp/1781529482_CG) by extension 'colcon_meta'
[0.483s] Level 1:colcon.colcon_core.package_identification:_identify(data/tmp/1781529482_CG) by extensions ['ros']
[0.483s] Level 1:colcon.colcon_core.package_identification:_identify(data/tmp/1781529482_CG) by extension 'ros'
[0.483s] Level 1:colcon.colcon_core.package_identification:_identify(data/tmp/1781529482_CG) by extensions ['cmake', 'python']
[0.483s] Level 1:colcon.colcon_core.package_identification:_identify(data/tmp/1781529482_CG) by extension 'cmake'
[0.483s] Level 1:colcon.colcon_core.package_identification:_identify(data/tmp/1781529482_CG) by extension 'python'
[0.483s] Level 1:colcon.colcon_core.package_identification:_identify(data/tmp/1781529482_CG) by extensions ['python_setup_py']
[0.483s] Level 1:colcon.colcon_core.package_identification:_identify(data/tmp/1781529482_CG) by extension 'python_setup_py'
[0.483s] Level 1:colcon.colcon_core.package_identification:_identify(data/tmp/1781529530_CG) by extensions ['ignore', 'ignore_ament_install']
[0.483s] Level 1:colcon.colcon_core.package_identification:_identify(data/tmp/1781529530_CG) by extension 'ignore'
[0.483s] Level 1:colcon.colcon_core.package_identification:_identify(data/tmp/1781529530_CG) by extension 'ignore_ament_install'
[0.483s] Level 1:colcon.colcon_core.package_identification:_identify(data/tmp/1781529530_CG) by extensions ['colcon_pkg']
[0.483s] Level 1:colcon.colcon_core.package_identification:_identify(data/tmp/1781529530_CG) by extension 'colcon_pkg'
[0.483s] Level 1:colcon.colcon_core.package_identification:_identify(data/tmp/1781529530_CG) by extensions ['colcon_meta']
[0.483s] Level 1:colcon.colcon_core.package_identification:_identify(data/tmp/1781529530_CG) by extension 'colcon_meta'
[0.483s] Level 1:colcon.colcon_core.package_identification:_identify(data/tmp/1781529530_CG) by extensions ['ros']
[0.483s] Level 1:colcon.colcon_core.package_identification:_identify(data/tmp/1781529530_CG) by extension 'ros'
[0.483s] Level 1:colcon.colcon_core.package_identification:_identify(data/tmp/1781529530_CG) by extensions ['cmake', 'python']
[0.483s] Level 1:colcon.colcon_core.package_identification:_identify(data/tmp/1781529530_CG) by extension 'cmake'
[0.483s] Level 1:colcon.colcon_core.package_identification:_identify(data/tmp/1781529530_CG) by extension 'python'
[0.483s] Level 1:colcon.colcon_core.package_identification:_identify(data/tmp/1781529530_CG) by extensions ['python_setup_py']
[0.483s] Level 1:colcon.colcon_core.package_identification:_identify(data/tmp/1781529530_CG) by extension 'python_setup_py'
[0.483s] Level 1:colcon.colcon_core.package_identification:_identify(data/tmp/1781529559_CG) by extensions ['ignore', 'ignore_ament_install']
[0.483s] Level 1:colcon.colcon_core.package_identification:_identify(data/tmp/1781529559_CG) by extension 'ignore'
[0.483s] Level 1:colcon.colcon_core.package_identification:_identify(data/tmp/1781529559_CG) by extension 'ignore_ament_install'
[0.483s] Level 1:colcon.colcon_core.package_identification:_identify(data/tmp/1781529559_CG) by extensions ['colcon_pkg']
[0.483s] Level 1:colcon.colcon_core.package_identification:_identify(data/tmp/1781529559_CG) by extension 'colcon_pkg'
[0.484s] Level 1:colcon.colcon_core.package_identification:_identify(data/tmp/1781529559_CG) by extensions ['colcon_meta']
[0.484s] Level 1:colcon.colcon_core.package_identification:_identify(data/tmp/1781529559_CG) by extension 'colcon_meta'
[0.484s] Level 1:colcon.colcon_core.package_identification:_identify(data/tmp/1781529559_CG) by extensions ['ros']
[0.484s] Level 1:colcon.colcon_core.package_identification:_identify(data/tmp/1781529559_CG) by extension 'ros'
[0.484s] Level 1:colcon.colcon_core.package_identification:_identify(data/tmp/1781529559_CG) by extensions ['cmake', 'python']
[0.484s] Level 1:colcon.colcon_core.package_identification:_identify(data/tmp/1781529559_CG) by extension 'cmake'
[0.484s] Level 1:colcon.colcon_core.package_identification:_identify(data/tmp/1781529559_CG) by extension 'python'
[0.484s] Level 1:colcon.colcon_core.package_identification:_identify(data/tmp/1781529559_CG) by extensions ['python_setup_py']
[0.484s] Level 1:colcon.colcon_core.package_identification:_identify(data/tmp/1781529559_CG) by extension 'python_setup_py'
[0.484s] Level 1:colcon.colcon_core.package_identification:_identify(data/tmp/1781529658_CG) by extensions ['ignore', 'ignore_ament_install']
[0.484s] Level 1:colcon.colcon_core.package_identification:_identify(data/tmp/1781529658_CG) by extension 'ignore'
[0.484s] Level 1:colcon.colcon_core.package_identification:_identify(data/tmp/1781529658_CG) by extension 'ignore_ament_install'
[0.484s] Level 1:colcon.colcon_core.package_identification:_identify(data/tmp/1781529658_CG) by extensions ['colcon_pkg']
[0.484s] Level 1:colcon.colcon_core.package_identification:_identify(data/tmp/1781529658_CG) by extension 'colcon_pkg'
[0.484s] Level 1:colcon.colcon_core.package_identification:_identify(data/tmp/1781529658_CG) by extensions ['colcon_meta']
[0.484s] Level 1:colcon.colcon_core.package_identification:_identify(data/tmp/1781529658_CG) by extension 'colcon_meta'
[0.484s] Level 1:colcon.colcon_core.package_identification:_identify(data/tmp/1781529658_CG) by extensions ['ros']
[0.484s] Level 1:colcon.colcon_core.package_identification:_identify(data/tmp/1781529658_CG) by extension 'ros'
[0.484s] Level 1:colcon.colcon_core.package_identification:_identify(data/tmp/1781529658_CG) by extensions ['cmake', 'python']
[0.484s] Level 1:colcon.colcon_core.package_identification:_identify(data/tmp/1781529658_CG) by extension 'cmake'
[0.484s] Level 1:colcon.colcon_core.package_identification:_identify(data/tmp/1781529658_CG) by extension 'python'
[0.484s] Level 1:colcon.colcon_core.package_identification:_identify(data/tmp/1781529658_CG) by extensions ['python_setup_py']
[0.484s] Level 1:colcon.colcon_core.package_identification:_identify(data/tmp/1781529658_CG) by extension 'python_setup_py'
[0.484s] Level 1:colcon.colcon_core.package_identification:_identify(data/tmp/1781529668_CG) by extensions ['ignore', 'ignore_ament_install']
[0.484s] Level 1:colcon.colcon_core.package_identification:_identify(data/tmp/1781529668_CG) by extension 'ignore'
[0.484s] Level 1:colcon.colcon_core.package_identification:_identify(data/tmp/1781529668_CG) by extension 'ignore_ament_install'
[0.484s] Level 1:colcon.colcon_core.package_identification:_identify(data/tmp/1781529668_CG) by extensions ['colcon_pkg']
[0.485s] Level 1:colcon.colcon_core.package_identification:_identify(data/tmp/1781529668_CG) by extension 'colcon_pkg'
[0.485s] Level 1:colcon.colcon_core.package_identification:_identify(data/tmp/1781529668_CG) by extensions ['colcon_meta']
[0.485s] Level 1:colcon.colcon_core.package_identification:_identify(data/tmp/1781529668_CG) by extension 'colcon_meta'
[0.485s] Level 1:colcon.colcon_core.package_identification:_identify(data/tmp/1781529668_CG) by extensions ['ros']
[0.485s] Level 1:colcon.colcon_core.package_identification:_identify(data/tmp/1781529668_CG) by extension 'ros'
[0.485s] Level 1:colcon.colcon_core.package_identification:_identify(data/tmp/1781529668_CG) by extensions ['cmake', 'python']
[0.485s] Level 1:colcon.colcon_core.package_identification:_identify(data/tmp/1781529668_CG) by extension 'cmake'
[0.485s] Level 1:colcon.colcon_core.package_identification:_identify(data/tmp/1781529668_CG) by extension 'python'
[0.485s] Level 1:colcon.colcon_core.package_identification:_identify(data/tmp/1781529668_CG) by extensions ['python_setup_py']
[0.485s] Level 1:colcon.colcon_core.package_identification:_identify(data/tmp/1781529668_CG) by extension 'python_setup_py'
[0.485s] Level 1:colcon.colcon_core.package_identification:_identify(data/tmp/1781530642_CG) by extensions ['ignore', 'ignore_ament_install']
[0.485s] Level 1:colcon.colcon_core.package_identification:_identify(data/tmp/1781530642_CG) by extension 'ignore'
[0.485s] Level 1:colcon.colcon_core.package_identification:_identify(data/tmp/1781530642_CG) by extension 'ignore_ament_install'
[0.485s] Level 1:colcon.colcon_core.package_identification:_identify(data/tmp/1781530642_CG) by extensions ['colcon_pkg']
[0.485s] Level 1:colcon.colcon_core.package_identification:_identify(data/tmp/1781530642_CG) by extension 'colcon_pkg'
[0.485s] Level 1:colcon.colcon_core.package_identification:_identify(data/tmp/1781530642_CG) by extensions ['colcon_meta']
[0.485s] Level 1:colcon.colcon_core.package_identification:_identify(data/tmp/1781530642_CG) by extension 'colcon_meta'
[0.485s] Level 1:colcon.colcon_core.package_identification:_identify(data/tmp/1781530642_CG) by extensions ['ros']
[0.485s] Level 1:colcon.colcon_core.package_identification:_identify(data/tmp/1781530642_CG) by extension 'ros'
[0.485s] Level 1:colcon.colcon_core.package_identification:_identify(data/tmp/1781530642_CG) by extensions ['cmake', 'python']
[0.485s] Level 1:colcon.colcon_core.package_identification:_identify(data/tmp/1781530642_CG) by extension 'cmake'
[0.485s] Level 1:colcon.colcon_core.package_identification:_identify(data/tmp/1781530642_CG) by extension 'python'
[0.485s] Level 1:colcon.colcon_core.package_identification:_identify(data/tmp/1781530642_CG) by extensions ['python_setup_py']
[0.485s] Level 1:colcon.colcon_core.package_identification:_identify(data/tmp/1781530642_CG) by extension 'python_setup_py'
[0.485s] Level 1:colcon.colcon_core.package_identification:_identify(data/tmp/1781530652_CG) by extensions ['ignore', 'ignore_ament_install']
[0.486s] Level 1:colcon.colcon_core.package_identification:_identify(data/tmp/1781530652_CG) by extension 'ignore'
[0.486s] Level 1:colcon.colcon_core.package_identification:_identify(data/tmp/1781530652_CG) by extension 'ignore_ament_install'
[0.486s] Level 1:colcon.colcon_core.package_identification:_identify(data/tmp/1781530652_CG) by extensions ['colcon_pkg']
[0.486s] Level 1:colcon.colcon_core.package_identification:_identify(data/tmp/1781530652_CG) by extension 'colcon_pkg'
[0.486s] Level 1:colcon.colcon_core.package_identification:_identify(data/tmp/1781530652_CG) by extensions ['colcon_meta']
[0.486s] Level 1:colcon.colcon_core.package_identification:_identify(data/tmp/1781530652_CG) by extension 'colcon_meta'
[0.486s] Level 1:colcon.colcon_core.package_identification:_identify(data/tmp/1781530652_CG) by extensions ['ros']
[0.486s] Level 1:colcon.colcon_core.package_identification:_identify(data/tmp/1781530652_CG) by extension 'ros'
[0.486s] Level 1:colcon.colcon_core.package_identification:_identify(data/tmp/1781530652_CG) by extensions ['cmake', 'python']
[0.486s] Level 1:colcon.colcon_core.package_identification:_identify(data/tmp/1781530652_CG) by extension 'cmake'
[0.486s] Level 1:colcon.colcon_core.package_identification:_identify(data/tmp/1781530652_CG) by extension 'python'
[0.486s] Level 1:colcon.colcon_core.package_identification:_identify(data/tmp/1781530652_CG) by extensions ['python_setup_py']
[0.486s] Level 1:colcon.colcon_core.package_identification:_identify(data/tmp/1781530652_CG) by extension 'python_setup_py'
[0.486s] Level 1:colcon.colcon_core.package_identification:_identify(data/tmp/1781530668_CG) by extensions ['ignore', 'ignore_ament_install']
[0.486s] Level 1:colcon.colcon_core.package_identification:_identify(data/tmp/1781530668_CG) by extension 'ignore'
[0.486s] Level 1:colcon.colcon_core.package_identification:_identify(data/tmp/1781530668_CG) by extension 'ignore_ament_install'
[0.486s] Level 1:colcon.colcon_core.package_identification:_identify(data/tmp/1781530668_CG) by extensions ['colcon_pkg']
[0.486s] Level 1:colcon.colcon_core.package_identification:_identify(data/tmp/1781530668_CG) by extension 'colcon_pkg'
[0.486s] Level 1:colcon.colcon_core.package_identification:_identify(data/tmp/1781530668_CG) by extensions ['colcon_meta']
[0.486s] Level 1:colcon.colcon_core.package_identification:_identify(data/tmp/1781530668_CG) by extension 'colcon_meta'
[0.486s] Level 1:colcon.colcon_core.package_identification:_identify(data/tmp/1781530668_CG) by extensions ['ros']
[0.486s] Level 1:colcon.colcon_core.package_identification:_identify(data/tmp/1781530668_CG) by extension 'ros'
[0.486s] Level 1:colcon.colcon_core.package_identification:_identify(data/tmp/1781530668_CG) by extensions ['cmake', 'python']
[0.486s] Level 1:colcon.colcon_core.package_identification:_identify(data/tmp/1781530668_CG) by extension 'cmake'
[0.486s] Level 1:colcon.colcon_core.package_identification:_identify(data/tmp/1781530668_CG) by extension 'python'
[0.486s] Level 1:colcon.colcon_core.package_identification:_identify(data/tmp/1781530668_CG) by extensions ['python_setup_py']
[0.486s] Level 1:colcon.colcon_core.package_identification:_identify(data/tmp/1781530668_CG) by extension 'python_setup_py'
[0.486s] Level 1:colcon.colcon_core.package_identification:_identify(data/tmp/1781530716_CG) by extensions ['ignore', 'ignore_ament_install']
[0.487s] Level 1:colcon.colcon_core.package_identification:_identify(data/tmp/1781530716_CG) by extension 'ignore'
[0.487s] Level 1:colcon.colcon_core.package_identification:_identify(data/tmp/1781530716_CG) by extension 'ignore_ament_install'
[0.487s] Level 1:colcon.colcon_core.package_identification:_identify(data/tmp/1781530716_CG) by extensions ['colcon_pkg']
[0.487s] Level 1:colcon.colcon_core.package_identification:_identify(data/tmp/1781530716_CG) by extension 'colcon_pkg'
[0.487s] Level 1:colcon.colcon_core.package_identification:_identify(data/tmp/1781530716_CG) by extensions ['colcon_meta']
[0.487s] Level 1:colcon.colcon_core.package_identification:_identify(data/tmp/1781530716_CG) by extension 'colcon_meta'
[0.487s] Level 1:colcon.colcon_core.package_identification:_identify(data/tmp/1781530716_CG) by extensions ['ros']
[0.487s] Level 1:colcon.colcon_core.package_identification:_identify(data/tmp/1781530716_CG) by extension 'ros'
[0.487s] Level 1:colcon.colcon_core.package_identification:_identify(data/tmp/1781530716_CG) by extensions ['cmake', 'python']
[0.487s] Level 1:colcon.colcon_core.package_identification:_identify(data/tmp/1781530716_CG) by extension 'cmake'
[0.487s] Level 1:colcon.colcon_core.package_identification:_identify(data/tmp/1781530716_CG) by extension 'python'
[0.487s] Level 1:colcon.colcon_core.package_identification:_identify(data/tmp/1781530716_CG) by extensions ['python_setup_py']
[0.487s] Level 1:colcon.colcon_core.package_identification:_identify(data/tmp/1781530716_CG) by extension 'python_setup_py'
[0.487s] Level 1:colcon.colcon_core.package_identification:_identify(data/tmp/1781530734_CG) by extensions ['ignore', 'ignore_ament_install']
[0.487s] Level 1:colcon.colcon_core.package_identification:_identify(data/tmp/1781530734_CG) by extension 'ignore'
[0.487s] Level 1:colcon.colcon_core.package_identification:_identify(data/tmp/1781530734_CG) by extension 'ignore_ament_install'
[0.487s] Level 1:colcon.colcon_core.package_identification:_identify(data/tmp/1781530734_CG) by extensions ['colcon_pkg']
[0.487s] Level 1:colcon.colcon_core.package_identification:_identify(data/tmp/1781530734_CG) by extension 'colcon_pkg'
[0.487s] Level 1:colcon.colcon_core.package_identification:_identify(data/tmp/1781530734_CG) by extensions ['colcon_meta']
[0.487s] Level 1:colcon.colcon_core.package_identification:_identify(data/tmp/1781530734_CG) by extension 'colcon_meta'
[0.487s] Level 1:colcon.colcon_core.package_identification:_identify(data/tmp/1781530734_CG) by extensions ['ros']
[0.487s] Level 1:colcon.colcon_core.package_identification:_identify(data/tmp/1781530734_CG) by extension 'ros'
[0.487s] Level 1:colcon.colcon_core.package_identification:_identify(data/tmp/1781530734_CG) by extensions ['cmake', 'python']
[0.487s] Level 1:colcon.colcon_core.package_identification:_identify(data/tmp/1781530734_CG) by extension 'cmake'
[0.487s] Level 1:colcon.colcon_core.package_identification:_identify(data/tmp/1781530734_CG) by extension 'python'
[0.487s] Level 1:colcon.colcon_core.package_identification:_identify(data/tmp/1781530734_CG) by extensions ['python_setup_py']
[0.487s] Level 1:colcon.colcon_core.package_identification:_identify(data/tmp/1781530734_CG) by extension 'python_setup_py'
[0.488s] Level 1:colcon.colcon_core.package_identification:_identify(data/tmp/1781530781_GD) by extensions ['ignore', 'ignore_ament_install']
[0.488s] Level 1:colcon.colcon_core.package_identification:_identify(data/tmp/1781530781_GD) by extension 'ignore'
[0.488s] Level 1:colcon.colcon_core.package_identification:_identify(data/tmp/1781530781_GD) by extension 'ignore_ament_install'
[0.488s] Level 1:colcon.colcon_core.package_identification:_identify(data/tmp/1781530781_GD) by extensions ['colcon_pkg']
[0.488s] Level 1:colcon.colcon_core.package_identification:_identify(data/tmp/1781530781_GD) by extension 'colcon_pkg'
[0.488s] Level 1:colcon.colcon_core.package_identification:_identify(data/tmp/1781530781_GD) by extensions ['colcon_meta']
[0.488s] Level 1:colcon.colcon_core.package_identification:_identify(data/tmp/1781530781_GD) by extension 'colcon_meta'
[0.488s] Level 1:colcon.colcon_core.package_identification:_identify(data/tmp/1781530781_GD) by extensions ['ros']
[0.488s] Level 1:colcon.colcon_core.package_identification:_identify(data/tmp/1781530781_GD) by extension 'ros'
[0.488s] Level 1:colcon.colcon_core.package_identification:_identify(data/tmp/1781530781_GD) by extensions ['cmake', 'python']
[0.488s] Level 1:colcon.colcon_core.package_identification:_identify(data/tmp/1781530781_GD) by extension 'cmake'
[0.488s] Level 1:colcon.colcon_core.package_identification:_identify(data/tmp/1781530781_GD) by extension 'python'
[0.488s] Level 1:colcon.colcon_core.package_identification:_identify(data/tmp/1781530781_GD) by extensions ['python_setup_py']
[0.488s] Level 1:colcon.colcon_core.package_identification:_identify(data/tmp/1781530781_GD) by extension 'python_setup_py'
[0.488s] Level 1:colcon.colcon_core.package_identification:_identify(data/tmp/1781530819_Newton) by extensions ['ignore', 'ignore_ament_install']
[0.488s] Level 1:colcon.colcon_core.package_identification:_identify(data/tmp/1781530819_Newton) by extension 'ignore'
[0.488s] Level 1:colcon.colcon_core.package_identification:_identify(data/tmp/1781530819_Newton) by extension 'ignore_ament_install'
[0.488s] Level 1:colcon.colcon_core.package_identification:_identify(data/tmp/1781530819_Newton) by extensions ['colcon_pkg']
[0.488s] Level 1:colcon.colcon_core.package_identification:_identify(data/tmp/1781530819_Newton) by extension 'colcon_pkg'
[0.488s] Level 1:colcon.colcon_core.package_identification:_identify(data/tmp/1781530819_Newton) by extensions ['colcon_meta']
[0.488s] Level 1:colcon.colcon_core.package_identification:_identify(data/tmp/1781530819_Newton) by extension 'colcon_meta'
[0.488s] Level 1:colcon.colcon_core.package_identification:_identify(data/tmp/1781530819_Newton) by extensions ['ros']
[0.488s] Level 1:colcon.colcon_core.package_identification:_identify(data/tmp/1781530819_Newton) by extension 'ros'
[0.488s] Level 1:colcon.colcon_core.package_identification:_identify(data/tmp/1781530819_Newton) by extensions ['cmake', 'python']
[0.488s] Level 1:colcon.colcon_core.package_identification:_identify(data/tmp/1781530819_Newton) by extension 'cmake'
[0.488s] Level 1:colcon.colcon_core.package_identification:_identify(data/tmp/1781530819_Newton) by extension 'python'
[0.488s] Level 1:colcon.colcon_core.package_identification:_identify(data/tmp/1781530819_Newton) by extensions ['python_setup_py']
[0.488s] Level 1:colcon.colcon_core.package_identification:_identify(data/tmp/1781530819_Newton) by extension 'python_setup_py'
[0.489s] Level 1:colcon.colcon_core.package_identification:_identify(data/tmp/1781530903_CG) by extensions ['ignore', 'ignore_ament_install']
[0.489s] Level 1:colcon.colcon_core.package_identification:_identify(data/tmp/1781530903_CG) by extension 'ignore'
[0.489s] Level 1:colcon.colcon_core.package_identification:_identify(data/tmp/1781530903_CG) by extension 'ignore_ament_install'
[0.489s] Level 1:colcon.colcon_core.package_identification:_identify(data/tmp/1781530903_CG) by extensions ['colcon_pkg']
[0.489s] Level 1:colcon.colcon_core.package_identification:_identify(data/tmp/1781530903_CG) by extension 'colcon_pkg'
[0.489s] Level 1:colcon.colcon_core.package_identification:_identify(data/tmp/1781530903_CG) by extensions ['colcon_meta']
[0.489s] Level 1:colcon.colcon_core.package_identification:_identify(data/tmp/1781530903_CG) by extension 'colcon_meta'
[0.489s] Level 1:colcon.colcon_core.package_identification:_identify(data/tmp/1781530903_CG) by extensions ['ros']
[0.489s] Level 1:colcon.colcon_core.package_identification:_identify(data/tmp/1781530903_CG) by extension 'ros'
[0.489s] Level 1:colcon.colcon_core.package_identification:_identify(data/tmp/1781530903_CG) by extensions ['cmake', 'python']
[0.489s] Level 1:colcon.colcon_core.package_identification:_identify(data/tmp/1781530903_CG) by extension 'cmake'
[0.489s] Level 1:colcon.colcon_core.package_identification:_identify(data/tmp/1781530903_CG) by extension 'python'
[0.489s] Level 1:colcon.colcon_core.package_identification:_identify(data/tmp/1781530903_CG) by extensions ['python_setup_py']
[0.489s] Level 1:colcon.colcon_core.package_identification:_identify(data/tmp/1781530903_CG) by extension 'python_setup_py'
[0.489s] Level 1:colcon.colcon_core.package_identification:_identify(data/tmp/1781530950_GD) by extensions ['ignore', 'ignore_ament_install']
[0.489s] Level 1:colcon.colcon_core.package_identification:_identify(data/tmp/1781530950_GD) by extension 'ignore'
[0.489s] Level 1:colcon.colcon_core.package_identification:_identify(data/tmp/1781530950_GD) by extension 'ignore_ament_install'
[0.489s] Level 1:colcon.colcon_core.package_identification:_identify(data/tmp/1781530950_GD) by extensions ['colcon_pkg']
[0.489s] Level 1:colcon.colcon_core.package_identification:_identify(data/tmp/1781530950_GD) by extension 'colcon_pkg'
[0.489s] Level 1:colcon.colcon_core.package_identification:_identify(data/tmp/1781530950_GD) by extensions ['colcon_meta']
[0.489s] Level 1:colcon.colcon_core.package_identification:_identify(data/tmp/1781530950_GD) by extension 'colcon_meta'
[0.489s] Level 1:colcon.colcon_core.package_identification:_identify(data/tmp/1781530950_GD) by extensions ['ros']
[0.489s] Level 1:colcon.colcon_core.package_identification:_identify(data/tmp/1781530950_GD) by extension 'ros'
[0.489s] Level 1:colcon.colcon_core.package_identification:_identify(data/tmp/1781530950_GD) by extensions ['cmake', 'python']
[0.489s] Level 1:colcon.colcon_core.package_identification:_identify(data/tmp/1781530950_GD) by extension 'cmake'
[0.489s] Level 1:colcon.colcon_core.package_identification:_identify(data/tmp/1781530950_GD) by extension 'python'
[0.490s] Level 1:colcon.colcon_core.package_identification:_identify(data/tmp/1781530950_GD) by extensions ['python_setup_py']
[0.490s] Level 1:colcon.colcon_core.package_identification:_identify(data/tmp/1781530950_GD) by extension 'python_setup_py'
[0.490s] Level 1:colcon.colcon_core.package_identification:_identify(data/tmp/1781530984_Newton) by extensions ['ignore', 'ignore_ament_install']
[0.490s] Level 1:colcon.colcon_core.package_identification:_identify(data/tmp/1781530984_Newton) by extension 'ignore'
[0.490s] Level 1:colcon.colcon_core.package_identification:_identify(data/tmp/1781530984_Newton) by extension 'ignore_ament_install'
[0.490s] Level 1:colcon.colcon_core.package_identification:_identify(data/tmp/1781530984_Newton) by extensions ['colcon_pkg']
[0.490s] Level 1:colcon.colcon_core.package_identification:_identify(data/tmp/1781530984_Newton) by extension 'colcon_pkg'
[0.490s] Level 1:colcon.colcon_core.package_identification:_identify(data/tmp/1781530984_Newton) by extensions ['colcon_meta']
[0.490s] Level 1:colcon.colcon_core.package_identification:_identify(data/tmp/1781530984_Newton) by extension 'colcon_meta'
[0.490s] Level 1:colcon.colcon_core.package_identification:_identify(data/tmp/1781530984_Newton) by extensions ['ros']
[0.490s] Level 1:colcon.colcon_core.package_identification:_identify(data/tmp/1781530984_Newton) by extension 'ros'
[0.490s] Level 1:colcon.colcon_core.package_identification:_identify(data/tmp/1781530984_Newton) by extensions ['cmake', 'python']
[0.490s] Level 1:colcon.colcon_core.package_identification:_identify(data/tmp/1781530984_Newton) by extension 'cmake'
[0.490s] Level 1:colcon.colcon_core.package_identification:_identify(data/tmp/1781530984_Newton) by extension 'python'
[0.490s] Level 1:colcon.colcon_core.package_identification:_identify(data/tmp/1781530984_Newton) by extensions ['python_setup_py']
[0.490s] Level 1:colcon.colcon_core.package_identification:_identify(data/tmp/1781530984_Newton) by extension 'python_setup_py'
[0.490s] Level 1:colcon.colcon_core.package_identification:_identify(data/tmp/1781530988_Newton) by extensions ['ignore', 'ignore_ament_install']
[0.490s] Level 1:colcon.colcon_core.package_identification:_identify(data/tmp/1781530988_Newton) by extension 'ignore'
[0.490s] Level 1:colcon.colcon_core.package_identification:_identify(data/tmp/1781530988_Newton) by extension 'ignore_ament_install'
[0.490s] Level 1:colcon.colcon_core.package_identification:_identify(data/tmp/1781530988_Newton) by extensions ['colcon_pkg']
[0.490s] Level 1:colcon.colcon_core.package_identification:_identify(data/tmp/1781530988_Newton) by extension 'colcon_pkg'
[0.490s] Level 1:colcon.colcon_core.package_identification:_identify(data/tmp/1781530988_Newton) by extensions ['colcon_meta']
[0.490s] Level 1:colcon.colcon_core.package_identification:_identify(data/tmp/1781530988_Newton) by extension 'colcon_meta'
[0.490s] Level 1:colcon.colcon_core.package_identification:_identify(data/tmp/1781530988_Newton) by extensions ['ros']
[0.490s] Level 1:colcon.colcon_core.package_identification:_identify(data/tmp/1781530988_Newton) by extension 'ros'
[0.491s] Level 1:colcon.colcon_core.package_identification:_identify(data/tmp/1781530988_Newton) by extensions ['cmake', 'python']
[0.491s] Level 1:colcon.colcon_core.package_identification:_identify(data/tmp/1781530988_Newton) by extension 'cmake'
[0.491s] Level 1:colcon.colcon_core.package_identification:_identify(data/tmp/1781530988_Newton) by extension 'python'
[0.491s] Level 1:colcon.colcon_core.package_identification:_identify(data/tmp/1781530988_Newton) by extensions ['python_setup_py']
[0.491s] Level 1:colcon.colcon_core.package_identification:_identify(data/tmp/1781530988_Newton) by extension 'python_setup_py'
[0.491s] Level 1:colcon.colcon_core.package_identification:_identify(data/tmp/1781531039_Newton) by extensions ['ignore', 'ignore_ament_install']
[0.491s] Level 1:colcon.colcon_core.package_identification:_identify(data/tmp/1781531039_Newton) by extension 'ignore'
[0.491s] Level 1:colcon.colcon_core.package_identification:_identify(data/tmp/1781531039_Newton) by extension 'ignore_ament_install'
[0.491s] Level 1:colcon.colcon_core.package_identification:_identify(data/tmp/1781531039_Newton) by extensions ['colcon_pkg']
[0.491s] Level 1:colcon.colcon_core.package_identification:_identify(data/tmp/1781531039_Newton) by extension 'colcon_pkg'
[0.491s] Level 1:colcon.colcon_core.package_identification:_identify(data/tmp/1781531039_Newton) by extensions ['colcon_meta']
[0.491s] Level 1:colcon.colcon_core.package_identification:_identify(data/tmp/1781531039_Newton) by extension 'colcon_meta'
[0.491s] Level 1:colcon.colcon_core.package_identification:_identify(data/tmp/1781531039_Newton) by extensions ['ros']
[0.491s] Level 1:colcon.colcon_core.package_identification:_identify(data/tmp/1781531039_Newton) by extension 'ros'
[0.491s] Level 1:colcon.colcon_core.package_identification:_identify(data/tmp/1781531039_Newton) by extensions ['cmake', 'python']
[0.491s] Level 1:colcon.colcon_core.package_identification:_identify(data/tmp/1781531039_Newton) by extension 'cmake'
[0.491s] Level 1:colcon.colcon_core.package_identification:_identify(data/tmp/1781531039_Newton) by extension 'python'
[0.491s] Level 1:colcon.colcon_core.package_identification:_identify(data/tmp/1781531039_Newton) by extensions ['python_setup_py']
[0.491s] Level 1:colcon.colcon_core.package_identification:_identify(data/tmp/1781531039_Newton) by extension 'python_setup_py'
[0.491s] Level 1:colcon.colcon_core.package_identification:_identify(data/tmp/1781531095_Newton) by extensions ['ignore', 'ignore_ament_install']
[0.491s] Level 1:colcon.colcon_core.package_identification:_identify(data/tmp/1781531095_Newton) by extension 'ignore'
[0.491s] Level 1:colcon.colcon_core.package_identification:_identify(data/tmp/1781531095_Newton) by extension 'ignore_ament_install'
[0.491s] Level 1:colcon.colcon_core.package_identification:_identify(data/tmp/1781531095_Newton) by extensions ['colcon_pkg']
[0.491s] Level 1:colcon.colcon_core.package_identification:_identify(data/tmp/1781531095_Newton) by extension 'colcon_pkg'
[0.491s] Level 1:colcon.colcon_core.package_identification:_identify(data/tmp/1781531095_Newton) by extensions ['colcon_meta']
[0.491s] Level 1:colcon.colcon_core.package_identification:_identify(data/tmp/1781531095_Newton) by extension 'colcon_meta'
[0.491s] Level 1:colcon.colcon_core.package_identification:_identify(data/tmp/1781531095_Newton) by extensions ['ros']
[0.491s] Level 1:colcon.colcon_core.package_identification:_identify(data/tmp/1781531095_Newton) by extension 'ros'
[0.492s] Level 1:colcon.colcon_core.package_identification:_identify(data/tmp/1781531095_Newton) by extensions ['cmake', 'python']
[0.492s] Level 1:colcon.colcon_core.package_identification:_identify(data/tmp/1781531095_Newton) by extension 'cmake'
[0.492s] Level 1:colcon.colcon_core.package_identification:_identify(data/tmp/1781531095_Newton) by extension 'python'
[0.492s] Level 1:colcon.colcon_core.package_identification:_identify(data/tmp/1781531095_Newton) by extensions ['python_setup_py']
[0.492s] Level 1:colcon.colcon_core.package_identification:_identify(data/tmp/1781531095_Newton) by extension 'python_setup_py'
[0.492s] Level 1:colcon.colcon_core.package_identification:_identify(data/tmp/1781531115_CG) by extensions ['ignore', 'ignore_ament_install']
[0.492s] Level 1:colcon.colcon_core.package_identification:_identify(data/tmp/1781531115_CG) by extension 'ignore'
[0.492s] Level 1:colcon.colcon_core.package_identification:_identify(data/tmp/1781531115_CG) by extension 'ignore_ament_install'
[0.492s] Level 1:colcon.colcon_core.package_identification:_identify(data/tmp/1781531115_CG) by extensions ['colcon_pkg']
[0.492s] Level 1:colcon.colcon_core.package_identification:_identify(data/tmp/1781531115_CG) by extension 'colcon_pkg'
[0.492s] Level 1:colcon.colcon_core.package_identification:_identify(data/tmp/1781531115_CG) by extensions ['colcon_meta']
[0.492s] Level 1:colcon.colcon_core.package_identification:_identify(data/tmp/1781531115_CG) by extension 'colcon_meta'
[0.492s] Level 1:colcon.colcon_core.package_identification:_identify(data/tmp/1781531115_CG) by extensions ['ros']
[0.492s] Level 1:colcon.colcon_core.package_identification:_identify(data/tmp/1781531115_CG) by extension 'ros'
[0.492s] Level 1:colcon.colcon_core.package_identification:_identify(data/tmp/1781531115_CG) by extensions ['cmake', 'python']
[0.492s] Level 1:colcon.colcon_core.package_identification:_identify(data/tmp/1781531115_CG) by extension 'cmake'
[0.492s] Level 1:colcon.colcon_core.package_identification:_identify(data/tmp/1781531115_CG) by extension 'python'
[0.492s] Level 1:colcon.colcon_core.package_identification:_identify(data/tmp/1781531115_CG) by extensions ['python_setup_py']
[0.492s] Level 1:colcon.colcon_core.package_identification:_identify(data/tmp/1781531115_CG) by extension 'python_setup_py'
[0.492s] Level 1:colcon.colcon_core.package_identification:_identify(data/tmp/1781531123_CG) by extensions ['ignore', 'ignore_ament_install']
[0.492s] Level 1:colcon.colcon_core.package_identification:_identify(data/tmp/1781531123_CG) by extension 'ignore'
[0.492s] Level 1:colcon.colcon_core.package_identification:_identify(data/tmp/1781531123_CG) by extension 'ignore_ament_install'
[0.492s] Level 1:colcon.colcon_core.package_identification:_identify(data/tmp/1781531123_CG) by extensions ['colcon_pkg']
[0.492s] Level 1:colcon.colcon_core.package_identification:_identify(data/tmp/1781531123_CG) by extension 'colcon_pkg'
[0.492s] Level 1:colcon.colcon_core.package_identification:_identify(data/tmp/1781531123_CG) by extensions ['colcon_meta']
[0.492s] Level 1:colcon.colcon_core.package_identification:_identify(data/tmp/1781531123_CG) by extension 'colcon_meta'
[0.492s] Level 1:colcon.colcon_core.package_identification:_identify(data/tmp/1781531123_CG) by extensions ['ros']
[0.493s] Level 1:colcon.colcon_core.package_identification:_identify(data/tmp/1781531123_CG) by extension 'ros'
[0.493s] Level 1:colcon.colcon_core.package_identification:_identify(data/tmp/1781531123_CG) by extensions ['cmake', 'python']
[0.493s] Level 1:colcon.colcon_core.package_identification:_identify(data/tmp/1781531123_CG) by extension 'cmake'
[0.493s] Level 1:colcon.colcon_core.package_identification:_identify(data/tmp/1781531123_CG) by extension 'python'
[0.493s] Level 1:colcon.colcon_core.package_identification:_identify(data/tmp/1781531123_CG) by extensions ['python_setup_py']
[0.493s] Level 1:colcon.colcon_core.package_identification:_identify(data/tmp/1781531123_CG) by extension 'python_setup_py'
[0.493s] Level 1:colcon.colcon_core.package_identification:_identify(data/tmp/1781531172_CG) by extensions ['ignore', 'ignore_ament_install']
[0.493s] Level 1:colcon.colcon_core.package_identification:_identify(data/tmp/1781531172_CG) by extension 'ignore'
[0.493s] Level 1:colcon.colcon_core.package_identification:_identify(data/tmp/1781531172_CG) by extension 'ignore_ament_install'
[0.493s] Level 1:colcon.colcon_core.package_identification:_identify(data/tmp/1781531172_CG) by extensions ['colcon_pkg']
[0.493s] Level 1:colcon.colcon_core.package_identification:_identify(data/tmp/1781531172_CG) by extension 'colcon_pkg'
[0.493s] Level 1:colcon.colcon_core.package_identification:_identify(data/tmp/1781531172_CG) by extensions ['colcon_meta']
[0.493s] Level 1:colcon.colcon_core.package_identification:_identify(data/tmp/1781531172_CG) by extension 'colcon_meta'
[0.493s] Level 1:colcon.colcon_core.package_identification:_identify(data/tmp/1781531172_CG) by extensions ['ros']
[0.493s] Level 1:colcon.colcon_core.package_identification:_identify(data/tmp/1781531172_CG) by extension 'ros'
[0.493s] Level 1:colcon.colcon_core.package_identification:_identify(data/tmp/1781531172_CG) by extensions ['cmake', 'python']
[0.493s] Level 1:colcon.colcon_core.package_identification:_identify(data/tmp/1781531172_CG) by extension 'cmake'
[0.493s] Level 1:colcon.colcon_core.package_identification:_identify(data/tmp/1781531172_CG) by extension 'python'
[0.493s] Level 1:colcon.colcon_core.package_identification:_identify(data/tmp/1781531172_CG) by extensions ['python_setup_py']
[0.493s] Level 1:colcon.colcon_core.package_identification:_identify(data/tmp/1781531172_CG) by extension 'python_setup_py'
[0.493s] Level 1:colcon.colcon_core.package_identification:_identify(data/tmp/1781531200_GD) by extensions ['ignore', 'ignore_ament_install']
[0.493s] Level 1:colcon.colcon_core.package_identification:_identify(data/tmp/1781531200_GD) by extension 'ignore'
[0.493s] Level 1:colcon.colcon_core.package_identification:_identify(data/tmp/1781531200_GD) by extension 'ignore_ament_install'
[0.493s] Level 1:colcon.colcon_core.package_identification:_identify(data/tmp/1781531200_GD) by extensions ['colcon_pkg']
[0.493s] Level 1:colcon.colcon_core.package_identification:_identify(data/tmp/1781531200_GD) by extension 'colcon_pkg'
[0.493s] Level 1:colcon.colcon_core.package_identification:_identify(data/tmp/1781531200_GD) by extensions ['colcon_meta']
[0.494s] Level 1:colcon.colcon_core.package_identification:_identify(data/tmp/1781531200_GD) by extension 'colcon_meta'
[0.494s] Level 1:colcon.colcon_core.package_identification:_identify(data/tmp/1781531200_GD) by extensions ['ros']
[0.494s] Level 1:colcon.colcon_core.package_identification:_identify(data/tmp/1781531200_GD) by extension 'ros'
[0.494s] Level 1:colcon.colcon_core.package_identification:_identify(data/tmp/1781531200_GD) by extensions ['cmake', 'python']
[0.494s] Level 1:colcon.colcon_core.package_identification:_identify(data/tmp/1781531200_GD) by extension 'cmake'
[0.494s] Level 1:colcon.colcon_core.package_identification:_identify(data/tmp/1781531200_GD) by extension 'python'
[0.494s] Level 1:colcon.colcon_core.package_identification:_identify(data/tmp/1781531200_GD) by extensions ['python_setup_py']
[0.494s] Level 1:colcon.colcon_core.package_identification:_identify(data/tmp/1781531200_GD) by extension 'python_setup_py'
[0.494s] Level 1:colcon.colcon_core.package_identification:_identify(data/tmp/1781531207_GD) by extensions ['ignore', 'ignore_ament_install']
[0.494s] Level 1:colcon.colcon_core.package_identification:_identify(data/tmp/1781531207_GD) by extension 'ignore'
[0.494s] Level 1:colcon.colcon_core.package_identification:_identify(data/tmp/1781531207_GD) by extension 'ignore_ament_install'
[0.494s] Level 1:colcon.colcon_core.package_identification:_identify(data/tmp/1781531207_GD) by extensions ['colcon_pkg']
[0.494s] Level 1:colcon.colcon_core.package_identification:_identify(data/tmp/1781531207_GD) by extension 'colcon_pkg'
[0.494s] Level 1:colcon.colcon_core.package_identification:_identify(data/tmp/1781531207_GD) by extensions ['colcon_meta']
[0.494s] Level 1:colcon.colcon_core.package_identification:_identify(data/tmp/1781531207_GD) by extension 'colcon_meta'
[0.494s] Level 1:colcon.colcon_core.package_identification:_identify(data/tmp/1781531207_GD) by extensions ['ros']
[0.494s] Level 1:colcon.colcon_core.package_identification:_identify(data/tmp/1781531207_GD) by extension 'ros'
[0.494s] Level 1:colcon.colcon_core.package_identification:_identify(data/tmp/1781531207_GD) by extensions ['cmake', 'python']
[0.494s] Level 1:colcon.colcon_core.package_identification:_identify(data/tmp/1781531207_GD) by extension 'cmake'
[0.494s] Level 1:colcon.colcon_core.package_identification:_identify(data/tmp/1781531207_GD) by extension 'python'
[0.494s] Level 1:colcon.colcon_core.package_identification:_identify(data/tmp/1781531207_GD) by extensions ['python_setup_py']
[0.494s] Level 1:colcon.colcon_core.package_identification:_identify(data/tmp/1781531207_GD) by extension 'python_setup_py'
[0.494s] Level 1:colcon.colcon_core.package_identification:_identify(data/tmp/1781531241_GD) by extensions ['ignore', 'ignore_ament_install']
[0.495s] Level 1:colcon.colcon_core.package_identification:_identify(data/tmp/1781531241_GD) by extension 'ignore'
[0.495s] Level 1:colcon.colcon_core.package_identification:_identify(data/tmp/1781531241_GD) by extension 'ignore_ament_install'
[0.495s] Level 1:colcon.colcon_core.package_identification:_identify(data/tmp/1781531241_GD) by extensions ['colcon_pkg']
[0.495s] Level 1:colcon.colcon_core.package_identification:_identify(data/tmp/1781531241_GD) by extension 'colcon_pkg'
[0.495s] Level 1:colcon.colcon_core.package_identification:_identify(data/tmp/1781531241_GD) by extensions ['colcon_meta']
[0.495s] Level 1:colcon.colcon_core.package_identification:_identify(data/tmp/1781531241_GD) by extension 'colcon_meta'
[0.495s] Level 1:colcon.colcon_core.package_identification:_identify(data/tmp/1781531241_GD) by extensions ['ros']
[0.495s] Level 1:colcon.colcon_core.package_identification:_identify(data/tmp/1781531241_GD) by extension 'ros'
[0.495s] Level 1:colcon.colcon_core.package_identification:_identify(data/tmp/1781531241_GD) by extensions ['cmake', 'python']
[0.495s] Level 1:colcon.colcon_core.package_identification:_identify(data/tmp/1781531241_GD) by extension 'cmake'
[0.495s] Level 1:colcon.colcon_core.package_identification:_identify(data/tmp/1781531241_GD) by extension 'python'
[0.495s] Level 1:colcon.colcon_core.package_identification:_identify(data/tmp/1781531241_GD) by extensions ['python_setup_py']
[0.495s] Level 1:colcon.colcon_core.package_identification:_identify(data/tmp/1781531241_GD) by extension 'python_setup_py'
[0.495s] Level 1:colcon.colcon_core.package_identification:_identify(data/tmp/1781531251_Newton) by extensions ['ignore', 'ignore_ament_install']
[0.495s] Level 1:colcon.colcon_core.package_identification:_identify(data/tmp/1781531251_Newton) by extension 'ignore'
[0.495s] Level 1:colcon.colcon_core.package_identification:_identify(data/tmp/1781531251_Newton) by extension 'ignore_ament_install'
[0.495s] Level 1:colcon.colcon_core.package_identification:_identify(data/tmp/1781531251_Newton) by extensions ['colcon_pkg']
[0.495s] Level 1:colcon.colcon_core.package_identification:_identify(data/tmp/1781531251_Newton) by extension 'colcon_pkg'
[0.495s] Level 1:colcon.colcon_core.package_identification:_identify(data/tmp/1781531251_Newton) by extensions ['colcon_meta']
[0.495s] Level 1:colcon.colcon_core.package_identification:_identify(data/tmp/1781531251_Newton) by extension 'colcon_meta'
[0.495s] Level 1:colcon.colcon_core.package_identification:_identify(data/tmp/1781531251_Newton) by extensions ['ros']
[0.495s] Level 1:colcon.colcon_core.package_identification:_identify(data/tmp/1781531251_Newton) by extension 'ros'
[0.495s] Level 1:colcon.colcon_core.package_identification:_identify(data/tmp/1781531251_Newton) by extensions ['cmake', 'python']
[0.495s] Level 1:colcon.colcon_core.package_identification:_identify(data/tmp/1781531251_Newton) by extension 'cmake'
[0.495s] Level 1:colcon.colcon_core.package_identification:_identify(data/tmp/1781531251_Newton) by extension 'python'
[0.495s] Level 1:colcon.colcon_core.package_identification:_identify(data/tmp/1781531251_Newton) by extensions ['python_setup_py']
[0.495s] Level 1:colcon.colcon_core.package_identification:_identify(data/tmp/1781531251_Newton) by extension 'python_setup_py'
[0.496s] Level 1:colcon.colcon_core.package_identification:_identify(data/tmp/1781531257_Newton) by extensions ['ignore', 'ignore_ament_install']
[0.496s] Level 1:colcon.colcon_core.package_identification:_identify(data/tmp/1781531257_Newton) by extension 'ignore'
[0.496s] Level 1:colcon.colcon_core.package_identification:_identify(data/tmp/1781531257_Newton) by extension 'ignore_ament_install'
[0.496s] Level 1:colcon.colcon_core.package_identification:_identify(data/tmp/1781531257_Newton) by extensions ['colcon_pkg']
[0.496s] Level 1:colcon.colcon_core.package_identification:_identify(data/tmp/1781531257_Newton) by extension 'colcon_pkg'
[0.496s] Level 1:colcon.colcon_core.package_identification:_identify(data/tmp/1781531257_Newton) by extensions ['colcon_meta']
[0.496s] Level 1:colcon.colcon_core.package_identification:_identify(data/tmp/1781531257_Newton) by extension 'colcon_meta'
[0.496s] Level 1:colcon.colcon_core.package_identification:_identify(data/tmp/1781531257_Newton) by extensions ['ros']
[0.496s] Level 1:colcon.colcon_core.package_identification:_identify(data/tmp/1781531257_Newton) by extension 'ros'
[0.496s] Level 1:colcon.colcon_core.package_identification:_identify(data/tmp/1781531257_Newton) by extensions ['cmake', 'python']
[0.496s] Level 1:colcon.colcon_core.package_identification:_identify(data/tmp/1781531257_Newton) by extension 'cmake'
[0.496s] Level 1:colcon.colcon_core.package_identification:_identify(data/tmp/1781531257_Newton) by extension 'python'
[0.496s] Level 1:colcon.colcon_core.package_identification:_identify(data/tmp/1781531257_Newton) by extensions ['python_setup_py']
[0.496s] Level 1:colcon.colcon_core.package_identification:_identify(data/tmp/1781531257_Newton) by extension 'python_setup_py'
[0.496s] Level 1:colcon.colcon_core.package_identification:_identify(data/tmp/1781531410_CG) by extensions ['ignore', 'ignore_ament_install']
[0.496s] Level 1:colcon.colcon_core.package_identification:_identify(data/tmp/1781531410_CG) by extension 'ignore'
[0.496s] Level 1:colcon.colcon_core.package_identification:_identify(data/tmp/1781531410_CG) by extension 'ignore_ament_install'
[0.496s] Level 1:colcon.colcon_core.package_identification:_identify(data/tmp/1781531410_CG) by extensions ['colcon_pkg']
[0.496s] Level 1:colcon.colcon_core.package_identification:_identify(data/tmp/1781531410_CG) by extension 'colcon_pkg'
[0.496s] Level 1:colcon.colcon_core.package_identification:_identify(data/tmp/1781531410_CG) by extensions ['colcon_meta']
[0.496s] Level 1:colcon.colcon_core.package_identification:_identify(data/tmp/1781531410_CG) by extension 'colcon_meta'
[0.496s] Level 1:colcon.colcon_core.package_identification:_identify(data/tmp/1781531410_CG) by extensions ['ros']
[0.496s] Level 1:colcon.colcon_core.package_identification:_identify(data/tmp/1781531410_CG) by extension 'ros'
[0.496s] Level 1:colcon.colcon_core.package_identification:_identify(data/tmp/1781531410_CG) by extensions ['cmake', 'python']
[0.496s] Level 1:colcon.colcon_core.package_identification:_identify(data/tmp/1781531410_CG) by extension 'cmake'
[0.496s] Level 1:colcon.colcon_core.package_identification:_identify(data/tmp/1781531410_CG) by extension 'python'
[0.496s] Level 1:colcon.colcon_core.package_identification:_identify(data/tmp/1781531410_CG) by extensions ['python_setup_py']
[0.496s] Level 1:colcon.colcon_core.package_identification:_identify(data/tmp/1781531410_CG) by extension 'python_setup_py'
[0.497s] Level 1:colcon.colcon_core.package_identification:_identify(data/tmp/1781531433_CG) by extensions ['ignore', 'ignore_ament_install']
[0.497s] Level 1:colcon.colcon_core.package_identification:_identify(data/tmp/1781531433_CG) by extension 'ignore'
[0.497s] Level 1:colcon.colcon_core.package_identification:_identify(data/tmp/1781531433_CG) by extension 'ignore_ament_install'
[0.497s] Level 1:colcon.colcon_core.package_identification:_identify(data/tmp/1781531433_CG) by extensions ['colcon_pkg']
[0.497s] Level 1:colcon.colcon_core.package_identification:_identify(data/tmp/1781531433_CG) by extension 'colcon_pkg'
[0.497s] Level 1:colcon.colcon_core.package_identification:_identify(data/tmp/1781531433_CG) by extensions ['colcon_meta']
[0.497s] Level 1:colcon.colcon_core.package_identification:_identify(data/tmp/1781531433_CG) by extension 'colcon_meta'
[0.497s] Level 1:colcon.colcon_core.package_identification:_identify(data/tmp/1781531433_CG) by extensions ['ros']
[0.497s] Level 1:colcon.colcon_core.package_identification:_identify(data/tmp/1781531433_CG) by extension 'ros'
[0.497s] Level 1:colcon.colcon_core.package_identification:_identify(data/tmp/1781531433_CG) by extensions ['cmake', 'python']
[0.497s] Level 1:colcon.colcon_core.package_identification:_identify(data/tmp/1781531433_CG) by extension 'cmake'
[0.497s] Level 1:colcon.colcon_core.package_identification:_identify(data/tmp/1781531433_CG) by extension 'python'
[0.497s] Level 1:colcon.colcon_core.package_identification:_identify(data/tmp/1781531433_CG) by extensions ['python_setup_py']
[0.497s] Level 1:colcon.colcon_core.package_identification:_identify(data/tmp/1781531433_CG) by extension 'python_setup_py'
[0.497s] Level 1:colcon.colcon_core.package_identification:_identify(data/tmp/1781531442_CG) by extensions ['ignore', 'ignore_ament_install']
[0.497s] Level 1:colcon.colcon_core.package_identification:_identify(data/tmp/1781531442_CG) by extension 'ignore'
[0.497s] Level 1:colcon.colcon_core.package_identification:_identify(data/tmp/1781531442_CG) by extension 'ignore_ament_install'
[0.497s] Level 1:colcon.colcon_core.package_identification:_identify(data/tmp/1781531442_CG) by extensions ['colcon_pkg']
[0.497s] Level 1:colcon.colcon_core.package_identification:_identify(data/tmp/1781531442_CG) by extension 'colcon_pkg'
[0.497s] Level 1:colcon.colcon_core.package_identification:_identify(data/tmp/1781531442_CG) by extensions ['colcon_meta']
[0.497s] Level 1:colcon.colcon_core.package_identification:_identify(data/tmp/1781531442_CG) by extension 'colcon_meta'
[0.497s] Level 1:colcon.colcon_core.package_identification:_identify(data/tmp/1781531442_CG) by extensions ['ros']
[0.497s] Level 1:colcon.colcon_core.package_identification:_identify(data/tmp/1781531442_CG) by extension 'ros'
[0.497s] Level 1:colcon.colcon_core.package_identification:_identify(data/tmp/1781531442_CG) by extensions ['cmake', 'python']
[0.497s] Level 1:colcon.colcon_core.package_identification:_identify(data/tmp/1781531442_CG) by extension 'cmake'
[0.497s] Level 1:colcon.colcon_core.package_identification:_identify(data/tmp/1781531442_CG) by extension 'python'
[0.497s] Level 1:colcon.colcon_core.package_identification:_identify(data/tmp/1781531442_CG) by extensions ['python_setup_py']
[0.497s] Level 1:colcon.colcon_core.package_identification:_identify(data/tmp/1781531442_CG) by extension 'python_setup_py'
[0.498s] Level 1:colcon.colcon_core.package_identification:_identify(data/tmp/1781531489_CG) by extensions ['ignore', 'ignore_ament_install']
[0.498s] Level 1:colcon.colcon_core.package_identification:_identify(data/tmp/1781531489_CG) by extension 'ignore'
[0.498s] Level 1:colcon.colcon_core.package_identification:_identify(data/tmp/1781531489_CG) by extension 'ignore_ament_install'
[0.498s] Level 1:colcon.colcon_core.package_identification:_identify(data/tmp/1781531489_CG) by extensions ['colcon_pkg']
[0.498s] Level 1:colcon.colcon_core.package_identification:_identify(data/tmp/1781531489_CG) by extension 'colcon_pkg'
[0.498s] Level 1:colcon.colcon_core.package_identification:_identify(data/tmp/1781531489_CG) by extensions ['colcon_meta']
[0.498s] Level 1:colcon.colcon_core.package_identification:_identify(data/tmp/1781531489_CG) by extension 'colcon_meta'
[0.498s] Level 1:colcon.colcon_core.package_identification:_identify(data/tmp/1781531489_CG) by extensions ['ros']
[0.498s] Level 1:colcon.colcon_core.package_identification:_identify(data/tmp/1781531489_CG) by extension 'ros'
[0.498s] Level 1:colcon.colcon_core.package_identification:_identify(data/tmp/1781531489_CG) by extensions ['cmake', 'python']
[0.498s] Level 1:colcon.colcon_core.package_identification:_identify(data/tmp/1781531489_CG) by extension 'cmake'
[0.498s] Level 1:colcon.colcon_core.package_identification:_identify(data/tmp/1781531489_CG) by extension 'python'
[0.498s] Level 1:colcon.colcon_core.package_identification:_identify(data/tmp/1781531489_CG) by extensions ['python_setup_py']
[0.498s] Level 1:colcon.colcon_core.package_identification:_identify(data/tmp/1781531489_CG) by extension 'python_setup_py'
[0.498s] Level 1:colcon.colcon_core.package_identification:_identify(data/tmp/1781531531_GD) by extensions ['ignore', 'ignore_ament_install']
[0.498s] Level 1:colcon.colcon_core.package_identification:_identify(data/tmp/1781531531_GD) by extension 'ignore'
[0.498s] Level 1:colcon.colcon_core.package_identification:_identify(data/tmp/1781531531_GD) by extension 'ignore_ament_install'
[0.498s] Level 1:colcon.colcon_core.package_identification:_identify(data/tmp/1781531531_GD) by extensions ['colcon_pkg']
[0.498s] Level 1:colcon.colcon_core.package_identification:_identify(data/tmp/1781531531_GD) by extension 'colcon_pkg'
[0.498s] Level 1:colcon.colcon_core.package_identification:_identify(data/tmp/1781531531_GD) by extensions ['colcon_meta']
[0.498s] Level 1:colcon.colcon_core.package_identification:_identify(data/tmp/1781531531_GD) by extension 'colcon_meta'
[0.498s] Level 1:colcon.colcon_core.package_identification:_identify(data/tmp/1781531531_GD) by extensions ['ros']
[0.498s] Level 1:colcon.colcon_core.package_identification:_identify(data/tmp/1781531531_GD) by extension 'ros'
[0.498s] Level 1:colcon.colcon_core.package_identification:_identify(data/tmp/1781531531_GD) by extensions ['cmake', 'python']
[0.498s] Level 1:colcon.colcon_core.package_identification:_identify(data/tmp/1781531531_GD) by extension 'cmake'
[0.498s] Level 1:colcon.colcon_core.package_identification:_identify(data/tmp/1781531531_GD) by extension 'python'
[0.498s] Level 1:colcon.colcon_core.package_identification:_identify(data/tmp/1781531531_GD) by extensions ['python_setup_py']
[0.499s] Level 1:colcon.colcon_core.package_identification:_identify(data/tmp/1781531531_GD) by extension 'python_setup_py'
[0.499s] Level 1:colcon.colcon_core.package_identification:_identify(data/tmp/1781531591_Newton) by extensions ['ignore', 'ignore_ament_install']
[0.499s] Level 1:colcon.colcon_core.package_identification:_identify(data/tmp/1781531591_Newton) by extension 'ignore'
[0.499s] Level 1:colcon.colcon_core.package_identification:_identify(data/tmp/1781531591_Newton) by extension 'ignore_ament_install'
[0.499s] Level 1:colcon.colcon_core.package_identification:_identify(data/tmp/1781531591_Newton) by extensions ['colcon_pkg']
[0.499s] Level 1:colcon.colcon_core.package_identification:_identify(data/tmp/1781531591_Newton) by extension 'colcon_pkg'
[0.499s] Level 1:colcon.colcon_core.package_identification:_identify(data/tmp/1781531591_Newton) by extensions ['colcon_meta']
[0.499s] Level 1:colcon.colcon_core.package_identification:_identify(data/tmp/1781531591_Newton) by extension 'colcon_meta'
[0.499s] Level 1:colcon.colcon_core.package_identification:_identify(data/tmp/1781531591_Newton) by extensions ['ros']
[0.499s] Level 1:colcon.colcon_core.package_identification:_identify(data/tmp/1781531591_Newton) by extension 'ros'
[0.499s] Level 1:colcon.colcon_core.package_identification:_identify(data/tmp/1781531591_Newton) by extensions ['cmake', 'python']
[0.499s] Level 1:colcon.colcon_core.package_identification:_identify(data/tmp/1781531591_Newton) by extension 'cmake'
[0.499s] Level 1:colcon.colcon_core.package_identification:_identify(data/tmp/1781531591_Newton) by extension 'python'
[0.499s] Level 1:colcon.colcon_core.package_identification:_identify(data/tmp/1781531591_Newton) by extensions ['python_setup_py']
[0.499s] Level 1:colcon.colcon_core.package_identification:_identify(data/tmp/1781531591_Newton) by extension 'python_setup_py'
[0.499s] Level 1:colcon.colcon_core.package_identification:_identify(data/tmp/1781531643_Newton) by extensions ['ignore', 'ignore_ament_install']
[0.499s] Level 1:colcon.colcon_core.package_identification:_identify(data/tmp/1781531643_Newton) by extension 'ignore'
[0.499s] Level 1:colcon.colcon_core.package_identification:_identify(data/tmp/1781531643_Newton) by extension 'ignore_ament_install'
[0.499s] Level 1:colcon.colcon_core.package_identification:_identify(data/tmp/1781531643_Newton) by extensions ['colcon_pkg']
[0.499s] Level 1:colcon.colcon_core.package_identification:_identify(data/tmp/1781531643_Newton) by extension 'colcon_pkg'
[0.499s] Level 1:colcon.colcon_core.package_identification:_identify(data/tmp/1781531643_Newton) by extensions ['colcon_meta']
[0.499s] Level 1:colcon.colcon_core.package_identification:_identify(data/tmp/1781531643_Newton) by extension 'colcon_meta'
[0.499s] Level 1:colcon.colcon_core.package_identification:_identify(data/tmp/1781531643_Newton) by extensions ['ros']
[0.499s] Level 1:colcon.colcon_core.package_identification:_identify(data/tmp/1781531643_Newton) by extension 'ros'
[0.499s] Level 1:colcon.colcon_core.package_identification:_identify(data/tmp/1781531643_Newton) by extensions ['cmake', 'python']
[0.499s] Level 1:colcon.colcon_core.package_identification:_identify(data/tmp/1781531643_Newton) by extension 'cmake'
[0.499s] Level 1:colcon.colcon_core.package_identification:_identify(data/tmp/1781531643_Newton) by extension 'python'
[0.499s] Level 1:colcon.colcon_core.package_identification:_identify(data/tmp/1781531643_Newton) by extensions ['python_setup_py']
[0.500s] Level 1:colcon.colcon_core.package_identification:_identify(data/tmp/1781531643_Newton) by extension 'python_setup_py'
[0.500s] Level 1:colcon.colcon_core.package_identification:_identify(data/tmp/1781531654_Newton) by extensions ['ignore', 'ignore_ament_install']
[0.500s] Level 1:colcon.colcon_core.package_identification:_identify(data/tmp/1781531654_Newton) by extension 'ignore'
[0.500s] Level 1:colcon.colcon_core.package_identification:_identify(data/tmp/1781531654_Newton) by extension 'ignore_ament_install'
[0.500s] Level 1:colcon.colcon_core.package_identification:_identify(data/tmp/1781531654_Newton) by extensions ['colcon_pkg']
[0.500s] Level 1:colcon.colcon_core.package_identification:_identify(data/tmp/1781531654_Newton) by extension 'colcon_pkg'
[0.500s] Level 1:colcon.colcon_core.package_identification:_identify(data/tmp/1781531654_Newton) by extensions ['colcon_meta']
[0.500s] Level 1:colcon.colcon_core.package_identification:_identify(data/tmp/1781531654_Newton) by extension 'colcon_meta'
[0.500s] Level 1:colcon.colcon_core.package_identification:_identify(data/tmp/1781531654_Newton) by extensions ['ros']
[0.500s] Level 1:colcon.colcon_core.package_identification:_identify(data/tmp/1781531654_Newton) by extension 'ros'
[0.500s] Level 1:colcon.colcon_core.package_identification:_identify(data/tmp/1781531654_Newton) by extensions ['cmake', 'python']
[0.500s] Level 1:colcon.colcon_core.package_identification:_identify(data/tmp/1781531654_Newton) by extension 'cmake'
[0.500s] Level 1:colcon.colcon_core.package_identification:_identify(data/tmp/1781531654_Newton) by extension 'python'
[0.500s] Level 1:colcon.colcon_core.package_identification:_identify(data/tmp/1781531654_Newton) by extensions ['python_setup_py']
[0.500s] Level 1:colcon.colcon_core.package_identification:_identify(data/tmp/1781531654_Newton) by extension 'python_setup_py'
[0.500s] Level 1:colcon.colcon_core.package_identification:_identify(data/tmp/1781531727_Newton) by extensions ['ignore', 'ignore_ament_install']
[0.500s] Level 1:colcon.colcon_core.package_identification:_identify(data/tmp/1781531727_Newton) by extension 'ignore'
[0.500s] Level 1:colcon.colcon_core.package_identification:_identify(data/tmp/1781531727_Newton) by extension 'ignore_ament_install'
[0.500s] Level 1:colcon.colcon_core.package_identification:_identify(data/tmp/1781531727_Newton) by extensions ['colcon_pkg']
[0.500s] Level 1:colcon.colcon_core.package_identification:_identify(data/tmp/1781531727_Newton) by extension 'colcon_pkg'
[0.500s] Level 1:colcon.colcon_core.package_identification:_identify(data/tmp/1781531727_Newton) by extensions ['colcon_meta']
[0.500s] Level 1:colcon.colcon_core.package_identification:_identify(data/tmp/1781531727_Newton) by extension 'colcon_meta'
[0.500s] Level 1:colcon.colcon_core.package_identification:_identify(data/tmp/1781531727_Newton) by extensions ['ros']
[0.500s] Level 1:colcon.colcon_core.package_identification:_identify(data/tmp/1781531727_Newton) by extension 'ros'
[0.500s] Level 1:colcon.colcon_core.package_identification:_identify(data/tmp/1781531727_Newton) by extensions ['cmake', 'python']
[0.500s] Level 1:colcon.colcon_core.package_identification:_identify(data/tmp/1781531727_Newton) by extension 'cmake'
[0.500s] Level 1:colcon.colcon_core.package_identification:_identify(data/tmp/1781531727_Newton) by extension 'python'
[0.501s] Level 1:colcon.colcon_core.package_identification:_identify(data/tmp/1781531727_Newton) by extensions ['python_setup_py']
[0.501s] Level 1:colcon.colcon_core.package_identification:_identify(data/tmp/1781531727_Newton) by extension 'python_setup_py'
[0.501s] Level 1:colcon.colcon_core.package_identification:_identify(data/tmp/1781531730_Newton) by extensions ['ignore', 'ignore_ament_install']
[0.501s] Level 1:colcon.colcon_core.package_identification:_identify(data/tmp/1781531730_Newton) by extension 'ignore'
[0.501s] Level 1:colcon.colcon_core.package_identification:_identify(data/tmp/1781531730_Newton) by extension 'ignore_ament_install'
[0.501s] Level 1:colcon.colcon_core.package_identification:_identify(data/tmp/1781531730_Newton) by extensions ['colcon_pkg']
[0.501s] Level 1:colcon.colcon_core.package_identification:_identify(data/tmp/1781531730_Newton) by extension 'colcon_pkg'
[0.501s] Level 1:colcon.colcon_core.package_identification:_identify(data/tmp/1781531730_Newton) by extensions ['colcon_meta']
[0.501s] Level 1:colcon.colcon_core.package_identification:_identify(data/tmp/1781531730_Newton) by extension 'colcon_meta'
[0.501s] Level 1:colcon.colcon_core.package_identification:_identify(data/tmp/1781531730_Newton) by extensions ['ros']
[0.501s] Level 1:colcon.colcon_core.package_identification:_identify(data/tmp/1781531730_Newton) by extension 'ros'
[0.501s] Level 1:colcon.colcon_core.package_identification:_identify(data/tmp/1781531730_Newton) by extensions ['cmake', 'python']
[0.501s] Level 1:colcon.colcon_core.package_identification:_identify(data/tmp/1781531730_Newton) by extension 'cmake'
[0.501s] Level 1:colcon.colcon_core.package_identification:_identify(data/tmp/1781531730_Newton) by extension 'python'
[0.501s] Level 1:colcon.colcon_core.package_identification:_identify(data/tmp/1781531730_Newton) by extensions ['python_setup_py']
[0.501s] Level 1:colcon.colcon_core.package_identification:_identify(data/tmp/1781531730_Newton) by extension 'python_setup_py'
[0.501s] Level 1:colcon.colcon_core.package_identification:_identify(data/tmp/1781531732_Newton) by extensions ['ignore', 'ignore_ament_install']
[0.501s] Level 1:colcon.colcon_core.package_identification:_identify(data/tmp/1781531732_Newton) by extension 'ignore'
[0.501s] Level 1:colcon.colcon_core.package_identification:_identify(data/tmp/1781531732_Newton) by extension 'ignore_ament_install'
[0.501s] Level 1:colcon.colcon_core.package_identification:_identify(data/tmp/1781531732_Newton) by extensions ['colcon_pkg']
[0.501s] Level 1:colcon.colcon_core.package_identification:_identify(data/tmp/1781531732_Newton) by extension 'colcon_pkg'
[0.501s] Level 1:colcon.colcon_core.package_identification:_identify(data/tmp/1781531732_Newton) by extensions ['colcon_meta']
[0.501s] Level 1:colcon.colcon_core.package_identification:_identify(data/tmp/1781531732_Newton) by extension 'colcon_meta'
[0.501s] Level 1:colcon.colcon_core.package_identification:_identify(data/tmp/1781531732_Newton) by extensions ['ros']
[0.501s] Level 1:colcon.colcon_core.package_identification:_identify(data/tmp/1781531732_Newton) by extension 'ros'
[0.501s] Level 1:colcon.colcon_core.package_identification:_identify(data/tmp/1781531732_Newton) by extensions ['cmake', 'python']
[0.501s] Level 1:colcon.colcon_core.package_identification:_identify(data/tmp/1781531732_Newton) by extension 'cmake'
[0.501s] Level 1:colcon.colcon_core.package_identification:_identify(data/tmp/1781531732_Newton) by extension 'python'
[0.502s] Level 1:colcon.colcon_core.package_identification:_identify(data/tmp/1781531732_Newton) by extensions ['python_setup_py']
[0.502s] Level 1:colcon.colcon_core.package_identification:_identify(data/tmp/1781531732_Newton) by extension 'python_setup_py'
[0.502s] Level 1:colcon.colcon_core.package_identification:_identify(data/tmp/1781532475_CG) by extensions ['ignore', 'ignore_ament_install']
[0.502s] Level 1:colcon.colcon_core.package_identification:_identify(data/tmp/1781532475_CG) by extension 'ignore'
[0.502s] Level 1:colcon.colcon_core.package_identification:_identify(data/tmp/1781532475_CG) by extension 'ignore_ament_install'
[0.502s] Level 1:colcon.colcon_core.package_identification:_identify(data/tmp/1781532475_CG) by extensions ['colcon_pkg']
[0.502s] Level 1:colcon.colcon_core.package_identification:_identify(data/tmp/1781532475_CG) by extension 'colcon_pkg'
[0.502s] Level 1:colcon.colcon_core.package_identification:_identify(data/tmp/1781532475_CG) by extensions ['colcon_meta']
[0.502s] Level 1:colcon.colcon_core.package_identification:_identify(data/tmp/1781532475_CG) by extension 'colcon_meta'
[0.502s] Level 1:colcon.colcon_core.package_identification:_identify(data/tmp/1781532475_CG) by extensions ['ros']
[0.502s] Level 1:colcon.colcon_core.package_identification:_identify(data/tmp/1781532475_CG) by extension 'ros'
[0.502s] Level 1:colcon.colcon_core.package_identification:_identify(data/tmp/1781532475_CG) by extensions ['cmake', 'python']
[0.502s] Level 1:colcon.colcon_core.package_identification:_identify(data/tmp/1781532475_CG) by extension 'cmake'
[0.502s] Level 1:colcon.colcon_core.package_identification:_identify(data/tmp/1781532475_CG) by extension 'python'
[0.502s] Level 1:colcon.colcon_core.package_identification:_identify(data/tmp/1781532475_CG) by extensions ['python_setup_py']
[0.502s] Level 1:colcon.colcon_core.package_identification:_identify(data/tmp/1781532475_CG) by extension 'python_setup_py'
[0.502s] Level 1:colcon.colcon_core.package_identification:_identify(data/tmp/1781532653_CG) by extensions ['ignore', 'ignore_ament_install']
[0.502s] Level 1:colcon.colcon_core.package_identification:_identify(data/tmp/1781532653_CG) by extension 'ignore'
[0.502s] Level 1:colcon.colcon_core.package_identification:_identify(data/tmp/1781532653_CG) by extension 'ignore_ament_install'
[0.502s] Level 1:colcon.colcon_core.package_identification:_identify(data/tmp/1781532653_CG) by extensions ['colcon_pkg']
[0.502s] Level 1:colcon.colcon_core.package_identification:_identify(data/tmp/1781532653_CG) by extension 'colcon_pkg'
[0.502s] Level 1:colcon.colcon_core.package_identification:_identify(data/tmp/1781532653_CG) by extensions ['colcon_meta']
[0.502s] Level 1:colcon.colcon_core.package_identification:_identify(data/tmp/1781532653_CG) by extension 'colcon_meta'
[0.502s] Level 1:colcon.colcon_core.package_identification:_identify(data/tmp/1781532653_CG) by extensions ['ros']
[0.502s] Level 1:colcon.colcon_core.package_identification:_identify(data/tmp/1781532653_CG) by extension 'ros'
[0.502s] Level 1:colcon.colcon_core.package_identification:_identify(data/tmp/1781532653_CG) by extensions ['cmake', 'python']
[0.502s] Level 1:colcon.colcon_core.package_identification:_identify(data/tmp/1781532653_CG) by extension 'cmake'
[0.502s] Level 1:colcon.colcon_core.package_identification:_identify(data/tmp/1781532653_CG) by extension 'python'
[0.503s] Level 1:colcon.colcon_core.package_identification:_identify(data/tmp/1781532653_CG) by extensions ['python_setup_py']
[0.503s] Level 1:colcon.colcon_core.package_identification:_identify(data/tmp/1781532653_CG) by extension 'python_setup_py'
[0.503s] Level 1:colcon.colcon_core.package_identification:_identify(data/tmp/1781532721_CG) by extensions ['ignore', 'ignore_ament_install']
[0.503s] Level 1:colcon.colcon_core.package_identification:_identify(data/tmp/1781532721_CG) by extension 'ignore'
[0.503s] Level 1:colcon.colcon_core.package_identification:_identify(data/tmp/1781532721_CG) by extension 'ignore_ament_install'
[0.503s] Level 1:colcon.colcon_core.package_identification:_identify(data/tmp/1781532721_CG) by extensions ['colcon_pkg']
[0.503s] Level 1:colcon.colcon_core.package_identification:_identify(data/tmp/1781532721_CG) by extension 'colcon_pkg'
[0.503s] Level 1:colcon.colcon_core.package_identification:_identify(data/tmp/1781532721_CG) by extensions ['colcon_meta']
[0.503s] Level 1:colcon.colcon_core.package_identification:_identify(data/tmp/1781532721_CG) by extension 'colcon_meta'
[0.503s] Level 1:colcon.colcon_core.package_identification:_identify(data/tmp/1781532721_CG) by extensions ['ros']
[0.503s] Level 1:colcon.colcon_core.package_identification:_identify(data/tmp/1781532721_CG) by extension 'ros'
[0.503s] Level 1:colcon.colcon_core.package_identification:_identify(data/tmp/1781532721_CG) by extensions ['cmake', 'python']
[0.503s] Level 1:colcon.colcon_core.package_identification:_identify(data/tmp/1781532721_CG) by extension 'cmake'
[0.503s] Level 1:colcon.colcon_core.package_identification:_identify(data/tmp/1781532721_CG) by extension 'python'
[0.503s] Level 1:colcon.colcon_core.package_identification:_identify(data/tmp/1781532721_CG) by extensions ['python_setup_py']
[0.503s] Level 1:colcon.colcon_core.package_identification:_identify(data/tmp/1781532721_CG) by extension 'python_setup_py'
[0.503s] Level 1:colcon.colcon_core.package_identification:_identify(data/tmp/1781532791_CG) by extensions ['ignore', 'ignore_ament_install']
[0.503s] Level 1:colcon.colcon_core.package_identification:_identify(data/tmp/1781532791_CG) by extension 'ignore'
[0.503s] Level 1:colcon.colcon_core.package_identification:_identify(data/tmp/1781532791_CG) by extension 'ignore_ament_install'
[0.503s] Level 1:colcon.colcon_core.package_identification:_identify(data/tmp/1781532791_CG) by extensions ['colcon_pkg']
[0.503s] Level 1:colcon.colcon_core.package_identification:_identify(data/tmp/1781532791_CG) by extension 'colcon_pkg'
[0.503s] Level 1:colcon.colcon_core.package_identification:_identify(data/tmp/1781532791_CG) by extensions ['colcon_meta']
[0.503s] Level 1:colcon.colcon_core.package_identification:_identify(data/tmp/1781532791_CG) by extension 'colcon_meta'
[0.503s] Level 1:colcon.colcon_core.package_identification:_identify(data/tmp/1781532791_CG) by extensions ['ros']
[0.503s] Level 1:colcon.colcon_core.package_identification:_identify(data/tmp/1781532791_CG) by extension 'ros'
[0.503s] Level 1:colcon.colcon_core.package_identification:_identify(data/tmp/1781532791_CG) by extensions ['cmake', 'python']
[0.503s] Level 1:colcon.colcon_core.package_identification:_identify(data/tmp/1781532791_CG) by extension 'cmake'
[0.504s] Level 1:colcon.colcon_core.package_identification:_identify(data/tmp/1781532791_CG) by extension 'python'
[0.504s] Level 1:colcon.colcon_core.package_identification:_identify(data/tmp/1781532791_CG) by extensions ['python_setup_py']
[0.504s] Level 1:colcon.colcon_core.package_identification:_identify(data/tmp/1781532791_CG) by extension 'python_setup_py'
[0.504s] Level 1:colcon.colcon_core.package_identification:_identify(data/tmp/1781532842_CG) by extensions ['ignore', 'ignore_ament_install']
[0.504s] Level 1:colcon.colcon_core.package_identification:_identify(data/tmp/1781532842_CG) by extension 'ignore'
[0.504s] Level 1:colcon.colcon_core.package_identification:_identify(data/tmp/1781532842_CG) by extension 'ignore_ament_install'
[0.504s] Level 1:colcon.colcon_core.package_identification:_identify(data/tmp/1781532842_CG) by extensions ['colcon_pkg']
[0.504s] Level 1:colcon.colcon_core.package_identification:_identify(data/tmp/1781532842_CG) by extension 'colcon_pkg'
[0.504s] Level 1:colcon.colcon_core.package_identification:_identify(data/tmp/1781532842_CG) by extensions ['colcon_meta']
[0.504s] Level 1:colcon.colcon_core.package_identification:_identify(data/tmp/1781532842_CG) by extension 'colcon_meta'
[0.504s] Level 1:colcon.colcon_core.package_identification:_identify(data/tmp/1781532842_CG) by extensions ['ros']
[0.504s] Level 1:colcon.colcon_core.package_identification:_identify(data/tmp/1781532842_CG) by extension 'ros'
[0.504s] Level 1:colcon.colcon_core.package_identification:_identify(data/tmp/1781532842_CG) by extensions ['cmake', 'python']
[0.504s] Level 1:colcon.colcon_core.package_identification:_identify(data/tmp/1781532842_CG) by extension 'cmake'
[0.504s] Level 1:colcon.colcon_core.package_identification:_identify(data/tmp/1781532842_CG) by extension 'python'
[0.504s] Level 1:colcon.colcon_core.package_identification:_identify(data/tmp/1781532842_CG) by extensions ['python_setup_py']
[0.504s] Level 1:colcon.colcon_core.package_identification:_identify(data/tmp/1781532842_CG) by extension 'python_setup_py'
[0.504s] Level 1:colcon.colcon_core.package_identification:_identify(data/tmp/1781532932_GD) by extensions ['ignore', 'ignore_ament_install']
[0.504s] Level 1:colcon.colcon_core.package_identification:_identify(data/tmp/1781532932_GD) by extension 'ignore'
[0.504s] Level 1:colcon.colcon_core.package_identification:_identify(data/tmp/1781532932_GD) by extension 'ignore_ament_install'
[0.504s] Level 1:colcon.colcon_core.package_identification:_identify(data/tmp/1781532932_GD) by extensions ['colcon_pkg']
[0.504s] Level 1:colcon.colcon_core.package_identification:_identify(data/tmp/1781532932_GD) by extension 'colcon_pkg'
[0.504s] Level 1:colcon.colcon_core.package_identification:_identify(data/tmp/1781532932_GD) by extensions ['colcon_meta']
[0.504s] Level 1:colcon.colcon_core.package_identification:_identify(data/tmp/1781532932_GD) by extension 'colcon_meta'
[0.504s] Level 1:colcon.colcon_core.package_identification:_identify(data/tmp/1781532932_GD) by extensions ['ros']
[0.504s] Level 1:colcon.colcon_core.package_identification:_identify(data/tmp/1781532932_GD) by extension 'ros'
[0.504s] Level 1:colcon.colcon_core.package_identification:_identify(data/tmp/1781532932_GD) by extensions ['cmake', 'python']
[0.504s] Level 1:colcon.colcon_core.package_identification:_identify(data/tmp/1781532932_GD) by extension 'cmake'
[0.505s] Level 1:colcon.colcon_core.package_identification:_identify(data/tmp/1781532932_GD) by extension 'python'
[0.505s] Level 1:colcon.colcon_core.package_identification:_identify(data/tmp/1781532932_GD) by extensions ['python_setup_py']
[0.505s] Level 1:colcon.colcon_core.package_identification:_identify(data/tmp/1781532932_GD) by extension 'python_setup_py'
[0.505s] Level 1:colcon.colcon_core.package_identification:_identify(data/tmp/1781533033_GD) by extensions ['ignore', 'ignore_ament_install']
[0.505s] Level 1:colcon.colcon_core.package_identification:_identify(data/tmp/1781533033_GD) by extension 'ignore'
[0.505s] Level 1:colcon.colcon_core.package_identification:_identify(data/tmp/1781533033_GD) by extension 'ignore_ament_install'
[0.505s] Level 1:colcon.colcon_core.package_identification:_identify(data/tmp/1781533033_GD) by extensions ['colcon_pkg']
[0.505s] Level 1:colcon.colcon_core.package_identification:_identify(data/tmp/1781533033_GD) by extension 'colcon_pkg'
[0.505s] Level 1:colcon.colcon_core.package_identification:_identify(data/tmp/1781533033_GD) by extensions ['colcon_meta']
[0.505s] Level 1:colcon.colcon_core.package_identification:_identify(data/tmp/1781533033_GD) by extension 'colcon_meta'
[0.505s] Level 1:colcon.colcon_core.package_identification:_identify(data/tmp/1781533033_GD) by extensions ['ros']
[0.505s] Level 1:colcon.colcon_core.package_identification:_identify(data/tmp/1781533033_GD) by extension 'ros'
[0.505s] Level 1:colcon.colcon_core.package_identification:_identify(data/tmp/1781533033_GD) by extensions ['cmake', 'python']
[0.505s] Level 1:colcon.colcon_core.package_identification:_identify(data/tmp/1781533033_GD) by extension 'cmake'
[0.505s] Level 1:colcon.colcon_core.package_identification:_identify(data/tmp/1781533033_GD) by extension 'python'
[0.505s] Level 1:colcon.colcon_core.package_identification:_identify(data/tmp/1781533033_GD) by extensions ['python_setup_py']
[0.505s] Level 1:colcon.colcon_core.package_identification:_identify(data/tmp/1781533033_GD) by extension 'python_setup_py'
[0.505s] Level 1:colcon.colcon_core.package_identification:_identify(install) by extensions ['ignore', 'ignore_ament_install']
[0.505s] Level 1:colcon.colcon_core.package_identification:_identify(install) by extension 'ignore'
[0.505s] Level 1:colcon.colcon_core.package_identification:_identify(install) ignored
[0.505s] Level 1:colcon.colcon_core.package_identification:_identify(lag_data) by extensions ['ignore', 'ignore_ament_install']
[0.505s] Level 1:colcon.colcon_core.package_identification:_identify(lag_data) by extension 'ignore'
[0.505s] Level 1:colcon.colcon_core.package_identification:_identify(lag_data) by extension 'ignore_ament_install'
[0.505s] Level 1:colcon.colcon_core.package_identification:_identify(lag_data) by extensions ['colcon_pkg']
[0.505s] Level 1:colcon.colcon_core.package_identification:_identify(lag_data) by extension 'colcon_pkg'
[0.505s] Level 1:colcon.colcon_core.package_identification:_identify(lag_data) by extensions ['colcon_meta']
[0.505s] Level 1:colcon.colcon_core.package_identification:_identify(lag_data) by extension 'colcon_meta'
[0.506s] Level 1:colcon.colcon_core.package_identification:_identify(lag_data) by extensions ['ros']
[0.506s] Level 1:colcon.colcon_core.package_identification:_identify(lag_data) by extension 'ros'
[0.506s] Level 1:colcon.colcon_core.package_identification:_identify(lag_data) by extensions ['cmake', 'python']
[0.506s] Level 1:colcon.colcon_core.package_identification:_identify(lag_data) by extension 'cmake'
[0.506s] Level 1:colcon.colcon_core.package_identification:_identify(lag_data) by extension 'python'
[0.506s] Level 1:colcon.colcon_core.package_identification:_identify(lag_data) by extensions ['python_setup_py']
[0.506s] Level 1:colcon.colcon_core.package_identification:_identify(lag_data) by extension 'python_setup_py'
[0.506s] Level 1:colcon.colcon_core.package_identification:_identify(lag_data/1784301768_Newton) by extensions ['ignore', 'ignore_ament_install']
[0.506s] Level 1:colcon.colcon_core.package_identification:_identify(lag_data/1784301768_Newton) by extension 'ignore'
[0.506s] Level 1:colcon.colcon_core.package_identification:_identify(lag_data/1784301768_Newton) by extension 'ignore_ament_install'
[0.506s] Level 1:colcon.colcon_core.package_identification:_identify(lag_data/1784301768_Newton) by extensions ['colcon_pkg']
[0.506s] Level 1:colcon.colcon_core.package_identification:_identify(lag_data/1784301768_Newton) by extension 'colcon_pkg'
[0.506s] Level 1:colcon.colcon_core.package_identification:_identify(lag_data/1784301768_Newton) by extensions ['colcon_meta']
[0.506s] Level 1:colcon.colcon_core.package_identification:_identify(lag_data/1784301768_Newton) by extension 'colcon_meta'
[0.506s] Level 1:colcon.colcon_core.package_identification:_identify(lag_data/1784301768_Newton) by extensions ['ros']
[0.506s] Level 1:colcon.colcon_core.package_identification:_identify(lag_data/1784301768_Newton) by extension 'ros'
[0.506s] Level 1:colcon.colcon_core.package_identification:_identify(lag_data/1784301768_Newton) by extensions ['cmake', 'python']
[0.506s] Level 1:colcon.colcon_core.package_identification:_identify(lag_data/1784301768_Newton) by extension 'cmake'
[0.506s] Level 1:colcon.colcon_core.package_identification:_identify(lag_data/1784301768_Newton) by extension 'python'
[0.506s] Level 1:colcon.colcon_core.package_identification:_identify(lag_data/1784301768_Newton) by extensions ['python_setup_py']
[0.506s] Level 1:colcon.colcon_core.package_identification:_identify(lag_data/1784301768_Newton) by extension 'python_setup_py'
[0.506s] Level 1:colcon.colcon_core.package_identification:_identify(lag_data/1784301775_CG) by extensions ['ignore', 'ignore_ament_install']
[0.506s] Level 1:colcon.colcon_core.package_identification:_identify(lag_data/1784301775_CG) by extension 'ignore'
[0.506s] Level 1:colcon.colcon_core.package_identification:_identify(lag_data/1784301775_CG) by extension 'ignore_ament_install'
[0.506s] Level 1:colcon.colcon_core.package_identification:_identify(lag_data/1784301775_CG) by extensions ['colcon_pkg']
[0.506s] Level 1:colcon.colcon_core.package_identification:_identify(lag_data/1784301775_CG) by extension 'colcon_pkg'
[0.506s] Level 1:colcon.colcon_core.package_identification:_identify(lag_data/1784301775_CG) by extensions ['colcon_meta']
[0.506s] Level 1:colcon.colcon_core.package_identification:_identify(lag_data/1784301775_CG) by extension 'colcon_meta'
[0.507s] Level 1:colcon.colcon_core.package_identification:_identify(lag_data/1784301775_CG) by extensions ['ros']
[0.507s] Level 1:colcon.colcon_core.package_identification:_identify(lag_data/1784301775_CG) by extension 'ros'
[0.507s] Level 1:colcon.colcon_core.package_identification:_identify(lag_data/1784301775_CG) by extensions ['cmake', 'python']
[0.507s] Level 1:colcon.colcon_core.package_identification:_identify(lag_data/1784301775_CG) by extension 'cmake'
[0.507s] Level 1:colcon.colcon_core.package_identification:_identify(lag_data/1784301775_CG) by extension 'python'
[0.507s] Level 1:colcon.colcon_core.package_identification:_identify(lag_data/1784301775_CG) by extensions ['python_setup_py']
[0.507s] Level 1:colcon.colcon_core.package_identification:_identify(lag_data/1784301775_CG) by extension 'python_setup_py'
[0.507s] Level 1:colcon.colcon_core.package_identification:_identify(lag_data/1784301815_CG) by extensions ['ignore', 'ignore_ament_install']
[0.507s] Level 1:colcon.colcon_core.package_identification:_identify(lag_data/1784301815_CG) by extension 'ignore'
[0.507s] Level 1:colcon.colcon_core.package_identification:_identify(lag_data/1784301815_CG) by extension 'ignore_ament_install'
[0.507s] Level 1:colcon.colcon_core.package_identification:_identify(lag_data/1784301815_CG) by extensions ['colcon_pkg']
[0.507s] Level 1:colcon.colcon_core.package_identification:_identify(lag_data/1784301815_CG) by extension 'colcon_pkg'
[0.507s] Level 1:colcon.colcon_core.package_identification:_identify(lag_data/1784301815_CG) by extensions ['colcon_meta']
[0.507s] Level 1:colcon.colcon_core.package_identification:_identify(lag_data/1784301815_CG) by extension 'colcon_meta'
[0.507s] Level 1:colcon.colcon_core.package_identification:_identify(lag_data/1784301815_CG) by extensions ['ros']
[0.507s] Level 1:colcon.colcon_core.package_identification:_identify(lag_data/1784301815_CG) by extension 'ros'
[0.507s] Level 1:colcon.colcon_core.package_identification:_identify(lag_data/1784301815_CG) by extensions ['cmake', 'python']
[0.507s] Level 1:colcon.colcon_core.package_identification:_identify(lag_data/1784301815_CG) by extension 'cmake'
[0.507s] Level 1:colcon.colcon_core.package_identification:_identify(lag_data/1784301815_CG) by extension 'python'
[0.507s] Level 1:colcon.colcon_core.package_identification:_identify(lag_data/1784301815_CG) by extensions ['python_setup_py']
[0.507s] Level 1:colcon.colcon_core.package_identification:_identify(lag_data/1784301815_CG) by extension 'python_setup_py'
[0.507s] Level 1:colcon.colcon_core.package_identification:_identify(lag_data/1784309228_GD) by extensions ['ignore', 'ignore_ament_install']
[0.507s] Level 1:colcon.colcon_core.package_identification:_identify(lag_data/1784309228_GD) by extension 'ignore'
[0.507s] Level 1:colcon.colcon_core.package_identification:_identify(lag_data/1784309228_GD) by extension 'ignore_ament_install'
[0.507s] Level 1:colcon.colcon_core.package_identification:_identify(lag_data/1784309228_GD) by extensions ['colcon_pkg']
[0.507s] Level 1:colcon.colcon_core.package_identification:_identify(lag_data/1784309228_GD) by extension 'colcon_pkg'
[0.507s] Level 1:colcon.colcon_core.package_identification:_identify(lag_data/1784309228_GD) by extensions ['colcon_meta']
[0.508s] Level 1:colcon.colcon_core.package_identification:_identify(lag_data/1784309228_GD) by extension 'colcon_meta'
[0.508s] Level 1:colcon.colcon_core.package_identification:_identify(lag_data/1784309228_GD) by extensions ['ros']
[0.508s] Level 1:colcon.colcon_core.package_identification:_identify(lag_data/1784309228_GD) by extension 'ros'
[0.508s] Level 1:colcon.colcon_core.package_identification:_identify(lag_data/1784309228_GD) by extensions ['cmake', 'python']
[0.508s] Level 1:colcon.colcon_core.package_identification:_identify(lag_data/1784309228_GD) by extension 'cmake'
[0.508s] Level 1:colcon.colcon_core.package_identification:_identify(lag_data/1784309228_GD) by extension 'python'
[0.508s] Level 1:colcon.colcon_core.package_identification:_identify(lag_data/1784309228_GD) by extensions ['python_setup_py']
[0.508s] Level 1:colcon.colcon_core.package_identification:_identify(lag_data/1784309228_GD) by extension 'python_setup_py'
[0.508s] Level 1:colcon.colcon_core.package_identification:_identify(lag_data/1784323477_Newton) by extensions ['ignore', 'ignore_ament_install']
[0.508s] Level 1:colcon.colcon_core.package_identification:_identify(lag_data/1784323477_Newton) by extension 'ignore'
[0.508s] Level 1:colcon.colcon_core.package_identification:_identify(lag_data/1784323477_Newton) by extension 'ignore_ament_install'
[0.508s] Level 1:colcon.colcon_core.package_identification:_identify(lag_data/1784323477_Newton) by extensions ['colcon_pkg']
[0.508s] Level 1:colcon.colcon_core.package_identification:_identify(lag_data/1784323477_Newton) by extension 'colcon_pkg'
[0.508s] Level 1:colcon.colcon_core.package_identification:_identify(lag_data/1784323477_Newton) by extensions ['colcon_meta']
[0.508s] Level 1:colcon.colcon_core.package_identification:_identify(lag_data/1784323477_Newton) by extension 'colcon_meta'
[0.508s] Level 1:colcon.colcon_core.package_identification:_identify(lag_data/1784323477_Newton) by extensions ['ros']
[0.508s] Level 1:colcon.colcon_core.package_identification:_identify(lag_data/1784323477_Newton) by extension 'ros'
[0.508s] Level 1:colcon.colcon_core.package_identification:_identify(lag_data/1784323477_Newton) by extensions ['cmake', 'python']
[0.508s] Level 1:colcon.colcon_core.package_identification:_identify(lag_data/1784323477_Newton) by extension 'cmake'
[0.508s] Level 1:colcon.colcon_core.package_identification:_identify(lag_data/1784323477_Newton) by extension 'python'
[0.508s] Level 1:colcon.colcon_core.package_identification:_identify(lag_data/1784323477_Newton) by extensions ['python_setup_py']
[0.508s] Level 1:colcon.colcon_core.package_identification:_identify(lag_data/1784323477_Newton) by extension 'python_setup_py'
[0.508s] Level 1:colcon.colcon_core.package_identification:_identify(log) by extensions ['ignore', 'ignore_ament_install']
[0.508s] Level 1:colcon.colcon_core.package_identification:_identify(log) by extension 'ignore'
[0.508s] Level 1:colcon.colcon_core.package_identification:_identify(log) ignored
[0.509s] Level 1:colcon.colcon_core.package_identification:_identify(src) by extensions ['ignore', 'ignore_ament_install']
[0.509s] Level 1:colcon.colcon_core.package_identification:_identify(src) by extension 'ignore'
[0.509s] Level 1:colcon.colcon_core.package_identification:_identify(src) by extension 'ignore_ament_install'
[0.509s] Level 1:colcon.colcon_core.package_identification:_identify(src) by extensions ['colcon_pkg']
[0.509s] Level 1:colcon.colcon_core.package_identification:_identify(src) by extension 'colcon_pkg'
[0.509s] Level 1:colcon.colcon_core.package_identification:_identify(src) by extensions ['colcon_meta']
[0.509s] Level 1:colcon.colcon_core.package_identification:_identify(src) by extension 'colcon_meta'
[0.509s] Level 1:colcon.colcon_core.package_identification:_identify(src) by extensions ['ros']
[0.509s] Level 1:colcon.colcon_core.package_identification:_identify(src) by extension 'ros'
[0.509s] Level 1:colcon.colcon_core.package_identification:_identify(src) by extensions ['cmake', 'python']
[0.509s] Level 1:colcon.colcon_core.package_identification:_identify(src) by extension 'cmake'
[0.509s] Level 1:colcon.colcon_core.package_identification:_identify(src) by extension 'python'
[0.509s] Level 1:colcon.colcon_core.package_identification:_identify(src) by extensions ['python_setup_py']
[0.509s] Level 1:colcon.colcon_core.package_identification:_identify(src) by extension 'python_setup_py'
[0.509s] Level 1:colcon.colcon_core.package_identification:_identify(src/For_hiwin_dual_arm) by extensions ['ignore', 'ignore_ament_install']
[0.509s] Level 1:colcon.colcon_core.package_identification:_identify(src/For_hiwin_dual_arm) by extension 'ignore'
[0.509s] Level 1:colcon.colcon_core.package_identification:_identify(src/For_hiwin_dual_arm) by extension 'ignore_ament_install'
[0.509s] Level 1:colcon.colcon_core.package_identification:_identify(src/For_hiwin_dual_arm) by extensions ['colcon_pkg']
[0.509s] Level 1:colcon.colcon_core.package_identification:_identify(src/For_hiwin_dual_arm) by extension 'colcon_pkg'
[0.509s] Level 1:colcon.colcon_core.package_identification:_identify(src/For_hiwin_dual_arm) by extensions ['colcon_meta']
[0.509s] Level 1:colcon.colcon_core.package_identification:_identify(src/For_hiwin_dual_arm) by extension 'colcon_meta'
[0.509s] Level 1:colcon.colcon_core.package_identification:_identify(src/For_hiwin_dual_arm) by extensions ['ros']
[0.509s] Level 1:colcon.colcon_core.package_identification:_identify(src/For_hiwin_dual_arm) by extension 'ros'
[0.509s] Level 1:colcon.colcon_core.package_identification:_identify(src/For_hiwin_dual_arm) by extensions ['cmake', 'python']
[0.509s] Level 1:colcon.colcon_core.package_identification:_identify(src/For_hiwin_dual_arm) by extension 'cmake'
[0.509s] Level 1:colcon.colcon_core.package_identification:_identify(src/For_hiwin_dual_arm) by extension 'python'
[0.509s] Level 1:colcon.colcon_core.package_identification:_identify(src/For_hiwin_dual_arm) by extensions ['python_setup_py']
[0.509s] Level 1:colcon.colcon_core.package_identification:_identify(src/For_hiwin_dual_arm) by extension 'python_setup_py'
[0.510s] Level 1:colcon.colcon_core.package_identification:_identify(src/For_hiwin_dual_arm/docs) by extensions ['ignore', 'ignore_ament_install']
[0.510s] Level 1:colcon.colcon_core.package_identification:_identify(src/For_hiwin_dual_arm/docs) by extension 'ignore'
[0.510s] Level 1:colcon.colcon_core.package_identification:_identify(src/For_hiwin_dual_arm/docs) by extension 'ignore_ament_install'
[0.510s] Level 1:colcon.colcon_core.package_identification:_identify(src/For_hiwin_dual_arm/docs) by extensions ['colcon_pkg']
[0.510s] Level 1:colcon.colcon_core.package_identification:_identify(src/For_hiwin_dual_arm/docs) by extension 'colcon_pkg'
[0.510s] Level 1:colcon.colcon_core.package_identification:_identify(src/For_hiwin_dual_arm/docs) by extensions ['colcon_meta']
[0.510s] Level 1:colcon.colcon_core.package_identification:_identify(src/For_hiwin_dual_arm/docs) by extension 'colcon_meta'
[0.510s] Level 1:colcon.colcon_core.package_identification:_identify(src/For_hiwin_dual_arm/docs) by extensions ['ros']
[0.510s] Level 1:colcon.colcon_core.package_identification:_identify(src/For_hiwin_dual_arm/docs) by extension 'ros'
[0.510s] Level 1:colcon.colcon_core.package_identification:_identify(src/For_hiwin_dual_arm/docs) by extensions ['cmake', 'python']
[0.510s] Level 1:colcon.colcon_core.package_identification:_identify(src/For_hiwin_dual_arm/docs) by extension 'cmake'
[0.510s] Level 1:colcon.colcon_core.package_identification:_identify(src/For_hiwin_dual_arm/docs) by extension 'python'
[0.510s] Level 1:colcon.colcon_core.package_identification:_identify(src/For_hiwin_dual_arm/docs) by extensions ['python_setup_py']
[0.510s] Level 1:colcon.colcon_core.package_identification:_identify(src/For_hiwin_dual_arm/docs) by extension 'python_setup_py'
[0.510s] Level 1:colcon.colcon_core.package_identification:_identify(src/For_hiwin_dual_arm/docs/images) by extensions ['ignore', 'ignore_ament_install']
[0.510s] Level 1:colcon.colcon_core.package_identification:_identify(src/For_hiwin_dual_arm/docs/images) by extension 'ignore'
[0.510s] Level 1:colcon.colcon_core.package_identification:_identify(src/For_hiwin_dual_arm/docs/images) by extension 'ignore_ament_install'
[0.510s] Level 1:colcon.colcon_core.package_identification:_identify(src/For_hiwin_dual_arm/docs/images) by extensions ['colcon_pkg']
[0.510s] Level 1:colcon.colcon_core.package_identification:_identify(src/For_hiwin_dual_arm/docs/images) by extension 'colcon_pkg'
[0.510s] Level 1:colcon.colcon_core.package_identification:_identify(src/For_hiwin_dual_arm/docs/images) by extensions ['colcon_meta']
[0.510s] Level 1:colcon.colcon_core.package_identification:_identify(src/For_hiwin_dual_arm/docs/images) by extension 'colcon_meta'
[0.510s] Level 1:colcon.colcon_core.package_identification:_identify(src/For_hiwin_dual_arm/docs/images) by extensions ['ros']
[0.510s] Level 1:colcon.colcon_core.package_identification:_identify(src/For_hiwin_dual_arm/docs/images) by extension 'ros'
[0.510s] Level 1:colcon.colcon_core.package_identification:_identify(src/For_hiwin_dual_arm/docs/images) by extensions ['cmake', 'python']
[0.510s] Level 1:colcon.colcon_core.package_identification:_identify(src/For_hiwin_dual_arm/docs/images) by extension 'cmake'
[0.510s] Level 1:colcon.colcon_core.package_identification:_identify(src/For_hiwin_dual_arm/docs/images) by extension 'python'
[0.510s] Level 1:colcon.colcon_core.package_identification:_identify(src/For_hiwin_dual_arm/docs/images) by extensions ['python_setup_py']
[0.511s] Level 1:colcon.colcon_core.package_identification:_identify(src/For_hiwin_dual_arm/docs/images) by extension 'python_setup_py'
[0.511s] Level 1:colcon.colcon_core.package_identification:_identify(src/For_hiwin_dual_arm/dual_arm_alm_cg_planner) by extensions ['ignore', 'ignore_ament_install']
[0.511s] Level 1:colcon.colcon_core.package_identification:_identify(src/For_hiwin_dual_arm/dual_arm_alm_cg_planner) by extension 'ignore'
[0.511s] Level 1:colcon.colcon_core.package_identification:_identify(src/For_hiwin_dual_arm/dual_arm_alm_cg_planner) by extension 'ignore_ament_install'
[0.511s] Level 1:colcon.colcon_core.package_identification:_identify(src/For_hiwin_dual_arm/dual_arm_alm_cg_planner) by extensions ['colcon_pkg']
[0.511s] Level 1:colcon.colcon_core.package_identification:_identify(src/For_hiwin_dual_arm/dual_arm_alm_cg_planner) by extension 'colcon_pkg'
[0.511s] Level 1:colcon.colcon_core.package_identification:_identify(src/For_hiwin_dual_arm/dual_arm_alm_cg_planner) by extensions ['colcon_meta']
[0.511s] Level 1:colcon.colcon_core.package_identification:_identify(src/For_hiwin_dual_arm/dual_arm_alm_cg_planner) by extension 'colcon_meta'
[0.511s] Level 1:colcon.colcon_core.package_identification:_identify(src/For_hiwin_dual_arm/dual_arm_alm_cg_planner) by extensions ['ros']
[0.511s] Level 1:colcon.colcon_core.package_identification:_identify(src/For_hiwin_dual_arm/dual_arm_alm_cg_planner) by extension 'ros'
[0.513s] DEBUG:colcon.colcon_core.package_identification:Package 'src/For_hiwin_dual_arm/dual_arm_alm_cg_planner' with type 'ros.ament_cmake' and name 'dual_arm_alm_cg_planner'
[0.513s] Level 1:colcon.colcon_core.package_identification:_identify(src/For_hiwin_dual_arm/dual_arm_alm_gd_planner) by extensions ['ignore', 'ignore_ament_install']
[0.514s] Level 1:colcon.colcon_core.package_identification:_identify(src/For_hiwin_dual_arm/dual_arm_alm_gd_planner) by extension 'ignore'
[0.514s] Level 1:colcon.colcon_core.package_identification:_identify(src/For_hiwin_dual_arm/dual_arm_alm_gd_planner) by extension 'ignore_ament_install'
[0.514s] Level 1:colcon.colcon_core.package_identification:_identify(src/For_hiwin_dual_arm/dual_arm_alm_gd_planner) by extensions ['colcon_pkg']
[0.514s] Level 1:colcon.colcon_core.package_identification:_identify(src/For_hiwin_dual_arm/dual_arm_alm_gd_planner) by extension 'colcon_pkg'
[0.514s] Level 1:colcon.colcon_core.package_identification:_identify(src/For_hiwin_dual_arm/dual_arm_alm_gd_planner) by extensions ['colcon_meta']
[0.514s] Level 1:colcon.colcon_core.package_identification:_identify(src/For_hiwin_dual_arm/dual_arm_alm_gd_planner) by extension 'colcon_meta'
[0.514s] Level 1:colcon.colcon_core.package_identification:_identify(src/For_hiwin_dual_arm/dual_arm_alm_gd_planner) by extensions ['ros']
[0.514s] Level 1:colcon.colcon_core.package_identification:_identify(src/For_hiwin_dual_arm/dual_arm_alm_gd_planner) by extension 'ros'
[0.514s] DEBUG:colcon.colcon_core.package_identification:Package 'src/For_hiwin_dual_arm/dual_arm_alm_gd_planner' with type 'ros.ament_cmake' and name 'dual_arm_alm_gd_planner'
[0.514s] Level 1:colcon.colcon_core.package_identification:_identify(src/For_hiwin_dual_arm/dual_arm_alm_newton_planner) by extensions ['ignore', 'ignore_ament_install']
[0.515s] Level 1:colcon.colcon_core.package_identification:_identify(src/For_hiwin_dual_arm/dual_arm_alm_newton_planner) by extension 'ignore'
[0.515s] Level 1:colcon.colcon_core.package_identification:_identify(src/For_hiwin_dual_arm/dual_arm_alm_newton_planner) by extension 'ignore_ament_install'
[0.515s] Level 1:colcon.colcon_core.package_identification:_identify(src/For_hiwin_dual_arm/dual_arm_alm_newton_planner) by extensions ['colcon_pkg']
[0.515s] Level 1:colcon.colcon_core.package_identification:_identify(src/For_hiwin_dual_arm/dual_arm_alm_newton_planner) by extension 'colcon_pkg'
[0.515s] Level 1:colcon.colcon_core.package_identification:_identify(src/For_hiwin_dual_arm/dual_arm_alm_newton_planner) by extensions ['colcon_meta']
[0.515s] Level 1:colcon.colcon_core.package_identification:_identify(src/For_hiwin_dual_arm/dual_arm_alm_newton_planner) by extension 'colcon_meta'
[0.515s] Level 1:colcon.colcon_core.package_identification:_identify(src/For_hiwin_dual_arm/dual_arm_alm_newton_planner) by extensions ['ros']
[0.515s] Level 1:colcon.colcon_core.package_identification:_identify(src/For_hiwin_dual_arm/dual_arm_alm_newton_planner) by extension 'ros'
[0.515s] DEBUG:colcon.colcon_core.package_identification:Package 'src/For_hiwin_dual_arm/dual_arm_alm_newton_planner' with type 'ros.ament_cmake' and name 'dual_arm_alm_newton_planner'
[0.515s] Level 1:colcon.colcon_core.package_identification:_identify(src/For_hiwin_dual_arm/dual_arm_domain_bridge) by extensions ['ignore', 'ignore_ament_install']
[0.516s] Level 1:colcon.colcon_core.package_identification:_identify(src/For_hiwin_dual_arm/dual_arm_domain_bridge) by extension 'ignore'
[0.516s] Level 1:colcon.colcon_core.package_identification:_identify(src/For_hiwin_dual_arm/dual_arm_domain_bridge) by extension 'ignore_ament_install'
[0.516s] Level 1:colcon.colcon_core.package_identification:_identify(src/For_hiwin_dual_arm/dual_arm_domain_bridge) by extensions ['colcon_pkg']
[0.516s] Level 1:colcon.colcon_core.package_identification:_identify(src/For_hiwin_dual_arm/dual_arm_domain_bridge) by extension 'colcon_pkg'
[0.516s] Level 1:colcon.colcon_core.package_identification:_identify(src/For_hiwin_dual_arm/dual_arm_domain_bridge) by extensions ['colcon_meta']
[0.516s] Level 1:colcon.colcon_core.package_identification:_identify(src/For_hiwin_dual_arm/dual_arm_domain_bridge) by extension 'colcon_meta'
[0.516s] Level 1:colcon.colcon_core.package_identification:_identify(src/For_hiwin_dual_arm/dual_arm_domain_bridge) by extensions ['ros']
[0.516s] Level 1:colcon.colcon_core.package_identification:_identify(src/For_hiwin_dual_arm/dual_arm_domain_bridge) by extension 'ros'
[0.516s] DEBUG:colcon.colcon_core.package_identification:Package 'src/For_hiwin_dual_arm/dual_arm_domain_bridge' with type 'ros.ament_cmake' and name 'dual_arm_domain_bridge'
[0.516s] Level 1:colcon.colcon_core.package_identification:_identify(src/For_hiwin_dual_arm/dual_arm_lag_cg_planner) by extensions ['ignore', 'ignore_ament_install']
[0.516s] Level 1:colcon.colcon_core.package_identification:_identify(src/For_hiwin_dual_arm/dual_arm_lag_cg_planner) by extension 'ignore'
[0.516s] Level 1:colcon.colcon_core.package_identification:_identify(src/For_hiwin_dual_arm/dual_arm_lag_cg_planner) by extension 'ignore_ament_install'
[0.517s] Level 1:colcon.colcon_core.package_identification:_identify(src/For_hiwin_dual_arm/dual_arm_lag_cg_planner) by extensions ['colcon_pkg']
[0.517s] Level 1:colcon.colcon_core.package_identification:_identify(src/For_hiwin_dual_arm/dual_arm_lag_cg_planner) by extension 'colcon_pkg'
[0.517s] Level 1:colcon.colcon_core.package_identification:_identify(src/For_hiwin_dual_arm/dual_arm_lag_cg_planner) by extensions ['colcon_meta']
[0.517s] Level 1:colcon.colcon_core.package_identification:_identify(src/For_hiwin_dual_arm/dual_arm_lag_cg_planner) by extension 'colcon_meta'
[0.517s] Level 1:colcon.colcon_core.package_identification:_identify(src/For_hiwin_dual_arm/dual_arm_lag_cg_planner) by extensions ['ros']
[0.517s] Level 1:colcon.colcon_core.package_identification:_identify(src/For_hiwin_dual_arm/dual_arm_lag_cg_planner) by extension 'ros'
[0.517s] DEBUG:colcon.colcon_core.package_identification:Package 'src/For_hiwin_dual_arm/dual_arm_lag_cg_planner' with type 'ros.ament_cmake' and name 'dual_arm_lag_cg_planner'
[0.517s] Level 1:colcon.colcon_core.package_identification:_identify(src/For_hiwin_dual_arm/dual_arm_lag_gd_planner) by extensions ['ignore', 'ignore_ament_install']
[0.517s] Level 1:colcon.colcon_core.package_identification:_identify(src/For_hiwin_dual_arm/dual_arm_lag_gd_planner) by extension 'ignore'
[0.517s] Level 1:colcon.colcon_core.package_identification:_identify(src/For_hiwin_dual_arm/dual_arm_lag_gd_planner) by extension 'ignore_ament_install'
[0.518s] Level 1:colcon.colcon_core.package_identification:_identify(src/For_hiwin_dual_arm/dual_arm_lag_gd_planner) by extensions ['colcon_pkg']
[0.518s] Level 1:colcon.colcon_core.package_identification:_identify(src/For_hiwin_dual_arm/dual_arm_lag_gd_planner) by extension 'colcon_pkg'
[0.518s] Level 1:colcon.colcon_core.package_identification:_identify(src/For_hiwin_dual_arm/dual_arm_lag_gd_planner) by extensions ['colcon_meta']
[0.518s] Level 1:colcon.colcon_core.package_identification:_identify(src/For_hiwin_dual_arm/dual_arm_lag_gd_planner) by extension 'colcon_meta'
[0.518s] Level 1:colcon.colcon_core.package_identification:_identify(src/For_hiwin_dual_arm/dual_arm_lag_gd_planner) by extensions ['ros']
[0.518s] Level 1:colcon.colcon_core.package_identification:_identify(src/For_hiwin_dual_arm/dual_arm_lag_gd_planner) by extension 'ros'
[0.524s] DEBUG:colcon.colcon_core.package_identification:Package 'src/For_hiwin_dual_arm/dual_arm_lag_gd_planner' with type 'ros.ament_cmake' and name 'dual_arm_lag_gd_planner'
[0.524s] Level 1:colcon.colcon_core.package_identification:_identify(src/For_hiwin_dual_arm/dual_arm_lag_newton_planner) by extensions ['ignore', 'ignore_ament_install']
[0.524s] Level 1:colcon.colcon_core.package_identification:_identify(src/For_hiwin_dual_arm/dual_arm_lag_newton_planner) by extension 'ignore'
[0.524s] Level 1:colcon.colcon_core.package_identification:_identify(src/For_hiwin_dual_arm/dual_arm_lag_newton_planner) by extension 'ignore_ament_install'
[0.524s] Level 1:colcon.colcon_core.package_identification:_identify(src/For_hiwin_dual_arm/dual_arm_lag_newton_planner) by extensions ['colcon_pkg']
[0.524s] Level 1:colcon.colcon_core.package_identification:_identify(src/For_hiwin_dual_arm/dual_arm_lag_newton_planner) by extension 'colcon_pkg'
[0.524s] Level 1:colcon.colcon_core.package_identification:_identify(src/For_hiwin_dual_arm/dual_arm_lag_newton_planner) by extensions ['colcon_meta']
[0.524s] Level 1:colcon.colcon_core.package_identification:_identify(src/For_hiwin_dual_arm/dual_arm_lag_newton_planner) by extension 'colcon_meta'
[0.524s] Level 1:colcon.colcon_core.package_identification:_identify(src/For_hiwin_dual_arm/dual_arm_lag_newton_planner) by extensions ['ros']
[0.524s] Level 1:colcon.colcon_core.package_identification:_identify(src/For_hiwin_dual_arm/dual_arm_lag_newton_planner) by extension 'ros'
[0.525s] DEBUG:colcon.colcon_core.package_identification:Package 'src/For_hiwin_dual_arm/dual_arm_lag_newton_planner' with type 'ros.ament_cmake' and name 'dual_arm_lag_newton_planner'
[0.525s] Level 1:colcon.colcon_core.package_identification:_identify(src/For_hiwin_dual_arm/hiwin_dual_arm) by extensions ['ignore', 'ignore_ament_install']
[0.525s] Level 1:colcon.colcon_core.package_identification:_identify(src/For_hiwin_dual_arm/hiwin_dual_arm) by extension 'ignore'
[0.525s] Level 1:colcon.colcon_core.package_identification:_identify(src/For_hiwin_dual_arm/hiwin_dual_arm) by extension 'ignore_ament_install'
[0.525s] Level 1:colcon.colcon_core.package_identification:_identify(src/For_hiwin_dual_arm/hiwin_dual_arm) by extensions ['colcon_pkg']
[0.525s] Level 1:colcon.colcon_core.package_identification:_identify(src/For_hiwin_dual_arm/hiwin_dual_arm) by extension 'colcon_pkg'
[0.525s] Level 1:colcon.colcon_core.package_identification:_identify(src/For_hiwin_dual_arm/hiwin_dual_arm) by extensions ['colcon_meta']
[0.525s] Level 1:colcon.colcon_core.package_identification:_identify(src/For_hiwin_dual_arm/hiwin_dual_arm) by extension 'colcon_meta'
[0.525s] Level 1:colcon.colcon_core.package_identification:_identify(src/For_hiwin_dual_arm/hiwin_dual_arm) by extensions ['ros']
[0.525s] Level 1:colcon.colcon_core.package_identification:_identify(src/For_hiwin_dual_arm/hiwin_dual_arm) by extension 'ros'
[0.526s] DEBUG:colcon.colcon_core.package_identification:Package 'src/For_hiwin_dual_arm/hiwin_dual_arm' with type 'ros.ament_cmake' and name 'hiwin_dual_arm'
[0.526s] Level 1:colcon.colcon_core.package_identification:_identify(src/For_hiwin_dual_arm/hiwin_dual_arm_description) by extensions ['ignore', 'ignore_ament_install']
[0.526s] Level 1:colcon.colcon_core.package_identification:_identify(src/For_hiwin_dual_arm/hiwin_dual_arm_description) by extension 'ignore'
[0.526s] Level 1:colcon.colcon_core.package_identification:_identify(src/For_hiwin_dual_arm/hiwin_dual_arm_description) by extension 'ignore_ament_install'
[0.526s] Level 1:colcon.colcon_core.package_identification:_identify(src/For_hiwin_dual_arm/hiwin_dual_arm_description) by extensions ['colcon_pkg']
[0.526s] Level 1:colcon.colcon_core.package_identification:_identify(src/For_hiwin_dual_arm/hiwin_dual_arm_description) by extension 'colcon_pkg'
[0.526s] Level 1:colcon.colcon_core.package_identification:_identify(src/For_hiwin_dual_arm/hiwin_dual_arm_description) by extensions ['colcon_meta']
[0.526s] Level 1:colcon.colcon_core.package_identification:_identify(src/For_hiwin_dual_arm/hiwin_dual_arm_description) by extension 'colcon_meta'
[0.526s] Level 1:colcon.colcon_core.package_identification:_identify(src/For_hiwin_dual_arm/hiwin_dual_arm_description) by extensions ['ros']
[0.526s] Level 1:colcon.colcon_core.package_identification:_identify(src/For_hiwin_dual_arm/hiwin_dual_arm_description) by extension 'ros'
[0.527s] DEBUG:colcon.colcon_core.package_identification:Package 'src/For_hiwin_dual_arm/hiwin_dual_arm_description' with type 'ros.ament_cmake' and name 'hiwin_dual_arm_description'
[0.527s] Level 1:colcon.colcon_core.package_identification:_identify(src/hiwin) by extensions ['ignore', 'ignore_ament_install']
[0.527s] Level 1:colcon.colcon_core.package_identification:_identify(src/hiwin) by extension 'ignore'
[0.527s] Level 1:colcon.colcon_core.package_identification:_identify(src/hiwin) by extension 'ignore_ament_install'
[0.527s] Level 1:colcon.colcon_core.package_identification:_identify(src/hiwin) by extensions ['colcon_pkg']
[0.527s] Level 1:colcon.colcon_core.package_identification:_identify(src/hiwin) by extension 'colcon_pkg'
[0.527s] Level 1:colcon.colcon_core.package_identification:_identify(src/hiwin) by extensions ['colcon_meta']
[0.527s] Level 1:colcon.colcon_core.package_identification:_identify(src/hiwin) by extension 'colcon_meta'
[0.527s] Level 1:colcon.colcon_core.package_identification:_identify(src/hiwin) by extensions ['ros']
[0.527s] Level 1:colcon.colcon_core.package_identification:_identify(src/hiwin) by extension 'ros'
[0.527s] Level 1:colcon.colcon_core.package_identification:_identify(src/hiwin) by extensions ['cmake', 'python']
[0.527s] Level 1:colcon.colcon_core.package_identification:_identify(src/hiwin) by extension 'cmake'
[0.527s] Level 1:colcon.colcon_core.package_identification:_identify(src/hiwin) by extension 'python'
[0.527s] Level 1:colcon.colcon_core.package_identification:_identify(src/hiwin) by extensions ['python_setup_py']
[0.527s] Level 1:colcon.colcon_core.package_identification:_identify(src/hiwin) by extension 'python_setup_py'
[0.527s] Level 1:colcon.colcon_core.package_identification:_identify(src/hiwin/dual_arm_bringup_overlay) by extensions ['ignore', 'ignore_ament_install']
[0.527s] Level 1:colcon.colcon_core.package_identification:_identify(src/hiwin/dual_arm_bringup_overlay) by extension 'ignore'
[0.527s] Level 1:colcon.colcon_core.package_identification:_identify(src/hiwin/dual_arm_bringup_overlay) by extension 'ignore_ament_install'
[0.527s] Level 1:colcon.colcon_core.package_identification:_identify(src/hiwin/dual_arm_bringup_overlay) by extensions ['colcon_pkg']
[0.527s] Level 1:colcon.colcon_core.package_identification:_identify(src/hiwin/dual_arm_bringup_overlay) by extension 'colcon_pkg'
[0.527s] Level 1:colcon.colcon_core.package_identification:_identify(src/hiwin/dual_arm_bringup_overlay) by extensions ['colcon_meta']
[0.527s] Level 1:colcon.colcon_core.package_identification:_identify(src/hiwin/dual_arm_bringup_overlay) by extension 'colcon_meta'
[0.528s] Level 1:colcon.colcon_core.package_identification:_identify(src/hiwin/dual_arm_bringup_overlay) by extensions ['ros']
[0.528s] Level 1:colcon.colcon_core.package_identification:_identify(src/hiwin/dual_arm_bringup_overlay) by extension 'ros'
[0.528s] Level 1:colcon.colcon_core.package_identification:_identify(src/hiwin/dual_arm_bringup_overlay) by extensions ['cmake', 'python']
[0.528s] Level 1:colcon.colcon_core.package_identification:_identify(src/hiwin/dual_arm_bringup_overlay) by extension 'cmake'
[0.528s] Level 1:colcon.colcon_core.package_identification:_identify(src/hiwin/dual_arm_bringup_overlay) by extension 'python'
[0.528s] Level 1:colcon.colcon_core.package_identification:_identify(src/hiwin/dual_arm_bringup_overlay) by extensions ['python_setup_py']
[0.528s] Level 1:colcon.colcon_core.package_identification:_identify(src/hiwin/dual_arm_bringup_overlay) by extension 'python_setup_py'
[0.528s] Level 1:colcon.colcon_core.package_identification:_identify(src/hiwin/dual_arm_bringup_overlay/big_arm_bringup) by extensions ['ignore', 'ignore_ament_install']
[0.528s] Level 1:colcon.colcon_core.package_identification:_identify(src/hiwin/dual_arm_bringup_overlay/big_arm_bringup) by extension 'ignore'
[0.528s] Level 1:colcon.colcon_core.package_identification:_identify(src/hiwin/dual_arm_bringup_overlay/big_arm_bringup) by extension 'ignore_ament_install'
[0.528s] Level 1:colcon.colcon_core.package_identification:_identify(src/hiwin/dual_arm_bringup_overlay/big_arm_bringup) by extensions ['colcon_pkg']
[0.528s] Level 1:colcon.colcon_core.package_identification:_identify(src/hiwin/dual_arm_bringup_overlay/big_arm_bringup) by extension 'colcon_pkg'
[0.528s] Level 1:colcon.colcon_core.package_identification:_identify(src/hiwin/dual_arm_bringup_overlay/big_arm_bringup) by extensions ['colcon_meta']
[0.528s] Level 1:colcon.colcon_core.package_identification:_identify(src/hiwin/dual_arm_bringup_overlay/big_arm_bringup) by extension 'colcon_meta'
[0.528s] Level 1:colcon.colcon_core.package_identification:_identify(src/hiwin/dual_arm_bringup_overlay/big_arm_bringup) by extensions ['ros']
[0.528s] Level 1:colcon.colcon_core.package_identification:_identify(src/hiwin/dual_arm_bringup_overlay/big_arm_bringup) by extension 'ros'
[0.529s] DEBUG:colcon.colcon_core.package_identification:Package 'src/hiwin/dual_arm_bringup_overlay/big_arm_bringup' with type 'ros.ament_cmake' and name 'big_arm_bringup'
[0.529s] Level 1:colcon.colcon_core.package_identification:_identify(src/hiwin/dual_arm_bringup_overlay/big_arm_moveit_config) by extensions ['ignore', 'ignore_ament_install']
[0.529s] Level 1:colcon.colcon_core.package_identification:_identify(src/hiwin/dual_arm_bringup_overlay/big_arm_moveit_config) by extension 'ignore'
[0.529s] Level 1:colcon.colcon_core.package_identification:_identify(src/hiwin/dual_arm_bringup_overlay/big_arm_moveit_config) by extension 'ignore_ament_install'
[0.529s] Level 1:colcon.colcon_core.package_identification:_identify(src/hiwin/dual_arm_bringup_overlay/big_arm_moveit_config) by extensions ['colcon_pkg']
[0.529s] Level 1:colcon.colcon_core.package_identification:_identify(src/hiwin/dual_arm_bringup_overlay/big_arm_moveit_config) by extension 'colcon_pkg'
[0.529s] Level 1:colcon.colcon_core.package_identification:_identify(src/hiwin/dual_arm_bringup_overlay/big_arm_moveit_config) by extensions ['colcon_meta']
[0.529s] Level 1:colcon.colcon_core.package_identification:_identify(src/hiwin/dual_arm_bringup_overlay/big_arm_moveit_config) by extension 'colcon_meta'
[0.529s] Level 1:colcon.colcon_core.package_identification:_identify(src/hiwin/dual_arm_bringup_overlay/big_arm_moveit_config) by extensions ['ros']
[0.529s] Level 1:colcon.colcon_core.package_identification:_identify(src/hiwin/dual_arm_bringup_overlay/big_arm_moveit_config) by extension 'ros'
[0.529s] DEBUG:colcon.colcon_core.package_identification:Package 'src/hiwin/dual_arm_bringup_overlay/big_arm_moveit_config' with type 'ros.ament_cmake' and name 'big_arm_moveit_config'
[0.529s] Level 1:colcon.colcon_core.package_identification:_identify(src/hiwin/dual_arm_bringup_overlay/small_arm_bringup) by extensions ['ignore', 'ignore_ament_install']
[0.529s] Level 1:colcon.colcon_core.package_identification:_identify(src/hiwin/dual_arm_bringup_overlay/small_arm_bringup) by extension 'ignore'
[0.530s] Level 1:colcon.colcon_core.package_identification:_identify(src/hiwin/dual_arm_bringup_overlay/small_arm_bringup) by extension 'ignore_ament_install'
[0.530s] Level 1:colcon.colcon_core.package_identification:_identify(src/hiwin/dual_arm_bringup_overlay/small_arm_bringup) by extensions ['colcon_pkg']
[0.530s] Level 1:colcon.colcon_core.package_identification:_identify(src/hiwin/dual_arm_bringup_overlay/small_arm_bringup) by extension 'colcon_pkg'
[0.530s] Level 1:colcon.colcon_core.package_identification:_identify(src/hiwin/dual_arm_bringup_overlay/small_arm_bringup) by extensions ['colcon_meta']
[0.530s] Level 1:colcon.colcon_core.package_identification:_identify(src/hiwin/dual_arm_bringup_overlay/small_arm_bringup) by extension 'colcon_meta'
[0.530s] Level 1:colcon.colcon_core.package_identification:_identify(src/hiwin/dual_arm_bringup_overlay/small_arm_bringup) by extensions ['ros']
[0.530s] Level 1:colcon.colcon_core.package_identification:_identify(src/hiwin/dual_arm_bringup_overlay/small_arm_bringup) by extension 'ros'
[0.530s] DEBUG:colcon.colcon_core.package_identification:Package 'src/hiwin/dual_arm_bringup_overlay/small_arm_bringup' with type 'ros.ament_cmake' and name 'small_arm_bringup'
[0.530s] Level 1:colcon.colcon_core.package_identification:_identify(src/hiwin/dual_arm_bringup_overlay/small_arm_moveit_config) by extensions ['ignore', 'ignore_ament_install']
[0.530s] Level 1:colcon.colcon_core.package_identification:_identify(src/hiwin/dual_arm_bringup_overlay/small_arm_moveit_config) by extension 'ignore'
[0.530s] Level 1:colcon.colcon_core.package_identification:_identify(src/hiwin/dual_arm_bringup_overlay/small_arm_moveit_config) by extension 'ignore_ament_install'
[0.530s] Level 1:colcon.colcon_core.package_identification:_identify(src/hiwin/dual_arm_bringup_overlay/small_arm_moveit_config) by extensions ['colcon_pkg']
[0.530s] Level 1:colcon.colcon_core.package_identification:_identify(src/hiwin/dual_arm_bringup_overlay/small_arm_moveit_config) by extension 'colcon_pkg'
[0.530s] Level 1:colcon.colcon_core.package_identification:_identify(src/hiwin/dual_arm_bringup_overlay/small_arm_moveit_config) by extensions ['colcon_meta']
[0.530s] Level 1:colcon.colcon_core.package_identification:_identify(src/hiwin/dual_arm_bringup_overlay/small_arm_moveit_config) by extension 'colcon_meta'
[0.530s] Level 1:colcon.colcon_core.package_identification:_identify(src/hiwin/dual_arm_bringup_overlay/small_arm_moveit_config) by extensions ['ros']
[0.530s] Level 1:colcon.colcon_core.package_identification:_identify(src/hiwin/dual_arm_bringup_overlay/small_arm_moveit_config) by extension 'ros'
[0.531s] DEBUG:colcon.colcon_core.package_identification:Package 'src/hiwin/dual_arm_bringup_overlay/small_arm_moveit_config' with type 'ros.ament_cmake' and name 'small_arm_moveit_config'
[0.531s] Level 1:colcon.colcon_core.package_identification:_identify(src/hiwin/dual_arm_execute_panel) by extensions ['ignore', 'ignore_ament_install']
[0.531s] Level 1:colcon.colcon_core.package_identification:_identify(src/hiwin/dual_arm_execute_panel) by extension 'ignore'
[0.531s] Level 1:colcon.colcon_core.package_identification:_identify(src/hiwin/dual_arm_execute_panel) by extension 'ignore_ament_install'
[0.531s] Level 1:colcon.colcon_core.package_identification:_identify(src/hiwin/dual_arm_execute_panel) by extensions ['colcon_pkg']
[0.531s] Level 1:colcon.colcon_core.package_identification:_identify(src/hiwin/dual_arm_execute_panel) by extension 'colcon_pkg'
[0.531s] Level 1:colcon.colcon_core.package_identification:_identify(src/hiwin/dual_arm_execute_panel) by extensions ['colcon_meta']
[0.531s] Level 1:colcon.colcon_core.package_identification:_identify(src/hiwin/dual_arm_execute_panel) by extension 'colcon_meta'
[0.531s] Level 1:colcon.colcon_core.package_identification:_identify(src/hiwin/dual_arm_execute_panel) by extensions ['ros']
[0.531s] Level 1:colcon.colcon_core.package_identification:_identify(src/hiwin/dual_arm_execute_panel) by extension 'ros'
[0.532s] DEBUG:colcon.colcon_core.package_identification:Package 'src/hiwin/dual_arm_execute_panel' with type 'ros.ament_cmake' and name 'dual_arm_execute_panel'
[0.532s] Level 1:colcon.colcon_core.package_identification:_identify(src/hiwin/hiwin_dual_arm_bringup) by extensions ['ignore', 'ignore_ament_install']
[0.532s] Level 1:colcon.colcon_core.package_identification:_identify(src/hiwin/hiwin_dual_arm_bringup) by extension 'ignore'
[0.532s] Level 1:colcon.colcon_core.package_identification:_identify(src/hiwin/hiwin_dual_arm_bringup) by extension 'ignore_ament_install'
[0.532s] Level 1:colcon.colcon_core.package_identification:_identify(src/hiwin/hiwin_dual_arm_bringup) by extensions ['colcon_pkg']
[0.532s] Level 1:colcon.colcon_core.package_identification:_identify(src/hiwin/hiwin_dual_arm_bringup) by extension 'colcon_pkg'
[0.532s] Level 1:colcon.colcon_core.package_identification:_identify(src/hiwin/hiwin_dual_arm_bringup) by extensions ['colcon_meta']
[0.532s] Level 1:colcon.colcon_core.package_identification:_identify(src/hiwin/hiwin_dual_arm_bringup) by extension 'colcon_meta'
[0.532s] Level 1:colcon.colcon_core.package_identification:_identify(src/hiwin/hiwin_dual_arm_bringup) by extensions ['ros']
[0.532s] Level 1:colcon.colcon_core.package_identification:_identify(src/hiwin/hiwin_dual_arm_bringup) by extension 'ros'
[0.533s] DEBUG:colcon.colcon_core.package_identification:Package 'src/hiwin/hiwin_dual_arm_bringup' with type 'ros.ament_cmake' and name 'hiwin_dual_arm_bringup'
[0.533s] Level 1:colcon.colcon_core.package_identification:_identify(src/hiwin/hiwin_robot_client_library) by extensions ['ignore', 'ignore_ament_install']
[0.533s] Level 1:colcon.colcon_core.package_identification:_identify(src/hiwin/hiwin_robot_client_library) by extension 'ignore'
[0.533s] Level 1:colcon.colcon_core.package_identification:_identify(src/hiwin/hiwin_robot_client_library) by extension 'ignore_ament_install'
[0.533s] Level 1:colcon.colcon_core.package_identification:_identify(src/hiwin/hiwin_robot_client_library) by extensions ['colcon_pkg']
[0.533s] Level 1:colcon.colcon_core.package_identification:_identify(src/hiwin/hiwin_robot_client_library) by extension 'colcon_pkg'
[0.533s] Level 1:colcon.colcon_core.package_identification:_identify(src/hiwin/hiwin_robot_client_library) by extensions ['colcon_meta']
[0.533s] Level 1:colcon.colcon_core.package_identification:_identify(src/hiwin/hiwin_robot_client_library) by extension 'colcon_meta'
[0.533s] Level 1:colcon.colcon_core.package_identification:_identify(src/hiwin/hiwin_robot_client_library) by extensions ['ros']
[0.533s] Level 1:colcon.colcon_core.package_identification:_identify(src/hiwin/hiwin_robot_client_library) by extension 'ros'
[0.535s] DEBUG:colcon.colcon_core.package_identification:Package 'src/hiwin/hiwin_robot_client_library' with type 'ros.cmake' and name 'hiwin_robot_client_library'
[0.535s] Level 1:colcon.colcon_core.package_identification:_identify(src/hiwin/hiwin_ros2) by extensions ['ignore', 'ignore_ament_install']
[0.535s] Level 1:colcon.colcon_core.package_identification:_identify(src/hiwin/hiwin_ros2) by extension 'ignore'
[0.535s] Level 1:colcon.colcon_core.package_identification:_identify(src/hiwin/hiwin_ros2) by extension 'ignore_ament_install'
[0.535s] Level 1:colcon.colcon_core.package_identification:_identify(src/hiwin/hiwin_ros2) by extensions ['colcon_pkg']
[0.535s] Level 1:colcon.colcon_core.package_identification:_identify(src/hiwin/hiwin_ros2) by extension 'colcon_pkg'
[0.535s] Level 1:colcon.colcon_core.package_identification:_identify(src/hiwin/hiwin_ros2) by extensions ['colcon_meta']
[0.535s] Level 1:colcon.colcon_core.package_identification:_identify(src/hiwin/hiwin_ros2) by extension 'colcon_meta'
[0.535s] Level 1:colcon.colcon_core.package_identification:_identify(src/hiwin/hiwin_ros2) by extensions ['ros']
[0.535s] Level 1:colcon.colcon_core.package_identification:_identify(src/hiwin/hiwin_ros2) by extension 'ros'
[0.535s] Level 1:colcon.colcon_core.package_identification:_identify(src/hiwin/hiwin_ros2) by extensions ['cmake', 'python']
[0.535s] Level 1:colcon.colcon_core.package_identification:_identify(src/hiwin/hiwin_ros2) by extension 'cmake'
[0.535s] Level 1:colcon.colcon_core.package_identification:_identify(src/hiwin/hiwin_ros2) by extension 'python'
[0.535s] Level 1:colcon.colcon_core.package_identification:_identify(src/hiwin/hiwin_ros2) by extensions ['python_setup_py']
[0.535s] Level 1:colcon.colcon_core.package_identification:_identify(src/hiwin/hiwin_ros2) by extension 'python_setup_py'
[0.535s] Level 1:colcon.colcon_core.package_identification:_identify(src/hiwin/hiwin_ros2/hiwin_controllers) by extensions ['ignore', 'ignore_ament_install']
[0.535s] Level 1:colcon.colcon_core.package_identification:_identify(src/hiwin/hiwin_ros2/hiwin_controllers) by extension 'ignore'
[0.535s] Level 1:colcon.colcon_core.package_identification:_identify(src/hiwin/hiwin_ros2/hiwin_controllers) by extension 'ignore_ament_install'
[0.535s] Level 1:colcon.colcon_core.package_identification:_identify(src/hiwin/hiwin_ros2/hiwin_controllers) by extensions ['colcon_pkg']
[0.536s] Level 1:colcon.colcon_core.package_identification:_identify(src/hiwin/hiwin_ros2/hiwin_controllers) by extension 'colcon_pkg'
[0.536s] Level 1:colcon.colcon_core.package_identification:_identify(src/hiwin/hiwin_ros2/hiwin_controllers) by extensions ['colcon_meta']
[0.536s] Level 1:colcon.colcon_core.package_identification:_identify(src/hiwin/hiwin_ros2/hiwin_controllers) by extension 'colcon_meta'
[0.536s] Level 1:colcon.colcon_core.package_identification:_identify(src/hiwin/hiwin_ros2/hiwin_controllers) by extensions ['ros']
[0.536s] Level 1:colcon.colcon_core.package_identification:_identify(src/hiwin/hiwin_ros2/hiwin_controllers) by extension 'ros'
[0.536s] DEBUG:colcon.colcon_core.package_identification:Package 'src/hiwin/hiwin_ros2/hiwin_controllers' with type 'ros.ament_cmake' and name 'hiwin_controllers'
[0.536s] Level 1:colcon.colcon_core.package_identification:_identify(src/hiwin/hiwin_ros2/hiwin_description) by extensions ['ignore', 'ignore_ament_install']
[0.536s] Level 1:colcon.colcon_core.package_identification:_identify(src/hiwin/hiwin_ros2/hiwin_description) by extension 'ignore'
[0.536s] Level 1:colcon.colcon_core.package_identification:_identify(src/hiwin/hiwin_ros2/hiwin_description) by extension 'ignore_ament_install'
[0.537s] Level 1:colcon.colcon_core.package_identification:_identify(src/hiwin/hiwin_ros2/hiwin_description) by extensions ['colcon_pkg']
[0.537s] Level 1:colcon.colcon_core.package_identification:_identify(src/hiwin/hiwin_ros2/hiwin_description) by extension 'colcon_pkg'
[0.537s] Level 1:colcon.colcon_core.package_identification:_identify(src/hiwin/hiwin_ros2/hiwin_description) by extensions ['colcon_meta']
[0.537s] Level 1:colcon.colcon_core.package_identification:_identify(src/hiwin/hiwin_ros2/hiwin_description) by extension 'colcon_meta'
[0.537s] Level 1:colcon.colcon_core.package_identification:_identify(src/hiwin/hiwin_ros2/hiwin_description) by extensions ['ros']
[0.537s] Level 1:colcon.colcon_core.package_identification:_identify(src/hiwin/hiwin_ros2/hiwin_description) by extension 'ros'
[0.537s] DEBUG:colcon.colcon_core.package_identification:Package 'src/hiwin/hiwin_ros2/hiwin_description' with type 'ros.ament_cmake' and name 'hiwin_description'
[0.537s] Level 1:colcon.colcon_core.package_identification:_identify(src/hiwin/hiwin_ros2/hiwin_driver) by extensions ['ignore', 'ignore_ament_install']
[0.537s] Level 1:colcon.colcon_core.package_identification:_identify(src/hiwin/hiwin_ros2/hiwin_driver) by extension 'ignore'
[0.537s] Level 1:colcon.colcon_core.package_identification:_identify(src/hiwin/hiwin_ros2/hiwin_driver) by extension 'ignore_ament_install'
[0.537s] Level 1:colcon.colcon_core.package_identification:_identify(src/hiwin/hiwin_ros2/hiwin_driver) by extensions ['colcon_pkg']
[0.537s] Level 1:colcon.colcon_core.package_identification:_identify(src/hiwin/hiwin_ros2/hiwin_driver) by extension 'colcon_pkg'
[0.537s] Level 1:colcon.colcon_core.package_identification:_identify(src/hiwin/hiwin_ros2/hiwin_driver) by extensions ['colcon_meta']
[0.537s] Level 1:colcon.colcon_core.package_identification:_identify(src/hiwin/hiwin_ros2/hiwin_driver) by extension 'colcon_meta'
[0.537s] Level 1:colcon.colcon_core.package_identification:_identify(src/hiwin/hiwin_ros2/hiwin_driver) by extensions ['ros']
[0.537s] Level 1:colcon.colcon_core.package_identification:_identify(src/hiwin/hiwin_ros2/hiwin_driver) by extension 'ros'
[0.538s] DEBUG:colcon.colcon_core.package_identification:Package 'src/hiwin/hiwin_ros2/hiwin_driver' with type 'ros.ament_cmake' and name 'hiwin_driver'
[0.538s] Level 1:colcon.colcon_core.package_identification:_identify(src/hiwin/hiwin_ros2/hiwin_msgs) by extensions ['ignore', 'ignore_ament_install']
[0.538s] Level 1:colcon.colcon_core.package_identification:_identify(src/hiwin/hiwin_ros2/hiwin_msgs) by extension 'ignore'
[0.539s] Level 1:colcon.colcon_core.package_identification:_identify(src/hiwin/hiwin_ros2/hiwin_msgs) by extension 'ignore_ament_install'
[0.539s] Level 1:colcon.colcon_core.package_identification:_identify(src/hiwin/hiwin_ros2/hiwin_msgs) by extensions ['colcon_pkg']
[0.539s] Level 1:colcon.colcon_core.package_identification:_identify(src/hiwin/hiwin_ros2/hiwin_msgs) by extension 'colcon_pkg'
[0.539s] Level 1:colcon.colcon_core.package_identification:_identify(src/hiwin/hiwin_ros2/hiwin_msgs) by extensions ['colcon_meta']
[0.539s] Level 1:colcon.colcon_core.package_identification:_identify(src/hiwin/hiwin_ros2/hiwin_msgs) by extension 'colcon_meta'
[0.539s] Level 1:colcon.colcon_core.package_identification:_identify(src/hiwin/hiwin_ros2/hiwin_msgs) by extensions ['ros']
[0.539s] Level 1:colcon.colcon_core.package_identification:_identify(src/hiwin/hiwin_ros2/hiwin_msgs) by extension 'ros'
[0.539s] DEBUG:colcon.colcon_core.package_identification:Package 'src/hiwin/hiwin_ros2/hiwin_msgs' with type 'ros.ament_cmake' and name 'hiwin_msgs'
[0.539s] Level 1:colcon.colcon_core.package_identification:_identify(src/hiwin/hiwin_ros2/hiwin_ra6_moveit_config) by extensions ['ignore', 'ignore_ament_install']
[0.539s] Level 1:colcon.colcon_core.package_identification:_identify(src/hiwin/hiwin_ros2/hiwin_ra6_moveit_config) by extension 'ignore'
[0.539s] Level 1:colcon.colcon_core.package_identification:_identify(src/hiwin/hiwin_ros2/hiwin_ra6_moveit_config) by extension 'ignore_ament_install'
[0.539s] Level 1:colcon.colcon_core.package_identification:_identify(src/hiwin/hiwin_ros2/hiwin_ra6_moveit_config) by extensions ['colcon_pkg']
[0.539s] Level 1:colcon.colcon_core.package_identification:_identify(src/hiwin/hiwin_ros2/hiwin_ra6_moveit_config) by extension 'colcon_pkg'
[0.540s] Level 1:colcon.colcon_core.package_identification:_identify(src/hiwin/hiwin_ros2/hiwin_ra6_moveit_config) by extensions ['colcon_meta']
[0.540s] Level 1:colcon.colcon_core.package_identification:_identify(src/hiwin/hiwin_ros2/hiwin_ra6_moveit_config) by extension 'colcon_meta'
[0.540s] Level 1:colcon.colcon_core.package_identification:_identify(src/hiwin/hiwin_ros2/hiwin_ra6_moveit_config) by extensions ['ros']
[0.540s] Level 1:colcon.colcon_core.package_identification:_identify(src/hiwin/hiwin_ros2/hiwin_ra6_moveit_config) by extension 'ros'
[0.540s] DEBUG:colcon.colcon_core.package_identification:Package 'src/hiwin/hiwin_ros2/hiwin_ra6_moveit_config' with type 'ros.ament_cmake' and name 'hiwin_ra6_moveit_config'
[0.540s] Level 1:colcon.colcon_core.package_identification:_identify(src/hiwin/hiwin_ros2/hiwin_rs4_moveit_config) by extensions ['ignore', 'ignore_ament_install']
[0.540s] Level 1:colcon.colcon_core.package_identification:_identify(src/hiwin/hiwin_ros2/hiwin_rs4_moveit_config) by extension 'ignore'
[0.540s] Level 1:colcon.colcon_core.package_identification:_identify(src/hiwin/hiwin_ros2/hiwin_rs4_moveit_config) by extension 'ignore_ament_install'
[0.540s] Level 1:colcon.colcon_core.package_identification:_identify(src/hiwin/hiwin_ros2/hiwin_rs4_moveit_config) by extensions ['colcon_pkg']
[0.540s] Level 1:colcon.colcon_core.package_identification:_identify(src/hiwin/hiwin_ros2/hiwin_rs4_moveit_config) by extension 'colcon_pkg'
[0.540s] Level 1:colcon.colcon_core.package_identification:_identify(src/hiwin/hiwin_ros2/hiwin_rs4_moveit_config) by extensions ['colcon_meta']
[0.540s] Level 1:colcon.colcon_core.package_identification:_identify(src/hiwin/hiwin_ros2/hiwin_rs4_moveit_config) by extension 'colcon_meta'
[0.541s] Level 1:colcon.colcon_core.package_identification:_identify(src/hiwin/hiwin_ros2/hiwin_rs4_moveit_config) by extensions ['ros']
[0.541s] Level 1:colcon.colcon_core.package_identification:_identify(src/hiwin/hiwin_ros2/hiwin_rs4_moveit_config) by extension 'ros'
[0.541s] DEBUG:colcon.colcon_core.package_identification:Package 'src/hiwin/hiwin_ros2/hiwin_rs4_moveit_config' with type 'ros.ament_cmake' and name 'hiwin_rs4_moveit_config'
[0.541s] Level 1:colcon.colcon_core.package_discovery:discover_packages(recursive) using defaults
[0.541s] Level 1:colcon.colcon_core.package_discovery:discover_packages(ignore) discover
[0.541s] Level 1:colcon.colcon_core.package_discovery:discover_packages(ignore) using defaults
[0.541s] Level 1:colcon.colcon_core.package_discovery:discover_packages(path) discover
[0.541s] Level 1:colcon.colcon_core.package_discovery:discover_packages(path) using defaults
[0.561s] INFO:colcon.colcon_core.package_selection:Skipping not selected package 'dual_arm_alm_cg_planner' in 'src/For_hiwin_dual_arm/dual_arm_alm_cg_planner'
[0.561s] INFO:colcon.colcon_core.package_selection:Skipping not selected package 'dual_arm_alm_gd_planner' in 'src/For_hiwin_dual_arm/dual_arm_alm_gd_planner'
[0.561s] INFO:colcon.colcon_core.package_selection:Skipping not selected package 'dual_arm_alm_newton_planner' in 'src/For_hiwin_dual_arm/dual_arm_alm_newton_planner'
[0.561s] INFO:colcon.colcon_core.package_selection:Skipping not selected package 'dual_arm_domain_bridge' in 'src/For_hiwin_dual_arm/dual_arm_domain_bridge'
[0.561s] INFO:colcon.colcon_core.package_selection:Skipping not selected package 'dual_arm_execute_panel' in 'src/hiwin/dual_arm_execute_panel'
[0.561s] INFO:colcon.colcon_core.package_selection:Skipping not selected package 'dual_arm_lag_cg_planner' in 'src/For_hiwin_dual_arm/dual_arm_lag_cg_planner'
[0.561s] INFO:colcon.colcon_core.package_selection:Skipping not selected package 'dual_arm_lag_gd_planner' in 'src/For_hiwin_dual_arm/dual_arm_lag_gd_planner'
[0.561s] INFO:colcon.colcon_core.package_selection:Skipping not selected package 'dual_arm_lag_newton_planner' in 'src/For_hiwin_dual_arm/dual_arm_lag_newton_planner'
[0.561s] INFO:colcon.colcon_core.package_selection:Skipping not selected package 'hiwin_description' in 'src/hiwin/hiwin_ros2/hiwin_description'
[0.561s] INFO:colcon.colcon_core.package_selection:Skipping not selected package 'hiwin_dual_arm_description' in 'src/For_hiwin_dual_arm/hiwin_dual_arm_description'
[0.561s] INFO:colcon.colcon_core.package_selection:Skipping not selected package 'hiwin_msgs' in 'src/hiwin/hiwin_ros2/hiwin_msgs'
[0.561s] INFO:colcon.colcon_core.package_selection:Skipping not selected package 'hiwin_controllers' in 'src/hiwin/hiwin_ros2/hiwin_controllers'
[0.561s] INFO:colcon.colcon_core.package_selection:Skipping not selected package 'hiwin_dual_arm' in 'src/For_hiwin_dual_arm/hiwin_dual_arm'
[0.561s] INFO:colcon.colcon_core.package_selection:Skipping not selected package 'hiwin_driver' in 'src/hiwin/hiwin_ros2/hiwin_driver'
[0.561s] INFO:colcon.colcon_core.package_selection:Skipping not selected package 'hiwin_ra6_moveit_config' in 'src/hiwin/hiwin_ros2/hiwin_ra6_moveit_config'
[0.561s] INFO:colcon.colcon_core.package_selection:Skipping not selected package 'hiwin_rs4_moveit_config' in 'src/hiwin/hiwin_ros2/hiwin_rs4_moveit_config'
[0.561s] INFO:colcon.colcon_core.package_selection:Skipping not selected package 'big_arm_bringup' in 'src/hiwin/dual_arm_bringup_overlay/big_arm_bringup'
[0.561s] INFO:colcon.colcon_core.package_selection:Skipping not selected package 'big_arm_moveit_config' in 'src/hiwin/dual_arm_bringup_overlay/big_arm_moveit_config'
[0.561s] INFO:colcon.colcon_core.package_selection:Skipping not selected package 'hiwin_dual_arm_bringup' in 'src/hiwin/hiwin_dual_arm_bringup'
[0.561s] INFO:colcon.colcon_core.package_selection:Skipping not selected package 'small_arm_bringup' in 'src/hiwin/dual_arm_bringup_overlay/small_arm_bringup'
[0.561s] INFO:colcon.colcon_core.package_selection:Skipping not selected package 'small_arm_moveit_config' in 'src/hiwin/dual_arm_bringup_overlay/small_arm_moveit_config'
[0.562s] Level 1:colcon.colcon_core.package_discovery:discover_packages(prefix_path) check parameters
[0.562s] Level 1:colcon.colcon_core.package_discovery:discover_packages(prefix_path) discover
[0.562s] WARNING:colcon.colcon_ros.prefix_path.ament:The path '/home/dualarm/hiwin_ws/install/small_arm_moveit_config' in the environment variable AMENT_PREFIX_PATH doesn't exist
[0.563s] WARNING:colcon.colcon_ros.prefix_path.ament:The path '/home/dualarm/hiwin_ws/install/small_arm_bringup' in the environment variable AMENT_PREFIX_PATH doesn't exist
[0.563s] WARNING:colcon.colcon_ros.prefix_path.ament:The path '/home/dualarm/hiwin_ws/install/hiwin_rs4_moveit_config' in the environment variable AMENT_PREFIX_PATH doesn't exist
[0.563s] WARNING:colcon.colcon_ros.prefix_path.ament:The path '/home/dualarm/hiwin_ws/install/hiwin_dual_arm_bringup' in the environment variable AMENT_PREFIX_PATH doesn't exist
[0.563s] WARNING:colcon.colcon_ros.prefix_path.ament:The path '/home/dualarm/hiwin_ws/install/big_arm_moveit_config' in the environment variable AMENT_PREFIX_PATH doesn't exist
[0.563s] WARNING:colcon.colcon_ros.prefix_path.ament:The path '/home/dualarm/hiwin_ws/install/big_arm_bringup' in the environment variable AMENT_PREFIX_PATH doesn't exist
[0.563s] WARNING:colcon.colcon_ros.prefix_path.ament:The path '/home/dualarm/hiwin_ws/install/hiwin_ra6_moveit_config' in the environment variable AMENT_PREFIX_PATH doesn't exist
[0.563s] WARNING:colcon.colcon_ros.prefix_path.ament:The path '/home/dualarm/hiwin_ws/install/hiwin_dual_arm' in the environment variable AMENT_PREFIX_PATH doesn't exist
[0.563s] WARNING:colcon.colcon_ros.prefix_path.ament:The path '/home/dualarm/hiwin_ws/install/dual_arm_lag_newton_planner' in the environment variable AMENT_PREFIX_PATH doesn't exist
[0.563s] WARNING:colcon.colcon_ros.prefix_path.ament:The path '/home/dualarm/hiwin_ws/install/dual_arm_lag_gd_planner' in the environment variable AMENT_PREFIX_PATH doesn't exist
[0.563s] WARNING:colcon.colcon_ros.prefix_path.ament:The path '/home/dualarm/hiwin_ws/install/dual_arm_lag_cg_planner' in the environment variable AMENT_PREFIX_PATH doesn't exist
[0.563s] WARNING:colcon.colcon_ros.prefix_path.ament:The path '/home/dualarm/hiwin_ws/install/dual_arm_execute_panel' in the environment variable AMENT_PREFIX_PATH doesn't exist
[0.563s] WARNING:colcon.colcon_ros.prefix_path.ament:The path '/home/dualarm/hiwin_ws/install/dual_arm_domain_bridge' in the environment variable AMENT_PREFIX_PATH doesn't exist
[0.563s] WARNING:colcon.colcon_ros.prefix_path.ament:The path '/home/dualarm/hiwin_ws/install/dual_arm_alm_newton_planner' in the environment variable AMENT_PREFIX_PATH doesn't exist
[0.563s] WARNING:colcon.colcon_ros.prefix_path.ament:The path '/home/dualarm/hiwin_ws/install/dual_arm_alm_gd_planner' in the environment variable AMENT_PREFIX_PATH doesn't exist
[0.564s] WARNING:colcon.colcon_ros.prefix_path.catkin:The path '/home/dualarm/hiwin_ws/install/small_arm_moveit_config' in the environment variable CMAKE_PREFIX_PATH doesn't exist
[0.564s] WARNING:colcon.colcon_ros.prefix_path.catkin:The path '/home/dualarm/hiwin_ws/install/small_arm_bringup' in the environment variable CMAKE_PREFIX_PATH doesn't exist
[0.564s] WARNING:colcon.colcon_ros.prefix_path.catkin:The path '/home/dualarm/hiwin_ws/install/hiwin_rs4_moveit_config' in the environment variable CMAKE_PREFIX_PATH doesn't exist
[0.565s] WARNING:colcon.colcon_ros.prefix_path.catkin:The path '/home/dualarm/hiwin_ws/install/hiwin_robot_client_library' in the environment variable CMAKE_PREFIX_PATH doesn't exist
[0.565s] WARNING:colcon.colcon_ros.prefix_path.catkin:The path '/home/dualarm/hiwin_ws/install/hiwin_dual_arm_bringup' in the environment variable CMAKE_PREFIX_PATH doesn't exist
[0.565s] WARNING:colcon.colcon_ros.prefix_path.catkin:The path '/home/dualarm/hiwin_ws/install/big_arm_moveit_config' in the environment variable CMAKE_PREFIX_PATH doesn't exist
[0.565s] WARNING:colcon.colcon_ros.prefix_path.catkin:The path '/home/dualarm/hiwin_ws/install/big_arm_bringup' in the environment variable CMAKE_PREFIX_PATH doesn't exist
[0.565s] WARNING:colcon.colcon_ros.prefix_path.catkin:The path '/home/dualarm/hiwin_ws/install/hiwin_ra6_moveit_config' in the environment variable CMAKE_PREFIX_PATH doesn't exist
[0.565s] WARNING:colcon.colcon_ros.prefix_path.catkin:The path '/home/dualarm/hiwin_ws/install/hiwin_dual_arm' in the environment variable CMAKE_PREFIX_PATH doesn't exist
[0.565s] WARNING:colcon.colcon_ros.prefix_path.catkin:The path '/home/dualarm/hiwin_ws/install/dual_arm_lag_newton_planner' in the environment variable CMAKE_PREFIX_PATH doesn't exist
[0.565s] WARNING:colcon.colcon_ros.prefix_path.catkin:The path '/home/dualarm/hiwin_ws/install/dual_arm_lag_gd_planner' in the environment variable CMAKE_PREFIX_PATH doesn't exist
[0.565s] WARNING:colcon.colcon_ros.prefix_path.catkin:The path '/home/dualarm/hiwin_ws/install/dual_arm_lag_cg_planner' in the environment variable CMAKE_PREFIX_PATH doesn't exist
[0.565s] WARNING:colcon.colcon_ros.prefix_path.catkin:The path '/home/dualarm/hiwin_ws/install/dual_arm_execute_panel' in the environment variable CMAKE_PREFIX_PATH doesn't exist
[0.565s] WARNING:colcon.colcon_ros.prefix_path.catkin:The path '/home/dualarm/hiwin_ws/install/dual_arm_domain_bridge' in the environment variable CMAKE_PREFIX_PATH doesn't exist
[0.565s] WARNING:colcon.colcon_ros.prefix_path.catkin:The path '/home/dualarm/hiwin_ws/install/dual_arm_alm_newton_planner' in the environment variable CMAKE_PREFIX_PATH doesn't exist
[0.565s] WARNING:colcon.colcon_ros.prefix_path.catkin:The path '/home/dualarm/hiwin_ws/install/dual_arm_alm_gd_planner' in the environment variable CMAKE_PREFIX_PATH doesn't exist
[0.566s] DEBUG:colcon.colcon_installed_package_information.package_discovery:Found 6 installed packages in /home/dualarm/hiwin_ws/install
[0.567s] DEBUG:colcon.colcon_installed_package_information.package_discovery:Found 58 installed packages in /home/dualarm/ws_moveit2/install
[0.568s] DEBUG:colcon.colcon_installed_package_information.package_discovery:Found 316 installed packages in /opt/ros/humble
[0.569s] Level 1:colcon.colcon_core.package_discovery:discover_packages(prefix_path) using defaults
[0.604s] Level 5:colcon.colcon_core.verb:set package 'hiwin_robot_client_library' build argument 'cmake_args' from command line to '['-DCMAKE_BUILD_TYPE=Release']'
[0.604s] Level 5:colcon.colcon_core.verb:set package 'hiwin_robot_client_library' build argument 'cmake_target' from command line to 'None'
[0.604s] Level 5:colcon.colcon_core.verb:set package 'hiwin_robot_client_library' build argument 'cmake_target_skip_unavailable' from command line to 'False'
[0.604s] Level 5:colcon.colcon_core.verb:set package 'hiwin_robot_client_library' build argument 'cmake_clean_cache' from command line to 'False'
[0.604s] Level 5:colcon.colcon_core.verb:set package 'hiwin_robot_client_library' build argument 'cmake_clean_first' from command line to 'False'
[0.604s] Level 5:colcon.colcon_core.verb:set package 'hiwin_robot_client_library' build argument 'cmake_force_configure' from command line to 'False'
[0.604s] Level 5:colcon.colcon_core.verb:set package 'hiwin_robot_client_library' build argument 'ament_cmake_args' from command line to 'None'
[0.604s] Level 5:colcon.colcon_core.verb:set package 'hiwin_robot_client_library' build argument 'catkin_cmake_args' from command line to 'None'
[0.604s] Level 5:colcon.colcon_core.verb:set package 'hiwin_robot_client_library' build argument 'catkin_skip_building_tests' from command line to 'False'
[0.604s] DEBUG:colcon.colcon_core.verb:Building package 'hiwin_robot_client_library' with the following arguments: {'ament_cmake_args': None, 'build_base': '/home/dualarm/hiwin_ws/build/hiwin_robot_client_library', 'catkin_cmake_args': None, 'catkin_skip_building_tests': False, 'cmake_args': ['-DCMAKE_BUILD_TYPE=Release'], 'cmake_clean_cache': False, 'cmake_clean_first': False, 'cmake_force_configure': False, 'cmake_target': None, 'cmake_target_skip_unavailable': False, 'install_base': '/home/dualarm/hiwin_ws/install/hiwin_robot_client_library', 'merge_install': False, 'path': '/home/dualarm/hiwin_ws/src/hiwin/hiwin_robot_client_library', 'symlink_install': False, 'test_result_base': None}
[0.604s] INFO:colcon.colcon_core.executor:Executing jobs using 'parallel' executor
[0.605s] DEBUG:colcon.colcon_parallel_executor.executor.parallel:run_until_complete
[0.605s] INFO:colcon.colcon_ros.task.cmake.build:Building ROS package in '/home/dualarm/hiwin_ws/src/hiwin/hiwin_robot_client_library' with build type 'cmake'
[0.605s] INFO:colcon.colcon_cmake.task.cmake.build:Building CMake package in '/home/dualarm/hiwin_ws/src/hiwin/hiwin_robot_client_library'
[0.607s] INFO:colcon.colcon_core.plugin_system:Skipping extension 'colcon_core.shell.bat': Not used on non-Windows systems
[0.607s] INFO:colcon.colcon_core.shell:Skip shell extension 'powershell' for command environment: Not usable outside of PowerShell
[0.607s] DEBUG:colcon.colcon_core.shell:Skip shell extension 'dsv' for command environment
[0.616s] DEBUG:colcon.colcon_core.event_handler.log_command:Invoking command in '/home/dualarm/hiwin_ws/build/hiwin_robot_client_library': CMAKE_PREFIX_PATH=${CMAKE_PREFIX_PATH}:/home/dualarm/ws_moveit2/install/moveit_configs_utils:/home/dualarm/ws_moveit2/install/launch_param_builder:/opt/ros/humble /usr/bin/cmake /home/dualarm/hiwin_ws/src/hiwin/hiwin_robot_client_library -DCMAKE_BUILD_TYPE=Release -DCMAKE_INSTALL_PREFIX=/home/dualarm/hiwin_ws/install/hiwin_robot_client_library
[0.854s] DEBUG:colcon.colcon_core.event_handler.log_command:Invoked command in '/home/dualarm/hiwin_ws/build/hiwin_robot_client_library' returned '0': CMAKE_PREFIX_PATH=${CMAKE_PREFIX_PATH}:/home/dualarm/ws_moveit2/install/moveit_configs_utils:/home/dualarm/ws_moveit2/install/launch_param_builder:/opt/ros/humble /usr/bin/cmake /home/dualarm/hiwin_ws/src/hiwin/hiwin_robot_client_library -DCMAKE_BUILD_TYPE=Release -DCMAKE_INSTALL_PREFIX=/home/dualarm/hiwin_ws/install/hiwin_robot_client_library
[0.856s] DEBUG:colcon.colcon_core.event_handler.log_command:Invoking command in '/home/dualarm/hiwin_ws/build/hiwin_robot_client_library': CMAKE_PREFIX_PATH=${CMAKE_PREFIX_PATH}:/home/dualarm/ws_moveit2/install/moveit_configs_utils:/home/dualarm/ws_moveit2/install/launch_param_builder:/opt/ros/humble /usr/bin/cmake --build /home/dualarm/hiwin_ws/build/hiwin_robot_client_library -- -j16 -l16
[3.894s] DEBUG:colcon.colcon_core.event_handler.log_command:Invoked command in '/home/dualarm/hiwin_ws/build/hiwin_robot_client_library' returned '0': CMAKE_PREFIX_PATH=${CMAKE_PREFIX_PATH}:/home/dualarm/ws_moveit2/install/moveit_configs_utils:/home/dualarm/ws_moveit2/install/launch_param_builder:/opt/ros/humble /usr/bin/cmake --build /home/dualarm/hiwin_ws/build/hiwin_robot_client_library -- -j16 -l16
[3.903s] DEBUG:colcon.colcon_core.event_handler.log_command:Invoking command in '/home/dualarm/hiwin_ws/build/hiwin_robot_client_library': CMAKE_PREFIX_PATH=${CMAKE_PREFIX_PATH}:/home/dualarm/ws_moveit2/install/moveit_configs_utils:/home/dualarm/ws_moveit2/install/launch_param_builder:/opt/ros/humble /usr/bin/cmake --install /home/dualarm/hiwin_ws/build/hiwin_robot_client_library
[3.912s] DEBUG:colcon.colcon_core.event_handler.log_command:Invoked command in '/home/dualarm/hiwin_ws/build/hiwin_robot_client_library' returned '0': CMAKE_PREFIX_PATH=${CMAKE_PREFIX_PATH}:/home/dualarm/ws_moveit2/install/moveit_configs_utils:/home/dualarm/ws_moveit2/install/launch_param_builder:/opt/ros/humble /usr/bin/cmake --install /home/dualarm/hiwin_ws/build/hiwin_robot_client_library
[3.912s] Level 1:colcon.colcon_core.shell:create_environment_hook('hiwin_robot_client_library', 'pkg_config_path')
[3.912s] INFO:colcon.colcon_core.shell:Creating environment hook '/home/dualarm/hiwin_ws/install/hiwin_robot_client_library/share/hiwin_robot_client_library/hook/pkg_config_path.ps1'
[3.912s] INFO:colcon.colcon_core.shell:Creating environment descriptor '/home/dualarm/hiwin_ws/install/hiwin_robot_client_library/share/hiwin_robot_client_library/hook/pkg_config_path.dsv'
[3.913s] INFO:colcon.colcon_core.shell:Creating environment hook '/home/dualarm/hiwin_ws/install/hiwin_robot_client_library/share/hiwin_robot_client_library/hook/pkg_config_path.sh'
[3.915s] Level 1:colcon.colcon_core.shell:create_environment_hook('hiwin_robot_client_library', 'pkg_config_path_multiarch')
[3.915s] INFO:colcon.colcon_core.shell:Creating environment hook '/home/dualarm/hiwin_ws/install/hiwin_robot_client_library/share/hiwin_robot_client_library/hook/pkg_config_path_multiarch.ps1'
[3.915s] INFO:colcon.colcon_core.shell:Creating environment descriptor '/home/dualarm/hiwin_ws/install/hiwin_robot_client_library/share/hiwin_robot_client_library/hook/pkg_config_path_multiarch.dsv'
[3.915s] INFO:colcon.colcon_core.shell:Creating environment hook '/home/dualarm/hiwin_ws/install/hiwin_robot_client_library/share/hiwin_robot_client_library/hook/pkg_config_path_multiarch.sh'
[3.915s] Level 1:colcon.colcon_core.environment:create_environment_scripts_only(hiwin_robot_client_library)
[3.917s] Level 1:colcon.colcon_core.environment:checking '/home/dualarm/hiwin_ws/install/hiwin_robot_client_library' for CMake module files
[3.917s] Level 1:colcon.colcon_core.environment:checking '/home/dualarm/hiwin_ws/install/hiwin_robot_client_library' for CMake config files
[3.917s] Level 1:colcon.colcon_core.shell:create_environment_hook('hiwin_robot_client_library', 'cmake_prefix_path')
[3.918s] INFO:colcon.colcon_core.shell:Creating environment hook '/home/dualarm/hiwin_ws/install/hiwin_robot_client_library/share/hiwin_robot_client_library/hook/cmake_prefix_path.ps1'
[3.918s] INFO:colcon.colcon_core.shell:Creating environment descriptor '/home/dualarm/hiwin_ws/install/hiwin_robot_client_library/share/hiwin_robot_client_library/hook/cmake_prefix_path.dsv'
[3.918s] INFO:colcon.colcon_core.shell:Creating environment hook '/home/dualarm/hiwin_ws/install/hiwin_robot_client_library/share/hiwin_robot_client_library/hook/cmake_prefix_path.sh'
[3.918s] Level 1:colcon.colcon_core.environment:checking '/home/dualarm/hiwin_ws/install/hiwin_robot_client_library/lib'
[3.919s] Level 1:colcon.colcon_core.shell:create_environment_hook('hiwin_robot_client_library', 'ld_library_path_lib')
[3.919s] INFO:colcon.colcon_core.shell:Creating environment hook '/home/dualarm/hiwin_ws/install/hiwin_robot_client_library/share/hiwin_robot_client_library/hook/ld_library_path_lib.ps1'
[3.919s] INFO:colcon.colcon_core.shell:Creating environment descriptor '/home/dualarm/hiwin_ws/install/hiwin_robot_client_library/share/hiwin_robot_client_library/hook/ld_library_path_lib.dsv'
[3.919s] INFO:colcon.colcon_core.shell:Creating environment hook '/home/dualarm/hiwin_ws/install/hiwin_robot_client_library/share/hiwin_robot_client_library/hook/ld_library_path_lib.sh'
[3.919s] Level 1:colcon.colcon_core.environment:checking '/home/dualarm/hiwin_ws/install/hiwin_robot_client_library/bin'
[3.920s] Level 1:colcon.colcon_core.environment:checking '/home/dualarm/hiwin_ws/install/hiwin_robot_client_library/lib/pkgconfig/hiwin_robot_client_library.pc'
[3.920s] Level 1:colcon.colcon_core.environment:checking '/home/dualarm/hiwin_ws/install/hiwin_robot_client_library/lib/python3.10/site-packages'
[3.920s] Level 1:colcon.colcon_core.environment:checking '/home/dualarm/hiwin_ws/install/hiwin_robot_client_library/bin'
[3.920s] INFO:colcon.colcon_core.shell:Creating package script '/home/dualarm/hiwin_ws/install/hiwin_robot_client_library/share/hiwin_robot_client_library/package.ps1'
[3.921s] INFO:colcon.colcon_core.shell:Creating package descriptor '/home/dualarm/hiwin_ws/install/hiwin_robot_client_library/share/hiwin_robot_client_library/package.dsv'
[3.922s] INFO:colcon.colcon_core.shell:Creating package script '/home/dualarm/hiwin_ws/install/hiwin_robot_client_library/share/hiwin_robot_client_library/package.sh'
[3.922s] INFO:colcon.colcon_core.shell:Creating package script '/home/dualarm/hiwin_ws/install/hiwin_robot_client_library/share/hiwin_robot_client_library/package.bash'
[3.923s] INFO:colcon.colcon_core.shell:Creating package script '/home/dualarm/hiwin_ws/install/hiwin_robot_client_library/share/hiwin_robot_client_library/package.zsh'
[3.923s] Level 1:colcon.colcon_core.environment:create_file_with_runtime_dependencies(/home/dualarm/hiwin_ws/install/hiwin_robot_client_library/share/colcon-core/packages/hiwin_robot_client_library)
[3.923s] DEBUG:colcon.colcon_parallel_executor.executor.parallel:closing loop
[3.923s] DEBUG:colcon.colcon_parallel_executor.executor.parallel:loop closed
[3.923s] DEBUG:colcon.colcon_parallel_executor.executor.parallel:run_until_complete finished with '0'
[3.923s] DEBUG:colcon.colcon_core.event_reactor:joining thread
[3.928s] INFO:colcon.colcon_core.plugin_system:Skipping extension 'colcon_notification.desktop_notification.terminal_notifier': Not used on non-Darwin systems
[3.928s] INFO:colcon.colcon_core.plugin_system:Skipping extension 'colcon_notification.desktop_notification.win32': Not used on non-Windows systems
[3.928s] INFO:colcon.colcon_notification.desktop_notification:Sending desktop notification using 'notify2'
[3.936s] DEBUG:colcon.colcon_core.event_reactor:joined thread
[3.936s] INFO:colcon.colcon_core.shell:Creating prefix script '/home/dualarm/hiwin_ws/install/local_setup.ps1'
[3.937s] INFO:colcon.colcon_core.shell:Creating prefix util module '/home/dualarm/hiwin_ws/install/_local_setup_util_ps1.py'
[3.938s] INFO:colcon.colcon_core.shell:Creating prefix chain script '/home/dualarm/hiwin_ws/install/setup.ps1'
[3.941s] INFO:colcon.colcon_core.shell:Creating prefix script '/home/dualarm/hiwin_ws/install/local_setup.sh'
[3.941s] INFO:colcon.colcon_core.shell:Creating prefix util module '/home/dualarm/hiwin_ws/install/_local_setup_util_sh.py'
[3.942s] INFO:colcon.colcon_core.shell:Creating prefix chain script '/home/dualarm/hiwin_ws/install/setup.sh'
[3.944s] INFO:colcon.colcon_core.shell:Creating prefix script '/home/dualarm/hiwin_ws/install/local_setup.bash'
[3.944s] INFO:colcon.colcon_core.shell:Creating prefix chain script '/home/dualarm/hiwin_ws/install/setup.bash'
[3.947s] INFO:colcon.colcon_core.shell:Creating prefix script '/home/dualarm/hiwin_ws/install/local_setup.zsh'
[3.947s] INFO:colcon.colcon_core.shell:Creating prefix chain script '/home/dualarm/hiwin_ws/install/setup.zsh'
