Step,DF_001,DF_002,DF_003,DF_004,DF_005,DF_006,DF_007,DF_008,DF_009,DF_010,DF_011,DF_012,DF_013,DF_014,DF_015,DF_016,DF_017,DF_018,DF_019,DF_020,DF_021,DF_022,DF_023,DF_024,DF_025,DF_026,DF_027,DF_028,DF_029,DF_030,DF_031,DF_032,DF_033,DF_034,DF_035,DF_036,DF_037,DF_038,DF_039,DF_040,DF_041,DF_042,DF_043,DF_044,DF_045,DF_046,DF_047,DF_048,DF_049,DF_050,DF_051,DF_052,DF_053,DF_054,DF_055,DF_056,DF_057,DF_058,DF_059,DF_060,DF_061,DF_062,DF_063,DF_064,DF_065,DF_066,DF_067,DF_068,DF_069,DF_070,DF_071,DF_072,DF_073,DF_074,DF_075,DF_076,DF_077,DF_078,DF_079,DF_080,DF_081,DF_082,DF_083,DF_084,DF_085,DF_086,DF_087,DF_088,DF_089,DF_090,DF_091,DF_092,DF_093,DF_094,DF_095,DF_096,DF_097,DF_098,DF_099,DF_100,DF_101,DF_102,DF_103,DF_104,DF_105,DF_106,DF_107,DF_108,DF_109,DF_110,DF_111,DF_112,DF_113,DF_114,DF_115,DF_116,DF_117,DF_118,DF_119,DF_120,DF_121,DF_122,DF_123,DF_124,DF_125,DF_126,DF_127,DF_128,DF_129,DF_130,DF_131,DF_132,DF_133,DF_134,DF_135,DF_136,DF_137,DF_138,DF_139,DF_140,DF_141,DF_142,DF_143,DF_144,DF_145,DF_146,DF_147,DF_148,DF_149,DF_150,DF_151,DF_152,DF_153,DF_154,DF_155,DF_156,DF_157,DF_158,DF_159,DF_160,DF_161,DF_162,DF_163,DF_164,DF_165,DF_166,DF_167,DF_168,DF_169,DF_170,DF_171,DF_172,DF_173,DF_174,DF_175,DF_176,DF_177,DF_178,DF_179,DF_180
0,0.02259734128,0.01088991049,0.004709064866,0.001972812066,0.01410341221,0.004222284269,0.011845315,0.02751764479,0.05037249006,0.07986030809,0.0320279577,0.0154346415,0.006674323372,0.002796137967,0.01525603032,0.004222287159,0.0118453107,0.02751760808,0.05037237593,0.07986011293,0.0004272423178,0.0001448711801,4.407914183e-05,1.334959104e-05,0.0005173220135,2.905086692e-05,0.0001313015791,0.0004749551589,0.001198667695,0.002504420832,0.0003014410271,0.0001022138534,3.110001217e-05,9.418789268e-06,0.000478237487,2.905084704e-05,0.0001313016267,0.0004749557927,0.001198670411,0.002504426953,0.01055267399,0.00401359761,0.00136977279,0.0004612233423,0.004440184684,0.0004716048437,0.001364310476,0.003261077457,0.005847400681,0.009082633585,0.01542409143,0.00586639448,0.002002102618,0.00067413894,0.004836472602,0.0004716051949,0.001364309938,0.003261072721,0.005847386264,0.00908260943,0.0002206420068,5.985105749e-05,1.456796385e-05,3.590585562e-06,0.0001763146874,3.56188255e-06,1.629897774e-05,5.963886652e-05,0.000145307471,0.0002936450128,0.0001509562608,4.094816025e-05,9.96692193e-06,2.456558693e-06,0.0001618679229,3.561879897e-06,1.629898417e-05,5.963895313e-05,0.0001453078293,0.0002936457938,2.265879358e-07,2.7814937e-08,2.584250871e-09,2.251068176e-10,1.10164229e-05,3.803894171e-09,1.126604942e-07,1.941420734e-06,1.357060902e-05,6.320289757e-05,3.4113967e-10,2.634478842e-11,1.398492635e-12,6.671305571e-14,9.575188305e-07,6.664635691e-12,6.581835365e-10,3.121900696e-08,4.082224602e-07,3.130822041e-06,1.220906775e-09,1.628279696e-10,1.555559908e-11,1.324019498e-12,2.786223864e-06,1.666538486e-10,9.532645641e-09,2.849568354e-07,2.834715717e-06,1.737644622e-05,8.396808745e-10,1.343272336e-10,1.539306525e-11,1.549740126e-12,3.356756411e-06,2.666903023e-10,1.425198328e-08,3.999633523e-07,3.799322699e-06,2.228316635e-05,4.056666751e-10,8.166064223e-11,1.177517798e-11,1.465610145e-12,3.798158101e-06,3.707179869e-10,1.818070244e-08,4.711062191e-07,4.177686504e-06,2.291674381e-05,1.998954788e-11,4.493035826e-12,6.941922644e-13,8.877986898e-14,2.11108065e-06,5.786969223e-11,3.875647424e-09,1.281702447e-07,1.264537473e-06,7.377458689e-06,2.057890449e-15,3.339164317e-16,3.185164945e-17,2.271664572e-18,1.862672045e-07,1.334232301e-14,4.077390818e-12,4.640844779e-10,8.605126551e-09,7.903785986e-08,1.118666844e-14,2.286706229e-15,2.747885172e-16,2.425437004e-17,4.440970673e-07,8.570247886e-14,1.954935707e-11,1.695928967e-09,2.591718435e-08,1.995479293e-07,5.117145903e-14,1.416946251e-14,2.306521729e-15,2.694171558e-16,1.130423836e-06,6.399510838e-13,1.025853106e-10,6.413610281e-09,7.671233653e-08,4.711289114e-07,4.543138163e-17,7.673394863e-18,6.772801546e-19,4.050228325e-20,1.234591572e-07,2.316862834e-16,1.364008836e-13,2.501247569e-11,5.002959021e-10,4.458719402e-09
1,0.02259734127,0.01088991047,0.004709064856,0.001972812061,0.01410341218,0.004222284267,0.011845315,0.02751764482,0.05037249014,0.0798603083,0.03202795769,0.01543464148,0.006674323358,0.002796137959,0.01525603029,0.004222287157,0.01184531071,0.02751760811,0.05037237602,0.07986011313,0.0004272423175,0.0001448711798,4.407914169e-05,1.334959098e-05,0.0005173220121,2.905086687e-05,0.000131301579,0.0004749551587,0.001198667696,0.002504420835,0.0003014410269,0.0001022138532,3.110001207e-05,9.418789229e-06,0.0004782374857,2.905084699e-05,0.0001313016265,0.0004749557925,0.001198670412,0.002504426955,0.01055267399,0.004013597607,0.001369772789,0.0004612233416,0.004440184682,0.0004716048448,0.001364310481,0.003261077471,0.005847400713,0.009082633647,0.01542409142,0.005866394477,0.002002102616,0.0006741389391,0.0048364726,0.0004716051961,0.001364309943,0.003261072736,0.005847386296,0.009082609491,0.0002206420067,5.985105742e-05,1.456796382e-05,3.590585552e-06,0.0001763146871,3.561882554e-06,1.629897778e-05,5.963886671e-05,0.0001453074716,0.0002936450144,0.0001509562607,4.09481602e-05,9.96692191e-06,2.456558686e-06,0.0001618679227,3.561879901e-06,1.629898421e-05,5.963895331e-05,0.0001453078298,0.0002936457953,2.265879353e-07,2.781493686e-08,2.584250849e-09,2.25106815e-10,1.101642284e-05,3.803894144e-09,1.126604936e-07,1.941420726e-06,1.357060898e-05,6.320289747e-05,3.411396689e-10,2.634478822e-11,1.398492617e-12,6.671305456e-14,9.575188223e-07,6.664635604e-12,6.581835289e-10,3.121900665e-08,4.082224565e-07,3.130822016e-06,1.221155609e-09,1.62862629e-10,1.555905099e-11,1.324324367e-12,2.786498557e-06,1.666860707e-10,9.53431496e-09,2.850019118e-07,2.835136606e-06,1.737888484e-05,8.403386982e-10,1.344361687e-10,1.540597259e-11,1.551079017e-12,3.357965362e-06,2.668754856e-10,1.426094469e-08,4.001904835e-07,3.801347382e-06,2.229439046e-05,4.062816824e-10,8.178860333e-11,1.179422944e-11,1.468050334e-12,3.800781298e-06,3.712101566e-10,1.820255803e-08,4.716176651e-07,4.18194237e-06,2.293880985e-05,2.003473778e-11,4.503574411e-12,6.958794337e-13,8.900259573e-14,2.11320003e-06,5.798592892e-11,3.882670685e-09,1.283791334e-07,1.266467102e-06,7.388074237e-06,2.063441055e-15,3.348688359e-16,3.1947435e-17,2.278821118e-18,1.864785369e-07,1.337687787e-14,4.086784621e-12,4.650304608e-10,8.621377711e-09,7.91769631e-08,1.121173445e-14,2.292285138e-15,2.755136193e-16,2.432282891e-17,4.445624361e-07,8.590542866e-14,1.958972444e-11,1.698953577e-09,2.595879386e-08,1.998368268e-07,5.126131672e-14,1.419783634e-14,2.31170904e-15,2.700843887e-16,1.131505789e-06,6.413177247e-13,1.027713388e-10,6.423322813e-09,7.681252088e-08,4.716550741e-07,4.552742636e-17,7.691929687e-18,6.791202985e-19,4.062360157e-20,1.235910785e-07,2.322876903e-16,1.367011889e-13,2.505839322e-11,5.010906684e-10,4.464795512e-09
2,0.02259734124,0.01088991043,0.004709064827,0.001972812044,0.01410341211,0.004222284263,0.01184531501,0.02751764491,0.0503724904,0.07986030889,0.03202795764,0.01543464142,0.006674323316,0.002796137936,0.01525603021,0.004222287152,0.01184531072,0.02751760819,0.05037237628,0.07986011373,0.0004272423166,0.000144871179,4.407914129e-05,1.334959081e-05,0.0005173220079,2.905086671e-05,0.0001313015785,0.0004749551582,0.001198667697,0.002504420842,0.0003014410263,0.0001022138526,3.110001179e-05,9.418789112e-06,0.0004782374818,2.905084683e-05,0.0001313016261,0.000474955792,0.001198670413,0.002504426963,0.01055267398,0.0040135976,0.001369772784,0.0004612233397,0.004440184676,0.0004716048481,0.001364310495,0.003261077514,0.005847400808,0.009082633829,0.01542409141,0.005866394465,0.00200210261,0.0006741389362,0.004836472594,0.0004716051993,0.001364309957,0.003261072779,0.005847386391,0.009082609674,0.0002206420064,5.98510572e-05,1.456796374e-05,3.590585523e-06,0.0001763146864,3.561882564e-06,1.629897788e-05,5.963886725e-05,0.0001453074733,0.000293645019,0.0001509562605,4.094816006e-05,9.966921852e-06,2.456558667e-06,0.000161867922,3.561879911e-06,1.62989843e-05,5.963895385e-05,0.0001453078316,0.0002936458,2.26587934e-07,2.781493643e-08,2.584250785e-09,2.251068075e-10,1.101642264e-05,3.803894065e-09,1.126604917e-07,1.941420702e-06,1.357060887e-05,6.320289717e-05,3.411396659e-10,2.634478761e-11,1.398492565e-12,6.671305118e-14,9.575187982e-07,6.664635345e-12,6.581835066e-10,3.121900573e-08,4.082224457e-07,3.130821942e-06,1.221889334e-09,1.629648267e-10,1.556922929e-11,1.3252233e-12,2.787308284e-06,1.667810706e-10,9.539236407e-09,2.851348008e-07,2.836377402e-06,1.738607387e-05,8.422807052e-10,1.347577706e-10,1.544407895e-11,1.555031925e-12,3.361530989e-06,2.674220101e-10,1.428738882e-08,4.008606444e-07,3.807320911e-06,2.232750381e-05,4.08099928e-10,8.216694071e-11,1.1850562e-11,1.475266113e-12,3.808523127e-06,3.726644999e-10,1.826712472e-08,4.73128258e-07,4.194510768e-06,2.30039683e-05,2.016853965e-11,4.534781917e-12,7.0087624e-13,8.966231609e-14,2.119458874e-06,5.832987011e-11,3.903444413e-09,1.289967769e-07,1.272171523e-06,7.419451117e-06,2.079891315e-15,3.376921643e-16,3.22314559e-17,2.300046596e-18,1.871028134e-07,1.347924667e-14,4.114598653e-12,4.678300147e-10,8.669458732e-09,7.958842554e-08,1.128596156e-14,2.308810869e-15,2.776621915e-16,2.452574343e-17,4.459369204e-07,8.650642126e-14,1.970919642e-11,1.707900675e-09,2.608184204e-08,2.006909448e-07,5.152718529e-14,1.428181792e-14,2.327068468e-15,2.720607753e-16,1.134700818e-06,6.453629696e-13,1.033216599e-10,6.452040113e-09,7.710864379e-08,4.732099e-07,4.581182284e-17,7.746837659e-18,6.84574217e-19,4.098333894e-20,1.239807475e-07,2.340695509e-16,1.375903006e-13,2.519425336e-11,5.034413057e-10,4.482760894e-09
3,0.02259734119,0.01088991036,0.004709064779,0.001972812017,0.01410341199,0.004222284255,0.01184531503,0.02751764505,0.05037249082,0.07986030987,0.03202795756,0.01543464132,0.006674323248,0.002796137897,0.01525603009,0.004222287144,0.01184531074,0.02751760833,0.0503723767,0.0798601147,0.0004272423151,0.0001448711777,4.407914063e-05,1.334959055e-05,0.000517322001,2.905086645e-05,0.0001313015779,0.0004749551574,0.001198667698,0.002504420855,0.0003014410252,0.0001022138517,3.110001133e-05,9.418788922e-06,0.0004782374754,2.905084657e-05,0.0001313016254,0.0004749557911,0.001198670414,0.002504426975,0.01055267397,0.004013597587,0.001369772777,0.0004612233366,0.004440184667,0.0004716048534,0.001364310517,0.003261077584,0.005847400962,0.009082634127,0.01542409139,0.005866394447,0.002002102599,0.0006741389317,0.004836472584,0.0004716052047,0.001364309979,0.003261072848,0.005847386545,0.009082609971,0.0002206420059,5.985105684e-05,1.45679636e-05,3.590585476e-06,0.0001763146852,3.561882581e-06,1.629897804e-05,5.963886813e-05,0.0001453074762,0.0002936450266,0.0001509562601,4.094815981e-05,9.966921756e-06,2.456558635e-06,0.0001618679209,3.561879928e-06,1.629898447e-05,5.963895473e-05,0.0001453078344,0.0002936458076,2.265879319e-07,2.781493574e-08,2.584250681e-09,2.251067952e-10,1.101642232e-05,3.803893936e-09,1.126604888e-07,1.941420664e-06,1.357060868e-05,6.320289667e-05,3.41139661e-10,2.634478661e-11,1.398492479e-12,6.671304566e-14,9.575187589e-07,6.664634922e-12,6.5818347e-10,3.121900423e-08,4.082224281e-07,3.130821821e-06,1.223089332e-09,1.631319665e-10,1.558587523e-11,1.326693432e-12,2.788631792e-06,1.669364027e-10,9.547282823e-09,2.853520572e-07,2.838405876e-06,1.739782633e-05,8.454642867e-10,1.352850032e-10,1.550655326e-11,1.561512905e-12,3.367365265e-06,2.683174001e-10,1.433070239e-08,4.019580671e-07,3.817101615e-06,2.238171602e-05,4.110891559e-10,8.278901575e-11,1.194319844e-11,1.487133669e-12,3.821207109e-06,3.750530803e-10,1.837311665e-08,4.756069266e-07,4.215128536e-06,2.311083509e-05,2.038915939e-11,4.586251557e-12,7.091194569e-13,9.07509189e-14,2.12972585e-06,5.889625973e-11,3.937628225e-09,1.300124251e-07,1.28154821e-06,7.471010719e-06,2.10706604e-15,3.423583847e-16,3.270110192e-17,2.33516069e-18,1.881274558e-07,1.364821944e-14,4.160460243e-12,4.724415706e-10,8.748618368e-09,8.026555365e-08,1.140838283e-14,2.336082947e-15,2.812101741e-16,2.486102148e-17,4.481922025e-07,8.749763756e-14,1.990602314e-11,1.722625904e-09,2.628423673e-08,2.020951435e-07,5.196495151e-14,1.442019447e-14,2.352395313e-15,2.753221119e-16,1.139941485e-06,6.520290486e-13,1.042274851e-10,6.499260233e-09,7.759525515e-08,4.757636294e-07,4.628081618e-17,7.837465903e-18,6.935847256e-19,4.157821132e-20,1.246202354e-07,2.370113688e-16,1.390561359e-13,2.541795574e-11,5.073088483e-10,4.512301531e-09
4,0.02259734111,0.01088991027,0.004709064713,0.00197281198,0.01410341183,0.004222284244,0.01184531506,0.02751764524,0.0503724914,0.0798603112,0.03202795746,0.01543464119,0.006674323156,0.002796137845,0.01525602991,0.004222287133,0.01184531077,0.02751760853,0.05037237727,0.07986011604,0.000427242313,0.0001448711758,4.407913973e-05,1.334959018e-05,0.0005173219916,2.90508661e-05,0.0001313015769,0.0004749551562,0.001198667701,0.002504420872,0.0003014410238,0.0001022138504,3.110001069e-05,9.418788661e-06,0.0004782374667,2.905084622e-05,0.0001313016245,0.00047495579,0.001198670416,0.002504426993,0.01055267395,0.00401359757,0.001369772768,0.0004612233323,0.004440184654,0.0004716048608,0.001364310548,0.003261077679,0.005847401173,0.009082634535,0.01542409137,0.005866394422,0.002002102586,0.0006741389254,0.00483647257,0.000471605212,0.00136431001,0.003261072944,0.005847386756,0.00908261038,0.0002206420052,5.985105636e-05,1.45679634e-05,3.590585412e-06,0.0001763146835,3.561882603e-06,1.629897826e-05,5.963886933e-05,0.0001453074801,0.000293645037,0.0001509562597,4.094815948e-05,9.966921624e-06,2.456558591e-06,0.0001618679194,3.56187995e-06,1.629898469e-05,5.963895594e-05,0.0001453078383,0.000293645818,2.265879289e-07,2.781493479e-08,2.584250538e-09,2.251067783e-10,1.101642189e-05,3.803893759e-09,1.126604846e-07,1.941420611e-06,1.357060841e-05,6.3202896e-05,3.411396543e-10,2.634478525e-11,1.398492362e-12,6.671303809e-14,9.575187049e-07,6.664634342e-12,6.5818342e-10,3.121900217e-08,4.08222404e-07,3.130821655e-06,1.224737632e-09,1.633615413e-10,1.560873876e-11,1.328712658e-12,2.790448145e-06,1.67149686e-10,9.558330106e-09,2.856503114e-07,2.841190478e-06,1.741395902e-05,8.498523155e-10,1.360117494e-10,1.559267479e-11,1.570447617e-12,3.375384673e-06,2.695504448e-10,1.439032784e-08,4.034682688e-07,3.830558642e-06,2.245629386e-05,4.152266686e-10,8.365022118e-11,1.207147053e-11,1.503569566e-12,3.838674831e-06,3.783543512e-10,1.851950521e-08,4.790280485e-07,4.243575167e-06,2.325823593e-05,2.069585138e-11,4.657828051e-12,7.205872697e-13,9.226590238e-14,2.14389071e-06,5.968214772e-11,3.985007421e-09,1.314186936e-07,1.294523823e-06,7.542326395e-06,2.144946641e-15,3.488675815e-16,3.335671954e-17,2.38421311e-18,1.895422902e-07,1.388348625e-14,4.224214702e-12,4.788430687e-10,8.858418252e-09,8.120417497e-08,1.157863078e-14,2.37404327e-15,2.861532299e-16,2.532854305e-17,4.513048993e-07,8.88761101e-14,2.017930191e-11,1.743040441e-09,2.65645866e-08,2.040387854e-07,5.257225998e-14,1.461235986e-14,2.387606039e-15,2.798610702e-16,1.147170893e-06,6.612877634e-13,1.054834957e-10,6.564636763e-09,7.826834855e-08,4.792934188e-07,4.693292042e-17,7.963643053e-18,7.061471217e-19,4.240869487e-20,1.255030702e-07,2.411086721e-16,1.41093486e-13,2.572829867e-11,5.12668328e-10,4.553200865e-09
5,0.02259734102,0.01088991015,0.004709064631,0.001972811933,0.01410341163,0.00422228423,0.0118453151,0.02751764549,0.05037249213,0.07986031289,0.03202795733,0.01543464102,0.006674323039,0.002796137778,0.01525602969,0.00422228712,0.0118453108,0.02751760877,0.050372378,0.07986011772,0.0004272423104,0.0001448711735,4.407913859e-05,1.334958971e-05,0.0005173219798,2.905086566e-05,0.0001313015757,0.0004749551547,0.001198667703,0.002504420894,0.0003014410219,0.0001022138487,3.110000989e-05,9.418788333e-06,0.0004782374558,2.905084577e-05,0.0001313016233,0.0004749557885,0.001198670419,0.002504427014,0.01055267393,0.004013597549,0.001369772756,0.0004612233269,0.004440184638,0.00047160487,0.001364310587,0.0032610778,0.005847401439,0.009082635049,0.01542409134,0.005866394391,0.002002102568,0.0006741389175,0.004836472552,0.0004716052213,0.001364310049,0.003261073065,0.005847387022,0.009082610894,0.0002206420044,5.985105574e-05,1.456796316e-05,3.590585331e-06,0.0001763146814,3.561882632e-06,1.629897854e-05,5.963887085e-05,0.000145307485,0.0002936450501,0.0001509562591,4.094815906e-05,9.966921458e-06,2.456558536e-06,0.0001618679175,3.561879979e-06,1.629898496e-05,5.963895745e-05,0.0001453078433,0.0002936458311,2.265879252e-07,2.781493359e-08,2.584250358e-09,2.251067571e-10,1.101642133e-05,3.803893536e-09,1.126604795e-07,1.941420545e-06,1.357060808e-05,6.320289514e-05,3.411396458e-10,2.634478353e-11,1.398492214e-12,6.671302856e-14,9.57518637e-07,6.664633612e-12,6.581833569e-10,3.121899958e-08,4.082223736e-07,3.130821446e-06,1.226816812e-09,1.636511182e-10,1.563757717e-11,1.331259515e-12,2.792736674e-06,1.674185934e-10,9.572256728e-09,2.86026258e-07,2.844700225e-06,1.743429191e-05,8.554124085e-10,1.369326876e-10,1.570181835e-11,1.581771762e-12,3.385509518e-06,2.711110208e-10,1.446575544e-08,4.053778662e-07,3.847570388e-06,2.25505529e-05,4.204982363e-10,8.474775046e-11,1.223498412e-11,1.524526201e-12,3.860783405e-06,3.825523727e-10,1.870548662e-08,4.833707464e-07,4.279667234e-06,2.344517864e-05,2.108881997e-11,4.74958432e-12,7.352954917e-13,9.420986872e-14,2.16186153e-06,6.068664979e-11,4.045479263e-09,1.332111809e-07,1.311050813e-06,7.633105464e-06,2.19365851e-15,3.572457635e-16,3.420138952e-17,2.447466873e-18,1.913392431e-07,1.418555806e-14,4.305904672e-12,4.870299866e-10,8.998700273e-09,8.240236861e-08,1.179688314e-14,2.422763687e-15,2.925050925e-16,2.59300017e-17,4.552559292e-07,9.064327282e-14,2.052889266e-11,1.769105103e-09,2.692212428e-08,2.065152297e-07,5.33483359e-14,1.485825576e-14,2.432727026e-15,2.856856991e-16,1.156341315e-06,6.731375857e-13,1.070874777e-10,6.647961514e-09,7.912519557e-08,4.83782528e-07,4.776871493e-17,8.125638422e-18,7.223050124e-19,4.34787465e-20,1.26624053e-07,2.463716505e-16,1.43703372e-13,2.612488797e-11,5.195072941e-10,4.605329152e-09
6,0.02259734091,0.01088991001,0.004709064532,0.001972811877,0.01410341139,0.004222284213,0.01184531514,0.02751764578,0.050372493,0.0798603149,0.03202795717,0.01543464082,0.006674322899,0.002796137699,0.01525602943,0.004222287103,0.01184531085,0.02751760906,0.05037237887,0.07986011973,0.0004272423073,0.0001448711708,4.407913723e-05,1.334958915e-05,0.0005173219656,2.905086512e-05,0.0001313015743,0.000474955153,0.001198667706,0.00250442092,0.0003014410197,0.0001022138468,3.110000893e-05,9.41878794e-06,0.0004782374427,2.905084524e-05,0.0001313016219,0.0004749557867,0.001198670422,0.00250442704,0.01055267391,0.004013597523,0.001369772742,0.0004612233204,0.004440184618,0.0004716048811,0.001364310634,0.003261077944,0.005847401758,0.009082635664,0.0154240913,0.005866394353,0.002002102548,0.000674138908,0.004836472531,0.0004716052323,0.001364310096,0.003261073209,0.005847387341,0.009082611508,0.0002206420034,5.985105501e-05,1.456796287e-05,3.590585235e-06,0.0001763146789,3.561882666e-06,1.629897887e-05,5.963887267e-05,0.0001453074909,0.0002936450658,0.0001509562584,4.094815855e-05,9.96692126e-06,2.45655847e-06,0.0001618679152,3.561880013e-06,1.62989853e-05,5.963895927e-05,0.0001453078491,0.0002936458468,2.265879208e-07,2.781493216e-08,2.584250142e-09,2.251067317e-10,1.101642067e-05,3.80389327e-09,1.126604733e-07,1.941420466e-06,1.357060769e-05,6.320289413e-05,3.411396357e-10,2.634478148e-11,1.398492038e-12,6.671301717e-14,9.575185558e-07,6.664632739e-12,6.581832815e-10,3.121899648e-08,4.082223372e-07,3.130821197e-06,1.229309896e-09,1.639983263e-10,1.567215377e-11,1.334313069e-12,2.795476923e-06,1.677408418e-10,9.58894326e-09,2.864766436e-07,2.848904597e-06,1.745864755e-05,8.621162464e-10,1.380431777e-10,1.583344058e-11,1.595429644e-12,3.397663287e-06,2.729899263e-10,1.45565158e-08,4.076744015e-07,3.868023015e-06,2.266384959e-05,4.268971456e-10,8.608039687e-11,1.24335888e-11,1.549987869e-12,3.887403114e-06,3.876361097e-10,1.893045272e-08,4.886182483e-07,4.323253286e-06,2.367082759e-05,2.156914106e-11,4.86180306e-12,7.53294598e-13,9.659013074e-14,2.183562187e-06,6.191074561e-11,4.119041216e-09,1.353881341e-07,1.331104436e-06,7.743173286e-06,2.253461923e-15,3.675433229e-16,3.524077478e-17,2.525387221e-18,1.935120664e-07,1.455570609e-14,4.405753587e-12,4.970137086e-10,9.169559174e-09,8.386023644e-08,1.206382062e-14,2.482436553e-15,3.002963416e-16,2.66687903e-17,4.600299374e-07,9.28046049e-14,2.095534846e-11,1.80082536e-09,2.735664058e-08,2.095213936e-07,5.429383886e-14,1.5158324e-14,2.487885672e-15,2.928182701e-16,1.167412938e-06,6.876012922e-13,1.09040015e-10,6.749149563e-09,8.016420079e-08,4.892196031e-07,4.879068686e-17,8.324131501e-18,7.421473371e-19,4.479561498e-20,1.279790917e-07,2.528241333e-16,1.468925322e-13,2.660806138e-11,5.278245635e-10,4.668634367e-09
7,0.02259734078,0.01088990985,0.004709064418,0.001972811813,0.01410341111,0.004222284194,0.01184531519,0.02751764611,0.050372494,0.07986031722,0.03202795698,0.01543464059,0.006674322737,0.002796137608,0.01525602913,0.004222287084,0.0118453109,0.02751760939,0.05037237987,0.07986012206,0.0004272423038,0.0001448711676,4.407913566e-05,1.334958851e-05,0.0005173219492,2.905086451e-05,0.0001313015727,0.0004749551509,0.00119866771,0.00250442095,0.0003014410172,0.0001022138446,3.110000782e-05,9.418787486e-06,0.0004782374276,2.905084463e-05,0.0001313016203,0.0004749557847,0.001198670426,0.00250442707,0.01055267388,0.004013597493,0.001369772725,0.0004612233129,0.004440184596,0.0004716048939,0.001364310688,0.003261078111,0.005847402126,0.009082636374,0.01542409126,0.00586639431,0.002002102523,0.000674138897,0.004836472507,0.0004716052451,0.00136431015,0.003261073375,0.005847387709,0.009082612219,0.0002206420022,5.985105416e-05,1.456796254e-05,3.590585123e-06,0.0001763146761,3.561882706e-06,1.629897926e-05,5.963887477e-05,0.0001453074977,0.0002936450839,0.0001509562576,4.094815797e-05,9.966921031e-06,2.456558393e-06,0.0001618679125,3.561880053e-06,1.629898568e-05,5.963896137e-05,0.0001453078559,0.0002936458649,2.265879156e-07,2.78149305e-08,2.584249894e-09,2.251067024e-10,1.101641991e-05,3.803892962e-09,1.126604661e-07,1.941420375e-06,1.357060724e-05,6.320289295e-05,3.41139624e-10,2.63447791e-11,1.398491834e-12,6.6713004e-14,9.575184619e-07,6.664631731e-12,6.581831944e-10,3.121899289e-08,4.082222952e-07,3.130820908e-06,1.232200272e-09,1.644008436e-10,1.571223672e-11,1.337852807e-12,2.7986486e-06,1.681141831e-10,9.608271919e-09,2.86998255e-07,2.853773433e-06,1.748685048e-05,8.69938942e-10,1.39339155e-10,1.59870673e-11,1.611372841e-12,3.411772022e-06,2.75178725e-10,1.466217293e-08,4.103461779e-07,3.891809056e-06,2.279557387e-05,4.344233565e-10,8.764837589e-11,1.266735115e-11,1.579967296e-12,3.918415191e-06,3.935987945e-10,1.919396408e-08,4.947572971e-07,4.374209129e-06,2.39344802e-05,2.213869928e-11,4.994962132e-12,7.746673952e-13,9.941840629e-14,2.208930026e-06,6.335710674e-11,4.205780699e-09,1.379501536e-07,1.354680088e-06,7.872458963e-06,2.324745745e-15,3.798340125e-16,3.648302482e-17,2.618635062e-18,1.96056086e-07,1.499591576e-14,4.52415234e-12,5.088201578e-10,9.371319207e-09,8.557970585e-08,1.238059413e-14,2.553367609e-15,3.095735166e-16,2.754992196e-17,4.656147669e-07,9.53693478e-14,2.14598577e-11,1.83824706e-09,2.786842707e-08,2.130573668e-07,5.541074071e-14,1.551346767e-14,2.553303329e-15,3.012943926e-16,1.180352703e-06,7.047240171e-13,1.113442257e-10,6.868226139e-09,8.138477335e-08,4.955980361e-07,5.000310989e-17,8.560189672e-18,7.65806345e-19,4.636972489e-20,1.295650484e-07,2.605028373e-16,1.506730127e-13,2.717882528e-11,5.376291514e-10,4.743134297e-09
8,0.02259734063,0.01088990966,0.004709064289,0.00197281174,0.01410341079,0.004222284173,0.01184531524,0.02751764649,0.05037249513,0.07986031985,0.03202795678,0.01543464033,0.006674322555,0.002796137504,0.01525602878,0.004222287063,0.01184531095,0.02751760977,0.05037238101,0.07986012468,0.0004272422997,0.000144871164,4.407913389e-05,1.334958778e-05,0.0005173219308,2.905086382e-05,0.0001313015709,0.0004749551486,0.001198667715,0.002504420983,0.0003014410144,0.000102213842,3.110000657e-05,9.418786973e-06,0.0004782374105,2.905084393e-05,0.0001313016184,0.0004749557824,0.00119867043,0.002504427104,0.01055267384,0.00401359746,0.001369772707,0.0004612233045,0.004440184571,0.0004716049083,0.001364310749,0.003261078299,0.005847402541,0.009082637175,0.01542409121,0.005866394261,0.002002102496,0.0006741388847,0.004836472479,0.0004716052595,0.001364310211,0.003261073563,0.005847388124,0.00908261302,0.0002206420008,5.98510532e-05,1.456796216e-05,3.590584997e-06,0.0001763146728,3.56188275e-06,1.629897969e-05,5.963887714e-05,0.0001453075053,0.0002936451044,0.0001509562566,4.094815732e-05,9.966920773e-06,2.456558307e-06,0.0001618679095,3.561880098e-06,1.629898612e-05,5.963896374e-05,0.0001453078636,0.0002936458853,2.265879098e-07,2.781492864e-08,2.584249613e-09,2.251066693e-10,1.101641905e-05,3.803892614e-09,1.126604581e-07,1.941420271e-06,1.357060672e-05,6.320289162e-05,3.411396108e-10,2.634477642e-11,1.398491604e-12,6.671298914e-14,9.57518356e-07,6.664630592e-12,6.58183096e-10,3.121898885e-08,4.082222477e-07,3.130820583e-06,1.235471594e-09,1.648563853e-10,1.575759781e-11,1.341858532e-12,2.802231531e-06,1.685363951e-10,9.630126139e-09,2.875879094e-07,2.859276838e-06,1.751872672e-05,8.788584459e-10,1.40817031e-10,1.616228148e-11,1.629558941e-12,3.427763741e-06,2.776695993e-10,1.478231755e-08,4.13382104e-07,3.918826085e-06,2.294514208e-05,4.430827411e-10,8.945316487e-11,1.293653053e-11,1.61450251e-12,3.953709725e-06,4.004373382e-10,1.949572517e-08,5.017775996e-07,4.432433407e-06,2.423554474e-05,2.280013723e-11,5.149722858e-12,7.995271797e-13,1.027105796e-13,2.237913675e-06,6.502994675e-11,4.305865965e-09,1.408999252e-07,1.381790875e-06,8.020982242e-06,2.408023356e-15,3.942143377e-16,3.79387252e-17,2.728064057e-18,1.98967967e-07,1.550885161e-14,4.661648387e-12,5.224886272e-10,9.604513831e-09,8.756435619e-08,1.274879928e-14,2.635970683e-15,3.203984936e-16,2.857997864e-17,4.720009657e-07,9.835027843e-14,2.204419506e-11,1.881452669e-09,2.845822511e-08,2.17126065e-07,5.670222196e-14,1.592501892e-14,2.629289662e-15,3.111623376e-16,1.19513322e-06,7.245716197e-13,1.140055337e-10,7.005314909e-09,8.278721072e-08,5.029153811e-07,5.141195141e-17,8.835252366e-18,7.93456332e-19,4.821461927e-20,1.31379598e-07,2.694568258e-16,1.550618373e-13,2.783880056e-11,5.489393384e-10,4.828909556e-09
9,0.02259734047,0.01088990946,0.004709064147,0.001972811659,0.01410341044,0.004222284149,0.01184531531,0.02751764691,0.05037249639,0.07986032275,0.03202795655,0.01543464004,0.006674322353,0.00279613739,0.01525602841,0.004222287039,0.01184531101,0.02751761019,0.05037238226,0.07986012759,0.0004272422952,0.00014487116,4.407913193e-05,1.334958698e-05,0.0005173219104,2.905086305e-05,0.0001313015688,0.0004749551461,0.001198667719,0.002504421021,0.0003014410112,0.0001022138392,3.110000519e-05,9.418786406e-06,0.0004782373916,2.905084317e-05,0.0001313016164,0.0004749557798,0.001198670435,0.002504427141,0.0105526738,0.004013597422,0.001369772686,0.0004612232951,0.004440184543,0.0004716049243,0.001364310816,0.003261078507,0.005847403,0.009082638063,0.01542409115,0.005866394206,0.002002102466,0.000674138871,0.004836472449,0.0004716052755,0.001364310278,0.003261073771,0.005847388583,0.009082613908,0.0002206419993,5.985105214e-05,1.456796174e-05,3.590584858e-06,0.0001763146692,3.5618828e-06,1.629898017e-05,5.963887976e-05,0.0001453075138,0.000293645127,0.0001509562556,4.094815659e-05,9.966920487e-06,2.456558212e-06,0.0001618679062,3.561880147e-06,1.62989866e-05,5.963896637e-05,0.0001453078721,0.000293645908,2.265879034e-07,2.781492657e-08,2.584249302e-09,2.251066327e-10,1.10164181e-05,3.803892229e-09,1.126604492e-07,1.941420157e-06,1.357060616e-05,6.320289015e-05,3.411395961e-10,2.634477346e-11,1.398491349e-12,6.671297269e-14,9.575182387e-07,6.664629332e-12,6.581829872e-10,3.121898437e-08,4.082221952e-07,3.130820222e-06,1.239107712e-09,1.653626922e-10,1.580801133e-11,1.346310269e-12,2.80620561e-06,1.690052729e-10,9.65439016e-09,2.882424431e-07,2.865385087e-06,1.755410322e-05,8.888549828e-10,1.424735983e-10,1.635871194e-11,1.649950357e-12,3.445567874e-06,2.804552099e-10,1.491656084e-08,4.167715452e-07,3.948975457e-06,2.311199022e-05,4.528863791e-10,9.149735498e-11,1.324155688e-11,1.653653968e-12,3.993183665e-06,4.081517766e-10,1.983556081e-08,5.096713052e-07,4.49784342e-06,2.457351936e-05,2.355681325e-11,5.326920444e-12,8.280162517e-13,1.064865119e-13,2.270470974e-06,6.693488681e-11,4.419537769e-09,1.442419735e-07,1.412465362e-06,8.188841299e-06,2.5039303e-15,4.108032704e-16,3.962088268e-17,2.854720605e-18,2.022454934e-07,1.609783066e-14,4.818936601e-12,5.380707516e-10,9.869867571e-09,8.98192621e-08,1.317045638e-14,2.730763761e-15,3.328480636e-16,2.976708115e-17,4.791813209e-07,1.017635229e-13,2.271067879e-11,1.930557899e-09,2.912717939e-08,2.217329127e-07,5.817258145e-14,1.639471167e-14,2.716238042e-15,3.22482516e-16,1.211731743e-06,7.472292801e-13,1.17031463e-10,7.160627241e-09,8.437259157e-08,5.111728133e-07,5.302480113e-17,9.151120179e-18,8.253129697e-19,5.03469489e-20,1.33421095e-07,2.797471259e-16,1.600807359e-13,2.859017535e-11,5.61781836e-10,4.92609725e-09
10,0.0225973403,0.01088990924,0.004709063992,0.001972811571,0.01410341006,0.004222284123,0.01184531537,0.02751764737,0.05037249776,0.07986032592,0.0320279563,0.01543463973,0.006674322133,0.002796137265,0.01525602799,0.004222287013,0.01184531108,0.02751761065,0.05037238363,0.07986013076,0.0004272422904,0.0001448711556,4.407912979e-05,1.33495861e-05,0.000517321888,2.905086221e-05,0.0001313015666,0.0004749551433,0.001198667724,0.002504421061,0.0003014410078,0.0001022138361,3.110000368e-05,9.418785787e-06,0.000478237371,2.905084233e-05,0.0001313016142,0.0004749557771,0.00119867044,0.002504427182,0.01055267376,0.004013597382,0.001369772664,0.0004612232849,0.004440184512,0.0004716049417,0.00136431089,0.003261078734,0.005847403502,0.009082639031,0.01542409109,0.005866394147,0.002002102434,0.0006741388561,0.004836472415,0.0004716052929,0.001364310352,0.003261073998,0.005847389085,0.009082614876,0.0002206419977,5.985105098e-05,1.456796128e-05,3.590584706e-06,0.0001763146653,3.561882854e-06,1.629898069e-05,5.963888263e-05,0.0001453075231,0.0002936451517,0.0001509562545,4.09481558e-05,9.966920175e-06,2.456558108e-06,0.0001618679026,3.561880201e-06,1.629898712e-05,5.963896923e-05,0.0001453078813,0.0002936459327,2.265878964e-07,2.781492431e-08,2.584248963e-09,2.251065927e-10,1.101641706e-05,3.803891809e-09,1.126604394e-07,1.941420032e-06,1.357060554e-05,6.320288854e-05,3.411395802e-10,2.634477022e-11,1.39849107e-12,6.671295473e-14,9.575181107e-07,6.664627957e-12,6.581828684e-10,3.121897949e-08,4.082221379e-07,3.130819829e-06,1.243092581e-09,1.659175202e-10,1.586325305e-11,1.351188166e-12,2.810550763e-06,1.695186206e-10,9.680948637e-09,2.889587023e-07,2.872068539e-06,1.75928074e-05,8.999105107e-10,1.443059407e-10,1.657602245e-11,1.67251318e-12,3.465114733e-06,2.835285617e-10,1.506452836e-08,4.205041814e-07,3.982161097e-06,2.329556754e-05,4.638498917e-10,9.378451105e-11,1.358300961e-11,1.697501833e-12,4.036738911e-06,4.167447403e-10,2.021339361e-08,5.184325051e-07,4.570371101e-06,2.494797191e-05,2.44127652e-11,5.52755583e-12,8.603046688e-13,1.107698851e-13,2.30656699e-06,6.907883103e-11,4.547101525e-09,1.479824263e-07,1.446745418e-06,8.376201075e-06,2.6132232e-15,4.297422054e-16,4.154493739e-17,2.999846057e-18,2.058873561e-07,1.676680124e-14,4.996851287e-12,5.556295706e-10,1.016827925e-08,9.235084743e-08,1.364799424e-14,2.838366024e-15,3.47013656e-16,3.112087463e-17,4.871504116e-07,1.056283977e-13,2.346213217e-11,1.98570857e-09,2.987679447e-08,2.268855437e-07,5.982715515e-14,1.692465751e-14,2.814621645e-15,3.353270638e-16,1.230129186e-06,7.728002427e-13,1.204314476e-10,7.334452132e-09,8.614267442e-08,5.203746161e-07,5.485081501e-17,9.509947606e-18,8.616330801e-19,5.278649752e-20,1.356884459e-07,2.914464606e-16,1.657559125e-13,2.943566205e-11,5.761910179e-10,5.034885091e-09
11,0.02259734011,0.010889909,0.004709063824,0.001972811476,0.01410340965,0.004222284095,0.01184531544,0.02751764786,0.05037249924,0.07986032934,0.03202795603,0.01543463939,0.006674321895,0.00279613713,0.01525602755,0.004222286985,0.01184531115,0.02751761115,0.05037238511,0.07986013418,0.0004272422851,0.000144871151,4.407912748e-05,1.334958516e-05,0.000517321864,2.905086131e-05,0.0001313015642,0.0004749551403,0.00119866773,0.002504421105,0.000301441004,0.0001022138328,3.110000205e-05,9.41878512e-06,0.0004782373488,2.905084143e-05,0.0001313016118,0.0004749557741,0.001198670446,0.002504427226,0.01055267372,0.004013597338,0.00136977264,0.0004612232739,0.004440184479,0.0004716049605,0.001364310969,0.003261078979,0.005847404043,0.009082640076,0.01542409103,0.005866394083,0.002002102398,0.00067413884,0.004836472379,0.0004716053117,0.001364310431,0.003261074243,0.005847389626,0.009082615921,0.0002206419959,5.985104973e-05,1.456796079e-05,3.590584542e-06,0.000176314661,3.561882912e-06,1.629898126e-05,5.963888571e-05,0.0001453075331,0.0002936451783,0.0001509562533,4.094815495e-05,9.966919838e-06,2.456557995e-06,0.0001618678987,3.561880259e-06,1.629898769e-05,5.963897232e-05,0.0001453078913,0.0002936459593,2.265878889e-07,2.781492188e-08,2.584248597e-09,2.251065496e-10,1.101641594e-05,3.803891357e-09,1.126604289e-07,1.941419898e-06,1.357060487e-05,6.320288681e-05,3.411395629e-10,2.634476673e-11,1.39849077e-12,6.671293536e-14,9.575179727e-07,6.664626473e-12,6.581827402e-10,3.121897422e-08,4.082220761e-07,3.130819405e-06,1.247410194e-09,1.6651863e-10,1.592309916e-11,1.35647241e-12,2.815246903e-06,1.700742443e-10,9.709686278e-09,2.897335339e-07,2.879297555e-06,1.763466668e-05,9.120081986e-10,1.463113447e-10,1.68139012e-11,1.697216072e-12,3.486335e-06,2.868828739e-10,1.522585422e-08,4.245698713e-07,4.01828834e-06,2.349533035e-05,4.75992793e-10,9.631903516e-11,1.396159707e-11,1.74614332e-12,4.084280468e-06,4.262209369e-10,2.062922204e-08,5.280567451e-07,4.649959116e-06,2.535852043e-05,2.53726773e-11,5.752788317e-12,8.965891311e-13,1.155880636e-13,2.346172084e-06,7.146984605e-11,4.688919686e-09,1.521287863e-07,1.484684121e-06,8.583281895e-06,2.736779546e-15,4.511950846e-16,4.372879415e-17,3.164880544e-18,2.098929463e-07,1.752032521e-14,5.196358793e-12,5.752386346e-10,1.050080589e-08,9.516674442e-08,1.418423627e-14,2.959495487e-15,3.630011534e-16,3.265252436e-17,4.959041751e-07,1.099672655e-13,2.430184684e-11,2.047077596e-09,3.070889271e-08,2.325935117e-07,6.167223968e-14,1.751732353e-14,2.924989956e-15,3.497794908e-16,1.25030917e-06,8.014046368e-13,1.242166498e-10,7.527146445e-09,8.809979955e-08,5.305276842e-07,5.690066901e-17,9.914238163e-18,9.027147174e-19,5.555623321e-20,1.381809844e-07,3.046390524e-16,1.721178356e-13,3.037845682e-11,5.922081851e-10,5.155505737e-09
12,0.02259733991,0.01088990874,0.004709063645,0.001972811374,0.01410340921,0.004222284065,0.01184531552,0.02751764839,0.05037250081,0.079860333,0.03202795575,0.01543463903,0.006674321641,0.002796136986,0.01525602707,0.004222286955,0.01184531123,0.02751761167,0.05037238669,0.07986013783,0.0004272422795,0.0001448711459,4.407912501e-05,1.334958415e-05,0.0005173218383,2.905086034e-05,0.0001313015616,0.0004749551371,0.001198667736,0.002504421152,0.0003014410001,0.0001022138293,3.110000031e-05,9.418784406e-06,0.000478237325,2.905084046e-05,0.0001313016092,0.0004749557709,0.001198670452,0.002504427273,0.01055267367,0.004013597291,0.001369772614,0.0004612232621,0.004440184444,0.0004716049806,0.001364311054,0.00326107924,0.005847404621,0.009082641192,0.01542409096,0.005866394015,0.002002102361,0.0006741388228,0.004836472341,0.0004716053318,0.001364310516,0.003261074505,0.005847390204,0.009082617037,0.0002206419941,5.98510484e-05,1.456796027e-05,3.590584366e-06,0.0001763146565,3.561882974e-06,1.629898187e-05,5.963888901e-05,0.0001453075437,0.0002936452068,0.000150956252,4.094815403e-05,9.966919478e-06,2.456557875e-06,0.0001618678946,3.561880321e-06,1.629898829e-05,5.963897562e-05,0.000145307902,0.0002936459878,2.265878808e-07,2.781491928e-08,2.584248206e-09,2.251065035e-10,1.101641475e-05,3.803890873e-09,1.126604177e-07,1.941419754e-06,1.357060415e-05,6.320288496e-05,3.411395445e-10,2.6344763e-11,1.39849045e-12,6.671291468e-14,9.575178252e-07,6.664624889e-12,6.581826033e-10,3.121896859e-08,4.082220101e-07,3.130818951e-06,1.25204451e-09,1.671637772e-10,1.598732536e-11,1.362143143e-12,2.820273893e-06,1.706699442e-10,9.740487496e-09,2.905637767e-07,2.887042422e-06,1.767950803e-05,9.251319152e-10,1.484872145e-10,1.707205052e-11,1.724029181e-12,3.509159248e-06,2.905114549e-10,1.540017549e-08,4.289585202e-07,4.057262819e-06,2.371073609e-05,4.89337843e-10,9.910603042e-11,1.437813608e-11,1.799690039e-12,4.13571466e-06,4.365866375e-10,2.108309867e-08,5.385405466e-07,4.736557025e-06,2.580481392e-05,2.644184763e-11,6.003928344e-12,9.37091893e-13,1.209719604e-13,2.389260017e-06,7.411703999e-11,4.845404091e-09,1.566897016e-07,1.526343663e-06,8.810348137e-06,2.875597939e-15,4.753486157e-16,4.619286516e-17,3.351467812e-18,2.142621526e-07,1.836356096e-14,5.41855019e-12,5.969811112e-10,1.086864658e-08,9.827565288e-08,1.478238739e-14,3.094966879e-15,3.809307483e-16,3.437471663e-17,5.054394788e-07,1.148053938e-13,2.523354647e-11,2.114861964e-09,3.162557232e-08,2.388680014e-07,6.371501695e-14,1.817551048e-14,3.047965376e-15,3.659343483e-16,1.272257081e-06,8.331783042e-13,1.283997777e-10,7.739125202e-09,9.024679149e-08,5.416410304e-07,5.918651697e-17,1.03668407e-17,9.488974248e-19,5.868237624e-20,1.408983495e-07,3.194204567e-16,1.792010342e-13,3.14221994e-11,6.098808374e-10,5.288231194e-09
13,0.02259733969,0.01088990847,0.004709063455,0.001972811267,0.01410340874,0.004222284033,0.0118453156,0.02751764895,0.05037250249,0.07986033687,0.03202795544,0.01543463864,0.006674321373,0.002796136834,0.01525602657,0.004222286923,0.01184531131,0.02751761223,0.05037238836,0.0798601417,0.0004272422735,0.0001448711406,4.40791224e-05,1.334958307e-05,0.0005173218111,2.905085932e-05,0.0001313015589,0.0004749551337,0.001198667742,0.002504421202,0.0003014409959,0.0001022138256,3.109999846e-05,9.418783651e-06,0.0004782372998,2.905083944e-05,0.0001313016065,0.0004749557675,0.001198670458,0.002504427323,0.01055267362,0.004013597242,0.001369772587,0.0004612232497,0.004440184407,0.0004716050018,0.001364311143,0.003261079518,0.005847405233,0.009082642374,0.01542409089,0.005866393943,0.002002102321,0.0006741388046,0.0048364723,0.0004716053531,0.001364310605,0.003261074782,0.005847390816,0.009082618219,0.0002206419921,5.985104698e-05,1.456795971e-05,3.590584181e-06,0.0001763146517,3.56188304e-06,1.629898251e-05,5.963889251e-05,0.0001453075551,0.000293645237,0.0001509562507,4.094815307e-05,9.966919097e-06,2.456557748e-06,0.0001618678902,3.561880387e-06,1.629898893e-05,5.963897911e-05,0.0001453079133,0.0002936460179,2.265878723e-07,2.781491653e-08,2.584247791e-09,2.251064547e-10,1.101641348e-05,3.80389036e-09,1.126604058e-07,1.941419602e-06,1.35706034e-05,6.3202883e-05,3.41139525e-10,2.634475905e-11,1.39849011e-12,6.671289276e-14,9.57517669e-07,6.66462321e-12,6.581824583e-10,3.121896262e-08,4.082219402e-07,3.130818471e-06,1.256979386e-09,1.678507033e-10,1.605570594e-11,1.36818038e-12,2.825611515e-06,1.713035083e-10,9.773236088e-09,2.914462535e-07,2.895273279e-06,1.772715759e-05,9.392657267e-10,1.508309872e-10,1.735017669e-11,1.75292308e-12,3.533517475e-06,2.944075798e-10,1.558712675e-08,4.336599535e-07,4.098989386e-06,2.394123766e-05,5.039103864e-10,1.021511615e-10,1.483353082e-11,1.858265276e-12,4.190947391e-06,4.478491589e-10,2.157510839e-08,5.498809284e-07,4.830117474e-06,2.628651336e-05,2.762615376e-11,6.282429822e-12,9.820596008e-13,1.269558925e-13,2.435806068e-06,7.703043589e-11,5.017008039e-09,1.616747313e-07,1.571793217e-06,9.057696712e-06,3.030798388e-15,5.02412509e-16,4.896011594e-17,3.561460416e-18,2.189951567e-07,1.930224511e-14,5.664633506e-12,6.209488496e-10,1.127312573e-08,1.016871945e-07,1.54460204e-14,3.245689403e-15,4.009367894e-16,3.630165926e-17,5.157536941e-07,1.201708044e-13,2.626134848e-11,2.189279622e-09,3.262916432e-08,2.457215345e-07,6.596347619e-14,1.890233001e-14,3.184239647e-15,3.838968759e-16,1.295959141e-06,8.682715686e-13,1.329948975e-10,7.970851636e-09,9.25868599e-08,5.537252887e-07,6.172194755e-17,1.087094572e-17,1.000562527e-18,6.219447317e-20,1.438403629e-07,3.358973854e-16,1.870438845e-13,3.257093149e-11,6.292619246e-10,5.433367078e-09
14,0.02259733947,0.01088990819,0.004709063256,0.001972811154,0.01410340825,0.004222284,0.01184531569,0.02751764954,0.05037250425,0.07986034094,0.03202795512,0.01543463824,0.00667432109,0.002796136674,0.01525602603,0.00422228689,0.0118453114,0.02751761282,0.05037239012,0.07986014577,0.0004272422672,0.0001448711351,4.407911965e-05,1.334958195e-05,0.0005173217824,2.905085825e-05,0.0001313015561,0.0004749551301,0.001198667749,0.002504421255,0.0003014409914,0.0001022138216,3.109999652e-05,9.418782856e-06,0.0004782372734,2.905083836e-05,0.0001313016037,0.0004749557639,0.001198670464,0.002504427375,0.01055267357,0.00401359719,0.001369772558,0.0004612232366,0.004440184368,0.0004716050242,0.001364311238,0.003261079809,0.005847405877,0.009082643618,0.01542409081,0.005866393866,0.002002102279,0.0006741387855,0.004836472258,0.0004716053755,0.0013643107,0.003261075074,0.00584739146,0.009082619463,0.00022064199,5.98510455e-05,1.456795912e-05,3.590583985e-06,0.0001763146467,3.561883109e-06,1.629898318e-05,5.963889619e-05,0.000145307567,0.0002936452687,0.0001509562492,4.094815205e-05,9.966918696e-06,2.456557615e-06,0.0001618678856,3.561880456e-06,1.629898961e-05,5.963898279e-05,0.0001453079252,0.0002936460496,2.265878633e-07,2.781491363e-08,2.584247356e-09,2.251064033e-10,1.101641214e-05,3.803889821e-09,1.126603933e-07,1.941419442e-06,1.35706026e-05,6.320288094e-05,3.411395045e-10,2.634475489e-11,1.398489753e-12,6.67128697e-14,9.575175046e-07,6.664621444e-12,6.581823058e-10,3.121895635e-08,4.082218666e-07,3.130817966e-06,1.262198514e-09,1.685771273e-10,1.612801294e-11,1.374563939e-12,2.831239439e-06,1.71972706e-10,9.807814938e-09,2.923777636e-07,2.903960055e-06,1.777744031e-05,9.543933996e-10,1.533400496e-10,1.764797995e-11,1.783867704e-12,3.559338669e-06,2.985643713e-10,1.578633476e-08,4.386637936e-07,4.143371077e-06,2.418627791e-05,5.19737663e-10,1.054605087e-10,1.532875083e-11,1.922001123e-12,4.24988244e-06,4.600163334e-10,2.210534638e-08,5.620749268e-07,4.930592388e-06,2.680327281e-05,2.893201404e-11,6.589881395e-12,1.03176195e-12,1.335774124e-13,2.485785152e-06,8.022083532e-11,5.204217901e-09,1.670940991e-07,1.621106716e-06,9.325645176e-06,3.203622218e-15,5.326196539e-16,5.205610582e-17,3.796924586e-18,2.240922274e-07,2.034267031e-14,5.935924987e-12,6.472413621e-10,1.171567506e-08,1.054117578e-07,1.617906023e-14,3.412664011e-15,4.231675634e-16,3.844907637e-17,5.268442671e-07,1.260941022e-13,2.738972235e-11,2.270566143e-09,3.372218701e-08,2.531676613e-07,6.842632958e-14,1.970117961e-14,3.334569805e-15,4.037825811e-16,1.321401477e-06,9.068478801e-13,1.38017232e-10,8.222826763e-09,9.512349684e-08,5.667922007e-07,6.452193432e-17,1.143008036e-17,1.058133318e-18,6.612546637e-20,1.470069051e-07,3.54187476e-16,1.956883698e-13,3.382905183e-11,6.504090494e-10,5.591246601e-09
15,0.02259733923,0.01088990789,0.004709063047,0.001972811036,0.01410340774,0.004222283965,0.01184531578,0.02751765015,0.05037250608,0.07986034519,0.03202795479,0.01543463782,0.006674320794,0.002796136506,0.01525602548,0.004222286855,0.01184531149,0.02751761343,0.05037239196,0.07986015003,0.0004272422607,0.0001448711292,4.407911677e-05,1.334958077e-05,0.0005173217525,2.905085712e-05,0.0001313015531,0.0004749551264,0.001198667756,0.002504421309,0.0003014409868,0.0001022138175,3.109999449e-05,9.418782025e-06,0.0004782372457,2.905083724e-05,0.0001313016007,0.0004749557602,0.001198670471,0.00250442743,0.01055267352,0.004013597135,0.001369772528,0.0004612232229,0.004440184327,0.0004716050476,0.001364311337,0.003261080114,0.005847406551,0.009082644918,0.01542409073,0.005866393787,0.002002102235,0.0006741387655,0.004836472213,0.0004716053989,0.001364310799,0.003261075379,0.005847392134,0.009082620763,0.0002206419878,5.985104394e-05,1.456795851e-05,3.590583781e-06,0.0001763146414,3.561883182e-06,1.629898388e-05,5.963890003e-05,0.0001453075794,0.0002936453018,0.0001509562477,4.094815098e-05,9.966918277e-06,2.456557475e-06,0.0001618678807,3.561880529e-06,1.629899031e-05,5.963898663e-05,0.0001453079377,0.0002936460828,2.265878539e-07,2.78149106e-08,2.5842469e-09,2.251063496e-10,1.101641075e-05,3.803889257e-09,1.126603802e-07,1.941419274e-06,1.357060177e-05,6.320287879e-05,3.411394831e-10,2.634475054e-11,1.398489379e-12,6.67128456e-14,9.575173328e-07,6.664619597e-12,6.581821463e-10,3.121894979e-08,4.082217896e-07,3.130817438e-06,1.267685364e-09,1.693407373e-10,1.620401537e-11,1.381273371e-12,2.837137191e-06,1.726752825e-10,9.844105742e-09,2.933550762e-07,2.913072403e-06,1.783017958e-05,9.704979043e-10,1.560116546e-10,1.796514447e-11,1.816831299e-12,3.586550397e-06,3.029746825e-10,1.599741334e-08,4.439593412e-07,4.190308111e-06,2.444528433e-05,5.368480766e-10,1.090404135e-10,1.586480756e-11,1.991035426e-12,4.312419798e-06,4.730959626e-10,2.267389555e-08,5.751191094e-07,5.037929129e-06,2.73547204e-05,3.036634194e-11,6.927995998e-12,1.086490058e-12,1.408770991e-13,2.539169925e-06,8.369966756e-11,5.407544032e-09,1.729584329e-07,1.674360514e-06,9.614519282e-06,3.395431129e-15,5.66226145e-16,5.550901346e-17,4.060143992e-18,2.295535106e-07,2.14916568e-14,6.233838876e-12,6.759646822e-10,1.219781375e-08,1.094603292e-07,1.698576446e-14,3.596979804e-15,4.47784956e-16,4.083419114e-17,5.387082833e-07,1.326082707e-13,2.862344254e-11,2.358971094e-09,3.49072971e-08,2.612206321e-07,7.111291805e-14,2.057571385e-14,3.499773356e-15,4.257167087e-16,1.348569183e-06,9.490822715e-13,1.434829392e-10,8.495578239e-09,9.786036809e-08,5.8085408e-07,6.760277351e-17,1.204810087e-17,1.122074974e-18,7.051174689e-20,1.503977889e-07,3.744189622e-16,2.051797968e-13,3.520126603e-11,6.733835988e-10,5.762224094e-09
16,0.02259733899,0.01088990758,0.00470906283,0.001972810913,0.0141034072,0.004222283929,0.01184531587,0.02751765079,0.050372508,0.07986034962,0.03202795444,0.01543463738,0.006674320486,0.002796136332,0.0152560249,0.004222286818,0.01184531158,0.02751761407,0.05037239387,0.07986015445,0.0004272422539,0.0001448711232,4.407911378e-05,1.334957955e-05,0.0005173217213,2.905085595e-05,0.00013130155,0.0004749551225,0.001198667763,0.002504421366,0.000301440982,0.0001022138132,3.109999239e-05,9.418781161e-06,0.0004782372169,2.905083607e-05,0.0001313015976,0.0004749557563,0.001198670478,0.002504427487,0.01055267346,0.004013597079,0.001369772497,0.0004612232086,0.004440184284,0.0004716050719,0.001364311439,0.003261080431,0.005847407251,0.00908264627,0.01542409065,0.005866393704,0.002002102189,0.0006741387446,0.004836472167,0.0004716054232,0.001364310901,0.003261075696,0.005847392834,0.009082622115,0.0002206419855,5.985104233e-05,1.456795787e-05,3.590583569e-06,0.0001763146359,3.561883257e-06,1.629898462e-05,5.963890403e-05,0.0001453075923,0.0002936453363,0.0001509562462,4.094814988e-05,9.966917841e-06,2.45655733e-06,0.0001618678757,3.561880604e-06,1.629899104e-05,5.963899063e-05,0.0001453079506,0.0002936461173,2.265878441e-07,2.781490746e-08,2.584246427e-09,2.251062938e-10,1.10164093e-05,3.803888671e-09,1.126603666e-07,1.9414191e-06,1.35706009e-05,6.320287654e-05,3.411394608e-10,2.634474603e-11,1.398488991e-12,6.671282053e-14,9.575171541e-07,6.664617678e-12,6.581819804e-10,3.121894297e-08,4.082217097e-07,3.130816889e-06,1.27342313e-09,1.701391834e-10,1.628347847e-11,1.388287895e-12,2.84328413e-06,1.734089533e-10,9.881988756e-09,2.943749239e-07,2.92257965e-06,1.788519697e-05,9.875609209e-10,1.588428383e-10,1.830132831e-11,1.851779368e-12,3.615078406e-06,3.076309828e-10,1.621995833e-08,4.495354599e-07,4.239696924e-06,2.471766402e-05,5.552704098e-10,1.128973113e-10,1.644272896e-11,2.065508477e-12,4.378454028e-06,4.870952474e-10,2.328080329e-08,5.890090793e-07,5.15206661e-06,2.794043921e-05,3.193649091e-11,7.298598077e-12,1.146554438e-12,1.488982954e-13,2.595928861e-06,8.747882035e-11,5.627510816e-09,1.792784834e-07,1.731630904e-06,9.924639837e-06,3.607704873e-15,6.035110611e-16,5.934963644e-17,4.353621526e-18,2.353788127e-07,2.275651506e-14,6.559875161e-12,7.072300599e-10,1.272112613e-08,1.138443059e-07,1.787069876e-14,3.799809137e-15,4.749639291e-16,4.347569007e-17,5.513420228e-07,1.397484225e-13,2.996753422e-11,2.45475399e-09,3.618723613e-08,2.698950434e-07,7.40331034e-14,2.152981058e-14,3.680722366e-15,4.498335504e-16,1.377445364e-06,9.951595573e-13,1.494088666e-10,8.789648264e-09,1.008011972e-07,5.959232446e-07,7.098200291e-17,1.272918088e-17,1.192894034e-18,7.539317678e-20,1.540126302e-07,3.967301956e-16,2.155664526e-13,3.669252958e-11,6.98249778e-10,5.946667922e-09
17,0.02259733873,0.01088990726,0.004709062606,0.001972810785,0.01410340665,0.004222283891,0.01184531597,0.02751765145,0.05037250997,0.0798603542,0.03202795408,0.01543463692,0.006674320168,0.002796136152,0.01525602431,0.004222286781,0.01184531168,0.02751761474,0.05037239585,0.07986015903,0.0004272422468,0.0001448711169,4.407911069e-05,1.334957828e-05,0.0005173216891,2.905085474e-05,0.0001313015468,0.0004749551185,0.00119866777,0.002504421425,0.000301440977,0.0001022138088,3.10999902e-05,9.418780267e-06,0.0004782371871,2.905083486e-05,0.0001313015944,0.0004749557523,0.001198670486,0.002504427546,0.0105526734,0.00401359702,0.001369772464,0.0004612231939,0.00444018424,0.0004716050971,0.001364311545,0.003261080759,0.005847407975,0.009082647668,0.01542409056,0.005866393619,0.002002102142,0.0006741387231,0.004836472119,0.0004716054483,0.001364311007,0.003261076024,0.005847393558,0.009082623513,0.0002206419832,5.985104065e-05,1.456795722e-05,3.590583349e-06,0.0001763146302,3.561883335e-06,1.629898537e-05,5.963890816e-05,0.0001453076057,0.000293645372,0.0001509562446,4.094814873e-05,9.96691739e-06,2.456557179e-06,0.0001618678705,3.561880682e-06,1.62989918e-05,5.963899476e-05,0.000145307964,0.0002936461529,2.26587834e-07,2.78149042e-08,2.584245937e-09,2.251062361e-10,1.10164078e-05,3.803888065e-09,1.126603525e-07,1.94141892e-06,1.357060001e-05,6.320287423e-05,3.411394378e-10,2.634474135e-11,1.398488589e-12,6.671279461e-14,9.575169693e-07,6.664615692e-12,6.581818089e-10,3.121893592e-08,4.082216269e-07,3.130816321e-06,1.279394679e-09,1.709700708e-10,1.636616303e-11,1.39558634e-12,2.84965943e-06,1.741713993e-10,9.921342574e-09,2.954339974e-07,2.932450746e-06,1.794231191e-05,1.005562342e-09,1.618303366e-10,1.865615342e-11,1.888673613e-12,3.644846265e-06,3.12525245e-10,1.64535427e-08,4.553804653e-07,4.291429241e-06,2.500279881e-05,5.750329744e-10,1.17037551e-10,1.706353204e-11,2.145559418e-12,4.447872666e-06,5.020201919e-10,2.392605751e-08,6.037389692e-07,5.272931346e-06,2.855994792e-05,3.365018689e-11,7.703607772e-12,1.212282464e-12,1.576867729e-13,2.656024307e-06,9.157044788e-11,5.864645647e-09,1.860648199e-07,1.792991442e-06,1.025630871e-05,3.842036988e-15,6.447758876e-16,6.361135283e-17,4.680078103e-18,2.41567378e-07,2.41449968e-14,6.915604751e-12,7.41152454e-10,1.328723646e-08,1.185752868e-07,1.883870517e-14,4.022400978e-15,5.048917463e-16,4.639366124e-17,5.647405048e-07,1.475514906e-13,3.142721006e-11,2.558179757e-09,3.756477142e-08,2.792054505e-07,7.719714319e-14,2.256753056e-14,3.878336137e-15,4.762755448e-16,1.408010171e-06,1.045272211e-12,1.558122719e-10,9.105580335e-09,1.039496402e-07,6.120114114e-07,7.467829538e-17,1.347779408e-17,1.271137228e-18,8.081306532e-20,1.578507133e-07,4.212689661e-16,2.268991826e-13,3.830798188e-11,7.250735214e-10,6.144952643e-09
18,0.02259733847,0.01088990693,0.004709062374,0.001972810654,0.01410340608,0.004222283852,0.01184531607,0.02751765213,0.05037251201,0.07986035891,0.03202795371,0.01543463646,0.006674319841,0.002796135966,0.01525602369,0.004222286742,0.01184531178,0.02751761542,0.05037239789,0.07986016375,0.0004272422395,0.0001448711104,4.407910751e-05,1.334957697e-05,0.000517321656,2.90508535e-05,0.0001313015435,0.0004749551144,0.001198667778,0.002504421486,0.0003014409719,0.0001022138042,3.109998796e-05,9.418779347e-06,0.0004782371565,2.905083361e-05,0.0001313015911,0.0004749557481,0.001198670494,0.002504427606,0.01055267334,0.00401359696,0.001369772431,0.0004612231787,0.004440184194,0.000471605123,0.001364311655,0.003261081097,0.005847408721,0.009082649109,0.01542409047,0.00586639353,0.002002102093,0.0006741387009,0.004836472069,0.0004716054743,0.001364311117,0.003261076361,0.005847394304,0.009082624953,0.0002206419808,5.985103893e-05,1.456795654e-05,3.590583123e-06,0.0001763146244,3.561883415e-06,1.629898615e-05,5.963891242e-05,0.0001453076195,0.0002936454087,0.0001509562429,4.094814756e-05,9.966916926e-06,2.456557024e-06,0.0001618678651,3.561880762e-06,1.629899258e-05,5.963899902e-05,0.0001453079777,0.0002936461896,2.265878236e-07,2.781490084e-08,2.584245432e-09,2.251061766e-10,1.101640626e-05,3.80388744e-09,1.126603381e-07,1.941418734e-06,1.357059908e-05,6.320287184e-05,3.41139414e-10,2.634473654e-11,1.398488176e-12,6.671276791e-14,9.57516779e-07,6.664613646e-12,6.581816322e-10,3.121892865e-08,4.082215417e-07,3.130815736e-06,1.285582504e-09,1.718309532e-10,1.645182479e-11,1.403147091e-12,2.856242056e-06,1.749602628e-10,9.962043918e-09,2.965289407e-07,2.942654221e-06,1.800134149e-05,1.024479775e-09,1.649705012e-10,1.902919555e-11,1.927470871e-12,3.675775014e-06,3.176488361e-10,1.669771181e-08,4.614820177e-07,4.345391184e-06,2.530004056e-05,5.961626873e-10,1.214671977e-10,1.77281927e-11,2.23132229e-12,4.520554643e-06,5.178749775e-10,2.460956172e-08,6.193009225e-07,5.400433441e-06,2.921268128e-05,3.551544578e-11,8.14502137e-12,1.284015199e-12,1.672903095e-13,2.719410503e-06,9.598675244e-11,6.119466707e-09,1.93327499e-07,1.858510073e-06,1.060979391e-05,4.100127934e-15,6.903434583e-16,6.833003089e-17,5.042447342e-18,2.481176572e-07,2.566523122e-14,7.302651514e-12,7.778487825e-10,1.389778012e-08,1.236648369e-07,1.989486162e-14,4.266072048e-15,5.377668738e-16,4.960949869e-17,5.788970185e-07,1.560558479e-13,3.30077962e-11,2.669513601e-09,3.904263034e-08,2.891659435e-07,8.061554445e-14,2.369306907e-14,4.093572129e-15,5.051921129e-16,1.440239814e-06,1.09961785e-12,1.627105075e-10,9.443904637e-09,1.073091493e-07,6.291290458e-07,7.871131963e-17,1.429868938e-17,1.357389454e-18,8.681808114e-20,1.619108526e-07,4.481915633e-16,2.392308709e-13,4.005286967e-11,7.539212578e-10,6.357450258e-09
19,0.0225973382,0.01088990659,0.004709062137,0.00197281052,0.0141034055,0.004222283813,0.01184531617,0.02751765283,0.0503725141,0.07986036375,0.03202795333,0.01543463598,0.006674319505,0.002796135775,0.01525602306,0.004222286703,0.01184531188,0.02751761611,0.05037239997,0.07986016858,0.0004272422321,0.0001448711038,4.407910424e-05,1.334957564e-05,0.0005173216219,2.905085222e-05,0.0001313015401,0.0004749551101,0.001198667786,0.002504421548,0.0003014409667,0.0001022137996,3.109998565e-05,9.418778403e-06,0.000478237125,2.905083234e-05,0.0001313015877,0.0004749557439,0.001198670501,0.002504427668,0.01055267328,0.004013596898,0.001369772397,0.0004612231632,0.004440184148,0.0004716051496,0.001364311767,0.003261081443,0.005847409486,0.009082650586,0.01542409038,0.00586639344,0.002002102043,0.0006741386782,0.004836472018,0.0004716055008,0.001364311229,0.003261076708,0.005847395069,0.009082626431,0.0002206419783,5.985103717e-05,1.456795584e-05,3.59058289e-06,0.0001763146184,3.561883498e-06,1.629898695e-05,5.963891679e-05,0.0001453076336,0.0002936454464,0.0001509562412,4.094814635e-05,9.96691645e-06,2.456556866e-06,0.0001618678596,3.561880845e-06,1.629899338e-05,5.963900339e-05,0.0001453079919,0.0002936462273,2.265878129e-07,2.78148974e-08,2.584244915e-09,2.251061156e-10,1.101640467e-05,3.8038868e-09,1.126603232e-07,1.941418544e-06,1.357059814e-05,6.320286939e-05,3.411393897e-10,2.63447316e-11,1.398487751e-12,6.671274052e-14,9.575165838e-07,6.664611549e-12,6.58181451e-10,3.12189212e-08,4.082214543e-07,3.130815136e-06,1.291968681e-09,1.727193274e-10,1.654021387e-11,1.410948039e-12,2.863010751e-06,1.757731434e-10,1.000396747e-08,2.976563464e-07,2.953158148e-06,1.806210024e-05,1.044288044e-09,1.682592164e-10,1.941997419e-11,1.968122056e-12,3.707782853e-06,3.229924092e-10,1.695197881e-08,4.678270194e-07,4.40146242e-06,2.560870678e-05,6.18684064e-10,1.261918176e-10,1.843761289e-11,2.322921717e-12,4.596368747e-06,5.346613058e-10,2.533110928e-08,6.356845631e-07,5.534462506e-06,2.989797033e-05,3.754047295e-11,8.624887311e-12,1.362103465e-12,1.777581604e-13,2.786031561e-06,1.007397359e-10,6.392469372e-09,2.010757042e-07,1.928246041e-06,1.098531362e-05,4.383774934e-15,7.405562814e-16,7.354387151e-17,5.443864836e-18,2.55027069e-07,2.732564373e-14,7.722670611e-12,8.174358939e-10,1.455437076e-08,1.291242225e-07,2.104443061e-14,4.532195213e-15,5.737974755e-16,5.314576397e-17,5.938026423e-07,1.653008411e-13,3.471464574e-11,2.78901521e-09,4.062342727e-08,2.997896804e-07,8.42988926e-14,2.491069806e-14,4.327414773e-15,5.367381725e-16,1.474105553e-06,1.158396266e-12,1.701206608e-10,9.805121921e-09,1.108828255e-07,6.472846619e-07,8.310156055e-17,1.51968567e-17,1.452270641e-18,9.345808015e-20,1.661912482e-07,4.776615159e-16,2.526158052e-13,4.193245797e-11,7.848585055e-10,6.584520417e-09
20,0.02259733793,0.01088990624,0.004709061895,0.001972810383,0.0141034049,0.004222283772,0.01184531628,0.02751765355,0.05037251624,0.07986036869,0.03202795295,0.01543463549,0.006674319162,0.002796135581,0.01525602242,0.004222286662,0.01184531199,0.02751761683,0.05037240211,0.07986017352,0.0004272422245,0.000144871097,4.407910091e-05,1.334957427e-05,0.0005173215872,2.905085092e-05,0.0001313015366,0.0004749551058,0.001198667794,0.002504421611,0.0003014409613,0.0001022137948,3.10999833e-05,9.418777438e-06,0.0004782370929,2.905083103e-05,0.0001313015842,0.0004749557396,0.001198670509,0.002504427732,0.01055267322,0.004013596835,0.001369772362,0.0004612231473,0.0044401841,0.0004716051767,0.001364311881,0.003261081797,0.005847410267,0.009082652095,0.01542409029,0.005866393348,0.002002101992,0.0006741386549,0.004836471966,0.000471605528,0.001364311343,0.003261077062,0.00584739585,0.00908262794,0.0002206419758,5.985103536e-05,1.456795513e-05,3.590582653e-06,0.0001763146123,3.561883582e-06,1.629898777e-05,5.963892125e-05,0.000145307648,0.0002936454849,0.0001509562395,4.094814511e-05,9.966915964e-06,2.456556703e-06,0.000161867854,3.561880929e-06,1.62989942e-05,5.963900785e-05,0.0001453080063,0.0002936462658,2.26587802e-07,2.781489389e-08,2.584244386e-09,2.251060533e-10,1.101640305e-05,3.803886146e-09,1.12660308e-07,1.94141835e-06,1.357059717e-05,6.320286689e-05,3.411393648e-10,2.634472656e-11,1.398487318e-12,6.671271254e-14,9.575163844e-07,6.664609406e-12,6.581812659e-10,3.121891359e-08,4.08221365e-07,3.130814523e-06,1.298534836e-09,1.736326281e-10,1.663107426e-11,1.418966539e-12,2.869944027e-06,1.766075947e-10,1.004698571e-08,2.988127523e-07,2.963930107e-06,1.812439993e-05,1.06495869e-09,1.716918145e-10,1.982794242e-11,2.010571094e-12,3.740784845e-06,3.285457999e-10,1.721582024e-08,4.744015163e-07,4.459515357e-06,2.592807642e-05,6.426181231e-10,1.312162439e-10,1.919258463e-11,2.420468172e-12,4.675172131e-06,5.52377709e-10,2.609035671e-08,6.528764527e-07,5.67488352e-06,3.061502249e-05,3.97335419e-11,9.145277011e-12,1.446903035e-12,1.891404066e-13,2.85581943e-06,1.05840918e-10,6.684111141e-09,2.093173534e-07,2.00224655e-06,1.138301918e-05,4.694857741e-15,7.957740988e-16,7.929316608e-17,5.887650574e-18,2.622917525e-07,2.913485365e-14,8.17732258e-12,8.600282226e-10,1.525856297e-08,1.34964113e-07,2.229279508e-14,4.822184585e-15,6.131994184e-16,5.702599532e-17,6.094457492e-07,1.753262247e-13,3.655303792e-11,2.916932199e-09,4.230958226e-08,3.110883745e-07,8.825765183e-14,2.622469712e-14,4.580861812e-15,5.710722732e-16,1.509572675e-06,1.221805928e-12,1.78059146e-10,1.018968568e-08,1.146732566e-07,6.664840678e-07,8.787009081e-17,1.617748132e-17,1.556431242e-18,1.007858265e-19,1.706893374e-07,5.098479445e-16,2.671089035e-13,4.39519267e-11,8.179482754e-10,6.826499457e-09
21,0.02259733765,0.01088990589,0.004709061649,0.001972810243,0.0141034043,0.004222283731,0.01184531638,0.02751765427,0.05037251841,0.07986037372,0.03202795255,0.01543463499,0.006674318812,0.002796135383,0.01525602176,0.004222286621,0.01184531209,0.02751761755,0.05037240428,0.07986017855,0.0004272422167,0.0001448710901,4.407909751e-05,1.334957288e-05,0.0005173215518,2.905084959e-05,0.0001313015331,0.0004749551014,0.001198667802,0.002504421676,0.0003014409558,0.0001022137899,3.10999809e-05,9.418776457e-06,0.0004782370602,2.90508297e-05,0.0001313015807,0.0004749557352,0.001198670518,0.002504427797,0.01055267315,0.004013596771,0.001369772326,0.0004612231311,0.004440184052,0.0004716052044,0.001364311998,0.003261082157,0.005847411063,0.009082653631,0.0154240902,0.005866393254,0.00200210194,0.0006741386313,0.004836471914,0.0004716055556,0.00136431146,0.003261077422,0.005847396646,0.009082629476,0.0002206419732,5.985103353e-05,1.456795441e-05,3.590582412e-06,0.0001763146061,3.561883667e-06,1.62989886e-05,5.963892579e-05,0.0001453076627,0.000293645524,0.0001509562377,4.094814386e-05,9.966915468e-06,2.456556538e-06,0.0001618678483,3.561881014e-06,1.629899503e-05,5.963901239e-05,0.000145308021,0.000293646305,2.265877909e-07,2.781489031e-08,2.584243848e-09,2.251059899e-10,1.101640141e-05,3.80388548e-09,1.126602926e-07,1.941418152e-06,1.357059619e-05,6.320286434e-05,3.411393395e-10,2.634472142e-11,1.398486877e-12,6.671268407e-14,9.575161814e-07,6.664607224e-12,6.581810775e-10,3.121890584e-08,4.082212742e-07,3.1308139e-06,1.305262106e-09,1.745682231e-10,1.672414341e-11,1.427179373e-12,2.87702015e-06,1.774611217e-10,1.009096879e-08,2.999946384e-07,2.974937168e-06,1.818804948e-05,1.086459475e-09,1.752629929e-10,2.025247693e-11,2.054753862e-12,3.774692659e-06,3.342979249e-10,1.748867174e-08,4.811906051e-07,4.519414379e-06,2.625738596e-05,6.679811974e-10,1.365443211e-10,1.99937509e-11,2.524052826e-12,4.756808859e-06,5.710188295e-10,2.688679618e-08,6.708595389e-07,5.821532646e-06,3.136290159e-05,4.210284923e-11,9.708249791e-12,1.538768813e-12,2.014871612e-13,2.928691828e-06,1.113010183e-10,6.994795003e-09,2.180586742e-07,2.080543193e-06,1.180297697e-05,5.035319513e-15,8.563705158e-16,8.561995135e-17,6.377282937e-18,2.699063133e-07,3.110154795e-14,8.668242605e-12,9.057350975e-10,1.601180999e-08,1.411942474e-07,2.364537936e-14,5.137476778e-15,6.561936978e-16,6.127445436e-17,6.258115014e-07,1.861714818e-13,3.852806145e-11,3.053492751e-09,4.41032309e-08,3.230717313e-07,9.250193334e-14,2.763927204e-14,4.854907823e-15,6.083542905e-16,1.546599458e-06,1.290039906e-12,1.865412434e-10,1.059798254e-08,1.186823424e-07,6.867295553e-07,9.303828506e-17,1.724588451e-17,1.670546046e-18,1.088565813e-19,1.754016406e-07,5.449234579e-16,2.827647864e-13,4.611625132e-11,8.532492623e-10,7.083688152e-09
22,0.02259733737,0.01088990553,0.004709061399,0.001972810101,0.01410340368,0.004222283689,0.01184531649,0.02751765501,0.05037252061,0.07986037882,0.03202795215,0.01543463448,0.006674318458,0.002796135182,0.0152560211,0.004222286579,0.0118453122,0.02751761829,0.05037240649,0.07986018365,0.0004272422089,0.0001448710831,4.407909407e-05,1.334957147e-05,0.0005173215159,2.905084824e-05,0.0001313015296,0.0004749550969,0.00119866781,0.002504421742,0.0003014409503,0.000102213785,3.109997847e-05,9.418775461e-06,0.000478237027,2.905082836e-05,0.0001313015771,0.0004749557307,0.001198670526,0.002504427862,0.01055267309,0.004013596706,0.00136977229,0.0004612231146,0.004440184003,0.0004716052324,0.001364312116,0.003261082523,0.00584741187,0.009082655189,0.0154240901,0.005866393158,0.002002101887,0.0006741386073,0.00483647186,0.0004716055837,0.001364311578,0.003261077787,0.005847397453,0.009082631034,0.0002206419706,5.985103166e-05,1.456795367e-05,3.590582167e-06,0.0001763145997,3.561883754e-06,1.629898945e-05,5.96389304e-05,0.0001453076776,0.0002936455638,0.0001509562359,4.094814258e-05,9.966914966e-06,2.456556371e-06,0.0001618678425,3.561881101e-06,1.629899587e-05,5.9639017e-05,0.0001453080359,0.0002936463447,2.265877796e-07,2.781488668e-08,2.584243302e-09,2.251059256e-10,1.101639973e-05,3.803884804e-09,1.126602769e-07,1.941417951e-06,1.357059519e-05,6.320286176e-05,3.411393138e-10,2.634471622e-11,1.398486429e-12,6.671265518e-14,9.575159754e-07,6.664605012e-12,6.581808863e-10,3.121889798e-08,4.08221182e-07,3.130813267e-06,1.312131115e-09,1.755234099e-10,1.681915183e-11,1.435562714e-12,2.884217137e-06,1.783311782e-10,1.013578444e-08,3.011984245e-07,2.98614586e-06,1.82528548e-05,1.108753886e-09,1.789667312e-10,2.069286799e-11,2.100597142e-12,3.809414326e-06,3.402366858e-10,1.776992413e-08,4.881783462e-07,4.581015139e-06,2.659582574e-05,6.947836502e-10,1.421786302e-10,2.084156329e-11,2.633741954e-12,4.841108519e-06,5.90574671e-10,2.771972725e-08,6.896125965e-07,5.974213029e-06,3.214050781e-05,4.465634315e-11,1.031581122e-11,1.638047888e-12,2.148476175e-13,3.004550168e-06,1.171296008e-10,7.324851179e-09,2.273037458e-07,2.163148136e-06,1.224514924e-05,5.407141907e-15,9.227285295e-16,9.256754101e-17,6.91636256e-18,2.778635615e-07,3.323432774e-14,9.197004498e-12,9.546576744e-10,1.681541616e-08,1.478230628e-07,2.510755309e-14,5.479507731e-15,7.030031901e-16,6.591579979e-17,6.428813352e-07,1.978750181e-13,4.064448069e-11,3.198897381e-09,4.600612487e-08,3.357468344e-07,9.704122825e-14,2.915845941e-14,5.150524545e-15,6.487426216e-16,1.585136119e-06,1.363281143e-12,1.955805808e-10,1.103031073e-08,1.229111054e-07,7.080190292e-07,9.862746801e-17,1.840744814e-17,1.795306024e-18,1.177275331e-19,1.803236028e-07,5.830615218e-16,2.996366726e-13,4.843006606e-11,8.908138054e-10,7.35633809e-09
23,0.02259733708,0.01088990517,0.004709061146,0.001972809958,0.01410340306,0.004222283647,0.0118453166,0.02751765575,0.05037252284,0.07986038397,0.03202795175,0.01543463397,0.006674318099,0.002796134979,0.01525602042,0.004222286537,0.01184531231,0.02751761904,0.05037240871,0.07986018881,0.0004272422009,0.0001448710761,4.407909058e-05,1.334957004e-05,0.0005173214797,2.905084688e-05,0.0001313015259,0.0004749550924,0.001198667818,0.002504421808,0.0003014409447,0.00010221378,3.109997602e-05,9.418774454e-06,0.0004782369935,2.905082699e-05,0.0001313015735,0.0004749557262,0.001198670534,0.002504427928,0.01055267302,0.00401359664,0.001369772254,0.000461223098,0.004440183953,0.0004716052608,0.001364312236,0.003261082892,0.005847412686,0.009082656765,0.01542409001,0.005866393062,0.002002101834,0.000674138583,0.004836471806,0.000471605612,0.001364311698,0.003261078156,0.005847398269,0.009082632609,0.0002206419679,5.985102978e-05,1.456795293e-05,3.59058192e-06,0.0001763145933,3.561883842e-06,1.62989903e-05,5.963893505e-05,0.0001453076927,0.0002936456039,0.0001509562341,4.094814129e-05,9.966914458e-06,2.456556202e-06,0.0001618678366,3.561881189e-06,1.629899673e-05,5.963902166e-05,0.000145308051,0.0002936463849,2.265877682e-07,2.781488301e-08,2.58424275e-09,2.251058605e-10,1.101639805e-05,3.803884121e-09,1.126602611e-07,1.941417748e-06,1.357059418e-05,6.320285915e-05,3.411392878e-10,2.634471095e-11,1.398485976e-12,6.671262597e-14,9.575157672e-07,6.664602775e-12,6.581806931e-10,3.121889003e-08,4.082210888e-07,3.130812627e-06,1.319121947e-09,1.764954122e-10,1.691582277e-11,1.444092103e-12,2.891512754e-06,1.792151652e-10,1.018129788e-08,3.024204682e-07,2.997522164e-06,1.831861875e-05,1.131800652e-09,1.827962095e-10,2.114830973e-11,2.148017588e-12,3.844854041e-06,3.463488769e-10,1.805891952e-08,4.953476824e-07,4.644163905e-06,2.694253669e-05,7.230284973e-10,1.48120192e-10,2.173623638e-11,2.749570909e-12,4.927884892e-06,6.110298237e-10,2.858822819e-08,7.091096647e-07,6.132690597e-06,3.294655794e-05,4.740152333e-11,1.096986429e-11,1.745071354e-12,2.29268924e-13,3.083277487e-06,1.233346784e-10,7.674517231e-09,2.370540091e-07,2.250050074e-06,1.270937389e-05,5.812313514e-15,9.952347766e-16,1.001799134e-16,7.508564292e-18,2.861542467e-07,3.554152463e-14,9.765078946e-12,1.006885472e-09,1.767048387e-08,1.548572841e-07,2.66845161e-14,5.849684533e-15,7.538486426e-16,7.097467737e-17,6.606324406e-07,2.104732191e-13,4.290658337e-11,3.353309801e-09,4.801952301e-08,3.491174788e-07,1.018841022e-13,3.078601594e-14,5.468637727e-15,6.923908241e-16,1.625123763e-06,1.441697048e-12,2.051885569e-10,1.148685669e-08,1.273594858e-07,7.303450804e-07,1.046584874e-16,1.966752102e-17,1.931407853e-18,1.274570393e-19,1.854494323e-07,6.244332324e-16,3.177750818e-13,5.089750828e-11,9.306856074e-10,7.644636607e-09
24,0.0225973368,0.01088990481,0.004709060891,0.001972809814,0.01410340243,0.004222283604,0.01184531671,0.02751765651,0.05037252509,0.07986038917,0.03202795134,0.01543463345,0.006674317738,0.002796134774,0.01525601975,0.004222286494,0.01184531242,0.02751761979,0.05037241096,0.07986019401,0.0004272421929,0.0001448710689,4.407908707e-05,1.33495686e-05,0.0005173214431,2.90508455e-05,0.0001313015223,0.0004749550879,0.001198667827,0.002504421875,0.000301440939,0.000102213775,3.109997354e-05,9.418773439e-06,0.0004782369597,2.905082562e-05,0.0001313015699,0.0004749557216,0.001198670543,0.002504427995,0.01055267295,0.004013596573,0.001369772217,0.0004612230813,0.004440183903,0.0004716052893,0.001364312357,0.003261083264,0.005847413508,0.009082658352,0.01542408991,0.005866392965,0.00200210178,0.0006741385586,0.004836471751,0.0004716056406,0.001364311819,0.003261078529,0.005847399091,0.009082634197,0.0002206419653,5.985102788e-05,1.456795218e-05,3.59058167e-06,0.0001763145869,3.56188393e-06,1.629899116e-05,5.963893975e-05,0.0001453077079,0.0002936456444,0.0001509562323,4.094814e-05,9.966913946e-06,2.456556031e-06,0.0001618678307,3.561881277e-06,1.629899759e-05,5.963902635e-05,0.0001453080661,0.0002936464254,2.265877568e-07,2.781487932e-08,2.584242194e-09,2.25105795e-10,1.101639634e-05,3.803883433e-09,1.126602451e-07,1.941417544e-06,1.357059317e-05,6.320285652e-05,3.411392616e-10,2.634470564e-11,1.39848552e-12,6.671259654e-14,9.575155574e-07,6.66460052e-12,6.581804983e-10,3.121888203e-08,4.082209948e-07,3.130811982e-06,1.326214126e-09,1.774813771e-10,1.701387198e-11,1.452742422e-12,2.898884512e-06,1.801104293e-10,1.022737176e-08,3.036570643e-07,3.009031501e-06,1.838514106e-05,1.155553272e-09,1.867437293e-10,2.161789054e-11,2.196920724e-12,3.880911986e-06,3.526200995e-10,1.835494794e-08,5.026803654e-07,4.70869697e-06,2.729660727e-05,7.527099393e-10,1.54368152e-10,2.267769915e-11,2.871537693e-12,5.016934716e-06,6.323626713e-10,2.949112678e-08,7.293194868e-07,6.296689918e-06,3.377956588e-05,5.034520977e-11,1.167215282e-11,1.860144803e-12,2.447948709e-13,3.164736401e-06,1.299222787e-10,8.043916591e-09,2.473077464e-07,2.341209982e-06,1.319534349e-05,6.252790735e-15,1.074272324e-15,1.085009342e-16,8.157575412e-18,2.947667882e-07,3.803098445e-14,1.03737857e-11,1.062492501e-09,1.857785494e-08,1.623014739e-07,2.838116249e-14,6.24935175e-15,8.089438121e-16,7.647521604e-17,6.790372379e-07,2.239993589e-13,4.531800927e-11,3.516846873e-09,5.014407278e-08,3.631834523e-07,1.070378497e-13,3.252529165e-14,5.810100176e-15,7.394436496e-16,1.666493339e-06,1.525433361e-12,2.15373702e-10,1.196766968e-08,1.320261243e-07,7.536940029e-07,1.111512039e-16,2.103130446e-17,2.079540826e-18,1.381036525e-19,1.907719364e-07,6.692034263e-16,3.3722633e-13,5.352204323e-11,9.728972002e-10,7.948690242e-09
25,0.02259733651,0.01088990444,0.004709060635,0.001972809669,0.0141034018,0.004222283562,0.01184531682,0.02751765726,0.05037252734,0.07986039439,0.03202795093,0.01543463293,0.006674317376,0.002796134569,0.01525601906,0.004222286451,0.01184531253,0.02751762054,0.05037241322,0.07986019923,0.0004272421849,0.0001448710618,4.407908355e-05,1.334956716e-05,0.0005173214064,2.905084412e-05,0.0001313015186,0.0004749550833,0.001198667835,0.002504421942,0.0003014409334,0.0001022137699,3.109997105e-05,9.41877242e-06,0.0004782369257,2.905082424e-05,0.0001313015662,0.0004749557171,0.001198670551,0.002504428062,0.01055267289,0.004013596506,0.00136977218,0.0004612230645,0.004440183852,0.000471605318,0.001364312478,0.003261083638,0.005847414334,0.009082659947,0.01542408981,0.005866392867,0.002002101727,0.000674138534,0.004836471697,0.0004716056693,0.00136431194,0.003261078903,0.005847399917,0.009082635792,0.0002206419626,5.985102597e-05,1.456795143e-05,3.59058142e-06,0.0001763145804,3.561884019e-06,1.629899203e-05,5.963894446e-05,0.0001453077231,0.0002936456851,0.0001509562305,4.094813869e-05,9.966913432e-06,2.456555859e-06,0.0001618678247,3.561881366e-06,1.629899845e-05,5.963903107e-05,0.0001453080814,0.0002936464661,2.265877452e-07,2.78148756e-08,2.584241635e-09,2.251057291e-10,1.101639463e-05,3.803882741e-09,1.12660229e-07,1.941417338e-06,1.357059215e-05,6.320285387e-05,3.411392353e-10,2.634470031e-11,1.398485062e-12,6.671256697e-14,9.575153466e-07,6.664598255e-12,6.581803027e-10,3.121887398e-08,4.082209005e-07,3.130811334e-06,1.333386602e-09,1.784783734e-10,1.711300754e-11,1.461487884e-12,2.906309672e-06,1.810142622e-10,1.027386615e-08,3.049044435e-07,3.020638727e-06,1.845221835e-05,1.179959554e-09,1.908006368e-10,2.210058394e-11,2.247199978e-12,3.917484186e-06,3.590346821e-10,1.865724411e-08,5.101568901e-07,4.77444013e-06,2.765707091e-05,7.838118135e-10,1.60919446e-10,2.36655435e-11,2.999596147e-12,5.108036529e-06,6.54544586e-10,3.042697132e-08,7.502049577e-07,6.465890136e-06,3.463782379e-05,5.349327958e-11,1.242419683e-11,1.983537429e-12,2.614643815e-13,3.248767096e-06,1.368959711e-10,8.433035609e-09,2.580595342e-07,2.436556679e-06,1.370258345e-05,6.730450278e-15,1.160211831e-15,1.175733943e-16,8.867018369e-18,3.036870065e-07,4.070981615e-14,1.102423948e-11,1.121532978e-09,1.953804644e-08,1.701575453e-07,3.020192217e-14,6.679751762e-15,8.684896751e-16,8.244042062e-17,6.980628589e-07,2.384823552e-13,4.788155942e-11,3.689567665e-09,5.237968265e-08,3.779397686e-07,1.125081067e-13,3.437908607e-14,6.175660823e-15,7.900324289e-16,1.70916461e-06,1.614607273e-12,2.261409802e-10,1.247263463e-08,1.3690813e-07,7.780447596e-07,1.181238896e-16,2.250371515e-17,2.240370811e-18,1.497248989e-19,1.962823566e-07,7.175260713e-16,3.58030804e-13,5.63062686e-11,1.017467158e-09,8.268506728e-09
26,0.02259733622,0.01088990408,0.004709060379,0.001972809523,0.01410340117,0.004222283519,0.01184531693,0.02751765802,0.0503725296,0.07986039962,0.03202795052,0.01543463242,0.006674317012,0.002796134363,0.01525601838,0.004222286409,0.01184531264,0.0275176213,0.05037241547,0.07986020446,0.0004272421768,0.0001448710546,4.407908002e-05,1.334956571e-05,0.0005173213696,2.905084274e-05,0.000131301515,0.0004749550787,0.001198667844,0.002504422009,0.0003014409277,0.0001022137649,3.109996856e-05,9.418771399e-06,0.0004782368917,2.905082286e-05,0.0001313015626,0.0004749557125,0.001198670559,0.00250442813,0.01055267282,0.004013596439,0.001369772143,0.0004612230477,0.004440183802,0.0004716053468,0.001364312599,0.003261084013,0.005847415162,0.009082661545,0.01542408971,0.00586639277,0.002002101673,0.0006741385094,0.004836471642,0.000471605698,0.001364312061,0.003261079277,0.005847400744,0.00908263739,0.0002206419599,5.985102406e-05,1.456795068e-05,3.590581169e-06,0.000176314574,3.561884108e-06,1.629899289e-05,5.963894919e-05,0.0001453077384,0.0002936457259,0.0001509562286,4.094813738e-05,9.966912917e-06,2.456555688e-06,0.0001618678188,3.561881455e-06,1.629899932e-05,5.963903579e-05,0.0001453080967,0.0002936465068,2.265877337e-07,2.781487188e-08,2.584241075e-09,2.251056632e-10,1.101639292e-05,3.803882049e-09,1.12660213e-07,1.941417133e-06,1.357059112e-05,6.320285123e-05,3.41139209e-10,2.634469497e-11,1.398484603e-12,6.671253735e-14,9.575151355e-07,6.664595986e-12,6.581801067e-10,3.121886592e-08,4.08220806e-07,3.130810686e-06,1.340617743e-09,1.794833899e-10,1.721292968e-11,1.47030202e-12,2.913765249e-06,1.819239003e-10,1.03206385e-08,3.061587731e-07,3.032308137e-06,1.85196441e-05,1.204961186e-09,1.949572506e-10,2.259523984e-11,2.298735768e-12,3.954462403e-06,3.655756093e-10,1.896498463e-08,5.177564367e-07,4.841208236e-06,2.802290375e-05,8.163059766e-10,1.677684528e-10,2.469897057e-11,3.133648824e-12,5.200949631e-06,6.775391214e-10,3.139400186e-08,7.717225852e-07,6.639921066e-06,3.551938397e-05,5.685037091e-11,1.32272197e-11,2.115469705e-12,2.793098008e-13,3.335185402e-06,1.442563585e-10,8.841699285e-09,2.692996749e-07,2.535982273e-06,1.423042981e-05,7.247032546e-15,1.253400937e-15,1.27437844e-16,9.640356419e-18,3.128978575e-07,4.358410481e-14,1.171728964e-11,1.184036649e-09,2.055118131e-08,1.784242374e-07,3.215057901e-14,7.141978798e-15,9.326676471e-16,8.889145338e-17,7.17670637e-07,2.539453677e-13,5.059898629e-11,3.87146165e-09,5.472538596e-08,3.933758561e-07,1.182984207e-13,3.634948719e-14,6.565929681e-15,8.442697823e-16,1.75304515e-06,1.709299811e-12,2.374910332e-10,1.300144332e-08,1.420008375e-07,8.033679074e-07,1.255925307e-16,2.408922339e-17,2.414521003e-18,1.623757868e-19,2.019702051e-07,7.695388902e-16,3.802210101e-13,5.925169899e-11,1.064397063e-09,8.603975581e-09
27,0.02259733593,0.01088990371,0.004709060123,0.001972809378,0.01410340055,0.004222283476,0.01184531704,0.02751765877,0.05037253186,0.07986040485,0.03202795011,0.0154346319,0.006674316649,0.002796134157,0.0152560177,0.004222286366,0.01184531275,0.02751762205,0.05037241773,0.07986020968,0.0004272421688,0.0001448710475,4.407907649e-05,1.334956426e-05,0.0005173213328,2.905084136e-05,0.0001313015113,0.0004749550741,0.001198667852,0.002504422076,0.000301440922,0.0001022137598,3.109996607e-05,9.41877038e-06,0.0004782368577,2.905082148e-05,0.0001313015589,0.0004749557079,0.001198670568,0.002504428197,0.01055267275,0.004013596373,0.001369772106,0.0004612230309,0.004440183752,0.0004716053755,0.00136431272,0.003261084387,0.005847415988,0.00908266314,0.01542408961,0.005866392672,0.002002101619,0.0006741384848,0.004836471587,0.0004716057267,0.001364312182,0.003261079651,0.005847401571,0.009082638985,0.0002206419572,5.985102216e-05,1.456794993e-05,3.590580918e-06,0.0001763145675,3.561884197e-06,1.629899375e-05,5.96389539e-05,0.0001453077537,0.0002936457665,0.0001509562268,4.094813608e-05,9.966912403e-06,2.456555516e-06,0.0001618678129,3.561881544e-06,1.629900018e-05,5.96390405e-05,0.0001453081119,0.0002936465475,2.265877222e-07,2.781486817e-08,2.584240516e-09,2.251055973e-10,1.101639121e-05,3.803881357e-09,1.126601969e-07,1.941416927e-06,1.35705901e-05,6.320284858e-05,3.411391827e-10,2.634468964e-11,1.398484145e-12,6.671250778e-14,9.575149247e-07,6.664593721e-12,6.58179911e-10,3.121885788e-08,4.082207116e-07,3.130810038e-06,1.347885324e-09,1.804933354e-10,1.731333078e-11,1.479157674e-12,2.921228017e-06,1.828365247e-10,1.03675437e-08,3.074161572e-07,3.044003468e-06,1.858720873e-05,1.230493327e-09,1.992027937e-10,2.310057644e-11,2.35139465e-12,3.99173406e-06,3.722244586e-10,1.92772856e-08,5.254568237e-07,4.908804824e-06,2.839302286e-05,8.501506372e-10,1.749066339e-10,2.577673515e-11,3.273539638e-12,5.295413165e-06,7.013012146e-10,3.23901222e-08,7.938219757e-07,6.818359477e-06,3.642204188e-05,6.041955467e-11,1.408206713e-11,2.256099655e-12,2.983549849e-13,3.423780956e-06,1.520005381e-10,9.269545968e-09,2.810136133e-07,2.639337518e-06,1.477800682e-05,7.804075372e-15,1.354151754e-15,1.381312097e-16,1.048078084e-17,3.223791729e-07,4.665858855e-14,1.245345366e-11,1.250003735e-09,2.161691416e-08,1.870965609e-07,3.423006483e-14,7.636926452e-15,1.001631772e-15,9.584679901e-17,7.378156154e-07,2.704042417e-13,5.347076587e-11,4.062436159e-09,5.717919762e-08,4.094747107e-07,1.244097816e-13,3.843769344e-14,6.981338681e-15,9.022436469e-16,1.798029391e-06,1.809547517e-12,2.49419371e-10,1.355356415e-08,1.472975554e-07,8.296244885e-07,1.335700286e-16,2.579166541e-17,2.602549234e-18,1.761070176e-19,2.078231041e-07,8.253571919e-16,4.038193969e-13,6.235853117e-11,1.113668239e-09,8.954847408e-09
28,0.02259733564,0.01088990335,0.004709059868,0.001972809234,0.01410339992,0.004222283433,0.01184531715,0.02751765952,0.0503725341,0.07986041004,0.0320279497,0.01543463138,0.006674316288,0.002796133952,0.01525601702,0.004222286323,0.01184531286,0.0275176228,0.05037241998,0.07986021488,0.0004272421608,0.0001448710403,4.407907298e-05,1.334956283e-05,0.0005173212963,2.905083999e-05,0.0001313015077,0.0004749550696,0.001198667861,0.002504422143,0.0003014409164,0.0001022137548,3.10999636e-05,9.418769365e-06,0.0004782368239,2.905082011e-05,0.0001313015553,0.0004749557033,0.001198670576,0.002504428264,0.01055267269,0.004013596306,0.00136977207,0.0004612230141,0.004440183702,0.000471605404,0.001364312841,0.003261084759,0.00584741681,0.009082664728,0.01542408952,0.005866392575,0.002002101565,0.0006741384604,0.004836471532,0.0004716057553,0.001364312303,0.003261080024,0.005847402393,0.009082640572,0.0002206419546,5.985102026e-05,1.456794918e-05,3.590580669e-06,0.000176314561,3.561884285e-06,1.629899461e-05,5.96389586e-05,0.0001453077689,0.000293645807,0.000150956225,4.094813478e-05,9.966911891e-06,2.456555346e-06,0.0001618678069,3.561881633e-06,1.629900104e-05,5.96390452e-05,0.0001453081271,0.000293646588,2.265877107e-07,2.781486447e-08,2.58423996e-09,2.251055317e-10,1.101638951e-05,3.803880669e-09,1.12660181e-07,1.941416723e-06,1.357058909e-05,6.320284595e-05,3.411391565e-10,2.634468434e-11,1.398483689e-12,6.671247834e-14,9.575147149e-07,6.664591467e-12,6.581797163e-10,3.121884987e-08,4.082206176e-07,3.130809393e-06,1.355166531e-09,1.815050378e-10,1.741389536e-11,1.488027003e-12,2.928674519e-06,1.837492619e-10,1.041443407e-08,3.08672638e-07,3.055687915e-06,1.865469963e-05,1.25648424e-09,2.035253322e-10,2.361517287e-11,2.405028547e-12,4.029182208e-06,3.789613477e-10,1.959320067e-08,5.332344696e-07,4.977021842e-06,2.876628493e-05,8.852886608e-10,1.823221685e-10,2.689708925e-11,3.419046364e-12,5.391145343e-06,7.257764121e-10,3.341287327e-08,8.164453507e-07,7.000725663e-06,3.734332059e-05,6.420197562e-11,1.498911842e-11,2.405507789e-12,3.186131992e-13,3.514315505e-06,1.601215363e-10,9.716001322e-09,2.931813471e-07,2.746427176e-06,1.534420459e-05,8.402837803e-15,1.462726396e-15,1.496851835e-16,1.139107882e-17,3.321074134e-07,4.993630046e-14,1.32328451e-11,1.319399563e-09,2.273435322e-08,1.961652173e-07,3.644222976e-14,8.165228711e-15,1.075499873e-15,1.033213111e-16,7.584460807e-07,2.878658065e-13,5.649585378e-11,4.262303201e-09,5.973796511e-08,4.262120225e-07,1.308401133e-13,4.06438197e-14,7.422098575e-15,9.640106352e-16,1.843997728e-06,1.91533348e-12,2.619155198e-10,1.412821087e-08,1.527893075e-07,8.567649061e-07,1.420653007e-16,2.761402917e-17,2.804921714e-18,1.909628877e-19,2.13826632e-07,8.850669062e-16,4.288359609e-13,6.562539188e-11,1.165238286e-09,9.320712127e-09
29,0.02259733536,0.01088990299,0.004709059615,0.00197280909,0.0141033993,0.004222283391,0.01184531726,0.02751766027,0.05037253633,0.0798604152,0.0320279493,0.01543463087,0.00667431593,0.002796133749,0.01525601635,0.004222286281,0.01184531297,0.02751762355,0.0503724222,0.07986022003,0.0004272421529,0.0001448710333,4.40790695e-05,1.33495614e-05,0.00051732126,2.905083863e-05,0.0001313015041,0.000474955065,0.001198667869,0.00250442221,0.0003014409108,0.0001022137498,3.109996114e-05,9.418768358e-06,0.0004782367904,2.905081875e-05,0.0001313015516,0.0004749556988,0.001198670585,0.00250442833,0.01055267262,0.00401359624,0.001369772033,0.0004612229975,0.004440183652,0.0004716054324,0.00136431296,0.003261085129,0.005847417626,0.009082666303,0.01542408942,0.005866392479,0.002002101512,0.0006741384361,0.004836471478,0.0004716057836,0.001364312422,0.003261080393,0.005847403209,0.009082642148,0.0002206419519,5.985101837e-05,1.456794844e-05,3.590580421e-06,0.0001763145546,3.561884373e-06,1.629899547e-05,5.963896325e-05,0.0001453077839,0.0002936458472,0.0001509562232,4.094813349e-05,9.966911384e-06,2.456555176e-06,0.0001618678011,3.56188172e-06,1.62990019e-05,5.963904986e-05,0.0001453081422,0.0002936466281,2.265876993e-07,2.78148608e-08,2.584239408e-09,2.251054667e-10,1.101638782e-05,3.803879986e-09,1.126601651e-07,1.94141652e-06,1.357058808e-05,6.320284334e-05,3.411391305e-10,2.634467907e-11,1.398483237e-12,6.671244914e-14,9.575145067e-07,6.664589229e-12,6.58179523e-10,3.121884192e-08,4.082205244e-07,3.130808753e-06,1.362437962e-09,1.825152454e-10,1.751430013e-11,1.496881489e-12,2.93608108e-06,1.84659185e-10,1.046115945e-08,3.099241973e-07,3.06732414e-06,1.872190129e-05,1.282854967e-09,2.07911721e-10,2.413746278e-11,2.459474079e-12,4.06668552e-06,3.857648928e-10,1.991171955e-08,5.410643679e-07,5.045639456e-06,2.914148538e-05,9.216458753e-10,1.899995877e-10,2.805772559e-11,3.569873144e-12,5.487842827e-06,7.509001323e-10,3.445940817e-08,8.395271072e-07,7.186480349e-06,3.828045693e-05,6.819646644e-11,1.594819089e-11,2.563680832e-12,3.400848451e-13,3.606521375e-06,1.686077291e-10,1.018025203e-08,3.057768408e-07,2.857005452e-06,1.59276575e-05,9.044214006e-15,1.579320548e-15,1.62124384e-16,1.237348181e-17,3.420554372e-07,5.34181784e-14,1.40550966e-11,1.392148945e-09,2.39019793e-08,2.056160024e-07,3.878759019e-14,8.727194774e-15,1.154343698e-15,1.113251421e-16,7.795031316e-07,3.063260433e-13,5.967142809e-11,4.470765846e-09,6.239721617e-08,4.435552899e-07,1.375837342e-13,4.296668907e-14,7.888152224e-15,1.029588772e-15,1.890815698e-06,2.026577825e-12,2.749621359e-10,1.472431075e-08,1.584645735e-07,8.847278005e-07,1.510822819e-16,2.955821399e-17,3.021983182e-18,2.069788719e-19,2.199641783e-07,9.487168516e-16,4.552656548e-13,6.904907087e-11,1.219037452e-09,9.700976399e-09
30,0.02259733507,0.01088990263,0.004709059365,0.001972808949,0.01410339868,0.004222283349,0.01184531737,0.027517661,0.05037253853,0.0798604203,0.0320279489,0.01543463036,0.006674315576,0.002796133548,0.01525601569,0.004222286239,0.01184531308,0.02751762428,0.05037242441,0.07986022513,0.000427242145,0.0001448710263,4.407906605e-05,1.334955999e-05,0.0005173212241,2.905083728e-05,0.0001313015005,0.0004749550606,0.001198667877,0.002504422275,0.0003014409052,0.0001022137449,3.109995871e-05,9.418767362e-06,0.0004782367572,2.90508174e-05,0.0001313015481,0.0004749556943,0.001198670593,0.002504428396,0.01055267256,0.004013596175,0.001369771997,0.0004612229811,0.004440183603,0.0004716054604,0.001364313079,0.003261085494,0.005847418433,0.009082667861,0.01542408933,0.005866392383,0.002002101459,0.0006741384121,0.004836471425,0.0004716058117,0.001364312541,0.003261080758,0.005847404016,0.009082643706,0.0002206419493,5.985101651e-05,1.45679477e-05,3.590580176e-06,0.0001763145483,3.56188446e-06,1.629899631e-05,5.963896786e-05,0.0001453077988,0.0002936458869,0.0001509562214,4.094813222e-05,9.966910881e-06,2.456555009e-06,0.0001618677953,3.561881807e-06,1.629900274e-05,5.963905446e-05,0.0001453081571,0.0002936466679,2.26587688e-07,2.781485717e-08,2.584238862e-09,2.251054024e-10,1.101638615e-05,3.80387931e-09,1.126601494e-07,1.941416319e-06,1.357058708e-05,6.320284076e-05,3.411391048e-10,2.634467386e-11,1.398482789e-12,6.671242025e-14,9.575143008e-07,6.664587017e-12,6.581793319e-10,3.121883406e-08,4.082204323e-07,3.13080812e-06,1.369675641e-09,1.83520628e-10,1.761421413e-11,1.505691945e-12,2.943423816e-06,1.85563315e-10,1.050756728e-08,3.111667591e-07,3.078874299e-06,1.878859537e-05,1.309519056e-09,2.12347559e-10,2.46657289e-11,2.514551999e-12,4.104118331e-06,3.926121794e-10,2.023176709e-08,5.489200717e-07,5.114425973e-06,2.951735809e-05,9.591294124e-10,1.979194164e-10,2.925572228e-11,3.72564314e-12,5.585180293e-06,7.765969855e-10,3.552646976e-08,8.629934296e-07,7.375022021e-06,3.92303897e-05,7.239913981e-11,1.695843866e-11,2.730494475e-12,3.627550453e-13,3.700100152e-06,1.774422552e-10,1.066121974e-08,3.187674574e-07,2.970771614e-06,1.652672346e-05,9.728637775e-15,1.704045151e-15,1.754642965e-16,1.342949481e-17,3.521922913e-07,5.71026475e-14,1.491927922e-11,1.468130396e-09,2.511756337e-08,2.15429203e-07,4.126505687e-14,9.322738285e-15,1.238178146e-15,1.198625661e-16,8.009202941e-07,3.257681501e-13,6.299262333e-11,4.687404413e-09,6.515100583e-08,4.614629382e-07,1.446307921e-13,4.540361319e-14,8.379124875e-15,1.098949694e-15,1.938333269e-06,2.143127803e-12,2.885341024e-10,1.534047276e-08,1.643090313e-07,9.134389485e-07,1.606188372e-16,3.162476558e-17,3.253923611e-18,2.241788963e-19,2.262168111e-07,1.016310305e-15,4.830856297e-13,7.262424323e-11,1.274964897e-09,1.009484062e-08
31,0.02259733479,0.01088990228,0.004709059119,0.001972808809,0.01410339808,0.004222283308,0.01184531748,0.02751766173,0.05037254071,0.07986042533,0.0320279485,0.01543462986,0.006674315226,0.00279613335,0.01525601503,0.004222286198,0.01184531318,0.02751762501,0.05037242658,0.07986023016,0.0004272421373,0.0001448710194,4.407906266e-05,1.33495586e-05,0.0005173211887,2.905083595e-05,0.000131301497,0.0004749550562,0.001198667885,0.00250442234,0.0003014408997,0.00010221374,3.109995631e-05,9.418766381e-06,0.0004782367245,2.905081607e-05,0.0001313015446,0.0004749556899,0.001198670601,0.00250442846,0.01055267249,0.004013596111,0.001369771962,0.0004612229649,0.004440183554,0.0004716054881,0.001364313195,0.003261085854,0.005847419228,0.009082669397,0.01542408923,0.005866392289,0.002002101407,0.0006741383885,0.004836471372,0.0004716058393,0.001364312657,0.003261081119,0.005847404811,0.009082645242,0.0002206419467,5.985101468e-05,1.456794698e-05,3.590579935e-06,0.0001763145421,3.561884546e-06,1.629899714e-05,5.96389724e-05,0.0001453078135,0.0002936459261,0.0001509562196,4.094813096e-05,9.966910386e-06,2.456554844e-06,0.0001618677896,3.561881893e-06,1.629900357e-05,5.9639059e-05,0.0001453081718,0.0002936467071,2.265876769e-07,2.781485359e-08,2.584238324e-09,2.251053389e-10,1.10163845e-05,3.803878644e-09,1.12660134e-07,1.941416121e-06,1.35705861e-05,6.320283821e-05,3.411390795e-10,2.634466873e-11,1.398482348e-12,6.671239177e-14,9.575140978e-07,6.664584835e-12,6.581791435e-10,3.121882631e-08,4.082203414e-07,3.130807497e-06,1.376855024e-09,1.845177789e-10,1.771329897e-11,1.514428539e-12,2.95067865e-06,1.86458623e-10,1.055350269e-08,3.123961915e-07,3.090300062e-06,1.88545609e-05,1.336382348e-09,2.168171537e-10,2.519809898e-11,2.570066766e-12,4.141350709e-06,3.994787467e-10,2.055220292e-08,5.567736938e-07,5.183137855e-06,2.989257564e-05,9.976261256e-10,2.060578324e-10,3.048748997e-11,3.885891519e-12,5.682810181e-06,8.027801673e-10,3.661037123e-08,8.867619686e-07,7.565684767e-06,4.018975043e-05,7.680296587e-11,1.801824768e-11,2.905695441e-12,3.865911292e-13,3.794721605e-06,1.866024386e-10,1.115753588e-08,3.321134206e-07,3.087365907e-06,1.713946499e-05,1.045597874e-14,1.83690641e-15,1.897090133e-16,1.455970826e-17,3.624830303e-07,6.098518233e-14,1.582381962e-11,1.54717032e-09,2.637808453e-08,2.255790018e-07,4.387164738e-14,9.951301973e-15,1.326949714e-15,1.289307071e-16,8.226231934e-07,3.461605356e-13,6.645226058e-11,4.911662761e-09,6.799176644e-08,4.798834631e-07,1.519666851e-13,4.795016498e-14,8.894272248e-15,1.172010425e-15,1.986384242e-06,2.264747676e-12,3.025976281e-10,1.597495654e-08,1.703053103e-07,9.428102119e-07,1.706655978e-16,3.381258956e-17,3.500741798e-18,2.425723223e-19,2.325631608e-07,1.08779599e-15,5.122523579e-13,7.634318621e-11,1.332884941e-09,1.050127595e-08
32,0.02259733452,0.01088990193,0.004709058876,0.001972808672,0.01410339748,0.004222283268,0.01184531758,0.02751766244,0.05037254284,0.07986043027,0.03202794812,0.01543462937,0.006674314883,0.002796133156,0.01525601439,0.004222286157,0.01184531329,0.02751762572,0.05037242871,0.0798602351,0.0004272421296,0.0001448710126,4.407905932e-05,1.334955723e-05,0.000517321154,2.905083465e-05,0.0001313014935,0.0004749550518,0.001198667893,0.002504422403,0.0003014408944,0.0001022137352,3.109995396e-05,9.418765416e-06,0.0004782366924,2.905081477e-05,0.0001313015411,0.0004749556856,0.001198670609,0.002504428524,0.01055267243,0.004013596048,0.001369771927,0.000461222949,0.004440183507,0.0004716055152,0.00136431331,0.003261086208,0.00584742001,0.009082670906,0.01542408914,0.005866392197,0.002002101356,0.0006741383652,0.00483647132,0.0004716058665,0.001364312772,0.003261081472,0.005847405593,0.009082646751,0.0002206419442,5.985101287e-05,1.456794627e-05,3.590579698e-06,0.000176314536,3.56188463e-06,1.629899796e-05,5.963897686e-05,0.000145307828,0.0002936459646,0.0001509562179,4.094812973e-05,9.9669099e-06,2.456554681e-06,0.0001618677839,3.561881977e-06,1.629900439e-05,5.963906346e-05,0.0001453081862,0.0002936467455,2.26587666e-07,2.781485008e-08,2.584237795e-09,2.251052766e-10,1.101638288e-05,3.80387799e-09,1.126601188e-07,1.941415927e-06,1.357058513e-05,6.320283571e-05,3.411390546e-10,2.634466369e-11,1.398481914e-12,6.67123638e-14,9.575138984e-07,6.664582692e-12,6.581789583e-10,3.12188187e-08,4.082202521e-07,3.130806884e-06,1.383951024e-09,1.855032172e-10,1.781120905e-11,1.523060813e-12,2.957821327e-06,1.873420326e-10,1.059880861e-08,3.136083104e-07,3.101562641e-06,1.891957437e-05,1.363342839e-09,2.213034986e-10,2.573254308e-11,2.625806272e-12,4.178248576e-06,4.063385864e-10,2.087182173e-08,5.645959181e-07,5.251519854e-06,3.026575006e-05,1.03700113e-09,2.143863506e-10,3.174872315e-11,4.05005898e-12,5.780362668e-06,8.293509481e-10,3.770698047e-08,9.107415961e-07,7.757736705e-06,4.115485693e-05,8.139734467e-11,1.912512927e-11,3.08888329e-12,4.115400776e-13,3.890022909e-06,1.960592347e-10,1.16675181e-08,3.457673241e-07,3.206365887e-06,1.77636323e-05,1.122543194e-14,1.97778443e-15,2.048488092e-16,1.576359536e-17,3.728885704e-07,6.505785834e-14,1.676641696e-11,1.62903731e-09,2.767965036e-08,2.360329057e-07,4.660218845e-14,1.061177918e-14,1.420524386e-15,1.385181989e-16,8.445292955e-07,3.674547909e-13,7.004058082e-11,5.142835047e-09,7.091016452e-08,4.987546219e-07,1.595714815e-13,5.059994901e-14,9.432427562e-15,1.248624922e-15,2.034785799e-06,2.39110864e-12,3.171093702e-10,1.662564291e-08,1.764327586e-07,9.727385664e-07,1.812047431e-16,3.611864834e-17,3.762206405e-18,2.62150686e-19,2.389793244e-07,1.163058655e-15,5.426986989e-13,8.019549739e-11,1.392623366e-09,1.091900203e-08
33,0.02259733425,0.01088990159,0.004709058639,0.001972808537,0.0141033969,0.004222283228,0.01184531768,0.02751766314,0.05037254493,0.0798604351,0.03202794774,0.01543462889,0.006674314547,0.002796132965,0.01525601376,0.004222286118,0.01184531339,0.02751762642,0.0503724308,0.07986023994,0.0004272421222,0.000144871006,4.407905606e-05,1.334955589e-05,0.00051732112,2.905083337e-05,0.0001313014901,0.0004749550476,0.001198667901,0.002504422466,0.0003014408891,0.0001022137305,3.109995166e-05,9.418764472e-06,0.000478236661,2.905081349e-05,0.0001313015377,0.0004749556814,0.001198670617,0.002504428586,0.01055267237,0.004013595986,0.001369771893,0.0004612229335,0.00444018346,0.0004716055418,0.001364313422,0.003261086554,0.005847420775,0.009082672383,0.01542408905,0.005866392106,0.002002101306,0.0006741383425,0.004836471269,0.000471605893,0.001364312884,0.003261081819,0.005847406358,0.009082648228,0.0002206419417,5.985101111e-05,1.456794557e-05,3.590579466e-06,0.00017631453,3.561884712e-06,1.629899876e-05,5.963898123e-05,0.0001453078421,0.0002936460023,0.0001509562162,4.094812852e-05,9.966909424e-06,2.456554523e-06,0.0001618677784,3.561882059e-06,1.629900519e-05,5.963906783e-05,0.0001453082004,0.0002936467832,2.265876554e-07,2.781484664e-08,2.584237278e-09,2.251052157e-10,1.10163813e-05,3.80387735e-09,1.12660104e-07,1.941415736e-06,1.357058419e-05,6.320283326e-05,3.411390303e-10,2.634465875e-11,1.39848149e-12,6.671233641e-14,9.575137032e-07,6.664580595e-12,6.581787771e-10,3.121881125e-08,4.082201647e-07,3.130806284e-06,1.390938033e-09,1.864733918e-10,1.79075919e-11,1.531557715e-12,2.964827431e-06,1.882104223e-10,1.064332592e-08,3.147988828e-07,3.112622824e-06,1.898340994e-05,1.390290614e-09,2.257882632e-10,2.626687244e-11,2.681541729e-12,4.214673853e-06,4.13164158e-10,2.118935422e-08,5.723560272e-07,5.319305264e-06,3.063543433e-05,1.077096517e-09,2.22871546e-10,3.303435718e-11,4.217486043e-12,5.877445856e-06,8.561982788e-10,3.881170893e-08,9.348322506e-07,7.950379093e-06,4.212171011e-05,8.616768554e-11,2.027561529e-11,3.279492446e-12,4.375259948e-13,3.985608198e-06,2.05776718e-10,1.218914916e-08,3.596737068e-07,3.327283313e-06,1.839664944e-05,1.203540336e-14,2.126410977e-15,2.208576051e-16,1.703929918e-17,3.833655838e-07,6.930890467e-14,1.77439621e-11,1.713436736e-09,2.901742245e-08,2.467512165e-07,4.944901603e-14,1.13024342e-14,1.51867526e-15,1.486038046e-16,8.665477295e-07,3.895836937e-13,7.374498919e-11,5.380053376e-09,7.389496946e-08,5.180027017e-07,1.674193553e-13,5.334437573e-14,9.99194895e-15,1.328575588e-15,2.083338219e-06,2.521779086e-12,3.320156111e-10,1.729000703e-08,1.826672363e-07,1.003105244e-06,1.922087561e-16,3.85376483e-17,4.037815312e-18,2.828842582e-19,2.454387943e-07,1.241909471e-15,5.743309882e-13,8.41678224e-11,1.453963896e-09,1.134646595e-08
34,0.02259733399,0.01088990126,0.004709058408,0.001972808406,0.01410339633,0.004222283189,0.01184531778,0.02751766382,0.05037254697,0.07986043982,0.03202794737,0.01543462843,0.006674314219,0.00279613278,0.01525601314,0.004222286079,0.01184531349,0.0275176271,0.05037243284,0.07986024465,0.0004272421149,0.0001448709995,4.407905287e-05,1.334955459e-05,0.0005173210868,2.905083213e-05,0.0001313014868,0.0004749550435,0.001198667909,0.002504422526,0.000301440884,0.000102213726,3.109994941e-05,9.418763552e-06,0.0004782366303,2.905081224e-05,0.0001313015344,0.0004749556772,0.001198670625,0.002504428647,0.01055267231,0.004013595925,0.001369771859,0.0004612229183,0.004440183415,0.0004716055677,0.001364313531,0.003261086892,0.005847421521,0.009082673824,0.01542408896,0.005866392018,0.002002101257,0.0006741383203,0.00483647122,0.000471605919,0.001364312993,0.003261082157,0.005847407104,0.009082649669,0.0002206419393,5.985100938e-05,1.456794489e-05,3.59057924e-06,0.0001763145241,3.561884792e-06,1.629899954e-05,5.963898549e-05,0.0001453078559,0.000293646039,0.0001509562145,4.094812734e-05,9.966908959e-06,2.456554368e-06,0.0001618677731,3.561882139e-06,1.629900597e-05,5.963907209e-05,0.0001453082141,0.0002936468199,2.265876449e-07,2.781484328e-08,2.584236773e-09,2.251051562e-10,1.101637975e-05,3.803876725e-09,1.126600895e-07,1.941415551e-06,1.357058326e-05,6.320283087e-05,3.411390065e-10,2.634465393e-11,1.398481076e-12,6.671230971e-14,9.575135128e-07,6.66457855e-12,6.581786005e-10,3.121880398e-08,4.082200795e-07,3.130805699e-06,1.397789947e-09,1.874246845e-10,1.800208858e-11,1.539887632e-12,2.971672403e-06,1.89060629e-10,1.068689361e-08,3.159636303e-07,3.123441004e-06,1.904583966e-05,1.417107875e-09,2.302517981e-10,2.679874026e-11,2.737027759e-12,4.250484657e-06,4.199264209e-10,2.150346867e-08,5.80021944e-07,5.386216288e-06,3.100012432e-05,1.1177303e-09,2.31474826e-10,3.433853308e-11,4.387408367e-12,5.973646221e-06,8.831985368e-10,3.991950571e-08,9.589248852e-07,8.142746211e-06,4.30859944e-05,9.109500811e-11,2.146515849e-11,3.476775098e-12,4.644476982e-13,4.081048498e-06,2.157116329e-10,1.272005902e-08,3.737687125e-07,3.449561752e-06,1.903560386e-05,1.28833946e-14,2.282346975e-15,2.376903917e-16,1.838341537e-17,3.938664417e-07,7.372227355e-14,1.875246187e-11,1.800005828e-09,3.038554978e-08,2.576865646e-07,5.240168244e-14,1.202082402e-14,1.621070284e-15,1.591550421e-16,8.885792057e-07,4.124593168e-13,7.754981991e-11,5.622276826e-09,7.693293907e-08,5.375418929e-07,1.75478057e-13,5.617244753e-14,1.057066902e-14,1.411565055e-15,2.131824784e-06,2.656215541e-12,3.472515186e-10,1.796509526e-08,1.889809403e-07,1.033775028e-06,2.036391925e-16,4.10617264e-17,4.326754403e-18,3.047185193e-19,2.519124159e-07,1.324076551e-15,6.070262454e-13,8.824360193e-11,1.516644993e-09,1.178182339e-08
35,0.02259733374,0.01088990094,0.004709058184,0.001972808279,0.01410339578,0.004222283152,0.01184531788,0.02751766448,0.05037254894,0.0798604444,0.03202794701,0.01543462797,0.006674313901,0.002796132599,0.01525601254,0.004222286042,0.01184531359,0.02751762776,0.05037243482,0.07986024923,0.0004272421079,0.0001448709932,4.407904978e-05,1.334955332e-05,0.0005173210546,2.905083092e-05,0.0001313014836,0.0004749550395,0.001198667916,0.002504422585,0.000301440879,0.0001022137215,3.109994723e-05,9.418762658e-06,0.0004782366005,2.905081103e-05,0.0001313015312,0.0004749556732,0.001198670632,0.002504428705,0.01055267225,0.004013595867,0.001369771827,0.0004612229036,0.004440183371,0.0004716055929,0.001364313637,0.00326108722,0.005847422245,0.009082675222,0.01542408887,0.005866391933,0.00200210121,0.0006741382988,0.004836471172,0.0004716059441,0.001364313099,0.003261082484,0.005847407828,0.009082651067,0.0002206419369,5.985100771e-05,1.456794423e-05,3.59057902e-06,0.0001763145185,3.56188487e-06,1.62990003e-05,5.963898962e-05,0.0001453078692,0.0002936460747,0.0001509562129,4.09481262e-05,9.966908508e-06,2.456554218e-06,0.0001618677679,3.561882217e-06,1.629900673e-05,5.963907622e-05,0.0001453082275,0.0002936468556,2.265876348e-07,2.781484003e-08,2.584236283e-09,2.251050985e-10,1.101637825e-05,3.803876119e-09,1.126600754e-07,1.941415371e-06,1.357058237e-05,6.320282856e-05,3.411389835e-10,2.634464926e-11,1.398480675e-12,6.671228378e-14,9.57513328e-07,6.664576564e-12,6.581784289e-10,3.121879693e-08,4.082199967e-07,3.130805131e-06,1.404480203e-09,1.883534149e-10,1.809433411e-11,1.548018431e-12,2.978331557e-06,1.898894512e-10,1.07293489e-08,3.170982337e-07,3.133977225e-06,1.910663362e-05,1.443669065e-09,2.346731569e-10,2.732564432e-11,2.792002677e-12,4.285535529e-06,4.265948839e-10,2.181277339e-08,5.875602893e-07,5.45196454e-06,3.135826157e-05,1.158695658e-09,2.401522658e-10,3.565457202e-11,4.558953358e-12,6.068529304e-06,9.10215434e-10,4.102485755e-08,9.829015311e-07,8.333906088e-06,4.404308227e-05,9.61555817e-11,2.268804225e-11,3.679785665e-12,4.921765248e-13,4.175882079e-06,2.258130303e-10,1.325751142e-08,3.879798542e-07,3.57257504e-06,1.967724035e-05,1.376589102e-14,2.444960572e-15,2.552807048e-16,1.979077846e-17,4.043392128e-07,7.827724389e-14,1.978697175e-11,1.888309483e-09,3.177711337e-08,2.687835297e-07,5.544668241e-14,1.276372436e-14,1.727260596e-15,1.701268625e-16,9.1051604e-07,4.3597132e-13,8.14361324e-11,5.868282396e-09,8.000872817e-08,5.572738033e-07,1.837084439e-13,5.907056564e-14,1.116584868e-14,1.497208546e-15,2.180011905e-06,2.79375471e-12,3.627405264e-10,1.864750683e-08,1.953422731e-07,1.064595741e-06,2.154455078e-16,4.368014786e-17,4.62785728e-18,3.275706704e-19,2.583683793e-07,1.409195957e-15,6.406296199e-13,9.240284947e-11,1.580357103e-09,1.222292283e-08
36,0.02259733349,0.01088990063,0.004709057967,0.001972808156,0.01410339524,0.004222283115,0.01184531797,0.02751766512,0.05037255086,0.07986044882,0.03202794666,0.01543462753,0.006674313594,0.002796132425,0.01525601197,0.004222286005,0.01184531368,0.0275176284,0.05037243673,0.07986025366,0.0004272421011,0.0001448709872,4.407904679e-05,1.33495521e-05,0.0005173210234,2.905082975e-05,0.0001313014805,0.0004749550356,0.001198667923,0.002504422642,0.0003014408742,0.0001022137173,3.109994512e-05,9.418761794e-06,0.0004782365717,2.905080986e-05,0.0001313015281,0.0004749556693,0.001198670639,0.002504428762,0.01055267219,0.00401359581,0.001369771796,0.0004612228893,0.004440183328,0.0004716056172,0.00136431374,0.003261087537,0.005847422945,0.009082676574,0.01542408879,0.00586639185,0.002002101164,0.0006741382779,0.004836471125,0.0004716059684,0.001364313202,0.003261082801,0.005847408528,0.009082652419,0.0002206419347,5.98510061e-05,1.45679436e-05,3.590578807e-06,0.000176314513,3.561884945e-06,1.629900103e-05,5.963899362e-05,0.0001453078822,0.0002936461091,0.0001509562114,4.094812509e-05,9.966908073e-06,2.456554072e-06,0.0001618677628,3.561882293e-06,1.629900746e-05,5.963908022e-05,0.0001453082404,0.0002936468901,2.265876251e-07,2.781483688e-08,2.58423581e-09,2.251050426e-10,1.10163768e-05,3.803875533e-09,1.126600618e-07,1.941415197e-06,1.35705815e-05,6.320282631e-05,3.411389612e-10,2.634464474e-11,1.398480286e-12,6.671225872e-14,9.575131494e-07,6.664574644e-12,6.581782631e-10,3.121879011e-08,4.082199168e-07,3.130804582e-06,1.410981815e-09,1.892558458e-10,1.8183958e-11,1.555917502e-12,2.9847801e-06,1.906936532e-10,1.07705275e-08,3.181983373e-07,3.144191212e-06,1.916556022e-05,1.469841097e-09,2.390301353e-10,2.784493181e-11,2.846189009e-12,4.319677708e-06,4.331376745e-10,2.211581978e-08,5.949364558e-07,5.51625167e-06,3.170823652e-05,1.199760522e-09,2.48854521e-10,3.697496172e-11,4.731138337e-12,6.161640694e-06,9.371001103e-10,4.212179566e-08,1.006635488e-06,8.522862175e-06,4.498804296e-05,1.013206225e-10,2.393730452e-11,3.887367668e-12,5.205544704e-13,4.269615278e-06,2.360220124e-10,1.37983956e-08,4.022259058e-07,3.695626772e-06,2.031795991e-05,1.467825844e-14,2.613406768e-15,2.735382665e-16,2.125426088e-17,4.147277232e-07,8.294807943e-14,2.084154078e-11,1.97783705e-09,3.318408549e-08,2.79978373e-07,5.856721141e-14,1.352706382e-14,1.836669986e-15,1.814604482e-16,9.322422987e-07,4.599855166e-13,8.538155044e-11,6.116658436e-09,8.310482625e-08,5.770871479e-07,1.920640939e-13,6.202236817e-14,1.177413755e-14,1.585027231e-15,2.227649477e-06,2.933607053e-12,3.783938731e-10,1.933338189e-08,2.01715763e-07,1.095397969e-06,2.275639997e-16,4.637902884e-17,4.939567713e-18,3.51326335e-19,2.647722481e-07,1.496803621e-15,6.749522045e-13,9.662197221e-11,1.644740523e-09,1.266729372e-08
37,0.02259733326,0.01088990033,0.004709057758,0.001972808038,0.01410339473,0.004222283081,0.01184531806,0.02751766574,0.0503725527,0.07986045308,0.03202794633,0.01543462711,0.006674313298,0.002796132257,0.01525601141,0.00422228597,0.01184531377,0.02751762902,0.05037243857,0.07986025791,0.0004272420945,0.0001448709813,4.407904392e-05,1.334955092e-05,0.0005173209935,2.905082862e-05,0.0001313014775,0.0004749550318,0.00119866793,0.002504422697,0.0003014408696,0.0001022137132,3.109994309e-05,9.418760963e-06,0.0004782365441,2.905080874e-05,0.0001313015251,0.0004749556656,0.001198670646,0.002504428817,0.01055267214,0.004013595756,0.001369771766,0.0004612228756,0.004440183287,0.0004716056406,0.001364313839,0.003261087842,0.005847423618,0.009082677874,0.01542408871,0.005866391771,0.002002101121,0.0006741382579,0.004836471081,0.0004716059918,0.001364313301,0.003261083106,0.005847409201,0.009082653719,0.0002206419325,5.985100454e-05,1.456794298e-05,3.590578603e-06,0.0001763145077,3.561885018e-06,1.629900174e-05,5.963899746e-05,0.0001453078946,0.0002936461423,0.0001509562099,4.094812403e-05,9.966907654e-06,2.456553932e-06,0.000161867758,3.561882365e-06,1.629900816e-05,5.963908407e-05,0.0001453082529,0.0002936469232,2.265876157e-07,2.781483385e-08,2.584235354e-09,2.25104989e-10,1.101637541e-05,3.803874969e-09,1.126600487e-07,1.941415029e-06,1.357058067e-05,6.320282416e-05,3.411389398e-10,2.63446404e-11,1.398479913e-12,6.671223462e-14,9.575129776e-07,6.664572798e-12,6.581781036e-10,3.121878355e-08,4.082198398e-07,3.130804054e-06,1.417267414e-09,1.901281884e-10,1.82705848e-11,1.563551809e-12,2.99099315e-06,1.914699686e-10,1.081026372e-08,3.192595537e-07,3.154042423e-06,1.922238639e-05,1.495483703e-09,2.432993296e-10,2.835380645e-11,2.899294245e-12,4.352759431e-06,4.39521627e-10,2.241110625e-08,6.021146976e-07,5.57877012e-06,3.204839256e-05,1.240667598e-09,2.575268302e-10,3.829135675e-11,4.902870581e-12,6.252507277e-06,9.636914343e-10,4.320390976e-08,1.029991652e-06,8.708556025e-06,4.59156561e-05,1.065560697e-10,2.520468123e-11,4.098143896e-12,5.493927881e-13,4.36172381e-06,2.462716121e-10,1.433922442e-08,4.164169406e-07,3.817950968e-06,2.095382445e-05,1.561465432e-14,2.786609755e-15,2.923469246e-16,2.276459623e-17,4.249716851e-07,8.770376406e-14,2.190917245e-11,2.068000356e-09,3.459730727e-08,2.911989074e-07,6.174297186e-14,1.430586997e-14,1.948586164e-15,1.930821984e-16,9.536340748e-07,4.843428151e-13,8.936015716e-11,6.365801201e-09,8.620153094e-08,5.968576501e-07,2.004910339e-13,6.50086109e-14,1.239154374e-14,1.674442973e-15,2.274471503e-06,3.07485239e-12,3.941103409e-10,2.001839692e-08,2.080620496e-07,1.12599507e-06,2.399169303e-16,4.914110045e-17,5.259906936e-18,3.758366297e-19,2.710870318e-07,1.58632868e-15,7.097693655e-13,1.008736489e-10,1.709384071e-09,1.311213983e-08
38,0.02259733303,0.01088990005,0.004709057559,0.001972807925,0.01410339424,0.004222283047,0.01184531815,0.02751766632,0.05037255445,0.07986045715,0.03202794601,0.01543462671,0.006674313015,0.002796132097,0.01525601088,0.004222285937,0.01184531386,0.02751762961,0.05037244033,0.07986026198,0.0004272420882,0.0001448709757,4.407904117e-05,1.334954979e-05,0.0005173209649,2.905082755e-05,0.0001313014747,0.0004749550283,0.001198667937,0.002504422749,0.0003014408652,0.0001022137092,3.109994115e-05,9.418760168e-06,0.0004782365176,2.905080766e-05,0.0001313015223,0.000474955662,0.001198670653,0.002504428869,0.01055267208,0.004013595704,0.001369771737,0.0004612228625,0.004440183248,0.000471605663,0.001364313933,0.003261088133,0.005847424263,0.009082679118,0.01542408864,0.005866391694,0.002002101078,0.0006741382388,0.004836471038,0.0004716060142,0.001364313395,0.003261083398,0.005847409845,0.009082654963,0.0002206419304,5.985100305e-05,1.45679424e-05,3.590578408e-06,0.0001763145027,3.561885087e-06,1.629900241e-05,5.963900114e-05,0.0001453079065,0.000293646174,0.0001509562085,4.094812301e-05,9.966907253e-06,2.456553799e-06,0.0001618677534,3.561882434e-06,1.629900884e-05,5.963908774e-05,0.0001453082648,0.000293646955,2.265876067e-07,2.781483095e-08,2.584234919e-09,2.251049376e-10,1.101637407e-05,3.80387443e-09,1.126600362e-07,1.941414869e-06,1.357057988e-05,6.32028221e-05,3.411389192e-10,2.634463624e-11,1.398479555e-12,6.671221156e-14,9.575128132e-07,6.664571031e-12,6.58177951e-10,3.121877728e-08,4.082197663e-07,3.130803549e-06,1.423309297e-09,1.90966609e-10,1.835383473e-11,1.570887944e-12,2.996945757e-06,1.922151052e-10,1.084839073e-08,3.202774689e-07,3.163490083e-06,1.927687781e-05,1.520449896e-09,2.474562159e-10,2.884933799e-11,2.951011848e-12,4.384626289e-06,4.457123916e-10,2.269708297e-08,6.09058238e-07,5.639204015e-06,3.237703067e-05,1.281134868e-09,2.661091226e-10,3.959459502e-11,5.072949473e-12,6.340638794e-06,9.898165317e-10,4.426437027e-08,1.052826998e-06,8.889871055e-06,4.682043016e-05,1.118224623e-10,2.648057471e-11,4.310510825e-12,5.784711804e-13,4.451654629e-06,2.564868319e-10,1.487613989e-08,4.304545379e-07,3.938714073e-06,2.158056791e-05,1.656796018e-14,2.96324929e-15,3.115630405e-16,2.431023929e-17,4.350068999e-07,9.250783831e-14,2.298180615e-11,2.158133249e-09,3.600648845e-08,3.023645319e-07,6.495004366e-14,1.509423212e-14,2.062154494e-15,2.04902983e-16,9.745599072e-07,5.088586418e-13,9.334245883e-11,6.613915133e-09,8.927696382e-08,6.164481939e-07,2.089276108e-13,6.800710264e-14,1.301341575e-14,1.764774957e-15,2.320196995e-06,3.216438031e-12,4.097762358e-10,2.069776923e-08,2.143379419e-07,1.156183502e-06,2.524118981e-16,5.194553219e-17,5.586448226e-18,4.009158149e-19,2.772733039e-07,1.677088774e-15,7.448197479e-13,1.05126779e-10,1.773824742e-09,1.355433877e-08
39,0.02259733282,0.01088989978,0.004709057369,0.001972807817,0.01410339377,0.004222283015,0.01184531823,0.02751766688,0.05037255613,0.07986046102,0.0320279457,0.01543462632,0.006674312746,0.002796131945,0.01525601038,0.004222285905,0.01184531394,0.02751763016,0.050372442,0.07986026585,0.0004272420823,0.0001448709704,4.407903856e-05,1.334954872e-05,0.0005173209376,2.905082652e-05,0.000131301472,0.0004749550249,0.001198667943,0.002504422799,0.000301440861,0.0001022137055,3.109993931e-05,9.418759413e-06,0.0004782364924,2.905080664e-05,0.0001313015196,0.0004749556587,0.001198670659,0.002504428919,0.01055267203,0.004013595654,0.001369771709,0.0004612228501,0.00444018321,0.0004716056842,0.001364314023,0.003261088411,0.005847424875,0.0090826803,0.01542408856,0.005866391622,0.002002101038,0.0006741382205,0.004836470997,0.0004716060355,0.001364313485,0.003261083675,0.005847410458,0.009082656145,0.0002206419284,5.985100164e-05,1.456794184e-05,3.590578222e-06,0.0001763144979,3.561885153e-06,1.629900305e-05,5.963900463e-05,0.0001453079178,0.0002936462042,0.0001509562071,4.094812204e-05,9.966906872e-06,2.456553672e-06,0.000161867749,3.5618825e-06,1.629900948e-05,5.963909124e-05,0.0001453082761,0.0002936469851,2.265875981e-07,2.78148282e-08,2.584234504e-09,2.251048888e-10,1.101637281e-05,3.803873917e-09,1.126600243e-07,1.941414717e-06,1.357057912e-05,6.320282014e-05,3.411388998e-10,2.634463229e-11,1.398479216e-12,6.671218964e-14,9.57512657e-07,6.664569353e-12,6.58177806e-10,3.121877131e-08,4.082196963e-07,3.130803069e-06,1.429079477e-09,1.91767236e-10,1.843332436e-11,1.577892185e-12,3.002612919e-06,1.929257496e-10,1.088474077e-08,3.212476472e-07,3.17249324e-06,1.932879921e-05,1.544586571e-09,2.514752498e-10,2.932847437e-11,3.00102253e-12,4.415121601e-06,4.516745633e-10,2.297215738e-08,6.157293924e-07,5.69723019e-06,3.269241477e-05,1.320856632e-09,2.745362431e-10,4.087473232e-11,5.240071073e-12,6.425529692e-06,1.01529156e-09,4.5295959e-08,1.074991212e-06,9.065637452e-06,4.769662625e-05,1.170749411e-10,2.77540529e-11,4.522638275e-12,6.075377223e-13,4.538828337e-06,2.665848658e-10,1.540492698e-08,4.442321777e-07,4.057018429e-06,2.219361436e-05,1.752974247e-14,3.141752513e-15,3.310144889e-16,2.587727672e-17,4.447655423e-07,9.731836187e-14,2.405032306e-11,2.247492931e-09,3.740023282e-08,3.133864574e-07,6.8160837e-14,1.588528533e-14,2.176374969e-15,2.168177485e-16,9.948813532e-07,5.333229508e-13,9.729543093e-11,6.859017496e-09,9.230713519e-08,6.357092617e-07,2.173045371e-13,7.099270795e-14,1.363443946e-14,1.855238676e-15,2.36453117e-06,3.357179961e-12,4.252656514e-10,2.136627166e-08,2.204965622e-07,1.18574353e-06,2.649415382e-16,5.476783462e-17,5.916301366e-18,4.263397507e-19,2.8328937e-07,1.76828786e-15,7.79805119e-13,1.093465179e-10,1.837548526e-09,1.399044883e-08
40,0.02259733262,0.01088989952,0.00470905719,0.001972807716,0.01410339333,0.004222282986,0.01184531831,0.02751766741,0.0503725577,0.07986046467,0.03202794542,0.01543462596,0.006674312493,0.002796131801,0.0152560099,0.004222285875,0.01184531402,0.02751763069,0.05037244358,0.07986026951,0.0004272420767,0.0001448709654,4.407903609e-05,1.334954771e-05,0.0005173209119,2.905082556e-05,0.0001313014694,0.0004749550217,0.001198667949,0.002504422846,0.000301440857,0.0001022137019,3.109993757e-05,9.418758699e-06,0.0004782364686,2.905080568e-05,0.000131301517,0.0004749556555,0.001198670665,0.002504428966,0.01055267199,0.004013595608,0.001369771684,0.0004612228383,0.004440183175,0.0004716057043,0.001364314108,0.003261088672,0.005847425453,0.009082681416,0.01542408849,0.005866391554,0.002002101001,0.0006741382034,0.004836470959,0.0004716060556,0.00136431357,0.003261083937,0.005847411036,0.009082657261,0.0002206419265,5.985100031e-05,1.456794131e-05,3.590578047e-06,0.0001763144933,3.561885215e-06,1.629900365e-05,5.963900793e-05,0.0001453079285,0.0002936462326,0.0001509562058,4.094812113e-05,9.966906512e-06,2.456553552e-06,0.0001618677448,3.561882562e-06,1.629901008e-05,5.963909454e-05,0.0001453082867,0.0002936470136,2.265875901e-07,2.78148256e-08,2.584234114e-09,2.251048427e-10,1.101637161e-05,3.803873434e-09,1.126600131e-07,1.941414573e-06,1.35705784e-05,6.320281829e-05,3.411388814e-10,2.634462856e-11,1.398478895e-12,6.671216895e-14,9.575125095e-07,6.664567768e-12,6.581776691e-10,3.121876568e-08,4.082196303e-07,3.130802616e-06,1.434549738e-09,1.925261671e-10,1.850866732e-11,1.584530561e-12,3.007969605e-06,1.935985718e-10,1.091914534e-08,3.221656372e-07,3.181010805e-06,1.937791461e-05,1.567735229e-09,2.553299893e-10,2.978805636e-11,3.048995805e-12,4.444086839e-06,4.573718323e-10,2.323470054e-08,6.220897102e-07,5.752519351e-06,3.299277771e-05,1.359505165e-09,2.827383061e-10,4.212109685e-11,5.402835305e-12,6.506661281e-06,1.039922746e-09,4.629110896e-08,1.096327494e-06,9.234638262e-06,4.85382873e-05,1.222633964e-10,2.901288487e-11,4.732475251e-12,6.363096515e-13,4.622642196e-06,2.764755277e-10,1.592103671e-08,4.5763584e-07,4.171907348e-06,2.278810389e-05,1.849024934e-14,3.320292681e-15,3.505004387e-16,2.744940279e-17,4.541765275e-07,1.020880269e-13,2.510458092e-11,2.335263347e-09,3.876609307e-08,3.241681467e-07,7.134414498e-14,1.667122044e-14,2.290103173e-15,2.287055622e-16,1.01445372e-06,5.575009301e-13,1.011826589e-10,7.098947945e-09,9.526606382e-08,6.544796915e-07,2.255451415e-13,7.393742938e-14,1.424865318e-14,1.944947746e-15,2.407166963e-06,3.49576756e-12,4.404410556e-10,2.201825877e-08,2.264875837e-07,1.214440334e-06,2.773836273e-16,5.75798615e-17,6.246109729e-18,4.518453992e-19,2.890914903e-07,1.859017151e-15,8.143912131e-13,1.134944125e-10,1.899992591e-09,1.441672417e-08
41,0.02259733243,0.01088989928,0.004709057022,0.001972807621,0.01410339292,0.004222282957,0.01184531838,0.02751766791,0.05037255918,0.07986046809,0.03202794515,0.01543462562,0.006674312255,0.002796131666,0.01525600945,0.004222285847,0.01184531409,0.02751763119,0.05037244506,0.07986027293,0.0004272420714,0.0001448709607,4.407903378e-05,1.334954676e-05,0.0005173208879,2.905082466e-05,0.000131301467,0.0004749550187,0.001198667955,0.00250442289,0.0003014408533,0.0001022136986,3.109993594e-05,9.418758032e-06,0.0004782364464,2.905080477e-05,0.0001313015146,0.0004749556525,0.00119867067,0.00250442901,0.01055267194,0.004013595564,0.001369771659,0.0004612228273,0.004440183142,0.0004716057231,0.001364314187,0.003261088917,0.005847425994,0.009082682461,0.01542408843,0.00586639149,0.002002100965,0.0006741381873,0.004836470923,0.0004716060744,0.001364313649,0.003261084182,0.005847411577,0.009082658306,0.0002206419248,5.985099906e-05,1.456794082e-05,3.590577883e-06,0.0001763144891,3.561885273e-06,1.629900422e-05,5.963901102e-05,0.0001453079385,0.0002936462593,0.0001509562046,4.094812028e-05,9.966906175e-06,2.456553439e-06,0.0001618677409,3.561882621e-06,1.629901065e-05,5.963909762e-05,0.0001453082967,0.0002936470402,2.265875825e-07,2.781482317e-08,2.584233748e-09,2.251047996e-10,1.101637049e-05,3.803872981e-09,1.126600026e-07,1.941414438e-06,1.357057774e-05,6.320281656e-05,3.411388641e-10,2.634462507e-11,1.398478595e-12,6.671214959e-14,9.575123714e-07,6.664566284e-12,6.58177541e-10,3.121876041e-08,4.082195685e-07,3.130802191e-06,1.439691695e-09,1.932394776e-10,1.857947511e-11,1.590768919e-12,3.012990769e-06,1.942302307e-10,1.095143551e-08,3.230269769e-07,3.189001605e-06,1.942398757e-05,1.589732847e-09,2.589932399e-10,3.022483508e-11,3.094591821e-12,4.471362081e-06,4.627671556e-10,2.348305435e-08,6.281001316e-07,5.804737359e-06,3.327632793e-05,1.396733009e-09,2.906411896e-10,4.332236513e-11,5.559755993e-12,6.5835042e-06,1.063507695e-09,4.724195349e-08,1.116673531e-06,9.3956167e-06,4.933927287e-05,1.273327843e-10,3.0243618e-11,4.937762882e-12,6.644751496e-13,4.702473735e-06,2.860619053e-10,1.641961918e-08,4.705448227e-07,4.282371888e-06,2.335892648e-05,1.943845071e-14,3.496796266e-15,3.697920831e-16,2.900797437e-17,4.631659673e-07,1.067644449e-13,2.613348126e-11,2.420560843e-09,4.009065795e-08,3.346059913e-07,7.446531317e-14,1.744332495e-14,2.402055955e-15,2.404301779e-16,1.033126967e-06,5.811344984e-13,1.049645854e-10,7.331383544e-09,9.812595706e-08,6.725877842e-07,2.33565852e-13,7.681058078e-14,1.484948347e-14,2.032919032e-15,2.447786859e-06,3.630772319e-12,4.551542363e-10,2.264770565e-08,2.322575708e-07,1.242025564e-06,2.896016702e-16,6.034993124e-17,6.572062695e-18,4.771316115e-19,2.946341567e-07,1.94825973e-15,8.482097325e-13,1.175286494e-10,1.960548964e-09,1.482913944e-08
42,0.02259733225,0.01088989906,0.004709056867,0.001972807533,0.01410339254,0.004222282931,0.01184531845,0.02751766836,0.05037256055,0.07986047126,0.0320279449,0.01543462531,0.006674312035,0.002796131541,0.01525600904,0.004222285821,0.01184531416,0.02751763164,0.05037244643,0.0798602761,0.0004272420665,0.0001448709564,4.407903164e-05,1.334954589e-05,0.0005173208656,2.905082382e-05,0.0001313014648,0.0004749550159,0.00119866796,0.002504422931,0.0003014408498,0.0001022136956,3.109993443e-05,9.418757413e-06,0.0004782364258,2.905080394e-05,0.0001313015124,0.0004749556497,0.001198670676,0.002504429051,0.0105526719,0.004013595523,0.001369771637,0.0004612228171,0.004440183112,0.0004716057405,0.001364314261,0.003261089144,0.005847426495,0.009082683429,0.01542408837,0.005866391431,0.002002100933,0.0006741381724,0.00483647089,0.0004716060918,0.001364313723,0.003261084409,0.005847412078,0.009082659274,0.0002206419232,5.98509979e-05,1.456794037e-05,3.59057773e-06,0.0001763144852,3.561885327e-06,1.629900475e-05,5.963901389e-05,0.0001453079477,0.000293646284,0.0001509562035,4.094811948e-05,9.966905863e-06,2.456553335e-06,0.0001618677373,3.561882675e-06,1.629901117e-05,5.963910049e-05,0.000145308306,0.0002936470649,2.265875755e-07,2.781482091e-08,2.584233408e-09,2.251047596e-10,1.101636945e-05,3.803872561e-09,1.126599929e-07,1.941414314e-06,1.357057712e-05,6.320281495e-05,3.411388482e-10,2.634462183e-11,1.398478317e-12,6.671213163e-14,9.575122435e-07,6.664564909e-12,6.581774222e-10,3.121875553e-08,4.082195112e-07,3.130801798e-06,1.444476855e-09,1.939032289e-10,1.864535794e-11,1.596572997e-12,3.017651374e-06,1.948173794e-10,1.098144206e-08,3.238272001e-07,3.196424435e-06,1.94667815e-05,1.61041288e-09,2.624372226e-10,3.06354921e-11,3.137463478e-12,4.4967865e-06,4.678229491e-10,2.371553952e-08,6.337211629e-07,5.853546665e-06,3.354125685e-05,1.432175957e-09,2.981671758e-10,4.446666056e-11,5.709273879e-12,6.655521193e-06,1.085836982e-09,4.814038496e-08,1.135862638e-06,9.547284685e-06,5.009329948e-05,1.322236279e-10,3.143170115e-11,5.136055201e-12,6.916962232e-13,4.77768497e-06,2.952412547e-10,1.689556721e-08,4.828327895e-07,4.387359393e-06,2.390076427e-05,2.036212838e-14,3.668959745e-15,3.886344719e-16,3.053215849e-17,4.716577159e-07,1.112906269e-13,2.712507234e-11,2.502442312e-09,4.135967436e-08,3.445902426e-07,7.748654136e-14,1.819205855e-14,2.510822497e-15,2.518411986e-16,1.050746769e-06,6.039446795e-13,1.085988728e-10,7.55385965e-09,1.008574555e-07,6.898527823e-07,2.412769367e-13,7.95790616e-14,1.542980418e-14,2.118081461e-15,2.486065056e-06,3.760660928e-12,4.692476338e-10,2.324826023e-08,2.377504282e-07,1.268239367e-06,3.014460383e-16,6.304308614e-17,6.889925882e-18,5.018614218e-19,2.998704279e-07,2.034899343e-15,8.80861636e-13,1.214044289e-10,2.01856988e-09,1.522342443e-08
43,0.02259733209,0.01088989886,0.004709056724,0.001972807452,0.01410339219,0.004222282908,0.01184531851,0.02751766878,0.05037256181,0.07986047417,0.03202794467,0.01543462502,0.006674311833,0.002796131427,0.01525600866,0.004222285797,0.01184531422,0.02751763206,0.05037244768,0.079860279,0.000427242062,0.0001448709524,4.407902968e-05,1.334954508e-05,0.0005173208451,2.905082305e-05,0.0001313014628,0.0004749550134,0.001198667964,0.002504422968,0.0003014408467,0.0001022136928,3.109993304e-05,9.418756846e-06,0.0004782364069,2.905080317e-05,0.0001313015103,0.0004749556471,0.00119867068,0.002504429088,0.01055267187,0.004013595486,0.001369771617,0.0004612228077,0.004440183084,0.0004716057565,0.001364314328,0.003261089352,0.005847426955,0.009082684317,0.01542408832,0.005866391376,0.002002100903,0.0006741381587,0.004836470859,0.0004716061078,0.00136431379,0.003261084617,0.005847412538,0.009082660162,0.0002206419217,5.985099684e-05,1.456793995e-05,3.590577591e-06,0.0001763144816,3.561885377e-06,1.629900523e-05,5.963901651e-05,0.0001453079562,0.0002936463066,0.0001509562025,4.094811876e-05,9.966905577e-06,2.45655324e-06,0.000161867734,3.561882724e-06,1.629901165e-05,5.963910311e-05,0.0001453083145,0.0002936470875,2.265875691e-07,2.781481884e-08,2.584233097e-09,2.25104723e-10,1.10163685e-05,3.803872176e-09,1.126599839e-07,1.941414199e-06,1.357057655e-05,6.320281348e-05,3.411388335e-10,2.634461886e-11,1.398478062e-12,6.671211518e-14,9.575121262e-07,6.664563649e-12,6.581773133e-10,3.121875105e-08,4.082194587e-07,3.130801438e-06,1.448876688e-09,1.945134776e-10,1.870592557e-11,1.601908499e-12,3.021926405e-06,1.953566707e-10,1.100899586e-08,3.245618419e-07,3.203238106e-06,1.950605993e-05,1.629606406e-09,2.65633765e-10,3.101666239e-11,3.177258831e-12,4.520198891e-06,4.725013007e-10,2.393046437e-08,6.389130674e-07,5.898607855e-06,3.378574677e-05,1.465456744e-09,3.052357427e-10,4.55416752e-11,5.849772706e-12,6.722170178e-06,1.106696031e-09,4.897812317e-08,1.153725079e-06,9.688332619e-06,5.079398665e-05,1.368727184e-10,3.256165733e-11,5.324748362e-12,7.176127655e-13,4.847627235e-06,3.039061462e-10,1.734357081e-08,4.943690526e-07,4.485783848e-06,2.440814244e-05,2.12480217e-14,3.834277194e-15,4.067495761e-16,3.199918327e-17,4.79574006e-07,1.156056733e-13,2.80666902e-11,2.579915934e-09,4.255820601e-08,3.540062071e-07,8.036732933e-14,1.890716688e-14,2.614881277e-15,2.627758977e-16,1.067155763e-06,6.256349146e-13,1.120408895e-10,7.76379694e-09,1.03429945e-07,7.060867368e-07,2.485835187e-13,8.220773984e-14,1.598202047e-14,2.199288849e-15,2.521669956e-06,3.883813023e-12,4.825560819e-10,2.381330959e-08,2.429079638e-07,1.292812901e-06,3.127557146e-16,6.562150428e-17,7.195091322e-18,5.256660403e-19,3.047523219e-07,2.117733783e-15,9.119218202e-13,1.250744703e-10,2.073374877e-09,1.55951095e-08
44,0.02259733195,0.01088989867,0.004709056596,0.001972807379,0.01410339187,0.004222282886,0.01184531857,0.02751766916,0.05037256294,0.07986047679,0.03202794447,0.01543462476,0.006674311651,0.002796131324,0.01525600832,0.004222285776,0.01184531427,0.02751763244,0.05037244881,0.07986028163,0.000427242058,0.0001448709488,4.40790279e-05,1.334954436e-05,0.0005173208267,2.905082236e-05,0.0001313014609,0.0004749550111,0.001198667969,0.002504423002,0.0003014408438,0.0001022136902,3.109993179e-05,9.418756333e-06,0.0004782363898,2.905080248e-05,0.0001313015085,0.0004749556448,0.001198670684,0.002504429122,0.01055267183,0.004013595453,0.001369771598,0.0004612227993,0.004440183058,0.0004716057709,0.001364314389,0.00326108954,0.00584742737,0.009082685118,0.01542408827,0.005866391327,0.002002100876,0.0006741381463,0.004836470832,0.0004716061222,0.001364313851,0.003261084805,0.005847412953,0.009082660963,0.0002206419203,5.985099588e-05,1.456793957e-05,3.590577465e-06,0.0001763144783,3.561885422e-06,1.629900566e-05,5.963901888e-05,0.0001453079639,0.000293646327,0.0001509562016,4.09481181e-05,9.966905319e-06,2.456553154e-06,0.000161867731,3.561882769e-06,1.629901209e-05,5.963910548e-05,0.0001453083222,0.000293647108,2.265875633e-07,2.781481698e-08,2.584232817e-09,2.251046899e-10,1.101636764e-05,3.803871829e-09,1.126599759e-07,1.941414096e-06,1.357057603e-05,6.320281215e-05,3.411388203e-10,2.634461619e-11,1.398477832e-12,6.671210032e-14,9.575120203e-07,6.664562511e-12,6.58177215e-10,3.121874701e-08,4.082194113e-07,3.130801112e-06,1.4528627e-09,1.950662851e-10,1.87607883e-11,1.606741179e-12,3.025790895e-06,1.95844763e-10,1.103392802e-08,3.252264454e-07,3.209401502e-06,1.954158679e-05,1.647143404e-09,2.685545152e-10,3.136495984e-11,3.213623766e-12,4.541438225e-06,4.767642035e-10,2.412613447e-08,6.436360721e-07,5.939581335e-06,3.400797953e-05,1.496189435e-09,3.117645077e-10,4.653481492e-11,5.979598388e-12,6.782907621e-06,1.125867264e-09,4.974679309e-08,1.170089551e-06,9.817440354e-06,5.143490832e-05,1.412140234e-10,3.361730766e-11,5.50111861e-12,7.418478439e-13,4.911646614e-06,3.119458635e-10,1.775818264e-08,5.050200893e-07,4.576538031e-06,2.487548851e-05,2.208203282e-14,3.990079442e-15,4.23840674e-16,3.338470021e-17,4.868361737e-07,1.196456803e-13,2.894513882e-11,2.651954584e-09,4.367082932e-08,3.62735712e-07,8.306507466e-14,1.95778355e-14,2.712623301e-15,2.730617388e-16,1.082194953e-06,6.458953489e-13,1.152443208e-10,7.958534703e-09,1.058119376e-07,7.210967661e-07,2.553868781e-13,8.465994789e-14,1.649817902e-14,2.27533693e-15,2.554266976e-06,3.998543722e-12,4.949089642e-10,2.43360605e-08,2.476705658e-07,1.315471336e-06,3.233606857e-16,6.804507478e-17,7.482649024e-18,5.481506776e-19,3.092312663e-07,2.195493127e-15,9.409452551e-13,1.284896557e-10,2.124259694e-09,1.5939582e-08
45,0.02259733182,0.01088989851,0.004709056482,0.001972807314,0.01410339159,0.004222282867,0.01184531862,0.0275176695,0.05037256395,0.07986047912,0.03202794428,0.01543462453,0.006674311489,0.002796131232,0.01525600802,0.004222285757,0.01184531432,0.02751763278,0.05037244982,0.07986028395,0.0004272420544,0.0001448709456,4.407902633e-05,1.334954371e-05,0.0005173208103,2.905082174e-05,0.0001313014593,0.000474955009,0.001198667973,0.002504423032,0.0003014408413,0.000102213688,3.109993068e-05,9.418755879e-06,0.0004782363747,2.905080186e-05,0.0001313015069,0.0004749556428,0.001198670688,0.002504429152,0.0105526718,0.004013595423,0.001369771582,0.0004612227918,0.004440183036,0.0004716057837,0.001364314443,0.003261089707,0.005847427738,0.009082685829,0.01542408822,0.005866391284,0.002002100852,0.0006741381354,0.004836470807,0.000471606135,0.001364313905,0.003261084971,0.005847413321,0.009082661673,0.0002206419191,5.985099503e-05,1.456793924e-05,3.590577353e-06,0.0001763144754,3.561885461e-06,1.629900605e-05,5.963902098e-05,0.0001453079707,0.0002936463452,0.0001509562007,4.094811752e-05,9.96690509e-06,2.456553077e-06,0.0001618677284,3.561882808e-06,1.629901247e-05,5.963910758e-05,0.000145308329,0.0002936471261,2.265875582e-07,2.781481532e-08,2.584232568e-09,2.251046605e-10,1.101636688e-05,3.803871521e-09,1.126599687e-07,1.941414005e-06,1.357057558e-05,6.320281097e-05,3.411388086e-10,2.634461381e-11,1.398477628e-12,6.671208715e-14,9.575119264e-07,6.664561502e-12,6.581771279e-10,3.121874342e-08,4.082193692e-07,3.130800824e-06,1.456406501e-09,1.955577283e-10,1.880955792e-11,1.61103692e-12,3.029219935e-06,1.962783267e-10,1.105607025e-08,3.258165677e-07,3.214873632e-06,1.957312674e-05,1.662854166e-09,2.711711767e-10,3.167700541e-11,3.24620495e-12,4.560344243e-06,4.805738084e-10,2.430086297e-08,6.478505909e-07,5.976129132e-06,3.420614573e-05,1.523984521e-09,3.176703201e-10,4.743336721e-11,6.097081177e-12,6.837192189e-06,1.143132532e-09,5.043801183e-08,1.184784832e-06,9.933289329e-06,5.200964959e-05,1.451798013e-10,3.458204675e-11,5.662369001e-12,7.640142137e-13,4.969089938e-06,3.192480517e-10,1.813389412e-08,5.146512875e-07,4.658507414e-06,2.529719989e-05,2.284949283e-14,4.13358512e-15,4.395980963e-16,3.466326099e-17,4.933654697e-07,1.233448654e-13,2.974690951e-11,2.717511869e-09,4.468186611e-08,3.706588352e-07,8.55358242e-14,2.019288477e-14,2.80238169e-15,2.82519608e-16,1.09570528e-06,6.644080912e-13,1.18161906e-10,8.135370303e-09,1.079715188e-07,7.346876999e-07,2.615860376e-13,8.689809157e-14,1.697010445e-14,2.344984623e-15,2.583521679e-06,4.103130933e-12,5.061327825e-10,2.480963401e-08,2.519779919e-07,1.335937347e-06,3.330849929e-16,7.027214023e-17,7.747480578e-18,5.689022662e-19,3.132586032e-07,2.266862906e-15,9.674745817e-13,1.315998094e-10,2.170506963e-09,1.625215354e-08
46,0.02259733171,0.01088989837,0.004709056383,0.001972807259,0.01410339135,0.004222282851,0.01184531866,0.02751766979,0.05037256482,0.07986048113,0.03202794413,0.01543462433,0.006674311349,0.002796131153,0.01525600775,0.00422228574,0.01184531437,0.02751763307,0.05037245069,0.07986028597,0.0004272420513,0.0001448709429,4.407902497e-05,1.334954316e-05,0.0005173207962,2.905082121e-05,0.0001313014579,0.0004749550073,0.001198667976,0.002504423057,0.0003014408391,0.000102213686,3.109992973e-05,9.418755487e-06,0.0004782363616,2.905080133e-05,0.0001313015055,0.000474955641,0.001198670692,0.002504429178,0.01055267178,0.004013595397,0.001369771567,0.0004612227853,0.004440183017,0.0004716057948,0.001364314489,0.003261089851,0.005847428056,0.009082686443,0.01542408819,0.005866391246,0.002002100831,0.0006741381259,0.004836470786,0.000471606146,0.001364313951,0.003261085116,0.005847413639,0.009082662288,0.0002206419181,5.98509943e-05,1.456793895e-05,3.590577257e-06,0.000176314473,3.561885495e-06,1.629900638e-05,5.96390228e-05,0.0001453079766,0.0002936463608,0.0001509562,4.094811702e-05,9.966904891e-06,2.456553011e-06,0.0001618677261,3.561882842e-06,1.629901281e-05,5.96391094e-05,0.0001453083348,0.0002936471418,2.265875537e-07,2.781481389e-08,2.584232352e-09,2.251046352e-10,1.101636622e-05,3.803871254e-09,1.126599625e-07,1.941413925e-06,1.357057519e-05,6.320280996e-05,3.411387985e-10,2.634461176e-11,1.398477451e-12,6.671207575e-14,9.575118452e-07,6.664560629e-12,6.581770525e-10,3.121874032e-08,4.082193329e-07,3.130800574e-06,1.459479897e-09,1.959839097e-10,1.885184877e-11,1.614761832e-12,3.0321887e-06,1.9665405e-10,1.107525508e-08,3.263277868e-07,3.219613692e-06,1.960044545e-05,1.676570831e-09,2.734557647e-10,3.194945766e-11,3.274653024e-12,4.576758081e-06,4.838926951e-10,2.445298168e-08,6.51517462e-07,6.007916814e-06,3.437845451e-05,1.54845465e-09,3.228704913e-10,4.822469048e-11,6.200560642e-12,6.884488674e-06,1.158275788e-09,5.1043484e-08,1.197641585e-06,1.003457578e-05,5.25118684e-05,1.487019153e-10,3.543916726e-11,5.805684521e-12,7.837220068e-13,5.019311334e-06,3.257005997e-10,1.846522155e-08,5.231289042e-07,4.730585693e-06,2.566771911e-05,2.353548754e-14,4.261963301e-15,4.537063e-16,3.580890635e-17,4.990839504e-07,1.266369026e-13,3.045843738e-11,2.77554067e-09,4.557565099e-08,3.776558864e-07,8.77351744e-14,2.074100416e-14,2.882467444e-15,2.909677384e-16,1.107529346e-06,6.808534044e-13,1.207462933e-10,8.291604485e-09,1.098768594e-07,7.466650873e-07,2.670796237e-13,8.888436794e-14,1.738956102e-14,2.406979368e-15,2.609103186e-06,4.195847215e-12,5.160541153e-10,2.522717319e-08,2.557702656e-07,1.353935052e-06,3.417504247e-16,7.226040245e-17,7.984374332e-18,5.874990431e-19,3.167861461e-07,2.33051205e-15,9.910491148e-13,1.34354609e-10,2.211398614e-09,1.652813771e-08
47,0.02259733161,0.01088989825,0.004709056301,0.001972807212,0.01410339115,0.004222282837,0.01184531869,0.02751767003,0.05037256554,0.07986048281,0.03202794399,0.01543462416,0.006674311232,0.002796131087,0.01525600754,0.004222285727,0.0118453144,0.02751763331,0.05037245142,0.07986028765,0.0004272420487,0.0001448709406,4.407902384e-05,1.334954269e-05,0.0005173207843,2.905082077e-05,0.0001313014567,0.0004749550058,0.001198667978,0.002504423079,0.0003014408373,0.0001022136844,3.109992892e-05,9.418755158e-06,0.0004782363507,2.905080089e-05,0.0001313015043,0.0004749556396,0.001198670694,0.0025044292,0.01055267175,0.004013595376,0.001369771555,0.0004612227799,0.004440183,0.000471605804,0.001364314528,0.003261089972,0.005847428322,0.009082686957,0.01542408816,0.005866391215,0.002002100813,0.000674138118,0.004836470769,0.0004716061553,0.00136431399,0.003261085236,0.005847413905,0.009082662802,0.0002206419172,5.985099368e-05,1.45679387e-05,3.590577176e-06,0.0001763144709,3.561885524e-06,1.629900666e-05,5.963902432e-05,0.0001453079815,0.0002936463739,0.0001509561994,4.09481166e-05,9.966904726e-06,2.456552956e-06,0.0001618677242,3.561882871e-06,1.629901308e-05,5.963911092e-05,0.0001453083397,0.0002936471549,2.2658755e-07,2.781481269e-08,2.584232172e-09,2.251046139e-10,1.101636567e-05,3.803871031e-09,1.126599574e-07,1.941413859e-06,1.357057486e-05,6.32028091e-05,3.4113879e-10,2.634461004e-11,1.398477304e-12,6.671206623e-14,9.575117772e-07,6.664559899e-12,6.581769894e-10,3.121873773e-08,4.082193025e-07,3.130800365e-06,1.462054962e-09,1.963409691e-10,1.888727883e-11,1.617882336e-12,3.034672462e-06,1.96968646e-10,1.109131623e-08,3.267557085e-07,3.22358112e-06,1.962330994e-05,1.688129031e-09,2.753808802e-10,3.217904558e-11,3.298626036e-12,4.590522921e-06,4.866841608e-10,2.458085283e-08,6.545981998e-07,6.034615527e-06,3.452314398e-05,1.569220951e-09,3.27284152e-10,4.889642243e-11,6.288413184e-12,6.924272168e-06,1.171085995e-09,5.155510488e-08,1.208494297e-06,1.012002498e-05,5.293536172e-05,1.517133263e-10,3.617222897e-11,5.928294783e-12,8.005874822e-13,5.061679258e-06,3.311937331e-10,1.874680129e-08,5.30322216e-07,4.791691796e-06,2.598161597e-05,2.412523792e-14,4.37240682e-15,4.658521654e-16,3.679585821e-17,5.039154424e-07,1.294564468e-13,3.106639153e-11,2.825013922e-09,4.633683011e-08,3.836096127e-07,8.961930722e-14,2.121102283e-14,2.951210844e-15,2.98226266e-16,1.117513272e-06,6.949167379e-13,1.229510027e-10,8.424591946e-09,1.114967841e-07,7.568385326e-07,2.717679736e-13,9.058158147e-14,1.774843722e-14,2.460086171e-15,2.630687868e-06,4.274995736e-12,5.245029279e-10,2.558196287e-08,2.589886672e-07,1.369194366e-06,3.491807983e-16,7.396797822e-17,8.18816044e-18,6.035218535e-19,3.197667844e-07,2.3851252e-15,1.011215125e-12,1.367046142e-10,2.246229821e-09,1.676293715e-08
48,0.02259733154,0.01088989816,0.004709056235,0.001972807175,0.01410339099,0.004222282826,0.01184531872,0.02751767022,0.05037256612,0.07986048415,0.03202794389,0.01543462403,0.006674311139,0.002796131034,0.01525600736,0.004222285716,0.01184531443,0.02751763351,0.05037245199,0.07986028898,0.0004272420467,0.0001448709387,4.407902294e-05,1.334954232e-05,0.0005173207749,2.905082042e-05,0.0001313014558,0.0004749550046,0.001198667981,0.002504423096,0.0003014408358,0.0001022136831,3.109992829e-05,9.418754897e-06,0.000478236342,2.905080053e-05,0.0001313015033,0.0004749556384,0.001198670696,0.002504429217,0.01055267174,0.004013595359,0.001369771546,0.0004612227756,0.004440182988,0.0004716058114,0.001364314559,0.003261090067,0.005847428534,0.009082687365,0.01542408813,0.00586639119,0.0020021008,0.0006741381117,0.004836470755,0.0004716061626,0.001364314021,0.003261085332,0.005847414117,0.00908266321,0.0002206419165,5.985099319e-05,1.456793851e-05,3.590577112e-06,0.0001763144692,3.561885547e-06,1.629900688e-05,5.963902552e-05,0.0001453079854,0.0002936463844,0.000150956199,4.094811626e-05,9.966904594e-06,2.456552912e-06,0.0001618677226,3.561882894e-06,1.629901331e-05,5.963911213e-05,0.0001453083437,0.0002936471653,2.265875471e-07,2.781481174e-08,2.584232029e-09,2.251045971e-10,1.101636523e-05,3.803870854e-09,1.126599533e-07,1.941413807e-06,1.35705746e-05,6.320280843e-05,3.411387833e-10,2.634460867e-11,1.398477186e-12,6.671205866e-14,9.575117233e-07,6.664559319e-12,6.581769393e-10,3.121873567e-08,4.082192783e-07,3.130800199e-06,1.464104136e-09,1.966250955e-10,1.891547084e-11,1.620365271e-12,3.036646616e-06,1.972188596e-10,1.110408884e-08,3.270959738e-07,3.226735661e-06,1.964148889e-05,1.697369643e-09,2.769200013e-10,3.23626033e-11,3.31779307e-12,4.601484685e-06,4.889125242e-10,2.468288149e-08,6.570552599e-07,6.055904129e-06,3.463849209e-05,1.585919851e-09,3.308337132e-10,4.943670465e-11,6.359081673e-12,6.956032474e-06,1.181360228e-09,5.196507023e-08,1.217183342e-06,1.018840627e-05,5.327413574e-05,1.54149736e-10,3.676546509e-11,6.027543059e-12,8.142426621e-13,5.095583964e-06,3.356222826e-10,1.897349239e-08,5.361058313e-07,4.840788123e-06,2.623367562e-05,2.460452658e-14,4.462214566e-15,4.757343204e-16,3.759929857e-17,5.077865691e-07,1.317408179e-13,3.155799327e-11,2.864947279e-09,4.695068598e-08,3.884075942e-07,9.114613984e-14,2.159221037e-14,3.007007578e-15,3.041223182e-16,1.125508679e-06,7.062964636e-13,1.24731478e-10,8.531796308e-09,1.128013885e-07,7.650253065e-07,2.75555452e-13,9.195404275e-14,1.803894958e-14,2.503119753e-15,2.647963259e-06,4.338949667e-12,5.313161768e-10,2.586755933e-08,2.615768056e-07,1.381455707e-06,3.552067353e-16,7.535458128e-17,8.353862649e-18,6.165669048e-19,3.221551272e-07,2.42943868e-15,1.027537186e-12,1.386023952e-10,2.274324245e-09,1.695213845e-08
49,0.02259733149,0.01088989809,0.004709056187,0.001972807148,0.01410339087,0.004222282818,0.01184531874,0.02751767036,0.05037256654,0.07986048512,0.03202794381,0.01543462393,0.006674311072,0.002796130995,0.01525600723,0.004222285708,0.01184531445,0.02751763365,0.05037245241,0.07986028996,0.0004272420452,0.0001448709374,4.407902228e-05,1.334954205e-05,0.0005173207681,2.905082016e-05,0.0001313014551,0.0004749550038,0.001198667982,0.002504423109,0.0003014408348,0.0001022136822,3.109992782e-05,9.418754707e-06,0.0004782363356,2.905080027e-05,0.0001313015027,0.0004749556375,0.001198670698,0.002504429229,0.01055267172,0.004013595346,0.001369771539,0.0004612227725,0.004440182978,0.0004716058167,0.001364314582,0.003261090137,0.005847428688,0.009082687663,0.01542408811,0.005866391172,0.00200210079,0.0006741381072,0.004836470744,0.000471606168,0.001364314044,0.003261085402,0.005847414271,0.009082663508,0.000220641916,5.985099284e-05,1.456793837e-05,3.590577065e-06,0.000176314468,3.561885563e-06,1.629900704e-05,5.96390264e-05,0.0001453079882,0.0002936463919,0.0001509561986,4.094811602e-05,9.966904498e-06,2.45655288e-06,0.0001618677215,3.56188291e-06,1.629901347e-05,5.963911301e-05,0.0001453083465,0.0002936471729,2.265875449e-07,2.781481105e-08,2.584231925e-09,2.251045848e-10,1.101636491e-05,3.803870725e-09,1.126599503e-07,1.941413768e-06,1.357057441e-05,6.320280793e-05,3.411387784e-10,2.634460768e-11,1.398477101e-12,6.671205314e-14,9.575116839e-07,6.664558897e-12,6.581769028e-10,3.121873417e-08,4.082192607e-07,3.130800079e-06,1.465600313e-09,1.968325394e-10,1.893605352e-11,1.622177992e-12,3.038086699e-06,1.974014746e-10,1.111340986e-08,3.273442661e-07,3.22903743e-06,1.965475304e-05,1.704140615e-09,2.780477886e-10,3.249710649e-11,3.331838058e-12,4.609492754e-06,4.90543444e-10,2.475752853e-08,6.588523173e-07,6.071471439e-06,3.472282813e-05,1.598210259e-09,3.334464081e-10,4.983441944e-11,6.411106696e-12,6.97927872e-06,1.188906923e-09,5.226599143e-08,1.223557139e-06,1.023854889e-05,5.352247939e-05,1.559513399e-10,3.720421555e-11,6.100959915e-12,8.243456117e-13,5.120445326e-06,3.388880824e-10,1.914048494e-08,5.403621249e-07,4.876899747e-06,2.641899105e-05,2.496015773e-14,4.528880295e-15,4.830732125e-16,3.819621147e-17,5.106278281e-07,1.334317982e-13,3.192135467e-11,2.89442315e-09,4.740348172e-08,3.919447787e-07,9.227655715e-14,2.187459953e-14,3.048368299e-15,3.084954847e-16,1.131374763e-06,7.147121217e-13,1.260462041e-10,8.610848347e-09,1.137626912e-07,7.710541641e-07,2.783529179e-13,9.296852745e-14,1.825386034e-14,2.534978942e-15,2.660632166e-06,4.386194082e-12,5.363416317e-10,2.607792747e-08,2.634817517e-07,1.39047495e-06,3.596707989e-16,7.638279628e-17,8.476862287e-18,6.262595773e-19,3.239081799e-07,2.46227913e-15,1.039610306e-12,1.400037329e-10,2.295050234e-09,1.709161301e-08
50,0.02259733145,0.01088989805,0.004709056158,0.001972807131,0.0141033908,0.004222282813,0.01184531875,0.02751767045,0.0503725668,0.07986048572,0.03202794377,0.01543462387,0.00667431103,0.002796130972,0.01525600716,0.004222285703,0.01184531446,0.02751763373,0.05037245267,0.07986029056,0.0004272420442,0.0001448709366,4.407902188e-05,1.334954189e-05,0.0005173207639,2.905082e-05,0.0001313014547,0.0004749550032,0.001198667983,0.002504423117,0.0003014408341,0.0001022136816,3.109992754e-05,9.41875459e-06,0.0004782363318,2.905080012e-05,0.0001313015022,0.000474955637,0.001198670699,0.002504429237,0.01055267172,0.004013595339,0.001369771535,0.0004612227706,0.004440182972,0.00047160582,0.001364314596,0.00326109018,0.005847428782,0.009082687845,0.0154240881,0.00586639116,0.002002100783,0.0006741381043,0.004836470738,0.0004716061712,0.001364314058,0.003261085444,0.005847414365,0.00908266369,0.0002206419157,5.985099262e-05,1.456793829e-05,3.590577037e-06,0.0001763144673,3.561885573e-06,1.629900714e-05,5.963902694e-05,0.00014530799,0.0002936463966,0.0001509561984,4.094811587e-05,9.966904439e-06,2.456552861e-06,0.0001618677209,3.561882921e-06,1.629901356e-05,5.963911354e-05,0.0001453083482,0.0002936471775,2.265875436e-07,2.781481063e-08,2.584231861e-09,2.251045773e-10,1.101636471e-05,3.803870646e-09,1.126599484e-07,1.941413745e-06,1.357057429e-05,6.320280763e-05,3.411387754e-10,2.634460707e-11,1.398477048e-12,6.671204976e-14,9.575116599e-07,6.664558638e-12,6.581768805e-10,3.121873325e-08,4.082192499e-07,3.130800004e-06,1.466516938e-09,1.96959626e-10,1.894866285e-11,1.62328848e-12,3.038968409e-06,1.975133215e-10,1.111911837e-08,3.274963196e-07,3.230446983e-06,1.966287552e-05,1.708298872e-09,2.787404006e-10,3.257971012e-11,3.340463715e-12,4.614400725e-06,4.915442501e-10,2.480332413e-08,6.599545545e-07,6.08101856e-06,3.47745446e-05,1.605780983e-09,3.350558813e-10,5.007943392e-11,6.443158773e-12,6.993544148e-06,1.19354924e-09,5.245101445e-08,1.22747439e-06,1.026935833e-05,5.367504044e-05,1.57064637e-10,3.747537459e-11,6.146339263e-12,8.305910557e-13,5.135720932e-06,3.409024426e-10,1.924341172e-08,5.429837488e-07,4.899134215e-06,2.653305868e-05,2.518043411e-14,4.570184741e-15,4.876215564e-16,3.856625648e-17,5.123747046e-07,1.344774907e-13,3.214582811e-11,2.912615503e-09,4.768281603e-08,3.941260963e-07,9.297568722e-14,2.204932038e-14,3.073969938e-15,3.112034852e-16,1.134980442e-06,7.199129379e-13,1.268578609e-10,8.659606074e-09,1.143553079e-07,7.747692832e-07,2.800802754e-13,9.359526716e-14,1.83867025e-14,2.554682233e-15,2.668416913e-06,4.415369206e-12,5.394418187e-10,2.62075824e-08,2.646552066e-07,1.396028559e-06,3.624328173e-16,7.701939982e-17,8.553068412e-18,6.322687671e-19,3.249860433e-07,2.482603489e-15,1.047072462e-12,1.408688593e-10,2.307837552e-09,1.717762107e-08
51,0.02259733144,0.01088989804,0.004709056148,0.001972807125,0.01410339077,0.004222282811,0.01184531876,0.02751767048,0.05037256689,0.07986048592,0.03202794375,0.01543462385,0.006674311016,0.002796130964,0.01525600713,0.004222285701,0.01184531447,0.02751763376,0.05037245276,0.07986029076,0.0004272420439,0.0001448709363,4.407902174e-05,1.334954183e-05,0.0005173207624,2.905081995e-05,0.0001313014545,0.0004749550031,0.001198667984,0.002504423119,0.0003014408339,0.0001022136814,3.109992744e-05,9.418754551e-06,0.0004782363305,2.905080006e-05,0.0001313015021,0.0004749556368,0.001198670699,0.00250442924,0.01055267171,0.004013595336,0.001369771534,0.0004612227699,0.004440182971,0.0004716058211,0.001364314601,0.003261090194,0.005847428815,0.009082687907,0.0154240881,0.005866391157,0.002002100781,0.0006741381034,0.004836470736,0.0004716061724,0.001364314063,0.003261085459,0.005847414397,0.009082663752,0.0002206419156,5.985099255e-05,1.456793826e-05,3.590577027e-06,0.000176314467,3.561885577e-06,1.629900717e-05,5.963902712e-05,0.0001453079906,0.0002936463982,0.0001509561984,4.094811582e-05,9.966904419e-06,2.456552854e-06,0.0001618677206,3.561882924e-06,1.62990136e-05,5.963911373e-05,0.0001453083488,0.0002936471791,2.265875432e-07,2.781481048e-08,2.584231839e-09,2.251045747e-10,1.101636465e-05,3.803870619e-09,1.126599478e-07,1.941413737e-06,1.357057425e-05,6.320280753e-05,3.411387743e-10,2.634460686e-11,1.398477031e-12,6.671204861e-14,9.575116517e-07,6.66455855e-12,6.581768729e-10,3.121873294e-08,4.082192462e-07,3.130799979e-06,1.466828112e-09,1.970027685e-10,1.895294335e-11,1.623665455e-12,3.039267636e-06,1.975512857e-10,1.112105594e-08,3.275479279e-07,3.23092539e-06,1.966563228e-05,1.709712247e-09,2.789758175e-10,3.260778699e-11,3.343395578e-12,4.616067195e-06,4.918842836e-10,2.48188817e-08,6.603289607e-07,6.084261306e-06,3.479210956e-05,1.608358197e-09,3.356037909e-10,5.016284611e-11,6.454070815e-12,6.998391048e-06,1.195128472e-09,5.251394081e-08,1.228806351e-06,1.027983299e-05,5.372690326e-05,1.57444237e-10,3.756783738e-11,6.161814221e-12,8.327209656e-13,5.140914348e-06,3.415886304e-10,1.927846054e-08,5.438761634e-07,4.906701536e-06,2.657187481e-05,2.525563106e-14,4.584287142e-15,4.891747113e-16,3.869263618e-17,5.129688028e-07,1.348341704e-13,3.222235535e-11,2.918814688e-09,4.777797905e-08,3.948690832e-07,9.321417186e-14,2.210893287e-14,3.082706754e-15,3.121278045e-16,1.136206542e-06,7.216863211e-13,1.271344765e-10,8.676214977e-09,1.145571265e-07,7.760342256e-07,2.806690214e-13,9.380893875e-14,1.843200429e-14,2.561403221e-15,2.671063679e-06,4.425313653e-12,5.404979727e-10,2.625173164e-08,2.650546785e-07,1.397918744e-06,3.63375183e-16,7.723667426e-17,8.579086914e-18,6.343211279e-19,3.253526232e-07,2.489538797e-15,1.049617106e-12,1.411636978e-10,2.31219413e-09,1.720691606e-08
