Step,DF_001,DF_002,DF_003,DF_004,DF_005,DF_006,DF_007,DF_008,DF_009,DF_010,DF_011,DF_012,DF_013,DF_014,DF_015,DF_016,DF_017,DF_018,DF_019,DF_020,DF_021,DF_022,DF_023,DF_024,DF_025,DF_026,DF_027,DF_028,DF_029,DF_030,DF_031,DF_032,DF_033,DF_034,DF_035,DF_036,DF_037,DF_038,DF_039,DF_040,DF_041,DF_042,DF_043,DF_044,DF_045,DF_046,DF_047,DF_048,DF_049,DF_050,DF_051,DF_052,DF_053,DF_054,DF_055,DF_056,DF_057,DF_058,DF_059,DF_060,DF_061,DF_062,DF_063,DF_064,DF_065,DF_066,DF_067,DF_068,DF_069,DF_070,DF_071,DF_072,DF_073,DF_074,DF_075,DF_076,DF_077,DF_078,DF_079,DF_080,DF_081,DF_082,DF_083,DF_084,DF_085,DF_086,DF_087,DF_088,DF_089,DF_090,DF_091,DF_092,DF_093,DF_094,DF_095,DF_096,DF_097,DF_098,DF_099,DF_100,DF_101,DF_102,DF_103,DF_104,DF_105,DF_106,DF_107,DF_108,DF_109,DF_110,DF_111,DF_112,DF_113,DF_114,DF_115,DF_116,DF_117,DF_118,DF_119,DF_120,DF_121,DF_122,DF_123,DF_124,DF_125,DF_126,DF_127,DF_128,DF_129,DF_130,DF_131,DF_132,DF_133,DF_134,DF_135,DF_136,DF_137,DF_138,DF_139,DF_140,DF_141,DF_142,DF_143,DF_144,DF_145,DF_146,DF_147,DF_148,DF_149,DF_150,DF_151,DF_152,DF_153,DF_154,DF_155,DF_156,DF_157,DF_158,DF_159,DF_160,DF_161,DF_162,DF_163,DF_164,DF_165,DF_166,DF_167,DF_168,DF_169,DF_170,DF_171,DF_172,DF_173,DF_174,DF_175,DF_176,DF_177,DF_178,DF_179,DF_180
0,0.02263090193,0.0109324659,0.004738902766,0.00198974503,0.01419058358,0.004248556372,0.0118998102,0.02760286875,0.05046178309,0.07991335559,0.0320755356,0.01549495451,0.006716609383,0.002820134575,0.01535031199,0.004248557396,0.0118998086,0.02760285542,0.05046174186,0.07991328203,0.0004281768294,0.0001457052391,4.449083649e-05,1.351857399e-05,0.000522268517,2.93976309e-05,0.0001326546786,0.0004791314317,0.001207761852,0.002520955667,0.0003021002659,0.0001028023384,3.139050317e-05,9.538025468e-06,0.0004828107108,2.939762382e-05,0.0001326546964,0.0004791316631,0.001207762838,0.002520957987,0.01056045718,0.004021391868,0.001374084587,0.0004631891711,0.004451567004,0.0004715993135,0.001362025808,0.00325058914,0.00581982916,0.009028514112,0.01543547347,0.005877785883,0.002008403478,0.0006770114506,0.004848866024,0.0004715994372,0.001362025609,0.003250587432,0.005819823985,0.009028505067,0.0002209536049,6.007350763e-05,1.465575808e-05,3.619896826e-06,0.0001773377201,3.581287681e-06,1.636052063e-05,5.977160335e-05,0.0001454293535,0.0002935606816,0.0001511693883,4.110035988e-05,1.002699483e-05,2.476615438e-06,0.0001628072913,3.581286741e-06,1.636052302e-05,5.977163477e-05,0.0001454294828,0.0002935609757,2.27929296e-07,2.824961459e-08,2.649965368e-09,2.328865478e-10,1.123956484e-05,3.933452865e-09,1.160172457e-07,1.991609204e-06,1.388404749e-05,6.451829786e-05,3.442033663e-10,2.697086323e-11,1.452705425e-12,7.023595787e-14,9.845265207e-07,7.032816683e-12,6.907162947e-10,3.259440202e-08,4.249138886e-07,3.250737221e-06,5.414617425e-10,6.915947267e-11,6.327713394e-12,5.175294994e-13,1.840219092e-06,7.202908394e-11,4.46108309e-09,1.435732475e-07,1.490304214e-06,9.470833014e-06,1.640731507e-10,2.419046952e-11,2.554831769e-12,2.385500066e-13,1.502514219e-06,5.452258878e-11,3.390935078e-09,1.095554394e-07,1.129200919e-06,7.09605028e-06,2.81485714e-11,4.974927775e-12,6.298373804e-13,6.952060361e-14,1.0400525e-06,2.943952783e-11,1.840606294e-09,5.975841465e-08,6.041102448e-07,3.701583136e-06,4.3839772e-13,7.572212412e-14,8.990425936e-15,9.016359831e-16,3.065834399e-07,1.10348396e-12,1.109002193e-10,5.34635385e-09,6.590871686e-08,4.653931218e-07,9.055093586e-18,6.931501283e-19,3.119178798e-20,1.111910741e-21,8.844047156e-09,8.926960978e-18,6.44759577e-15,1.631075697e-12,4.866054156e-11,6.806254327e-10,3.736739462e-17,2.487173826e-18,9.731909381e-20,3.049141062e-21,1.044131211e-08,9.972087973e-18,7.172964984e-15,1.80767655e-12,5.40139782e-11,7.596116817e-10,1.029771939e-16,6.055440836e-18,2.093288438e-19,5.849773493e-21,1.111246474e-08,8.724314258e-18,6.252665639e-15,1.570439746e-12,4.644249829e-11,6.480286382e-10,5.19649892e-20,1.468153568e-21,2.167610915e-23,2.488042269e-25,1.011249392e-09,6.641676637e-22,2.123275913e-18,1.873575563e-15,9.899009758e-14,2.135578411e-12
1,0.02263090192,0.01093246589,0.004738902761,0.001989745027,0.01419058357,0.004248556369,0.01189981019,0.02760286876,0.05046178311,0.07991335565,0.03207553559,0.0154949545,0.006716609376,0.002820134572,0.01535031198,0.004248557393,0.01189980859,0.02760285542,0.05046174188,0.07991328208,0.0004281768293,0.0001457052389,4.449083643e-05,1.351857396e-05,0.0005222685163,2.939763086e-05,0.0001326546784,0.0004791314314,0.001207761851,0.002520955666,0.0003021002658,0.0001028023383,3.139050312e-05,9.538025449e-06,0.0004828107101,2.939762378e-05,0.0001326546963,0.0004791316628,0.001207762838,0.002520957987,0.01056045718,0.004021391867,0.001374084587,0.0004631891708,0.004451567003,0.0004715993139,0.00136202581,0.003250589145,0.005819829171,0.009028514133,0.01543547347,0.005877785881,0.002008403477,0.0006770114501,0.004848866023,0.0004715994375,0.00136202561,0.003250587436,0.005819823996,0.009028505088,0.0002209536048,6.007350759e-05,1.465575806e-05,3.619896821e-06,0.00017733772,3.58128768e-06,1.636052063e-05,5.977160339e-05,0.0001454293536,0.0002935606821,0.0001511693883,4.110035986e-05,1.002699482e-05,2.476615434e-06,0.0001628072912,3.581286741e-06,1.636052302e-05,5.977163481e-05,0.000145429483,0.0002935609762,2.279292958e-07,2.824961452e-08,2.649965357e-09,2.328865466e-10,1.123956481e-05,3.933452848e-09,1.160172453e-07,1.991609198e-06,1.388404746e-05,6.451829774e-05,3.442033658e-10,2.697086313e-11,1.452705416e-12,7.023595729e-14,9.845265165e-07,7.032816632e-12,6.907162902e-10,3.259440184e-08,4.249138864e-07,3.250737205e-06,5.41463035e-10,6.91596374e-11,6.327728433e-12,5.17530727e-13,1.840219529e-06,7.202904257e-11,4.461080531e-09,1.435731652e-07,1.490303327e-06,9.470827154e-06,1.640750321e-10,2.419074652e-11,2.554860983e-12,2.385527308e-13,1.502515962e-06,5.452244029e-11,3.390925844e-09,1.095551411e-07,1.129197723e-06,7.096029387e-06,2.8149217e-11,4.975041731e-12,6.298517889e-13,6.952219212e-14,1.040054917e-06,2.943936773e-11,1.840596284e-09,5.975808966e-08,6.041068292e-07,3.701561363e-06,4.383646567e-13,7.57171034e-14,8.989911769e-15,9.015920036e-16,3.065756284e-07,1.103406972e-12,1.108925116e-10,5.345983589e-09,6.590397562e-08,4.653582035e-07,9.049453169e-18,6.927567153e-19,3.117581024e-20,1.111397966e-21,8.84272294e-09,8.923519803e-18,6.445120826e-15,1.630452062e-12,4.864106478e-11,6.803388611e-10,3.73290678e-17,2.484847199e-18,9.723683815e-20,3.046817872e-21,1.04387534e-08,9.965842195e-18,7.168491387e-15,1.806553598e-12,5.397885269e-11,7.590920568e-10,1.028225225e-16,6.047147137e-18,2.090698535e-19,5.843250862e-21,1.110850736e-08,8.716418165e-18,6.247030872e-15,1.569030172e-12,4.639886366e-11,6.473881829e-10,5.187801755e-20,1.4659082e-21,2.16460859e-23,2.484927566e-25,1.01087296e-09,6.634780067e-22,2.121080203e-18,1.871645489e-15,9.888275732e-14,2.13312856e-12
2,0.02263090191,0.01093246587,0.004738902747,0.001989745019,0.01419058353,0.004248556363,0.01189981019,0.02760286876,0.05046178316,0.07991335582,0.03207553557,0.01549495447,0.006716609356,0.00282013456,0.01535031194,0.004248557387,0.01189980859,0.02760285543,0.05046174193,0.07991328225,0.0004281768288,0.0001457052385,4.449083623e-05,1.351857388e-05,0.0005222685141,2.939763075e-05,0.000132654678,0.0004791314304,0.00120776185,0.002520955665,0.0003021002655,0.000102802338,3.139050298e-05,9.538025392e-06,0.0004828107081,2.939762366e-05,0.0001326546959,0.0004791316618,0.001207762836,0.002520957986,0.01056045718,0.004021391863,0.001374084585,0.0004631891698,0.004451566999,0.0004715993147,0.001362025814,0.003250589159,0.005819829202,0.009028514196,0.01543547347,0.005877785875,0.002008403474,0.0006770114488,0.004848866019,0.0004715994384,0.001362025615,0.00325058745,0.005819824027,0.009028505151,0.0002209536047,6.007350749e-05,1.465575802e-05,3.619896807e-06,0.0001773377196,3.581287679e-06,1.636052064e-05,5.977160351e-05,0.0001454293541,0.0002935606835,0.0001511693882,4.110035978e-05,1.002699479e-05,2.476615425e-06,0.0001628072908,3.58128674e-06,1.636052304e-05,5.977163493e-05,0.0001454294834,0.0002935609775,2.279292951e-07,2.824961431e-08,2.649965326e-09,2.328865428e-10,1.123956471e-05,3.933452799e-09,1.160172441e-07,1.991609181e-06,1.388404736e-05,6.451829741e-05,3.442033643e-10,2.697086283e-11,1.45270539e-12,7.023595558e-14,9.845265042e-07,7.032816481e-12,6.907162771e-10,3.259440129e-08,4.249138799e-07,3.25073716e-06,5.414668667e-10,6.916012573e-11,6.327773014e-12,5.175343657e-13,1.840220826e-06,7.202892e-11,4.461072948e-09,1.435729215e-07,1.490300699e-06,9.47080979e-06,1.640806096e-10,2.419156767e-11,2.554947584e-12,2.385608062e-13,1.502521127e-06,5.45220003e-11,3.390898483e-09,1.095542572e-07,1.129188252e-06,7.095967476e-06,2.815113102e-11,4.975379562e-12,6.298945023e-13,6.952690098e-14,1.040062083e-06,2.943889335e-11,1.840566624e-09,5.975712667e-08,6.040967083e-07,3.701496846e-06,4.382666736e-13,7.570222388e-14,8.988387901e-15,9.014616518e-16,3.065524767e-07,1.103178823e-12,1.1086967e-10,5.344886346e-09,6.588992533e-08,4.652547266e-07,9.032754781e-18,6.915918823e-19,3.112849696e-20,1.109879366e-21,8.838799032e-09,8.913328139e-18,6.437790807e-15,1.628605044e-12,4.858338244e-11,6.79490187e-10,3.721568416e-17,2.477962958e-18,9.699340599e-20,3.039941265e-21,1.043117237e-08,9.947351898e-18,7.155247467e-15,1.803229123e-12,5.387487041e-11,7.575539104e-10,1.023653639e-16,6.022626914e-18,2.083039397e-19,5.823956449e-21,1.109678417e-08,8.693053593e-18,6.23035744e-15,1.564859169e-12,4.626975732e-11,6.454933842e-10,5.162105588e-20,1.45927223e-21,2.155732916e-23,2.475717184e-25,1.009757983e-09,6.614380972e-22,2.114585545e-18,1.865936511e-15,9.856528903e-14,2.125883812e-12
3,0.02263090188,0.01093246584,0.004738902724,0.001989745006,0.01419058347,0.004248556352,0.01189981017,0.02760286877,0.05046178325,0.07991335609,0.03207553553,0.01549495443,0.006716609323,0.002820134541,0.01535031187,0.004248557376,0.01189980857,0.02760285544,0.05046174202,0.07991328252,0.0004281768281,0.0001457052379,4.449083591e-05,1.351857375e-05,0.0005222685105,2.939763056e-05,0.0001326546774,0.0004791314287,0.001207761847,0.002520955664,0.000302100265,0.0001028023376,3.139050276e-05,9.538025298e-06,0.0004828107048,2.939762348e-05,0.0001326546952,0.0004791316602,0.001207762834,0.002520957985,0.01056045717,0.004021391857,0.001374084581,0.0004631891683,0.004451566992,0.0004715993162,0.001362025821,0.003250589181,0.005819829254,0.0090285143,0.01543547346,0.005877785866,0.002008403469,0.0006770114465,0.004848866011,0.0004715994399,0.001362025622,0.003250587473,0.005819824079,0.009028505255,0.0002209536044,6.007350731e-05,1.465575795e-05,3.619896784e-06,0.0001773377189,3.581287677e-06,1.636052067e-05,5.977160371e-05,0.0001454293548,0.0002935606857,0.000151169388,4.110035966e-05,1.002699475e-05,2.476615409e-06,0.0001628072902,3.581286738e-06,1.636052306e-05,5.977163513e-05,0.0001454294842,0.0002935609798,2.279292941e-07,2.824961397e-08,2.649965274e-09,2.328865367e-10,1.123956454e-05,3.933452718e-09,1.160172421e-07,1.991609153e-06,1.38840472e-05,6.451829685e-05,3.442033619e-10,2.697086233e-11,1.452705347e-12,7.023595277e-14,9.845264838e-07,7.032816231e-12,6.907162554e-10,3.259440039e-08,4.249138692e-07,3.250737085e-06,5.414731707e-10,6.916092907e-11,6.327846346e-12,5.175403506e-13,1.84022296e-06,7.202871854e-11,4.461060484e-09,1.435725208e-07,1.490296379e-06,9.47078125e-06,1.640897861e-10,2.419291859e-11,2.555090042e-12,2.385740892e-13,1.502529627e-06,5.452127713e-11,3.390853511e-09,1.095528043e-07,1.129172686e-06,7.095865716e-06,2.815428024e-11,4.975935364e-12,6.299647688e-13,6.953464677e-14,1.040073875e-06,2.943811366e-11,1.840517875e-09,5.975554388e-08,6.040800734e-07,3.701390806e-06,4.381055874e-13,7.56777597e-14,8.985882193e-15,9.012472905e-16,3.065144072e-07,1.102803758e-12,1.108321198e-10,5.343082532e-09,6.586682756e-08,4.650846192e-07,9.005357424e-18,6.896802699e-19,3.105083238e-20,1.107386028e-21,8.832349364e-09,8.896593152e-18,6.42575464e-15,1.625572151e-12,4.848867192e-11,6.780968348e-10,3.702992089e-17,2.466679886e-18,9.659427742e-20,3.028662484e-21,1.041871457e-08,9.917015352e-18,7.133518283e-15,1.797774633e-12,5.370428536e-11,7.55030884e-10,1.016177047e-16,5.982503598e-18,2.070499611e-19,5.792350853e-21,1.10775257e-08,8.654756908e-18,6.203027719e-15,1.558022305e-12,4.605816845e-11,6.423886442e-10,5.120112653e-20,1.448421425e-21,2.141211489e-23,2.460640086e-25,1.007926809e-09,6.580970494e-22,2.103948159e-18,1.856585823e-15,9.804542122e-14,2.114023151e-12
4,0.02263090185,0.01093246579,0.004738902691,0.001989744988,0.01419058339,0.004248556337,0.01189981016,0.02760286879,0.05046178337,0.07991335646,0.03207553548,0.01549495436,0.006716609277,0.002820134515,0.01535031178,0.00424855736,0.01189980856,0.02760285546,0.05046174214,0.0799132829,0.0004281768271,0.000145705237,4.449083546e-05,1.351857356e-05,0.0005222685056,2.93976303e-05,0.0001326546765,0.0004791314265,0.001207761843,0.002520955662,0.0003021002643,0.000102802337,3.139050244e-05,9.538025169e-06,0.0004828107003,2.939762321e-05,0.0001326546943,0.0004791316579,0.00120776283,0.002520957983,0.01056045716,0.004021391849,0.001374084577,0.0004631891662,0.004451566983,0.0004715993183,0.00136202583,0.003250589213,0.005819829325,0.009028514444,0.01543547345,0.005877785854,0.002008403462,0.0006770114434,0.004848866002,0.0004715994419,0.001362025631,0.003250587504,0.00581982415,0.009028505399,0.0002209536041,6.007350707e-05,1.465575786e-05,3.619896752e-06,0.000177337718,3.581287674e-06,1.63605207e-05,5.977160399e-05,0.0001454293559,0.0002935606888,0.0001511693878,4.11003595e-05,1.002699468e-05,2.476615387e-06,0.0001628072893,3.581286735e-06,1.636052309e-05,5.97716354e-05,0.0001454294852,0.0002935609829,2.279292926e-07,2.82496135e-08,2.649965202e-09,2.328865282e-10,1.123956431e-05,3.933452606e-09,1.160172394e-07,1.991609115e-06,1.388404698e-05,6.451829608e-05,3.442033586e-10,2.697086165e-11,1.452705288e-12,7.023594888e-14,9.845264558e-07,7.032815887e-12,6.907162254e-10,3.259439915e-08,4.249138544e-07,3.250736982e-06,5.41481882e-10,6.916203906e-11,6.327947659e-12,5.175486181e-13,1.84022591e-06,7.202844055e-11,4.461043286e-09,1.435719678e-07,1.490290418e-06,9.470741866e-06,1.641024677e-10,2.419478527e-11,2.555286865e-12,2.385924391e-13,1.502541376e-06,5.452027925e-11,3.390791454e-09,1.095507995e-07,1.129151205e-06,7.095725295e-06,2.815863262e-11,4.976703416e-12,6.300618565e-13,6.954534796e-14,1.040090176e-06,2.94370378e-11,1.840450607e-09,5.975335979e-08,6.040571187e-07,3.701244479e-06,4.378832231e-13,7.56439852e-14,8.982422405e-15,9.009512616e-16,3.064618401e-07,1.102286051e-12,1.107802884e-10,5.340592687e-09,6.583494566e-08,4.648498239e-07,8.967650361e-18,6.870483966e-19,3.094386737e-20,1.103950886e-21,8.823448892e-09,8.873533524e-18,6.409169491e-15,1.621392961e-12,4.83581786e-11,6.761772885e-10,3.677479864e-17,2.451175469e-18,9.604551667e-20,3.013147226e-21,1.040152911e-08,9.875264758e-18,7.103613083e-15,1.790267679e-12,5.346955066e-11,7.515597371e-10,1.005935937e-16,5.927500246e-18,2.053295405e-19,5.748956082e-21,1.105097121e-08,8.602126484e-18,6.165468113e-15,1.548626105e-12,4.57674434e-11,6.381239115e-10,5.062656972e-20,1.433562464e-21,2.121309031e-23,2.439959686e-25,1.005402865e-09,6.535106883e-22,2.089345538e-18,1.843749254e-15,9.733197505e-14,2.097751982e-12
5,0.0226309018,0.01093246574,0.004738902651,0.001989744964,0.01419058328,0.004248556317,0.01189981013,0.02760286881,0.05046178353,0.07991335694,0.03207553542,0.01549495428,0.006716609219,0.002820134483,0.01535031166,0.004248557341,0.01189980854,0.02760285547,0.05046174229,0.07991328337,0.0004281768258,0.0001457052358,4.44908349e-05,1.351857333e-05,0.0005222684993,2.939762997e-05,0.0001326546754,0.0004791314236,0.001207761839,0.00252095566,0.0003021002634,0.0001028023361,3.139050204e-05,9.538025005e-06,0.0004828106945,2.939762288e-05,0.0001326546932,0.000479131655,0.001207762826,0.00252095798,0.01056045715,0.004021391838,0.001374084571,0.0004631891635,0.004451566972,0.0004715993208,0.001362025843,0.003250589253,0.005819829415,0.009028514626,0.01543547343,0.005877785838,0.002008403453,0.0006770114395,0.004848865989,0.0004715994445,0.001362025643,0.003250587544,0.00581982424,0.009028505581,0.0002209536037,6.007350677e-05,1.465575774e-05,3.619896712e-06,0.0001773377168,3.581287671e-06,1.636052074e-05,5.977160433e-05,0.0001454293572,0.0002935606928,0.0001511693875,4.110035929e-05,1.00269946e-05,2.47661536e-06,0.0001628072882,3.581286732e-06,1.636052314e-05,5.977163575e-05,0.0001454294865,0.0002935609869,2.279292908e-07,2.82496129e-08,2.649965111e-09,2.328865174e-10,1.123956402e-05,3.933452465e-09,1.160172359e-07,1.991609066e-06,1.388404671e-05,6.45182951e-05,3.442033544e-10,2.697086079e-11,1.452705212e-12,7.023594396e-14,9.845264202e-07,7.032815451e-12,6.907161875e-10,3.259439757e-08,4.249138357e-07,3.250736851e-06,5.414929378e-10,6.916344755e-11,6.328076195e-12,5.175591057e-13,1.840229656e-06,7.20280884e-11,4.4610215e-09,1.435712674e-07,1.490282866e-06,9.470691974e-06,1.641185634e-10,2.419715409e-11,2.555536593e-12,2.38615718e-13,1.502556293e-06,5.451901522e-11,3.390712845e-09,1.095482599e-07,1.129123994e-06,7.095547413e-06,2.81641572e-11,4.977678164e-12,6.301850521e-13,6.955892476e-14,1.040110871e-06,2.943567504e-11,1.840365398e-09,5.975059316e-08,6.040280409e-07,3.701059122e-06,4.376014137e-13,7.560117501e-14,8.978036214e-15,9.005758893e-16,3.063951939e-07,1.10163e-12,1.107146063e-10,5.337437473e-09,6.579454461e-08,4.64552296e-07,8.920049759e-18,6.837244547e-19,3.080871236e-20,1.099608529e-21,8.812173506e-09,8.844378238e-18,6.3881999e-15,1.616108899e-12,4.819320866e-11,6.73750979e-10,3.645364037e-17,2.431643707e-18,9.535370549e-20,2.993574035e-21,1.037976837e-08,9.822562484e-18,7.065862615e-15,1.780791185e-12,5.317329626e-11,7.471799958e-10,9.930886983e-17,5.858426819e-18,2.031667234e-19,5.694348211e-21,1.101736789e-08,8.535815447e-18,6.118143907e-15,1.53678678e-12,4.540124355e-11,6.327540196e-10,4.990686213e-20,1.414928808e-21,2.096322589e-23,2.413969524e-25,1.002210547e-09,6.477407134e-22,2.070973811e-18,1.82759895e-15,9.643472679e-14,2.077298757e-12
6,0.02263090174,0.01093246567,0.004738902601,0.001989744937,0.01419058315,0.004248556294,0.01189981011,0.02760286883,0.05046178371,0.07991335751,0.03207553534,0.01549495418,0.006716609149,0.002820134443,0.01535031152,0.004248557318,0.01189980851,0.0276028555,0.05046174248,0.07991328395,0.0004281768243,0.0001457052345,4.449083422e-05,1.351857305e-05,0.0005222684918,2.939762957e-05,0.000132654674,0.0004791314202,0.001207761833,0.002520955657,0.0003021002623,0.0001028023352,3.139050156e-05,9.538024808e-06,0.0004828106875,2.939762249e-05,0.0001326546919,0.0004791316516,0.00120776282,0.002520957977,0.01056045714,0.004021391825,0.001374084564,0.0004631891602,0.004451566958,0.0004715993239,0.001362025857,0.003250589301,0.005819829524,0.009028514845,0.01543547341,0.00587778582,0.002008403443,0.0006770114347,0.004848865974,0.0004715994476,0.001362025658,0.003250587592,0.005819824349,0.0090285058,0.0002209536031,6.00735064e-05,1.465575759e-05,3.619896663e-06,0.0001773377153,3.581287667e-06,1.636052079e-05,5.977160475e-05,0.0001454293588,0.0002935606976,0.0001511693872,4.110035904e-05,1.00269945e-05,2.476615327e-06,0.0001628072869,3.581286727e-06,1.636052319e-05,5.977163617e-05,0.0001454294881,0.0002935609916,2.279292886e-07,2.824961218e-08,2.649965002e-09,2.328865044e-10,1.123956367e-05,3.933452295e-09,1.160172317e-07,1.991609008e-06,1.388404637e-05,6.451829392e-05,3.442033494e-10,2.697085975e-11,1.452705122e-12,7.023593803e-14,9.845263774e-07,7.032814925e-12,6.907161418e-10,3.259439567e-08,4.249138131e-07,3.250736694e-06,5.415062768e-10,6.916514658e-11,6.328231214e-12,5.175717517e-13,1.840234177e-06,7.202766452e-11,4.460995274e-09,1.435704242e-07,1.490273775e-06,9.470631914e-06,1.641379846e-10,2.420001178e-11,2.555837799e-12,2.386437901e-13,1.5025743e-06,5.451749375e-11,3.390618223e-09,1.09545203e-07,1.129091239e-06,7.095333287e-06,2.817082395e-11,4.9788542e-12,6.303336583e-13,6.95752989e-14,1.040135853e-06,2.943403476e-11,1.840262835e-09,5.974726296e-08,6.039930393e-07,3.700836002e-06,4.37262e-13,7.554960412e-14,8.972751238e-15,9.001234833e-16,3.063148856e-07,1.10083993e-12,1.10635506e-10,5.333637665e-09,6.574589098e-08,4.641940036e-07,8.862995367e-18,6.797381091e-19,3.064653037e-20,1.094395013e-21,8.798599957e-09,8.809365389e-18,6.363016928e-15,1.609763027e-12,4.799512204e-11,6.708381731e-10,3.607002962e-17,2.408292912e-18,9.45258766e-20,2.970132714e-21,1.035358767e-08,9.759397319e-18,7.020616465e-15,1.769432784e-12,5.281830684e-11,7.419336021e-10,9.778088337e-17,5.776167176e-18,2.005876311e-19,5.629149977e-21,1.097697003e-08,8.456524384e-18,6.061554098e-15,1.522628935e-12,4.496350293e-11,6.263380185e-10,4.905242923e-20,1.392776448e-21,2.066576607e-23,2.382988857e-25,9.983751135e-10,6.408538491e-22,2.04904504e-18,1.808321016e-15,9.536426781e-14,2.052911538e-12
7,0.02263090168,0.01093246558,0.004738902544,0.001989744904,0.01419058299,0.004248556267,0.01189981008,0.02760286886,0.05046178393,0.07991335818,0.03207553525,0.01549495406,0.006716609068,0.002820134397,0.01535031135,0.004248557291,0.01189980848,0.02760285552,0.05046174269,0.07991328461,0.0004281768225,0.0001457052329,4.449083343e-05,1.351857273e-05,0.000522268483,2.939762911e-05,0.0001326546724,0.0004791314162,0.001207761827,0.002520955653,0.000302100261,0.000102802334,3.139050101e-05,9.538024579e-06,0.0004828106794,2.939762202e-05,0.0001326546903,0.0004791316476,0.001207762814,0.002520957974,0.01056045712,0.00402139181,0.001374084555,0.0004631891564,0.004451566942,0.0004715993276,0.001362025875,0.003250589356,0.005819829651,0.0090285151,0.01543547339,0.005877785798,0.002008403431,0.0006770114292,0.004848865957,0.0004715994512,0.001362025675,0.003250587648,0.005819824476,0.009028506055,0.0002209536025,6.007350597e-05,1.465575742e-05,3.619896607e-06,0.0001773377136,3.581287662e-06,1.636052085e-05,5.977160524e-05,0.0001454293606,0.0002935607031,0.0001511693867,4.110035875e-05,1.002699438e-05,2.476615288e-06,0.0001628072854,3.581286722e-06,1.636052325e-05,5.977163666e-05,0.0001454294899,0.0002935609972,2.27929286e-07,2.824961135e-08,2.649964875e-09,2.328864893e-10,1.123956327e-05,3.933452096e-09,1.160172268e-07,1.99160894e-06,1.388404598e-05,6.451829255e-05,3.442033435e-10,2.697085854e-11,1.452705016e-12,7.023593112e-14,9.845263275e-07,7.032814313e-12,6.907160886e-10,3.259439347e-08,4.249137868e-07,3.250736511e-06,5.415218391e-10,6.916712833e-11,6.328411986e-12,5.175864954e-13,1.840239455e-06,7.202717134e-11,4.460964761e-09,1.435694431e-07,1.490263197e-06,9.470562031e-06,1.641606452e-10,2.420334535e-11,2.556189079e-12,2.38676522e-13,1.50259532e-06,5.45157236e-11,3.390508133e-09,1.095416461e-07,1.129053127e-06,7.095084144e-06,2.817860371e-11,4.98022625e-12,6.30506992e-13,6.959439344e-14,1.040165016e-06,2.943212646e-11,1.840143509e-09,5.974338837e-08,6.03952315e-07,3.700576404e-06,4.368668303e-13,7.548954802e-14,8.966595058e-15,8.995963419e-16,3.062213312e-07,1.099920184e-12,1.105434224e-10,5.329214145e-09,6.568925274e-08,4.637769257e-07,8.796947231e-18,6.751202985e-19,3.045853021e-20,1.088347683e-21,8.78280578e-09,8.76874102e-18,6.333797328e-15,1.602399835e-12,4.776532547e-11,6.67459864e-10,3.562776898e-17,2.381343515e-18,9.356944768e-20,2.943022746e-21,1.032314497e-08,9.686280784e-18,6.968240427e-15,1.75628416e-12,5.240749993e-11,7.358645671e-10,9.602821437e-17,5.681665995e-18,1.976201129e-19,5.554023388e-21,1.093003832e-08,8.364994089e-18,5.996226253e-15,1.506284295e-12,4.445838595e-11,6.189385089e-10,4.807445548e-20,1.367379609e-21,2.032417966e-23,2.347358227e-25,9.939225803e-10,6.329209929e-22,2.023784532e-18,1.786113161e-15,9.413186402e-14,2.02485454e-12
8,0.02263090161,0.01093246549,0.004738902479,0.001989744867,0.01419058282,0.004248556236,0.01189981004,0.02760286889,0.05046178417,0.07991335894,0.03207553515,0.01549495393,0.006716608976,0.002820134344,0.01535031117,0.00424855726,0.01189980844,0.02760285556,0.05046174294,0.07991328537,0.0004281768204,0.000145705231,4.449083253e-05,1.351857236e-05,0.000522268473,2.939762858e-05,0.0001326546706,0.0004791314116,0.00120776182,0.002520955649,0.0003021002596,0.0001028023328,3.139050037e-05,9.538024318e-06,0.0004828106701,2.93976215e-05,0.0001326546885,0.000479131643,0.001207762807,0.00252095797,0.01056045711,0.004021391793,0.001374084546,0.0004631891521,0.004451566924,0.0004715993317,0.001362025894,0.00325058942,0.005819829795,0.00902851539,0.01543547336,0.005877785773,0.002008403417,0.0006770114229,0.004848865937,0.0004715994553,0.001362025695,0.003250587711,0.00581982462,0.009028506345,0.0002209536019,6.007350548e-05,1.465575723e-05,3.619896543e-06,0.0001773377117,3.581287656e-06,1.636052092e-05,5.97716058e-05,0.0001454293627,0.0002935607094,0.0001511693863,4.110035841e-05,1.002699425e-05,2.476615244e-06,0.0001628072836,3.581286717e-06,1.636052331e-05,5.977163722e-05,0.000145429492,0.0002935610035,2.279292831e-07,2.824961039e-08,2.64996473e-09,2.328864721e-10,1.123956281e-05,3.933451871e-09,1.160172213e-07,1.991608862e-06,1.388404554e-05,6.451829099e-05,3.442033368e-10,2.697085716e-11,1.452704896e-12,7.023592327e-14,9.845262708e-07,7.032813618e-12,6.907160281e-10,3.259439095e-08,4.249137569e-07,3.250736302e-06,5.415395663e-10,6.916938516e-11,6.328617795e-12,5.176032768e-13,1.840245471e-06,7.202661133e-11,4.460930111e-09,1.43568329e-07,1.490251185e-06,9.47048267e-06,1.641864612e-10,2.420714205e-11,2.556589055e-12,2.387137819e-13,1.50261928e-06,5.451371364e-11,3.390383123e-09,1.095376072e-07,1.129009848e-06,7.094801224e-06,2.818746802e-11,4.981789152e-12,6.307043828e-13,6.961613266e-14,1.040198257e-06,2.94299597e-11,1.840008018e-09,5.973898874e-08,6.039060711e-07,3.700281622e-06,4.36417761e-13,7.542128275e-14,8.959595244e-15,8.989967556e-16,3.061149458e-07,1.098875131e-12,1.104387925e-10,5.324187892e-09,6.562489921e-08,4.63303052e-07,8.722382472e-18,6.699030416e-19,3.024595978e-20,1.081504985e-21,8.76486923e-09,8.722757988e-18,6.300722729e-15,1.594065036e-12,4.750526576e-11,6.636376655e-10,3.513083891e-17,2.351025901e-18,9.249215622e-20,2.912451749e-21,1.028860063e-08,9.603743497e-18,6.909113921e-15,1.741440404e-12,5.194390439e-11,7.290186298e-10,9.407039315e-17,5.575915793e-18,1.942934014e-19,5.469662396e-21,1.087683907e-08,8.261998399e-18,5.922711424e-15,1.487890439e-12,4.389024564e-11,6.106209827e-10,4.698469575e-20,1.339026492e-21,1.994211061e-23,2.307435078e-25,9.88879623e-10,6.240163725e-22,1.99542816e-18,1.761182357e-15,9.274931673e-14,1.993404704e-12
9,0.02263090153,0.01093246539,0.004738902406,0.001989744826,0.01419058263,0.004248556202,0.01189981,0.02760286892,0.05046178444,0.07991335979,0.03207553503,0.01549495378,0.006716608873,0.002820134286,0.01535031096,0.004248557226,0.01189980841,0.02760285559,0.05046174321,0.07991328622,0.0004281768182,0.000145705229,4.449083152e-05,1.351857194e-05,0.0005222684618,2.939762799e-05,0.0001326546686,0.0004791314065,0.001207761812,0.002520955645,0.000302100258,0.0001028023313,3.139049966e-05,9.538024026e-06,0.0004828106598,2.939762091e-05,0.0001326546865,0.0004791316379,0.001207762799,0.002520957965,0.01056045709,0.004021391774,0.001374084535,0.0004631891473,0.004451566904,0.0004715993363,0.001362025916,0.003250589491,0.005819829956,0.009028515714,0.01543547334,0.005877785745,0.002008403402,0.0006770114159,0.004848865915,0.0004715994599,0.001362025717,0.003250587782,0.005819824781,0.009028506669,0.0002209536011,6.007350494e-05,1.465575702e-05,3.619896471e-06,0.0001773377096,3.58128765e-06,1.636052099e-05,5.977160642e-05,0.000145429365,0.0002935607164,0.0001511693858,4.110035804e-05,1.002699411e-05,2.476615195e-06,0.0001628072817,3.581286711e-06,1.636052339e-05,5.977163784e-05,0.0001454294943,0.0002935610105,2.279292798e-07,2.824960933e-08,2.649964569e-09,2.328864529e-10,1.123956229e-05,3.933451619e-09,1.160172151e-07,1.991608776e-06,1.388404504e-05,6.451828925e-05,3.442033293e-10,2.697085563e-11,1.452704762e-12,7.023591451e-14,9.845262074e-07,7.032812841e-12,6.907159606e-10,3.259438815e-08,4.249137235e-07,3.25073607e-06,5.415594009e-10,6.917190952e-11,6.328847931e-12,5.176220365e-13,1.840252208e-06,7.202598696e-11,4.460891478e-09,1.435670867e-07,1.49023779e-06,9.47039418e-06,1.642153499e-10,2.421138937e-11,2.557036368e-12,2.387554397e-13,1.502646108e-06,5.451147281e-11,3.39024375e-09,1.09533104e-07,1.128961592e-06,7.094485772e-06,2.819738908e-11,4.983537841e-12,6.309251709e-13,6.964044181e-14,1.040235479e-06,2.942754415e-11,1.839856963e-09,5.973408358e-08,6.038545121e-07,3.69995296e-06,4.359166559e-13,7.534508507e-14,8.951779378e-15,8.9832701e-16,3.059961441e-07,1.097709157e-12,1.103220552e-10,5.318579981e-09,6.555310099e-08,4.627743822e-07,8.639792133e-18,6.641192469e-19,3.001009962e-20,1.073906305e-21,8.744869212e-09,8.671674856e-18,6.263978848e-15,1.58480537e-12,4.721642317e-11,6.593937078e-10,3.458335748e-17,2.317578289e-18,9.130199584e-20,2.878633963e-21,1.025011716e-08,9.512331629e-18,6.843627464e-15,1.724999384e-12,5.143063944e-11,7.214429236e-10,9.192762697e-17,5.459944213e-18,1.906377742e-19,5.376785717e-21,1.081764355e-08,8.148337178e-18,5.841579182e-15,1.467589563e-12,4.326358282e-11,6.014531782e-10,4.579529151e-20,1.308015107e-21,1.952332989e-23,2.263589448e-25,9.832734779e-10,6.14216721e-22,1.96421976e-18,1.733742558e-15,9.122882661e-14,1.958848351e-12
10,0.02263090144,0.01093246527,0.004738902326,0.00198974478,0.01419058242,0.004248556164,0.01189980996,0.02760286896,0.05046178475,0.07991336072,0.0320755349,0.01549495362,0.00671660876,0.002820134222,0.01535031073,0.004248557188,0.01189980836,0.02760285563,0.05046174351,0.07991328716,0.0004281768157,0.0001457052268,4.449083042e-05,1.351857149e-05,0.0005222684495,2.939762735e-05,0.0001326546664,0.0004791314009,0.001207761803,0.00252095564,0.0003021002562,0.0001028023298,3.139049888e-05,9.538023706e-06,0.0004828106485,2.939762026e-05,0.0001326546843,0.0004791316323,0.00120776279,0.00252095796,0.01056045707,0.004021391753,0.001374084524,0.000463189142,0.004451566881,0.0004715993413,0.00136202594,0.003250589569,0.005819830133,0.009028516071,0.01543547331,0.005877785714,0.002008403385,0.0006770114081,0.004848865891,0.000471599465,0.001362025741,0.00325058786,0.005819824958,0.009028507026,0.0002209536003,6.007350434e-05,1.465575678e-05,3.619896392e-06,0.0001773377073,3.581287643e-06,1.636052108e-05,5.97716071e-05,0.0001454293676,0.0002935607242,0.0001511693852,4.110035763e-05,1.002699394e-05,2.476615141e-06,0.0001628072795,3.581286704e-06,1.636052347e-05,5.977163852e-05,0.0001454294969,0.0002935610183,2.279292762e-07,2.824960816e-08,2.649964391e-09,2.328864317e-10,1.123956172e-05,3.933451342e-09,1.160172083e-07,1.991608681e-06,1.38840445e-05,6.451828734e-05,3.442033211e-10,2.697085393e-11,1.452704615e-12,7.023590486e-14,9.845261378e-07,7.032811986e-12,6.907158862e-10,3.259438506e-08,4.249136868e-07,3.250735814e-06,5.415812864e-10,6.917469398e-11,6.329101695e-12,5.176427158e-13,1.840259648e-06,7.202530073e-11,4.460849016e-09,1.435657213e-07,1.490223067e-06,9.470296912e-06,1.642472303e-10,2.421607499e-11,2.557529673e-12,2.388013665e-13,1.502675734e-06,5.450901009e-11,3.390090568e-09,1.095281545e-07,1.128908552e-06,7.094139046e-06,2.820833958e-11,4.985467336e-12,6.311687054e-13,6.966724702e-14,1.040276582e-06,2.942488954e-11,1.839690952e-09,5.972869252e-08,6.037978438e-07,3.699591731e-06,4.353653871e-13,7.526123254e-14,8.943175077e-15,8.975893895e-16,3.058653408e-07,1.096426667e-12,1.101936513e-10,5.312411574e-09,6.547412985e-08,4.62192925e-07,8.549678117e-18,6.578025283e-19,2.975225651e-20,1.065591789e-21,8.722885225e-09,8.615754819e-18,6.223754723e-15,1.57466841e-12,4.690030505e-11,6.547505368e-10,3.398954126e-17,2.281244676e-18,9.000715426e-20,2.841788773e-21,1.020785888e-08,9.41260346e-18,6.772180218e-15,1.70706113e-12,5.087089419e-11,7.13185652e-10,8.962053658e-17,5.334801733e-18,1.866842266e-19,5.276129857e-21,1.075272729e-08,8.024829509e-18,5.753412782e-15,1.44552728e-12,4.258300639e-11,5.915044537e-10,4.451859455e-20,1.274649266e-21,1.907168899e-23,2.216199816e-25,9.771318474e-10,6.036004807e-22,1.930408602e-18,1.704012492e-15,8.958286237e-14,1.921477957e-12
11,0.02263090134,0.01093246515,0.004738902239,0.001989744731,0.01419058218,0.004248556123,0.01189980992,0.027602869,0.05046178507,0.07991336174,0.03207553476,0.01549495345,0.006716608636,0.002820134151,0.01535031048,0.004248557147,0.01189980832,0.02760285567,0.05046174384,0.07991328817,0.0004281768129,0.0001457052243,4.449082921e-05,1.3518571e-05,0.0005222684362,2.939762664e-05,0.000132654664,0.0004791313948,0.001207761793,0.002520955634,0.0003021002543,0.000102802328,3.139049803e-05,9.538023357e-06,0.0004828106361,2.939761956e-05,0.0001326546818,0.0004791316262,0.00120776278,0.002520957955,0.01056045704,0.00402139173,0.001374084511,0.0004631891363,0.004451566857,0.0004715993468,0.001362025966,0.003250589653,0.005819830326,0.009028516459,0.01543547327,0.005877785681,0.002008403366,0.0006770113997,0.004848865864,0.0004715994705,0.001362025767,0.003250587945,0.005819825151,0.009028507414,0.0002209535994,6.007350369e-05,1.465575652e-05,3.619896306e-06,0.0001773377047,3.581287636e-06,1.636052116e-05,5.977160784e-05,0.0001454293704,0.0002935607326,0.0001511693846,4.110035719e-05,1.002699377e-05,2.476615082e-06,0.0001628072772,3.581286697e-06,1.636052356e-05,5.977163926e-05,0.0001454294997,0.0002935610267,2.279292723e-07,2.824960689e-08,2.649964198e-09,2.328864087e-10,1.123956111e-05,3.93345104e-09,1.160172009e-07,1.991608577e-06,1.38840439e-05,6.451828526e-05,3.442033121e-10,2.697085209e-11,1.452704454e-12,7.023589436e-14,9.845260619e-07,7.032811056e-12,6.907158054e-10,3.259438171e-08,4.249136469e-07,3.250735535e-06,5.41605167e-10,6.917773117e-11,6.329378391e-12,5.176652563e-13,1.840267773e-06,7.202455514e-11,4.460802879e-09,1.435642377e-07,1.490207069e-06,9.470191219e-06,1.642820225e-10,2.422118671e-11,2.558067643e-12,2.388514345e-13,1.502708089e-06,5.450633452e-11,3.38992414e-09,1.095227767e-07,1.128850921e-06,7.093762306e-06,2.822029266e-11,4.987572721e-12,6.314343428e-13,6.969647507e-14,1.040321473e-06,2.942200564e-11,1.839510593e-09,5.972283527e-08,6.037362731e-07,3.699199252e-06,4.347658342e-13,7.517000362e-14,8.933810016e-15,8.967861799e-16,3.057229507e-07,1.095032084e-12,1.100540233e-10,5.305703917e-09,6.538825868e-08,4.615606977e-07,8.452550231e-18,6.509870265e-19,2.947375739e-20,1.056602189e-21,8.698997295e-09,8.555264664e-18,6.180241965e-15,1.563702376e-12,4.655843965e-11,6.497310167e-10,3.335366775e-17,2.242272845e-18,8.861595337e-20,2.80213928e-21,1.016199176e-08,9.305126041e-18,6.695177619e-15,1.687727246e-12,5.026790793e-11,7.042957757e-10,8.716990588e-17,5.201549937e-18,1.82464157e-19,5.16844238e-21,1.068236941e-08,7.892307123e-18,5.658804509e-15,1.421851464e-12,4.185319507e-11,5.808451854e-10,4.316700084e-20,1.23923479e-21,1.85910757e-23,2.165649118e-25,9.704828083e-10,5.92247042e-22,1.89424698e-18,1.672213552e-15,8.782403539e-14,1.881589073e-12
12,0.02263090123,0.01093246502,0.004738902146,0.001989744678,0.01419058193,0.004248556079,0.01189980987,0.02760286904,0.05046178543,0.07991336283,0.03207553461,0.01549495326,0.006716608503,0.002820134076,0.01535031021,0.004248557102,0.01189980827,0.02760285571,0.05046174419,0.07991328927,0.00042817681,0.0001457052217,4.449082792e-05,1.351857046e-05,0.0005222684218,2.939762588e-05,0.0001326546614,0.0004791313882,0.001207761783,0.002520955629,0.0003021002522,0.0001028023262,3.139049712e-05,9.538022981e-06,0.0004828106228,2.93976188e-05,0.0001326546793,0.0004791316196,0.00120776277,0.002520957949,0.01056045702,0.004021391706,0.001374084498,0.0004631891301,0.004451566831,0.0004715993527,0.001362025994,0.003250589745,0.005819830534,0.009028516877,0.01543547324,0.005877785645,0.002008403346,0.0006770113907,0.004848865836,0.0004715994764,0.001362025795,0.003250588036,0.005819825359,0.009028507832,0.0002209535984,6.007350299e-05,1.465575625e-05,3.619896214e-06,0.000177337702,3.581287628e-06,1.636052126e-05,5.977160865e-05,0.0001454293734,0.0002935607417,0.0001511693839,4.110035671e-05,1.002699358e-05,2.476615019e-06,0.0001628072747,3.581286689e-06,1.636052365e-05,5.977164006e-05,0.0001454295027,0.0002935610358,2.279292681e-07,2.824960552e-08,2.649963989e-09,2.32886384e-10,1.123956044e-05,3.933450715e-09,1.160171929e-07,1.991608465e-06,1.388404327e-05,6.451828301e-05,3.442033025e-10,2.697085011e-11,1.452704281e-12,7.023588305e-14,9.845259802e-07,7.032810054e-12,6.907157182e-10,3.259437809e-08,4.249136038e-07,3.250735235e-06,5.416309875e-10,6.918101381e-11,6.32967733e-12,5.176895999e-13,1.840276567e-06,7.202375273e-11,4.460753223e-09,1.435626408e-07,1.490189849e-06,9.470077454e-06,1.643196475e-10,2.422671246e-11,2.558648956e-12,2.389055166e-13,1.502743105e-06,5.450345517e-11,3.389745028e-09,1.095169888e-07,1.128788892e-06,7.093356817e-06,2.823322182e-11,4.989849134e-12,6.317214453e-13,6.972805333e-14,1.040370056e-06,2.941890226e-11,1.839316498e-09,5.971653165e-08,6.036700076e-07,3.698776849e-06,4.341198853e-13,7.507167782e-14,8.923711953e-15,8.959196717e-16,3.055693896e-07,1.093529847e-12,1.099036154e-10,5.298478334e-09,6.529576136e-08,4.608797253e-07,8.348923326e-18,6.437072365e-19,2.917594339e-20,1.046978693e-21,8.673285918e-09,8.490473765e-18,6.133634044e-15,1.551955956e-12,4.619237008e-11,6.443582354e-10,3.26800396e-17,2.200912469e-18,8.713679164e-20,2.759910923e-21,1.011268315e-08,9.19047199e-18,6.613029091e-15,1.667100338e-12,4.962495116e-11,6.948227117e-10,8.459644742e-17,5.061250445e-18,1.780090687e-19,5.05447549e-21,1.060685194e-08,7.751608123e-18,5.558351223e-15,1.396711139e-12,4.107886099e-11,5.695461933e-10,4.175279654e-20,1.202075964e-21,1.808537248e-23,2.112320987e-25,9.633547216e-10,5.80236024e-22,1.855987937e-18,1.638567801e-15,8.59649816e-14,1.83947744e-12
13,0.02263090112,0.01093246487,0.004738902045,0.001989744621,0.01419058167,0.004248556031,0.01189980981,0.02760286909,0.0504617858,0.079913364,0.03207553445,0.01549495306,0.006716608361,0.002820133995,0.01535030992,0.004248557055,0.01189980821,0.02760285576,0.05046174457,0.07991329044,0.0004281768069,0.0001457052189,4.449082653e-05,1.351856989e-05,0.0005222684064,2.939762507e-05,0.0001326546586,0.0004791313812,0.001207761772,0.002520955623,0.00030210025,0.0001028023242,3.139049614e-05,9.538022578e-06,0.0004828106086,2.939761799e-05,0.0001326546765,0.0004791316126,0.001207762758,0.002520957943,0.01056045699,0.004021391679,0.001374084483,0.0004631891234,0.004451566803,0.0004715993591,0.001362026024,0.003250589843,0.005819830756,0.009028517324,0.0154354732,0.005877785606,0.002008403325,0.000677011381,0.004848865805,0.0004715994828,0.001362025825,0.003250588134,0.005819825581,0.009028508279,0.0002209535973,6.007350224e-05,1.465575595e-05,3.619896115e-06,0.000177337699,3.581287619e-06,1.636052136e-05,5.97716095e-05,0.0001454293766,0.0002935607514,0.0001511693832,4.11003562e-05,1.002699338e-05,2.476614951e-06,0.000162807272,3.58128668e-06,1.636052376e-05,5.977164092e-05,0.0001454295059,0.0002935610455,2.279292636e-07,2.824960405e-08,2.649963767e-09,2.328863575e-10,1.123955973e-05,3.933450367e-09,1.160171844e-07,1.991608346e-06,1.388404258e-05,6.451828061e-05,3.442032922e-10,2.697084799e-11,1.452704096e-12,7.023587094e-14,9.845258928e-07,7.032808981e-12,6.907156249e-10,3.259437421e-08,4.249135577e-07,3.250734913e-06,5.416586931e-10,6.918453465e-11,6.329997827e-12,5.177156887e-13,1.840286014e-06,7.2022896e-11,4.460700204e-09,1.435609357e-07,1.490171461e-06,9.469955972e-06,1.643600268e-10,2.423264025e-11,2.559272302e-12,2.389634865e-13,1.502780716e-06,5.450038115e-11,3.389553795e-09,1.095108088e-07,1.128722659e-06,7.09292385e-06,2.824710076e-11,4.992291751e-12,6.320293793e-13,6.976190952e-14,1.04042224e-06,2.941558924e-11,1.839109281e-09,5.970980151e-08,6.035992554e-07,3.698325848e-06,4.334294359e-13,7.496653572e-14,8.912908743e-15,8.949921627e-16,3.054050736e-07,1.091924412e-12,1.097428733e-10,5.290756219e-09,6.519691275e-08,4.601520401e-07,8.239314578e-18,6.359978416e-19,2.886016411e-20,1.036762782e-21,8.645831996e-09,8.421653108e-18,6.08412559e-15,1.539478129e-12,4.580364861e-11,6.386554141e-10,3.197295082e-17,2.15741331e-18,8.55780892e-20,2.715330156e-21,1.006010149e-08,9.069216426e-18,6.526145863e-15,1.645283466e-12,4.894530744e-11,6.848160469e-10,8.192058613e-17,4.91495462e-18,1.733502895e-19,4.934979948e-21,1.052645924e-08,7.60357103e-18,5.452650138e-15,1.370255431e-12,4.026471503e-11,5.576781992e-10,4.028801791e-20,1.163472285e-21,1.755841801e-23,2.056596238e-25,9.557761457e-10,5.676466042e-22,1.815883137e-18,1.603296114e-15,8.401825145e-14,1.795436303e-12
14,0.022630901,0.01093246472,0.004738901939,0.00198974456,0.01419058138,0.004248555981,0.01189980976,0.02760286914,0.05046178621,0.07991336525,0.03207553428,0.01549495284,0.00671660821,0.002820133909,0.01535030961,0.004248557005,0.01189980816,0.02760285581,0.05046174497,0.07991329168,0.0004281768035,0.0001457052159,4.449082506e-05,1.351856929e-05,0.00052226839,2.939762421e-05,0.0001326546557,0.0004791313737,0.00120776176,0.002520955616,0.0003021002476,0.0001028023221,3.13904951e-05,9.538022151e-06,0.0004828105934,2.939761712e-05,0.0001326546735,0.0004791316051,0.001207762747,0.002520957937,0.01056045697,0.004021391652,0.001374084468,0.0004631891164,0.004451566773,0.0004715993658,0.001362026056,0.003250589946,0.005819830992,0.009028517799,0.01543547316,0.005877785566,0.002008403302,0.0006770113706,0.004848865773,0.0004715994895,0.001362025857,0.003250588238,0.005819825817,0.009028508754,0.0002209535962,6.007350145e-05,1.465575564e-05,3.61989601e-06,0.0001773376959,3.58128761e-06,1.636052147e-05,5.977161041e-05,0.00014542938,0.0002935607618,0.0001511693824,4.110035565e-05,1.002699316e-05,2.47661488e-06,0.0001628072691,3.581286671e-06,1.636052387e-05,5.977164183e-05,0.0001454295093,0.0002935610558,2.279292588e-07,2.824960249e-08,2.64996353e-09,2.328863293e-10,1.123955897e-05,3.933449998e-09,1.160171753e-07,1.991608219e-06,1.388404186e-05,6.451827806e-05,3.442032812e-10,2.697084573e-11,1.452703899e-12,7.023585809e-14,9.845257999e-07,7.032807842e-12,6.907155258e-10,3.25943701e-08,4.249135087e-07,3.250734572e-06,5.416882293e-10,6.918828645e-11,6.330339196e-12,5.177434651e-13,1.840296095e-06,7.20219875e-11,4.460643977e-09,1.435591273e-07,1.490151958e-06,9.469827129e-06,1.644030826e-10,2.423895814e-11,2.559936373e-12,2.39025218e-13,1.502820854e-06,5.449712156e-11,3.389351006e-09,1.095042552e-07,1.128652417e-06,7.092464676e-06,2.826190338e-11,4.994895771e-12,6.323575139e-13,6.979797162e-14,1.040477933e-06,2.941207645e-11,1.838889556e-09,5.970266474e-08,6.035242251e-07,3.697847579e-06,4.326963897e-13,7.485485908e-14,8.901428361e-15,8.940059605e-16,3.052304205e-07,1.090220245e-12,1.09572244e-10,5.282559036e-09,6.509198857e-08,4.593796807e-07,8.124240889e-18,6.278935555e-19,2.852777211e-20,1.025996072e-21,8.616716782e-09,8.349074366e-18,6.03191173e-15,1.526318003e-12,4.539383108e-11,6.326458204e-10,3.123665528e-17,2.112023522e-18,8.394823587e-20,2.668623185e-21,1.000441613e-08,8.941934049e-18,6.434938892e-15,1.622379628e-12,4.823225618e-11,6.743252661e-10,7.9162263e-17,4.763694121e-18,1.685187122e-19,4.810699385e-21,1.044147729e-08,7.449029184e-18,5.342294851e-15,1.342632578e-12,3.94154345e-11,5.453113193e-10,3.878432632e-20,1.123715527e-21,1.701397195e-23,1.998849633e-25,9.477757524e-10,5.545568989e-22,1.774180901e-18,1.566616457e-15,8.199620882e-14,1.749753958e-12
15,0.02263090087,0.01093246456,0.004738901826,0.001989744496,0.01419058109,0.004248555928,0.0118998097,0.02760286919,0.05046178663,0.07991336656,0.03207553411,0.01549495261,0.00671660805,0.002820133819,0.01535030929,0.004248556951,0.0118998081,0.02760285586,0.0504617454,0.079913293,0.0004281768,0.0001457052128,4.44908235e-05,1.351856865e-05,0.0005222683727,2.93976233e-05,0.0001326546526,0.0004791313658,0.001207761747,0.002520955609,0.0003021002452,0.0001028023199,3.1390494e-05,9.538021699e-06,0.0004828105775,2.939761621e-05,0.0001326546704,0.0004791315972,0.001207762734,0.00252095793,0.01056045694,0.004021391622,0.001374084451,0.0004631891089,0.004451566742,0.0004715993729,0.00136202609,0.003250590056,0.005819831242,0.009028518301,0.01543547311,0.005877785522,0.002008403279,0.0006770113598,0.004848865739,0.0004715994966,0.00136202589,0.003250588348,0.005819826067,0.009028509256,0.000220953595,6.007350061e-05,1.46557553e-05,3.619895899e-06,0.0001773376926,3.581287601e-06,1.636052159e-05,5.977161137e-05,0.0001454293836,0.0002935607727,0.0001511693816,4.110035508e-05,1.002699293e-05,2.476614804e-06,0.0001628072661,3.581286661e-06,1.636052398e-05,5.977164279e-05,0.0001454295129,0.0002935610668,2.279292537e-07,2.824960084e-08,2.649963279e-09,2.328862995e-10,1.123955818e-05,3.933449608e-09,1.160171657e-07,1.991608085e-06,1.388404109e-05,6.451827536e-05,3.442032696e-10,2.697084335e-11,1.452703692e-12,7.02358445e-14,9.845257018e-07,7.032806638e-12,6.907154212e-10,3.259436575e-08,4.24913457e-07,3.250734211e-06,5.417195414e-10,6.919226201e-11,6.330700755e-12,5.177728713e-13,1.840306795e-06,7.202102975e-11,4.460584698e-09,1.435572207e-07,1.490131395e-06,9.46969128e-06,1.64448737e-10,2.424565422e-11,2.560639864e-12,2.390905851e-13,1.502863454e-06,5.449368553e-11,3.389137228e-09,1.094973459e-07,1.12857836e-06,7.091980566e-06,2.827760363e-11,4.997656407e-12,6.327052193e-13,6.983616775e-14,1.040537041e-06,2.940837375e-11,1.838657937e-09,5.969514124e-08,6.034451252e-07,3.697343372e-06,4.31922658e-13,7.473693091e-14,8.889298914e-15,8.929633848e-16,3.05045849e-07,1.088421828e-12,1.093921758e-10,5.273908305e-09,6.498126527e-08,4.585646915e-07,8.00421643e-18,6.194289713e-19,2.818011765e-20,1.014720178e-21,8.586021809e-09,8.273009e-18,5.977187449e-15,1.512524649e-12,4.496447165e-11,6.263526851e-10,3.047533755e-17,2.064988077e-18,8.225554224e-20,2.620014777e-21,9.94579706e-09,8.809196382e-18,6.339816894e-15,1.598491272e-12,4.748905642e-11,6.633994964e-10,7.634076001e-17,4.608472368e-18,1.635445566e-19,4.682365015e-21,1.035219312e-08,7.288805533e-18,5.227871635e-15,1.313989009e-12,3.853563294e-11,5.325145955e-10,3.725289925e-20,1.083087144e-21,1.645568347e-23,1.93944693e-25,9.393822448e-10,5.410434012e-22,1.731124426e-18,1.528742328e-15,7.991093936e-14,1.702711536e-12
16,0.02263090074,0.01093246439,0.004738901708,0.001989744429,0.01419058077,0.004248555872,0.01189980963,0.02760286925,0.05046178708,0.07991336794,0.03207553392,0.01549495237,0.006716607883,0.002820133723,0.01535030895,0.004248556896,0.01189980803,0.02760285592,0.05046174584,0.07991329438,0.0004281767963,0.0001457052095,4.449082186e-05,1.351856797e-05,0.0005222683546,2.939762234e-05,0.0001326546493,0.0004791313575,0.001207761734,0.002520955602,0.0003021002425,0.0001028023175,3.139049285e-05,9.538021225e-06,0.0004828105607,2.939761526e-05,0.0001326546671,0.0004791315889,0.001207762721,0.002520957923,0.01056045691,0.004021391591,0.001374084434,0.0004631891011,0.004451566709,0.0004715993804,0.001362026125,0.003250590172,0.005819831504,0.009028518829,0.01543547307,0.005877785477,0.002008403254,0.0006770113483,0.004848865703,0.0004715995041,0.001362025926,0.003250588463,0.005819826329,0.009028509784,0.0002209535938,6.007349972e-05,1.465575495e-05,3.619895782e-06,0.0001773376891,3.581287591e-06,1.636052171e-05,5.977161238e-05,0.0001454293874,0.0002935607841,0.0001511693807,4.110035447e-05,1.002699269e-05,2.476614724e-06,0.0001628072629,3.581286651e-06,1.63605241e-05,5.97716438e-05,0.0001454295167,0.0002935610782,2.279292484e-07,2.824959911e-08,2.649963016e-09,2.328862683e-10,1.123955734e-05,3.933449198e-09,1.160171556e-07,1.991607944e-06,1.388404028e-05,6.451827253e-05,3.442032575e-10,2.697084085e-11,1.452703474e-12,7.023583023e-14,9.845255986e-07,7.032805373e-12,6.907153112e-10,3.259436119e-08,4.249134027e-07,3.250733832e-06,5.417525751e-10,6.91964541e-11,6.331081819e-12,5.178038498e-13,1.840318097e-06,7.202002529e-11,4.460522524e-09,1.435552208e-07,1.490109826e-06,9.46954878e-06,1.644969122e-10,2.425271657e-11,2.561381468e-12,2.39159462e-13,1.502908448e-06,5.449008218e-11,3.388913024e-09,1.094900993e-07,1.128500683e-06,7.091472793e-06,2.829417546e-11,5.000568869e-12,6.330718658e-13,6.987642599e-14,1.040599473e-06,2.9404491e-11,1.83841504e-09,5.96872509e-08,6.033621645e-07,3.696814558e-06,4.311101593e-13,7.461303544e-14,8.876548656e-15,8.918667695e-16,3.048517799e-07,1.086533651e-12,1.09203118e-10,5.264825601e-09,6.486502002e-08,4.577091216e-07,7.879750332e-18,6.106384193e-19,2.781854368e-20,1.002976568e-21,8.553828831e-09,8.193727414e-18,5.92014698e-15,1.498146953e-12,4.451711772e-11,6.197991235e-10,2.969308632e-17,2.016547305e-18,8.050819415e-20,2.569727132e-21,9.884414652e-09,8.671569185e-18,6.241184505e-15,1.573719827e-12,4.671893155e-11,6.520872681e-10,7.347454733e-17,4.450256958e-18,1.58457155e-19,4.550690802e-21,1.025889414e-08,7.123707819e-18,5.109956029e-15,1.284468494e-12,3.762983247e-11,5.193555657e-10,3.570433765e-20,1.041856017e-21,1.588706337e-23,1.878742256e-25,9.306242782e-10,5.271804758e-22,1.686950184e-18,1.489881354e-15,7.77741688e-14,1.654581046e-12
17,0.0226309006,0.01093246422,0.004738901584,0.001989744358,0.01419058044,0.004248555813,0.01189980957,0.02760286931,0.05046178754,0.07991336939,0.03207553372,0.01549495212,0.006716607707,0.002820133624,0.01535030859,0.004248556837,0.01189980797,0.02760285598,0.05046174631,0.07991329582,0.0004281767924,0.000145705206,4.449082015e-05,1.351856727e-05,0.0005222683356,2.939762134e-05,0.0001326546459,0.0004791313488,0.00120776172,0.002520955594,0.0003021002398,0.0001028023151,3.139049164e-05,9.538020728e-06,0.0004828105431,2.939761425e-05,0.0001326546637,0.0004791315803,0.001207762707,0.002520957915,0.01056045687,0.004021391559,0.001374084416,0.0004631890929,0.004451566674,0.0004715993882,0.001362026162,0.003250590292,0.005819831778,0.009028519381,0.01543547302,0.00587778543,0.002008403227,0.0006770113364,0.004848865665,0.0004715995119,0.001362025963,0.003250588584,0.005819826603,0.009028510336,0.0002209535925,6.00734988e-05,1.465575459e-05,3.61989566e-06,0.0001773376855,3.58128758e-06,1.636052184e-05,5.977161344e-05,0.0001454293914,0.0002935607961,0.0001511693799,4.110035384e-05,1.002699244e-05,2.47661464e-06,0.0001628072596,3.581286641e-06,1.636052423e-05,5.977164486e-05,0.0001454295207,0.0002935610902,2.279292428e-07,2.82495973e-08,2.649962741e-09,2.328862356e-10,1.123955646e-05,3.933448768e-09,1.160171451e-07,1.991607797e-06,1.388403944e-05,6.451826956e-05,3.442032447e-10,2.697083823e-11,1.452703245e-12,7.023581529e-14,9.845254907e-07,7.03280405e-12,6.907151961e-10,3.259435641e-08,4.249133458e-07,3.250733436e-06,5.417872754e-10,6.920085548e-11,6.331481703e-12,5.178363426e-13,1.840329985e-06,7.201897663e-11,4.460457611e-09,1.435531327e-07,1.490087303e-06,9.469399984e-06,1.645475299e-10,2.426013322e-11,2.562159876e-12,2.392317224e-13,1.50295577e-06,5.448632061e-11,3.38867896e-09,1.094825334e-07,1.12841958e-06,7.090942626e-06,2.831159275e-11,5.003628355e-12,6.334568221e-13,6.991867428e-14,1.040665135e-06,2.940043806e-11,1.838161478e-09,5.96790136e-08,6.03275551e-07,3.696262463e-06,4.302608194e-13,7.448345821e-14,8.863205997e-15,8.907184645e-16,3.046486353e-07,1.084560217e-12,1.09005521e-10,5.255332545e-09,6.474353053e-08,4.568150244e-07,7.751344536e-18,6.015558326e-19,2.744438103e-20,9.908064409e-22,8.520219757e-09,8.111498139e-18,5.860983228e-15,1.483233469e-12,4.405330519e-11,6.130080606e-10,2.889387044e-17,1.966935569e-18,7.871421058e-20,2.517978831e-21,9.820439449e-09,8.529610036e-18,6.139440553e-15,1.548165281e-12,4.592505521e-11,6.404362936e-10,7.058115308e-17,4.289973073e-18,1.532847609e-19,4.416369086e-21,1.016186755e-08,6.954524193e-18,4.98910972e-15,1.254211368e-12,3.670243861e-11,5.058998758e-10,3.414858978e-20,1.000276558e-21,1.531146018e-23,1.817075785e-25,9.215303846e-10,5.130399139e-22,1.641886508e-18,1.45023405e-15,7.559719122e-14,1.605623669e-12
18,0.02263090046,0.01093246403,0.004738901455,0.001989744285,0.0141905801,0.004248555752,0.0118998095,0.02760286937,0.05046178803,0.0799133709,0.03207553351,0.01549495186,0.006716607524,0.00282013352,0.01535030822,0.004248556776,0.0118998079,0.02760285604,0.0504617468,0.07991329733,0.0004281767884,0.0001457052024,4.449081837e-05,1.351856654e-05,0.0005222683158,2.939762029e-05,0.0001326546423,0.0004791313398,0.001207761706,0.002520955586,0.000302100237,0.0001028023126,3.139049038e-05,9.538020211e-06,0.0004828105248,2.939761321e-05,0.0001326546602,0.0004791315712,0.001207762693,0.002520957907,0.01056045684,0.004021391525,0.001374084397,0.0004631890844,0.004451566638,0.0004715993964,0.001362026201,0.003250590418,0.005819832064,0.009028519956,0.01543547297,0.00587778538,0.0020084032,0.0006770113239,0.004848865626,0.0004715995201,0.001362026002,0.003250588709,0.005819826889,0.009028510911,0.0002209535911,6.007349783e-05,1.465575421e-05,3.619895533e-06,0.0001773376817,3.581287569e-06,1.636052197e-05,5.977161454e-05,0.0001454293955,0.0002935608086,0.0001511693789,4.110035318e-05,1.002699218e-05,2.476614553e-06,0.0001628072561,3.58128663e-06,1.636052436e-05,5.977164596e-05,0.0001454295248,0.0002935611027,2.27929237e-07,2.824959541e-08,2.649962455e-09,2.328862015e-10,1.123955554e-05,3.933448321e-09,1.160171341e-07,1.991607643e-06,1.388403856e-05,6.451826647e-05,3.442032315e-10,2.69708355e-11,1.452703007e-12,7.023579972e-14,9.845253783e-07,7.032802671e-12,6.907150761e-10,3.259435143e-08,4.249132865e-07,3.250733023e-06,5.418235874e-10,6.920545887e-11,6.331899719e-12,5.178702919e-13,1.840342441e-06,7.201788631e-11,4.460390114e-09,1.435509614e-07,1.490063881e-06,9.469245247e-06,1.646005116e-10,2.426789216e-11,2.562973774e-12,2.393072395e-13,1.503005351e-06,5.44824099e-11,3.388435598e-09,1.094746666e-07,1.128335245e-06,7.090391333e-06,2.83298292e-11,5.006830038e-12,6.338594541e-13,6.996284031e-14,1.040733936e-06,2.939622474e-11,1.837897864e-09,5.967044915e-08,6.031854928e-07,3.695688415e-06,4.293765702e-13,7.434848603e-14,8.849299512e-15,8.895208369e-16,3.044368396e-07,1.082506033e-12,1.08799836e-10,5.245450792e-09,6.461707497e-08,4.558844563e-07,7.619491792e-18,5.922146215e-19,2.705894397e-20,9.782505908e-22,8.485276583e-09,8.026587075e-18,5.799887216e-15,1.467832282e-12,4.35745539e-11,6.060021609e-10,2.808151764e-17,1.916380069e-18,7.688140527e-20,2.464983864e-21,9.754041902e-09,8.383866097e-18,6.034976468e-15,1.521925776e-12,4.511053819e-11,6.28493264e-10,6.767705577e-17,4.128497873e-18,1.480543837e-19,4.280066684e-21,1.006139975e-08,6.78201926e-18,4.865877728e-15,1.223353827e-12,3.575771772e-11,4.922109346e-10,3.259489141e-20,9.585871726e-22,1.473203997e-23,1.754771751e-25,9.121288989e-10,4.986905484e-22,1.596152367e-18,1.409992752e-15,7.339080758e-14,1.556088308e-12
19,0.02263090031,0.01093246384,0.004738901321,0.001989744209,0.01419057974,0.004248555689,0.01189980943,0.02760286943,0.05046178853,0.07991337246,0.0320755333,0.01549495159,0.006716607334,0.002820133412,0.01535030784,0.004248556713,0.01189980783,0.0276028561,0.0504617473,0.07991329889,0.0004281767842,0.0001457051986,4.449081651e-05,1.351856577e-05,0.0005222682952,2.939761921e-05,0.0001326546386,0.0004791313304,0.001207761691,0.002520955578,0.000302100234,0.0001028023099,3.139048907e-05,9.538019674e-06,0.0004828105058,2.939761213e-05,0.0001326546565,0.0004791315618,0.001207762678,0.002520957899,0.0105604568,0.00402139149,0.001374084378,0.0004631890755,0.004451566601,0.0004715994048,0.001362026241,0.003250590549,0.005819832361,0.009028520554,0.01543547292,0.005877785329,0.002008403172,0.0006770113109,0.004848865585,0.0004715995285,0.001362026042,0.00325058884,0.005819827186,0.009028511509,0.0002209535897,6.007349683e-05,1.465575381e-05,3.6198954e-06,0.0001773376778,3.581287558e-06,1.636052211e-05,5.977161569e-05,0.0001454293998,0.0002935608216,0.000151169378,4.110035249e-05,1.002699191e-05,2.476614463e-06,0.0001628072525,3.581286618e-06,1.63605245e-05,5.97716471e-05,0.0001454295291,0.0002935611157,2.27929231e-07,2.824959345e-08,2.649962157e-09,2.328861661e-10,1.123955459e-05,3.933447857e-09,1.160171227e-07,1.991607484e-06,1.388403765e-05,6.451826327e-05,3.442032177e-10,2.697083267e-11,1.45270276e-12,7.023578356e-14,9.845252615e-07,7.032801238e-12,6.907149516e-10,3.259434626e-08,4.24913225e-07,3.250732594e-06,5.418614556e-10,6.921025695e-11,6.332335173e-12,5.179056393e-13,1.840355448e-06,7.201675683e-11,4.460320188e-09,1.435487117e-07,1.490039613e-06,9.469084921e-06,1.64655778e-10,2.427598127e-11,2.563821838e-12,2.393858861e-13,1.503057125e-06,5.447835912e-11,3.388183501e-09,1.094665167e-07,1.128247871e-06,7.089820178e-06,2.834885831e-11,5.010169056e-12,6.34279124e-13,7.00088514e-14,1.040805779e-06,2.939186084e-11,1.837624807e-09,5.966157732e-08,6.030921969e-07,3.695093732e-06,4.284593499e-13,7.420840694e-14,8.834857945e-15,8.882762723e-16,3.042168192e-07,1.080375613e-12,1.085865145e-10,5.23520203e-09,6.448593186e-08,4.549194758e-07,7.48467383e-18,5.82647558e-19,2.666352595e-20,9.653492949e-22,8.449081318e-09,7.939256764e-18,5.737047575e-15,1.451990877e-12,4.30823634e-11,5.988037629e-10,2.725969603e-17,1.865099779e-18,7.501735195e-20,2.410950735e-21,9.685392132e-09,8.234872068e-18,5.928174821e-15,1.495097249e-12,4.427841654e-11,6.163036646e-10,6.477759906e-17,3.966655882e-18,1.427916467e-19,4.142421483e-21,9.957775691e-09,6.606930571e-18,4.740785913e-15,1.192027311e-12,3.479977705e-11,4.783496106e-10,3.105172157e-20,9.170090545e-22,1.415177012e-23,1.692136776e-25,9.024478893e-10,4.841979284e-22,1.549956339e-18,1.369340703e-15,7.116527424e-14,1.506210393e-12
20,0.02263090015,0.01093246364,0.004738901182,0.00198974413,0.01419057937,0.004248555623,0.01189980935,0.0276028695,0.05046178906,0.07991337408,0.03207553308,0.01549495131,0.006716607137,0.0028201333,0.01535030744,0.004248556647,0.01189980775,0.02760285616,0.05046174782,0.07991330051,0.0004281767798,0.0001457051948,4.44908146e-05,1.351856499e-05,0.0005222682739,2.939761809e-05,0.0001326546348,0.0004791313207,0.001207761676,0.00252095557,0.0003021002309,0.0001028023072,3.139048772e-05,9.538019117e-06,0.0004828104861,2.9397611e-05,0.0001326546526,0.0004791315521,0.001207762663,0.00252095789,0.01056045677,0.004021391453,0.001374084358,0.0004631890664,0.004451566562,0.0004715994136,0.001362026283,0.003250590684,0.005819832668,0.009028521172,0.01543547287,0.005877785276,0.002008403142,0.0006770112975,0.004848865543,0.0004715995373,0.001362026083,0.003250588975,0.005819827493,0.009028512127,0.0002209535883,6.007349579e-05,1.46557534e-05,3.619895264e-06,0.0001773376737,3.581287546e-06,1.636052225e-05,5.977161687e-05,0.0001454294043,0.000293560835,0.000151169377,4.110035179e-05,1.002699163e-05,2.476614369e-06,0.0001628072488,3.581286607e-06,1.636052464e-05,5.977164829e-05,0.0001454295336,0.0002935611291,2.279292248e-07,2.824959142e-08,2.649961849e-09,2.328861294e-10,1.123955361e-05,3.933447376e-09,1.160171109e-07,1.991607319e-06,1.38840367e-05,6.451825995e-05,3.442032034e-10,2.697082974e-11,1.452702504e-12,7.023576682e-14,9.845251406e-07,7.032799756e-12,6.907148226e-10,3.25943409e-08,4.249131613e-07,3.250732149e-06,5.419008237e-10,6.921524231e-11,6.332787369e-12,5.179423262e-13,1.84036899e-06,7.20155907e-11,4.460247987e-09,1.435463887e-07,1.490014552e-06,9.46891936e-06,1.64713249e-10,2.428438834e-11,2.564702736e-12,2.394675341e-13,1.503111021e-06,5.447417728e-11,3.387923226e-09,1.094581019e-07,1.128157651e-06,7.08923042e-06,2.836865325e-11,5.013640499e-12,6.347151886e-13,7.005663436e-14,1.04088057e-06,2.938735611e-11,1.837342917e-09,5.96524178e-08,6.029958697e-07,3.694479732e-06,4.275111016e-13,7.406351018e-14,8.81991021e-15,8.869871757e-16,3.039890025e-07,1.078173475e-12,1.083660087e-10,5.224607964e-09,6.435037991e-08,4.539221429e-07,7.347359694e-18,5.728866682e-19,2.625939569e-20,9.521421976e-22,8.411715921e-09,7.849765718e-18,5.672650061e-15,1.43575602e-12,4.2578209e-11,5.914348175e-10,2.643189823e-17,1.813304524e-18,7.312935346e-20,2.356081649e-21,9.614659684e-09,8.083148329e-18,5.819407998e-15,1.467773094e-12,4.343164074e-11,6.039116088e-10,6.189692808e-17,3.805215348e-18,1.375206706e-19,4.004039525e-21,9.851278332e-09,6.429965553e-18,4.614338794e-15,1.160357954e-12,3.383254749e-11,4.643739733e-10,2.952677341e-20,8.757453221e-22,1.357340669e-23,1.62945852e-25,8.925150902e-10,4.696240531e-22,1.503495756e-18,1.328451317e-15,6.893026131e-14,1.456210937e-12
21,0.02263089999,0.01093246344,0.004738901039,0.001989744049,0.01419057899,0.004248555556,0.01189980928,0.02760286956,0.05046178959,0.07991337575,0.03207553285,0.01549495102,0.006716606935,0.002820133185,0.01535030703,0.004248556579,0.01189980768,0.02760285623,0.05046174836,0.07991330218,0.0004281767754,0.0001457051908,4.449081262e-05,1.351856417e-05,0.0005222682519,2.939761693e-05,0.0001326546308,0.0004791313106,0.00120776166,0.002520955561,0.0003021002278,0.0001028023044,3.139048633e-05,9.538018543e-06,0.0004828104658,2.939760984e-05,0.0001326546487,0.0004791315421,0.001207762647,0.002520957882,0.01056045673,0.004021391416,0.001374084337,0.0004631890569,0.004451566522,0.0004715994226,0.001362026326,0.003250590823,0.005819832985,0.00902852181,0.01543547281,0.005877785221,0.002008403112,0.0006770112837,0.0048488655,0.0004715995463,0.001362026126,0.003250589115,0.00581982781,0.009028512765,0.0002209535868,6.007349472e-05,1.465575298e-05,3.619895122e-06,0.0001773376695,3.581287534e-06,1.636052239e-05,5.977161809e-05,0.0001454294088,0.0002935608489,0.000151169376,4.110035105e-05,1.002699134e-05,2.476614273e-06,0.0001628072449,3.581286595e-06,1.636052479e-05,5.977164951e-05,0.0001454295382,0.000293561143,2.279292183e-07,2.824958932e-08,2.649961531e-09,2.328860916e-10,1.123955259e-05,3.93344688e-09,1.160170987e-07,1.991607148e-06,1.388403573e-05,6.451825652e-05,3.442031887e-10,2.697082671e-11,1.45270224e-12,7.023574956e-14,9.845250159e-07,7.032798226e-12,6.907146896e-10,3.259433538e-08,4.249130955e-07,3.250731691e-06,5.419416351e-10,6.922040748e-11,6.333255604e-12,5.179802936e-13,1.840383047e-06,7.201439042e-11,4.460173666e-09,1.435439974e-07,1.489988752e-06,9.468748913e-06,1.647728434e-10,2.429310103e-11,2.565615123e-12,2.395520545e-13,1.503166968e-06,5.446987336e-11,3.387655332e-09,1.094494401e-07,1.128064777e-06,7.088623312e-06,2.838918686e-11,5.017239401e-12,6.351669986e-13,7.010611543e-14,1.040958209e-06,2.938272025e-11,1.837052797e-09,5.964299015e-08,6.028967167e-07,3.693847724e-06,4.265337727e-13,7.391408609e-14,8.804485391e-15,8.856559719e-16,3.037538203e-07,1.075904139e-12,1.081387708e-10,5.213690309e-09,6.421069793e-08,4.528945175e-07,7.208004245e-18,5.629631348e-19,2.584779355e-20,9.386682059e-22,8.373262218e-09,7.758367795e-18,5.606877101e-15,1.419173645e-12,4.20635381e-11,5.839168315e-10,2.560142828e-17,1.761194186e-18,7.122441464e-20,2.300571789e-21,9.542013284e-09,7.929199269e-18,5.709037005e-15,1.440043868e-12,4.257306615e-11,5.913596915e-10,5.904794647e-17,3.644885547e-18,1.322639809e-19,3.86549258e-21,9.742188044e-09,6.251798894e-18,4.487017673e-15,1.128466117e-12,3.285976891e-11,4.503390757e-10,2.802693889e-20,8.349804638e-22,1.299948546e-23,1.567004645e-25,8.82357839e-10,4.55027161e-22,1.456956039e-18,1.28748758e-15,6.669482052e-14,1.406295817e-12
22,0.02263089982,0.01093246323,0.004738900891,0.001989743965,0.0141905786,0.004248555486,0.0118998092,0.02760286963,0.05046179015,0.07991337747,0.03207553262,0.01549495073,0.006716606726,0.002820133066,0.0153503066,0.00424855651,0.0118998076,0.0276028563,0.05046174892,0.0799133039,0.0004281767707,0.0001457051866,4.449081058e-05,1.351856334e-05,0.0005222682293,2.939761574e-05,0.0001326546268,0.0004791313003,0.001207761643,0.002520955552,0.0003021002245,0.0001028023014,3.139048489e-05,9.538017953e-06,0.0004828104449,2.939760865e-05,0.0001326546446,0.0004791315317,0.00120776263,0.002520957873,0.01056045669,0.004021391377,0.001374084316,0.0004631890471,0.004451566481,0.0004715994319,0.00136202637,0.003250590967,0.005819833311,0.009028522467,0.01543547276,0.005877785164,0.002008403081,0.0006770112694,0.004848865455,0.0004715995556,0.00136202617,0.003250589258,0.005819828136,0.009028513422,0.0002209535852,6.007349362e-05,1.465575255e-05,3.619894977e-06,0.0001773376652,3.581287521e-06,1.636052255e-05,5.977161935e-05,0.0001454294136,0.0002935608632,0.0001511693749,4.11003503e-05,1.002699105e-05,2.476614173e-06,0.0001628072409,3.581286582e-06,1.636052494e-05,5.977165077e-05,0.0001454295429,0.0002935611573,2.279292117e-07,2.824958717e-08,2.649961203e-09,2.328860527e-10,1.123955155e-05,3.93344637e-09,1.160170861e-07,1.991606973e-06,1.388403472e-05,6.451825299e-05,3.442031736e-10,2.697082359e-11,1.452701969e-12,7.023573178e-14,9.845248875e-07,7.032796651e-12,6.907145527e-10,3.25943297e-08,4.249130279e-07,3.250731219e-06,5.41983832e-10,6.922574491e-11,6.333739167e-12,5.18019482e-13,1.840397603e-06,7.201315846e-11,4.460097378e-09,1.435415425e-07,1.489962264e-06,9.468573929e-06,1.648344788e-10,2.430210683e-11,2.56655764e-12,2.39639317e-13,1.503224896e-06,5.446545628e-11,3.387380371e-09,1.094405491e-07,1.127969439e-06,7.088000101e-06,2.841043152e-11,5.02096073e-12,6.356338975e-13,7.015722016e-14,1.041038597e-06,2.937796291e-11,1.836755049e-09,5.963331388e-08,6.027949422e-07,3.693199011e-06,4.255293141e-13,7.376042605e-14,8.788612739e-15,8.842851058e-16,3.035117057e-07,1.073572123e-12,1.07905253e-10,5.202470777e-09,6.406716464e-08,4.518386585e-07,7.067046831e-18,5.529072095e-19,2.542992819e-20,9.24965391e-22,8.333801837e-09,7.665311614e-18,5.539907381e-15,1.402288746e-12,4.153976681e-11,5.762708165e-10,2.477139118e-17,1.708958053e-18,6.930921906e-20,2.244608672e-21,9.467620601e-09,7.77351181e-18,5.597410417e-15,1.411997025e-12,4.170544447e-11,5.786888605e-10,5.624229278e-17,3.486314972e-18,1.270424389e-19,3.727316202e-21,9.630782053e-09,6.073070356e-18,4.359279085e-15,1.096466004e-12,3.188497812e-11,4.362967794e-10,2.655830631e-20,7.948800778e-22,1.243231627e-23,1.50502207e-25,8.720030161e-10,4.404615752e-22,1.4105102e-18,1.246601623e-15,6.446736208e-14,1.356655295e-12
23,0.02263089965,0.01093246301,0.00473890074,0.001989743879,0.0141905782,0.004248555414,0.01189980912,0.0276028697,0.05046179072,0.07991337923,0.03207553238,0.01549495042,0.006716606511,0.002820132944,0.01535030617,0.004248556438,0.01189980752,0.02760285637,0.05046174949,0.07991330567,0.000428176766,0.0001457051824,4.449080849e-05,1.351856248e-05,0.0005222682061,2.939761451e-05,0.0001326546226,0.0004791312897,0.001207761627,0.002520955543,0.0003021002212,0.0001028022985,3.139048341e-05,9.538017346e-06,0.0004828104234,2.939760743e-05,0.0001326546404,0.0004791315211,0.001207762614,0.002520957863,0.01056045665,0.004021391337,0.001374084294,0.0004631890371,0.004451566439,0.0004715994415,0.001362026415,0.003250591114,0.005819833646,0.009028523141,0.0154354727,0.005877785107,0.002008403048,0.0006770112548,0.004848865409,0.0004715995652,0.001362026216,0.003250589406,0.005819828471,0.009028514096,0.0002209535837,6.007349249e-05,1.46557521e-05,3.619894828e-06,0.0001773376608,3.581287508e-06,1.63605227e-05,5.977162064e-05,0.0001454294184,0.0002935608778,0.0001511693738,4.110034953e-05,1.002699074e-05,2.476614071e-06,0.0001628072369,3.581286569e-06,1.636052509e-05,5.977165206e-05,0.0001454295477,0.0002935611719,2.279292049e-07,2.824958496e-08,2.649960867e-09,2.328860127e-10,1.123955048e-05,3.933445845e-09,1.160170732e-07,1.991606793e-06,1.388403369e-05,6.451824937e-05,3.44203158e-10,2.69708204e-11,1.45270169e-12,7.023571354e-14,9.845247557e-07,7.032795034e-12,6.907144121e-10,3.259432386e-08,4.249129584e-07,3.250730735e-06,5.42027356e-10,6.923124693e-11,6.334237339e-12,5.180598314e-13,1.840412639e-06,7.201189729e-11,4.460019273e-09,1.43539029e-07,1.489935143e-06,9.468394755e-06,1.648980716e-10,2.431139305e-11,2.567528914e-12,2.397291903e-13,1.503284729e-06,5.446093491e-11,3.387098893e-09,1.094314467e-07,1.127871826e-06,7.087362027e-06,2.843235916e-11,5.024799378e-12,6.361152203e-13,7.020987329e-14,1.041121633e-06,2.937309367e-11,1.836450271e-09,5.962340832e-08,6.026907491e-07,3.692534886e-06,4.244996791e-13,7.360282234e-14,8.772321662e-15,8.828770424e-16,3.032630936e-07,1.071181945e-12,1.076659072e-10,5.19097107e-09,6.392005857e-08,4.50756623e-07,6.924910131e-18,5.427481346e-19,2.500697355e-20,9.110708976e-22,8.293416124e-09,7.57084003e-18,5.471915468e-15,1.385145288e-12,4.100827684e-11,5.685172413e-10,2.394468492e-17,1.656774288e-18,6.739010959e-20,2.18837159e-21,9.391648002e-09,7.616554128e-18,5.484863458e-15,1.383716686e-12,4.083141647e-11,5.659383074e-10,5.349033479e-17,3.330090388e-18,1.218751953e-19,3.590008263e-21,9.517333894e-09,5.894383026e-18,4.231553542e-15,1.064465341e-12,3.091149935e-11,4.222956204e-10,2.51261693e-20,7.555908792e-22,1.187398054e-23,1.443736515e-25,8.614769892e-10,4.259775989e-22,1.364318507e-18,1.205934416e-15,6.22556401e-14,1.307463734e-12
24,0.02263089948,0.01093246279,0.004738900585,0.001989743791,0.01419057779,0.004248555341,0.01189980904,0.02760286978,0.0504617913,0.07991338104,0.03207553213,0.01549495011,0.006716606292,0.00282013282,0.01535030572,0.004248556365,0.01189980744,0.02760285644,0.05046175007,0.07991330748,0.0004281767612,0.0001457051781,4.449080635e-05,1.35185616e-05,0.0005222681823,2.939761326e-05,0.0001326546183,0.0004791312788,0.001207761609,0.002520955533,0.0003021002178,0.0001028022954,3.13904819e-05,9.538016725e-06,0.0004828104014,2.939760618e-05,0.0001326546361,0.0004791315103,0.001207762596,0.002520957854,0.01056045661,0.004021391297,0.001374084271,0.0004631890269,0.004451566396,0.0004715994513,0.001362026461,0.003250591265,0.005819833989,0.009028523832,0.01543547264,0.005877785047,0.002008403016,0.0006770112398,0.004848865362,0.000471599575,0.001362026262,0.003250589557,0.005819828814,0.009028514787,0.000220953582,6.007349134e-05,1.465575164e-05,3.619894675e-06,0.0001773376563,3.581287495e-06,1.636052286e-05,5.977162196e-05,0.0001454294234,0.0002935608928,0.0001511693727,4.110034874e-05,1.002699043e-05,2.476613967e-06,0.0001628072327,3.581286556e-06,1.636052525e-05,5.977165338e-05,0.0001454295527,0.0002935611869,2.279291979e-07,2.824958269e-08,2.649960523e-09,2.328859718e-10,1.123954938e-05,3.933445309e-09,1.1601706e-07,1.991606609e-06,1.388403264e-05,6.451824566e-05,3.442031421e-10,2.697081712e-11,1.452701404e-12,7.023569486e-14,9.845246208e-07,7.032793379e-12,6.907142681e-10,3.259431788e-08,4.249128873e-07,3.250730239e-06,5.420721475e-10,6.923690577e-11,6.334749395e-12,5.181012812e-13,1.840428136e-06,7.201060936e-11,4.459939505e-09,1.435364617e-07,1.489907439e-06,9.468211736e-06,1.649635364e-10,2.432094682e-11,2.568527551e-12,2.398215416e-13,1.503346392e-06,5.445631806e-11,3.386811446e-09,1.094221504e-07,1.127772128e-06,7.08671032e-06,2.845494114e-11,5.028750152e-12,6.366102929e-13,7.02639987e-14,1.041207212e-06,2.936812204e-11,1.836139056e-09,5.961329271e-08,6.025843391e-07,3.691856637e-06,4.234468217e-13,7.344156799e-14,8.755641719e-15,8.814342662e-16,3.030084216e-07,1.068738112e-12,1.074211849e-10,5.179212863e-09,6.376965784e-08,4.496504645e-07,6.78199916e-18,5.325140743e-19,2.458006613e-20,8.970208608e-22,8.252186072e-09,7.47518965e-18,5.403071458e-15,1.367786114e-12,4.047041278e-11,5.606759902e-10,2.312399504e-17,1.604809537e-18,6.547307268e-20,2.132031148e-21,9.314260324e-09,7.45877455e-18,5.371717216e-15,1.355283442e-12,3.995350581e-11,5.531453763e-10,5.080118025e-17,3.176736655e-18,1.167796646e-19,3.454027932e-21,9.402112882e-09,5.716301978e-18,4.104244575e-15,1.03256514e-12,2.99424372e-11,4.083807128e-10,2.373504602e-20,7.172409494e-22,1.13263317e-23,1.383352305e-25,8.508055605e-10,4.116214591e-22,1.318528305e-18,1.165615615e-15,6.006674585e-14,1.258879514e-12
25,0.0226308993,0.01093246257,0.004738900427,0.001989743701,0.01419057737,0.004248555266,0.01189980895,0.02760286985,0.0504617919,0.07991338289,0.03207553188,0.01549494979,0.006716606067,0.002820132692,0.01535030527,0.00424855629,0.01189980735,0.02760285652,0.05046175067,0.07991330932,0.0004281767562,0.0001457051737,4.449080416e-05,1.35185607e-05,0.000522268158,2.939761198e-05,0.0001326546139,0.0004791312677,0.001207761592,0.002520955524,0.0003021002143,0.0001028022923,3.139048036e-05,9.538016091e-06,0.000482810379,2.93976049e-05,0.0001326546318,0.0004791314992,0.001207762579,0.002520957844,0.01056045657,0.004021391255,0.001374084248,0.0004631890164,0.004451566352,0.0004715994613,0.001362026509,0.00325059142,0.00581983434,0.009028524537,0.01543547258,0.005877784987,0.002008402982,0.0006770112245,0.004848865314,0.000471599585,0.00136202631,0.003250589711,0.005819829165,0.009028515492,0.0002209535804,6.007349015e-05,1.465575117e-05,3.619894519e-06,0.0001773376516,3.581287482e-06,1.636052302e-05,5.977162332e-05,0.0001454294284,0.0002935609082,0.0001511693716,4.110034793e-05,1.002699011e-05,2.47661386e-06,0.0001628072284,3.581286543e-06,1.636052541e-05,5.977165473e-05,0.0001454295578,0.0002935612023,2.279291908e-07,2.824958037e-08,2.649960171e-09,2.3288593e-10,1.123954826e-05,3.93344476e-09,1.160170466e-07,1.99160642e-06,1.388403156e-05,6.451824187e-05,3.442031258e-10,2.697081377e-11,1.452701112e-12,7.023567576e-14,9.845244828e-07,7.032791687e-12,6.90714121e-10,3.259431177e-08,4.249128146e-07,3.250729732e-06,5.42118146e-10,6.924271353e-11,6.335274598e-12,5.181437702e-13,1.840444074e-06,7.200929708e-11,4.459858222e-09,1.435338455e-07,1.489879205e-06,9.468025213e-06,1.650307864e-10,2.433075506e-11,2.56955214e-12,2.399162367e-13,1.503409809e-06,5.445161446e-11,3.38651857e-09,1.094126778e-07,1.127670531e-06,7.086046202e-06,2.847814825e-11,5.032807768e-12,6.371184309e-13,7.03195193e-14,1.041295226e-06,2.936305745e-11,1.835821992e-09,5.960298612e-08,6.024759124e-07,3.691165537e-06,4.223726963e-13,7.327695664e-14,8.738602605e-15,8.799592808e-16,3.027481289e-07,1.066245129e-12,1.071715366e-10,5.167217797e-09,6.361624005e-08,4.485222319e-07,6.638700446e-18,5.222320561e-19,2.415030266e-20,8.828503316e-22,8.210192239e-09,7.378590403e-18,5.333540675e-15,1.350252872e-12,3.992747954e-11,5.527663257e-10,2.231179142e-17,1.553218649e-18,6.35637263e-20,2.075748872e-21,9.235620635e-09,7.300600651e-18,5.258277991e-15,1.326774189e-12,3.9074114e-11,5.40345491e-10,4.818270215e-17,3.026717278e-18,1.1177152e-19,3.319795096e-21,9.285383618e-09,5.539353343e-18,3.97772806e-15,1.000859525e-12,2.898067192e-11,3.945936905e-10,2.238870699e-20,6.799401972e-22,1.079099824e-23,1.324052421e-25,8.400139193e-10,3.97435295e-22,1.273273971e-18,1.125763515e-15,5.79071083e-14,1.211045126e-12
26,0.02263089912,0.01093246234,0.004738900265,0.00198974361,0.01419057694,0.00424855519,0.01189980886,0.02760286993,0.05046179251,0.07991338477,0.03207553162,0.01549494946,0.006716605838,0.002820132562,0.0153503048,0.004248556214,0.01189980727,0.02760285659,0.05046175127,0.07991331121,0.0004281767511,0.0001457051691,4.449080193e-05,1.351855978e-05,0.0005222681332,2.939761067e-05,0.0001326546095,0.0004791312564,0.001207761574,0.002520955514,0.0003021002107,0.0001028022891,3.139047878e-05,9.538015443e-06,0.0004828103561,2.939760359e-05,0.0001326546273,0.0004791314879,0.001207762561,0.002520957834,0.01056045653,0.004021391213,0.001374084225,0.0004631890058,0.004451566307,0.0004715994715,0.001362026557,0.003250591577,0.005819834697,0.009028525257,0.01543547252,0.005877784925,0.002008402948,0.0006770112089,0.004848865265,0.0004715995952,0.001362026358,0.003250589868,0.005819829523,0.009028516212,0.0002209535787,6.007348895e-05,1.46557507e-05,3.61989436e-06,0.0001773376469,3.581287468e-06,1.636052319e-05,5.977162469e-05,0.0001454294336,0.0002935609238,0.0001511693704,4.11003471e-05,1.002698978e-05,2.476613751e-06,0.0001628072241,3.581286529e-06,1.636052558e-05,5.977165611e-05,0.0001454295629,0.0002935612179,2.279291836e-07,2.824957801e-08,2.649959813e-09,2.328858873e-10,1.123954711e-05,3.933444201e-09,1.160170328e-07,1.991606228e-06,1.388403046e-05,6.451823801e-05,3.442031092e-10,2.697081036e-11,1.452700814e-12,7.023565629e-14,9.845243422e-07,7.032789962e-12,6.90713971e-10,3.259430554e-08,4.249127404e-07,3.250729215e-06,5.421652897e-10,6.924866221e-11,6.335812203e-12,5.181872364e-13,1.840460434e-06,7.200796288e-11,4.459775573e-09,1.435311851e-07,1.489850492e-06,9.467835527e-06,1.65099733e-10,2.434080445e-11,2.570601249e-12,2.400131394e-13,1.503474899e-06,5.444683278e-11,3.386220804e-09,1.094030461e-07,1.12756722e-06,7.085370887e-06,2.850195062e-11,5.03696684e-12,6.37638939e-13,7.037635697e-14,1.041385565e-06,2.935790925e-11,1.835499663e-09,5.959250746e-08,6.023656674e-07,3.690462854e-06,4.212792554e-13,7.310928237e-14,8.721234138e-15,8.784546079e-16,3.024826571e-07,1.063707487e-12,1.069174119e-10,5.15500746e-09,6.34600821e-08,4.473739683e-07,6.495381364e-18,5.119279213e-19,2.371873795e-20,8.685932094e-22,8.167514676e-09,7.281265161e-18,5.263483391e-15,1.332585943e-12,3.938074023e-11,5.448068562e-10,2.15103273e-17,1.50214452e-18,6.166731138e-20,2.019676912e-21,9.155890015e-09,7.142438526e-18,5.144836774e-15,1.298262001e-12,3.819551639e-11,5.275720988e-10,4.564157678e-17,2.880435601e-18,1.068647066e-19,3.187690189e-21,9.167405497e-09,5.364023749e-18,3.852351814e-15,9.694356325e-13,2.802885686e-11,3.80972683e-10,2.109021031e-20,6.437810057e-22,1.026938907e-23,1.26599877e-25,8.291265975e-10,3.834571867e-22,1.228677003e-18,1.086485126e-15,5.578250124e-14,1.164087419e-12
27,0.02263089893,0.0109324621,0.004738900101,0.001989743516,0.0141905765,0.004248555113,0.01189980878,0.02760287,0.05046179313,0.07991338669,0.03207553136,0.01549494913,0.006716605606,0.00282013243,0.01535030433,0.004248556136,0.01189980718,0.02760285667,0.05046175189,0.07991331312,0.000428176746,0.0001457051645,4.449079966e-05,1.351855885e-05,0.000522268108,2.939760934e-05,0.0001326546049,0.0004791312449,0.001207761556,0.002520955504,0.0003021002071,0.0001028022859,3.139047718e-05,9.538014784e-06,0.0004828103327,2.939760226e-05,0.0001326546227,0.0004791314763,0.001207762543,0.002520957824,0.01056045648,0.00402139117,0.001374084201,0.0004631889949,0.004451566261,0.0004715994819,0.001362026606,0.003250591737,0.005819835061,0.009028525989,0.01543547245,0.005877784862,0.002008402913,0.0006770111931,0.004848865215,0.0004715996055,0.001362026407,0.003250590029,0.005819829886,0.009028516944,0.000220953577,6.007348772e-05,1.465575021e-05,3.619894198e-06,0.0001773376421,3.581287454e-06,1.636052336e-05,5.97716261e-05,0.0001454294389,0.0002935609397,0.0001511693692,4.110034626e-05,1.002698945e-05,2.47661364e-06,0.0001628072197,3.581286515e-06,1.636052575e-05,5.977165751e-05,0.0001454295682,0.0002935612338,2.279291762e-07,2.824957561e-08,2.649959447e-09,2.328858439e-10,1.123954595e-05,3.933443631e-09,1.160170188e-07,1.991606033e-06,1.388402934e-05,6.451823408e-05,3.442030923e-10,2.697080688e-11,1.452700512e-12,7.023563647e-14,9.84524199e-07,7.032788206e-12,6.907138183e-10,3.25942992e-08,4.24912665e-07,3.250728689e-06,5.422135155e-10,6.925474363e-11,6.336361452e-12,5.182316172e-13,1.840477195e-06,7.200660914e-11,4.459691706e-09,1.435284853e-07,1.489821351e-06,9.467643013e-06,1.651702855e-10,2.435108143e-11,2.571673423e-12,2.401121122e-13,1.503541581e-06,5.444198159e-11,3.38591868e-09,1.093932726e-07,1.127462379e-06,7.084685577e-06,2.852631769e-11,5.041221874e-12,6.3817111e-13,7.043443246e-14,1.041478117e-06,2.935268671e-11,1.835172648e-09,5.958187546e-08,6.022538008e-07,3.689749841e-06,4.20168449e-13,7.29388395e-14,8.703566243e-15,8.76922786e-16,3.022124494e-07,1.061129663e-12,1.06659259e-10,5.14260338e-09,6.330146001e-08,4.462077098e-07,6.352389628e-18,5.016262848e-19,2.328638318e-20,8.542821839e-22,8.124232844e-09,7.183429403e-18,5.19305459e-15,1.31482438e-12,3.883141426e-11,5.36815508e-10,2.072164031e-17,1.45171804e-18,5.978868672e-20,1.963957822e-21,9.075227337e-09,6.984672241e-18,5.031668854e-15,1.269816023e-12,3.731985927e-11,5.148566319e-10,4.318333282e-17,2.738236568e-18,1.020714706e-19,3.058054394e-21,9.04843227e-09,5.190760128e-18,3.728435445e-15,9.383735699e-13,2.708941807e-11,3.675523238e-10,1.98419427e-20,6.088390328e-22,9.762700906e-24,1.209332658e-25,8.1816743e-10,3.697212195e-22,1.18484622e-18,1.047876345e-15,5.369805618e-14,1.118117984e-12
28,0.02263089875,0.01093246187,0.004738899934,0.001989743421,0.01419057606,0.004248555034,0.01189980869,0.02760287008,0.05046179375,0.07991338864,0.03207553109,0.01549494879,0.006716605369,0.002820132295,0.01535030385,0.004248556058,0.01189980709,0.02760285675,0.05046175252,0.07991331507,0.0004281767408,0.0001457051599,4.449079735e-05,1.35185579e-05,0.0005222680824,2.939760799e-05,0.0001326546003,0.0004791312332,0.001207761537,0.002520955493,0.0003021002034,0.0001028022826,3.139047555e-05,9.538014115e-06,0.0004828103091,2.939760091e-05,0.0001326546181,0.0004791314646,0.001207762524,0.002520957814,0.01056045644,0.004021391126,0.001374084177,0.0004631889839,0.004451566214,0.0004715994924,0.001362026656,0.0032505919,0.005819835431,0.009028526733,0.01543547239,0.005877784798,0.002008402878,0.0006770111769,0.004848865164,0.0004715996161,0.001362026457,0.003250590191,0.005819830256,0.009028517688,0.0002209535752,6.007348647e-05,1.465574972e-05,3.619894033e-06,0.0001773376372,3.58128744e-06,1.636052353e-05,5.977162752e-05,0.0001454294442,0.0002935609559,0.0001511693681,4.110034541e-05,1.002698911e-05,2.476613527e-06,0.0001628072152,3.581286501e-06,1.636052592e-05,5.977165894e-05,0.0001454295736,0.00029356125,2.279291687e-07,2.824957317e-08,2.649959077e-09,2.328857998e-10,1.123954476e-05,3.933443053e-09,1.160170046e-07,1.991605834e-06,1.38840282e-05,6.451823008e-05,3.442030752e-10,2.697080336e-11,1.452700204e-12,7.023561634e-14,9.845240536e-07,7.032786422e-12,6.907136631e-10,3.259429276e-08,4.249125883e-07,3.250728155e-06,5.422627591e-10,6.926094948e-11,6.336921578e-12,5.182768491e-13,1.840494336e-06,7.200523822e-11,4.459606767e-09,1.435257507e-07,1.489791833e-06,9.467448006e-06,1.652423513e-10,2.436157216e-11,2.572767186e-12,2.402130155e-13,1.50360977e-06,5.443706939e-11,3.385612726e-09,1.093833743e-07,1.127356192e-06,7.083991462e-06,2.855121818e-11,5.045567263e-12,6.387142241e-13,7.049366532e-14,1.041572764e-06,2.9347399e-11,1.834841519e-09,5.957110871e-08,6.021405077e-07,3.689027741e-06,4.190422223e-13,7.276592235e-14,8.68562893e-15,8.753663693e-16,3.019379507e-07,1.058516118e-12,1.063975244e-10,5.130027007e-09,6.314064873e-08,4.450254837e-07,6.210052932e-18,4.913505047e-19,2.285420447e-20,8.399486844e-22,8.080425544e-09,7.085290935e-18,5.122403766e-15,1.29700586e-12,3.828067575e-11,5.288095028e-10,1.994755528e-17,1.402058151e-18,5.793232697e-20,1.908724418e-21,8.993789058e-09,6.827663451e-18,4.919033535e-15,1.24150141e-12,3.644915798e-11,5.02228484e-10,4.081240944e-17,2.600408982e-18,9.740240435e-20,2.931190209e-21,8.928711613e-09,5.019969852e-18,3.606270438e-15,9.077464343e-13,2.616455578e-11,3.543637883e-10,1.864566517e-20,5.751741387e-22,9.271927379e-24,1.154175429e-25,8.071595197e-10,3.562575814e-22,1.141878066e-18,1.010022219e-15,5.165828042e-14,1.073233666e-12
29,0.02263089856,0.01093246162,0.004738899765,0.001989743325,0.01419057561,0.004248554954,0.0118998086,0.02760287016,0.05046179439,0.07991339061,0.03207553082,0.01549494845,0.006716605129,0.002820132159,0.01535030336,0.004248555978,0.011899807,0.02760285683,0.05046175316,0.07991331705,0.0004281767355,0.0001457051551,4.449079501e-05,1.351855693e-05,0.0005222680564,2.939760662e-05,0.0001326545956,0.0004791312213,0.001207761518,0.002520955483,0.0003021001996,0.0001028022792,3.13904739e-05,9.538013437e-06,0.000482810285,2.939759954e-05,0.0001326546135,0.0004791314528,0.001207762505,0.002520957804,0.0105604564,0.004021391082,0.001374084152,0.0004631889727,0.004451566167,0.0004715995031,0.001362026707,0.003250592065,0.005819835806,0.009028527488,0.01543547232,0.005877784733,0.002008402842,0.0006770111606,0.004848865113,0.0004715996268,0.001362026508,0.003250590356,0.005819830631,0.009028518443,0.0002209535735,6.007348521e-05,1.465574922e-05,3.619893866e-06,0.0001773376322,3.581287425e-06,1.63605237e-05,5.977162897e-05,0.0001454294497,0.0002935609723,0.0001511693668,4.110034454e-05,1.002698877e-05,2.476613413e-06,0.0001628072106,3.581286486e-06,1.636052609e-05,5.977166038e-05,0.000145429579,0.0002935612664,2.279291611e-07,2.824957069e-08,2.649958701e-09,2.328857551e-10,1.123954356e-05,3.933442466e-09,1.160169902e-07,1.991605633e-06,1.388402705e-05,6.451822603e-05,3.442030578e-10,2.697079978e-11,1.452699892e-12,7.023559592e-14,9.845239061e-07,7.032784613e-12,6.907135058e-10,3.259428623e-08,4.249125106e-07,3.250727613e-06,5.423129547e-10,6.926727131e-11,6.3374918e-12,5.18322868e-13,1.840511835e-06,7.200385246e-11,4.4595209e-09,1.43522986e-07,1.489761987e-06,9.467250837e-06,1.653158358e-10,2.437226257e-11,2.573881033e-12,2.403157078e-13,1.503679381e-06,5.443210459e-11,3.385303464e-09,1.09373368e-07,1.127248837e-06,7.083289723e-06,2.857662e-11,5.049997278e-12,6.392675484e-13,7.055397387e-14,1.041669387e-06,2.934205517e-11,1.834506841e-09,5.956022557e-08,6.020259808e-07,3.688297783e-06,4.17902515e-13,7.259082509e-14,8.667452276e-15,8.737879258e-16,3.016596074e-07,1.055871297e-12,1.061326531e-10,5.117299704e-09,6.297792201e-08,4.438293077e-07,6.068678744e-18,4.811226604e-19,2.242312169e-20,8.256228379e-22,8.03617084e-09,6.98704966e-18,5.05167475e-15,1.279166642e-12,3.772965224e-11,5.208053393e-10,1.918968876e-17,1.353271987e-18,5.610232379e-20,1.854099713e-21,8.91172902e-09,6.671751188e-18,4.807173986e-15,1.213379276e-12,3.558529593e-11,4.897150022e-10,3.85322217e-17,2.467188169e-18,9.286650353e-20,2.807362311e-21,8.80848474e-09,4.852021183e-18,3.486120463e-15,8.776203875e-13,2.525624759e-11,3.414348587e-10,1.75025619e-20,5.428314117e-22,8.797869586e-24,1.100629267e-25,7.961252063e-10,3.430926873e-22,1.099857002e-18,9.729972858e-16,4.966707948e-14,1.029517169e-12
30,0.02263089836,0.01093246138,0.004738899593,0.001989743228,0.01419057515,0.004248554873,0.01189980851,0.02760287024,0.05046179504,0.07991339261,0.03207553055,0.0154949481,0.006716604886,0.002820132021,0.01535030287,0.004248555897,0.01189980691,0.02760285691,0.0504617538,0.07991331905,0.0004281767301,0.0001457051504,4.449079264e-05,1.351855596e-05,0.0005222680301,2.939760524e-05,0.0001326545909,0.0004791312093,0.001207761499,0.002520955473,0.0003021001959,0.0001028022758,3.139047223e-05,9.53801275e-06,0.0004828102607,2.939759815e-05,0.0001326546087,0.0004791314408,0.001207762486,0.002520957793,0.01056045635,0.004021391037,0.001374084128,0.0004631889613,0.004451566119,0.0004715995139,0.001362026758,0.003250592232,0.005819836185,0.009028528252,0.01543547226,0.005877784667,0.002008402806,0.000677011144,0.004848865061,0.0004715996376,0.001362026559,0.003250590523,0.005819831011,0.009028519207,0.0002209535717,6.007348393e-05,1.465574872e-05,3.619893697e-06,0.0001773376272,3.581287411e-06,1.636052388e-05,5.977163043e-05,0.0001454294552,0.0002935609889,0.0001511693656,4.110034367e-05,1.002698843e-05,2.476613298e-06,0.000162807206,3.581286472e-06,1.636052627e-05,5.977166185e-05,0.0001454295845,0.000293561283,2.279291534e-07,2.824956818e-08,2.64995832e-09,2.328857098e-10,1.123954235e-05,3.933441873e-09,1.160169756e-07,1.991605429e-06,1.388402588e-05,6.451822193e-05,3.442030402e-10,2.697079615e-11,1.452699576e-12,7.023557525e-14,9.845237568e-07,7.032782782e-12,6.907133466e-10,3.259427962e-08,4.249124319e-07,3.250727064e-06,5.423640352e-10,6.92737005e-11,6.338071327e-12,5.183696087e-13,1.84052967e-06,7.200245419e-11,4.459434249e-09,1.435201957e-07,1.489731863e-06,9.467051832e-06,1.65390642e-10,2.438313825e-11,2.575013436e-12,2.404200456e-13,1.503750323e-06,5.442709552e-11,3.384991412e-09,1.093632705e-07,1.127140494e-06,7.082581528e-06,2.86024903e-11,5.054506064e-12,6.398303359e-13,7.06152751e-14,1.041767862e-06,2.933666421e-11,1.834169176e-09,5.954924421e-08,6.019104112e-07,3.687561185e-06,4.167512591e-13,7.241384146e-14,8.649066402e-15,8.721900355e-16,3.013778673e-07,1.053199618e-12,1.058650874e-10,5.104442729e-09,6.281355215e-08,4.426211884e-07,5.928554228e-18,4.709635388e-19,2.199400771e-20,8.113334354e-22,7.991545984e-09,6.888897388e-18,4.981005583e-15,1.261341528e-12,3.71794237e-11,5.128187792e-10,1.844945498e-17,1.30545511e-18,5.430238965e-20,1.800196924e-21,8.829198261e-09,6.517251793e-18,4.696317185e-15,1.18550669e-12,3.473002453e-11,4.773414931e-10,3.634523163e-17,2.338758988e-18,8.847123614e-20,2.686798718e-21,8.687986051e-09,4.687243993e-18,3.368221883e-15,8.480547788e-13,2.436625337e-11,3.287900128e-10,1.641329129e-20,5.118422653e-22,8.341147738e-24,1.048778111e-25,7.850860403e-10,3.30249328e-22,1.058855975e-18,9.368659803e-16,4.772778319e-14,9.870377442e-13
31,0.02263089817,0.01093246113,0.00473889942,0.001989743129,0.01419057469,0.004248554791,0.01189980841,0.02760287032,0.05046179569,0.07991339464,0.03207553027,0.01549494775,0.006716604641,0.002820131882,0.01535030237,0.004248555815,0.01189980682,0.02760285699,0.05046175446,0.07991332107,0.0004281767247,0.0001457051455,4.449079025e-05,1.351855498e-05,0.0005222680035,2.939760384e-05,0.0001326545861,0.0004791311972,0.00120776148,0.002520955462,0.000302100192,0.0001028022724,3.139047054e-05,9.538012055e-06,0.0004828102362,2.939759675e-05,0.0001326546039,0.0004791314286,0.001207762467,0.002520957783,0.01056045631,0.004021390992,0.001374084102,0.0004631889499,0.004451566071,0.0004715995249,0.00136202681,0.003250592401,0.005819836569,0.009028529024,0.01543547219,0.005877784601,0.002008402769,0.0006770111273,0.004848865008,0.0004715996485,0.001362026611,0.003250590692,0.005819831394,0.009028519979,0.0002209535698,6.007348263e-05,1.46557482e-05,3.619893527e-06,0.0001773376221,3.581287396e-06,1.636052405e-05,5.977163191e-05,0.0001454294607,0.0002935610057,0.0001511693644,4.110034278e-05,1.002698808e-05,2.476613181e-06,0.0001628072014,3.581286457e-06,1.636052645e-05,5.977166333e-05,0.00014542959,0.0002935612998,2.279291456e-07,2.824956565e-08,2.649957935e-09,2.328856641e-10,1.123954112e-05,3.933441273e-09,1.160169609e-07,1.991605223e-06,1.38840247e-05,6.451821778e-05,3.442030224e-10,2.697079249e-11,1.452699256e-12,7.023555436e-14,9.845236059e-07,7.032780931e-12,6.907131856e-10,3.259427294e-08,4.249123524e-07,3.25072651e-06,5.424159318e-10,6.928022825e-11,6.338659352e-12,5.184170053e-13,1.840547818e-06,7.200104569e-11,4.459346955e-09,1.435173846e-07,1.48970151e-06,9.466851317e-06,1.654666705e-10,2.439418453e-11,2.57616284e-12,2.405258832e-13,1.503822506e-06,5.442205038e-11,3.38467708e-09,1.093530982e-07,1.12703134e-06,7.081868032e-06,2.862879532e-11,5.059087632e-12,6.404018252e-13,7.067748464e-14,1.041868062e-06,2.933123496e-11,1.833829078e-09,5.953818263e-08,6.017939877e-07,3.686819151e-06,4.155903776e-13,7.223526452e-14,8.630501448e-15,8.705752886e-16,3.010931789e-07,1.050505478e-12,1.055952675e-10,5.091477223e-09,6.264780992e-08,4.414031197e-07,5.789946303e-18,4.6089263e-19,2.15676878e-20,7.971079062e-22,7.946627351e-09,6.791017702e-18,4.910528411e-15,1.243563843e-12,3.663102175e-11,5.04864838e-10,1.772807314e-17,1.258691819e-18,5.253586429e-20,1.747119547e-21,8.746344841e-09,6.364459006e-18,4.586673978e-15,1.157936684e-12,3.388496405e-11,4.651312424e-10,3.425302306e-17,2.215259102e-18,8.422262043e-20,2.569692188e-21,8.567442814e-09,4.525930744e-18,3.25278443e-15,8.191023136e-13,2.349612145e-11,3.164505335e-10,1.537803792e-20,4.822255839e-22,7.902213672e-24,9.98688677e-26,7.740627612e-10,3.177468379e-22,1.018936943e-18,9.016830957e-16,4.584317491e-14,9.458519535e-13
32,0.02263089797,0.01093246088,0.004738899246,0.00198974303,0.01419057423,0.004248554708,0.01189980832,0.0276028704,0.05046179635,0.07991339668,0.03207553,0.0154949474,0.006716604393,0.002820131741,0.01535030187,0.004248555732,0.01189980672,0.02760285707,0.05046175511,0.07991332311,0.0004281767192,0.0001457051406,4.449078783e-05,1.351855398e-05,0.0005222679767,2.939760242e-05,0.0001326545813,0.0004791311849,0.001207761461,0.002520955451,0.0003021001882,0.000102802269,3.139046884e-05,9.538011355e-06,0.0004828102114,2.939759534e-05,0.0001326545991,0.0004791314164,0.001207762448,0.002520957772,0.01056045626,0.004021390946,0.001374084077,0.0004631889383,0.004451566022,0.0004715995359,0.001362026863,0.003250592571,0.005819836956,0.009028529803,0.01543547212,0.005877784534,0.002008402732,0.0006770111104,0.004848864955,0.0004715996596,0.001362026663,0.003250590862,0.005819831781,0.009028520758,0.000220953568,6.007348133e-05,1.465574769e-05,3.619893354e-06,0.000177337617,3.581287381e-06,1.636052423e-05,5.97716334e-05,0.0001454294663,0.0002935610226,0.0001511693631,4.110034189e-05,1.002698772e-05,2.476613063e-06,0.0001628071967,3.581286442e-06,1.636052662e-05,5.977166482e-05,0.0001454295956,0.0002935613167,2.279291377e-07,2.824956309e-08,2.649957547e-09,2.328856179e-10,1.123953988e-05,3.933440667e-09,1.16016946e-07,1.991605015e-06,1.388402351e-05,6.45182136e-05,3.442030044e-10,2.69707888e-11,1.452698934e-12,7.023553329e-14,9.845234536e-07,7.032779063e-12,6.907130232e-10,3.259426619e-08,4.249122721e-07,3.25072595e-06,5.424685744e-10,6.928684562e-11,6.339255058e-12,5.184649909e-13,1.840566255e-06,7.199962922e-11,4.459259158e-09,1.435145569e-07,1.489670977e-06,9.466649611e-06,1.655438199e-10,2.440538642e-11,2.577327662e-12,2.406330727e-13,1.503895834e-06,5.44169773e-11,3.384360974e-09,1.093428674e-07,1.126921549e-06,7.081150378e-06,2.865550046e-11,5.063735857e-12,6.409812401e-13,7.07405167e-14,1.041969855e-06,2.932577619e-11,1.833487092e-09,5.952705857e-08,6.01676897e-07,3.68607287e-06,4.144217827e-13,7.205538646e-14,8.61178755e-15,8.689462834e-16,3.00805992e-07,1.047793245e-12,1.053236308e-10,5.078424198e-09,6.248096429e-08,4.401770819e-07,5.653101819e-18,4.509281293e-19,2.114493943e-20,7.829723e-22,7.901490366e-09,6.693585863e-18,4.840369422e-15,1.225865415e-12,3.60854293e-11,4.9695778e-10,1.702657569e-17,1.21305552e-18,5.080572358e-20,1.694961488e-21,8.663313683e-09,6.213644178e-18,4.478439231e-15,1.130718289e-12,3.305160516e-11,4.531055455e-10,3.2256379e-17,2.096782438e-18,8.012531043e-20,2.456201827e-21,8.447074883e-09,4.36833769e-18,3.139992058e-15,7.908092611e-13,2.264719613e-11,3.044346375e-10,1.439656468e-20,4.539888926e-22,7.481363952e-24,9.504115602e-26,7.6307528e-10,3.056012794e-22,9.801514618e-19,8.674942902e-16,4.40155229e-14,9.060044699e-13
33,0.02263089778,0.01093246063,0.004738899069,0.00198974293,0.01419057376,0.004248554625,0.01189980823,0.02760287049,0.05046179701,0.07991339873,0.03207552972,0.01549494705,0.006716604143,0.002820131599,0.01535030137,0.004248555649,0.01189980663,0.02760285715,0.05046175578,0.07991332516,0.0004281767137,0.0001457051357,4.44907854e-05,1.351855298e-05,0.0005222679497,2.9397601e-05,0.0001326545764,0.0004791311726,0.001207761441,0.002520955441,0.0003021001843,0.0001028022655,3.139046712e-05,9.538010649e-06,0.0004828101864,2.939759391e-05,0.0001326545942,0.000479131404,0.001207762428,0.002520957761,0.01056045621,0.0040213909,0.001374084052,0.0004631889267,0.004451565973,0.000471599547,0.001362026915,0.003250592743,0.005819837346,0.009028530587,0.01543547206,0.005877784467,0.002008402694,0.0006770110934,0.004848864902,0.0004715996707,0.001362026716,0.003250591034,0.005819832171,0.009028521543,0.0002209535662,6.007348001e-05,1.465574717e-05,3.619893181e-06,0.0001773376119,3.581287366e-06,1.636052441e-05,5.97716349e-05,0.0001454294719,0.0002935610396,0.0001511693619,4.110034099e-05,1.002698737e-05,2.476612944e-06,0.0001628071919,3.581286427e-06,1.636052681e-05,5.977166632e-05,0.0001454296013,0.0002935613337,2.279291298e-07,2.824956052e-08,2.649957156e-09,2.328855714e-10,1.123953863e-05,3.933440057e-09,1.16016931e-07,1.991604805e-06,1.388402231e-05,6.451820939e-05,3.442029863e-10,2.697078507e-11,1.452698609e-12,7.023551205e-14,9.845233002e-07,7.032777181e-12,6.907128596e-10,3.25942594e-08,4.249121913e-07,3.250725387e-06,5.42521891e-10,6.929354345e-11,6.339857613e-12,5.185134979e-13,1.840584956e-06,7.199820702e-11,4.459170998e-09,1.435117173e-07,1.489640312e-06,9.466447032e-06,1.656219859e-10,2.441672862e-11,2.57850629e-12,2.407414642e-13,1.50397021e-06,5.441188431e-11,3.384043592e-09,1.093325944e-07,1.126811295e-06,7.080429696e-06,2.868257021e-11,5.068444473e-12,6.415677885e-13,7.080428402e-14,1.042073108e-06,2.932029654e-11,1.833143761e-09,5.951588959e-08,6.015593235e-07,3.685323519e-06,4.132473744e-13,7.18744983e-14,8.592954812e-15,8.673056237e-16,3.005167565e-07,1.045067257e-12,1.050506116e-10,5.065304521e-09,6.231328233e-08,4.389450403e-07,5.518247851e-18,4.41086948e-19,2.072649226e-20,7.68951278e-22,7.856209446e-09,6.596768768e-18,4.770648806e-15,1.208276565e-12,3.554358028e-11,4.891111167e-10,1.634581766e-17,1.168609168e-18,4.911459028e-20,1.643807264e-21,8.580246419e-09,6.065056622e-18,4.371792068e-15,1.103896598e-12,3.223131126e-11,4.412837504e-10,3.035535993e-17,1.98338278e-18,7.618268716e-20,2.346454878e-21,8.32709446e-09,4.21468626e-18,3.030003915e-15,7.632156967e-13,2.182062617e-11,2.927576179e-10,1.346826406e-20,4.271295317e-22,7.078753303e-24,9.039823926e-26,7.521426666e-10,2.938256384e-22,9.425413021e-19,8.343366274e-16,4.22466136e-14,8.675289207e-13
34,0.02263089758,0.01093246038,0.004738898892,0.00198974283,0.01419057329,0.004248554541,0.01189980813,0.02760287057,0.05046179768,0.0799134008,0.03207552943,0.01549494669,0.006716603892,0.002820131457,0.01535030086,0.004248555565,0.01189980653,0.02760285724,0.05046175644,0.07991332723,0.0004281767082,0.0001457051308,4.449078295e-05,1.351855198e-05,0.0005222679225,2.939759957e-05,0.0001326545715,0.0004791311602,0.001207761421,0.00252095543,0.0003021001804,0.000102802262,3.139046539e-05,9.538009939e-06,0.0004828101613,2.939759248e-05,0.0001326545893,0.0004791313916,0.001207762408,0.00252095775,0.01056045617,0.004021390853,0.001374084026,0.000463188915,0.004451565924,0.0004715995582,0.001362026968,0.003250592915,0.005819837738,0.009028531377,0.01543547199,0.005877784399,0.002008402657,0.0006770110762,0.004848864848,0.0004715996819,0.001362026769,0.003250591207,0.005819832563,0.009028522332,0.0002209535643,6.007347869e-05,1.465574665e-05,3.619893006e-06,0.0001773376067,3.581287351e-06,1.636052459e-05,5.977163641e-05,0.0001454294776,0.0002935610568,0.0001511693606,4.110034008e-05,1.002698701e-05,2.476612825e-06,0.0001628071872,3.581286412e-06,1.636052699e-05,5.977166783e-05,0.0001454296069,0.0002935613509,2.279291218e-07,2.824955793e-08,2.649956762e-09,2.328855246e-10,1.123953738e-05,3.933439443e-09,1.160169159e-07,1.991604595e-06,1.388402111e-05,6.451820515e-05,3.442029681e-10,2.697078133e-11,1.452698283e-12,7.023549069e-14,9.845231459e-07,7.032775289e-12,6.90712695e-10,3.259425257e-08,4.2491211e-07,3.25072482e-06,5.425758083e-10,6.930031246e-11,6.34046617e-12,5.185624574e-13,1.840603897e-06,7.199678131e-11,4.459082609e-09,1.4350887e-07,1.489609562e-06,9.466243893e-06,1.657010619e-10,2.44281955e-11,2.579697084e-12,2.408509051e-13,1.504045534e-06,5.440677932e-11,3.383725427e-09,1.093222949e-07,1.126700747e-06,7.079707102e-06,2.87099681e-11,5.073207069e-12,6.421606628e-13,7.086869787e-14,1.04217768e-06,2.931480452e-11,1.832799617e-09,5.950469303e-08,6.014414496e-07,3.684572259e-06,4.120690388e-13,7.169288969e-14,8.57403328e-15,8.656559167e-16,3.002259226e-07,1.042331817e-12,1.047766409e-10,5.052138905e-09,6.214502899e-08,4.377089438e-07,5.38559209e-18,4.313847297e-19,2.031302843e-20,7.550681099e-22,7.810857936e-09,6.500724938e-18,4.701480754e-15,1.190826111e-12,3.50063597e-11,4.8133761e-10,1.568648659e-17,1.125405743e-18,4.746474686e-20,1.593732244e-21,8.497281263e-09,5.918924066e-18,4.266896197e-15,1.077512842e-12,3.142532145e-11,4.296833097e-10,2.854938189e-17,1.875077417e-18,7.239695393e-20,2.240548633e-21,8.207705896e-09,4.065164624e-18,2.922955445e-15,7.363557736e-13,2.101737426e-11,2.814320001e-10,1.25922079e-20,4.016358185e-22,6.694408183e-24,8.594230375e-26,7.412831417e-10,2.824300296e-22,9.061390952e-19,8.022391416e-16,4.053778601e-14,8.304487481e-13
35,0.02263089738,0.01093246013,0.004738898714,0.001989742728,0.01419057282,0.004248554457,0.01189980804,0.02760287065,0.05046179835,0.07991340287,0.03207552915,0.01549494633,0.00671660364,0.002820131313,0.01535030035,0.004248555481,0.01189980644,0.02760285732,0.05046175711,0.07991332931,0.0004281767026,0.0001457051258,4.449078049e-05,1.351855097e-05,0.0005222678952,2.939759813e-05,0.0001326545666,0.0004791311477,0.001207761402,0.002520955419,0.0003021001764,0.0001028022585,3.139046366e-05,9.538009225e-06,0.000482810136,2.939759104e-05,0.0001326545844,0.0004791313791,0.001207762389,0.00252095774,0.01056045612,0.004021390807,0.001374084,0.0004631889032,0.004451565874,0.0004715995694,0.001362027022,0.003250593088,0.005819838132,0.00902853217,0.01543547192,0.005877784331,0.002008402619,0.0006770110591,0.004848864794,0.0004715996931,0.001362026823,0.00325059138,0.005819832957,0.009028523125,0.0002209535625,6.007347736e-05,1.465574612e-05,3.619892831e-06,0.0001773376015,3.581287336e-06,1.636052478e-05,5.977163793e-05,0.0001454294833,0.000293561074,0.0001511693593,4.110033917e-05,1.002698665e-05,2.476612705e-06,0.0001628071824,3.581286397e-06,1.636052717e-05,5.977166935e-05,0.0001454296126,0.0002935613681,2.279291138e-07,2.824955533e-08,2.649956367e-09,2.328854776e-10,1.123953612e-05,3.933438827e-09,1.160169008e-07,1.991604383e-06,1.38840199e-05,6.451820089e-05,3.442029498e-10,2.697077757e-11,1.452697955e-12,7.023546923e-14,9.845229909e-07,7.032773388e-12,6.907125297e-10,3.25942457e-08,4.249120283e-07,3.25072425e-06,5.426302511e-10,6.930714313e-11,6.341079871e-12,5.186117999e-13,1.840623051e-06,7.199535425e-11,4.458994129e-09,1.435060195e-07,1.489578773e-06,9.466040505e-06,1.657809388e-10,2.44397711e-11,2.580898371e-12,2.409612409e-13,1.504121702e-06,5.440167015e-11,3.383406965e-09,1.093119848e-07,1.126590075e-06,7.078983698e-06,2.873765674e-11,5.078017085e-12,6.427590389e-13,7.093366794e-14,1.042283428e-06,2.930930854e-11,1.832455186e-09,5.949348598e-08,6.013234551e-07,3.683820237e-06,4.108886467e-13,7.151084858e-14,8.555052917e-15,8.639997706e-16,2.999339408e-07,1.039591195e-12,1.045021463e-10,5.038947892e-09,6.197646698e-08,4.36470724e-07,5.255323337e-18,4.218358742e-19,1.990518313e-20,7.413446798e-22,7.765508056e-09,6.40560456e-18,4.632973483e-15,1.173541366e-12,3.447460402e-11,4.736492785e-10,1.50491131e-17,1.08348878e-18,4.585814971e-20,1.544802943e-21,8.414552898e-09,5.775453222e-18,4.163900307e-15,1.051604494e-12,3.063475406e-11,4.183198414e-10,2.683729329e-17,1.771850809e-18,6.876923407e-20,2.138552472e-21,8.089105535e-09,3.919929374e-18,2.818959582e-15,7.102580186e-13,2.023822712e-11,2.704677072e-10,1.176719515e-20,3.774881801e-22,6.32824027e-24,8.16742802e-26,7.305140728e-10,2.714219066e-22,8.70969e-19,7.712234193e-16,3.888996672e-14,7.947780782e-13
36,0.02263089718,0.01093245987,0.004738898536,0.001989742627,0.01419057234,0.004248554373,0.01189980794,0.02760287074,0.05046179902,0.07991340496,0.03207552887,0.01549494597,0.006716603387,0.00282013117,0.01535029983,0.004248555397,0.01189980634,0.0276028574,0.05046175779,0.07991333139,0.000428176697,0.0001457051208,4.449077803e-05,1.351854995e-05,0.0005222678678,2.939759668e-05,0.0001326545617,0.0004791311352,0.001207761382,0.002520955408,0.0003021001725,0.000102802255,3.139046192e-05,9.53800851e-06,0.0004828101107,2.93975896e-05,0.0001326545795,0.0004791313666,0.001207762369,0.002520957729,0.01056045607,0.00402139076,0.001374083974,0.0004631888914,0.004451565824,0.0004715995807,0.001362027075,0.003250593262,0.005819838527,0.009028532965,0.01543547185,0.005877784262,0.002008402581,0.0006770110418,0.00484886474,0.0004715997044,0.001362026876,0.003250591554,0.005819833352,0.00902852392,0.0002209535606,6.007347603e-05,1.46557456e-05,3.619892655e-06,0.0001773375962,3.581287321e-06,1.636052496e-05,5.977163946e-05,0.000145429489,0.0002935610913,0.000151169358,4.110033826e-05,1.002698629e-05,2.476612584e-06,0.0001628071776,3.581286382e-06,1.636052735e-05,5.977167087e-05,0.0001454296184,0.0002935613854,2.279291058e-07,2.824955272e-08,2.649955971e-09,2.328854305e-10,1.123953485e-05,3.933438209e-09,1.160168856e-07,1.991604171e-06,1.388401868e-05,6.451819662e-05,3.442029315e-10,2.697077379e-11,1.452697626e-12,7.023544771e-14,9.845228355e-07,7.032771481e-12,6.907123639e-10,3.259423882e-08,4.249119463e-07,3.250723679e-06,5.426851428e-10,6.931402579e-11,6.34169784e-12,5.186614546e-13,1.840642392e-06,7.199392801e-11,4.458905689e-09,1.4350317e-07,1.489547994e-06,9.465837172e-06,1.658615048e-10,2.445143912e-11,2.582108452e-12,2.410723143e-13,1.504198608e-06,5.439656449e-11,3.383088688e-09,1.093016796e-07,1.126479445e-06,7.078260573e-06,2.876559775e-11,5.082867809e-12,6.433620763e-13,7.09991024e-14,1.042390205e-06,2.93038169e-11,1.832110988e-09,5.948228532e-08,6.012055177e-07,3.683068585e-06,4.097080517e-13,7.132866109e-14,8.536043574e-15,8.623397921e-16,2.996412607e-07,1.036849622e-12,1.042275515e-10,5.025751845e-09,6.18078566e-08,4.352322938e-07,5.127612069e-18,4.124535665e-19,1.950354529e-20,7.278014981e-22,7.720230849e-09,6.311549561e-18,4.565229286e-15,1.156448157e-12,3.394910159e-11,4.660574072e-10,1.443408184e-17,1.04289292e-18,4.429644487e-20,1.497077358e-21,8.332192373e-09,5.634830437e-18,4.062938535e-15,1.026205377e-12,2.986061077e-11,4.072071981e-10,2.521744934e-17,1.67365821e-18,6.529966972e-20,2.040509951e-21,7.971481602e-09,3.779107328e-18,2.71810802e-15,6.849456478e-13,1.948380623e-11,2.598722327e-10,1.099179699e-20,3.546602444e-22,5.980059705e-24,7.759396507e-26,7.198519743e-10,2.608062747e-22,8.370473766e-19,7.413041883e-16,3.730370513e-14,7.605225863e-13
37,0.02263089698,0.01093245962,0.004738898357,0.001989742526,0.01419057187,0.004248554289,0.01189980785,0.02760287082,0.05046179969,0.07991340704,0.03207552858,0.01549494561,0.006716603134,0.002820131026,0.01535029932,0.004248555313,0.01189980625,0.02760285749,0.05046175846,0.07991333347,0.0004281766914,0.0001457051158,4.449077556e-05,1.351854894e-05,0.0005222678404,2.939759524e-05,0.0001326545567,0.0004791311227,0.001207761362,0.002520955397,0.0003021001686,0.0001028022515,3.139046018e-05,9.538007794e-06,0.0004828100853,2.939758815e-05,0.0001326545746,0.0004791313541,0.001207762349,0.002520957718,0.01056045603,0.004021390713,0.001374083948,0.0004631888796,0.004451565775,0.000471599592,0.001362027129,0.003250593436,0.005819838923,0.009028533761,0.01543547178,0.005877784194,0.002008402544,0.0006770110245,0.004848864685,0.0004715997157,0.00136202693,0.003250591728,0.005819833748,0.009028524717,0.0002209535587,6.007347469e-05,1.465574507e-05,3.619892479e-06,0.000177337591,3.581287306e-06,1.636052514e-05,5.977164098e-05,0.0001454294948,0.0002935611086,0.0001511693568,4.110033735e-05,1.002698593e-05,2.476612464e-06,0.0001628071728,3.581286367e-06,1.636052753e-05,5.97716724e-05,0.0001454296241,0.0002935614027,2.279290978e-07,2.82495501e-08,2.649955574e-09,2.328853833e-10,1.123953358e-05,3.93343759e-09,1.160168704e-07,1.991603958e-06,1.388401746e-05,6.451819234e-05,3.442029131e-10,2.697077002e-11,1.452697296e-12,7.023542616e-14,9.845226798e-07,7.032769571e-12,6.907121978e-10,3.259423192e-08,4.249118643e-07,3.250723107e-06,5.427404048e-10,6.932095058e-11,6.342319189e-12,5.1871135e-13,1.840661891e-06,7.19925047e-11,4.458817421e-09,1.435003258e-07,1.489517268e-06,9.465634198e-06,1.659426454e-10,2.446318293e-11,2.583325595e-12,2.41183966e-13,1.504276143e-06,5.439146996e-11,3.382771067e-09,1.092913945e-07,1.126369022e-06,7.077538801e-06,2.879375175e-11,5.087752376e-12,6.439689177e-13,7.106490781e-14,1.04249786e-06,2.929833777e-11,1.831767535e-09,5.947110771e-08,6.010878125e-07,3.682318419e-06,4.085290891e-13,7.114661117e-14,8.517034965e-15,8.606785838e-16,2.993483318e-07,1.034111289e-12,1.039532762e-10,5.012570933e-09,6.163945561e-08,4.339955465e-07,5.002611091e-18,4.032498114e-19,1.910865862e-20,7.144577206e-22,7.675096137e-09,6.218693723e-18,4.498344616e-15,1.139570845e-12,3.343059345e-11,4.58572561e-10,1.384164261e-17,1.003644491e-18,4.278098466e-20,1.450605334e-21,8.250327025e-09,5.497222438e-18,3.964130984e-15,1.001345799e-12,2.910378114e-11,3.963575417e-10,2.368778352e-17,1.580429203e-18,6.198752034e-20,1.946440945e-21,7.855014127e-09,3.642797406e-18,2.620472544e-15,6.604368967e-13,1.875457889e-11,2.496508175e-10,1.026439908e-20,3.331198797e-22,5.649587943e-24,7.370014064e-26,7.093125122e-10,2.50585904e-22,8.043834608e-19,7.124899077e-16,3.577920845e-14,7.276803499e-13
38,0.02263089677,0.01093245936,0.004738898179,0.001989742424,0.0141905714,0.004248554204,0.01189980775,0.0276028709,0.05046180036,0.07991340913,0.0320755283,0.01549494525,0.006716602881,0.002820130882,0.01535029881,0.004248555228,0.01189980615,0.02760285757,0.05046175913,0.07991333556,0.0004281766858,0.0001457051108,4.449077309e-05,1.351854792e-05,0.000522267813,2.939759379e-05,0.0001326545518,0.0004791311102,0.001207761342,0.002520955386,0.0003021001646,0.0001028022479,3.139045843e-05,9.538007078e-06,0.00048281006,2.939758671e-05,0.0001326545696,0.0004791313416,0.001207762329,0.002520957707,0.01056045598,0.004021390666,0.001374083922,0.0004631888678,0.004451565725,0.0004715996033,0.001362027182,0.003250593611,0.005819839319,0.009028534558,0.01543547172,0.005877784125,0.002008402506,0.0006770110073,0.004848864631,0.000471599727,0.001362026983,0.003250591902,0.005819834144,0.009028525513,0.0002209535569,6.007347336e-05,1.465574454e-05,3.619892302e-06,0.0001773375858,3.581287291e-06,1.636052532e-05,5.977164251e-05,0.0001454295005,0.0002935611259,0.0001511693555,4.110033644e-05,1.002698557e-05,2.476612343e-06,0.000162807168,3.581286351e-06,1.636052772e-05,5.977167392e-05,0.0001454296298,0.00029356142,2.279290897e-07,2.824954749e-08,2.649955177e-09,2.328853361e-10,1.123953232e-05,3.93343697e-09,1.160168552e-07,1.991603746e-06,1.388401625e-05,6.451818806e-05,3.442028947e-10,2.697076624e-11,1.452696967e-12,7.023540461e-14,9.845225242e-07,7.032767662e-12,6.907120318e-10,3.259422503e-08,4.249117822e-07,3.250722535e-06,5.427959571e-10,6.932790744e-11,6.342943015e-12,5.187614135e-13,1.840681522e-06,7.199108643e-11,4.458729456e-09,1.43497491e-07,1.489486642e-06,9.46543188e-06,1.660242435e-10,2.447498555e-11,2.584548037e-12,2.412960339e-13,1.504354196e-06,5.438639404e-11,3.38245457e-09,1.092811447e-07,1.126258968e-06,7.076819445e-06,2.882207838e-11,5.092663766e-12,6.445786886e-13,7.113098915e-14,1.042606237e-06,2.929287919e-11,1.83142533e-09,5.945996956e-08,6.009705124e-07,3.681570842e-06,4.073535746e-13,7.096498042e-14,8.498056637e-15,8.590187418e-16,2.990556024e-07,1.031380342e-12,1.036797359e-10,4.999425123e-09,6.147151907e-08,4.327623548e-07,4.880456249e-18,3.942354727e-19,1.872102276e-20,7.013311736e-22,7.630172481e-09,6.127162826e-18,4.432410186e-15,1.122932344e-12,3.291977426e-11,4.512046005e-10,1.327192174e-17,9.657621063e-19,4.131284534e-20,1.40542897e-21,8.16908042e-09,5.362777134e-18,3.867584305e-15,9.770526977e-13,2.836504752e-11,3.857814247e-10,2.224587536e-17,1.492071123e-18,5.88312598e-20,1.856343807e-21,7.739874918e-09,3.511072565e-18,2.526106402e-15,6.367453614e-13,1.805086956e-11,2.398066295e-10,9.583240589e-21,3.12830173e-22,5.336470084e-24,6.99906922e-26,6.989105127e-10,2.407615402e-22,7.729800321e-19,6.847833526e-16,3.431637613e-14,6.962426799e-13
39,0.02263089657,0.01093245911,0.004738898,0.001989742323,0.01419057092,0.00424855412,0.01189980766,0.02760287099,0.05046180104,0.07991341121,0.03207552801,0.01549494489,0.006716602628,0.002820130738,0.01535029829,0.004248555144,0.01189980606,0.02760285765,0.0504617598,0.07991333764,0.0004281766802,0.0001457051058,4.449077062e-05,1.351854691e-05,0.0005222677856,2.939759235e-05,0.0001326545469,0.0004791310977,0.001207761322,0.002520955375,0.0003021001607,0.0001028022444,3.139045669e-05,9.538006362e-06,0.0004828100347,2.939758526e-05,0.0001326545647,0.0004791313291,0.001207762309,0.002520957696,0.01056045593,0.004021390619,0.001374083897,0.000463188856,0.004451565675,0.0004715996145,0.001362027236,0.003250593784,0.005819839714,0.009028535353,0.01543547165,0.005877784057,0.002008402468,0.00067701099,0.004848864577,0.0004715997382,0.001362027036,0.003250592076,0.005819834539,0.009028526308,0.000220953555,6.007347203e-05,1.465574401e-05,3.619892127e-06,0.0001773375806,3.581287276e-06,1.636052551e-05,5.977164403e-05,0.0001454295062,0.0002935611432,0.0001511693542,4.110033552e-05,1.002698521e-05,2.476612223e-06,0.0001628071632,3.581286336e-06,1.63605279e-05,5.977167545e-05,0.0001454296355,0.0002935614373,2.279290817e-07,2.824954488e-08,2.64995478e-09,2.32885289e-10,1.123953105e-05,3.933436352e-09,1.1601684e-07,1.991603533e-06,1.388401503e-05,6.451818379e-05,3.442028764e-10,2.697076247e-11,1.452696638e-12,7.023538309e-14,9.845223687e-07,7.032765755e-12,6.90711866e-10,3.259421815e-08,4.249117003e-07,3.250721964e-06,5.428517177e-10,6.933488613e-11,6.343568401e-12,5.188115715e-13,1.840701255e-06,7.198967524e-11,4.458641921e-09,1.434946699e-07,1.489456159e-06,9.465230513e-06,1.661061794e-10,2.448682968e-11,2.585773986e-12,2.414083537e-13,1.504432649e-06,5.438134411e-11,3.382139657e-09,1.092709452e-07,1.126149442e-06,7.076103549e-06,2.885053628e-11,5.097594802e-12,6.451904978e-13,7.119724977e-14,1.042715176e-06,2.92874491e-11,1.831084872e-09,5.944888707e-08,6.008537881e-07,3.68082694e-06,4.061833026e-13,7.078404786e-14,8.479137952e-15,8.573628534e-16,2.987635196e-07,1.028660885e-12,1.034073417e-10,4.986334173e-09,6.130429923e-08,4.3153457e-07,4.761267198e-18,3.854203168e-19,1.834109461e-20,6.884383848e-22,7.585527148e-09,6.037074834e-18,4.3675111e-15,1.106554162e-12,3.24172934e-11,4.439627013e-10,1.272493328e-17,9.292572639e-19,3.98928453e-20,1.361583037e-21,8.088572309e-09,5.231624495e-18,3.77339231e-15,9.533497886e-13,2.764509034e-11,3.754878754e-10,2.0889014e-17,1.408472321e-18,5.582867102e-20,1.770197505e-21,7.626227579e-09,3.383981771e-18,2.435045699e-15,6.138803453e-13,1.737287137e-11,2.303409443e-10,8.946449902e-21,2.937503428e-22,5.040286586e-24,6.646272156e-26,6.886599743e-10,2.313321107e-22,7.428340683e-19,6.581821877e-16,3.291483331e-14,6.66194923e-13
40,0.02263089637,0.01093245886,0.004738897822,0.001989742222,0.01419057045,0.004248554036,0.01189980756,0.02760287107,0.05046180171,0.07991341328,0.03207552773,0.01549494453,0.006716602376,0.002820130595,0.01535029778,0.00424855506,0.01189980596,0.02760285774,0.05046176047,0.07991333972,0.0004281766747,0.0001457051008,4.449076816e-05,1.35185459e-05,0.0005222677583,2.939759091e-05,0.0001326545419,0.0004791310852,0.001207761303,0.002520955364,0.0003021001567,0.0001028022409,3.139045496e-05,9.538005649e-06,0.0004828100094,2.939758383e-05,0.0001326545598,0.0004791313166,0.001207762289,0.002520957685,0.01056045589,0.004021390573,0.001374083871,0.0004631888442,0.004451565625,0.0004715996258,0.001362027289,0.003250593958,0.005819840108,0.009028536146,0.01543547158,0.005877783989,0.00200840243,0.0006770109728,0.004848864523,0.0004715997495,0.00136202709,0.003250592249,0.005819834933,0.009028527101,0.0002209535531,6.00734707e-05,1.465574349e-05,3.619891951e-06,0.0001773375753,3.58128726e-06,1.636052569e-05,5.977164555e-05,0.0001454295119,0.0002935611604,0.0001511693529,4.110033462e-05,1.002698485e-05,2.476612103e-06,0.0001628071584,3.581286321e-06,1.636052808e-05,5.977167697e-05,0.0001454296412,0.0002935614545,2.279290737e-07,2.824954228e-08,2.649954385e-09,2.32885242e-10,1.123952979e-05,3.933435736e-09,1.160168248e-07,1.991603322e-06,1.388401382e-05,6.451817954e-05,3.442028581e-10,2.69707587e-11,1.45269631e-12,7.023536164e-14,9.845222137e-07,7.032763854e-12,6.907117007e-10,3.259421128e-08,4.249116186e-07,3.250721394e-06,5.429076033e-10,6.934187622e-11,6.344194415e-12,5.188617495e-13,1.84072106e-06,7.198827318e-11,4.458554942e-09,1.434918663e-07,1.489425865e-06,9.465030389e-06,1.661883307e-10,2.449869764e-11,2.587001617e-12,2.415207587e-13,1.504511386e-06,5.437632744e-11,3.381826782e-09,1.092608106e-07,1.126040604e-06,7.075392147e-06,2.887908305e-11,5.102538152e-12,6.458034367e-13,7.126359143e-14,1.042824513e-06,2.928205531e-11,1.830746651e-09,5.943787618e-08,6.007378075e-07,3.680087784e-06,4.050200453e-13,7.060408973e-14,8.460308056e-15,8.557134943e-16,2.98472529e-07,1.025956975e-12,1.031364999e-10,4.973317616e-09,6.113804544e-08,4.303140211e-07,4.645148217e-18,3.768130604e-19,1.796928991e-20,6.757946204e-22,7.541226083e-09,5.9485401e-18,4.303727005e-15,1.090456432e-12,3.192375632e-11,4.36855375e-10,1.220059016e-17,8.941349577e-19,3.852156372e-20,1.319095424e-21,8.008918602e-09,5.103877466e-18,3.681636627e-15,9.302577331e-13,2.694449361e-11,3.654844865e-10,1.961425727e-17,1.329505256e-18,5.297693727e-20,1.687963732e-21,7.514227555e-09,3.261551978e-18,2.347310806e-15,5.918472094e-13,1.672065758e-11,2.212533237e-10,8.35207696e-21,2.758365806e-22,4.760564285e-24,6.311265574e-26,6.785740835e-10,2.222949259e-22,7.139373822e-19,6.326795244e-16,3.15739632e-14,6.375172306e-13
41,0.02263089618,0.0109324586,0.004738897645,0.001989742121,0.01419056998,0.004248553952,0.01189980747,0.02760287115,0.05046180237,0.07991341535,0.03207552745,0.01549494417,0.006716602125,0.002820130453,0.01535029727,0.004248554976,0.01189980587,0.02760285782,0.05046176114,0.07991334178,0.0004281766691,0.0001457050959,4.449076571e-05,1.351854489e-05,0.0005222677311,2.939758948e-05,0.000132654537,0.0004791310728,0.001207761283,0.002520955353,0.0003021001528,0.0001028022374,3.139045323e-05,9.538004939e-06,0.0004828099843,2.939758239e-05,0.0001326545549,0.0004791313042,0.00120776227,0.002520957674,0.01056045584,0.004021390526,0.001374083845,0.0004631888325,0.004451565576,0.000471599637,0.001362027342,0.00325059413,0.0058198405,0.009028536935,0.01543547151,0.005877783921,0.002008402393,0.0006770109557,0.004848864469,0.0004715997607,0.001362027143,0.003250592422,0.005819835325,0.009028527891,0.0002209535513,6.007346937e-05,1.465574297e-05,3.619891776e-06,0.0001773375702,3.581287245e-06,1.636052587e-05,5.977164706e-05,0.0001454295176,0.0002935611776,0.0001511693517,4.110033371e-05,1.002698449e-05,2.476611983e-06,0.0001628071536,3.581286306e-06,1.636052826e-05,5.977167848e-05,0.0001454296469,0.0002935614717,2.279290658e-07,2.824953969e-08,2.649953992e-09,2.328851952e-10,1.123952854e-05,3.933435122e-09,1.160168097e-07,1.991603111e-06,1.388401261e-05,6.45181753e-05,3.442028399e-10,2.697075496e-11,1.452695983e-12,7.023534028e-14,9.845220594e-07,7.032761962e-12,6.907115361e-10,3.259420445e-08,4.249115373e-07,3.250720827e-06,5.429635285e-10,6.934886711e-11,6.34482011e-12,5.189118718e-13,1.840740906e-06,7.198688226e-11,4.458468645e-09,1.434890844e-07,1.489395801e-06,9.464831793e-06,1.662705722e-10,2.451057143e-11,2.588229075e-12,2.416330796e-13,1.504590285e-06,5.43713512e-11,3.381516392e-09,1.092507554e-07,1.125932608e-06,7.074686256e-06,2.890767532e-11,5.107486324e-12,6.464165795e-13,7.132991426e-14,1.042934079e-06,2.927670551e-11,1.830411148e-09,5.942695265e-08,6.006227366e-07,3.679354431e-06,4.038655518e-13,7.042537927e-14,8.441595857e-15,8.540732266e-16,2.981830745e-07,1.02327262e-12,1.028676122e-10,4.96039476e-09,6.097300404e-08,4.291025141e-07,4.532189063e-18,3.6842142e-19,1.760598483e-20,6.634139258e-22,7.497333887e-09,5.861661609e-18,4.241132256e-15,1.074657958e-12,3.143972596e-11,4.298904932e-10,1.16987151e-17,8.603942792e-19,3.719935938e-20,1.277987601e-21,7.930231367e-09,4.979632933e-18,3.592387389e-15,9.077943073e-13,2.626375067e-11,3.557775072e-10,1.841848603e-17,1.255029397e-18,5.027272949e-20,1.609588966e-21,7.404022237e-09,3.143790102e-18,2.262907763e-15,5.706477213e-13,1.609419296e-11,2.125417915e-10,7.798122121e-21,2.590428191e-22,4.496786664e-24,5.993635014e-26,6.686652345e-10,2.136458719e-22,6.862772347e-19,6.082644591e-16,3.029293802e-14,6.101852887e-13
42,0.02263089598,0.01093245835,0.004738897469,0.001989742021,0.01419056951,0.004248553869,0.01189980738,0.02760287124,0.05046180304,0.07991341741,0.03207552717,0.01549494381,0.006716601875,0.002820130311,0.01535029677,0.004248554893,0.01189980578,0.0276028579,0.0504617618,0.07991334384,0.0004281766636,0.000145705091,4.449076328e-05,1.351854389e-05,0.0005222677041,2.939758805e-05,0.0001326545322,0.0004791310604,0.001207761263,0.002520955343,0.0003021001489,0.0001028022339,3.139045151e-05,9.538004233e-06,0.0004828099593,2.939758097e-05,0.00013265455,0.0004791312919,0.00120776225,0.002520957663,0.01056045579,0.00402139048,0.00137408382,0.0004631888209,0.004451565527,0.0004715996481,0.001362027395,0.003250594302,0.00581984089,0.00902853772,0.01543547144,0.005877783854,0.002008402355,0.0006770109387,0.004848864415,0.0004715997718,0.001362027196,0.003250592593,0.005819835715,0.009028528675,0.0002209535494,6.007346806e-05,1.465574245e-05,3.619891603e-06,0.000177337565,3.58128723e-06,1.636052605e-05,5.977164856e-05,0.0001454295232,0.0002935611946,0.0001511693504,4.110033281e-05,1.002698414e-05,2.476611864e-06,0.0001628071489,3.581286291e-06,1.636052844e-05,5.977167998e-05,0.0001454296525,0.0002935614887,2.279290578e-07,2.824953711e-08,2.6499536e-09,2.328851487e-10,1.123952729e-05,3.933434512e-09,1.160167947e-07,1.991602901e-06,1.388401141e-05,6.451817108e-05,3.442028218e-10,2.697075124e-11,1.452695659e-12,7.023531904e-14,9.84521906e-07,7.03276008e-12,6.907113724e-10,3.259419766e-08,4.249114564e-07,3.250720263e-06,5.430194065e-10,6.935584799e-11,6.345444526e-12,5.189618622e-13,1.840760763e-06,7.198550444e-11,4.458383151e-09,1.434863282e-07,1.489366012e-06,9.464635009e-06,1.663527762e-10,2.45224327e-11,2.589454474e-12,2.417451448e-13,1.504669222e-06,5.436642244e-11,3.381208928e-09,1.092407939e-07,1.125825609e-06,7.073986882e-06,2.893626867e-11,5.112431671e-12,6.470289836e-13,7.139611678e-14,1.043043702e-06,2.927140727e-11,1.830078841e-09,5.941613195e-08,6.005087387e-07,3.678627923e-06,4.027215465e-13,7.024818659e-14,8.423030007e-15,8.524445968e-16,2.978955978e-07,1.020611781e-12,1.026010752e-10,4.947584675e-09,6.080941827e-08,4.279018314e-07,4.422465854e-18,3.602521661e-19,1.72515178e-20,6.513091723e-22,7.453913808e-09,5.776535244e-18,4.179796108e-15,1.05917626e-12,3.096572437e-11,4.230753134e-10,1.121905118e-17,8.280290122e-19,3.592638964e-20,1.238275078e-21,7.852618844e-09,4.858972715e-18,3.505703935e-15,8.859745787e-13,2.560327008e-11,3.46371936e-10,1.729845358e-17,1.184893911e-18,4.771228901e-20,1.535006452e-21,7.29575109e-09,3.030684971e-18,2.181829657e-15,5.502804003e-13,1.549334494e-11,2.042030051e-10,7.282561711e-21,2.433214281e-22,4.248403331e-24,5.692918566e-26,6.589450519e-10,2.053795954e-22,6.598369223e-19,5.849225877e-16,2.907074842e-14,5.841710057e-13
43,0.02263089578,0.0109324581,0.004738897294,0.001989741922,0.01419056905,0.004248553786,0.01189980728,0.02760287132,0.05046180369,0.07991341944,0.03207552689,0.01549494346,0.006716601628,0.00282013017,0.01535029626,0.00424855481,0.01189980568,0.02760285799,0.05046176246,0.07991334588,0.0004281766582,0.0001457050861,4.449076086e-05,1.35185429e-05,0.0005222676773,2.939758664e-05,0.0001326545273,0.0004791310482,0.001207761244,0.002520955332,0.0003021001451,0.0001028022305,3.139044981e-05,9.538003532e-06,0.0004828099345,2.939757955e-05,0.0001326545452,0.0004791312796,0.001207762231,0.002520957653,0.01056045575,0.004021390434,0.001374083794,0.0004631888093,0.004451565478,0.0004715996591,0.001362027447,0.003250594472,0.005819841277,0.009028538499,0.01543547138,0.005877783787,0.002008402318,0.0006770109218,0.004848864362,0.0004715997828,0.001362027248,0.003250592764,0.005819836102,0.009028529454,0.0002209535476,6.007346675e-05,1.465574193e-05,3.619891431e-06,0.0001773375599,3.581287216e-06,1.636052623e-05,5.977165005e-05,0.0001454295288,0.0002935612116,0.0001511693491,4.110033192e-05,1.002698379e-05,2.476611747e-06,0.0001628071442,3.581286276e-06,1.636052862e-05,5.977168147e-05,0.0001454296581,0.0002935615057,2.2792905e-07,2.824953455e-08,2.649953212e-09,2.328851025e-10,1.123952605e-05,3.933433907e-09,1.160167799e-07,1.991602693e-06,1.388401022e-05,6.45181669e-05,3.442028038e-10,2.697074754e-11,1.452695337e-12,7.023529796e-14,9.845217538e-07,7.032758212e-12,6.9071121e-10,3.259419091e-08,4.249113762e-07,3.250719704e-06,5.430751488e-10,6.936280789e-11,6.346066688e-12,5.19011643e-13,1.840780598e-06,7.198414168e-11,4.458298582e-09,1.434836015e-07,1.48933654e-06,9.464440316e-06,1.664348123e-10,2.453426278e-11,2.590675898e-12,2.418567802e-13,1.504748069e-06,5.436154812e-11,3.380904825e-09,1.092309402e-07,1.125719758e-06,7.073295015e-06,2.896481772e-11,5.117366392e-12,6.476396892e-13,7.146209592e-14,1.043153206e-06,2.926616806e-11,1.829750196e-09,5.940542938e-08,6.003959751e-07,3.677909287e-06,4.015897291e-13,7.007277848e-14,8.404638877e-15,8.508301331e-16,2.976105384e-07,1.017978365e-12,1.023372808e-10,4.934906194e-09,6.06475282e-08,4.267137316e-07,4.316041975e-18,3.523111776e-19,1.690619141e-20,6.394921068e-22,7.411027729e-09,5.693250066e-18,4.119782921e-15,1.044027626e-12,3.050223444e-11,4.164165068e-10,1.076127202e-17,7.970282147e-19,3.470262916e-20,1.199967886e-21,7.776185478e-09,4.741964579e-18,3.421635537e-15,8.648110872e-13,2.496338161e-11,3.372716151e-10,1.625083021e-17,1.118940142e-18,4.529150516e-20,1.464138103e-21,7.189545827e-09,2.922209236e-18,2.104057991e-15,5.307408563e-13,1.491789452e-11,1.962324211e-10,6.80337031e-21,2.286238351e-22,4.014838697e-24,5.408615934e-26,6.494244157e-10,1.974896794e-22,6.345963344e-19,5.62636495e-16,2.790623129e-14,5.594431563e-13
44,0.02263089559,0.01093245786,0.004738897121,0.001989741823,0.01419056859,0.004248553705,0.01189980719,0.0276028714,0.05046180435,0.07991342147,0.03207552661,0.01549494311,0.006716601382,0.002820130031,0.01535029577,0.004248554728,0.01189980559,0.02760285807,0.05046176311,0.0799133479,0.0004281766527,0.0001457050812,4.449075847e-05,1.351854191e-05,0.0005222676507,2.939758524e-05,0.0001326545226,0.000479131036,0.001207761225,0.002520955321,0.0003021001413,0.0001028022271,3.139044812e-05,9.538002838e-06,0.00048280991,2.939757815e-05,0.0001326545404,0.0004791312675,0.001207762212,0.002520957642,0.0105604557,0.004021390389,0.001374083769,0.0004631887979,0.00445156543,0.0004715996701,0.001362027499,0.003250594641,0.005819841661,0.009028539271,0.01543547131,0.00587778372,0.002008402282,0.0006770109051,0.00484886431,0.0004715997938,0.0013620273,0.003250592933,0.005819836486,0.009028530226,0.0002209535458,6.007346546e-05,1.465574142e-05,3.61989126e-06,0.0001773375548,3.581287201e-06,1.636052641e-05,5.977165153e-05,0.0001454295344,0.0002935612284,0.0001511693479,4.110033103e-05,1.002698344e-05,2.47661163e-06,0.0001628071396,3.581286262e-06,1.63605288e-05,5.977168295e-05,0.0001454296637,0.0002935615224,2.279290422e-07,2.824953202e-08,2.649952827e-09,2.328850568e-10,1.123952482e-05,3.933433306e-09,1.160167651e-07,1.991602487e-06,1.388400904e-05,6.451816275e-05,3.44202786e-10,2.697074388e-11,1.452695017e-12,7.023527708e-14,9.845216029e-07,7.032756361e-12,6.907110491e-10,3.259418423e-08,4.249112967e-07,3.250719149e-06,5.431306652e-10,6.936973565e-11,6.346685609e-12,5.19061136e-13,1.840800379e-06,7.198279589e-11,4.458215057e-09,1.434809081e-07,1.489307425e-06,9.46424799e-06,1.665165477e-10,2.454604265e-11,2.591891401e-12,2.419678097e-13,1.504826697e-06,5.435673508e-11,3.38060451e-09,1.092212082e-07,1.125615204e-06,7.072611633e-06,2.899327607e-11,5.12228253e-12,6.482477198e-13,7.152774705e-14,1.04326241e-06,2.92609952e-11,1.829425677e-09,5.939486e-08,6.002846047e-07,3.677199535e-06,4.004717735e-13,6.989941828e-14,8.386450543e-15,8.492323441e-16,2.973283332e-07,1.015376232e-12,1.020766155e-10,4.922377903e-09,6.048757073e-08,4.255399489e-07,4.212968997e-18,3.446034991e-19,1.657027439e-20,6.279734059e-22,7.36873617e-09,5.611888632e-18,4.061152381e-15,1.02922717e-12,3.004970177e-11,4.099201871e-10,1.032499155e-17,7.673767827e-19,3.352788847e-20,1.163071048e-21,7.701031973e-09,4.628663271e-18,3.340222137e-15,8.443140284e-13,2.434434229e-11,3.28479325e-10,1.527224294e-17,1.057003867e-18,4.300598766e-20,1.396896308e-21,7.085530617e-09,2.818321232e-18,2.029563998e-15,5.120221198e-13,1.436754682e-11,1.88624455e-10,6.358539961e-21,2.149010763e-22,3.795499836e-24,5.140196819e-26,6.401134901e-10,1.899688088e-22,6.105324799e-19,5.41386217e-16,2.679809573e-14,5.359679791e-13
45,0.02263089539,0.01093245761,0.00473889695,0.001989741726,0.01419056813,0.004248553624,0.0118998071,0.02760287148,0.05046180499,0.07991342347,0.03207552634,0.01549494277,0.006716601139,0.002820129893,0.01535029527,0.004248554647,0.0118998055,0.02760285815,0.05046176376,0.0799133499,0.0004281766474,0.0001457050764,4.44907561e-05,1.351854094e-05,0.0005222676244,2.939758385e-05,0.0001326545178,0.000479131024,0.001207761206,0.002520955311,0.0003021001375,0.0001028022237,3.139044645e-05,9.538002151e-06,0.0004828098857,2.939757677e-05,0.0001326545357,0.0004791312555,0.001207762193,0.002520957632,0.01056045566,0.004021390344,0.001374083744,0.0004631887865,0.004451565382,0.0004715996809,0.00136202755,0.003250594808,0.00581984204,0.009028540035,0.01543547124,0.005877783655,0.002008402245,0.0006770108885,0.004848864258,0.0004715998046,0.001362027351,0.0032505931,0.005819836865,0.00902853099,0.000220953544,6.007346418e-05,1.465574092e-05,3.619891091e-06,0.0001773375498,3.581287186e-06,1.636052658e-05,5.9771653e-05,0.0001454295399,0.0002935612449,0.0001511693467,4.110033016e-05,1.002698309e-05,2.476611514e-06,0.0001628071349,3.581286247e-06,1.636052898e-05,5.977168441e-05,0.0001454296692,0.000293561539,2.279290345e-07,2.824952951e-08,2.649952447e-09,2.328850115e-10,1.123952361e-05,3.933432713e-09,1.160167505e-07,1.991602284e-06,1.388400788e-05,6.451815865e-05,3.442027684e-10,2.697074026e-11,1.452694701e-12,7.023525641e-14,9.845214536e-07,7.03275453e-12,6.907108898e-10,3.259417762e-08,4.24911218e-07,3.250718601e-06,5.431858641e-10,6.937661994e-11,6.347300286e-12,5.191102618e-13,1.840820071e-06,7.198146897e-11,4.458132694e-09,1.43478252e-07,1.48927871e-06,9.464058303e-06,1.665978467e-10,2.455775296e-11,2.593099008e-12,2.420780545e-13,1.504904972e-06,5.435199007e-11,3.380308405e-09,1.092116116e-07,1.125512096e-06,7.071937699e-06,2.902159637e-11,5.12717198e-12,6.488520827e-13,7.159296398e-14,1.043371128e-06,2.925589594e-11,1.829105737e-09,5.938443865e-08,6.001747842e-07,3.676499667e-06,3.993693271e-13,6.972836576e-14,8.368492769e-15,8.476537165e-16,2.970494164e-07,1.012809186e-12,1.018194607e-10,4.910018144e-09,6.032977949e-08,4.24382193e-07,4.113287604e-18,3.371333994e-19,1.624400371e-20,6.167627328e-22,7.327098297e-09,5.532527317e-18,4.003959733e-15,1.014788885e-12,2.960853659e-11,4.035919419e-10,9.909773255e-18,7.390559938e-19,3.240183207e-20,1.12758505e-21,7.627255365e-09,4.519111557e-18,3.261495081e-15,8.244914386e-13,2.374634248e-11,3.199968785e-10,1.435931054e-17,9.98917336e-19,4.085113338e-20,1.333185633e-21,6.983822329e-09,2.718966769e-18,1.958309927e-15,4.94114961e-13,1.384194116e-11,1.813726327e-10,5.946096468e-21,2.021042781e-22,3.589783551e-24,4.887108621e-26,6.310217547e-10,1.828089253e-22,5.87619981e-19,5.211496742e-16,2.574494729e-14,5.137097288e-13
46,0.0226308952,0.01093245737,0.004738896781,0.00198974163,0.01419056768,0.004248553544,0.01189980701,0.02760287156,0.05046180563,0.07991342544,0.03207552607,0.01549494242,0.006716600899,0.002820129756,0.01535029479,0.004248554567,0.01189980541,0.02760285823,0.0504617644,0.07991335187,0.0004281766421,0.0001457050717,4.449075376e-05,1.351853998e-05,0.0005222675984,2.939758248e-05,0.0001326545131,0.0004791310122,0.001207761187,0.002520955301,0.0003021001337,0.0001028022204,3.13904448e-05,9.538001472e-06,0.0004828098616,2.93975754e-05,0.000132654531,0.0004791312436,0.001207762174,0.002520957621,0.01056045561,0.0040213903,0.00137408372,0.0004631887753,0.004451565335,0.0004715996916,0.001362027601,0.003250594973,0.005819842415,0.00902854079,0.01543547118,0.00587778359,0.002008402209,0.0006770108722,0.004848864206,0.0004715998153,0.001362027402,0.003250593265,0.00581983724,0.009028531745,0.0002209535422,6.007346292e-05,1.465574042e-05,3.619890924e-06,0.0001773375448,3.581287172e-06,1.636052676e-05,5.977165444e-05,0.0001454295453,0.0002935612613,0.0001511693455,4.110032929e-05,1.002698275e-05,2.4766114e-06,0.0001628071304,3.581286233e-06,1.636052915e-05,5.977168586e-05,0.0001454296746,0.0002935615554,2.279290269e-07,2.824952704e-08,2.649952071e-09,2.328849668e-10,1.123952241e-05,3.933432126e-09,1.160167361e-07,1.991602082e-06,1.388400672e-05,6.45181546e-05,3.44202751e-10,2.697073668e-11,1.452694389e-12,7.023523599e-14,9.845213061e-07,7.032752721e-12,6.907107325e-10,3.259417109e-08,4.249111402e-07,3.250718059e-06,5.432406521e-10,6.938344925e-11,6.347909705e-12,5.191589403e-13,1.840839642e-06,7.198016278e-11,4.458051609e-09,1.434756368e-07,1.489250435e-06,9.463871523e-06,1.666785715e-10,2.456937408e-11,2.594296716e-12,2.421873337e-13,1.50498276e-06,5.434731973e-11,3.380016926e-09,1.092021639e-07,1.125410578e-06,7.071274164e-06,2.904973029e-11,5.132026486e-12,6.494517687e-13,7.165763899e-14,1.043479174e-06,2.92508774e-11,1.828790824e-09,5.937417996e-08,6.000666682e-07,3.675810665e-06,3.982840108e-13,6.955987708e-14,8.350792994e-15,8.460967143e-16,2.967742191e-07,1.010280983e-12,1.015661927e-10,4.897845009e-09,6.017438488e-08,4.232421492e-07,4.017028528e-18,3.299044303e-19,1.592758667e-20,6.058687971e-22,7.286171935e-09,5.455236659e-18,3.948256029e-15,1.000725711e-12,2.917911582e-11,3.97436864e-10,9.515138894e-18,7.120440275e-19,3.13239961e-20,1.093506312e-21,7.554949109e-09,4.413341254e-18,3.185477863e-15,8.053493802e-13,2.316951187e-11,3.118252142e-10,1.350867405e-17,9.445110962e-19,3.882218757e-20,1.27290441e-21,6.884530806e-09,2.624080862e-18,1.890250265e-15,4.770081968e-13,1.334066079e-11,1.744697347e-10,5.564113e-21,1.901850729e-22,3.397082655e-24,4.648783451e-26,6.22158037e-10,1.76001372e-22,5.658315329e-19,5.019030765e-16,2.474531042e-14,4.926311813e-13
47,0.02263089502,0.01093245713,0.004738896614,0.001989741535,0.01419056724,0.004248553465,0.01189980692,0.02760287164,0.05046180626,0.07991342739,0.0320755258,0.01549494209,0.006716600663,0.002820129622,0.01535029431,0.004248554489,0.01189980532,0.0276028583,0.05046176503,0.07991335382,0.0004281766368,0.000145705067,4.449075145e-05,1.351853903e-05,0.0005222675728,2.939758113e-05,0.0001326545085,0.0004791310005,0.001207761168,0.00252095529,0.0003021001301,0.0001028022171,3.139044317e-05,9.538000803e-06,0.000482809838,2.939757405e-05,0.0001326545264,0.0004791312319,0.001207762155,0.002520957611,0.01056045557,0.004021390256,0.001374083696,0.0004631887643,0.004451565288,0.0004715997021,0.001362027651,0.003250595136,0.005819842785,0.009028541534,0.01543547112,0.005877783526,0.002008402174,0.000677010856,0.004848864156,0.0004715998258,0.001362027452,0.003250593427,0.00581983761,0.009028532489,0.0002209535405,6.007346167e-05,1.465573992e-05,3.619890759e-06,0.0001773375399,3.581287158e-06,1.636052693e-05,5.977165587e-05,0.0001454295507,0.0002935612775,0.0001511693443,4.110032844e-05,1.002698241e-05,2.476611287e-06,0.0001628071259,3.581286218e-06,1.636052932e-05,5.977168728e-05,0.00014542968,0.0002935615716,2.279290194e-07,2.82495246e-08,2.6499517e-09,2.328849227e-10,1.123952122e-05,3.933431548e-09,1.160167219e-07,1.991601884e-06,1.388400559e-05,6.45181506e-05,3.442027338e-10,2.697073315e-11,1.452694081e-12,7.023521586e-14,9.845211606e-07,7.032750937e-12,6.907105774e-10,3.259416465e-08,4.249110636e-07,3.250717524e-06,5.432949345e-10,6.939021192e-11,6.348512837e-12,5.192070904e-13,1.840859056e-06,7.197887916e-11,4.457971916e-09,1.434730662e-07,1.48922264e-06,9.463687917e-06,1.667585816e-10,2.458088602e-11,2.595482492e-12,2.422954644e-13,1.505059921e-06,5.434273062e-11,3.379730483e-09,1.091928785e-07,1.125310794e-06,7.070621967e-06,2.907762858e-11,5.136837648e-12,6.50045753e-13,7.172166291e-14,1.043586354e-06,2.924594658e-11,1.828481381e-09,5.936409836e-08,5.99960409e-07,3.675133503e-06,3.972174189e-13,6.939420465e-14,8.33337832e-15,8.445637765e-16,2.965031695e-07,1.007795324e-12,1.013171827e-10,4.885876342e-09,6.002161407e-08,4.221214781e-07,3.924213467e-18,3.229194867e-19,1.562120316e-20,5.952994167e-22,7.246013593e-09,5.380081721e-18,3.894088382e-15,9.870495937e-13,2.876178518e-11,3.914595849e-10,9.1405767e-18,6.863164606e-19,3.029380534e-20,1.06082764e-21,7.48420319e-09,4.31137427e-18,3.112186865e-15,7.868921263e-13,2.261392553e-11,3.039644875e-10,1.271702305e-17,8.936156082e-19,3.69142994e-20,1.215946222e-21,6.787759171e-09,2.533589372e-18,1.825332914e-15,4.606889838e-13,1.286324202e-11,1.679079316e-10,5.210721211e-21,1.790959542e-22,3.216791507e-24,4.42464446e-26,6.135305489e-10,1.695370276e-22,5.451383309e-19,4.836212979e-16,2.379764904e-14,4.72694095e-13
48,0.02263089483,0.0109324569,0.004738896449,0.001989741442,0.0141905668,0.004248553387,0.01189980683,0.02760287171,0.05046180688,0.07991342931,0.03207552554,0.01549494175,0.00671660043,0.00282012949,0.01535029384,0.004248554411,0.01189980523,0.02760285838,0.05046176564,0.07991335574,0.0004281766317,0.0001457050624,4.449074918e-05,1.35185381e-05,0.0005222675476,2.93975798e-05,0.000132654504,0.0004791309889,0.00120776115,0.00252095528,0.0003021001264,0.0001028022138,3.139044157e-05,9.538000144e-06,0.0004828098146,2.939757272e-05,0.0001326545218,0.0004791312204,0.001207762137,0.002520957601,0.01056045553,0.004021390213,0.001374083672,0.0004631887534,0.004451565242,0.0004715997125,0.0013620277,0.003250595296,0.005819843149,0.009028542266,0.01543547105,0.005877783463,0.002008402139,0.0006770108401,0.004848864106,0.0004715998362,0.001362027501,0.003250593587,0.005819837974,0.009028533221,0.0002209535387,6.007346044e-05,1.465573944e-05,3.619890597e-06,0.0001773375351,3.581287144e-06,1.63605271e-05,5.977165727e-05,0.0001454295559,0.0002935612934,0.0001511693431,4.11003276e-05,1.002698208e-05,2.476611176e-06,0.0001628071215,3.581286204e-06,1.636052949e-05,5.977168869e-05,0.0001454296852,0.0002935615875,2.27929012e-07,2.824952219e-08,2.649951335e-09,2.328848793e-10,1.123952006e-05,3.933430978e-09,1.160167079e-07,1.991601688e-06,1.388400447e-05,6.451814667e-05,3.44202717e-10,2.697072967e-11,1.452693778e-12,7.023519604e-14,9.845210175e-07,7.032749181e-12,6.907104247e-10,3.259415831e-08,4.249109881e-07,3.250716998e-06,5.433486151e-10,6.939689612e-11,6.349108643e-12,5.192546302e-13,1.840878277e-06,7.197761993e-11,4.457893728e-09,1.43470544e-07,1.489195365e-06,9.463507744e-06,1.668377344e-10,2.459226852e-11,2.596654277e-12,2.424022613e-13,1.505136316e-06,5.433822919e-11,3.379449481e-09,1.091837685e-07,1.125212886e-06,7.069982036e-06,2.91052411e-11,5.141596928e-12,6.506329956e-13,7.178492511e-14,1.043692474e-06,2.92411104e-11,1.828177842e-09,5.935420809e-08,5.998561572e-07,3.674469137e-06,3.961711186e-13,6.923159716e-14,8.316275504e-15,8.430573169e-16,2.962366925e-07,1.005355861e-12,1.010727964e-10,4.874129744e-09,5.987169101e-08,4.210218162e-07,3.834856011e-18,3.161808658e-19,1.53250078e-20,5.850615828e-22,7.20667849e-09,5.307122459e-18,3.841500239e-15,9.737715568e-13,2.835686141e-11,3.856643083e-10,8.785548998e-18,6.618467357e-19,2.93105896e-20,1.029538676e-21,7.415104248e-09,4.213223624e-18,3.041632082e-15,7.691223434e-13,2.207960975e-11,2.964141614e-10,1.198111796e-17,8.460626624e-19,3.51225721e-20,1.162201257e-21,6.693604162e-09,2.447410575e-18,1.763500306e-15,4.451430973e-13,1.240918292e-11,1.616789115e-10,4.884120128e-21,1.687905751e-22,3.048310833e-24,4.214111518e-26,6.051469232e-10,1.634064294e-22,5.255104634e-19,4.662782226e-16,2.290038542e-14,4.538596266e-13
49,0.02263089465,0.01093245667,0.004738896288,0.00198974135,0.01419056637,0.004248553311,0.01189980675,0.02760287179,0.05046180748,0.07991343119,0.03207552529,0.01549494143,0.006716600201,0.00282012936,0.01535029337,0.004248554335,0.01189980515,0.02760285846,0.05046176625,0.07991335762,0.0004281766267,0.0001457050579,4.449074695e-05,1.351853718e-05,0.0005222675228,2.93975785e-05,0.0001326544995,0.0004791309776,0.001207761132,0.00252095527,0.0003021001229,0.0001028022106,3.139043999e-05,9.537999497e-06,0.0004828097917,2.939757141e-05,0.0001326545174,0.0004791312091,0.001207762119,0.002520957591,0.01056045548,0.004021390171,0.001374083648,0.0004631887428,0.004451565197,0.0004715997227,0.001362027749,0.003250595453,0.005819843506,0.009028542986,0.01543547099,0.005877783401,0.002008402105,0.0006770108245,0.004848864057,0.0004715998464,0.001362027549,0.003250593745,0.005819838331,0.009028533941,0.0002209535371,6.007345923e-05,1.465573896e-05,3.619890438e-06,0.0001773375304,3.58128713e-06,1.636052726e-05,5.977165865e-05,0.0001454295611,0.0002935613091,0.0001511693419,4.110032677e-05,1.002698175e-05,2.476611068e-06,0.0001628071171,3.581286191e-06,1.636052966e-05,5.977169006e-05,0.0001454296904,0.0002935616032,2.279290047e-07,2.824951983e-08,2.649950976e-09,2.328848367e-10,1.123951891e-05,3.933430419e-09,1.160166942e-07,1.991601496e-06,1.388400337e-05,6.451814281e-05,3.442027004e-10,2.697072626e-11,1.452693481e-12,7.023517657e-14,9.845208768e-07,7.032747456e-12,6.907102746e-10,3.259415208e-08,4.24910914e-07,3.250716481e-06,5.434015964e-10,6.940348987e-11,6.349696072e-12,5.193014771e-13,1.84089727e-06,7.197638686e-11,4.457817157e-09,1.434680736e-07,1.489168649e-06,9.463331264e-06,1.669158849e-10,2.460350102e-11,2.597809989e-12,2.425075372e-13,1.5052118e-06,5.43338218e-11,3.379174319e-09,1.091748469e-07,1.125116995e-06,7.069355283e-06,2.913251682e-11,5.14629565e-12,6.512124416e-13,7.18473136e-14,1.043797333e-06,2.923637568e-11,1.827880637e-09,5.934452319e-08,5.997540613e-07,3.673818515e-06,3.951466507e-13,6.907229954e-14,8.299510956e-15,8.415797224e-16,2.959752094e-07,1.002966193e-12,1.008333949e-10,4.86262257e-09,5.972483646e-08,4.199447763e-07,3.748962548e-18,3.096903277e-19,1.503913226e-20,5.751615246e-22,7.168220597e-09,5.236414108e-18,3.790531646e-15,9.609017671e-13,2.796463447e-11,3.800548449e-10,8.44949927e-18,6.386066024e-19,2.837359943e-20,9.996263336e-22,7.34773572e-09,4.118894452e-18,2.973817847e-15,7.52041272e-13,2.156654785e-11,2.891730933e-10,1.129780862e-17,8.016866077e-19,3.344210769e-20,1.111557563e-21,6.602156493e-09,2.365456629e-18,1.704690456e-15,4.303551949e-13,1.197795142e-11,1.557739978e-10,4.582583011e-21,1.592239936e-22,2.891051881e-24,4.016606248e-26,5.970142533e-10,1.575998868e-22,5.069172724e-19,4.498470627e-16,2.205191733e-14,4.360887066e-13
50,0.02263089447,0.01093245644,0.00473889613,0.00198974126,0.01419056595,0.004248553236,0.01189980666,0.02760287186,0.05046180808,0.07991343304,0.03207552503,0.01549494111,0.006716599977,0.002820129232,0.01535029292,0.00424855426,0.01189980506,0.02760285853,0.05046176685,0.07991335947,0.0004281766217,0.0001457050535,4.449074476e-05,1.351853628e-05,0.0005222674985,2.939757722e-05,0.0001326544951,0.0004791309665,0.001207761115,0.002520955261,0.0003021001194,0.0001028022075,3.139043845e-05,9.537998863e-06,0.0004828097693,2.939757013e-05,0.000132654513,0.000479131198,0.001207762101,0.002520957581,0.01056045544,0.004021390129,0.001374083625,0.0004631887323,0.004451565153,0.0004715997327,0.001362027796,0.003250595608,0.005819843857,0.009028543691,0.01543547093,0.00587778334,0.002008402071,0.0006770108092,0.004848864009,0.0004715998564,0.001362027597,0.003250593899,0.005819838682,0.009028534646,0.0002209535354,6.007345805e-05,1.46557385e-05,3.619890282e-06,0.0001773375258,3.581287117e-06,1.636052742e-05,5.977166e-05,0.0001454295662,0.0002935613244,0.0001511693408,4.110032596e-05,1.002698143e-05,2.476610961e-06,0.0001628071129,3.581286177e-06,1.636052982e-05,5.977169142e-05,0.0001454296955,0.0002935616185,2.279289976e-07,2.824951751e-08,2.649950624e-09,2.328847948e-10,1.123951779e-05,3.933429871e-09,1.160166807e-07,1.991601308e-06,1.388400229e-05,6.451813902e-05,3.442026841e-10,2.697072291e-11,1.452693189e-12,7.023515747e-14,9.845207389e-07,7.032745764e-12,6.907101275e-10,3.259414597e-08,4.249108413e-07,3.250715975e-06,5.434537794e-10,6.940998105e-11,6.35027406e-12,5.193475477e-13,1.840915998e-06,7.197518174e-11,4.457742313e-09,1.434656588e-07,1.489142531e-06,9.463158733e-06,1.66992886e-10,2.461456271e-11,2.598947516e-12,2.42611103e-13,1.505286229e-06,5.432951474e-11,3.378905391e-09,1.091661265e-07,1.125023258e-06,7.068742614e-06,2.915940387e-11,5.15092501e-12,6.517830222e-13,7.190871504e-14,1.04390073e-06,2.923174914e-11,1.827590191e-09,5.933505754e-08,5.996542679e-07,3.673182571e-06,3.941455296e-13,6.891655298e-14,8.283110733e-15,8.401333532e-16,2.957191384e-07,1.000629871e-12,1.005993341e-10,4.85137194e-09,5.958126814e-08,4.188919478e-07,3.66653315e-18,3.034491542e-19,1.476368751e-20,5.656047775e-22,7.130692676e-09,5.168007575e-18,3.741219537e-15,9.484496064e-13,2.758536985e-11,3.74634647e-10,8.131858666e-18,6.165665302e-19,2.7482021e-20,9.710752138e-22,7.282177996e-09,4.028385e-18,2.908743536e-15,7.356489038e-13,2.107468581e-11,2.82239621e-10,1.066404956e-17,7.603254032e-19,3.186804666e-20,1.063902177e-21,6.513501241e-09,2.28763497e-18,1.648837952e-15,4.163090647e-13,1.156899298e-11,1.501842591e-10,4.304462438e-21,1.503528717e-22,2.744439955e-24,3.831556469e-26,5.891391335e-10,1.521075841e-22,4.89327683e-19,4.343006481e-16,2.125063352e-14,4.193423738e-13
51,0.0226308943,0.01093245622,0.004738895975,0.001989741172,0.01419056554,0.004248553163,0.01189980658,0.02760287194,0.05046180866,0.07991343485,0.03207552479,0.0154949408,0.006716599757,0.002820129107,0.01535029247,0.004248554187,0.01189980498,0.0276028586,0.05046176743,0.07991336128,0.0004281766168,0.0001457050492,4.449074262e-05,1.35185354e-05,0.0005222674747,2.939757596e-05,0.0001326544909,0.0004791309557,0.001207761097,0.002520955251,0.0003021001159,0.0001028022045,3.139043694e-05,9.537998241e-06,0.0004828097473,2.939756888e-05,0.0001326545087,0.0004791311871,0.001207762084,0.002520957572,0.0105604554,0.004021390089,0.001374083603,0.000463188722,0.00445156511,0.0004715997425,0.001362027843,0.003250595759,0.0058198442,0.009028544382,0.01543547087,0.005877783281,0.002008402039,0.0006770107943,0.004848863962,0.0004715998662,0.001362027643,0.00325059405,0.005819839025,0.009028535337,0.0002209535338,6.007345689e-05,1.465573804e-05,3.619890129e-06,0.0001773375212,3.581287103e-06,1.636052758e-05,5.977166132e-05,0.0001454295711,0.0002935613394,0.0001511693397,4.110032517e-05,1.002698112e-05,2.476610856e-06,0.0001628071087,3.581286164e-06,1.636052998e-05,5.977169274e-05,0.0001454297004,0.0002935616335,2.279289906e-07,2.824951525e-08,2.64995028e-09,2.328847539e-10,1.123951669e-05,3.933429334e-09,1.160166675e-07,1.991601123e-06,1.388400123e-05,6.451813531e-05,3.442026682e-10,2.697071964e-11,1.452692903e-12,7.023513879e-14,9.845206039e-07,7.032744109e-12,6.907099836e-10,3.259413999e-08,4.249107702e-07,3.250715479e-06,5.435050639e-10,6.941635739e-11,6.350841533e-12,5.193927577e-13,1.840934424e-06,7.197400629e-11,4.457669305e-09,1.434633029e-07,1.489117048e-06,9.462990404e-06,1.670685886e-10,2.462543249e-11,2.600064727e-12,2.427127678e-13,1.505359453e-06,5.432531422e-11,3.378643085e-09,1.0915762e-07,1.124931811e-06,7.068144922e-06,2.918584959e-11,5.155476079e-12,6.523436549e-13,7.196901485e-14,1.044002459e-06,2.922723741e-11,1.82730692e-09,5.932582482e-08,5.995569219e-07,3.672562228e-06,3.931692444e-13,6.876459499e-14,8.26710054e-15,8.387205417e-16,2.954688939e-07,9.983503976e-13,1.00370965e-10,4.840394741e-09,5.944120071e-08,4.178648976e-07,3.587562454e-18,2.974582081e-19,1.449876604e-20,5.563962506e-22,7.094146339e-09,5.101949835e-18,3.693598018e-15,9.364237437e-13,2.721931091e-11,3.694068447e-10,7.832051975e-18,5.956960944e-19,2.663499024e-20,9.438680128e-22,7.2185086e-09,3.94168759e-18,2.84640426e-15,7.199441551e-13,2.060393781e-11,2.756116444e-10,1.007691218e-17,7.218215073e-19,3.039560276e-20,1.019122154e-21,6.427718251e-09,2.21384961e-18,1.595874886e-15,4.02987858e-13,1.118173761e-11,1.449006103e-10,4.048193829e-21,1.421356315e-22,2.607917382e-24,3.658400069e-26,5.815277013e-10,1.46919674e-22,4.727105023e-19,4.196116902e-16,2.049492769e-14,4.035820726e-13
52,0.02263089413,0.01093245601,0.004738895823,0.001989741086,0.01419056514,0.004248553091,0.0118998065,0.02760287201,0.05046180923,0.07991343661,0.03207552455,0.01549494049,0.006716599543,0.002820128986,0.01535029204,0.004248554115,0.0118998049,0.02760285867,0.050461768,0.07991336304,0.0004281766121,0.0001457050449,4.449074053e-05,1.351853454e-05,0.0005222674515,2.939757474e-05,0.0001326544867,0.0004791309451,0.001207761081,0.002520955242,0.0003021001126,0.0001028022015,3.139043546e-05,9.537997635e-06,0.0004828097258,2.939756765e-05,0.0001326545045,0.0004791311765,0.001207762067,0.002520957563,0.01056045536,0.004021390049,0.001374083581,0.000463188712,0.004451565068,0.000471599752,0.001362027888,0.003250595906,0.005819844535,0.009028545056,0.01543547081,0.005877783223,0.002008402007,0.0006770107796,0.004848863916,0.0004715998757,0.001362027689,0.003250594197,0.00581983936,0.009028536011,0.0002209535322,6.007345576e-05,1.465573759e-05,3.61988998e-06,0.0001773375168,3.58128709e-06,1.636052774e-05,5.977166261e-05,0.000145429576,0.0002935613541,0.0001511693386,4.11003244e-05,1.002698082e-05,2.476610754e-06,0.0001628071047,3.581286151e-06,1.636053013e-05,5.977169403e-05,0.0001454297053,0.0002935616481,2.279289838e-07,2.824951304e-08,2.649949944e-09,2.32884714e-10,1.123951562e-05,3.93342881e-09,1.160166546e-07,1.991600943e-06,1.38840002e-05,6.451813169e-05,3.442026526e-10,2.697071644e-11,1.452692624e-12,7.023512054e-14,9.845204721e-07,7.032742492e-12,6.90709843e-10,3.259413415e-08,4.249107007e-07,3.250714994e-06,5.435553487e-10,6.942260651e-11,6.351397409e-12,5.194370225e-13,1.840952509e-06,7.197286225e-11,4.45759824e-09,1.434610095e-07,1.489092239e-06,9.462826525e-06,1.671428417e-10,2.463608901e-11,2.601159467e-12,2.428123388e-13,1.505431324e-06,5.432122634e-11,3.378387786e-09,1.091493399e-07,1.124842791e-06,7.06756309e-06,2.921180056e-11,5.159939812e-12,6.528932447e-13,7.202809726e-14,1.044102311e-06,2.922284704e-11,1.82703124e-09,5.931683857e-08,5.994621667e-07,3.671958399e-06,3.922192589e-13,6.861665949e-14,8.251505736e-15,8.37343593e-16,2.95224887e-07,9.961312279e-13,1.001486342e-10,4.82970764e-09,5.930484598e-08,4.168651708e-07,3.51204051e-18,2.91717991e-19,1.424444422e-20,5.47540296e-22,7.058632099e-09,5.038284343e-18,3.647698659e-15,9.248322086e-13,2.686668122e-11,3.643742811e-10,7.549503075e-18,5.759643334e-19,2.583160625e-20,9.179859082e-22,7.156802372e-09,3.858789565e-18,2.786791546e-15,7.049250367e-13,2.015419157e-11,2.692867059e-10,9.53359422e-18,6.860226186e-19,2.902009329e-20,9.771054836e-22,6.344882572e-09,2.144002345e-18,1.545731722e-15,3.90374307e-13,1.081560647e-11,1.399139059e-10,3.812297618e-21,1.345325737e-22,2.480945958e-24,3.496588356e-26,5.741856808e-10,1.420263629e-22,4.5703469e-19,4.057530207e-16,1.978321096e-14,3.88769916e-13
53,0.02263089396,0.0109324558,0.004738895676,0.001989741002,0.01419056475,0.004248553022,0.01189980642,0.02760287208,0.05046180979,0.07991343833,0.03207552431,0.01549494019,0.006716599334,0.002820128867,0.01535029161,0.004248554046,0.01189980482,0.02760285874,0.05046176856,0.07991336476,0.0004281766075,0.0001457050408,4.449073849e-05,1.35185337e-05,0.0005222674289,2.939757355e-05,0.0001326544826,0.0004791309347,0.001207761064,0.002520955233,0.0003021001093,0.0001028021986,3.139043403e-05,9.537997044e-06,0.0004828097049,2.939756646e-05,0.0001326545004,0.0004791311662,0.001207762051,0.002520957554,0.01056045532,0.00402139001,0.00137408356,0.0004631887023,0.004451565027,0.0004715997613,0.001362027932,0.00325059605,0.005819844861,0.009028545713,0.01543547076,0.005877783167,0.002008401975,0.0006770107654,0.004848863871,0.000471599885,0.001362027733,0.003250594341,0.005819839686,0.009028536668,0.0002209535307,6.007345466e-05,1.465573716e-05,3.619889835e-06,0.0001773375125,3.581287078e-06,1.636052789e-05,5.977166387e-05,0.0001454295807,0.0002935613683,0.0001511693376,4.110032365e-05,1.002698052e-05,2.476610655e-06,0.0001628071007,3.581286139e-06,1.636053028e-05,5.977169529e-05,0.00014542971,0.0002935616624,2.279289772e-07,2.824951088e-08,2.649949617e-09,2.32884675e-10,1.123951457e-05,3.933428299e-09,1.160166421e-07,1.991600768e-06,1.38839992e-05,6.451812816e-05,3.442026375e-10,2.697071332e-11,1.452692353e-12,7.023510277e-14,9.845203438e-07,7.032740917e-12,6.907097061e-10,3.259412847e-08,4.249106331e-07,3.250714523e-06,5.436045313e-10,6.942871588e-11,6.351940594e-12,5.194802565e-13,1.840970216e-06,7.197175132e-11,4.457529225e-09,1.434587821e-07,1.489068142e-06,9.462667345e-06,1.672154923e-10,2.464651073e-11,2.602229561e-12,2.429096217e-13,1.50550169e-06,5.431725718e-11,3.378139875e-09,1.091412987e-07,1.124756332e-06,7.066997992e-06,2.923720265e-11,5.164307055e-12,6.534306847e-13,7.208584538e-14,1.044200076e-06,2.92185845e-11,1.826763557e-09,5.930811218e-08,5.99370144e-07,3.671371987e-06,3.912970132e-13,6.847297689e-14,8.236351342e-15,8.360047848e-16,2.949875254e-07,9.939757734e-13,9.993268364e-11,4.819327089e-09,5.917241296e-08,4.158942918e-07,3.439953616e-18,2.86228701e-19,1.400078447e-20,5.390407782e-22,7.024199446e-09,4.977051444e-18,3.603550792e-15,9.136824657e-13,2.652768697e-11,3.595395486e-10,7.283639879e-18,5.573400803e-19,2.507094384e-20,8.934089304e-22,7.097131677e-09,3.779674209e-18,2.729893986e-15,6.905888192e-13,1.972531355e-11,2.632620669e-10,9.031426872e-18,6.52782281e-19,2.773696527e-20,9.377419113e-22,6.265064899e-09,2.077993887e-18,1.498338099e-15,3.784509269e-13,1.047001792e-11,1.352150243e-10,3.595380283e-21,1.275059636e-22,2.363008936e-24,3.345588929e-26,5.671184267e-10,1.374179864e-22,4.422696026e-19,3.926978071e-16,1.911392306e-14,3.748689162e-13
54,0.0226308938,0.01093245559,0.004738895533,0.001989740921,0.01419056437,0.004248552954,0.01189980634,0.02760287214,0.05046181033,0.07991344,0.03207552408,0.0154949399,0.006716599131,0.002820128752,0.0153502912,0.004248553978,0.01189980475,0.02760285881,0.05046176909,0.07991336643,0.000428176603,0.0001457050368,4.449073652e-05,1.351853289e-05,0.0005222674069,2.939757239e-05,0.0001326544787,0.0004791309247,0.001207761048,0.002520955224,0.0003021001062,0.0001028021957,3.139043263e-05,9.53799647e-06,0.0004828096846,2.93975653e-05,0.0001326544965,0.0004791311561,0.001207762035,0.002520957545,0.01056045529,0.004021389973,0.001374083539,0.0004631886928,0.004451564987,0.0004715997704,0.001362027975,0.003250596189,0.005819845178,0.009028546351,0.0154354707,0.005877783112,0.002008401945,0.0006770107516,0.004848863827,0.0004715998941,0.001362027776,0.00325059448,0.005819840003,0.009028537306,0.0002209535292,6.007345359e-05,1.465573673e-05,3.619889694e-06,0.0001773375083,3.581287066e-06,1.636052804e-05,5.977166509e-05,0.0001454295853,0.0002935613822,0.0001511693365,4.110032291e-05,1.002698023e-05,2.476610558e-06,0.0001628070968,3.581286127e-06,1.636053043e-05,5.977169651e-05,0.0001454297146,0.0002935616763,2.279289708e-07,2.824950879e-08,2.649949299e-09,2.328846372e-10,1.123951356e-05,3.933427803e-09,1.160166299e-07,1.991600598e-06,1.388399822e-05,6.451812474e-05,3.442026227e-10,2.69707103e-11,1.452692089e-12,7.023508551e-14,9.84520219e-07,7.032739387e-12,6.90709573e-10,3.259412294e-08,4.249105673e-07,3.250714064e-06,5.436525084e-10,6.94346729e-11,6.352469987e-12,5.195223738e-13,1.840987506e-06,7.197067519e-11,4.457462365e-09,1.43456624e-07,1.489044793e-06,9.46251311e-06,1.672863861e-10,2.465667586e-11,2.603272814e-12,2.430044209e-13,1.505570396e-06,5.431341271e-11,3.377899727e-09,1.091335084e-07,1.124672564e-06,7.066450495e-06,2.92620011e-11,5.168568552e-12,6.539548569e-13,7.21421413e-14,1.044295539e-06,2.921445619e-11,1.826504277e-09,5.929965891e-08,5.992809941e-07,3.670803886e-06,3.904039247e-13,6.833377429e-14,8.221662048e-15,8.347063681e-16,2.94757213e-07,9.918874033e-13,9.972345121e-11,4.809269339e-09,5.904410807e-08,4.149537658e-07,3.37128513e-18,2.80990289e-19,1.376783759e-20,5.309011442e-22,6.990896911e-09,4.918288793e-18,3.561181808e-15,9.029814898e-13,2.620251937e-11,3.549050252e-10,7.033898825e-18,5.397922691e-19,2.435206536e-20,8.701163169e-22,7.039566622e-09,3.704321644e-18,2.675697891e-15,6.769321938e-13,1.931715398e-11,2.575347819e-10,8.567879752e-18,6.219603701e-19,2.654181767e-20,9.009236669e-22,6.188332043e-09,2.015724911e-18,1.453623587e-15,3.672002045e-13,1.014439311e-11,1.307949459e-10,3.396134411e-21,1.210200883e-22,2.253612595e-24,3.204888112e-26,5.603309699e-10,1.330850784e-22,4.283852128e-19,3.804197468e-16,1.848554219e-14,3.618431866e-13
55,0.02263089365,0.0109324554,0.004738895394,0.001989740842,0.014190564,0.004248552888,0.01189980627,0.02760287221,0.05046181085,0.07991344162,0.03207552386,0.01549493962,0.006716598934,0.00282012864,0.0153502908,0.004248553912,0.01189980467,0.02760285888,0.05046176962,0.07991336805,0.0004281765987,0.0001457050329,4.44907346e-05,1.35185321e-05,0.0005222673856,2.939757127e-05,0.0001326544748,0.000479130915,0.001207761033,0.002520955216,0.0003021001031,0.000102802193,3.139043128e-05,9.537995914e-06,0.0004828096649,2.939756418e-05,0.0001326544927,0.0004791311464,0.00120776202,0.002520957536,0.01056045525,0.004021389936,0.001374083519,0.0004631886837,0.004451564948,0.0004715997792,0.001362028016,0.003250596324,0.005819845485,0.009028546969,0.01543547065,0.005877783059,0.002008401916,0.0006770107382,0.004848863785,0.0004715999028,0.001362027817,0.003250594616,0.00581984031,0.009028537924,0.0002209535277,6.007345256e-05,1.465573633e-05,3.619889557e-06,0.0001773375042,3.581287054e-06,1.636052818e-05,5.977166628e-05,0.0001454295897,0.0002935613956,0.0001511693355,4.11003222e-05,1.002697995e-05,2.476610465e-06,0.0001628070931,3.581286115e-06,1.636053057e-05,5.977169769e-05,0.000145429719,0.0002935616897,2.279289645e-07,2.824950676e-08,2.64994899e-09,2.328846006e-10,1.123951258e-05,3.933427322e-09,1.160166181e-07,1.991600433e-06,1.388399728e-05,6.451812142e-05,3.442026085e-10,2.697070736e-11,1.452691833e-12,7.023506877e-14,9.845200982e-07,7.032737905e-12,6.907094441e-10,3.259411759e-08,4.249105036e-07,3.25071362e-06,5.436991757e-10,6.944046484e-11,6.352984481e-12,5.195632877e-13,1.84100434e-06,7.196963552e-11,4.457397764e-09,1.434545386e-07,1.489022229e-06,9.462364061e-06,1.67355367e-10,2.466656244e-11,2.604287016e-12,2.430965391e-13,1.505637289e-06,5.430969887e-11,3.377667716e-09,1.091259815e-07,1.124591621e-06,7.065921457e-06,2.928614052e-11,5.172714957e-12,6.544646335e-13,7.219686616e-14,1.044388485e-06,2.921046846e-11,1.826253801e-09,5.929149188e-08,5.991948563e-07,3.670254982e-06,3.895413893e-13,6.81992756e-14,8.207462231e-15,8.334505678e-16,2.945343509e-07,9.898694478e-13,9.952127082e-11,4.799550457e-09,5.892013532e-08,4.140450796e-07,3.306016256e-18,2.760025137e-19,1.354564494e-20,5.231244933e-22,6.958772153e-09,4.862031775e-18,3.520617463e-15,8.927358428e-13,2.589135706e-11,3.504729108e-10,6.799728925e-18,5.232902162e-19,2.367403185e-20,8.480868501e-22,6.984175285e-09,3.632709697e-18,2.624187903e-15,6.639514288e-13,1.892955171e-11,2.521017698e-10,8.140564113e-18,5.934234728e-19,2.54304203e-20,8.665461052e-22,6.114747412e-09,1.957097022e-18,1.411518376e-15,3.566047727e-13,9.838161147e-12,1.266448236e-10,3.21333799e-21,1.150412895e-22,2.152287457e-24,3.073993e-26,5.538280636e-10,1.290184324e-22,4.153523066e-19,3.688932414e-16,1.789659383e-14,3.496581173e-13
56,0.0226308935,0.01093245521,0.00473889526,0.001989740766,0.01419056364,0.004248552825,0.0118998062,0.02760287227,0.05046181135,0.07991344318,0.03207552365,0.01549493935,0.006716598744,0.002820128532,0.01535029042,0.004248553849,0.0118998046,0.02760285894,0.05046177012,0.07991336962,0.0004281765945,0.0001457050292,4.449073275e-05,1.351853134e-05,0.0005222673651,2.939757018e-05,0.0001326544711,0.0004791309056,0.001207761018,0.002520955208,0.0003021001002,0.0001028021904,3.139042997e-05,9.537995377e-06,0.0004828096459,2.93975631e-05,0.0001326544889,0.000479131137,0.001207762005,0.002520957528,0.01056045521,0.004021389901,0.001374083499,0.0004631886748,0.004451564911,0.0004715997876,0.001362028057,0.003250596455,0.005819845782,0.009028547567,0.0154354706,0.005877783007,0.002008401887,0.0006770107252,0.004848863744,0.0004715999113,0.001362027857,0.003250594746,0.005819840607,0.009028538522,0.0002209535263,6.007345156e-05,1.465573593e-05,3.619889425e-06,0.0001773375003,3.581287043e-06,1.636052832e-05,5.977166742e-05,0.000145429594,0.0002935614086,0.0001511693346,4.110032152e-05,1.002697968e-05,2.476610374e-06,0.0001628070895,3.581286103e-06,1.636053071e-05,5.977169884e-05,0.0001454297233,0.0002935617027,2.279289585e-07,2.82495048e-08,2.649948693e-09,2.328845652e-10,1.123951163e-05,3.933426858e-09,1.160166067e-07,1.991600273e-06,1.388399637e-05,6.451811821e-05,3.442025947e-10,2.697070453e-11,1.452691586e-12,7.023505261e-14,9.845199814e-07,7.032736473e-12,6.907093195e-10,3.259411242e-08,4.249104421e-07,3.250713191e-06,5.43744428e-10,6.944607888e-11,6.353482958e-12,5.196029114e-13,1.841020678e-06,7.196863397e-11,4.457335525e-09,1.434525294e-07,1.489000486e-06,9.462220441e-06,1.674222777e-10,2.467614833e-11,2.605269939e-12,2.43185778e-13,1.50570221e-06,5.430612155e-11,3.377444211e-09,1.091187298e-07,1.124513632e-06,7.06541173e-06,2.930956501e-11,5.176736838e-12,6.549588777e-13,7.224990029e-14,1.044478695e-06,2.920662759e-11,1.826012525e-09,5.928362412e-08,5.991118685e-07,3.669726154e-06,3.887107833e-13,6.806970177e-14,8.193775968e-15,8.322395839e-16,2.943193367e-07,9.879252012e-13,9.932647281e-11,4.790186333e-09,5.880069646e-08,4.131697032e-07,3.244126812e-18,2.712649967e-19,1.333424067e-20,5.157136478e-22,6.927872043e-09,4.808313932e-18,3.481882181e-15,8.829517499e-13,2.559436857e-11,3.462452637e-10,6.580595421e-18,5.078038805e-19,2.30359134e-20,8.272991794e-22,6.93102396e-09,3.564814748e-18,2.575347607e-15,6.516425219e-13,1.856233894e-11,2.469598823e-10,7.747234547e-18,5.670451763e-19,2.439872959e-20,8.345082709e-22,6.04437151e-09,1.902013653e-18,1.371953925e-15,3.466475727e-13,9.55076378e-12,1.22756047e-10,3.04585306e-21,1.095379773e-22,2.058589184e-24,2.952433153e-26,5.476142302e-10,1.252091565e-22,4.031426604e-19,3.580935532e-16,1.73456585e-14,3.382805274e-13
57,0.02263089335,0.01093245502,0.004738895131,0.001989740693,0.0141905633,0.004248552764,0.01189980613,0.02760287233,0.05046181184,0.07991344469,0.03207552344,0.01549493909,0.006716598561,0.002820128428,0.01535029005,0.004248553788,0.01189980453,0.027602859,0.05046177061,0.07991337112,0.0004281765904,0.0001457050256,4.449073096e-05,1.35185306e-05,0.0005222673452,2.939756914e-05,0.0001326544676,0.0004791308965,0.001207761004,0.0025209552,0.0003021000973,0.0001028021878,3.139042871e-05,9.537994859e-06,0.0004828096276,2.939756205e-05,0.0001326544854,0.000479131128,0.001207761991,0.00252095752,0.01056045518,0.004021389867,0.001374083481,0.0004631886663,0.004451564875,0.0004715997958,0.001362028095,0.003250596581,0.005819846068,0.009028548142,0.01543547055,0.005877782958,0.00200840186,0.0006770107127,0.004848863705,0.0004715999195,0.001362027896,0.003250594872,0.005819840893,0.009028539097,0.000220953525,6.007345059e-05,1.465573555e-05,3.619889297e-06,0.0001773374965,3.581287032e-06,1.636052845e-05,5.977166852e-05,0.0001454295982,0.0002935614211,0.0001511693337,4.110032086e-05,1.002697942e-05,2.476610287e-06,0.000162807086,3.581286092e-06,1.636053084e-05,5.977169994e-05,0.0001454297275,0.0002935617152,2.279289527e-07,2.824950291e-08,2.649948406e-09,2.328845311e-10,1.123951071e-05,3.933426411e-09,1.160165957e-07,1.991600119e-06,1.388399549e-05,6.451811512e-05,3.442025814e-10,2.69707018e-11,1.452691348e-12,7.023503704e-14,9.845198689e-07,7.032735093e-12,6.907091996e-10,3.259410744e-08,4.249103828e-07,3.250712778e-06,5.437881595e-10,6.945150216e-11,6.353964299e-12,5.196411575e-13,1.841036481e-06,7.196767219e-11,4.457275753e-09,1.434505996e-07,1.488979602e-06,9.462082489e-06,1.674869599e-10,2.468541124e-11,2.606219344e-12,2.432719383e-13,1.505765002e-06,5.430268656e-11,3.377229578e-09,1.091117654e-07,1.124438726e-06,7.064922159e-06,2.93322182e-11,5.180624695e-12,6.554364447e-13,7.230112327e-14,1.044565951e-06,2.92029398e-11,1.825780843e-09,5.927606856e-08,5.990321677e-07,3.669218275e-06,3.879134648e-13,6.794527104e-14,8.180627064e-15,8.310755932e-16,2.941125651e-07,9.860579252e-13,9.913938426e-11,4.781192705e-09,5.868599125e-08,4.123290921e-07,3.185595979e-18,2.667772756e-19,1.313365395e-20,5.086712234e-22,6.89824276e-09,4.757167391e-18,3.444999366e-15,8.736351777e-13,2.531171477e-11,3.422240368e-10,6.375983082e-18,4.933041026e-19,2.243679894e-20,8.077321276e-22,6.880177414e-09,3.500612548e-18,2.529160118e-15,6.400013483e-13,1.821534577e-11,2.421059701e-10,7.385789439e-18,5.42706278e-19,2.344290168e-20,8.047133923e-22,5.977262446e-09,1.850380902e-18,1.334863558e-15,3.37312004e-13,9.281659794e-12,1.191203012e-10,2.892623891e-21,1.044806258e-22,1.972099225e-24,2.839762004e-26,5.416938092e-10,1.216487231e-22,3.917291998e-19,3.479969466e-16,1.683137869e-14,3.276787985e-13
58,0.02263089321,0.01093245485,0.004738895007,0.001989740622,0.01419056297,0.004248552706,0.01189980607,0.02760287239,0.05046181231,0.07991344614,0.03207552325,0.01549493884,0.006716598386,0.002820128328,0.01535028969,0.00424855373,0.01189980447,0.02760285906,0.05046177107,0.07991337257,0.0004281765866,0.0001457050221,4.449072925e-05,1.35185299e-05,0.0005222673262,2.939756814e-05,0.0001326544641,0.0004791308879,0.00120776099,0.002520955192,0.0003021000946,0.0001028021854,3.13904275e-05,9.537994363e-06,0.00048280961,2.939756105e-05,0.000132654482,0.0004791311193,0.001207761977,0.002520957513,0.01056045515,0.004021389835,0.001374083463,0.0004631886581,0.00445156484,0.0004715998036,0.001362028132,0.003250596701,0.005819846342,0.009028548694,0.0154354705,0.005877782911,0.002008401834,0.0006770107008,0.004848863668,0.0004715999273,0.001362027933,0.003250594993,0.005819841167,0.009028539649,0.0002209535237,6.007344967e-05,1.465573518e-05,3.619889175e-06,0.0001773374929,3.581287021e-06,1.636052857e-05,5.977166958e-05,0.0001454296021,0.0002935614331,0.0001511693328,4.110032023e-05,1.002697917e-05,2.476610204e-06,0.0001628070827,3.581286082e-06,1.636053097e-05,5.9771701e-05,0.0001454297314,0.0002935617272,2.279289471e-07,2.82495011e-08,2.649948131e-09,2.328844984e-10,1.123950983e-05,3.933425982e-09,1.160165851e-07,1.991599972e-06,1.388399464e-05,6.451811215e-05,3.442025687e-10,2.697069918e-11,1.452691119e-12,7.02350221e-14,9.84519761e-07,7.03273377e-12,6.907090845e-10,3.259410266e-08,4.249103259e-07,3.250712381e-06,5.438302639e-10,6.945672172e-11,6.354427376e-12,5.196779381e-13,1.841051708e-06,7.196675181e-11,4.457218548e-09,1.434487525e-07,1.488959612e-06,9.461950444e-06,1.67549254e-10,2.469432877e-11,2.60713298e-12,2.433548199e-13,1.505825507e-06,5.429939972e-11,3.377024183e-09,1.091051001e-07,1.124367033e-06,7.064453585e-06,2.935404331e-11,5.184368964e-12,6.558961834e-13,7.235041407e-14,1.04465003e-06,2.919941129e-11,1.825559147e-09,5.926883804e-08,5.989558902e-07,3.668732214e-06,3.871507759e-13,6.782619918e-14,8.168039066e-15,8.299607505e-16,2.93914428e-07,9.842708529e-13,9.896032942e-11,4.772585172e-09,5.857621765e-08,4.115246883e-07,3.130403027e-18,2.625388566e-19,1.294391111e-20,5.019996991e-22,6.869929887e-09,4.708623297e-18,3.409991709e-15,8.647919124e-13,2.504355133e-11,3.384111146e-10,6.185399183e-18,4.797628255e-19,2.187580543e-20,7.893649842e-22,6.831699154e-09,3.440079022e-18,2.485608656e-15,6.290238051e-13,1.788840465e-11,2.375369464e-10,7.054270442e-18,5.202949311e-19,2.255930322e-20,7.770693146e-22,5.91347646e-09,1.802108298e-18,1.300183019e-15,3.285820649e-13,9.030329007e-12,1.157296193e-10,2.752674811e-21,9.984175808e-23,1.892425238e-24,2.735557994e-26,5.360710055e-10,1.183290134e-22,3.810861432e-19,3.385808148e-16,1.635246495e-14,3.178229888e-13
59,0.02263089308,0.01093245468,0.004738894889,0.001989740555,0.01419056265,0.00424855265,0.011899806,0.02760287245,0.05046181275,0.07991344752,0.03207552306,0.0154949386,0.006716598218,0.002820128233,0.01535028935,0.004248553674,0.0118998044,0.02760285911,0.05046177152,0.07991337395,0.0004281765829,0.0001457050188,4.449072761e-05,1.351852923e-05,0.0005222673081,2.939756718e-05,0.0001326544609,0.0004791308796,0.001207760977,0.002520955185,0.000302100092,0.000102802183,3.139042635e-05,9.537993888e-06,0.0004828095932,2.939756009e-05,0.0001326544787,0.000479131111,0.001207761964,0.002520957506,0.01056045512,0.004021389804,0.001374083445,0.0004631886502,0.004451564807,0.0004715998111,0.001362028168,0.003250596817,0.005819846604,0.009028549222,0.01543547046,0.005877782865,0.002008401809,0.0006770106893,0.004848863632,0.0004715999348,0.001362027969,0.003250595108,0.00581984143,0.009028540177,0.0002209535224,6.007344878e-05,1.465573483e-05,3.619889059e-06,0.0001773374894,3.581287011e-06,1.63605287e-05,5.977167059e-05,0.0001454296059,0.0002935614446,0.0001511693319,4.110031962e-05,1.002697893e-05,2.476610124e-06,0.0001628070795,3.581286072e-06,1.636053109e-05,5.977170201e-05,0.0001454297352,0.0002935617387,2.279289418e-07,2.824949936e-08,2.649947868e-09,2.328844671e-10,1.123950899e-05,3.933425571e-09,1.16016575e-07,1.991599831e-06,1.388399384e-05,6.451810932e-05,3.442025565e-10,2.697069668e-11,1.452690901e-12,7.023500783e-14,9.845196579e-07,7.032732505e-12,6.907089745e-10,3.25940981e-08,4.249102716e-07,3.250712002e-06,5.438706344e-10,6.946172456e-11,6.354871059e-12,5.197131655e-13,1.84106632e-06,7.196587445e-11,4.457164013e-09,1.434469915e-07,1.488940552e-06,9.461824542e-06,1.676089999e-10,2.470287841e-11,2.608008587e-12,2.434342217e-13,1.505883565e-06,5.429626679e-11,3.376828389e-09,1.090987459e-07,1.124298681e-06,7.064006845e-06,2.937498324e-11,5.187960031e-12,6.563369369e-13,7.239765116e-14,1.044730712e-06,2.919604822e-11,1.825347827e-09,5.926194535e-08,5.988831716e-07,3.668268833e-06,3.86424045e-13,6.771269984e-14,8.1560353e-15,8.28897191e-16,2.937253148e-07,9.825671932e-13,9.878963008e-11,4.764379215e-09,5.847157215e-08,4.107579227e-07,3.078528026e-18,2.585492666e-19,1.276503783e-20,4.957014886e-22,6.842978523e-09,4.662712253e-18,3.376881503e-15,8.564276386e-13,2.47900312e-11,3.348083496e-10,6.008376214e-18,4.671532998e-19,2.135208654e-20,7.721777857e-22,6.785651708e-09,3.383191049e-18,2.444677108e-15,6.187059521e-13,1.758135465e-11,2.332498487e-10,6.75086118e-18,4.997067376e-19,2.174452024e-20,7.514888801e-22,5.853068458e-09,1.757109532e-18,1.267850994e-15,3.204424826e-13,8.796275987e-12,1.125764324e-10,2.62510779e-21,9.559591925e-23,1.819201341e-24,2.639425513e-26,5.307499384e-10,1.152423579e-22,3.711891322e-19,3.298237962e-16,1.590770144e-14,3.086849351e-13
60,0.02263089295,0.01093245452,0.004738894776,0.001989740491,0.01419056236,0.004248552596,0.01189980594,0.0276028725,0.05046181318,0.07991344883,0.03207552288,0.01549493838,0.006716598058,0.002820128143,0.01535028903,0.00424855362,0.01189980434,0.02760285917,0.05046177194,0.07991337527,0.0004281765793,0.0001457050157,4.449072606e-05,1.351852859e-05,0.0005222672908,2.939756627e-05,0.0001326544577,0.0004791308717,0.001207760964,0.002520955178,0.0003021000895,0.0001028021808,3.139042525e-05,9.537993437e-06,0.0004828095773,2.939755918e-05,0.0001326544756,0.0004791311031,0.001207761951,0.002520957499,0.01056045509,0.004021389774,0.001374083429,0.0004631886428,0.004451564776,0.0004715998182,0.001362028202,0.003250596926,0.005819846854,0.009028549724,0.01543547041,0.005877782822,0.002008401785,0.0006770106784,0.004848863597,0.0004715999419,0.001362028002,0.003250595218,0.005819841679,0.009028540679,0.0002209535212,6.007344794e-05,1.46557345e-05,3.619888948e-06,0.0001773374861,3.581287001e-06,1.636052881e-05,5.977167155e-05,0.0001454296095,0.0002935614555,0.0001511693311,4.110031905e-05,1.00269787e-05,2.476610048e-06,0.0001628070765,3.581286062e-06,1.63605312e-05,5.977170297e-05,0.0001454297389,0.0002935617496,2.279289368e-07,2.824949772e-08,2.649947618e-09,2.328844373e-10,1.123950819e-05,3.933425181e-09,1.160165654e-07,1.991599697e-06,1.388399307e-05,6.451810662e-05,3.44202545e-10,2.69706943e-11,1.452690693e-12,7.023499425e-14,9.845195598e-07,7.032731301e-12,6.907088698e-10,3.259409375e-08,4.249102199e-07,3.250711642e-06,5.439091639e-10,6.946649766e-11,6.355294216e-12,5.197467514e-13,1.841080275e-06,7.196504173e-11,4.457112249e-09,1.434453198e-07,1.488922458e-06,9.46170502e-06,1.676660368e-10,2.471103758e-11,2.608843899e-12,2.435099424e-13,1.505939015e-06,5.429329352e-11,3.376642556e-09,1.090927145e-07,1.124233796e-06,7.063582774e-06,2.939498067e-11,5.191388248e-12,6.567575448e-13,7.244271262e-14,1.044807772e-06,2.919285673e-11,1.825147271e-09,5.925540323e-08,5.988141469e-07,3.667828993e-06,3.857345889e-13,6.760498485e-14,8.144638897e-15,8.278870324e-16,2.935456128e-07,9.80950135e-13,9.862760604e-11,4.756590222e-09,5.837225e-08,4.100302173e-07,3.029952549e-18,2.548081039e-19,1.25970613e-20,4.897790105e-22,6.817433392e-09,4.619464754e-18,3.345690963e-15,8.485480194e-13,2.455130715e-11,3.314175996e-10,5.844474359e-18,4.554502749e-19,2.086484087e-20,7.561515849e-22,6.74209691e-09,3.329927229e-18,2.406350573e-15,6.090441503e-13,1.729404571e-11,2.292418985e-10,6.473885412e-18,4.808448009e-19,2.099536545e-20,7.278902643e-22,5.796092564e-09,1.715303126e-18,1.237809595e-15,3.128788372e-13,8.57903353e-12,1.096536137e-10,2.509099901e-21,9.171964446e-23,1.752088232e-24,2.55099566e-26,5.257346914e-10,1.123815736e-22,3.620153512e-19,3.217058802e-16,1.549595085e-14,3.002383424e-13
61,0.02263089283,0.01093245436,0.00473889467,0.001989740431,0.01419056207,0.004248552546,0.01189980589,0.02760287255,0.05046181358,0.07991345008,0.03207552271,0.01549493816,0.006716597907,0.002820128057,0.01535028872,0.00424855357,0.01189980429,0.02760285922,0.05046177235,0.07991337651,0.000428176576,0.0001457050127,4.449072458e-05,1.351852798e-05,0.0005222672744,2.93975654e-05,0.0001326544548,0.0004791308642,0.001207760953,0.002520955171,0.0003021000871,0.0001028021787,3.139042421e-05,9.537993009e-06,0.0004828095621,2.939755832e-05,0.0001326544726,0.0004791310956,0.001207761939,0.002520957492,0.01056045506,0.004021389747,0.001374083414,0.0004631886357,0.004451564746,0.0004715998249,0.001362028233,0.00325059703,0.00581984709,0.009028550199,0.01543547037,0.005877782781,0.002008401762,0.0006770106681,0.004848863565,0.0004715999486,0.001362028034,0.003250595322,0.005819841915,0.009028541154,0.0002209535201,6.007344715e-05,1.465573419e-05,3.619888842e-06,0.000177337483,3.581286992e-06,1.636052892e-05,5.977167246e-05,0.000145429613,0.0002935614658,0.0001511693303,4.11003185e-05,1.002697849e-05,2.476609976e-06,0.0001628070736,3.581286053e-06,1.636053131e-05,5.977170388e-05,0.0001454297423,0.0002935617599,2.27928932e-07,2.824949616e-08,2.649947381e-09,2.328844092e-10,1.123950744e-05,3.933424812e-09,1.160165564e-07,1.99159957e-06,1.388399234e-05,6.451810407e-05,3.44202534e-10,2.697069204e-11,1.452690497e-12,7.023498139e-14,9.845194669e-07,7.032730162e-12,6.907087708e-10,3.259408964e-08,4.249101709e-07,3.2507113e-06,5.43945745e-10,6.947102794e-11,6.355695712e-12,5.197786075e-13,1.841093534e-06,7.196425528e-11,4.457063356e-09,1.434437408e-07,1.488905365e-06,9.461592114e-06,1.677202035e-10,2.471878364e-11,2.609636644e-12,2.435817802e-13,1.505991697e-06,5.429048563e-11,3.376467046e-09,1.090870177e-07,1.124172507e-06,7.063182205e-06,2.941397809e-11,5.194643939e-12,6.571568437e-13,7.248547633e-14,1.044880988e-06,2.918984294e-11,1.824957866e-09,5.92492244e-08,5.987489512e-07,3.667413554e-06,3.850837155e-13,6.750326456e-14,8.133872826e-15,8.269323776e-16,2.933757071e-07,9.794228524e-13,9.847457561e-11,4.749233508e-09,5.827844552e-08,4.093429872e-07,2.984660349e-18,2.513150896e-19,1.244001238e-20,4.842347598e-22,6.793338965e-09,4.578911635e-18,3.316442539e-15,8.411587769e-13,2.432753421e-11,3.28240764e-10,5.693283785e-18,4.446301789e-19,2.041331977e-20,7.412687117e-22,6.70109621e-09,3.280268632e-18,2.370615909e-15,6.000351979e-13,1.70263427e-11,2.255105606e-10,6.221804856e-18,4.636197487e-19,2.030888434e-20,7.061972769e-22,5.742602676e-09,1.676613079e-18,1.210004824e-15,3.05877677e-13,8.378165918e-12,1.069545214e-10,2.403900745e-21,8.819142215e-23,1.690773221e-24,2.469926881e-26,5.210293629e-10,1.097399983e-22,3.535436384e-19,3.142085067e-16,1.511615905e-14,2.924588647e-13
62,0.02263089272,0.01093245422,0.004738894569,0.001989740374,0.01419056181,0.004248552499,0.01189980583,0.0276028726,0.05046181396,0.07991345125,0.03207552255,0.01549493796,0.006716597765,0.002820127976,0.01535028843,0.004248553523,0.01189980423,0.02760285926,0.05046177272,0.07991337768,0.0004281765729,0.0001457050099,4.44907232e-05,1.351852741e-05,0.000522267259,2.939756459e-05,0.000132654452,0.0004791308572,0.001207760941,0.002520955165,0.0003021000849,0.0001028021767,3.139042323e-05,9.537992607e-06,0.0004828095479,2.939755751e-05,0.0001326544699,0.0004791310886,0.001207761928,0.002520957486,0.01056045503,0.00402138972,0.001374083399,0.0004631886291,0.004451564718,0.0004715998313,0.001362028264,0.003250597128,0.005819847312,0.009028550646,0.01543547033,0.005877782743,0.002008401741,0.0006770106584,0.004848863535,0.0004715999549,0.001362028064,0.00325059542,0.005819842137,0.009028541601,0.0002209535191,6.00734464e-05,1.465573389e-05,3.619888743e-06,0.0001773374801,3.581286984e-06,1.636052902e-05,5.977167332e-05,0.0001454296162,0.0002935614755,0.0001511693296,4.110031799e-05,1.002697828e-05,2.476609908e-06,0.0001628070709,3.581286045e-06,1.636053142e-05,5.977170473e-05,0.0001454297455,0.0002935617696,2.279289275e-07,2.824949469e-08,2.649947158e-09,2.328843827e-10,1.123950673e-05,3.933424464e-09,1.160165478e-07,1.991599451e-06,1.388399166e-05,6.451810167e-05,3.442025237e-10,2.697068992e-11,1.452690312e-12,7.023496928e-14,9.845193795e-07,7.03272909e-12,6.907086775e-10,3.259408576e-08,4.249101248e-07,3.250710979e-06,5.439802702e-10,6.947530237e-11,6.356074413e-12,5.198086456e-13,1.841106056e-06,7.19635167e-11,4.457017437e-09,1.434422577e-07,1.488889309e-06,9.46148606e-06,1.677713387e-10,2.472609396e-11,2.610384552e-12,2.436495333e-13,1.50604145e-06,5.428784886e-11,3.376302219e-09,1.090816673e-07,1.124114942e-06,7.062805968e-06,2.943191795e-11,5.19771742e-12,6.575336693e-13,7.252582004e-14,1.044950135e-06,2.918701297e-11,1.82478e-09,5.924342158e-08,5.98687719e-07,3.667023373e-06,3.844727266e-13,6.74077483e-14,8.123759933e-15,8.260353175e-16,2.932159817e-07,9.779885096e-13,9.833085614e-11,4.74232434e-09,5.819035247e-08,4.086976435e-07,2.94263805e-18,2.480701175e-19,1.229392773e-20,4.790713791e-22,6.77073958e-09,4.541084525e-18,3.289159249e-15,8.342657737e-13,2.411887234e-11,3.252798223e-10,5.5544268e-18,4.346712904e-19,1.999683498e-20,7.275130261e-22,6.662710978e-09,3.234199546e-18,2.337462262e-15,5.916764649e-13,1.677812957e-11,2.220535995e-10,5.993216842e-18,4.479497385e-19,1.968236045e-20,6.863396365e-22,5.692653043e-09,1.640969484e-18,1.184387018e-15,2.994266314e-13,8.19327204e-12,1.044730381e-10,2.308829919e-21,8.499165602e-23,1.634970202e-24,2.395905519e-26,5.166381172e-10,1.073115237e-22,3.457545919e-19,3.073146593e-16,1.476735935e-14,2.85324181e-13
63,0.02263089261,0.01093245409,0.004738894475,0.00198974032,0.01419056156,0.004248552454,0.01189980578,0.02760287264,0.05046181431,0.07991345234,0.0320755224,0.01549493777,0.006716597632,0.0028201279,0.01535028816,0.004248553478,0.01189980418,0.02760285931,0.05046177308,0.07991337878,0.0004281765699,0.0001457050073,4.44907219e-05,1.351852688e-05,0.0005222672446,2.939756383e-05,0.0001326544494,0.0004791308506,0.001207760931,0.00252095516,0.0003021000828,0.0001028021749,3.139042232e-05,9.537992231e-06,0.0004828095346,2.939755675e-05,0.0001326544673,0.000479131082,0.001207761918,0.00252095748,0.01056045501,0.004021389696,0.001374083385,0.0004631886229,0.004451564692,0.0004715998372,0.001362028292,0.00325059722,0.00581984752,0.009028551064,0.0154354703,0.005877782707,0.002008401721,0.0006770106494,0.004848863506,0.0004715999609,0.001362028092,0.003250595511,0.005819842345,0.009028542019,0.0002209535181,6.007344569e-05,1.465573361e-05,3.619888651e-06,0.0001773374773,3.581286976e-06,1.636052912e-05,5.977167412e-05,0.0001454296192,0.0002935614846,0.000151169329,4.110031751e-05,1.002697809e-05,2.476609845e-06,0.0001628070684,3.581286037e-06,1.636053151e-05,5.977170554e-05,0.0001454297485,0.0002935617787,2.279289232e-07,2.824949332e-08,2.649946949e-09,2.328843579e-10,1.123950606e-05,3.933424139e-09,1.160165398e-07,1.991599339e-06,1.388399102e-05,6.451809943e-05,3.44202514e-10,2.697068794e-11,1.452690139e-12,7.023495797e-14,9.845192977e-07,7.032728087e-12,6.907085903e-10,3.259408214e-08,4.249100817e-07,3.250710679e-06,5.440126324e-10,6.947930788e-11,6.356429183e-12,5.198367775e-13,1.841117801e-06,7.196282761e-11,4.456974591e-09,1.434408738e-07,1.488874327e-06,9.461387094e-06,1.678192813e-10,2.47329459e-11,2.611085352e-12,2.43713e-13,1.506088114e-06,5.428538894e-11,3.376148436e-09,1.09076675e-07,1.124061226e-06,7.062454897e-06,2.944874269e-11,5.20059901e-12,6.578868576e-13,7.256362154e-14,1.045014991e-06,2.918437294e-11,1.82461406e-09,5.923800746e-08,5.986305855e-07,3.666659311e-06,3.839029207e-13,6.731864474e-14,8.114322983e-15,8.251979342e-16,2.930668189e-07,9.766502668e-13,9.819676451e-11,4.735877966e-09,5.810816432e-08,4.080955952e-07,2.903875813e-18,2.450733047e-19,1.2158852e-20,4.74291731e-22,6.749679576e-09,4.506016299e-18,3.263865e-15,8.278750961e-13,2.392548889e-11,3.22536871e-10,5.427559918e-18,4.255539044e-19,1.961476592e-20,7.148701676e-22,6.627002831e-09,3.191708217e-18,2.306881603e-15,5.839660272e-13,1.654931333e-11,2.188691376e-10,5.786851993e-18,4.337604547e-19,1.911332012e-20,6.682532275e-22,5.646298847e-09,1.608309118e-18,1.160911275e-15,2.935145187e-13,8.023988395e-12,1.022036092e-10,2.223274616e-21,8.210262805e-23,1.58441961e-24,2.328646318e-26,5.12565237e-10,1.050906264e-22,3.386306709e-19,3.010089567e-16,1.444867668e-14,2.788140674e-13
64,0.02263089252,0.01093245396,0.004738894388,0.001989740271,0.01419056132,0.004248552413,0.01189980574,0.02760287268,0.05046181464,0.07991345336,0.03207552226,0.01549493759,0.006716597509,0.00282012783,0.01535028791,0.004248553437,0.01189980414,0.02760285935,0.0504617734,0.07991337979,0.0004281765672,0.0001457050048,4.44907207e-05,1.351852638e-05,0.0005222672313,2.939756313e-05,0.000132654447,0.0004791308445,0.001207760921,0.002520955154,0.0003021000809,0.0001028021732,3.139042147e-05,9.537991882e-06,0.0004828095222,2.939755605e-05,0.0001326544649,0.0004791310759,0.001207761908,0.002520957475,0.01056045499,0.004021389673,0.001374083373,0.0004631886172,0.004451564668,0.0004715998427,0.001362028318,0.003250597304,0.005819847713,0.009028551452,0.01543547026,0.005877782673,0.002008401702,0.000677010641,0.00484886348,0.0004715999664,0.001362028118,0.003250595596,0.005819842538,0.009028542407,0.0002209535172,6.007344504e-05,1.465573336e-05,3.619888565e-06,0.0001773374748,3.581286969e-06,1.636052921e-05,5.977167486e-05,0.000145429622,0.0002935614931,0.0001511693283,4.110031706e-05,1.002697792e-05,2.476609786e-06,0.0001628070661,3.581286029e-06,1.63605316e-05,5.977170628e-05,0.0001454297513,0.0002935617871,2.279289193e-07,2.824949204e-08,2.649946756e-09,2.328843349e-10,1.123950545e-05,3.933423837e-09,1.160165324e-07,1.991599236e-06,1.388399043e-05,6.451809734e-05,3.442025051e-10,2.69706861e-11,1.452689978e-12,7.023494747e-14,9.845192219e-07,7.032727157e-12,6.907085094e-10,3.259407879e-08,4.249100418e-07,3.2507104e-06,5.440427244e-10,6.948303145e-11,6.356758892e-12,5.19862915e-13,1.841128728e-06,7.196218964e-11,4.456934921e-09,1.434395924e-07,1.488860453e-06,9.461295452e-06,1.678638705e-10,2.473931688e-11,2.611736776e-12,2.437719788e-13,1.506131528e-06,5.428311162e-11,3.376006058e-09,1.090720527e-07,1.124011489e-06,7.062129827e-06,2.946439492e-11,5.203279047e-12,6.582152471e-13,7.259875886e-14,1.045075331e-06,2.918192899e-11,1.824460434e-09,5.923299482e-08,5.985776858e-07,3.666322229e-06,3.833755962e-13,6.723616234e-14,8.105584697e-15,8.244223042e-16,2.929286009e-07,9.754112855e-13,9.807261781e-11,4.729909639e-09,5.803207467e-08,4.075382527e-07,2.868368023e-18,2.423250428e-19,1.203484001e-20,4.698989714e-22,6.730203431e-09,4.473741548e-18,3.240584929e-15,8.219931386e-13,2.374756133e-11,3.200141627e-10,5.312375886e-18,4.172604949e-19,1.926656705e-20,7.033278015e-22,6.594033963e-09,3.152787591e-18,2.278869258e-15,5.76902801e-13,1.63398281e-11,2.159557114e-10,5.601572075e-18,4.20985108e-19,1.859953709e-20,6.518803489e-22,5.603596806e-09,1.578576036e-18,1.139537879e-15,2.881314532e-13,7.86999206e-12,1.001412807e-10,2.146687414e-21,7.95084645e-23,1.53888839e-24,2.267892915e-26,5.088151764e-10,1.030723997e-22,3.321562974e-19,2.952777427e-16,1.415933172e-14,2.729104697e-13
65,0.02263089243,0.01093245385,0.004738894308,0.001989740225,0.01419056111,0.004248552375,0.01189980569,0.02760287272,0.05046181494,0.07991345429,0.03207552213,0.01549493743,0.006716597395,0.002820127766,0.01535028768,0.004248553399,0.01189980409,0.02760285939,0.05046177371,0.07991338072,0.0004281765647,0.0001457050026,4.449071959e-05,1.351852593e-05,0.000522267219,2.939756248e-05,0.0001326544448,0.0004791308389,0.001207760912,0.002520955149,0.0003021000791,0.0001028021716,3.139042069e-05,9.537991561e-06,0.0004828095109,2.93975554e-05,0.0001326544626,0.0004791310703,0.001207761899,0.00252095747,0.01056045497,0.004021389652,0.001374083361,0.0004631886119,0.004451564645,0.0004715998477,0.001362028342,0.003250597382,0.00581984789,0.009028551809,0.01543547023,0.005877782643,0.002008401686,0.0006770106332,0.004848863455,0.0004715999714,0.001362028142,0.003250595674,0.005819842715,0.009028542764,0.0002209535163,6.007344445e-05,1.465573312e-05,3.619888486e-06,0.0001773374724,3.581286962e-06,1.636052929e-05,5.977167554e-05,0.0001454296245,0.0002935615008,0.0001511693278,4.110031666e-05,1.002697776e-05,2.476609732e-06,0.0001628070639,3.581286022e-06,1.636053168e-05,5.977170696e-05,0.0001454297538,0.0002935617949,2.279289157e-07,2.824949087e-08,2.649946578e-09,2.328843138e-10,1.123950488e-05,3.93342356e-09,1.160165256e-07,1.991599141e-06,1.388398988e-05,6.451809543e-05,3.442024969e-10,2.697068441e-11,1.452689831e-12,7.023493782e-14,9.845191522e-07,7.032726302e-12,6.907084351e-10,3.25940757e-08,4.24910005e-07,3.250710144e-06,5.440704395e-10,6.94864601e-11,6.357062411e-12,5.198869704e-13,1.841138797e-06,7.19616044e-11,4.456898528e-09,1.434384167e-07,1.488847724e-06,9.461211372e-06,1.67904946e-10,2.474518439e-11,2.612336567e-12,2.43826269e-13,1.506171534e-06,5.428102268e-11,3.37587545e-09,1.090678123e-07,1.123965858e-06,7.061831596e-06,2.947881742e-11,5.205747905e-12,6.585176795e-13,7.263111036e-14,1.045130936e-06,2.917968731e-11,1.824319513e-09,5.922839646e-08,5.985291556e-07,3.666012991e-06,3.828920544e-13,6.716050985e-14,8.097567802e-15,8.23710502e-16,2.928017093e-07,9.742747353e-13,9.795873384e-11,4.724434651e-09,5.796227763e-08,4.070270298e-07,2.836113969e-18,2.398260487e-19,1.192195897e-20,4.658966234e-22,6.712355898e-09,4.44429705e-18,3.21934574e-15,8.166266898e-13,2.358527987e-11,3.17714145e-10,5.208605714e-18,4.097758785e-19,1.895177512e-20,6.928758662e-22,6.563867491e-09,3.117436061e-18,2.253424449e-15,5.704866783e-13,1.614963923e-11,2.133123292e-10,5.436368192e-18,4.095644472e-19,1.813903734e-20,6.371699642e-22,5.564605781e-09,1.551722154e-18,1.120232726e-15,2.832689528e-13,7.73100366e-12,9.828173693e-11,2.078584336e-21,7.719510736e-23,1.498170018e-24,2.213418369e-26,5.053926156e-10,1.012525852e-22,3.263179593e-19,2.901091775e-16,1.389864513e-14,2.675975781e-13
66,0.02263089234,0.01093245375,0.004738894236,0.001989740184,0.01419056092,0.004248552341,0.01189980565,0.02760287275,0.05046181521,0.07991345514,0.03207552202,0.01549493728,0.006716597292,0.002820127707,0.01535028747,0.004248553365,0.01189980405,0.02760285942,0.05046177398,0.07991338157,0.0004281765624,0.0001457050006,4.449071859e-05,1.351852552e-05,0.0005222672078,2.939756189e-05,0.0001326544428,0.0004791308338,0.001207760904,0.002520955145,0.0003021000775,0.0001028021702,3.139041998e-05,9.53799127e-06,0.0004828095006,2.939755481e-05,0.0001326544606,0.0004791310652,0.001207761891,0.002520957466,0.01056045495,0.004021389633,0.001374083351,0.0004631886071,0.004451564625,0.0004715998523,0.001362028363,0.003250597453,0.005819848051,0.009028552133,0.0154354702,0.005877782615,0.00200840167,0.0006770106262,0.004848863433,0.000471599976,0.001362028164,0.003250595745,0.005819842876,0.009028543088,0.0002209535156,6.00734439e-05,1.465573291e-05,3.619888415e-06,0.0001773374703,3.581286956e-06,1.636052936e-05,5.977167616e-05,0.0001454296269,0.0002935615078,0.0001511693272,4.110031628e-05,1.002697761e-05,2.476609683e-06,0.000162807062,3.581286016e-06,1.636053176e-05,5.977170758e-05,0.0001454297562,0.0002935618019,2.279289125e-07,2.824948981e-08,2.649946417e-09,2.328842946e-10,1.123950436e-05,3.933423309e-09,1.160165194e-07,1.991599054e-06,1.388398939e-05,6.451809369e-05,3.442024894e-10,2.697068287e-11,1.452689697e-12,7.023492906e-14,9.845190889e-07,7.032725526e-12,6.907083676e-10,3.25940729e-08,4.249099717e-07,3.250709911e-06,5.440956718e-10,6.948958092e-11,6.357338615e-12,5.199088559e-13,1.841147968e-06,7.196107354e-11,4.456865514e-09,1.434373502e-07,1.488836176e-06,9.461135093e-06,1.679423486e-10,2.475052605e-11,2.612882474e-12,2.438756705e-13,1.506207972e-06,5.427912792e-11,3.375756976e-09,1.090639656e-07,1.123924462e-06,7.061561046e-06,2.949195333e-11,5.207996009e-12,6.587930028e-13,7.266055493e-14,1.045181583e-06,2.917765409e-11,1.82419169e-09,5.922422527e-08,5.984851317e-07,3.665732468e-06,3.824536034e-13,6.70918968e-14,8.090295076e-15,8.230646043e-16,2.926865261e-07,9.732437994e-13,9.785543184e-11,4.719468359e-09,5.789896816e-08,4.065633477e-07,2.807118543e-18,2.375774174e-19,1.182029073e-20,4.622886538e-22,6.696182154e-09,4.417722263e-18,3.200176059e-15,8.117830209e-13,2.343885025e-11,3.156395007e-10,5.116020774e-18,4.030873809e-19,1.867001654e-20,6.835068239e-22,6.53656781e-09,3.085658237e-18,2.230550842e-15,5.647186653e-13,1.597874742e-11,2.109385296e-10,5.290359468e-18,3.994467925e-19,1.773010434e-20,6.240779612e-22,5.52938741e-09,1.527707857e-18,1.102967754e-15,2.789200475e-13,7.606790402e-12,9.662133942e-11,2.018543226e-21,7.515029315e-23,1.462084607e-24,2.165025753e-26,5.023025162e-10,9.962760643e-23,3.211043173e-19,2.854933337e-16,1.366604201e-14,2.628619084e-13
67,0.02263089227,0.01093245365,0.004738894171,0.001989740147,0.01419056075,0.00424855231,0.01189980562,0.02760287278,0.05046181546,0.0799134559,0.03207552191,0.01549493715,0.0067165972,0.002820127655,0.01535028729,0.004248553334,0.01189980402,0.02760285945,0.05046177422,0.07991338233,0.0004281765604,0.0001457049987,4.449071769e-05,1.351852515e-05,0.0005222671978,2.939756137e-05,0.000132654441,0.0004791308292,0.001207760897,0.002520955141,0.0003021000761,0.0001028021689,3.139041935e-05,9.537991009e-06,0.0004828094913,2.939755428e-05,0.0001326544588,0.0004791310607,0.001207761884,0.002520957462,0.01056045493,0.004021389616,0.001374083341,0.0004631886028,0.004451564607,0.0004715998564,0.001362028383,0.003250597517,0.005819848195,0.009028552423,0.01543547018,0.00587778259,0.002008401656,0.0006770106199,0.004848863414,0.0004715999801,0.001362028184,0.003250595808,0.00581984302,0.009028543378,0.0002209535149,6.007344342e-05,1.465573271e-05,3.61988835e-06,0.0001773374684,3.58128695e-06,1.636052943e-05,5.977167672e-05,0.0001454296289,0.0002935615141,0.0001511693268,4.110031595e-05,1.002697748e-05,2.476609639e-06,0.0001628070602,3.581286011e-06,1.636053182e-05,5.977170814e-05,0.0001454297583,0.0002935618082,2.279289095e-07,2.824948886e-08,2.649946272e-09,2.328842774e-10,1.12395039e-05,3.933423083e-09,1.160165139e-07,1.991598977e-06,1.388398895e-05,6.451809213e-05,3.442024827e-10,2.697068149e-11,1.452689577e-12,7.023492121e-14,9.845190322e-07,7.03272483e-12,6.907083071e-10,3.259407038e-08,4.249099418e-07,3.250709703e-06,5.441183158e-10,6.949238106e-11,6.357586387e-12,5.199284847e-13,1.841156202e-06,7.19605987e-11,4.456835984e-09,1.434363961e-07,1.488825846e-06,9.461066854e-06,1.6797592e-10,2.475531961e-11,2.613372263e-12,2.439199843e-13,1.506240686e-06,5.427743321e-11,3.375651005e-09,1.090605247e-07,1.123887431e-06,7.061319026e-06,2.950374624e-11,5.210013851e-12,6.59040072e-13,7.268697218e-14,1.045227055e-06,2.91758356e-11,1.82407736e-09,5.922049421e-08,5.984457516e-07,3.665481536e-06,3.820615611e-13,6.703053399e-14,8.0837894e-15,8.224866933e-16,2.92583434e-07,9.723216824e-13,9.77630331e-11,4.715026219e-09,5.784234255e-08,4.061486369e-07,2.781392956e-18,2.355806754e-19,1.17299341e-20,4.590795507e-22,6.681727955e-09,4.394059817e-18,3.18310679e-15,8.074699764e-13,2.330849651e-11,3.137931889e-10,5.03443501e-18,3.971850105e-19,1.842101511e-20,6.75215918e-22,6.512200955e-09,3.057465723e-18,2.210257112e-15,5.596010244e-13,1.582719301e-11,2.088344416e-10,5.162792384e-18,3.905881016e-19,1.737128539e-20,6.12567432e-22,5.498006751e-09,1.506502617e-18,1.087721397e-15,2.750793939e-13,7.497169247e-12,9.515716769e-11,1.966202523e-21,7.336354121e-23,1.430479124e-24,2.122548864e-26,4.995501787e-10,9.819460433e-23,3.165063201e-19,2.814222979e-16,1.346105672e-14,2.586923906e-13
68,0.02263089221,0.01093245357,0.004738894113,0.001989740115,0.01419056059,0.004248552283,0.01189980559,0.02760287281,0.05046181567,0.07991345657,0.03207552182,0.01549493704,0.006716597119,0.002820127609,0.01535028712,0.004248553307,0.01189980399,0.02760285948,0.05046177444,0.079913383,0.0004281765586,0.0001457049971,4.44907169e-05,1.351852482e-05,0.0005222671891,2.93975609e-05,0.0001326544394,0.0004791308252,0.001207760891,0.002520955137,0.0003021000748,0.0001028021677,3.139041879e-05,9.537990779e-06,0.0004828094832,2.939755382e-05,0.0001326544573,0.0004791310566,0.001207761878,0.002520957458,0.01056045491,0.004021389601,0.001374083333,0.000463188599,0.004451564591,0.0004715998601,0.0013620284,0.003250597572,0.005819848322,0.009028552678,0.01543547016,0.005877782568,0.002008401644,0.0006770106144,0.004848863396,0.0004715999837,0.001362028201,0.003250595864,0.005819843147,0.009028543633,0.0002209535143,6.007344299e-05,1.465573255e-05,3.619888294e-06,0.0001773374667,3.581286945e-06,1.636052949e-05,5.977167721e-05,0.0001454296308,0.0002935615197,0.0001511693264,4.110031566e-05,1.002697736e-05,2.476609601e-06,0.0001628070587,3.581286006e-06,1.636053188e-05,5.977170863e-05,0.0001454297601,0.0002935618138,2.27928907e-07,2.824948802e-08,2.649946145e-09,2.328842622e-10,1.12395035e-05,3.933422885e-09,1.16016509e-07,1.991598909e-06,1.388398856e-05,6.451809076e-05,3.442024768e-10,2.697068028e-11,1.452689471e-12,7.02349143e-14,9.845189823e-07,7.032724218e-12,6.907082539e-10,3.259406817e-08,4.249099155e-07,3.25070952e-06,5.44138267e-10,6.949484781e-11,6.357804618e-12,5.1994577e-13,1.84116346e-06,7.196018155e-11,4.456810039e-09,1.434355579e-07,1.488816769e-06,9.461006899e-06,1.680055037e-10,2.475954302e-11,2.613803714e-12,2.439590128e-13,1.506269521e-06,5.427594446e-11,3.375557908e-09,1.090575017e-07,1.123854897e-06,7.061106393e-06,2.951414027e-11,5.211792011e-12,6.592577516e-13,7.27102426e-14,1.045267135e-06,2.917423816e-11,1.823976923e-09,5.921721641e-08,5.984111542e-07,3.665261081e-06,3.817172594e-13,6.697663403e-14,8.078073811e-15,8.219788616e-16,2.924928171e-07,9.715116159e-13,9.768186168e-11,4.71112382e-09,5.779259882e-08,4.057843416e-07,2.758955478e-18,2.338378363e-19,1.165100726e-20,4.562744039e-22,6.669039792e-09,4.373356037e-18,3.16817149e-15,8.036960678e-13,2.319446394e-11,3.121784875e-10,4.963707334e-18,3.920616418e-19,1.820459991e-20,6.680014408e-22,6.49083498e-09,3.032877936e-18,2.192557523e-15,5.551374208e-13,1.569506037e-11,2.070008468e-10,5.053040919e-18,3.829520766e-19,1.706139902e-20,6.026089839e-22,5.470532946e-09,1.488085656e-18,1.074479056e-15,2.717433942e-13,7.402010274e-12,9.388706296e-11,1.921260492e-21,7.182615366e-23,1.403227765e-24,2.085853081e-26,4.971413014e-10,9.695147596e-23,3.125173292e-19,2.778902822e-16,1.328333823e-14,2.5508047e-13
69,0.02263089215,0.0109324535,0.004738894064,0.001989740087,0.01419056046,0.00424855226,0.01189980556,0.02760287283,0.05046181586,0.07991345714,0.03207552174,0.01549493694,0.006716597049,0.002820127569,0.01535028698,0.004248553284,0.01189980396,0.0276028595,0.05046177463,0.07991338357,0.0004281765571,0.0001457049958,4.449071622e-05,1.351852454e-05,0.0005222671815,2.939756051e-05,0.0001326544381,0.0004791308218,0.001207760885,0.002520955134,0.0003021000737,0.0001028021668,3.139041831e-05,9.537990582e-06,0.0004828094762,2.939755342e-05,0.0001326544559,0.0004791310532,0.001207761872,0.002520957455,0.0105604549,0.004021389588,0.001374083326,0.0004631885957,0.004451564577,0.0004715998632,0.001362028415,0.00325059762,0.005819848431,0.009028552897,0.01543547014,0.005877782549,0.002008401634,0.0006770106096,0.004848863381,0.0004715999868,0.001362028216,0.003250595912,0.005819843256,0.009028543852,0.0002209535138,6.007344262e-05,1.46557324e-05,3.619888245e-06,0.0001773374653,3.581286941e-06,1.636052954e-05,5.977167763e-05,0.0001454296324,0.0002935615245,0.000151169326,4.110031541e-05,1.002697726e-05,2.476609567e-06,0.0001628070573,3.581286002e-06,1.636053193e-05,5.977170905e-05,0.0001454297617,0.0002935618185,2.279289047e-07,2.82494873e-08,2.649946036e-09,2.328842493e-10,1.123950315e-05,3.933422714e-09,1.160165048e-07,1.99159885e-06,1.388398822e-05,6.451808958e-05,3.442024718e-10,2.697067924e-11,1.452689381e-12,7.023490837e-14,9.845189395e-07,7.032723692e-12,6.907082082e-10,3.259406628e-08,4.249098929e-07,3.250709362e-06,5.441554222e-10,6.949696852e-11,6.357992206e-12,5.199606259e-13,1.841169702e-06,7.195982378e-11,4.456787787e-09,1.43434839e-07,1.488808983e-06,9.460955473e-06,1.680309446e-10,2.476317443e-11,2.614174628e-12,2.439925598e-13,1.506294322e-06,5.427466767e-11,3.375478062e-09,1.090549089e-07,1.123826992e-06,7.060924012e-06,2.952308022e-11,5.213321172e-12,6.594449176e-13,7.273024774e-14,1.045301609e-06,2.917286819e-11,1.823890785e-09,5.921440513e-08,5.983814799e-07,3.665071996e-06,3.814220476e-13,6.693041194e-14,8.07317155e-15,8.215432158e-16,2.924150613e-07,9.708168667e-13,9.76122451e-11,4.707776915e-09,5.774993715e-08,4.054719221e-07,2.73983222e-18,2.323514586e-19,1.158365022e-20,4.538789878e-22,6.658165048e-09,4.355661477e-18,3.155406751e-15,8.004705705e-13,2.309702211e-11,3.107990375e-10,4.903744244e-18,3.877132141e-19,1.802071391e-20,6.61865015e-22,6.472540347e-09,3.01192295e-18,2.177472544e-15,5.513330768e-13,1.558248259e-11,2.054392456e-10,4.96060767e-18,3.765103255e-19,1.67995442e-20,5.94181091e-22,5.447039906e-09,1.472446654e-18,1.063233612e-15,2.689103252e-13,7.321240311e-12,9.280967582e-11,1.883474972e-21,7.05312294e-23,1.380232518e-24,2.054836425e-26,4.950820414e-10,9.589691777e-23,3.091332578e-19,2.748937466e-16,1.313265608e-14,2.520202231e-13
70,0.02263089211,0.01093245344,0.004738894023,0.001989740064,0.01419056035,0.004248552241,0.01189980554,0.02760287285,0.05046181601,0.07991345762,0.03207552168,0.01549493685,0.006716596991,0.002820127536,0.01535028686,0.004248553265,0.01189980394,0.02760285952,0.05046177478,0.07991338405,0.0004281765558,0.0001457049946,4.449071565e-05,1.351852431e-05,0.0005222671752,2.939756018e-05,0.0001326544369,0.0004791308189,0.001207760881,0.002520955132,0.0003021000728,0.000102802166,3.139041791e-05,9.537990419e-06,0.0004828094704,2.939755309e-05,0.0001326544548,0.0004791310503,0.001207761868,0.002520957453,0.01056045489,0.004021389577,0.00137408332,0.000463188593,0.004451564566,0.0004715998657,0.001362028427,0.00325059766,0.005819848521,0.009028553079,0.01543547012,0.005877782534,0.002008401625,0.0006770106057,0.004848863369,0.0004715999894,0.001362028228,0.003250595952,0.005819843346,0.009028544034,0.0002209535134,6.007344232e-05,1.465573228e-05,3.619888205e-06,0.0001773374641,3.581286937e-06,1.636052958e-05,5.977167798e-05,0.0001454296337,0.0002935615284,0.0001511693257,4.11003152e-05,1.002697718e-05,2.47660954e-06,0.0001628070563,3.581285998e-06,1.636053198e-05,5.977170939e-05,0.000145429763,0.0002935618225,2.279289029e-07,2.82494867e-08,2.649945945e-09,2.328842385e-10,1.123950286e-05,3.933422573e-09,1.160165013e-07,1.991598802e-06,1.388398794e-05,6.451808861e-05,3.442024676e-10,2.697067838e-11,1.452689305e-12,7.023490345e-14,9.845189039e-07,7.032723256e-12,6.907081702e-10,3.25940647e-08,4.249098742e-07,3.250709232e-06,5.441696791e-10,6.949873075e-11,6.358148063e-12,5.199729672e-13,1.841174892e-06,7.195952709e-11,4.456769333e-09,1.434342427e-07,1.488802526e-06,9.460912822e-06,1.680520898e-10,2.47661923e-11,2.614482832e-12,2.440204312e-13,1.506314939e-06,5.427360889e-11,3.375411848e-09,1.090527587e-07,1.123803849e-06,7.060772759e-06,2.95305117e-11,5.214592141e-12,6.596004594e-13,7.274687041e-14,1.045330267e-06,2.917173217e-11,1.823819354e-09,5.921207378e-08,5.983568709e-07,3.664915188e-06,3.811772965e-13,6.689208565e-14,8.069106122e-15,8.211818815e-16,2.923505549e-07,9.702407437e-13,9.755451507e-11,4.70500146e-09,5.771456036e-08,4.052128587e-07,2.724057939e-18,2.311247063e-19,1.152802744e-20,4.518998482e-22,6.649152174e-09,4.341031474e-18,3.144852601e-15,7.978036248e-13,2.301646796e-11,3.096588886e-10,4.854502766e-18,3.84138948e-19,1.786942302e-20,6.568118931e-22,6.457390326e-09,2.994638392e-18,2.165029486e-15,5.481949329e-13,1.548964635e-11,2.041519259e-10,4.885126138e-18,3.712425874e-19,1.658511156e-20,5.872704993e-22,5.427607022e-09,1.459586521e-18,1.053985978e-15,2.665804776e-13,7.254846916e-12,9.192451898e-11,1.852663742e-21,6.947369457e-23,1.361423957e-24,2.029430855e-26,4.93379078e-10,9.503047399e-23,3.063527258e-19,2.72431537e-16,1.300890722e-14,2.495084926e-13
71,0.02263089207,0.0109324534,0.004738893991,0.001989740045,0.01419056027,0.004248552226,0.01189980552,0.02760287287,0.05046181613,0.07991345799,0.03207552163,0.01549493679,0.006716596946,0.00282012751,0.01535028677,0.004248553249,0.01189980392,0.02760285953,0.0504617749,0.07991338443,0.0004281765548,0.0001457049937,4.449071521e-05,1.351852413e-05,0.0005222671703,2.939755992e-05,0.000132654436,0.0004791308166,0.001207760877,0.00252095513,0.0003021000721,0.0001028021653,3.13904176e-05,9.53799029e-06,0.0004828094659,2.939755283e-05,0.0001326544539,0.0004791310481,0.001207761864,0.002520957451,0.01056045488,0.004021389569,0.001374083315,0.0004631885909,0.004451564557,0.0004715998678,0.001362028437,0.003250597692,0.005819848592,0.009028553223,0.01543547011,0.005877782521,0.002008401618,0.0006770106026,0.004848863359,0.0004715999915,0.001362028237,0.003250595983,0.005819843417,0.009028544178,0.000220953513,6.007344208e-05,1.465573219e-05,3.619888173e-06,0.0001773374631,3.581286935e-06,1.636052962e-05,5.977167825e-05,0.0001454296347,0.0002935615315,0.0001511693255,4.110031503e-05,1.002697712e-05,2.476609518e-06,0.0001628070554,3.581285996e-06,1.636053201e-05,5.977170967e-05,0.000145429764,0.0002935618256,2.279289015e-07,2.824948623e-08,2.649945874e-09,2.3288423e-10,1.123950263e-05,3.933422461e-09,1.160164986e-07,1.991598763e-06,1.388398772e-05,6.451808783e-05,3.442024643e-10,2.69706777e-11,1.452689246e-12,7.023489956e-14,9.845188758e-07,7.032722912e-12,6.907081403e-10,3.259406346e-08,4.249098594e-07,3.250709128e-06,5.441809373e-10,6.950012217e-11,6.358271112e-12,5.199827096e-13,1.84117899e-06,7.195929322e-11,4.456754786e-09,1.434337727e-07,1.488797436e-06,9.4608792e-06,1.680687888e-10,2.476857535e-11,2.614726177e-12,2.44042435e-13,1.506331223e-06,5.427277429e-11,3.375359652e-09,1.090510636e-07,1.123785605e-06,7.060653523e-06,2.953638123e-11,5.215595869e-12,6.597232819e-13,7.275999491e-14,1.045352903e-06,2.917083671e-11,1.823763047e-09,5.9210236e-08,5.983374714e-07,3.664791575e-06,3.809844023e-13,6.686187663e-14,8.065901353e-15,8.208970073e-16,2.922996894e-07,9.697866053e-13,9.750900826e-11,4.702813648e-09,5.768667438e-08,4.050086551e-07,2.711676917e-18,2.301614131e-19,1.148433054e-20,4.503443929e-22,6.642050852e-09,4.329526731e-18,3.136552924e-15,7.957063416e-13,2.295312914e-11,3.087625479e-10,4.815993762e-18,3.813415852e-19,1.775092614e-20,6.528512801e-22,6.445461409e-09,2.981072395e-18,2.155263191e-15,5.457318203e-13,1.541679713e-11,2.031420378e-10,4.826364374e-18,3.671370361e-19,1.641779716e-20,5.818726983e-22,5.412319897e-09,1.44951824e-18,1.046745709e-15,2.647563096e-13,7.202882789e-12,9.123202641e-11,1.828705571e-21,6.865035231e-23,1.346762309e-24,2.00960388e-26,4.920396785e-10,9.435259162e-23,3.041772368e-19,2.705050416e-16,1.291212387e-14,2.475450452e-13
72,0.02263089204,0.01093245336,0.004738893968,0.001989740032,0.01419056021,0.004248552215,0.01189980551,0.02760287288,0.05046181622,0.07991345826,0.03207552159,0.01549493674,0.006716596913,0.002820127492,0.0153502867,0.004248553238,0.01189980391,0.02760285954,0.05046177499,0.0799133847,0.000428176554,0.0001457049931,4.449071488e-05,1.3518524e-05,0.0005222671667,2.939755973e-05,0.0001326544354,0.000479130815,0.001207760875,0.002520955128,0.0003021000716,0.0001028021649,3.139041737e-05,9.537990196e-06,0.0004828094626,2.939755264e-05,0.0001326544532,0.0004791310464,0.001207761861,0.002520957449,0.01056045488,0.004021389563,0.001374083312,0.0004631885893,0.00445156455,0.0004715998692,0.001362028444,0.003250597714,0.005819848644,0.009028553327,0.0154354701,0.005877782512,0.002008401613,0.0006770106003,0.004848863352,0.0004715999929,0.001362028244,0.003250596006,0.005819843469,0.009028544282,0.0002209535128,6.00734419e-05,1.465573212e-05,3.61988815e-06,0.0001773374624,3.581286933e-06,1.636052964e-05,5.977167845e-05,0.0001454296354,0.0002935615338,0.0001511693253,4.110031491e-05,1.002697707e-05,2.476609502e-06,0.0001628070548,3.581285994e-06,1.636053203e-05,5.977170987e-05,0.0001454297648,0.0002935618279,2.279289004e-07,2.824948589e-08,2.649945822e-09,2.328842238e-10,1.123950246e-05,3.93342238e-09,1.160164966e-07,1.991598735e-06,1.388398756e-05,6.451808728e-05,3.442024619e-10,2.697067721e-11,1.452689203e-12,7.023489675e-14,9.845188555e-07,7.032722663e-12,6.907081186e-10,3.259406256e-08,4.249098487e-07,3.250709054e-06,5.441890977e-10,6.950113065e-11,6.358360289e-12,5.199897697e-13,1.841181962e-06,7.195912392e-11,4.456744256e-09,1.434334324e-07,1.488793751e-06,9.460854859e-06,1.680808938e-10,2.477030268e-11,2.614902548e-12,2.440583814e-13,1.506343028e-06,5.427217015e-11,3.375321869e-09,1.090498366e-07,1.123772398e-06,7.060567207e-06,2.954063639e-11,5.216323469e-12,6.598123078e-13,7.276950718e-14,1.045369313e-06,2.917018852e-11,1.823722288e-09,5.920890565e-08,5.983234281e-07,3.664702092e-06,3.80844791e-13,6.684001045e-14,8.063581442e-15,8.206907695e-16,2.922628598e-07,9.694578671e-13,9.747606707e-11,4.701229943e-09,5.766648868e-08,4.048608418e-07,2.70274388e-18,2.294661499e-19,1.145278117e-20,4.49220987e-22,6.63691218e-09,4.321213925e-18,3.130555898e-15,7.941909124e-13,2.290736743e-11,3.081150299e-10,4.788285708e-18,3.793276569e-19,1.766556606e-20,6.499966828e-22,6.436833736e-09,2.971284617e-18,2.148216757e-15,5.439546447e-13,1.53642448e-11,2.024136737e-10,4.784230233e-18,3.641906755e-19,1.629761937e-20,5.779924722e-22,5.401271108e-09,1.44226782e-18,1.041531679e-15,2.634426173e-13,7.165470708e-12,9.073362013e-11,1.811542064e-21,6.805995507e-23,1.336238849e-24,1.99536051e-26,4.910717671e-10,9.386468326e-23,3.026113792e-19,2.69118369e-16,1.284248253e-14,2.461327559e-13
73,0.02263089203,0.01093245334,0.004738893954,0.001989740024,0.01419056017,0.004248552208,0.0118998055,0.02760287288,0.05046181627,0.07991345843,0.03207552157,0.01549493671,0.006716596892,0.00282012748,0.01535028666,0.004248553232,0.0118998039,0.02760285955,0.05046177504,0.07991338486,0.0004281765536,0.0001457049927,4.449071469e-05,1.351852391e-05,0.0005222671645,2.939755961e-05,0.000132654435,0.000479130814,0.001207760873,0.002520955128,0.0003021000713,0.0001028021646,3.139041723e-05,9.537990139e-06,0.0004828094606,2.939755253e-05,0.0001326544528,0.0004791310454,0.00120776186,0.002520957448,0.01056045487,0.004021389559,0.00137408331,0.0004631885884,0.004451564547,0.0004715998701,0.001362028448,0.003250597728,0.005819848676,0.00902855339,0.0154354701,0.005877782507,0.00200840161,0.0006770105989,0.004848863348,0.0004715999938,0.001362028249,0.00325059602,0.005819843501,0.009028544345,0.0002209535126,6.00734418e-05,1.465573207e-05,3.619888136e-06,0.000177337462,3.581286932e-06,1.636052965e-05,5.977167857e-05,0.0001454296359,0.0002935615352,0.0001511693252,4.110031484e-05,1.002697704e-05,2.476609493e-06,0.0001628070544,3.581285992e-06,1.636053205e-05,5.977170999e-05,0.0001454297652,0.0002935618292,2.279288998e-07,2.824948568e-08,2.64994579e-09,2.328842201e-10,1.123950236e-05,3.933422331e-09,1.160164954e-07,1.991598719e-06,1.388398747e-05,6.451808694e-05,3.442024604e-10,2.697067691e-11,1.452689177e-12,7.023489504e-14,9.845188432e-07,7.032722511e-12,6.907081054e-10,3.259406201e-08,4.249098421e-07,3.250709008e-06,5.441940634e-10,6.950174429e-11,6.358414547e-12,5.19994065e-13,1.84118377e-06,7.195902099e-11,4.456737853e-09,1.434332256e-07,1.488791511e-06,9.460840061e-06,1.680882601e-10,2.477135376e-11,2.615009863e-12,2.440680838e-13,1.506350213e-06,5.427180287e-11,3.375298898e-09,1.090490906e-07,1.123764369e-06,7.060514729e-06,2.954322594e-11,5.216766238e-12,6.598664799e-13,7.277529504e-14,1.0453793e-06,2.916979446e-11,1.823697508e-09,5.920809685e-08,5.983148903e-07,3.664647688e-06,3.80759922e-13,6.68267174e-14,8.06217102e-15,8.205653764e-16,2.922404653e-07,9.692580101e-13,9.745604037e-11,4.700267124e-09,5.765421682e-08,4.047709801e-07,2.697324998e-18,2.290442983e-19,1.143363412e-20,4.485390536e-22,6.633788843e-09,4.316166354e-18,3.126914454e-15,7.932707259e-13,2.287958238e-11,3.077219105e-10,4.77150902e-18,3.781077853e-19,1.761384165e-20,6.482662923e-22,6.431591538e-09,2.965347335e-18,2.143942332e-15,5.428765841e-13,1.533236972e-11,2.019719548e-10,4.758778488e-18,3.624098444e-19,1.622493928e-20,5.756445474e-22,5.394561007e-09,1.437875342e-18,1.038372843e-15,2.626467253e-13,7.142809092e-12,9.043178623e-11,1.801180429e-21,6.770330309e-23,1.329877677e-24,1.986745646e-26,4.904839972e-10,9.356919941e-23,3.01663058e-19,2.682785526e-16,1.28003145e-14,2.452778264e-13
74,0.02263089202,0.01093245334,0.004738893949,0.001989740021,0.01419056016,0.004248552206,0.0118998055,0.02760287289,0.05046181629,0.07991345849,0.03207552156,0.0154949367,0.006716596886,0.002820127476,0.01535028665,0.004248553229,0.0118998039,0.02760285955,0.05046177506,0.07991338492,0.0004281765534,0.0001457049925,4.449071462e-05,1.351852389e-05,0.0005222671638,2.939755957e-05,0.0001326544349,0.0004791308137,0.001207760872,0.002520955127,0.0003021000712,0.0001028021645,3.139041718e-05,9.53799012e-06,0.0004828094599,2.939755249e-05,0.0001326544527,0.0004791310451,0.001207761859,0.002520957448,0.01056045487,0.004021389558,0.001374083309,0.0004631885881,0.004451564545,0.0004715998704,0.001362028449,0.003250597733,0.005819848686,0.009028553411,0.01543547009,0.005877782505,0.002008401609,0.0006770105985,0.004848863346,0.0004715999941,0.00136202825,0.003250596024,0.005819843511,0.009028544366,0.0002209535126,6.007344176e-05,1.465573206e-05,3.619888132e-06,0.0001773374619,3.581286931e-06,1.636052966e-05,5.977167861e-05,0.000145429636,0.0002935615356,0.0001511693252,4.110031482e-05,1.002697703e-05,2.47660949e-06,0.0001628070542,3.581285992e-06,1.636053205e-05,5.977171003e-05,0.0001454297654,0.0002935618297,2.279288996e-07,2.824948561e-08,2.64994578e-09,2.328842188e-10,1.123950233e-05,3.933422315e-09,1.16016495e-07,1.991598713e-06,1.388398743e-05,6.451808682e-05,3.442024599e-10,2.697067681e-11,1.452689168e-12,7.023489446e-14,9.84518839e-07,7.03272246e-12,6.90708101e-10,3.259406183e-08,4.249098399e-07,3.250708993e-06,5.441957393e-10,6.950195139e-11,6.358432859e-12,5.199955146e-13,1.84118438e-06,7.195898627e-11,4.456735694e-09,1.434331558e-07,1.488790755e-06,9.460835068e-06,1.680907464e-10,2.47717085e-11,2.615046082e-12,2.440713581e-13,1.506352638e-06,5.427167896e-11,3.375291149e-09,1.090488389e-07,1.12376166e-06,7.060497025e-06,2.954409998e-11,5.216915679e-12,6.598847632e-13,7.277724841e-14,1.04538267e-06,2.916966152e-11,1.823689149e-09,5.9207824e-08,5.9831201e-07,3.664629335e-06,3.807312927e-13,6.682223306e-14,8.061695208e-15,8.205230732e-16,2.922329098e-07,9.691905881e-13,9.744928434e-11,4.699942315e-09,5.765007691e-08,4.047406655e-07,2.695498973e-18,2.289021285e-19,1.142718054e-20,4.483091804e-22,6.632735306e-09,4.31446461e-18,3.12568677e-15,7.929604912e-13,2.287021517e-11,3.075893833e-10,4.765861036e-18,3.776970262e-19,1.759642137e-20,6.476834061e-22,6.429823591e-09,2.963346638e-18,2.142501963e-15,5.425133041e-13,1.532162926e-11,2.018231264e-10,4.750220131e-18,3.618108487e-19,1.620048555e-20,5.748543544e-22,5.392298546e-09,1.436396161e-18,1.037309085e-15,2.623787017e-13,7.135178319e-12,9.033016185e-11,1.797697304e-21,6.758337359e-23,1.327737946e-24,1.983846963e-26,4.902858272e-10,9.346971172e-23,3.013437609e-19,2.679957864e-16,1.278611809e-14,2.449900399e-13
