Step,DF_001,DF_002,DF_003,DF_004,DF_005,DF_006,DF_007,DF_008,DF_009,DF_010,DF_011,DF_012,DF_013,DF_014,DF_015,DF_016,DF_017,DF_018,DF_019,DF_020,DF_021,DF_022,DF_023,DF_024,DF_025,DF_026,DF_027,DF_028,DF_029,DF_030,DF_031,DF_032,DF_033,DF_034,DF_035,DF_036,DF_037,DF_038,DF_039,DF_040,DF_041,DF_042,DF_043,DF_044,DF_045,DF_046,DF_047,DF_048,DF_049,DF_050,DF_051,DF_052,DF_053,DF_054,DF_055,DF_056,DF_057,DF_058,DF_059,DF_060,DF_061,DF_062,DF_063,DF_064,DF_065,DF_066,DF_067,DF_068,DF_069,DF_070,DF_071,DF_072,DF_073,DF_074,DF_075,DF_076,DF_077,DF_078,DF_079,DF_080,DF_081,DF_082,DF_083,DF_084,DF_085,DF_086,DF_087,DF_088,DF_089,DF_090,DF_091,DF_092,DF_093,DF_094,DF_095,DF_096,DF_097,DF_098,DF_099,DF_100,DF_101,DF_102,DF_103,DF_104,DF_105,DF_106,DF_107,DF_108,DF_109,DF_110,DF_111,DF_112,DF_113,DF_114,DF_115,DF_116,DF_117,DF_118,DF_119,DF_120,DF_121,DF_122,DF_123,DF_124,DF_125,DF_126,DF_127,DF_128,DF_129,DF_130,DF_131,DF_132,DF_133,DF_134,DF_135,DF_136,DF_137,DF_138,DF_139,DF_140,DF_141,DF_142,DF_143,DF_144,DF_145,DF_146,DF_147,DF_148,DF_149,DF_150,DF_151,DF_152,DF_153,DF_154,DF_155,DF_156,DF_157,DF_158,DF_159,DF_160,DF_161,DF_162,DF_163,DF_164,DF_165,DF_166,DF_167,DF_168,DF_169,DF_170,DF_171,DF_172,DF_173,DF_174,DF_175,DF_176,DF_177,DF_178,DF_179,DF_180
0,0.03452434631,0.03312896659,0.02852552926,0.02256790951,0.09072989823,0.03935276216,0.06885912093,0.1031946082,0.1295119085,0.1462152885,0.04893255047,0.04695483051,0.04043021952,0.03198627893,0.09814481698,0.03935283272,0.06885928458,0.1031949094,0.12951236,0.146215874,0.0008103750257,0.0007776220075,0.0006695676079,0.000529727014,0.009427273585,0.001600318655,0.004511582739,0.01052846895,0.01894767604,0.02935858872,0.0005717598564,0.0005486509743,0.000472413225,0.0003737487359,0.008715035591,0.001600315786,0.004511572016,0.01052843823,0.01894760999,0.02935847117,0.01495910234,0.01003088385,0.006035541873,0.003430031535,0.01996433905,0.002414089871,0.00438200901,0.006794605791,0.008287698139,0.009045874178,0.02186468034,0.01466144585,0.00882173213,0.005013438732,0.02174614108,0.002414094581,0.004382020343,0.006794627373,0.00828772958,0.009045913594,0.0003850895388,0.0002582233175,0.0001553719404,8.82987382e-05,0.002157491057,0.0001006460592,0.000288992164,0.0006859937138,0.001180766465,0.001743466939,0.0002634657233,0.0001766679857,0.0001063004225,6.041112152e-05,0.001980713856,0.0001006458628,0.0002889914165,0.0006859915349,0.001180761986,0.001743459342,1.039684856e-06,1.517616924e-06,1.676632565e-06,1.435495563e-06,0.002266379586,4.616860968e-05,0.0003965428584,0.002164902025,0.006611122415,0.01471149697,2.970579993e-09,7.726347639e-09,1.381370625e-08,1.69332894e-08,0.0009262899496,5.707923052e-06,0.0001047797235,0.001041779524,0.004817512056,0.01473679981,1.254001404e-08,4.426796278e-08,1.119417984e-07,1.960211825e-07,0.002589844521,8.811698024e-05,0.001071113716,0.007600173761,0.02913743642,0.07768522879,4.039972393e-09,1.819911065e-08,5.872637091e-08,1.287892187e-07,0.002624218979,0.0001104635394,0.001342743197,0.009527502543,0.0368546372,0.09919737126,7.488773047e-10,4.590139843e-09,2.015358888e-08,5.872922361e-08,0.002386120143,0.0001128027182,0.00137116931,0.009729149732,0.03766569372,0.1014691422,1.579142258e-11,1.663076136e-10,1.203943167e-09,5.366302448e-09,0.001638633101,5.20312326e-05,0.0007866868296,0.006532174006,0.02752076848,0.07793226191,7.84269731e-15,2.493539134e-13,4.660639599e-12,4.33985183e-11,0.001097770022,1.0905943e-05,0.0003325437721,0.004452416128,0.02420126515,0.07833819662,2.127850709e-13,6.765358875e-12,1.264500837e-10,1.177463716e-09,0.003477582556,0.0001337980765,0.00257079938,0.02241682341,0.08785092701,0.2104007151,2.748244955e-12,8.737842883e-11,1.633170854e-09,1.520754844e-08,0.008455864393,0.0008695178524,0.01128274137,0.06833066218,0.2001363469,0.3658227774,8.843277273e-14,6.051897694e-12,2.164308246e-10,3.304370934e-09,0.01011029527,0.000994147733,0.01529298811,0.09506462541,0.2566903727,0.3985927687
1,0.03451843218,0.0331254705,0.02852439532,0.02256838276,0.09074151322,0.03936089368,0.0688691897,0.1032039094,0.1295171004,0.1462125412,0.04892661702,0.0469522256,0.04043063628,0.03198855112,0.09816159811,0.03936714922,0.06888369839,0.1032306103,0.1295571235,0.1462644372,0.0008102234506,0.0007775551286,0.0006695776813,0.0005297843992,0.009429712294,0.001601207503,0.004514046777,0.01053412863,0.01895793553,0.02937421733,0.0005716243005,0.0005485763273,0.0004723966833,0.0003737705111,0.008716915568,0.001600953067,0.004513096002,0.01053140395,0.01895207901,0.02936379507,0.01495643108,0.01002977961,0.006035290838,0.003430105741,0.0199670432,0.002414658725,0.004382811812,0.006795519783,0.008288463281,0.009046162975,0.02186196673,0.01466063045,0.00882184579,0.005013820347,0.02175010337,0.002415076345,0.00438381662,0.006797433067,0.008291250595,0.009049657143,0.0003850173865,0.0002582013767,0.0001553746499,8.830862565e-05,0.002158066109,0.0001007055347,0.000289163875,0.0006864033719,0.001181490466,0.0017445241,0.0002634020114,0.0001766433519,0.0001062964853,6.041459463e-05,0.001981149169,0.0001006881205,0.0002890975961,0.0006862101688,0.001181093278,0.001743850521,1.039195836e-06,1.517236408e-06,1.676580482e-06,1.43574211e-06,0.002267269775,4.62144383e-05,0.0003968949092,0.002166613298,0.006615931519,0.01472101523,2.968700039e-09,7.72374097e-09,1.381312879e-08,1.693720283e-08,0.0009267312309,5.71543743e-06,0.0001049014314,0.001042839769,0.004821966104,0.0147488677,1.253473941e-08,4.426070904e-08,1.119522057e-07,1.960858898e-07,0.002591108236,8.822656882e-05,0.001072276346,0.007607306773,0.0291618275,0.07774246712,4.039416826e-09,1.820128206e-08,5.874846444e-08,1.288682188e-07,0.002625806501,0.0001106241636,0.001344428631,0.009537702512,0.03688923619,0.09927842954,7.490422119e-10,4.592329899e-09,2.01683837e-08,5.878627178e-08,0.002387916317,0.0001129967332,0.001373184534,0.009741188632,0.03770589294,0.1015623555,1.58009726e-11,1.664527646e-10,1.205316727e-09,5.373753153e-09,0.001640129279,5.213964886e-05,0.0007880616024,0.006541551133,0.02755381934,0.07801029141,7.853081386e-15,2.497543966e-13,4.669439828e-12,4.349176825e-11,0.001099017881,1.093727392e-05,0.0003333308393,0.004460863072,0.02423867024,0.07843561727,2.131270515e-13,6.777476696e-12,1.266998459e-10,1.179989476e-09,0.003481310566,0.0001341496991,0.002576254925,0.02245386933,0.0879641437,0.2106055383,2.753619182e-12,8.755674945e-11,1.636643082e-09,1.524107793e-08,0.008464571825,0.000871642687,0.01130460625,0.06843100401,0.2003555712,0.366104518,8.86294989e-14,6.065821829e-12,2.169452802e-10,3.312457887e-09,0.01012102905,0.0009968214453,0.01532461825,0.09520644443,0.2569530841,0.3988352641
2,0.03450085276,0.03311507452,0.02852101922,0.02256978463,0.09077603011,0.03938505059,0.06889907408,0.1032314651,0.1295323913,0.1462041909,0.04890897496,0.0469444758,0.04043186966,0.03199530262,0.09821149067,0.03940972201,0.068956284,0.1033367346,0.129690167,0.1464087448,0.0008097728441,0.00077735618,0.0006696074859,0.0005299549174,0.009436963955,0.001603851609,0.004521375416,0.01055095905,0.01898844055,0.02942067907,0.0005712214105,0.0005483543567,0.0004723473867,0.0003738351373,0.00872250404,0.00160284756,0.004517624235,0.01054021075,0.01896534,0.02937957418,0.0149484912,0.0100264963,0.006034543654,0.003430325713,0.01997508023,0.002416349077,0.004385195773,0.006798231212,0.008290729173,0.009047010361,0.02185389844,0.01465820485,0.008822182763,0.005014954556,0.02176188509,0.002417996318,0.004389158422,0.006805775684,0.008301719246,0.009060785709,0.0003848028926,0.0002581361125,0.0001553826774,8.833801121e-05,0.002159776196,0.000100882484,0.0002896746756,0.0006876218636,0.001183643765,0.001747667842,0.000263212656,0.0001765701055,0.0001062847568,6.042490473e-05,0.001982443278,0.0001008137586,0.0002894131495,0.0006868596075,0.001182076821,0.001745010818,1.037742983e-06,1.516105002e-06,1.676424692e-06,1.436474371e-06,0.002269917107,4.635085546e-05,0.0003979423433,0.002171702111,0.006630225257,0.0147492878,2.96311656e-09,7.71599157e-09,1.38114009e-08,1.694882633e-08,0.000928043739,5.737818906e-06,0.0001052637173,0.001045993752,0.00483520777,0.01478471826,1.251906354e-08,4.423911634e-08,1.119830453e-07,1.962781707e-07,0.002594866853,8.855291856e-05,0.001075736476,0.007628521475,0.02923432302,0.07791246409,4.037762977e-09,1.82077231e-08,5.881413156e-08,1.291031989e-07,0.002630529436,0.0001111027141,0.001349446713,0.009568049481,0.03699210323,0.09951923927,7.495321684e-10,4.598842423e-09,2.021240593e-08,5.895610769e-08,0.002393261694,0.0001135750921,0.001379187436,0.009777021706,0.03782545287,0.1018393657,1.58293814e-11,1.668847914e-10,1.209407215e-09,5.395952552e-09,0.001644583094,5.24630552e-05,0.0007921587534,0.006569470079,0.02765212969,0.07824215567,7.884011267e-15,2.509479433e-13,4.695681617e-12,4.376997861e-11,0.001102733601,1.103086417e-05,0.0003356788523,0.00448602805,0.02434995898,0.07872504008,2.141460842e-13,6.813598017e-12,1.274446109e-10,1.1875235e-09,0.003492407997,0.0001351993082,0.002592517462,0.02256413554,0.08830059063,0.2112130048,2.769643128e-12,8.80885004e-11,1.646998553e-09,1.534108722e-08,0.00849048514,0.0008779816411,0.01136973985,0.06872942397,0.2010062908,0.3669385283,8.921629791e-14,6.107358967e-12,2.184801054e-10,3.336586734e-09,0.01015297052,0.001004800071,0.015418834,0.09562797756,0.2577317325,0.3995503071
3,0.03447185384,0.03309791207,0.02851543188,0.02257208126,0.09083294264,0.03942485508,0.0689482254,0.1032766212,0.1295571504,0.1461898152,0.04887985569,0.04693166941,0.04043388654,0.03200643176,0.09829383094,0.03948000789,0.0690760758,0.1035118147,0.1299095895,0.1466466492,0.0008090293381,0.0007770274891,0.0006696561986,0.0005302360186,0.009448935192,0.001608220035,0.004533479131,0.01057874632,0.0190387915,0.02949734298,0.0005705569442,0.0005479879116,0.0004722656501,0.0003739414188,0.008731723854,0.001605973383,0.004525088279,0.01055470991,0.01898714008,0.0294054528,0.01493539448,0.01002107685,0.006033307836,0.003430686607,0.01998833518,0.002419135711,0.00438912071,0.006802686408,0.008294439298,0.009048372034,0.02184058181,0.01465419746,0.008822735763,0.005016825151,0.02178133332,0.00242281876,0.004397978285,0.006819546895,0.008318996826,0.009079146767,0.0003844489817,0.0002580283015,0.0001553958334,8.838647105e-05,0.00216259969,0.0001011749071,0.0002905185947,0.0006896345113,0.001187199902,0.001752858271,0.0002629003773,0.0001764492014,0.0001062653268,6.044186778e-05,0.001984578576,0.0001010211061,0.0002899334872,0.0006879294751,0.00118369531,0.001746916772,1.035348754e-06,1.514237528e-06,1.676164499e-06,1.437680382e-06,0.002274288364,4.657652354e-05,0.0003996733906,0.00218010353,0.006653800318,0.01479585989,2.953921061e-09,7.703204233e-09,1.380851315e-08,1.696797085e-08,0.0009302115376,5.774887962e-06,0.0001058630271,0.001051204537,0.004857058106,0.01484378832,1.249321357e-08,4.420339462e-08,1.12033605e-07,1.965951644e-07,0.002601074538,8.90932398e-05,0.001081458252,0.007663556646,0.02935389048,0.0781924223,4.035026756e-09,1.821830443e-08,5.892243977e-08,1.294913319e-07,0.002638333816,0.0001118957468,0.001357751398,0.009618201101,0.03716186557,0.09991603703,7.503396694e-10,4.609594255e-09,2.028517329e-08,5.923713042e-08,0.002402100177,0.000114534596,0.00138913155,0.009836288595,0.0380229037,0.1022961084,1.587631597e-11,1.675993365e-10,1.216179937e-09,5.432744986e-09,0.001651951399,5.300030415e-05,0.0007989524872,0.006615674926,0.02781452246,0.07862438285,7.93524195e-15,2.529270826e-13,4.739244267e-12,4.423229607e-11,0.001108884404,1.118676604e-05,0.0003395799911,0.00452772572,0.02453387491,0.07920193957,2.158353128e-13,6.873517154e-12,1.286809143e-10,1.200038041e-09,0.003510766999,0.0001369452851,0.002619495239,0.02274651343,0.08885529209,0.2122105675,2.796237983e-12,8.897125778e-11,1.664193905e-09,1.550719269e-08,0.00853333266,0.0008885137321,0.01147764472,0.06922219784,0.2020766665,0.3683029244,9.019097391e-14,6.17636519e-12,2.210304243e-10,3.37668745e-09,0.01020577802,0.001018063688,0.01557489176,0.09632324445,0.2590087331,0.4007108719
4,0.03443168299,0.03307411035,0.02850765462,0.02257522991,0.09091172641,0.03947990198,0.06901601137,0.1033385559,0.1295904905,0.1461686633,0.04883948308,0.04691388322,0.04043664393,0.03202183164,0.09840797071,0.03957749086,0.06924213011,0.1037543799,0.1302134489,0.1469759049,0.000807999007,0.0007765711259,0.0006697227442,0.0005306250321,0.009465536762,0.001614285245,0.004550275464,0.01061728762,0.01910860135,0.02960358334,0.0005696367756,0.0005474797086,0.0004721515643,0.0003740879732,0.008744497851,0.001610304793,0.004535415977,0.01057473594,0.01901718326,0.0294409904,0.01491725402,0.01001356267,0.006031589177,0.003431182472,0.0200066906,0.002422992249,0.004394541971,0.006808821728,0.008299521679,0.009050183776,0.02182212004,0.01464863356,0.008823495884,0.00501941558,0.02180830117,0.002429510731,0.004410212577,0.006838642503,0.008342948074,0.00910458831,0.0003839585551,0.0002578786436,0.0001554138801,8.845357009e-05,0.002166516177,0.0001015810755,0.0002916903203,0.0006924279372,0.001192134383,0.001760057567,0.0002624679586,0.0001762815589,0.0001062382405,6.046527417e-05,0.001987537611,0.0001013085291,0.0002906538704,0.0006894085166,0.00118592913,0.001749540331,1.032037057e-06,1.511648314e-06,1.675797468e-06,1.439347025e-06,0.002280352354,4.689043835e-05,0.0004020778963,0.002191755614,0.006686448703,0.01486023473,2.941213745e-09,7.685482429e-09,1.380443574e-08,1.699442962e-08,0.0009332200214,5.826544623e-06,0.0001066966819,0.00105843903,0.004887339242,0.01492546839,1.245742317e-08,4.41537002e-08,1.121029967e-07,1.970338792e-07,0.002609689149,8.984579422e-05,0.001089412989,0.007712169018,0.02951947105,0.07857924807,4.031219851e-09,1.823287181e-08,5.907243914e-08,1.300300423e-07,0.002649172538,0.0001130017655,0.001369310747,0.00968786002,0.03739716957,0.1004647605,7.514567467e-10,4.624506252e-09,2.038627996e-08,5.962819536e-08,0.002414386517,0.0001158750114,0.001402992691,0.009918709272,0.03829687484,0.1029283361,1.594147913e-11,1.685930252e-10,1.225613597e-09,5.484068038e-09,0.001662202304,5.375231501e-05,0.0008084359098,0.006679987411,0.02803991938,0.07915329777,8.006640269e-15,2.556899088e-13,4.800157167e-12,4.487973225e-11,0.001117448883,1.140587772e-05,0.0003450416367,0.004585867968,0.02478931253,0.07986138958,2.181923186e-13,6.957209285e-12,1.304095138e-10,1.217552715e-09,0.003536307348,0.0001393940285,0.002657177243,0.02300013056,0.08962298699,0.2135829414,2.833412991e-12,9.020563889e-11,1.688247403e-09,1.573962788e-08,0.008592894651,0.0009032589852,0.01162806264,0.06990578089,0.2035529219,0.3701691867,9.155498729e-14,6.272962466e-12,2.246014584e-10,3.432852841e-09,0.01027916943,0.001036647891,0.01579237384,0.09728604216,0.260762012,0.4022791142
5,0.03438058944,0.0330437908,0.02849769982,0.02257917947,0.09101183942,0.03954975989,0.06910172071,0.1034162903,0.1296312852,0.1461396801,0.04878807417,0.04689118337,0.04044008951,0.03204139038,0.09855327546,0.0397016794,0.06945352171,0.1040629539,0.1305997597,0.1473941694,0.0008066878769,0.0007759889224,0.00066980581,0.0005311191703,0.009486683168,0.00162202282,0.004571688333,0.01066638978,0.01919749329,0.02973877659,0.0005684668881,0.0005468323419,0.0004720050114,0.0003742732423,0.008760748753,0.001615816107,0.004548531486,0.01060010716,0.01905513251,0.02948566631,0.01489418409,0.01000399383,0.006029391863,0.003431806307,0.0200300266,0.002427891175,0.004401410642,0.00681656414,0.008305889854,0.009052362814,0.02179861348,0.01464153554,0.008824452685,0.005022708945,0.02184264718,0.002438041857,0.004425801119,0.006862961935,0.008373440603,0.009136958382,0.0003833344941,0.0002576877679,0.0001554365342,8.853886203e-05,0.002171506356,0.0001020995114,0.0002931851436,0.0006959899373,0.001198424458,0.001769229695,0.0002619182421,0.0001760680656,0.0001062035016,6.049488999e-05,0.001991303055,0.0001016744245,0.0002915694077,0.0006912846222,0.001188756453,0.001752849081,1.027833146e-06,1.508351255e-06,1.675319534e-06,1.441460079e-06,0.002288079723,4.729190373e-05,0.0004051471501,0.002206598748,0.0067279563,0.01494187212,2.925102856e-09,7.662928552e-09,1.379911993e-08,1.702797858e-08,0.0009370557978,5.892763194e-06,0.0001077627984,0.001067667366,0.004925872217,0.01502909858,1.241193231e-08,4.409014019e-08,1.121901662e-07,1.97591191e-07,0.00262067189,9.080982092e-05,0.001099578461,0.007774129633,0.02972996993,0.07906953832,4.026350053e-09,1.825124744e-08,5.926316017e-08,1.307169788e-07,0.002663004807,0.0001144211028,0.001384105737,0.009776767583,0.0376966631,0.1011610205,7.528749771e-10,4.643502751e-09,2.05153902e-08,6.012858254e-08,0.002430085523,0.0001175989168,0.001420767351,0.01002407527,0.03864606966,0.1037315734,1.602460619e-11,1.698633911e-10,1.237699436e-09,5.549947305e-09,0.0016753144,5.472198382e-05,0.0008206197951,0.006762298851,0.02832731589,0.0798249766,8.098177534e-15,2.592397676e-13,4.878592581e-12,4.571508785e-11,0.001128416222,1.168991923e-05,0.0003520855232,0.00466045401,0.02511527522,0.08069797344,2.212188406e-13,7.06481997e-12,1.326351657e-10,1.240132221e-09,0.00356897423,0.000142559604,0.002705626712,0.02332430791,0.09059802084,0.2153119997,2.881260589e-12,9.179513573e-11,1.719235599e-09,1.603921049e-08,0.008668998325,0.0009222759809,0.01182094734,0.07077669862,0.2054191865,0.3725021758,9.331326085e-14,6.397524468e-12,2.292079863e-10,3.50532984e-09,0.01037291568,0.001060640329,0.01607114254,0.09850977066,0.2629648508,0.4042066344
6,0.03431882413,0.03300706962,0.0284855715,0.022583871,0.09113272258,0.0396339719,0.06920456716,0.1035086978,0.1296781854,0.1461015296,0.04872583984,0.04686362615,0.04044416224,0.03206499118,0.09872912262,0.03985210366,0.0697093401,0.10443605,0.1310664894,0.1478990015,0.0008051019338,0.0007752824912,0.0006699038597,0.0005317155303,0.009512292263,0.001631411182,0.004597647301,0.01072586774,0.0193050981,0.02990229775,0.0005670533697,0.0005460482952,0.0004718256785,0.0003744955013,0.008780399025,0.001622481601,0.004564355235,0.01063062613,0.01910061147,0.02953888394,0.01486630014,0.009992409089,0.006026718581,0.003432550127,0.02005822087,0.002433803843,0.004409673738,0.006825831732,0.008313443776,0.009054809121,0.02177015991,0.01463292309,0.008825594269,0.00502668799,0.02188423477,0.002448384092,0.004444686792,0.006892407687,0.008410344234,0.009176104494,0.000382579664,0.0002574562381,0.0001554634691,8.86418891e-05,0.002177551929,0.0001027289673,0.0002949989013,0.0007003093484,0.001206048892,0.001780340074,0.0002612541265,0.0001758095795,0.0001061610753,6.053045828e-05,0.001995857657,0.0001021172111,0.0002926750452,0.000693544838,0.001192153303,0.001756806448,1.022763528e-06,1.504359861e-06,1.67472512e-06,1.44400425e-06,0.002297442753,4.778050634e-05,0.0004088737012,0.00222457484,0.006778100931,0.01504018569,2.905704023e-09,7.6356442e-09,1.379249929e-08,1.70683768e-08,0.0009417065639,5.973587272e-06,0.0001090602045,0.001078862206,0.004972474184,0.0151539622,1.235698719e-08,4.401277696e-08,1.122939027e-07,1.982638388e-07,0.002633986966,9.198546457e-05,0.001111938131,0.00784921952,0.0299842433,0.07965955708,4.020421579e-09,1.827323104e-08,5.949361048e-08,1.315499865e-07,0.002679795572,0.0001161558093,0.001402129032,0.009884696663,0.03805897319,0.1020000572,7.545854814e-10,4.666510965e-09,2.067223182e-08,6.073796609e-08,0.002449171289,0.0001197115711,0.001442471131,0.01015224008,0.03906923475,0.104701055,1.61254613e-11,1.714088032e-10,1.252440424e-09,5.630491772e-09,0.001691276011,5.591411418e-05,0.0008355314073,0.006862561376,0.02867575066,0.08063518348,8.209922556e-15,2.635849761e-13,4.974859756e-12,4.674289755e-11,0.001141785455,1.204142084e-05,0.0003607469732,0.00475155957,0.02551082339,0.0817056584,2.249205135e-13,7.196655684e-12,1.353664316e-10,1.267884452e-09,0.003608735987,0.0001464634674,0.002764974414,0.02371850892,0.09177419885,0.2173765818,2.939952103e-12,9.374596766e-11,1.757290394e-09,1.640731349e-08,0.008761512557,0.0009456595613,0.0120564341,0.07183140781,0.2076572519,0.3752600184,9.547401036e-14,6.550664111e-12,2.348738669e-10,3.594511793e-09,0.01048683384,0.001090177375,0.01641128672,0.09998720016,0.265585596,0.4064346099
7,0.03424663968,0.03296405823,0.02847126597,0.02258923815,0.09127379987,0.03973205613,0.06932369309,0.1036145135,0.1297296349,0.1460526175,0.04865298558,0.04683125878,0.0404487928,0.03209251246,0.09893489948,0.04002831251,0.07000868517,0.1048721668,0.131611553,0.1484878573,0.000803247134,0.0007744532449,0.0006700151464,0.0005324110956,0.009542284831,0.001642431304,0.004628086815,0.01079554286,0.01943105114,0.03009351597,0.0005654024074,0.0005451299522,0.0004716130722,0.0003747528663,0.008803370706,0.001630275389,0.004582803822,0.01066608001,0.01915320589,0.02959997441,0.01483371874,0.009978846098,0.006023570624,0.003433405009,0.02009114859,0.002440700475,0.004419274345,0.006836534179,0.008322070653,0.009057406675,0.02173685491,0.01462281342,0.008826907348,0.005031335079,0.02193293166,0.002460511479,0.00446681513,0.006926884722,0.008453530267,0.009221872935,0.0003816969185,0.0002571845581,0.0001554943173,8.876218165e-05,0.002184635497,0.0001034684058,0.0002971279179,0.0007053759092,0.001214987708,0.001793355213,0.000260478563,0.0001755069323,0.0001061108909,6.057170002e-05,0.002001184205,0.0001026353217,0.0002939655541,0.0006961753668,0.001196093612,0.001761371859,1.016855867e-06,1.499687316e-06,1.674007236e-06,1.446963187e-06,0.002308415148,4.835609037e-05,0.0004132511609,0.002245626408,0.006836649942,0.01515453903,2.883139616e-09,7.603730496e-09,1.378449105e-08,1.711536647e-08,0.0009471609804,6.069124933e-06,0.0001105883511,0.001091997944,0.005026955068,0.01529927756,1.229284013e-08,4.39216326e-08,1.124128468e-07,1.990484168e-07,0.002649601212,9.337370479e-05,0.001126480344,0.007937224764,0.03028108224,0.08034520338,4.013435398e-09,1.829860091e-08,5.976277077e-08,1.325270755e-07,0.002699514964,0.0001182095504,0.001423383712,0.01001144368,0.03848267945,0.1029766849,7.565789171e-10,4.693460316e-09,2.085658961e-08,6.145638451e-08,0.002471626438,0.0001222208006,0.001468137168,0.01030310877,0.0395651243,0.1058316479,1.624383376e-11,1.73228392e-10,1.269850488e-09,5.725889683e-09,0.001710084472,5.733536561e-05,0.0008532133542,0.006980778424,0.02908427006,0.08157929162,8.342034933e-15,2.687385693e-13,5.089400111e-12,4.796939245e-11,0.001157564745,1.246372228e-05,0.0003710741812,0.004859325007,0.02597501362,0.08287763917,2.293066177e-13,7.353175056e-12,1.386155076e-10,1.300958923e-09,0.003655581826,0.0001511342458,0.00283541156,0.02418228078,0.09314460503,0.2197522322,3.009733845e-12,9.606694803e-11,1.802596373e-09,1.684583891e-08,0.0088703423,0.0009735385985,0.0123348058,0.07306613063,0.2102462551,0.3783939009,9.804859243e-14,6.73322225e-12,2.416316042e-10,3.700931378e-09,0.0106207796,0.001125440771,0.01681306051,0.1017101868,0.2685872649,0.4088938571
8,0.03416429044,0.03291486377,0.02845477241,0.0225952076,0.09143447839,0.03984350603,0.06945817261,0.1037323424,0.1297838861,0.1459911132,0.04856971217,0.04679412017,0.04045390404,0.03212382785,0.09917000124,0.04022987047,0.0703506627,0.1053697817,0.1322328074,0.1491580861,0.0008011294142,0.0007735024135,0.000670137724,0.0005332027345,0.009576584164,0.001655066421,0.004662945408,0.01087524115,0.01957498905,0.03031178977,0.0005635202838,0.0005440796082,0.0004713665312,0.0003750433023,0.008829585226,0.001639171296,0.004603789852,0.01070624063,0.01921246474,0.02966820001,0.01479655756,0.009963341464,0.00601994799,0.003434361144,0.02012868237,0.002448550138,0.004430151742,0.006848573166,0.00833164575,0.009060024674,0.0216987921,0.01461122146,0.008828377301,0.005036632173,0.02198860923,0.002474399904,0.00449213389,0.006966299831,0.008502870676,0.009274107999,0.0003806891044,0.0002568731771,0.0001555286724,8.889925752e-05,0.002192740447,0.0001043169795,0.0002995689457,0.0007111801151,0.00122522192,0.001808242323,0.0002595945535,0.0001751609326,0.0001060528438,6.061831502e-05,0.002007265467,0.0001032271922,0.0002954355144,0.0006991615593,0.001200549249,0.001766500894,1.010138893e-06,1.494346544e-06,1.673157586e-06,1.450319495e-06,0.002320971825,4.90187321e-05,0.0004182739923,0.002269695564,0.006903357422,0.01528424092,2.857538104e-09,7.567288424e-09,1.377499731e-08,1.716867291e-08,0.0009534085422,6.179544031e-06,0.0001123472192,0.001107049836,0.005089113755,0.01546418806,1.221974959e-08,4.381669349e-08,1.12545498e-07,1.999413642e-07,0.002667483723,9.49762859e-05,0.001143197455,0.008037931018,0.03061919417,0.08112197207,4.005389551e-09,1.832711473e-08,6.006958988e-08,1.336463893e-07,0.002722137724,0.000120587507,0.001447881947,0.01015681987,0.03896628369,0.1040852254,7.588454656e-10,4.724281724e-09,2.10682985e-08,6.228421151e-08,0.002497441368,0.0001251369002,0.001497814544,0.01047662667,0.04013246006,0.1071177616,1.63795341e-11,1.753219765e-10,1.289953781e-09,5.836404797e-09,0.00173174542,5.899421596e-05,0.0008737224396,0.007116994424,0.02955188815,0.08265219107,8.494758484e-15,2.747180666e-13,5.222783269e-12,4.940247699e-11,0.001175770677,1.296098098e-05,0.0003831275085,0.004983942204,0.02650682888,0.08420615558,2.34389835e-13,7.534980575e-12,1.423980684e-10,1.339545422e-09,0.003709519487,0.000156607555,0.002917182141,0.02471518772,0.09470139208,0.2224108902,3.090923478e-12,9.876935919e-11,1.855388311e-09,1.735719344e-08,0.008995422713,0.001006073719,0.01265645505,0.07447666376,0.2131623074,0.3818478106,1.010513623e-13,6.946256983e-12,2.495219299e-10,3.825253758e-09,0.01077463925,0.00116665408,0.01727681356,0.1036693431,0.2719270816,0.411504888
9,0.03407203248,0.0328595896,0.0284360734,0.02260169947,0.0916141483,0.03996779049,0.06960701451,0.1038606675,0.129839014,0.1459149723,0.04847621644,0.04675224169,0.04045941142,0.03215880622,0.09943382878,0.04045635455,0.07073437943,0.1059273454,0.1329280438,0.1499069236,0.0007987547023,0.000772431063,0.0006702694583,0.0005340871997,0.009615115632,0.001669301738,0.004702164877,0.01096479135,0.01973654623,0.03055646163,0.0005614133726,0.0005428994804,0.0004710852393,0.0003753646293,0.008858963195,0.001649142709,0.004627221748,0.0107508646,0.01927790126,0.02974275734,0.01475493534,0.009945930885,0.006015849474,0.003435407872,0.02017069209,0.002457320715,0.004442241503,0.00686184278,0.008342033147,0.009062518731,0.02165606346,0.01459816006,0.008829988227,0.005042560798,0.02205114199,0.002490026856,0.004520592617,0.007010560967,0.008558237261,0.009332651128,0.0003795590663,0.0002565224949,0.0001555660907,8.905262129e-05,0.002201850843,0.0001052740108,0.0003023191047,0.0007177130696,0.001236733254,0.001824968897,0.0002586051472,0.0001747723681,0.0001059867987,6.066998266e-05,0.002014084142,0.000103891252,0.0002970792964,0.000702487899,0.001205490042,0.001772145405,1.002642316e-06,1.488350262e-06,1.672166658e-06,1.454054738e-06,0.002335088682,4.976871412e-05,0.0004239372883,0.002296722909,0.006977961088,0.01542853979,2.829033429e-09,7.526419192e-09,1.376390624e-08,1.722800428e-08,0.0009604394462,6.305067514e-06,0.0001143372223,0.001123993045,0.005158733856,0.01564775125,1.213798018e-08,4.36979148e-08,1.126902217e-07,2.009389536e-07,0.002687605467,9.679564589e-05,0.001162084919,0.008151117516,0.03099718214,0.08198490934,3.996279468e-09,1.83585103e-08,6.041297931e-08,1.349061707e-07,0.002747642618,0.000123296279,0.001475643607,0.01032064177,0.03950817636,0.1053194333,7.613748137e-10,4.758906843e-09,2.130723673e-08,6.322212699e-08,0.002526613509,0.0001284725447,0.001531566651,0.01067276733,0.04076988714,0.1085532467,1.653239004e-11,1.776899896e-10,1.312783953e-09,5.962372922e-09,0.001756272099,6.090093446e-05,0.0008971284846,0.007271283616,0.0300775422,0.08384818551,8.668414707e-15,2.815452494e-13,5.37570372e-12,5.105171748e-11,0.001196427559,1.35381877e-05,0.0003969787512,0.005125640006,0.02710510048,0.08568228929,2.401860054e-13,7.742810447e-12,1.467331203e-10,1.383872803e-09,0.003770572823,0.0001629258341,0.003010574494,0.0253167364,0.09643554698,0.2253205491,3.183906479e-12,1.018668303e-10,1.915948718e-09,1.794426407e-08,0.009136712972,0.001043454866,0.01302184184,0.07605816501,0.2163780829,0.3855582662,1.044995337e-13,7.191032924e-12,2.5859338e-10,3.968269547e-09,0.01094832111,0.001214078732,0.01780291193,0.1058536696,0.2755559814,0.41417803
10,0.03397012366,0.03279833574,0.02841514549,0.02260862766,0.09181218264,0.04010435386,0.06976916483,0.1039978578,0.1298929316,0.1458219583,0.048372692,0.04670564787,0.04046522336,0.03219731163,0.09972578651,0.04070735103,0.07115893803,0.1065432748,0.1336949803,0.1507314856,0.0007961289287,0.0007712401131,0.0006704080366,0.0005350611254,0.009657806235,0.001685124136,0.00474568944,0.01106402298,0.01991535115,0.03082685235,0.0005590881352,0.00054159172,0.000470768238,0.0003757145285,0.008891424183,0.001660162426,0.004653003515,0.01079969327,0.0193489938,0.0298227803,0.01470897186,0.009926649258,0.006011272764,0.003436533732,0.02021704482,0.002466978866,0.004455475584,0.006876229885,0.008353086482,0.009064732056,0.0216087597,0.01458364018,0.008831722991,0.005049102011,0.02212040687,0.002507371174,0.004552142195,0.007059576545,0.008619500753,0.009397340018,0.0003783096513,0.0002561328671,0.000155606093,8.922176345e-05,0.002211951316,0.0001063389718,0.0003053758209,0.0007249663288,0.001249503857,0.00184350227,0.0002575134386,0.0001743420095,0.0001059125915,6.072636265e-05,0.002021622801,0.0001046259121,0.0002988910398,0.0007061379821,0.001210883795,0.001778253643,9.943967362e-07,1.481711051e-06,1.671023829e-06,1.458149437e-06,0.00235074238,5.060649882e-05,0.0004302365376,0.002326646347,0.007060178925,0.01558661777,2.79776438e-09,7.481224592e-09,1.375109325e-08,1.729305133e-08,0.0009682444567,6.445968677e-06,0.0001165591021,0.001142801629,0.005235579137,0.01584892681,1.204780275e-08,4.356522502e-08,1.128452557e-07,2.020372771e-07,0.002709938891,9.88348437e-05,0.001183140312,0.008276550623,0.03141352238,0.08292856453,3.986098288e-09,1.83925063e-08,6.079180722e-08,1.363047263e-07,0.002776011862,0.0001263437883,0.001506694792,0.01050272102,0.04010660015,0.1066724151,7.64156132e-10,4.797267267e-09,2.15733186e-08,6.427108782e-08,0.002559146577,0.0001322427053,0.00156946946,0.01089151934,0.04147592607,0.1101312857,1.670224225e-11,1.803334024e-10,1.338383437e-09,6.104198626e-09,0.001783684664,6.306756212e-05,0.0009235130827,0.007443737892,0.0306600443,0.08516088055,8.863396129e-15,2.892459435e-13,5.548977859e-12,5.292833897e-11,0.001219566709,1.420118779e-05,0.0004127103372,0.005284667994,0.02776842186,0.08729574521,2.467138755e-13,7.977530304e-12,1.516428532e-10,1.434207814e-09,0.003838779307,0.0001701381745,0.003115911864,0.02598629337,0.09833663763,0.2284449085,3.28913256e-12,1.05375212e-10,1.984605284e-09,1.861039281e-08,0.009294189763,0.00108589857,0.01343144618,0.07780491965,0.219862388,0.3894540808,1.084130324e-13,7.469009809e-12,2.689018364e-10,4.130887105e-09,0.01114174649,0.001268009451,0.01839164899,0.1082501564,0.2794181239,0.4168136824
11,0.0338588237,0.03273119938,0.02839195975,0.02261590023,0.09202793705,0.04025261582,0.06994350941,0.1041421761,0.1299434042,0.145709665,0.04825932995,0.04665435712,0.04047124165,0.03223920327,0.1000452802,0.04098245217,0.07162343184,0.107215946,0.1345312532,0.15162876,0.0007932580368,0.0007699303542,0.0006705509783,0.0005361210253,0.009704584166,0.001702521866,0.004793464863,0.01117276424,0.02011102238,0.03112225508,0.0005565511175,0.0005401584221,0.0004704144378,0.0003760905478,0.008926886497,0.001672202491,0.00468103449,0.01085245268,0.01942518669,0.02990734317,0.01465878796,0.009905530797,0.006006214528,0.003437726493,0.02026760466,0.002477489984,0.004469782394,0.006891614473,0.00836464968,0.009066496624,0.0215569705,0.01456767107,0.008833563267,0.005056236361,0.02219628267,0.002526412802,0.004586734387,0.007113254727,0.008686529884,0.009468007661,0.0003769437143,0.0002557046103,0.0001556481663,8.940615946e-05,0.002223026949,0.0001075114644,0.0003087367638,0.0007329317437,0.001263515996,0.001863809167,0.0002563225653,0.0001738706125,0.0001058300314,6.078709561e-05,0.00202986383,0.0001054295545,0.0003008646315,0.0007100944936,0.001216696289,0.001784770369,9.854335616e-07,1.474441415e-06,1.669717449e-06,1.462583059e-06,0.002367910107,5.153270116e-05,0.0004371673789,0.002359399831,0.007149705626,0.01575758433,2.763873977e-09,7.431807383e-09,1.373642223e-08,1.736348693e-08,0.0009768147675,6.602566259e-06,0.0001190138192,0.001163447443,0.005319388652,0.01606656409,1.194949439e-08,4.341853054e-08,1.130087166e-07,2.032322316e-07,0.002734457519,0.0001010974837,0.001206362305,0.008413976981,0.03186654057,0.08394693991,3.974837175e-09,1.842880286e-08,6.1204892e-08,1.3784039e-07,0.002807230516,0.0001297391792,0.001541066269,0.01070285343,0.04075961127,0.1081365443,7.671780507e-10,4.839293691e-09,2.186648723e-08,6.543229818e-08,0.002595049818,0.000136464568,0.001611609694,0.01113287242,0.04224892152,0.1118442775,1.688894007e-11,1.832536465e-10,1.36680272e-09,6.262352005e-09,0.00181400948,6.550789573e-05,0.0009529682535,0.007634453586,0.03129802923,0.08658306592,9.080159428e-15,2.978497962e-13,5.743541164e-12,5.504522761e-11,0.001245225735,1.495670605e-05,0.0004304144062,0.005461278354,0.02849505515,0.08903462397,2.539948359e-13,8.240124465e-12,1.571524854e-10,1.490853885e-09,0.003914187426,0.0001783001185,0.003233541728,0.02672299459,0.1003925469,0.2317430428,3.407111855e-12,1.09312441e-10,2.061728104e-09,1.935934864e-08,0.009467840431,0.001133644802,0.0138857153,0.07971008986,0.223579729,0.3934562048,1.128143351e-13,7.781829721e-12,2.805100074e-10,4.31412369e-09,0.01135484002,0.00132876884,0.01904314561,0.1108433623,0.283450457,0.4193027809
12,0.03373839416,0.03265827532,0.02836648224,0.02262341976,0.09226074951,0.04041197126,0.07012887634,0.1042917861,0.1299880634,0.1455755381,0.04813631963,0.04659838246,0.04047736177,0.03228433544,0.1003917146,0.04128125285,0.07212693942,0.107943687,0.1354344088,0.1525955993,0.0007901479942,0.0007685024652,0.0006706956437,0.0005372632889,0.00975537836,0.001721484254,0.00484543757,0.01129083995,0.02032316468,0.03144192908,0.0005538089466,0.0005386016374,0.0004700226308,0.000376490107,0.008965266935,0.001685234032,0.004711209083,0.01090885347,0.01950589101,0.02999546359,0.01460450548,0.009882609141,0.006000670501,0.003438973193,0.02032223256,0.002488818152,0.004485086868,0.00690787002,0.008376557683,0.009067634363,0.02150078486,0.01455026046,0.008835489576,0.005063943855,0.02227864942,0.002547132537,0.004624321373,0.007171502691,0.008759190436,0.009544481371,0.0003754641226,0.0002552380065,0.0001556917647,8.960526876e-05,0.002235063169,0.0001087911994,0.0003123997824,0.0007416012973,0.001278751746,0.001885855231,0.0002550357055,0.0001733589213,0.0001057389035,6.085180366e-05,0.002038789365,0.0001063005195,0.0003029936824,0.0007143391823,0.001222891298,0.001791636971,9.757849226e-07,1.466553841e-06,1.668234941e-06,1.467334014e-06,0.002386569339,5.254806036e-05,0.0004447253431,0.002394912054,0.007246208905,0.01594046997,2.727508859e-09,7.378271658e-09,1.371974663e-08,1.743896571e-08,0.0009861418623,6.775219294e-06,0.0001217024355,0.001185898994,0.005409871681,0.01629938939,1.184333853e-08,4.325772012e-08,1.131786058e-07,2.045195032e-07,0.002761135541,0.0001035876361,0.001231749567,0.008563116298,0.03235438729,0.08503344021,3.962485638e-09,1.846708221e-08,6.165099559e-08,1.395114843e-07,0.002841285886,0.0001334927136,0.001578791803,0.01092080745,0.04146503901,0.1097033752,7.704286326e-10,4.884915046e-09,2.21867069e-08,6.670717896e-08,0.00263433725,0.0001411574489,0.001658082844,0.01139680225,0.04308698806,0.1136837179,1.709233693e-11,1.864525332e-10,1.398099593e-09,6.437365407e-09,0.001847278407,6.82374718e-05,0.0009855949589,0.007843517135,0.03198989911,0.08810659459,9.319218178e-15,3.073900414e-13,5.960445276e-12,5.741693502e-11,0.001273447786,1.581237328e-05,0.0004501917235,0.005655705652,0.02928283098,0.09088519292,2.620526365e-13,8.531686411e-12,1.632900915e-10,1.554149737e-09,0.003996853948,0.0001874734027,0.003363823647,0.02752564732,0.1025892014,0.2351691106,3.538410724e-12,1.136983894e-10,2.147726521e-09,2.019529536e-08,0.009657655778,0.001186953246,0.01438500494,0.081765451,0.2274899024,0.3974776971,1.177282833e-13,8.131302214e-12,2.934868148e-10,4.519094926e-09,0.01158751951,0.001396700855,0.01975723942,0.1136149857,0.2875823818,0.4215275436
13,0.03360909855,0.03257965645,0.02833867458,0.02263108366,0.09250993998,0.04058179009,0.07032403832,0.1044447604,0.1300244224,0.1454168979,0.04800384928,0.04653773216,0.04048347327,0.03233255745,0.1007644913,0.04160334724,0.07266851916,0.1087247703,0.1364018943,0.153628712,0.000786804803,0.00076695703,0.0006708392434,0.000538484179,0.009810118045,0.001742001386,0.004901553741,0.01141806934,0.02055136479,0.03178509347,0.0005508683275,0.0005369233822,0.0004695915019,0.0003769105033,0.009006480555,0.001699227088,0.004743416504,0.01096859082,0.01959048552,0.03008610586,0.01454624728,0.009857917464,0.005994635576,0.003440260172,0.02038078618,0.002500926087,0.004501310532,0.006924863843,0.008388637181,0.009067958344,0.02144029137,0.01453141471,0.008837481329,0.005072203917,0.02236738775,0.00256951178,0.004664855279,0.007234225886,0.008837344271,0.009626581783,0.0003738737604,0.0002547333089,0.0001557363118,8.981853374e-05,0.002248045632,0.0001101779768,0.0003163628405,0.0007509669381,0.001295192671,0.001909604533,0.0002536560757,0.0001728076711,0.0001056389712,6.092009104e-05,0.002048381235,0.000107237094,0.0003052715037,0.0007188528364,0.001229430592,0.001798791591,9.654835875e-07,1.45806087e-06,1.666562891e-06,1.472379638e-06,0.00240669761,5.365341033e-05,0.0004529055845,0.002433105094,0.007349325744,0.01613421989,2.688818681e-09,7.320723217e-09,1.370091071e-08,1.751912355e-08,0.0009962173728,6.964321634e-06,0.0001246259902,0.001210120232,0.005506702524,0.01654599344,1.172962496e-08,4.30826695e-08,1.133528162e-07,2.058945514e-07,0.002789947397,0.0001063097528,0.001259299609,0.008723653836,0.03287501301,0.08618082391,3.949031843e-09,1.85070093e-08,6.212881657e-08,1.413162815e-07,0.002878166901,0.0001376156584,0.001619906369,0.0111563119,0.04222044406,0.1113635574,7.738953468e-10,4.934057611e-09,2.253395523e-08,6.809733597e-08,0.002677026877,0.000146342701,0.00170899102,0.01168325448,0.04398795355,0.1156400794,1.731228576e-11,1.899321697e-10,1.432338367e-09,6.629830004e-09,0.001883528069,7.127354645e-05,0.001021501445,0.008070989532,0.03273376539,0.08972226206,9.581135107e-15,3.179032446e-13,6.200854686e-12,6.00596812e-11,0.001304280763,1.677675182e-05,0.0004721503771,0.005868144336,0.03012904319,0.09283166425,2.709130763e-13,8.853408147e-12,1.700864048e-10,1.624467737e-09,0.004086841058,0.0001977256159,0.003507115426,0.02839262519,0.1049103035,0.2386721357,3.68364697e-12,1.185546897e-10,2.243045442e-09,2.112275353e-08,0.009863622496,0.001246098867,0.01492951435,0.08396112001,0.2315476329,0.4014238735,1.23181864e-13,8.519386544e-12,3.079066554e-10,4.747002022e-09,0.01183968525,0.001472162942,0.020533363,0.1165434386,0.2917355686,0.4233625667
14,0.03347120236,0.03249543417,0.02830849442,0.02263878453,0.0927748101,0.0407614171,0.07052771523,0.1045990885,0.1300498907,0.1452309619,0.04786210673,0.04647241045,0.04048946004,0.03238371356,0.1011630066,0.04194832535,0.07324720368,0.1095574054,0.137431049,0.154724655,0.0007832345101,0.0007652945546,0.0006709788473,0.0005397798278,0.009868732296,0.001764063796,0.004961758384,0.01155426391,0.02079518733,0.03215092084,0.0005477360395,0.0005351256494,0.0004691196408,0.0003773489163,0.009050440427,0.001714150436,0.004777540503,0.01103134442,0.01967831767,0.03017818433,0.01448413721,0.009831488586,0.005988103884,0.003441573113,0.02044311971,0.002513775096,0.004518371579,0.006942457457,0.008400707375,0.009067274001,0.02137557852,0.01451113907,0.008839516861,0.005080995349,0.02246237828,0.002593532276,0.004708287701,0.00730132728,0.008920848349,0.009714121852,0.0003721755337,0.0002541907457,0.0001557812011,9.004537881e-05,0.002261960112,0.0001116716641,0.0003206239508,0.0007610204118,0.001312819503,0.001935019089,0.0002521869287,0.0001722175911,0.0001055299775,6.099154464e-05,0.002058620899,0.0001082374994,0.000307691084,0.0007236152593,0.001236273956,0.001806169261,9.545628801e-07,1.448975148e-06,1.66468714e-06,1.477696187e-06,0.002428272264,5.484964868e-05,0.0004617026005,0.002473893025,0.00745865866,0.01633768813,2.647955515e-09,7.259269919e-09,1.367975072e-08,1.760357718e-08,0.001007032935,7.170296046e-06,0.000127785368,0.001236069303,0.005609515271,0.01680481955,1.160864983e-08,4.289324583e-08,1.135291385e-07,2.073525932e-07,0.002820867354,0.0001092685769,0.001289007568,0.008895232678,0.03342614334,0.08738115794,3.934462932e-09,1.854823246e-08,6.263698323e-08,1.432529626e-07,0.002917863489,0.0001421201627,0.001664444238,0.0114090433,0.04302307636,0.1131067541,7.775650407e-10,4.986644101e-09,2.290821502e-08,6.960452659e-08,0.002723139894,0.0001520436097,0.001764440591,0.01199212755,0.04494930079,0.1177026937,1.754863419e-11,1.93694872e-10,1.469589038e-09,6.840392081e-09,0.00192279909,7.463506685e-05,0.001060801371,0.008316889566,0.03352738878,0.09141968928,9.866513718e-15,3.294290168e-13,6.466042778e-12,6.299135221e-11,0.001337776492,1.785935756e-05,0.0004964042026,0.006098723868,0.03103033975,0.09485599034,2.806036586e-13,9.206568114e-12,1.775745854e-10,1.70221186e-09,0.004184213321,0.0002091297414,0.003663757379,0.02932175729,0.1073370777,0.2421958863,3.84348431e-12,1.239045316e-10,2.348160972e-09,2.214655497e-08,0.01008571524,0.001311366604,0.01551921526,0.0862852824,0.2357022846,0.405192681,1.292039456e-13,8.948170206e-12,3.238485054e-10,4.999116177e-09,0.01211120876,0.001555516556,0.02137041197,0.1196034442,0.2958239772,0.4246763309
15,0.03332497304,0.03240569888,0.02827589597,0.02264641049,0.09305464283,0.04095017183,0.0707385767,0.1047526845,0.1300617891,0.1450148675,0.04771128007,0.04640241819,0.04049520076,0.0324376429,0.101586649,0.04231576968,0.0738619944,0.1104397316,0.1385190958,0.1558798259,0.0007794432171,0.000763515483,0.0006711113941,0.0005411462344,0.009931149584,0.001787662153,0.005025994403,0.01169922515,0.0210541706,0.03253853089,0.0005444189331,0.0005332104188,0.0004686055534,0.0003778024131,0.009097057401,0.001729971424,0.00481345912,0.01109677851,0.01976870468,0.03027056719,0.01441830007,0.00980335508,0.005981068885,0.003442897072,0.02050908377,0.00252732503,0.004536184946,0.006960506965,0.008412580748,0.009065380377,0.02130673496,0.01448943774,0.008841573475,0.005090296297,0.02256350104,0.002619175866,0.004754569234,0.007372706611,0.009009553754,0.009806905854,0.0003703723746,0.0002536105258,0.0001558257983,9.028520933e-05,0.002276792393,0.0001132721758,0.0003251811074,0.0007717530881,0.00133161181,0.001962058356,0.0002506315512,0.0001715894074,0.0001054116483,6.106573463e-05,0.002069489386,0.0001092998789,0.0003102450657,0.0007286052503,0.001243379215,0.001813702057,9.43056595e-07,1.439309493e-06,1.66259288e-06,1.483258827e-06,0.002451270216,5.61377041e-05,0.0004711099414,0.002517180519,0.007573772055,0.01654963224,2.605073258e-09,7.194022025e-09,1.365609608e-08,1.769192374e-08,0.001018580041,7.393587806e-06,0.0001311811584,0.001263697254,0.005717898622,0.01707415279,1.14807156e-08,4.268931215e-08,1.137052679e-07,2.088885871e-07,0.002853869076,0.0001124690455,0.00132086492,0.009077445859,0.03400525494,0.08862577829,3.918765339e-09,1.859038408e-08,6.317404668e-08,1.453195758e-07,0.00296036593,0.0001470191222,0.001712436923,0.01167861256,0.04386983325,0.1149215676,7.814239143e-10,5.042592738e-09,2.330946579e-08,7.12306246e-08,0.002772699859,0.0001582852692,0.001824539593,0.01232325459,0.04596810824,0.1198596388,1.780121957e-11,1.977430722e-10,1.50992639e-09,7.069748946e-09,0.001965135305,7.834262975e-05,0.001103611694,0.008581175823,0.03436811821,0.09318721361,1.017598916e-14,3.420096914e-13,6.757386922e-12,6.623148837e-11,0.001373989839,1.907067498e-05,0.0005230708833,0.006347481444,0.03198261261,0.0969376878,2.911532066e-13,9.592517299e-12,1.857899432e-10,1.787815136e-09,0.004289034493,0.0002217635505,0.003834054537,0.03031021297,0.1098480416,0.2456788858,4.018625887e-12,1.297724195e-10,2.463575198e-09,2.327178781e-08,0.01032388832,0.001383045052,0.01615377458,0.08872392577,0.2398976776,0.4086753464,1.358249594e-13,9.419842945e-12,3.413948306e-10,5.276759556e-09,0.01240192112,0.001647115862,0.02226660397,0.1227656753,0.2997541372,0.4253331653
16,0.03317068009,0.03231054037,0.02824083051,0.02265384554,0.09334870226,0.04114734854,0.07095524495,0.1049033956,0.1300573658,0.1447656955,0.0475515583,0.04632775351,0.04050056916,0.03249417945,0.1020347974,0.04270525178,0.07451185604,0.1113698106,0.139663133,0.1570904559,0.0007754370888,0.0007616202143,0.0006712337002,0.0005425792618,0.009997297336,0.001812786934,0.005094201656,0.01185274239,0.02132782241,0.03294698426,0.000540923926,0.0005311796669,0.0004680476732,0.0003782679544,0.009146239873,0.001746655802,0.004851044459,0.01116454196,0.01986093496,0.03036208065,0.01434886162,0.009773549375,0.005973523449,0.003444216518,0.02057852517,0.00254153424,0.004554662407,0.006978863453,0.008424063883,0.009062071398,0.02123384979,0.01446631415,0.008843627479,0.005100084211,0.02267063485,0.002646424228,0.004803648991,0.007448259635,0.009103304725,0.009904728417,0.0003684672448,0.0002529928429,0.0001558694422,9.053741077e-05,0.002292528156,0.0001149794517,0.0003300322182,0.0007831557879,0.001351547667,0.001990678739,0.0002489932612,0.0001709238454,0.0001052836939,6.114221507e-05,0.002080967237,0.0001104222861,0.0003129257238,0.0007338005889,0.00125070227,0.001821319283,9.309989145e-07,1.42907695e-06,1.660264751e-06,1.489041632e-06,0.002475667707,5.751850202e-05,0.0004811199114,0.002562861442,0.007694188746,0.0167687088,2.560327053e-09,7.125092519e-09,1.362977069e-08,1.77837405e-08,0.001030849897,7.634657711e-06,0.0001348135082,0.001292946726,0.005831390898,0.0173521107,1.134613102e-08,4.247073185e-08,1.138788114e-07,2.104972186e-07,0.002888925194,0.0001159161845,0.00135485814,0.009269828449,0.03460955286,0.08990525828,3.901925108e-09,1.863308136e-08,6.373847399e-08,1.475139938e-07,0.003005664202,0.0001523260276,0.001763910979,0.01196455142,0.04475721879,0.1167954741,7.854574951e-10,5.101816319e-09,2.373767499e-08,7.297758276e-08,0.002825731843,0.0001650944374,0.001889394879,0.01267638435,0.04704099084,0.1220976367,1.806986398e-11,2.020792223e-10,1.553429036e-09,7.318644337e-09,0.002010582923,8.241842188e-05,0.001150050265,0.008863727508,0.03525282975,0.09501179218,1.051021824e-14,3.556899531e-13,7.076362297e-12,6.980125852e-11,0.001412977764,2.042216177e-05,0.0005522696704,0.006614332394,0.03298088903,0.09905370287,3.02591431e-13,1.001266322e-11,1.947696079e-10,1.881736465e-09,0.004401364142,0.0002357088113,0.0040182567,0.03135438454,0.1124188173,0.2490545844,4.209806658e-12,1.361838869e-10,2.589809967e-09,2.450373057e-08,0.01057806711,0.001461418995,0.01683247191,0.09126058978,0.2440720393,0.4117573391,1.430765163e-13,9.93666543e-12,3.606302708e-10,5.581282271e-09,0.01271160081,0.001747294376,0.02321933125,0.1259964603,0.3034257391,0.425195699
17,0.03300859503,0.03221004825,0.02820324687,0.02266096989,0.09365623332,0.04135221629,0.0711762978,0.1050490108,0.1300338118,0.1444804939,0.04738313187,0.04624841247,0.0405054344,0.032553152,0.1025068186,0.04311632891,0.07519571125,0.1123456194,0.1408601262,0.1583526034,0.0007712223619,0.0007596091178,0.0006713424699,0.0005440746344,0.0100671015,0.0018394281,0.005166316003,0.01201459055,0.02161561604,0.03337527648,0.0005372579991,0.0005290353772,0.0004674443737,0.0003787423998,0.009197893561,0.001764167557,0.004890162487,0.01123426849,0.0199542697,0.03045151344,0.01427594854,0.009742103859,0.005965459947,0.003445515372,0.02065128687,0.002556359542,0.004573712676,0.006997373424,0.008434958308,0.009057137197,0.02115701282,0.01444177104,0.008845654233,0.005110335816,0.02278365673,0.002675258625,0.004855474129,0.007527877389,0.009201937701,0.01000737357,0.0003664631399,0.0002523378807,0.0001559114468,9.080134776e-05,0.002309152867,0.000116793435,0.0003351750351,0.0007952186071,0.001372603319,0.002020833093,0.0002472754057,0.0001702216324,0.0001051458114,6.122052459e-05,0.002093034444,0.0001116026724,0.0003157249459,0.0007391780259,0.001258197147,0.00182894767,9.18424324e-07,1.418290846e-06,1.657686937e-06,1.49501758e-06,0.002501440066,5.899292836e-05,0.0004917232616,0.002610817476,0.007819386759,0.01699347,2.513872709e-09,7.052597403e-09,1.360059414e-08,1.787858458e-08,0.001043833269,7.893974424e-06,0.0001386819654,0.001323750636,0.005949475356,0.01763663614,1.120521095e-08,4.223737301e-08,1.140472956e-07,2.121728864e-07,0.002926006866,0.0001196149955,0.001390967302,0.009471849727,0.03523594997,0.09120938709,3.883928204e-09,1.86759272e-08,6.432864179e-08,1.498338706e-07,0.003053747311,0.0001580547963,0.001818885668,0.01226629866,0.04568130525,0.1187147726,7.896506161e-10,5.164221277e-09,2.419278897e-08,7.484739305e-08,0.002882261547,0.0001724993618,0.001959108993,0.01305116138,0.04816404198,0.1244019646,1.835436897e-11,2.067056921e-10,1.600178358e-09,7.587863202e-09,0.002059189654,8.68861372e-05,0.001200233123,0.009164324198,0.03617786696,0.09687892285,1.086986839e-14,3.705164109e-13,7.424534141e-12,7.372341538e-11,0.001454798301,2.192623867e-05,0.0005841186743,0.006899038469,0.03401922831,0.1011783321,3.149484459e-13,1.046845145e-11,2.045521338e-10,1.984456649e-09,0.004521254095,0.0002510502773,0.004216536297,0.03244977073,0.1150219954,0.2522517234,4.417784456e-12,1.431651594e-10,2.727399501e-09,2.584777343e-08,0.01084813907,0.00154676066,0.01755411244,0.09387614374,0.2481581229,0.4143196848,1.509909483e-13,1.050093176e-11,3.816400646e-10,5.91403479e-09,0.01303996124,0.001856349413,0.02422500983,0.1292575802,0.3067325852,0.4241278062
18,0.03283899139,0.03210431239,0.02816309195,0.02266766037,0.09397646172,0.0415640191,0.07140027197,0.1051872702,0.1299882784,0.1441563019,0.04720619332,0.04616438968,0.04050966145,0.03261438412,0.1030020656,0.04354854069,0.07591243548,0.113365044,0.1421069017,0.1596621489,0.0007668053522,0.0007574825495,0.000671434305,0.0005456279365,0.01014048611,0.001867574768,0.00524226836,0.01218452797,0.02191698622,0.03382233229,0.0005334281921,0.0005267795495,0.0004667939794,0.0003792225143,0.009251921294,0.00178246876,0.004930672878,0.01130557701,0.0200479447,0.03053762196,0.01419968838,0.009709050981,0.005956870336,0.003446777046,0.0207272078,0.002571756187,0.004593241532,0.007015879264,0.008445061393,0.009050365466,0.02107631477,0.01441581072,0.008847628195,0.005121027085,0.02290244134,0.002705659646,0.004909989383,0.007611445464,0.009305280406,0.01011461387,0.0003643630923,0.0002516458169,0.0001559511026,9.107636339e-05,0.002326651676,0.0001187140501,0.0003406070848,0.0008079307411,0.001394752854,0.002052470244,0.0002454813578,0.0001694835007,0.0001049976871,6.130018716e-05,0.002105670397,0.0001128388759,0.000318634214,0.0007447132821,0.001265816071,0.001836511612,9.053675278e-07,1.406964839e-06,1.654843269e-06,1.501158561e-06,0.002528561463,6.056179141e-05,0.0005029088776,0.002660916787,0.007948796486,0.01722236161,2.465866141e-09,6.976655963e-09,1.356838305e-08,1.797599286e-08,0.001057520337,8.172006097e-06,0.0001427853162,0.001356030876,0.00607157596,0.01792549263,1.105827618e-08,4.198911269e-08,1.142081752e-07,2.139096898e-07,0.002965083342,0.0001235703324,0.001429164635,0.009682905566,0.03588104913,0.09252716068,3.864760828e-09,1.87185111e-08,6.494283008e-08,1.522765978e-07,0.003104602609,0.0001642195832,0.001877370475,0.01258318627,0.04663769795,0.1206645505,7.939873978e-10,5.229706748e-09,2.467472349e-08,7.684204419e-08,0.002942314379,0.0001805295727,0.002033776741,0.01344710546,0.04933277808,0.1267563837,1.865451037e-11,2.116246621e-10,1.650257363e-09,7.878225745e-09,0.002111003779,9.177086507e-05,0.001254271442,0.009482624681,0.03713898428,0.09877258806,1.125560566e-14,3.86537106e-13,7.803548069e-12,7.802222672e-11,0.001499509468,2.359625992e-05,0.0006187316813,0.007201174388,0.03509062806,0.1032832128,3.282542257e-13,1.096134435e-11,2.151770326e-10,2.096473524e-09,0.004648744698,0.000267874419,0.004428964138,0.0335908645,0.1176270697,0.2551949175,4.643329563e-12,1.507427581e-10,2.876881694e-09,2.730932499e-08,0.01113394458,0.001639319624,0.01831693711,0.09654860493,0.2520835236,0.4162406512,1.596007648e-13,1.111492511e-11,4.045081854e-10,6.276335276e-09,0.01338663796,0.001974524243,0.02527893003,0.1325061872,0.3095639377,0.4219980207
19,0.03266214471,0.03199342331,0.02812031126,0.02267379074,0.09430859386,0.04178197638,0.07162566677,0.1053158745,0.1299178935,0.143790174,0.04702093777,0.04607567899,0.04051311148,0.03267769418,0.1035198755,0.04400140582,0.07666085188,0.1144258732,0.1434001395,0.1610147907,0.0007621924613,0.0007552408673,0.0006715057152,0.0005472346111,0.01021737286,0.001897214876,0.005321983756,0.01236229429,0.02223132538,0.03428700034,0.0005294415986,0.0005244142093,0.0004660947785,0.0003797049751,0.009308222815,0.001801519421,0.004972428896,0.01137807209,0.02014117261,0.03061913583,0.01412020955,0.009674423348,0.005947746249,0.003447984487,0.02080612278,0.002587677844,0.004613151968,0.007034219735,0.008454167288,0.009041542854,0.02099184755,0.01438843515,0.008849522974,0.00513213321,0.02302686045,0.002737606954,0.004967136601,0.0076988433,0.009413150961,0.01022620952,0.0003621701741,0.0002509168283,0.0001559876783,9.13617785e-05,0.002345009304,0.0001207411801,0.0003463255978,0.0008212803094,0.001417967876,0.002085534511,0.0002436145145,0.0001687101897,0.0001048389988,6.138071287e-05,0.002118853832,0.0001141286101,0.0003216445894,0.0007503810554,0.001273509549,0.001843933436,8.918633642e-07,1.395112975e-06,1.651717324e-06,1.507435387e-06,0.002557004673,6.222578171e-05,0.0005146634647,0.00271301275,0.008081798306,0.01745372246,2.416462813e-09,6.897391006e-09,1.353295242e-08,1.807548204e-08,0.001071900545,8.46921122e-06,0.0001471214164,0.001389697043,0.006197053767,0.01821626292,1.090565318e-08,4.172584116e-08,1.143588419e-07,2.157014186e-07,0.003006121529,0.0001277867695,0.001469413048,0.009902311195,0.03654112912,0.09384678731,3.844409733e-09,1.876041025e-08,6.557921667e-08,1.548392604e-07,0.003158215099,0.0001708345699,0.001939362491,0.01291442577,0.04762150463,0.1226286697,7.984512331e-10,5.298163652e-09,2.51833541e-08,7.896347637e-08,0.003005914511,0.0001892156369,0.002113481473,0.01386359072,0.05054208726,0.1291430922,1.897003285e-11,2.168380107e-10,1.703749432e-09,8.190580611e-09,0.002166073173,9.709894359e-05,0.001312268126,0.00981814515,0.03813129527,0.1006752273,1.166808142e-14,4.03800947e-13,8.215118131e-12,8.272337665e-11,0.001547168091,2.5446459e-05,0.0006562144604,0.007520093203,0.03618694511,0.1053373977,3.425380005e-13,1.149279676e-11,2.266842219e-10,2.218296045e-09,0.004783860907,0.0002862678639,0.004655483229,0.03477104951,0.120200458,0.2578054777,4.887212639e-12,1.58943041e-10,3.038787967e-09,2.889370326e-08,0.01143526753,0.001739311289,0.01911853187,0.09925301186,0.25577122,0.4173978156,1.689380163e-13,1.178086579e-11,4.293151625e-10,6.669431451e-09,0.01375117584,0.002101987976,0.02637511396,0.1356948721,0.3118062896,0.4186833606
20,0.03247833249,0.03187747254,0.02807484937,0.02267923216,0.09465181694,0.04200528343,0.07185094803,0.1054324952,0.1298197799,0.1433792056,0.04682756346,0.04598227405,0.04051564223,0.03274289537,0.1040595675,0.04447441888,0.07743972662,0.1155257926,0.1447363687,0.1624060425,0.000757390182,0.0007528844463,0.0006715531291,0.0005488899595,0.01029768071,0.001928334848,0.005405380396,0.01254760842,0.02255798002,0.03476804835,0.0005253053616,0.0005219414168,0.0004653450347,0.0003801863788,0.009366694601,0.001821277352,0.005015277337,0.01145134462,0.02023314545,0.03069476403,0.01403764124,0.009638253821,0.005938079081,0.003449120222,0.02088786248,0.00260407659,0.004633344358,0.007052230522,0.008462067908,0.009030456402,0.02090370444,0.01435964617,0.008851311382,0.005143628585,0.02315678234,0.002771079035,0.00502685429,0.007789943506,0.009525357047,0.01034190768,0.0003598874997,0.0002501510949,0.0001560204232,9.165689119e-05,0.002364209944,0.0001228746434,0.000352327438,0.000835254182,0.001442217181,0.002119965262,0.000241678293,0.0001679024481,0.000104669418,6.146159888e-05,0.002132562782,0.0001154694537,0.000324746701,0.0007561550391,0.001281226485,0.001851133704,8.779467202e-07,1.382749723e-06,1.648292538e-06,1.513817817e-06,0.002586740841,6.398543012e-05,0.0005269712327,0.002766942788,0.008217720781,0.01768578584,2.365817201e-09,6.814929055e-09,1.3494117e-08,1.817654879e-08,0.001086962452,8.786028644e-06,0.0001516870166,0.001424645239,0.006325204077,0.01850635118,1.074767381e-08,4.144746596e-08,1.144966342e-07,2.175415446e-07,0.003049085554,0.0001322684596,0.001511664622,0.01012929451,0.03721213492,0.09515571005,3.822862525e-09,1.880119071e-08,6.623587215e-08,1.575185934e-07,0.003214566734,0.00017791373,0.002004843683,0.01325909509,0.04862731067,0.1245897772,8.030247787e-10,5.369473799e-09,2.571850613e-08,8.121353293e-08,0.003073083883,0.0001985888681,0.00219829105,0.01429982464,0.05178618388,0.1315427054,1.930064461e-11,2.223471962e-10,1.760736954e-09,8.525797115e-09,0.00222444427,0.0001028977719,0.001374314036,0.01017023706,0.0391492278,0.1025677441,1.210791795e-14,4.223570645e-13,8.661012263e-12,8.785383098e-11,0.001597828544,2.749186423e-05,0.000696660538,0.007854891256,0.0372988366,0.1073075288,3.57827585e-13,1.206422847e-11,2.391133844e-10,2.350437208e-09,0.004926608216,0.0003063155134,0.004895881014,0.03598251039,0.1227056254,0.2600024906,5.150190859e-12,1.677916734e-10,3.213631565e-09,3.060600952e-08,0.01175182586,0.00184690396,0.01995573886,0.1019613676,0.2591403649,0.4176705033,1.790335569e-13,1.250085134e-11,4.561355717e-10,7.094456705e-09,0.01413301621,0.002238813308,0.02750618715,0.1387719105,0.3133455635,0.4140734665
21,0.03228783414,0.03175655306,0.02802665048,0.02268385358,0.09500529913,0.04223311219,0.07207455253,0.1055347851,0.129691073,0.1429205569,0.04662627215,0.04588416898,0.04051710849,0.03280979584,0.1046204414,0.04496704723,0.0782477644,0.1166623806,0.1461119629,0.1638312324,0.000752405103,0.0007504136939,0.0006715729058,0.0005505891424,0.01038132548,0.001960919261,0.005492368753,0.01274016654,0.02289624747,0.03526415898,0.000521026667,0.0005193632753,0.0004645429995,0.0003806632492,0.009427229701,0.001841698049,0.005059058534,0.01152497259,0.02032303751,0.03076320166,0.0139521134,0.009600575607,0.005927860086,0.003450166408,0.02097225333,0.002620902915,0.004653716654,0.007069744812,0.008468553977,0.009016895013,0.02081198028,0.01432944566,0.008852965502,0.005155486791,0.02329207137,0.002806052944,0.005089077176,0.007884611216,0.009641695133,0.01046144174,0.0003575182276,0.0002493488045,0.0001560485687,9.196097641e-05,0.002384237155,0.0001251141708,0.0003586090321,0.0008498378082,0.001467466451,0.002155696481,0.0002396761282,0.0001670610369,0.0001044886125,6.154233043e-05,0.002146774533,0.000116858841,0.0003279307362,0.0007620079508,0.001288914312,0.001858031554,8.636524465e-07,1.369890024e-06,1.644552307e-06,1.520274585e-06,0.002617739251,6.5841064e-05,0.0005398135848,0.002822527318,0.008355839527,0.01791668289,2.314082263e-09,6.729400509e-09,1.345169272e-08,1.827867019e-08,0.001102693586,9.122866767e-06,0.0001564775855,0.001460756967,0.006455254546,0.0187929894,1.058467488e-08,4.115391594e-08,1.146188481e-07,2.194232164e-07,0.003093936338,0.0001370189817,0.001555859115,0.01036299013,0.03788967335,0.09644064812,3.800107978e-09,1.884040876e-08,6.691075577e-08,1.603109384e-07,0.003273635703,0.0001854705692,0.002073778066,0.01361612609,0.04964916164,0.1265293431,8.076899517e-10,5.443509021e-09,2.627994454e-08,8.359390907e-08,0.003143841184,0.0002086809873,0.002288253528,0.01475482727,0.05305857084,0.1339342694,1.964601192e-11,2.281531332e-10,1.821299841e-09,8.884756393e-09,0.00228616097,0.0001091955756,0.001440483851,0.01053806507,0.04018648859,0.1044295529,1.257569273e-14,4.422540779e-13,9.143034791e-12,9.344166064e-11,0.001651541403,2.974817792e-05,0.0007401464368,0.008204373697,0.03841572731,0.1091581208,3.741486409e-13,1.267699313e-11,2.525032284e-10,2.493405686e-09,0.005076968453,0.00032809831,0.005149760519,0.0372161625,0.1251033247,0.2617041584,5.432992175e-12,1.77313027e-10,3.401894223e-09,3.245098441e-08,0.01208326204,0.001962204568,0.02082457279,0.104642669,0.2621073399,0.4169425667,1.89916203e-13,1.327678831e-11,4.850351841e-10,7.552380361e-09,0.01453148432,0.00238495243,0.02866327231,0.1416817123,0.3140697251,0.4080749172
22,0.03209093089,0.03163075958,0.02797565894,0.02268752216,0.09536818996,0.04246461223,0.07229489274,0.1056203899,0.1295289397,0.1424114786,0.04641726962,0.04578135894,0.04051736248,0.03287819874,0.1052017758,0.04547872805,0.07908360438,0.1178331033,0.1475231373,0.1652855033,0.0007472439126,0.0007478290641,0.000671561347,0.0005523271813,0.01046821947,0.001994950508,0.005582850676,0.01293964029,0.02324537287,0.03577392633,0.0005166127383,0.0005166819396,0.0004636869247,0.0003811320464,0.009489717601,0.001862734588,0.005103606417,0.0115985221,0.0204100086,0.03082313721,0.01386375666,0.009561422346,0.005917080465,0.003451104883,0.02105911752,0.00263810574,0.004674164613,0.007086593921,0.008473416107,0.009000650959,0.02071677166,0.01429783567,0.008854456748,0.005167680588,0.0234325874,0.002842504064,0.005153735779,0.007982703487,0.009761949768,0.01058453077,0.000355065562,0.0002485101571,0.0001560713308,9.227328574e-05,0.002405073769,0.0001274593815,0.0003651662987,0.0008650150507,0.001493677957,0.002192656381,0.0002376114691,0.0001661867309,0.0001042962486,6.162238195e-05,0.002161465581,0.0001182940528,0.0003311864373,0.0007679115741,0.001296519154,0.001864545078,8.490152725e-07,1.356549322e-06,1.640480106e-06,1.526773439e-06,0.002649967103,6.779276189e-05,0.0005531688152,0.002879568862,0.008495376874,0.01814444833,2.261408933e-09,6.640939759e-09,1.340549813e-08,1.838130438e-08,0.001119080299,9.480091873e-06,0.000161487132,0.001497898143,0.006586364426,0.01907324834,1.041699773e-08,4.084514497e-08,1.147227489e-07,2.213392568e-07,0.003140631174,0.0001420411803,0.001601922476,0.01060243439,0.03856901484,0.09768765897,3.776136325e-09,1.887761239e-08,6.760171205e-08,1.632122015e-07,0.003335395716,0.00019351784,0.002146108811,0.01398429323,0.05068055451,0.1284277306,8.124279327e-10,5.520130362e-09,2.686736353e-08,8.610609747e-08,0.003218200796,0.0002195237307,0.002383392576,0.01522741117,0.05435201166,0.1362953121,2.000575381e-11,2.342560642e-10,1.885513919e-09,9.268341389e-09,0.002351263494,0.0001160211183,0.001510831579,0.01092058565,0.04123603941,0.1062386713,1.307192142e-14,4.635392705e-13,9.663005684e-12,9.951581671e-11,0.001708352012,3.223161316e-05,0.0007867263964,0.008567021801,0.03952580938,0.1108519666,3.915238727e-13,1.333234371e-11,2.668906457e-10,2.647696099e-09,0.005234895457,0.0003516906376,0.00541651111,0.03846160726,0.127351968,0.2628293919,5.736297638e-12,1.875295039e-10,3.604011179e-09,3.443284591e-08,0.01242913369,0.002085243208,0.02172014645,0.107263036,0.2645870824,0.4151054473,2.016117847e-13,1.411031567e-11,5.16067781e-10,8.043952249e-09,0.01494577712,0.002540211583,0.02983591453,0.1443654965,0.3138717638,0.4006155465
23,0.03188790571,0.03150018897,0.02792181972,0.02269010375,0.09573962076,0.04269891197,0.0725103621,0.1056869593,0.1293305974,0.1418493368,0.04620076596,0.04567384078,0.04051625436,0.03294790242,0.1058028265,0.04600886545,0.07994581653,0.1190353119,0.1489659477,0.1667638162,0.0007419134008,0.0007451310724,0.0006715147095,0.0005540989615,0.0105582711,0.002030408467,0.005676718534,0.01314567509,0.02360454663,0.03629585329,0.0005120708299,0.0005138996238,0.0004627750752,0.0003815891756,0.009554044108,0.001884337541,0.005148748669,0.0116715486,0.02049320777,0.03087326037,0.01377270228,0.009520828201,0.005905731461,0.00345191722,0.02114827304,0.002655632448,0.004694582052,0.007102607966,0.008476445941,0.008981521406,0.0206181771,0.01426481861,0.008855755945,0.00518018191,0.02357818542,0.002880405861,0.005220756009,0.008084068734,0.009885892959,0.0107108791,0.0003525327537,0.000247635369,0.0001560879122,9.259304739e-05,0.002426701789,0.0001299097595,0.0003719945797,0.000880768025,0.001520810281,0.00223076705,0.0002354877755,0.0001652803214,0.0001040919939,6.170121828e-05,0.002176611605,0.000119772209,0.0003345031015,0.0007738368137,0.001303986012,0.001870591744,8.340697214e-07,1.342743601e-06,1.636059599e-06,1.533281196e-06,0.002683389299,6.98403068e-05,0.0005670118194,0.002937851348,0.00863550242,0.0183670286,2.207945629e-09,6.549685259e-09,1.335535588e-08,1.848389135e-08,0.001136107623,9.858015663e-06,0.0001667080286,0.001535918285,0.006717625099,0.01934405368,1.024498766e-08,4.05211357e-08,1.148055831e-07,2.232821636e-07,0.00318912332,0.0001473369954,0.001649765409,0.01084656156,0.03924510211,0.09888222257,3.750939553e-09,1.891234293e-08,6.830646858e-08,1.662178127e-07,0.00339981529,0.0002020672292,0.002221755324,0.01436220374,0.05171443905,0.1302642984,8.172191776e-10,5.599187309e-09,2.748037615e-08,8.875133102e-08,0.003296171704,0.0002311483992,0.00248370266,0.0157161626,0.05565851445,0.1386019366,2.037943678e-11,2.406554272e-10,1.953449197e-09,9.6774256e-09,0.002419787174,0.0001234033558,0.001585385747,0.01131652683,0.04229008765,0.1079718624,1.359703972e-14,4.862576675e-13,1.022273626e-11,1.06105851e-10,0.001768298969,3.495868196e-05,0.0008364266239,0.008940963506,0.04061608076,0.1123506688,4.099721592e-13,1.403139445e-11,2.823097645e-10,2.813777836e-09,0.005400310702,0.0003771573504,0.005695279729,0.03970711967,0.1294081369,0.2632996376,6.060721777e-12,1.984607872e-10,3.820354542e-09,3.655510961e-08,0.01278890449,0.002215956724,0.02263660972,0.1097859561,0.2664946764,0.4120614408,2.141420929e-13,1.500272034e-11,5.492716516e-10,8.569642041e-09,0.01537495192,0.002704224948,0.03101204771,0.1467622034,0.3126529706,0.3916485537
24,0.03167904317,0.03136494053,0.027865079,0.02269146333,0.09611870537,0.04293512018,0.07271934059,0.1057321598,0.1290933332,0.1412316372,0.04597697599,0.04556161357,0.04051363273,0.0330187006,0.1064228254,0.04655682783,0.08083289841,0.1202662405,0.1504362904,0.1682609548,0.0007364204605,0.0007423203092,0.0006714292186,0.0005558992362,0.01065138455,0.002067270173,0.00577385441,0.0133578886,0.02397290232,0.03682834984,0.0005074082203,0.0005110186082,0.0004618057418,0.0003820309977,0.009620091273,0.001906454916,0.005194306942,0.01174359826,0.02057177732,0.03091227045,0.01367908205,0.009478827936,0.005893804454,0.003452584792,0.02123953371,0.002673428939,0.004714861135,0.007117616579,0.008477437323,0.008959309962,0.02051629712,0.01423039742,0.008856833403,0.005192961877,0.02372871505,0.002919729653,0.005290058782,0.008188546235,0.01001328364,0.01084017595,0.0003499231005,0.0002467246771,0.0001560975052,9.291946632e-05,0.002449102302,0.0001324646299,0.0003790885717,0.0008970769475,0.001548818063,0.002269944144,0.0002333085145,0.0001643426176,0.0001038755196,6.177829605e-05,0.002192187431,0.0001212902621,0.0003378695865,0.0007797537647,0.001311258976,0.001876088846,8.188500262e-07,1.328489405e-06,1.63127476e-06,1.539763804e-06,0.002717968238,7.198313849e-05,0.0005813138239,0.002997139634,0.008775334576,0.01858229269,2.153837781e-09,6.455779552e-09,1.330109427e-08,1.858585411e-08,0.001153759134,1.0256882e-05,0.0001721308407,0.001574649898,0.006848062091,0.01960220734,1.006899338e-08,4.018190289e-08,1.148645921e-07,2.252441144e-07,0.003239361602,0.0001529072854,0.001699282015,0.01109420137,0.03991256662,0.1000093488,3.724511691e-09,1.894413688e-08,6.902263494e-08,1.693226875e-07,0.003466857036,0.0002111290206,0.002300610341,0.01474828957,0.05274323079,0.1320175399,8.220434356e-10,5.680517106e-09,2.811850385e-08,9.153052275e-08,0.003377756383,0.0002435853481,0.002589144051,0.01621942449,0.05696933003,0.1408289603,2.076656973e-11,2.473497196e-10,2.025168009e-09,1.011286051e-08,0.002491761203,0.0001313710246,0.001664144317,0.01172436991,0.04334009369,0.1096048311,1.415138404e-14,5.104510175e-13,1.082400111e-11,1.132415764e-10,0.001831412538,3.794592915e-05,0.0008892391534,0.009323948829,0.04167242791,0.113615299,4.295076253e-13,1.477507933e-11,2.987908967e-10,2.992082406e-09,0.005573098888,0.0004045504372,0.0059849437,0.04093967427,0.1312272372,0.2630408989,6.406791106e-12,2.10123021e-10,4.051215126e-09,3.882039243e-08,0.01316193555,0.002354171714,0.02356710709,0.1121726535,0.2677471894,0.4077270578,2.275237297e-13,1.595484538e-11,5.846658155e-10,9.129574123e-09,0.01581791591,0.002876428787,0.03217801207,0.1488096488,0.3103264059,0.3811561744
25,0.03146462935,0.03122511632,0.02780538464,0.02269146557,0.09650454091,0.0431723277,0.07292020086,0.1057536869,0.1288145235,0.14055605,0.04574611948,0.04544467925,0.04050934514,0.03309038264,0.1070609791,0.04712194542,0.08174327254,0.1215230042,0.1519299043,0.1697715332,0.0007307720882,0.0007393974536,0.0006713010827,0.0005577226319,0.01074745949,0.002105509497,0.005874129339,0.01357586943,0.02434951509,0.03736973244,0.0005026322047,0.0005080412465,0.000460777254,0.0003824538399,0.009687737327,0.001929032114,0.005240097172,0.01181420962,0.02064485724,0.03093888524,0.01358302825,0.009435456996,0.005881291061,0.003453088825,0.02133270928,0.002691439688,0.004734892698,0.007131449673,0.008476187524,0.008933828227,0.02041123443,0.0141945757,0.008857659007,0.0052059908,0.02388402018,0.002960444381,0.005361559669,0.008295965689,0.01014386724,0.0109720953,0.0003472399474,0.0002457783429,0.0001560992941,9.325172463e-05,0.002472255392,0.0001351231346,0.0003864422605,0.0009139199924,0.001577651766,0.002310096637,0.0002310771566,0.0001633744491,0.0001036465033,6.185306517e-05,0.002208167015,0.0001228449923,0.0003412743213,0.0007856317969,0.001318281469,0.001880954,8.033900466e-07,1.313803865e-06,1.626109986e-06,1.54618642e-06,0.002753663624,7.422030529e-05,0.0005960421399,0.003057179282,0.008913943189,0.01878804561,2.099227388e-09,6.359369245e-09,1.324254871e-08,1.868660011e-08,0.001172016823,1.067685298e-05,0.0001777441639,0.001613908098,0.006976638708,0.01984441448,9.889366313e-09,3.982749673e-08,1.14897026e-07,2.272169754e-07,0.003291290044,0.0001587516437,0.001750348541,0.01134407825,0.04056575329,0.1010537082,3.696849079e-09,1.897252788e-08,6.974770284e-08,1.72521191e-07,0.003536476954,0.000220711733,0.002382537107,0.0151408017,0.05375883674,0.1336652604,8.268797783e-10,5.763944144e-09,2.878116612e-08,9.44442033e-08,0.003462949663,0.0002568634147,0.002699637728,0.01673528181,0.05827496605,0.1429501037,2.116659901e-11,2.543363597e-10,2.100723035e-09,1.057546166e-08,0.002567207326,0.0001399521639,0.001747069402,0.0121423339,0.04437679759,0.1111124754,1.473517115e-14,5.361566771e-13,1.146850612e-11,1.209526622e-10,0.001897712985,4.120960687e-05,0.000945115434,0.009713331946,0.04267975774,0.1146071799,4.501386641e-13,1.55641075e-11,3.163593854e-10,3.182989337e-09,0.005753103578,0.0004339053522,0.006284086367,0.04214501578,0.1327642959,0.2619858998,6.77492091e-12,2.22527927e-10,4.29678291e-09,4.123020194e-08,0.01354747734,0.002499587413,0.02450375862,0.1143825913,0.2682657174,0.4020363505,2.417668722e-13,1.696699226e-11,6.222460271e-10,9.723459218e-09,0.01627341707,0.003056036995,0.0333186324,0.1504459092,0.3068204236,0.3691526676
26,0.03124495162,0.03108082147,0.02774268677,0.02268997531,0.09689620888,0.04340960954,0.0731113147,0.105749278,0.1284916536,0.1398204336,0.04550842145,0.04532304315,0.04050323863,0.03316273381,0.1077164683,0.04770350804,0.08267528434,0.1228025999,0.1534423744,0.171290005,0.0007249753825,0.0007363632863,0.0006711265072,0.0005595636556,0.01084639073,0.002145096839,0.005977402621,0.01379917607,0.02473340068,0.03791822443,0.0004977500873,0.0005049699721,0.0004596879929,0.0003828540072,0.009756856671,0.001952011918,0.00528592998,0.01188291542,0.02071159004,0.03095185023,0.0134846735,0.009390751577,0.005868183227,0.003453410474,0.02142760557,0.002709607838,0.004754566593,0.007143938238,0.008472498486,0.008904897346,0.020303094,0.0141573579,0.008858202312,0.005219238205,0.02404393857,0.003002516393,0.005435168569,0.008406146849,0.01027737541,0.0111062959,0.0003444866858,0.0002447966565,0.0001560924581,9.35889822e-05,0.002496140057,0.0001378842088,0.0003940488577,0.0009312731619,0.001607257482,0.002351126635,0.0002287971717,0.0001623766669,0.0001034046313,6.19249704e-05,0.002224523426,0.0001244330035,0.0003447053226,0.0007914396537,0.001324996514,0.001885105666,7.877231873e-07,1.298704711e-06,1.620550225e-06,1.552513499e-06,0.002790432289,7.65504158e-05,0.0006111599495,0.00311769663,0.009050353331,0.01898204457,2.044252594e-09,6.260604939e-09,1.317956328e-08,1.878552283e-08,0.001190860966,1.111799444e-05,0.0001835344749,0.00165349052,0.007102261412,0.02006731593,9.706459883e-09,3.945800572e-08,1.149001589e-07,2.291923146e-07,0.003344847512,0.0001648682117,0.001802822276,0.01159481239,0.04119875399,0.1019997868,3.667950635e-09,1.899704887e-08,7.047904783e-08,1.758071061e-07,0.003608623753,0.0002308217356,0.002467366687,0.01553780715,0.05475269516,0.1351847907,8.317066363e-10,5.849279451e-09,2.946767045e-08,9.749245638e-08,0.003551737579,0.0002710092825,0.002815060254,0.01726155007,0.05956521936,0.1449382283,2.157890393e-11,2.616115472e-10,2.180155222e-09,1.106599343e-08,0.002646138498,0.0001491735661,0.001834081872,0.01256836344,0.04539026729,0.1124691952,1.534847699e-14,5.63406404e-13,1.215785245e-11,1.29268159e-10,0.001967208868,4.476528593e-05,0.001003959805,0.01010606186,0.04362218229,0.115288778,4.718669181e-13,1.639891597e-11,3.350343592e-10,3.38681069e-09,0.005940122943,0.0004652370614,0.006590977011,0.04330777943,0.1339748922,0.2600763186,7.165390525e-12,2.356818675e-10,4.557126391e-09,4.378471433e-08,0.0139446625,0.002651759064,0.02543766961,0.1163741089,0.2679775857,0.3949440546,2.568739702e-13,1.803881877e-11,6.619806477e-10,1.035052438e-08,0.01674003664,0.003242019407,0.03441736528,0.1516109157,0.3020820883,0.3556863778
27,0.03102029853,0.03093216444,0.02767693827,0.02268685809,0.09729277629,0.04364602716,0.07329106,0.1057167266,0.1281223374,0.1390228572,0.04526411231,0.04519671458,0.04049516032,0.03323553565,0.1083884461,0.04830076308,0.08362720073,0.1241019072,0.1549691378,0.1728106763,0.0007190375423,0.0007332187023,0.0006709017108,0.0005614167026,0.01094806801,0.002185998828,0.006083521199,0.01402733609,0.02512351504,0.03847195785,0.0004927691735,0.0005018073034,0.000458536405,0.0003832277955,0.009827319884,0.001975334511,0.005331611166,0.01194924467,0.02077112587,0.03094994833,0.01338415074,0.009344748699,0.005854473329,0.003453530887,0.02152402465,0.002727875303,0.004773772085,0.007154915183,0.008466178102,0.008872349536,0.02019198313,0.01411874947,0.008858432636,0.005232672859,0.02420830157,0.003045909241,0.005510789421,0.008518899231,0.01041352578,0.01124242135,0.0003416667525,0.0002437799404,0.0001560761742,9.393037743e-05,0.002520734133,0.0001407465581,0.0004019007411,0.0009491101691,0.001637576768,0.002392929252,0.0002264720255,0.0001613501455,0.0001031496018,6.199345314e-05,0.002241228838,0.0001260507222,0.0003481502181,0.0007971455672,0.001331347025,0.00188846371,7.718823182e-07,1.283210283e-06,1.614581093e-06,1.558708902e-06,0.002828228031,7.897159132e-05,0.000626626129,0.00317839918,0.009183550288,0.01916201798,1.989047292e-09,6.159641101e-09,1.31119923e-08,1.888200387e-08,0.001210270014,1.158026104e-05,0.0001894859987,0.001693177547,0.007223787056,0.02026752611,9.520628712e-09,3.90735594e-08,1.148713041e-07,2.311614197e-07,0.003399967393,0.0001712534899,0.001856540635,0.01184492283,0.04180545029,0.1028320623,3.637818096e-09,1.901723436e-08,7.121393246e-08,1.791736049e-07,0.003683238182,0.000241462845,0.002554895489,0.01593718917,0.05571582999,0.1365532393,8.365018471e-10,5.936320303e-09,3.017720254e-08,1.006748527e-07,0.003644096218,0.0002860467855,0.002935238744,0.01779576775,0.06082922807,0.1467656271,2.200279245e-11,2.691701245e-10,2.263491599e-09,1.158515234e-08,0.002728557511,0.0001590601563,0.001925055965,0.01300012121,0.04636997015,0.1136492555,1.599121493e-14,5.922250658e-13,1.28934965e-11,1.382159525e-10,0.002039895289,4.862740214e-05,0.001065623061,0.01049868358,0.04448325771,0.1156246859,4.946862365e-13,1.72796203e-11,3.548274093e-10,3.60377433e-09,0.006133905688,0.0004985358811,0.006903556581,0.04441166506,0.1348162033,0.2572650071,7.578317467e-12,2.495848701e-10,4.832171199e-09,4.648254537e-08,0.01435249968,0.002810082474,0.02635897369,0.118105191,0.2668186358,0.3864283861,2.728384015e-13,1.916923505e-11,7.038064939e-10,1.100944344e-08,0.01721618363,0.003433084434,0.03545652161,0.1522482142,0.2960803048,0.3408406572
28,0.03079095958,0.03077925727,0.0276080953,0.02268198075,0.09769329714,0.04388063114,0.07345782801,0.1056538947,0.1277043364,0.138161623,0.04501342807,0.04506570734,0.040484958,0.03330856635,0.1090760384,0.04891291384,0.08459720942,0.125417691,0.1565054918,0.17432772,0.0007129658633,0.0007299647228,0.0006706229411,0.0005632760667,0.01105237572,0.002228178043,0.006192319132,0.01425984557,0.02551875471,0.03902897643,0.0004876967611,0.0004985558493,0.0004573210145,0.0003835715044,0.009898993778,0.001998937523,0.0053769423,0.01201272492,0.020822628,0.03093200972,0.01328159305,0.009297486267,0.005840154271,0.003453431281,0.02162176503,0.002746182888,0.004792398261,0.007164216212,0.008457041506,0.008836029593,0.02007801151,0.01407875699,0.008858319173,0.005246262811,0.02437693382,0.003090583487,0.005588319962,0.008634021913,0.01055202199,0.01138010055,0.0003387836279,0.0002427285532,0.0001560496208,9.427502845e-05,0.002546014227,0.0001437086349,0.0004099893987,0.0009674023389,0.001668546523,0.002435392577,0.0002241051747,0.000160295784,0.0001028811269,6.205795325e-05,0.002258254536,0.0001276943968,0.0003515962748,0.0008027173882,0.001337276136,0.001890949978,7.558996961e-07,1.267339533e-06,1.608188999e-06,1.564736008e-06,0.002867001477,8.148141951e-05,0.0006423951183,0.003238976342,0.009312485808,0.01932568697,1.933740757e-09,6.056635892e-09,1.303970178e-08,1.897541514e-08,0.001230220484,1.20634811e-05,0.0001955805999,0.001732732883,0.007340032008,0.02044167605,9.332227797e-09,3.86743307e-08,1.14807831e-07,2.33115321e-07,0.003456577307,0.0001779021504,0.001911320466,0.01209283284,0.04237956537,0.1035352018,3.606456257e-09,1.903262291e-08,7.194951112e-08,1.826132259e-07,0.003760252397,0.0002526359077,0.002644883082,0.01633665091,0.05663892077,0.1377477791,8.412427128e-10,6.024849949e-09,3.090881714e-08,1.039903831e-07,0.003739990567,0.0003019961538,0.003059946029,0.0183351931,0.06205554481,0.1484043636,2.243749751e-11,2.770054396e-10,2.35074302e-09,1.213354924e-08,0.002814455596,0.0001696343001,0.002019814038,0.0134349856,0.0473048691,0.1146272008,1.666311371e-14,6.226292781e-13,1.367670618e-11,1.478221432e-10,0.00211575212,5.280873756e-05,0.001129896358,0.01088735162,0.04524627705,0.1155826675,5.185816254e-13,1.820596387e-11,3.757412067e-10,3.83400617e-09,0.00633414725,0.0005337632137,0.007219430892,0.04543966702,0.1352481429,0.2535180971,8.013630844e-12,2.642296327e-10,5.121678427e-09,4.932051988e-08,0.01476986868,0.002973780597,0.02725691354,0.1195343575,0.2647355129,0.3764933264,2.896431169e-13,2.035630055e-11,7.476247963e-10,1.169827049e-08,0.01770009158,0.003627667702,0.03641756778,0.1523068368,0.2888084674,0.3247334742
29,0.03055722502,0.03062221583,0.02753611783,0.02267521201,0.09809681395,0.04411246407,0.07361003102,0.1055587276,0.1272355791,0.1372352866,0.04475661043,0.0449300403,0.04047248076,0.0333816012,0.1097783429,0.0495391181,0.08558341903,0.1267466055,0.1580466032,0.1758351934,0.0007067677343,0.0007266025069,0.0006702864912,0.0005651359515,0.01115919276,0.002271592749,0.006303617167,0.01449616899,0.02591795795,0.03958724005,0.0004825401318,0.0004952183136,0.0004560404367,0.0003838814512,0.009971741486,0.002022756104,0.005421721409,0.0120728847,0.02086527849,0.03089692188,0.01317713361,0.009249003129,0.005825219582,0.003453093018,0.02172062196,0.002764470437,0.004810334483,0.007171680726,0.008444912375,0.008795796348,0.0199612913,0.01403738835,0.008857831106,0.005259975432,0.02454965301,0.003136496527,0.005667651522,0.00875130343,0.01069255376,0.01151894814,0.0003358408343,0.0002416428931,0.0001560119808,9.462203434e-05,0.002571955652,0.0001467686173,0.0004183053789,0.0009861185265,0.001700098912,0.002478397711,0.0002217000634,0.0001592145076,0.0001025989358,6.211791107e-05,0.002275570917,0.0001293600997,0.0003550304355,0.0008081227313,0.001342727534,0.001892488903,7.3980689e-07,1.251112026e-06,1.601361264e-06,1.570557853e-06,0.002906699957,8.407691031e-05,0.0006584168428,0.003299100541,0.0094360856,0.01947078929,1.878457314e-09,5.951750947e-09,1.296257097e-08,1.906512152e-08,0.001250686863,1.256734154e-05,0.0002017976994,0.001771904521,0.007449783187,0.02058646085,9.141611623e-09,3.826053805e-08,1.147071818e-07,2.35044819e-07,0.003514598847,0.0001848068548,0.001966957626,0.01233687767,0.04291472502,0.1040942765,3.573873177e-09,1.904275972e-08,7.268283661e-08,1.861178569e-07,0.003839589373,0.000264338374,0.002737050387,0.01673372313,0.05751238795,0.1387459655,8.459060685e-10,6.114637493e-09,3.166142953e-08,1.074373914e-07,0.003839373382,0.0003188732088,0.00318889617,0.01887680641,0.06323223201,0.1498266578,2.288217385e-11,2.851092147e-10,2.441901858e-09,1.271169023e-08,0.002903811031,0.0001809150453,0.002118121626,0.01387005465,0.04818354401,0.1153783142,1.736369547e-14,6.546259856e-13,1.450851352e-11,1.581103541e-10,0.002194742246,5.731984026e-05,0.001196505737,0.0112678575,0.04589461327,0.1151347296,5.435282129e-13,1.917726701e-11,3.977680859e-10,4.077511678e-09,0.006540486364,0.0005708473132,0.007535872872,0.04637435978,0.1352345536,0.2488168862,8.471044593e-12,2.796005316e-10,5.425223259e-09,5.229344629e-08,0.01519551705,0.00314189303,0.02811996242,0.1206216558,0.2616878555,0.3651702351,3.072593143e-13,2.159712546e-11,7.932974277e-10,1.241437929e-08,0.01818981798,0.003823928425,0.03728150512,0.1517432102,0.2802864391,0.307515599
30,0.03031938563,0.03046116001,0.02746097018,0.02266642301,0.09850235961,0.0443405638,0.07374611032,0.1054292671,0.1267141792,0.1362426764,0.04449390682,0.04478973784,0.04045757963,0.03345441309,0.1104944291,0.05017848713,0.08658385991,0.1280851997,0.159587521,0.177327059,0.0007004506313,0.0007231333619,0.0006698887172,0.0005669904831,0.01126839234,0.002316196664,0.006417222416,0.01473573934,0.02631990664,0.04014463069,0.000477306542,0.0004917974988,0.0004546933914,0.0003841539859,0.0100454226,0.002046723044,0.005465743762,0.01212925618,0.02089828419,0.03084363976,0.01307090554,0.009199339129,0.005809663519,0.003452497686,0.02182038775,0.002782676996,0.004827470866,0.007177152752,0.00842962422,0.008751524059,0.01984193709,0.01399465288,0.008856937723,0.00527377747,0.02472626966,0.003183602436,0.00574866887,0.008870521763,0.01083479717,0.01165856532,0.0003328419333,0.0002405234013,0.000155962445,9.497047679e-05,0.002598532372,0.0001499243875,0.0004268382453,0.001005225058,0.001732161341,0.002521818909,0.0002192601181,0.0001581072682,0.0001023027773,6.217276955e-05,0.002293147518,0.0001310437319,0.0003584393606,0.0008133291345,0.001347645827,0.001893008123,7.236347085e-07,1.234547929e-06,1.594086244e-06,1.57613727e-06,0.002947267412,8.675445487e-05,0.0006746366938,0.003358428727,0.009553258072,0.01959510542,1.823316031e-09,5.845151097e-09,1.288049378e-08,1.915048371e-08,0.001271641533,1.309137298e-05,0.0002081142246,0.001810426116,0.007551810957,0.02069869107,8.949133239e-09,3.783244699e-08,1.145668891e-07,2.369405177e-07,0.003573947378,0.00019195808,0.002023226874,0.0125753148,0.04340452733,0.1044949917,3.540080378e-09,1.904719936e-08,7.341086854e-08,1.896787233e-07,0.003921162352,0.0002765638695,0.002831078331,0.01712577605,0.05832649357,0.1395260823,8.504683615e-10,6.205437929e-09,3.24338079e-08,1.110135086e-07,0.003942184082,0.0003366885145,0.003321740474,0.01941731807,0.06434697947,0.1510053128,2.333589542e-11,2.93471421e-10,2.536939663e-09,1.331995656e-08,0.002996587746,0.0001929173032,0.00221968299,0.01430215696,0.04899433807,0.1158791122,1.80922542e-14,6.882110108e-13,1.538966441e-11,1.691009709e-10,0.002276809836,6.216838912e-05,0.001265107605,0.01163567254,0.04641210619,0.1142581772,5.69490256e-13,2.019237694e-11,4.208886258e-10,4.334157045e-09,0.006752502085,0.000609679243,0.007849835391,0.04719823631,0.1347444142,0.2431593971,8.950031217e-12,2.956726625e-10,5.74217457e-09,5.539390429e-08,0.01562805847,0.00331326938,0.02893598823,0.1213297287,0.2576502827,0.3525186488,3.256451867e-13,2.288778062e-11,8.406435818e-10,1.315441206e-08,0.01868324668,0.004019755198,0.03802932255,0.1505230165,0.2705616865,0.2893673355
31,0.03007773246,0.03029621393,0.02738262148,0.02265548799,0.0989089594,0.04456396689,0.07386454444,0.1052636655,0.1261384529,0.1351829104,0.04422557045,0.04464483042,0.04044010826,0.03352677305,0.1112233382,0.050830085,0.08759648595,0.1294299245,0.1611231906,0.1787972064,0.0006940221112,0.0007195587538,0.0006694260561,0.0005688337251,0.01137984189,0.002361938747,0.006532928162,0.01497795868,0.02672332905,0.04069895974,0.0004720032138,0.0004882963096,0.0004532787149,0.0003843855062,0.01011989334,0.002070768918,0.005508802749,0.01218137798,0.02092088278,0.03077119569,0.0129630418,0.009148535157,0.00579348116,0.003451627179,0.02192085207,0.002800740998,0.004843698781,0.007180481885,0.008411021665,0.008703103734,0.01972006593,0.0139505615,0.008855608546,0.005287635117,0.02490658707,0.003231851826,0.005831250117,0.008991444447,0.0109784151,0.01179854075,0.0003297905221,0.0002393705651,0.0001559002162,9.531942196e-05,0.002625716958,0.0001531735124,0.0004355765397,0.001024685692,0.001764656478,0.002565523806,0.0002167887439,0.0001569750459,0.0001019924222,6.222197642e-05,0.002310953036,0.0001327410287,0.0003618094768,0.0008183042327,0.001351976923,0.001892439098,7.074131312e-07,1.217667993e-06,1.586353448e-06,1.581437058e-06,0.002988644325,8.950978849e-05,0.0006909955767,0.003416604284,0.009662904241,0.01969648643,1.768430454e-09,5.737004053e-09,1.279338019e-08,1.923086145e-08,0.001293054701,1.363493557e-05,0.0002145045975,0.001848018783,0.007644883756,0.02077534682,8.75514331e-09,3.739037156e-08,1.143845934e-07,2.38792863e-07,0.003634531871,0.0001993439581,0.002079882101,0.01280633679,0.04384262027,0.104723926,3.505093007e-09,1.90455086e-08,7.413048361e-08,1.932863855e-07,0.004004874355,0.0002893017742,0.002926607061,0.01751003578,0.05907145624,0.1400675073,8.549057421e-10,6.296992348e-09,3.322456682e-08,1.147155888e-07,0.004048347697,0.0003554464973,0.003458064162,0.01995318318,0.06538724394,0.1519141765,2.379765367e-11,3.020801629e-10,2.635804845e-09,1.395858377e-08,0.00309273397,0.0002056509796,0.002324137348,0.01472787032,0.04972552797,0.1161078635,1.88478353e-14,7.233675931e-13,1.632056601e-11,1.808103201e-10,0.00236187868,6.735851449e-05,0.001335285489,0.01198600675,0.04678348358,0.112936605,5.964202153e-13,2.124962006e-11,4.450702658e-10,4.603650477e-09,0.006969711384,0.0006501092158,0.008157975926,0.04789409339,0.1337530102,0.2365615027,9.44979678e-12,3.124109441e-10,6.07167626e-09,5.861205442e-08,0.01606597299,0.003486567469,0.02969246005,0.1216249248,0.2526140683,0.3386261545,3.447447977e-13,2.422322038e-11,8.894370992e-10,1.391424115e-08,0.01917809349,0.004212782695,0.03864251251,0.1486229093,0.2597094299,0.2704938619
32,0.02983255658,0.03012750607,0.02730104619,0.02264228489,0.09931563318,0.04478171243,0.07396385757,0.1050601987,0.1255069361,0.1340554121,0.04395186025,0.04449535498,0.0404199236,0.03359845087,0.1119640838,0.05149292831,0.08861917716,0.1307771412,0.1626484705,0.1802394786,0.0006874898051,0.0007158803162,0.0006688950434,0.0005706596943,0.01149340296,0.002408763021,0.0066505138,0.01522219906,0.0271269035,0.041247977,0.0004666373254,0.0004847177549,0.0004517953734,0.000384572474,0.01019500677,0.002094822268,0.005550690846,0.01222879813,0.02093234897,0.03067870923,0.01285367506,0.009096633186,0.005776668501,0.003450463787,0.02202180242,0.002818600465,0.004858911382,0.00718152424,0.008388961688,0.008650444352,0.01959579733,0.01390512684,0.008853813463,0.005301514074,0.02509040111,0.003281191736,0.005915266677,0.009113828786,0.01112305784,0.01193845173,0.0003266902311,0.0002381849211,0.0001558245126,9.566792261e-05,0.00265348055,0.0001565132254,0.0004445077513,0.001044461613,0.001797502345,0.002609373754,0.0002142893195,0.0001558188489,0.0001016676664,6.226498657e-05,0.002328955369,0.0001344475683,0.0003651270332,0.0008230159432,0.001355668425,0.001890717738,6.911712437e-07,1.200493537e-06,1.578153652e-06,1.586420146e-06,0.003030767678,9.233795864e-05,0.0007074300296,0.003473259346,0.009763928737,0.01977288305,1.713908368e-09,5.627480036e-09,1.27011576e-08,1.930561693e-08,0.001314894353,1.419720566e-05,0.0002209407642,0.00188439333,0.007727784292,0.02081363347,8.559989138e-09,3.693467523e-08,1.141580616e-07,2.405921859e-07,0.003696254795,0.0002069501326,0.002136656957,0.01302808659,0.04422278611,0.1047687752,3.46892999e-09,1.903726932e-08,7.483848777e-08,1.969307425e-07,0.004090617766,0.0003025368161,0.003023235799,0.01788360527,0.0597375793,0.1403510906,8.59194164e-10,6.389028332e-09,3.403216199e-08,1.185396479e-07,0.004157773867,0.0003751445498,0.003597383886,0.02048062321,0.06634040934,0.1525286256,2.426635663e-11,3.10921575e-10,2.738420395e-09,1.462764029e-08,0.003192180925,0.0002191200702,0.002431056008,0.01514354854,0.05036551549,0.116045117,1.96292165e-14,7.600649517e-13,1.730123263e-11,1.93249798e-10,0.00244985063,7.289009025e-05,0.001406548454,0.01231388389,0.04699480359,0.1111607742,6.24257931e-13,2.234675801e-11,4.702660005e-10,4.88552419e-09,0.007191567413,0.0006919435264,0.008456694045,0.04844545466,0.1322430146,0.229057527,9.969258011e-12,3.297693214e-10,6.412631184e-09,6.193547921e-08,0.01650760957,0.003660257289,0.03037669496,0.1214784087,0.2465883971,0.3236072638,3.644871377e-13,2.55972232e-11,9.394046471e-10,1.468894728e-08,0.01967191526,0.004400420464,0.03910363464,0.146031986,0.2478317104,0.2511193358
33,0.02958414883,0.02995516944,0.02721622458,0.02262669596,0.09972139777,0.04499284598,0.07404262813,0.1048172802,0.1248183992,0.1328599234,0.04367304084,0.04434135545,0.0403968866,0.03366921575,0.112715652,0.05216598642,0.08964974332,0.1321231314,0.164158151,0.1816476993,0.0006808614095,0.0007120998595,0.0006682923323,0.0005724623785,0.01160893124,0.00245660843,0.006769744917,0.01546780389,0.0275292629,0.04178938103,0.0004612160017,0.0004810649502,0.0004502424748,0.0003847114314,0.01027061307,0.002118809828,0.005591200676,0.01227107712,0.02093200066,0.03056539656,0.01274293757,0.009043676306,0.005759222551,0.003448990281,0.02212302453,0.002836193235,0.004873004157,0.007180143405,0.008363314826,0.00859347398,0.01946925318,0.0138583634,0.008851522863,0.005315379636,0.02527750032,0.003331565533,0.006000583283,0.009237422193,0.01126836389,0.01207786556,0.0003235447192,0.0002369670575,0.0001557345719,9.601502048e-05,0.00268179283,0.00015994041,0.0004536182961,0.001064511446,0.001830612464,0.00265322426,0.0002117651932,0.0001546397148,0.0001013283332,6.230126447e-05,0.002347121662,0.0001361587831,0.0003683781623,0.0008274326624,0.001358670034,0.001887785017,6.749371764e-07,1.183046418e-06,1.569479012e-06,1.591049786e-06,0.003073570942,9.523329907e-05,0.0007238724209,0.00352801752,0.009855251758,0.01982237565,1.659851601e-09,5.516751376e-09,1.260377207e-08,1.937411859e-08,0.001337126224,1.477716393e-05,0.0002273922723,0.001919252917,0.00779932705,0.02081103769,8.364013678e-09,3.646577136e-08,1.138852043e-07,2.423287513e-07,0.003759012069,0.000214759639,0.002193265886,0.01323867546,0.0445390313,0.1046185948,3.43161414e-09,1.902208152e-08,7.553163027e-08,2.006010458e-07,0.004178273986,0.0003162486928,0.003120523417,0.01824349002,0.06031539019,0.1403595367,8.633094963e-10,6.481260539e-09,3.485488644e-08,1.224808078e-07,0.004270355927,0.0003957721336,0.00373914625,0.02099565484,0.06719396592,0.1528260648,2.474082885e-11,3.199797345e-10,2.844681713e-09,1.532700575e-08,0.003294841589,0.0002333217374,0.002539940619,0.01554535689,0.05090303739,0.1156742235,2.043489101e-14,7.982569064e-13,1.833123146e-11,2.064249623e-10,0.002540604175,7.875801717e-05,0.001478331496,0.01261423242,0.04703390263,0.1089293241,6.529299328e-13,2.348094933e-11,4.964132002e-10,5.179117734e-09,0.00741745855,0.0007349423029,0.008742182174,0.04883701918,0.1302054228,0.2207002462,1.050702246e-11,3.476901061e-10,6.763688556e-09,6.534906622e-08,0.01695119079,0.003832631494,0.03097614065,0.1208672254,0.2396011102,0.3076012676,3.847854231e-13,2.700235485e-11,9.902249617e-10,1.54728181e-08,0.02016212269,0.00457989449,0.0393969067,0.1427529187,0.2350553381,0.2314800143
34,0.02933279952,0.02977934167,0.02712814318,0.02260860842,0.1001252696,0.04519642385,0.07409949745,0.1045334729,0.1240718617,0.1315965149,0.04338938238,0.04418288309,0.04037086296,0.03373883699,0.1134770027,0.05284818201,0.09068592845,0.1334641091,0.1656469751,0.1830157032,0.0006741446776,0.000708219378,0.0006676147122,0.0005742357556,0.01172627654,0.002505408738,0.006890373534,0.01571408974,0.0279290002,0.04232083104,0.0004557463045,0.0004773411186,0.0004486192808,0.0003847990179,0.01034655985,0.002142656776,0.005630126138,0.01230779109,0.02091920513,0.03043057932,0.01263096106,0.008989708757,0.005741141428,0.00344719,0.02222430291,0.002853457198,0.004885875486,0.00717621138,0.008333966316,0.008532140759,0.01934055771,0.01381028765,0.00884870778,0.00532919678,0.02546766583,0.003382912856,0.006087058081,0.009361962653,0.01141396093,0.01221634115,0.0003203576699,0.000235717617,0.0001556296551,9.635974896e-05,0.002710622004,0.0001634515856,0.000462893505,0.001084791302,0.001863896064,0.002696925531,0.0002092196778,0.0001534387103,0.0001009742759,6.233028666e-05,0.002365418366,0.0001378699728,0.0003715489484,0.0008315234719,0.001360933956,0.001883587563,6.587380491e-07,1.165348996e-06,1.560323167e-06,1.595289744e-06,0.003116984105,9.818941113e-05,0.0007402512279,0.003580496992,0.009935821822,0.01984320425,1.606355862e-09,5.404992059e-09,1.250118944e-08,1.943574503e-08,0.00135971379,1.53735851e-05,0.0002338263977,0.001952296127,0.007858376781,0.02076538215,8.167554547e-09,3.598412337e-08,1.135640941e-07,2.43992811e-07,0.003822693078,0.0002227528114,0.002249405603,0.01343620307,0.04478568008,0.1042640352,3.393172258e-09,1.89995663e-08,7.620661965e-08,2.042859216e-07,0.004267713173,0.0003304117293,0.003217989828,0.01858662824,0.06079578844,0.1400777793,8.672276444e-10,6.573391508e-09,3.569086846e-08,1.265332452e-07,0.004385970083,0.0004173099051,0.003882727517,0.0214941263,0.06793570514,0.1527864232,2.521981255e-11,3.292365913e-10,2.954454577e-09,1.605634959e-08,0.003400609566,0.0002482453906,0.002650222743,0.0159293161,0.05132738866,0.1149818324,2.126305323e-14,8.378805965e-13,1.940962914e-11,2.203346074e-10,0.002633993201,8.495152241e-05,0.001549998247,0.0128819906,0.04689083073,0.1062492703,6.823489167e-13,2.464871837e-11,5.23432611e-10,5.483563375e-09,0.007646708314,0.0007788183077,0.009010489601,0.04905512013,0.1276402865,0.2115602445,1.106137269e-11,3.661034934e-10,7.123235755e-09,6.88349431e-08,0.01739482008,0.004001823054,0.03147868677,0.1197752689,0.2316988612,0.2907691044,4.055366961e-13,2.84299591e-11,1.041529348e-09,1.625937025e-08,0.02064599678,0.00474830163,0.03950879753,0.138802654,0.2215287498,0.211816716
35,0.02907879812,0.02960016512,0.02703679528,0.02258791512,0.1005262675,0.04539151754,0.07413317835,0.1042075017,0.1232666046,0.1302655944,0.04310116045,0.044019997,0.0403417238,0.03380708475,0.1142470703,0.05353839223,0.09172541634,0.1347962338,0.1671096616,0.1843373683,0.0006673474095,0.0007042410569,0.0006668591275,0.0005759738143,0.0118452829,0.002555092473,0.00701213851,0.01596034853,0.02832467475,0.04283996017,0.0004502352232,0.0004735495908,0.0004469252181,0.000384831988,0.01042269246,0.002166287032,0.005667263617,0.01233853499,0.02089338492,0.03027369289,0.01251787653,0.008934775946,0.005722424439,0.003445046945,0.02232542133,0.002870330558,0.004897427224,0.007169609504,0.008300817164,0.008466413752,0.01920983745,0.01376091818,0.008845340035,0.005342930261,0.02566067152,0.003435169574,0.006174542782,0.009487179315,0.01155946698,0.01235343079,0.0003171327868,0.0002344372989,0.0001555090512,9.670113602e-05,0.002739934798,0.0001670428955,0.0004723176221,0.001105254861,0.001897258364,0.002740323129,0.0002066560468,0.0001522169314,0.00010060538,6.235154437e-05,0.002383811302,0.00013957632,0.0003746255006,0.0008352583517,0.00136241531,0.00187807823,6.425999188e-07,1.1474241e-06,1.550681342e-06,1.599104513e-06,0.003160933724,0.0001011991533,0.0007564913999,0.003630313999,0.0100046291,0.01983379814,1.553510615e-09,5.292377246e-09,1.23933964e-08,1.948988922e-08,0.001382618279,1.598502991e-05,0.0002402083256,0.001983220418,0.00790386761,0.02067487738,7.970943034e-09,3.549024434e-08,1.131929826e-07,2.455746623e-07,0.00388718075,0.0002309072232,0.002304757032,0.0136187798,0.04495746985,0.1036975613,3.353635181e-09,1.896936892e-08,7.686014141e-08,2.079734034e-07,0.004358794094,0.0003449945876,0.003315118227,0.01890992535,0.06117019938,0.1394933393,8.709246818e-10,6.665112656e-09,3.653807144e-08,1.306901489e-07,0.004504474714,0.0004397288846,0.004027434659,0.0219717611,0.06855392677,0.152392638,2.570196972e-11,3.3867192e-10,3.067573309e-09,1.681511013e-08,0.003509358073,0.0002638717958,0.002761264973,0.0162913547,0.05162865389,0.113958345,2.211158795e-14,8.788553411e-13,2.053494092e-11,2.349698433e-10,0.00272984596,9.145350475e-05,0.001620846255,0.01311222361,0.04655825438,0.1031362494,7.12413425e-13,2.584593342e-11,5.51227588e-10,5.79777428e-09,0.007878576251,0.0008232370122,0.00925759896,0.04908817597,0.1245571972,0.2017246079,1.163025542e-11,3.849272955e-10,7.48939543e-09,7.237247475e-08,0.01783649157,0.004165830427,0.03187299556,0.1181941052,0.2229466348,0.2732893355,4.266217824e-13,2.987018022e-11,1.09290361e-09,1.704139782e-08,0.02112070914,0.00490267625,0.03942859346,0.1342126129,0.2074178782,0.1923670149
36,0.02882243302,0.02941778688,0.02694218126,0.02256451514,0.1009234156,0.04557721834,0.07414246371,0.1038382649,0.1224021811,0.1288679122,0.04280865586,0.04385276438,0.04030934645,0.03387373083,0.1150247652,0.05423545033,0.09276583707,0.1361156248,0.1685409299,0.1856066504,0.0006604774418,0.0007001672782,0.0006660226968,0.0005776705761,0.0119657887,0.00260558291,0.00713476611,0.01620585025,0.0287148195,0.04334439014,0.0004446896649,0.0004696938052,0.0004451598897,0.0003848072278,0.01049885443,0.002189623585,0.005702413238,0.01236292581,0.02085402363,0.03009429377,0.0124038142,0.008878924464,0.005703072177,0.003442545871,0.02242616345,0.002886752107,0.004907565276,0.007160229346,0.008263785126,0.008396283634,0.0190772211,0.01371027577,0.008841392393,0.005356544721,0.02585628412,0.003488267788,0.006262882896,0.009612793212,0.01170449175,0.01248868216,0.0003138737884,0.0002331268613,0.0001553720807,9.703820737e-05,0.002769696463,0.0001707100985,0.0004818738151,0.001125853479,0.00193060092,0.002783258731,0.0002040775296,0.0001509755038,0.0001002215659,6.236454609e-05,0.002402265743,0.0001412729086,0.0003775940316,0.0008386083984,0.001363072529,0.001871216628,6.26547734e-07,1.129294976e-06,1.540550436e-06,1.602459524e-06,0.003205343028,0.0001042546399,0.0007725148072,0.003677086625,0.01006071909,0.01979280418,1.501398987e-09,5.179082759e-09,1.228040137e-08,1.953596279e-08,0.001405798709,1.660983968e-05,0.0002465013862,0.002011725907,0.007934822297,0.02053816903,7.774503136e-09,3.498469629e-08,1.127703175e-07,2.470647089e-07,0.003952351714,0.0002391976647,0.0023589877,0.01378455067,0.04504964608,0.1029136508,3.313037821e-09,1.893116177e-08,7.748887751e-08,2.116509748e-07,0.004451364065,0.0003599600381,0.003411358249,0.01921029236,0.06143073,0.1385966523,8.743769884e-10,6.756105513e-09,3.73942957e-08,1.349436854e-07,0.0046257098,0.0004629896969,0.004172507895,0.02242420865,0.06903765348,0.1516311057,2.618588551e-11,3.482632967e-10,3.183839212e-09,1.760247486e-08,0.003620939086,0.0002801722447,0.002872363749,0.01662736916,0.05179794002,0.112598305,2.297806337e-14,9.210816866e-13,2.170508393e-11,2.503132071e-10,0.002827964318,9.823995817e-05,0.001690115004,0.01330024945,0.04603180673,0.09961447871,7.430077613e-13,2.706779569e-11,5.796836171e-10,6.120436289e-09,0.008112259874,0.0008678181462,0.009479513755,0.04892711455,0.1209754786,0.1912949782,1.221127675e-11,4.040669273e-10,7.860028729e-09,7.593833132e-08,0.01827410245,0.004322550289,0.03214884015,0.1161236005,0.2134266077,0.2553533763,4.479056598e-13,3.131202116e-11,1.143891556e-09,1.781104913e-08,0.02158334598,0.005040067576,0.03914890762,0.1290283409,0.1929012012,0.1733575816
37,0.02856399118,0.02923235887,0.02684430909,0.02253831442,0.1013157464,0.04575264204,0.0741262348,0.1034248442,0.1214784251,0.1274045627,0.04251215439,0.04368126091,0.04027361518,0.03393854953,0.1158089756,0.05493814774,0.09380477442,0.1374183783,0.1699355267,0.1868176178,0.0006535426366,0.0006960006257,0.000665102732,0.0005793201181,0.01208762684,0.002656798119,0.007257970763,0.01644984607,0.0290979491,0.043831747,0.0004391164451,0.0004657773068,0.0004433230848,0.0003847217737,0.0105748879,0.002212588853,0.00573538019,0.01238060576,0.02080067128,0.02989206598,0.01228890333,0.00882220209,0.005683086595,0.003439672374,0.02252631341,0.002902661507,0.004916200182,0.007147973563,0.008222805593,0.008321763218,0.01894283941,0.01365838354,0.008836838704,0.005370004796,0.02605426346,0.003542135856,0.006351918027,0.009738518112,0.01184863815,0.01262164054,0.0003105844033,0.0002317871225,0.0001552180999,9.736998988e-05,0.002799870795,0.000174448562,0.0004915441966,0.001146536335,0.001963822036,0.002825570993,0.0002014873074,0.0001497155817,9.982279096e-05,6.236882032e-05,0.002420746498,0.0001429547444,0.0003804409406,0.0008415460457,0.001362867751,0.001862969611,6.10605294e-07,1.110985242e-06,1.529929108e-06,1.605321367e-06,0.003250132045,0.0001073472504,0.0007882407756,0.003720438866,0.01010320641,0.01971911319,1.450097724e-09,5.065284536e-09,1.216223527e-08,1.957340051e-08,0.001429211949,1.724613373e-05,0.0002526673458,0.002037519429,0.007950371185,0.02035437895,7.578550605e-09,3.446808893e-08,1.122947583e-07,2.484535273e-07,0.004018076526,0.0002475961641,0.002411754581,0.01393172078,0.04505805428,0.1019089636,3.271419154e-09,1.88846473e-08,7.808952742e-08,2.153056227e-07,0.004545259025,0.0003752648073,0.003506130068,0.0194846875,0.06157032298,0.1373813565,8.775613981e-10,6.84604316e-09,3.825718265e-08,1.392849751e-07,0.004749496509,0.0004870419107,0.004317124832,0.02284710139,0.06937684771,0.1504920883,2.667007278e-11,3.579861026e-10,3.303019306e-09,1.841736234e-08,0.003735182655,0.0002971078131,0.002982754029,0.0169332908,0.05182760308,0.1109007076,2.385972884e-14,9.644406875e-13,2.291733651e-11,2.66337834e-10,0.002928123284,0.00010527951,0.001756996777,0.01344176947,0.04531036528,0.09571641352,7.740021709e-13,2.8308841e-11,6.086681784e-10,6.450004041e-09,0.008346897705,0.0009121388871,0.00967235469,0.0485657501,0.1169240578,0.180385024,1.280170417e-11,4.234156799e-10,8.232745381e-09,7.950663471e-08,0.01870546797,0.00446981749,0.03229743706,0.1135723136,0.2032363653,0.2371601817,4.692382795e-13,3.274344017e-11,1.194000145e-09,1.855993285e-08,0.02203093557,0.005157625454,0.0386661015,0.1233085928,0.1781642017,0.1549970903
38,0.02830375782,0.02904403782,0.02674319465,0.02250922644,0.1017023041,0.04591693382,0.07408346938,0.1029665145,0.1204954586,0.1258769846,0.04221194657,0.04350557108,0.0402344219,0.03400131849,0.1165985695,0.05564523674,0.09483977432,0.138700584,0.1712882541,0.1879644896,0.0006465508701,0.0006917438888,0.0006640967567,0.0005809165981,0.012210625,0.002708651057,0.007381455986,0.01669157185,0.02947256876,0.04429967806,0.0004335222784,0.0004618037454,0.0004414147884,0.0003845728292,0.01065063407,0.00223510508,0.005765976063,0.01239124541,0.02073294931,0.02966682647,0.01217327208,0.008764657796,0.005662471087,0.003436412985,0.02262565652,0.002917999595,0.004923247697,0.007132756697,0.008177832353,0.008242887798,0.01880682514,0.01360526701,0.008831654069,0.005383275243,0.02625436275,0.003596698457,0.006441482261,0.009864061504,0.01199150402,0.0127518511,0.0003072683647,0.0002304189625,0.0001550465054,9.769551516e-05,0.002830420165,0.00017825326,0.0005013098584,0.001167250609,0.001996817249,0.002867096511,0.0001988885087,0.0001484383478,9.94090515e-05,6.236391819e-05,0.00243921801,0.0001446167775,0.0003831528996,0.0008440452846,0.001361767188,0.001853311701,5.947952137e-07,1.092518833e-06,1.518817849e-06,1.607658022e-06,0.003295217783,0.0001104676493,0.0008035867029,0.003760004921,0.01013128831,0.01961188366,1.399677164e-09,4.951158075e-09,1.203895208e-08,1.960166483e-08,0.001452812807,1.789181034e-05,0.0002586667526,0.002060318798,0.007949770292,0.02012313845,7.383392041e-09,3.394107805e-08,1.117651914e-07,2.497319349e-07,0.00408421998,0.0002560720542,0.002462707388,0.0140585815,0.04497922655,0.1006824768,3.228822186e-09,1.882956086e-08,7.865883047e-08,2.189239013e-07,0.004640303722,0.0003908595131,0.003598829418,0.01973016045,0.06158290476,0.1358445287,8.804553512e-10,6.934591886e-09,3.912422134e-08,1.437040804e-07,0.004875636962,0.0005118235045,0.004460406287,0.02323611741,0.06956262477,0.1489700565,2.7152978e-11,3.678135584e-10,3.424845457e-09,1.925840634e-08,0.003851896436,0.0003146287462,0.003091615908,0.01720515818,0.05171146126,0.1088692123,2.475351758e-14,1.008793469e-12,2.416830532e-11,2.830067236e-10,0.003030070903,0.0001125331103,0.001820650301,0.01353299874,0.04439623936,0.09148209994,8.05253313e-13,2.956295562e-11,6.380309995e-10,6.784702179e-09,0.008581573485,0.0009557387989,0.009832461891,0.0480010931,0.1124410028,0.1691174238,1.339847624e-11,4.428553081e-10,8.604921166e-09,8.304918852e-08,0.019128339,0.004605451478,0.03231175825,0.1105576189,0.1924865287,0.2189106248,4.904558702e-13,3.415148741e-11,1.24270633e-09,1.927925315e-08,0.02246047897,0.005252691326,0.03798059074,0.1171238667,0.1633935147,0.1374700731
39,0.02804201617,0.02885298523,0.02663886206,0.02247717276,0.1020821479,0.04606927312,0.0740132494,0.1024627517,0.1194536958,0.1242869567,0.04190832737,0.04332578842,0.04019166694,0.03406181961,0.1173923964,0.05635543362,0.09586835417,0.1399583445,0.1725939991,0.1890416721,0.0006395100204,0.0006874000655,0.0006630025246,0.0005824542795,0.01233460593,0.002761049719,0.007504915494,0.01693025219,0.02983718376,0.0447458696,0.0004279137694,0.0004577768728,0.00043943519,0.0003843577829,0.01072593376,0.002257094755,0.005794020217,0.01239454663,0.02065055502,0.02941852922,0.01205704738,0.008706341739,0.005641230562,0.003432755259,0.02272397994,0.002932708684,0.004928629354,0.007114505926,0.008128838234,0.008159715305,0.01866931282,0.01355095419,0.008825814983,0.005396321066,0.02645632888,0.003651876694,0.006531404617,0.009989125703,0.01213268395,0.0128788615,0.0003039294048,0.0002290233245,0.0001548567381,9.801382349e-05,0.002861305562,0.0001821187735,0.0005111509191,0.0011879417,0.002029479876,0.002907670877,0.0001962842055,0.0001471450129,9.898038486e-05,6.234941619e-05,0.002457644463,0.0001462539273,0.0003857169433,0.0008460818813,0.001359741479,0.00184222546,5.791388945e-07,1.073919941e-06,1.507219046e-06,1.609439084e-06,0.003340514437,0.0001136058176,0.0008184687543,0.003795433624,0.01014425776,0.01947056201,1.350201261e-09,4.836877849e-09,1.191062931e-08,1.962025044e-08,0.001476554142,1.854455131e-05,0.0002644593342,0.002079857179,0.007932418037,0.01984461238,7.189324014e-09,3.340436343e-08,1.111807433e-07,2.508910605e-07,0.004150641492,0.0002645920899,0.002511492255,0.01416353705,0.04481046015,0.09923557809,3.185293881e-09,1.876567336e-08,7.919358953e-08,2.22492007e-07,0.004736312041,0.0004066886998,0.003688833548,0.0199438983,0.06146352312,0.133986859,8.830370528e-10,7.021413063e-09,3.999275742e-08,1.481900073e-07,0.005003914182,0.0005372604914,0.004601423835,0.02358704752,0.06958745596,0.1470639573,2.763298842e-11,3.777167904e-10,3.549013934e-09,2.012394275e-08,0.00397086545,0.0003326740033,0.00319808322,0.01743919328,0.05144498622,0.1065122441,2.565605524e-14,1.053981116e-12,2.545390241e-11,3.002721333e-10,0.003133528515,0.0001199539089,0.001880216991,0.01357079101,0.04329525293,0.08695823755,8.366050452e-13,3.082340745e-11,6.676047418e-10,7.122532254e-09,0.008815321566,0.0009981265615,0.009956499419,0.04723357509,0.1075727287,0.1576204868,1.399822061e-11,4.622569514e-10,8.973723121e-09,8.653579433e-08,0.01954042185,0.004727308025,0.03218680782,0.1071055389,0.1812978754,0.2008018275,5.113827405e-13,3.552248155e-11,1.289465507e-09,1.995997198e-08,0.02286898353,0.005322890598,0.03709701097,0.1105544378,0.1487710633,0.1209320375
40,0.02777904707,0.02865936731,0.02653134404,0.02244208366,0.1024543558,0.04620887852,0.07391476827,0.10191324,0.1183538455,0.1226365908,0.04160159589,0.04314201573,0.04014525975,0.03411983998,0.1181892903,0.05706742239,0.09688801311,0.1411877948,0.1738477642,0.1900437984,0.0006324279555,0.000682972364,0.000661818038,0.0005839275575,0.01245938781,0.002813897354,0.007628034493,0.01716510471,0.03019030973,0.04516806527,0.0004222974039,0.0004537005402,0.0004373846917,0.000384074225,0.01080062794,0.002278481059,0.005819341153,0.01239024548,0.02055326548,0.02914726807,0.0119403548,0.008647305246,0.005619371506,0.003428687864,0.0228210734,0.002946732884,0.004932273015,0.007093161733,0.00807581561,0.00807232627,0.0185304387,0.0134954757,0.0088192995,0.005409107646,0.02665990287,0.003707588229,0.006621509576,0.01011340908,0.01227177135,0.01300222451,0.000300571249,0.0002276012151,0.0001546482872,9.832396773e-05,0.002892486652,0.0001860392954,0.0005210465837,0.001208553469,0.002061701625,0.002947129809,0.0001936774091,0.0001458368142,9.853687113e-05,6.232491881e-05,0.002475989899,0.0001478611096,0.00038812056,0.0008476335875,0.001356766003,0.001829701783,5.636565008e-07,1.05521295e-06,1.495137028e-06,1.610635992e-06,0.003385933649,0.0001167510977,0.0008328026284,0.003826392938,0.01014151558,0.01929489882,1.301727636e-09,4.722616714e-09,1.17773682e-08,1.962868874e-08,0.001500387005,1.92018306e-05,0.0002700044422,0.002095887478,0.007897870045,0.01951951284,6.996632247e-09,3.285868639e-08,1.105407935e-07,2.519224167e-07,0.004217195567,0.0002731206179,0.002557755778,0.0142451308,0.04454988554,0.09757211417,3.140885058e-09,1.86927938e-08,7.969069556e-08,2.259958629e-07,0.004833087463,0.0004226909839,0.003775508014,0.02012327213,0.06120847005,0.1318127552,8.852856328e-10,7.106165204e-09,4.086000482e-08,1.527307216e-07,0.005134092259,0.0005632667283,0.004739209066,0.0238958652,0.06944535509,0.1447773915,2.810844055e-11,3.876649315e-10,3.675185452e-09,2.101200002e-08,0.004091852102,0.000351170999,0.003301254089,0.01763187948,0.05102546484,0.1038429741,2.656367436e-14,1.099824923e-12,2.676933383e-11,3.180751359e-10,0.003238191428,0.0001274873536,0.001934839451,0.0135527525,0.0420167125,0.08219698343,8.678895317e-13,3.208289356e-11,6.972061484e-10,7.461285839e-09,0.009047133485,0.00103878845,0.01004155799,0.04626717322,0.1023728943,0.14602456,1.459728054e-11,4.814823989e-10,9.336142548e-09,8.993465317e-08,0.01993940037,0.004833334655,0.03191984874,0.1032502789,0.1697980742,0.1830217109,5.318335754e-13,3.68422247e-11,1.333721473e-09,2.059299547e-08,0.02325349869,0.005366221986,0.036024227,0.1036879769,0.1344684912,0.1055060732
41,0.02751512873,0.02846335497,0.02642068216,0.02240389868,0.1028180274,0.04633501262,0.07378733755,0.101317877,0.1171969105,0.1209283222,0.04129205502,0.04295436533,0.0400951196,0.03417517284,0.1189880723,0.05777985901,0.09789624303,0.1423851236,0.1750446989,0.1909657657,0.0006253125206,0.0006784642036,0.0006605415644,0.0005853309866,0.01258478465,0.002867092735,0.007750491138,0.01739534482,0.03053048332,0.04556408503,0.0004166795403,0.000449578694,0.0004352639149,0.0003837199647,0.01087455833,0.002299188339,0.005841777867,0.01237811481,0.02044094077,0.02885327816,0.01182331843,0.008587600795,0.005596902049,0.003424200664,0.02291672997,0.002960018416,0.0049341134,0.007068678502,0.00801877675,0.007980823592,0.01839034053,0.01343886478,0.00881208738,0.005421600885,0.02686482033,0.003763747457,0.006711617695,0.01023660741,0.01240836056,0.01312150077,0.0002971976103,0.0002261537054,0.0001544206942,9.862501759e-05,0.00292392185,0.000190008639,0.0005309752184,0.001229028521,0.002093373261,0.002985310363,0.0001910710667,0.0001445150146,9.807863475e-05,6.229006117e-05,0.002494218337,0.0001494332649,0.0003903517839,0.0008486803429,0.001352821169,0.001815740118,5.483669424e-07,1.036422372e-06,1.482578114e-06,1.611222258e-06,0.003431384798,0.0001198922491,0.0008465043848,0.003852574442,0.01012258159,0.01908496047,1.254307659e-09,4.608545323e-09,1.163929378e-08,1.962655235e-08,0.001524260809,1.986092718e-05,0.0002752615385,0.002108186646,0.007845851537,0.01914910152,6.805590852e-09,3.230482691e-08,1.098449843e-07,2.528179719e-07,0.004283732351,0.0002816198017,0.002601149355,0.01430207064,0.04419652165,0.09569839035,3.095650251e-09,1.861077156e-08,8.014715282e-08,2.294212132e-07,0.004930423667,0.0004387993169,0.003858214264,0.02026588315,0.06081538557,0.1293303712,8.871813092e-10,7.188506214e-09,4.172305992e-08,1.573131809e-07,0.005265916737,0.0005897439393,0.004872764477,0.02415879803,0.06913204212,0.1421186929,2.857762989e-11,3.976252583e-10,3.802985763e-09,2.192029351e-08,0.004214596479,0.0003700355728,0.003400203333,0.01778003914,0.0504521241,0.1008791736,2.747243523e-14,1.146127054e-12,2.810910176e-11,3.363453757e-10,0.003343730026,0.0001350715376,0.001983681745,0.01347733916,0.04057325568,0.0772545449,8.989286822e-13,3.333360432e-11,7.266376749e-10,7.798564166e-09,0.009275965686,0.001077198427,0.01008525153,0.04510942328,0.09690102922,0.1344583882,1.519175042e-11,5.003856946e-10,9.689035584e-09,9.321284822e-08,0.02032295984,0.004921627822,0.03151056667,0.09903347128,0.1581181739,0.1657440202,5.51616201e-13,3.809625198e-11,1.374917656e-09,2.116937927e-08,0.02361115345,0.00538113919,0.03477517626,0.09661686202,0.1206421791,0.09128106672
42,0.02725053643,0.02826512364,0.02630692707,0.02236256714,0.1031722886,0.04644698678,0.07363039304,0.1006767776,0.1159841857,0.1191648967,0.04098001103,0.04276295915,0.04004117628,0.03422761852,0.1197875535,0.05849137614,0.09889054037,0.1435465943,0.1761801309,0.1918027739,0.0006181715257,0.0006738792146,0.0006591716535,0.0005866593074,0.01271060677,0.002920530493,0.007871958166,0.01762019073,0.03085627335,0.04593184412,0.0004110664018,0.0004454153711,0.0004330737062,0.0003832930457,0.01094756802,0.002319142584,0.005861181177,0.01235796663,0.02031352639,0.02853693587,0.0117060607,0.008527281988,0.005573832013,0.003419284806,0.02301074681,0.00297251393,0.004934092581,0.007041025019,0.007957754028,0.007885332099,0.01824915743,0.0133811574,0.008804160242,0.005433767344,0.02707081199,0.003820265724,0.006801546281,0.01035841532,0.01254204915,0.01323626168,0.0002938121832,0.0002246819309,0.000154173557,9.891606389e-05,0.002955568403,0.0001940202513,0.0005409144372,0.001249308519,0.002124385329,0.003022052192,0.0001884680575,0.0001431809017,9.760584589e-05,6.224451157e-05,0.002512293913,0.0001509653886,0.000392399287,0.0008492044647,0.001347892654,0.001800348598,5.332878639e-07,1.017572778e-06,1.469550629e-06,1.611173684e-06,0.003476775338,0.000123017518,0.0008594913235,0.003873697692,0.01008710412,0.01884113558,1.207986563e-09,4.494831521e-09,1.149655471e-08,1.961345927e-08,0.001548123522,2.051894228e-05,0.0002801907149,0.002116559773,0.007776266854,0.01873518036,6.616461628e-09,3.174360042e-08,1.090932298e-07,2.535702231e-07,0.004350098257,0.0002900498996,0.002641333737,0.01433325282,0.04375031618,0.09362311906,3.049647543e-09,1.851949842e-08,8.056010448e-08,2.327537275e-07,0.005028105282,0.0004549413742,0.003936317862,0.02036960727,0.06028333868,0.1265515546,8.887055493e-10,7.268095807e-09,4.257891841e-08,1.619233835e-07,0.005399115239,0.0006165819746,0.005001075892,0.02437239853,0.06864507758,0.1391008996,2.903882189e-11,4.075633646e-10,3.932006825e-09,2.284622456e-08,0.004338816952,0.0003891722169,0.00349399652,0.01788090824,0.04972621307,0.09764294271,2.837815325e-14,1.192671625e-12,2.94670216e-11,3.550010548e-10,0.003449791336,0.0001426378161,0.002025950784,0.01334393197,0.03898058182,0.07218962118,9.295359133e-13,3.456730422e-11,7.556896035e-10,8.131804407e-09,0.009500748342,0.001112829623,0.01008580297,0.04377131563,0.09122094449,0.1230455948,1.577751973e-11,5.188150682e-10,1.00291708e-08,9.633690021e-08,0.02068881243,0.004990489594,0.03096116005,0.09450315511,0.1463890062,0.1491240482,5.705347725e-13,3.927011022e-11,1.412509321e-09,2.168054683e-08,0.02393919477,0.005366620263,0.03336654763,0.08943531943,0.1074290908,0.07831152885
43,0.02698554216,0.02806485317,0.02619013871,0.02231804871,0.1035162943,0.04654416579,0.07344350014,0.09999027677,0.1147172523,0.1173493542,0.04066577324,0.0425679289,0.03998337077,0.03427698544,0.1205865382,0.05920058831,0.09986841864,0.1446685677,0.1772495986,0.1925503622,0.0006110127327,0.0006692212365,0.0006577071531,0.0005879074747,0.01283666134,0.002974101515,0.007992104684,0.01783886874,0.03116629221,0.0462693721,0.0004054640684,0.0004412146943,0.0004308151424,0.0003827917622,0.01101950211,0.002338271932,0.005877414997,0.01232965426,0.02017105504,0.02819875731,0.01158870232,0.008466403517,0.005550172963,0.003413932795,0.02310292598,0.002984170824,0.004932160443,0.007010184883,0.007892799957,0.007785997918,0.01810702967,0.01332239226,0.008795501717,0.005445574398,0.02727760431,0.003877051579,0.006891110146,0.01047852786,0.01267244031,0.01334609225,0.0002904186381,0.0002231870912,0.0001539065338,9.919622301e-05,0.002987382487,0.0001980672296,0.0005508412028,0.001269334524,0.002154628921,0.003057198853,0.0001858711896,0.0001418357858,9.711872164e-05,6.218797397e-05,0.002530181011,0.0001524525624,0.0003942524692,0.0008491908225,0.001341971605,0.001783544086,5.184356384e-07,9.986887253e-07,1.456064919e-06,1.610468576e-06,0.003522011171,0.0001261147188,0.0008716829003,0.003889514387,0.01003486794,0.01856413607,1.162803587e-09,4.381639767e-09,1.134932296e-08,1.958907701e-08,0.001571921893,2.117282101e-05,0.0002847532367,0.00212084388,0.007689205711,0.01828007012,6.429493438e-09,3.117585424e-08,1.082857222e-07,2.541722661e-07,0.00441613667,0.0002983695976,0.002677983717,0.01433778352,0.04321216936,0.09135731721,3.00293836e-09,1.841891034e-08,8.09268582e-08,2.359791116e-07,0.005125908777,0.0004710400705,0.004009197238,0.02043263678,0.05961288222,0.1234917121,8.898412292e-10,7.344598056e-09,4.342449462e-08,1.665464348e-07,0.005533398332,0.0006436593268,0.005123126195,0.02453361273,0.06798396267,0.1357416168,2.949026412e-11,4.174433708e-10,4.061808587e-09,2.378688453e-08,0.004464211086,0.0004084745871,0.003581705418,0.01793220564,0.04885103681,0.09416031612,2.927643274e-14,1.239226226e-12,3.083625519e-11,3.739491793e-10,0.00355600105,0.0001501117027,0.002060918087,0.01315288609,0.0372570726,0.06706176425,9.595182176e-13,3.577542861e-11,7.841426278e-10,8.45831246e-09,0.009720395167,0.001145166867,0.01004211513,0.04226707342,0.08539899732,0.1119014449,1.635032528e-11,5.366151632e-10,1.03532829e-08,9.927338355e-08,0.02103472366,0.005038481406,0.03027634917,0.0897125279,0.1347376633,0.1332952355,5.883933139e-13,4.034965854e-11,1.445976382e-09,2.211851287e-08,0.02423502616,0.005322220408,0.0318183066,0.08223653586,0.09494363554,0.0666189317
44,0.02672041441,0.0278627277,0.02607038649,0.02227031381,0.1038492325,0.04662597225,0.07322635838,0.09925892992,0.1133979708,0.115485011,0.04034965355,0.04236941614,0.03992165584,0.03432309109,0.1213838276,0.05990609767,0.1008274215,0.1457475243,0.1782488825,0.1932044452,0.0006038438432,0.0006644943156,0.0006561472233,0.0005890706855,0.01296275295,0.003027693403,0.008110598094,0.01805061881,0.03145920741,0.04657483145,0.00039987847,0.0004369808664,0.000428489534,0.0003822146725,0.0110902084,0.002356507168,0.005890357545,0.01229307404,0.0200136474,0.02783939528,0.0114713621,0.008405021122,0.005525938247,0.003408138571,0.02319307523,0.002994943556,0.004928275104,0.006976156807,0.007823987071,0.007682987655,0.01796409855,0.01326261085,0.008786097586,0.005456990379,0.02748492014,0.003934011063,0.006980122421,0.01059664211,0.01279914527,0.01345059412,0.0002870206153,0.00022167045,0.0001536193461,9.946464138e-05,0.003019319324,0.0002021423438,0.0005607319397,0.001289047365,0.002183996475,0.003090599136,0.0001832831966,0.0001404809984,9.661752695e-05,6.212019029e-05,0.002547844412,0.0001538899867,0.0003959015461,0.0008486269949,0.001335054788,0.001765352133,5.038253683e-07,9.797946846e-07,1.44213335e-06,1.609087948e-06,0.003566997053,0.0001291713271,0.0008830016653,0.003899812227,0.009965800139,0.01825499252,1.118792143e-09,4.269130557e-09,1.119779322e-08,1.95531263e-08,0.001595601694,2.181937832e-05,0.0002889120993,0.002120911285,0.007584945892,0.01778657726,6.24492165e-09,3.060246375e-08,1.074229366e-07,2.546178638e-07,0.004481688723,0.0003065363923,0.002710792855,0.01431499762,0.04258393988,0.08891415382,2.955587243e-09,1.830898889e-08,8.12449114e-08,2.390832264e-07,0.005223603499,0.0004870142043,0.004076252771,0.02045351792,0.05880607884,0.1201695943,8.905727888e-10,7.417684058e-09,4.425664337e-08,1.711666306e-07,0.00566846065,0.0006708439159,0.005237910153,0.02463984413,0.06715020014,0.1320627682,2.993019936e-11,4.272281708e-10,4.191921412e-09,2.473906451e-08,0.004590456888,0.0004278263117,0.003662424492,0.01793219442,0.04783193918,0.09046075877,3.016270706e-14,1.285543906e-12,3.220936102e-11,3.930860862e-10,0.003661966021,0.0001574140438,0.002087941049,0.01290555023,0.03542331652,0.0619297338,9.886785134e-13,3.694919509e-11,8.117708754e-10,8.775301842e-09,0.009933814118,0.001173719873,0.009953822748,0.04061381954,0.07950228506,0.1011300344,1.690581074e-11,5.536295178e-10,1.065813137e-08,1.019895874e-07,0.02135853961,0.005064472436,0.0294633006,0.08471852247,0.1232842104,0.1183667725,6.049995219e-13,4.13213817e-11,1.474836371e-09,2.247610371e-08,0.02449624562,0.005248104656,0.03015308742,0.07510988878,0.08327566081,0.0561943583
45,0.02645541781,0.02765893545,0.02594774938,0.02221934405,0.1041703282,0.04669189082,0.07297880519,0.09848351197,0.1120284705,0.1135754379,0.04003196607,0.0421675723,0.0398559967,0.034365763,0.1221782231,0.06060650006,0.1017651361,0.1467800871,0.1791740359,0.1937613466,0.0005966724855,0.0006597027017,0.0006544913504,0.0005901444064,0.01308868422,0.003081190983,0.00822710616,0.01825470018,0.03173375304,0.04684653561,0.0003943153796,0.0004327181635,0.0004260984278,0.0003815606131,0.01115953807,0.002373782232,0.00589990247,0.01224816676,0.01984151218,0.0274596347,0.01135415687,0.008343191548,0.005501143025,0.003401897576,0.02328100882,0.003004789942,0.004922403288,0.006938954817,0.007751407634,0.007576487379,0.01782050615,0.0132018575,0.008775935925,0.005467984729,0.02769247942,0.00399104804,0.007068395435,0.0107124589,0.01292178588,0.01354938839,0.000283621719,0.0002201333336,0.0001533117827,9.972049999e-05,0.003051333298,0.000206238062,0.0005705626594,0.001308388026,0.002212382609,0.003122108403,0.0001807067354,0.0001391178907,9.610257539e-05,6.20409427e-05,0.002565249444,0.000155273013,0.000397337633,0.0008475034052,0.001327144685,0.001745806838,4.894708915e-07,9.609149665e-07,1.427770284e-06,1.607015709e-06,0.003611637041,0.0001321745845,0.0008933742064,0.003904418374,0.00987997385,0.0179150438,1.075980009e-09,4.157459865e-09,1.104218214e-08,1.950538452e-08,0.001619107997,2.245532909e-05,0.0002926325862,0.002116672438,0.00746395218,0.01725794987,6.062967667e-09,3.002432823e-08,1.065056326e-07,2.549015107e-07,0.004546594151,0.000314507021,0.002739478136,0.01426447397,0.04186843215,0.0863087507,2.907661588e-09,1.818976234e-08,8.151197586e-08,2.420522118e-07,0.005320952847,0.0005027792251,0.004136916011,0.02043118329,0.05786649655,0.116607004,8.908863796e-10,7.487034688e-09,4.507218389e-08,1.757675596e-07,0.005803982269,0.0006979941512,0.005344450003,0.02468901143,0.06614731291,0.128090244,3.035687969e-11,4.368797122e-10,4.321849146e-09,2.569927073e-08,0.004717214375,0.0004471021086,0.003735288019,0.01787973297,0.04667623324,0.08657656509,3.103228451e-14,1.331365587e-12,3.357836174e-11,4.122982677e-10,0.0037672772,0.0001644624532,0.002106482826,0.0126042544,0.03350155694,0.05684992179,1.016818235e-12,3.807972776e-11,8.38345314e-10,9.079938003e-09,0.01013991882,0.001198036571,0.009821322525,0.03883114374,0.07359684995,0.09082201903,1.743959238e-11,5.697032426e-10,1.094056247e-08,1.044542025e-07,0.02165821416,0.005067680206,0.02853146776,0.07958027009,0.1121387742,0.1044222586,6.20168724e-13,4.217270602e-11,1.498657107e-09,2.274716538e-08,0.02472068192,0.005145057864,0.02839548158,0.06813843058,0.07248961117,0.04700219587
46,0.02619081293,0.02745366855,0.02582231598,0.02216513264,0.1044788465,0.04674147204,0.07270081859,0.09766501466,0.1106111377,0.1116244376,0.03971302667,0.0419625587,0.03978637152,0.0344048397,0.1229685305,0.06130039155,0.1026792072,0.147763044,0.1800214153,0.1942178307,0.0005895062027,0.0006548508433,0.0006527393592,0.0005911244009,0.01321425654,0.003134476887,0.008341299164,0.01845039715,0.03198874113,0.04708296598,0.0003887804071,0.0004284309289,0.0004236436082,0.0003808287109,0.01122734634,0.002390034714,0.005905959874,0.0121949187,0.01965494519,0.02706038668,0.01123720137,0.00828097249,0.005475804295,0.003395206821,0.02336654833,0.003013671445,0.004914520642,0.006898608329,0.007675173187,0.00746670144,0.01767639518,0.01314017932,0.008765007236,0.005478528157,0.02789999996,0.004048064563,0.007155741644,0.01082568459,0.01303999708,0.01364211858,0.0002802255121,0.0002185771306,0.0001529837023,9.996301899e-05,0.003083378103,0.000210346581,0.0005803090971,0.001327298062,0.002239684974,0.003151589911,0.0001781443826,0.0001377478314,9.557422958e-05,6.19500556e-05,0.002582362135,0.0001565971775,0.0003985528235,0.0008458134348,0.001318249532,0.001724950622,4.753847927e-07,9.420736477e-07,1.412992054e-06,1.604238836e-06,0.003655834968,0.0001351116127,0.0009027320803,0.003903202437,0.009777609626,0.01754592114,1.03438954e-09,4.046778621e-09,1.088272743e-08,1.944568865e-08,0.001642385466,2.3077322e-05,0.0002958828151,0.002108078144,0.007326871454,0.01669782349,5.883838542e-09,2.944236657e-08,1.055348543e-07,2.550184934e-07,0.004610692191,0.0003222379323,0.002763784447,0.0141860468,0.04106936483,0.08355794118,2.859231362e-09,1.806130635e-08,8.172600114e-08,2.448726142e-07,0.005417715581,0.0005182481189,0.004190658835,0.02036497792,0.05679917281,0.1128284343,8.907700044e-10,7.552343389e-09,4.586792591e-08,1.803322214e-07,0.005939630332,0.0007249602683,0.005441811464,0.02467959778,0.06498081824,0.1238534512,3.076858128e-11,4.46359309e-10,4.451072825e-09,2.666374619e-08,0.004844127477,0.0004661692062,0.003799487369,0.01777431363,0.04539307989,0.08254218225,3.188039968e-14,1.3764229e-12,3.493482878e-11,4.314634974e-10,0.003871513008,0.0001711729793,0.00211612993,0.0122522652,0.03151508729,0.05187491673,1.043740116e-12,3.915819169e-11,8.636374726e-10,9.369387113e-09,0.01033764053,0.001217716083,0.009645779156,0.03694058768,0.06774597384,0.08105296517,1.794732954e-11,5.846858287e-10,1.119757283e-08,1.066380125e-07,0.02193183577,0.005047701321,0.02749235279,0.07435751745,0.101399124,0.0915194171,6.33727868e-13,4.289230667e-11,1.517068532e-09,2.292675051e-08,0.02490642864,0.005014470745,0.02657125833,0.0613967435,0.06262481187,0.03898455999
47,0.02592685599,0.02724712278,0.02569418459,0.02210768472,0.1047740964,0.04677433596,0.07239251907,0.09680464213,0.1091486013,0.1096360185,0.0393931525,0.04175454647,0.03971277195,0.03444017168,0.1237535639,0.06198637527,0.103567351,0.1486933702,0.1807877087,0.1945711312,0.0005823524409,0.0006499433819,0.0006508914237,0.0005920067565,0.01333927073,0.003187432172,0.008452852167,0.01863702484,0.03222307259,0.04728278779,0.0003832789942,0.0004241235656,0.0004211270975,0.0003800183938,0.01129349325,0.002405206347,0.00590845721,0.01213336222,0.01945432755,0.02664268108,0.01112060811,0.008218422536,0.005449940905,0.003388064942,0.02344952343,0.003021553456,0.004904611999,0.006855162115,0.007595413929,0.007353851128,0.01753190877,0.01307762628,0.008753304574,0.005488592789,0.02810719828,0.004104961271,0.007241974614,0.01093603284,0.0131534295,0.01372845337,0.0002768355103,0.0002170032898,0.0001526350369,0.0001001914621,0.00311540688,0.0002144598614,0.0005899468579,0.001345720019,0.002265805103,0.003178916112,0.0001755986334,0.0001363722046,9.503290146e-05,6.184739756e-05,0.002599149367,0.0001578582337,0.0003995402625,0.0008435535107,0.001308383312,0.001702833904,4.615784207e-07,9.23294497e-07,1.397816911e-06,1.600747525e-06,0.003699494943,0.0001379695357,0.0009110127126,0.003896078892,0.009659074415,0.01714952687,9.940379054e-10,3.937232203e-09,1.071968664e-08,1.937393787e-08,0.001665378672,2.368197668e-05,0.0002986342594,0.002095121093,0.007174523986,0.01611015859,5.707726667e-09,2.885751277e-08,1.045119272e-07,2.549649446e-07,0.004673822551,0.0003296857913,0.002783488776,0.01407981274,0.04019132101,0.08067999294,2.810368796e-09,1.792374433e-08,8.188519662e-08,2.475315161e-07,0.00551364725,0.0005333323969,0.004237002306,0.02025467815,0.05561054753,0.1088606475,8.902136458e-10,7.613318976e-09,4.664069732e-08,1.848431622e-07,0.006075060922,0.0007515859315,0.005529119769,0.02461069007,0.06365815699,0.1193847808,3.116361973e-11,4.556279826e-10,4.579054993e-09,2.762849832e-08,0.004970826269,0.0004848890553,0.003854287913,0.01761608728,0.04399331783,0.07839348048,3.270226924e-14,1.420441405e-12,3.626998316e-11,4.504522544e-10,0.003974243101,0.0001774619573,0.002116606688,0.01185371009,0.0294876203,0.04705226859,1.069251106e-12,4.017593478e-11,8.874233874e-10,9.640868103e-09,0.01052594047,0.001232420751,0.009429106238,0.03496506935,0.06200863575,0.07188236199,1.842479815e-11,5.984340063e-10,1.142637276e-08,1.08514566e-07,0.0221776533,0.005004530628,0.02635919919,0.06910906696,0.09114883197,0.0796907968,6.455194107e-13,4.347039487e-11,1.529773259e-09,2.301127551e-08,0.02505187475,0.00485830202,0.02470655706,0.05494925496,0.0536967675,0.03206612233
48,0.02566379862,0.02703949739,0.02556346313,0.02204701759,0.1050554345,0.04679017526,0.07205417038,0.09590380486,0.1076437157,0.1076143682,0.03907266162,0.04154371652,0.03963520362,0.03447162228,0.1245321496,0.06266306852,0.1044273696,0.1495682496,0.1814699624,0.1948189773,0.0005752185373,0.0006449851456,0.0006489480766,0.0005927879102,0.01346352783,0.003239936992,0.008561447318,0.0188139349,0.03243574769,0.0474448645,0.000377816409,0.0004198005287,0.0004185511544,0.0003791294004,0.0113578443,0.002419243476,0.00590734006,0.01206357597,0.01924012303,0.02620765793,0.01100448732,0.008155601106,0.005423573567,0.003380472249,0.02352977271,0.003028405542,0.004892671578,0.006808676149,0.007512277953,0.007238173174,0.01738719025,0.01301425116,0.008740823665,0.005498152317,0.02831379046,0.00416163782,0.007326910037,0.01104322647,0.01326175192,0.01380808927,0.0002734551771,0.0002154133189,0.000152265794,0.0001004051412,0.003147372387,0.000218569666,0.0005994515726,0.001363597874,0.002290649271,0.00320396989,0.0001730718986,0.0001349924079,9.447905221e-05,6.173288297e-05,0.002615579041,0.0001590521848,0.0004002942109,0.0008407231664,0.00129756567,0.0016795147,4.480619103e-07,9.046009029e-07,1.382264966e-06,1.596535327e-06,0.003742521882,0.0001407356099,0.0009181602487,0.00388300887,0.009524878062,0.01672800821,9.549373303e-10,3.828959976e-09,1.055333588e-08,1.929009554e-08,0.001688032428,2.426592368e-05,0.0003008622311,0.002077836624,0.007007891113,0.01549917119,5.534809564e-09,2.827071129e-08,1.034384534e-07,2.547378913e-07,0.004735826417,0.000336808009,0.002798404006,0.01394613323,0.03923968092,0.07769430244,2.76114806e-09,1.777724737e-08,8.19880517e-08,2.50016666e-07,0.005608501737,0.0005479431761,0.004275524997,0.02010050263,0.05430836622,0.1047322053,8.892093814e-10,7.669688412e-09,4.738737324e-08,1.892826248e-07,0.00620992117,0.0007777100824,0.005605575305,0.02448200671,0.06218857918,0.1147190054,3.154036579e-11,4.646468275e-10,4.705244603e-09,2.85893327e-08,0.0050969295,0.0005031193064,0.003899045035,0.01740587253,0.0424892497,0.07416699575,3.349315126e-14,1.463144132e-12,3.757481112e-11,4.691294289e-10,0.004075032483,0.00018324799,0.002107785838,0.01141347301,0.02744265916,0.04242350171,1.093165358e-12,4.112463342e-11,9.094876715e-10,9.891706536e-09,0.01070382224,0.001241886707,0.009173922363,0.03292827205,0.05643819417,0.0633532971,1.88679653e-11,6.108145707e-10,1.162444709e-08,1.100608057e-07,0.02239410028,0.004938567615,0.02514662832,0.06389130688,0.08145606007,0.068945345,6.554049703e-13,4.389897381e-11,1.536555341e-09,2.299864049e-08,0.02515573127,0.004679018252,0.02282709237,0.04884907031,0.04569931055,0.0261590269
49,0.02540188763,0.02683099479,0.02543026917,0.021983161,0.1053222677,0.04678875801,0.07168617925,0.0949641119,0.1060995434,0.1055638246,0.03875187245,0.04133025938,0.03955368653,0.03449906861,0.125303131,0.0633291102,0.1052571647,0.1503850959,0.1820656061,0.1949596153,0.0005681117095,0.0006399811415,0.0006469102171,0.0005934646735,0.01358682992,0.003291871318,0.008666776204,0.01898052107,0.03262587578,0.04756827039,0.0003723977422,0.0004154663177,0.0004159182719,0.0003781617878,0.01142027119,0.002432097498,0.005902572756,0.0119856846,0.01901287452,0.02575655756,0.01088894683,0.008092568379,0.005396724846,0.003372430775,0.02360714443,0.003034201681,0.004878703124,0.006759225339,0.007425930317,0.007119918134,0.01724238299,0.01295010953,0.008727563013,0.005507182149,0.02851949303,0.004217993345,0.00741036678,0.01114699924,0.01336465378,0.01388075318,0.0002700879184,0.0002138087821,0.000151876059,0.0001006034205,0.003179227163,0.0002226676025,0.0006087990598,0.001380877468,0.002314129322,0.003226645733,0.0001705665037,0.0001336098498,9.391319204e-05,6.160647354e-05,0.00263162023,0.0001601753152,0.0004008101033,0.0008373250748,0.001285821793,0.001655058135,4.348442089e-07,8.860158032e-07,1.366358109e-06,1.591599257e-06,0.003784822047,0.0001433973579,0.0009241263359,0.003864001269,0.009375667409,0.01628372685,9.170953626e-10,3.72209486e-09,1.038396834e-08,1.919419068e-08,0.00171029213,2.482584641e-05,0.0003025463127,0.002056302711,0.006828099579,0.01486925876,5.365249753e-09,2.768291235e-08,1.023163037e-07,2.543352952e-07,0.004796547496,0.0003435632879,0.002808382227,0.01378563208,0.03822053901,0.07462106934,2.711644915e-09,1.762203372e-08,8.203335376e-08,2.523166061e-07,0.005702032892,0.0005619923286,0.004305870568,0.01990311481,0.05290155544,0.1004729646,8.877514854e-10,7.721199502e-09,4.810490603e-08,1.936327125e-07,0.006343851571,0.0008031690052,0.005670468425,0.02429391279,0.06058298839,0.1098926281,3.189726114e-11,4.733773968e-10,4.829082428e-09,2.954189255e-08,0.005222047426,0.0005207160137,0.003933218705,0.0171451488,0.04089439128,0.06989917132,3.424840713e-14,1.504255391e-12,3.884019245e-11,4.873562811e-10,0.00417344591,0.0001884539872,0.002089694675,0.01093706578,0.02540289781,0.03802340703,1.115307201e-12,4.199643805e-11,9.296275916e-10,1.01193887e-08,0.01087034417,0.001245932461,0.008883483926,0.03085402417,0.05108134105,0.05549275897,1.927306285e-11,6.217070869e-10,1.178961155e-08,1.112576318e-07,0.02257981696,0.004850609496,0.02387023581,0.05875689139,0.07237298668,0.0592706935,6.632686084e-13,4.417205274e-11,1.537286883e-09,2.288830594e-08,0.02521705315,0.004479514235,0.02095741083,0.04313734459,0.03860739722,0.02116761607
50,0.02514136482,0.02662182032,0.02529472971,0.02191615727,0.1055740568,0.04676992994,0.0712890942,0.09398736166,0.1045193343,0.1034888469,0.03843110343,0.04111437505,0.03946825541,0.03452240238,0.1260653721,0.06398316827,0.1060547517,0.1511415716,0.1825724745,0.1949918271,0.0005610390451,0.0006349365474,0.0006447791169,0.0005940342556,0.0137089809,0.003343115686,0.008768542211,0.01913622453,0.03279268423,0.04765230123,0.0003670279033,0.0004111254678,0.0004132311732,0.0003771159384,0.0114806525,0.002443725289,0.005894138848,0.01189985811,0.01877319972,0.02529070977,0.01077409199,0.00802938523,0.005369419156,0.003363944307,0.02368149725,0.003038920472,0.004862719972,0.006706899134,0.007336551994,0.006999348662,0.01709763018,0.01288525971,0.008713524,0.005515659554,0.02872402396,0.004273926942,0.007492167951,0.01124709772,0.0134618475,0.01394620469,0.0002667370778,0.0002121912982,0.0001514659972,0.0001007857207,0.003210923711,0.0002267451699,0.0006179654943,0.001397506952,0.002336163484,0.003246850819,0.0001680846869,0.0001322259476,9.333587958e-05,6.146817947e-05,0.002647243337,0.0001612242203,0.0004010845954,0.0008333650515,0.001273182219,0.001629535881,4.219331077e-07,8.675616163e-07,1.350119926e-06,1.585939874e-06,0.003826303612,0.0001459427055,0.0009288708202,0.003839113139,0.009212218074,0.0158192249,8.805151435e-10,3.616762952e-09,1.021189262e-08,1.908631884e-08,0.001732104119,2.535852437e-05,0.0003036707264,0.002030639134,0.006636402944,0.01422492357,5.199194713e-09,2.709506722e-08,1.011476073e-07,2.53756085e-07,0.00485583309,0.0003499121714,0.002813317448,0.0135991883,0.03714060719,0.07148096001,2.661936364e-09,1.74583679e-08,8.202020367e-08,2.544207962e-07,0.005793996257,0.00057539368,0.004327754374,0.01966361691,0.05140007402,0.0961135536,8.858365124e-10,7.76762348e-09,4.879035577e-08,1.978755634e-07,0.00647648851,0.000827798573,0.005723192999,0.02404742186,0.05885374928,0.1049432005,3.223283415e-11,4.817821004e-10,4.950006921e-09,3.048170353e-08,0.005345784884,0.0005375360175,0.003956386115,0.01683603321,0.03922319191,0.06562562432,3.496356446e-14,1.54350476e-12,4.005703889e-11,5.049926144e-10,0.004269052517,0.0001930091854,0.002062516365,0.01043048053,0.02338967541,0.03387962775,1.135514046e-12,4.278411487e-11,9.47657033e-10,1.032161423e-08,0.01102463125,0.001244465099,0.008561597359,0.0287656963,0.04597735741,0.04831249718,1.963665784e-11,6.310063873e-10,1.192006258e-08,1.12090377e-07,0.02273366988,0.004741831099,0.02254616579,0.0537536198,0.06393584729,0.05063597583,6.690196197e-13,4.428581048e-11,1.531932187e-09,2.268132207e-08,0.02523525569,0.004263018026,0.01912023379,0.03784318111,0.03238032926,0.0169927403
51,0.02488246679,0.02641218192,0.02515698116,0.02184606143,0.1058103195,0.04673361623,0.07086360316,0.09297553118,0.1029065047,0.1013939848,0.03811067249,0.04089627276,0.03937896005,0.03454153068,0.1268177627,0.06462394738,0.1068182731,0.1518356067,0.1829888273,0.1949149441,0.0005540074916,0.0006298567023,0.0006425564245,0.0005944942855,0.0138297874,0.003393551972,0.008866462857,0.01928053895,0.03293552642,0.04769648281,0.000361711618,0.0004067825423,0.0004104928074,0.0003759925638,0.01153887431,0.002454089575,0.005882041409,0.01180631071,0.01852178603,0.02481152214,0.01066002563,0.007966113147,0.005341682737,0.003355018414,0.02375270099,0.003042545317,0.004844745054,0.006651801028,0.007244338682,0.00687673769,0.01695307461,0.01281976276,0.008698710974,0.005523563799,0.02892710358,0.004329338177,0.007572141979,0.01134328297,0.01355307074,0.01400423819,0.0002634059323,0.0002105625378,0.000151035855,0.0001009515232,0.00324241468,0.0002307938079,0.0006269275784,0.001413437213,0.002356677131,0.003264505983,0.0001656285986,0.0001308421249,9.27477211e-05,6.131806051e-05,0.002662420252,0.0001621958347,0.0004011156015,0.0008288520287,0.001259682593,0.001603025529,4.093352771e-07,8.492601767e-07,1.333575592e-06,1.579561341e-06,0.003866877227,0.0001483601182,0.0009323623423,0.003808449335,0.009035424091,0.01533718799,8.451956892e-10,3.513083183e-09,1.003743097e-08,1.896664235e-08,0.001753416045,2.586087672e-05,0.0003042246297,0.002001005852,0.006434160577,0.01357069556,5.036776923e-09,2.650812351e-08,9.993473943e-08,2.530001799e-07,0.00491353517,0.0003558175869,0.002813147652,0.01338792415,0.03600710692,0.06829476934,2.612100281e-09,1.728655939e-08,8.194802849e-08,2.563197306e-07,0.005884150843,0.0005880642311,0.00434096891,0.01938353511,0.04981474391,0.09168484242,8.834633645e-10,7.80875744e-09,4.944092083e-08,2.019935342e-07,0.006607466949,0.0008514366271,0.005763258302,0.02374418406,0.05701446384,0.09990863232,3.254571515e-11,4.898246117e-10,5.067460418e-09,3.14042232e-08,0.005467744605,0.0005534394453,0.0039682519,0.01648124181,0.03749073582,0.06138046162,3.563438003e-14,1.580631164e-12,4.121643936e-11,5.218991124e-10,0.00436143059,0.0001968510688,0.002026586301,0.009900029647,0.02142250619,0.03001253517,1.153639116e-12,4.348117928e-11,9.634102291e-10,1.04963455e-08,0.01116588651,0.001237483761,0.008212514586,0.02668564038,0.04115768256,0.04181034688,1.995571773e-11,6.386247768e-10,1.201441898e-08,1.125491754e-07,0.02285476821,0.004613752347,0.02119068169,0.04892355167,0.05616553409,0.04299498292,6.725947226e-13,4.423870123e-11,1.520549218e-09,2.238030902e-08,0.02521012532,0.004032985534,0.01733591363,0.03298401327,0.02696518074,0.01353548831
52,0.02462542472,0.0262022899,0.02501716902,0.02177294123,0.1060306329,0.04667982277,0.07041053018,0.09193076404,0.1012646149,0.09928384839,0.03779089665,0.0406761708,0.03928586552,0.03455637671,0.1275592223,0.06525019652,0.1075460115,0.1524654154,0.1833133655,0.194728857,0.0005470238474,0.0006247470968,0.000640244168,0.0005948428319,0.0139490596,0.003443064198,0.008960272076,0.01941301518,0.03305388849,0.04770057712,0.0003564534257,0.0004024421233,0.0004077063431,0.0003747927083,0.01159483094,0.002463159272,0.005866303165,0.01170529929,0.01825938485,0.02432046765,0.01054684795,0.007902814156,0.005313543629,0.003345660471,0.02382063724,0.003045064568,0.004824810827,0.006594047955,0.00714949951,0.006752366553,0.01680885854,0.01275368238,0.008683131325,0.005530876283,0.02912845559,0.004384127608,0.007650123688,0.01143533235,0.01363808851,0.01405468474,0.0002600976876,0.0002089242203,0.0001505859616,0.0001011003736,0.003273653064,0.0002348049484,0.0006356627157,0.001428622295,0.002375603495,0.003279546564,0.0001632003003,0.000129459809,9.214936949e-05,6.115622664e-05,0.002677124499,0.0001630874584,0.0004009023223,0.0008237980004,0.001245363381,0.001575609908,3.970563054e-07,8.311326729e-07,1.316751757e-06,1.572471454e-06,0.003906456589,0.0001506387368,0.0009345788166,0.003772161418,0.008846285631,0.01484040662,8.111321778e-10,3.411167037e-09,9.860917394e-09,1.883538996e-08,0.001774177237,2.633000533e-05,0.0003042023293,0.00196760062,0.006222814793,0.01291105706,4.878113994e-09,2.592302052e-08,9.868030719e-08,2.520685035e-07,0.004969511469,0.0003612453696,0.002807856126,0.0131531887,0.03482765298,0.06508309004,2.562215048e-09,1.710696094e-08,8.181659107e-08,2.580050483e-07,0.005972260952,0.0005999253748,0.004345387939,0.01906479657,0.04815706547,0.08721742517,8.80633338e-10,7.844426561e-09,5.005396791e-08,2.059693893e-07,0.006736423256,0.0008739254382,0.005790298878,0.0233864608,0.05507972274,0.09482651294,3.283465114e-11,4.974702736e-10,5.180895602e-09,3.230489443e-08,0.005587530698,0.0005682922649,0.003968655582,0.01608403617,0.03571243437,0.05719566674,3.625690104e-14,1.615386955e-12,4.230980844e-11,5.379397797e-10,0.004450172402,0.0001999271075,0.00198238358,0.009352180104,0.01951870059,0.02643537572,1.169553959e-12,4.408201737e-11,9.767451346e-10,1.064185211e-08,0.0112934015,0.001225080208,0.007840816295,0.02463469226,0.03664579098,0.03597190684,2.022766825e-11,6.444938735e-10,1.207175359e-08,1.126292101e-07,0.02294247678,0.004468194765,0.01981975183,0.04430237956,0.04906867293,0.03628946847,6.739595656e-13,4.403149814e-11,1.503288321e-09,2.198938833e-08,0.02514182407,0.003792990114,0.01562202248,0.02856640145,0.02230022539,0.01070023942
53,0.02437046429,0.02599235656,0.02487544774,0.02169687716,0.106234636,0.04660863687,0.06993083109,0.09085535718,0.09959734539,0.09716307778,0.03747209161,0.04045429616,0.03918905234,0.03456688051,0.1282887047,0.06586071658,0.1082364018,0.1530295103,0.1835452445,0.1944340205,0.0005400947533,0.0006196133621,0.0006378447554,0.0005950784212,0.0140666121,0.003491539332,0.009049722422,0.01953326548,0.03314739502,0.04766458606,0.0003512576783,0.0003981088035,0.0004048751611,0.0003735177493,0.01164842548,0.002470909782,0.00584696645,0.01159712142,0.01798680516,0.02381907174,0.0104346565,0.007839550741,0.005285031637,0.003335879663,0.02388520003,0.00304647165,0.004802959135,0.006533769579,0.007052255646,0.006626523067,0.01666512348,0.01268708486,0.008666795545,0.005537580663,0.02932780809,0.004438197323,0.007725955358,0.01152304104,0.01371669504,0.01409741362,0.0002568154748,0.0002072781112,0.0001501167292,0.0001012318853,0.003304592396,0.0002387700705,0.0006441491835,0.0014430198,0.002392884319,0.003291923118,0.0001608017647,0.0001280804289,9.154152294e-05,6.098283853e-05,0.002691331387,0.0001638967801,0.0004004452604,0.0008182179373,0.001230269529,0.001547376353,3.85100741e-07,8.131995905e-07,1.299676425e-06,1.564681641e-06,0.003944959008,0.0001527685065,0.0009355077843,0.003730445837,0.008645895088,0.01433173637,7.783162395e-10,3.311118307e-09,9.682695694e-09,1.86928558e-08,0.001794339066,2.676323625e-05,0.0003036034057,0.001930655897,0.006003866784,0.01225037135,4.72330887e-09,2.53406848e-08,9.738713243e-08,2.50962988e-07,0.005023626545,0.0003661647555,0.002797472016,0.01289653749,0.03361013199,0.06186599816,2.512359174e-09,1.691996642e-08,8.162599649e-08,2.594696311e-07,0.006058098016,0.0006109040808,0.00434096916,0.01870969855,0.0464390224,0.08274112612,8.773501511e-10,7.874486109e-09,5.062706113e-08,2.097864926e-07,0.006862998141,0.0008951141895,0.005804082047,0.02297708644,0.05306483961,0.0897334651,3.309851964e-11,5.046864985e-10,5.289782085e-09,3.31792017e-08,0.005704752276,0.000581968815,0.003957575936,0.01564815725,0.0339037195,0.05310057521,3.682752338e-14,1.647541878e-12,4.332903418e-11,5.529844193e-10,0.004534889025,0.0002021962395,0.001930517945,0.008793389078,0.01769308824,0.02315465694,1.18315065e-12,4.458199157e-11,9.875463351e-10,1.075674895e-08,0.01140656572,0.001207436444,0.00745128814,0.02263175507,0.03245735507,0.03077245336,2.045044226e-11,6.485660208e-10,1.209161405e-08,1.1233083e-07,0.02299642519,0.004307228996,0.01844866657,0.03991906643,0.04263907893,0.03045243179,6.73109493e-13,4.366727273e-11,1.480388226e-09,2.151406856e-08,0.02503088792,0.003546612725,0.0139930831,0.02458715913,0.01831818961,0.008397001582
54,0.02411780552,0.02578259594,0.0247319804,0.02161796237,0.106422032,0.04652022744,0.06942558822,0.08975174654,0.09790847344,0.09503631303,0.03715457128,0.0402308843,0.03908861662,0.03457299947,0.1290052022,0.06645436778,0.1088880428,0.153526716,0.1836840837,0.1940314539,0.0005332266854,0.0006144612592,0.0006353609733,0.0005952000535,0.01418226483,0.003538868108,0.009134587155,0.01964096727,0.03321581324,0.04758875267,0.0003461285396,0.0003937871772,0.0004020028463,0.0003721693968,0.01169957038,0.002477323234,0.005824092985,0.01148211309,0.01770490673,0.02330889918,0.01032354613,0.007776385761,0.005256178283,0.003325686994,0.02394629641,0.003046765146,0.00477924101,0.006471107496,0.006952838828,0.00649949959,0.01652200998,0.01262003902,0.008649717284,0.005543662971,0.02952489453,0.004491451481,0.007799487766,0.01160622365,0.01378871557,0.01413233363,0.0002535623465,0.0002056260187,0.000149628654,0.0001013457428,0.00333518695,0.0002426807556,0.0006523663033,0.001456591264,0.002408470432,0.003301601964,0.0001584348748,0.0001267054121,9.092492341e-05,6.079810773e-05,0.002705018139,0.0001646218981,0.0003997462248,0.0008121296751,0.00121445008,0.001518415938,3.734721379e-07,7.954806593e-07,1.282378817e-06,1.556206933e-06,0.003982305966,0.0001547403003,0.0009351466301,0.003683541425,0.008435421843,0.01381405823,7.467362487e-10,3.213032918e-09,9.5031174e-09,1.853939776e-08,0.001813855311,2.715815873e-05,0.0003024327458,0.001890435133,0.005778851994,0.01159281687,4.572450116e-09,2.476202576e-08,9.605823359e-08,2.496865687e-07,0.005075752829,0.0003705488327,0.002782070099,0.01261970845,0.03236257891,0.05866276254,2.462610937e-09,1.67260084e-08,8.137669499e-08,2.607076912e-07,0.006141442435,0.000620934019,0.004327755344,0.01832087067,0.04467288174,0.07828454392,8.736199498e-10,7.89882316e-09,5.115798958e-08,2.134289983e-07,0.00698683966,0.0009148614202,0.005804512828,0.02251941828,0.0509855759,0.08466454898,3.333634139e-11,5.114431537e-10,5.393613002e-09,3.402272931e-08,0.005819027156,0.0005943542386,0.003935132087,0.0151777485,0.03207974836,0.04912145173,3.734304552e-14,1.676886834e-12,4.426662111e-11,5.669110757e-10,0.004615215017,0.0002036300293,0.001871712765,0.008229947646,0.015957847,0.0201707302,1.194343625e-12,4.49775274e-11,9.957273931e-10,1.084002641e-08,0.01150487482,0.001184819464,0.007048795209,0.02069347521,0.02860065894,0.02617897368,2.062251799e-11,6.508152248e-10,1.207403177e-08,1.116595308e-07,0.02301651304,0.004133115708,0.01709170132,0.0357957404,0.03685948263,0.02541123073,6.700695407e-13,4.315131094e-11,1.452169505e-09,2.096109021e-08,0.02487821887,0.0032973379,0.01246044231,0.02103471285,0.01494919405,0.006543051266
55,0.02386766266,0.02557322345,0.02458693841,0.0215363025,0.1065925905,0.04641484457,0.06889600429,0.08862249195,0.09620184852,0.09290816503,0.03683864745,0.04000617874,0.03898467007,0.03457470896,0.1297077501,0.06703007685,0.1094997075,0.1539561789,0.1837299725,0.1935227364,0.0005264259476,0.0006092966667,0.0006327959843,0.0005952072157,0.0142958439,0.003584945821,0.009214662193,0.01973586627,0.03325905593,0.04747355982,0.000341069985,0.0003894818324,0.0003990931785,0.0003707496906,0.01174818802,0.002482388666,0.005797763487,0.01136064601,0.01741459282,0.02279154074,0.01021360896,0.007713382365,0.005227016757,0.003315095274,0.02400384693,0.00304594885,0.004753716392,0.006406214349,0.006851489823,0.00637159109,0.0163796575,0.01255261608,0.008631913381,0.005549111719,0.02971945479,0.004543796857,0.007870581182,0.01168471561,0.01385400777,0.01415939401,0.000250341274,0.0002039697904,0.0001491223155,0.0001014417042,0.003365391942,0.0002465287447,0.0006602946057,0.001469302503,0.002422322242,0.003308565587,0.0001561014251,0.0001253361828,9.030035493e-05,6.060229656e-05,0.002718164031,0.0001652613376,0.0003988083241,0.000805553776,0.001197957765,0.001488822685,3.621731028e-07,7.779948062e-07,1.264889229e-06,1.547065908e-06,0.004018423658,0.0001565460317,0.0009335026569,0.003631726254,0.008216096073,0.01329023968,7.163776136e-10,3.116998795e-09,9.322539694e-09,1.837543522e-08,0.001832682508,2.751266089e-05,0.0003007004813,0.001847228522,0.005549315609,0.01094232879,4.425612271e-09,2.418793155e-08,9.469680564e-08,2.482431682e-07,0.005125771628,0.0003743749393,0.002761769767,0.01232459503,0.03109305465,0.05549158503,2.413048013e-09,1.652555539e-08,8.106948151e-08,2.617148437e-07,0.006222085385,0.0006299565943,0.004305873888,0.01790123116,0.04287099446,0.07387464473,8.69451293e-10,7.91735802e-09,5.164479295e-08,2.16882038e-07,0.007107606244,0.0009330373658,0.005791636105,0.02201727604,0.04885786466,0.07965273202,3.35472917e-11,5.177129252e-10,5.491911483e-09,3.483122019e-08,0.005929985591,0.000605346743,0.003901581311,0.01467727085,0.03025512839,0.045281177,3.780071669e-14,1.703237331e-12,4.511582445e-11,5.796083684e-10,0.004690812909,0.0002042134514,0.001806784804,0.007667838451,0.01432243642,0.01747852186,1.203071112e-12,4.526617854e-11,1.001232556e-09,1.089107175e-08,0.01158793723,0.001157573388,0.006638159971,0.01883401758,0.0250772185,0.02215221092,2.074294556e-11,6.512375851e-10,1.201951889e-08,1.106258014e-07,0.02300291097,0.003948242562,0.01576183633,0.03194782676,0.03170341717,0.02109040949,6.64893667e-13,4.249096949e-11,1.419025778e-09,2.033823657e-08,0.02468507089,0.003048460189,0.01103227908,0.01789059903,0.01212328881,0.005063932778
56,0.02362024411,0.0253644556,0.02444050115,0.02145201551,0.1067461487,0.0462928186,0.06834339536,0.08747026122,0.09448136807,0.09078318749,0.03652462937,0.03978043075,0.03887734001,0.03457200269,0.1303954305,0.06758684401,0.1100703524,0.1543173762,0.1836834729,0.1929099984,0.0005196986663,0.000604125569,0.0006301533213,0.0005950998929,0.01440718245,0.003629673115,0.009289767888,0.01981777913,0.03327718284,0.0473197263,0.0003360858022,0.0003851973415,0.0003961501216,0.0003692609955,0.01179421114,0.002486102163,0.005768077103,0.01123312461,0.01711680267,0.02226859998,0.01010493434,0.007650603907,0.005197581856,0.003304119109,0.02405778616,0.003044031781,0.004726453806,0.006339252878,0.006748456859,0.006243093244,0.01623820425,0.01248488962,0.00861340389,0.005553917997,0.02991123612,0.004595143385,0.007939106324,0.01175837439,0.01391246305,0.0141785851,0.0002471551444,0.0002023113094,0.0001485983767,0.0001015196041,0.003395163738,0.0002503059954,0.0006679159889,0.001481123926,0.002434410138,0.003312812855,0.0001538031218,0.0001239741593,8.96686416e-05,6.039571774e-05,0.002730750507,0.0001658140652,0.0003976359478,0.0007985133657,0.001180848548,0.001458692768,3.512053455e-07,7.607601124e-07,1.247238888e-06,1.537280596e-06,0.004053243507,0.0001581787558,0.0009305930178,0.003575313925,0.007989191959,0.01276309761,6.872230643e-10,3.023095791e-09,9.141323302e-09,1.820144618e-08,0.001850780291,2.78249611e-05,0.000298421834,0.001801348349,0.005316788796,0.01030254902,4.282856268e-09,2.361926524e-08,9.330619879e-08,2.466376706e-07,0.005173574084,0.0003776249995,0.00273673324,0.01201321701,0.02980952788,0.05236937678,2.363747132e-09,1.631910873e-08,8.070549164e-08,2.624881654e-07,0.006299830565,0.0006379218655,0.004275534794,0.01745393844,0.04104560189,0.06953641324,8.648551161e-10,7.930045328e-09,5.208578464e-08,2.201318989e-07,0.007224969714,0.0009495261327,0.005765635967,0.02147487281,0.04669754094,0.07472843706,3.373071024e-11,5.234716533e-10,5.584236854e-09,3.560063427e-08,0.006037273962,0.0006148596144,0.00385731356,0.01415141251,0.02844367054,0.04159904737,3.819827815e-14,1.726436532e-12,4.587077157e-11,5.909776453e-10,0.004761377381,0.0002039452642,0.001736621664,0.007112612323,0.01279362878,0.01506836218,1.209296094e-12,4.544666838e-11,1.004037769e-09,1.090968085e-08,0.0116554793,0.001126109337,0.006224048472,0.01706494101,0.02188255732,0.01864862756,2.0811361e-11,6.498512103e-10,1.19290533e-08,1.092448425e-07,0.02295605764,0.003755059988,0.01447054073,0.02838438736,0.02713716284,0.01741415985,6.576632527e-13,4.169547854e-11,1.381413036e-09,1.965411911e-08,0.02445303033,0.002803004772,0.009713732205,0.01513100608,0.009772528673,0.003893903047
57,0.02337575235,0.02515650963,0.0242928556,0.02136523138,0.106882613,0.04615455863,0.06776918317,0.08629781379,0.09275095353,0.0886658503,0.03621282339,0.03955389889,0.03876676923,0.03456489313,0.1310673766,0.06812374941,0.1105991261,0.1546101212,0.1835456176,0.1921959072,0.0005130507854,0.0005989540437,0.0006274368814,0.0005948785762,0.01451612145,0.003672956741,0.009359750621,0.01988659525,0.03327040064,0.04712820048,0.0003311795927,0.0003809382537,0.0003931778133,0.0003677059951,0.01183758332,0.002488466925,0.005735150687,0.01109998286,0.01681250374,0.0217416803,0.009997608849,0.007588113866,0.005167909918,0.00329277487,0.02410806306,0.003041028162,0.004697529959,0.006270394896,0.006643994022,0.006114300586,0.01609778699,0.01241693543,0.008594212088,0.005558075559,0.03009999414,0.004645404688,0.008004945248,0.0118270807,0.01396400748,0.01418993857,0.0002440067585,0.0002006524912,0.0001480575826,0.0001015793554,0.003424460045,0.0002540047385,0.0006752138673,0.001492030805,0.002444714795,0.003314359076,0.0001515415833,0.0001226207512,8.903064546e-05,6.017873369e-05,0.002742761288,0.0001662794988,0.0003962347364,0.0007910339485,0.001163181164,0.001428123705,3.405697297e-07,7.43793778e-07,1.229459793e-06,1.526876375e-06,0.004086702659,0.0001596327568,0.0009264445044,0.003514649383,0.007756010697,0.01223536372,6.592529348e-10,2.931395663e-09,8.95983039e-09,1.801796386e-08,0.001868111707,2.809363433e-05,0.0002956168725,0.00175312404,0.005082766281,0.009676785661,4.144229916e-09,2.305686123e-08,9.188989603e-08,2.448758866e-07,0.005219062057,0.0003802857887,0.002707163065,0.01168768981,0.0285197639,0.04931157456,2.314783732e-09,1.610719926e-08,8.028619415e-08,2.63026236e-07,0.006374495881,0.0006447893263,0.004237027126,0.01698233926,0.03920865297,0.06529256796,8.598446737e-10,7.9368748e-09,5.247957195e-08,2.231661925e-07,0.007338618236,0.0009642276474,0.005726832228,0.02089673943,0.0445200864,0.0699191774,3.388610917e-11,5.286986328e-10,5.670190466e-09,3.632720476e-08,0.00614055838,0.0006228229233,0.00380284294,0.01360499638,0.02665817732,0.03809068524,3.853399655e-14,1.746357821e-12,4.652656715e-11,6.009348868e-10,0.004826639064,0.0002028379579,0.001662157899,0.006569287516,0.01137562651,0.0129268626,1.213006801e-12,4.551890685e-11,1.004150963e-09,1.089605998e-08,0.0117073487,0.001090893507,0.005810868893,0.01539516963,0.01900708586,0.01562221269,2.082798742e-11,6.46695623e-10,1.180405254e-08,1.075361684e-07,0.02287665268,0.003556018449,0.01322762432,0.02510862981,0.02312165688,0.01430836863,6.484849341e-13,4.077569906e-11,1.339837536e-09,1.891794656e-08,0.02418399108,0.002563664848,0.008507127274,0.01272828115,0.007832572712,0.002975923556
58,0.02313438395,0.02494960326,0.02414419591,0.02127609185,0.1070019597,0.04600055045,0.06717488673,0.08510798402,0.09101452686,0.08656051472,0.03590353265,0.03932684863,0.03865311587,0.03455341175,0.1317227759,0.0686399593,0.1110853758,0.1548345668,0.1833179052,0.1913836496,0.000506488062,0.0005937882489,0.0006246509165,0.0005945442684,0.01462251056,0.00371471027,0.009424484163,0.01994227812,0.03323906138,0.04690015158,0.0003263547742,0.0003767090866,0.0003901805525,0.0003660876836,0.01187825928,0.002489493277,0.005699117923,0.01096168073,0.01650268391,0.02121237248,0.009891716307,0.007525975756,0.005138038749,0.003281080667,0.02415464126,0.00303695737,0.004667029299,0.00619982023,0.006538359651,0.005985504732,0.01595854092,0.01234883142,0.008574364467,0.005561580892,0.03028549379,0.004694498591,0.008067992174,0.01189073937,0.01400860257,0.01419352736,0.0002408988289,0.0001989952792,0.0001475007594,0.0001016209513,0.003453240115,0.0002576175339,0.0006821733093,0.001502003506,0.002453227377,0.003313235875,0.0001493183422,0.0001212773578,8.83872642e-05,5.995175564e-05,0.002754182472,0.0001666575148,0.0003946115406,0.0007831432037,0.001145016629,0.001397213568,3.302663265e-07,7.271120913e-07,1.211584561e-06,1.515881819e-06,0.004118744432,0.0001609036188,0.0009210931986,0.003450104336,0.007517863657,0.01170965307,6.324454391e-10,2.841962107e-09,8.778422502e-09,1.782557278e-08,0.001884643515,2.831763293e-05,0.0002923101866,0.00170289705,0.004848685786,0.009067982374,4.009768437e-09,2.250152197e-08,9.045149003e-08,2.429645093e-07,0.005262148939,0.0003823491223,0.002673298958,0.01135019312,0.02723122284,0.0463319995,2.266231646e-09,1.589038379e-08,7.98133801e-08,2.633291626e-07,0.006445915017,0.0006505285276,0.004190714055,0.0164899148,0.03737163655,0.06116334473,8.544354626e-10,7.937871615e-09,5.282507303e-08,2.259740064e-07,0.007448259177,0.0009770593285,0.005675674238,0.02028764451,0.04234039446,0.06524928404,3.401317924e-11,5.333768716e-10,5.749420992e-09,3.700749151e-08,0.006239528133,0.000629184865,0.003738796408,0.01304288809,0.02491027008,0.03476805393,3.880668864e-14,1.762906816e-12,4.707937894e-11,6.094123014e-10,0.004886367875,0.0002009172833,0.001584350789,0.006042273883,0.01007025139,0.01103779612,1.214216712e-12,4.54839822e-11,1.001611617e-09,1.085081761e-08,0.011743516,0.001052434,0.005402685673,0.01383105174,0.01643703298,0.01302607877,2.079362358e-11,6.418306841e-10,1.164633749e-08,1.055231094e-07,0.02276564576,0.003353509646,0.01204115689,0.02211854507,0.01961429194,0.01170223491,6.37487858e-13,3.974384473e-11,1.294842777e-09,1.813928721e-08,0.02388012525,0.002332757236,0.00741227952,0.01065233592,0.006243824168,0.002261305767
59,0.0228963295,0.02474395429,0.02399472299,0.02118475,0.1071042361,0.04583135402,0.06656211343,0.08390366437,0.08927598782,0.08447141036,0.03559705674,0.03909955191,0.03853655316,0.03453760918,0.1323608744,0.0691347315,0.1115286527,0.1549912065,0.1830022907,0.1904769089,0.0005000160636,0.0005886344105,0.0006218000233,0.0005940984861,0.01472620883,0.003754854772,0.009483870818,0.01998486574,0.03318365953,0.04663695875,0.0003216145826,0.0003725143188,0.0003871627869,0.0003644093555,0.01191620526,0.002489198621,0.005660128316,0.01081870066,0.01618834373,0.02068224281,0.009787337756,0.007464253048,0.005108007545,0.003269056302,0.02419749941,0.003031843841,0.004635043518,0.006127715615,0.00643181475,0.005856992688,0.01582059955,0.01228065748,0.008553890713,0.005564433277,0.03046751023,0.004742347621,0.008128154225,0.01194928016,0.01404624564,0.01418946526,0.0002378339789,0.0001973416416,0.0001469288128,0.0001016444659,0.003481464927,0.000261137325,0.0006887811622,0.001511027671,0.002459949637,0.003309490904,0.0001471348461,0.0001199453655,8.773942868e-05,5.971524238e-05,0.002765002616,0.0001669484512,0.0003927743708,0.0007748707645,0.001126417746,0.001366060219,3.202944675e-07,7.107304052e-07,1.193646272e-06,1.504328536e-06,0.004149318737,0.0001619882808,0.0009145839939,0.003382072385,0.007276056075,0.01118843645,6.06776939e-10,2.754850841e-09,8.597458541e-09,1.76249044e-08,0.001900346456,2.849630127e-05,0.0002885304878,0.001651015722,0.004615909768,0.008478697824,3.879495046e-09,2.195401509e-08,8.899465947e-08,2.409110617e-07,0.005302760382,0.0003838119638,0.00263541407,0.01100293944,0.02595096949,0.04344275892,2.218162799e-09,1.56692414e-08,7.928914877e-08,2.633985871e-07,0.006513938884,0.0006551195265,0.00413702661,0.01598022618,0.03554543257,0.05716634958,8.486451239e-10,7.933096431e-09,5.312153023e-08,2.285460407e-07,0.007553621808,0.0009879574333,0.005612732192,0.01965251244,0.04017256173,0.06073972638,3.411179405e-11,5.374933037e-10,5.821629109e-09,3.763842982e-08,0.006333898914,0.0006339126937,0.003665900107,0.01246990753,0.0232102584,0.03163956692,3.901573665e-14,1.776022776e-12,4.752650169e-11,6.163595631e-10,0.004940375827,0.0001982213855,0.001504156765,0.005535322861,0.00887718918,0.009382942156,1.212964072e-12,4.534412839e-11,9.96489614e-10,1.077494668e-08,0.01176407454,0.001011266963,0.005003151408,0.01237649431,0.0141553832,0.01081381417,2.07096203e-11,6.353350779e-10,1.145808736e-08,1.032322332e-07,0.02262422217,0.003149813759,0.01091745159,0.01940763077,0.01657054472,0.009529466963,6.248204673e-13,3.861317945e-11,1.246996057e-09,1.732783404e-08,0.02354385,0.002112196417,0.006426847929,0.00887190225,0.004952150691,0.001709112098
60,0.02266177364,0.02453978037,0.02384464402,0.02109136982,0.1071895602,0.04564760043,0.06593254967,0.08268778861,0.08753919237,0.08240261448,0.03529369143,0.03887228663,0.03841726912,0.03451755537,0.1329809792,0.0696074204,0.1119287164,0.155080872,0.1826011736,0.1894798397,0.0004936401661,0.0005834988091,0.0006188891314,0.0005935432602,0.01482708542,0.003793319423,0.009537842303,0.02001447056,0.03310482763,0.04634019807,0.0003169620759,0.0003683583823,0.0003841291004,0.0003626745947,0.01195139918,0.002487607332,0.005618346047,0.01067154375,0.01587048876,0.02015282198,0.0096845515,0.007403009089,0.005077856807,0.003256723219,0.02423663125,0.003025716946,0.004601671008,0.006054273568,0.006324621427,0.005729045275,0.01568409456,0.01221249539,0.008532823673,0.005566634836,0.03064582972,0.004788879471,0.008185352077,0.01200265835,0.01407696997,0.01417790613,0.0002348147411,0.0001956935669,0.0001463427254,0.0001016500558,0.003509097373,0.0002645574893,0.0006950261611,0.00151909435,0.002464893905,0.003303187387,0.00014499246,0.0001186261455,8.708810032e-05,5.946969881e-05,0.002775212805,0.0001671531062,0.0003907323357,0.000766247985,0.001107448608,0.001334760571,3.106527999e-07,6.946631193e-07,1.175678308e-06,1.492250977e-06,0.004178382442,0.0001628850719,0.0009069699979,0.003310963987,0.007031871578,0.01067401681,5.822222025e-10,2.670109737e-09,8.417292836e-09,1.74166324e-08,0.001915195489,2.862938396e-05,0.0002843101475,0.00159783023,0.00438570977,0.007911094928,3.753421584e-09,2.141507089e-08,8.752314521e-08,2.387238364e-07,0.005340834918,0.0003846764493,0.002593810776,0.01064814352,0.02468559614,0.04065419086,2.17064693e-09,1.544436958e-08,7.871589056e-08,2.632376752e-07,0.006578436931,0.0006585531502,0.004076456335,0.0154568608,0.0337401846,0.05331647969,8.424933292e-10,7.922645033e-09,5.336851958e-08,2.308747224e-07,0.00765445982,0.0009968780465,0.005538686186,0.01899634157,0.03802970975,0.05640802429,3.418201216e-11,5.410389515e-10,5.886571447e-09,3.821737381e-08,0.006423415795,0.0006369932235,0.003584963803,0.01189074621,0.02156705253,0.0287102785,3.916109416e-14,1.785679372e-12,4.786639756e-11,6.217446543e-10,0.004988519255,0.0001947995862,0.001422509354,0.005051502827,0.007794272374,0.00794286497,1.209310949e-12,4.510266928e-11,9.888834367e-10,1.066979805e-08,0.01176923847,0.0009679426386,0.004615457665,0.01103315854,0.01214277965,0.008940576559,2.05778458e-11,6.273044161e-10,1.124178768e-08,1.006927086e-07,0.02245378519,0.002947054351,0.009861105988,0.01696565906,0.01394539458,0.007729089413,6.106469417e-13,3.739770202e-11,1.196875144e-09,1.649318119e-08,0.0231777916,0.001903486186,0.005546716622,0.007355606331,0.003909241008,0.001285403809
61,0.02243089512,0.02433729866,0.02369417197,0.02099612575,0.1072581211,0.04544998845,0.06528795112,0.08146331536,0.08580793228,0.0803580335,0.0349937284,0.03864533623,0.03829546623,0.03449333945,0.1335824617,0.07005748126,0.112285537,0.1551047293,0.1821173818,0.1883970373,0.0004873655525,0.0005783877675,0.0006159234891,0.0005928811318,0.01492502026,0.003830042062,0.009586360369,0.02003127852,0.03300333059,0.04601162781,0.0003124001383,0.0003642456559,0.000381084199,0.0003608872611,0.01198383088,0.002484750584,0.005573948737,0.010520726,0.01555012228,0.01962559487,0.009583433123,0.007342307021,0.005047628253,0.003244104453,0.02427204578,0.003018610836,0.00456701629,0.005979691257,0.006217041391,0.005601935679,0.01554915569,0.01214442864,0.008511199302,0.005568190556,0.03082025042,0.004834027435,0.008239520521,0.01205085508,0.01410084466,0.01415904283,0.0002318435575,0.0001940530604,0.0001457435548,0.0001016379598,0.00353610243,0.000267871888,0.0007008990225,0.001526200085,0.002468082979,0.003294403504,0.0001428924678,0.0001173210523,8.643426842e-05,5.92156742e-05,0.002784806707,0.0001672727337,0.000388495574,0.0007573076967,0.001088174106,0.001303409895,3.013393403e-07,6.789236694e-07,1.157714198e-06,1.479686226e-06,0.004205899694,0.0001635937297,0.0008983118308,0.00323720133,0.006786557862,0.0101685102,5.587546522e-10,2.587779004e-09,8.238273309e-09,1.720146755e-08,0.001929169998,2.871702743e-05,0.0002796846839,0.001543687739,0.004159253653,0.007366939443,3.631549174e-09,2.088538013e-08,8.604072666e-08,2.364118287e-07,0.005376324484,0.0003849498297,0.002548816097,0.01028799312,0.02344115953,0.03797484899,2.123751344e-09,1.521638039e-08,7.809626722e-08,2.628510884e-07,0.006639298283,0.000660831071,0.004009547041,0.01492338066,0.03196519601,0.04962590907,8.360016486e-10,7.906647606e-09,5.356595628e-08,2.329542984e-07,0.007750553621,0.001003797684,0.005454313382,0.01832412482,0.03592384019,0.05226824631,3.422407705e-11,5.440090339e-10,5.944063726e-09,3.874213332e-08,0.006507855865,0.0006384328834,0.003496863955,0.01130989279,0.01998811791,0.02598214095,3.92432823e-14,1.791884806e-12,4.809871198e-11,6.255542908e-10,0.005030700419,0.0001907108723,0.0013402994,0.004593198203,0.00681778443,0.006697603501,1.203341864e-12,4.476394186e-11,9.789177816e-10,1.053704626e-08,0.01175933909,0.0009230118572,0.004242304854,0.009800701417,0.01037836096,0.007363928888,2.040064111e-11,6.17849033e-10,1.100017322e-08,9.793563418e-08,0.02225593574,0.002747162074,0.008875092425,0.0147794516,0.01169451014,0.00624590551,5.95143422e-13,3.611182934e-11,1.145055512e-09,1.564461949e-08,0.02278474723,0.001707727224,0.004766381717,0.006072845616,0.003072662797,0.0009624127108
62,0.02220386685,0.02413672559,0.02354352511,0.02089920218,0.1073101779,0.04523928059,0.06463013282,0.08023321196,0.08408591616,0.07834138705,0.03469745504,0.03841898918,0.03817136094,0.03446506973,0.1341647601,0.07048447382,0.1125992962,0.1550642716,0.1815541524,0.187233506,0.0004811972129,0.0005733076379,0.0006129086489,0.0005921151464,0.01501990463,0.003864969667,0.009629417154,0.02003554757,0.03288005882,0.04565317207,0.0003079314846,0.0003601804584,0.0003780328972,0.000359051476,0.01201350217,0.002480666135,0.005527126106,0.01036677448,0.01522823815,0.01910199141,0.009484055533,0.007282209711,0.005017364725,0.003231224557,0.02430376725,0.003010564252,0.004531189405,0.005904169362,0.006109334504,0.005475928131,0.01541591066,0.01207654234,0.008489056601,0.005569108311,0.03099058312,0.004877730808,0.008290608906,0.01209387759,0.01411797416,0.01413310579,0.000228922779,0.0001924221402,0.0001451324309,0.0001016084988,0.003562447315,0.0002710749096,0.0007063925199,0.001532346936,0.002469549908,0.003283231639,0.000140836075,0.0001160314218,8.577894735e-05,5.895376029e-05,0.002793780615,0.0001673090346,0.0003860751772,0.0007480839593,0.001068659447,0.001272101176,2.923515299e-07,6.635245221e-07,1.139787469e-06,1.46667377e-06,0.004231842182,0.0001641153979,0.0008886768333,0.003161213253,0.006541313739,0.009673831208,5.363466018e-10,2.507891409e-09,8.060739761e-09,1.698015244e-08,0.001942253962,2.8759775e-05,0.0002746922122,0.001488927874,0.003937595791,0.006847607062,3.513868915e-09,2.036559236e-08,8.455119843e-08,2.339846648e-07,0.00540919483,0.0003846443316,0.002500776863,0.009924621872,0.02222313261,0.03541152519,2.077540686e-09,1.498589648e-08,7.743318961e-08,2.622449384e-07,0.006696432706,0.000661965692,0.003936885892,0.01438327403,0.03022885062,0.04610413355,8.291934051e-10,7.885267668e-09,5.371409604e-08,2.347809035e-07,0.007841712357,0.001008713502,0.005360473663,0.0176407747,0.03386572493,0.0483310861,3.423841512e-11,5.464030203e-10,5.993983014e-09,3.92110034e-08,0.006587030521,0.0006382573328,0.003402525986,0.0107315684,0.01847946954,0.02345431222,3.926337668e-14,1.794681281e-12,4.822426498e-11,6.277939232e-10,0.005066868458,0.0001860221625,0.001258358154,0.004162129698,0.00594276985,0.005627258819,1.195162036e-12,4.433320111e-11,9.667406709e-10,1.037864883e-08,0.01173481963,0.000877013472,0.003885890352,0.008677047225,0.008840508568,0.006044432544,2.018076745e-11,6.070915467e-10,1.07361678e-08,9.499335616e-08,0.02203244974,0.002551847762,0.007960887905,0.01283362979,0.009775197123,0.005030668001,5.784941526e-13,3.477008906e-11,1.092098557e-09,1.479095706e-08,0.02236764576,0.001525638177,0.00407932513,0.00499446718,0.002405688641,0.0007176975081
63,0.02198085594,0.02393827651,0.02339292648,0.02080079283,0.1073460595,0.04501629893,0.0639609591,0.07900043899,0.08237675222,0.0763561945,0.03440515422,0.03819353846,0.03804518324,0.03443287341,0.1347273818,0.07088806511,0.1128703866,0.1549613101,0.1809151097,0.1859946233,0.0004751399453,0.0005682647898,0.0006098504511,0.0005912488447,0.01511164168,0.003898058752,0.00966703525,0.02002760544,0.03273602023,0.04526690323,0.0003035586651,0.0003561670433,0.000374980104,0.000357171607,0.01204042686,0.002475398049,0.005478078573,0.01021022358,0.01490581429,0.01858337841,0.009386489013,0.007222779674,0.004987110097,0.003218109539,0.02433183508,0.00300162031,0.004494305282,0.00582791096,0.006001757423,0.005351276737,0.01528448508,0.01200892304,0.008466437538,0.005569398859,0.03115665197,0.004919935237,0.008338581485,0.01213175917,0.01412849756,0.0141003613,0.0002260546664,0.0001908028333,0.0001445105521,0.0001015620754,0.003588101634,0.0002741615109,0.0007115015404,0.001537542464,0.00246933768,0.003269777491,0.0001388244112,0.0001147585692,8.512317371e-05,5.868458912e-05,0.002802133467,0.0001672641447,0.0003834831064,0.0007386118084,0.001048969693,0.00124092453,2.836862885e-07,6.484771769e-07,1.121931493e-06,1.453255259e-06,0.004256189345,0.0001644526062,0.0008781382051,0.003083430294,0.006297277766,0.009191682967,5.149694809e-10,2.430472544e-09,7.885022287e-09,1.675345601e-08,0.001954436081,2.875855564e-05,0.0002693728713,0.001433878598,0.003721670284,0.006354098043,3.400362596e-09,1.985631455e-08,8.305834783e-08,2.31452524e-07,0.005439425803,0.0003837769429,0.002450054742,0.009560084673,0.02103637102,0.03296930539,2.032076749e-09,1.475354728e-08,7.672979345e-08,2.614267263e-07,0.006749771374,0.0006619798489,0.003859094045,0.01383991125,0.02853855797,0.04275806833,8.220935162e-10,7.858700661e-09,5.381353241e-08,2.363526028e-07,0.007927775654,0.001011643108,0.005258094202,0.01695105435,0.03186483142,0.04460400744,3.422563147e-11,5.482246276e-10,6.036269077e-09,3.962278594e-08,0.006660787346,0.0006365106557,0.003302906305,0.01015967298,0.01704570233,0.02112349815,3.922298536e-14,1.794143861e-12,4.824501866e-11,6.284873217e-10,0.005097019677,0.0001808064267,0.001177443618,0.003759392431,0.005163336797,0.004712473182,1.184895306e-12,4.381650983e-11,9.525201698e-10,1.019680072e-08,0.01169622853,0.0008304631415,0.0035479133,0.007658674434,0.007507489794,0.004946022065,1.992134702e-11,5.951642714e-10,1.04528231e-08,9.189879732e-08,0.02178525377,0.002362585005,0.007118633182,0.01111131438,0.008147114615,0.004040015376,5.608876671e-13,3.338683096e-11,1.038541144e-09,1.394036943e-08,0.02192950822,0.001357587486,0.003478360691,0.004093257281,0.001876954056,0.000533329666
64,0.02176202388,0.02374216552,0.02324260341,0.0207011002,0.107366163,0.04478192054,0.06328233358,0.07776793553,0.08068393266,0.07440576414,0.03411710415,0.03796928111,0.03791717607,0.0343968963,0.1352699047,0.07126803156,0.1130994095,0.154797962,0.1802042408,0.1846861026,0.0004691983576,0.0005632655975,0.0006067550056,0.0005902862508,0.01520014688,0.003929275692,0.009699267511,0.02000784683,0.03257233127,0.04485502331,0.0002992840722,0.0003522095931,0.0003719308086,0.0003552522507,0.01206463072,0.002468996378,0.0054270158,0.01005161129,0.01458380652,0.01807105265,0.009290801276,0.007164079013,0.004956909168,0.003204786777,0.02435630374,0.002991826258,0.004456483096,0.005751120437,0.005894562328,0.005228224471,0.0151550024,0.01194165864,0.008443386955,0.005569075823,0.03131829501,0.004960593032,0.008383417638,0.01216455893,0.01413258757,0.0140611096,0.0002232413907,0.0001891971724,0.0001438791824,0.0001014991728,0.003613037512,0.0002771272524,0.0007162231223,0.001541799653,0.002467498812,0.00325415907,0.0001368585331,0.0001135037881,8.446800344e-05,5.840883067e-05,0.002809866854,0.0001671406191,0.0003807321041,0.0007289270038,0.001029169321,0.001209966678,2.753400677e-07,6.337921739e-07,1.104179355e-06,1.439474252e-06,0.004278928516,0.0001646092319,0.0008667740893,0.003004279965,0.006055518595,0.008723551598,4.94594047e-10,2.355541126e-09,7.711439854e-09,1.652216796e-08,0.00196570987,2.871466671e-05,0.0002637682415,0.001378852566,0.003512287091,0.005887058195,3.291003428e-09,1.935811016e-08,8.156593323e-08,2.288260592e-07,0.005467011517,0.0003823691274,0.002397021241,0.009196336054,0.01988509402,0.03065165434,1.987418313e-09,1.451996518e-08,7.59894135e-08,2.604052664e-07,0.006799267436,0.0006609063397,0.003776817108,0.0132965057,0.02690072273,0.03959219013,8.147283252e-10,7.827172238e-09,5.386519e-08,2.376694089e-07,0.008008615026,0.001012623987,0.005148153391,0.0162595162,0.02992928227,0.04109144623,3.418650391e-11,5.494817619e-10,6.070924791e-09,3.997680285e-08,0.00672901156,0.0006332541713,0.003198974632,0.009597743418,0.01569005274,0.01898431387,3.912421862e-14,1.790378748e-12,4.816402229e-11,6.276757683e-10,0.00512119719,0.0001751407395,0.001098230378,0.003385508182,0.004472941324,0.003934801376,1.172681802e-12,4.3220617e-11,9.364408204e-10,9.993885568e-09,0.01164421143,0.0007838437685,0.003229593899,0.006740904413,0.006357989542,0.004036191635,1.962579946e-11,5.822065623e-10,1.015325826e-08,8.868481824e-08,0.0215163996,0.002180601827,0.006347310723,0.009594755743,0.006772776398,0.003236229371,5.425131334e-13,3.197596551e-11,9.848867121e-10,1.310028192e-08,0.02147340884,0.001203632959,0.002955942116,0.00334426018,0.001460005059,0.0003951391955
65,0.0215475266,0.02354860518,0.02309278693,0.02060033493,0.1073709522,0.04453707264,0.06259618914,0.07653860533,0.07901082002,0.07249318492,0.03383357823,0.03774651765,0.03778759478,0.03435730238,0.1357919791,0.07162426023,0.1132871711,0.1545766377,0.1794258687,0.1833139546,0.00046337687,0.0005583164294,0.0006036286739,0.0005892318573,0.01528534835,0.003958596943,0.009726196577,0.01997673006,0.03239020719,0.04441984479,0.0002951099456,0.0003483122147,0.0003688900666,0.0003532982153,0.01208615132,0.002461516797,0.005374155208,0.009891475717,0.01426314304,0.0175662351,0.009197057538,0.007106169351,0.004926807575,0.003191284941,0.02437724249,0.00298123321,0.004417845612,0.005674002431,0.005787995762,0.005107002316,0.01502758384,0.0118748382,0.008419952467,0.005568155668,0.03147536472,0.004999663422,0.008425111982,0.01219236141,0.0141304493,0.01401568263,0.000220485035,0.0001876071916,0.0001432396477,0.0001014203528,0.003637229704,0.0002799683278,0.0007205564726,0.001545136788,0.002464094865,0.0032365056,0.0001349394271,0.0001122683486,8.381450893e-05,5.812719036e-05,0.002816985006,0.0001669414131,0.0003778356012,0.0007190657822,0.001009321808,0.001179310493,2.673089041e-07,6.19479108e-07,1.086563711e-06,1.425375949e-06,0.00430005501,0.0001645904447,0.0008546666246,0.002924182334,0.005817027126,0.008270704825,4.751905852e-10,2.283109333e-09,7.540299038e-09,1.628709319e-08,0.001976073704,2.862975126e-05,0.0002579207657,0.001324144003,0.003310130936,0.005446805016,3.18575678e-09,1.887149862e-08,8.007766363e-08,2.261163141e-07,0.005491960392,0.0003804464789,0.002342052802,0.008835211803,0.01877287906,0.02846052385,1.943621008e-09,1.428578182e-08,7.521555632e-08,2.59190597e-07,0.006844896363,0.000658787296,0.00369071563,0.01275608038,0.02532073682,0.03660871543,8.071254243e-10,7.790936274e-09,5.387031395e-08,2.387332715e-07,0.008084134957,0.001011712578,0.005031664579,0.01557044918,0.02806584713,0.03779505781,3.412197496e-11,5.501864076e-10,6.098015617e-09,4.027290073e-08,0.006791627028,0.0006285649057,0.003091697122,0.009048923616,0.01441448657,0.01702965014,3.896965161e-14,1.783521046e-12,4.798533724e-11,6.254168921e-10,0.00513948991,0.0001691043425,0.001021302929,0.003040487932,0.003864645026,0.003276980282,1.158675407e-12,4.255282843e-11,9.186999088e-10,9.772425198e-09,0.0115795021,0.0007375978006,0.002931704643,0.005918180694,0.005371530534,0.003286026594,1.929777569e-11,5.683621727e-10,9.840602177e-09,8.538362802e-08,0.02122803804,0.002006880719,0.005644931933,0.00826588243,0.005617861528,0.002586865513,5.235569603e-13,3.055073553e-11,9.315981224e-10,1.227728515e-08,0.02100243747,0.001063566179,0.002504426407,0.002724949502,0.00113278411,0.0002920384098
66,0.02133751469,0.0233578063,0.02294371133,0.02049871511,0.1073609559,0.04428272762,0.06190447827,0.07531530396,0.07736063544,0.07062132082,0.03355484497,0.03752555167,0.0376567064,0.03431427333,0.1362933283,0.07195674923,0.1134346776,0.1543000241,0.1785846232,0.1818844464,0.0004576797189,0.000553423636,0.0006004780495,0.0005880906085,0.01536718716,0.003986009187,0.009747934149,0.01993477313,0.03219095161,0.0439637709,0.0002910383801,0.0003444789355,0.0003658629855,0.0003513145019,0.01210503788,0.002453020196,0.005319720481,0.009730351673,0.01394471947,0.01707006636,0.009105320597,0.007049111777,0.004896851682,0.003177633905,0.02439473509,0.002969895864,0.004378518534,0.005596760831,0.005682297573,0.004987828577,0.01490234833,0.0118085518,0.008396184342,0.005566657645,0.03162772843,0.005037112758,0.008463674363,0.01221527594,0.01412231876,0.01396444162,0.0002177875958,0.0001860349232,0.0001425933314,0.0001013262541,0.003660655695,0.0002826815889,0.0007245029649,0.001547577289,0.00245919587,0.003216956339,0.0001330680131,0.0001110534967,8.316377609e-05,5.78404064e-05,0.002823494773,0.0001666698607,0.0003748076218,0.0007090646167,0.0009894892594,0.001149034612,2.595884707e-07,6.055466481e-07,1.069116672e-06,1.411006931e-06,0.004319572141,0.0001644026354,0.0008419009836,0.002843545993,0.005582710501,0.007834194449,4.567290938e-10,2.213183169e-09,7.371892931e-09,1.604904631e-08,0.001985530826,2.850577058e-05,0.0002518731887,0.001270026164,0.003115762747,0.005033357702,3.084580931e-09,1.839695521e-08,7.859717975e-08,2.233346402e-07,0.005514295071,0.0003780383212,0.002285526086,0.008478414021,0.01770266889,0.02639647959,1.900737223e-09,1.405162467e-08,7.44118724e-08,2.577938794e-07,0.006886656091,0.0006556734174,0.003601455861,0.01222144056,0.02380299228,0.03380780617,7.993134731e-10,7.750272628e-09,5.38304557e-08,2.395480431e-07,0.008154273616,0.001008983008,0.00490966003,0.01488783525,0.0262799639,0.03471399716,3.40331423e-11,5.503544653e-10,6.117668186e-09,4.051144709e-08,0.006848596786,0.0006225337842,0.00298202072,0.008515946412,0.01321980677,0.01525103247,3.876228066e-14,1.773732089e-12,4.771394455e-11,6.217831941e-10,0.005152030954,0.0001627767884,0.0009471523776,0.002723900849,0.003331340678,0.002723106487,1.143041115e-12,4.182087346e-11,8.995036783e-10,9.535029226e-09,0.01150291246,0.0006921214895,0.002654610691,0.005184329698,0.0045287872,0.002670113356,1.894109123e-11,5.537766983e-10,9.51793987e-09,8.202625891e-08,0.02092239274,0.001842165973,0.005008725062,0.00710676182,0.004651362194,0.002064302261,5.041997463e-13,2.91235256e-11,8.790922958e-10,1.147708315e-08,0.02051966406,0.0009369590354,0.00211628991,0.002215277991,0.000877093718,0.0002154318594
67,0.02113213351,0.02316997776,0.02279561354,0.02039646566,0.1073367651,0.04401989786,0.06120916356,0.07410082709,0.07573644894,0.06879280764,0.03328116791,0.03730668926,0.037524789,0.0342680079,0.1367737493,0.0722656073,0.1135431281,0.153971068,0.1776854111,0.1804040615,0.0004521109615,0.0005485935404,0.0005973099373,0.00058686788,0.01544561751,0.004011509375,0.009764620007,0.01988254942,0.03197594565,0.04348927598,0.0002870713319,0.0003407136999,0.0003628547116,0.0003493062858,0.01212135097,0.002443572254,0.005263940081,0.009568767537,0.01362939456,0.01658360334,0.009015650919,0.006992966793,0.004867088483,0.003163864653,0.02440887941,0.002957872191,0.004338629849,0.005519597838,0.005577699995,0.004870908357,0.01477941254,0.01174289042,0.008372135375,0.005564603735,0.03177526866,0.00507291466,0.008499129722,0.01223343587,0.01410846113,0.01390777454,0.0002151509856,0.0001844823947,0.0001419416707,0.0001012175898,0.003683295768,0.0002852645632,0.0007280661173,0.001549149488,0.002452879704,0.00319565934,0.0001312451476,0.0001098604529,8.251690157e-05,5.754924696e-05,0.002829405574,0.0001663296497,0.0003716626869,0.0006989599859,0.0009697320626,0.001119213124,2.52174127e-07,5.920025632e-07,1.051869691e-06,1.396414884e-06,0.00433749118,0.0001640533315,0.0008285644163,0.002762764449,0.005353387923,0.007414862274,4.391794575e-10,2.145762852e-09,7.206500233e-09,1.580884625e-08,0.001994089307,2.834497273e-05,0.0002456680251,0.001216749354,0.00292962336,0.004646469807,2.987427817e-09,1.793491129e-08,7.712803655e-08,2.204926139e-07,0.005534052218,0.0003751772671,0.002227813546,0.008127499712,0.01667678987,0.02445884085,1.858816032e-09,1.381811367e-08,7.358212779e-08,2.562272876e-07,0.00692456694,0.0006516230904,0.003509700965,0.0116951527,0.02235091266,0.03118779405,7.913220128e-10,7.70548471e-09,5.374745556e-08,2.401194186e-07,0.008219003218,0.001004525561,0.004783175501,0.0142153157,0.02457578574,0.03184522036,3.392124773e-11,5.500055436e-10,6.130068019e-09,4.069331824e-08,0.006899923118,0.000615263608,0.002870859112,0.008001126572,0.01210577597,0.01363896265,3.850547478e-14,1.761196403e-12,4.735563826e-11,6.1686032e-10,0.00515899548,0.0001562362273,0.0008761762324,0.002434946223,0.002865942883,0.002258734193,1.125952333e-12,4.103277158e-11,8.790636005e-10,9.284346093e-09,0.01141532197,0.0006477611078,0.002398316603,0.004532796305,0.003811802451,0.002166359397,1.855966073e-11,5.385951731e-10,9.188264277e-09,7.86421155e-08,0.02060173443,0.001686977087,0.004435316615,0.006099972028,0.003845598585,0.001645247008,4.846136344e-13,2.770571136e-11,8.277366456e-10,1.070447208e-08,0.0200281059,0.0008232100084,0.001784297324,0.001797631821,0.0006780675126,0.0001587132946
68,0.02093152342,0.02298532629,0.0226487327,0.02029381758,0.1072990312,0.04374963047,0.06051220873,0.07289789999,0.07414117175,0.06701005232,0.0330128056,0.03709023855,0.03739213097,0.03421872126,0.1372331126,0.07255105253,0.1136139072,0.1535929568,0.176733384,0.1788794588,0.0004466744814,0.000543832428,0.000594131333,0.0005855694575,0.0155206068,0.004035104681,0.009776420804,0.01982068301,0.03174663665,0.04299888594,0.0002832106268,0.0003370203669,0.0003598704166,0.0003472788963,0.01213516215,0.002433242972,0.005207045785,0.009407242351,0.0133179866,0.01610781706,0.008928106735,0.00693779427,0.004837565503,0.003150009185,0.02441978697,0.00294522313,0.004298309199,0.005442713081,0.005474426838,0.004756433191,0.01465889085,0.01167794579,0.00834786075,0.005562018568,0.03191788328,0.005107050102,0.00853151786,0.01224699756,0.01408916891,0.01384609336,0.000212577035,0.0001829516254,0.0001412861519,0.0001010951443,0.003705133066,0.0002877154662,0.000731251551,0.00154988638,0.002445231391,0.003172770179,0.0001294716276,0.0001086904119,8.187498987e-05,5.725450736e-05,0.002834729339,0.0001659247959,0.0003684157169,0.0006887881566,0.0009501085861,0.001089915328,2.45060968e-07,5.788537523e-07,1.034853455e-06,1.381648334e-06,0.004353831248,0.0001635511002,0.0008147453173,0.002682213001,0.00512978824,0.007013349033,4.225116073e-10,2.080843223e-09,7.044384531e-09,1.556731113e-08,0.002001761974,2.814985784e-05,0.0002393470651,0.001164539545,0.002752039145,0.004285663375,2.894243769e-09,1.748575494e-08,7.567368769e-08,2.176019551e-07,0.005551282188,0.0003718987459,0.002169279356,0.00778387285,0.01569697981,0.02264582848,1.817903165e-09,1.358585817e-08,7.273017582e-08,2.5450389e-07,0.006958671321,0.000646701416,0.003416102888,0.01117952953,0.02096700007,0.0287454156,7.831812811e-10,7.656896878e-09,5.362342231e-08,2.404548535e-07,0.008278330017,0.0009984449053,0.004653235798,0.01355616703,0.02295624982,0.02918379612,3.378766481e-11,5.491627097e-10,6.135456479e-09,4.081987959e-08,0.006945647162,0.0006068668847,0.002759080544,0.007506363997,0.01107124779,0.01218323494,3.820292339e-14,1.746118412e-12,4.691690809e-11,6.1074514e-10,0.005160598033,0.0001495578839,0.0008086809245,0.002172525222,0.002461543032,0.001870906857,1.107588203e-12,4.019670228e-11,8.575928007e-10,9.023016919e-09,0.01131766661,0.0006048110326,0.002162516766,0.003956849955,0.003204119194,0.001755751722,1.815743529e-11,5.229598708e-10,8.854434339e-09,7.525860509e-08,0.02026835611,0.001541626894,0.003920900609,0.005228888343,0.003176130001,0.001310229446,4.649601125e-13,2.630754957e-11,7.778472092e-10,9.963346545e-09,0.01953069794,0.0007215883028,0.001501626337,0.001456714241,0.0005236698663,0.0001168454246
69,0.02073581999,0.02280405637,0.0225033096,0.0201910073,0.1072484622,0.043473002,0.05981557005,0.07170916833,0.07257755056,0.06527523453,0.0327500116,0.03687650923,0.0372590302,0.03416664419,0.1376713616,0.07281341031,0.113648575,0.1531690984,0.1757339068,0.1773174318,0.0004413739944,0.0005391465376,0.0005909494021,0.0005842015119,0.01559213565,0.004056812366,0.009783528643,0.01974984359,0.03150452686,0.04249515929,0.0002794579681,0.0003334027079,0.0003569152843,0.0003452377976,0.01214655358,0.002422106193,0.005149271275,0.009246283184,0.01301127046,0.01564359161,0.008842744148,0.006883653408,0.004808330698,0.003136100418,0.02442758237,0.002932012253,0.004257687255,0.005366302818,0.005372692818,0.004644580842,0.01454089534,0.01161381023,0.00832341789,0.005558929331,0.0320554857,0.005139507441,0.008560893068,0.01225613928,0.01406475981,0.01377983127,0.0002100674963,0.0001814446233,0.0001406283059,0.0001009597701,0.003726153622,0.0002900332064,0.0007340669305,0.001549825329,0.002436342379,0.003148450655,0.0001277481943,0.0001075445418,8.12391507e-05,5.695700706e-05,0.002839480437,0.0001654596135,0.0003650819359,0.0006785849803,0.0009306749196,0.001061205563,2.382438719e-07,5.661062801e-07,1.018097803e-06,1.366756383e-06,0.004368619149,0.0001629054421,0.0008005323313,0.002602246123,0.004912549196,0.006630105817,4.066956672e-10,2.018414182e-09,6.885793759e-09,1.532525338e-08,0.002008566286,2.792314113e-05,0.0002329509286,0.001113597541,0.002583229224,0.003950263493,2.80497025e-09,1.704983189e-08,7.423747179e-08,2.146744483e-07,0.005566048591,0.000368240511,0.002110275774,0.007448779813,0.01476442391,0.02095471633,1.778041001e-09,1.335545423e-08,7.185992922e-08,2.526375258e-07,0.006989033237,0.0006409791744,0.003321294992,0.01067662125,0.01965289515,0.0264760504,7.749220282e-10,7.604851721e-09,5.346071034e-08,2.405634609e-07,0.008332293937,0.0009908581469,0.004520841578,0.01291328644,0.02142316362,0.02672321768,3.363388553e-11,5.478522045e-10,6.134127006e-09,4.089295882e-08,0.006985848076,0.000597463582,0.002647497694,0.007033155901,0.01011430213,0.01087322089,3.785858173e-14,1.728718959e-12,4.640481514e-11,6.035437035e-10,0.005157089461,0.0001428127632,0.0007448865933,0.001935309893,0.002111529609,0.001548136142,1.088131001e-12,3.932088126e-11,8.353027266e-10,8.753633285e-09,0.01121092765,0.0005635135363,0.001946647099,0.003449759122,0.002690839832,0.001422078202,1.773834404e-11,5.070083558e-10,8.519140038e-09,7.19008523e-08,0.01992454948,0.001406243058,0.003461391574,0.004477890771,0.002621589445,0.001043105468,4.453882808e-13,2.493810769e-11,7.29688341e-10,9.256729781e-09,0.01903026675,0.0006312743659,0.001261952254,0.001179380788,0.0004042376211,8.601506753e-05
70,0.02054515425,0.02262637005,0.02235958623,0.0200882759,0.1071858206,0.04319111311,0.05912118833,0.07053719022,0.07104816385,0.06359031035,0.03249303452,0.03666581208,0.03712579329,0.03411202225,0.1380885122,0.07305311038,0.1136488578,0.1527030999,0.1746925242,0.1757248697,0.0004362130562,0.0005345420535,0.0005877714577,0.000582770574,0.01566019775,0.00407665955,0.009786159464,0.01967074129,0.03125116203,0.04198066883,0.0002758149449,0.0003298644055,0.0003539944988,0.0003431885683,0.01215561757,0.00241023911,0.005090850781,0.009086382796,0.01270997537,0.01519172423,0.008759617247,0.006830602707,0.004779432356,0.003122172087,0.0244324027,0.002918305436,0.004216895132,0.005290559214,0.005272703023,0.004535515247,0.01442553585,0.01155057654,0.008298866302,0.005555365665,0.03218800479,0.005170282382,0.008587323665,0.01226105993,0.01403557456,0.01370943972,0.0002076240465,0.000179963383,0.0001399697038,0.0001008123841,0.003746346368,0.0002922173844,0.0007365218862,0.001549007747,0.002426309766,0.003122867501,0.000126075537,0.0001064239838,8.061049631e-05,5.665758669e-05,0.002843675578,0.0001649386858,0.0003616767782,0.0006683857071,0.0009114846548,0.001033143108,2.317175449e-07,5.537654173e-07,1.001631642e-06,1.351788456e-06,0.004381889136,0.0001621266777,0.0007860135139,0.002523195362,0.004702218213,0.006265407515,3.917020888e-10,1.958461121e-09,6.730959845e-09,1.508347517e-08,0.00201452418,2.766771453e-05,0.0002265186726,0.001064098682,0.002423313926,0.003639432334,2.719544574e-09,1.662744683e-08,7.282260065e-08,2.117218672e-07,0.005578427746,0.0003642421394,0.002051139975,0.007123307988,0.01387979679,0.01938198199,1.739268596e-09,1.312748202e-08,7.097533306e-08,2.506426784e-07,0.007015737588,0.000634531751,0.0032258856,0.0101882123,0.01840944692,0.02437395597,7.665753369e-10,7.549707262e-09,5.326189478e-08,2.404558903e-07,0.008380967861,0.0009818927621,0.004386957659,0.01228918608,0.01997730431,0.02445570645,3.346150613e-11,5.46103128e-10,6.126420772e-09,4.091481284e-08,0.007020641779,0.000587178872,0.002536859698,0.006582616581,0.009232379705,0.009698119431,3.747661516e-14,1.709231749e-12,4.582686419e-11,5.953691309e-10,0.005148753481,0.000136066606,0.000684933662,0.00172180737,0.001809676315,0.001280341086,1.067763684e-12,3.841344575e-11,8.124001281e-10,8.478699794e-09,0.01109612044,0.000524060069,0.001749935986,0.003004933806,0.002258627331,0.001151631761,1.730624118e-11,4.908718123e-10,8.184874669e-09,6.859149732e-08,0.01957258313,0.00128079167,0.00305255869,0.00383250136,0.002163465939,0.0008305880182,4.260335864e-13,2.360523054e-11,6.834737751e-10,8.586823273e-09,0.01852950825,0.0005513958088,0.001059498038,0.0009544450469,0.0003120713217,6.335464307e-05
71,0.02035965291,0.02245246685,0.02221780524,0.01998586847,0.1071119188,0.04290508342,0.05843098158,0.06938442968,0.06955542016,0.0619570181,0.03224211807,0.03645845852,0.03699273477,0.03405511485,0.1384846506,0.07327068322,0.1136166359,0.1521987458,0.1736149289,0.1741087185,0.0004311950697,0.0005300250976,0.0005846049395,0.000581283506,0.01572479971,0.004094682901,0.009784551268,0.01958412123,0.03098812028,0.04145798442,0.000272283041,0.0003264090535,0.0003511132327,0.000341136882,0.012162456,0.002397721759,0.005032017807,0.008928017609,0.01241478333,0.01475292629,0.008678778228,0.006778699934,0.004750919004,0.003108258641,0.02443439689,0.002904170524,0.00417606382,0.005215669697,0.005174652497,0.004429386609,0.01431291998,0.01148833785,0.008274267407,0.005551359537,0.03231538485,0.00519937788,0.008610891422,0.01226197758,0.01400197463,0.01363538561,0.000205248291,0.0001785098827,0.0001393119519,0.0001006539636,0.003765703127,0.0002942682846,0.0007386279212,0.001547478738,0.002415235518,0.003096191101,0.0001244542974,0.0001053298524,7.9990139e-05,5.635710498e-05,0.002847333714,0.0001643668335,0.0003582157975,0.0006582248182,0.000892588712,0.001005782146,2.254765662e-07,5.418356844e-07,9.854828887e-07,1.336794054e-06,0.00439368263,0.0001612258281,0.0007712755575,0.002445367762,0.004499254557,0.005919367773,3.775017734e-10,1.900965381e-09,6.580098548e-09,1.48427643e-08,0.002019661879,2.738660778e-05,0.0002200874565,0.001016193018,0.002272324128,0.003352201908,2.637900613e-09,1.6218865e-08,7.143214958e-08,2.087559044e-07,0.005588508028,0.0003599445328,0.001992191388,0.006808387262,0.0130433092,0.0179234534,1.70162174e-09,1.290250376e-08,7.008033893e-08,2.485343471e-07,0.007038889285,0.0006274380511,0.0031304525,0.009715823445,0.01723678981,0.022432494,7.581724495e-10,7.491834132e-09,5.302974497e-08,2.401441914e-07,0.008424456573,0.0009716844671,0.004252502983,0.01168599556,0.01861852726,0.02237250061,3.327221247e-11,5.439471027e-10,6.112721836e-09,4.088808954e-08,0.007050179303,0.0005761409306,0.002427846335,0.006155503309,0.008422412167,0.00864717046,3.706134376e-14,1.687899805e-12,4.519087617e-11,5.863395078e-10,0.005135902957,0.0001293791034,0.000628890711,0.001530417857,0.001550201377,0.001058759173,1.046667605e-12,3.748235094e-11,7.890844042e-10,8.200602064e-09,0.01097428351,0.0004865937847,0.001571452739,0.002616037182,0.001895660989,0.0009329130393,1.686485919e-11,4.746736702e-10,7.853914388e-09,6.535057457e-08,0.01921468273,0.00116510174,0.002690139779,0.003279461252,0.001785855189,0.0006618155438,4.070170105e-13,2.23155407e-11,6.39368843e-10,7.955071514e-09,0.01803096942,0.0004810581706,0.0008890556161,0.0007724704326,0.0002410786071,4.672043399e-05
72,0.02017943867,0.02228254374,0.02207820958,0.01988403337,0.1070276166,0.04261604636,0.0577468383,0.06825325147,0.06810155811,0.06037688589,0.03199750121,0.03625476019,0.0368601762,0.03399619429,0.1388599318,0.07346675557,0.1135539316,0.1516599748,0.1725069287,0.172475945,0.0004263232943,0.0005256017238,0.0005814573922,0.0005797474732,0.01578596071,0.004110928241,0.009778962195,0.01949075806,0.03071700112,0.04092965676,0.0002688636438,0.0003230401564,0.000348276636,0.0003390884874,0.01216717975,0.002384636522,0.004973003933,0.008771646002,0.01212632822,0.01432782534,0.008600277522,0.006728002111,0.004722839317,0.003094395146,0.0244337249,0.00288967699,0.004135323659,0.005141816416,0.005078725971,0.004326331627,0.01420315317,0.01142718749,0.008249684373,0.005546945115,0.03243758528,0.005226803988,0.008631690886,0.01225912801,0.01396433977,0.01355814828,0.0002029417678,0.0001770860824,0.000138656687,0.0001004855418,0.003784218571,0.0002961868618,0.0007403983018,0.001545286734,0.002403225668,0.003068594255,0.0001228850737,0.0001042632351,7.937918876e-05,5.605643581e-05,0.002850475914,0.0001637490829,0.0003547145808,0.0006481358776,0.0008740352079,0.0009791717937,2.195154292e-07,5.303209004e-07,9.696784157e-07,1.32182252e-06,0.004404047876,0.000160214494,0.000756403095,0.002369044793,0.004304032704,0.005591954982,3.640661831e-10,1.845904709e-09,6.43340946e-09,1.460389035e-08,0.002024009662,2.708294987e-05,0.0002136922683,0.000970005932,0.002130211162,0.003087504897,2.559969478e-09,1.582431402e-08,7.006904979e-08,2.057881054e-07,0.005596389138,0.0003553894319,0.001933729562,0.006504794104,0.0122547577,0.01657444835,1.665133039e-09,1.268106179e-08,6.917888049e-08,2.463279202e-07,0.007058612198,0.0006197794288,0.00303553848,0.009260718398,0.01613442494,0.02064434324,7.497446022e-10,7.431612752e-09,5.2767197e-08,2.396416652e-07,0.008462895401,0.0009603750804,0.004118342351,0.01110547156,0.01734587948,0.02046412302,3.306776497e-11,5.414179208e-10,6.093451931e-09,4.081578534e-08,0.007074644787,0.0005644788472,0.002321064329,0.005752246858,0.00768094467,0.007709831836,3.661718813e-14,1.664972007e-12,4.450486401e-11,5.765758369e-10,0.005118875998,0.0001228033672,0.000576763178,0.001359485449,0.001327802004,0.0008758394185,1.025020461e-12,3.653527925e-11,7.655453536e-10,7.921580501e-09,0.01084646798,0.0004512130447,0.001410152337,0.002277068637,0.001591558953,0.0007563430808,1.641776892e-11,4.585285348e-10,7.528304794e-09,6.219546562e-08,0.0188530134,0.00105888961,0.002369935002,0.002806757776,0.001475195487,0.0005279640038,3.884446771e-13,2.107446805e-11,5.974936151e-10,7.362237438e-09,0.01753703405,0.0004193703382,0.0007459843457,0.0006255600213,0.0001864689697,3.45183001e-05
73,0.02000463049,0.02211679499,0.02194104197,0.01978302152,0.1069338163,0.04232514422,0.05707061145,0.0671459172,0.06668864831,0.05885124089,0.03175941827,0.0360550285,0.03672844529,0.03393554467,0.139214577,0.07364204534,0.1134628965,0.1510908575,0.171374415,0.1708335019,0.0004216008546,0.0005212779114,0.0005783364439,0.0005781699125,0.01584371213,0.004125450075,0.009769668493,0.01939145048,0.03043941511,0.04039820265,0.0002655580539,0.0003197611311,0.0003454898265,0.0003370491892,0.01216990805,0.002371067623,0.004914037731,0.008617706921,0.0118451955,0.01391696786,0.008524163935,0.006678565504,0.004695242028,0.003080617177,0.024430557,0.002874895608,0.004094803848,0.005069175771,0.004985097704,0.004226473847,0.01409633877,0.01136721886,0.008225181935,0.005542158617,0.03255458033,0.005252577638,0.008649828621,0.01225276306,0.01392306558,0.01347821675,0.0002007059518,0.0001756939217,0.0001380055715,0.0001003082032,0.003801890171,0.0002979747205,0.0007418479365,0.0015424831,0.002390389522,0.003040250987,0.000121368425,0.0001032251933,7.877875102e-05,5.575646513e-05,0.002853125231,0.0001630906336,0.0003511886672,0.0006381514045,0.0008558693665,0.000953356184,2.138285824e-07,5.192242336e-07,9.542440139e-07,1.306922828e-06,0.004413039554,0.0001591047333,0.0007414780863,0.002294481774,0.004116846725,0.005283008866,3.513674402e-10,1.79325372e-09,6.291076186e-09,1.436760149e-08,0.00202760161,2.675993151e-05,0.0002073657128,0.000925639122,0.001996856988,0.002844203099,2.485680192e-09,1.544398602e-08,6.873608278e-08,2.028298091e-07,0.005602181278,0.0003506189517,0.001876032552,0.006213157872,0.01151357578,0.01532990462,1.629832026e-09,1.246367709e-08,6.82748509e-08,2.440390506e-07,0.007075047947,0.0006116386506,0.002941647884,0.008823914454,0.01510130341,0.01900169605,7.4132287e-10,7.369430563e-09,5.247732562e-08,2.389627071e-07,0.008496448566,0.0009481104297,0.003985279956,0.01054901376,0.01615771476,0.0187206248,3.284998366e-11,5.385511828e-10,6.069064996e-09,4.070119966e-08,0.007094253164,0.0005523206928,0.002217045612,0.005372985219,0.007004248623,0.006875921162,3.614861777e-14,1.640699798e-12,4.377691477e-11,5.662001006e-10,0.005098031931,0.0001163856435,0.0005285024571,0.001207341379,0.001137668146,0.000725125839,1.002994487e-12,3.557956343e-11,7.419613472e-10,7.643709997e-09,0.01071372772,0.0004179756335,0.00126491555,0.001982421202,0.001337278093,0.000613994045,1.59683469e-11,4.425414141e-10,7.209854114e-09,5.914091873e-08,0.01848966446,0.0009617824273,0.002087881007,0.002403611746,0.001220002022,0.0004219046844,3.704078441e-13,1.988630396e-11,5.579267346e-10,6.808484417e-09,0.01704991237,0.0003654647325,0.0006261921777,0.0005071532368,0.0001444967675,2.556826527e-05
74,0.0198353439,0.0219554122,0.02180654456,0.01968308573,0.1068314592,0.04203352342,0.05640411324,0.06606458292,0.06531859682,0.05738122002,0.03152809908,0.03585957432,0.0365978751,0.0338734608,0.1395488707,0.07379735582,0.1133457975,0.1504955731,0.1702233324,0.1691882957,0.0004170307507,0.0005170595616,0.000575249785,0.0005765585017,0.01589809703,0.004138311052,0.009756962394,0.01928701578,0.0301569739,0.0398660916,0.0002623674944,0.0003165753086,0.0003427578797,0.0003350248292,0.01217076782,0.002357100639,0.004855343771,0.008466618828,0.01157192255,0.01352082284,0.008450484788,0.006630445611,0.004668175846,0.00306696072,0.02442507286,0.002859898119,0.004054631999,0.004997918049,0.004893931462,0.004129924136,0.01399257811,0.01130852533,0.008200826208,0.005537038154,0.03266635855,0.005276722366,0.008665422358,0.0122431489,0.01387856105,0.01339608682,0.0001985422597,0.0001743353184,0.0001373602889,0.0001001230788,0.003818718106,0.0002996340882,0.0007429932419,0.001539121741,0.002376838874,0.003011335423,0.0001199048762,0.0001022167623,7.81899246e-05,5.545808808e-05,0.002855306563,0.0001623968262,0.0003476534725,0.0006283027668,0.0008381334712,0.0009283746079,2.084104677e-07,5.085482567e-07,9.392043699e-07,1.29214338e-06,0.004420718336,0.0001579089411,0.0007265792949,0.002221907746,0.003937915506,0.004992257268,3.393784166e-10,1.742984357e-09,6.153266686e-09,1.413462155e-08,0.002030475318,2.642076956e-05,0.00020113786,0.0008831719053,0.001872084359,0.002621113156,2.414960327e-09,1.507803995e-08,6.743587689e-08,1.99892095e-07,0.005606004262,0.0003456751467,0.001819355812,0.005933968991,0.01081888525,0.01418449918,1.595745295e-09,1.225084813e-08,6.737208213e-08,2.416835362e-07,0.007088354551,0.0006030989158,0.002849244188,0.00840619645,0.0141359092,0.01749643604,7.329380224e-10,7.305679346e-09,5.2163316e-08,2.381226424e-07,0.008525307267,0.0009350383486,0.003854054722,0.01001768577,0.01505180723,0.01713180203,3.262073326e-11,5.353839336e-10,6.040041572e-09,4.054788738e-08,0.007109247571,0.0005397917854,0.002116247407,0.005017599166,0.006388423046,0.006135724642,3.566010262e-14,1.615334117e-12,4.301508052e-11,5.553334747e-10,0.005073747237,0.0001101652455,0.0004840150222,0.001072339646,0.0009754796754,0.0006011379926,9.807549167e-13,3.46221241e-11,7.184979294e-10,7.368885473e-09,0.01057711008,0.000386903434,0.001134583944,0.001726916789,0.001125000216,0.000499342914,1.551974982e-11,4.268072331e-10,6.900132382e-09,5.619912594e-08,0.01812663667,0.0008733400694,0.001840106963,0.002060434403,0.001010609412,0.0003379073773,3.529832273e-13,1.875427487e-11,5.207097207e-10,6.293461124e-09,0.01657163446,0.0003185125994,0.000526104489,0.0004118354336,0.000112247988,1.900039789e-05
75,0.01967169135,0.02179858429,0.0216749585,0.01958448005,0.1067215213,0.04174232998,0.05574911061,0.06501129781,0.06399315024,0.05596778197,0.03130376923,0.03566870751,0.03646880305,0.03381024702,0.139863157,0.07393356927,0.1132050027,0.1498783866,0.1690596492,0.1675471573,0.0004126158689,0.000512952493,0.0005722051481,0.0005749211268,0.01594916959,0.004149581365,0.009741149929,0.01917828455,0.02987128104,0.03933573401,0.0002592931208,0.0003134859359,0.0003400858214,0.0003330212681,0.0121698929,0.002342822027,0.004797141753,0.008318778953,0.01130699954,0.01313978596,0.008379286071,0.006583697175,0.004641689372,0.003053462068,0.02441746066,0.002844756919,0.004014933731,0.004928207139,0.004805380604,0.004036781252,0.01389197058,0.01125120011,0.008176684503,0.005531623565,0.03277292228,0.005299267986,0.008678600074,0.01223056431,0.01383124602,0.01331225843,0.0001964520548,0.000173012167,0.0001367225386,9.993134087e-05,0.003834705166,0.0003011677841,0.0007438519991,0.001535258695,0.002362687239,0.002982020743,0.0001184949217,0.0001012389526,7.761379983e-05,5.516220602e-05,0.002857046488,0.0001616731103,0.0003441242201,0.0006186200957,0.0008208668556,0.0009042616994,2.032555576e-07,4.982950039e-07,9.245830539e-07,1.277531823e-06,0.004427150412,0.0001566397329,0.0007117818564,0.002151525774,0.003767388617,0.004719332776,3.280728138e-10,1.695066352e-09,6.02013376e-09,1.390564776e-08,0.002032671586,2.606867368e-05,0.0001950361526,0.0008426627687,0.001755666765,0.002417029379,2.347736621e-09,1.47266041e-08,6.617090572e-08,1.969857363e-07,0.005607986566,0.0003405996117,0.001763931588,0.005667588621,0.01016954666,0.01313275521,1.562896659e-09,1.204304999e-08,6.647432652e-08,2.392772063e-07,0.007098704962,0.0005942429506,0.002758748544,0.008008133353,0.01323634004,0.01612029561,7.246203928e-10,7.240752656e-09,5.18284359e-08,2.371375606e-07,0.008549687552,0.0009213068062,0.003725337361,0.00951224013,0.01402546086,0.01568738437,3.238190876e-11,5.319543029e-10,6.006883178e-09,4.035961049e-08,0.007119896553,0.0005270131808,0.002019053898,0.004685748468,0.005829483627,0.005480076084,3.515606876e-14,1.589122611e-12,4.222727985e-11,5.440947293e-10,0.005046411534,0.0001041746813,0.0004431712667,0.0009528853308,0.0008373908612,0.0004992536204,9.584587235e-13,3.36694218e-11,6.953068369e-10,7.098812995e-09,0.01043764755,0.0003579873331,0.001017989551,0.001505822843,0.0009480119283,0.000407050773,1.507489616e-11,4.114106125e-10,6.600475886e-09,5.33798478e-08,0.01776583193,0.0007930750448,0.001622974348,0.001768762489,0.0008389292851,0.0002713865948,3.362336055e-13,1.768063057e-11,4.858515391e-10,5.816386102e-09,0.01610404728,0.0002777348973,0.0004426248652,0.0003351640865,8.746557357e-05,1.417549831e-05
76,0.01951378251,0.02164649753,0.02154652362,0.01948745908,0.1066050084,0.04145270527,0.05510732153,0.06398800435,0.06271390214,0.0546117203,0.03108665028,0.03548273668,0.03634157011,0.03374621604,0.1401578364,0.07405164007,0.1130429671,0.1492436262,0.1678893295,0.1659168147,0.0004083589926,0.0005089624395,0.0005692102874,0.0005732658491,0.01599699442,0.004159338089,0.009722548712,0.01906609555,0.02958392346,0.03880947105,0.0002563360315,0.0003104961798,0.0003374786192,0.0003310443685,0.0121674233,0.002328318667,0.004739645746,0.008174562863,0.01105087075,0.01277418435,0.008310612598,0.006538374188,0.00461583103,0.003040157727,0.02440791616,0.002829544742,0.003975832313,0.004860200343,0.004719588277,0.003947132521,0.01379461381,0.01119533615,0.008152825135,0.005525956233,0.03287428692,0.005320250205,0.008689499001,0.01221529882,0.01378154876,0.01322723306,0.0001944366525,0.0001717263379,0.0001360940315,9.973419781e-05,0.003849856616,0.0003025791816,0.0007444432025,0.001530951724,0.002348049117,0.002952478217,0.0001171390309,0.0001002927505,7.705145682e-05,5.486972377e-05,0.002858373103,0.0001609250128,0.000340615879,0.0006091322209,0.0008041059305,0.0008810476639,1.983583897e-07,4.884660303e-07,9.104025226e-07,1.263134894e-06,0.00443240697,0.0001553098335,0.0006971569401,0.002083513617,0.003605352648,0.004463788893,3.174252335e-10,1.649467682e-09,5.891815682e-09,1.368134881e-08,0.002034234089,2.570681607e-05,0.0001890853677,0.0008041511081,0.001647337948,0.002230743593,2.283935581e-09,1.438977876e-08,6.494348856e-08,1.941211612e-07,0.005608264328,0.0003354331244,0.001709968754,0.005414259455,0.009564207803,0.01216913662,1.531307321e-09,1.184073393e-08,6.558524057e-08,2.368358157e-07,0.007106285503,0.0005851521876,0.002670539238,0.007630096811,0.01240038455,0.01486499284,7.163997599e-10,7.17504341e-09,5.147600857e-08,2.360241488e-07,0.008569827982,0.0009070621988,0.003599729056,0.009033146228,0.0130756129,0.01437719556,3.213542152e-11,5.28301155e-10,5.970106765e-09,4.014028982e-08,0.00712649108,0.0005141004067,0.00192577925,0.004376907699,0.005323439171,0.004900409538,3.464085864e-14,1.562307163e-12,4.142121151e-11,5.3259884e-10,0.005016423653,9.843994175e-05,0.0004058138177,0.0008474561303,0.0007200056108,0.0004155970053,9.362536409e-13,3.272742312e-11,6.725254139e-10,6.835006052e-09,0.01029635037,0.0003311921588,0.0009139792815,0.001314853934,0.0008005838306,0.0003327683922,1.463645453e-11,3.964258864e-10,6.311996095e-09,5.069057597e-08,0.01740904555,0.0007204701028,0.001433102619,0.001521178764,0.0006982272542,0.0002186873148,3.202086519e-13,1.666674236e-11,4.533332592e-10,5.376129419e-09,0.01564881491,0.000242409362,0.0003730913604,0.000273513462,6.840796085e-05,1.062518707e-05
77,0.01936172466,0.02149933554,0.02142147806,0.01939227737,0.1064829524,0.04116578203,0.05448041204,0.06299653946,0.06148230078,0.05331367741,0.03087696002,0.0353019688,0.03621651988,0.03368168765,0.1404333607,0.0741525872,0.1128622177,0.1485956614,0.1667183073,0.1643038698,0.0004042628145,0.0005050950482,0.0005662729597,0.0005716008719,0.01604164577,0.004167664475,0.009701485703,0.01895129078,0.02929646382,0.03828956612,0.0002534972775,0.0003076091303,0.0003349411767,0.0003290999776,0.01216350441,0.00231367743,0.004683063555,0.008034324328,0.01080393647,0.01242428178,0.008244508168,0.006494529909,0.004590648994,0.003027084316,0.0243966417,0.002814334375,0.003937448357,0.004794048269,0.004636687716,0.003861054578,0.01370060369,0.01114102602,0.008129317223,0.005520078906,0.03297048011,0.005339710192,0.00869826458,0.01219765092,0.0137299035,0.01314151129,0.0001924973255,0.0001704796763,0.0001354764854,9.953288845e-05,0.003864180055,0.0003038721662,0.0007447869011,0.001526259918,0.002333039301,0.002922876343,0.0001158376528,9.937911949e-05,7.650396392e-05,5.458154689e-05,0.002859315847,0.0001601581083,0.0003371431086,0.000599866627,0.000787884246,0.000858758543,1.937136007e-07,4.790624737e-07,8.966841326e-07,1.248998274e-06,0.004436563646,0.0001539319726,0.0006827715018,0.002018024733,0.003451837849,0.00422511551,3.074112406e-10,1.606155014e-09,5.768436953e-09,1.346236356e-08,0.002035209031,2.533830439e-05,0.0001833076295,0.0007676591019,0.001546800869,0.002061062032,2.223484042e-09,1.406763909e-08,6.375579254e-08,1.913084202e-07,0.005606980313,0.0003302153333,0.001657653074,0.005174117313,0.009001349664,0.01128812978,1.500996075e-09,1.164432712e-08,6.470837121e-08,2.343749475e-07,0.007111294221,0.0005759060443,0.002584951979,0.007272281048,0.01162559458,0.01372234788,7.083052452e-10,7.108941641e-09,5.11093868e-08,2.347995289e-07,0.008585987142,0.0008924478325,0.003477761622,0.008580620142,0.01219892968,0.0131912866,3.188318609e-11,5.244637537e-10,5.93023935e-09,3.989395798e-08,0.007129341456,0.0005011624482,0.001836671747,0.004090400805,0.004866355589,0.004388789286,3.41186965e-14,1.535121767e-12,4.060428116e-11,5.209558242e-10,0.004984187879,9.298091829e-05,0.0003717651498,0.000754617808,0.0006203465078,0.0003469354288,9.142774531e-13,3.180158021e-11,6.502763935e-10,6.578786468e-09,0.01015420008,0.000306461485,0.0008214343157,0.001150161633,0.000677853305,0.0002729675001,1.420683831e-11,3.819173305e-10,6.035592244e-09,4.813672379e-08,0.01705796076,0.0006549934131,0.001267382995,0.001311224071,0.0005829216286,0.0001769061125,3.049459382e-13,1.571320694e-11,4.23112648e-10,4.971289425e-09,0.01520742179,0.0002118743681,0.000315231026,0.000223938256,5.373567454e-05,8.006984084e-06
78,0.01921562304,0.02135727943,0.02130005803,0.01929918881,0.1063564056,0.04088268074,0.05386999406,0.06203863692,0.06029965801,0.05207415931,0.03067491276,0.03512670895,0.03609399766,0.03361698749,0.1406902289,0.07423748647,0.1126653389,0.1479388815,0.1655524619,0.1627147766,0.0004003299486,0.000501355879,0.0005634009057,0.0005699345068,0.01608320673,0.004174649204,0.009678294994,0.01883471089,0.02901043363,0.03777819797,0.0002507778732,0.0003048278055,0.0003324783278,0.0003271939122,0.01215828612,0.002298984768,0.004627596197,0.007898395461,0.0105665552,0.01209028424,0.008181015738,0.006452216892,0.00456619112,0.003014278474,0.02438384516,0.002799198368,0.003899899552,0.004729894804,0.00455680264,0.003778614194,0.0136100346,0.01108836186,0.008106230504,0.005514035492,0.03306154084,0.005357694097,0.008705049371,0.0121779262,0.01367674811,0.01305559048,0.0001906353101,0.0001692740017,0.0001348716203,9.932867665e-05,0.003877685238,0.0003050510892,0.0007449040363,0.001521243292,0.00231777221,0.002893380075,0.0001145912203,9.849900171e-05,7.597237639e-05,5.429857902e-05,0.002859905317,0.000159377989,0.0003337202115,0.0005908494292,0.0007722325834,0.00083741651,1.893159581e-07,4.700851178e-07,8.83448167e-07,1.235166474e-06,0.00443969995,0.0001525187888,0.000668688125,0.001955189565,0.00330682493,0.004002753492,2.980074188e-10,1.565094151e-09,5.650109173e-09,1.324930012e-08,0.002035644782,2.49661582e-05,0.0001777224668,0.0007331936608,0.001453735991,0.001906819406,2.166309722e-09,1.376023796e-08,6.260983658e-08,1.885571619e-07,0.005604282841,0.000324984492,0.001607147826,0.004947203205,0.008479329117,0.01048431291,1.471979511e-09,1.145423281e-08,6.384714437e-08,2.319099255e-07,0.007113939182,0.0005665813041,0.002502280923,0.006934723541,0.01090935188,0.01268437968,7.003652241e-10,7.042832452e-09,5.073192832e-08,2.33481099e-07,0.008598441029,0.0008776026116,0.003359898992,0.008154655528,0.01139189373,0.01212004321,3.162710801e-11,5.204814464e-10,5.887812921e-09,3.962471415e-08,0.00712877415,0.0004883009856,0.001751918789,0.003825433729,0.004454407999,0.003937920913,3.359365896e-14,1.507790758e-12,3.978354162e-11,5.092698096e-10,0.004950110416,8.781191633e-05,0.000340834385,0.000673034348,0.0005358201626,0.0002905851086,8.926575473e-13,3.089682278e-11,6.286680074e-10,6.33128935e-09,0.01001214409,0.0002837221752,0.0007392849013,0.001008315665,0.0005757138442,0.000224796236,1.378820591e-11,3.679395662e-10,5.771966755e-09,4.572183594e-08,0.01671414565,0.0005961113098,0.001122982549,0.001133305838,0.0004884046605,0.000143743311,2.904720614e-13,1.481995224e-11,3.951285785e-10,4.600263163e-09,0.01478117853,0.0001855301979,0.000267114822,0.0001840556911,4.242122957e-05,6.070849091e-06
79,0.01907558125,0.02122050784,0.02118249749,0.01920844604,0.1062264368,0.0406045062,0.0532776239,0.06111593072,0.05916715909,0.05089355095,0.03048071965,0.03495726004,0.03597434966,0.03355244571,0.1409289816,0.07430746225,0.1124549571,0.1472776755,0.1643975962,0.1611558242,0.000396562943,0.0004977504048,0.0005606018318,0.0005682751403,0.01612176828,0.004180385602,0.009653315609,0.0187171908,0.02872732732,0.03727745551,0.0002481788071,0.0003021551562,0.0003300948317,0.0003253319435,0.01215192206,0.002284326338,0.004573437505,0.007767087121,0.01033904622,0.01177234575,0.008120177593,0.006411487013,0.004542504893,0.003001776767,0.02436973893,0.002784208772,0.003863300449,0.004667877175,0.00448004773,0.003699869151,0.01352299949,0.01103743524,0.008083635126,0.005507870866,0.0331475184,0.005374252532,0.008710011912,0.01215643545,0.01362252179,0.01296996271,0.0001888518117,0.0001681111084,0.0001342811541,9.912284554e-05,0.003890383887,0.0003061207171,0.0007448162759,0.001515962409,0.00230236129,0.002864150156,0.0001134001558,9.765331937e-05,7.545773527e-05,5.402171947e-05,0.002860173077,0.0001585902376,0.0003303610927,0.0005821053675,0.0007571790764,0.0008170401903,1.851603906e-07,4.615344566e-07,8.707138727e-07,1.221682731e-06,0.004441898661,0.0001510827424,0.0006549649459,0.001895117063,0.003170251878,0.003796108239,2.891914198e-10,1.526250461e-09,5.536932013e-09,1.304273543e-08,0.00203559151,2.459328924e-05,0.0001723469102,0.0007007484103,0.001367808836,0.001766890286,2.112341734e-09,1.346760906e-08,6.150749681e-08,1.858766149e-07,0.005600324712,0.000319777243,0.001558594755,0.004733475582,0.007996418084,0.009752413512,1.444272244e-09,1.127083078e-08,6.300485607e-08,2.294557361e-07,0.007114436723,0.0005572516049,0.002422780347,0.006617325933,0.01024892853,0.0117433842,6.926072522e-10,6.977094167e-09,5.0346973e-08,2.32086384e-07,0.008607480342,0.0008626599445,0.003246539833,0.007755054714,0.01065088174,0.01115426951,3.136907251e-11,5.163933715e-10,5.843359662e-09,3.933668166e-08,0.007125128592,0.0004756098749,0.001671652511,0.003581124622,0.00408392177,0.003541147023,3.306965105e-14,1.480527408e-12,3.896564668e-11,4.97638334e-10,0.004914596095,8.294223426e-05,0.0003128232208,0.0006014736335,0.0004641809159,0.0002443272214,8.71510707e-13,3.001756123e-11,6.077943808e-10,6.093471424e-09,0.009871091301,0.0002628885723,0.0006665210386,0.0008862789881,0.0004907128395,0.0001859567111,1.3382466e-11,3.545381116e-10,5.521642731e-09,4.344780876e-08,0.01637905211,0.00054329869,0.0009973406525,0.0009826068129,0.0004108859902,0.0001173818429,2.768038459e-13,1.398634215e-11,3.693051611e-10,4.261309519e-09,0.01437122996,0.0001628382929,0.0002271144241,0.0001519449075,3.367812106e-05,4.634402182e-06
80,0.01894170163,0.02108919712,0.02106902792,0.01912029995,0.1060941261,0.0403323446,0.05270480156,0.06022995946,0.0580858735,0.04977213197,0.03029458902,0.0347939226,0.03585792202,0.03348839566,0.1411501955,0.07436367897,0.1122337264,0.146616412,0.1632594158,0.1596331214,0.0003929642934,0.0004942840123,0.0005578833937,0.0005666312003,0.01615742829,0.004184970833,0.009626889372,0.01859955573,0.02844859713,0.03678933414,0.0002457010522,0.0002995940724,0.0003277953694,0.0003235197834,0.01214456861,0.00226978665,0.004520773836,0.007640689554,0.01012169256,0.01147057439,0.008062035529,0.00637239151,0.004519637366,0.002989615599,0.02435453883,0.002769436892,0.003827762293,0.004608126069,0.004406529177,0.003624869174,0.01343959011,0.01098833711,0.008061601454,0.005501630652,0.03322847128,0.005389440007,0.008713315558,0.0121334929,0.01356766289,0.0128851128,0.0001871480115,0.0001669927645,0.0001337067982,9.89166918e-05,0.003902289482,0.0003070861783,0.0007445458468,0.001510478006,0.002286918448,0.002835342555,0.0001122648761,9.684297663e-05,7.496106633e-05,5.375186078e-05,0.002860151462,0.0001578004005,0.0003270792271,0.0005736578192,0.0007427493557,0.0007976450024,1.812420174e-07,4.534107602e-07,8.584995074e-07,1.208588939e-06,0.004443245215,0.000149636038,0.0006416556558,0.001837896386,0.003042020686,0.003604562131,2.809420067e-10,1.489589296e-09,5.428994278e-09,1.284321528e-08,0.0020351008,2.422248532e-05,0.0001671956227,0.0006703056634,0.001288676748,0.001640198069,2.061511093e-09,1.318976993e-08,6.045051351e-08,1.832755764e-07,0.005595262111,0.0003146284496,0.001512115288,0.00453282254,0.007550838905,0.009087354947,1.417887147e-09,1.109447792e-08,6.218466584e-08,2.270269618e-07,0.007113009688,0.0005479870366,0.002346666853,0.006319874793,0.009641540897,0.01089199567,6.850580063e-10,6.912096709e-09,4.995782193e-08,2.306328937e-07,0.008613407717,0.0008477468697,0.003138021123,0.007381459349,0.00997223294,0.0102852504,3.111093431e-11,5.122381908e-10,5.797407583e-09,3.90339687e-08,0.007118753983,0.000463174858,0.001595955816,0.003356531284,0.003751403558,0.003192430944,3.255038765e-14,1.453532877e-12,3.815681806e-11,4.861518657e-10,0.004878045379,7.837677981e-05,0.0002875309732,0.0005388094607,0.0004034944738,0.0002063340275,8.509431248e-13,2.916769951e-11,5.877361694e-10,5.866122118e-09,0.009731908724,0.0002438662723,0.0006021996102,0.0007813790058,0.0004199588753,0.0001546023289,1.299128707e-11,3.417500446e-10,5.284982792e-09,4.131511422e-08,0.0160540168,0.0004960472278,0.0008881596603,0.0008549968347,0.0003472571756,9.638877093e-05,2.63949581e-13,1.321127745e-11,3.455555325e-10,3.952604646e-09,0.01397856505,0.0001433190065,0.0001938619344,0.0001260620917,2.690525262e-05,3.564663879e-06
81,0.01881408568,0.0209635214,0.02095987811,0.01903499909,0.10596056,0.04006726072,0.05215297059,0.05938217151,0.05705676633,0.04871009273,0.03011672676,0.03463699452,0.03574506002,0.03342517258,0.141354478,0.07440733228,0.1120043137,0.1459594212,0.1621435116,0.1581525848,0.0003895364566,0.000490962004,0.0005552531796,0.0005650111223,0.01619029048,0.004188505073,0.009599358823,0.01848261751,0.0281756489,0.0363157336,0.0002433455776,0.0002971473889,0.0003255845411,0.0003217630716,0.01213638414,0.002255448753,0.004469783901,0.00751947325,0.009914744041,0.01118503851,0.008006631034,0.006334981027,0.004497635116,0.002977831132,0.02433846295,0.002754953055,0.003793392898,0.004550765838,0.004336345312,0.003553656897,0.01335989708,0.01094115776,0.008040199872,0.005495361014,0.03330446592,0.005403314337,0.008715127285,0.01210941435,0.01351260679,0.01280151653,0.0001855250724,0.000165920713,0.0001331502538,9.87115199e-05,0.003913417029,0.000307952906,0.0007441153679,0.001504850642,0.002271553553,0.002807108006,0.0001111857968,9.606886149e-05,7.448337938e-05,5.348988652e-05,0.002859873376,0.0001570139634,0.0003238876334,0.0005655288268,0.0007289667164,0.0007792435138,1.775561766e-07,4.457141417e-07,8.468223972e-07,1.195925586e-06,0.004443827069,0.0001481905574,0.0006288095741,0.001783598753,0.002922003898,0.003427485811,2.732390934e-10,1.455076411e-09,5.326375044e-09,1.265125472e-08,0.002034225273,2.385639802e-05,0.0001622810581,0.0006418383489,0.001215994883,0.001525721729,2.013751188e-09,1.292672512e-08,5.944049926e-08,1.807624085e-07,0.005589253516,0.0003095710738,0.001467811974,0.004345073761,0.007140795843,0.008484292874,1.392835603e-09,1.092550926e-08,6.138959242e-08,2.246377242e-07,0.007109885643,0.0005388538422,0.002274122016,0.006042061811,0.009084397071,0.01012323275,6.777432405e-10,6.848200185e-09,4.956771848e-08,2.291379936e-07,0.008616534934,0.0008329833976,0.003034622495,0.007033380021,0.009352308214,0.009504795136,3.08545086e-11,5.080538499e-10,5.750476563e-09,3.872063286e-08,0.007110006159,0.0004510734812,0.001524868613,0.003150675683,0.003453563501,0.002886331412,3.203938e-14,1.426995506e-12,3.736282493e-11,4.748935337e-10,0.004840851676,7.411669956e-05,0.00026475876,0.0004840206497,0.0003521026487,0.0001751047072,8.310506108e-13,2.835065652e-11,5.685613914e-10,5.649876745e-09,0.009595419048,0.0002265554507,0.000545448513,0.0006912767316,0.0003610389236,0.0001292524305,1.261611038e-11,3.296047499e-10,5.062208642e-09,3.932302152e-08,0.01574026379,0.0004538716168,0.0007933914603,0.0007469495803,0.0002949756907,7.963578191e-05,2.519102588e-13,1.24932913e-11,3.237852637e-10,3.672289586e-09,0.01360402835,0.0001265483066,0.0001662130959,0.0001051695946,2.164371544e-05,2.76465625e-06
82,0.01869283447,0.02084365284,0.02085527399,0.01895278922,0.1058268265,0.03981029562,0.05162351865,0.05857393103,0.05608071044,0.04770755055,0.0299473367,0.03448677091,0.03563610717,0.0333631122,0.1415424603,0.07443964005,0.1117693844,0.1453109769,0.1610553432,0.1567199302,0.0003862818645,0.0004877896015,0.0005527186953,0.0005634233171,0.01622046326,0.004191090667,0.009571065217,0.01836717131,0.02790983873,0.03585845727,0.0002411133592,0.0002948178923,0.000323466864,0.0003200673639,0.01212752801,0.002241393944,0.00442063868,0.007403689994,0.00971842072,0.01091577287,0.007954005483,0.006299305666,0.004476544196,0.002966459196,0.0243217306,0.002740826393,0.003760296564,0.004495914748,0.00426958728,0.003486268859,0.01328401019,0.01089598666,0.008019500583,0.005489108434,0.03337557539,0.005415936011,0.008715616491,0.01208451543,0.01345778399,0.01271963915,0.0001839841462,0.0001648966724,0.0001326132075,9.850863623e-05,0.003923782815,0.0003087265793,0.0007435476832,0.001499140362,0.002256373982,0.002779591637,0.0001101633383,9.53318479e-05,7.402566758e-05,5.323666919e-05,0.002859372084,0.0001562363284,0.0003207988559,0.0005577391419,0.0007158523027,0.0007618458078,1.740984515e-07,4.384446242e-07,8.356990026e-07,1.183731721e-06,0.004443733062,0.0001467578026,0.0006164717851,0.001732279389,0.002810050898,0.003264248311,2.660637794e-10,1.422678359e-09,5.229144859e-09,1.24673389e-08,0.002033018205,2.349753389e-05,0.0001576136407,0.0006153118694,0.001149421422,0.001422500662,1.968998243e-09,1.267846937e-08,5.84789483e-08,1.78345039e-07,0.005582458617,0.0003046360995,0.001425770102,0.004170012039,0.00676450277,0.007938642801,1.369127754e-09,1.076423907e-08,6.062251168e-08,2.223016386e-07,0.007105295111,0.000529914221,0.002205295371,0.005783503178,0.008574737905,0.009430531227,6.706877557e-10,6.7857537e-09,4.917983156e-08,2.276187854e-07,0.008617180115,0.0008184820613,0.002936571165,0.006710224443,0.008787540209,0.008805264841,3.060156305e-11,5.03877368e-10,5.703074868e-09,3.840064959e-08,0.007099244526,0.0004393752017,0.001458394098,0.002962565464,0.003187329781,0.002617970874,3.153992717e-14,1.401090426e-12,3.658897489e-11,4.639390469e-10,0.004803398972,7.016000134e-05,0.0002443128759,0.0004361879448,0.0003085900243,0.0001494102456,8.119189694e-13,2.756939427e-11,5.503264135e-10,5.445231207e-09,0.009462399146,0.0002108537309,0.0004954683382,0.0006139353518,0.0003119453427,0.0001087218941,1.225816581e-11,3.181247221e-10,4.853420796e-09,3.74698114e-08,0.01543890876,0.0004163140791,0.0007112212874,0.0006554655455,0.0002519665094,6.623538886e-05,2.406807841e-13,1.183063754e-11,3.038953681e-10,3.418510311e-09,0.01324833252,0.0001121538053,0.0001432142945,8.827725534e-05,1.754335464e-05,2.163605561e-06
83,0.01857804909,0.02072976174,0.02075543847,0.01887391286,0.1056940103,0.03956246452,0.05111777864,0.05780652463,0.05515849896,0.04676456602,0.02978662104,0.03434354393,0.03553140443,0.03330254939,0.1417147911,0.07446183321,0.1115315879,0.1446752804,0.160000225,0.1553406654,0.0003832029389,0.0004847719484,0.0005502873495,0.0005618761379,0.0162480586,0.004192831279,0.009542346605,0.01825399264,0.0276524704,0.03541921268,0.0002390053911,0.0002926083287,0.000321446771,0.0003184381213,0.01211815971,0.002227701516,0.00437350145,0.007293574081,0.009532916342,0.01066278495,0.007904200327,0.006265415041,0.004456410098,0.002955535216,0.0243045611,0.00272712465,0.003728574037,0.004443685301,0.004206339772,0.003422736525,0.01321201849,0.0108529125,0.00799957341,0.005482919483,0.03344187803,0.005427367539,0.008714953771,0.01205910982,0.01340361817,0.01263993391,0.0001825263803,0.0001639223372,0.0001320973275,9.83093433e-05,0.003933404147,0.0003094130618,0.0007428656985,0.001493406383,0.002241484226,0.002752932708,0.0001091979304,9.463279803e-05,7.358890705e-05,5.299306822e-05,0.002858681003,0.0001554727927,0.0003178249512,0.0005503082807,0.0007034253083,0.0007454598572,1.708646975e-07,4.316022087e-07,8.251449918e-07,1.172044935e-06,0.004443052765,0.000145348849,0.000604683329,0.001683979536,0.002705993877,0.003114226022,2.593983821e-10,1.392362885e-09,5.137366997e-09,1.22919242e-08,0.002031533145,2.31482491e-05,0.0001532019623,0.0005906858666,0.001088622045,0.001329637858,1.927191756e-09,1.244499079e-08,5.756724685e-08,1.760309694e-07,0.005575037244,0.0002998524971,0.001386059433,0.004007384246,0.006420207185,0.00744609983,1.346772767e-09,1.061096222e-08,5.988615646e-08,2.200317778e-07,0.007099469814,0.0005212262247,0.002140307644,0.005543757915,0.00810987203,0.008807765346,6.63915382e-10,6.725094386e-09,4.879724099e-08,2.260920017e-07,0.008615664947,0.0008043476606,0.002844047292,0.006411323871,0.008274475039,0.008179586527,3.035381113e-11,4.997446553e-10,5.655696124e-09,3.807788483e-08,0.007086829102,0.0004281416536,0.001396504934,0.002791212543,0.002949856772,0.002382999655,3.105511212e-14,1.375979462e-12,3.584011538e-11,4.533567827e-10,0.004766059793,6.650215374e-05,0.0002260074317,0.0003944893178,0.0002717530791,0.0001282465501,7.936245188e-13,2.682645161e-11,5.330770474e-10,5.25255767e-09,0.009333579418,0.0001966586076,0.000451532111,0.0005475892768,0.0002710122452,9.206346616e-05,1.191848983e-11,3.073263998e-10,4.658618038e-09,3.575297969e-08,0.01515096448,0.000382947392,0.00064004995,0.0005780019441,0.0002165392866,5.549001281e-05,2.302511336e-13,1.122137135e-11,2.857849098e-10,3.189450637e-09,0.01291207181,9.981042153e-05,0.0001240733929,7.459420147e-05,1.433702672e-05,1.709798716e-06
84,0.01846983109,0.0206220168,0.02066059128,0.01879860878,0.1055631874,0.03932475503,0.05063703031,0.05708116859,0.05429085831,0.04588115925,0.02963478075,0.03420760262,0.0354312893,0.03324381679,0.1418721301,0.07447514646,0.1112935445,0.1440564451,0.1589833145,0.1540200872,0.0003803021059,0.0004819141153,0.0005479664402,0.0005603778482,0.01627319075,0.004193831045,0.009513536007,0.01814383479,0.02740479361,0.03499961333,0.000237022697,0.000290521411,0.000319528611,0.0003168807001,0.01210843796,0.002214448528,0.004328527888,0.007189343677,0.00935840199,0.01042606106,0.007857257295,0.006233358339,0.004437277717,0.002945094132,0.02428717266,0.002713914,0.003698322499,0.00439418459,0.004146681792,0.003363087313,0.01314401054,0.01081202308,0.007980487601,0.005476840598,0.0335034559,0.005437672772,0.008713309699,0.01203350763,0.01335052453,0.01256284088,0.0001811529241,0.0001629993789,0.0001316042601,9.811493395e-05,0.003942299074,0.0003100183392,0.0007420922194,0.001487706798,0.00222698554,0.002727264422,0.0001082900178,9.397256462e-05,7.317405651e-05,5.275992811e-05,0.00285783349,0.0001547285293,0.0003149774823,0.0005432545924,0.0006917031889,0.000730091901,1.678510674e-07,4.251869425e-07,8.151753216e-07,1.160901363e-06,0.004441875831,0.0001439743083,0.0005934814408,0.001638728489,0.002609653468,0.00297681059,2.532264673e-10,1.364099309e-09,5.051098756e-09,1.212543971e-08,0.002029823532,2.281074711e-05,0.0001490529892,0.0005679158805,0.001033273721,0.00124630171,1.888274927e-09,1.222627402e-08,5.670668425e-08,1.738272862e-07,0.005567148319,0.0002952472253,0.001348736034,0.003856911675,0.006106210783,0.007002651755,1.325779101e-09,1.046595568e-08,5.918311835e-08,2.178406462e-07,0.007092640954,0.0005128437396,0.002079254154,0.005322345016,0.007687205244,0.008249259581,6.574489742e-10,6.666546628e-09,4.842292508e-08,2.245739121e-07,0.008612311948,0.0007906771844,0.002757189602,0.006135957568,0.007809806339,0.007621256084,3.011290636e-11,4.95690361e-10,5.608816767e-09,3.775607184e-08,0.007073117689,0.0004174270507,0.001339149218,0.002635648886,0.002738527933,0.002177557878,3.058780174e-14,1.351811296e-12,3.512064418e-11,4.432080206e-10,0.004729193485,6.313665057e-05,0.0002096663411,0.0003581941948,0.0002405720648,0.0001107949085,7.762347253e-13,2.612398211e-11,5.168497202e-10,5.072120735e-09,0.009209643909,0.0001838694476,0.0004129835521,0.0004907144802,0.0002368605817,7.85208092e-05,1.159794496e-11,2.972210108e-10,4.477716235e-09,3.41694272e-08,0.01487734741,0.0003533766812,0.0005784753937,0.0005124097816,0.000187319164,4.685153379e-05,2.206074496e-13,1.066342154e-11,2.693532265e-10,2.983358629e-09,0.01259573597,8.923591626e-05,0.0001081342777,6.348952592e-05,1.182085738e-05,1.365386071e-06
85,0.01836828292,0.02052058529,0.02057094888,0.01872711167,0.1054354206,0.03909812559,0.05018250235,0.05639901664,0.05347846137,0.04505732602,0.02949201606,0.0340792328,0.03533609504,0.03318724342,0.1420151401,0.07448080884,0.1110578312,0.1434584822,0.1580096016,0.1527632789,0.0003775818116,0.0004792211039,0.0005457631417,0.00055893659,0.01629597499,0.004194193718,0.009484959673,0.01803742652,0.02716800288,0.0346011814,0.0002351663422,0.0002885598275,0.0003177166486,0.0003154003424,0.01209851975,0.002201709612,0.004285866256,0.007091202297,0.009195029783,0.01020557245,0.007813218599,0.006203184389,0.004419191319,0.002935170328,0.02426978118,0.00270125888,0.003669635596,0.00434751471,0.004090687464,0.003307345637,0.01308007461,0.01077340527,0.00796231163,0.005470917845,0.03356039325,0.005446916203,0.008710853603,0.0120080137,0.01329890806,0.01248878586,0.0001798649371,0.0001621294477,0.0001311356261,9.792668548e-05,0.003950486096,0.0003105484548,0.0007412497938,0.0014820983,0.002212975655,0.002702713826,0.0001074400654,9.335199352e-05,7.278205722e-05,5.253807674e-05,0.002856862624,0.0001540085692,0.0003122675174,0.0005365953374,0.0006807018838,0.000715746821,1.650540367e-07,4.191989878e-07,8.058043242e-07,1.150335694e-06,0.004440291342,0.0001426443006,0.0005828998266,0.001596545635,0.002520843989,0.00285141579,2.47532878e-10,1.337858898e-09,4.97039278e-09,1.196828891e-08,0.002027942327,2.248707921e-05,0.0001451722775,0.000546954893,0.0009830678744,0.001171726672,1.852195071e-09,1.20223035e-08,5.589846482e-08,1.717406787e-07,0.005558948821,0.0002908452664,0.001313844146,0.003718299683,0.005820886865,0.00660458663,1.306154779e-09,1.032948025e-08,5.851585109e-08,2.157401624e-07,0.007085037524,0.0005048165443,0.002022208296,0.005118759309,0.007304264825,0.00774979259,6.513104178e-10,6.610421487e-09,4.805975011e-08,2.230802422e-07,0.008607441784,0.00077755989,0.002676101154,0.005883375194,0.007390402457,0.007124332627,2.988043779e-11,4.917477469e-10,5.562893935e-09,3.74387921e-08,0.007058463172,0.0004072786965,0.00128625616,0.00249493971,0.002550954553,0.001998236663,3.014065063e-14,1.328721853e-12,3.443452766e-11,4.335472978e-10,0.004693144806,6.005553246e-05,0.0001951247449,0.0003266570438,0.0002141857589,9.638889229e-05,7.598089286e-13,2.546379482e-11,5.016726873e-10,4.904093712e-09,0.00909123109,0.0001723891066,0.000379234268,0.0004420006788,0.0002083511584,6.749047875e-05,1.129724014e-11,2.878154106e-10,4.310566253e-09,3.271563474e-08,0.01461888513,0.000327240217,0.000525274317,0.0004568780439,0.0001631893297,3.988928939e-05,2.117330558e-13,1.015465457e-11,2.545017921e-10,2.798567219e-09,0.01229972458,8.018648123e-05,9.485488885e-05,5.446039617e-05,9.839151538e-06,1.102606297e-06
86,0.0182735084,0.02042563336,0.02048672436,0.01865965169,0.1053117541,0.03888350424,0.04975537489,0.05576116805,0.05272194095,0.04429305392,0.02935852691,0.03395871697,0.03524614986,0.03313315331,0.1421444805,0.0744800343,0.1108269689,0.1428852873,0.1570839001,0.1515751113,0.0003750445372,0.0004766978533,0.0005436844927,0.0005575603531,0.01631652631,0.004194021829,0.009456935441,0.01793547008,0.02694323708,0.03422535141,0.0002334374447,0.0002867262501,0.0003160150651,0.0003140021685,0.01208855947,0.0021895568,0.00424565765,0.006999340381,0.00904293663,0.01000128136,0.007772127138,0.006174941729,0.004402194518,0.002925797561,0.02425259908,0.002689221844,0.003642603495,0.004303773194,0.004038426857,0.003255533948,0.0130202989,0.01073714498,0.007945112999,0.005465196686,0.0336127749,0.005455162247,0.008707752344,0.01198292601,0.01324916211,0.01241817955,0.0001786635953,0.0001613141738,0.0001306930174,9.774585394e-05,0.003957983866,0.0003110094454,0.0007403605581,0.00147663593,0.002199548526,0.002679401776,0.0001066485638,9.277192632e-05,7.241383285e-05,5.232832366e-05,0.002855800991,0.0001533177853,0.0003097056335,0.0005303467724,0.0006704360447,0.0007024285169,1.624704284e-07,4.136386905e-07,7.970457983e-07,1.140381207e-06,0.004438387159,0.0001413684347,0.0005729689717,0.001557442471,0.002439378329,0.002737483477,2.423037635e-10,1.313615234e-09,4.895298412e-09,1.182085169e-08,0.002025941637,2.217914743e-05,0.0001415641897,0.0005277547536,0.0009377129912,0.001105213044,1.818904026e-09,1.183306658e-08,5.51437203e-08,1.697774586e-07,0.005550592789,0.0002866696907,0.001281418078,0.003591246627,0.00556269492,0.006248495894,1.287907661e-09,1.02017823e-08,5.788667542e-08,2.137416509e-07,0.00707688466,0.0004971904332,0.001969225053,0.004932486019,0.006958719336,0.007304595084,6.455206449e-10,6.557016305e-09,4.77104619e-08,2.216261045e-07,0.008601370652,0.0007650775195,0.002600855121,0.005652817125,0.007013327703,0.006683426307,2.965792631e-11,4.879485882e-10,5.518363801e-09,3.712946008e-08,0.007043210979,0.0003977375786,0.001237741394,0.002368194344,0.00238497132,0.001842039816,2.971610797e-14,1.306834882e-12,3.378532542e-11,4.244228623e-10,0.004658242798,5.724986062e-05,0.0001822299639,0.0002993106771,0.0001918690791,8.448684106e-05,7.44399133e-13,2.484739687e-11,4.875672565e-10,4.748574655e-09,0.008978935245,0.0001621252024,0.0003497602207,0.0004003256961,0.0001845447581,5.849127791e-05,1.10169516e-11,2.791128992e-10,4.156970778e-09,3.138782206e-08,0.01437632448,0.0003042094333,0.0004793843776,0.0004098847157,0.000143243606,3.4264846e-05,2.036093901e-13,9.692930576e-12,2.4113575e-10,2.633509808e-09,0.01202436133,7.245251169e-05,8.378843763e-05,4.710632744e-05,8.27289065e-06,9.010469532e-07
87,0.01818561323,0.0203373262,0.02040812738,0.01859645412,0.1051932084,0.03868178752,0.04935678232,0.0551686761,0.05202190328,0.04358833807,0.02923451344,0.0338463342,0.0351617761,0.03308186407,0.142260799,0.07447401227,0.1106034095,0.1423406281,0.1562108406,0.1504602443,0.0003726928149,0.0004743492458,0.0005417373841,0.0005562569437,0.01633495804,0.004193415839,0.009429771171,0.01783863953,0.02673157948,0.03387347468,0.0002318371879,0.0002850233437,0.0003144279604,0.0003126911684,0.01207870795,0.002178059373,0.004208036308,0.006913936935,0.008902247989,0.009813146809,0.007734026717,0.006148678686,0.004386330247,0.002917008891,0.0242358341,0.002677863421,0.003617312959,0.004263053486,0.00398996683,0.003207673769,0.01296477174,0.01070332712,0.007928958045,0.005459721739,0.03366068454,0.005462474514,0.008704169097,0.01195853417,0.01320166689,0.01235141667,0.0001775500992,0.0001605551687,0.0001302779934,9.75736683e-05,0.003964810873,0.0003114072751,0.0007394460875,0.001471372835,0.002186794124,0.00265744297,0.0001059160345,9.223320308e-05,7.207028964e-05,5.213145862e-05,0.002854680464,0.0001526608772,0.0003073019246,0.000524524244,0.0006609192679,0.0006901402758,1.600974383e-07,4.085066495e-07,7.889131054e-07,1.131069805e-06,0.004436249274,0.0001401557966,0.0005637164712,0.001521424569,0.002365072444,0.002634488723,2.37526609e-10,1.291344574e-09,4.825863054e-09,1.168348644e-08,0.002023872358,2.18887096e-05,0.0001382321116,0.0005102674851,0.0008969367481,0.001046126088,1.788358548e-09,1.165855675e-08,5.44435226e-08,1.679435846e-07,0.005542230332,0.0002827417449,0.001251484084,0.00347545209,0.005330192738,0.005931274066,1.27104572e-09,1.008309568e-08,5.729778511e-08,2.118558392e-07,0.007068402042,0.0004900073953,0.00192034448,0.004763014039,0.006648394557,0.006909343127,6.400996591e-10,6.506614449e-09,4.737767899e-08,2.202259403e-07,0.008594407746,0.0007533046296,0.002531500509,0.005443532725,0.006675858542,0.006293681491,2.944682194e-11,4.843230973e-10,5.475640287e-09,3.683131163e-08,0.007027696677,0.0003888390233,0.001193511913,0.002254575023,0.002238629642,0.001706346948,2.931642692e-14,1.286262686e-12,3.317621996e-11,4.158772012e-10,0.004624799927,5.471014125e-05,0.0001708420675,0.0002756595452,0.0001730134527,7.464912606e-05,7.300508431e-13,2.42760368e-11,4.745490024e-10,4.605601901e-09,0.008873308326,0.0001529910916,0.000324097768,0.0003647321997,0.0001646685285,5.113966209e-05,1.075754379e-11,2.711140079e-10,4.016699936e-09,3.018209101e-08,0.01415034014,0.0002839883643,0.0004398873725,0.0003701541995,0.0001267475194,2.971217035e-05,1.962168522e-13,9.276151776e-12,2.291651577e-10,2.486731633e-09,0.01176990832,6.585465244e-05,7.456748795e-05,4.110852545e-05,7.030984198e-06,7.456576045e-07
88,0.01810470542,0.02025582839,0.02033536409,0.01853773895,0.1050807755,0.03849383955,0.04898781635,0.05462255671,0.05137894157,0.04294319686,0.02912017647,0.03374236007,0.03508328942,0.03303368553,0.1423647244,0.07446389807,0.1103895236,0.1418281327,0.1553948646,0.1494231307,0.0003705292439,0.000472180113,0.000539928548,0.0005550339541,0.01635138049,0.004192473321,0.009403763274,0.01774757924,0.0265340583,0.03354682427,0.0002303668323,0.0002834537749,0.0003129593543,0.0003114721953,0.01206911157,0.002167283738,0.00417312996,0.00683516123,0.008773081622,0.009641130335,0.00769896226,0.006124443447,0.004371640738,0.002908836615,0.02421968809,0.002667241989,0.003593847453,0.004225445428,0.00394537189,0.003163786727,0.01291358184,0.01067203552,0.007913911737,0.005454536537,0.03370420298,0.005468915062,0.008700262147,0.01193511789,0.01315678817,0.01228887541,0.0001765256812,0.0001598540271,0.000129892078,9.741132471e-05,0.003970985125,0.0003117477706,0.0007385272499,0.001466360052,0.002174798262,0.002636946031,0.0001052430359,9.173666515e-05,7.175231652e-05,5.194825008e-05,0.002853531983,0.0001520423583,0.0003050660119,0.0005191422852,0.0006521643291,0.0006788851359,1.579326601e-07,4.03803786e-07,7.814192682e-07,1.12243207e-06,0.004433961164,0.0001390149436,0.0005551673756,0.001488493495,0.00229774952,0.002541944246,2.33190267e-10,1.271026208e-09,4.762133539e-09,1.155653233e-08,0.002021783816,2.161738608e-05,0.0001351786656,0.0004944464779,0.0008604877332,0.0009938946778,1.760520718e-09,1.149877671e-08,5.379889698e-08,1.66244688e-07,0.005534006683,0.0002790809593,0.001224062212,0.00337062441,0.005122046416,0.005650115924,1.255577324e-09,9.973643666e-09,5.675125402e-08,2.100928629e-07,0.007059802334,0.0004833058358,0.001875595108,0.004609847975,0.006371286164,0.006560148274,6.350665662e-10,6.459485208e-09,4.706388747e-08,2.188934721e-07,0.008586852789,0.0007423090123,0.002468067717,0.005254796722,0.00637549564,0.005950757013,2.924850186e-11,4.80899868e-10,5.43511413e-09,3.654739555e-08,0.007012243711,0.0003806133872,0.001153470597,0.00215330393,0.002110189475,0.001588878715,2.894367617e-14,1.267106969e-12,3.26100501e-11,4.079476212e-10,0.004593111451,5.242670073e-05,0.0001608341418,0.0002552732389,0.0001571097756,6.651946886e-05,7.168039239e-13,2.375074799e-11,4.626289503e-10,4.475168925e-09,0.008774862207,0.0001449065975,0.0003018395168,0.0003344068778,0.0001480878412,4.513007566e-05,1.05193899e-11,2.638172457e-10,3.889505671e-09,2.909455327e-08,0.01394154356,0.0002663126744,0.0004059936564,0.0003366206238,0.0001131064864,2.602208779e-05,1.895355682e-13,8.902304064e-12,2.185059799e-10,2.356897681e-09,0.01153657993,6.024017299e-05,6.689056932e-05,3.621336953e-05,6.043627746e-06,6.253087819e-07
89,0.01803089583,0.02018130409,0.02026863706,0.01848372061,0.1049754137,0.03832049131,0.04864952927,0.05412379723,0.0507936495,0.04235768726,0.02901571805,0.0336470666,0.035010998,0.03298891828,0.1424568581,0.0744508035,0.1101875879,0.1413512783,0.1546402192,0.1484680207,0.0003685565073,0.0004701952429,0.0005382645472,0.0005538987327,0.01636589952,0.004191288129,0.009379195293,0.01766290268,0.02635164758,0.03324660039,0.0002290277283,0.0002820202217,0.0003116131894,0.0003103499585,0.0120599113,0.002157293311,0.004141060208,0.006763174517,0.008655551301,0.009485201562,0.007666980031,0.006102284148,0.004358167504,0.002901312203,0.02420435581,0.002657413656,0.003572287248,0.004191035761,0.003904705052,0.003123895573,0.01286681852,0.01064335296,0.007900037483,0.005449683282,0.03374340635,0.005474543652,0.00869618368,0.01191294552,0.01311487599,0.01223091679,0.0001755916133,0.0001592123289,0.0001295367566,9.725998076e-05,0.003976523815,0.0003120365545,0.000737624064,0.001461646297,0.002163642459,0.002618013626,0.0001046301687,9.128315804e-05,7.146078539e-05,5.177944376e-05,0.002852385332,0.0001514665429,0.0003030070586,0.0005142147164,0.0006441834176,0.0006686662429,1.55974111e-07,3.995314135e-07,7.74577072e-07,1.114497319e-06,0.004431603151,0.0001379539045,0.0005473445459,0.00145864865,0.002237243788,0.002459404244,2.292849912e-10,1.252642813e-09,4.704157493e-09,1.144031171e-08,0.002019723416,2.136666774e-05,0.0001324059182,0.0004802475761,0.0008281368381,0.0009480096724,1.735358335e-09,1.13537416e-08,5.321083521e-08,1.646861013e-07,0.005526061259,0.0002757052703,0.001199168096,0.003276487586,0.004937038664,0.005402512062,1.241511504e-09,9.87364097e-09,5.624904383e-08,2.084622746e-07,0.007051289669,0.0004771208322,0.001834997242,0.004472519051,0.006125569799,0.006253545802,6.304396117e-10,6.415883777e-09,4.677143705e-08,2.17641664e-07,0.008578993649,0.0007321521851,0.002410573893,0.005085923806,0.006109972647,0.005650804977,2.906426904e-11,4.777058371e-10,5.39715225e-09,3.628056785e-08,0.006997161284,0.0003730867693,0.001117520338,0.00206366878,0.001998110362,0.001487664692,2.859975288e-14,1.249459778e-12,3.20893468e-11,4.006668628e-10,0.004563454977,5.039001444e-05,0.0001520923327,0.0002377803571,0.0001437337615,5.980967437e-05,7.046934683e-13,2.327239132e-11,4.518147169e-10,4.35723838e-09,0.008684071222,0.0001377985339,0.0002826301819,0.0003086620357,0.0001342828805,4.021928865e-05,1.030279191e-11,2.57219803e-10,3.775134871e-09,2.812144364e-08,0.01375049197,0.0002509484282,0.0003770279592,0.0003083964951,0.0001018399379,2.303013112e-05,1.835460744e-13,8.569492466e-12,2.09080872e-10,2.242797867e-09,0.01132455645,5.547970251e-05,6.051100266e-05,3.221925847e-05,5.257267805e-06,5.317464849e-07
90,0.01796429866,0.0201139174,0.02020814529,0.01843460753,0.1048780423,0.03816253992,0.04834293729,0.05367336524,0.05026663462,0.04183192005,0.02892134193,0.03356072215,0.03494520174,0.03294785231,0.1425377665,0.07443578722,0.1099997734,0.1409133811,0.1539509532,0.1475989667,0.0003667773881,0.000468399387,0.0005367517638,0.0005528583538,0.01637861512,0.004189949593,0.009356336556,0.01758519124,0.02618526827,0.03297393608,0.0002278213285,0.0002807253831,0.0003103933326,0.0003093290172,0.01205124181,0.002148148419,0.004111942936,0.006698131754,0.008549770466,0.00934534359,0.007638127867,0.006082248947,0.004345951316,0.002894466227,0.02419002365,0.002648432146,0.003552709551,0.004159908641,0.003868028695,0.003088025187,0.01282457193,0.01061736111,0.00788739693,0.005445202604,0.03377836429,0.005479416981,0.008692078587,0.01189227262,0.01307626348,0.01217788418,0.0001747492149,0.0001586316409,0.0001292134724,9.712074971e-05,0.003981442992,0.0003122789802,0.0007367555607,0.001457277776,0.002153403813,0.002600742618,0.0001040780819,9.087353443e-05,7.119655131e-05,5.162576132e-05,0.002851268917,0.0001509375345,0.0003011337842,0.0005097547465,0.0006369883686,0.0006594871975,1.54220259e-07,3.956913076e-07,7.683991663e-07,1.107293669e-06,0.004429251764,0.0001369801836,0.0005402690102,0.001431889035,0.002183404058,0.002386467769,2.258024738e-10,1.23618081e-09,4.651984705e-09,1.133513249e-08,0.002017736298,2.113792492e-05,0.0001299155801,0.0004676300689,0.0007996783971,0.0009080221689,1.712845325e-09,1.122348201e-08,5.268030892e-08,1.632728875e-07,0.005518526749,0.0002726311514,0.00117681468,0.003192787585,0.00477407576,0.005186243578,1.228858242e-09,9.783295769e-09,5.579301236e-08,2.069730561e-07,0.007043058174,0.0004714844108,0.001798566126,0.004350594982,0.005909609136,0.005986482164,6.262362209e-10,6.376051343e-09,4.65025382e-08,2.164826902e-07,0.008571104022,0.000722889926,0.002359028048,0.004936281678,0.005877262553,0.005390449394,2.889535143e-11,4.74766261e-10,5.36209735e-09,3.603348839e-08,0.006982742342,0.0003662817236,0.001085567792,0.001985027234,0.001901042267,0.001401014232,2.828639678e-14,1.233404481e-12,3.16163705e-11,3.940637288e-10,0.004536090179,4.85909927e-05,0.0001445157322,0.0002228628558,0.0001325334649,5.428722222e-05,6.937506553e-13,2.284169652e-11,4.421115951e-10,4.251755234e-09,0.008601374894,0.0001316010728,0.0002661626032,0.0002869195342,0.0001228292939,3.621396601e-05,1.010799981e-11,2.513182084e-10,3.673341308e-09,2.725922026e-08,0.01357769739,0.0002376907292,0.0003524166965,0.0002847461454,9.256037301e-05,2.06070645e-05,1.782299298e-13,8.275971358e-12,2.008197966e-10,2.143350181e-09,0.0111339971,5.146433631e-05,5.522764128e-05,2.896617562e-05,4.630790025e-06,4.588332246e-07
91,0.01790503196,0.02005383257,0.02015408411,0.01839060186,0.1047895367,0.03802074799,0.04806902396,0.05327221735,0.04979853164,0.04136607469,0.02883725413,0.03348359139,0.03488619145,0.03291076552,0.1426079724,0.07441984531,0.1098281334,0.1405175857,0.1533309127,0.1468198296,0.0003651947864,0.0004667972668,0.000535396389,0.0005519195873,0.01638961995,0.004188541712,0.00933544086,0.01751499327,0.02603578951,0.03272990296,0.0002267492006,0.0002795719888,0.0003093035785,0.0003084137737,0.01204323049,0.002139906207,0.004085888712,0.006640183317,0.008455855801,0.009221558248,0.0076124554,0.006064386119,0.004335032187,0.002888328301,0.02417686846,0.002640348687,0.003535188623,0.004132146146,0.00383540541,0.003056203573,0.01278693334,0.01059414048,0.007876049759,0.005441133303,0.03380913805,0.005483587926,0.008688083268,0.01187334052,0.01304126563,0.01213010285,0.000173999861,0.0001581135187,0.0001289236236,9.69946947e-05,0.003985757214,0.000312480066,0.0007359396465,0.001453297992,0.002144154903,0.002585224232,0.0001035874785,9.050865712e-05,7.096045288e-05,5.148789896e-05,0.002850209541,0.0001504592145,0.000299454481,0.0005057750752,0.0006305908909,0.0006513523943,1.526700495e-07,3.922857774e-07,7.628981681e-07,1.100848099e-06,0.004426979106,0.0001361007676,0.000533960317,0.001408214942,0.00213609699,0.002322781742,2.227358883e-10,1.221630723e-09,4.605668469e-09,1.124129063e-08,0.002015864996,2.093241687e-05,0.0001277091973,0.0004565575967,0.000774931146,0.0008735417849,1.692962162e-09,1.110804716e-08,5.220828272e-08,1.620098693e-07,0.005511528217,0.0002698737499,0.001157013874,0.003119298152,0.00463219355,0.004999376622,1.217628739e-09,9.702811715e-09,5.538492196e-08,2.056336341e-07,0.007035290517,0.0004664258367,0.001766314952,0.004243688958,0.005721962549,0.005756302662,6.224730415e-10,6.340215204e-09,4.625926002e-08,2.154279085e-07,0.008563441174,0.0007145728351,0.002313435878,0.004805302745,0.005675582425,0.005166765776,2.874290146e-11,4.721047003e-10,5.330267699e-09,3.580861912e-08,0.00696926167,0.0003602179601,0.001057526766,0.001916810463,0.00181781671,0.00132749053,2.800520459e-14,1.219016779e-12,3.119314861e-11,3.881637124e-10,0.004511258626,4.702122871e-05,0.000138016169,0.0002102509575,0.0001232187661,4.976524215e-05,6.840035875e-13,2.245930186e-11,4.335235779e-10,4.158658971e-09,0.008527180742,0.0001262559935,0.000252174042,0.0002686969567,0.0001133823156,3.296084358e-05,9.93522983e-12,2.461089386e-10,3.58389646e-09,2.650465338e-08,0.0134236355,0.0002263623335,0.0003316768078,0.000265063456,8.495649564e-05,1.865151543e-05,1.735702611e-13,8.020170321e-12,1.93660508e-10,2.057602404e-09,0.01096505258,4.810311305e-05,5.087725946e-05,2.632744731e-05,4.132637968e-06,4.019967764e-07
92,0.01785321817,0.02000121434,0.02010664514,0.0183518991,0.1047107226,0.03789584304,0.0478287435,0.05292130781,0.04939001539,0.04096041407,0.02876366345,0.03341593521,0.03483424799,0.03287792232,0.1426679469,0.0744039017,0.1096745914,0.1401668549,0.1527837378,0.1461342836,0.0003638117369,0.0004653935815,0.0005342044123,0.0005510888681,0.01639899789,0.004187142354,0.009316745186,0.01745282305,0.02590402992,0.03251551694,0.0002258130409,0.000278562809,0.0003083476512,0.0003076084676,0.01203599657,0.002132620545,0.0040630032,0.006589476672,0.008373930725,0.009113871192,0.0075900143,0.006048744133,0.004325449353,0.002882927012,0.02416505621,0.002633211901,0.003519795908,0.004107828775,0.003806898841,0.003028462832,0.01275399531,0.01057377038,0.007866053484,0.005437512104,0.03383577864,0.005487104774,0.00868432444,0.01185637496,0.01301017818,0.01208787951,0.0001733449901,0.0001576595087,0.0001286685601,9.68828229e-05,0.003989479208,0.00031264443,0.0007351929692,0.001449747566,0.002135963682,0.002571544225,0.0001031591217,9.018940206e-05,7.075331246e-05,5.136652606e-05,0.002849232179,0.0001500352313,0.0002979770301,0.0005022879919,0.0006250027903,0.0006442673505,1.513229357e-07,3.89317736e-07,7.580867627e-07,1.095186522e-06,0.004424852214,0.0001353221336,0.0005284368791,0.001387629551,0.002095210155,0.002268043749,2.200799373e-10,1.208987541e-09,4.565266925e-09,1.115907253e-08,0.002014149101,2.075130138e-05,0.0001257883329,0.0004469989864,0.0007537390715,0.0008442350989,1.675696297e-09,1.100750794e-08,5.179572723e-08,1.609016592e-07,0.005505182208,0.0002674470236,0.001139778122,0.003055826168,0.004510562842,0.00484025745,1.207835694e-09,9.632389924e-09,5.502644803e-08,2.044518957e-07,0.007028156492,0.0004619719041,0.001738257702,0.004151467877,0.005561388949,0.005560740248,6.191659857e-10,6.308588923e-09,4.604352854e-08,2.144878373e-07,0.008556243733,0.0007072469005,0.002273804305,0.004692494712,0.005503397271,0.004977262655,2.860799566e-11,4.697430123e-10,5.301957034e-09,3.560822345e-08,0.006956974053,0.0003549130199,0.001033321297,0.001858526108,0.001747438637,0.001265888081,2.77576446e-14,1.206365699e-12,3.08215125e-11,3.829896087e-10,0.004489183671,4.567321394e-05,0.0001325179567,0.0001997186776,0.0001155526165,4.609447458e-05,6.754780942e-13,2.212579173e-11,4.260543149e-10,4.077894871e-09,0.008461867097,0.0001217128559,0.0002404428477,0.0002535958784,0.0001056638543,3.03390053e-05,9.784681652e-12,2.415889822e-10,3.506599329e-09,2.585490414e-08,0.01328875419,0.0002168123296,0.0003144061278,0.0002488533806,7.877973136e-05,1.708426857e-05,1.69552253e-13,7.800716536e-12,1.875489465e-10,1.984732993e-09,0.01081787691,4.532085357e-05,4.73283532e-05,2.420326874e-05,3.738640226e-06,3.578297533e-07
93,0.01780898466,0.01995622817,0.02006601624,0.01831868768,0.1046423715,0.03778851669,0.04762302395,0.05262159693,0.0490418137,0.04061529898,0.028700782,0.03335801063,0.03478964148,0.03284957212,0.1427181009,0.07438879859,0.1095409295,0.1398639595,0.1523128581,0.1455458219,0.0003626314258,0.0004641930147,0.0005331816099,0.000550372266,0.01640682254,0.004185822467,0.009300468409,0.01739915985,0.02579075878,0.03233174364,0.0002250146877,0.0002777006643,0.0003075292065,0.0003069171681,0.01202965012,0.002126341938,0.004043387544,0.006546157993,0.00830412877,0.009022336869,0.007570858513,0.00603537174,0.004317241246,0.002878289851,0.0241547408,0.00262706769,0.003506600144,0.004087035938,0.003782574493,0.003004840121,0.012725852,0.01055632893,0.007857463243,0.005434373397,0.03385832488,0.005490010457,0.008680917942,0.0118415846,0.0129832764,0.01205150184,0.0001727861124,0.0001572711501,0.0001284495802,9.678607965e-05,0.003992619521,0.0003127762251,0.0007345307844,0.001446664056,0.002128893384,0.002559783043,0.0001027938412,8.991666142e-05,7.057593638e-05,5.126228369e-05,0.002848359745,0.0001496689891,0.0002967089162,0.0004993054721,0.0006202361844,0.0006382390256,1.501789083e-07,3.867907733e-07,7.539778047e-07,1.090333839e-06,0.004422932433,0.0001346502582,0.0005237163021,0.001370140454,0.00206065492,0.002222004716,2.178309076e-10,1.198251092e-09,4.530844367e-09,1.108875734e-08,0.002012624921,2.059564409e-05,0.0001241547375,0.0004389290284,0.0007359722191,0.0008198243709,1.661042613e-09,1.092196001e-08,5.144363171e-08,1.599526872e-07,0.005499595867,0.0002653638733,0.001125121874,0.003002216675,0.004408494547,0.004707508578,1.199493579e-09,9.572230918e-09,5.471918707e-08,2.034352041e-07,0.007021811598,0.0004581472192,0.001714411816,0.004073659976,0.005426853344,0.005397906251,6.163302707e-10,6.281372461e-09,4.58571251e-08,2.136721347e-07,0.008549729519,0.00070095405,0.002240145712,0.004597450292,0.00535942374,0.004819865912,2.849163436e-11,4.677013438e-10,5.277434495e-09,3.543436622e-08,0.006946112487,0.0003503829147,0.001012888449,0.001809760924,0.001689079411,0.0012152136,2.754507065e-14,1.19551456e-12,3.050313286e-11,3.785620983e-10,0.004470070368,4.45405265e-05,0.0001279576468,0.0001910800035,0.0001093438603,4.315688761e-05,6.681984914e-13,2.184173184e-11,4.19708001e-10,4.009424365e-09,0.008405785797,0.00011792913,0.0002307855704,0.0002412921072,9.945211355e-05,2.825385875e-05,9.656554418e-12,2.377563595e-10,3.441285381e-09,2.530759553e-08,0.01317348174,0.0002089149586,0.0003002752748,0.000235716848,7.383354842e-05,1.584387339e-05,1.661635894e-13,7.616454591e-12,1.824395742e-10,1.924051621e-09,0.01069263869,4.30563483e-05,4.447615222e-05,2.251565742e-05,3.430378147e-06,3.237990563e-07
94,0.01777246425,0.01991904057,0.02003238142,0.01829114864,0.1045851944,0.03769942389,0.04745277016,0.05237405922,0.04875471981,0.04033120244,0.02864882577,0.03331007074,0.03475263037,0.03282594784,0.1427587768,0.07437528683,0.109428776,0.1396114673,0.1519214879,0.1450577603,0.0003616572091,0.0004632002408,0.0005323335328,0.0005497754532,0.0164131558,0.00418464528,0.009286810006,0.01735444682,0.02569669701,0.03217950348,0.0002243561348,0.0002769884358,0.0003068518341,0.0003063437675,0.0120242911,0.002121117416,0.00402713872,0.006510373704,0.008246596842,0.008947043347,0.007555044503,0.006024318057,0.004310445476,0.002874443141,0.02414606269,0.002621959109,0.003495667456,0.004069846414,0.003762500526,0.00298537859,0.0127025994,0.01054189297,0.00785033158,0.005431748982,0.03387680152,0.005492341781,0.008677967532,0.01182915967,0.01296081391,0.01202123794,0.0001723248183,0.0001569499762,0.0001282679273,9.670534243e-05,0.003995186177,0.0003128790739,0.0007339668218,0.001444081772,0.00212300241,0.00255001596,0.0001024925396,8.969134659e-05,7.042911514e-05,5.117578319e-05,0.002847612867,0.0001493636358,0.0002956572404,0.0004968392674,0.0006163037091,0.0006332761307,1.492385291e-07,3.847092287e-07,7.505844143e-07,1.086314003e-06,0.004421274774,0.0001340906242,0.0005198156942,0.00135576109,0.002032369212,0.002184471597,2.159867334e-10,1.189426431e-09,4.502472531e-09,1.103061922e-08,0.002011325147,2.046642732e-05,0.0001228105099,0.0004323292107,0.0007215275246,0.0008000866515,1.649003904e-09,1.085152688e-08,5.115301632e-08,1.59167228e-07,0.005494866043,0.0002636362669,0.001113062977,0.002958357617,0.004325444907,0.004600026621,1.192618904e-09,9.522536474e-09,5.446466426e-08,2.025904119e-07,0.007016395642,0.0004549744651,0.001694800688,0.004010062017,0.005317532638,0.005266283811,6.139804557e-10,6.258752276e-09,4.570168453e-08,2.129895768e-07,0.008544093384,0.0006957326686,0.002212481869,0.004519856303,0.005242634324,0.004692906686,2.839474118e-11,4.659981215e-10,5.256944547e-09,3.528891349e-08,0.006936886408,0.0003466427207,0.0009961808784,0.001770183345,0.001642071254,0.001174670528,2.736873522e-14,1.18652187e-12,3.023955281e-11,3.749002913e-10,0.004454105356,4.361799841e-05,0.0001242838282,0.0001841857548,0.0001044414785,4.086068391e-05,6.621882879e-13,2.16077019e-11,4.14490195e-10,3.953234539e-09,0.008359264694,0.0001148703153,0.0002230545786,0.0002315277812,9.457339372e-05,2.663249174e-05,9.551061568e-12,2.346106003e-10,3.387834717e-09,2.486087688e-08,0.0130782344,0.0002025686421,0.0002890210343,0.0002253386865,6.996512232e-05,1.488329736e-05,1.633948573e-13,7.466464556e-12,1.78295685e-10,1.874999862e-09,0.01058953162,4.126087957e-05,4.223867579e-05,2.120456601e-05,3.19396852e-06,2.980358373e-07
95,0.01774379579,0.01988981935,0.02000592076,0.01826945516,0.1045398368,0.03762918186,0.04731886644,0.05217969105,0.04852960452,0.04010872384,0.02860801514,0.0332723645,0.03472346057,0.0328072644,0.1427902395,0.0743640163,0.1093395931,0.1394117319,0.1516126205,0.1446732407,0.00036089263,0.0004624199319,0.0005316654945,0.000549303673,0.01641804632,0.004183665509,0.009275948712,0.0173190898,0.02562251782,0.0320596761,0.0002238395463,0.000276429074,0.0003063190586,0.0003058919727,0.01202000843,0.002116990422,0.004014349843,0.006482271921,0.008201498347,0.008888117036,0.00754263151,0.006015632651,0.004305098796,0.002871411961,0.02413914765,0.002617926237,0.003487061441,0.004056338782,0.003746748511,0.002970128303,0.01268433555,0.01053053801,0.007844708233,0.005429667801,0.03389121731,0.005494128662,0.008675563676,0.01181927044,0.0129430214,0.01199733578,0.0001719627868,0.0001566975169,0.0001281247857,9.664141476e-05,0.003997184329,0.0003129560048,0.0007335131496,0.001442031582,0.002118344193,0.002542313171,0.0001022561985,8.951439119e-05,7.031362342e-05,5.110760445e-05,0.002847009649,0.0001491220513,0.0002948287299,0.0004949009893,0.000613218715,0.0006293894279,1.485029664e-07,3.830782653e-07,7.479200717e-07,1.083150062e-06,0.004419927274,0.0001336482253,0.0005167519499,0.001344512102,0.002010320206,0.002155310175,2.145470695e-10,1.182524232e-09,4.480231853e-09,1.098492933e-08,0.002010278513,2.036455779e-05,0.000121758245,0.0004271884222,0.000710329732,0.0007848533865,1.639591383e-09,1.079636298e-08,5.092494372e-08,1.585494248e-07,0.005491078395,0.0002622753506,0.001103623964,0.002924184408,0.004261021142,0.004516982321,1.187230495e-09,9.483511381e-09,5.426434015e-08,2.019238711e-07,0.007012031311,0.0004524746403,0.001679455971,0.003960546182,0.005232822171,0.005164724721,6.121304718e-10,6.240901334e-09,4.557869269e-08,2.124480339e-07,0.008539505056,0.0006916180664,0.002190847567,0.00445950236,0.005152262704,0.004595113625,2.831816214e-11,4.64650035e-10,5.240706795e-09,3.517353171e-08,0.006929479913,0.0003437071183,0.0009831692116,0.00173954622,0.001605903468,0.001143647198,2.722980114e-14,1.179442135e-12,3.003221783e-11,3.720222199e-10,0.004441456666,4.290186713e-05,0.0001214570099,0.0001789211503,0.0001007301263,3.913648882e-05,6.574708308e-13,2.142432541e-11,4.104085689e-10,3.909346808e-09,0.008322609856,0.0001125100796,0.0002171362361,0.0002241052302,9.089579234e-05,2.542016573e-05,9.468444388e-12,2.321531832e-10,3.346179626e-09,2.451348399e-08,0.01300342348,0.0001976952744,0.0002804412258,0.0002174782869,6.705898339e-05,1.416742094e-05,1.612399213e-13,7.350079118e-12,1.750897212e-10,1.837152436e-09,0.01050878436,3.989706692e-05,4.05536989e-05,2.022494837e-05,3.019168228e-06,2.791850592e-07
96,0.01772312474,0.01986873389,0.01998681026,0.01825377215,0.104506873,0.03757836883,0.04722217873,0.05203951786,0.04836742794,0.03994860296,0.02857857541,0.03324513667,0.03470236448,0.03279371714,0.1428126686,0.07435552608,0.109274664,0.1392668802,0.1513890207,0.1443952314,0.0003603414374,0.0004618567627,0.0005311825571,0.0005489617054,0.01642152806,0.004182928558,0.009268041122,0.01729345586,0.02556884686,0.03197310404,0.0002234672706,0.0002760256095,0.0003059343403,0.0003055652962,0.01201687892,0.002114000672,0.004005110411,0.006462003773,0.008169016167,0.008845727287,0.007533681797,0.006009365615,0.004301237071,0.002869220067,0.02413410538,0.002615006029,0.003480843204,0.004046591809,0.003735394147,0.002959147128,0.01267116083,0.01052233821,0.0078406399,0.005428155675,0.0339015631,0.00549539336,0.008673782326,0.01181206574,0.01293010526,0.0119800224,0.000171701794,0.0001565152993,0.0001280212776,9.659501993e-05,0.003998615912,0.0003130093874,0.0007331800372,0.00144054071,0.002114967037,0.002536739842,0.000102085886,8.938675405e-05,7.023021999e-05,5.105829423e-05,0.002846565438,0.0001489468327,0.0002942297436,0.0004935021835,0.0006109954506,0.0006265920186,1.479740326e-07,3.819039453e-07,7.459987048e-07,1.080864197e-06,0.004418930349,0.0001333275657,0.0005145420045,0.001336422608,0.001994506969,0.00213444809,2.135133745e-10,1.177561212e-09,4.464212691e-09,1.095195773e-08,0.002009509447,2.029087316e-05,0.0001210011709,0.0004235036403,0.0007023324581,0.0007740106224,1.632825231e-09,1.075665676e-08,5.076053011e-08,1.581033097e-07,0.005488306465,0.0002612915428,0.001096833243,0.002899684392,0.004214987818,0.004457823339,1.183349754e-09,9.455365059e-09,5.411961612e-08,2.014414382e-07,0.007008822734,0.00045066726,0.001668419704,0.003925066815,0.005172343487,0.005092450394,6.107936451e-10,6.227979011e-09,4.548948299e-08,2.120544412e-07,0.00853610696,0.0006886428755,0.002175293938,0.004416289413,0.005087810836,0.004525610208,2.826266425e-11,4.636720078e-10,5.228915639e-09,3.508968541e-08,0.00692404992,0.000341590871,0.0009738442733,0.001717689922,0.001580220734,0.001121708807,2.712935142e-14,1.174326563e-12,2.988250189e-11,3.699452712e-10,0.0044322734,4.238991678e-05,0.0001194496227,0.00017520411,9.812687292e-05,3.793456225e-05,6.540698796e-13,2.12922966e-11,4.074735866e-10,3.87782483e-09,0.008296107381,0.000110830443,0.0002129496891,0.0002188825387,8.832459454e-05,2.457776443e-05,9.408984257e-12,2.303879385e-10,3.316311622e-09,2.426479622e-08,0.01294946148,0.0001942398344,0.000274391053,0.0002119627949,6.503237838e-05,1.367122443e-05,1.596962777e-13,7.266900554e-12,1.728036221e-10,1.810219409e-09,0.01045066953,3.893802811e-05,3.937652796e-05,1.954462462e-05,2.898733457e-06,2.66299947e-07
97,0.01771060368,0.01985595536,0.01997522171,0.01824425571,0.1044868,0.03754752242,0.04716355629,0.05195460078,0.0482692507,0.03985173378,0.02856073733,0.03322862761,0.03468956004,0.03278548023,0.1428261496,0.07435023467,0.1092350796,0.1391787992,0.151253216,0.1442265263,0.0003600076046,0.0004615154166,0.0005308895157,0.0005487538328,0.01642361884,0.004182469704,0.009263220206,0.01727787162,0.0255362618,0.03192059546,0.0002232418559,0.0002757811612,0.0003057010745,0.0003053670459,0.01201496632,0.002112183985,0.003999506471,0.006449724581,0.008149355466,0.008820090901,0.007528260915,0.006005567647,0.004298895237,0.002867889806,0.02413102815,0.002613232143,0.003477071372,0.004040684789,0.003728517933,0.002952501617,0.01266317816,0.01051736629,0.007838170007,0.005427235033,0.03390780996,0.005496149722,0.008672683669,0.01180767139,0.0129222461,0.01196950304,0.0001715437219,0.0001564048496,0.0001279584584,9.656679454e-05,0.003999479312,0.0003130408689,0.0007329758133,0.001439632508,0.002112913913,0.002533356082,0.000101982763,8.930942208e-05,7.017964739e-05,5.102836416e-05,0.002846292579,0.0001488402795,0.0002938662718,0.0004926543927,0.0006096492321,0.0006248996223,1.476542266e-07,3.81193307e-07,7.448347722e-07,1.079477741e-06,0.004418316136,0.0001331326548,0.000513203053,0.001331531398,0.001984963118,0.002121878208,2.128890078e-10,1.174560566e-09,4.454516505e-09,1.093197492e-08,0.002009037719,2.024614669e-05,0.0001205432726,0.0004212806141,0.0006975194627,0.0007674999175,1.628735182e-09,1.07326338e-08,5.066095535e-08,1.578328211e-07,0.005486610737,0.0002606946058,0.001092726186,0.002884901274,0.004187274257,0.004422280314,1.181000926e-09,9.438313015e-09,5.403183845e-08,2.011484725e-07,0.007006854008,0.0004495705123,0.001661746245,0.003903667153,0.005135953804,0.005049057689,6.099827081e-10,6.220130841e-09,4.543523169e-08,2.118147629e-07,0.008534011996,0.0006868373608,0.002165891479,0.004390238329,0.005049058375,0.004483917919,2.822893326e-11,4.630771508e-10,5.221739673e-09,3.503863303e-08,0.006920724268,0.0003403092331,0.0009682192081,0.001704546066,0.001564823808,0.001108593372,2.70683967e-14,1.171223618e-12,2.97917289e-11,3.686865481e-10,0.004426685228,4.208161366e-05,0.0001182461716,0.0001729843289,9.657908703e-05,3.722292661e-05,6.520101012e-13,2.121240412e-11,4.056991127e-10,3.858781685e-09,0.008280024711,0.0001098220334,0.000210446322,0.0002157707923,8.679921253e-05,2.408007094e-05,9.373013517e-12,2.293214167e-10,3.298288087e-09,2.411489224e-08,0.01291676753,0.0001921703696,0.0002707809691,0.000208682707,6.383216115e-05,1.337856178e-05,1.587653963e-13,7.216818208e-12,1.714292322e-10,1.794049731e-09,0.01041551206,3.836685472e-05,3.867851821e-05,1.914283798e-05,2.827986572e-06,2.587712828e-07
98,0.01770639299,0.01985165699,0.01997132244,0.01824105259,0.1044800317,0.03753713768,0.04714383278,0.05192604245,0.04823624464,0.03981917826,0.02855473764,0.03322307302,0.03468524965,0.032782705,0.1428306652,0.07434842998,0.1092217245,0.1391491208,0.1512074848,0.1441697408,0.0003598953472,0.0004614005886,0.0005307908822,0.0005486838032,0.01642431885,0.004182313281,0.009261593719,0.01727262115,0.02552529113,0.03190292571,0.0002231660656,0.0002756989462,0.0003056225907,0.0003053003133,0.01201432026,0.002111572087,0.003997620687,0.006445594867,0.008142746301,0.008811476523,0.00752643797,0.00600429012,0.00429810725,0.002867442018,0.0241299894,0.002612634752,0.003475802056,0.004038697819,0.00372620579,0.002950267845,0.01266049328,0.01051569342,0.007837338461,0.005426924632,0.03390990733,0.005496402429,0.008672310869,0.01180618848,0.01291959714,0.01196596005,0.0001714905672,0.0001563676939,0.0001279373124,9.655728182e-05,0.003999769026,0.0003130513107,0.0007329067196,0.001439326219,0.002112222203,0.002532216837,0.0001019480906,8.928341307e-05,7.016263146e-05,5.10182886e-05,0.002846200177,0.000148804376,0.0002937439307,0.0004923692072,0.000609196596,0.0006243308416,1.475467784e-07,3.809544429e-07,7.444433373e-07,1.07901118e-06,0.004418107827,0.0001330669938,0.0005127527266,0.001329888045,0.001981759513,0.002117662422,2.126793403e-10,1.173552431e-09,4.451256993e-09,1.092525308e-08,0.002008878084,2.023108995e-05,0.0001203894036,0.0004205345545,0.0006959061819,0.0007653200743,1.627361169e-09,1.072455994e-08,5.062747214e-08,1.577418144e-07,0.005486037651,0.000260493692,0.001091346103,0.002879939593,0.00417798329,0.004410376784,1.180211356e-09,9.432578108e-09,5.400230055e-08,2.01049826e-07,0.007006187671,0.0004492013588,0.001659504006,0.003896486162,0.005123757634,0.005034530353,6.097097991e-10,6.217488081e-09,4.54169513e-08,2.117339471e-07,0.008533301264,0.0006862296245,0.002162732755,0.004381498713,0.005036075028,0.004469966083,2.821757056e-11,4.628766947e-10,5.219320774e-09,3.502142002e-08,0.006919599689,0.0003398782779,0.0009663315245,0.001700142026,0.00155967295,0.001104211947,2.704787994e-14,1.170179414e-12,2.976118881e-11,3.682631483e-10,0.004424801658,4.197824025e-05,0.0001178435706,0.0001722431773,9.606345517e-05,3.698635055e-05,6.51317474e-13,2.118555119e-11,4.051029473e-10,3.852386329e-09,0.008274611349,0.0001094844366,0.0002096099454,0.0002147330363,8.62916053e-05,2.391479764e-05,9.360924866e-12,2.289632243e-10,3.2922386e-09,2.406460568e-08,0.01290577171,0.0001914784087,0.000269576124,0.0002075898361,6.343310896e-05,1.328145707e-05,1.584530557e-13,7.20002713e-12,1.709687938e-10,1.788636448e-09,0.01040369658,3.817641028e-05,3.844629884e-05,1.900943866e-05,2.804560875e-06,2.562851208e-07
