Step,DF_001,DF_002,DF_003,DF_004,DF_005,DF_006,DF_007,DF_008,DF_009,DF_010,DF_011,DF_012,DF_013,DF_014,DF_015,DF_016,DF_017,DF_018,DF_019,DF_020,DF_021,DF_022,DF_023,DF_024,DF_025,DF_026,DF_027,DF_028,DF_029,DF_030,DF_031,DF_032,DF_033,DF_034,DF_035,DF_036,DF_037,DF_038,DF_039,DF_040,DF_041,DF_042,DF_043,DF_044,DF_045,DF_046,DF_047,DF_048,DF_049,DF_050,DF_051,DF_052,DF_053,DF_054,DF_055,DF_056,DF_057,DF_058,DF_059,DF_060,DF_061,DF_062,DF_063,DF_064,DF_065,DF_066,DF_067,DF_068,DF_069,DF_070,DF_071,DF_072,DF_073,DF_074,DF_075,DF_076,DF_077,DF_078,DF_079,DF_080,DF_081,DF_082,DF_083,DF_084,DF_085,DF_086,DF_087,DF_088,DF_089,DF_090,DF_091,DF_092,DF_093,DF_094,DF_095,DF_096,DF_097,DF_098,DF_099,DF_100,DF_101,DF_102,DF_103,DF_104,DF_105,DF_106,DF_107,DF_108,DF_109,DF_110,DF_111,DF_112,DF_113,DF_114,DF_115,DF_116,DF_117,DF_118,DF_119,DF_120,DF_121,DF_122,DF_123,DF_124,DF_125,DF_126,DF_127,DF_128,DF_129,DF_130,DF_131,DF_132,DF_133,DF_134,DF_135,DF_136,DF_137,DF_138,DF_139,DF_140,DF_141,DF_142,DF_143,DF_144,DF_145,DF_146,DF_147,DF_148,DF_149,DF_150,DF_151,DF_152,DF_153,DF_154,DF_155,DF_156,DF_157,DF_158,DF_159,DF_160,DF_161,DF_162,DF_163,DF_164,DF_165,DF_166,DF_167,DF_168,DF_169,DF_170,DF_171,DF_172,DF_173,DF_174,DF_175,DF_176,DF_177,DF_178,DF_179,DF_180
0,0.02263090193,0.0109324659,0.004738902766,0.00198974503,0.01419058358,0.004248556372,0.0118998102,0.02760286875,0.05046178309,0.07991335559,0.0320755356,0.01549495451,0.006716609383,0.002820134575,0.01535031199,0.004248557396,0.0118998086,0.02760285542,0.05046174186,0.07991328203,0.0004281768294,0.0001457052391,4.449083649e-05,1.351857399e-05,0.000522268517,2.93976309e-05,0.0001326546786,0.0004791314317,0.001207761852,0.002520955667,0.0003021002659,0.0001028023384,3.139050317e-05,9.538025468e-06,0.0004828107108,2.939762382e-05,0.0001326546964,0.0004791316631,0.001207762838,0.002520957987,0.01056045718,0.004021391868,0.001374084587,0.0004631891711,0.004451567004,0.0004715993135,0.001362025808,0.00325058914,0.00581982916,0.009028514112,0.01543547347,0.005877785883,0.002008403478,0.0006770114506,0.004848866024,0.0004715994372,0.001362025609,0.003250587432,0.005819823985,0.009028505067,0.0002209536049,6.007350763e-05,1.465575808e-05,3.619896826e-06,0.0001773377201,3.581287681e-06,1.636052063e-05,5.977160335e-05,0.0001454293535,0.0002935606816,0.0001511693883,4.110035988e-05,1.002699483e-05,2.476615438e-06,0.0001628072913,3.581286741e-06,1.636052302e-05,5.977163477e-05,0.0001454294828,0.0002935609757,2.27929296e-07,2.824961459e-08,2.649965368e-09,2.328865478e-10,1.123956484e-05,3.933452865e-09,1.160172457e-07,1.991609204e-06,1.388404749e-05,6.451829786e-05,3.442033663e-10,2.697086323e-11,1.452705425e-12,7.023595787e-14,9.845265207e-07,7.032816683e-12,6.907162947e-10,3.259440202e-08,4.249138886e-07,3.250737221e-06,3.725611225e-10,4.605664023e-11,4.078478752e-12,3.23659838e-13,1.479768528e-06,4.596563623e-11,2.968514056e-09,9.932249794e-08,1.053989196e-06,6.824603535e-06,9.083838385e-11,1.248466966e-11,1.22912469e-12,1.075622878e-13,1.000593916e-06,2.259883261e-11,1.524127767e-09,5.309021303e-08,5.708598853e-07,3.718630268e-06,1.18426479e-11,1.860707371e-12,2.094201996e-13,2.073640035e-14,5.458343484e-07,7.074643663e-12,5.039931303e-10,1.847155601e-08,1.998491871e-07,1.297269241e-06,5.532329171e-14,7.997182479e-15,7.94637356e-16,6.761492231e-17,8.761833686e-08,6.379417413e-14,8.146820829e-12,4.905945746e-10,6.750232811e-09,5.215299595e-08,1.019868683e-20,6.112968288e-22,2.153964925e-23,6.126508942e-25,4.885868755e-10,5.907676708e-21,7.317012266e-18,3.05423738e-15,1.068889867e-13,1.667105348e-12,1.116100409e-21,5.791414165e-23,1.766625838e-24,4.398553896e-26,1.578953294e-10,2.720184756e-22,4.077619833e-19,2.032105267e-16,7.341678873e-15,1.160345711e-13,5.511442011e-23,2.534456689e-24,6.851459631e-26,1.525886517e-27,4.042957824e-11,7.120704656e-24,1.313103847e-20,7.931951368e-18,2.9213893e-16,4.603881745e-15,1.680888317e-27,3.411526644e-29,3.618327535e-31,3.060438269e-33,1.975960991e-12,2.863819513e-29,2.919232907e-25,7.560611011e-22,4.894200823e-20,1.145989493e-18
1,0.02263090192,0.01093246589,0.004738902756,0.001989745024,0.01419058356,0.004248556367,0.01189981019,0.02760286876,0.05046178313,0.07991335571,0.03207553559,0.01549495449,0.006716609368,0.002820134567,0.01535031196,0.004248557391,0.01189980859,0.02760285543,0.0504617419,0.07991328214,0.0004281768291,0.0001457052388,4.449083635e-05,1.351857393e-05,0.0005222685155,2.939763082e-05,0.0001326546783,0.000479131431,0.001207761851,0.002520955666,0.0003021002657,0.0001028023382,3.139050307e-05,9.538025428e-06,0.0004828107094,2.939762374e-05,0.0001326546961,0.0004791316624,0.001207762837,0.002520957987,0.01056045718,0.004021391866,0.001374084586,0.0004631891704,0.004451567001,0.0004715993142,0.001362025811,0.00325058915,0.005819829182,0.009028514156,0.01543547347,0.005877785879,0.002008403476,0.0006770114496,0.004848866021,0.0004715994379,0.001362025612,0.003250587441,0.005819824007,0.009028505111,0.0002209536048,6.007350755e-05,1.465575805e-05,3.619896816e-06,0.0001773377198,3.58128768e-06,1.636052064e-05,5.977160344e-05,0.0001454293538,0.0002935606826,0.0001511693883,4.110035983e-05,1.002699481e-05,2.476615431e-06,0.0001628072911,3.58128674e-06,1.636052303e-05,5.977163485e-05,0.0001454294831,0.0002935609767,2.279292955e-07,2.824961444e-08,2.649965345e-09,2.328865452e-10,1.123956477e-05,3.93345283e-09,1.160172449e-07,1.991609192e-06,1.388404742e-05,6.451829762e-05,3.442033652e-10,2.697086302e-11,1.452705406e-12,7.023595666e-14,9.845265119e-07,7.032816576e-12,6.907162854e-10,3.259440163e-08,4.24913884e-07,3.250737189e-06,3.725905126e-10,4.606075118e-11,4.078885093e-12,3.236951832e-13,1.479849437e-06,4.597102063e-11,2.968829416e-09,9.933204379e-08,1.054084436e-06,6.825186675e-06,9.085748418e-11,1.248777252e-11,1.229477204e-12,1.075969364e-13,1.00076991e-06,2.26077003e-11,1.524670375e-09,5.310732023e-08,5.710329202e-07,3.71969641e-06,1.184710365e-11,1.861544239e-12,2.095297841e-13,2.074865852e-14,5.460139397e-07,7.079880287e-12,5.04331617e-10,1.848278536e-08,1.999634841e-07,1.297971036e-06,5.536669011e-14,8.004325841e-15,7.954336071e-16,6.768946561e-17,8.766753186e-08,6.387733873e-14,8.156519629e-12,4.911270934e-10,6.757197855e-09,5.220446596e-08,1.021961974e-20,6.126234897e-22,2.158893161e-23,6.141192231e-25,4.890568767e-10,5.922376595e-21,7.333882408e-18,3.060761289e-15,1.071115894e-13,1.67051545e-12,1.11957511e-21,5.809965457e-23,1.772443757e-24,4.413404819e-26,1.580986879e-10,2.729125183e-22,4.090143612e-19,2.037940287e-16,7.362429018e-15,1.163598342e-13,5.534889587e-23,2.545387761e-24,6.881411656e-26,1.532639727e-27,4.049572501e-11,7.150186569e-24,1.318213064e-20,7.960977966e-18,2.93197733e-16,4.620533407e-15,1.689665854e-27,3.429603679e-29,3.63777845e-31,3.077107287e-33,1.979632669e-12,2.878490853e-29,2.933278051e-25,7.594798935e-22,4.91622318e-20,1.151161556e-18
2,0.02263090188,0.01093246584,0.004738902726,0.001989745007,0.01419058348,0.004248556353,0.01189981018,0.02760286877,0.05046178324,0.07991335606,0.03207553554,0.01549495443,0.006716609326,0.002820134544,0.01535031188,0.004248557377,0.01189980858,0.02760285544,0.05046174201,0.07991328249,0.0004281768282,0.0001457052379,4.449083594e-05,1.351857376e-05,0.0005222685109,2.939763058e-05,0.0001326546775,0.0004791314289,0.001207761847,0.002520955664,0.000302100265,0.0001028023376,3.139050278e-05,9.538025309e-06,0.0004828107052,2.93976235e-05,0.0001326546953,0.0004791316603,0.001207762834,0.002520957985,0.01056045717,0.004021391858,0.001374084582,0.0004631891685,0.004451566993,0.0004715993161,0.00136202582,0.003250589179,0.005819829248,0.009028514288,0.01543547346,0.005877785867,0.002008403469,0.0006770114468,0.004848866012,0.0004715994397,0.001362025621,0.00325058747,0.005819824073,0.009028505243,0.0002209536045,6.007350733e-05,1.465575796e-05,3.619896786e-06,0.000177337719,3.581287677e-06,1.636052067e-05,5.977160369e-05,0.0001454293548,0.0002935606855,0.000151169388,4.110035968e-05,1.002699475e-05,2.476615411e-06,0.0001628072903,3.581286738e-06,1.636052306e-05,5.977163511e-05,0.0001454294841,0.0002935609795,2.279292942e-07,2.824961401e-08,2.64996528e-09,2.328865374e-10,1.123956456e-05,3.933452727e-09,1.160172424e-07,1.991609156e-06,1.388404722e-05,6.451829691e-05,3.442033622e-10,2.697086239e-11,1.452705352e-12,7.023595309e-14,9.845264862e-07,7.03281626e-12,6.907162579e-10,3.259440049e-08,4.249138705e-07,3.250737094e-06,3.726771387e-10,4.60728678e-11,4.080082732e-12,3.237993583e-13,1.480087874e-06,4.598689028e-11,2.969758873e-09,9.93601776e-08,1.054365126e-06,6.826905295e-06,9.091378925e-11,1.249691946e-11,1.230516418e-12,1.076990849e-13,1.001288614e-06,2.263384713e-11,1.526270173e-09,5.315775502e-08,5.715430374e-07,3.722839374e-06,1.186024244e-11,1.864012147e-12,2.098529796e-13,2.078481507e-14,5.465433898e-07,7.095330927e-12,5.053301885e-10,1.851590907e-08,2.003006086e-07,1.3000409e-06,5.549478268e-14,8.025412974e-15,7.977845155e-16,6.790958769e-17,8.781264446e-08,6.412301326e-14,8.185164448e-12,4.926995428e-10,6.777762614e-09,5.235642273e-08,1.028157228e-20,6.165505786e-22,2.17348418e-23,6.184672883e-25,4.904446887e-10,5.965913171e-21,7.383829241e-18,3.080070195e-15,1.077703698e-13,1.680606864e-12,1.129880283e-21,5.864992779e-23,1.789703679e-24,4.45746912e-26,1.586995909e-10,2.755647735e-22,4.127281088e-19,2.055236566e-16,7.423932185e-15,1.173238761e-13,5.604586725e-23,2.577883364e-24,6.970461475e-26,1.552719498e-27,4.069132711e-11,7.23779972e-24,1.333389071e-20,8.047157512e-18,2.963411073e-16,4.669968463e-15,1.715805943e-27,3.483445547e-29,3.695720213e-31,3.126768359e-33,1.990494511e-12,2.922173399e-29,2.9750709e-25,7.696471872e-22,4.981714202e-20,1.166543013e-18
3,0.02263090183,0.01093246578,0.004738902678,0.00198974498,0.01419058335,0.00424855633,0.01189981015,0.02760286879,0.05046178342,0.07991335662,0.03207553546,0.01549495433,0.006716609258,0.002820134505,0.01535031174,0.004248557354,0.01189980855,0.02760285546,0.05046174219,0.07991328305,0.0004281768267,0.0001457052366,4.449083528e-05,1.351857349e-05,0.0005222685035,2.939763019e-05,0.0001326546761,0.0004791314255,0.001207761842,0.002520955661,0.000302100264,0.0001028023367,3.139050231e-05,9.538025115e-06,0.0004828106983,2.939762311e-05,0.000132654694,0.000479131657,0.001207762829,0.002520957982,0.01056045716,0.004021391845,0.001374084575,0.0004631891653,0.004451566979,0.0004715993191,0.001362025834,0.003250589226,0.005819829355,0.009028514504,0.01543547344,0.005877785849,0.002008403459,0.0006770114421,0.004848865998,0.0004715994428,0.001362025635,0.003250587517,0.00581982418,0.009028505459,0.0002209536039,6.007350697e-05,1.465575782e-05,3.619896739e-06,0.0001773377176,3.581287673e-06,1.636052072e-05,5.97716041e-05,0.0001454293563,0.0002935606901,0.0001511693877,4.110035943e-05,1.002699465e-05,2.476615378e-06,0.000162807289,3.581286734e-06,1.636052311e-05,5.977163552e-05,0.0001454294856,0.0002935609842,2.27929292e-07,2.82496133e-08,2.649965172e-09,2.328865246e-10,1.123956422e-05,3.93345256e-09,1.160172382e-07,1.991609099e-06,1.388404689e-05,6.451829575e-05,3.442033572e-10,2.697086137e-11,1.452705263e-12,7.023594726e-14,9.845264441e-07,7.032815744e-12,6.90716213e-10,3.259439863e-08,4.249138483e-07,3.250736939e-06,3.728187011e-10,4.609266782e-11,4.082039777e-12,3.239695879e-13,1.480477403e-06,4.601282216e-11,2.971277597e-09,9.940614642e-08,1.054823748e-06,6.829713322e-06,9.100582666e-11,1.251187178e-11,1.232215313e-12,1.07866089e-13,1.00213617e-06,2.267660701e-11,1.528886089e-09,5.324021335e-08,5.723769974e-07,3.727977333e-06,1.188173185e-11,1.868049256e-12,2.103817823e-13,2.084398536e-14,5.474089684e-07,7.120631303e-12,5.069649214e-10,1.857012193e-08,2.008522998e-07,1.303427776e-06,5.570468137e-14,8.059977474e-15,8.016391889e-16,6.827062459e-17,8.805014662e-08,6.452626462e-14,8.23216228e-12,4.952784684e-10,6.811483839e-09,5.260555664e-08,1.038363442e-20,6.230225442e-22,2.197539711e-23,6.256382854e-25,4.927206948e-10,6.03773733e-21,7.46617235e-18,3.111883061e-15,1.088555644e-13,1.697228315e-12,1.146927275e-21,5.956047238e-23,1.818272555e-24,4.530425538e-26,1.596864553e-10,2.799545431e-22,4.188697538e-19,2.083818876e-16,7.525551268e-15,1.189166119e-13,5.720393341e-23,2.63188801e-24,7.11848405e-26,1.586103277e-27,4.101303523e-11,7.38330685e-24,1.358569237e-20,8.190021101e-18,3.015513759e-16,4.75190776e-15,1.759400566e-27,3.573263049e-29,3.792402726e-31,3.209653971e-33,2.00837313e-12,2.994992327e-29,3.044656976e-25,7.865573441e-22,5.090631097e-20,1.192125454e-18
4,0.02263090176,0.01093246568,0.004738902612,0.001989744942,0.01419058317,0.004248556299,0.01189981011,0.02760286883,0.05046178367,0.07991335739,0.03207553536,0.0154949542,0.006716609164,0.002820134451,0.01535031155,0.004248557323,0.01189980851,0.02760285549,0.05046174244,0.07991328383,0.0004281768246,0.0001457052347,4.449083436e-05,1.351857311e-05,0.0005222684933,2.939762965e-05,0.0001326546743,0.0004791314209,0.001207761834,0.002520955657,0.0003021002625,0.0001028023354,3.139050167e-05,9.53802485e-06,0.0004828106889,2.939762257e-05,0.0001326546921,0.0004791316523,0.001207762821,0.002520957978,0.01056045714,0.004021391828,0.001374084565,0.0004631891609,0.004451566961,0.0004715993233,0.001362025854,0.00325058929,0.005819829501,0.009028514799,0.01543547341,0.005877785823,0.002008403445,0.0006770114357,0.004848865977,0.000471599447,0.001362025655,0.003250587582,0.005819824326,0.009028505754,0.0002209536033,6.007350648e-05,1.465575762e-05,3.619896673e-06,0.0001773377156,3.581287667e-06,1.636052078e-05,5.977160467e-05,0.0001454293584,0.0002935606966,0.0001511693872,4.110035909e-05,1.002699452e-05,2.476615334e-06,0.0001628072872,3.581286728e-06,1.636052318e-05,5.977163608e-05,0.0001454294877,0.0002935609906,2.279292891e-07,2.824961233e-08,2.649965025e-09,2.328865071e-10,1.123956375e-05,3.93345233e-09,1.160172326e-07,1.99160902e-06,1.388404644e-05,6.451829417e-05,3.442033504e-10,2.697085997e-11,1.452705141e-12,7.023593927e-14,9.845263863e-07,7.032815035e-12,6.907161514e-10,3.259439607e-08,4.249138178e-07,3.250736727e-06,3.730129204e-10,4.611983138e-11,4.084724561e-12,3.242031156e-13,1.481011583e-06,4.604839597e-11,2.973360891e-09,9.946920037e-08,1.055452808e-06,6.833564825e-06,9.113214919e-11,1.253239512e-11,1.234547418e-12,1.080953651e-13,1.003298789e-06,2.273533534e-11,1.532478188e-09,5.335342196e-08,5.735218436e-07,3.735030064e-06,1.191125151e-11,1.873596328e-12,2.11108582e-13,2.092533479e-14,5.485972449e-07,7.155446227e-12,5.092135581e-10,1.864466744e-08,2.016107567e-07,1.308083245e-06,5.599381488e-14,8.107610198e-15,8.069537455e-16,6.87686264e-17,8.837672387e-08,6.5083113e-14,8.29702102e-12,4.988354381e-10,6.857980694e-09,5.294899975e-08,1.05253338e-20,6.320128473e-22,2.230974122e-23,6.356103415e-25,4.958596675e-10,6.137661544e-21,7.580615736e-18,3.156056684e-15,1.103620087e-13,1.720297962e-12,1.170738447e-21,6.083287815e-23,1.858212792e-24,4.632463216e-26,1.610503156e-10,2.860910013e-22,4.274448676e-19,2.12368192e-16,7.667244861e-15,1.211372345e-13,5.883210748e-23,2.70783804e-24,7.326719436e-26,1.633079943e-27,4.145859891e-11,7.587740288e-24,1.393897087e-20,8.390198775e-18,3.088505852e-16,4.866696165e-15,1.821026767e-27,3.700280129e-29,3.92918139e-31,3.326956216e-33,2.033163595e-12,3.097864274e-29,3.142790195e-25,8.10366172e-22,5.243966881e-20,1.228144828e-18
5,0.02263090166,0.01093246556,0.004738902528,0.001989744895,0.01419058295,0.004248556259,0.01189981007,0.02760286886,0.05046178399,0.07991335837,0.03207553522,0.01549495403,0.006716609046,0.002820134384,0.01535031131,0.004248557283,0.01189980847,0.02760285553,0.05046174275,0.0799132848,0.000428176822,0.0001457052324,4.449083321e-05,1.351857264e-05,0.0005222684805,2.939762898e-05,0.000132654672,0.000479131415,0.001207761825,0.002520955652,0.0003021002607,0.0001028023337,3.139050085e-05,9.538024515e-06,0.0004828106771,2.93976219e-05,0.0001326546898,0.0004791316465,0.001207762812,0.002520957973,0.01056045712,0.004021391806,0.001374084553,0.0004631891554,0.004451566938,0.0004715993286,0.001362025879,0.003250589372,0.005819829686,0.009028515171,0.01543547338,0.005877785792,0.002008403427,0.0006770114276,0.004848865952,0.0004715994522,0.00136202568,0.003250587663,0.005819824511,0.009028506126,0.0002209536024,6.007350585e-05,1.465575738e-05,3.619896591e-06,0.0001773377132,3.58128766e-06,1.636052087e-05,5.977160538e-05,0.0001454293611,0.0002935607046,0.0001511693866,4.110035867e-05,1.002699435e-05,2.476615277e-06,0.000162807285,3.581286721e-06,1.636052326e-05,5.97716368e-05,0.0001454294904,0.0002935609987,2.279292853e-07,2.824961111e-08,2.64996484e-09,2.328864851e-10,1.123956316e-05,3.933452041e-09,1.160172255e-07,1.991608921e-06,1.388404587e-05,6.451829217e-05,3.442033418e-10,2.69708582e-11,1.452704987e-12,7.023592921e-14,9.845263137e-07,7.032814144e-12,6.907160739e-10,3.259439285e-08,4.249137795e-07,3.25073646e-06,3.732575337e-10,4.615404069e-11,4.088105598e-12,3.244971997e-13,1.481683967e-06,4.609319357e-11,2.975984158e-09,9.954859206e-08,1.056244835e-06,6.838413991e-06,9.129133056e-11,1.255825874e-11,1.237486719e-12,1.083843796e-13,1.004762739e-06,2.280940547e-11,1.537007486e-09,5.349613312e-08,5.749648545e-07,3.743918675e-06,1.19484912e-11,1.880596314e-12,2.120260993e-13,2.10280709e-14,5.500950364e-07,7.199465246e-12,5.120552544e-10,1.873883033e-08,2.02568566e-07,1.313961104e-06,5.635988434e-14,8.167951324e-15,8.13690353e-16,6.940026056e-17,8.878924273e-08,6.579040796e-14,8.379336061e-12,5.033463615e-10,6.916926222e-09,5.338426487e-08,1.070659184e-20,6.435211115e-22,2.273803595e-23,6.483932265e-25,4.998401842e-10,6.265826464e-21,7.727210607e-18,3.212571788e-15,1.12288668e-13,1.749796263e-12,1.201439086e-21,6.247438119e-23,1.909768681e-24,4.764247075e-26,1.627845033e-10,2.940111005e-22,4.384951234e-19,2.174976703e-16,7.849518925e-15,1.239934584e-13,6.094935971e-23,2.806640611e-24,7.597716072e-26,1.69423721e-27,4.202674363e-11,7.853342161e-24,1.439711338e-20,8.649354803e-18,3.182981364e-16,5.015265335e-15,1.901736774e-27,3.866714758e-29,4.10849789e-31,3.480811439e-33,2.06482212e-12,3.23247874e-29,3.270910903e-25,8.413847959e-22,5.443710724e-20,1.275072224e-18
6,0.02263090155,0.01093246542,0.004738902429,0.001989744838,0.01419058269,0.004248556212,0.01189981002,0.02760286891,0.05046178436,0.07991335953,0.03207553506,0.01549495383,0.006716608904,0.002820134304,0.01535031102,0.004248557236,0.01189980842,0.02760285558,0.05046174313,0.07991328596,0.0004281768189,0.0001457052296,4.449083183e-05,1.351857207e-05,0.0005222684652,2.939762817e-05,0.0001326546692,0.000479131408,0.001207761814,0.002520955646,0.0003021002585,0.0001028023318,3.139049988e-05,9.538024115e-06,0.000482810663,2.939762109e-05,0.0001326546871,0.0004791316395,0.001207762801,0.002520957967,0.01056045709,0.00402139178,0.001374084539,0.0004631891488,0.00445156691,0.0004715993349,0.001362025909,0.003250589469,0.005819829907,0.009028515615,0.01543547334,0.005877785753,0.002008403406,0.000677011418,0.004848865922,0.0004715994585,0.00136202571,0.00325058776,0.005819824732,0.009028506571,0.0002209536013,6.007350511e-05,1.465575708e-05,3.619896493e-06,0.0001773377103,3.581287652e-06,1.636052097e-05,5.977160623e-05,0.0001454293643,0.0002935607143,0.0001511693859,4.110035816e-05,1.002699415e-05,2.47661521e-06,0.0001628072823,3.581286713e-06,1.636052336e-05,5.977163765e-05,0.0001454294936,0.0002935610084,2.279292808e-07,2.824960965e-08,2.649964618e-09,2.328864587e-10,1.123956245e-05,3.933451696e-09,1.16017217e-07,1.991608802e-06,1.388404519e-05,6.451828978e-05,3.442033316e-10,2.697085609e-11,1.452704803e-12,7.023591718e-14,9.845262267e-07,7.032813078e-12,6.907159811e-10,3.2594389e-08,4.249137337e-07,3.250736141e-06,3.735502913e-10,4.619497952e-11,4.092151547e-12,3.248491111e-13,1.482488106e-06,4.614679855e-11,2.979122885e-09,9.964357596e-08,1.057192374e-06,6.844215091e-06,9.148196125e-11,1.258923478e-11,1.241007566e-12,1.087306393e-13,1.006514323e-06,2.289820535e-11,1.542435763e-09,5.366711974e-08,5.766934978e-07,3.75456534e-06,1.199314897e-11,1.888993954e-12,2.131273269e-13,2.115143595e-14,5.518893583e-07,7.252398507e-12,5.154703379e-10,1.885192938e-08,2.037186345e-07,1.321016983e-06,5.680082202e-14,8.240682979e-15,8.218163393e-16,7.016272264e-17,8.928471975e-08,6.66457153e-14,8.478777967e-12,5.08790861e-10,6.988039436e-09,5.39091892e-08,1.092768766e-20,6.575707983e-22,2.326137385e-23,6.640257268e-25,5.046440902e-10,6.422674516e-21,7.906325215e-18,3.28152152e-15,1.146382473e-13,1.785760048e-12,1.239252031e-21,6.449758242e-23,1.973357771e-24,4.926896312e-26,1.648843597e-10,3.037782273e-22,4.520962795e-19,2.238000713e-16,8.073391696e-15,1.275009694e-13,6.358450164e-23,2.929668976e-24,7.935319725e-26,1.770459543e-27,4.271706452e-11,8.183544894e-24,1.496541091e-20,8.970154019e-18,3.299895313e-16,5.199113991e-15,2.003067708e-27,4.075801203e-29,4.333906697e-31,3.674325018e-33,2.103359856e-12,3.401310559e-29,3.431149975e-25,8.800791069e-22,5.692843996e-20,1.333613123e-18
7,0.02263090142,0.01093246526,0.004738902313,0.001989744773,0.01419058238,0.004248556158,0.01189980996,0.02760286897,0.0504617848,0.07991336088,0.03207553488,0.0154949536,0.006716608741,0.002820134211,0.01535031069,0.004248557182,0.01189980836,0.02760285563,0.05046174356,0.07991328731,0.0004281768152,0.0001457052264,4.449083023e-05,1.351857141e-05,0.0005222684475,2.939762724e-05,0.0001326546661,0.0004791314,0.001207761801,0.002520955639,0.0003021002559,0.0001028023295,3.139049875e-05,9.538023653e-06,0.0004828106466,2.939762016e-05,0.0001326546839,0.0004791316314,0.001207762788,0.00252095796,0.01056045706,0.00402139175,0.001374084522,0.0004631891412,0.004451566878,0.0004715993421,0.001362025944,0.003250589581,0.005819830163,0.009028516129,0.0154354733,0.005877785709,0.002008403382,0.0006770114069,0.004848865887,0.0004715994658,0.001362025744,0.003250587873,0.005819824988,0.009028507085,0.0002209536001,6.007350425e-05,1.465575674e-05,3.619896379e-06,0.0001773377069,3.581287642e-06,1.636052109e-05,5.977160721e-05,0.000145429368,0.0002935607255,0.0001511693851,4.110035757e-05,1.002699392e-05,2.476615132e-06,0.0001628072792,3.581286703e-06,1.636052348e-05,5.977163863e-05,0.0001454294973,0.0002935610196,2.279292756e-07,2.824960797e-08,2.649964362e-09,2.328864282e-10,1.123956163e-05,3.933451296e-09,1.160172072e-07,1.991608665e-06,1.388404441e-05,6.451828702e-05,3.442033197e-10,2.697085366e-11,1.45270459e-12,7.023590327e-14,9.845261263e-07,7.032811845e-12,6.90715874e-10,3.259438455e-08,4.249136808e-07,3.250735771e-06,3.738889538e-10,4.62423329e-11,4.096831173e-12,3.252561291e-13,1.483417543e-06,4.620879577e-11,2.982752614e-09,9.975340787e-08,1.058287979e-06,6.850922452e-06,9.170264458e-11,1.262509759e-11,1.245084589e-12,1.091316817e-13,1.00853987e-06,2.300113429e-11,1.548725397e-09,5.386517049e-08,5.786953847e-07,3.766893039e-06,1.204492943e-11,1.8987354e-12,2.144054722e-13,2.129469973e-14,5.539673749e-07,7.313972829e-12,5.194400784e-10,1.898331055e-08,2.050541234e-07,1.329207956e-06,5.731475253e-14,8.325522322e-15,8.3130336e-16,7.105365311e-17,8.986029197e-08,6.764721251e-14,8.595081033e-12,5.151516843e-10,7.071077925e-09,5.452188141e-08,1.118922787e-20,6.742072892e-22,2.388170702e-23,6.825735359e-25,5.102559997e-10,6.60892897e-21,8.118620162e-18,3.363101799e-15,1.174168632e-13,1.82827749e-12,1.284494482e-21,6.692028819e-23,2.049566243e-24,5.121973567e-26,1.673469754e-10,3.154814643e-22,4.683569042e-19,2.313191131e-16,8.34036909e-15,1.316830367e-13,6.677636269e-23,3.078771733e-24,8.344701754e-26,1.862935144e-27,4.35299328e-11,8.582985996e-24,1.565106207e-20,9.356253906e-18,3.440560409e-16,5.420302681e-15,2.127068998e-27,4.331849837e-29,4.610143139e-31,3.911632723e-33,2.148837539e-12,3.607660241e-29,3.626355886e-25,9.27074055e-22,5.995367289e-20,1.404714014e-18
8,0.02263090127,0.01093246507,0.004738902183,0.001989744699,0.01419058203,0.004248556096,0.01189980989,0.02760286903,0.05046178529,0.07991336239,0.03207553467,0.01549495333,0.006716608557,0.002820134106,0.01535031032,0.00424855712,0.01189980829,0.02760285569,0.05046174405,0.07991328883,0.0004281768112,0.0001457052228,4.449082844e-05,1.351857068e-05,0.0005222684276,2.939762619e-05,0.0001326546625,0.0004791313908,0.001207761787,0.002520955631,0.000302100253,0.0001028023269,3.139049749e-05,9.538023131e-06,0.0004828106281,2.93976191e-05,0.0001326546803,0.0004791316223,0.001207762774,0.002520957952,0.01056045703,0.004021391716,0.001374084503,0.0004631891326,0.004451566841,0.0004715993504,0.001362025983,0.003250589708,0.005819830451,0.009028516709,0.01543547325,0.005877785659,0.002008403354,0.0006770113943,0.004848865847,0.000471599474,0.001362025783,0.003250588,0.005819825276,0.009028507664,0.0002209535988,6.007350327e-05,1.465575636e-05,3.619896251e-06,0.0001773377031,3.581287631e-06,1.636052122e-05,5.977160832e-05,0.0001454293722,0.0002935607381,0.0001511693842,4.11003569e-05,1.002699365e-05,2.476615045e-06,0.0001628072757,3.581286692e-06,1.636052362e-05,5.977163974e-05,0.0001454295015,0.0002935610322,2.279292698e-07,2.824960607e-08,2.649964073e-09,2.328863939e-10,1.123956071e-05,3.933450845e-09,1.160171961e-07,1.99160851e-06,1.388404352e-05,6.451828391e-05,3.442033064e-10,2.697085091e-11,1.45270435e-12,7.023588758e-14,9.845260129e-07,7.032810455e-12,6.907157531e-10,3.259437954e-08,4.24913621e-07,3.250735355e-06,3.74271289e-10,4.629578665e-11,4.102113318e-12,3.257155393e-13,1.484465815e-06,4.627877087e-11,2.986848924e-09,9.987734433e-08,1.059524212e-06,6.858490431e-06,9.195199284e-11,1.266562307e-11,1.249692613e-12,1.09585066e-13,1.010825719e-06,2.311759987e-11,1.555839189e-09,5.408908523e-08,5.809582277e-07,3.780825319e-06,1.210354199e-11,1.909767851e-12,2.158539029e-13,2.145715274e-14,5.56316354e-07,7.383927959e-12,5.239464691e-10,1.913234049e-08,2.06568386e-07,1.338492191e-06,5.789995627e-14,8.42221502e-15,8.421266132e-16,7.207105888e-17,9.05131888e-08,6.87935908e-14,8.728032527e-12,5.224141517e-10,7.165830883e-09,5.522067178e-08,1.149212095e-20,6.93496275e-22,2.460178817e-23,7.041275332e-25,5.166628283e-10,6.825577136e-21,8.36502783e-18,3.457603058e-15,1.206337602e-13,1.877483773e-12,1.337576564e-21,6.976544945e-23,2.139147539e-24,5.351482758e-26,1.701709492e-10,3.292353425e-22,4.874176899e-19,2.401120417e-16,8.652428319e-15,1.365702529e-13,7.057422487e-23,3.256294475e-24,8.832422291e-26,1.973171042e-27,4.44664118e-11,9.057552766e-24,1.646322111e-20,9.812318338e-18,3.606651479e-16,5.681460705e-15,2.276346559e-27,4.640342629e-29,4.943231129e-31,4.197997092e-33,2.201360778e-12,3.85572044e-29,3.860142863e-25,9.831622891e-22,6.356355226e-20,1.489575616e-18
9,0.02263090111,0.01093246487,0.004738902039,0.001989744617,0.01419058165,0.004248556028,0.01189980981,0.02760286909,0.05046178583,0.07991336408,0.03207553444,0.01549495304,0.006716608352,0.00282013399,0.0153503099,0.004248557052,0.01189980821,0.02760285576,0.0504617446,0.07991329051,0.0004281768067,0.0001457052187,4.449082645e-05,1.351856986e-05,0.0005222684054,2.939762502e-05,0.0001326546585,0.0004791313808,0.001207761771,0.002520955622,0.0003021002499,0.0001028023241,3.139049608e-05,9.538022554e-06,0.0004828106077,2.939761794e-05,0.0001326546763,0.0004791316122,0.001207762758,0.002520957943,0.01056045699,0.004021391678,0.001374084482,0.000463189123,0.004451566801,0.0004715993595,0.001362026026,0.003250589849,0.00581983077,0.009028517351,0.0154354732,0.005877785604,0.002008403324,0.0006770113804,0.004848865804,0.0004715994831,0.001362025827,0.00325058814,0.005819825595,0.009028508306,0.0002209535973,6.00735022e-05,1.465575593e-05,3.619896109e-06,0.0001773376989,3.581287619e-06,1.636052137e-05,5.977160955e-05,0.0001454293768,0.000293560752,0.0001511693831,4.110035617e-05,1.002699336e-05,2.476614947e-06,0.0001628072718,3.58128668e-06,1.636052376e-05,5.977164097e-05,0.0001454295061,0.0002935610461,2.279292633e-07,2.824960396e-08,2.649963753e-09,2.328863558e-10,1.123955969e-05,3.933450346e-09,1.160171838e-07,1.991608339e-06,1.388404254e-05,6.451828046e-05,3.442032915e-10,2.697084786e-11,1.452704085e-12,7.023587021e-14,9.845258875e-07,7.032808916e-12,6.907156192e-10,3.259437398e-08,4.249135549e-07,3.250734894e-06,3.746950687e-10,4.635502709e-11,4.107966859e-12,3.2622463e-13,1.485626454e-06,4.635630991e-11,2.991387407e-09,1.000146421e-07,1.060893636e-06,6.866873384e-06,9.222862367e-11,1.271058799e-11,1.254806573e-12,1.100883641e-13,1.013358203e-06,2.324701496e-11,1.563740206e-09,5.433767058e-08,5.834697995e-07,3.796286053e-06,1.216869927e-11,1.922039208e-12,2.174660956e-13,2.163809967e-14,5.589236219e-07,7.462013001e-12,5.289720177e-10,1.929840028e-08,2.082549089e-07,1.348828599e-06,5.855483444e-14,8.530529033e-15,8.542640921e-16,7.321323856e-17,9.124070514e-08,7.008396209e-14,8.87746246e-12,5.305656294e-10,7.272112462e-09,5.600406462e-08,1.183755481e-20,7.155223634e-22,2.542512042e-23,7.288023442e-25,5.238533477e-10,7.073856546e-21,8.646734729e-18,3.565402963e-15,1.243010607e-13,1.933557228e-12,1.399001291e-21,7.30611797e-23,2.2430236e-24,5.617873953e-26,1.733561627e-10,3.451799855e-22,5.09451228e-19,2.502493719e-16,9.012007783e-15,1.4220037e-13,7.503849084e-23,3.465112667e-24,9.406525273e-26,2.103015559e-27,4.552817978e-11,9.614453677e-24,1.74130844e-20,1.034404965e-17,3.800216434e-16,5.985803312e-15,2.454123494e-27,5.008063916e-29,5.340630278e-31,4.539938718e-33,2.261075776e-12,4.150667841e-29,4.136958998e-25,1.049316816e-21,6.782036943e-20,1.589672237e-18
10,0.02263090094,0.01093246464,0.004738901882,0.001989744528,0.01419058123,0.004248555954,0.01189980973,0.02760286917,0.05046178642,0.07991336591,0.03207553419,0.01549495273,0.00671660813,0.002820133864,0.01535030945,0.004248556978,0.01189980813,0.02760285584,0.05046174519,0.07991329234,0.0004281768017,0.0001457052143,4.449082427e-05,1.351856896e-05,0.0005222683813,2.939762375e-05,0.0001326546541,0.0004791313697,0.001207761753,0.002520955613,0.0003021002464,0.000102802321,3.139049455e-05,9.538021924e-06,0.0004828105854,2.939761667e-05,0.000132654672,0.0004791316012,0.00120776274,0.002520957933,0.01056045695,0.004021391637,0.001374084459,0.0004631891126,0.004451566757,0.0004715993694,0.001362026073,0.003250590002,0.005819831118,0.009028518052,0.01543547313,0.005877785544,0.00200840329,0.0006770113652,0.004848865756,0.0004715994931,0.001362025874,0.003250588293,0.005819825943,0.009028509007,0.0002209535956,6.007350102e-05,1.465575547e-05,3.619895954e-06,0.0001773376942,3.581287605e-06,1.636052153e-05,5.97716109e-05,0.0001454293818,0.0002935607672,0.000151169382,4.110035536e-05,1.002699305e-05,2.476614841e-06,0.0001628072676,3.581286666e-06,1.636052392e-05,5.977164231e-05,0.0001454295111,0.0002935610613,2.279292562e-07,2.824960166e-08,2.649963404e-09,2.328863143e-10,1.123955857e-05,3.933449802e-09,1.160171705e-07,1.991608152e-06,1.388404147e-05,6.45182767e-05,3.442032754e-10,2.697084454e-11,1.452703795e-12,7.023585125e-14,9.845257505e-07,7.032807236e-12,6.907154732e-10,3.259436791e-08,4.249134827e-07,3.25073439e-06,3.751580664e-10,4.641974067e-11,4.114360683e-12,3.267806902e-13,1.486892983e-06,4.644099892e-11,2.996343651e-09,1.001645576e-07,1.062388808e-06,6.876025648e-06,9.253115669e-11,1.275976945e-11,1.260401449e-12,1.106391524e-13,1.016123639e-06,2.338879494e-11,1.572391635e-09,5.460973584e-08,5.862178944e-07,3.813199224e-06,1.224011559e-11,1.935497742e-12,2.192355858e-13,2.183685319e-14,5.617765223e-07,7.547982995e-12,5.344995464e-10,1.948087947e-08,2.101072547e-07,1.360176513e-06,5.927787568e-14,8.650248639e-15,8.67695866e-16,7.447871065e-17,9.204017584e-08,7.151776956e-14,9.043233739e-12,5.395950225e-10,7.389755387e-09,5.687069265e-08,1.222697647e-20,7.403878289e-22,2.635591285e-23,7.567350823e-25,5.318177596e-10,7.355243096e-21,8.965165725e-18,3.686959753e-15,1.284335334e-13,1.996715792e-12,1.469365602e-21,7.684083437e-23,2.362288156e-24,5.924053799e-26,1.769035629e-10,3.634815605e-22,5.34662131e-19,2.61814759e-16,9.422001465e-15,1.486182067e-13,8.024156733e-23,3.708674957e-24,1.007666308e-25,2.254687704e-27,4.671745694e-11,1.02623139e-23,1.851401074e-20,1.095823626e-17,4.023692742e-16,6.337157566e-15,2.664317587e-27,5.443267186e-29,5.811423352e-31,4.945403416e-33,2.32816535e-12,4.49878052e-29,4.462173823e-25,1.126707454e-21,7.27990079e-20,1.706776924e-18
11,0.02263090075,0.0109324644,0.004738901712,0.001989744431,0.01419058078,0.004248555874,0.01189980964,0.02760286925,0.05046178706,0.07991336789,0.03207553392,0.01549495238,0.006716607889,0.002820133727,0.01535030896,0.004248556898,0.01189980804,0.02760285591,0.05046174583,0.07991329432,0.0004281767964,0.0001457052096,4.449082193e-05,1.3518568e-05,0.0005222683553,2.939762238e-05,0.0001326546494,0.0004791313578,0.001207761735,0.002520955602,0.0003021002426,0.0001028023176,3.139049289e-05,9.538021244e-06,0.0004828105613,2.939761529e-05,0.0001326546673,0.0004791315893,0.001207762721,0.002520957923,0.01056045691,0.004021391592,0.001374084435,0.0004631891014,0.00445156671,0.0004715993801,0.001362026124,0.003250590167,0.005819831493,0.009028518808,0.01543547307,0.005877785479,0.002008403255,0.0006770113488,0.004848865704,0.0004715995038,0.001362025924,0.003250588458,0.005819826318,0.009028509763,0.0002209535938,6.007349976e-05,1.465575497e-05,3.619895787e-06,0.0001773376893,3.581287591e-06,1.63605217e-05,5.977161234e-05,0.0001454293873,0.0002935607837,0.0001511693808,4.11003545e-05,1.00269927e-05,2.476614727e-06,0.000162807263,3.581286652e-06,1.63605241e-05,5.977164376e-05,0.0001454295166,0.0002935610778,2.279292486e-07,2.824959918e-08,2.649963027e-09,2.328862695e-10,1.123955737e-05,3.933449214e-09,1.16017156e-07,1.99160795e-06,1.388404031e-05,6.451827264e-05,3.44203258e-10,2.697084095e-11,1.452703482e-12,7.02358308e-14,9.845256028e-07,7.032805424e-12,6.907153156e-10,3.259436137e-08,4.249134048e-07,3.250733848e-06,3.756580549e-10,4.648961368e-11,4.121263658e-12,3.273810069e-13,1.48825892e-06,4.653242359e-11,3.001693223e-09,1.003263467e-07,1.064002281e-06,6.885901511e-06,9.285821027e-11,1.281294429e-11,1.266452184e-12,1.112350042e-13,1.019108315e-06,2.354235507e-11,1.581756634e-09,5.490408907e-08,5.891902923e-07,3.83148872e-06,1.231750549e-11,1.950091787e-12,2.211559216e-13,2.2052728e-14,5.648623768e-07,7.641595642e-12,5.405120015e-10,1.967917044e-08,2.121190085e-07,1.372495372e-06,6.006762374e-14,8.781168672e-15,8.824033846e-16,7.586614378e-17,9.290895124e-08,7.309470024e-14,9.225232596e-12,5.494922842e-10,7.518604772e-09,5.781927273e-08,1.266207269e-20,7.682114318e-22,2.739903874e-23,7.880841825e-25,5.405472816e-10,7.671440177e-21,9.321969158e-18,3.822805854e-15,1.33048373e-13,2.067213583e-12,1.549362189e-21,8.114313533e-23,2.498211559e-24,6.273400173e-26,1.808149517e-10,3.843329544e-22,5.632873927e-19,2.749049567e-16,9.885756229e-15,1.558755992e-13,8.626894839e-23,3.991056198e-24,1.085424898e-25,2.43081308e-27,4.803693439e-11,1.101129277e-23,1.978167089e-20,1.166281322e-17,4.279928488e-16,6.739995392e-15,2.911636175e-27,5.95587932e-29,6.366545877e-31,5.42396704e-33,2.402845057e-12,4.907581325e-29,4.842185116e-25,1.216720924e-21,7.858822214e-20,1.842992199e-18
12,0.02263090054,0.01093246414,0.004738901531,0.001989744329,0.0141905803,0.004248555788,0.01189980954,0.02760286933,0.05046178774,0.07991337,0.03207553364,0.01549495202,0.006716607633,0.002820133581,0.01535030844,0.004248556812,0.01189980794,0.027602856,0.05046174651,0.07991329644,0.0004281767908,0.0001457052045,4.449081943e-05,1.351856697e-05,0.0005222683275,2.939762091e-05,0.0001326546444,0.0004791313452,0.001207761714,0.002520955591,0.0003021002386,0.0001028023141,3.139049113e-05,9.538020518e-06,0.0004828105356,2.939761383e-05,0.0001326546623,0.0004791315766,0.001207762701,0.002520957912,0.01056045686,0.004021391545,0.001374084408,0.0004631890895,0.00445156666,0.0004715993915,0.001362026178,0.003250590343,0.005819831894,0.009028519615,0.015435473,0.00587778541,0.002008403216,0.0006770113313,0.004848865649,0.0004715995152,0.001362025979,0.003250588635,0.005819826719,0.00902851057,0.0002209535919,6.00734984e-05,1.465575443e-05,3.619895608e-06,0.000177337684,3.581287576e-06,1.636052189e-05,5.977161389e-05,0.0001454293931,0.0002935608012,0.0001511693795,4.110035357e-05,1.002699234e-05,2.476614605e-06,0.0001628072581,3.581286636e-06,1.636052428e-05,5.977164531e-05,0.0001454295224,0.0002935610953,2.279292405e-07,2.824959653e-08,2.649962625e-09,2.328862217e-10,1.123955609e-05,3.933448586e-09,1.160171406e-07,1.991607734e-06,1.388403908e-05,6.451826831e-05,3.442032393e-10,2.697083712e-11,1.452703148e-12,7.023580895e-14,9.84525445e-07,7.032803488e-12,6.907151473e-10,3.259435438e-08,4.249133217e-07,3.250733268e-06,3.761928035e-10,4.656433193e-11,4.128644601e-12,3.280228625e-13,1.489717776e-06,4.663016887e-11,3.007411647e-09,1.00499264e-07,1.065726595e-06,6.896455201e-06,9.320839856e-11,1.286988861e-11,1.272933629e-12,1.118734825e-13,1.022298483e-06,2.370710799e-11,1.591798204e-09,5.521953345e-08,5.923747252e-07,3.85107814e-06,1.24005824e-11,1.965769444e-12,2.232206189e-13,2.22850353e-14,5.681684492e-07,7.742608175e-12,5.469922714e-10,1.989266303e-08,2.142837266e-07,1.385744431e-06,6.09226462e-14,8.923088905e-15,8.983687981e-16,7.737428834e-17,9.384437387e-08,7.481459897e-14,9.423359175e-12,5.602479348e-10,7.658512074e-09,5.884856278e-08,1.314475067e-20,7.991272384e-22,2.855999404e-23,8.230282388e-25,5.500337415e-10,8.024367902e-21,9.719001933e-18,3.973541468e-15,1.381649769e-13,2.145337478e-12,1.6397818e-21,8.601232433e-23,2.652246612e-24,6.66977968e-26,1.85092776e-10,4.079545956e-22,5.955968827e-19,2.896298137e-16,1.040707039e-14,1.64031372e-13,9.322048411e-23,4.317019556e-24,1.175263573e-25,2.634465949e-27,4.948970316e-11,1.187322104e-23,2.123422237e-20,1.246693314e-17,4.57220705e-16,7.199472354e-15,3.201689229e-27,6.557744185e-29,7.01906021e-31,5.987080149e-33,2.485359322e-12,5.386008024e-29,5.284544868e-25,1.320984417e-21,8.529213822e-20,2.000786139e-18
13,0.02263090033,0.01093246387,0.004738901339,0.00198974422,0.01419057979,0.004248555698,0.01189980944,0.02760286942,0.05046178846,0.07991337224,0.03207553333,0.01549495163,0.006716607361,0.002820133427,0.01535030789,0.004248556722,0.01189980784,0.02760285609,0.05046174723,0.07991329868,0.0004281767848,0.0001457051992,4.449081677e-05,1.351856588e-05,0.0005222682981,2.939761936e-05,0.0001326546391,0.0004791313317,0.001207761693,0.002520955579,0.0003021002344,0.0001028023103,3.139048926e-05,9.538019748e-06,0.0004828105084,2.939761228e-05,0.000132654657,0.0004791315631,0.00120776268,0.0025209579,0.01056045681,0.004021391494,0.001374084381,0.0004631890768,0.004451566606,0.0004715994037,0.001362026235,0.00325059053,0.005819832319,0.00902852047,0.01543547293,0.005877785336,0.002008403175,0.0006770113127,0.004848865591,0.0004715995273,0.001362026036,0.003250588822,0.005819827144,0.009028511425,0.0002209535899,6.007349697e-05,1.465575387e-05,3.619895419e-06,0.0001773376784,3.581287559e-06,1.636052209e-05,5.977161553e-05,0.0001454293992,0.0002935608198,0.0001511693781,4.110035259e-05,1.002699195e-05,2.476614475e-06,0.000162807253,3.58128662e-06,1.636052448e-05,5.977164695e-05,0.0001454295285,0.0002935611139,2.279292318e-07,2.824959372e-08,2.649962198e-09,2.32886171e-10,1.123955473e-05,3.933447922e-09,1.160171243e-07,1.991607506e-06,1.388403777e-05,6.451826371e-05,3.442032196e-10,2.697083306e-11,1.452702795e-12,7.023578581e-14,9.845252778e-07,7.032801438e-12,6.907149689e-10,3.259434698e-08,4.249132336e-07,3.250732653e-06,3.76760076e-10,4.664358053e-11,4.136472262e-12,3.287035333e-13,1.491263053e-06,4.673381875e-11,3.013474398e-09,1.006825626e-07,1.067554278e-06,6.90764086e-06,9.358032881e-11,1.293037723e-11,1.279820474e-12,1.125521333e-13,1.025680345e-06,2.388246143e-11,1.602479066e-09,5.555486398e-08,5.957588462e-07,3.871890619e-06,1.248905733e-11,1.982478304e-12,2.254231204e-13,2.253307741e-14,5.716819121e-07,7.850774348e-12,5.539230133e-10,2.012073937e-08,2.165948884e-07,1.399882479e-06,6.184150389e-14,9.075808558e-15,9.1557429e-16,7.900190924e-17,9.484375637e-08,7.667738247e-14,9.637518215e-12,5.718525874e-10,7.809329153e-09,5.995731947e-08,1.367711781e-20,8.332833781e-22,2.984485321e-23,8.617647641e-25,5.602691765e-10,8.416151506e-21,1.015831369e-17,4.139827824e-15,1.43804712e-13,2.231403516e-12,1.741515726e-21,9.149832854e-23,2.826034882e-24,7.117566575e-26,1.897399166e-10,4.345953357e-22,6.318938641e-19,3.061122635e-16,1.099019197e-14,1.731513034e-13,1.012118175e-22,4.692086916e-24,1.278731815e-25,2.869217006e-27,5.10791811e-11,1.286175541e-23,2.289250436e-20,1.338104472e-17,4.904274394e-16,7.721470523e-15,3.54112144e-27,7.262907549e-29,7.784476498e-31,6.648354858e-33,2.575977402e-12,5.944610981e-29,5.798104198e-25,1.441392465e-21,9.303196432e-20,2.18303356e-18
14,0.0226309001,0.01093246358,0.004738901137,0.001989744105,0.01419057926,0.004248555602,0.01189980933,0.02760286952,0.05046178922,0.0799133746,0.03207553301,0.01549495122,0.006716607074,0.002820133264,0.01535030731,0.004248556626,0.01189980773,0.02760285618,0.05046174799,0.07991330103,0.0004281767784,0.0001457051935,4.449081398e-05,1.351856473e-05,0.0005222682671,2.939761773e-05,0.0001326546336,0.0004791313176,0.001207761671,0.002520955567,0.00030210023,0.0001028023063,3.139048729e-05,9.538018939e-06,0.0004828104798,2.939761064e-05,0.0001326546514,0.000479131549,0.001207762658,0.002520957888,0.01056045676,0.004021391442,0.001374084351,0.0004631890634,0.00445156655,0.0004715994164,0.001362026296,0.003250590727,0.005819832766,0.00902852137,0.01543547285,0.005877785259,0.002008403133,0.0006770112932,0.00484886553,0.0004715995401,0.001362026097,0.003250589019,0.005819827591,0.009028512325,0.0002209535878,6.007349546e-05,1.465575327e-05,3.61989522e-06,0.0001773376724,3.581287542e-06,1.636052229e-05,5.977161725e-05,0.0001454294057,0.0002935608393,0.0001511693767,4.110035156e-05,1.002699154e-05,2.476614339e-06,0.0001628072476,3.581286603e-06,1.636052469e-05,5.977164867e-05,0.000145429535,0.0002935611334,2.279292228e-07,2.824959077e-08,2.64996175e-09,2.328861177e-10,1.123955329e-05,3.933447222e-09,1.160171071e-07,1.991607266e-06,1.38840364e-05,6.451825888e-05,3.442031989e-10,2.69708288e-11,1.452702422e-12,7.023576146e-14,9.845251019e-07,7.032799281e-12,6.907147813e-10,3.259433919e-08,4.249131409e-07,3.250732007e-06,3.773576294e-10,4.672704359e-11,4.144715295e-12,3.294202876e-13,1.49288825e-06,4.684295595e-11,3.019856883e-09,1.00875494e-07,1.06947784e-06,6.91941254e-06,9.39725989e-11,1.299418333e-11,1.287087202e-12,1.132684797e-13,1.02924005e-06,2.406781611e-11,1.613761549e-09,5.590886444e-08,5.993302015e-07,3.893848672e-06,1.258263773e-11,2.000165191e-12,2.277567556e-13,2.279614287e-14,5.753898174e-07,7.965841575e-12,5.612864883e-10,2.036276912e-08,2.190458509e-07,1.414867584e-06,6.282272105e-14,9.239120905e-15,9.34001419e-16,8.074771905e-17,9.590436047e-08,7.868295302e-14,9.867609742e-12,5.842964789e-10,7.970902411e-09,6.114425664e-08,1.426145959e-20,8.708406709e-22,3.126021993e-23,9.04508784e-25,5.712454347e-10,8.849108042e-21,1.064212914e-17,4.322379808e-15,1.499906611e-13,2.325753006e-12,1.855558143e-21,9.765691971e-23,3.02141286e-24,7.621661512e-26,1.947594722e-10,4.645333009e-22,6.725154178e-19,3.244882578e-16,1.163981491e-14,1.833080591e-13,1.103759676e-22,5.122616577e-24,1.397615714e-25,3.139186278e-27,5.280903616e-11,1.399254732e-23,2.478024733e-20,1.441697553e-17,5.2803678e-16,8.312643627e-15,3.937764028e-27,8.087944989e-29,8.681122625e-31,7.42389596e-33,2.674989087e-12,6.595778746e-29,6.393176661e-25,1.580136837e-21,1.019478938e-19,2.393061909e-18
15,0.02263089986,0.01093246328,0.004738900926,0.001989743985,0.0141905787,0.004248555503,0.01189980922,0.02760286962,0.05046179002,0.07991337706,0.03207553267,0.0154949508,0.006716606775,0.002820133094,0.0153503067,0.004248556526,0.01189980762,0.02760285628,0.05046174879,0.07991330349,0.0004281767718,0.0001457051876,4.449081107e-05,1.351856353e-05,0.0005222682347,2.939761602e-05,0.0001326546277,0.0004791313028,0.001207761647,0.002520955554,0.0003021002253,0.0001028023021,3.139048523e-05,9.538018093e-06,0.0004828104498,2.939760894e-05,0.0001326546456,0.0004791315342,0.001207762634,0.002520957875,0.0105604567,0.004021391386,0.001374084321,0.0004631890495,0.004451566491,0.0004715994297,0.001362026359,0.003250590933,0.005819833234,0.009028522311,0.01543547277,0.005877785178,0.002008403088,0.0006770112728,0.004848865466,0.0004715995534,0.00136202616,0.003250589224,0.005819828059,0.009028513266,0.0002209535856,6.007349389e-05,1.465575265e-05,3.619895012e-06,0.0001773376663,3.581287524e-06,1.636052251e-05,5.977161905e-05,0.0001454294124,0.0002935608598,0.0001511693752,4.110035048e-05,1.002699112e-05,2.476614197e-06,0.0001628072419,3.581286585e-06,1.63605249e-05,5.977165047e-05,0.0001454295418,0.0002935611539,2.279292133e-07,2.824958768e-08,2.649961281e-09,2.328860619e-10,1.12395518e-05,3.933446491e-09,1.160170891e-07,1.991607015e-06,1.388403496e-05,6.451825383e-05,3.442031772e-10,2.697082433e-11,1.452702033e-12,7.023573601e-14,9.84524918e-07,7.032797025e-12,6.907145852e-10,3.259433105e-08,4.24913044e-07,3.250731332e-06,3.779832113e-10,4.681440411e-11,4.153342245e-12,3.301703839e-13,1.494586857e-06,4.695716171e-11,3.026534432e-09,1.010773076e-07,1.071489773e-06,6.931724182e-06,9.438379511e-11,1.306107804e-11,1.294708035e-12,1.140200164e-13,1.032963688e-06,2.426256375e-11,1.625607482e-09,5.62803046e-08,6.030762056e-07,3.916874048e-06,1.268102632e-11,2.018775928e-12,2.302147053e-13,2.307350173e-14,5.792790694e-07,8.087548188e-12,5.690644056e-10,2.061810489e-08,2.216298056e-07,1.430656843e-06,6.386475603e-14,9.412807956e-15,9.536304659e-16,8.261031152e-17,9.702337709e-08,8.083111109e-14,1.011351975e-11,5.97569003e-10,8.143066978e-09,6.240800406e-08,1.490021468e-20,9.119710635e-22,3.281317002e-23,9.514911831e-25,5.829537757e-10,9.325730435e-21,1.117282776e-17,4.521957681e-15,1.567473395e-13,2.428748187e-12,1.98300792e-21,1.045498461e-22,3.240417318e-24,8.187508325e-26,2.001545366e-10,4.980766065e-22,7.178326435e-19,3.4490659e-16,1.236107137e-14,1.945810657e-13,1.208650284e-22,5.615886823e-24,1.533962112e-25,3.449100251e-27,5.46831042e-11,1.528342181e-23,2.692429011e-20,1.55880153e-17,5.705244612e-16,8.980462261e-15,4.400806526e-27,9.052333665e-29,9.730564409e-31,8.332677628e-33,2.782700002e-12,7.353991283e-29,7.081718773e-25,1.739739051e-21,1.122011746e-19,2.634701266e-18
16,0.02263089962,0.01093246297,0.004738900707,0.00198974386,0.01419057811,0.004248555399,0.0118998091,0.02760286972,0.05046179084,0.07991337962,0.03207553232,0.01549495035,0.006716606464,0.002820132918,0.01535030607,0.004248556423,0.0118998075,0.02760285639,0.05046174961,0.07991330605,0.000428176765,0.0001457051815,4.449080803e-05,1.351856229e-05,0.000522268201,2.939761425e-05,0.0001326546217,0.0004791312874,0.001207761623,0.002520955541,0.0003021002204,0.0001028022978,3.139048309e-05,9.538017214e-06,0.0004828104187,2.939760716e-05,0.0001326546395,0.0004791315188,0.00120776261,0.002520957861,0.01056045664,0.004021391329,0.001374084289,0.000463189035,0.00445156643,0.0004715994436,0.001362026425,0.003250591147,0.00581983372,0.009028523289,0.01543547268,0.005877785094,0.002008403041,0.0006770112516,0.004848865399,0.0004715995673,0.001362026226,0.003250589438,0.005819828545,0.009028514244,0.0002209535833,6.007349225e-05,1.4655752e-05,3.619894795e-06,0.0001773376598,3.581287506e-06,1.636052273e-05,5.977162092e-05,0.0001454294195,0.000293560881,0.0001511693736,4.110034936e-05,1.002699067e-05,2.476614049e-06,0.000162807236,3.581286566e-06,1.636052513e-05,5.977165234e-05,0.0001454295488,0.0002935611751,2.279292034e-07,2.824958447e-08,2.649960794e-09,2.32886004e-10,1.123955024e-05,3.933445731e-09,1.160170704e-07,1.991606754e-06,1.388403347e-05,6.451824858e-05,3.442031546e-10,2.69708197e-11,1.452701629e-12,7.023570955e-14,9.845247269e-07,7.032794681e-12,6.907143813e-10,3.259432258e-08,4.249129432e-07,3.250730629e-06,3.786345589e-10,4.690534372e-11,4.162321529e-12,3.309510699e-13,1.496352362e-06,4.707601561e-11,3.033482294e-09,1.012872506e-07,1.073582548e-06,6.944529615e-06,9.481249022e-11,1.313083011e-11,1.302656891e-12,1.148042052e-13,1.036837287e-06,2.446608534e-11,1.637978114e-09,5.666793783e-08,6.069841187e-07,3.940887611e-06,1.278392018e-11,2.038255111e-12,2.327899678e-13,2.336440125e-14,5.833364019e-07,8.215620842e-12,5.772377752e-10,2.088607801e-08,2.243397395e-07,1.44720616e-06,6.496597244e-14,9.596635214e-15,9.744397873e-16,8.458809525e-17,9.819790775e-08,8.312146664e-14,1.03751108e-11,6.116582441e-10,8.32564094e-09,6.374706675e-08,1.559594634e-20,9.568558061e-22,3.451118392e-23,1.002956714e-24,5.953844695e-10,9.84866796e-21,1.175291984e-17,4.739357608e-15,1.64100372e-13,2.540767321e-12,2.125069485e-21,1.122449137e-22,3.485289059e-24,8.821106735e-26,2.059279662e-10,5.355638171e-22,7.682504922e-19,3.67528552e-16,1.315951826e-14,2.070562922e-13,1.328519412e-22,6.18018339e-24,1.690103954e-25,3.804352034e-27,5.670529999e-11,1.675456125e-23,2.935479548e-20,1.690899483e-17,6.184209326e-16,9.733256497e-15,4.940988206e-27,1.01788674e-28,1.095807572e-30,9.396965691e-33,2.899426397e-12,8.236099429e-29,7.877525593e-25,1.923084902e-21,1.239763054e-19,2.912337561e-18
17,0.02263089936,0.01093246264,0.00473890048,0.001989743731,0.01419057751,0.004248555292,0.01189980898,0.02760286982,0.0504617917,0.07991338227,0.03207553196,0.01549494989,0.006716606143,0.002820132735,0.01535030542,0.004248556315,0.01189980738,0.02760285649,0.05046175047,0.0799133087,0.0004281767579,0.0001457051751,4.44908049e-05,1.3518561e-05,0.0005222681662,2.939761241e-05,0.0001326546154,0.0004791312715,0.001207761598,0.002520955527,0.0003021002154,0.0001028022933,3.139048088e-05,9.538016304e-06,0.0004828103865,2.939760532e-05,0.0001326546332,0.0004791315029,0.001207762585,0.002520957848,0.01056045658,0.004021391269,0.001374084256,0.0004631890199,0.004451566366,0.0004715994579,0.001362026493,0.003250591368,0.005819834222,0.0090285243,0.0154354726,0.005877785007,0.002008402993,0.0006770112297,0.00484886533,0.0004715995816,0.001362026294,0.003250589659,0.005819829047,0.009028515256,0.0002209535809,6.007349055e-05,1.465575133e-05,3.619894572e-06,0.0001773376532,3.581287486e-06,1.636052297e-05,5.977162286e-05,0.0001454294267,0.000293560903,0.000151169372,4.11003482e-05,1.002699022e-05,2.476613896e-06,0.0001628072299,3.581286547e-06,1.636052536e-05,5.977165428e-05,0.0001454295561,0.0002935611971,2.279291932e-07,2.824958115e-08,2.649960289e-09,2.32885944e-10,1.123954863e-05,3.933444944e-09,1.160170511e-07,1.991606484e-06,1.388403192e-05,6.451824315e-05,3.442031313e-10,2.69708149e-11,1.45270121e-12,7.023568217e-14,9.845245291e-07,7.032792255e-12,6.907141704e-10,3.259431382e-08,4.24912839e-07,3.250729902e-06,3.793093977e-10,4.699954255e-11,4.171621424e-12,3.317595811e-13,1.498178247e-06,4.719909541e-11,3.040675623e-09,1.015045678e-07,1.075748617e-06,6.957782549e-06,9.525724177e-11,1.320320558e-11,1.310907352e-12,1.156184705e-13,1.04084681e-06,2.467774956e-11,1.650834019e-09,5.707049897e-08,6.110410275e-07,3.965809228e-06,1.289100974e-11,2.058545916e-12,2.354753279e-13,2.366806194e-14,5.875483579e-07,8.349772054e-12,5.857867704e-10,2.116599461e-08,2.271683979e-07,1.464470037e-06,6.612461097e-14,9.790346494e-15,9.96405172e-16,8.667922733e-17,9.942494705e-08,8.555334865e-14,1.065221256e-11,6.265505127e-10,8.518419599e-09,6.515978465e-08,1.635130918e-20,1.005683308e-21,3.636206603e-23,1.05916158e-24,6.085263929e-10,1.042070216e-20,1.238501808e-17,4.975400713e-15,1.72076124e-13,2.662199069e-12,2.28305227e-21,1.208159891e-22,3.75847417e-24,9.529018576e-26,2.120821367e-10,5.773640149e-22,8.242070694e-19,3.925273592e-16,1.404111557e-14,2.208259078e-13,1.46532284e-22,6.824888122e-24,1.868686084e-25,4.211062786e-27,5.887951987e-11,1.842868657e-23,3.210545294e-20,1.839635489e-17,6.723136915e-16,1.058025263e-14,5.570807734e-27,1.149411238e-28,1.239315579e-30,1.06427833e-32,3.025489322e-12,9.261627518e-29,8.796437871e-25,2.133460111e-21,1.374833038e-19,3.230967697e-18
18,0.0226308991,0.01093246231,0.004738900246,0.001989743599,0.01419057689,0.004248555181,0.01189980885,0.02760286993,0.05046179258,0.079913385,0.03207553159,0.01549494942,0.006716605811,0.002820132547,0.01535030475,0.004248556205,0.01189980726,0.0276028566,0.05046175135,0.07991331143,0.0004281767505,0.0001457051686,4.449080166e-05,1.351855967e-05,0.0005222681303,2.939761052e-05,0.0001326546089,0.0004791312551,0.001207761572,0.002520955512,0.0003021002103,0.0001028022887,3.13904786e-05,9.538015366e-06,0.0004828103533,2.939760343e-05,0.0001326546268,0.0004791314865,0.001207762559,0.002520957833,0.01056045652,0.004021391208,0.001374084222,0.0004631890045,0.004451566301,0.0004715994727,0.001362026563,0.003250591596,0.00581983474,0.009028525342,0.01543547251,0.005877784917,0.002008402944,0.0006770112071,0.004848865259,0.0004715995964,0.001362026364,0.003250589887,0.005819829565,0.009028516297,0.0002209535785,6.00734888e-05,1.465575064e-05,3.619894341e-06,0.0001773376463,3.581287466e-06,1.636052321e-05,5.977162486e-05,0.0001454294342,0.0002935609257,0.0001511693703,4.1100347e-05,1.002698974e-05,2.476613738e-06,0.0001628072236,3.581286527e-06,1.63605256e-05,5.977165628e-05,0.0001454295636,0.0002935612198,2.279291827e-07,2.824957773e-08,2.64995977e-09,2.328858823e-10,1.123954698e-05,3.933444134e-09,1.160170312e-07,1.991606206e-06,1.388403033e-05,6.451823755e-05,3.442031073e-10,2.697080995e-11,1.452700779e-12,7.023565398e-14,9.845243255e-07,7.032789757e-12,6.907139531e-10,3.25943048e-08,4.249127316e-07,3.250729154e-06,3.800054404e-10,4.709667911e-11,4.181210058e-12,3.325931403e-13,1.500057995e-06,4.732597695e-11,3.048089479e-09,1.017285017e-07,1.077980409e-06,6.971436573e-06,9.571659073e-11,1.327796762e-11,1.319432628e-12,1.164601962e-13,1.044978153e-06,2.489691141e-11,1.664135037e-09,5.74867025e-08,6.152338296e-07,3.991557684e-06,1.300197806e-11,2.079589916e-12,2.382633299e-13,2.398367393e-14,5.91901274e-07,8.4896979e-12,5.946905997e-10,2.145713196e-08,2.30108251e-07,1.482401385e-06,6.733876155e-14,9.993658823e-15,1.019499204e-15,8.888154724e-17,1.007013665e-07,8.812571311e-14,1.094461231e-11,6.422298814e-10,8.721169788e-09,6.664429269e-08,1.716901045e-20,1.058646607e-21,3.837384816e-23,1.120370504e-24,6.223666222e-10,1.104471723e-20,1.307180387e-17,5.230920405e-15,1.807012745e-13,2.79343604e-12,2.458368172e-21,1.303428933e-22,4.062621729e-24,1.03183647e-25,2.186186878e-10,6.238763184e-22,8.861722252e-19,4.200872753e-16,1.501219438e-14,2.359877773e-13,1.621260001e-22,7.560565143e-24,2.072690461e-25,4.676142073e-27,6.12095349e-11,2.033122697e-23,3.521365447e-20,2.006819796e-17,7.328489896e-16,1.153160011e-14,6.30474824e-27,1.302889774e-28,1.407008765e-30,1.21004148e-32,3.161208082e-12,1.045309384e-28,9.856555504e-25,2.374585886e-21,1.529599658e-19,3.596254726e-18
19,0.02263089883,0.01093246197,0.004738900006,0.001989743462,0.01419057625,0.004248555068,0.01189980873,0.02760287005,0.05046179348,0.0799133878,0.03207553121,0.01549494894,0.006716605471,0.002820132354,0.01535030406,0.004248556092,0.01189980713,0.02760285671,0.05046175225,0.07991331423,0.000428176743,0.0001457051619,4.449079835e-05,1.351855831e-05,0.0005222680935,2.939760858e-05,0.0001326546023,0.0004791312383,0.001207761545,0.002520955498,0.000302100205,0.000102802284,3.139047626e-05,9.538014405e-06,0.0004828103193,2.939760149e-05,0.0001326546201,0.0004791314697,0.001207762532,0.002520957819,0.01056045646,0.004021391145,0.001374084187,0.0004631889886,0.004451566234,0.0004715994878,0.001362026635,0.003250591829,0.005819835271,0.009028526411,0.01543547242,0.005877784826,0.002008402893,0.0006770111839,0.004848865186,0.0004715996115,0.001362026435,0.003250590121,0.005819830096,0.009028517366,0.000220953576,6.007348701e-05,1.465574993e-05,3.619894105e-06,0.0001773376393,3.581287446e-06,1.636052345e-05,5.97716269e-05,0.0001454294419,0.0002935609489,0.0001511693686,4.110034578e-05,1.002698926e-05,2.476613576e-06,0.0001628072171,3.581286507e-06,1.636052585e-05,5.977165832e-05,0.0001454295712,0.000293561243,2.279291719e-07,2.824957423e-08,2.649959237e-09,2.328858189e-10,1.123954528e-05,3.933443304e-09,1.160170108e-07,1.99160592e-06,1.38840287e-05,6.451823181e-05,3.442030826e-10,2.697080488e-11,1.452700337e-12,7.023562506e-14,9.845241166e-07,7.032787195e-12,6.907137303e-10,3.259429555e-08,4.249126215e-07,3.250728386e-06,3.807203857e-10,4.719643023e-11,4.191055396e-12,3.334489567e-13,1.501985085e-06,4.745623406e-11,3.055698826e-09,1.019582924e-07,1.080270331e-06,6.985445153e-06,9.618906029e-11,1.335487626e-11,1.328205534e-12,1.173267227e-13,1.049217152e-06,2.512291102e-11,1.677840209e-09,5.791524108e-08,6.195492197e-07,4.018050607e-06,1.311650004e-11,2.101326927e-12,2.411462522e-13,2.431039376e-14,5.963812672e-07,8.635075868e-12,6.039273896e-10,2.17587352e-08,2.33151464e-07,1.500951359e-06,6.860633629e-14,1.020625742e-14,1.043690633e-15,9.119251093e-17,1.020238994e-07,9.083704932e-14,1.125204529e-11,6.586777242e-10,8.933624226e-09,6.81984815e-08,1.805176479e-20,1.115940384e-21,4.055467445e-23,1.186853192e-24,6.368900235e-10,1.172366382e-20,1.381598716e-17,5.506747693e-15,1.900023258e-13,2.934867388e-12,2.652526432e-21,1.409111512e-22,4.400576782e-24,1.119680936e-25,2.255382546e-10,6.75528674e-22,9.5464523e-19,4.504023599e-16,1.607941178e-14,2.526447541e-13,1.798789666e-22,8.399039746e-24,2.305459442e-25,5.207344003e-27,6.369887339e-11,2.249046601e-23,3.872062555e-20,2.194431431e-17,8.0073261e-16,1.259838394e-14,7.159513026e-27,1.481883091e-28,1.60285266e-30,1.380493838e-32,3.306892874e-12,1.183634061e-28,1.107844973e-24,2.650652708e-21,1.706740125e-19,4.014580588e-18
20,0.02263089855,0.01093246162,0.004738899762,0.001989743323,0.0141905756,0.004248554952,0.0118998086,0.02760287016,0.0504617944,0.07991339065,0.03207553082,0.01549494844,0.006716605124,0.002820132156,0.01535030336,0.004248555976,0.011899807,0.02760285683,0.05046175317,0.07991331709,0.0004281767354,0.0001457051551,4.449079496e-05,1.351855692e-05,0.0005222680559,2.93976066e-05,0.0001326545955,0.0004791312211,0.001207761518,0.002520955483,0.0003021001996,0.0001028022792,3.139047387e-05,9.538013423e-06,0.0004828102846,2.939759951e-05,0.0001326546134,0.0004791314525,0.001207762505,0.002520957804,0.0105604564,0.004021391081,0.001374084152,0.0004631889724,0.004451566166,0.0004715995033,0.001362026708,0.003250592068,0.005819835813,0.009028527503,0.01543547232,0.005877784732,0.002008402841,0.0006770111602,0.004848865112,0.000471599627,0.001362026509,0.003250590359,0.005819830638,0.009028518458,0.0002209535734,6.007348518e-05,1.465574921e-05,3.619893863e-06,0.0001773376321,3.581287425e-06,1.63605237e-05,5.9771629e-05,0.0001454294498,0.0002935609726,0.0001511693668,4.110034453e-05,1.002698877e-05,2.476613411e-06,0.0001628072106,3.581286486e-06,1.63605261e-05,5.977166041e-05,0.0001454295791,0.0002935612667,2.279291609e-07,2.824957064e-08,2.649958693e-09,2.328857542e-10,1.123954354e-05,3.933442455e-09,1.160169899e-07,1.991605629e-06,1.388402703e-05,6.451822595e-05,3.442030574e-10,2.697079971e-11,1.452699885e-12,7.023559552e-14,9.845239032e-07,7.032784577e-12,6.907135027e-10,3.25942861e-08,4.249125091e-07,3.250727602e-06,3.814519181e-10,4.729847091e-11,4.201125244e-12,3.343242257e-13,1.503952999e-06,4.758943854e-11,3.063478525e-09,1.021931773e-07,1.082610769e-06,6.99976164e-06,9.667315496e-11,1.34336883e-11,1.337198474e-12,1.18215345e-13,1.05354958e-06,2.535507267e-11,1.691907734e-09,5.835478435e-08,6.2397368e-07,4.045204415e-06,1.323424184e-11,2.123694869e-12,2.441160866e-13,2.46473415e-14,6.009742255e-07,8.785562884e-12,6.134740771e-10,2.207001441e-08,2.3628987e-07,1.5200692e-06,6.992504301e-14,1.042779076e-14,1.068943751e-15,9.360912551e-17,1.03389128e-07,9.368528494e-14,1.157418515e-11,6.758722588e-10,9.155475967e-09,6.981995878e-08,1.900224186e-20,1.177757465e-21,4.291266507e-23,1.258880093e-24,6.52078841e-10,1.246051532e-20,1.462025946e-17,5.80369428e-15,2.000050408e-13,3.086870335e-12,2.867125215e-21,1.526115556e-22,4.77536724e-24,1.217252835e-25,2.328401854e-10,7.327757188e-22,1.030151315e-18,4.836747578e-16,1.724969e-14,2.709037307e-13,2.000642741e-22,9.353463801e-24,2.570715372e-25,5.813315064e-27,6.635069201e-11,2.493764939e-23,4.267149007e-20,2.404617244e-17,8.767293576e-16,1.379261684e-14,8.154264576e-27,1.690482238e-28,1.83141019e-30,1.579677244e-32,3.462836533e-12,1.344086114e-28,1.248536369e-24,2.96635018e-21,1.909249837e-19,4.493093091e-18
21,0.02263089827,0.01093246126,0.004738899512,0.001989743182,0.01419057494,0.004248554834,0.01189980846,0.02760287028,0.05046179534,0.07991339356,0.03207553042,0.01549494794,0.006716604771,0.002820131956,0.01535030264,0.004248555858,0.01189980686,0.02760285695,0.05046175411,0.07991332,0.0004281767276,0.0001457051481,4.449079152e-05,1.35185555e-05,0.0005222680176,2.939760458e-05,0.0001326545886,0.0004791312036,0.00120776149,0.002520955468,0.0003021001941,0.0001028022742,3.139047144e-05,9.538012424e-06,0.0004828102492,2.93975975e-05,0.0001326546065,0.0004791314351,0.001207762477,0.002520957788,0.01056045633,0.004021391016,0.001374084116,0.000463188956,0.004451566097,0.0004715995191,0.001362026783,0.003250592311,0.005819836365,0.009028528614,0.01543547223,0.005877784636,0.002008402788,0.0006770111362,0.004848865036,0.0004715996427,0.001362026584,0.003250590602,0.005819831191,0.009028519569,0.0002209535708,6.007348332e-05,1.465574848e-05,3.619893617e-06,0.0001773376248,3.581287404e-06,1.636052396e-05,5.977163112e-05,0.0001454294578,0.0002935609968,0.000151169365,4.110034325e-05,1.002698826e-05,2.476613243e-06,0.0001628072039,3.581286465e-06,1.636052635e-05,5.977166254e-05,0.0001454295871,0.0002935612909,2.279291497e-07,2.8249567e-08,2.649958139e-09,2.328856884e-10,1.123954177e-05,3.933441591e-09,1.160169687e-07,1.991605332e-06,1.388402533e-05,6.451821998e-05,3.442030318e-10,2.697079443e-11,1.452699426e-12,7.023556545e-14,9.84523686e-07,7.032781913e-12,6.90713271e-10,3.259427648e-08,4.249123946e-07,3.250726804e-06,3.821977069e-10,4.740247433e-11,4.211387237e-12,3.352161286e-13,1.505955222e-06,4.772516014e-11,3.071403343e-09,1.024323918e-07,1.084994089e-06,7.014339272e-06,9.716736001e-11,1.351415714e-11,1.346383423e-12,1.19123311e-13,1.057961156e-06,2.559270402e-11,1.706294924e-09,5.880397812e-08,6.284934725e-07,4.072934284e-06,1.335486035e-11,2.146629654e-12,2.471645197e-13,2.499359831e-14,6.056658022e-07,8.940793517e-12,6.233063149e-10,2.2390142e-08,2.395149467e-07,1.539702116e-06,7.129235966e-14,1.065786585e-14,1.095217785e-15,9.612788487e-17,1.047934705e-07,9.666769019e-14,1.191063435e-11,6.937880967e-10,9.386372954e-09,7.150601159e-08,2.002300582e-20,1.24428476e-21,4.545575625e-23,1.33671739e-24,6.679122853e-10,1.325821559e-20,1.548723874e-17,6.1225332e-15,2.107338019e-13,3.249800552e-12,3.103839154e-21,1.655395039e-22,5.190183212e-24,1.32541569e-25,2.405222472e-10,7.96095493e-22,1.113236833e-18,5.201124445e-16,1.853013684e-14,2.908743983e-13,2.229830575e-22,1.043835995e-23,2.872574286e-25,6.503628532e-27,6.916763477e-11,2.770703602e-23,4.71152435e-20,2.639686206e-17,9.616608454e-16,1.512720476e-14,9.310856318e-27,1.933359735e-28,2.097900638e-30,1.812221376e-32,3.629305318e-12,1.530010744e-28,1.410338757e-24,3.326890121e-21,2.140456993e-19,5.039742902e-18
22,0.02263089799,0.0109324609,0.004738899259,0.001989743038,0.01419057427,0.004248554715,0.01189980833,0.0276028704,0.05046179629,0.07991339651,0.03207553002,0.01549494743,0.006716604412,0.002820131752,0.01535030191,0.004248555739,0.01189980673,0.02760285706,0.05046175506,0.07991332295,0.0004281767197,0.000145705141,4.449078802e-05,1.351855406e-05,0.0005222679788,2.939760253e-05,0.0001326545817,0.0004791311859,0.001207761462,0.002520955452,0.0003021001885,0.0001028022693,3.139046897e-05,9.53801141e-06,0.0004828102133,2.939759545e-05,0.0001326545995,0.0004791314173,0.001207762449,0.002520957773,0.01056045626,0.004021390949,0.001374084079,0.0004631889392,0.004451566026,0.000471599535,0.001362026859,0.003250592558,0.005819836926,0.009028529741,0.01543547213,0.005877784539,0.002008402735,0.0006770111117,0.004848864959,0.0004715996587,0.001362026659,0.003250590849,0.005819831751,0.009028520696,0.0002209535682,6.007348143e-05,1.465574773e-05,3.619893368e-06,0.0001773376174,3.581287383e-06,1.636052422e-05,5.977163328e-05,0.0001454294659,0.0002935610213,0.0001511693632,4.110034196e-05,1.002698775e-05,2.476613072e-06,0.0001628071971,3.581286443e-06,1.636052661e-05,5.97716647e-05,0.0001454295952,0.0002935613154,2.279291383e-07,2.82495633e-08,2.649957577e-09,2.328856216e-10,1.123953998e-05,3.933440715e-09,1.160169472e-07,1.991605031e-06,1.388402361e-05,6.451821393e-05,3.442030058e-10,2.697078909e-11,1.452698959e-12,7.023553495e-14,9.845234656e-07,7.03277921e-12,6.90713036e-10,3.259426672e-08,4.249122785e-07,3.250725994e-06,3.829554063e-10,4.750811182e-11,4.221808844e-12,3.361218326e-13,1.507985244e-06,4.786296658e-11,3.079447949e-09,1.026751687e-07,1.087412637e-06,7.029131186e-06,9.7670141e-11,1.35960328e-11,1.355731924e-12,1.200478203e-13,1.062437547e-06,2.583509547e-11,1.720958188e-09,5.926144374e-08,6.330946356e-07,4.10115412e-06,1.347800277e-11,2.170065089e-12,2.502829179e-13,2.534820445e-14,6.10441413e-07,9.100378384e-12,6.333983875e-10,2.271825053e-08,2.428177969e-07,1.55979517e-06,7.270550972e-14,1.089604353e-14,1.122466307e-15,9.874470672e-17,1.062331711e-07,9.97807819e-14,1.226091467e-11,7.123958028e-10,9.625912725e-09,7.325356994e-08,2.111644615e-20,1.31569857e-21,4.819151437e-23,1.420621123e-24,6.843661243e-10,1.411961729e-20,1.641940589e-17,6.463976831e-15,2.222108858e-13,3.423981287e-12,3.364402014e-21,1.797940575e-22,5.648347141e-24,1.445071271e-25,2.485803178e-10,8.659847633e-22,1.2044628e-18,5.599263391e-16,1.992794443e-14,3.126676728e-13,2.489646825e-22,1.166963505e-23,3.215551007e-25,7.288799113e-27,7.215167969e-11,3.083587059e-23,5.21046043e-20,2.902097616e-17,1.056401103e-15,1.661587814e-14,1.065404264e-26,2.215816312e-28,2.408253946e-30,2.083393641e-32,3.806528692e-12,1.745175523e-28,1.596159057e-24,3.738019439e-21,2.404030687e-19,5.663305207e-18
23,0.0226308977,0.01093246054,0.004738899004,0.001989742893,0.01419057359,0.004248554594,0.01189980819,0.02760287052,0.05046179726,0.0799133995,0.03207552961,0.01549494691,0.00671660405,0.002820131546,0.01535030118,0.004248555618,0.01189980659,0.02760285718,0.05046175603,0.07991332593,0.0004281767117,0.0001457051339,4.449078449e-05,1.351855261e-05,0.0005222679396,2.939760047e-05,0.0001326545746,0.000479131168,0.001207761434,0.002520955436,0.0003021001828,0.0001028022642,3.139046648e-05,9.538010385e-06,0.000482810177,2.939759338e-05,0.0001326545924,0.0004791313994,0.001207762421,0.002520957757,0.0105604562,0.004021390882,0.001374084042,0.0004631889223,0.004451565955,0.0004715995512,0.001362026935,0.003250592807,0.005819837492,0.009028530881,0.01543547203,0.005877784441,0.00200840268,0.000677011087,0.004848864882,0.0004715996749,0.001362026736,0.003250591098,0.005819832317,0.009028521836,0.0002209535655,6.007347952e-05,1.465574698e-05,3.619893116e-06,0.0001773376099,3.581287361e-06,1.636052448e-05,5.977163546e-05,0.0001454294741,0.000293561046,0.0001511693614,4.110034065e-05,1.002698724e-05,2.4766129e-06,0.0001628071902,3.581286422e-06,1.636052687e-05,5.977166688e-05,0.0001454296034,0.0002935613401,2.279291268e-07,2.824955956e-08,2.649957009e-09,2.32885554e-10,1.123953817e-05,3.933439829e-09,1.160169254e-07,1.991604727e-06,1.388402186e-05,6.451820781e-05,3.442029795e-10,2.697078368e-11,1.452698488e-12,7.023550411e-14,9.845232428e-07,7.032776477e-12,6.907127984e-10,3.259425686e-08,4.24912161e-07,3.250725176e-06,3.83722655e-10,4.761505284e-11,4.232357365e-12,3.370384913e-13,1.510036562e-06,4.80024236e-11,3.08758692e-09,1.02920739e-07,1.089858741e-06,7.044090425e-06,9.817994367e-11,1.367906185e-11,1.365215083e-12,1.209860247e-13,1.066964378e-06,2.608151985e-11,1.735853009e-09,5.972577792e-08,6.377629819e-07,4.129776563e-06,1.360330632e-11,2.193932811e-12,2.534623161e-13,2.571015758e-14,6.152862369e-07,9.263902756e-12,6.437231406e-10,2.305343084e-08,2.461891326e-07,1.580291194e-06,7.416143877e-14,1.114183412e-14,1.150636663e-15,1.014548716e-16,1.077042908e-07,1.030202281e-13,1.262445797e-11,7.316614687e-10,9.873637317e-09,7.505917178e-08,2.228469922e-20,1.392159243e-21,5.112692237e-23,1.510830391e-24,7.014122791e-10,1.504741008e-20,1.7419032e-17,6.82865217e-15,2.344556513e-13,3.609691217e-12,3.65058364e-21,1.954766761e-22,6.153273027e-24,1.577148955e-25,2.570080687e-10,9.429527027e-22,1.304396533e-18,6.033266967e-16,2.145026334e-14,3.363937402e-13,2.78366053e-22,1.306455158e-23,3.604552383e-25,8.180270162e-27,7.530397305e-11,3.436425177e-23,5.769570899e-20,3.194441713e-17,1.161869473e-15,1.827308071e-14,1.221164795e-26,2.543819111e-28,2.769155707e-30,2.399141022e-32,3.994688071e-12,1.993789726e-28,1.809208754e-24,4.206018519e-21,2.703979742e-19,6.373379581e-18
24,0.02263089741,0.01093246017,0.004738898746,0.001989742746,0.0141905729,0.004248554472,0.01189980806,0.02760287064,0.05046179823,0.07991340251,0.0320755292,0.01549494639,0.006716603685,0.002820131339,0.01535030044,0.004248555496,0.01189980646,0.02760285731,0.050461757,0.07991332894,0.0004281767036,0.0001457051267,4.449078093e-05,1.351855114e-05,0.0005222679,2.939759838e-05,0.0001326545675,0.0004791311499,0.001207761405,0.002520955421,0.0003021001771,0.0001028022591,3.139046397e-05,9.538009352e-06,0.0004828101405,2.93975913e-05,0.0001326545853,0.0004791313813,0.001207762392,0.002520957741,0.01056045613,0.004021390815,0.001374084005,0.0004631889053,0.004451565883,0.0004715995675,0.001362027012,0.003250593058,0.005819838063,0.00902853203,0.01543547193,0.005877784343,0.002008402626,0.0006770110621,0.004848864803,0.0004715996911,0.001362026813,0.003250591349,0.005819832888,0.009028522985,0.0002209535628,6.00734776e-05,1.465574621e-05,3.619892862e-06,0.0001773376024,3.581287339e-06,1.636052474e-05,5.977163766e-05,0.0001454294823,0.000293561071,0.0001511693595,4.110033934e-05,1.002698672e-05,2.476612726e-06,0.0001628071832,3.5812864e-06,1.636052714e-05,5.977166908e-05,0.0001454296116,0.0002935613651,2.279291152e-07,2.824955579e-08,2.649956437e-09,2.328854859e-10,1.123953634e-05,3.933438936e-09,1.160169034e-07,1.99160442e-06,1.388402011e-05,6.451820164e-05,3.44202953e-10,2.697077823e-11,1.452698013e-12,7.023547302e-14,9.845230183e-07,7.032773724e-12,6.907125589e-10,3.259424692e-08,4.249120427e-07,3.250724351e-06,3.844970761e-10,4.772296502e-11,4.242999941e-12,3.379632447e-13,1.512102683e-06,4.814309506e-11,3.09579475e-09,1.031683316e-07,1.092324715e-06,7.059169947e-06,9.869519398e-11,1.376298745e-11,1.374803576e-12,1.219350279e-13,1.07152724e-06,2.633123214e-11,1.750933942e-09,6.019555276e-08,6.424840997e-07,4.158712994e-06,1.373039799e-11,2.218162234e-12,2.566934093e-13,2.607841165e-14,6.201852194e-07,9.430925388e-12,6.542519232e-10,2.339473064e-08,2.496192623e-07,1.601130729e-06,7.565679253e-14,1.139469322e-14,1.179669436e-15,1.042529643e-16,1.092027003e-07,1.063807543e-13,1.300059711e-11,7.515463052e-10,1.012902842e-08,7.691892994e-08,2.352956023e-20,1.473805126e-21,5.4268137e-23,1.607559586e-24,7.190184296e-10,1.604403793e-20,1.848809621e-17,7.217073291e-15,2.474836372e-13,3.807150989e-12,3.964160281e-21,2.126895727e-22,6.708412956e-24,1.722591626e-25,2.657966383e-10,1.02751267e-21,1.413601161e-18,6.505186965e-16,2.310404928e-14,3.621596795e-13,3.115697689e-22,1.464164352e-23,4.044854866e-25,9.190364549e-27,7.862465192e-11,3.833486659e-23,6.394761271e-20,3.51941105e-17,1.279020223e-15,2.011380659e-14,1.401467025e-26,2.924026024e-28,3.188076867e-30,2.766118516e-32,4.193904557e-12,2.280512783e-28,2.053001319e-24,4.737680112e-21,3.044639115e-19,7.180360327e-18
25,0.02263089712,0.0109324598,0.004738898487,0.001989742599,0.01419057221,0.00424855435,0.01189980792,0.02760287076,0.0504617992,0.07991340553,0.03207552879,0.01549494587,0.006716603318,0.00282013113,0.01535029969,0.004248555374,0.01189980632,0.02760285743,0.05046175797,0.07991333196,0.0004281766955,0.0001457051194,4.449077735e-05,1.351854967e-05,0.0005222678603,2.939759629e-05,0.0001326545603,0.0004791311318,0.001207761376,0.002520955405,0.0003021001714,0.000102802254,3.139046144e-05,9.538008314e-06,0.0004828101037,2.93975892e-05,0.0001326545781,0.0004791313632,0.001207762363,0.002520957726,0.01056045606,0.004021390747,0.001374083967,0.0004631888882,0.004451565811,0.0004715995838,0.00136202709,0.00325059331,0.005819838636,0.009028533184,0.01543547183,0.005877784243,0.002008402571,0.0006770110371,0.004848864725,0.0004715997075,0.001362026891,0.003250591602,0.005819833461,0.009028524139,0.0002209535601,6.007347566e-05,1.465574545e-05,3.619892606e-06,0.0001773375948,3.581287317e-06,1.636052501e-05,5.977163987e-05,0.0001454294906,0.0002935610961,0.0001511693577,4.110033801e-05,1.002698619e-05,2.476612551e-06,0.0001628071763,3.581286378e-06,1.63605274e-05,5.977167129e-05,0.0001454296199,0.0002935613902,2.279291036e-07,2.8249552e-08,2.649955862e-09,2.328854176e-10,1.12395345e-05,3.933438039e-09,1.160168814e-07,1.991604112e-06,1.388401835e-05,6.451819544e-05,3.442029264e-10,2.697077276e-11,1.452697535e-12,7.02354418e-14,9.845227928e-07,7.032770957e-12,6.907123183e-10,3.259423693e-08,4.249119238e-07,3.250723522e-06,3.852762776e-10,4.783151418e-11,4.253703549e-12,3.388932198e-13,1.514177125e-06,4.8284543e-11,3.104045849e-09,1.034171737e-07,1.094802858e-06,7.074322648e-06,9.921429845e-11,1.384754944e-11,1.384467654e-12,1.228918865e-13,1.076111696e-06,2.658346949e-11,1.76615462e-09,6.066931602e-08,6.472433572e-07,4.187873564e-06,1.385889442e-11,2.242680525e-12,2.599665481e-13,2.645187616e-14,6.251230793e-07,9.600977582e-12,6.649545434e-10,2.374115352e-08,2.530980837e-07,1.622251982e-06,7.718789654e-14,1.165401786e-14,1.209497933e-15,1.071328193e-16,1.107240737e-07,1.098560524e-13,1.338855737e-11,7.720062571e-10,1.039150285e-08,7.88285014e-08,2.485238555e-20,1.560745836e-21,5.762021639e-23,1.71098962e-24,7.371476327e-10,1.711160543e-20,1.962819387e-17,7.62961103e-15,2.613055732e-13,4.016508476e-12,4.306877461e-21,2.31533641e-22,7.317189198e-24,1.882337648e-25,2.749343002e-10,1.120171834e-21,1.53262274e-18,7.01697151e-16,2.489587994e-14,3.900666238e-13,3.489808257e-22,1.6420562e-23,4.542062075e-25,1.033218892e-26,8.21126557e-11,4.279255829e-23,7.092155341e-20,3.879760899e-17,1.408828263e-15,2.215337627e-14,1.609728873e-26,3.363789605e-28,3.673280684e-30,3.191697486e-32,4.40422569e-12,2.610447378e-28,2.33133719e-24,5.340262931e-21,3.430640157e-19,8.095368382e-18
26,0.02263089683,0.01093245943,0.004738898228,0.001989742452,0.01419057153,0.004248554227,0.01189980778,0.02760287088,0.05046180018,0.07991340855,0.03207552837,0.01549494535,0.00671660295,0.002820130922,0.01535029895,0.004248555251,0.01189980618,0.02760285755,0.05046175895,0.07991333499,0.0004281766874,0.0001457051122,4.449077376e-05,1.35185482e-05,0.0005222678205,2.939759419e-05,0.0001326545531,0.0004791311136,0.001207761348,0.002520955389,0.0003021001657,0.0001028022489,3.139045891e-05,9.538007274e-06,0.000482810067,2.93975871e-05,0.000132654571,0.000479131345,0.001207762335,0.00252095771,0.01056045599,0.004021390679,0.00137408393,0.000463188871,0.004451565738,0.0004715996002,0.001362027168,0.003250593563,0.00581983921,0.009028534339,0.01543547173,0.005877784144,0.002008402516,0.000677011012,0.004848864646,0.0004715997239,0.001362026968,0.003250591854,0.005819834035,0.009028525294,0.0002209535574,6.007347373e-05,1.465574469e-05,3.619892351e-06,0.0001773375872,3.581287295e-06,1.636052527e-05,5.977164209e-05,0.0001454294989,0.0002935611212,0.0001511693558,4.110033669e-05,1.002698567e-05,2.476612376e-06,0.0001628071693,3.581286356e-06,1.636052767e-05,5.977167351e-05,0.0001454296282,0.0002935614153,2.279290919e-07,2.824954821e-08,2.649955286e-09,2.328853491e-10,1.123953267e-05,3.93343714e-09,1.160168593e-07,1.991603804e-06,1.388401658e-05,6.451818924e-05,3.442028998e-10,2.697076728e-11,1.452697057e-12,7.023541053e-14,9.845225669e-07,7.032768186e-12,6.907120773e-10,3.259422692e-08,4.249118048e-07,3.250722692e-06,3.860578525e-10,4.794036438e-11,4.26443502e-12,3.398255316e-13,1.516253421e-06,4.842632781e-11,3.11231456e-09,1.036664911e-07,1.097285457e-06,7.089501365e-06,9.973564459e-11,1.39324844e-11,1.394177156e-12,1.238536116e-13,1.080703294e-06,2.683745141e-11,1.781467768e-09,6.114559173e-08,6.520259083e-07,4.217167232e-06,1.398840194e-11,2.2674126e-12,2.632717369e-13,2.682941576e-14,6.300843178e-07,9.773562482e-12,6.757992385e-10,2.409165828e-08,2.566150781e-07,1.643590807e-06,7.875073773e-14,1.191914292e-14,1.240047732e-15,1.100874694e-16,1.122638852e-07,1.134386939e-13,1.378744833e-11,7.92991648e-10,1.066040836e-08,8.078305918e-08,2.625398559e-20,1.653054825e-21,6.118681821e-23,1.821258157e-24,7.557579606e-10,1.825177284e-20,2.084043533e-17,8.066460005e-15,2.759263068e-13,4.237822815e-12,4.680404605e-21,2.521059076e-22,7.982910214e-24,2.057298425e-25,2.844061303e-10,1.221418417e-21,1.661974776e-18,7.570402751e-16,2.683173989e-14,4.202064315e-13,3.910215169e-22,1.842183365e-23,5.10203759e-25,1.161948008e-26,8.576552842e-11,4.778369206e-23,7.867993595e-20,4.278256922e-17,1.552270349e-15,2.440714173e-14,1.849673877e-26,3.871132571e-28,4.233797933e-30,3.683945805e-32,4.625611308e-12,2.989111889e-28,2.648272652e-24,6.021413473e-21,3.866860613e-19,9.130134772e-18
27,0.02263089654,0.01093245907,0.004738897969,0.001989742305,0.01419057084,0.004248554105,0.01189980764,0.027602871,0.05046180115,0.07991341157,0.03207552796,0.01549494482,0.006716602583,0.002820130713,0.0153502982,0.004248555129,0.01189980604,0.02760285767,0.05046175992,0.07991333801,0.0004281766793,0.0001457051049,4.449077019e-05,1.351854673e-05,0.0005222677808,2.939759209e-05,0.000132654546,0.0004791310955,0.001207761319,0.002520955373,0.00030210016,0.0001028022438,3.139045639e-05,9.538006236e-06,0.0004828100302,2.939758501e-05,0.0001326545638,0.0004791313269,0.001207762306,0.002520957694,0.01056045593,0.004021390611,0.001374083892,0.0004631888539,0.004451565666,0.0004715996165,0.001362027245,0.003250593815,0.005819839783,0.009028535493,0.01543547164,0.005877784045,0.002008402461,0.000677010987,0.004848864567,0.0004715997402,0.001362027046,0.003250592107,0.005819834609,0.009028526448,0.0002209535547,6.007347179e-05,1.465574392e-05,3.619892096e-06,0.0001773375796,3.581287273e-06,1.636052554e-05,5.97716443e-05,0.0001454295072,0.0002935611463,0.000151169354,4.110033536e-05,1.002698515e-05,2.476612202e-06,0.0001628071623,3.581286334e-06,1.636052793e-05,5.977167572e-05,0.0001454296365,0.0002935614403,2.279290803e-07,2.824954442e-08,2.64995471e-09,2.328852807e-10,1.123953083e-05,3.933436243e-09,1.160168373e-07,1.991603496e-06,1.388401482e-05,6.451818304e-05,3.442028732e-10,2.69707618e-11,1.45269658e-12,7.02353793e-14,9.845223413e-07,7.032765419e-12,6.907118368e-10,3.259421693e-08,4.249116859e-07,3.250721863e-06,3.868393789e-10,4.804917804e-11,4.275161037e-12,3.407572832e-13,1.518325117e-06,4.856800835e-11,3.120575156e-09,1.039155082e-07,1.099764792e-06,7.1046589e-06,1.002576016e-10,1.401752581e-11,1.403901531e-12,1.248171704e-13,1.085287575e-06,2.709238008e-11,1.796825224e-09,6.162288101e-08,6.568167012e-07,4.246501819e-06,1.411851658e-11,2.292281137e-12,2.665986362e-13,2.72098505e-14,6.350532298e-07,9.948154633e-12,6.867526586e-10,2.444515876e-08,2.60159311e-07,1.665080709e-06,8.034094826e-14,1.218933808e-14,1.271236255e-15,1.131091001e-16,1.138174066e-07,1.171200485e-13,1.41962564e-11,8.144468592e-10,1.093501996e-08,8.277726751e-08,2.773450875e-20,1.750761301e-21,6.496986976e-23,1.938448892e-24,7.748021622e-10,1.946564029e-20,2.212533586e-17,8.527603215e-15,2.913436552e-13,4.471047343e-12,5.086280768e-21,2.744964698e-22,8.708669209e-24,2.248331175e-25,2.941936764e-10,1.331706352e-21,1.802120003e-18,8.167024788e-16,2.891677252e-14,4.526578483e-13,4.381241843e-22,2.066651456e-23,5.730807852e-25,1.306638138e-26,8.957921379e-11,5.335528226e-23,8.728499275e-20,4.717608409e-17,1.710301188e-15,2.689011136e-14,2.12530118e-26,4.454685654e-28,4.879359804e-30,4.251570297e-32,4.857918651e-12,3.422386122e-28,3.008068531e-24,6.789049087e-21,4.358349916e-19,1.029682479e-17
28,0.02263089625,0.0109324587,0.004738897711,0.001989742158,0.01419057015,0.004248553983,0.0118998075,0.02760287112,0.05046180212,0.07991341458,0.03207552755,0.0154949443,0.006716602218,0.002820130506,0.01535029746,0.004248555007,0.01189980591,0.02760285779,0.05046176089,0.07991334101,0.0004281766712,0.0001457050977,4.449076662e-05,1.351854527e-05,0.0005222677412,2.939759001e-05,0.0001326545389,0.0004791310774,0.00120776129,0.002520955357,0.0003021001543,0.0001028022387,3.139045387e-05,9.538005203e-06,0.0004828099937,2.939758293e-05,0.0001326545567,0.0004791313088,0.001207762277,0.002520957678,0.01056045586,0.004021390544,0.001374083855,0.0004631888369,0.004451565594,0.0004715996328,0.001362027322,0.003250594066,0.005819840354,0.009028536642,0.01543547154,0.005877783946,0.002008402407,0.0006770109621,0.004848864489,0.0004715997565,0.001362027123,0.003250592358,0.005819835179,0.009028527597,0.000220953552,6.007346987e-05,1.465574316e-05,3.619891841e-06,0.0001773375721,3.581287251e-06,1.63605258e-05,5.97716465e-05,0.0001454295155,0.0002935611712,0.0001511693521,4.110033405e-05,1.002698463e-05,2.476612028e-06,0.0001628071554,3.581286312e-06,1.63605282e-05,5.977167792e-05,0.0001454296448,0.0002935614653,2.279290687e-07,2.824954065e-08,2.649954138e-09,2.328852126e-10,1.1239529e-05,3.93343535e-09,1.160168153e-07,1.991603189e-06,1.388401306e-05,6.451817687e-05,3.442028467e-10,2.697075635e-11,1.452696105e-12,7.023534822e-14,9.845221168e-07,7.032762666e-12,6.907115973e-10,3.259420699e-08,4.249115675e-07,3.250721038e-06,3.876184213e-10,4.815761596e-11,4.285848154e-12,3.416855676e-13,1.520385782e-06,4.870914209e-11,3.128801861e-09,1.041634486e-07,1.102233135e-06,7.11974803e-06,1.007785212e-10,1.410240418e-11,1.413609854e-12,1.257794884e-13,1.089850085e-06,2.734744085e-11,1.812177979e-09,6.209966309e-08,6.616004891e-07,4.275784074e-06,1.424882426e-11,2.317206619e-12,2.699365675e-13,2.759195626e-14,6.400139178e-07,1.012419979e-11,6.97779866e-10,2.480052409e-08,2.637194349e-07,1.686652867e-06,8.195379184e-14,1.24638051e-14,1.302972425e-15,1.161890097e-16,1.153797069e-07,1.208902094e-13,1.461383818e-11,8.363100506e-10,1.121453671e-08,8.480526061e-08,2.929331769e-20,1.853841569e-21,6.896921268e-23,2.062579947e-24,7.942273554e-10,2.075362211e-20,2.348269765e-17,9.012774591e-15,3.075471939e-13,4.716011633e-12,5.525851034e-21,2.987848917e-22,9.497224206e-24,2.456206608e-25,3.042746367e-10,1.451437231e-21,1.95344932e-18,8.808061743e-16,3.115499876e-14,4.87482159e-13,4.907214544e-22,2.317572165e-23,6.434430053e-25,1.468713695e-26,9.354784589e-11,5.955384525e-23,9.679707973e-20,5.200385592e-17,1.883823929e-15,2.961648655e-14,2.440833229e-26,5.123577383e-28,5.620276648e-30,4.903810761e-32,5.100886882e-12,3.916423717e-28,3.415114383e-24,7.651195114e-21,4.910225182e-19,1.160779172e-17
29,0.02263089596,0.01093245833,0.004738897455,0.001989742013,0.01419056947,0.004248553862,0.01189980737,0.02760287124,0.05046180309,0.07991341757,0.03207552714,0.01549494379,0.006716601856,0.0028201303,0.01535029673,0.004248554886,0.01189980577,0.02760285791,0.05046176186,0.079913344,0.0004281766632,0.0001457050906,4.449076309e-05,1.351854381e-05,0.000522267702,2.939758794e-05,0.0001326545318,0.0004791310595,0.001207761262,0.002520955342,0.0003021001486,0.0001028022337,3.139045138e-05,9.538004178e-06,0.0004828099574,2.939758086e-05,0.0001326545496,0.0004791312909,0.001207762249,0.002520957663,0.01056045579,0.004021390477,0.001374083818,0.00046318882,0.004451565523,0.000471599649,0.001362027399,0.003250594315,0.00581984092,0.009028537782,0.01543547144,0.005877783848,0.002008402352,0.0006770109374,0.004848864411,0.0004715997726,0.0013620272,0.003250592607,0.005819835745,0.009028528737,0.0002209535493,6.007346796e-05,1.465574241e-05,3.619891589e-06,0.0001773375646,3.581287229e-06,1.636052607e-05,5.977164868e-05,0.0001454295237,0.000293561196,0.0001511693503,4.110033274e-05,1.002698411e-05,2.476611855e-06,0.0001628071485,3.58128629e-06,1.636052846e-05,5.97716801e-05,0.000145429653,0.0002935614901,2.279290572e-07,2.824953691e-08,2.64995357e-09,2.328851451e-10,1.123952719e-05,3.933434464e-09,1.160167936e-07,1.991602885e-06,1.388401132e-05,6.451817075e-05,3.442028204e-10,2.697075095e-11,1.452695633e-12,7.023531738e-14,9.84521894e-07,7.032759933e-12,6.907113597e-10,3.259419712e-08,4.249114501e-07,3.250720219e-06,3.883925305e-10,4.826533747e-11,4.296462796e-12,3.426074678e-13,1.522429001e-06,4.884928529e-11,3.136968848e-09,1.044095352e-07,1.104682756e-06,7.134721525e-06,1.012967386e-10,1.418684729e-11,1.423270852e-12,1.267374526e-13,1.094376383e-06,2.760180294e-11,1.827476208e-09,6.257439657e-08,6.663618419e-07,4.304919741e-06,1.437890108e-11,2.34210739e-12,2.732745218e-13,2.797446581e-14,6.449503074e-07,1.0301115e-11,7.088443481e-10,2.515657928e-08,2.672836963e-07,1.708236186e-06,8.358415289e-14,1.274167573e-14,1.335156361e-15,1.193175759e-16,1.16945654e-07,1.247379284e-13,1.503891475e-11,8.585129282e-10,1.149807907e-08,8.686062565e-08,3.092885926e-20,1.962209896e-21,7.318222647e-23,2.19359153e-24,8.139747565e-10,2.211531237e-20,2.491148548e-17,9.521420023e-15,3.245169997e-13,4.972402873e-12,6.000193444e-21,3.250360474e-22,1.035085921e-23,2.681571365e-25,3.146225533e-10,1.580939492e-21,2.116257921e-18,9.494326296e-16,3.354900384e-14,5.247183467e-13,5.492336242e-22,2.597002508e-23,7.218820096e-25,1.6495692e-26,9.766353899e-11,6.642394521e-23,1.072725732e-19,5.728919856e-17,2.073654633e-15,3.259910368e-14,2.800636074e-26,5.887264612e-28,6.467249781e-30,5.650273975e-32,5.354121282e-12,4.477524257e-28,3.873823798e-24,8.615769117e-21,5.527533484e-19,1.307524911e-17
30,0.02263089568,0.01093245797,0.004738897202,0.00198974187,0.0141905688,0.004248553743,0.01189980723,0.02760287136,0.05046180404,0.07991342052,0.03207552674,0.01549494328,0.006716601497,0.002820130096,0.015350296,0.004248554767,0.01189980563,0.02760285803,0.05046176281,0.07991334695,0.0004281766553,0.0001457050835,4.449075959e-05,1.351854238e-05,0.0005222676632,2.93975859e-05,0.0001326545248,0.0004791310417,0.001207761234,0.002520955326,0.0003021001431,0.0001028022287,3.139044891e-05,9.538003164e-06,0.0004828099215,2.939757881e-05,0.0001326545426,0.0004791312732,0.001207762221,0.002520957647,0.01056045572,0.00402139041,0.001374083781,0.0004631888032,0.004451565452,0.0004715996649,0.001362027475,0.003250594562,0.005819841481,0.009028538909,0.01543547134,0.005877783751,0.002008402299,0.0006770109129,0.004848864334,0.0004715997886,0.001362027275,0.003250592853,0.005819836306,0.009028529864,0.0002209535466,6.007346607e-05,1.465574166e-05,3.61989134e-06,0.0001773375572,3.581287208e-06,1.636052632e-05,5.977165084e-05,0.0001454295318,0.0002935612205,0.0001511693485,4.110033145e-05,1.00269836e-05,2.476611685e-06,0.0001628071417,3.581286268e-06,1.636052872e-05,5.977168226e-05,0.0001454296611,0.0002935615146,2.279290459e-07,2.824953321e-08,2.649953008e-09,2.328850783e-10,1.12395254e-05,3.933433588e-09,1.16016772e-07,1.991602584e-06,1.38840096e-05,6.45181647e-05,3.442027944e-10,2.69707456e-11,1.452695167e-12,7.023528688e-14,9.845216737e-07,7.03275723e-12,6.907111246e-10,3.259418737e-08,4.24911334e-07,3.25071941e-06,3.891592446e-10,4.837200049e-11,4.306971279e-12,3.435200585e-13,1.524448381e-06,4.898799317e-11,3.145050258e-09,1.046529903e-07,1.107105923e-06,7.149532166e-06,1.018105736e-10,1.427058036e-11,1.432852932e-12,1.276879139e-13,1.098852054e-06,2.785462021e-11,1.842669324e-09,6.304552082e-08,6.710851607e-07,4.333813646e-06,1.450831362e-11,2.366899727e-12,2.76601171e-13,2.835607016e-14,6.49846164e-07,1.047828894e-11,7.199080457e-10,2.551210628e-08,2.708399474e-07,1.729757361e-06,8.522652883e-14,1.302201011e-14,1.367679175e-15,1.22484231e-16,1.185099177e-07,1.286505602e-13,1.547006704e-11,8.809805664e-10,1.1784687e-08,8.893639037e-08,3.263853038e-20,2.075709041e-21,7.76034369e-23,2.331333039e-24,8.33979454e-10,2.354934395e-20,2.640969801e-17,1.005265756e-14,3.422223713e-13,5.239746937e-12,6.510036705e-21,3.532954256e-22,1.12712268e-23,2.924905297e-25,3.252065274e-10,1.720444912e-21,2.290718757e-18,1.022611948e-15,3.609959481e-14,5.643778048e-13,6.140529102e-22,2.906868706e-23,8.089536454e-25,1.850518919e-26,1.019161809e-10,7.400640734e-23,1.187613437e-19,6.305186225e-17,2.28048052e-15,3.584877818e-14,3.209107077e-26,6.755292421e-28,7.431103314e-30,6.500695876e-32,5.617077407e-12,5.111958232e-28,4.388496722e-24,9.690306045e-21,6.215076462e-19,1.47108519e-17
31,0.0226308954,0.01093245762,0.004738896953,0.001989741728,0.01419056814,0.004248553625,0.0118998071,0.02760287148,0.05046180498,0.07991342343,0.03207552634,0.01549494277,0.006716601144,0.002820129895,0.01535029528,0.004248554649,0.0118998055,0.02760285815,0.05046176375,0.07991334986,0.0004281766475,0.0001457050765,4.449075615e-05,1.351854096e-05,0.0005222676249,2.939758388e-05,0.0001326545179,0.0004791310243,0.001207761206,0.002520955311,0.0003021001375,0.0001028022238,3.139044648e-05,9.538002165e-06,0.0004828098861,2.939757679e-05,0.0001326545357,0.0004791312557,0.001207762193,0.002520957632,0.01056045566,0.004021390345,0.001374083745,0.0004631887867,0.004451565383,0.0004715996807,0.001362027549,0.003250594805,0.005819842033,0.00902854002,0.01543547125,0.005877783656,0.002008402246,0.0006770108888,0.004848864259,0.0004715998044,0.00136202735,0.003250593096,0.005819836858,0.009028530975,0.000220953544,6.00734642e-05,1.465574093e-05,3.619891094e-06,0.0001773375499,3.581287187e-06,1.636052658e-05,5.977165297e-05,0.0001454295398,0.0002935612446,0.0001511693467,4.110033017e-05,1.00269831e-05,2.476611516e-06,0.000162807135,3.581286247e-06,1.636052897e-05,5.977168438e-05,0.0001454296691,0.0002935615387,2.279290346e-07,2.824952956e-08,2.649952454e-09,2.328850124e-10,1.123952363e-05,3.933432724e-09,1.160167508e-07,1.991602288e-06,1.38840079e-05,6.451815873e-05,3.442027688e-10,2.697074033e-11,1.452694707e-12,7.023525681e-14,9.845214565e-07,7.032754566e-12,6.907108929e-10,3.259417775e-08,4.249112195e-07,3.250718611e-06,3.899160901e-10,4.847726169e-11,4.317339818e-12,3.444204067e-13,1.526437552e-06,4.912482009e-11,3.153020202e-09,1.048930361e-07,1.109494904e-06,7.164132752e-06,1.02318332e-10,1.435332628e-11,1.44232421e-12,1.286276908e-13,1.103262715e-06,2.810503209e-11,1.857706027e-09,6.351145753e-08,6.757546921e-07,4.362369784e-06,1.46366194e-11,2.391497941e-12,2.799048818e-13,2.873542028e-14,6.546851115e-07,1.065508254e-11,7.309313955e-10,2.586584545e-08,2.743756598e-07,1.751140963e-06,8.68750258e-14,1.330379593e-14,1.400422825e-15,1.256774448e-16,1.200669751e-07,1.3261402e-13,1.59057325e-11,9.036312908e-10,1.207331875e-08,9.10250158e-08,3.441854249e-20,2.194100659e-21,8.222411684e-23,2.47554987e-24,8.541702335e-10,2.505324365e-20,2.797423741e-17,1.060523766e-14,3.606205545e-13,5.517389551e-12,7.055669438e-21,3.835839332e-22,1.22591734e-23,3.18647391e-25,3.35990965e-10,1.870062624e-21,2.476853643e-18,1.100312313e-15,3.880543384e-14,6.064386753e-13,6.855243683e-22,3.248873751e-23,9.051516986e-25,2.07273539e-26,1.062932348e-10,8.233618365e-23,1.313037983e-19,6.930668234e-17,2.504812057e-15,3.937355148e-14,3.670525207e-26,7.736972738e-28,8.522423726e-30,7.464620684e-32,5.889045597e-12,5.825738748e-28,4.963145392e-24,1.088161972e-20,6.977194335e-19,1.6525179e-17
32,0.02263089512,0.01093245727,0.004738896708,0.001989741589,0.01419056749,0.004248553509,0.01189980697,0.02760287159,0.0504618059,0.07991342628,0.03207552595,0.01549494228,0.006716600797,0.002820129698,0.01535029458,0.004248554533,0.01189980537,0.02760285826,0.05046176467,0.07991335272,0.0004281766398,0.0001457050697,4.449075276e-05,1.351853957e-05,0.0005222675873,2.93975819e-05,0.0001326545111,0.0004791310071,0.001207761179,0.002520955296,0.0003021001321,0.0001028022189,3.139044409e-05,9.538001183e-06,0.0004828098514,2.939757481e-05,0.000132654529,0.0004791312385,0.001207762166,0.002520957617,0.01056045559,0.004021390281,0.001374083709,0.0004631887705,0.004451565315,0.0004715996962,0.001362027623,0.003250595044,0.005819842575,0.009028541112,0.01543547115,0.005877783562,0.002008402194,0.0006770108652,0.004848864184,0.0004715998198,0.001362027424,0.003250593335,0.0058198374,0.009028532067,0.0002209535415,6.007346238e-05,1.46557402e-05,3.619890853e-06,0.0001773375427,3.581287166e-06,1.636052683e-05,5.977165506e-05,0.0001454295476,0.0002935612683,0.0001511693449,4.110032892e-05,1.00269826e-05,2.476611351e-06,0.0001628071285,3.581286226e-06,1.636052922e-05,5.977168648e-05,0.0001454296769,0.0002935615624,2.279290236e-07,2.824952598e-08,2.64995191e-09,2.328849477e-10,1.123952189e-05,3.933431876e-09,1.1601673e-07,1.991601996e-06,1.388400623e-05,6.451815287e-05,3.442027436e-10,2.697073515e-11,1.452694256e-12,7.023522727e-14,9.845212431e-07,7.032751948e-12,6.907106653e-10,3.25941683e-08,4.24911107e-07,3.250717827e-06,3.906605824e-10,4.858077657e-11,4.327534539e-12,3.453055729e-13,1.528390169e-06,4.925931972e-11,3.160852776e-09,1.051288951e-07,1.111841975e-06,7.178476126e-06,1.028183063e-10,1.443480587e-11,1.451652544e-12,1.295535726e-13,1.107594028e-06,2.835216464e-11,1.872534365e-09,6.397061242e-08,6.803545448e-07,4.390491414e-06,1.476336736e-11,2.415814487e-12,2.831737333e-13,2.911112928e-14,6.594506508e-07,1.083082986e-11,7.41873387e-10,2.621649735e-08,2.778779432e-07,1.772309549e-06,8.852335815e-14,1.358594819e-14,1.433260083e-15,1.288847177e-16,1.216111172e-07,1.366127548e-13,1.634420318e-11,9.263766281e-10,1.236285044e-08,9.311839464e-08,3.626378812e-20,2.317055798e-21,8.703188974e-23,2.625870243e-24,8.744694623e-10,2.662328705e-20,2.960078062e-17,1.117750446e-14,3.796555065e-13,5.80447808e-12,7.636842331e-21,4.158922777e-22,1.331454979e-23,3.466276628e-25,3.469353607e-10,2.029751037e-21,2.674502503e-18,1.182428697e-15,4.166265411e-14,6.508399237e-13,7.639234286e-22,3.62438834e-23,1.010876771e-24,2.317176582e-26,1.107795551e-10,9.143987207e-23,1.449275053e-19,7.606206272e-17,2.746929275e-15,4.317784725e-14,4.188859929e-26,8.840972861e-28,9.751097015e-30,8.550987661e-32,6.169136244e-12,6.624335295e-28,5.601281694e-24,1.219539852e-20,7.817507942e-19,1.85271135e-17
33,0.02263089485,0.01093245693,0.004738896468,0.001989741453,0.01419056685,0.004248553396,0.01189980684,0.02760287171,0.0504618068,0.07991342908,0.03207552557,0.01549494179,0.006716600457,0.002820129505,0.01535029389,0.00424855442,0.01189980524,0.02760285837,0.05046176557,0.07991335552,0.0004281766323,0.000145705063,4.449074945e-05,1.35185382e-05,0.0005222675505,2.939757996e-05,0.0001326545045,0.0004791309903,0.001207761152,0.002520955281,0.0003021001268,0.0001028022142,3.139044176e-05,9.538000221e-06,0.0004828098174,2.939757287e-05,0.0001326545223,0.0004791312217,0.001207762139,0.002520957602,0.01056045553,0.004021390218,0.001374083674,0.0004631887547,0.004451565248,0.0004715997113,0.001362027695,0.003250595277,0.005819843106,0.00902854218,0.01543547106,0.00587778347,0.002008402143,0.000677010842,0.004848864112,0.000471599835,0.001362027495,0.003250593569,0.005819837931,0.009028533136,0.000220953539,6.007346058e-05,1.46557395e-05,3.619890616e-06,0.0001773375357,3.581287145e-06,1.636052708e-05,5.97716571e-05,0.0001454295553,0.0002935612916,0.0001511693432,4.11003277e-05,1.002698212e-05,2.476611189e-06,0.000162807122,3.581286206e-06,1.636052947e-05,5.977168852e-05,0.0001454296846,0.0002935615857,2.279290128e-07,2.824952247e-08,2.649951377e-09,2.328848844e-10,1.123952019e-05,3.933431045e-09,1.160167095e-07,1.991601711e-06,1.38840046e-05,6.451814713e-05,3.442027189e-10,2.697073008e-11,1.452693814e-12,7.023519835e-14,9.845210342e-07,7.032749386e-12,6.907104425e-10,3.259415905e-08,4.249109969e-07,3.25071706e-06,3.913902268e-10,4.868219965e-11,4.337521491e-12,3.461726126e-13,1.530299911e-06,4.939104521e-11,3.168522067e-09,1.0535979e-07,1.114139416e-06,7.192515177e-06,1.033087781e-10,1.451473811e-11,1.460805563e-12,1.304623232e-13,1.111831705e-06,2.859513168e-11,1.887101799e-09,6.442137703e-08,6.848687062e-07,4.418081152e-06,1.488809843e-11,2.439760088e-12,2.863955355e-13,2.948177485e-14,6.641261797e-07,1.100483924e-11,7.526916334e-10,2.656272493e-08,2.81333566e-07,1.793183787e-06,9.016485197e-14,1.386730977e-14,1.466054578e-15,1.320925843e-16,1.231364576e-07,1.406297308e-13,1.678362538e-11,9.491213291e-10,1.265207653e-08,9.520785565e-08,3.816771355e-20,2.444145796e-21,9.201034732e-23,2.781792454e-24,8.947930401e-10,2.825435709e-20,3.128365622e-17,1.17673595e-14,3.99256739e-13,6.099944499e-12,8.252665254e-21,4.501750424e-22,1.443601073e-23,3.763991942e-25,3.579941292e-10,2.199288264e-21,2.883291466e-18,1.268771328e-15,4.466446818e-14,6.97475298e-13,8.494301843e-22,4.034325798e-23,1.126400521e-24,2.584502039e-26,1.153572247e-10,1.013329111e-22,1.596434433e-19,8.331831708e-17,3.006823162e-15,4.726154977e-14,4.767536327e-26,1.007480852e-27,1.112573704e-29,9.767619555e-32,6.456266336e-12,7.512327385e-28,6.305665594e-24,1.363573655e-20,8.738619671e-19,2.072312232e-17
34,0.02263089459,0.01093245659,0.004738896235,0.00198974132,0.01419056623,0.004248553286,0.01189980672,0.02760287181,0.05046180768,0.07991343181,0.0320755252,0.01549494132,0.006716600126,0.002820129317,0.01535029322,0.00424855431,0.01189980512,0.02760285848,0.05046176645,0.07991335824,0.000428176625,0.0001457050564,4.449074622e-05,1.351853688e-05,0.0005222675146,2.939757807e-05,0.0001326544981,0.0004791309739,0.001207761126,0.002520955267,0.0003021001217,0.0001028022096,3.139043948e-05,9.537999284e-06,0.0004828097842,2.939757098e-05,0.0001326545159,0.0004791312053,0.001207762113,0.002520957588,0.01056045547,0.004021390157,0.001374083641,0.0004631887392,0.004451565183,0.0004715997261,0.001362027765,0.003250595505,0.005819843624,0.009028543222,0.01543547097,0.005877783381,0.002008402094,0.0006770108194,0.004848864041,0.0004715998497,0.001362027565,0.003250593796,0.005819838449,0.009028534178,0.0002209535365,6.007345884e-05,1.465573881e-05,3.619890386e-06,0.0001773375288,3.581287125e-06,1.636052732e-05,5.97716591e-05,0.0001454295628,0.0002935613142,0.0001511693416,4.11003265e-05,1.002698165e-05,2.476611032e-06,0.0001628071157,3.581286186e-06,1.636052971e-05,5.977169052e-05,0.0001454296921,0.0002935616083,2.279290023e-07,2.824951905e-08,2.649950858e-09,2.328848226e-10,1.123951854e-05,3.933430235e-09,1.160166896e-07,1.991601433e-06,1.3884003e-05,6.451814154e-05,3.442026949e-10,2.697072514e-11,1.452693383e-12,7.023517016e-14,9.845208305e-07,7.032746888e-12,6.907102253e-10,3.259415003e-08,4.249108896e-07,3.250716311e-06,3.921025197e-10,4.87811845e-11,4.347266659e-12,3.470185767e-13,1.532160482e-06,4.951954938e-11,3.176002161e-09,1.055849439e-07,1.116379513e-06,7.206202856e-06,1.037880185e-10,1.459284044e-11,1.469750706e-12,1.313506848e-13,1.115961518e-06,2.883303603e-11,1.901355262e-09,6.486213054e-08,6.892810598e-07,4.445041074e-06,1.501034618e-11,2.463243879e-12,2.89557852e-13,2.984590201e-14,6.686950124e-07,1.117639474e-11,7.633424551e-10,2.690315611e-08,2.847289803e-07,1.813682592e-06,9.179245292e-14,1.414665284e-14,1.498660963e-15,1.352866283e-16,1.246369432e-07,1.44646438e-13,1.722200099e-11,9.717634703e-10,1.293971132e-08,9.72841745e-08,4.012220241e-20,2.574833895e-21,9.713869571e-23,2.942673e-24,9.15050424e-10,2.99398118e-20,3.30157314e-17,1.237222904e-14,4.193382863e-13,6.402490229e-12,8.901502219e-21,4.863446195e-22,1.562080907e-23,4.078920901e-25,3.691164938e-10,2.378241878e-21,3.102600755e-18,1.359054251e-15,4.780078085e-14,7.461873621e-13,9.42100817e-22,4.479002829e-23,1.251825778e-24,2.874979201e-26,1.200054195e-10,1.12016498e-22,1.754419489e-19,9.106590546e-17,3.284133468e-15,5.161902571e-14,5.409156432e-26,1.144424121e-27,1.265300458e-29,1.112061208e-31,6.749147821e-12,8.49299939e-28,7.078016851e-24,1.520460636e-20,9.741777089e-19,2.311644396e-17
35,0.02263089434,0.01093245627,0.004738896008,0.001989741191,0.01419056563,0.004248553178,0.0118998066,0.02760287192,0.05046180854,0.07991343446,0.03207552484,0.01549494086,0.006716599804,0.002820129134,0.01535029257,0.004248554202,0.011899805,0.02760285859,0.05046176731,0.07991336089,0.0004281766179,0.0001457050501,4.449074308e-05,1.351853559e-05,0.0005222674798,2.939757623e-05,0.0001326544918,0.000479130958,0.001207761101,0.002520955253,0.0003021001167,0.0001028022051,3.139043726e-05,9.537998374e-06,0.000482809752,2.939756915e-05,0.0001326545096,0.0004791311894,0.001207762088,0.002520957574,0.01056045541,0.004021390097,0.001374083608,0.0004631887242,0.004451565119,0.0004715997404,0.001362027833,0.003250595726,0.005819844126,0.009028544234,0.01543547088,0.005877783294,0.002008402046,0.0006770107975,0.004848863972,0.0004715998641,0.001362027633,0.003250594018,0.005819838951,0.009028535189,0.0002209535341,6.007345714e-05,1.465573814e-05,3.619890162e-06,0.0001773375222,3.581287106e-06,1.636052755e-05,5.977166104e-05,0.0001454295701,0.0002935613362,0.0001511693399,4.110032534e-05,1.002698119e-05,2.476610879e-06,0.0001628071096,3.581286167e-06,1.636052994e-05,5.977169246e-05,0.0001454296994,0.0002935616303,2.279289921e-07,2.824951573e-08,2.649950354e-09,2.328847627e-10,1.123951693e-05,3.933429448e-09,1.160166703e-07,1.991601163e-06,1.388400146e-05,6.45181361e-05,3.442026716e-10,2.697072034e-11,1.452692964e-12,7.023514278e-14,9.845206328e-07,7.032744462e-12,6.907100143e-10,3.259414127e-08,4.249107854e-07,3.250715585e-06,3.927949494e-10,4.887738398e-11,4.35673598e-12,3.47840513e-13,1.533965612e-06,4.964438487e-11,3.183267154e-09,1.058035809e-07,1.118554566e-06,7.219492187e-06,1.042542902e-10,1.466882897e-11,1.478455252e-12,1.322153816e-13,1.1199693e-06,2.906497078e-11,1.915241238e-09,6.529124168e-08,6.935754026e-07,4.471272817e-06,1.512963749e-11,2.486173559e-12,2.926480229e-13,3.020202622e-14,6.731403992e-07,1.134475775e-11,7.737809775e-10,2.723638663e-08,2.880503484e-07,1.833723286e-06,9.339873867e-14,1.442268107e-14,1.530925184e-15,1.384515088e-16,1.261063658e-07,1.486429147e-13,1.765719075e-11,9.941946399e-10,1.322439128e-08,9.933759151e-08,4.211747546e-20,2.708467974e-21,1.023914458e-22,3.107716104e-24,9.351447352e-10,3.167136665e-20,3.478831433e-17,1.298903671e-14,4.397978457e-13,6.710573578e-12,9.580867879e-21,5.242652137e-22,1.686459168e-23,4.409930923e-25,3.802464415e-10,2.565939061e-21,3.331533561e-18,1.452884452e-15,5.105782177e-14,7.967618349e-13,1.041836846e-21,4.957989411e-23,1.387043478e-24,3.188382092e-26,1.247003088e-10,1.234743116e-22,1.922884797e-19,9.92836202e-17,3.57808483e-15,5.623811917e-14,6.115180066e-26,1.29525868e-27,1.433682466e-29,1.261363103e-31,7.046278382e-12,9.567882649e-28,7.918695448e-24,1.690128491e-20,1.082650673e-18,2.570620217e-17
36,0.02263089409,0.01093245596,0.004738895788,0.001989741066,0.01419056504,0.004248553075,0.01189980648,0.02760287202,0.05046180936,0.07991343702,0.03207552449,0.01549494042,0.006716599493,0.002820128957,0.01535029194,0.004248554099,0.01189980488,0.02760285869,0.05046176813,0.07991336345,0.000428176611,0.000145705044,4.449074005e-05,1.351853434e-05,0.0005222674461,2.939757446e-05,0.0001326544857,0.0004791309426,0.001207761077,0.00252095524,0.0003021001118,0.0001028022008,3.139043512e-05,9.537997495e-06,0.0004828097209,2.939756737e-05,0.0001326545035,0.000479131174,0.001207762064,0.002520957561,0.01056045535,0.00402139004,0.001374083576,0.0004631887097,0.004451565058,0.0004715997543,0.001362027898,0.00325059594,0.005819844612,0.009028545212,0.0154354708,0.00587778321,0.002008401999,0.0006770107763,0.004848863905,0.0004715998779,0.001362027699,0.003250594231,0.005819839437,0.009028536167,0.0002209535318,6.00734555e-05,1.465573749e-05,3.619889946e-06,0.0001773375158,3.581287088e-06,1.636052777e-05,5.977166291e-05,0.0001454295771,0.0002935613575,0.0001511693384,4.110032422e-05,1.002698075e-05,2.476610731e-06,0.0001628071037,3.581286148e-06,1.636053017e-05,5.977169433e-05,0.0001454297064,0.0002935616515,2.279289823e-07,2.824951252e-08,2.649949866e-09,2.328847047e-10,1.123951537e-05,3.933428688e-09,1.160166516e-07,1.991600902e-06,1.388399996e-05,6.451813085e-05,3.44202649e-10,2.69707157e-11,1.45269256e-12,7.023511632e-14,9.845204416e-07,7.032742118e-12,6.907098104e-10,3.25941328e-08,4.249106846e-07,3.250714882e-06,3.934649976e-10,4.897045028e-11,4.365895347e-12,3.486354673e-13,1.535709055e-06,4.976510425e-11,3.190291158e-09,1.06014926e-07,1.120656884e-06,7.232336274e-06,1.047058487e-10,1.474241877e-11,1.486886355e-12,1.330531238e-13,1.123840956e-06,2.929002067e-11,1.928705828e-09,6.570707063e-08,6.977354627e-07,4.496677672e-06,1.524549331e-11,2.508455556e-12,2.956531905e-13,3.054863662e-14,6.77445545e-07,1.150916895e-11,7.839612393e-10,2.756098322e-08,2.912835733e-07,1.853221769e-06,9.497593612e-14,1.46940328e-14,1.562684864e-15,1.415710002e-16,1.275383758e-07,1.525977923e-13,1.808691944e-11,1.016300212e-09,1.350467859e-08,1.013578365e-07,4.414201264e-20,2.844274807e-21,1.077381653e-22,3.275965242e-24,9.54972953e-10,3.343899823e-20,3.659107753e-17,1.361418321e-14,4.605161464e-13,7.022400565e-12,1.028733016e-20,5.637471799e-22,1.816120598e-23,4.755402348e-25,3.913227548e-10,2.761438476e-21,3.568887329e-18,1.549752041e-15,5.441781529e-14,8.489225088e-13,1.148353236e-21,5.469952849e-23,1.531687839e-24,3.523885708e-26,1.29414999e-10,1.35669154e-22,2.101193516e-19,1.079367931e-16,3.887423777e-15,6.109916026e-14,6.885572705e-26,1.459995139e-27,1.617752025e-29,1.424713314e-31,7.345935283e-12,1.073625683e-27,8.826360162e-24,1.872175119e-20,1.199022986e-18,2.848647351e-17
37,0.02263089385,0.01093245566,0.004738895577,0.001989740946,0.01419056448,0.004248552975,0.01189980637,0.02760287212,0.05046181016,0.07991343948,0.03207552415,0.01549493999,0.006716599194,0.002820128788,0.01535029133,0.004248553999,0.01189980477,0.02760285879,0.05046176893,0.07991336592,0.0004281766044,0.0001457050381,4.449073713e-05,1.351853314e-05,0.0005222674137,2.939757275e-05,0.0001326544799,0.0004791309278,0.001207761053,0.002520955227,0.0003021001072,0.0001028021966,3.139043306e-05,9.537996649e-06,0.0004828096909,2.939756566e-05,0.0001326544977,0.0004791311593,0.00120776204,0.002520957548,0.0105604553,0.004021389984,0.001374083545,0.0004631886958,0.004451564999,0.0004715997676,0.001362027962,0.003250596146,0.00581984508,0.009028546153,0.01543547072,0.005877783129,0.002008401954,0.0006770107559,0.004848863841,0.0004715998913,0.001362027762,0.003250594437,0.005819839905,0.009028537108,0.0002209535296,6.007345393e-05,1.465573687e-05,3.619889737e-06,0.0001773375096,3.58128707e-06,1.636052799e-05,5.977166471e-05,0.0001454295839,0.0002935613779,0.0001511693368,4.110032314e-05,1.002698032e-05,2.476610588e-06,0.000162807098,3.58128613e-06,1.636053038e-05,5.977169613e-05,0.0001454297132,0.000293561672,2.279289728e-07,2.824950944e-08,2.649949397e-09,2.32884649e-10,1.123951387e-05,3.933427957e-09,1.160166337e-07,1.99160065e-06,1.388399853e-05,6.45181258e-05,3.442026273e-10,2.697071124e-11,1.452692171e-12,7.023509087e-14,9.845202578e-07,7.032739862e-12,6.907096143e-10,3.259412466e-08,4.249105877e-07,3.250714207e-06,3.941101398e-10,4.906003513e-11,4.374710628e-12,3.494004838e-13,1.53738459e-06,4.988126023e-11,3.197048302e-09,1.06218205e-07,1.122678789e-06,7.244688301e-06,1.051409439e-10,1.481332412e-11,1.495011075e-12,1.338606111e-13,1.127562458e-06,2.950726347e-11,1.941694819e-09,6.610797095e-08,7.017449165e-07,4.521156687e-06,1.535742944e-11,2.529995203e-12,2.985603266e-13,3.088419961e-14,6.815936281e-07,1.166885043e-11,7.938363131e-10,2.787548704e-08,2.944143301e-07,1.872092697e-06,9.651594361e-14,1.495928514e-14,1.593769818e-15,1.446280448e-16,1.289264974e-07,1.564883622e-13,1.850878311e-11,1.037959715e-09,1.377906568e-08,1.03334161e-07,4.618250341e-20,2.981356292e-21,1.131433118e-22,3.446297277e-24,9.744262046e-10,3.523087611e-20,3.841200826e-17,1.424353464e-14,4.813566035e-13,7.335919979e-12,1.101642442e-20,6.045420065e-22,1.950252775e-23,5.113180658e-25,4.022791291e-10,2.963505411e-21,3.813129126e-18,1.649022103e-15,5.785870787e-14,9.023270567e-13,1.261146785e-21,6.012502913e-23,1.68509178e-24,3.879960788e-26,1.341195291e-10,1.485396684e-22,2.288376558e-19,1.169756136e-16,4.210359789e-15,6.617403688e-14,7.718432928e-26,1.638242175e-27,1.817089298e-29,1.601753803e-31,7.646172918e-12,1.199462945e-27,9.797619154e-24,2.06580816e-20,1.322787668e-18,3.144534885e-17
38,0.02263089362,0.01093245537,0.004738895375,0.001989740832,0.01419056395,0.00424855288,0.01189980626,0.02760287222,0.05046181092,0.07991344184,0.03207552383,0.01549493959,0.006716598908,0.002820128625,0.01535029075,0.004248553904,0.01189980466,0.02760285888,0.05046176969,0.07991336827,0.0004281765981,0.0001457050324,4.449073434e-05,1.351853199e-05,0.0005222673828,2.939757112e-05,0.0001326544743,0.0004791309137,0.001207761031,0.002520955215,0.0003021001027,0.0001028021926,3.13904311e-05,9.537995839e-06,0.0004828096623,2.939756403e-05,0.0001326544921,0.0004791311451,0.001207762018,0.002520957535,0.01056045525,0.004021389932,0.001374083516,0.0004631886824,0.004451564943,0.0004715997803,0.001362028022,0.003250596342,0.005819845527,0.009028547053,0.01543547064,0.005877783052,0.002008401912,0.0006770107364,0.00484886378,0.000471599904,0.001362027823,0.003250594634,0.005819840352,0.009028538008,0.0002209535275,6.007345242e-05,1.465573627e-05,3.619889538e-06,0.0001773375037,3.581287052e-06,1.63605282e-05,5.977166643e-05,0.0001454295903,0.0002935613974,0.0001511693354,4.110032211e-05,1.002697991e-05,2.476610452e-06,0.0001628070926,3.581286113e-06,1.636053059e-05,5.977169785e-05,0.0001454297196,0.0002935616915,2.279289637e-07,2.824950648e-08,2.649948949e-09,2.328845956e-10,1.123951244e-05,3.933427258e-09,1.160166165e-07,1.99160041e-06,1.388399715e-05,6.451812097e-05,3.442026066e-10,2.697070697e-11,1.452691798e-12,7.023506652e-14,9.845200819e-07,7.032737705e-12,6.907094267e-10,3.259411687e-08,4.24910495e-07,3.25071356e-06,3.947278471e-10,4.914578985e-11,4.383147674e-12,3.501326068e-13,1.538986017e-06,4.999240571e-11,3.203512746e-09,1.064126451e-07,1.124612617e-06,7.256501543e-06,1.055578216e-10,1.488125879e-11,1.502796413e-12,1.346345361e-13,1.131119851e-06,2.971577139e-11,1.954153765e-09,6.64922914e-08,7.055874056e-07,4.544610755e-06,1.546495735e-11,2.550696918e-12,3.013562606e-13,3.12071625e-14,6.855678165e-07,1.182300805e-11,8.033584367e-10,2.817841742e-08,2.974281012e-07,1.890249679e-06,9.801035833e-14,1.521695902e-14,1.624002687e-15,1.476048186e-16,1.302641452e-07,1.602906664e-13,1.892025858e-11,1.059047291e-09,1.404598092e-08,1.052553782e-07,4.822383216e-20,3.118688136e-21,1.185661655e-22,3.617419872e-24,9.933901532e-10,3.703333019e-20,4.02373922e-17,1.48724215e-14,5.021653119e-13,7.648823501e-12,1.176258534e-20,6.463383032e-22,2.087832231e-23,5.480537685e-25,4.130443843e-10,3.170591976e-21,4.062376939e-18,1.749928863e-15,6.135397479e-14,9.565640671e-13,1.379466598e-21,6.582046902e-23,1.846245091e-24,4.254274895e-26,1.387809253e-10,1.619973249e-22,2.483096068e-19,1.263336664e-16,4.54451418e-15,7.142538954e-14,8.609617723e-26,1.82912497e-27,2.030729551e-29,1.79163915e-31,7.944824751e-12,1.333622016e-27,1.08266913e-23,2.269787677e-20,1.453152072e-18,3.456404091e-17
39,0.02263089341,0.0109324551,0.004738895183,0.001989740723,0.01419056344,0.004248552789,0.01189980616,0.02760287231,0.05046181164,0.07991344408,0.03207552353,0.0154949392,0.006716598636,0.002820128471,0.0153502902,0.004248553813,0.01189980456,0.02760285897,0.05046177041,0.07991337051,0.0004281765921,0.0001457050271,4.449073169e-05,1.35185309e-05,0.0005222673533,2.939756956e-05,0.000132654469,0.0004791309002,0.00120776101,0.002520955203,0.0003021000985,0.0001028021889,3.139042922e-05,9.53799507e-06,0.0004828096351,2.939756248e-05,0.0001326544868,0.0004791311317,0.001207761996,0.002520957524,0.01056045519,0.004021389881,0.001374083488,0.0004631886697,0.004451564889,0.0004715997925,0.001362028079,0.00325059653,0.005819845952,0.009028547908,0.01543547057,0.005877782978,0.002008401871,0.0006770107178,0.004848863721,0.0004715999161,0.00136202788,0.003250594821,0.005819840777,0.009028538863,0.0002209535255,6.007345099e-05,1.46557357e-05,3.619889349e-06,0.000177337498,3.581287036e-06,1.636052839e-05,5.977166807e-05,0.0001454295965,0.000293561416,0.000151169334,4.110032113e-05,1.002697952e-05,2.476610323e-06,0.0001628070875,3.581286097e-06,1.636053079e-05,5.977169949e-05,0.0001454297258,0.0002935617101,2.279289551e-07,2.824950368e-08,2.649948523e-09,2.328845449e-10,1.123951108e-05,3.933426593e-09,1.160166001e-07,1.991600182e-06,1.388399584e-05,6.451811638e-05,3.442025868e-10,2.697070291e-11,1.452691444e-12,7.023504338e-14,9.845199147e-07,7.032735655e-12,6.907092484e-10,3.259410947e-08,4.249104069e-07,3.250712946e-06,3.95315587e-10,4.922736554e-11,4.391172328e-12,3.508288806e-13,1.54050716e-06,5.009809395e-11,3.209658678e-09,1.065974748e-07,1.126450715e-06,7.267729363e-06,1.059547246e-10,1.494593622e-11,1.510209341e-12,1.353715882e-13,1.134499249e-06,2.991461251e-11,1.966028049e-09,6.685837781e-08,7.092465527e-07,4.566940706e-06,1.556758509e-11,2.570464395e-12,3.040277093e-13,3.151595748e-14,6.893512845e-07,1.197083401e-11,8.124791538e-10,2.84682758e-08,3.003102117e-07,1.907605479e-06,9.945050897e-14,1.546552526e-14,1.6531997e-15,1.50482812e-16,1.315446419e-07,1.639796114e-13,1.931871509e-11,1.079432259e-09,1.430379545e-08,1.071099105e-07,5.024910503e-20,3.255121443e-21,1.239608822e-22,3.787872833e-24,1.011745492e-09,3.88308609e-20,4.205183653e-17,1.54956499e-14,5.227714391e-13,7.958551725e-12,1.251910319e-20,6.887591793e-22,2.227615228e-23,5.854145462e-25,4.235427793e-10,3.380824277e-21,4.31438888e-18,1.851572851e-15,6.487252969e-14,1.011151665e-12,1.502288843e-21,7.173665307e-23,2.013758453e-24,4.643607092e-26,1.433633234e-10,1.759239043e-22,2.683616115e-19,1.359268092e-16,4.886881121e-15,7.680599662e-14,9.552389857e-26,2.031208319e-27,2.257075544e-29,1.992957388e-31,8.239510255e-12,1.475048403e-27,1.190510174e-23,2.482376133e-20,1.58900596e-18,3.781610179e-17
40,0.02263089321,0.01093245484,0.004738895002,0.00198974062,0.01419056296,0.004248552703,0.01189980606,0.02760287239,0.05046181232,0.07991344619,0.03207552324,0.01549493883,0.006716598379,0.002820128325,0.01535028968,0.004248553727,0.01189980446,0.02760285906,0.05046177109,0.07991337262,0.0004281765864,0.000145705022,4.449072918e-05,1.351852987e-05,0.0005222673255,2.93975681e-05,0.000132654464,0.0004791308875,0.001207760989,0.002520955192,0.0003021000945,0.0001028021853,3.139042746e-05,9.537994344e-06,0.0004828096094,2.939756101e-05,0.0001326544818,0.000479131119,0.001207761976,0.002520957513,0.01056045515,0.004021389834,0.001374083462,0.0004631886578,0.004451564839,0.0004715998039,0.001362028134,0.003250596706,0.005819846353,0.009028548715,0.0154354705,0.005877782909,0.002008401833,0.0006770107003,0.004848863666,0.0004715999276,0.001362027935,0.003250594997,0.005819841178,0.00902853967,0.0002209535236,6.007344963e-05,1.465573517e-05,3.619889171e-06,0.0001773374927,3.581287021e-06,1.636052858e-05,5.977166962e-05,0.0001454296023,0.0002935614336,0.0001511693327,4.11003202e-05,1.002697916e-05,2.4766102e-06,0.0001628070826,3.581286081e-06,1.636053097e-05,5.977170104e-05,0.0001454297316,0.0002935617277,2.279289469e-07,2.824950103e-08,2.64994812e-09,2.328844971e-10,1.12395098e-05,3.933425965e-09,1.160165847e-07,1.991599966e-06,1.388399461e-05,6.451811204e-05,3.442025682e-10,2.697069908e-11,1.452691111e-12,7.023502153e-14,9.845197569e-07,7.032733719e-12,6.907090801e-10,3.259410248e-08,4.249103237e-07,3.250712366e-06,3.958708244e-10,4.930441317e-11,4.398750437e-12,3.514863512e-13,1.541941859e-06,5.019787858e-11,3.215460318e-09,1.067719235e-07,1.128185446e-06,7.278325207e-06,1.063298947e-10,1.50070698e-11,1.51721683e-12,1.360684566e-13,1.137686835e-06,3.010285223e-11,1.977262962e-09,6.720457484e-08,7.127059774e-07,4.588047385e-06,1.566481812e-11,2.589200802e-12,3.065613071e-13,3.180900551e-14,6.929272263e-07,1.211150963e-11,8.211494643e-10,2.874354986e-08,3.030458677e-07,1.924072228e-06,1.008274937e-13,1.570341165e-14,1.681171569e-15,1.532429233e-16,1.327612375e-07,1.675291075e-13,1.970142822e-11,1.098979773e-09,1.455083121e-08,1.088858452e-07,5.22397244e-20,3.389387655e-21,1.29276685e-22,3.956034017e-24,1.029368546e-09,4.060619935e-20,4.383833844e-17,1.610752689e-14,5.42988068e-13,8.262306841e-12,1.327811148e-20,7.313614199e-22,2.368134588e-23,6.230066564e-25,4.336944357e-10,3.591998569e-21,4.566562355e-18,1.952921765e-15,6.837875997e-14,1.065538078e-12,1.628298261e-21,7.781020296e-23,2.185836806e-24,5.043784466e-26,1.478281645e-10,1.901697387e-22,2.887783813e-19,1.456525246e-16,5.233805453e-15,8.225842362e-14,1.053711715e-25,2.242430884e-27,2.493822417e-29,2.203661975e-31,8.527647456e-12,1.622271548e-27,1.302143936e-23,2.701300412e-20,1.728897272e-18,4.116682468e-17
41,0.02263089302,0.0109324546,0.004738894833,0.001989740523,0.01419056251,0.004248552623,0.01189980597,0.02760287247,0.05046181296,0.07991344817,0.03207552297,0.01549493849,0.006716598139,0.002820128188,0.01535028919,0.004248553647,0.01189980437,0.02760285914,0.05046177173,0.0799133746,0.0004281765811,0.0001457050173,4.449072684e-05,1.351852891e-05,0.0005222672995,2.939756673e-05,0.0001326544593,0.0004791308756,0.001207760971,0.002520955181,0.0003021000907,0.0001028021819,3.13904258e-05,9.537993664e-06,0.0004828095853,2.939755964e-05,0.0001326544771,0.0004791311071,0.001207761957,0.002520957502,0.0105604551,0.004021389789,0.001374083437,0.0004631886465,0.004451564792,0.0004715998146,0.001362028185,0.003250596871,0.005819846728,0.009028549471,0.01543547043,0.005877782844,0.002008401797,0.0006770106839,0.004848863615,0.0004715999383,0.001362027985,0.003250595163,0.005819841553,0.009028540426,0.0002209535218,6.007344837e-05,1.465573467e-05,3.619889003e-06,0.0001773374878,3.581287006e-06,1.636052875e-05,5.977167107e-05,0.0001454296077,0.00029356145,0.0001511693315,4.110031934e-05,1.002697882e-05,2.476610086e-06,0.000162807078,3.581286067e-06,1.636053115e-05,5.977170248e-05,0.000145429737,0.0002935617441,2.279289393e-07,2.824949855e-08,2.649947744e-09,2.328844523e-10,1.12395086e-05,3.933425378e-09,1.160165703e-07,1.991599765e-06,1.388399346e-05,6.451810798e-05,3.442025508e-10,2.69706955e-11,1.452690798e-12,7.023500108e-14,9.845196092e-07,7.032731907e-12,6.907089225e-10,3.259409594e-08,4.249102459e-07,3.250711823e-06,3.963910233e-10,4.937658372e-11,4.405847863e-12,3.521020661e-13,1.543283972e-06,5.029131372e-11,3.220891921e-09,1.069352219e-07,1.129809184e-06,7.288242603e-06,1.066815733e-10,1.506437308e-11,1.523785877e-12,1.367218333e-13,1.140668851e-06,3.027955469e-11,1.987803767e-09,6.752922762e-08,7.159493104e-07,4.607831736e-06,1.575616031e-11,2.606808977e-12,3.089436372e-13,3.208472053e-14,6.962788692e-07,1.224420833e-11,8.293199832e-10,2.900271788e-08,3.056201961e-07,1.939561642e-06,1.021322237e-13,1.592901096e-14,1.707724514e-15,1.558655676e-16,1.339071299e-07,1.709122327e-13,2.006559616e-11,1.117551579e-09,1.478537e-08,1.105709973e-07,5.417551659e-20,3.520107261e-21,1.344582115e-22,4.120130373e-24,1.046131982e-09,4.234042383e-20,4.557840408e-17,1.670190118e-14,5.626135367e-13,8.557072679e-12,1.403061298e-20,7.736368643e-22,2.50770395e-23,6.603764728e-25,4.434158761e-10,3.801588382e-21,4.81594515e-18,2.052815696e-15,7.183271087e-14,1.119104497e-12,1.75587915e-21,8.396310217e-23,2.360265877e-24,5.449649525e-26,1.521344715e-10,2.045529837e-22,3.093024242e-19,1.553898832e-16,5.58098208e-15,8.771501169e-14,1.155105814e-25,2.4600581e-27,2.73790364e-29,2.421022615e-31,8.806471578e-12,1.773377994e-27,1.416120704e-23,2.923731114e-20,1.871018905e-18,4.457291094e-17
42,0.02263089284,0.01093245437,0.004738894676,0.001989740434,0.01419056209,0.004248552549,0.01189980589,0.02760287255,0.05046181355,0.07991345,0.03207552272,0.01549493817,0.006716597916,0.002820128062,0.01535028874,0.004248553573,0.01189980429,0.02760285921,0.05046177232,0.07991337644,0.0004281765762,0.0001457050129,4.449072467e-05,1.351852802e-05,0.0005222672754,2.939756545e-05,0.000132654455,0.0004791308646,0.001207760953,0.002520955172,0.0003021000873,0.0001028021788,3.139042427e-05,9.537993034e-06,0.000482809563,2.939755837e-05,0.0001326544728,0.0004791310961,0.00120776194,0.002520957493,0.01056045506,0.004021389748,0.001374083415,0.0004631886362,0.004451564748,0.0004715998245,0.001362028232,0.003250597024,0.005819847076,0.009028550172,0.01543547037,0.005877782784,0.002008401763,0.0006770106687,0.004848863567,0.0004715999482,0.001362028032,0.003250595316,0.005819841902,0.009028541127,0.0002209535202,6.007344719e-05,1.465573421e-05,3.619888848e-06,0.0001773374832,3.581286993e-06,1.636052891e-05,5.977167241e-05,0.0001454296128,0.0002935614652,0.0001511693304,4.110031853e-05,1.00269785e-05,2.47660998e-06,0.0001628070738,3.581286054e-06,1.636053131e-05,5.977170383e-05,0.0001454297421,0.0002935617593,2.279289322e-07,2.824949625e-08,2.649947394e-09,2.328844108e-10,1.123950748e-05,3.933424833e-09,1.160165569e-07,1.991599578e-06,1.388399239e-05,6.451810422e-05,3.442025346e-10,2.697069217e-11,1.452690508e-12,7.023498212e-14,9.845194722e-07,7.032730227e-12,6.907087764e-10,3.259408987e-08,4.249101737e-07,3.25071132e-06,3.968736474e-10,4.944352828e-11,4.412430486e-12,3.526730753e-13,1.544527369e-06,5.037795402e-11,3.225927777e-09,1.070866021e-07,1.131314316e-06,7.297435153e-06,1.070080034e-10,1.511755997e-11,1.52988353e-12,1.373284159e-13,1.143431596e-06,3.044378422e-11,1.99759577e-09,6.783068345e-08,7.18960207e-07,4.626194868e-06,1.584111482e-11,2.623191638e-12,3.111612641e-13,3.234151367e-14,6.993894843e-07,1.236809871e-11,8.36941107e-10,2.924425328e-08,3.080182848e-07,1.95398525e-06,1.033554718e-13,1.61406901e-14,1.732661411e-15,1.583307982e-16,1.349754861e-07,1.741014221e-13,2.04083582e-11,1.135006872e-09,1.500566389e-08,1.12152981e-07,5.603491752e-20,3.645802589e-21,1.394460313e-22,4.278254606e-24,1.061905635e-09,4.401313808e-20,4.725222261e-17,1.72722205e-14,5.814333111e-13,8.839642629e-12,1.476655042e-20,8.15016359e-22,2.64443074e-23,6.970139338e-25,4.526206802e-10,4.006764451e-21,5.059260267e-18,2.149977317e-15,7.519043791e-14,1.171170537e-12,1.883118524e-21,9.010283515e-23,2.534415728e-24,5.855067593e-26,1.562392083e-10,2.188601973e-22,3.296352457e-19,1.650002482e-16,5.923481559e-15,9.309827842e-14,1.257827137e-25,2.680661855e-27,2.985467237e-29,2.641603271e-31,9.073060186e-12,1.926002342e-27,1.530679679e-23,3.146284439e-20,2.013209917e-18,4.798248582e-17
43,0.02263089268,0.01093245417,0.004738894532,0.001989740352,0.01419056171,0.004248552481,0.01189980581,0.02760287261,0.0504618141,0.07991345169,0.03207552249,0.01549493788,0.006716597712,0.002820127946,0.01535028832,0.004248553505,0.01189980421,0.02760285928,0.05046177286,0.07991337812,0.0004281765717,0.0001457050088,4.449072268e-05,1.35185272e-05,0.0005222672533,2.939756429e-05,0.000132654451,0.0004791308545,0.001207760937,0.002520955163,0.0003021000841,0.000102802176,3.139042287e-05,9.537992456e-06,0.0004828095426,2.93975572e-05,0.0001326544688,0.000479131086,0.001207761924,0.002520957484,0.01056045502,0.00402138971,0.001374083394,0.0004631886266,0.004451564708,0.0004715998336,0.001362028275,0.003250597165,0.005819847395,0.009028550814,0.01543547032,0.005877782728,0.002008401733,0.0006770106548,0.004848863523,0.0004715999573,0.001362028076,0.003250595456,0.005819842221,0.009028541769,0.0002209535187,6.007344612e-05,1.465573378e-05,3.619888706e-06,0.000177337479,3.581286981e-06,1.636052906e-05,5.977167364e-05,0.0001454296174,0.0002935614792,0.0001511693294,4.11003178e-05,1.002697821e-05,2.476609883e-06,0.0001628070699,3.581286041e-06,1.636053145e-05,5.977170506e-05,0.0001454297467,0.0002935617733,2.279289258e-07,2.824949414e-08,2.649947074e-09,2.328843727e-10,1.123950646e-05,3.933424334e-09,1.160165446e-07,1.991599406e-06,1.38839914e-05,6.451810077e-05,3.442025198e-10,2.697068913e-11,1.452690242e-12,7.023496475e-14,9.845193467e-07,7.032728688e-12,6.907086426e-10,3.259408431e-08,4.249101076e-07,3.250710859e-06,3.973161615e-10,4.950489816e-11,4.418464216e-12,3.531964319e-13,1.54566593e-06,5.045735469e-11,3.230542208e-09,1.072252969e-07,1.132693237e-06,7.305856519e-06,1.073074305e-10,1.51663449e-11,1.535476913e-12,1.378849105e-13,1.145961412e-06,3.059460673e-11,2.006584387e-09,6.810729325e-08,7.217223605e-07,4.643038121e-06,1.591918515e-11,2.638251593e-12,3.132007653e-13,3.257779754e-14,7.022423962e-07,1.24823479e-11,8.439631887e-10,2.946662929e-08,3.102252258e-07,1.967254627e-06,1.044879263e-13,1.63368001e-14,1.755783075e-15,1.606184428e-16,1.359594652e-07,1.77068681e-13,2.07268155e-11,1.151203249e-09,1.520994652e-08,1.136192879e-07,5.779521943e-20,3.764914936e-21,1.441773427e-22,4.428387786e-24,1.076557437e-09,4.560271523e-20,4.883889804e-17,1.781160642e-14,5.992224167e-13,9.106655823e-12,1.547492734e-20,8.548766019e-22,2.776238931e-23,7.323586764e-25,4.612202604e-10,4.204428991e-21,5.292945957e-18,2.243027505e-15,7.840454381e-14,1.221002537e-12,2.007824024e-21,9.612324611e-23,2.705264966e-24,6.25298279e-26,1.600977279e-10,2.32848479e-22,3.49440559e-19,1.743288411e-16,6.255805981e-15,9.832179505e-14,1.359968547e-25,2.900135038e-27,3.231891534e-29,2.861275694e-31,9.324365069e-12,2.077340934e-27,1.643762069e-23,3.365051713e-20,2.152974362e-18,5.133554186e-17
44,0.02263089253,0.01093245398,0.004738894401,0.001989740278,0.01419056136,0.004248552419,0.01189980574,0.02760287267,0.05046181459,0.0799134532,0.03207552228,0.01549493762,0.006716597527,0.002820127841,0.01535028795,0.004248553443,0.01189980414,0.02760285934,0.05046177335,0.07991337964,0.0004281765676,0.0001457050052,4.449072088e-05,1.351852646e-05,0.0005222672333,2.939756324e-05,0.0001326544474,0.0004791308454,0.001207760923,0.002520955155,0.0003021000812,0.0001028021734,3.13904216e-05,9.537991935e-06,0.0004828095241,2.939755615e-05,0.0001326544652,0.0004791310768,0.00120776191,0.002520957476,0.01056045499,0.004021389676,0.001374083375,0.000463188618,0.004451564671,0.0004715998418,0.001362028314,0.003250597292,0.005819847684,0.009028551393,0.01543547027,0.005877782679,0.002008401705,0.0006770106422,0.004848863484,0.0004715999655,0.001362028115,0.003250595583,0.005819842509,0.009028542349,0.0002209535173,6.007344514e-05,1.46557334e-05,3.619888578e-06,0.0001773374751,3.58128697e-06,1.636052919e-05,5.977167475e-05,0.0001454296215,0.0002935614918,0.0001511693284,4.110031713e-05,1.002697795e-05,2.476609795e-06,0.0001628070664,3.58128603e-06,1.636053159e-05,5.977170617e-05,0.0001454297509,0.0002935617859,2.279289199e-07,2.824949224e-08,2.649946785e-09,2.328843384e-10,1.123950554e-05,3.933423883e-09,1.160165336e-07,1.991599252e-06,1.388399052e-05,6.451809766e-05,3.442025065e-10,2.697068638e-11,1.452690003e-12,7.023494906e-14,9.845192334e-07,7.032727298e-12,6.907085217e-10,3.25940793e-08,4.249100478e-07,3.250710442e-06,3.97716033e-10,4.956034503e-11,4.423914998e-12,3.53669192e-13,1.546693539e-06,5.052907147e-11,3.234709568e-09,1.073505402e-07,1.133938353e-06,7.313460415e-06,1.075781038e-10,1.521044308e-11,1.540533248e-12,1.38388034e-13,1.148244675e-06,3.073109117e-11,2.014715204e-09,6.835741307e-08,7.242195132e-07,4.658263127e-06,1.598987608e-11,2.651891951e-12,3.150487656e-13,3.279199065e-14,7.048209907e-07,1.258612502e-11,8.503367197e-10,2.966832387e-08,3.122261582e-07,1.97928163e-06,1.055202506e-13,1.651568714e-14,1.776889655e-15,1.62708252e-16,1.368522419e-07,1.797858233e-13,2.101805401e-11,1.165997757e-09,1.539644572e-08,1.14957373e-07,5.943288033e-20,3.875826129e-21,1.485868554e-22,4.568428103e-24,1.089954461e-09,4.708660939e-20,5.031674045e-17,1.831294689e-14,6.157484369e-13,9.354641689e-12,1.614398292e-20,8.925501e-22,2.900902377e-23,7.658090711e-25,4.691247547e-10,4.391265383e-21,5.513211965e-18,2.330506706e-15,8.142490986e-14,1.267824868e-12,2.127558681e-21,1.019062217e-22,2.8694486e-24,6.635529759e-26,1.636643052e-10,2.462493756e-22,3.683497391e-19,1.832072556e-16,6.571978243e-15,1.032915896e-13,1.459336353e-25,3.113748274e-27,3.471848766e-29,3.075276047e-31,9.557250932e-12,2.224192605e-27,1.753042451e-23,3.575660772e-20,2.287520458e-18,5.456487673e-17
45,0.0226308924,0.01093245382,0.004738894286,0.001989740213,0.01419056105,0.004248552365,0.01189980568,0.02760287273,0.05046181502,0.07991345455,0.0320755221,0.01549493739,0.006716597364,0.002820127748,0.01535028762,0.004248553389,0.01189980408,0.0276028594,0.05046177379,0.07991338098,0.000428176564,0.000145705002,4.449071929e-05,1.35185258e-05,0.0005222672156,2.93975623e-05,0.0001326544442,0.0004791308373,0.00120776091,0.002520955148,0.0003021000787,0.0001028021712,3.139042047e-05,9.537991473e-06,0.0004828095077,2.939755522e-05,0.000132654462,0.0004791310688,0.001207761897,0.002520957469,0.01056045496,0.004021389646,0.001374083358,0.0004631886104,0.004451564639,0.0004715998491,0.001362028348,0.003250597404,0.005819847939,0.009028551907,0.01543547022,0.005877782634,0.002008401681,0.0006770106311,0.004848863449,0.0004715999728,0.001362028149,0.003250595695,0.005819842764,0.009028542863,0.0002209535161,6.007344428e-05,1.465573306e-05,3.619888464e-06,0.0001773374718,3.58128696e-06,1.636052931e-05,5.977167573e-05,0.0001454296252,0.0002935615029,0.0001511693276,4.110031654e-05,1.002697771e-05,2.476609717e-06,0.0001628070633,3.581286021e-06,1.636053171e-05,5.977170715e-05,0.0001454297546,0.000293561797,2.279289147e-07,2.824949055e-08,2.649946529e-09,2.328843079e-10,1.123950472e-05,3.933423484e-09,1.160165237e-07,1.991599114e-06,1.388398973e-05,6.45180949e-05,3.442024946e-10,2.697068394e-11,1.45268979e-12,7.023493515e-14,9.845191329e-07,7.032726066e-12,6.907084145e-10,3.259407485e-08,4.249099949e-07,3.250710073e-06,3.980707325e-10,4.9609521e-11,4.428748822e-12,3.540884157e-13,1.547604082e-06,5.059266071e-11,3.238404238e-09,1.074615664e-07,1.135042076e-06,7.320200592e-06,1.078182778e-10,1.524957061e-11,1.545019873e-12,1.388345163e-13,1.150267784e-06,3.085231093e-11,2.021934051e-09,6.857940552e-08,7.264354685e-07,4.671771864e-06,1.605269478e-11,2.664016344e-12,3.166919701e-13,3.298252193e-14,7.071087216e-07,1.267860479e-11,8.560125189e-10,2.984782468e-08,3.140063133e-07,1.98997865e-06,1.064431473e-13,1.66757045e-14,1.795782159e-15,1.645800612e-16,1.376470314e-07,1.822247318e-13,2.127916949e-11,1.179248026e-09,1.556339697e-08,1.16154748e-07,6.09238954e-20,3.976884499e-21,1.526078554e-22,4.696225682e-24,1.101964067e-09,4.844173441e-20,5.16636157e-17,1.876900621e-14,6.307750695e-13,9.580072748e-12,1.676142231e-20,9.273383383e-22,3.016089043e-23,7.967342546e-25,4.762440335e-10,4.563803746e-21,5.716112315e-18,2.410902127e-15,8.419962454e-14,1.310834281e-12,2.239693934e-21,1.073242665e-22,3.023331589e-24,6.994205894e-26,1.66892757e-10,2.587746835e-22,3.859696615e-19,1.914569721e-16,6.865666459e-15,1.079081031e-13,1.55349872e-25,3.316254402e-27,3.699422894e-29,3.278310335e-31,9.768540746e-12,2.363029739e-27,1.855980266e-23,3.773372101e-20,2.413821947e-18,5.759757102e-17
46,0.02263089229,0.01093245368,0.004738894186,0.001989740156,0.01419056079,0.004248552318,0.01189980563,0.02760287277,0.0504618154,0.07991345571,0.03207552194,0.01549493718,0.006716597222,0.002820127668,0.01535028733,0.004248553342,0.01189980403,0.02760285944,0.05046177416,0.07991338215,0.0004281765609,0.0001457049992,4.449071791e-05,1.351852524e-05,0.0005222672003,2.93975615e-05,0.0001326544414,0.0004791308303,0.001207760899,0.002520955142,0.0003021000765,0.0001028021692,3.13904195e-05,9.537991073e-06,0.0004828094936,2.939755441e-05,0.0001326544593,0.0004791310618,0.001207761886,0.002520957463,0.01056045493,0.00402138962,0.001374083344,0.0004631886038,0.004451564611,0.0004715998554,0.001362028378,0.003250597501,0.00581984816,0.009028552352,0.01543547019,0.005877782596,0.00200840166,0.0006770106214,0.004848863418,0.0004715999791,0.001362028179,0.003250595793,0.005819842985,0.009028543307,0.0002209535151,6.007344354e-05,1.465573276e-05,3.619888366e-06,0.0001773374688,3.581286951e-06,1.636052942e-05,5.977167658e-05,0.0001454296284,0.0002935615126,0.0001511693269,4.110031603e-05,1.002697751e-05,2.47660965e-06,0.0001628070606,3.581286012e-06,1.636053181e-05,5.9771708e-05,0.0001454297577,0.0002935618067,2.279289102e-07,2.824948909e-08,2.649946307e-09,2.328842816e-10,1.123950401e-05,3.933423138e-09,1.160165152e-07,1.991598996e-06,1.388398905e-05,6.451809251e-05,3.442024843e-10,2.697068183e-11,1.452689606e-12,7.023492312e-14,9.84519046e-07,7.032724999e-12,6.907083218e-10,3.2594071e-08,4.249099491e-07,3.250709754e-06,3.983777357e-10,4.965207874e-11,4.432931724e-12,3.54451167e-13,1.54839144e-06,5.064767929e-11,3.241600625e-09,1.075576105e-07,1.13599682e-06,7.326030816e-06,1.08026213e-10,1.528344464e-11,1.548904262e-12,1.392211026e-13,1.152017143e-06,3.095734527e-11,2.028187056e-09,6.877164111e-08,7.283541009e-07,4.683466707e-06,1.610715181e-11,2.674529154e-12,3.181171999e-13,3.314783533e-14,7.090891158e-07,1.275897135e-11,8.609419305e-10,3.000363436e-08,3.155510616e-07,1.99925886e-06,1.072474267e-13,1.681522537e-14,1.812264082e-15,1.66213964e-16,1.383371156e-07,1.843576402e-13,2.150729446e-11,1.190813489e-09,1.570905801e-08,1.171990803e-07,6.22442275e-20,4.066435025e-21,1.561734451e-22,4.809623193e-24,1.112455141e-09,4.964490659e-20,5.285735083e-17,1.917255155e-14,6.440662102e-13,9.7794252e-12,1.731470135e-20,9.585280963e-22,3.119415941e-23,8.244891057e-25,4.824888137e-10,4.718502039e-21,5.897634202e-18,2.482680563e-15,8.667610271e-14,1.349217192e-12,2.34148129e-21,1.122439908e-22,3.163108614e-24,7.320105463e-26,1.697371399e-10,2.701241746e-22,4.018929384e-19,1.988938679e-16,7.130343364e-15,1.120686965e-13,1.639857324e-25,3.502043488e-27,3.908284826e-29,3.464711579e-31,9.95506738e-12,2.490101079e-27,1.949892208e-23,3.953210627e-20,2.528702212e-18,6.035702121e-17
47,0.02263089219,0.01093245356,0.004738894103,0.001989740109,0.01419056057,0.004248552278,0.01189980558,0.02760287281,0.05046181571,0.07991345669,0.03207552181,0.01549493702,0.006716597104,0.002820127601,0.01535028709,0.004248553302,0.01189980398,0.02760285948,0.05046177448,0.07991338312,0.0004281765583,0.0001457049968,4.449071675e-05,1.351852476e-05,0.0005222671875,2.939756082e-05,0.0001326544391,0.0004791308245,0.00120776089,0.002520955137,0.0003021000746,0.0001028021675,3.139041869e-05,9.537990738e-06,0.0004828094817,2.939755374e-05,0.000132654457,0.0004791310559,0.001207761876,0.002520957457,0.01056045491,0.004021389598,0.001374083332,0.0004631885983,0.004451564588,0.0004715998607,0.001362028403,0.003250597583,0.005819848345,0.009028552724,0.01543547015,0.005877782564,0.002008401642,0.0006770106134,0.004848863393,0.0004715999844,0.001362028204,0.003250595874,0.00581984317,0.009028543679,0.0002209535142,6.007344291e-05,1.465573252e-05,3.619888284e-06,0.0001773374664,3.581286944e-06,1.63605295e-05,5.97716773e-05,0.0001454296311,0.0002935615207,0.0001511693263,4.110031561e-05,1.002697734e-05,2.476609594e-06,0.0001628070584,3.581286005e-06,1.636053189e-05,5.977170871e-05,0.0001454297604,0.0002935618148,2.279289065e-07,2.824948787e-08,2.649946122e-09,2.328842595e-10,1.123950342e-05,3.933422849e-09,1.160165081e-07,1.991598896e-06,1.388398849e-05,6.451809051e-05,3.442024758e-10,2.697068007e-11,1.452689452e-12,7.023491306e-14,9.845189733e-07,7.032724108e-12,6.907082443e-10,3.259406778e-08,4.249099108e-07,3.250709487e-06,3.986345244e-10,4.968767163e-11,4.436429799e-12,3.54754514e-13,1.549049484e-06,5.069368461e-11,3.244273152e-09,1.076379079e-07,1.136795002e-06,7.330904855e-06,1.082001775e-10,1.531178359e-11,1.552154047e-12,1.395445555e-13,1.153479146e-06,3.104528082e-11,2.033420718e-09,6.893249966e-08,7.299593674e-07,4.693250481e-06,1.615276225e-11,2.683335746e-12,3.193114277e-13,3.328639463e-14,7.107457789e-07,1.282642221e-11,8.650770289e-10,3.01342759e-08,3.168459603e-07,2.007036485e-06,1.079240803e-13,1.693265643e-14,1.826143135e-15,1.675904966e-16,1.389158695e-07,1.861574351e-13,2.169962698e-11,1.200556687e-09,1.583172425e-08,1.180782996e-07,6.337029062e-20,4.14285326e-21,1.592179398e-22,4.906501672e-24,1.12129943e-09,5.067334507e-20,5.387618933e-17,1.951649422e-14,6.553905097e-13,9.949246495e-12,1.779136153e-20,9.854106644e-22,3.208513926e-23,8.484319349e-25,4.877718673e-10,4.851841467e-21,6.05380162e-18,2.544326358e-15,8.880237856e-14,1.382169651e-12,2.430141731e-21,1.165304672e-22,3.284928864e-24,7.604212729e-26,1.721525212e-10,2.799951421e-22,4.157104072e-19,2.053336585e-16,7.359478369e-15,1.156706727e-13,1.715741787e-25,3.665347384e-27,4.091923961e-29,3.628647763e-31,1.011373087e-11,2.601565435e-27,2.03204475e-23,4.110131597e-20,2.628940157e-18,6.276550403e-17
48,0.02263089212,0.01093245346,0.004738894037,0.001989740071,0.01419056039,0.004248552247,0.01189980555,0.02760287284,0.05046181596,0.07991345746,0.0320755217,0.01549493688,0.00671659701,0.002820127547,0.0153502869,0.004248553271,0.01189980395,0.02760285951,0.05046177473,0.07991338389,0.0004281765562,0.000145704995,4.449071584e-05,1.351852439e-05,0.0005222671773,2.939756029e-05,0.0001326544373,0.0004791308198,0.001207760882,0.002520955133,0.0003021000731,0.0001028021662,3.139041804e-05,9.537990473e-06,0.0004828094723,2.93975532e-05,0.0001326544551,0.0004791310513,0.001207761869,0.002520957453,0.01056045489,0.004021389581,0.001374083322,0.0004631885939,0.00445156457,0.0004715998649,0.001362028423,0.003250597647,0.005819848491,0.009028553019,0.01543547013,0.005877782539,0.002008401628,0.000677010607,0.004848863373,0.0004715999886,0.001362028224,0.003250595938,0.005819843316,0.009028543974,0.0002209535135,6.007344242e-05,1.465573232e-05,3.619888218e-06,0.0001773374645,3.581286939e-06,1.636052957e-05,5.977167786e-05,0.0001454296332,0.0002935615271,0.0001511693258,4.110031527e-05,1.002697721e-05,2.476609549e-06,0.0001628070566,3.581285999e-06,1.636053196e-05,5.977170928e-05,0.0001454297625,0.0002935618212,2.279289035e-07,2.82494869e-08,2.649945975e-09,2.32884242e-10,1.123950295e-05,3.933422619e-09,1.160165025e-07,1.991598818e-06,1.388398803e-05,6.451808893e-05,3.44202469e-10,2.697067866e-11,1.45268933e-12,7.023490507e-14,9.845189156e-07,7.0327234e-12,6.907081827e-10,3.259406522e-08,4.249098803e-07,3.250709275e-06,3.988385878e-10,4.971595381e-11,4.439209203e-12,3.549955298e-13,1.549572069e-06,5.073023459e-11,3.24639626e-09,1.077016938e-07,1.137429036e-06,7.334776456e-06,1.083384481e-10,1.533430728e-11,1.554737033e-12,1.398016571e-13,1.154640163e-06,3.111521308e-11,2.037581969e-09,6.906037168e-08,7.312353176e-07,4.701026506e-06,1.618904688e-11,2.690342706e-12,3.202618151e-13,3.339668836e-14,7.120623987e-07,1.28801724e-11,8.683708336e-10,3.023829834e-08,3.178768042e-07,2.013227069e-06,1.084643585e-13,1.702645226e-14,1.83723308e-15,1.686908324e-16,1.393767905e-07,1.875979751e-13,2.185346104e-11,1.20834463e-09,1.592974513e-08,1.187807092e-07,6.427947782e-20,4.204582386e-21,1.616783955e-22,4.984830671e-24,1.128372955e-09,5.150522017e-20,5.469928812e-17,1.979404337e-14,6.645263258e-13,1.008622875e-11,1.817940699e-20,1.007303503e-21,3.281100804e-23,8.679444616e-25,4.920093134e-10,4.960433903e-21,6.180791353e-18,2.594383673e-15,9.052854369e-14,1.408919546e-12,2.502970468e-21,1.200523389e-22,3.38504248e-24,7.837746188e-26,1.740958093e-10,2.880935133e-22,4.270255463e-19,2.105981305e-16,7.546757401e-15,1.186147351e-13,1.778524344e-25,3.800488311e-27,4.243929773e-29,3.764374902e-31,1.024156037e-11,2.693652648e-27,2.099764282e-23,4.239216073e-20,2.711394999e-18,6.474720297e-17
49,0.02263089207,0.01093245339,0.004738893988,0.001989740044,0.01419056026,0.004248552224,0.01189980552,0.02760287287,0.05046181614,0.07991345802,0.03207552162,0.01549493678,0.006716596942,0.002820127508,0.01535028676,0.004248553248,0.01189980392,0.02760285953,0.05046177491,0.07991338446,0.0004281765547,0.0001457049936,4.449071517e-05,1.351852411e-05,0.0005222671699,2.939755989e-05,0.000132654436,0.0004791308165,0.001207760877,0.00252095513,0.0003021000721,0.0001028021653,3.139041757e-05,9.537990279e-06,0.0004828094655,2.939755281e-05,0.0001326544538,0.0004791310479,0.001207761864,0.00252095745,0.01056045488,0.004021389568,0.001374083315,0.0004631885907,0.004451564556,0.0004715998679,0.001362028437,0.003250597694,0.005819848598,0.009028553235,0.01543547011,0.00587778252,0.002008401618,0.0006770106023,0.004848863358,0.0004715999916,0.001362028238,0.003250595986,0.005819843423,0.00902854419,0.000220953513,6.007344206e-05,1.465573218e-05,3.619888171e-06,0.000177337463,3.581286935e-06,1.636052962e-05,5.977167827e-05,0.0001454296348,0.0002935615318,0.0001511693255,4.110031502e-05,1.002697711e-05,2.476609516e-06,0.0001628070553,3.581285995e-06,1.636053201e-05,5.977170969e-05,0.0001454297641,0.0002935618259,2.279289013e-07,2.824948619e-08,2.649945868e-09,2.328842293e-10,1.123950261e-05,3.933422452e-09,1.160164984e-07,1.99159876e-06,1.38839877e-05,6.451808777e-05,3.44202464e-10,2.697067764e-11,1.452689241e-12,7.023489924e-14,9.845188735e-07,7.032722883e-12,6.907081378e-10,3.259406336e-08,4.249098581e-07,3.25070912e-06,3.989874244e-10,4.973658037e-11,4.441236159e-12,3.551712919e-13,1.549953032e-06,5.075688763e-11,3.247944397e-09,1.077482034e-07,1.137891331e-06,7.337599325e-06,1.084393116e-10,1.535073712e-11,1.556621223e-12,1.399892115e-13,1.155486516e-06,3.116624803e-11,2.040618247e-09,6.915365989e-08,7.321661054e-07,4.706698656e-06,1.621553338e-11,2.695458103e-12,3.20955752e-13,3.347723503e-14,7.130227511e-07,1.291945877e-11,8.70777533e-10,3.031428267e-08,3.18629678e-07,2.017747767e-06,1.088598509e-13,1.709513034e-14,1.845355637e-15,1.694969855e-16,1.397135271e-07,1.88654424e-13,2.196621829e-11,1.214050238e-09,1.60015411e-08,1.192951024e-07,6.495072162e-20,4.250172583e-21,1.634962318e-22,5.04272158e-24,1.133557485e-09,5.212023662e-20,5.530724492e-17,1.999886872e-14,6.712669661e-13,1.018728646e-11,1.846771229e-20,1.023573672e-21,3.335060456e-23,8.824534489e-25,4.951219747e-10,5.041138032e-21,6.275057904e-18,2.631501853e-15,9.180829044e-14,1.428750432e-12,2.557453076e-21,1.22687486e-22,3.459963031e-24,8.012540687e-26,1.755266297e-10,2.941461181e-22,4.354703041e-19,2.145219531e-16,7.686323014e-15,1.208087666e-13,1.825749868e-25,3.902160847e-27,4.358311399e-29,3.866524399e-31,1.033577966e-11,2.762845086e-27,2.150560427e-23,4.33588841e-20,2.773145105e-18,6.623157837e-17
50,0.02263089203,0.01093245335,0.004738893959,0.001989740027,0.01419056018,0.00424855221,0.01189980551,0.02760287288,0.05046181625,0.07991345837,0.03207552158,0.01549493672,0.0067165969,0.002820127484,0.01535028668,0.004248553234,0.01189980391,0.02760285955,0.05046177502,0.0799133848,0.0004281765538,0.0001457049928,4.449071476e-05,1.351852394e-05,0.0005222671653,2.939755966e-05,0.0001326544352,0.0004791308144,0.001207760874,0.002520955128,0.0003021000714,0.0001028021647,3.139041728e-05,9.53799016e-06,0.0004828094613,2.939755257e-05,0.000132654453,0.0004791310458,0.00120776186,0.002520957449,0.01056045487,0.00402138956,0.001374083311,0.0004631885888,0.004451564548,0.0004715998698,0.001362028446,0.003250597723,0.005819848664,0.009028553367,0.0154354701,0.005877782509,0.002008401611,0.0006770105994,0.004848863349,0.0004715999935,0.001362028247,0.003250596014,0.005819843489,0.009028544322,0.0002209535127,6.007344184e-05,1.465573209e-05,3.619888142e-06,0.0001773374622,3.581286932e-06,1.636052965e-05,5.977167853e-05,0.0001454296357,0.0002935615347,0.0001511693253,4.110031487e-05,1.002697705e-05,2.476609496e-06,0.0001628070545,3.581285993e-06,1.636053204e-05,5.977170994e-05,0.000145429765,0.0002935618287,2.279289e-07,2.824948576e-08,2.649945802e-09,2.328842215e-10,1.12395024e-05,3.933422349e-09,1.160164959e-07,1.991598725e-06,1.38839875e-05,6.451808706e-05,3.44202461e-10,2.697067702e-11,1.452689186e-12,7.023489567e-14,9.845188477e-07,7.032722567e-12,6.907081103e-10,3.259406222e-08,4.249098446e-07,3.250709025e-06,3.990785428e-10,4.974920744e-11,4.442476972e-12,3.552788834e-13,1.550186179e-06,5.077320257e-11,3.248892014e-09,1.07776671e-07,1.13817429e-06,7.33932711e-06,1.085010665e-10,1.536079631e-11,1.557774836e-12,1.401040469e-13,1.15600447e-06,3.119750382e-11,2.042477571e-09,6.921078082e-08,7.32736002e-07,4.710171416e-06,1.623175758e-11,2.698591754e-12,3.213808982e-13,3.352658856e-14,7.13610706e-07,1.294354455e-11,8.7225272e-10,3.036084803e-08,3.190910117e-07,2.020517648e-06,1.091025711e-13,1.713728667e-14,1.850342467e-15,1.699920214e-16,1.399199106e-07,1.89303597e-13,2.203548098e-11,1.21755382e-09,1.604562137e-08,1.196108844e-07,6.536507225e-20,4.278321634e-21,1.646189067e-22,5.078482633e-24,1.136742068e-09,5.250023538e-20,5.568264215e-17,2.01252684e-14,6.754260944e-13,1.024963663e-11,1.864644541e-20,1.033662153e-21,3.368524989e-23,8.914531684e-25,4.970367768e-10,5.091179843e-21,6.333462932e-18,2.65448238e-15,9.260050857e-14,1.441026188e-12,2.591387435e-21,1.243289759e-22,3.506638218e-24,8.121448941e-26,1.764082284e-10,2.979135427e-22,4.407216406e-19,2.16959779e-16,7.773024681e-15,1.221717683e-13,1.855274056e-25,3.965731719e-27,4.429837456e-29,3.930408655e-31,1.039387465e-11,2.80606996e-27,2.182256194e-23,4.396145033e-20,2.811634038e-18,6.715691444e-17
51,0.02263089202,0.01093245334,0.004738893949,0.001989740021,0.01419056016,0.004248552206,0.0118998055,0.02760287289,0.05046181629,0.07991345849,0.03207552156,0.0154949367,0.006716596886,0.002820127476,0.01535028665,0.004248553229,0.0118998039,0.02760285955,0.05046177506,0.07991338492,0.0004281765534,0.0001457049925,4.449071462e-05,1.351852389e-05,0.0005222671638,2.939755957e-05,0.0001326544349,0.0004791308137,0.001207760872,0.002520955127,0.0003021000712,0.0001028021645,3.139041718e-05,9.53799012e-06,0.0004828094599,2.939755249e-05,0.0001326544527,0.0004791310451,0.001207761859,0.002520957448,0.01056045487,0.004021389558,0.001374083309,0.0004631885881,0.004451564545,0.0004715998704,0.001362028449,0.003250597733,0.005819848686,0.009028553411,0.01543547009,0.005877782505,0.002008401609,0.0006770105985,0.004848863346,0.0004715999941,0.00136202825,0.003250596024,0.005819843511,0.009028544366,0.0002209535126,6.007344176e-05,1.465573206e-05,3.619888132e-06,0.0001773374619,3.581286931e-06,1.636052966e-05,5.977167861e-05,0.000145429636,0.0002935615356,0.0001511693252,4.110031482e-05,1.002697703e-05,2.47660949e-06,0.0001628070542,3.581285992e-06,1.636053205e-05,5.977171003e-05,0.0001454297654,0.0002935618297,2.279288996e-07,2.824948561e-08,2.64994578e-09,2.328842188e-10,1.123950233e-05,3.933422315e-09,1.16016495e-07,1.991598713e-06,1.388398743e-05,6.451808682e-05,3.442024599e-10,2.697067681e-11,1.452689168e-12,7.023489446e-14,9.84518839e-07,7.03272246e-12,6.90708101e-10,3.259406183e-08,4.249098399e-07,3.250708993e-06,3.991094642e-10,4.975349239e-11,4.442898029e-12,3.553153932e-13,1.550265284e-06,5.077873874e-11,3.249213565e-09,1.077863307e-07,1.138270302e-06,7.339913373e-06,1.085220242e-10,1.536421007e-11,1.558166337e-12,1.401430191e-13,1.156180208e-06,3.120811265e-11,2.043108626e-09,6.923016666e-08,7.329294096e-07,4.711349952e-06,1.623726488e-11,2.699655512e-12,3.215252275e-13,3.35433442e-14,7.138102345e-07,1.29517241e-11,8.7275364e-10,3.037665834e-08,3.192476396e-07,2.021458012e-06,1.091850424e-13,1.715161182e-14,1.852037215e-15,1.701602739e-16,1.399899877e-07,1.895243131e-13,2.205902569e-11,1.218744603e-09,1.606060203e-08,1.197181963e-07,6.550627627e-20,4.287915549e-21,1.650015909e-22,5.090673872e-24,1.137824601e-09,5.262979455e-20,5.581059095e-17,2.016833702e-14,6.768431479e-13,1.027087909e-11,1.870748791e-20,1.037107986e-21,3.37995627e-23,8.945276915e-25,4.976881684e-10,5.108272248e-21,6.353403852e-18,2.662325566e-15,9.287087369e-14,1.445215539e-12,2.603004567e-21,1.248909595e-22,3.52261899e-24,8.158739318e-26,1.76708381e-10,2.992028652e-22,4.425179183e-19,2.177932843e-16,7.802666893e-15,1.226377639e-13,1.865400586e-25,3.987537308e-27,4.454373303e-29,3.952324373e-31,1.041366115e-11,2.820890033e-27,2.193116982e-23,4.416781101e-20,2.824815264e-18,6.747383379e-17
