Step,DF_001,DF_002,DF_003,DF_004,DF_005,DF_006,DF_007,DF_008,DF_009,DF_010,DF_011,DF_012,DF_013,DF_014,DF_015,DF_016,DF_017,DF_018,DF_019,DF_020,DF_021,DF_022,DF_023,DF_024,DF_025,DF_026,DF_027,DF_028,DF_029,DF_030,DF_031,DF_032,DF_033,DF_034,DF_035,DF_036,DF_037,DF_038,DF_039,DF_040,DF_041,DF_042,DF_043,DF_044,DF_045,DF_046,DF_047,DF_048,DF_049,DF_050,DF_051,DF_052,DF_053,DF_054,DF_055,DF_056,DF_057,DF_058,DF_059,DF_060,DF_061,DF_062,DF_063,DF_064,DF_065,DF_066,DF_067,DF_068,DF_069,DF_070,DF_071,DF_072,DF_073,DF_074,DF_075,DF_076,DF_077,DF_078,DF_079,DF_080,DF_081,DF_082,DF_083,DF_084,DF_085,DF_086,DF_087,DF_088,DF_089,DF_090,DF_091,DF_092,DF_093,DF_094,DF_095,DF_096,DF_097,DF_098,DF_099,DF_100,DF_101,DF_102,DF_103,DF_104,DF_105,DF_106,DF_107,DF_108,DF_109,DF_110,DF_111,DF_112,DF_113,DF_114,DF_115,DF_116,DF_117,DF_118,DF_119,DF_120,DF_121,DF_122,DF_123,DF_124,DF_125,DF_126,DF_127,DF_128,DF_129,DF_130,DF_131,DF_132,DF_133,DF_134,DF_135,DF_136,DF_137,DF_138,DF_139,DF_140,DF_141,DF_142,DF_143,DF_144,DF_145,DF_146,DF_147,DF_148,DF_149,DF_150,DF_151,DF_152,DF_153,DF_154,DF_155,DF_156,DF_157,DF_158,DF_159,DF_160,DF_161,DF_162,DF_163,DF_164,DF_165,DF_166,DF_167,DF_168,DF_169,DF_170,DF_171,DF_172,DF_173,DF_174,DF_175,DF_176,DF_177,DF_178,DF_179,DF_180
0,0.03452442293,0.03312903129,0.02852557738,0.02256794203,0.09072988566,0.03935273343,0.06885909245,0.1031945959,0.129511928,0.1462153459,0.0489326315,0.04695489577,0.04043026495,0.03198630701,0.09814475594,0.03935273442,0.06885909476,0.1031946001,0.1295119344,0.1462153542,0.0008103770943,0.0007776236746,0.0006695687696,0.0005297277331,0.009427265463,0.001600313222,0.004511566253,0.01052842795,0.0189475964,0.02935845682,0.000571761638,0.0005486524595,0.0004724143107,0.0003737494538,0.008715032293,0.001600313182,0.004511566102,0.01052842752,0.01894759547,0.02935845517,0.01495913694,0.01003090427,0.006035552488,0.00343003669,0.01996433569,0.002414087481,0.0043820056,0.006794601844,0.008287694732,0.009045871823,0.02186471752,0.01466146671,0.008821742238,0.005013443194,0.02174612598,0.002414087547,0.00438200576,0.006794602148,0.008287695175,0.009045872379,0.0003850905255,0.0002582238722,0.0001553722098,8.82988575e-05,0.002157489062,0.0001006456791,0.0002889909529,0.0006859905752,0.001180760522,0.001743457424,0.0002634665598,0.0001766684734,0.0001063006719,6.041124017e-05,0.001980713066,0.0001006456763,0.0002889909424,0.0006859905445,0.001180760459,0.001743457317,1.039691372e-06,1.517625087e-06,1.676640092e-06,1.435500829e-06,0.002266377343,4.616837238e-05,0.0003965409206,0.002164891954,0.006611092011,0.01471142971,2.970605044e-09,7.726403556e-09,1.38137897e-08,1.6933373e-08,0.0009262888586,5.707885303e-06,0.0001047790837,0.001041773653,0.004817485911,0.01473672226,1.06517698e-08,3.750079126e-08,9.457368704e-08,1.651955755e-07,0.002406189519,7.642127338e-05,0.0009482832723,0.006858588443,0.0266647335,0.0719863852,1.845699544e-09,8.207384657e-09,2.614326357e-08,5.665145693e-08,0.001843620928,5.576624347e-05,0.0007483317054,0.005820512679,0.0240786614,0.06881526916,1.563050058e-10,9.33539323e-10,3.993958756e-09,1.136359458e-08,0.001177703519,2.874928715e-05,0.0004258884478,0.003631126714,0.016077867,0.04883208273,1.344907149e-12,1.364112926e-11,9.510674642e-11,4.094529498e-10,0.0005681623359,6.214773782e-06,0.0001290153377,0.001437941778,0.0075092961,0.02578434313,2.776198273e-16,8.514081189e-15,1.534983432e-13,1.382529876e-12,0.0003201741767,6.870212331e-07,3.315416448e-05,0.000679869806,0.005045542483,0.02170937922,9.096337826e-15,2.838473445e-13,5.206929382e-12,4.765452709e-11,0.001121628238,1.137346511e-05,0.0003459984067,0.004622622905,0.02512269799,0.08132871656,1.340310411e-13,4.261446235e-12,7.965026654e-11,7.416814791e-10,0.002960294766,9.472211029e-05,0.001946908669,0.0180732487,0.07436999301,0.1863301212,2.91941027e-15,1.997919907e-13,7.145131365e-12,1.090898011e-10,0.003408429554,8.771788737e-05,0.002373631267,0.02492890767,0.1032129384,0.239704836
1,0.03452442293,0.03312903129,0.02852557738,0.02256794203,0.09072988565,0.03935273342,0.06885909244,0.1031945959,0.129511928,0.1462153459,0.0489326315,0.04695489577,0.04043026495,0.03198630701,0.09814475593,0.03935273442,0.06885909475,0.1031946001,0.1295119343,0.1462153542,0.0008103770943,0.0007776236745,0.0006695687695,0.000529727733,0.009427265461,0.001600313222,0.004511566252,0.01052842795,0.01894759639,0.02935845682,0.000571761638,0.0005486524594,0.0004724143106,0.0003737494537,0.008715032292,0.001600313181,0.004511566101,0.01052842752,0.01894759546,0.02935845516,0.01495913694,0.01003090427,0.006035552487,0.003430036689,0.01996433569,0.00241408748,0.0043820056,0.006794601843,0.008287694732,0.009045871824,0.02186471752,0.01466146671,0.008821742237,0.005013443194,0.02174612598,0.002414087547,0.004382005759,0.006794602147,0.008287695175,0.009045872378,0.0003850905255,0.0002582238722,0.0001553722098,8.829885748e-05,0.002157489061,0.000100645679,0.0002889909528,0.000685990575,0.001180760522,0.001743457424,0.0002634665598,0.0001766684734,0.0001063006719,6.041124016e-05,0.001980713066,0.0001006456763,0.0002889909423,0.0006859905444,0.001180760459,0.001743457317,1.039691372e-06,1.517625086e-06,1.676640092e-06,1.435500829e-06,0.002266377342,4.616837235e-05,0.0003965409203,0.002164891953,0.006611092009,0.01471142971,2.970605045e-09,7.726403555e-09,1.381378969e-08,1.693337298e-08,0.0009262888582,5.707885298e-06,0.0001047790836,0.001041773653,0.004817485909,0.01473672225,1.065406149e-08,3.750915267e-08,9.45955134e-08,1.65234893e-07,0.002406443373,7.643716628e-05,0.000948452771,0.006859628266,0.02666825349,0.07199463072,1.847606372e-09,8.216172217e-09,2.617223713e-08,5.671620635e-08,0.00184455473,5.582193291e-05,0.0007489739653,0.005824749618,0.02409392253,0.06885311237,1.56628136e-10,9.35539454e-10,4.002816356e-09,1.138958531e-08,0.001178896845,2.880673521e-05,0.0004266198038,0.003636415066,0.01609825386,0.04888580543,1.349273823e-12,1.368698257e-11,9.54373368e-11,4.10919521e-10,0.0005690257048,6.234083204e-06,0.0001293580007,0.001441158958,0.007523832509,0.02582729517,2.788366495e-16,8.552569434e-15,1.542133456e-13,1.389145272e-12,0.0003207393358,6.89798308e-07,3.326647812e-05,0.0006817599645,0.005057359687,0.02175155584,9.133810212e-15,2.850484596e-13,5.229546281e-12,4.786645007e-11,0.001123448424,1.141458768e-05,0.000347022611,0.00463349453,0.02517021006,0.08144808132,1.345588335e-13,4.278587645e-12,7.997739408e-11,7.44785532e-10,0.00296475628,9.50311981e-05,0.001951983287,0.01810934432,0.07448285794,0.1865302055,2.93229468e-15,2.006944033e-13,7.178143093e-12,1.096042289e-10,0.003413755015,8.80325756e-05,0.002380232479,0.02497958318,0.1033605765,0.2399120615
2,0.03452442293,0.03312903129,0.02852557737,0.02256794202,0.09072988561,0.03935273341,0.06885909242,0.1031945959,0.129511928,0.146215346,0.0489326315,0.04695489576,0.04043026494,0.03198630699,0.09814475589,0.03935273439,0.06885909472,0.1031946001,0.1295119343,0.1462153542,0.0008103770944,0.0007776236744,0.0006695687692,0.0005297277327,0.009427265455,0.00160031322,0.004511566248,0.01052842794,0.01894759638,0.0293584568,0.000571761638,0.0005486524593,0.0004724143105,0.0003737494535,0.008715032287,0.00160031318,0.004511566098,0.01052842751,0.01894759545,0.02935845515,0.01495913694,0.01003090427,0.006035552486,0.003430036688,0.01996433568,0.002414087479,0.004382005599,0.006794601842,0.008287694732,0.009045871825,0.02186471752,0.01466146671,0.008821742235,0.005013443191,0.02174612597,0.002414087545,0.004382005758,0.006794602145,0.008287695173,0.009045872377,0.0003850905255,0.0002582238721,0.0001553722097,8.829885742e-05,0.00215748906,0.0001006456789,0.0002889909526,0.0006859905745,0.001180760521,0.001743457423,0.0002634665598,0.0001766684734,0.0001063006719,6.041124012e-05,0.001980713064,0.0001006456762,0.0002889909421,0.000685990544,0.001180760458,0.001743457316,1.039691372e-06,1.517625086e-06,1.67664009e-06,1.435500827e-06,0.002266377339,4.616837227e-05,0.0003965409197,0.00216489195,0.006611092002,0.0147114297,2.970605045e-09,7.72640355e-09,1.381378968e-08,1.693337295e-08,0.0009262888571,5.707885283e-06,0.0001047790834,0.001041773651,0.004817485902,0.01473672223,1.066080629e-08,3.753375904e-08,9.465973871e-08,1.653505772e-07,0.002407189959,7.648391178e-05,0.0009489512715,0.006862686144,0.0266786041,0.07201887463,1.85322753e-09,8.242075892e-09,2.625764095e-08,5.690705889e-08,0.001847303211,5.598598655e-05,0.0007508654005,0.005837223619,0.02413884256,0.06896447642,1.575826364e-10,9.414478268e-10,4.028982517e-09,1.146636719e-08,0.001182412695,2.897630275e-05,0.0004287772688,0.003652006883,0.01615833608,0.04904407056,1.362202719e-12,1.382275923e-11,9.641635796e-11,4.152631385e-10,0.0005715719595,6.291202711e-06,0.0001303707098,0.001450658868,0.007566729107,0.0259539708,2.824476072e-16,8.666800657e-15,1.56335754e-13,1.408785188e-12,0.0003224069303,6.980283706e-07,3.359888996e-05,0.0006873473173,0.005092259606,0.02187600956,9.244955786e-15,2.886113548e-13,5.296641586e-12,4.849519868e-11,0.001128817652,1.153635329e-05,0.0003500513059,0.004665603124,0.02531039572,0.08179993563,1.36123765e-13,4.329414364e-12,8.094740902e-11,7.539901758e-10,0.002977913895,9.594577041e-05,0.001966978744,0.01821587169,0.07481560062,0.1871194555,2.970535274e-15,2.033728862e-13,7.276132365e-12,1.111313081e-10,0.003429462181,8.896429392e-05,0.002399745061,0.02512914121,0.1037957076,0.240521897
3,0.03452442294,0.03312903128,0.02852557736,0.02256794201,0.09072988556,0.03935273338,0.06885909239,0.1031945959,0.129511928,0.146215346,0.04893263151,0.04695489575,0.04043026492,0.03198630697,0.09814475583,0.03935273436,0.06885909467,0.1031946,0.1295119343,0.1462153541,0.0008103770944,0.0007776236741,0.0006695687687,0.0005297277321,0.009427265445,0.001600313218,0.004511566242,0.01052842793,0.01894759636,0.02935845677,0.0005717616381,0.0005486524592,0.0004724143101,0.0003737494531,0.008715032278,0.001600313178,0.004511566093,0.0105284275,0.01894759544,0.02935845514,0.01495913694,0.01003090427,0.006035552483,0.003430036686,0.01996433567,0.002414087478,0.004382005597,0.006794601841,0.008287694732,0.009045871826,0.02186471752,0.0146614667,0.00882174223,0.005013443188,0.02174612596,0.002414087543,0.004382005754,0.006794602141,0.008287695169,0.009045872375,0.0003850905255,0.000258223872,0.0001553722096,8.829885733e-05,0.002157489058,0.0001006456788,0.0002889909522,0.0006859905737,0.00118076052,0.001743457421,0.0002634665599,0.0001766684733,0.0001063006718,6.041124006e-05,0.001980713063,0.0001006456761,0.0002889909418,0.0006859905434,0.001180760458,0.001743457315,1.039691373e-06,1.517625085e-06,1.676640088e-06,1.435500824e-06,0.002266377336,4.616837213e-05,0.0003965409187,0.002164891945,0.006611091991,0.01471142968,2.970605046e-09,7.726403544e-09,1.381378965e-08,1.69333729e-08,0.0009262888552,5.70788526e-06,0.000104779083,0.001041773648,0.00481748589,0.01473672221,1.067181891e-08,3.757392681e-08,9.476456063e-08,1.655393536e-07,0.002408407193,7.656014019e-05,0.0009497640452,0.006867670947,0.02669547435,0.07205838228,1.862434605e-09,8.284500281e-09,2.639750202e-08,5.72195885e-08,0.001851791288,5.625432915e-05,0.0007539573731,0.005857603451,0.02421219891,0.06914625969,1.591523072e-10,9.51164585e-10,4.07201749e-09,1.1592658e-08,0.001188165087,2.925473708e-05,0.0004323158448,0.003677552318,0.01625669353,0.04930296157,1.383561747e-12,1.404711154e-11,9.803439973e-11,4.224433944e-10,0.0005757461495,6.385396913e-06,0.0001320377433,0.001466270416,0.007637134033,0.02616163887,2.884396687e-16,8.856409364e-15,1.598596929e-13,1.441403423e-12,0.0003251433419,7.116495011e-07,3.414762767e-05,0.0006965484742,0.005149628869,0.0220802442,9.42921325e-15,2.945189245e-13,5.407911196e-12,4.953808942e-11,0.001137623271,1.173754325e-05,0.0003550425396,0.00471838804,0.02554040941,0.08237617441,1.387163703e-13,4.413623349e-12,8.255462669e-11,7.69242456e-10,0.002999482737,9.745478975e-05,0.001991656099,0.01839074426,0.07536069461,0.1880827385,3.034010833e-15,2.078193628e-13,7.438820705e-12,1.136669677e-10,0.003455215744,9.050346508e-05,0.002431875566,0.02537465684,0.1045081206,0.241517402
4,0.03452442294,0.03312903128,0.02852557734,0.02256794199,0.09072988548,0.03935273334,0.06885909235,0.1031945958,0.129511928,0.146215346,0.04893263151,0.04695489574,0.04043026489,0.03198630694,0.09814475574,0.03935273431,0.0688590946,0.1031946,0.1295119342,0.1462153541,0.0008103770945,0.0007776236738,0.0006695687681,0.0005297277313,0.009427265432,0.001600313214,0.004511566234,0.01052842791,0.01894759633,0.02935845673,0.0005717616382,0.000548652459,0.0004724143097,0.0003737494526,0.008715032267,0.001600313175,0.004511566086,0.01052842749,0.01894759542,0.02935845512,0.01495913695,0.01003090426,0.00603555248,0.003430036683,0.01996433565,0.002414087475,0.004382005594,0.006794601839,0.008287694731,0.009045871829,0.02186471752,0.0146614667,0.008821742225,0.005013443183,0.02174612594,0.00241408754,0.00438200575,0.006794602136,0.008287695165,0.009045872372,0.0003850905255,0.0002582238719,0.0001553722094,8.82988572e-05,0.002157489055,0.0001006456786,0.0002889909517,0.0006859905726,0.001180760518,0.001743457419,0.0002634665599,0.0001766684733,0.0001063006717,6.041123998e-05,0.00198071306,0.0001006456759,0.0002889909414,0.0006859905426,0.001180760456,0.001743457314,1.039691373e-06,1.517625084e-06,1.676640084e-06,1.435500819e-06,0.002266377331,4.616837194e-05,0.0003965409174,0.002164891939,0.006611091975,0.01471142965,2.970605047e-09,7.726403535e-09,1.381378961e-08,1.693337283e-08,0.0009262888527,5.707885228e-06,0.0001047790825,0.001041773644,0.004817485874,0.01473672217,1.068692574e-08,3.762901097e-08,9.490826758e-08,1.657980962e-07,0.002410073433,7.666451637e-05,0.0009508766653,0.006874492974,0.02671855677,0.0721124238,1.875123498e-09,8.342959952e-09,2.659020416e-08,5.765015664e-08,0.001857948892,5.662340928e-05,0.0007582063627,0.005885585834,0.02431285324,0.0693955306,1.613283247e-10,9.646357512e-10,4.131686047e-09,1.176778015e-08,0.001196080033,2.963987231e-05,0.0004372022789,0.003712772343,0.01639213828,0.04965907469,1.413371324e-12,1.436031644e-11,1.002939469e-10,4.324734431e-10,0.0005815061474,6.516509092e-06,0.0001343520353,0.001487889828,0.007734453342,0.02644820609,2.968573548e-16,9.122879054e-15,1.648141969e-13,1.487281801e-12,0.0003289247088,7.307100713e-07,3.491259219e-05,0.000709329771,0.0052291101,0.0223624969,9.687691141e-15,3.028081082e-13,5.564079326e-12,5.10021726e-11,0.001149781515,1.201838391e-05,0.0003619832547,0.004791526317,0.02585821222,0.08317016736,1.42349711e-13,4.53164533e-12,8.48074163e-11,7.90623288e-10,0.003029243661,9.955692499e-05,0.002025900883,0.01863253221,0.07611208668,0.1894065156,3.1232207e-15,2.140694467e-13,7.667537335e-12,1.1723234e-10,0.003490761571,9.265141058e-05,0.002476502795,0.02571412916,0.10548932,0.2428825725
5,0.03452442294,0.03312903127,0.02852557732,0.02256794196,0.09072988539,0.03935273329,0.06885909229,0.1031945958,0.1295119279,0.146215346,0.04893263151,0.04695489572,0.04043026486,0.0319863069,0.09814475563,0.03935273425,0.06885909452,0.1031945999,0.1295119341,0.146215354,0.0008103770945,0.0007776236733,0.0006695687673,0.0005297277304,0.009427265416,0.00160031321,0.004511566224,0.01052842789,0.0189475963,0.02935845669,0.0005717616383,0.0005486524587,0.0004724143092,0.0003737494519,0.008715032252,0.001600313171,0.004511566078,0.01052842747,0.0189475954,0.02935845509,0.01495913695,0.01003090426,0.006035552475,0.003430036679,0.01996433563,0.002414087472,0.00438200559,0.006794601836,0.008287694731,0.009045871832,0.02186471752,0.01466146669,0.008821742217,0.005013443177,0.02174612591,0.002414087536,0.004382005745,0.006794602129,0.008287695159,0.009045872368,0.0003850905256,0.0002582238718,0.0001553722092,8.829885704e-05,0.002157489051,0.0001006456783,0.000288990951,0.0006859905713,0.001180760516,0.001743457416,0.00026346656,0.0001766684732,0.0001063006716,6.041123987e-05,0.001980713057,0.0001006456756,0.0002889909409,0.0006859905416,0.001180760455,0.001743457313,1.039691373e-06,1.517625082e-06,1.67664008e-06,1.435500814e-06,0.002266377324,4.61683717e-05,0.0003965409156,0.002164891931,0.006611091956,0.01471142961,2.970605048e-09,7.726403523e-09,1.381378957e-08,1.693337275e-08,0.0009262888495,5.707885187e-06,0.0001047790819,0.001041773638,0.004817485854,0.01473672212,1.070596274e-08,3.769839809e-08,9.508922223e-08,1.661237997e-07,0.002412167387,7.679573296e-05,0.0009522749464,0.006883063658,0.02674754659,0.07218027289,1.891210883e-09,8.417063331e-09,2.683443537e-08,5.819579536e-08,0.00186571009,5.709011565e-05,0.0007635731229,0.005920890678,0.02443973666,0.06970949674,1.641083903e-10,9.818479177e-10,4.20793373e-09,1.199159018e-08,0.001206093659,3.013048653e-05,0.000443413421,0.003757448263,0.01656367863,0.05010943617,1.451791646e-12,1.47641404e-11,1.032083936e-10,4.454155833e-10,0.0005888208305,6.684902126e-06,0.0001373141841,0.001515472118,0.007858315893,0.02681212434,3.077996682e-16,9.469444667e-15,1.712613927e-13,1.547013304e-12,0.0003337356112,7.55360145e-07,3.589700679e-05,0.0007257016806,0.005330569781,0.02272163661,1.00230684e-14,3.135666662e-13,5.766837062e-12,5.29036505e-11,0.001165233484,1.238041758e-05,0.000370886187,0.004884903019,0.02626245931,0.08417652962,1.470579358e-13,4.684597315e-12,8.772727961e-11,8.183385805e-10,0.003067033893,0.0001022595908,0.002069708488,0.01894037332,0.07706497175,0.1910785632,3.239253372e-15,2.222002014e-13,7.96513567e-12,1.218724373e-10,0.003535915273,9.541935713e-05,0.002533658204,0.02614635508,0.1067322518,0.2446021461
6,0.03452442295,0.03312903126,0.0285255773,0.02256794193,0.09072988528,0.03935273324,0.06885909222,0.1031945957,0.1295119279,0.1462153461,0.04893263151,0.0469548957,0.04043026482,0.03198630686,0.0981447555,0.03935273418,0.06885909442,0.1031945998,0.129511934,0.1462153539,0.0008103770946,0.0007776236728,0.0006695687663,0.0005297277292,0.009427265397,0.001600313205,0.004511566211,0.01052842787,0.01894759626,0.02935845663,0.0005717616384,0.0005486524584,0.0004724143086,0.0003737494512,0.008715032235,0.001600313167,0.004511566067,0.01052842745,0.01894759537,0.02935845505,0.01495913695,0.01003090426,0.00603555247,0.003430036674,0.0199643356,0.002414087469,0.004382005586,0.006794601832,0.00828769473,0.009045871835,0.02186471752,0.01466146669,0.008821742209,0.005013443169,0.02174612588,0.002414087532,0.004382005738,0.006794602122,0.008287695152,0.009045872364,0.0003850905256,0.0002582238716,0.000155372209,8.829885684e-05,0.002157489046,0.000100645678,0.0002889909502,0.0006859905696,0.001180760514,0.001743457413,0.00026346656,0.0001766684731,0.0001063006714,6.041123975e-05,0.001980713053,0.0001006456754,0.0002889909402,0.0006859905404,0.001180760454,0.001743457311,1.039691374e-06,1.51762508e-06,1.676640075e-06,1.435500807e-06,0.002266377317,4.616837141e-05,0.0003965409136,0.002164891922,0.006611091932,0.01471142957,2.970605049e-09,7.726403509e-09,1.381378951e-08,1.693337264e-08,0.0009262888457,5.707885139e-06,0.0001047790811,0.001041773632,0.00481748583,0.01473672206,1.072877352e-08,3.778149978e-08,9.530584588e-08,1.665135543e-07,0.002414668028,7.695250387e-05,0.0009539448856,0.006893295266,0.026782141,0.07226120556,1.910631021e-09,8.506498166e-09,2.712914027e-08,5.885410135e-08,0.001875012269,5.76516998e-05,0.0007700218948,0.005963256612,0.02459183579,0.07008547568,1.674960287e-10,1.002823855e-09,4.300867157e-09,1.226442032e-08,0.001218150481,3.072617726e-05,0.0004509347615,0.003811412211,0.01677048613,0.05065142541,1.49911415e-12,1.526174895e-11,1.068013852e-10,4.613783129e-10,0.0005976684553,6.891412545e-06,0.0001409316334,0.001549023743,0.00800854233,0.02725230711,3.214190772e-16,9.901061193e-15,1.792959323e-13,1.621497003e-12,0.0003395679146,7.858460121e-07,3.710715489e-05,0.0007457142394,0.005454070681,0.02315707376,1.043955153e-14,3.269317807e-13,6.018815559e-12,5.526762242e-11,0.001183941589,1.282641035e-05,0.0003817873871,0.004998585825,0.02675239956,0.08539091096,1.528955777e-13,4.874258847e-12,9.134838014e-11,8.527146125e-10,0.003112738654,0.0001055782136,0.002123171975,0.01931389433,0.07821558693,0.1930877088,3.383777808e-15,2.323294843e-13,8.335967636e-12,1.276557271e-10,0.003590551992,9.882771702e-05,0.002603509785,0.02667081762,0.1082310486,0.2466614106
7,0.03452442296,0.03312903124,0.02852557727,0.0225679419,0.09072988515,0.03935273317,0.06885909215,0.1031945956,0.1295119279,0.1462153461,0.04893263152,0.04695489568,0.04043026478,0.03198630681,0.09814475536,0.0393527341,0.0688590943,0.1031945996,0.1295119338,0.1462153538,0.0008103770947,0.0007776236722,0.0006695687652,0.0005297277279,0.009427265374,0.001600313199,0.004511566197,0.01052842784,0.01894759621,0.02935845657,0.0005717616385,0.0005486524581,0.0004724143078,0.0003737494503,0.008715032216,0.001600313162,0.004511566055,0.01052842743,0.01894759534,0.02935845502,0.01495913695,0.01003090425,0.006035552464,0.003430036669,0.01996433558,0.002414087465,0.004382005581,0.006794601829,0.00828769473,0.009045871839,0.02186471752,0.01466146668,0.008821742199,0.005013443161,0.02174612585,0.002414087527,0.004382005731,0.006794602113,0.008287695144,0.009045872359,0.0003850905256,0.0002582238714,0.0001553722088,8.829885662e-05,0.002157489041,0.0001006456776,0.0002889909493,0.0006859905677,0.001180760511,0.00174345741,0.0002634665601,0.000176668473,0.0001063006713,6.04112396e-05,0.001980713048,0.0001006456751,0.0002889909395,0.000685990539,0.001180760452,0.00174345731,1.039691374e-06,1.517625078e-06,1.676640069e-06,1.4355008e-06,0.002266377308,4.616837108e-05,0.0003965409112,0.002164891912,0.006611091905,0.01471142953,2.970605051e-09,7.726403494e-09,1.381378945e-08,1.693337252e-08,0.0009262888413,5.707885083e-06,0.0001047790803,0.001041773625,0.004817485802,0.01473672199,1.075520741e-08,3.787774645e-08,9.555660371e-08,1.669645212e-07,0.002417554511,7.713355808e-05,0.0009558726061,0.006905100624,0.02682203837,0.07235449894,1.933332839e-09,8.611018197e-09,2.747347637e-08,5.962313851e-08,0.001885795357,5.830570388e-05,0.0007775196693,0.006012436778,0.02476817959,0.07052086722,1.714999969e-10,1.027618802e-09,4.410737351e-09,1.25870288e-08,0.001232201797,3.142725023e-05,0.0004597591018,0.003874538398,0.01701186498,0.05128270317,1.555756236e-12,1.585765071e-11,1.11106412e-10,4.805145224e-10,0.0006080351759,7.137314302e-06,0.0001452179794,0.001588596131,0.008185117077,0.02776805281,3.379222091e-16,1.042442721e-14,1.890454652e-13,1.711942773e-12,0.0003464197309,8.225071425e-07,3.855218398e-05,0.000769453216,0.005599847581,0.02366867833,1.094287826e-14,3.430901497e-13,6.323587445e-12,5.812809517e-11,0.001205886313,1.336028783e-05,0.0003947441964,0.005132802726,0.02732778431,0.0868097994,1.599374493e-13,5.103067458e-12,9.571743469e-11,8.941968121e-10,0.003166283524,0.0001095356657,0.002186471629,0.01975313986,0.07956102018,0.1954235811,3.559053743e-15,2.44616613e-13,8.785905985e-12,1.346744516e-10,0.003654597116,0.0001029055737,0.002686348452,0.02728758487,0.1099807924,0.2490460196
8,0.03452442297,0.03312903123,0.02852557724,0.02256794186,0.09072988501,0.0393527331,0.06885909206,0.1031945956,0.1295119279,0.1462153462,0.04893263152,0.04695489565,0.04043026473,0.03198630675,0.09814475519,0.03935273401,0.06885909417,0.1031945995,0.1295119337,0.1462153537,0.0008103770948,0.0007776236715,0.0006695687639,0.0005297277264,0.009427265349,0.001600313193,0.004511566181,0.0105284278,0.01894759615,0.02935845649,0.0005717616387,0.0005486524577,0.000472414307,0.0003737494493,0.008715032194,0.001600313156,0.004511566042,0.01052842741,0.0189475953,0.02935845497,0.01495913696,0.01003090425,0.006035552458,0.003430036663,0.01996433554,0.00241408746,0.004382005576,0.006794601824,0.008287694729,0.009045871844,0.02186471752,0.01466146667,0.008821742187,0.005013443151,0.02174612581,0.002414087521,0.004382005722,0.006794602103,0.008287695135,0.009045872353,0.0003850905257,0.0002582238712,0.0001553722085,8.829885637e-05,0.002157489035,0.0001006456772,0.0002889909483,0.0006859905656,0.001180760507,0.001743457406,0.0002634665602,0.0001766684729,0.0001063006711,6.041123944e-05,0.001980713043,0.0001006456747,0.0002889909386,0.0006859905375,0.00118076045,0.001743457307,1.039691374e-06,1.517625075e-06,1.676640063e-06,1.435500791e-06,0.002266377298,4.616837071e-05,0.0003965409085,0.0021648919,0.006611091875,0.01471142947,2.970605053e-09,7.726403476e-09,1.381378937e-08,1.693337239e-08,0.0009262888364,5.707885021e-06,0.0001047790793,0.001041773617,0.004817485771,0.01473672191,1.078511771e-08,3.798658142e-08,9.583999078e-08,1.674739092e-07,0.002420806093,7.733763376e-05,0.0009580443041,0.00691839285,0.02686693758,0.07245943014,1.959277216e-09,8.730430734e-09,2.786677327e-08,6.050134683e-08,0.001898001097,5.904989259e-05,0.0007860354907,0.006068194842,0.02496782683,0.07101312706,1.761337708e-10,1.056317236e-09,4.537925172e-09,1.296055631e-08,0.001248204177,3.223461754e-05,0.0004698853204,0.003946734912,0.01728722314,0.0520011436,1.622258477e-12,1.655766803e-11,1.161665972e-10,5.030205515e-10,0.0006199136676,7.424289366e-06,0.0001501923655,0.001634279792,0.00838816244,0.02835897294,3.575719982e-16,1.104805513e-14,2.006719919e-13,1.819884267e-12,0.0003542944614,8.657749687e-07,4.024395682e-05,0.0007970367883,0.00576828527,0.02425670368,1.15403599e-14,3.622793216e-13,6.685691544e-12,6.152821184e-11,0.00123106323,1.398709122e-05,0.000409833539,0.005287921829,0.02798878235,0.08843033569,1.6827903e-13,5.37412981e-12,1.008938983e-10,9.4335127e-10,0.003227627324,0.0001141618178,0.002259865718,0.02025850666,0.08109903,0.1980763721,3.767958453e-15,2.592641643e-13,9.322407438e-12,1.43045573e-10,0.00372801765,0.0001076903154,0.002782576156,0.0279972162,0.111977288,0.2517418156
9,0.03452442297,0.03312903121,0.02852557721,0.02256794182,0.09072988485,0.03935273302,0.06885909197,0.1031945955,0.1295119278,0.1462153462,0.04893263152,0.04695489562,0.04043026468,0.03198630669,0.098144755,0.03935273391,0.06885909403,0.1031945993,0.1295119335,0.1462153536,0.0008103770949,0.0007776236708,0.0006695687626,0.0005297277248,0.009427265321,0.001600313186,0.004511566163,0.01052842777,0.01894759609,0.02935845641,0.0005717616389,0.0005486524572,0.0004724143061,0.0003737494482,0.008715032169,0.00160031315,0.004511566027,0.01052842738,0.01894759526,0.02935845493,0.01495913696,0.01003090424,0.00603555245,0.003430036656,0.01996433551,0.002414087455,0.00438200557,0.006794601819,0.008287694728,0.009045871849,0.02186471753,0.01466146666,0.008821742175,0.005013443141,0.02174612577,0.002414087515,0.004382005713,0.006794602092,0.008287695125,0.009045872347,0.0003850905257,0.0002582238709,0.0001553722081,8.829885609e-05,0.002157489029,0.0001006456768,0.0002889909472,0.0006859905633,0.001180760504,0.001743457401,0.0002634665602,0.0001766684727,0.0001063006709,6.041123926e-05,0.001980713038,0.0001006456743,0.0002889909377,0.0006859905357,0.001180760447,0.001743457305,1.039691375e-06,1.517625072e-06,1.676640056e-06,1.435500782e-06,0.002266377287,4.61683703e-05,0.0003965409056,0.002164891887,0.006611091842,0.01471142942,2.970605055e-09,7.726403456e-09,1.381378929e-08,1.693337224e-08,0.0009262888309,5.707884952e-06,0.0001047790782,0.001041773608,0.004817485737,0.01473672182,1.081836005e-08,3.810745539e-08,9.615451881e-08,1.680389532e-07,0.002424402067,7.756347271e-05,0.0009604461987,0.006933085106,0.02691653736,0.0725752752,1.988434409e-09,8.864584869e-09,2.830849395e-08,6.148745575e-08,0.001911572347,5.988218832e-05,0.000795539793,0.006130301208,0.02518985429,0.07155974193,1.814150826e-10,1.089029953e-09,4.682928092e-09,1.338648644e-08,0.001266118026,3.314970155e-05,0.0004813172004,0.0040279359,0.01759604488,0.05280476949,1.69928369e-12,1.7368927e-11,1.220346244e-10,5.291358727e-10,0.0006333018188,7.754402638e-06,0.0001558789294,0.001686198795,0.008617914019,0.02902492369,3.806911006e-16,1.178238188e-14,2.143739757e-13,1.947198999e-12,0.0003631998933,9.161729929e-07,4.219693312e-05,0.0008286125257,0.005959897866,0.024921714,1.224095653e-14,3.847900684e-13,7.110676975e-12,6.55206605e-11,0.001259480158,1.471294688e-05,0.0004271504058,0.00546443241,0.02873589902,0.09025013562,1.780372605e-13,5.69124564e-12,1.069503858e-10,1.000868432e-09,0.003296755373,0.0001194931669,0.002343681954,0.02083068112,0.08282787274,0.2010366091,4.014028e-15,2.765207637e-13,9.954611114e-12,1.529122571e-10,0.003810814022,0.0001132273661,0.002892694997,0.02880067291,0.1142168466,0.2547346619
10,0.03452442298,0.0331290312,0.02852557717,0.02256794178,0.09072988468,0.03935273293,0.06885909186,0.1031945954,0.1295119278,0.1462153463,0.04893263153,0.04695489559,0.04043026462,0.03198630662,0.0981447548,0.0393527338,0.06885909388,0.1031945991,0.1295119334,0.1462153535,0.000810377095,0.00077762367,0.0006695687611,0.000529727723,0.009427265291,0.001600313178,0.004511566143,0.01052842773,0.01894759603,0.02935845632,0.000571761639,0.0005486524568,0.0004724143052,0.000373749447,0.008715032143,0.001600313143,0.004511566011,0.01052842735,0.01894759522,0.02935845488,0.01495913697,0.01003090424,0.006035552442,0.003430036649,0.01996433547,0.00241408745,0.004382005563,0.006794601814,0.008287694727,0.009045871855,0.02186471753,0.01466146665,0.008821742162,0.00501344313,0.02174612572,0.002414087508,0.004382005703,0.00679460208,0.008287695114,0.00904587234,0.0003850905258,0.0002582238706,0.0001553722078,8.829885579e-05,0.002157489022,0.0001006456763,0.0002889909459,0.0006859905607,0.0011807605,0.001743457396,0.0002634665603,0.0001766684726,0.0001063006707,6.041123907e-05,0.001980713031,0.0001006456739,0.0002889909367,0.0006859905339,0.001180760445,0.001743457303,1.039691376e-06,1.517625069e-06,1.676640048e-06,1.435500772e-06,0.002266377275,4.616836986e-05,0.0003965409024,0.002164891872,0.006611091806,0.01471142935,2.970605057e-09,7.726403435e-09,1.381378921e-08,1.693337208e-08,0.000926288825,5.707884877e-06,0.0001047790771,0.001041773599,0.004817485699,0.01473672173,1.085479078e-08,3.823982122e-08,9.64987038e-08,1.686568936e-07,0.002428321686,7.780981528e-05,0.0009630644856,0.006949090367,0.0269705357,0.07270130815,2.020781568e-09,9.013360097e-09,2.879819728e-08,6.258040056e-08,0.001926452424,6.080060883e-05,0.0008060037649,0.006198529414,0.02543334548,0.07215820603,1.873654842e-10,1.125891293e-09,4.846347613e-09,1.386660779e-08,0.001285906198,3.417434134e-05,0.0004940622892,0.004118093998,0.01793786418,0.05369169001,1.787617276e-12,1.829986071e-11,1.287727598e-10,5.591431883e-10,0.0006482014632,8.130078865e-06,0.000162306271,0.001744505387,0.008874696736,0.0297659393,4.076664121e-16,1.263991462e-14,2.303891098e-13,2.096134522e-12,0.0003731473216,9.74317748e-07,4.442806679e-05,0.0008643544939,0.006175308663,0.02566451348,1.305537965e-14,4.109696226e-13,7.605163145e-12,7.016822881e-11,0.001291154414,1.554504361e-05,0.0004468064195,0.005662926451,0.02956989718,0.09226711801,1.893516697e-13,6.058941988e-12,1.139732801e-10,1.067568472e-09,0.003373672928,0.0001255724993,0.002438309222,0.02147057819,0.08474613498,0.2042949371,4.301511445e-15,2.966847468e-13,1.069346755e-11,1.644458129e-10,0.003903012136,0.0001195699678,0.003017296719,0.02969923092,0.1166960765,0.2580102853
11,0.03452442299,0.03312903118,0.02852557713,0.02256794173,0.0907298845,0.03935273284,0.06885909175,0.1031945953,0.1295119278,0.1462153463,0.04893263153,0.04695489556,0.04043026455,0.03198630654,0.09814475459,0.03935273368,0.06885909371,0.1031945989,0.1295119332,0.1462153533,0.0008103770952,0.0007776236691,0.0006695687595,0.0005297277211,0.009427265259,0.00160031317,0.004511566123,0.01052842768,0.01894759596,0.02935845623,0.0005717616392,0.0005486524563,0.0004724143041,0.0003737494458,0.008715032114,0.001600313136,0.004511565994,0.01052842732,0.01894759517,0.02935845482,0.01495913697,0.01003090423,0.006035552433,0.003430036642,0.01996433543,0.002414087444,0.004382005556,0.006794601809,0.008287694726,0.009045871861,0.02186471753,0.01466146664,0.008821742147,0.005013443117,0.02174612567,0.0024140875,0.004382005692,0.006794602067,0.008287695102,0.009045872333,0.0003850905259,0.0002582238703,0.0001553722074,8.829885547e-05,0.002157489014,0.0001006456758,0.0002889909446,0.000685990558,0.001180760496,0.001743457391,0.0002634665604,0.0001766684724,0.0001063006704,6.041123886e-05,0.001980713025,0.0001006456734,0.0002889909357,0.0006859905319,0.001180760442,0.0017434573,1.039691376e-06,1.517625066e-06,1.676640039e-06,1.435500761e-06,0.002266377263,4.616836938e-05,0.000396540899,0.002164891857,0.006611091767,0.01471142929,2.97060506e-09,7.726403412e-09,1.381378912e-08,1.693337191e-08,0.0009262888187,5.707884796e-06,0.0001047790758,0.001041773589,0.004817485659,0.01473672163,1.089426549e-08,3.8383129e-08,9.687105436e-08,1.693249571e-07,0.002432544108,7.807539562e-05,0.0009658852952,0.00696632122,0.02702862932,0.07283680021,2.0563003e-09,9.176655163e-09,2.933550142e-08,6.377924041e-08,0.001942584477,6.180320683e-05,0.000817398739,0.006272652676,0.02569737998,0.07280599891,1.940099114e-10,1.167056377e-09,5.028876672e-09,1.440297604e-08,0.001307532647,3.531069915e-05,0.0005081307667,0.004217172868,0.01831223875,0.05466004041,1.888168255e-12,1.93602195e-11,1.364529221e-10,5.933687291e-10,0.0006646171257,8.554079424e-06,0.0001695069134,0.001809374578,0.009158900909,0.03058216621,4.389545392e-16,1.363540644e-14,2.489976385e-13,2.269339694e-12,0.0003841506751,1.040920153e-06,4.69567041e-05,0.0009044603122,0.006415229773,0.02648607561,1.399621736e-14,4.412256067e-13,8.176912246e-12,7.554447086e-11,0.001326110079,1.649161144e-05,0.000468928377,0.005884079979,0.03049171837,0.094479336,2.023857615e-13,6.482515225e-12,1.22063476e-10,1.144407847e-09,0.003458398713,0.0001324485525,0.002544189183,0.02217928032,0.08685256883,0.2078419106,4.635436551e-15,3.201085786e-13,1.155189375e-11,1.778480148e-10,0.004004655495,0.0001267789706,0.003157051997,0.03069439314,0.1194116784,0.2615541307
12,0.03452442301,0.03312903116,0.02852557709,0.02256794168,0.0907298843,0.03935273274,0.06885909163,0.1031945952,0.1295119277,0.1462153464,0.04893263154,0.04695489552,0.04043026449,0.03198630646,0.09814475436,0.03935273356,0.06885909353,0.1031945987,0.129511933,0.1462153532,0.0008103770953,0.0007776236682,0.0006695687577,0.0005297277191,0.009427265224,0.001600313161,0.004511566101,0.01052842764,0.01894759589,0.02935845613,0.0005717616395,0.0005486524557,0.000472414303,0.0003737494444,0.008715032084,0.001600313128,0.004511565976,0.01052842728,0.01894759512,0.02935845476,0.01495913698,0.01003090423,0.006035552424,0.003430036633,0.01996433538,0.002414087438,0.004382005549,0.006794601803,0.008287694725,0.009045871867,0.02186471753,0.01466146663,0.008821742132,0.005013443104,0.02174612562,0.002414087492,0.004382005681,0.006794602053,0.00828769509,0.009045872325,0.0003850905259,0.00025822387,0.000155372207,8.829885513e-05,0.002157489006,0.0001006456752,0.0002889909432,0.0006859905551,0.001180760491,0.001743457385,0.0002634665605,0.0001766684722,0.0001063006702,6.041123864e-05,0.001980713018,0.0001006456729,0.0002889909345,0.0006859905297,0.001180760439,0.001743457297,1.039691377e-06,1.517625062e-06,1.676640031e-06,1.435500749e-06,0.002266377249,4.616836888e-05,0.0003965408953,0.002164891841,0.006611091726,0.01471142921,2.970605062e-09,7.726403388e-09,1.381378902e-08,1.693337173e-08,0.000926288812,5.707884711e-06,0.0001047790745,0.001041773578,0.004817485617,0.01473672152,1.093663766e-08,3.853682144e-08,9.727006086e-08,1.700403389e-07,0.002437048338,7.835893735e-05,0.0009688946546,0.006984689677,0.02709051319,0.07298101914,2.094974241e-09,9.354376946e-09,2.992004729e-08,6.508307691e-08,0.001959910894,6.288801115e-05,0.0008296956014,0.0063524406,0.0259810233,0.07350056467,2.013762309e-10,1.212698218e-09,5.231286448e-09,1.499787413e-08,0.001330961113,3.656116418e-05,0.0005235342994,0.004325139775,0.01871872455,0.05570792335,2.001970434e-12,2.056108199e-11,1.451567543e-10,6.321825409e-10,0.0006825547597,9.029476828e-06,0.0001775167302,0.001880998521,0.009470957824,0.03147379694,4.750880524e-16,1.478605631e-14,2.705261179e-13,2.469899955e-12,0.0003962256254,1.116786787e-06,4.980446841e-05,0.000949148003,0.006680440904,0.02738747122,1.507807655e-14,4.760304686e-13,8.834910522e-12,8.173444951e-11,0.001364375232,1.756189618e-05,0.0004936566686,0.006128633601,0.03150240282,0.09688481061,2.173285836e-13,6.968078205e-12,1.313372082e-10,1.232486514e-09,0.003550958394,0.000140175638,0.002661807373,0.02295797486,0.0891459284,0.2116677948,5.021685374e-15,3.472039074e-13,1.254494928e-11,1.93353719e-10,0.004115797261,0.0001349225836,0.003312698977,0.03178779999,0.1223602441,0.2653512281
13,0.03452442302,0.03312903114,0.02852557705,0.02256794162,0.09072988409,0.03935273263,0.06885909151,0.1031945951,0.1295119277,0.1462153465,0.04893263155,0.04695489548,0.04043026441,0.03198630638,0.09814475412,0.03935273343,0.06885909335,0.1031945985,0.1295119328,0.146215353,0.0008103770955,0.0007776236672,0.0006695687559,0.000529727717,0.009427265188,0.001600313152,0.004511566077,0.01052842759,0.01894759581,0.02935845602,0.0005717616397,0.0005486524551,0.0004724143018,0.000373749443,0.008715032052,0.00160031312,0.004511565957,0.01052842724,0.01894759507,0.0293584547,0.01495913698,0.01003090422,0.006035552415,0.003430036625,0.01996433533,0.002414087431,0.004382005541,0.006794601796,0.008287694724,0.009045871874,0.02186471754,0.01466146661,0.008821742115,0.00501344309,0.02174612556,0.002414087484,0.004382005669,0.006794602039,0.008287695077,0.009045872317,0.000385090526,0.0002582238697,0.0001553722066,8.829885477e-05,0.002157488998,0.0001006456746,0.0002889909417,0.000685990552,0.001180760487,0.001743457379,0.0002634665606,0.000176668472,0.0001063006699,6.041123841e-05,0.001980713011,0.0001006456724,0.0002889909333,0.0006859905275,0.001180760436,0.001743457294,1.039691378e-06,1.517625058e-06,1.676640021e-06,1.435500737e-06,0.002266377235,4.616836834e-05,0.0003965408915,0.002164891824,0.006611091682,0.01471142914,2.970605065e-09,7.726403363e-09,1.381378891e-08,1.693337153e-08,0.0009262888049,5.70788462e-06,0.0001047790731,0.001041773566,0.004817485572,0.01473672141,1.098175734e-08,3.870032962e-08,9.769418528e-08,1.708001863e-07,0.00244181318,7.865914974e-05,0.0009720784531,0.007004107021,0.0271558802,0.07313322867,2.136786607e-09,9.546429275e-09,3.055146189e-08,6.649097236e-08,0.001978372741,6.405296898e-05,0.0008428642205,0.006437656022,0.02628331738,0.07423929259,2.094947446e-10,1.263004566e-09,5.454411992e-09,1.565376887e-08,0.00135615382,3.792825173e-05,0.0005402848636,0.004441958087,0.01915685036,0.05683335151,2.130183061e-12,2.191485999e-11,1.549756449e-10,6.759985254e-10,0.0007020204579,9.559624889e-06,0.000186374313,0.001959580527,0.009811314389,0.03244100295,5.166823159e-16,1.611172631e-14,2.953514802e-13,2.70137522e-12,0.000409388661,1.202820551e-06,5.299511687e-05,0.0009986524838,0.006971766697,0.02836979411,1.631773564e-14,5.159262042e-13,9.58945394e-12,8.883551112e-11,0.001405979108,1.876612348e-05,0.0005211434777,0.00639737165,0.03260300693,0.09948136516,2.343963881e-13,7.522609487e-12,1.419269e-10,1.333055189e-09,0.003651377938,0.000148813188,0.002791683453,0.023807889,0.0916248063,0.2157623756,5.46707773e-15,3.784470954e-13,1.3690027e-11,2.112336706e-10,0.004236492116,0.0001440760429,0.003485030538,0.03298113625,0.1255380591,0.2693860752
14,0.03452442303,0.03312903112,0.028525577,0.02256794156,0.09072988388,0.03935273252,0.06885909138,0.103194595,0.1295119277,0.1462153465,0.04893263155,0.04695489544,0.04043026434,0.03198630629,0.09814475386,0.03935273329,0.06885909315,0.1031945983,0.1295119326,0.1462153529,0.0008103770956,0.0007776236662,0.000669568754,0.0005297277147,0.00942726515,0.001600313142,0.004511566053,0.01052842754,0.01894759573,0.02935845591,0.0005717616399,0.0005486524545,0.0004724143006,0.0003737494415,0.008715032018,0.001600313111,0.004511565937,0.01052842721,0.01894759501,0.02935845464,0.01495913699,0.01003090421,0.006035552404,0.003430036616,0.01996433528,0.002414087424,0.004382005533,0.00679460179,0.008287694722,0.00904587188,0.02186471754,0.0146614666,0.008821742098,0.005013443076,0.0217461255,0.002414087475,0.004382005656,0.006794602024,0.008287695063,0.009045872308,0.0003850905261,0.0002582238693,0.0001553722061,8.829885439e-05,0.002157488989,0.000100645674,0.0002889909402,0.0006859905488,0.001180760482,0.001743457373,0.0002634665607,0.0001766684718,0.0001063006696,6.041123816e-05,0.001980713003,0.0001006456719,0.0002889909321,0.0006859905251,0.001180760433,0.001743457291,1.039691378e-06,1.517625055e-06,1.676640011e-06,1.435500725e-06,0.00226637722,4.616836778e-05,0.0003965408875,0.002164891806,0.006611091637,0.01471142906,2.970605068e-09,7.726403336e-09,1.38137888e-08,1.693337133e-08,0.0009262887974,5.707884526e-06,0.0001047790716,0.001041773554,0.004817485525,0.0147367213,1.102946992e-08,3.887306903e-08,9.814185194e-08,1.716015831e-07,0.002446817196,7.897472422e-05,0.0009754224141,0.007024483662,0.02722442079,0.07329268818,2.181717698e-09,9.752701535e-09,3.122932107e-08,6.800186693e-08,0.001997909228,6.529588918e-05,0.0008568728929,0.006528052009,0.02660327154,0.07501949921,2.18397634e-10,1.318174371e-09,5.699136099e-09,1.637326229e-08,0.001383070183,3.941449577e-05,0.0005583935221,0.004567579677,0.01962609254,0.05803419149,2.274090276e-12,2.343528981e-11,1.66010644e-10,7.252739778e-10,0.0007230191212,1.014812237e-05,0.0001961202554,0.002045328602,0.01018040649,0.03348386583,5.644426227e-16,1.763516694e-14,3.239052198e-13,2.967838658e-12,0.0004236561125,1.300020158e-06,5.65543537e-05,0.00105322155,0.007290052079,0.02943408331,1.77342997e-14,5.615290916e-13,1.045223285e-11,9.695803963e-11,0.00145094914,2.011544575e-05,0.0005515506649,0.006691099474,0.03379451732,0.1022664603,2.538342724e-13,8.154000877e-12,1.539819607e-10,1.447521952e-09,0.003759676755,0.0001584251885,0.002934360289,0.02473022127,0.09428746935,0.2201147802,5.979459795e-15,4.1438502e-13,1.500705054e-11,2.31797366e-10,0.004366787853,0.0001543211467,0.003674879804,0.03427603317,0.128940907,0.2736425347
15,0.03452442304,0.0331290311,0.02852557695,0.0225679415,0.09072988365,0.03935273241,0.06885909124,0.1031945949,0.1295119276,0.1462153466,0.04893263156,0.0469548954,0.04043026426,0.0319863062,0.0981447536,0.03935273314,0.06885909295,0.103194598,0.1295119323,0.1462153527,0.0008103770958,0.0007776236651,0.0006695687521,0.0005297277124,0.009427265111,0.001600313132,0.004511566028,0.01052842749,0.01894759564,0.0293584558,0.0005717616402,0.0005486524539,0.0004724142993,0.0003737494399,0.008715031984,0.001600313102,0.004511565916,0.01052842717,0.01894759495,0.02935845457,0.01495913699,0.01003090421,0.006035552394,0.003430036606,0.01996433523,0.002414087417,0.004382005524,0.006794601783,0.008287694721,0.009045871888,0.02186471754,0.01466146659,0.008821742081,0.005013443061,0.02174612544,0.002414087466,0.004382005643,0.006794602008,0.008287695049,0.009045872299,0.0003850905261,0.000258223869,0.0001553722057,8.8298854e-05,0.00215748898,0.0001006456734,0.0002889909386,0.0006859905454,0.001180760477,0.001743457367,0.0002634665609,0.0001766684716,0.0001063006693,6.041123791e-05,0.001980712995,0.0001006456713,0.0002889909308,0.0006859905227,0.00118076043,0.001743457288,1.039691379e-06,1.51762505e-06,1.676640001e-06,1.435500711e-06,0.002266377204,4.61683672e-05,0.0003965408833,0.002164891787,0.006611091589,0.01471142898,2.970605071e-09,7.726403308e-09,1.381378869e-08,1.693337112e-08,0.0009262887897,5.707884427e-06,0.0001047790701,0.001041773542,0.004817485476,0.01473672117,1.107961506e-08,3.905443586e-08,9.861143892e-08,1.724415361e-07,0.002452038669,7.930433149e-05,0.0009789120691,0.00704572904,0.02729582274,0.07345865246,2.229742329e-09,9.973057002e-09,3.195311147e-08,6.961449436e-08,0.002018457215,6.661438645e-05,0.0008716878077,0.006623368991,0.0269398541,0.07583841185,2.281183226e-10,1.37841374e-09,5.966370902e-09,1.715903621e-08,0.001411665526,4.102233321e-05,0.0005778691442,0.004701937161,0.02012584974,0.05930810884,2.435098556e-12,2.513740127e-11,1.78372209e-10,7.805083316e-10,0.0007455530742,1.079876799e-05,0.0002067963298,0.002138448366,0.01057863077,0.03460230653,6.191712738e-16,1.938223871e-14,3.566774675e-13,3.273914058e-12,0.0004390431147,1.409477772e-06,6.050958417e-05,0.001113111213,0.007636135177,0.0305812414,1.934934754e-14,6.135340913e-13,1.14364088e-11,1.06226124e-10,0.001499307845,2.162186485e-05,0.000585047241,0.007010618399,0.03507776076,0.1052370291,2.759176626e-13,8.871098678e-12,1.676694406e-10,1.577457293e-09,0.003875860578,0.0001690794588,0.003090391555,0.02572606871,0.0971316933,0.2247133091,6.567794111e-15,4.556408695e-13,1.651866762e-11,2.55395797e-10,0.004506716583,0.0001657456045,0.00388310341,0.03567396481,0.1325638771,0.27810375
16,0.03452442305,0.03312903107,0.0285255769,0.02256794144,0.09072988342,0.03935273229,0.0688590911,0.1031945948,0.1295119276,0.1462153467,0.04893263156,0.04695489535,0.04043026418,0.0319863061,0.09814475333,0.039352733,0.06885909274,0.1031945978,0.1295119321,0.1462153525,0.000810377096,0.000777623664,0.00066956875,0.00052972771,0.00942726507,0.001600313121,0.004511566001,0.01052842743,0.01894759555,0.02935845568,0.0005717616404,0.0005486524533,0.000472414298,0.0003737494383,0.008715031948,0.001600313093,0.004511565894,0.01052842713,0.01894759489,0.0293584545,0.014959137,0.0100309042,0.006035552383,0.003430036597,0.01996433518,0.00241408741,0.004382005516,0.006794601776,0.00828769472,0.009045871895,0.02186471754,0.01466146657,0.008821742062,0.005013443046,0.02174612538,0.002414087457,0.004382005629,0.006794601992,0.008287695035,0.00904587229,0.0003850905262,0.0002582238686,0.0001553722052,8.829885359e-05,0.002157488971,0.0001006456727,0.0002889909369,0.000685990542,0.001180760471,0.00174345736,0.000263466561,0.0001766684714,0.000106300669,6.041123765e-05,0.001980712987,0.0001006456708,0.0002889909294,0.0006859905201,0.001180760426,0.001743457284,1.03969138e-06,1.517625046e-06,1.676639991e-06,1.435500698e-06,0.002266377188,4.61683666e-05,0.000396540879,0.002164891767,0.00661109154,0.01471142889,2.970605074e-09,7.726403279e-09,1.381378857e-08,1.69333709e-08,0.0009262887817,5.707884326e-06,0.0001047790685,0.001041773529,0.004817485425,0.01473672105,1.113202567e-08,3.924380373e-08,9.910127031e-08,1.733169625e-07,0.002457455576,7.964661899e-05,0.0009825327385,0.007067751532,0.02736977103,0.07363037167,2.280827178e-09,1.020732083e-08,3.272219149e-08,7.132729573e-08,0.002039950741,6.800582645e-05,0.000887272529,0.006723332057,0.02729198458,0.07669315373,2.386907359e-10,1.443931251e-09,6.257036648e-09,1.801378852e-08,0.001441889813,4.275397889e-05,0.0005987170593,0.004844935963,0.02065541766,0.0606525144,2.614731239e-12,2.703745467e-11,1.921797089e-10,8.42240781e-10,0.0007696206185,1.15155045e-05,0.0002184445364,0.002239135263,0.01100631458,0.03579601233,6.817741238e-16,2.138211393e-14,3.94220643e-13,3.624808803e-12,0.0004555624965,1.532374074e-06,6.488959266e-05,0.001178580247,0.008010817406,0.03181194827,2.118705741e-14,6.727184684e-13,1.255667505e-11,1.167780563e-10,0.001551069554,2.329812295e-05,0.0006218063357,0.007356697998,0.03645330953,0.1083893134,3.009534646e-13,9.683732949e-12,1.831744342e-10,1.724596586e-09,0.003999914044,0.0001808467379,0.00326032758,0.02679634942,0.1001545966,0.2295452793,7.242245892e-15,5.029195598e-13,1.825042525e-11,2.82423849e-10,0.004656285542,0.0001784421483,0.004110562117,0.03717613803,0.1364011762,0.282752078
17,0.03452442307,0.03312903105,0.02852557685,0.02256794138,0.09072988318,0.03935273217,0.06885909096,0.1031945947,0.1295119275,0.1462153468,0.04893263157,0.04695489531,0.0404302641,0.03198630601,0.09814475305,0.03935273284,0.06885909252,0.1031945975,0.1295119319,0.1462153524,0.0008103770961,0.0007776236629,0.0006695687479,0.0005297277075,0.009427265028,0.001600313111,0.004511565974,0.01052842738,0.01894759546,0.02935845556,0.0005717616407,0.0005486524526,0.0004724142966,0.0003737494367,0.008715031911,0.001600313083,0.004511565872,0.01052842708,0.01894759483,0.02935845443,0.014959137,0.01003090419,0.006035552372,0.003430036587,0.01996433512,0.002414087402,0.004382005507,0.006794601769,0.008287694718,0.009045871903,0.02186471755,0.01466146656,0.008821742044,0.00501344303,0.02174612532,0.002414087447,0.004382005615,0.006794601975,0.008287695019,0.00904587228,0.0003850905263,0.0002582238682,0.0001553722047,8.829885317e-05,0.002157488961,0.0001006456721,0.0002889909352,0.0006859905384,0.001180760466,0.001743457354,0.0002634665611,0.0001766684712,0.0001063006687,6.041123738e-05,0.001980712978,0.0001006456702,0.000288990928,0.0006859905175,0.001180760423,0.001743457281,1.039691381e-06,1.517625042e-06,1.67663998e-06,1.435500683e-06,0.002266377172,4.616836598e-05,0.0003965408745,0.002164891748,0.00661109149,0.0147114288,2.970605077e-09,7.72640325e-09,1.381378845e-08,1.693337068e-08,0.0009262887735,5.707884221e-06,0.0001047790669,0.001041773515,0.004817485373,0.01473672092,1.118652693e-08,3.944052064e-08,9.960960929e-08,1.742246789e-07,0.002463045566,8.000020881e-05,0.000986269515,0.007090458397,0.02744594773,0.07380709138,2.334928048e-09,1.045526766e-08,3.353575122e-08,7.313833132e-08,0.002062320593,6.946727199e-05,0.0009035874987,0.006827648413,0.0276585265,0.07758073064,2.501484415e-10,1.514932527e-09,6.572037147e-09,1.894015964e-08,0.001473686378,4.46112899e-05,0.0006209376427,0.004996446216,0.02121396386,0.06206451212,2.814619092e-12,2.915283462e-11,2.075606046e-10,9.110464135e-10,0.0007952145211,1.230234978e-05,0.0002311060019,0.002347565985,0.01146368406,0.03706436163,7.532659633e-16,2.366743817e-14,4.371522879e-13,4.026338613e-12,0.0004732235909,1.669969936e-06,6.972412751e-05,0.001249883844,0.008414830418,0.03312657028,2.327429422e-14,7.39944083e-13,1.38292899e-11,1.287665588e-10,0.001606236939,2.515755346e-05,0.0006620015745,0.007730045382,0.037921382,0.1117187005,3.292806666e-13,1.060272772e-11,2.007000972e-10,1.890838688e-09,0.004131792947,0.0001937995372,0.003444699205,0.02794172009,0.1033524738,0.2345968816,8.014258788e-15,5.570122839e-13,2.023090843e-11,3.133220642e-10,0.004815467435,0.0001925073451,0.004358098355,0.03878337587,0.1404459441,0.2875690423
18,0.03452442308,0.03312903103,0.0285255768,0.02256794132,0.09072988293,0.03935273204,0.06885909081,0.1031945945,0.1295119275,0.1462153468,0.04893263158,0.04695489526,0.04043026402,0.03198630591,0.09814475276,0.03935273269,0.0688590923,0.1031945973,0.1295119316,0.1462153522,0.0008103770963,0.0007776236617,0.0006695687458,0.000529727705,0.009427264985,0.0016003131,0.004511565947,0.01052842732,0.01894759537,0.02935845543,0.000571761641,0.0005486524519,0.0004724142953,0.000373749435,0.008715031873,0.001600313074,0.004511565849,0.01052842704,0.01894759477,0.02935845436,0.01495913701,0.01003090419,0.00603555236,0.003430036577,0.01996433507,0.002414087394,0.004382005497,0.006794601761,0.008287694717,0.009045871911,0.02186471755,0.01466146654,0.008821742024,0.005013443013,0.02174612525,0.002414087437,0.004382005601,0.006794601958,0.008287695004,0.009045872271,0.0003850905264,0.0002582238678,0.0001553722042,8.829885274e-05,0.002157488951,0.0001006456714,0.0002889909334,0.0006859905348,0.00118076046,0.001743457347,0.0002634665612,0.000176668471,0.0001063006684,6.04112371e-05,0.00198071297,0.0001006456696,0.0002889909266,0.0006859905149,0.001180760419,0.001743457277,1.039691381e-06,1.517625038e-06,1.676639969e-06,1.435500669e-06,0.002266377155,4.616836535e-05,0.00039654087,0.002164891727,0.006611091439,0.01471142871,2.97060508e-09,7.726403219e-09,1.381378833e-08,1.693337045e-08,0.000926288765,5.707884114e-06,0.0001047790653,0.001041773502,0.00481748532,0.01473672079,1.124293552e-08,3.964390631e-08,1.00134652e-07,1.751613915e-07,0.002468785941,8.036369618e-05,0.000990107253,0.007113755738,0.02752403198,0.07398805287,2.391987029e-09,1.071660889e-08,3.439277137e-08,7.504519058e-08,0.002085493913,7.09954306e-05,0.0009205895622,0.006936005016,0.02803828089,0.07849801926,2.625236476e-10,1.591613946e-09,6.912231459e-09,1.994064802e-08,0.001506990677,4.659561911e-05,0.0006445248305,0.005156294511,0.02180050277,0.06354084867,3.036485733e-12,3.150188819e-11,2.246492147e-10,9.875304454e-10,0.0008223204354,1.316331261e-05,0.0002448197144,0.002463889057,0.01195083021,0.03840634677,8.347739334e-16,2.627442509e-14,4.861565732e-13,4.484939264e-12,0.000492030962,1.823593781e-06,7.504337551e-05,0.00132726624,0.008848799724,0.03452506491,2.564063721e-14,8.161576589e-13,1.527206995e-11,1.423586163e-10,0.001664797373,2.72138836e-05,0.0007058027801,0.008131271287,0.03948173868,0.1152195636,3.612701265e-13,1.163988363e-11,2.20467117e-10,2.078239187e-09,0.004271416176,0.0002080107198,0.003643999451,0.02916248848,0.1067206302,0.239853053,8.896611148e-15,6.187995597e-13,2.24918192e-11,3.48577406e-10,0.004984190342,0.0002080400546,0.004626510399,0.04049599431,0.1446900775,0.2925353059
19,0.03452442309,0.033129031,0.02852557675,0.02256794125,0.09072988268,0.03935273192,0.06885909066,0.1031945944,0.1295119275,0.1462153469,0.04893263159,0.04695489522,0.04043026393,0.0319863058,0.09814475247,0.03935273253,0.06885909208,0.103194597,0.1295119314,0.146215352,0.0008103770965,0.0007776236605,0.0006695687436,0.0005297277024,0.009427264941,0.001600313088,0.004511565919,0.01052842726,0.01894759528,0.0293584553,0.0005717616412,0.0005486524512,0.0004724142938,0.0003737494333,0.008715031834,0.001600313064,0.004511565826,0.010528427,0.0189475947,0.02935845428,0.01495913702,0.01003090418,0.006035552348,0.003430036566,0.01996433501,0.002414087386,0.004382005488,0.006794601754,0.008287694715,0.009045871919,0.02186471755,0.01466146653,0.008821742005,0.005013442997,0.02174612518,0.002414087427,0.004382005586,0.006794601941,0.008287694988,0.009045872261,0.0003850905265,0.0002582238674,0.0001553722037,8.829885231e-05,0.002157488941,0.0001006456707,0.0002889909317,0.0006859905311,0.001180760455,0.001743457339,0.0002634665614,0.0001766684708,0.0001063006681,6.041123682e-05,0.001980712961,0.000100645669,0.0002889909252,0.0006859905122,0.001180760416,0.001743457274,1.039691382e-06,1.517625033e-06,1.676639957e-06,1.435500654e-06,0.002266377138,4.61683647e-05,0.0003965408653,0.002164891706,0.006611091386,0.01471142862,2.970605083e-09,7.726403188e-09,1.38137882e-08,1.693337022e-08,0.0009262887565,5.707884005e-06,0.0001047790636,0.001041773488,0.004817485266,0.01473672065,1.130105886e-08,3.985324983e-08,1.006745221e-07,1.761236879e-07,0.002474653653,8.073564827e-05,0.0009940305612,0.007137548497,0.02760370009,0.07417249343,2.451929573e-09,1.099097957e-08,3.529198127e-08,7.704490067e-08,0.002109393839,7.258660373e-05,0.0009382315208,0.007048066405,0.02842998054,0.07944175731,2.758460471e-10,1.674155403e-09,7.278401397e-09,2.101751348e-08,0.001541729059,4.870765752e-05,0.0006694645709,0.005324255542,0.02241387107,0.06507786529,3.28212663e-12,3.41036937e-11,2.435849679e-10,1.072320115e-09,0.0008509152607,1.410229135e-05,0.0002596210766,0.002588214555,0.01246767315,0.03982049528,9.275379569e-16,2.924285177e-14,5.419838584e-13,5.007659341e-12,0.0005119830477,1.994623676e-06,8.087730924e-05,0.001410952242,0.009313204896,0.03600688117,2.831832165e-14,9.023881929e-13,1.690432741e-11,1.577347653e-10,0.001726719087,2.948098007e-05,0.0007533709276,0.008560852885,0.04113357414,0.118885105,3.973232224e-13,1.280792277e-11,2.427124469e-10,2.288996545e-09,0.004418657353,0.0002235517679,0.003858662861,0.0304585212,0.110253218,0.2452973651,9.90344128e-15,6.892519787e-13,2.506796692e-11,3.887225777e-10,0.005162327193,0.0002251394711,0.004916522891,0.04231367317,0.1491240609,0.297630665
20,0.03452442311,0.03312903098,0.02852557669,0.02256794118,0.09072988243,0.03935273179,0.0688590905,0.1031945943,0.1295119274,0.146215347,0.04893263159,0.04695489517,0.04043026384,0.0319863057,0.09814475217,0.03935273237,0.06885909185,0.1031945967,0.1295119311,0.1462153518,0.0008103770967,0.0007776236593,0.0006695687414,0.0005297276998,0.009427264896,0.001600313077,0.00451156589,0.0105284272,0.01894759518,0.02935845517,0.0005717616415,0.0005486524505,0.0004724142924,0.0003737494315,0.008715031795,0.001600313054,0.004511565802,0.01052842695,0.01894759464,0.02935845421,0.01495913702,0.01003090417,0.006035552337,0.003430036556,0.01996433495,0.002414087378,0.004382005478,0.006794601746,0.008287694714,0.009045871927,0.02186471756,0.01466146651,0.008821741985,0.00501344298,0.02174612511,0.002414087417,0.004382005571,0.006794601923,0.008287694972,0.009045872251,0.0003850905265,0.000258223867,0.0001553722031,8.829885186e-05,0.00215748893,0.0001006456699,0.0002889909298,0.0006859905273,0.001180760449,0.001743457332,0.0002634665615,0.0001766684705,0.0001063006677,6.041123653e-05,0.001980712952,0.0001006456683,0.0002889909237,0.0006859905094,0.001180760412,0.00174345727,1.039691383e-06,1.517625028e-06,1.676639946e-06,1.435500639e-06,0.00226637712,4.616836405e-05,0.0003965408606,0.002164891685,0.006611091333,0.01471142853,2.970605086e-09,7.726403157e-09,1.381378808e-08,1.693336998e-08,0.0009262887478,5.707883895e-06,0.0001047790619,0.001041773474,0.004817485211,0.01473672051,1.136069449e-08,4.006780767e-08,1.012272667e-07,1.771080305e-07,0.002480625292,8.111460355e-05,0.0009980238,0.007161740457,0.02768462561,0.07435964688,2.514661494e-09,1.127792503e-08,3.623181626e-08,7.913383394e-08,0.002133939183,7.423663814e-05,0.0009564617138,0.007163472745,0.02883228496,0.08040853532,2.901414898e-10,1.762712027e-09,7.671214546e-09,2.217266766e-08,0.00157781757,5.094726589e-05,0.0006957332183,0.005500043726,0.02305270364,0.06667145232,3.553380236e-12,3.697774546e-11,2.645100351e-10,1.166053771e-09,0.0008809654492,1.512295357e-05,0.0002755402721,0.002720602977,0.0130139247,0.0413047903,1.032906942e-15,3.26159145e-14,6.054475431e-13,5.602126931e-12,0.0005330707237,2.184463141e-06,8.725489164e-05,0.0015011376,0.009808336416,0.03757085669,3.134206356e-14,9.997405117e-13,1.874673294e-11,1.75087669e-10,0.001791947176,3.197252969e-05,0.0008048522974,0.009019093352,0.04287540579,0.1227072064,4.378689869e-13,1.412038395e-11,2.676870877e-10,2.525429156e-09,0.004573336226,0.000240490707,0.004089042443,0.03182914737,0.1139430773,0.250911932,1.105022737e-14,7.69427671e-13,2.799713478e-11,4.343333635e-10,0.005349684879,0.0002439026967,0.005228753599,0.04423532191,0.1537368092,0.3028340632
21,0.03452442312,0.03312903095,0.02852557664,0.02256794112,0.09072988217,0.03935273166,0.06885909035,0.1031945941,0.1295119274,0.1462153471,0.0489326316,0.04695489512,0.04043026375,0.0319863056,0.09814475187,0.0393527322,0.06885909162,0.1031945965,0.1295119309,0.1462153516,0.0008103770969,0.0007776236581,0.0006695687392,0.0005297276972,0.009427264852,0.001600313066,0.004511565861,0.01052842714,0.01894759509,0.02935845504,0.0005717616418,0.0005486524498,0.0004724142909,0.0003737494298,0.008715031756,0.001600313043,0.004511565778,0.01052842691,0.01894759457,0.02935845413,0.01495913703,0.01003090416,0.006035552325,0.003430036545,0.0199643349,0.00241408737,0.004382005469,0.006794601738,0.008287694713,0.009045871935,0.02186471756,0.0146614665,0.008821741965,0.005013442963,0.02174612505,0.002414087407,0.004382005556,0.006794601905,0.008287694956,0.009045872241,0.0003850905266,0.0002582238666,0.0001553722026,8.829885142e-05,0.00215748892,0.0001006456692,0.000288990928,0.0006859905235,0.001180760443,0.001743457325,0.0002634665616,0.0001766684703,0.0001063006674,6.041123624e-05,0.001980712943,0.0001006456677,0.0002889909222,0.0006859905066,0.001180760408,0.001743457266,1.039691384e-06,1.517625024e-06,1.676639934e-06,1.435500624e-06,0.002266377103,4.616836339e-05,0.0003965408559,0.002164891664,0.006611091279,0.01471142843,2.97060509e-09,7.726403125e-09,1.381378795e-08,1.693336974e-08,0.000926288739,5.707883783e-06,0.0001047790601,0.00104177346,0.004817485155,0.01473672038,1.142162951e-08,4.028680205e-08,1.017908524e-07,1.781107507e-07,0.002486677097,8.149907146e-05,0.001002071082,0.007186234278,0.02776647953,0.07454874409,2.580065913e-09,1.157688735e-08,3.721037478e-08,8.130761546e-08,0.002159044168,7.594087998e-05,0.0009752236361,0.0072818381,0.02924377616,0.08139479042,3.054304747e-10,1.857404827e-09,8.091182607e-09,2.340755107e-08,0.001615160798,5.331329683e-05,0.0007232958865,0.005683304869,0.02371541043,0.06831700689,3.852089816e-12,4.014353917e-11,2.875662345e-10,1.269366673e-09,0.0009124252739,1.622859552e-05,0.0002926004396,0.002861053314,0.01358904954,0.04285659103,1.152329271e-15,3.643989768e-14,6.774173277e-13,6.276481974e-12,0.0005552757964,2.39450968e-06,9.420312486e-05,0.001597978186,0.01033424939,0.03921511248,3.474873066e-14,1.109383828e-12,2.082108292e-11,1.946197849e-10,0.00186039947,3.470164741e-05,0.0008603717934,0.009506078399,0.04470496047,0.1266762865,4.833592892e-13,1.559145487e-11,2.956526746e-10,2.789941158e-09,0.004735209891,0.0002588896588,0.004335384256,0.03327305898,0.1177815833,0.2566773363,1.235370465e-14,8.604653092e-13,3.131978113e-11,4.860233684e-10,0.005545993092,0.0002644217972,0.005563676384,0.04625894179,0.1585155247,0.3081236267
22,0.03452442314,0.03312903093,0.02852557658,0.02256794105,0.09072988192,0.03935273152,0.06885909019,0.103194594,0.1295119273,0.1462153472,0.04893263161,0.04695489507,0.04043026367,0.03198630549,0.09814475157,0.03935273204,0.06885909139,0.1031945962,0.1295119306,0.1462153514,0.000810377097,0.0007776236569,0.0006695687369,0.0005297276945,0.009427264806,0.001600313054,0.004511565832,0.01052842708,0.01894759499,0.02935845491,0.0005717616421,0.0005486524491,0.0004724142895,0.000373749428,0.008715031716,0.001600313033,0.004511565754,0.01052842686,0.01894759451,0.02935845405,0.01495913704,0.01003090415,0.006035552313,0.003430036534,0.01996433484,0.002414087362,0.004382005459,0.00679460173,0.008287694711,0.009045871943,0.02186471756,0.01466146648,0.008821741945,0.005013442946,0.02174612498,0.002414087396,0.004382005541,0.006794601888,0.00828769494,0.00904587223,0.0003850905267,0.0002582238662,0.0001553722021,8.829885097e-05,0.00215748891,0.0001006456685,0.0002889909262,0.0006859905197,0.001180760437,0.001743457318,0.0002634665618,0.0001766684701,0.0001063006671,6.041123595e-05,0.001980712934,0.0001006456671,0.0002889909207,0.0006859905038,0.001180760404,0.001743457262,1.039691385e-06,1.517625019e-06,1.676639923e-06,1.435500609e-06,0.002266377085,4.616836272e-05,0.0003965408511,0.002164891643,0.006611091225,0.01471142834,2.970605093e-09,7.726403094e-09,1.381378782e-08,1.69333695e-08,0.0009262887301,5.707883671e-06,0.0001047790584,0.001041773445,0.0048174851,0.01473672024,1.14836402e-08,4.050941963e-08,1.023631627e-07,1.791280456e-07,0.002492784956,8.18875326e-05,0.00100615628,0.007210931546,0.02784893051,0.0747390137,2.64800018e-09,1.188719182e-08,3.822537561e-08,8.356103137e-08,0.002184618189,7.76941322e-05,0.0009944555952,0.007402748965,0.0296629553,0.08239680187,3.217264577e-10,1.958310218e-09,8.538615019e-09,2.472299673e-08,0.001653650788,5.580340874e-05,0.0007521047796,0.005873608013,0.02440015455,0.07000939462,4.180054471e-12,4.362004283e-11,3.128911018e-10,1.382873055e-09,0.0009452350767,1.742198039e-05,0.000310815661,0.003009490427,0.0141922256,0.04447255436,1.287335861e-15,4.076360155e-14,7.588078689e-13,7.039264937e-12,0.0005785694402,2.626115086e-06,0.0001017459338,0.001701578018,0.01089071457,0.04093694673,3.857681831e-14,1.232534009e-12,2.314994773e-11,2.16539911e-10,0.001931962306,3.768040562e-05,0.0009200254193,0.01002163013,0.04661906066,0.1307811696,5.342615795e-13,1.723572644e-11,3.268766052e-10,3.084974669e-09,0.004903963942,0.0002788020074,0.004597799762,0.03478820937,0.1217585027,0.2625725779,1.383169919e-14,9.635712817e-13,3.507852803e-11,5.444354598e-10,0.005750893011,0.000286780302,0.005921580536,0.04838148649,0.163445569,0.3134767184
23,0.03452442315,0.0331290309,0.02852557653,0.02256794098,0.09072988166,0.03935273139,0.06885909004,0.1031945939,0.1295119273,0.1462153473,0.04893263161,0.04695489503,0.04043026358,0.03198630539,0.09814475127,0.03935273187,0.06885909115,0.1031945959,0.1295119303,0.1462153512,0.0008103770972,0.0007776236557,0.0006695687347,0.0005297276919,0.009427264761,0.001600313043,0.004511565803,0.01052842702,0.01894759489,0.02935845478,0.0005717616424,0.0005486524484,0.000472414288,0.0003737494262,0.008715031676,0.001600313023,0.00451156573,0.01052842682,0.01894759444,0.02935845398,0.01495913704,0.01003090415,0.0060355523,0.003430036524,0.01996433478,0.002414087354,0.004382005449,0.006794601723,0.00828769471,0.009045871952,0.02186471756,0.01466146647,0.008821741924,0.005013442929,0.02174612491,0.002414087386,0.004382005526,0.00679460187,0.008287694924,0.00904587222,0.0003850905268,0.0002582238658,0.0001553722015,8.829885052e-05,0.002157488899,0.0001006456678,0.0002889909243,0.0006859905158,0.001180760431,0.00174345731,0.0002634665619,0.0001766684699,0.0001063006668,6.041123566e-05,0.001980712925,0.0001006456664,0.0002889909192,0.000685990501,0.001180760401,0.001743457259,1.039691386e-06,1.517625015e-06,1.676639911e-06,1.435500594e-06,0.002266377067,4.616836205e-05,0.0003965408463,0.002164891621,0.006611091171,0.01471142824,2.970605097e-09,7.726403062e-09,1.381378769e-08,1.693336926e-08,0.0009262887213,5.707883558e-06,0.0001047790567,0.001041773431,0.004817485044,0.0147367201,1.154649169e-08,4.073481061e-08,1.029419962e-07,1.801559754e-07,0.002498924422,8.22784392e-05,0.001010263028,0.007235732838,0.02793164515,0.07492968284,2.718292813e-09,1.22080335e-08,3.927411593e-08,8.588793966e-08,0.002210565644,7.949061592e-05,0.001014090415,0.007525763073,0.03008824022,0.08341068854,3.390339755e-10,2.06544848e-09,9.013568034e-09,2.611908116e-08,0.001693166017,5.841387425e-05,0.0007820975259,0.00607043758,0.02510483188,0.07174291576,4.538967961e-12,4.742503917e-11,3.4061303e-10,1.507144041e-09,0.0009793195242,1.870515573e-05,0.0003301887771,0.003165751874,0.01482230408,0.04614855905,1.439513853e-15,4.563746827e-14,8.505617269e-13,7.899251671e-12,0.0006029105986,2.880536737e-06,0.0001099028804,0.0018119762,0.01147716721,0.04273272958,4.286568509e-14,1.370428181e-12,2.575617632e-11,2.41058393e-10,0.002006486285,4.091928077e-05,0.0009838719446,0.01056525878,0.0486135122,0.1350089674,5.910486747e-13,1.906785384e-11,3.616254426e-10,3.412946142e-09,0.005079203686,0.0003002691761,0.0048762362,0.03637171139,0.1258618617,0.2685750437,1.550285503e-14,1.079999503e-12,3.931738507e-11,6.102291534e-10,0.005963926012,0.0003110491297,0.006302526816,0.05059872337,0.1685103557,0.3188700112
24,0.03452442317,0.03312903088,0.02852557647,0.02256794091,0.0907298814,0.03935273126,0.06885908988,0.1031945938,0.1295119272,0.1462153473,0.04893263162,0.04695489498,0.04043026349,0.03198630528,0.09814475097,0.03935273171,0.06885909092,0.1031945957,0.1295119301,0.1462153511,0.0008103770974,0.0007776236545,0.0006695687324,0.0005297276892,0.009427264716,0.001600313031,0.004511565774,0.01052842696,0.0189475948,0.02935845465,0.0005717616427,0.0005486524477,0.0004724142866,0.0003737494244,0.008715031636,0.001600313013,0.004511565706,0.01052842677,0.01894759438,0.0293584539,0.01495913705,0.01003090414,0.006035552288,0.003430036513,0.01996433472,0.002414087346,0.004382005439,0.006794601715,0.008287694708,0.00904587196,0.02186471757,0.01466146645,0.008821741904,0.005013442912,0.02174612484,0.002414087376,0.004382005511,0.006794601852,0.008287694908,0.00904587221,0.0003850905269,0.0002582238654,0.000155372201,8.829885007e-05,0.002157488889,0.000100645667,0.0002889909225,0.000685990512,0.001180760425,0.001743457303,0.000263466562,0.0001766684696,0.0001063006664,6.041123537e-05,0.001980712915,0.0001006456658,0.0002889909177,0.0006859904982,0.001180760397,0.001743457255,1.039691387e-06,1.51762501e-06,1.676639899e-06,1.435500579e-06,0.00226637705,4.616836139e-05,0.0003965408415,0.0021648916,0.006611091116,0.01471142815,2.9706051e-09,7.72640303e-09,1.381378756e-08,1.693336902e-08,0.0009262887125,5.707883446e-06,0.0001047790549,0.001041773417,0.004817484988,0.01473671996,1.160993776e-08,4.09620882e-08,1.035250659e-07,1.811904625e-07,0.00250507073,8.267021606e-05,0.001014374743,0.007260537805,0.02801428825,0.07511997789,2.790740506e-09,1.253846424e-08,4.035343094e-08,8.82811848e-08,0.002236785798,8.132393667e-05,0.001034055187,0.007650408495,0.03051796388,0.08443240836,3.573465982e-10,2.178771205e-09,9.515789622e-09,2.759496383e-08,0.001733570486,6.113938608e-05,0.0008131955453,0.006273185987,0.0258270528,0.07351127658,4.930344173e-12,5.157432817e-11,3.708454031e-10,1.642681097e-09,0.0010145859,2.00792505e-05,0.0003507090554,0.00332957441,0.01547776991,0.04787963393,1.610468901e-15,5.111234285e-14,9.536254465e-13,8.865224026e-12,0.0006282443748,3.158879324e-06,0.0001186877109,0.001929132927,0.01209265472,0.04459780081,4.765450118e-14,1.524290242e-12,2.866223207e-11,2.683807705e-10,0.002083782059,4.442651617e-05,0.001051923836,0.01113611317,0.05068299572,0.1393449765,6.541850585e-13,2.110210875e-11,4.001563291e-10,3.776164621e-09,0.005260445576,0.0003233170292,0.005170445404,0.03801973724,0.1300778295,0.2746605014,1.738622899e-14,1.211022213e-12,4.408065343e-11,6.840631657e-10,0.006184522597,0.0003372819406,0.006706300787,0.05290509839,0.1736912644,0.3242795772
25,0.03452442318,0.03312903085,0.02852557642,0.02256794085,0.09072988115,0.03935273113,0.06885908973,0.1031945936,0.1295119272,0.1462153474,0.04893263163,0.04695489493,0.0404302634,0.03198630518,0.09814475067,0.03935273155,0.06885909069,0.1031945954,0.1295119298,0.1462153509,0.0008103770976,0.0007776236533,0.0006695687302,0.0005297276866,0.009427264671,0.001600313019,0.004511565746,0.01052842691,0.0189475947,0.02935845452,0.0005717616429,0.000548652447,0.0004724142851,0.0003737494227,0.008715031597,0.001600313003,0.004511565683,0.01052842672,0.01894759431,0.02935845382,0.01495913705,0.01003090413,0.006035552276,0.003430036502,0.01996433466,0.002414087338,0.00438200543,0.006794601707,0.008287694707,0.009045871968,0.02186471757,0.01466146643,0.008821741884,0.005013442895,0.02174612477,0.002414087365,0.004382005496,0.006794601834,0.008287694891,0.0090458722,0.000385090527,0.000258223865,0.0001553722005,8.829884962e-05,0.002157488878,0.0001006456663,0.0002889909207,0.0006859905082,0.00118076042,0.001743457296,0.0002634665622,0.0001766684694,0.0001063006661,6.041123509e-05,0.001980712906,0.0001006456652,0.0002889909163,0.0006859904954,0.001180760393,0.001743457251,1.039691388e-06,1.517625005e-06,1.676639888e-06,1.435500564e-06,0.002266377032,4.616836073e-05,0.0003965408368,0.002164891579,0.006611091063,0.01471142806,2.970605103e-09,7.726402998e-09,1.381378743e-08,1.693336878e-08,0.0009262887037,5.707883334e-06,0.0001047790532,0.001041773402,0.004817484932,0.01473671982,1.167372072e-08,4.119032846e-08,1.041099988e-07,1.822272919e-07,0.002511198813,8.30612617e-05,0.001018474629,0.007285245264,0.02809652321,0.07530912526,2.865105263e-09,1.287738031e-08,4.145965578e-08,9.073251822e-08,0.002263172718,8.318705616e-05,0.001054271086,0.007776183058,0.03095037378,0.08545775961,3.766447312e-10,2.298147894e-09,1.004466093e-08,2.91487174e-08,0.001774712914,6.397286444e-05,0.0008453024876,0.006481146888,0.02656412634,0.07530756673,5.355428382e-12,5.608078202e-11,4.03679676e-10,1.789884854e-09,0.00105092247,2.154425439e-05,0.0003723497478,0.003500580409,0.01615670364,0.04965989207,1.801773946e-15,5.723780568e-14,1.068917646e-12,9.945666185e-12,0.0006545004458,3.462026808e-06,0.000128106748,0.002052914779,0.01273578411,0.04652637307,5.298086363e-14,1.695285951e-12,3.188933698e-11,2.986996703e-10,0.002163616256,4.820740398e-05,0.001124137576,0.0117329308,0.05282096456,0.1437725957,7.241091926e-13,2.335180871e-11,4.427061809e-10,4.176730068e-09,0.005447109061,0.0003479519365,0.005479951603,0.03972742238,0.1343906199,0.2808031162,1.950072657e-14,1.357890102e-12,4.941145617e-11,7.665723893e-10,0.006411991787,0.000365509947,0.00713236423,0.05529360794,0.1789675795,0.3296809918
26,0.03452442319,0.03312903083,0.02852557637,0.02256794078,0.09072988089,0.039352731,0.06885908958,0.1031945935,0.1295119271,0.1462153475,0.04893263163,0.04695489488,0.04043026331,0.03198630508,0.09814475037,0.03935273139,0.06885909046,0.1031945951,0.1295119296,0.1462153507,0.0008103770978,0.0007776236521,0.000669568728,0.0005297276839,0.009427264627,0.001600313008,0.004511565717,0.01052842685,0.0189475946,0.02935845439,0.0005717616432,0.0005486524463,0.0004724142837,0.0003737494209,0.008715031558,0.001600312993,0.004511565659,0.01052842668,0.01894759425,0.02935845375,0.01495913706,0.01003090412,0.006035552265,0.003430036492,0.0199643346,0.00241408733,0.00438200542,0.006794601699,0.008287694705,0.009045871976,0.02186471757,0.01466146642,0.008821741864,0.005013442878,0.0217461247,0.002414087355,0.004382005481,0.006794601816,0.008287694876,0.00904587219,0.000385090527,0.0002582238646,0.0001553722,8.829884918e-05,0.002157488868,0.0001006456656,0.0002889909188,0.0006859905045,0.001180760414,0.001743457289,0.0002634665623,0.0001766684692,0.0001063006658,6.04112348e-05,0.001980712897,0.0001006456645,0.0002889909148,0.0006859904927,0.00118076039,0.001743457247,1.039691388e-06,1.517625001e-06,1.676639876e-06,1.435500549e-06,0.002266377015,4.616836007e-05,0.0003965408321,0.002164891558,0.006611091009,0.01471142796,2.970605107e-09,7.726402967e-09,1.38137873e-08,1.693336854e-08,0.000926288695,5.707883224e-06,0.0001047790515,0.001041773388,0.004817484877,0.01473671968,1.173757152e-08,4.141857051e-08,1.046943369e-07,1.832621139e-07,0.002517283329,8.344994988e-05,0.0010225457,0.007309753298,0.02817801234,0.07549635226,2.94111173e-09,1.322351104e-08,4.258859091e-08,9.323252658e-08,0.00228961525,8.507227043e-05,0.001074653239,0.007902554104,0.03138363236,0.08648238412,3.968933023e-10,2.423351922e-09,1.059913528e-08,3.077715171e-08,0.001816426081,6.690527066e-05,0.0008783027819,0.006693509252,0.02731304719,0.07712424328,5.815094072e-12,6.095325123e-11,4.391774018e-10,1.949019344e-09,0.00108819697,2.309878246e-05,0.0003950655877,0.003678264556,0.01685674559,0.05148247254,2.014902597e-15,6.406001927e-14,1.197288113e-12,1.114837809e-11,0.0006815915381,3.790564897e-06,0.0001381571504,0.0021830796,0.01340467051,0.04851144332,5.887903851e-14,1.884466443e-12,3.545640544e-11,3.321847917e-10,0.002245707647,5.226349419e-05,0.001200403557,0.01235398891,0.05501955199,0.1482732637,8.012114232e-13,2.582861248e-11,4.894784967e-10,4.616410524e-09,0.005638509055,0.0003741565599,0.005804018959,0.04148877614,0.1387824139,0.2869754909,2.186435377e-14,1.521780213e-12,5.534984653e-11,8.583386544e-10,0.006645511253,0.0003957362477,0.007579805733,0.05775568137,0.1843164566,0.3350494478
27,0.03452442321,0.03312903081,0.02852557631,0.02256794071,0.09072988064,0.03935273088,0.06885908943,0.1031945934,0.1295119271,0.1462153476,0.04893263164,0.04695489484,0.04043026323,0.03198630498,0.09814475008,0.03935273123,0.06885909024,0.1031945949,0.1295119293,0.1462153505,0.000810377098,0.0007776236509,0.0006695687258,0.0005297276814,0.009427264583,0.001600312997,0.004511565689,0.01052842679,0.01894759451,0.02935845426,0.0005717616435,0.0005486524456,0.0004724142823,0.0003737494192,0.008715031519,0.001600312983,0.004511565636,0.01052842664,0.01894759418,0.02935845367,0.01495913707,0.01003090412,0.006035552253,0.003430036481,0.01996433455,0.002414087322,0.004382005411,0.006794601692,0.008287694704,0.009045871984,0.02186471758,0.0146614664,0.008821741845,0.005013442861,0.02174612463,0.002414087345,0.004382005467,0.006794601799,0.00828769486,0.00904587218,0.0003850905271,0.0002582238642,0.0001553721995,8.829884874e-05,0.002157488858,0.0001006456649,0.0002889909171,0.0006859905008,0.001180760408,0.001743457281,0.0002634665624,0.0001766684689,0.0001063006654,6.041123452e-05,0.001980712889,0.0001006456639,0.0002889909134,0.0006859904899,0.001180760386,0.001743457244,1.039691389e-06,1.517624996e-06,1.676639865e-06,1.435500534e-06,0.002266376997,4.616835943e-05,0.0003965408274,0.002164891537,0.006611090957,0.01471142787,2.97060511e-09,7.726402936e-09,1.381378718e-08,1.693336831e-08,0.0009262886864,5.707883115e-06,0.0001047790498,0.001041773375,0.004817484823,0.01473671955,1.180120983e-08,4.164581716e-08,1.052755391e-07,1.842904467e-07,0.002523298684,8.383463137e-05,0.001026570798,0.00733395937,0.02825841721,0.07568088783,3.018444815e-09,1.35754087e-08,4.373547188e-08,9.577057035e-08,0.002315997063,8.697119533e-05,0.001095110669,0.008028958591,0.03181581836,0.08750177238,4.180393812e-10,2.55404617e-09,1.117767613e-08,3.247563587e-08,0.001858526334,6.992543266e-05,0.0009120603447,0.006909352464,0.02807048628,0.07895312199,6.309725818e-12,6.619532878e-11,4.773612671e-10,2.120171968e-09,0.001126255252,2.473983064e-05,0.0004187902927,0.003861981189,0.01757506355,0.05333949205,2.251145542e-15,7.161904563e-14,1.339467197e-12,1.248000014e-11,0.0007094120099,4.14469494e-06,0.0001488250734,0.002319261357,0.01409688836,0.0505447154,6.537780108e-14,2.092699428e-12,3.937875663e-11,3.68970912e-10,0.002329723664,5.659174425e-05,0.001280535793,0.01299705783,0.05726949102,0.1528264223,8.85807214e-13,2.854167509e-11,5.406277083e-10,5.096497847e-09,0.005833849275,0.0004018854559,0.006141619719,0.04329660204,0.1432333076,0.2931487291,2.449326286e-14,1.703730382e-12,6.193045825e-11,9.598548479e-10,0.006884118502,0.0004279297957,0.008047291808,0.0602810781,0.1897129174,0.3403598788
28,0.03452442322,0.03312903078,0.02852557626,0.02256794065,0.0907298804,0.03935273075,0.06885908928,0.1031945933,0.129511927,0.1462153477,0.04893263165,0.04695489479,0.04043026314,0.03198630488,0.09814474979,0.03935273107,0.06885909002,0.1031945946,0.1295119291,0.1462153503,0.0008103770981,0.0007776236497,0.0006695687237,0.0005297276788,0.00942726454,0.001600312986,0.004511565661,0.01052842673,0.01894759442,0.02935845413,0.0005717616438,0.0005486524449,0.0004724142809,0.0003737494175,0.008715031481,0.001600312973,0.004511565613,0.01052842659,0.01894759412,0.0293584536,0.01495913707,0.01003090411,0.006035552241,0.003430036471,0.01996433449,0.002414087314,0.004382005401,0.006794601684,0.008287694702,0.009045871992,0.02186471758,0.01466146639,0.008821741825,0.005013442845,0.02174612457,0.002414087335,0.004382005452,0.006794601782,0.008287694844,0.00904587217,0.0003850905272,0.0002582238638,0.0001553721989,8.829884831e-05,0.002157488848,0.0001006456642,0.0002889909153,0.0006859904971,0.001180760403,0.001743457275,0.0002634665626,0.0001766684687,0.0001063006651,6.041123424e-05,0.00198071288,0.0001006456633,0.0002889909119,0.0006859904873,0.001180760382,0.00174345724,1.03969139e-06,1.517624992e-06,1.676639854e-06,1.43550052e-06,0.00226637698,4.61683588e-05,0.0003965408229,0.002164891516,0.006611090905,0.01471142778,2.970605113e-09,7.726402906e-09,1.381378706e-08,1.693336808e-08,0.000926288678,5.707883008e-06,0.0001047790481,0.001041773361,0.00481748477,0.01473671941,1.186434434e-08,4.187103594e-08,1.058509839e-07,1.853076823e-07,0.002529219064,8.421363592e-05,0.00103053261,0.007357760432,0.02833739901,0.07586196328,3.096747676e-09,1.393144024e-08,4.489494487e-08,9.8334735e-08,0.002342196747,8.887476002e-05,0.001115546309,0.00815480357,0.03224492923,0.08851127027,4.40009799e-10,2.689768751e-09,1.17781958e-08,3.423792346e-08,0.00190081328,7.30198885e-05,0.0009464174965,0.00712764268,0.02883278508,0.0807853767,6.83908976e-12,7.180398987e-11,5.182052739e-10,2.30320985e-09,0.001164920149,2.646252854e-05,0.000443434151,0.004050932747,0.01830832527,0.0552220084,2.511509209e-15,7.994561386e-14,1.496005209e-12,1.394544749e-11,0.0007378365933,4.5241409e-06,0.0001600837796,0.002460955469,0.01480942704,0.05261653708,7.249786387e-14,2.320587919e-12,4.366660633e-11,4.091439449e-10,0.002415277405,6.118363011e-05,0.001364261764,0.01365935847,0.05956005,0.1574095051,9.781056705e-13,3.149666429e-11,5.962411471e-10,5.617643052e-09,0.006032216704,0.0004310606141,0.006491404081,0.04514243094,0.1477212872,0.2992925195,2.740057853e-14,1.904559517e-12,6.917968274e-11,1.071482289e-09,0.007126703457,0.0004620191538,0.008533020159,0.06285780378,0.1951298758,0.3455870861
29,0.03452442324,0.03312903076,0.02852557621,0.02256794059,0.09072988016,0.03935273063,0.06885908913,0.1031945931,0.129511927,0.1462153478,0.04893263166,0.04695489475,0.04043026306,0.03198630478,0.09814474951,0.03935273092,0.0688590898,0.1031945944,0.1295119288,0.1462153501,0.0008103770983,0.0007776236486,0.0006695687216,0.0005297276764,0.009427264498,0.001600312975,0.004511565635,0.01052842668,0.01894759433,0.02935845401,0.000571761644,0.0005486524443,0.0004724142795,0.0003737494159,0.008715031444,0.001600312963,0.004511565591,0.01052842655,0.01894759406,0.02935845353,0.01495913708,0.0100309041,0.00603555223,0.003430036461,0.01996433444,0.002414087306,0.004382005392,0.006794601677,0.008287694701,0.009045872,0.02186471758,0.01466146637,0.008821741806,0.005013442829,0.0217461245,0.002414087326,0.004382005438,0.006794601765,0.008287694829,0.009045872161,0.0003850905273,0.0002582238634,0.0001553721985,8.829884789e-05,0.002157488838,0.0001006456635,0.0002889909136,0.0006859904936,0.001180760397,0.001743457268,0.0002634665627,0.0001766684685,0.0001063006648,6.041123397e-05,0.001980712871,0.0001006456627,0.0002889909105,0.0006859904847,0.001180760379,0.001743457237,1.039691391e-06,1.517624987e-06,1.676639843e-06,1.435500506e-06,0.002266376964,4.616835818e-05,0.0003965408184,0.002164891497,0.006611090855,0.01471142769,2.970605116e-09,7.726402876e-09,1.381378693e-08,1.693336785e-08,0.0009262886697,5.707882903e-06,0.0001047790465,0.001041773348,0.004817484718,0.01473671929,1.192667316e-08,4.209316047e-08,1.06417973e-07,1.86309092e-07,0.002535018458,8.458527442e-05,0.001034413688,0.007381053043,0.02841461888,0.07603881298,3.175620171e-09,1.428978102e-08,4.60610491e-08,1.009117976e-07,0.002368087981,9.077320935e-05,0.0011358571,0.008279467031,0.03266888452,0.08950608767,4.627088476e-10,2.829919308e-09,1.239799712e-08,3.605598765e-08,0.001943069692,7.617275506e-05,0.0009811941411,0.007347230629,0.02959595438,0.0826115471,7.40219446e-12,7.776813808e-11,5.616243005e-10,2.497733675e-09,0.001203990618,2.825989852e-05,0.0004688817868,0.004244159817,0.01905267695,0.05711999789,2.796596879e-15,8.905735199e-14,1.667202237e-12,1.554725875e-11,0.0007667193515,4.928051935e-06,0.0001718917632,0.00260750516,0.01553865282,0.05471585468,8.024890976e-14,2.568377226e-12,4.83233548e-11,4.52725238e-10,0.002501925274,6.602424658e-05,0.001451212779,0.01433752561,0.06187898756,0.1619979566,1.078173653e-12,3.469464992e-11,6.563188864e-10,6.179674057e-09,0.00623257747,0.0004615670904,0.006851672991,0.04701647047,0.1522222341,0.3053752415,3.059500227e-14,2.124773893e-12,7.711238827e-11,1.193401723e-09,0.007372002799,0.0004978862444,0.009034677,0.06547204964,0.2005381952,0.350705865
30,0.03452442325,0.03312903074,0.02852557616,0.02256794052,0.09072987993,0.03935273051,0.06885908899,0.103194593,0.129511927,0.1462153478,0.04893263166,0.0469548947,0.04043026298,0.03198630468,0.09814474924,0.03935273077,0.06885908959,0.1031945941,0.1295119286,0.14621535,0.0008103770985,0.0007776236475,0.0006695687195,0.000529727674,0.009427264457,0.001600312965,0.004511565608,0.01052842662,0.01894759424,0.02935845389,0.0005717616443,0.0005486524436,0.0004724142782,0.0003737494143,0.008715031408,0.001600312954,0.004511565569,0.01052842651,0.018947594,0.02935845346,0.01495913709,0.01003090409,0.006035552219,0.003430036451,0.01996433438,0.002414087299,0.004382005383,0.00679460167,0.0082876947,0.009045872007,0.02186471759,0.01466146636,0.008821741788,0.005013442813,0.02174612444,0.002414087316,0.004382005425,0.006794601749,0.008287694815,0.009045872151,0.0003850905274,0.000258223863,0.000155372198,8.829884749e-05,0.002157488829,0.0001006456629,0.0002889909119,0.0006859904901,0.001180760392,0.001743457261,0.0002634665628,0.0001766684683,0.0001063006645,6.041123371e-05,0.001980712863,0.0001006456621,0.0002889909092,0.0006859904821,0.001180760375,0.001743457233,1.039691392e-06,1.517624983e-06,1.676639832e-06,1.435500492e-06,0.002266376948,4.616835757e-05,0.0003965408141,0.002164891477,0.006611090806,0.01471142761,2.970605119e-09,7.726402847e-09,1.381378682e-08,1.693336764e-08,0.0009262886617,5.707882802e-06,0.0001047790449,0.001041773335,0.004817484667,0.01473671916,1.198788434e-08,4.231109232e-08,1.069737353e-07,1.872898344e-07,0.002540670696,8.494784123e-05,0.001038196478,0.007403733477,0.02848973826,0.07621067494,3.254617904e-09,1.464841121e-08,4.722720754e-08,1.034872116e-07,0.002393539755,9.265611594e-05,0.001155934159,0.00840229914,0.03308553021,0.09048130851,4.860161613e-10,2.973746513e-09,1.303372072e-08,3.791987344e-08,0.001985061657,7.936562927e-05,0.001016187263,0.007566851103,0.03035567781,0.08442155571,7.997146432e-12,8.40671042e-11,6.074633849e-10,2.703030556e-09,0.00124324121,3.012263139e-05,0.0004949902119,0.004440533329,0.01980372928,0.05902234886,3.106474003e-15,9.895454457e-14,1.853029625e-12,1.728487176e-11,0.0007958929118,5.354904116e-06,0.0001841909664,0.002758089511,0.01628027921,0.05683018865,8.862628345e-14,2.835852074e-12,5.334370864e-11,4.996544828e-10,0.002589165397,7.109143322e-05,0.001540915285,0.01502757921,0.06421253025,0.1665652802,1.185896211e-12,3.813089145e-11,7.20751962e-10,6.781400714e-09,0.006433774402,0.0004932489213,0.00722035526,0.04890757394,0.1567099631,0.3113640873,3.407921099e-14,2.364460774e-12,8.572823779e-11,1.325558913e-09,0.007618596443,0.0005353603537,0.009549400531,0.06810815951,0.2059067782,0.3556911285
31,0.03452442326,0.03312903071,0.02852557611,0.02256794047,0.0907298797,0.0393527304,0.06885908886,0.1031945929,0.1295119269,0.1462153479,0.04893263167,0.04695489466,0.0404302629,0.03198630459,0.09814474898,0.03935273062,0.06885908939,0.1031945939,0.1295119284,0.1462153498,0.0008103770986,0.0007776236464,0.0006695687176,0.0005297276716,0.009427264417,0.001600312955,0.004511565583,0.01052842657,0.01894759415,0.02935845378,0.0005717616445,0.000548652443,0.0004724142769,0.0003737494127,0.008715031374,0.001600312945,0.004511565548,0.01052842647,0.01894759394,0.02935845339,0.01495913709,0.01003090409,0.006035552209,0.003430036442,0.01996433433,0.002414087292,0.004382005375,0.006794601663,0.008287694698,0.009045872015,0.02186471759,0.01466146635,0.00882174177,0.005013442798,0.02174612438,0.002414087307,0.004382005412,0.006794601733,0.0082876948,0.009045872143,0.0003850905274,0.0002582238627,0.0001553721975,8.829884709e-05,0.002157488819,0.0001006456622,0.0002889909103,0.0006859904867,0.001180760387,0.001743457255,0.0002634665629,0.0001766684681,0.0001063006642,6.041123346e-05,0.001980712855,0.0001006456616,0.0002889909079,0.0006859904797,0.001180760372,0.00174345723,1.039691392e-06,1.517624979e-06,1.676639822e-06,1.435500479e-06,0.002266376932,4.616835699e-05,0.0003965408099,0.002164891459,0.006611090759,0.01471142753,2.970605122e-09,7.72640282e-09,1.38137867e-08,1.693336743e-08,0.000926288654,5.707882703e-06,0.0001047790434,0.001041773322,0.004817484618,0.01473671904,1.204765652e-08,4.252370314e-08,1.07515433e-07,1.882449646e-07,0.002546149471,8.529961655e-05,0.001041863333,0.007425697839,0.02856241915,0.0763767913,3.333251931e-09,1.500511525e-08,4.838622736e-08,1.060451121e-07,0.002418416657,9.45124025e-05,0.001175663049,0.008522623861,0.03349264407,0.09143190234,5.097848962e-10,3.120337461e-09,1.368130095e-08,3.981757598e-08,0.002026538976,8.257752979e-05,0.001051170799,0.007785124322,0.03110732058,0.08620473417,8.621006297e-12,9.066916101e-11,6.554871921e-10,2.918028002e-09,0.001282421933,3.203889089e-05,0.0005215872826,0.004638749473,0.02055655232,0.06091687323,3.440521375e-15,1.096155376e-13,2.053045496e-12,1.915384941e-11,0.0008251680398,5.802405797e-06,0.0001969051806,0.00291171392,0.01702934809,0.05894563331,9.760744082e-14,3.122227107e-12,5.871169939e-11,5.497718386e-10,0.002676436975,7.635496946e-05,0.001632783652,0.01572490554,0.06654537612,0.1710831189,1.300934594e-12,4.179356478e-11,7.892997526e-10,7.420414496e-09,0.006634526596,0.0005259055437,0.00759499047,0.0508032323,0.1611562942,0.3172252008,3.784808883e-14,2.623172258e-12,9.500771384e-11,1.467606556e-09,0.007864906551,0.0005742126974,0.01007375289,0.07074862881,0.2112026872,0.3605180208
32,0.03452442327,0.03312903069,0.02852557607,0.02256794041,0.09072987948,0.03935273029,0.06885908873,0.1031945928,0.1295119269,0.146215348,0.04893263167,0.04695489462,0.04043026283,0.03198630451,0.09814474873,0.03935273049,0.06885908919,0.1031945936,0.1295119282,0.1462153496,0.0008103770988,0.0007776236454,0.0006695687157,0.0005297276694,0.009427264379,0.001600312945,0.004511565559,0.01052842652,0.01894759407,0.02935845366,0.0005717616448,0.0005486524424,0.0004724142757,0.0003737494112,0.00871503134,0.001600312937,0.004511565528,0.01052842643,0.01894759389,0.02935845333,0.0149591371,0.01003090408,0.006035552198,0.003430036433,0.01996433428,0.002414087285,0.004382005367,0.006794601657,0.008287694697,0.009045872022,0.02186471759,0.01466146633,0.008821741753,0.005013442784,0.02174612432,0.002414087298,0.004382005399,0.006794601718,0.008287694787,0.009045872134,0.0003850905275,0.0002582238623,0.0001553721971,8.829884671e-05,0.002157488811,0.0001006456616,0.0002889909088,0.0006859904835,0.001180760382,0.001743457249,0.0002634665631,0.0001766684679,0.0001063006639,6.041123321e-05,0.001980712847,0.0001006456611,0.0002889909066,0.0006859904773,0.001180760369,0.001743457227,1.039691393e-06,1.517624975e-06,1.676639812e-06,1.435500466e-06,0.002266376918,4.616835643e-05,0.0003965408059,0.002164891441,0.006611090713,0.01471142745,2.970605125e-09,7.726402793e-09,1.38137866e-08,1.693336722e-08,0.0009262886466,5.707882609e-06,0.000104779042,0.00104177331,0.004817484571,0.01473671892,1.210565969e-08,4.27298373e-08,1.080401673e-07,1.891694438e-07,0.002551428377,8.563886895e-05,0.001045396541,0.00744684216,0.02863232435,0.07653640863,3.410989283e-09,1.535748468e-08,4.953031125e-08,1.085683452e-07,0.002442579224,9.633037513e-05,0.001194924124,0.008639740974,0.03388794192,0.09235273732,5.338403396e-10,3.26860974e-09,1.433593368e-08,4.17349542e-08,0.002067235848,8.578488701e-05,0.001085895938,0.008000559379,0.03184594379,0.08794985938,9.269653312e-12,9.753013526e-11,7.053702516e-10,3.141251603e-09,0.001321258565,3.399416069e-05,0.0005484706886,0.004837327909,0.02130568057,0.06279033797,3.797282136e-15,1.209919841e-13,2.266307981e-12,2.114509e-11,0.0008543336176,6.267412198e-06,0.0002099387404,0.003067203742,0.0177802235,0.06104688375,1.071483096e-13,3.426035687e-12,6.439869078e-11,6.028001251e-10,0.002763120728,8.177589022e-05,0.00172611495,0.01642425064,0.06886072744,0.1755213686,1.42268375e-12,4.566248795e-11,8.615676181e-10,8.092892909e-09,0.006833431234,0.0005592889643,0.007972719243,0.05268959221,0.1655311611,0.322923829,4.188686e-14,2.899804029e-12,1.049080207e-10,1.618845131e-09,0.008109199454,0.0006141519054,0.01060370298,0.07337413918,0.2163912975,0.3651620195
33,0.03452442328,0.03312903067,0.02852557602,0.02256794035,0.09072987928,0.03935273018,0.0688590886,0.1031945927,0.1295119268,0.146215348,0.04893263168,0.04695489458,0.04043026276,0.03198630442,0.09814474848,0.03935273035,0.06885908901,0.1031945934,0.129511928,0.1462153495,0.0008103770989,0.0007776236444,0.0006695687139,0.0005297276673,0.009427264343,0.001600312936,0.004511565535,0.01052842647,0.018947594,0.02935845356,0.000571761645,0.0005486524418,0.0004724142745,0.0003737494098,0.008715031308,0.001600312928,0.004511565509,0.0105284264,0.01894759383,0.02935845327,0.0149591371,0.01003090407,0.006035552189,0.003430036424,0.01996433423,0.002414087278,0.004382005359,0.00679460165,0.008287694696,0.009045872028,0.02186471759,0.01466146632,0.008821741737,0.00501344277,0.02174612426,0.00241408729,0.004382005387,0.006794601704,0.008287694774,0.009045872126,0.0003850905276,0.000258223862,0.0001553721966,8.829884635e-05,0.002157488802,0.000100645661,0.0002889909073,0.0006859904805,0.001180760377,0.001743457243,0.0002634665632,0.0001766684677,0.0001063006637,6.041123298e-05,0.00198071284,0.0001006456605,0.0002889909054,0.0006859904751,0.001180760366,0.001743457224,1.039691394e-06,1.517624972e-06,1.676639803e-06,1.435500454e-06,0.002266376903,4.61683559e-05,0.000396540802,0.002164891423,0.006611090669,0.01471142737,2.970605128e-09,7.726402767e-09,1.381378649e-08,1.693336703e-08,0.0009262886395,5.707882519e-06,0.0001047790406,0.001041773299,0.004817484526,0.01473671881,1.216155611e-08,4.292831486e-08,1.085449852e-07,1.900581513e-07,0.002556480933,8.596385783e-05,0.001048778342,0.007467062497,0.02869911771,0.07668877819,3.487254376e-09,1.570292509e-08,5.065108117e-08,1.110385231e-07,0.002465884357,9.809776801e-05,0.001213592976,0.008752928476,0.03426908478,0.09323859429,5.579790942e-10,3.417307041e-09,1.499205979e-08,4.36556899e-08,0.002106871851,8.896158913e-05,0.001120091903,0.008211559936,0.0325663246,0.08964519961,9.93766778e-12,1.045922158e-10,7.5668867e-10,3.370789516e-09,0.001359453474,3.59711486e-05,0.000575407606,0.005034613873,0.02204512963,0.06462851808,4.174311217e-15,1.33004203e-13,2.491291252e-12,2.324406955e-11,0.0008831570917,6.745855646e-06,0.0002231756248,0.003223201928,0.01852660066,0.0631172927,1.171797747e-13,3.745023674e-12,7.036149745e-11,6.583282043e-10,0.002848540572,8.730597907e-05,0.001820086311,0.01711972782,0.07114035532,0.1798483242,1.550231848e-12,4.970792472e-11,9.369862254e-10,8.793421444e-09,0.007028967969,0.0005931019479,0.008350282409,0.05455150333,0.1698027554,0.3284244827,4.616922351e-14,3.192475834e-12,1.153591022e-10,1.778166229e-09,0.008349590849,0.0006548208151,0.01113462264,0.07596363254,0.2214364776,0.3695990204
34,0.0345244233,0.03312903065,0.02852557598,0.0225679403,0.09072987908,0.03935273008,0.06885908848,0.1031945926,0.1295119268,0.1462153481,0.04893263169,0.04695489455,0.04043026269,0.03198630434,0.09814474825,0.03935273023,0.06885908883,0.1031945932,0.1295119278,0.1462153493,0.0008103770991,0.0007776236435,0.0006695687121,0.0005297276652,0.009427264309,0.001600312927,0.004511565513,0.01052842643,0.01894759392,0.02935845346,0.0005717616452,0.0005486524413,0.0004724142734,0.0003737494084,0.008715031278,0.001600312921,0.004511565491,0.01052842636,0.01894759378,0.02935845321,0.01495913711,0.01003090407,0.00603555218,0.003430036416,0.01996433419,0.002414087272,0.004382005351,0.006794601644,0.008287694695,0.009045872035,0.0218647176,0.01466146631,0.008821741722,0.005013442757,0.02174612421,0.002414087282,0.004382005375,0.00679460169,0.008287694761,0.009045872118,0.0003850905276,0.0002582238617,0.0001553721962,8.829884601e-05,0.002157488794,0.0001006456605,0.0002889909059,0.0006859904775,0.001180760373,0.001743457237,0.0002634665633,0.0001766684675,0.0001063006634,6.041123276e-05,0.001980712833,0.0001006456601,0.0002889909043,0.0006859904729,0.001180760363,0.001743457221,1.039691395e-06,1.517624968e-06,1.676639794e-06,1.435500442e-06,0.00226637689,4.616835539e-05,0.0003965407984,0.002164891407,0.006611090628,0.0147114273,2.97060513e-09,7.726402743e-09,1.381378639e-08,1.693336685e-08,0.0009262886327,5.707882433e-06,0.0001047790392,0.001041773288,0.004817484484,0.0147367187,1.221500136e-08,4.311793491e-08,1.090268879e-07,1.909058969e-07,0.002561280614,8.627283595e-05,0.001051990951,0.007486255011,0.02876246425,0.07683315597,3.561431438e-09,1.603866726e-08,5.173961557e-08,1.134361076e-07,0.002488185794,9.980179996e-05,0.001231540963,0.008861445368,0.03463368687,0.09408418203,5.819689866e-10,3.564999179e-09,1.564336783e-08,4.556130265e-08,0.002145153242,9.207909185e-05,0.001153467262,0.008416432331,0.03326298248,0.0912785706,1.06182424e-11,1.117830716e-10,8.089141282e-10,3.60426729e-09,0.001396686999,3.794976325e-05,0.0006021351454,0.00522878469,0.02276842546,0.06641627255,4.568038557e-15,1.455370083e-13,2.725810895e-12,2.543017587e-11,0.0009113854481,7.232698632e-06,0.0002364790898,0.003378171426,0.01926153186,0.0651389596,1.276045625e-13,4.076056641e-12,7.654076793e-11,7.157969321e-10,0.002931966673,9.288750001e-05,0.001913755444,0.01780484146,0.0733646984,0.1840308584,1.682325092e-12,5.388956434e-11,1.014794302e-09,9.514848492e-09,0.007219506091,0.0006269975,0.008724030605,0.05637259719,0.1739377087,0.3336911045,5.065562632e-14,3.498422663e-12,1.262600819e-10,1.944002872e-09,0.008584054606,0.0006957949853,0.01166129849,0.07849442729,0.2263007996,0.3738054023
35,0.03452442331,0.03312903064,0.02852557594,0.02256794025,0.0907298789,0.03935272999,0.06885908837,0.1031945925,0.1295119268,0.1462153482,0.04893263169,0.04695489451,0.04043026263,0.03198630427,0.09814474804,0.03935273011,0.06885908866,0.103194593,0.1295119276,0.1462153492,0.0008103770992,0.0007776236426,0.0006695687105,0.0005297276633,0.009427264276,0.001600312918,0.004511565492,0.01052842638,0.01894759385,0.02935845336,0.0005717616454,0.0005486524408,0.0004724142724,0.0003737494072,0.008715031249,0.001600312913,0.004511565473,0.01052842633,0.01894759373,0.02935845316,0.01495913711,0.01003090406,0.006035552171,0.003430036409,0.01996433415,0.002414087266,0.004382005344,0.006794601639,0.008287694694,0.009045872041,0.0218647176,0.0146614663,0.008821741707,0.005013442745,0.02174612416,0.002414087275,0.004382005365,0.006794601677,0.00828769475,0.009045872111,0.0003850905277,0.0002582238614,0.0001553721959,8.829884569e-05,0.002157488787,0.00010064566,0.0002889909046,0.0006859904748,0.001180760368,0.001743457232,0.0002634665634,0.0001766684674,0.0001063006632,6.041123255e-05,0.001980712827,0.0001006456596,0.0002889909032,0.0006859904709,0.00118076036,0.001743457218,1.039691395e-06,1.517624965e-06,1.676639786e-06,1.435500431e-06,0.002266376877,4.616835491e-05,0.000396540795,0.002164891392,0.006611090589,0.01471142723,2.970605133e-09,7.72640272e-09,1.38137863e-08,1.693336667e-08,0.0009262886264,5.707882352e-06,0.000104779038,0.001041773277,0.004817484444,0.0147367186,1.226564543e-08,4.329747934e-08,1.094828392e-07,1.917074346e-07,0.002565800878,8.656405193e-05,0.001055016575,0.007504316043,0.02882203025,0.07696880253,3.632868024e-09,1.636178318e-08,5.278650105e-08,1.157405245e-07,0.002509334649,0.000101429243,0.001248635842,0.008964534823,0.03497932446,0.09488415347,6.055498508e-10,3.710087403e-09,1.628281958e-08,4.74312304e-08,0.002181774575,9.510659797e-05,0.001185711802,0.008613396192,0.03393021177,0.09283740181,1.130313484e-11,1.190154057e-10,8.61411039e-10,3.838836821e-09,0.001432619435,3.990717827e-05,0.0006283617168,0.005417861226,0.02346864735,0.06813764407,4.973660019e-15,1.584364374e-13,2.966966472e-12,2.767620556e-11,0.0009387467715,7.721917261e-06,0.0002496919538,0.003530403122,0.01997747138,0.06709285386,1.382948539e-13,4.415050559e-12,8.285981136e-11,7.744892745e-10,0.003012620005,9.845323002e-05,0.002006064866,0.01847252871,0.07551299766,0.1880346324,1.817341645e-12,5.815579232e-11,1.094026829e-09,1.024819067e-08,0.007403314714,0.0006605799147,0.00908994569,0.05813540001,0.1779013104,0.3386872403,5.529184519e-14,3.81390765e-12,1.374764988e-10,2.114292124e-09,0.008810435482,0.0007365833441,0.01217796178,0.08094237905,0.2309457729,0.377758069
36,0.03452442331,0.03312903062,0.0285255759,0.02256794021,0.09072987872,0.0393527299,0.06885908827,0.1031945924,0.1295119267,0.1462153482,0.0489326317,0.04695489448,0.04043026257,0.0319863042,0.09814474784,0.03935273,0.06885908851,0.1031945928,0.1295119274,0.1462153491,0.0008103770993,0.0007776236418,0.000669568709,0.0005297276616,0.009427264246,0.001600312911,0.004511565473,0.01052842634,0.01894759379,0.02935845328,0.0005717616456,0.0005486524403,0.0004724142714,0.000373749406,0.008715031223,0.001600312907,0.004511565457,0.0105284263,0.01894759369,0.0293584531,0.01495913712,0.01003090406,0.006035552163,0.003430036401,0.01996433411,0.002414087261,0.004382005338,0.006794601634,0.008287694693,0.009045872046,0.0218647176,0.01466146629,0.008821741694,0.005013442734,0.02174612412,0.002414087268,0.004382005355,0.006794601665,0.008287694739,0.009045872104,0.0003850905278,0.0002582238611,0.0001553721955,8.829884539e-05,0.00215748878,0.0001006456595,0.0002889909033,0.0006859904723,0.001180760365,0.001743457227,0.0002634665634,0.0001766684672,0.000106300663,6.041123236e-05,0.001980712821,0.0001006456592,0.0002889909022,0.0006859904691,0.001180760358,0.001743457216,1.039691396e-06,1.517624962e-06,1.676639778e-06,1.435500421e-06,0.002266376865,4.616835447e-05,0.0003965407918,0.002164891377,0.006611090553,0.01471142717,2.970605135e-09,7.726402699e-09,1.381378621e-08,1.693336651e-08,0.0009262886205,5.707882278e-06,0.0001047790368,0.001041773268,0.004817484406,0.01473671851,1.231313407e-08,4.346571691e-08,1.099097744e-07,1.92457477e-07,0.002570015191,8.683575267e-05,0.001057837432,0.007521142168,0.02887748334,0.07709498276,3.700879708e-09,1.666920694e-08,5.378189958e-08,1.179303091e-07,0.002529180005,0.000102966503,0.001264742479,0.009061427713,0.03530354546,0.0956331227,6.284353294e-10,3.850815813e-09,1.690270186e-08,4.924298499e-08,0.002216420657,9.801131241e-05,0.001216499009,0.008800597663,0.03456212047,0.09430881252,1.198267423e-11,1.261870739e-10,9.134377706e-10,4.071183299e-09,0.001466893647,4.181799791e-05,0.0006537694227,0.005599724654,0.02413848529,0.0697759835,5.385071955e-15,1.7150787e-13,3.211110076e-12,2.994810315e-11,0.0009649524306,8.20652259e-06,0.0002626376512,0.003678029961,0.02066634063,0.06895897348,1.490909976e-13,4.756937161e-12,8.922406502e-11,8.335263208e-10,0.003089678491,0.0001039268521,0.002095850328,0.0191152205,0.07756346833,0.1918243385,1.953278977e-12,6.24433783e-11,1.173510835e-09,1.098260722e-08,0.007578576128,0.0006934076417,0.009443675149,0.05982148074,0.181657762,0.343376212,6.000807597e-14,4.134169363e-12,1.488387544e-10,2.286455946e-09,0.009026465947,0.0007766313617,0.01267833787,0.08328208724,0.2353321025,0.3814344654
37,0.03452442332,0.0331290306,0.02852557587,0.02256794017,0.09072987857,0.03935272982,0.06885908817,0.1031945923,0.1295119267,0.1462153483,0.0489326317,0.04695489445,0.04043026251,0.03198630413,0.09814474765,0.0393527299,0.06885908837,0.1031945927,0.1295119272,0.146215349,0.0008103770995,0.0007776236411,0.0006695687076,0.0005297276599,0.009427264218,0.001600312904,0.004511565455,0.01052842631,0.01894759373,0.0293584532,0.0005717616458,0.0005486524399,0.0004724142705,0.0003737494049,0.008715031198,0.0016003129,0.004511565443,0.01052842627,0.01894759365,0.02935845306,0.01495913712,0.01003090405,0.006035552155,0.003430036395,0.01996433407,0.002414087256,0.004382005332,0.006794601629,0.008287694692,0.009045872051,0.0218647176,0.01466146628,0.008821741681,0.005013442723,0.02174612407,0.002414087261,0.004382005345,0.006794601654,0.008287694729,0.009045872098,0.0003850905278,0.0002582238608,0.0001553721952,8.829884511e-05,0.002157488773,0.000100645659,0.0002889909022,0.0006859904699,0.001180760361,0.001743457222,0.0002634665635,0.0001766684671,0.0001063006628,6.041123218e-05,0.001980712815,0.0001006456588,0.0002889909013,0.0006859904673,0.001180760356,0.001743457214,1.039691396e-06,1.517624959e-06,1.676639771e-06,1.435500412e-06,0.002266376854,4.616835406e-05,0.0003965407888,0.002164891364,0.00661109052,0.01471142711,2.970605137e-09,7.726402679e-09,1.381378613e-08,1.693336637e-08,0.0009262886151,5.707882209e-06,0.0001047790358,0.001041773259,0.004817484372,0.01473671842,1.235711013e-08,4.36214078e-08,1.103046112e-07,1.93150712e-07,0.002573897051,8.708618572e-05,0.001060435768,0.00753663024,0.0289284924,0.07721096538,3.764755995e-09,1.695776098e-08,5.471563146e-08,1.199832861e-07,0.002547569571,0.0001043997128,0.001279723667,0.009151346498,0.03560387974,0.09632568286,6.503158152e-10,3.985289594e-09,1.749470746e-08,5.097239033e-08,0.002248768842,0.0001007587765,0.001245489158,0.008976125266,0.03515267545,0.0956796978,1.264583418e-11,1.331818933e-10,9.641527955e-10,4.297553833e-09,0.001499138363,4.365453605e-05,0.0006780175639,0.005772138844,0.02477031226,0.07131409904,5.794866401e-15,1.845160535e-13,3.453850091e-12,3.220502415e-11,0.000989699923,8.678626812e-06,0.0002751221538,0.003819047775,0.02131961472,0.07071653969,1.59801714e-13,5.09567555e-12,9.552140462e-11,8.918709529e-10,0.003162284812,0.0001092237612,0.00218185387,0.019724923,0.07949350957,0.1953639718,2.087759034e-12,6.667770995e-11,1.251870994e-09,1.170546203e-08,0.007743402434,0.0007249981836,0.009780580398,0.06141163521,0.1851704661,0.3477212888,6.471874484e-14,4.453416933e-12,1.601422134e-10,2.457406394e-09,0.009229787295,0.0008153270863,0.01315571708,0.08548714819,0.2394199667,0.3848125678
38,0.03452442333,0.03312903059,0.02852557584,0.02256794013,0.09072987842,0.03935272975,0.06885908809,0.1031945923,0.1295119267,0.1462153483,0.0489326317,0.04695489442,0.04043026246,0.03198630407,0.09814474748,0.03935272981,0.06885908824,0.1031945925,0.1295119271,0.1462153489,0.0008103770996,0.0007776236404,0.0006695687064,0.0005297276585,0.009427264193,0.001600312897,0.004511565439,0.01052842627,0.01894759367,0.02935845312,0.0005717616459,0.0005486524395,0.0004724142697,0.0003737494039,0.008715031176,0.001600312895,0.004511565429,0.01052842624,0.01894759361,0.02935845301,0.01495913712,0.01003090405,0.006035552149,0.003430036389,0.01996433404,0.002414087251,0.004382005327,0.006794601624,0.008287694691,0.009045872056,0.0218647176,0.01466146627,0.00882174167,0.005013442713,0.02174612403,0.002414087256,0.004382005337,0.006794601644,0.00828769472,0.009045872092,0.0003850905279,0.0002582238606,0.0001553721949,8.829884486e-05,0.002157488768,0.0001006456586,0.0002889909012,0.0006859904678,0.001180760358,0.001743457218,0.0002634665636,0.000176668467,0.0001063006626,6.041123202e-05,0.00198071281,0.0001006456584,0.0002889909005,0.0006859904658,0.001180760354,0.001743457211,1.039691397e-06,1.517624956e-06,1.676639764e-06,1.435500403e-06,0.002266376844,4.616835369e-05,0.0003965407862,0.002164891352,0.00661109049,0.01471142706,2.970605139e-09,7.726402662e-09,1.381378606e-08,1.693336623e-08,0.0009262886101,5.707882146e-06,0.0001047790348,0.001041773251,0.004817484341,0.01473671835,1.239721515e-08,4.376330842e-08,1.106642601e-07,1.937818189e-07,0.002577420012,8.731360165e-05,0.001062793868,0.007550677425,0.02897472757,0.07731602232,3.823767495e-09,1.722418758e-08,5.55772746e-08,1.218767814e-07,0.002564350394,0.0001057148369,0.001293441015,0.009233509463,0.0358778502,0.09695642462,6.708626267e-10,4.111500578e-09,1.805004725e-08,5.259390861e-08,0.002278491661,0.0001033132837,0.001272333035,0.009138028386,0.03569575381,0.0969368238,1.328038306e-11,1.398712507e-10,1.01262651e-09,4.513810861e-09,0.001528972128,4.538721717e-05,0.0007007473164,0.005932778535,0.02535627145,0.07273443006,6.19440347e-15,1.971875323e-13,3.690098952e-12,3.439979951e-11,0.001012676396,9.129560005e-06,0.0002869368361,0.003951343167,0.02192843088,0.0723442275,1.702061624e-13,5.424321048e-12,1.016234863e-10,9.483407866e-10,0.003229555904,0.0001142523252,0.002262741757,0.02029331988,0.08127995155,0.1986171305,2.218055463e-12,7.077369325e-11,1.327547027e-09,1.240249002e-08,0.007895855499,0.0007548351821,0.01009579951,0.06288610648,0.1884023482,0.3516858564,6.932325445e-14,4.764886198e-12,1.711493772e-10,2.623580942e-09,0.009417975083,0.0008520103005,0.0136030475,0.08753045427,0.2431693145,0.3878708455
39,0.03452442334,0.03312903058,0.02852557581,0.0225679401,0.0907298783,0.03935272968,0.06885908801,0.1031945922,0.1295119267,0.1462153484,0.04893263171,0.0469548944,0.04043026242,0.03198630402,0.09814474734,0.03935272973,0.06885908812,0.1031945924,0.129511927,0.1462153488,0.0008103770997,0.0007776236398,0.0006695687053,0.0005297276571,0.009427264171,0.001600312891,0.004511565425,0.01052842624,0.01894759363,0.02935845306,0.0005717616461,0.0005486524391,0.0004724142689,0.000373749403,0.008715031157,0.001600312889,0.004511565417,0.01052842622,0.01894759358,0.02935845298,0.01495913713,0.01003090404,0.006035552143,0.003430036384,0.01996433401,0.002414087247,0.004382005322,0.006794601621,0.00828769469,0.00904587206,0.0218647176,0.01466146626,0.00882174166,0.005013442705,0.021746124,0.00241408725,0.00438200533,0.006794601635,0.008287694712,0.009045872087,0.0003850905279,0.0002582238604,0.0001553721946,8.829884464e-05,0.002157488762,0.0001006456583,0.0002889909003,0.0006859904659,0.001180760355,0.001743457215,0.0002634665637,0.0001766684668,0.0001063006624,6.041123187e-05,0.001980712805,0.0001006456581,0.0002889908998,0.0006859904644,0.001180760352,0.00174345721,1.039691397e-06,1.517624954e-06,1.676639758e-06,1.435500396e-06,0.002266376836,4.616835336e-05,0.0003965407838,0.002164891342,0.006611090463,0.01471142701,2.97060514e-09,7.726402646e-09,1.3813786e-08,1.693336611e-08,0.0009262886058,5.70788209e-06,0.0001047790339,0.001041773244,0.004817484313,0.01473671828,1.243309096e-08,4.38901766e-08,1.109856362e-07,1.943454864e-07,0.0025805577,8.75162563e-05,0.001064894077,0.007563181218,0.02901586001,0.07740942788,3.87717434e-09,1.746518571e-08,5.635627976e-08,1.235878678e-07,0.002579369624,0.0001068977881,0.001305755934,0.009307135282,0.03612298445,0.09751995545,6.897334677e-10,4.227360407e-09,1.855959443e-08,5.408105713e-08,0.002305259771,0.0001056383757,0.001296676271,0.009284338332,0.03618520031,0.09806693223,1.38731199e-11,1.461165892e-10,1.057859256e-09,4.715512561e-09,0.001556007921,4.698510379e-05,0.000721587598,0.006079263275,0.02588837844,0.07401924481,6.573975144e-15,2.092159045e-13,3.914172239e-12,3.647986521e-11,0.001033562842,9.550041237e-06,0.0002978623234,0.004072728556,0.02248371868,0.07382043112,1.800581853e-13,5.735160357e-12,1.073882733e-10,1.001631679e-09,0.003290594134,0.0001189156233,0.002337127419,0.02081189544,0.08289933896,0.201547343,2.341146351e-12,7.463741675e-11,1.398824511e-09,1.30580809e-08,0.008033970191,0.0007823777673,0.01038432445,0.06422484039,0.1913162108,0.3552335821,7.370785036e-14,5.060968111e-12,1.815944858e-10,2.781012684e-09,0.009588568849,0.0008859849394,0.01401305013,0.08938453774,0.2465401782,0.3905881981
40,0.03452442334,0.03312903057,0.02852557579,0.02256794007,0.09072987819,0.03935272962,0.06885908794,0.1031945921,0.1295119266,0.1462153484,0.04893263171,0.04695489438,0.04043026238,0.03198630398,0.09814474721,0.03935272966,0.06885908802,0.1031945923,0.1295119269,0.1462153487,0.0008103770997,0.0007776236393,0.0006695687043,0.000529727656,0.009427264151,0.001600312886,0.004511565412,0.01052842622,0.01894759358,0.029358453,0.0005717616462,0.0005486524388,0.0004724142683,0.0003737494023,0.008715031139,0.001600312885,0.004511565407,0.0105284262,0.01894759355,0.02935845294,0.01495913713,0.01003090404,0.006035552138,0.003430036379,0.01996433399,0.002414087244,0.004382005318,0.006794601617,0.00828769469,0.009045872063,0.02186471761,0.01466146625,0.008821741651,0.005013442698,0.02174612397,0.002414087246,0.004382005323,0.006794601628,0.008287694705,0.009045872082,0.0003850905279,0.0002582238602,0.0001553721944,8.829884444e-05,0.002157488758,0.0001006456579,0.0002889908995,0.0006859904642,0.001180760352,0.001743457212,0.0002634665637,0.0001766684667,0.0001063006623,6.041123175e-05,0.001980712802,0.0001006456578,0.0002889908991,0.0006859904632,0.00118076035,0.001743457208,1.039691398e-06,1.517624952e-06,1.676639753e-06,1.435500389e-06,0.002266376828,4.616835308e-05,0.0003965407817,0.002164891333,0.00661109044,0.01471142697,2.970605142e-09,7.726402632e-09,1.381378594e-08,1.693336601e-08,0.000926288602,5.707882042e-06,0.0001047790332,0.001041773238,0.004817484289,0.01473671822,1.246438146e-08,4.400077721e-08,1.112656717e-07,1.948364319e-07,0.002583283839,8.769241302e-05,0.001066718802,0.007574039448,0.02905156181,0.0774904578,3.924235809e-09,1.767745297e-08,5.704210123e-08,1.250936423e-07,0.002592475342,0.0001079345551,0.001316530707,0.00937144791,0.03633682721,0.09801091958,7.065791686e-10,4.330741266e-09,1.901406075e-08,5.540691469e-08,0.002328745228,0.0001076974171,0.001318164263,0.009413091841,0.03661489054,0.09905685356,1.441019966e-11,1.517728113e-10,1.098805785e-09,4.898021137e-09,0.001579858422,4.841654913e-05,0.0007401620964,0.006209196921,0.02635863735,0.07515086097,6.923070025e-15,2.202701816e-13,4.119943809e-12,3.838869662e-11,0.001052038944,9.930405198e-06,0.0003076733225,0.004180984205,0.02297635113,0.07512356266,1.890929342e-13,6.019918712e-12,1.126638402e-10,1.050352546e-09,0.003344500087,0.0001231136661,0.002403599305,0.02127207758,0.08432824902,0.2041184195,2.453794649e-12,7.816863831e-11,1.463879995e-09,1.365568725e-08,0.008155780752,0.0008070721519,0.01064109231,0.0654077748,0.1938751157,0.3583285774,7.774873766e-14,5.333417025e-12,1.911907778e-10,2.925438363e-09,0.009739105951,0.0009165347653,0.01437835549,0.09102195676,0.2494930023,0.3929438666
41,0.03452442335,0.03312903056,0.02852557577,0.02256794004,0.09072987809,0.03935272958,0.06885908789,0.1031945921,0.1295119266,0.1462153484,0.04893263171,0.04695489436,0.04043026235,0.03198630394,0.0981447471,0.0393527296,0.06885908794,0.1031945922,0.1295119268,0.1462153486,0.0008103770998,0.0007776236388,0.0006695687035,0.000529727655,0.009427264135,0.001600312882,0.004511565402,0.0105284262,0.01894759355,0.02935845295,0.0005717616463,0.0005486524386,0.0004724142678,0.0003737494016,0.008715031125,0.001600312881,0.004511565399,0.01052842619,0.01894759353,0.02935845292,0.01495913713,0.01003090404,0.006035552133,0.003430036375,0.01996433396,0.002414087241,0.004382005314,0.006794601614,0.008287694689,0.009045872066,0.02186471761,0.01466146625,0.008821741644,0.005013442691,0.02174612394,0.002414087242,0.004382005318,0.006794601621,0.008287694699,0.009045872079,0.000385090528,0.0002582238601,0.0001553721942,8.829884428e-05,0.002157488754,0.0001006456577,0.0002889908988,0.0006859904629,0.00118076035,0.001743457209,0.0002634665638,0.0001766684667,0.0001063006622,6.041123164e-05,0.001980712798,0.0001006456576,0.0002889908986,0.0006859904622,0.001180760349,0.001743457207,1.039691398e-06,1.51762495e-06,1.676639749e-06,1.435500384e-06,0.002266376822,4.616835284e-05,0.00039654078,0.002164891325,0.00661109042,0.01471142694,2.970605143e-09,7.726402621e-09,1.38137859e-08,1.693336592e-08,0.0009262885988,5.707882002e-06,0.0001047790326,0.001041773233,0.004817484269,0.01473671817,1.249073453e-08,4.409388802e-08,1.115013285e-07,1.95249421e-07,0.002585572263,8.784034493e-05,0.001068250534,0.007583150279,0.02908150567,0.07755838812,3.964221093e-09,1.78577323e-08,5.762434198e-08,1.263715326e-07,0.00260351743,0.0001088113407,0.001325629627,0.009425681798,0.03651695339,0.09842401872,7.210516408e-10,4.419523744e-09,1.940420275e-08,5.654471188e-08,0.002348625047,0.0001094542424,0.001336447644,0.009522356863,0.03697879941,0.09989362835,1.48775464e-11,1.566925762e-10,1.134405979e-09,5.056638192e-09,0.001600141864,4.964996784e-05,0.0007560973793,0.006320212294,0.02675917023,0.07611188708,7.230741596e-15,2.30006316e-13,4.301057811e-12,4.006775289e-11,0.001067788525,1.026088223e-05,0.0003161443776,0.004273906764,0.02339731509,0.07623238129,1.970359147e-13,6.270039808e-12,1.172934605e-10,1.093071491e-09,0.003390386851,0.0001267460716,0.002460753314,0.02166539937,0.08554364123,0.2062948279,2.552656598e-12,8.126409795e-11,1.520840401e-09,1.417835592e-08,0.0082593501,0.0008283653351,0.01086108963,0.06641515958,0.1960427951,0.3609355581,8.131648932e-14,5.573640883e-12,1.996404529e-10,3.052444588e-09,0.009867159207,0.0009429421182,0.0146916602,0.09241572013,0.2519889861,0.3949173241
42,0.03452442335,0.03312903055,0.02852557575,0.02256794002,0.09072987802,0.03935272954,0.06885908784,0.1031945921,0.1295119266,0.1462153485,0.04893263172,0.04695489435,0.04043026232,0.03198630391,0.09814474701,0.03935272955,0.06885908787,0.1031945921,0.1295119267,0.1462153486,0.0008103770999,0.0007776236385,0.0006695687029,0.0005297276543,0.009427264122,0.001600312879,0.004511565394,0.01052842618,0.01894759352,0.02935845292,0.0005717616464,0.0005486524383,0.0004724142674,0.0003737494011,0.008715031114,0.001600312878,0.004511565392,0.01052842617,0.01894759351,0.02935845289,0.01495913713,0.01003090404,0.00603555213,0.003430036372,0.01996433395,0.002414087238,0.004382005311,0.006794601612,0.008287694689,0.009045872069,0.02186471761,0.01466146624,0.008821741638,0.005013442687,0.02174612393,0.002414087239,0.004382005313,0.006794601616,0.008287694695,0.009045872076,0.000385090528,0.00025822386,0.000155372194,8.829884415e-05,0.002157488751,0.0001006456575,0.0002889908983,0.0006859904618,0.001180760348,0.001743457207,0.0002634665638,0.0001766684666,0.0001063006621,6.041123156e-05,0.001980712796,0.0001006456574,0.0002889908982,0.0006859904614,0.001180760348,0.001743457206,1.039691398e-06,1.517624949e-06,1.676639746e-06,1.435500379e-06,0.002266376817,4.616835265e-05,0.0003965407786,0.002164891319,0.006611090405,0.01471142691,2.970605144e-09,7.726402612e-09,1.381378586e-08,1.693336585e-08,0.0009262885962,5.707881969e-06,0.0001047790321,0.001041773229,0.004817484253,0.01473671813,1.251180399e-08,4.416830606e-08,1.116896128e-07,1.955792889e-07,0.002587396941,8.795833723e-05,0.001069471854,0.007590412198,0.02910536468,0.07761249403,3.996421043e-09,1.800286294e-08,5.809291155e-08,1.273996304e-07,0.002612348502,0.0001095147098,0.001332920217,0.009469087398,0.0366609818,0.09875403367,7.328128992e-10,4.491650987e-09,1.97210544e-08,5.746849535e-08,0.002364585036,0.0001108738655,0.00135118824,0.009610260378,0.03727107464,0.1005646364,1.526134564e-11,1.607314046e-10,1.163621213e-09,5.186764321e-09,0.00161648841,5.065470988e-05,0.0007690319499,0.006410020332,0.02708235784,0.07688548288,7.486073269e-15,2.380816767e-13,4.451193447e-12,4.145889228e-11,0.001080505531,1.053192576e-05,0.0003230564391,0.004349363481,0.02373789859,0.07712634948,2.0361428e-13,6.477033015e-12,1.211218752e-10,1.128372275e-09,0.003427395622,0.000129715143,0.002507229231,0.02198367663,0.08652323526,0.2080420905,2.634416033e-12,8.382159002e-11,1.567855472e-09,1.46093714e-08,0.008342801705,0.0008457206501,0.01103946796,0.0672279038,0.1977840866,0.3630200053,8.428167059e-14,5.773068014e-12,2.066471469e-10,3.157649311e-09,0.009970377924,0.0009645093635,0.01494590095,0.09353974612,0.2539904416,0.3964881498
43,0.03452442336,0.03312903055,0.02852557574,0.02256794001,0.09072987796,0.03935272951,0.06885908781,0.103194592,0.1295119266,0.1462153485,0.04893263172,0.04695489434,0.04043026231,0.03198630389,0.09814474695,0.03935272952,0.06885908782,0.103194592,0.1295119266,0.1462153485,0.0008103770999,0.0007776236382,0.0006695687024,0.0005297276537,0.009427264113,0.001600312877,0.004511565388,0.01052842617,0.0189475935,0.02935845289,0.0005717616465,0.0005486524382,0.0004724142671,0.0003737494007,0.008715031105,0.001600312876,0.004511565387,0.01052842616,0.0189475935,0.02935845288,0.01495913713,0.01003090403,0.006035552127,0.00343003637,0.01996433394,0.002414087237,0.004382005309,0.00679460161,0.008287694689,0.00904587207,0.02186471761,0.01466146624,0.008821741634,0.005013442683,0.02174612391,0.002414087237,0.00438200531,0.006794601612,0.008287694691,0.009045872074,0.000385090528,0.0002582238599,0.0001553721939,8.829884406e-05,0.002157488749,0.0001006456573,0.0002889908979,0.000685990461,0.001180760347,0.001743457205,0.0002634665638,0.0001766684665,0.000106300662,6.04112315e-05,0.001980712794,0.0001006456573,0.0002889908978,0.0006859904608,0.001180760347,0.001743457205,1.039691398e-06,1.517624948e-06,1.676639743e-06,1.435500376e-06,0.002266376813,4.616835251e-05,0.0003965407776,0.002164891314,0.006611090393,0.01471142689,2.970605145e-09,7.726402605e-09,1.381378583e-08,1.69333658e-08,0.0009262885944,5.707881946e-06,0.0001047790317,0.001041773226,0.004817484241,0.0147367181,1.252725175e-08,4.422285417e-08,1.118275893e-07,1.958209624e-07,0.002588731991,8.804468954e-05,0.001070365442,0.007595724008,0.02912281202,0.0776520485,4.020160767e-09,1.810983491e-08,5.843819478e-08,1.281570471e-07,0.002618824887,0.0001100317456,0.001338274522,0.009500936987,0.03676658962,0.09899584705,7.415449325e-10,4.545187817e-09,1.995618065e-08,5.815385029e-08,0.002376323856,0.0001119232419,0.001362065416,0.009675017956,0.03748611448,0.1010577332,1.554859992e-11,1.637534228e-10,1.185475171e-09,5.284077898e-09,0.001628546969,5.140201556e-05,0.0007786260489,0.006476462869,0.02732098994,0.07745563562,7.678722656e-15,2.441719298e-13,4.56437257e-12,4.250716862e-11,0.001089900443,1.0734577e-05,0.0003282040699,0.004405350886,0.02398989167,0.07778601164,2.085699552e-13,6.632875112e-12,1.24002514e-10,1.15491911e-09,0.003454712403,0.0001319292609,0.0025417503,0.02221919846,0.08724591238,0.209327202,2.695939662e-12,8.574464843e-11,1.603180705e-09,1.493298882e-08,0.008404353627,0.0008586347572,0.01117166845,0.06782794531,0.1990653921,0.3645483308,8.652146432e-14,5.923576621e-12,2.119304501e-10,3.236911815e-09,0.0100465317,0.0009805824484,0.01513444208,0.09436934973,0.2554611667,0.3976358916
44,0.03452442336,0.03312903054,0.02852557574,0.02256794,0.09072987793,0.0393527295,0.06885908779,0.103194592,0.1295119266,0.1462153485,0.04893263172,0.04695489433,0.04043026229,0.03198630387,0.09814474691,0.0393527295,0.06885908779,0.103194592,0.1295119266,0.1462153485,0.0008103770999,0.0007776236381,0.0006695687021,0.0005297276534,0.009427264107,0.001600312875,0.004511565384,0.01052842616,0.01894759349,0.02935845287,0.0005717616465,0.0005486524381,0.0004724142669,0.0003737494005,0.0087150311,0.001600312875,0.004511565384,0.01052842616,0.01894759349,0.02935845287,0.01495913714,0.01003090403,0.006035552126,0.003430036368,0.01996433393,0.002414087236,0.004382005308,0.006794601609,0.008287694688,0.009045872072,0.02186471761,0.01466146624,0.008821741632,0.005013442681,0.0217461239,0.002414087236,0.004382005308,0.00679460161,0.008287694689,0.009045872072,0.000385090528,0.0002582238598,0.0001553721939,8.8298844e-05,0.002157488747,0.0001006456572,0.0002889908977,0.0006859904605,0.001180760346,0.001743457204,0.0002634665639,0.0001766684665,0.0001063006619,6.041123146e-05,0.001980712793,0.0001006456572,0.0002889908976,0.0006859904604,0.001180760346,0.001743457204,1.039691398e-06,1.517624947e-06,1.676639742e-06,1.435500374e-06,0.002266376811,4.616835242e-05,0.000396540777,0.002164891311,0.006611090386,0.01471142688,2.970605145e-09,7.726402601e-09,1.381378581e-08,1.693336577e-08,0.0009262885932,5.707881931e-06,0.0001047790315,0.001041773224,0.004817484234,0.01473671808,1.253675003e-08,4.425638806e-08,1.119123967e-07,1.959694835e-07,0.002589551707,8.809771856e-05,0.0010709141,0.00759898482,0.02913352067,0.07767632103,4.03481282e-09,1.817584612e-08,5.865122845e-08,1.286242854e-07,0.002622807655,0.0001103502141,0.001341570455,0.009520530774,0.03683152765,0.09914446729,7.469601147e-10,4.578383053e-09,2.010194445e-08,5.857866089e-08,0.002383557287,0.0001125720658,0.001368782728,0.009714964692,0.03761864917,0.1013613923,1.57277235e-11,1.656375046e-10,1.199097427e-09,5.344725675e-09,0.001635992335,5.186602161e-05,0.0007845719448,0.006517567901,0.02746842251,0.07780744889,7.799515912e-15,2.479894322e-13,4.635294131e-12,4.316386562e-11,0.001095706997,1.086085246e-05,0.0003314030469,0.004440056387,0.02414579653,0.07819338988,2.11673911e-13,6.730446165e-12,1.258053102e-10,1.171526607e-09,0.003471585472,0.00013330647,0.002563164817,0.02236492662,0.08769213485,0.210119066,2.734445517e-12,8.694761423e-11,1.625266794e-09,1.513522241e-08,0.008442354133,0.0008666555436,0.01125355241,0.068198637,0.1998551569,0.3654880514,8.792693308e-14,6.017963885e-12,2.152417082e-10,3.286560505e-09,0.0100935563,0.0009905757653,0.01525127231,0.09488175148,0.2563668351,0.3983399262
45,0.03452442336,0.03312903054,0.02852557573,0.02256794,0.09072987792,0.03935272949,0.06885908778,0.103194592,0.1295119266,0.1462153485,0.04893263172,0.04695489433,0.04043026229,0.03198630387,0.0981447469,0.03935272949,0.06885908778,0.103194592,0.1295119266,0.1462153485,0.0008103770999,0.000777623638,0.000669568702,0.0005297276533,0.009427264105,0.001600312875,0.004511565383,0.01052842616,0.01894759348,0.02935845286,0.0005717616465,0.0005486524381,0.0004724142668,0.0003737494004,0.008715031099,0.001600312875,0.004511565383,0.01052842616,0.01894759348,0.02935845286,0.01495913714,0.01003090403,0.006035552125,0.003430036368,0.01996433392,0.002414087235,0.004382005308,0.006794601609,0.008287694688,0.009045872072,0.02186471761,0.01466146624,0.008821741631,0.00501344268,0.0217461239,0.002414087235,0.004382005308,0.006794601609,0.008287694688,0.009045872072,0.000385090528,0.0002582238598,0.0001553721938,8.829884398e-05,0.002157488747,0.0001006456572,0.0002889908976,0.0006859904603,0.001180760346,0.001743457204,0.0002634665639,0.0001766684665,0.0001063006619,6.041123145e-05,0.001980712792,0.0001006456572,0.0002889908976,0.0006859904603,0.001180760346,0.001743457204,1.039691399e-06,1.517624947e-06,1.676639741e-06,1.435500374e-06,0.00226637681,4.616835239e-05,0.0003965407768,0.002164891311,0.006611090384,0.01471142687,2.970605145e-09,7.726402599e-09,1.381378581e-08,1.693336576e-08,0.0009262885929,5.707881926e-06,0.0001047790314,0.001041773223,0.004817484232,0.01473671807,1.253998372e-08,4.426780365e-08,1.119412643e-07,1.960200345e-07,0.002589830577,8.811576082e-05,0.001071100755,0.007600094055,0.02913716311,0.07768457626,4.03981074e-09,1.819836104e-08,5.872388293e-08,1.287836227e-07,0.002624163703,0.000110458734,0.001342693206,0.009527203307,0.03685363637,0.09919505414,7.488117782e-10,4.589732809e-09,2.015177804e-08,5.872388293e-08,0.002386022623,0.0001127935845,0.001371074736,0.00972858707,0.03766382512,0.1014648547,1.578914493e-11,1.662834918e-10,1.203767569e-09,5.36551575e-09,0.001638532499,5.202478117e-05,0.0007866043932,0.006531605978,0.02751873875,0.07792744024,7.841052251e-15,2.493019266e-13,4.659673841e-12,4.338957634e-11,0.001097689054,1.090413594e-05,0.0003324980618,0.004451920868,0.02419904208,0.07833239037,2.127406676e-13,6.763972052e-12,1.264246292e-10,1.177230701e-09,0.003477343298,0.0001337781096,0.002570488334,0.02241469898,0.08784437693,0.2103889494,2.747673981e-12,8.736077699e-11,1.632850307e-09,1.520464424e-08,0.008455318259,0.0008694002614,0.01128153414,0.06832514282,0.2001243678,0.3658079789,8.84104142e-14,6.050423094e-12,2.163800743e-10,3.303624076e-09,0.01010960067,0.0009939973208,0.0152912046,0.09505659974,0.2566754066,0.3985793232
